bib,source_identifier,page_number,hit,n_matches,primeiro_span_texto,primeiro_span_offset,regra_versao,extraction_run_id,result_status
090972,per090972_1911_17032,1,0,0,,,triagem/nome-caixa-conversao 1.0.0,16,ok
090972,per090972_1911_17032,2,0,0,,,triagem/nome-caixa-conversao 1.0.0,16,ok
090972,per090972_1911_17032,3,0,0,,,triagem/nome-caixa-conversao 1.0.0,16,ok
090972,per090972_1911_17032,4,0,0,,,triagem/nome-caixa-conversao 1.0.0,16,ok
090972,per090972_1911_17032,5,0,0,,,triagem/nome-caixa-conversao 1.0.0,16,ok
090972,per090972_1911_17032,6,0,0,,,triagem/nome-caixa-conversao 1.0.0,16,ok
090972,per090972_1911_17032,7,0,0,,,triagem/nome-caixa-conversao 1.0.0,16,ok
090972,per090972_1911_17032,8,0,0,,,triagem/nome-caixa-conversao 1.0.0,16,ok
090972,per090972_1911_17032,9,0,0,,,triagem/nome-caixa-conversao 1.0.0,16,ok
090972,per090972_1911_17032,10,0,0,,,triagem/nome-caixa-conversao 1.0.0,16,ok
090972,per090972_1911_17033,1,1,1,caixadc conver,12504,triagem/nome-caixa-conversao 1.0.0,16,ok
090972,per090972_1911_17033,2,0,0,,,triagem/nome-caixa-conversao 1.0.0,16,ok
090972,per090972_1911_17033,3,0,0,,,triagem/nome-caixa-conversao 1.0.0,16,ok
090972,per090972_1911_17033,4,0,0,,,triagem/nome-caixa-conversao 1.0.0,16,ok
090972,per090972_1911_17033,5,0,0,,,triagem/nome-caixa-conversao 1.0.0,16,ok
090972,per090972_1911_17033,6,0,0,,,triagem/nome-caixa-conversao 1.0.0,16,ok
090972,per090972_1911_17033,7,0,0,,,triagem/nome-caixa-conversao 1.0.0,16,ok
090972,per090972_1911_17033,8,0,0,,,triagem/nome-caixa-conversao 1.0.0,16,ok
090972,per090972_1911_17034,1,0,0,,,triagem/nome-caixa-conversao 1.0.0,16,ok
090972,per090972_1911_17034,2,0,0,,,triagem/nome-caixa-conversao 1.0.0,16,ok
090972,per090972_1911_17034,3,0,0,,,triagem/nome-caixa-conversao 1.0.0,16,ok
090972,per090972_1911_17034,4,0,0,,,triagem/nome-caixa-conversao 1.0.0,16,ok
090972,per090972_1911_17034,5,0,0,,,triagem/nome-caixa-conversao 1.0.0,16,ok
090972,per090972_1911_17034,6,0,0,,,triagem/nome-caixa-conversao 1.0.0,16,ok
090972,per090972_1911_17034,7,0,0,,,triagem/nome-caixa-conversao 1.0.0,16,ok
090972,per090972_1911_17034,8,0,0,,,triagem/nome-caixa-conversao 1.0.0,16,ok
090972,per090972_1911_17035,1,0,0,,,triagem/nome-caixa-conversao 1.0.0,16,ok
090972,per090972_1911_17035,2,0,0,,,triagem/nome-caixa-conversao 1.0.0,16,ok
090972,per090972_1911_17035,3,0,0,,,triagem/nome-caixa-conversao 1.0.0,16,ok
090972,per090972_1911_17035,4,0,0,,,triagem/nome-caixa-conversao 1.0.0,16,ok
090972,per090972_1911_17035,5,0,0,,,triagem/nome-caixa-conversao 1.0.0,16,ok
090972,per090972_1911_17035,6,0,0,,,triagem/nome-caixa-conversao 1.0.0,16,ok
090972,per090972_1911_17035,7,0,0,,,triagem/nome-caixa-conversao 1.0.0,16,ok
090972,per090972_1911_17035,8,0,0,,,triagem/nome-caixa-conversao 1.0.0,16,ok
090972,per090972_1911_17036,1,0,0,,,triagem/nome-caixa-conversao 1.0.0,16,ok
090972,per090972_1911_17036,2,0,0,,,triagem/nome-caixa-conversao 1.0.0,16,ok
090972,per090972_1911_17036,3,0,0,,,triagem/nome-caixa-conversao 1.0.0,16,ok
090972,per090972_1911_17036,4,0,0,,,triagem/nome-caixa-conversao 1.0.0,16,ok
090972,per090972_1911_17036,5,0,0,,,triagem/nome-caixa-conversao 1.0.0,16,ok
090972,per090972_1911_17036,6,0,0,,,triagem/nome-caixa-conversao 1.0.0,16,ok
090972,per090972_1911_17036,7,0,0,,,triagem/nome-caixa-conversao 1.0.0,16,ok
090972,per090972_1911_17036,8,0,0,,,triagem/nome-caixa-conversao 1.0.0,16,ok
090972,per090972_1911_17037,1,1,2,caixa de conver,30701,triagem/nome-caixa-conversao 1.0.0,16,ok
090972,per090972_1911_17037,2,0,0,,,triagem/nome-caixa-conversao 1.0.0,16,ok
090972,per090972_1911_17037,3,0,0,,,triagem/nome-caixa-conversao 1.0.0,16,ok
090972,per090972_1911_17037,4,0,0,,,triagem/nome-caixa-conversao 1.0.0,16,ok
090972,per090972_1911_17037,5,0,0,,,triagem/nome-caixa-conversao 1.0.0,16,ok
090972,per090972_1911_17037,6,0,0,,,triagem/nome-caixa-conversao 1.0.0,16,ok
090972,per090972_1911_17037,7,0,0,,,triagem/nome-caixa-conversao 1.0.0,16,ok
090972,per090972_1911_17037,8,0,0,,,triagem/nome-caixa-conversao 1.0.0,16,ok
090972,per090972_1911_17038,1,1,1,caixa doconver,10973,triagem/nome-caixa-conversao 1.0.0,16,ok
090972,per090972_1911_17038,2,0,0,,,triagem/nome-caixa-conversao 1.0.0,16,ok
090972,per090972_1911_17038,3,0,0,,,triagem/nome-caixa-conversao 1.0.0,16,ok
090972,per090972_1911_17038,4,0,0,,,triagem/nome-caixa-conversao 1.0.0,16,ok
090972,per090972_1911_17038,5,0,0,,,triagem/nome-caixa-conversao 1.0.0,16,ok
090972,per090972_1911_17038,6,0,0,,,triagem/nome-caixa-conversao 1.0.0,16,ok
090972,per090972_1911_17038,7,0,0,,,triagem/nome-caixa-conversao 1.0.0,16,ok
090972,per090972_1911_17038,8,0,0,,,triagem/nome-caixa-conversao 1.0.0,16,ok
090972,per090972_1911_17039,1,0,0,,,triagem/nome-caixa-conversao 1.0.0,16,ok
090972,per090972_1911_17039,2,0,0,,,triagem/nome-caixa-conversao 1.0.0,16,ok
090972,per090972_1911_17039,3,0,0,,,triagem/nome-caixa-conversao 1.0.0,16,ok
090972,per090972_1911_17039,4,0,0,,,triagem/nome-caixa-conversao 1.0.0,16,ok
090972,per090972_1911_17039,5,0,0,,,triagem/nome-caixa-conversao 1.0.0,16,ok
090972,per090972_1911_17039,6,0,0,,,triagem/nome-caixa-conversao 1.0.0,16,ok
090972,per090972_1911_17039,7,0,0,,,triagem/nome-caixa-conversao 1.0.0,16,ok
090972,per090972_1911_17039,8,0,0,,,triagem/nome-caixa-conversao 1.0.0,16,ok
090972,per090972_1911_17039,9,0,0,,,triagem/nome-caixa-conversao 1.0.0,16,ok
090972,per090972_1911_17039,10,0,0,,,triagem/nome-caixa-conversao 1.0.0,16,ok
090972,per090972_1911_17040,1,0,0,,,triagem/nome-caixa-conversao 1.0.0,16,ok
090972,per090972_1911_17040,2,0,0,,,triagem/nome-caixa-conversao 1.0.0,16,ok
090972,per090972_1911_17040,3,0,0,,,triagem/nome-caixa-conversao 1.0.0,16,ok
090972,per090972_1911_17040,4,0,0,,,triagem/nome-caixa-conversao 1.0.0,16,ok
090972,per090972_1911_17040,5,0,0,,,triagem/nome-caixa-conversao 1.0.0,16,ok
090972,per090972_1911_17040,6,0,0,,,triagem/nome-caixa-conversao 1.0.0,16,ok
090972,per090972_1911_17040,7,0,0,,,triagem/nome-caixa-conversao 1.0.0,16,ok
090972,per090972_1911_17040,8,0,0,,,triagem/nome-caixa-conversao 1.0.0,16,ok
090972,per090972_1911_17041,1,0,0,,,triagem/nome-caixa-conversao 1.0.0,16,ok
090972,per090972_1911_17041,2,0,0,,,triagem/nome-caixa-conversao 1.0.0,16,ok
090972,per090972_1911_17041,3,0,0,,,triagem/nome-caixa-conversao 1.0.0,16,ok
090972,per090972_1911_17041,4,0,0,,,triagem/nome-caixa-conversao 1.0.0,16,ok
090972,per090972_1911_17041,5,0,0,,,triagem/nome-caixa-conversao 1.0.0,16,ok
090972,per090972_1911_17041,6,0,0,,,triagem/nome-caixa-conversao 1.0.0,16,ok
090972,per090972_1911_17041,7,0,0,,,triagem/nome-caixa-conversao 1.0.0,16,ok
090972,per090972_1911_17041,8,0,0,,,triagem/nome-caixa-conversao 1.0.0,16,ok
090972,per090972_1911_17042,1,0,0,,,triagem/nome-caixa-conversao 1.0.0,16,ok
090972,per090972_1911_17042,2,0,0,,,triagem/nome-caixa-conversao 1.0.0,16,ok
090972,per090972_1911_17042,3,0,0,,,triagem/nome-caixa-conversao 1.0.0,16,ok
090972,per090972_1911_17042,4,0,0,,,triagem/nome-caixa-conversao 1.0.0,16,ok
090972,per090972_1911_17042,5,0,0,,,triagem/nome-caixa-conversao 1.0.0,16,ok
090972,per090972_1911_17042,6,0,0,,,triagem/nome-caixa-conversao 1.0.0,16,ok
090972,per090972_1911_17042,7,0,0,,,triagem/nome-caixa-conversao 1.0.0,16,ok
090972,per090972_1911_17042,8,0,0,,,triagem/nome-caixa-conversao 1.0.0,16,ok
090972,per090972_1911_17042,9,0,0,,,triagem/nome-caixa-conversao 1.0.0,16,ok
090972,per090972_1911_17042,10,0,0,,,triagem/nome-caixa-conversao 1.0.0,16,ok
090972,per090972_1911_17043,1,1,1,caixa de conver,33241,triagem/nome-caixa-conversao 1.0.0,16,ok
090972,per090972_1911_17043,2,0,0,,,triagem/nome-caixa-conversao 1.0.0,16,ok
090972,per090972_1911_17043,3,0,0,,,triagem/nome-caixa-conversao 1.0.0,16,ok
090972,per090972_1911_17043,4,0,0,,,triagem/nome-caixa-conversao 1.0.0,16,ok
090972,per090972_1911_17043,5,0,0,,,triagem/nome-caixa-conversao 1.0.0,16,ok
090972,per090972_1911_17043,6,0,0,,,triagem/nome-caixa-conversao 1.0.0,16,ok
090972,per090972_1911_17043,7,0,0,,,triagem/nome-caixa-conversao 1.0.0,16,ok
090972,per090972_1911_17043,8,0,0,,,triagem/nome-caixa-conversao 1.0.0,16,ok
090972,per090972_1911_17044,1,1,3,caixa do conver,905,triagem/nome-caixa-conversao 1.0.0,16,ok
090972,per090972_1911_17044,2,0,0,,,triagem/nome-caixa-conversao 1.0.0,16,ok
090972,per090972_1911_17044,3,0,0,,,triagem/nome-caixa-conversao 1.0.0,16,ok
090972,per090972_1911_17044,4,0,0,,,triagem/nome-caixa-conversao 1.0.0,16,ok
090972,per090972_1911_17044,5,0,0,,,triagem/nome-caixa-conversao 1.0.0,16,ok
090972,per090972_1911_17044,6,0,0,,,triagem/nome-caixa-conversao 1.0.0,16,ok
090972,per090972_1911_17044,7,0,0,,,triagem/nome-caixa-conversao 1.0.0,16,ok
090972,per090972_1911_17044,8,0,0,,,triagem/nome-caixa-conversao 1.0.0,16,ok
090972,per090972_1911_17045,1,0,0,,,triagem/nome-caixa-conversao 1.0.0,16,ok
090972,per090972_1911_17045,2,0,0,,,triagem/nome-caixa-conversao 1.0.0,16,ok
090972,per090972_1911_17045,3,1,1,caixa de conver,14206,triagem/nome-caixa-conversao 1.0.0,16,ok
090972,per090972_1911_17045,4,0,0,,,triagem/nome-caixa-conversao 1.0.0,16,ok
090972,per090972_1911_17045,5,0,0,,,triagem/nome-caixa-conversao 1.0.0,16,ok
090972,per090972_1911_17045,6,0,0,,,triagem/nome-caixa-conversao 1.0.0,16,ok
090972,per090972_1911_17045,7,0,0,,,triagem/nome-caixa-conversao 1.0.0,16,ok
090972,per090972_1911_17045,8,0,0,,,triagem/nome-caixa-conversao 1.0.0,16,ok
090972,per090972_1911_17046,1,0,0,,,triagem/nome-caixa-conversao 1.0.0,16,ok
090972,per090972_1911_17046,2,0,0,,,triagem/nome-caixa-conversao 1.0.0,16,ok
090972,per090972_1911_17046,3,0,0,,,triagem/nome-caixa-conversao 1.0.0,16,ok
090972,per090972_1911_17046,4,0,0,,,triagem/nome-caixa-conversao 1.0.0,16,ok
090972,per090972_1911_17046,5,0,0,,,triagem/nome-caixa-conversao 1.0.0,16,ok
090972,per090972_1911_17046,6,0,0,,,triagem/nome-caixa-conversao 1.0.0,16,ok
090972,per090972_1911_17046,7,0,0,,,triagem/nome-caixa-conversao 1.0.0,16,ok
090972,per090972_1911_17046,8,0,0,,,triagem/nome-caixa-conversao 1.0.0,16,ok
090972,per090972_1911_17047,1,0,0,,,triagem/nome-caixa-conversao 1.0.0,16,ok
090972,per090972_1911_17047,2,0,0,,,triagem/nome-caixa-conversao 1.0.0,16,ok
090972,per090972_1911_17047,3,0,0,,,triagem/nome-caixa-conversao 1.0.0,16,ok
090972,per090972_1911_17047,4,0,0,,,triagem/nome-caixa-conversao 1.0.0,16,ok
090972,per090972_1911_17047,5,0,0,,,triagem/nome-caixa-conversao 1.0.0,16,ok
090972,per090972_1911_17047,6,0,0,,,triagem/nome-caixa-conversao 1.0.0,16,ok
090972,per090972_1911_17047,7,0,0,,,triagem/nome-caixa-conversao 1.0.0,16,ok
090972,per090972_1911_17047,8,0,0,,,triagem/nome-caixa-conversao 1.0.0,16,ok
090972,per090972_1911_17048,1,0,0,,,triagem/nome-caixa-conversao 1.0.0,16,ok
090972,per090972_1911_17048,2,0,0,,,triagem/nome-caixa-conversao 1.0.0,16,ok
090972,per090972_1911_17048,3,1,1,caixa do conver,2273,triagem/nome-caixa-conversao 1.0.0,16,ok
090972,per090972_1911_17048,4,0,0,,,triagem/nome-caixa-conversao 1.0.0,16,ok
090972,per090972_1911_17048,5,0,0,,,triagem/nome-caixa-conversao 1.0.0,16,ok
090972,per090972_1911_17048,6,0,0,,,triagem/nome-caixa-conversao 1.0.0,16,ok
090972,per090972_1911_17048,7,0,0,,,triagem/nome-caixa-conversao 1.0.0,16,ok
090972,per090972_1911_17048,8,0,0,,,triagem/nome-caixa-conversao 1.0.0,16,ok
090972,per090972_1911_17049,1,0,0,,,triagem/nome-caixa-conversao 1.0.0,16,ok
090972,per090972_1911_17049,2,0,0,,,triagem/nome-caixa-conversao 1.0.0,16,ok
090972,per090972_1911_17049,3,0,0,,,triagem/nome-caixa-conversao 1.0.0,16,ok
090972,per090972_1911_17049,4,0,0,,,triagem/nome-caixa-conversao 1.0.0,16,ok
090972,per090972_1911_17049,5,0,0,,,triagem/nome-caixa-conversao 1.0.0,16,ok
090972,per090972_1911_17049,6,0,0,,,triagem/nome-caixa-conversao 1.0.0,16,ok
090972,per090972_1911_17049,7,0,0,,,triagem/nome-caixa-conversao 1.0.0,16,ok
090972,per090972_1911_17049,8,0,0,,,triagem/nome-caixa-conversao 1.0.0,16,ok
090972,per090972_1911_17050,1,0,0,,,triagem/nome-caixa-conversao 1.0.0,16,ok
090972,per090972_1911_17050,2,0,0,,,triagem/nome-caixa-conversao 1.0.0,16,ok
090972,per090972_1911_17050,3,0,0,,,triagem/nome-caixa-conversao 1.0.0,16,ok
090972,per090972_1911_17050,4,0,0,,,triagem/nome-caixa-conversao 1.0.0,16,ok
090972,per090972_1911_17050,5,0,0,,,triagem/nome-caixa-conversao 1.0.0,16,ok
090972,per090972_1911_17050,6,0,0,,,triagem/nome-caixa-conversao 1.0.0,16,ok
090972,per090972_1911_17051,1,0,0,,,triagem/nome-caixa-conversao 1.0.0,16,ok
090972,per090972_1911_17051,2,0,0,,,triagem/nome-caixa-conversao 1.0.0,16,ok
090972,per090972_1911_17051,3,0,0,,,triagem/nome-caixa-conversao 1.0.0,16,ok
090972,per090972_1911_17051,4,0,0,,,triagem/nome-caixa-conversao 1.0.0,16,ok
090972,per090972_1911_17051,5,0,0,,,triagem/nome-caixa-conversao 1.0.0,16,ok
090972,per090972_1911_17051,6,0,0,,,triagem/nome-caixa-conversao 1.0.0,16,ok
090972,per090972_1911_17051,7,0,0,,,triagem/nome-caixa-conversao 1.0.0,16,ok
090972,per090972_1911_17051,8,0,0,,,triagem/nome-caixa-conversao 1.0.0,16,ok
090972,per090972_1911_17051,9,0,0,,,triagem/nome-caixa-conversao 1.0.0,16,ok
090972,per090972_1911_17051,10,0,0,,,triagem/nome-caixa-conversao 1.0.0,16,ok
090972,per090972_1911_17052,1,0,0,,,triagem/nome-caixa-conversao 1.0.0,16,ok
090972,per090972_1911_17052,2,0,0,,,triagem/nome-caixa-conversao 1.0.0,16,ok
090972,per090972_1911_17052,3,0,0,,,triagem/nome-caixa-conversao 1.0.0,16,ok
090972,per090972_1911_17052,4,0,0,,,triagem/nome-caixa-conversao 1.0.0,16,ok
090972,per090972_1911_17052,5,0,0,,,triagem/nome-caixa-conversao 1.0.0,16,ok
090972,per090972_1911_17052,6,0,0,,,triagem/nome-caixa-conversao 1.0.0,16,ok
090972,per090972_1911_17052,7,0,0,,,triagem/nome-caixa-conversao 1.0.0,16,ok
090972,per090972_1911_17052,8,0,0,,,triagem/nome-caixa-conversao 1.0.0,16,ok
090972,per090972_1911_17053,1,0,0,,,triagem/nome-caixa-conversao 1.0.0,16,ok
090972,per090972_1911_17053,2,1,2,caixa db conver,37937,triagem/nome-caixa-conversao 1.0.0,16,ok
090972,per090972_1911_17053,3,0,0,,,triagem/nome-caixa-conversao 1.0.0,16,ok
090972,per090972_1911_17053,4,0,0,,,triagem/nome-caixa-conversao 1.0.0,16,ok
090972,per090972_1911_17053,5,0,0,,,triagem/nome-caixa-conversao 1.0.0,16,ok
090972,per090972_1911_17053,6,0,0,,,triagem/nome-caixa-conversao 1.0.0,16,ok
090972,per090972_1911_17053,7,0,0,,,triagem/nome-caixa-conversao 1.0.0,16,ok
090972,per090972_1911_17053,8,0,0,,,triagem/nome-caixa-conversao 1.0.0,16,ok
090972,per090972_1911_17053,9,0,0,,,triagem/nome-caixa-conversao 1.0.0,16,ok
090972,per090972_1911_17053,10,0,0,,,triagem/nome-caixa-conversao 1.0.0,16,ok
090972,per090972_1911_17054,1,0,0,,,triagem/nome-caixa-conversao 1.0.0,16,ok
090972,per090972_1911_17054,2,0,0,,,triagem/nome-caixa-conversao 1.0.0,16,ok
090972,per090972_1911_17054,3,0,0,,,triagem/nome-caixa-conversao 1.0.0,16,ok
090972,per090972_1911_17054,4,0,0,,,triagem/nome-caixa-conversao 1.0.0,16,ok
090972,per090972_1911_17054,5,0,0,,,triagem/nome-caixa-conversao 1.0.0,16,ok
090972,per090972_1911_17054,6,0,0,,,triagem/nome-caixa-conversao 1.0.0,16,ok
090972,per090972_1911_17054,7,0,0,,,triagem/nome-caixa-conversao 1.0.0,16,ok
090972,per090972_1911_17054,8,0,0,,,triagem/nome-caixa-conversao 1.0.0,16,ok
090972,per090972_1911_17055,1,1,3,caixa de conver,3331,triagem/nome-caixa-conversao 1.0.0,16,ok
090972,per090972_1911_17055,2,0,0,,,triagem/nome-caixa-conversao 1.0.0,16,ok
090972,per090972_1911_17055,3,0,0,,,triagem/nome-caixa-conversao 1.0.0,16,ok
090972,per090972_1911_17055,4,0,0,,,triagem/nome-caixa-conversao 1.0.0,16,ok
090972,per090972_1911_17055,5,0,0,,,triagem/nome-caixa-conversao 1.0.0,16,ok
090972,per090972_1911_17055,6,0,0,,,triagem/nome-caixa-conversao 1.0.0,16,ok
090972,per090972_1911_17056,1,0,0,,,triagem/nome-caixa-conversao 1.0.0,16,ok
090972,per090972_1911_17056,2,0,0,,,triagem/nome-caixa-conversao 1.0.0,16,ok
090972,per090972_1911_17056,3,0,0,,,triagem/nome-caixa-conversao 1.0.0,16,ok
090972,per090972_1911_17056,4,0,0,,,triagem/nome-caixa-conversao 1.0.0,16,ok
090972,per090972_1911_17056,5,0,0,,,triagem/nome-caixa-conversao 1.0.0,16,ok
090972,per090972_1911_17056,6,0,0,,,triagem/nome-caixa-conversao 1.0.0,16,ok
090972,per090972_1911_17056,7,0,0,,,triagem/nome-caixa-conversao 1.0.0,16,ok
090972,per090972_1911_17056,8,0,0,,,triagem/nome-caixa-conversao 1.0.0,16,ok
090972,per090972_1911_17057,1,0,0,,,triagem/nome-caixa-conversao 1.0.0,16,ok
090972,per090972_1911_17057,2,0,0,,,triagem/nome-caixa-conversao 1.0.0,16,ok
090972,per090972_1911_17057,3,0,0,,,triagem/nome-caixa-conversao 1.0.0,16,ok
090972,per090972_1911_17057,4,0,0,,,triagem/nome-caixa-conversao 1.0.0,16,ok
090972,per090972_1911_17057,5,0,0,,,triagem/nome-caixa-conversao 1.0.0,16,ok
090972,per090972_1911_17057,6,0,0,,,triagem/nome-caixa-conversao 1.0.0,16,ok
090972,per090972_1911_17057,7,0,0,,,triagem/nome-caixa-conversao 1.0.0,16,ok
090972,per090972_1911_17057,8,0,0,,,triagem/nome-caixa-conversao 1.0.0,16,ok
090972,per090972_1911_17058,1,0,0,,,triagem/nome-caixa-conversao 1.0.0,16,ok
090972,per090972_1911_17058,2,0,0,,,triagem/nome-caixa-conversao 1.0.0,16,ok
090972,per090972_1911_17058,3,0,0,,,triagem/nome-caixa-conversao 1.0.0,16,ok
090972,per090972_1911_17058,4,0,0,,,triagem/nome-caixa-conversao 1.0.0,16,ok
090972,per090972_1911_17058,5,0,0,,,triagem/nome-caixa-conversao 1.0.0,16,ok
090972,per090972_1911_17058,6,0,0,,,triagem/nome-caixa-conversao 1.0.0,16,ok
090972,per090972_1911_17058,7,0,0,,,triagem/nome-caixa-conversao 1.0.0,16,ok
090972,per090972_1911_17058,8,0,0,,,triagem/nome-caixa-conversao 1.0.0,16,ok
090972,per090972_1911_17059,1,1,2,caixa do conver,15034,triagem/nome-caixa-conversao 1.0.0,16,ok
090972,per090972_1911_17059,2,0,0,,,triagem/nome-caixa-conversao 1.0.0,16,ok
090972,per090972_1911_17059,3,0,0,,,triagem/nome-caixa-conversao 1.0.0,16,ok
090972,per090972_1911_17059,4,0,0,,,triagem/nome-caixa-conversao 1.0.0,16,ok
090972,per090972_1911_17059,5,0,0,,,triagem/nome-caixa-conversao 1.0.0,16,ok
090972,per090972_1911_17059,6,0,0,,,triagem/nome-caixa-conversao 1.0.0,16,ok
090972,per090972_1911_17059,7,0,0,,,triagem/nome-caixa-conversao 1.0.0,16,ok
090972,per090972_1911_17059,8,0,0,,,triagem/nome-caixa-conversao 1.0.0,16,ok
090972,per090972_1911_17060,1,0,0,,,triagem/nome-caixa-conversao 1.0.0,16,ok
090972,per090972_1911_17060,2,0,0,,,triagem/nome-caixa-conversao 1.0.0,16,ok
090972,per090972_1911_17060,3,0,0,,,triagem/nome-caixa-conversao 1.0.0,16,ok
090972,per090972_1911_17060,4,0,0,,,triagem/nome-caixa-conversao 1.0.0,16,ok
090972,per090972_1911_17060,5,0,0,,,triagem/nome-caixa-conversao 1.0.0,16,ok
090972,per090972_1911_17060,6,0,0,,,triagem/nome-caixa-conversao 1.0.0,16,ok
090972,per090972_1911_17060,7,0,0,,,triagem/nome-caixa-conversao 1.0.0,16,ok
090972,per090972_1911_17060,8,0,0,,,triagem/nome-caixa-conversao 1.0.0,16,ok
090972,per090972_1911_17060,9,0,0,,,triagem/nome-caixa-conversao 1.0.0,16,ok
090972,per090972_1911_17060,10,0,0,,,triagem/nome-caixa-conversao 1.0.0,16,ok
090972,per090972_1911_17061,1,1,2,caixa de conver,36877,triagem/nome-caixa-conversao 1.0.0,16,ok
090972,per090972_1911_17061,2,0,0,,,triagem/nome-caixa-conversao 1.0.0,16,ok
090972,per090972_1911_17061,3,0,0,,,triagem/nome-caixa-conversao 1.0.0,16,ok
090972,per090972_1911_17061,4,0,0,,,triagem/nome-caixa-conversao 1.0.0,16,ok
090972,per090972_1911_17061,5,0,0,,,triagem/nome-caixa-conversao 1.0.0,16,ok
090972,per090972_1911_17061,6,0,0,,,triagem/nome-caixa-conversao 1.0.0,16,ok
090972,per090972_1911_17061,7,0,0,,,triagem/nome-caixa-conversao 1.0.0,16,ok
090972,per090972_1911_17061,8,0,0,,,triagem/nome-caixa-conversao 1.0.0,16,ok
090972,per090972_1911_17062,1,0,0,,,triagem/nome-caixa-conversao 1.0.0,16,ok
090972,per090972_1911_17062,2,0,0,,,triagem/nome-caixa-conversao 1.0.0,16,ok
090972,per090972_1911_17062,3,0,0,,,triagem/nome-caixa-conversao 1.0.0,16,ok
090972,per090972_1911_17062,4,0,0,,,triagem/nome-caixa-conversao 1.0.0,16,ok
090972,per090972_1911_17062,5,0,0,,,triagem/nome-caixa-conversao 1.0.0,16,ok
090972,per090972_1911_17062,6,0,0,,,triagem/nome-caixa-conversao 1.0.0,16,ok
090972,per090972_1911_17062,7,0,0,,,triagem/nome-caixa-conversao 1.0.0,16,ok
090972,per090972_1911_17062,8,0,0,,,triagem/nome-caixa-conversao 1.0.0,16,ok
090972,per090972_1911_17063,1,0,0,,,triagem/nome-caixa-conversao 1.0.0,16,ok
090972,per090972_1911_17063,2,0,0,,,triagem/nome-caixa-conversao 1.0.0,16,ok
090972,per090972_1911_17063,3,0,0,,,triagem/nome-caixa-conversao 1.0.0,16,ok
090972,per090972_1911_17063,4,0,0,,,triagem/nome-caixa-conversao 1.0.0,16,ok
090972,per090972_1911_17063,5,0,0,,,triagem/nome-caixa-conversao 1.0.0,16,ok
090972,per090972_1911_17063,6,0,0,,,triagem/nome-caixa-conversao 1.0.0,16,ok
090972,per090972_1911_17063,7,0,0,,,triagem/nome-caixa-conversao 1.0.0,16,ok
090972,per090972_1911_17063,8,0,0,,,triagem/nome-caixa-conversao 1.0.0,16,ok
090972,per090972_1911_17064,1,1,1,caixa do conver,25435,triagem/nome-caixa-conversao 1.0.0,16,ok
090972,per090972_1911_17064,2,1,2,caixa de conver,16549,triagem/nome-caixa-conversao 1.0.0,16,ok
090972,per090972_1911_17064,3,0,0,,,triagem/nome-caixa-conversao 1.0.0,16,ok
090972,per090972_1911_17064,4,0,0,,,triagem/nome-caixa-conversao 1.0.0,16,ok
090972,per090972_1911_17064,5,0,0,,,triagem/nome-caixa-conversao 1.0.0,16,ok
090972,per090972_1911_17064,6,0,0,,,triagem/nome-caixa-conversao 1.0.0,16,ok
090972,per090972_1911_17064,7,0,0,,,triagem/nome-caixa-conversao 1.0.0,16,ok
090972,per090972_1911_17064,8,0,0,,,triagem/nome-caixa-conversao 1.0.0,16,ok
090972,per090972_1911_17065,1,0,0,,,triagem/nome-caixa-conversao 1.0.0,16,ok
090972,per090972_1911_17065,2,0,0,,,triagem/nome-caixa-conversao 1.0.0,16,ok
090972,per090972_1911_17065,3,0,0,,,triagem/nome-caixa-conversao 1.0.0,16,ok
090972,per090972_1911_17065,4,0,0,,,triagem/nome-caixa-conversao 1.0.0,16,ok
090972,per090972_1911_17065,5,0,0,,,triagem/nome-caixa-conversao 1.0.0,16,ok
090972,per090972_1911_17065,6,0,0,,,triagem/nome-caixa-conversao 1.0.0,16,ok
090972,per090972_1911_17065,7,0,0,,,triagem/nome-caixa-conversao 1.0.0,16,ok
090972,per090972_1911_17065,8,0,0,,,triagem/nome-caixa-conversao 1.0.0,16,ok
090972,per090972_1911_17066,1,0,0,,,triagem/nome-caixa-conversao 1.0.0,16,ok
090972,per090972_1911_17066,2,0,0,,,triagem/nome-caixa-conversao 1.0.0,16,ok
090972,per090972_1911_17066,3,0,0,,,triagem/nome-caixa-conversao 1.0.0,16,ok
090972,per090972_1911_17066,4,0,0,,,triagem/nome-caixa-conversao 1.0.0,16,ok
090972,per090972_1911_17066,5,0,0,,,triagem/nome-caixa-conversao 1.0.0,16,ok
090972,per090972_1911_17066,6,0,0,,,triagem/nome-caixa-conversao 1.0.0,16,ok
090972,per090972_1911_17066,7,0,0,,,triagem/nome-caixa-conversao 1.0.0,16,ok
090972,per090972_1911_17066,8,0,0,,,triagem/nome-caixa-conversao 1.0.0,16,ok
090972,per090972_1911_17067,1,0,0,,,triagem/nome-caixa-conversao 1.0.0,16,ok
090972,per090972_1911_17067,2,0,0,,,triagem/nome-caixa-conversao 1.0.0,16,ok
090972,per090972_1911_17067,3,0,0,,,triagem/nome-caixa-conversao 1.0.0,16,ok
090972,per090972_1911_17067,4,0,0,,,triagem/nome-caixa-conversao 1.0.0,16,ok
090972,per090972_1911_17067,5,0,0,,,triagem/nome-caixa-conversao 1.0.0,16,ok
090972,per090972_1911_17067,6,0,0,,,triagem/nome-caixa-conversao 1.0.0,16,ok
090972,per090972_1911_17067,7,0,0,,,triagem/nome-caixa-conversao 1.0.0,16,ok
090972,per090972_1911_17067,8,0,0,,,triagem/nome-caixa-conversao 1.0.0,16,ok
090972,per090972_1911_17067,9,0,0,,,triagem/nome-caixa-conversao 1.0.0,16,ok
090972,per090972_1911_17067,10,0,0,,,triagem/nome-caixa-conversao 1.0.0,16,ok
090972,per090972_1911_17068,1,1,1,caixa de conver,11200,triagem/nome-caixa-conversao 1.0.0,16,ok
090972,per090972_1911_17068,2,0,0,,,triagem/nome-caixa-conversao 1.0.0,16,ok
090972,per090972_1911_17068,3,0,0,,,triagem/nome-caixa-conversao 1.0.0,16,ok
090972,per090972_1911_17068,4,0,0,,,triagem/nome-caixa-conversao 1.0.0,16,ok
090972,per090972_1911_17068,5,0,0,,,triagem/nome-caixa-conversao 1.0.0,16,ok
090972,per090972_1911_17068,6,0,0,,,triagem/nome-caixa-conversao 1.0.0,16,ok
090972,per090972_1911_17068,7,0,0,,,triagem/nome-caixa-conversao 1.0.0,16,ok
090972,per090972_1911_17068,8,0,0,,,triagem/nome-caixa-conversao 1.0.0,16,ok
090972,per090972_1911_17069,1,0,0,,,triagem/nome-caixa-conversao 1.0.0,16,ok
090972,per090972_1911_17069,2,1,1,caixa de conver,2082,triagem/nome-caixa-conversao 1.0.0,16,ok
090972,per090972_1911_17069,3,0,0,,,triagem/nome-caixa-conversao 1.0.0,16,ok
090972,per090972_1911_17069,4,0,0,,,triagem/nome-caixa-conversao 1.0.0,16,ok
090972,per090972_1911_17069,5,0,0,,,triagem/nome-caixa-conversao 1.0.0,16,ok
090972,per090972_1911_17069,6,0,0,,,triagem/nome-caixa-conversao 1.0.0,16,ok
090972,per090972_1911_17069,7,0,0,,,triagem/nome-caixa-conversao 1.0.0,16,ok
090972,per090972_1911_17069,8,0,0,,,triagem/nome-caixa-conversao 1.0.0,16,ok
090972,per090972_1911_17070,1,1,1,caixa do conver,5693,triagem/nome-caixa-conversao 1.0.0,16,ok
090972,per090972_1911_17070,2,0,0,,,triagem/nome-caixa-conversao 1.0.0,16,ok
090972,per090972_1911_17070,3,0,0,,,triagem/nome-caixa-conversao 1.0.0,16,ok
090972,per090972_1911_17070,4,0,0,,,triagem/nome-caixa-conversao 1.0.0,16,ok
090972,per090972_1911_17070,5,0,0,,,triagem/nome-caixa-conversao 1.0.0,16,ok
090972,per090972_1911_17070,6,0,0,,,triagem/nome-caixa-conversao 1.0.0,16,ok
090972,per090972_1911_17070,7,0,0,,,triagem/nome-caixa-conversao 1.0.0,16,ok
090972,per090972_1911_17070,8,0,0,,,triagem/nome-caixa-conversao 1.0.0,16,ok
090972,per090972_1911_17071,1,0,0,,,triagem/nome-caixa-conversao 1.0.0,16,ok
090972,per090972_1911_17071,2,0,0,,,triagem/nome-caixa-conversao 1.0.0,16,ok
090972,per090972_1911_17071,3,0,0,,,triagem/nome-caixa-conversao 1.0.0,16,ok
090972,per090972_1911_17071,4,0,0,,,triagem/nome-caixa-conversao 1.0.0,16,ok
090972,per090972_1911_17071,5,0,0,,,triagem/nome-caixa-conversao 1.0.0,16,ok
090972,per090972_1911_17071,6,0,0,,,triagem/nome-caixa-conversao 1.0.0,16,ok
090972,per090972_1911_17071,7,0,0,,,triagem/nome-caixa-conversao 1.0.0,16,ok
090972,per090972_1911_17071,8,0,0,,,triagem/nome-caixa-conversao 1.0.0,16,ok
090972,per090972_1911_17071,9,0,0,,,triagem/nome-caixa-conversao 1.0.0,16,ok
090972,per090972_1911_17071,10,0,0,,,triagem/nome-caixa-conversao 1.0.0,16,ok
090972,per090972_1911_17072,1,1,1,caixa do conver,17069,triagem/nome-caixa-conversao 1.0.0,16,ok
090972,per090972_1911_17072,2,0,0,,,triagem/nome-caixa-conversao 1.0.0,16,ok
090972,per090972_1911_17072,3,0,0,,,triagem/nome-caixa-conversao 1.0.0,16,ok
090972,per090972_1911_17072,4,0,0,,,triagem/nome-caixa-conversao 1.0.0,16,ok
090972,per090972_1911_17072,5,0,0,,,triagem/nome-caixa-conversao 1.0.0,16,ok
090972,per090972_1911_17072,6,0,0,,,triagem/nome-caixa-conversao 1.0.0,16,ok
090972,per090972_1911_17072,7,0,0,,,triagem/nome-caixa-conversao 1.0.0,16,ok
090972,per090972_1911_17072,8,0,0,,,triagem/nome-caixa-conversao 1.0.0,16,ok
090972,per090972_1911_17073,1,1,1,caixa do conver,6289,triagem/nome-caixa-conversao 1.0.0,16,ok
090972,per090972_1911_17073,2,0,0,,,triagem/nome-caixa-conversao 1.0.0,16,ok
090972,per090972_1911_17073,3,0,0,,,triagem/nome-caixa-conversao 1.0.0,16,ok
090972,per090972_1911_17073,4,0,0,,,triagem/nome-caixa-conversao 1.0.0,16,ok
090972,per090972_1911_17073,5,0,0,,,triagem/nome-caixa-conversao 1.0.0,16,ok
090972,per090972_1911_17073,6,0,0,,,triagem/nome-caixa-conversao 1.0.0,16,ok
090972,per090972_1911_17073,7,0,0,,,triagem/nome-caixa-conversao 1.0.0,16,ok
090972,per090972_1911_17073,8,0,0,,,triagem/nome-caixa-conversao 1.0.0,16,ok
090972,per090972_1911_17074,1,1,1,caixa do conver,32387,triagem/nome-caixa-conversao 1.0.0,16,ok
090972,per090972_1911_17074,2,1,1,caixa de conver,13028,triagem/nome-caixa-conversao 1.0.0,16,ok
090972,per090972_1911_17074,3,0,0,,,triagem/nome-caixa-conversao 1.0.0,16,ok
090972,per090972_1911_17074,4,0,0,,,triagem/nome-caixa-conversao 1.0.0,16,ok
090972,per090972_1911_17074,5,0,0,,,triagem/nome-caixa-conversao 1.0.0,16,ok
090972,per090972_1911_17074,6,0,0,,,triagem/nome-caixa-conversao 1.0.0,16,ok
090972,per090972_1911_17074,7,0,0,,,triagem/nome-caixa-conversao 1.0.0,16,ok
090972,per090972_1911_17074,8,0,0,,,triagem/nome-caixa-conversao 1.0.0,16,ok
090972,per090972_1911_17074,9,0,0,,,triagem/nome-caixa-conversao 1.0.0,16,ok
090972,per090972_1911_17074,10,0,0,,,triagem/nome-caixa-conversao 1.0.0,16,ok
090972,per090972_1911_17075,1,1,2,caixa deconver,15194,triagem/nome-caixa-conversao 1.0.0,16,ok
090972,per090972_1911_17075,2,0,0,,,triagem/nome-caixa-conversao 1.0.0,16,ok
090972,per090972_1911_17075,3,0,0,,,triagem/nome-caixa-conversao 1.0.0,16,ok
090972,per090972_1911_17075,4,0,0,,,triagem/nome-caixa-conversao 1.0.0,16,ok
090972,per090972_1911_17075,5,0,0,,,triagem/nome-caixa-conversao 1.0.0,16,ok
090972,per090972_1911_17075,6,0,0,,,triagem/nome-caixa-conversao 1.0.0,16,ok
090972,per090972_1911_17075,7,0,0,,,triagem/nome-caixa-conversao 1.0.0,16,ok
090972,per090972_1911_17075,8,0,0,,,triagem/nome-caixa-conversao 1.0.0,16,ok
090972,per090972_1911_17076,1,1,2,caixa do conver,9707,triagem/nome-caixa-conversao 1.0.0,16,ok
090972,per090972_1911_17076,2,0,0,,,triagem/nome-caixa-conversao 1.0.0,16,ok
090972,per090972_1911_17076,3,0,0,,,triagem/nome-caixa-conversao 1.0.0,16,ok
090972,per090972_1911_17076,4,0,0,,,triagem/nome-caixa-conversao 1.0.0,16,ok
090972,per090972_1911_17076,5,0,0,,,triagem/nome-caixa-conversao 1.0.0,16,ok
090972,per090972_1911_17076,6,0,0,,,triagem/nome-caixa-conversao 1.0.0,16,ok
090972,per090972_1911_17076,7,0,0,,,triagem/nome-caixa-conversao 1.0.0,16,ok
090972,per090972_1911_17076,8,0,0,,,triagem/nome-caixa-conversao 1.0.0,16,ok
090972,per090972_1911_17077,1,1,1,caixa de conver,16389,triagem/nome-caixa-conversao 1.0.0,16,ok
090972,per090972_1911_17077,2,0,0,,,triagem/nome-caixa-conversao 1.0.0,16,ok
090972,per090972_1911_17077,3,0,0,,,triagem/nome-caixa-conversao 1.0.0,16,ok
090972,per090972_1911_17077,4,0,0,,,triagem/nome-caixa-conversao 1.0.0,16,ok
090972,per090972_1911_17077,5,0,0,,,triagem/nome-caixa-conversao 1.0.0,16,ok
090972,per090972_1911_17077,6,0,0,,,triagem/nome-caixa-conversao 1.0.0,16,ok
090972,per090972_1911_17077,7,0,0,,,triagem/nome-caixa-conversao 1.0.0,16,ok
090972,per090972_1911_17077,8,0,0,,,triagem/nome-caixa-conversao 1.0.0,16,ok
090972,per090972_1911_17078,1,1,1,caixa do conver,19310,triagem/nome-caixa-conversao 1.0.0,16,ok
090972,per090972_1911_17078,2,0,0,,,triagem/nome-caixa-conversao 1.0.0,16,ok
090972,per090972_1911_17078,3,0,0,,,triagem/nome-caixa-conversao 1.0.0,16,ok
090972,per090972_1911_17078,4,0,0,,,triagem/nome-caixa-conversao 1.0.0,16,ok
090972,per090972_1911_17078,5,0,0,,,triagem/nome-caixa-conversao 1.0.0,16,ok
090972,per090972_1911_17078,6,0,0,,,triagem/nome-caixa-conversao 1.0.0,16,ok
090972,per090972_1911_17078,7,0,0,,,triagem/nome-caixa-conversao 1.0.0,16,ok
090972,per090972_1911_17078,8,0,0,,,triagem/nome-caixa-conversao 1.0.0,16,ok
090972,per090972_1911_17078,9,0,0,,,triagem/nome-caixa-conversao 1.0.0,16,ok
090972,per090972_1911_17078,10,0,0,,,triagem/nome-caixa-conversao 1.0.0,16,ok
090972,per090972_1911_17079,1,0,0,,,triagem/nome-caixa-conversao 1.0.0,16,ok
090972,per090972_1911_17079,2,1,1,caixa de conver,2927,triagem/nome-caixa-conversao 1.0.0,16,ok
090972,per090972_1911_17079,3,0,0,,,triagem/nome-caixa-conversao 1.0.0,16,ok
090972,per090972_1911_17079,4,0,0,,,triagem/nome-caixa-conversao 1.0.0,16,ok
090972,per090972_1911_17079,5,0,0,,,triagem/nome-caixa-conversao 1.0.0,16,ok
090972,per090972_1911_17079,6,0,0,,,triagem/nome-caixa-conversao 1.0.0,16,ok
090972,per090972_1911_17079,7,0,0,,,triagem/nome-caixa-conversao 1.0.0,16,ok
090972,per090972_1911_17079,8,0,0,,,triagem/nome-caixa-conversao 1.0.0,16,ok
090972,per090972_1911_17080,1,1,1,caixa do conver,9452,triagem/nome-caixa-conversao 1.0.0,16,ok
090972,per090972_1911_17080,2,0,0,,,triagem/nome-caixa-conversao 1.0.0,16,ok
090972,per090972_1911_17080,3,0,0,,,triagem/nome-caixa-conversao 1.0.0,16,ok
090972,per090972_1911_17080,4,0,0,,,triagem/nome-caixa-conversao 1.0.0,16,ok
090972,per090972_1911_17080,5,0,0,,,triagem/nome-caixa-conversao 1.0.0,16,ok
090972,per090972_1911_17080,6,0,0,,,triagem/nome-caixa-conversao 1.0.0,16,ok
090972,per090972_1911_17080,7,0,0,,,triagem/nome-caixa-conversao 1.0.0,16,ok
090972,per090972_1911_17080,8,0,0,,,triagem/nome-caixa-conversao 1.0.0,16,ok
090972,per090972_1911_17081,1,0,0,,,triagem/nome-caixa-conversao 1.0.0,16,ok
090972,per090972_1911_17081,2,1,1,caixa do conver,38930,triagem/nome-caixa-conversao 1.0.0,16,ok
090972,per090972_1911_17081,3,0,0,,,triagem/nome-caixa-conversao 1.0.0,16,ok
090972,per090972_1911_17081,4,0,0,,,triagem/nome-caixa-conversao 1.0.0,16,ok
090972,per090972_1911_17081,5,0,0,,,triagem/nome-caixa-conversao 1.0.0,16,ok
090972,per090972_1911_17081,6,0,0,,,triagem/nome-caixa-conversao 1.0.0,16,ok
090972,per090972_1911_17081,7,0,0,,,triagem/nome-caixa-conversao 1.0.0,16,ok
090972,per090972_1911_17081,8,0,0,,,triagem/nome-caixa-conversao 1.0.0,16,ok
090972,per090972_1911_17081,9,0,0,,,triagem/nome-caixa-conversao 1.0.0,16,ok
090972,per090972_1911_17081,10,0,0,,,triagem/nome-caixa-conversao 1.0.0,16,ok
090972,per090972_1911_17081,11,0,0,,,triagem/nome-caixa-conversao 1.0.0,16,ok
090972,per090972_1911_17081,12,0,0,,,triagem/nome-caixa-conversao 1.0.0,16,ok
090972,per090972_1911_17082,1,0,0,,,triagem/nome-caixa-conversao 1.0.0,16,ok
090972,per090972_1911_17082,2,0,0,,,triagem/nome-caixa-conversao 1.0.0,16,ok
090972,per090972_1911_17082,3,0,0,,,triagem/nome-caixa-conversao 1.0.0,16,ok
090972,per090972_1911_17082,4,0,0,,,triagem/nome-caixa-conversao 1.0.0,16,ok
090972,per090972_1911_17082,5,0,0,,,triagem/nome-caixa-conversao 1.0.0,16,ok
090972,per090972_1911_17082,6,0,0,,,triagem/nome-caixa-conversao 1.0.0,16,ok
090972,per090972_1911_17082,7,0,0,,,triagem/nome-caixa-conversao 1.0.0,16,ok
090972,per090972_1911_17082,8,0,0,,,triagem/nome-caixa-conversao 1.0.0,16,ok
090972,per090972_1911_17083,1,0,0,,,triagem/nome-caixa-conversao 1.0.0,16,ok
090972,per090972_1911_17083,2,0,0,,,triagem/nome-caixa-conversao 1.0.0,16,ok
090972,per090972_1911_17083,3,0,0,,,triagem/nome-caixa-conversao 1.0.0,16,ok
090972,per090972_1911_17083,4,0,0,,,triagem/nome-caixa-conversao 1.0.0,16,ok
090972,per090972_1911_17083,5,0,0,,,triagem/nome-caixa-conversao 1.0.0,16,ok
090972,per090972_1911_17083,6,0,0,,,triagem/nome-caixa-conversao 1.0.0,16,ok
090972,per090972_1911_17083,7,0,0,,,triagem/nome-caixa-conversao 1.0.0,16,ok
090972,per090972_1911_17083,8,0,0,,,triagem/nome-caixa-conversao 1.0.0,16,ok
090972,per090972_1911_17084,1,1,1,caixa da conver,16349,triagem/nome-caixa-conversao 1.0.0,16,ok
090972,per090972_1911_17084,2,0,0,,,triagem/nome-caixa-conversao 1.0.0,16,ok
090972,per090972_1911_17084,3,0,0,,,triagem/nome-caixa-conversao 1.0.0,16,ok
090972,per090972_1911_17084,4,0,0,,,triagem/nome-caixa-conversao 1.0.0,16,ok
090972,per090972_1911_17084,5,0,0,,,triagem/nome-caixa-conversao 1.0.0,16,ok
090972,per090972_1911_17084,6,0,0,,,triagem/nome-caixa-conversao 1.0.0,16,ok
090972,per090972_1911_17084,7,0,0,,,triagem/nome-caixa-conversao 1.0.0,16,ok
090972,per090972_1911_17084,8,0,0,,,triagem/nome-caixa-conversao 1.0.0,16,ok
090972,per090972_1911_17085,1,0,0,,,triagem/nome-caixa-conversao 1.0.0,16,ok
090972,per090972_1911_17085,2,0,0,,,triagem/nome-caixa-conversao 1.0.0,16,ok
090972,per090972_1911_17085,3,0,0,,,triagem/nome-caixa-conversao 1.0.0,16,ok
090972,per090972_1911_17085,4,0,0,,,triagem/nome-caixa-conversao 1.0.0,16,ok
090972,per090972_1911_17085,5,0,0,,,triagem/nome-caixa-conversao 1.0.0,16,ok
090972,per090972_1911_17085,6,0,0,,,triagem/nome-caixa-conversao 1.0.0,16,ok
090972,per090972_1911_17085,7,0,0,,,triagem/nome-caixa-conversao 1.0.0,16,ok
090972,per090972_1911_17085,8,0,0,,,triagem/nome-caixa-conversao 1.0.0,16,ok
090972,per090972_1911_17085,9,0,0,,,triagem/nome-caixa-conversao 1.0.0,16,ok
090972,per090972_1911_17085,10,0,0,,,triagem/nome-caixa-conversao 1.0.0,16,ok
090972,per090972_1911_17086,1,0,0,,,triagem/nome-caixa-conversao 1.0.0,16,ok
090972,per090972_1911_17086,2,0,0,,,triagem/nome-caixa-conversao 1.0.0,16,ok
090972,per090972_1911_17086,3,0,0,,,triagem/nome-caixa-conversao 1.0.0,16,ok
090972,per090972_1911_17086,4,0,0,,,triagem/nome-caixa-conversao 1.0.0,16,ok
090972,per090972_1911_17086,5,0,0,,,triagem/nome-caixa-conversao 1.0.0,16,ok
090972,per090972_1911_17086,6,0,0,,,triagem/nome-caixa-conversao 1.0.0,16,ok
090972,per090972_1911_17086,7,0,0,,,triagem/nome-caixa-conversao 1.0.0,16,ok
090972,per090972_1911_17086,8,0,0,,,triagem/nome-caixa-conversao 1.0.0,16,ok
090972,per090972_1911_17087,1,0,0,,,triagem/nome-caixa-conversao 1.0.0,16,ok
090972,per090972_1911_17087,2,0,0,,,triagem/nome-caixa-conversao 1.0.0,16,ok
090972,per090972_1911_17087,3,0,0,,,triagem/nome-caixa-conversao 1.0.0,16,ok
090972,per090972_1911_17087,4,0,0,,,triagem/nome-caixa-conversao 1.0.0,16,ok
090972,per090972_1911_17087,5,0,0,,,triagem/nome-caixa-conversao 1.0.0,16,ok
090972,per090972_1911_17087,6,0,0,,,triagem/nome-caixa-conversao 1.0.0,16,ok
090972,per090972_1911_17087,7,0,0,,,triagem/nome-caixa-conversao 1.0.0,16,ok
090972,per090972_1911_17087,8,0,0,,,triagem/nome-caixa-conversao 1.0.0,16,ok
090972,per090972_1911_17088,1,0,0,,,triagem/nome-caixa-conversao 1.0.0,16,ok
090972,per090972_1911_17088,2,0,0,,,triagem/nome-caixa-conversao 1.0.0,16,ok
090972,per090972_1911_17088,3,0,0,,,triagem/nome-caixa-conversao 1.0.0,16,ok
090972,per090972_1911_17088,4,0,0,,,triagem/nome-caixa-conversao 1.0.0,16,ok
090972,per090972_1911_17088,5,0,0,,,triagem/nome-caixa-conversao 1.0.0,16,ok
090972,per090972_1911_17088,6,0,0,,,triagem/nome-caixa-conversao 1.0.0,16,ok
090972,per090972_1911_17088,7,0,0,,,triagem/nome-caixa-conversao 1.0.0,16,ok
090972,per090972_1911_17088,8,0,0,,,triagem/nome-caixa-conversao 1.0.0,16,ok
090972,per090972_1911_17088,9,0,0,,,triagem/nome-caixa-conversao 1.0.0,16,ok
090972,per090972_1911_17088,10,0,0,,,triagem/nome-caixa-conversao 1.0.0,16,ok
090972,per090972_1911_17089,1,0,0,,,triagem/nome-caixa-conversao 1.0.0,16,ok
090972,per090972_1911_17089,2,0,0,,,triagem/nome-caixa-conversao 1.0.0,16,ok
090972,per090972_1911_17089,3,0,0,,,triagem/nome-caixa-conversao 1.0.0,16,ok
090972,per090972_1911_17089,4,0,0,,,triagem/nome-caixa-conversao 1.0.0,16,ok
090972,per090972_1911_17089,5,0,0,,,triagem/nome-caixa-conversao 1.0.0,16,ok
090972,per090972_1911_17089,6,0,0,,,triagem/nome-caixa-conversao 1.0.0,16,ok
090972,per090972_1911_17089,7,0,0,,,triagem/nome-caixa-conversao 1.0.0,16,ok
090972,per090972_1911_17089,8,0,0,,,triagem/nome-caixa-conversao 1.0.0,16,ok
090972,per090972_1911_17090,1,0,0,,,triagem/nome-caixa-conversao 1.0.0,16,ok
090972,per090972_1911_17090,2,0,0,,,triagem/nome-caixa-conversao 1.0.0,16,ok
090972,per090972_1911_17090,3,0,0,,,triagem/nome-caixa-conversao 1.0.0,16,ok
090972,per090972_1911_17090,4,0,0,,,triagem/nome-caixa-conversao 1.0.0,16,ok
090972,per090972_1911_17090,5,0,0,,,triagem/nome-caixa-conversao 1.0.0,16,ok
090972,per090972_1911_17090,6,0,0,,,triagem/nome-caixa-conversao 1.0.0,16,ok
090972,per090972_1911_17090,7,0,0,,,triagem/nome-caixa-conversao 1.0.0,16,ok
090972,per090972_1911_17090,8,0,0,,,triagem/nome-caixa-conversao 1.0.0,16,ok
090972,per090972_1911_17091,1,0,0,,,triagem/nome-caixa-conversao 1.0.0,16,ok
090972,per090972_1911_17091,2,0,0,,,triagem/nome-caixa-conversao 1.0.0,16,ok
090972,per090972_1911_17091,3,0,0,,,triagem/nome-caixa-conversao 1.0.0,16,ok
090972,per090972_1911_17091,4,0,0,,,triagem/nome-caixa-conversao 1.0.0,16,ok
090972,per090972_1911_17091,5,0,0,,,triagem/nome-caixa-conversao 1.0.0,16,ok
090972,per090972_1911_17091,6,0,0,,,triagem/nome-caixa-conversao 1.0.0,16,ok
090972,per090972_1911_17091,7,0,0,,,triagem/nome-caixa-conversao 1.0.0,16,ok
090972,per090972_1911_17091,8,0,0,,,triagem/nome-caixa-conversao 1.0.0,16,ok
090972,per090972_1911_17092,1,0,0,,,triagem/nome-caixa-conversao 1.0.0,16,ok
090972,per090972_1911_17092,2,1,1,caixa de conver,24558,triagem/nome-caixa-conversao 1.0.0,16,ok
090972,per090972_1911_17092,3,0,0,,,triagem/nome-caixa-conversao 1.0.0,16,ok
090972,per090972_1911_17092,4,0,0,,,triagem/nome-caixa-conversao 1.0.0,16,ok
090972,per090972_1911_17092,5,0,0,,,triagem/nome-caixa-conversao 1.0.0,16,ok
090972,per090972_1911_17092,6,0,0,,,triagem/nome-caixa-conversao 1.0.0,16,ok
090972,per090972_1911_17092,7,0,0,,,triagem/nome-caixa-conversao 1.0.0,16,ok
090972,per090972_1911_17092,8,0,0,,,triagem/nome-caixa-conversao 1.0.0,16,ok
090972,per090972_1911_17093,1,0,0,,,triagem/nome-caixa-conversao 1.0.0,16,ok
090972,per090972_1911_17093,2,0,0,,,triagem/nome-caixa-conversao 1.0.0,16,ok
090972,per090972_1911_17093,3,0,0,,,triagem/nome-caixa-conversao 1.0.0,16,ok
090972,per090972_1911_17093,4,0,0,,,triagem/nome-caixa-conversao 1.0.0,16,ok
090972,per090972_1911_17093,5,0,0,,,triagem/nome-caixa-conversao 1.0.0,16,ok
090972,per090972_1911_17093,6,0,0,,,triagem/nome-caixa-conversao 1.0.0,16,ok
090972,per090972_1911_17093,7,0,0,,,triagem/nome-caixa-conversao 1.0.0,16,ok
090972,per090972_1911_17093,8,0,0,,,triagem/nome-caixa-conversao 1.0.0,16,ok
090972,per090972_1911_17094,1,0,0,,,triagem/nome-caixa-conversao 1.0.0,16,ok
090972,per090972_1911_17094,2,0,0,,,triagem/nome-caixa-conversao 1.0.0,16,ok
090972,per090972_1911_17094,3,0,0,,,triagem/nome-caixa-conversao 1.0.0,16,ok
090972,per090972_1911_17094,4,0,0,,,triagem/nome-caixa-conversao 1.0.0,16,ok
090972,per090972_1911_17094,5,0,0,,,triagem/nome-caixa-conversao 1.0.0,16,ok
090972,per090972_1911_17094,6,0,0,,,triagem/nome-caixa-conversao 1.0.0,16,ok
090972,per090972_1911_17094,7,0,0,,,triagem/nome-caixa-conversao 1.0.0,16,ok
090972,per090972_1911_17094,8,0,0,,,triagem/nome-caixa-conversao 1.0.0,16,ok
090972,per090972_1911_17094,9,0,0,,,triagem/nome-caixa-conversao 1.0.0,16,ok
090972,per090972_1911_17094,10,0,0,,,triagem/nome-caixa-conversao 1.0.0,16,ok
090972,per090972_1911_17095,1,0,0,,,triagem/nome-caixa-conversao 1.0.0,16,ok
090972,per090972_1911_17095,2,0,0,,,triagem/nome-caixa-conversao 1.0.0,16,ok
090972,per090972_1911_17095,3,0,0,,,triagem/nome-caixa-conversao 1.0.0,16,ok
090972,per090972_1911_17095,4,0,0,,,triagem/nome-caixa-conversao 1.0.0,16,ok
090972,per090972_1911_17095,5,0,0,,,triagem/nome-caixa-conversao 1.0.0,16,ok
090972,per090972_1911_17095,6,0,0,,,triagem/nome-caixa-conversao 1.0.0,16,ok
090972,per090972_1911_17095,7,0,0,,,triagem/nome-caixa-conversao 1.0.0,16,ok
090972,per090972_1911_17095,8,0,0,,,triagem/nome-caixa-conversao 1.0.0,16,ok
090972,per090972_1911_17096,1,0,0,,,triagem/nome-caixa-conversao 1.0.0,16,ok
090972,per090972_1911_17096,2,1,1,caixa de conver,16272,triagem/nome-caixa-conversao 1.0.0,16,ok
090972,per090972_1911_17096,3,0,0,,,triagem/nome-caixa-conversao 1.0.0,16,ok
090972,per090972_1911_17096,4,0,0,,,triagem/nome-caixa-conversao 1.0.0,16,ok
090972,per090972_1911_17096,5,0,0,,,triagem/nome-caixa-conversao 1.0.0,16,ok
090972,per090972_1911_17096,6,0,0,,,triagem/nome-caixa-conversao 1.0.0,16,ok
090972,per090972_1911_17096,7,0,0,,,triagem/nome-caixa-conversao 1.0.0,16,ok
090972,per090972_1911_17096,8,0,0,,,triagem/nome-caixa-conversao 1.0.0,16,ok
090972,per090972_1911_17097,1,0,0,,,triagem/nome-caixa-conversao 1.0.0,16,ok
090972,per090972_1911_17097,2,0,0,,,triagem/nome-caixa-conversao 1.0.0,16,ok
090972,per090972_1911_17097,3,0,0,,,triagem/nome-caixa-conversao 1.0.0,16,ok
090972,per090972_1911_17097,4,0,0,,,triagem/nome-caixa-conversao 1.0.0,16,ok
090972,per090972_1911_17097,5,0,0,,,triagem/nome-caixa-conversao 1.0.0,16,ok
090972,per090972_1911_17097,6,0,0,,,triagem/nome-caixa-conversao 1.0.0,16,ok
090972,per090972_1911_17097,7,0,0,,,triagem/nome-caixa-conversao 1.0.0,16,ok
090972,per090972_1911_17097,8,0,0,,,triagem/nome-caixa-conversao 1.0.0,16,ok
090972,per090972_1911_17098,1,0,0,,,triagem/nome-caixa-conversao 1.0.0,16,ok
090972,per090972_1911_17098,2,0,0,,,triagem/nome-caixa-conversao 1.0.0,16,ok
090972,per090972_1911_17098,3,0,0,,,triagem/nome-caixa-conversao 1.0.0,16,ok
090972,per090972_1911_17098,4,0,0,,,triagem/nome-caixa-conversao 1.0.0,16,ok
090972,per090972_1911_17098,5,0,0,,,triagem/nome-caixa-conversao 1.0.0,16,ok
090972,per090972_1911_17098,6,0,0,,,triagem/nome-caixa-conversao 1.0.0,16,ok
090972,per090972_1911_17098,7,0,0,,,triagem/nome-caixa-conversao 1.0.0,16,ok
090972,per090972_1911_17098,8,0,0,,,triagem/nome-caixa-conversao 1.0.0,16,ok
090972,per090972_1911_17099,1,0,0,,,triagem/nome-caixa-conversao 1.0.0,16,ok
090972,per090972_1911_17099,2,0,0,,,triagem/nome-caixa-conversao 1.0.0,16,ok
090972,per090972_1911_17099,3,0,0,,,triagem/nome-caixa-conversao 1.0.0,16,ok
090972,per090972_1911_17099,4,0,0,,,triagem/nome-caixa-conversao 1.0.0,16,ok
090972,per090972_1911_17099,5,0,0,,,triagem/nome-caixa-conversao 1.0.0,16,ok
090972,per090972_1911_17099,6,0,0,,,triagem/nome-caixa-conversao 1.0.0,16,ok
090972,per090972_1911_17099,7,0,0,,,triagem/nome-caixa-conversao 1.0.0,16,ok
090972,per090972_1911_17099,8,0,0,,,triagem/nome-caixa-conversao 1.0.0,16,ok
090972,per090972_1911_17100,1,0,0,,,triagem/nome-caixa-conversao 1.0.0,16,ok
090972,per090972_1911_17100,2,0,0,,,triagem/nome-caixa-conversao 1.0.0,16,ok
090972,per090972_1911_17100,3,1,2,caixa de conver,13863,triagem/nome-caixa-conversao 1.0.0,16,ok
090972,per090972_1911_17100,4,0,0,,,triagem/nome-caixa-conversao 1.0.0,16,ok
090972,per090972_1911_17100,5,0,0,,,triagem/nome-caixa-conversao 1.0.0,16,ok
090972,per090972_1911_17100,6,0,0,,,triagem/nome-caixa-conversao 1.0.0,16,ok
090972,per090972_1911_17100,7,0,0,,,triagem/nome-caixa-conversao 1.0.0,16,ok
090972,per090972_1911_17100,8,0,0,,,triagem/nome-caixa-conversao 1.0.0,16,ok
090972,per090972_1911_17101,1,0,0,,,triagem/nome-caixa-conversao 1.0.0,16,ok
090972,per090972_1911_17101,2,0,0,,,triagem/nome-caixa-conversao 1.0.0,16,ok
090972,per090972_1911_17101,3,0,0,,,triagem/nome-caixa-conversao 1.0.0,16,ok
090972,per090972_1911_17101,4,0,0,,,triagem/nome-caixa-conversao 1.0.0,16,ok
090972,per090972_1911_17101,5,0,0,,,triagem/nome-caixa-conversao 1.0.0,16,ok
090972,per090972_1911_17101,6,0,0,,,triagem/nome-caixa-conversao 1.0.0,16,ok
090972,per090972_1911_17101,7,0,0,,,triagem/nome-caixa-conversao 1.0.0,16,ok
090972,per090972_1911_17101,8,0,0,,,triagem/nome-caixa-conversao 1.0.0,16,ok
090972,per090972_1911_17101,9,0,0,,,triagem/nome-caixa-conversao 1.0.0,16,ok
090972,per090972_1911_17101,10,0,0,,,triagem/nome-caixa-conversao 1.0.0,16,ok
090972,per090972_1911_17101,11,0,0,,,triagem/nome-caixa-conversao 1.0.0,16,ok
090972,per090972_1911_17101,12,0,0,,,triagem/nome-caixa-conversao 1.0.0,16,ok
090972,per090972_1911_17102,1,0,0,,,triagem/nome-caixa-conversao 1.0.0,16,ok
090972,per090972_1911_17102,2,0,0,,,triagem/nome-caixa-conversao 1.0.0,16,ok
090972,per090972_1911_17102,3,0,0,,,triagem/nome-caixa-conversao 1.0.0,16,ok
090972,per090972_1911_17102,4,0,0,,,triagem/nome-caixa-conversao 1.0.0,16,ok
090972,per090972_1911_17102,5,0,0,,,triagem/nome-caixa-conversao 1.0.0,16,ok
090972,per090972_1911_17102,6,0,0,,,triagem/nome-caixa-conversao 1.0.0,16,ok
090972,per090972_1911_17102,7,0,0,,,triagem/nome-caixa-conversao 1.0.0,16,ok
090972,per090972_1911_17102,8,0,0,,,triagem/nome-caixa-conversao 1.0.0,16,ok
090972,per090972_1911_17103,1,0,0,,,triagem/nome-caixa-conversao 1.0.0,16,ok
090972,per090972_1911_17103,2,0,0,,,triagem/nome-caixa-conversao 1.0.0,16,ok
090972,per090972_1911_17103,3,0,0,,,triagem/nome-caixa-conversao 1.0.0,16,ok
090972,per090972_1911_17103,4,0,0,,,triagem/nome-caixa-conversao 1.0.0,16,ok
090972,per090972_1911_17103,5,0,0,,,triagem/nome-caixa-conversao 1.0.0,16,ok
090972,per090972_1911_17103,6,0,0,,,triagem/nome-caixa-conversao 1.0.0,16,ok
090972,per090972_1911_17103,7,0,0,,,triagem/nome-caixa-conversao 1.0.0,16,ok
090972,per090972_1911_17103,8,0,0,,,triagem/nome-caixa-conversao 1.0.0,16,ok
090972,per090972_1911_17104,1,1,1,caixa do conver,6192,triagem/nome-caixa-conversao 1.0.0,16,ok
090972,per090972_1911_17104,2,0,0,,,triagem/nome-caixa-conversao 1.0.0,16,ok
090972,per090972_1911_17104,3,0,0,,,triagem/nome-caixa-conversao 1.0.0,16,ok
090972,per090972_1911_17104,4,0,0,,,triagem/nome-caixa-conversao 1.0.0,16,ok
090972,per090972_1911_17104,5,0,0,,,triagem/nome-caixa-conversao 1.0.0,16,ok
090972,per090972_1911_17104,6,0,0,,,triagem/nome-caixa-conversao 1.0.0,16,ok
090972,per090972_1911_17105,1,0,0,,,triagem/nome-caixa-conversao 1.0.0,16,ok
090972,per090972_1911_17105,2,1,1,caixa do conver,8236,triagem/nome-caixa-conversao 1.0.0,16,ok
090972,per090972_1911_17105,3,0,0,,,triagem/nome-caixa-conversao 1.0.0,16,ok
090972,per090972_1911_17105,4,0,0,,,triagem/nome-caixa-conversao 1.0.0,16,ok
090972,per090972_1911_17105,5,0,0,,,triagem/nome-caixa-conversao 1.0.0,16,ok
090972,per090972_1911_17105,6,0,0,,,triagem/nome-caixa-conversao 1.0.0,16,ok
090972,per090972_1911_17105,7,0,0,,,triagem/nome-caixa-conversao 1.0.0,16,ok
090972,per090972_1911_17105,8,0,0,,,triagem/nome-caixa-conversao 1.0.0,16,ok
090972,per090972_1911_17106,1,0,0,,,triagem/nome-caixa-conversao 1.0.0,16,ok
090972,per090972_1911_17106,2,0,0,,,triagem/nome-caixa-conversao 1.0.0,16,ok
090972,per090972_1911_17106,3,0,0,,,triagem/nome-caixa-conversao 1.0.0,16,ok
090972,per090972_1911_17106,4,0,0,,,triagem/nome-caixa-conversao 1.0.0,16,ok
090972,per090972_1911_17106,5,0,0,,,triagem/nome-caixa-conversao 1.0.0,16,ok
090972,per090972_1911_17106,6,0,0,,,triagem/nome-caixa-conversao 1.0.0,16,ok
090972,per090972_1911_17106,7,0,0,,,triagem/nome-caixa-conversao 1.0.0,16,ok
090972,per090972_1911_17106,8,0,0,,,triagem/nome-caixa-conversao 1.0.0,16,ok
090972,per090972_1911_17107,1,0,0,,,triagem/nome-caixa-conversao 1.0.0,16,ok
090972,per090972_1911_17107,2,0,0,,,triagem/nome-caixa-conversao 1.0.0,16,ok
090972,per090972_1911_17107,3,0,0,,,triagem/nome-caixa-conversao 1.0.0,16,ok
090972,per090972_1911_17107,4,0,0,,,triagem/nome-caixa-conversao 1.0.0,16,ok
090972,per090972_1911_17107,5,0,0,,,triagem/nome-caixa-conversao 1.0.0,16,ok
090972,per090972_1911_17107,6,0,0,,,triagem/nome-caixa-conversao 1.0.0,16,ok
090972,per090972_1911_17107,7,0,0,,,triagem/nome-caixa-conversao 1.0.0,16,ok
090972,per090972_1911_17107,8,0,0,,,triagem/nome-caixa-conversao 1.0.0,16,ok
090972,per090972_1911_17108,1,1,1,caixa do conver,32205,triagem/nome-caixa-conversao 1.0.0,16,ok
090972,per090972_1911_17108,2,0,0,,,triagem/nome-caixa-conversao 1.0.0,16,ok
090972,per090972_1911_17108,3,0,0,,,triagem/nome-caixa-conversao 1.0.0,16,ok
090972,per090972_1911_17108,4,0,0,,,triagem/nome-caixa-conversao 1.0.0,16,ok
090972,per090972_1911_17108,5,0,0,,,triagem/nome-caixa-conversao 1.0.0,16,ok
090972,per090972_1911_17108,6,0,0,,,triagem/nome-caixa-conversao 1.0.0,16,ok
090972,per090972_1911_17108,7,0,0,,,triagem/nome-caixa-conversao 1.0.0,16,ok
090972,per090972_1911_17108,8,0,0,,,triagem/nome-caixa-conversao 1.0.0,16,ok
090972,per090972_1911_17108,9,0,0,,,triagem/nome-caixa-conversao 1.0.0,16,ok
090972,per090972_1911_17108,10,0,0,,,triagem/nome-caixa-conversao 1.0.0,16,ok
090972,per090972_1911_17108,11,0,0,,,triagem/nome-caixa-conversao 1.0.0,16,ok
090972,per090972_1911_17108,12,0,0,,,triagem/nome-caixa-conversao 1.0.0,16,ok
090972,per090972_1911_17109,1,0,0,,,triagem/nome-caixa-conversao 1.0.0,16,ok
090972,per090972_1911_17109,2,0,0,,,triagem/nome-caixa-conversao 1.0.0,16,ok
090972,per090972_1911_17109,3,0,0,,,triagem/nome-caixa-conversao 1.0.0,16,ok
090972,per090972_1911_17109,4,0,0,,,triagem/nome-caixa-conversao 1.0.0,16,ok
090972,per090972_1911_17109,5,0,0,,,triagem/nome-caixa-conversao 1.0.0,16,ok
090972,per090972_1911_17109,6,0,0,,,triagem/nome-caixa-conversao 1.0.0,16,ok
090972,per090972_1911_17109,7,0,0,,,triagem/nome-caixa-conversao 1.0.0,16,ok
090972,per090972_1911_17109,8,0,0,,,triagem/nome-caixa-conversao 1.0.0,16,ok
090972,per090972_1911_17110,1,0,0,,,triagem/nome-caixa-conversao 1.0.0,16,ok
090972,per090972_1911_17110,2,0,0,,,triagem/nome-caixa-conversao 1.0.0,16,ok
090972,per090972_1911_17110,3,0,0,,,triagem/nome-caixa-conversao 1.0.0,16,ok
090972,per090972_1911_17110,4,0,0,,,triagem/nome-caixa-conversao 1.0.0,16,ok
090972,per090972_1911_17110,5,0,0,,,triagem/nome-caixa-conversao 1.0.0,16,ok
090972,per090972_1911_17110,6,0,0,,,triagem/nome-caixa-conversao 1.0.0,16,ok
090972,per090972_1911_17110,7,0,0,,,triagem/nome-caixa-conversao 1.0.0,16,ok
090972,per090972_1911_17110,8,0,0,,,triagem/nome-caixa-conversao 1.0.0,16,ok
090972,per090972_1911_17111,1,0,0,,,triagem/nome-caixa-conversao 1.0.0,16,ok
090972,per090972_1911_17111,2,0,0,,,triagem/nome-caixa-conversao 1.0.0,16,ok
090972,per090972_1911_17111,3,0,0,,,triagem/nome-caixa-conversao 1.0.0,16,ok
090972,per090972_1911_17111,4,0,0,,,triagem/nome-caixa-conversao 1.0.0,16,ok
090972,per090972_1911_17111,5,0,0,,,triagem/nome-caixa-conversao 1.0.0,16,ok
090972,per090972_1911_17111,6,0,0,,,triagem/nome-caixa-conversao 1.0.0,16,ok
090972,per090972_1911_17111,7,0,0,,,triagem/nome-caixa-conversao 1.0.0,16,ok
090972,per090972_1911_17111,8,0,0,,,triagem/nome-caixa-conversao 1.0.0,16,ok
090972,per090972_1911_17112,1,0,0,,,triagem/nome-caixa-conversao 1.0.0,16,ok
090972,per090972_1911_17112,2,1,1,caixa deconver,22297,triagem/nome-caixa-conversao 1.0.0,16,ok
090972,per090972_1911_17112,3,0,0,,,triagem/nome-caixa-conversao 1.0.0,16,ok
090972,per090972_1911_17112,4,0,0,,,triagem/nome-caixa-conversao 1.0.0,16,ok
090972,per090972_1911_17112,5,0,0,,,triagem/nome-caixa-conversao 1.0.0,16,ok
090972,per090972_1911_17112,6,0,0,,,triagem/nome-caixa-conversao 1.0.0,16,ok
090972,per090972_1911_17112,7,0,0,,,triagem/nome-caixa-conversao 1.0.0,16,ok
090972,per090972_1911_17112,8,0,0,,,triagem/nome-caixa-conversao 1.0.0,16,ok
090972,per090972_1911_17113,1,0,0,,,triagem/nome-caixa-conversao 1.0.0,16,ok
090972,per090972_1911_17113,2,0,0,,,triagem/nome-caixa-conversao 1.0.0,16,ok
090972,per090972_1911_17113,3,0,0,,,triagem/nome-caixa-conversao 1.0.0,16,ok
090972,per090972_1911_17113,4,0,0,,,triagem/nome-caixa-conversao 1.0.0,16,ok
090972,per090972_1911_17113,5,0,0,,,triagem/nome-caixa-conversao 1.0.0,16,ok
090972,per090972_1911_17113,6,0,0,,,triagem/nome-caixa-conversao 1.0.0,16,ok
090972,per090972_1911_17113,7,0,0,,,triagem/nome-caixa-conversao 1.0.0,16,ok
090972,per090972_1911_17113,8,0,0,,,triagem/nome-caixa-conversao 1.0.0,16,ok
090972,per090972_1911_17114,1,0,0,,,triagem/nome-caixa-conversao 1.0.0,16,ok
090972,per090972_1911_17114,2,0,0,,,triagem/nome-caixa-conversao 1.0.0,16,ok
090972,per090972_1911_17114,3,0,0,,,triagem/nome-caixa-conversao 1.0.0,16,ok
090972,per090972_1911_17114,4,0,0,,,triagem/nome-caixa-conversao 1.0.0,16,ok
090972,per090972_1911_17114,5,0,0,,,triagem/nome-caixa-conversao 1.0.0,16,ok
090972,per090972_1911_17114,6,0,0,,,triagem/nome-caixa-conversao 1.0.0,16,ok
090972,per090972_1911_17114,7,0,0,,,triagem/nome-caixa-conversao 1.0.0,16,ok
090972,per090972_1911_17114,8,0,0,,,triagem/nome-caixa-conversao 1.0.0,16,ok
090972,per090972_1911_17115,1,1,1,caixa de conver,2210,triagem/nome-caixa-conversao 1.0.0,16,ok
090972,per090972_1911_17115,2,0,0,,,triagem/nome-caixa-conversao 1.0.0,16,ok
090972,per090972_1911_17115,3,0,0,,,triagem/nome-caixa-conversao 1.0.0,16,ok
090972,per090972_1911_17115,4,0,0,,,triagem/nome-caixa-conversao 1.0.0,16,ok
090972,per090972_1911_17115,5,0,0,,,triagem/nome-caixa-conversao 1.0.0,16,ok
090972,per090972_1911_17115,6,0,0,,,triagem/nome-caixa-conversao 1.0.0,16,ok
090972,per090972_1911_17115,7,0,0,,,triagem/nome-caixa-conversao 1.0.0,16,ok
090972,per090972_1911_17115,8,0,0,,,triagem/nome-caixa-conversao 1.0.0,16,ok
090972,per090972_1911_17116,1,0,0,,,triagem/nome-caixa-conversao 1.0.0,16,ok
090972,per090972_1911_17116,2,0,0,,,triagem/nome-caixa-conversao 1.0.0,16,ok
090972,per090972_1911_17116,3,0,0,,,triagem/nome-caixa-conversao 1.0.0,16,ok
090972,per090972_1911_17116,4,0,0,,,triagem/nome-caixa-conversao 1.0.0,16,ok
090972,per090972_1911_17116,5,0,0,,,triagem/nome-caixa-conversao 1.0.0,16,ok
090972,per090972_1911_17116,6,0,0,,,triagem/nome-caixa-conversao 1.0.0,16,ok
090972,per090972_1911_17116,7,0,0,,,triagem/nome-caixa-conversao 1.0.0,16,ok
090972,per090972_1911_17116,8,0,0,,,triagem/nome-caixa-conversao 1.0.0,16,ok
090972,per090972_1911_17117,1,0,0,,,triagem/nome-caixa-conversao 1.0.0,16,ok
090972,per090972_1911_17117,2,0,0,,,triagem/nome-caixa-conversao 1.0.0,16,ok
090972,per090972_1911_17117,3,0,0,,,triagem/nome-caixa-conversao 1.0.0,16,ok
090972,per090972_1911_17117,4,0,0,,,triagem/nome-caixa-conversao 1.0.0,16,ok
090972,per090972_1911_17117,5,0,0,,,triagem/nome-caixa-conversao 1.0.0,16,ok
090972,per090972_1911_17117,6,0,0,,,triagem/nome-caixa-conversao 1.0.0,16,ok
090972,per090972_1911_17117,7,0,0,,,triagem/nome-caixa-conversao 1.0.0,16,ok
090972,per090972_1911_17117,8,0,0,,,triagem/nome-caixa-conversao 1.0.0,16,ok
090972,per090972_1911_17118,1,0,0,,,triagem/nome-caixa-conversao 1.0.0,16,ok
090972,per090972_1911_17118,2,0,0,,,triagem/nome-caixa-conversao 1.0.0,16,ok
090972,per090972_1911_17118,3,0,0,,,triagem/nome-caixa-conversao 1.0.0,16,ok
090972,per090972_1911_17118,4,0,0,,,triagem/nome-caixa-conversao 1.0.0,16,ok
090972,per090972_1911_17118,5,0,0,,,triagem/nome-caixa-conversao 1.0.0,16,ok
090972,per090972_1911_17118,6,0,0,,,triagem/nome-caixa-conversao 1.0.0,16,ok
090972,per090972_1911_17118,7,0,0,,,triagem/nome-caixa-conversao 1.0.0,16,ok
090972,per090972_1911_17118,8,0,0,,,triagem/nome-caixa-conversao 1.0.0,16,ok
090972,per090972_1911_17119,1,0,0,,,triagem/nome-caixa-conversao 1.0.0,16,ok
090972,per090972_1911_17119,2,0,0,,,triagem/nome-caixa-conversao 1.0.0,16,ok
090972,per090972_1911_17119,3,0,0,,,triagem/nome-caixa-conversao 1.0.0,16,ok
090972,per090972_1911_17119,4,0,0,,,triagem/nome-caixa-conversao 1.0.0,16,ok
090972,per090972_1911_17119,5,0,0,,,triagem/nome-caixa-conversao 1.0.0,16,ok
090972,per090972_1911_17119,6,0,0,,,triagem/nome-caixa-conversao 1.0.0,16,ok
090972,per090972_1911_17119,7,0,0,,,triagem/nome-caixa-conversao 1.0.0,16,ok
090972,per090972_1911_17119,8,0,0,,,triagem/nome-caixa-conversao 1.0.0,16,ok
090972,per090972_1911_17120,1,0,0,,,triagem/nome-caixa-conversao 1.0.0,16,ok
090972,per090972_1911_17120,2,0,0,,,triagem/nome-caixa-conversao 1.0.0,16,ok
090972,per090972_1911_17120,3,0,0,,,triagem/nome-caixa-conversao 1.0.0,16,ok
090972,per090972_1911_17120,4,0,0,,,triagem/nome-caixa-conversao 1.0.0,16,ok
090972,per090972_1911_17120,5,0,0,,,triagem/nome-caixa-conversao 1.0.0,16,ok
090972,per090972_1911_17120,6,0,0,,,triagem/nome-caixa-conversao 1.0.0,16,ok
090972,per090972_1911_17120,7,0,0,,,triagem/nome-caixa-conversao 1.0.0,16,ok
090972,per090972_1911_17120,8,0,0,,,triagem/nome-caixa-conversao 1.0.0,16,ok
090972,per090972_1911_17121,1,0,0,,,triagem/nome-caixa-conversao 1.0.0,16,ok
090972,per090972_1911_17121,2,0,0,,,triagem/nome-caixa-conversao 1.0.0,16,ok
090972,per090972_1911_17121,3,0,0,,,triagem/nome-caixa-conversao 1.0.0,16,ok
090972,per090972_1911_17121,4,0,0,,,triagem/nome-caixa-conversao 1.0.0,16,ok
090972,per090972_1911_17121,5,0,0,,,triagem/nome-caixa-conversao 1.0.0,16,ok
090972,per090972_1911_17121,6,0,0,,,triagem/nome-caixa-conversao 1.0.0,16,ok
090972,per090972_1911_17121,7,0,0,,,triagem/nome-caixa-conversao 1.0.0,16,ok
090972,per090972_1911_17121,8,0,0,,,triagem/nome-caixa-conversao 1.0.0,16,ok
090972,per090972_1911_17122,1,0,0,,,triagem/nome-caixa-conversao 1.0.0,16,ok
090972,per090972_1911_17122,2,0,0,,,triagem/nome-caixa-conversao 1.0.0,16,ok
090972,per090972_1911_17122,3,0,0,,,triagem/nome-caixa-conversao 1.0.0,16,ok
090972,per090972_1911_17122,4,1,1,caixa do conver,39189,triagem/nome-caixa-conversao 1.0.0,16,ok
090972,per090972_1911_17122,5,0,0,,,triagem/nome-caixa-conversao 1.0.0,16,ok
090972,per090972_1911_17122,6,0,0,,,triagem/nome-caixa-conversao 1.0.0,16,ok
090972,per090972_1911_17122,7,0,0,,,triagem/nome-caixa-conversao 1.0.0,16,ok
090972,per090972_1911_17122,8,0,0,,,triagem/nome-caixa-conversao 1.0.0,16,ok
090972,per090972_1911_17122,9,0,0,,,triagem/nome-caixa-conversao 1.0.0,16,ok
090972,per090972_1911_17122,10,0,0,,,triagem/nome-caixa-conversao 1.0.0,16,ok
090972,per090972_1911_17122,11,0,0,,,triagem/nome-caixa-conversao 1.0.0,16,ok
090972,per090972_1911_17122,12,0,0,,,triagem/nome-caixa-conversao 1.0.0,16,ok
090972,per090972_1911_17123,1,0,0,,,triagem/nome-caixa-conversao 1.0.0,16,ok
090972,per090972_1911_17123,2,0,0,,,triagem/nome-caixa-conversao 1.0.0,16,ok
090972,per090972_1911_17123,3,0,0,,,triagem/nome-caixa-conversao 1.0.0,16,ok
090972,per090972_1911_17123,4,0,0,,,triagem/nome-caixa-conversao 1.0.0,16,ok
090972,per090972_1911_17123,5,0,0,,,triagem/nome-caixa-conversao 1.0.0,16,ok
090972,per090972_1911_17123,6,0,0,,,triagem/nome-caixa-conversao 1.0.0,16,ok
090972,per090972_1911_17123,7,0,0,,,triagem/nome-caixa-conversao 1.0.0,16,ok
090972,per090972_1911_17123,8,0,0,,,triagem/nome-caixa-conversao 1.0.0,16,ok
090972,per090972_1911_17124,1,1,1,caixa do conver,3415,triagem/nome-caixa-conversao 1.0.0,16,ok
090972,per090972_1911_17124,2,0,0,,,triagem/nome-caixa-conversao 1.0.0,16,ok
090972,per090972_1911_17124,3,0,0,,,triagem/nome-caixa-conversao 1.0.0,16,ok
090972,per090972_1911_17124,4,0,0,,,triagem/nome-caixa-conversao 1.0.0,16,ok
090972,per090972_1911_17124,5,0,0,,,triagem/nome-caixa-conversao 1.0.0,16,ok
090972,per090972_1911_17124,6,0,0,,,triagem/nome-caixa-conversao 1.0.0,16,ok
090972,per090972_1911_17124,7,0,0,,,triagem/nome-caixa-conversao 1.0.0,16,ok
090972,per090972_1911_17124,8,0,0,,,triagem/nome-caixa-conversao 1.0.0,16,ok
090972,per090972_1911_17125,1,0,0,,,triagem/nome-caixa-conversao 1.0.0,16,ok
090972,per090972_1911_17125,2,0,0,,,triagem/nome-caixa-conversao 1.0.0,16,ok
090972,per090972_1911_17125,3,0,0,,,triagem/nome-caixa-conversao 1.0.0,16,ok
090972,per090972_1911_17125,4,0,0,,,triagem/nome-caixa-conversao 1.0.0,16,ok
090972,per090972_1911_17125,5,0,0,,,triagem/nome-caixa-conversao 1.0.0,16,ok
090972,per090972_1911_17125,6,0,0,,,triagem/nome-caixa-conversao 1.0.0,16,ok
090972,per090972_1911_17125,7,0,0,,,triagem/nome-caixa-conversao 1.0.0,16,ok
090972,per090972_1911_17125,8,0,0,,,triagem/nome-caixa-conversao 1.0.0,16,ok
090972,per090972_1911_17126,1,0,0,,,triagem/nome-caixa-conversao 1.0.0,16,ok
090972,per090972_1911_17126,2,0,0,,,triagem/nome-caixa-conversao 1.0.0,16,ok
090972,per090972_1911_17126,3,0,0,,,triagem/nome-caixa-conversao 1.0.0,16,ok
090972,per090972_1911_17126,4,0,0,,,triagem/nome-caixa-conversao 1.0.0,16,ok
090972,per090972_1911_17126,5,0,0,,,triagem/nome-caixa-conversao 1.0.0,16,ok
090972,per090972_1911_17126,6,0,0,,,triagem/nome-caixa-conversao 1.0.0,16,ok
090972,per090972_1911_17126,7,0,0,,,triagem/nome-caixa-conversao 1.0.0,16,ok
090972,per090972_1911_17126,8,0,0,,,triagem/nome-caixa-conversao 1.0.0,16,ok
090972,per090972_1911_17127,1,1,1,caixa do conver,17015,triagem/nome-caixa-conversao 1.0.0,16,ok
090972,per090972_1911_17127,2,0,0,,,triagem/nome-caixa-conversao 1.0.0,16,ok
090972,per090972_1911_17127,3,0,0,,,triagem/nome-caixa-conversao 1.0.0,16,ok
090972,per090972_1911_17127,4,0,0,,,triagem/nome-caixa-conversao 1.0.0,16,ok
090972,per090972_1911_17127,5,0,0,,,triagem/nome-caixa-conversao 1.0.0,16,ok
090972,per090972_1911_17127,6,0,0,,,triagem/nome-caixa-conversao 1.0.0,16,ok
090972,per090972_1911_17127,7,0,0,,,triagem/nome-caixa-conversao 1.0.0,16,ok
090972,per090972_1911_17127,8,0,0,,,triagem/nome-caixa-conversao 1.0.0,16,ok
090972,per090972_1911_17127,9,0,0,,,triagem/nome-caixa-conversao 1.0.0,16,ok
090972,per090972_1911_17127,10,0,0,,,triagem/nome-caixa-conversao 1.0.0,16,ok
090972,per090972_1911_17128,1,0,0,,,triagem/nome-caixa-conversao 1.0.0,16,ok
090972,per090972_1911_17128,2,0,0,,,triagem/nome-caixa-conversao 1.0.0,16,ok
090972,per090972_1911_17128,3,0,0,,,triagem/nome-caixa-conversao 1.0.0,16,ok
090972,per090972_1911_17128,4,0,0,,,triagem/nome-caixa-conversao 1.0.0,16,ok
090972,per090972_1911_17128,5,0,0,,,triagem/nome-caixa-conversao 1.0.0,16,ok
090972,per090972_1911_17128,6,0,0,,,triagem/nome-caixa-conversao 1.0.0,16,ok
090972,per090972_1911_17128,7,0,0,,,triagem/nome-caixa-conversao 1.0.0,16,ok
090972,per090972_1911_17128,8,0,0,,,triagem/nome-caixa-conversao 1.0.0,16,ok
090972,per090972_1911_17129,1,0,0,,,triagem/nome-caixa-conversao 1.0.0,16,ok
090972,per090972_1911_17129,2,0,0,,,triagem/nome-caixa-conversao 1.0.0,16,ok
090972,per090972_1911_17129,3,0,0,,,triagem/nome-caixa-conversao 1.0.0,16,ok
090972,per090972_1911_17129,4,0,0,,,triagem/nome-caixa-conversao 1.0.0,16,ok
090972,per090972_1911_17129,5,0,0,,,triagem/nome-caixa-conversao 1.0.0,16,ok
090972,per090972_1911_17129,6,0,0,,,triagem/nome-caixa-conversao 1.0.0,16,ok
090972,per090972_1911_17129,7,0,0,,,triagem/nome-caixa-conversao 1.0.0,16,ok
090972,per090972_1911_17129,8,0,0,,,triagem/nome-caixa-conversao 1.0.0,16,ok
090972,per090972_1911_17129,9,0,0,,,triagem/nome-caixa-conversao 1.0.0,16,ok
090972,per090972_1911_17129,10,0,0,,,triagem/nome-caixa-conversao 1.0.0,16,ok
090972,per090972_1911_17129,11,0,0,,,triagem/nome-caixa-conversao 1.0.0,16,ok
090972,per090972_1911_17129,12,0,0,,,triagem/nome-caixa-conversao 1.0.0,16,ok
090972,per090972_1911_17130,1,0,0,,,triagem/nome-caixa-conversao 1.0.0,16,ok
090972,per090972_1911_17130,2,0,0,,,triagem/nome-caixa-conversao 1.0.0,16,ok
090972,per090972_1911_17130,3,0,0,,,triagem/nome-caixa-conversao 1.0.0,16,ok
090972,per090972_1911_17130,4,0,0,,,triagem/nome-caixa-conversao 1.0.0,16,ok
090972,per090972_1911_17130,5,0,0,,,triagem/nome-caixa-conversao 1.0.0,16,ok
090972,per090972_1911_17130,6,0,0,,,triagem/nome-caixa-conversao 1.0.0,16,ok
090972,per090972_1911_17130,7,0,0,,,triagem/nome-caixa-conversao 1.0.0,16,ok
090972,per090972_1911_17130,8,0,0,,,triagem/nome-caixa-conversao 1.0.0,16,ok
090972,per090972_1911_17131,1,0,0,,,triagem/nome-caixa-conversao 1.0.0,16,ok
090972,per090972_1911_17131,2,0,0,,,triagem/nome-caixa-conversao 1.0.0,16,ok
090972,per090972_1911_17131,3,0,0,,,triagem/nome-caixa-conversao 1.0.0,16,ok
090972,per090972_1911_17131,4,0,0,,,triagem/nome-caixa-conversao 1.0.0,16,ok
090972,per090972_1911_17131,5,0,0,,,triagem/nome-caixa-conversao 1.0.0,16,ok
090972,per090972_1911_17131,6,0,0,,,triagem/nome-caixa-conversao 1.0.0,16,ok
090972,per090972_1911_17131,7,0,0,,,triagem/nome-caixa-conversao 1.0.0,16,ok
090972,per090972_1911_17131,8,0,0,,,triagem/nome-caixa-conversao 1.0.0,16,ok
090972,per090972_1911_17132,1,0,0,,,triagem/nome-caixa-conversao 1.0.0,16,ok
090972,per090972_1911_17132,2,0,0,,,triagem/nome-caixa-conversao 1.0.0,16,ok
090972,per090972_1911_17132,3,0,0,,,triagem/nome-caixa-conversao 1.0.0,16,ok
090972,per090972_1911_17132,4,0,0,,,triagem/nome-caixa-conversao 1.0.0,16,ok
090972,per090972_1911_17132,5,0,0,,,triagem/nome-caixa-conversao 1.0.0,16,ok
090972,per090972_1911_17132,6,0,0,,,triagem/nome-caixa-conversao 1.0.0,16,ok
090972,per090972_1911_17132,7,0,0,,,triagem/nome-caixa-conversao 1.0.0,16,ok
090972,per090972_1911_17132,8,0,0,,,triagem/nome-caixa-conversao 1.0.0,16,ok
090972,per090972_1911_17133,1,0,0,,,triagem/nome-caixa-conversao 1.0.0,16,ok
090972,per090972_1911_17133,2,0,0,,,triagem/nome-caixa-conversao 1.0.0,16,ok
090972,per090972_1911_17133,3,0,0,,,triagem/nome-caixa-conversao 1.0.0,16,ok
090972,per090972_1911_17133,4,0,0,,,triagem/nome-caixa-conversao 1.0.0,16,ok
090972,per090972_1911_17133,5,0,0,,,triagem/nome-caixa-conversao 1.0.0,16,ok
090972,per090972_1911_17133,6,0,0,,,triagem/nome-caixa-conversao 1.0.0,16,ok
090972,per090972_1911_17133,7,0,0,,,triagem/nome-caixa-conversao 1.0.0,16,ok
090972,per090972_1911_17133,8,0,0,,,triagem/nome-caixa-conversao 1.0.0,16,ok
090972,per090972_1911_17133,9,0,0,,,triagem/nome-caixa-conversao 1.0.0,16,ok
090972,per090972_1911_17133,10,0,0,,,triagem/nome-caixa-conversao 1.0.0,16,ok
090972,per090972_1911_17134,1,0,0,,,triagem/nome-caixa-conversao 1.0.0,16,ok
090972,per090972_1911_17134,2,0,0,,,triagem/nome-caixa-conversao 1.0.0,16,ok
090972,per090972_1911_17134,3,0,0,,,triagem/nome-caixa-conversao 1.0.0,16,ok
090972,per090972_1911_17134,4,0,0,,,triagem/nome-caixa-conversao 1.0.0,16,ok
090972,per090972_1911_17134,5,0,0,,,triagem/nome-caixa-conversao 1.0.0,16,ok
090972,per090972_1911_17134,6,0,0,,,triagem/nome-caixa-conversao 1.0.0,16,ok
090972,per090972_1911_17134,7,0,0,,,triagem/nome-caixa-conversao 1.0.0,16,ok
090972,per090972_1911_17134,8,0,0,,,triagem/nome-caixa-conversao 1.0.0,16,ok
090972,per090972_1911_17135,1,0,0,,,triagem/nome-caixa-conversao 1.0.0,16,ok
090972,per090972_1911_17135,2,0,0,,,triagem/nome-caixa-conversao 1.0.0,16,ok
090972,per090972_1911_17135,3,0,0,,,triagem/nome-caixa-conversao 1.0.0,16,ok
090972,per090972_1911_17135,4,0,0,,,triagem/nome-caixa-conversao 1.0.0,16,ok
090972,per090972_1911_17135,5,0,0,,,triagem/nome-caixa-conversao 1.0.0,16,ok
090972,per090972_1911_17135,6,0,0,,,triagem/nome-caixa-conversao 1.0.0,16,ok
090972,per090972_1911_17136,1,0,0,,,triagem/nome-caixa-conversao 1.0.0,16,ok
090972,per090972_1911_17136,2,0,0,,,triagem/nome-caixa-conversao 1.0.0,16,ok
090972,per090972_1911_17136,3,0,0,,,triagem/nome-caixa-conversao 1.0.0,16,ok
090972,per090972_1911_17136,4,0,0,,,triagem/nome-caixa-conversao 1.0.0,16,ok
090972,per090972_1911_17136,5,0,0,,,triagem/nome-caixa-conversao 1.0.0,16,ok
090972,per090972_1911_17136,6,0,0,,,triagem/nome-caixa-conversao 1.0.0,16,ok
090972,per090972_1911_17136,7,0,0,,,triagem/nome-caixa-conversao 1.0.0,16,ok
090972,per090972_1911_17136,8,0,0,,,triagem/nome-caixa-conversao 1.0.0,16,ok
090972,per090972_1911_17136,9,0,0,,,triagem/nome-caixa-conversao 1.0.0,16,ok
090972,per090972_1911_17136,10,0,0,,,triagem/nome-caixa-conversao 1.0.0,16,ok
090972,per090972_1911_17137,1,0,0,,,triagem/nome-caixa-conversao 1.0.0,16,ok
090972,per090972_1911_17137,2,0,0,,,triagem/nome-caixa-conversao 1.0.0,16,ok
090972,per090972_1911_17137,3,0,0,,,triagem/nome-caixa-conversao 1.0.0,16,ok
090972,per090972_1911_17137,4,0,0,,,triagem/nome-caixa-conversao 1.0.0,16,ok
090972,per090972_1911_17137,5,0,0,,,triagem/nome-caixa-conversao 1.0.0,16,ok
090972,per090972_1911_17137,6,0,0,,,triagem/nome-caixa-conversao 1.0.0,16,ok
090972,per090972_1911_17137,7,0,0,,,triagem/nome-caixa-conversao 1.0.0,16,ok
090972,per090972_1911_17137,8,0,0,,,triagem/nome-caixa-conversao 1.0.0,16,ok
090972,per090972_1911_17138,1,0,0,,,triagem/nome-caixa-conversao 1.0.0,16,ok
090972,per090972_1911_17138,2,0,0,,,triagem/nome-caixa-conversao 1.0.0,16,ok
090972,per090972_1911_17138,3,0,0,,,triagem/nome-caixa-conversao 1.0.0,16,ok
090972,per090972_1911_17138,4,0,0,,,triagem/nome-caixa-conversao 1.0.0,16,ok
090972,per090972_1911_17138,5,0,0,,,triagem/nome-caixa-conversao 1.0.0,16,ok
090972,per090972_1911_17138,6,0,0,,,triagem/nome-caixa-conversao 1.0.0,16,ok
090972,per090972_1911_17138,7,0,0,,,triagem/nome-caixa-conversao 1.0.0,16,ok
090972,per090972_1911_17138,8,0,0,,,triagem/nome-caixa-conversao 1.0.0,16,ok
090972,per090972_1911_17138,9,0,0,,,triagem/nome-caixa-conversao 1.0.0,16,ok
090972,per090972_1911_17138,10,0,0,,,triagem/nome-caixa-conversao 1.0.0,16,ok
090972,per090972_1911_17139,1,0,0,,,triagem/nome-caixa-conversao 1.0.0,16,ok
090972,per090972_1911_17139,2,0,0,,,triagem/nome-caixa-conversao 1.0.0,16,ok
090972,per090972_1911_17139,3,0,0,,,triagem/nome-caixa-conversao 1.0.0,16,ok
090972,per090972_1911_17139,4,0,0,,,triagem/nome-caixa-conversao 1.0.0,16,ok
090972,per090972_1911_17139,5,0,0,,,triagem/nome-caixa-conversao 1.0.0,16,ok
090972,per090972_1911_17139,6,0,0,,,triagem/nome-caixa-conversao 1.0.0,16,ok
090972,per090972_1911_17139,7,0,0,,,triagem/nome-caixa-conversao 1.0.0,16,ok
090972,per090972_1911_17139,8,0,0,,,triagem/nome-caixa-conversao 1.0.0,16,ok
090972,per090972_1911_17139,9,0,0,,,triagem/nome-caixa-conversao 1.0.0,16,ok
090972,per090972_1911_17139,10,0,0,,,triagem/nome-caixa-conversao 1.0.0,16,ok
090972,per090972_1911_17140,1,1,1,caixa deconver,20136,triagem/nome-caixa-conversao 1.0.0,16,ok
090972,per090972_1911_17140,2,0,0,,,triagem/nome-caixa-conversao 1.0.0,16,ok
090972,per090972_1911_17140,3,0,0,,,triagem/nome-caixa-conversao 1.0.0,16,ok
090972,per090972_1911_17140,4,0,0,,,triagem/nome-caixa-conversao 1.0.0,16,ok
090972,per090972_1911_17140,5,0,0,,,triagem/nome-caixa-conversao 1.0.0,16,ok
090972,per090972_1911_17140,6,0,0,,,triagem/nome-caixa-conversao 1.0.0,16,ok
090972,per090972_1911_17140,7,0,0,,,triagem/nome-caixa-conversao 1.0.0,16,ok
090972,per090972_1911_17140,8,0,0,,,triagem/nome-caixa-conversao 1.0.0,16,ok
090972,per090972_1911_17140,9,0,0,,,triagem/nome-caixa-conversao 1.0.0,16,ok
090972,per090972_1911_17140,10,0,0,,,triagem/nome-caixa-conversao 1.0.0,16,ok
090972,per090972_1911_17141,1,0,0,,,triagem/nome-caixa-conversao 1.0.0,16,ok
090972,per090972_1911_17141,2,0,0,,,triagem/nome-caixa-conversao 1.0.0,16,ok
090972,per090972_1911_17141,3,0,0,,,triagem/nome-caixa-conversao 1.0.0,16,ok
090972,per090972_1911_17141,4,0,0,,,triagem/nome-caixa-conversao 1.0.0,16,ok
090972,per090972_1911_17141,5,0,0,,,triagem/nome-caixa-conversao 1.0.0,16,ok
090972,per090972_1911_17141,6,0,0,,,triagem/nome-caixa-conversao 1.0.0,16,ok
090972,per090972_1911_17141,7,0,0,,,triagem/nome-caixa-conversao 1.0.0,16,ok
090972,per090972_1911_17141,8,0,0,,,triagem/nome-caixa-conversao 1.0.0,16,ok
090972,per090972_1911_17142,1,1,1,caixa do conver,5938,triagem/nome-caixa-conversao 1.0.0,16,ok
090972,per090972_1911_17142,2,0,0,,,triagem/nome-caixa-conversao 1.0.0,16,ok
090972,per090972_1911_17142,3,0,0,,,triagem/nome-caixa-conversao 1.0.0,16,ok
090972,per090972_1911_17142,4,0,0,,,triagem/nome-caixa-conversao 1.0.0,16,ok
090972,per090972_1911_17142,5,0,0,,,triagem/nome-caixa-conversao 1.0.0,16,ok
090972,per090972_1911_17142,6,0,0,,,triagem/nome-caixa-conversao 1.0.0,16,ok
090972,per090972_1911_17142,7,0,0,,,triagem/nome-caixa-conversao 1.0.0,16,ok
090972,per090972_1911_17142,8,0,0,,,triagem/nome-caixa-conversao 1.0.0,16,ok
090972,per090972_1911_17143,1,0,0,,,triagem/nome-caixa-conversao 1.0.0,16,ok
090972,per090972_1911_17143,2,0,0,,,triagem/nome-caixa-conversao 1.0.0,16,ok
090972,per090972_1911_17143,3,0,0,,,triagem/nome-caixa-conversao 1.0.0,16,ok
090972,per090972_1911_17143,4,0,0,,,triagem/nome-caixa-conversao 1.0.0,16,ok
090972,per090972_1911_17143,5,0,0,,,triagem/nome-caixa-conversao 1.0.0,16,ok
090972,per090972_1911_17143,6,0,0,,,triagem/nome-caixa-conversao 1.0.0,16,ok
090972,per090972_1911_17143,7,0,0,,,triagem/nome-caixa-conversao 1.0.0,16,ok
090972,per090972_1911_17143,8,0,0,,,triagem/nome-caixa-conversao 1.0.0,16,ok
090972,per090972_1911_17144,1,0,0,,,triagem/nome-caixa-conversao 1.0.0,16,ok
090972,per090972_1911_17144,2,0,0,,,triagem/nome-caixa-conversao 1.0.0,16,ok
090972,per090972_1911_17144,3,0,0,,,triagem/nome-caixa-conversao 1.0.0,16,ok
090972,per090972_1911_17144,4,0,0,,,triagem/nome-caixa-conversao 1.0.0,16,ok
090972,per090972_1911_17144,5,0,0,,,triagem/nome-caixa-conversao 1.0.0,16,ok
090972,per090972_1911_17144,6,0,0,,,triagem/nome-caixa-conversao 1.0.0,16,ok
090972,per090972_1911_17144,7,0,0,,,triagem/nome-caixa-conversao 1.0.0,16,ok
090972,per090972_1911_17144,8,0,0,,,triagem/nome-caixa-conversao 1.0.0,16,ok
090972,per090972_1911_17145,1,0,0,,,triagem/nome-caixa-conversao 1.0.0,16,ok
090972,per090972_1911_17145,2,0,0,,,triagem/nome-caixa-conversao 1.0.0,16,ok
090972,per090972_1911_17145,3,0,0,,,triagem/nome-caixa-conversao 1.0.0,16,ok
090972,per090972_1911_17145,4,0,0,,,triagem/nome-caixa-conversao 1.0.0,16,ok
090972,per090972_1911_17145,5,0,0,,,triagem/nome-caixa-conversao 1.0.0,16,ok
090972,per090972_1911_17145,6,0,0,,,triagem/nome-caixa-conversao 1.0.0,16,ok
090972,per090972_1911_17145,7,0,0,,,triagem/nome-caixa-conversao 1.0.0,16,ok
090972,per090972_1911_17145,8,0,0,,,triagem/nome-caixa-conversao 1.0.0,16,ok
090972,per090972_1911_17145,9,0,0,,,triagem/nome-caixa-conversao 1.0.0,16,ok
090972,per090972_1911_17145,10,0,0,,,triagem/nome-caixa-conversao 1.0.0,16,ok
090972,per090972_1911_17146,1,0,0,,,triagem/nome-caixa-conversao 1.0.0,16,ok
090972,per090972_1911_17146,2,0,0,,,triagem/nome-caixa-conversao 1.0.0,16,ok
090972,per090972_1911_17146,3,0,0,,,triagem/nome-caixa-conversao 1.0.0,16,ok
090972,per090972_1911_17146,4,0,0,,,triagem/nome-caixa-conversao 1.0.0,16,ok
090972,per090972_1911_17146,5,0,0,,,triagem/nome-caixa-conversao 1.0.0,16,ok
090972,per090972_1911_17146,6,0,0,,,triagem/nome-caixa-conversao 1.0.0,16,ok
090972,per090972_1911_17146,7,0,0,,,triagem/nome-caixa-conversao 1.0.0,16,ok
090972,per090972_1911_17146,8,0,0,,,triagem/nome-caixa-conversao 1.0.0,16,ok
090972,per090972_1911_17147,1,0,0,,,triagem/nome-caixa-conversao 1.0.0,16,ok
090972,per090972_1911_17147,2,0,0,,,triagem/nome-caixa-conversao 1.0.0,16,ok
090972,per090972_1911_17147,3,0,0,,,triagem/nome-caixa-conversao 1.0.0,16,ok
090972,per090972_1911_17147,4,0,0,,,triagem/nome-caixa-conversao 1.0.0,16,ok
090972,per090972_1911_17147,5,0,0,,,triagem/nome-caixa-conversao 1.0.0,16,ok
090972,per090972_1911_17147,6,0,0,,,triagem/nome-caixa-conversao 1.0.0,16,ok
090972,per090972_1911_17147,7,0,0,,,triagem/nome-caixa-conversao 1.0.0,16,ok
090972,per090972_1911_17147,8,0,0,,,triagem/nome-caixa-conversao 1.0.0,16,ok
090972,per090972_1911_17148,1,0,0,,,triagem/nome-caixa-conversao 1.0.0,16,ok
090972,per090972_1911_17148,2,0,0,,,triagem/nome-caixa-conversao 1.0.0,16,ok
090972,per090972_1911_17148,3,0,0,,,triagem/nome-caixa-conversao 1.0.0,16,ok
090972,per090972_1911_17148,4,0,0,,,triagem/nome-caixa-conversao 1.0.0,16,ok
090972,per090972_1911_17148,5,0,0,,,triagem/nome-caixa-conversao 1.0.0,16,ok
090972,per090972_1911_17148,6,0,0,,,triagem/nome-caixa-conversao 1.0.0,16,ok
090972,per090972_1911_17148,7,0,0,,,triagem/nome-caixa-conversao 1.0.0,16,ok
090972,per090972_1911_17148,8,0,0,,,triagem/nome-caixa-conversao 1.0.0,16,ok
090972,per090972_1911_17148,9,0,0,,,triagem/nome-caixa-conversao 1.0.0,16,ok
090972,per090972_1911_17148,10,0,0,,,triagem/nome-caixa-conversao 1.0.0,16,ok
090972,per090972_1911_17149,1,1,1,caixa de conver,10643,triagem/nome-caixa-conversao 1.0.0,16,ok
090972,per090972_1911_17149,2,0,0,,,triagem/nome-caixa-conversao 1.0.0,16,ok
090972,per090972_1911_17149,3,0,0,,,triagem/nome-caixa-conversao 1.0.0,16,ok
090972,per090972_1911_17149,4,0,0,,,triagem/nome-caixa-conversao 1.0.0,16,ok
090972,per090972_1911_17149,5,0,0,,,triagem/nome-caixa-conversao 1.0.0,16,ok
090972,per090972_1911_17149,6,0,0,,,triagem/nome-caixa-conversao 1.0.0,16,ok
090972,per090972_1911_17149,7,0,0,,,triagem/nome-caixa-conversao 1.0.0,16,ok
090972,per090972_1911_17149,8,0,0,,,triagem/nome-caixa-conversao 1.0.0,16,ok
090972,per090972_1911_17149,9,0,0,,,triagem/nome-caixa-conversao 1.0.0,16,ok
090972,per090972_1911_17149,10,0,0,,,triagem/nome-caixa-conversao 1.0.0,16,ok
090972,per090972_1911_17150,1,0,0,,,triagem/nome-caixa-conversao 1.0.0,16,ok
090972,per090972_1911_17150,2,0,0,,,triagem/nome-caixa-conversao 1.0.0,16,ok
090972,per090972_1911_17150,3,0,0,,,triagem/nome-caixa-conversao 1.0.0,16,ok
090972,per090972_1911_17150,4,0,0,,,triagem/nome-caixa-conversao 1.0.0,16,ok
090972,per090972_1911_17150,5,0,0,,,triagem/nome-caixa-conversao 1.0.0,16,ok
090972,per090972_1911_17150,6,0,0,,,triagem/nome-caixa-conversao 1.0.0,16,ok
090972,per090972_1911_17150,7,0,0,,,triagem/nome-caixa-conversao 1.0.0,16,ok
090972,per090972_1911_17150,8,0,0,,,triagem/nome-caixa-conversao 1.0.0,16,ok
090972,per090972_1911_17150,9,0,0,,,triagem/nome-caixa-conversao 1.0.0,16,ok
090972,per090972_1911_17150,10,0,0,,,triagem/nome-caixa-conversao 1.0.0,16,ok
090972,per090972_1911_17150,11,0,0,,,triagem/nome-caixa-conversao 1.0.0,16,ok
090972,per090972_1911_17150,12,0,0,,,triagem/nome-caixa-conversao 1.0.0,16,ok
090972,per090972_1911_17151,1,1,1,caixa de conver,28214,triagem/nome-caixa-conversao 1.0.0,16,ok
090972,per090972_1911_17151,2,0,0,,,triagem/nome-caixa-conversao 1.0.0,16,ok
090972,per090972_1911_17151,3,0,0,,,triagem/nome-caixa-conversao 1.0.0,16,ok
090972,per090972_1911_17151,4,0,0,,,triagem/nome-caixa-conversao 1.0.0,16,ok
090972,per090972_1911_17151,5,0,0,,,triagem/nome-caixa-conversao 1.0.0,16,ok
090972,per090972_1911_17151,6,0,0,,,triagem/nome-caixa-conversao 1.0.0,16,ok
090972,per090972_1911_17151,7,0,0,,,triagem/nome-caixa-conversao 1.0.0,16,ok
090972,per090972_1911_17151,8,0,0,,,triagem/nome-caixa-conversao 1.0.0,16,ok
090972,per090972_1911_17152,1,0,0,,,triagem/nome-caixa-conversao 1.0.0,16,ok
090972,per090972_1911_17152,2,0,0,,,triagem/nome-caixa-conversao 1.0.0,16,ok
090972,per090972_1911_17152,3,0,0,,,triagem/nome-caixa-conversao 1.0.0,16,ok
090972,per090972_1911_17152,4,0,0,,,triagem/nome-caixa-conversao 1.0.0,16,ok
090972,per090972_1911_17152,5,0,0,,,triagem/nome-caixa-conversao 1.0.0,16,ok
090972,per090972_1911_17152,6,0,0,,,triagem/nome-caixa-conversao 1.0.0,16,ok
090972,per090972_1911_17152,7,0,0,,,triagem/nome-caixa-conversao 1.0.0,16,ok
090972,per090972_1911_17152,8,0,0,,,triagem/nome-caixa-conversao 1.0.0,16,ok
090972,per090972_1911_17153,1,0,0,,,triagem/nome-caixa-conversao 1.0.0,16,ok
090972,per090972_1911_17153,2,0,0,,,triagem/nome-caixa-conversao 1.0.0,16,ok
090972,per090972_1911_17153,3,0,0,,,triagem/nome-caixa-conversao 1.0.0,16,ok
090972,per090972_1911_17153,4,0,0,,,triagem/nome-caixa-conversao 1.0.0,16,ok
090972,per090972_1911_17153,5,0,0,,,triagem/nome-caixa-conversao 1.0.0,16,ok
090972,per090972_1911_17153,6,0,0,,,triagem/nome-caixa-conversao 1.0.0,16,ok
090972,per090972_1911_17153,7,0,0,,,triagem/nome-caixa-conversao 1.0.0,16,ok
090972,per090972_1911_17153,8,0,0,,,triagem/nome-caixa-conversao 1.0.0,16,ok
090972,per090972_1911_17153,9,0,0,,,triagem/nome-caixa-conversao 1.0.0,16,ok
090972,per090972_1911_17153,10,0,0,,,triagem/nome-caixa-conversao 1.0.0,16,ok
090972,per090972_1911_17154,1,0,0,,,triagem/nome-caixa-conversao 1.0.0,16,ok
090972,per090972_1911_17154,2,0,0,,,triagem/nome-caixa-conversao 1.0.0,16,ok
090972,per090972_1911_17154,3,1,1,caixa de conver,9816,triagem/nome-caixa-conversao 1.0.0,16,ok
090972,per090972_1911_17154,4,1,1,caixa de conver,958,triagem/nome-caixa-conversao 1.0.0,16,ok
090972,per090972_1911_17154,5,0,0,,,triagem/nome-caixa-conversao 1.0.0,16,ok
090972,per090972_1911_17154,6,0,0,,,triagem/nome-caixa-conversao 1.0.0,16,ok
090972,per090972_1911_17154,7,0,0,,,triagem/nome-caixa-conversao 1.0.0,16,ok
090972,per090972_1911_17154,8,0,0,,,triagem/nome-caixa-conversao 1.0.0,16,ok
090972,per090972_1911_17154,9,0,0,,,triagem/nome-caixa-conversao 1.0.0,16,ok
090972,per090972_1911_17154,10,0,0,,,triagem/nome-caixa-conversao 1.0.0,16,ok
090972,per090972_1911_17155,1,0,0,,,triagem/nome-caixa-conversao 1.0.0,16,ok
090972,per090972_1911_17155,2,1,1,caixa de conver,25194,triagem/nome-caixa-conversao 1.0.0,16,ok
090972,per090972_1911_17155,3,0,0,,,triagem/nome-caixa-conversao 1.0.0,16,ok
090972,per090972_1911_17155,4,0,0,,,triagem/nome-caixa-conversao 1.0.0,16,ok
090972,per090972_1911_17155,5,0,0,,,triagem/nome-caixa-conversao 1.0.0,16,ok
090972,per090972_1911_17155,6,0,0,,,triagem/nome-caixa-conversao 1.0.0,16,ok
090972,per090972_1911_17155,7,0,0,,,triagem/nome-caixa-conversao 1.0.0,16,ok
090972,per090972_1911_17155,8,0,0,,,triagem/nome-caixa-conversao 1.0.0,16,ok
090972,per090972_1911_17156,1,0,0,,,triagem/nome-caixa-conversao 1.0.0,16,ok
090972,per090972_1911_17156,2,0,0,,,triagem/nome-caixa-conversao 1.0.0,16,ok
090972,per090972_1911_17156,3,0,0,,,triagem/nome-caixa-conversao 1.0.0,16,ok
090972,per090972_1911_17156,4,0,0,,,triagem/nome-caixa-conversao 1.0.0,16,ok
090972,per090972_1911_17156,5,0,0,,,triagem/nome-caixa-conversao 1.0.0,16,ok
090972,per090972_1911_17156,6,0,0,,,triagem/nome-caixa-conversao 1.0.0,16,ok
090972,per090972_1911_17156,7,0,0,,,triagem/nome-caixa-conversao 1.0.0,16,ok
090972,per090972_1911_17156,8,0,0,,,triagem/nome-caixa-conversao 1.0.0,16,ok
090972,per090972_1911_17156,9,0,0,,,triagem/nome-caixa-conversao 1.0.0,16,ok
090972,per090972_1911_17156,10,0,0,,,triagem/nome-caixa-conversao 1.0.0,16,ok
090972,per090972_1911_17157,1,0,0,,,triagem/nome-caixa-conversao 1.0.0,16,ok
090972,per090972_1911_17157,2,0,0,,,triagem/nome-caixa-conversao 1.0.0,16,ok
090972,per090972_1911_17157,3,0,0,,,triagem/nome-caixa-conversao 1.0.0,16,ok
090972,per090972_1911_17157,4,0,0,,,triagem/nome-caixa-conversao 1.0.0,16,ok
090972,per090972_1911_17157,5,0,0,,,triagem/nome-caixa-conversao 1.0.0,16,ok
090972,per090972_1911_17157,6,0,0,,,triagem/nome-caixa-conversao 1.0.0,16,ok
090972,per090972_1911_17157,7,0,0,,,triagem/nome-caixa-conversao 1.0.0,16,ok
090972,per090972_1911_17157,8,0,0,,,triagem/nome-caixa-conversao 1.0.0,16,ok
090972,per090972_1911_17157,9,0,0,,,triagem/nome-caixa-conversao 1.0.0,16,ok
090972,per090972_1911_17157,10,0,0,,,triagem/nome-caixa-conversao 1.0.0,16,ok
090972,per090972_1911_17157,11,0,0,,,triagem/nome-caixa-conversao 1.0.0,16,ok
090972,per090972_1911_17157,12,0,0,,,triagem/nome-caixa-conversao 1.0.0,16,ok
090972,per090972_1911_17158,1,0,0,,,triagem/nome-caixa-conversao 1.0.0,16,ok
090972,per090972_1911_17158,2,0,0,,,triagem/nome-caixa-conversao 1.0.0,16,ok
090972,per090972_1911_17158,3,0,0,,,triagem/nome-caixa-conversao 1.0.0,16,ok
090972,per090972_1911_17158,4,0,0,,,triagem/nome-caixa-conversao 1.0.0,16,ok
090972,per090972_1911_17158,5,0,0,,,triagem/nome-caixa-conversao 1.0.0,16,ok
090972,per090972_1911_17158,6,0,0,,,triagem/nome-caixa-conversao 1.0.0,16,ok
090972,per090972_1911_17158,7,0,0,,,triagem/nome-caixa-conversao 1.0.0,16,ok
090972,per090972_1911_17158,8,0,0,,,triagem/nome-caixa-conversao 1.0.0,16,ok
090972,per090972_1911_17159,1,0,0,,,triagem/nome-caixa-conversao 1.0.0,16,ok
090972,per090972_1911_17159,2,0,0,,,triagem/nome-caixa-conversao 1.0.0,16,ok
090972,per090972_1911_17159,3,0,0,,,triagem/nome-caixa-conversao 1.0.0,16,ok
090972,per090972_1911_17159,4,0,0,,,triagem/nome-caixa-conversao 1.0.0,16,ok
090972,per090972_1911_17159,5,0,0,,,triagem/nome-caixa-conversao 1.0.0,16,ok
090972,per090972_1911_17159,6,0,0,,,triagem/nome-caixa-conversao 1.0.0,16,ok
090972,per090972_1911_17159,7,0,0,,,triagem/nome-caixa-conversao 1.0.0,16,ok
090972,per090972_1911_17159,8,0,0,,,triagem/nome-caixa-conversao 1.0.0,16,ok
090972,per090972_1911_17159,9,0,0,,,triagem/nome-caixa-conversao 1.0.0,16,ok
090972,per090972_1911_17159,10,0,0,,,triagem/nome-caixa-conversao 1.0.0,16,ok
090972,per090972_1911_17160,1,0,0,,,triagem/nome-caixa-conversao 1.0.0,16,ok
090972,per090972_1911_17160,2,0,0,,,triagem/nome-caixa-conversao 1.0.0,16,ok
090972,per090972_1911_17160,3,1,1,caixa de conver,8605,triagem/nome-caixa-conversao 1.0.0,16,ok
090972,per090972_1911_17160,4,0,0,,,triagem/nome-caixa-conversao 1.0.0,16,ok
090972,per090972_1911_17160,5,0,0,,,triagem/nome-caixa-conversao 1.0.0,16,ok
090972,per090972_1911_17160,6,0,0,,,triagem/nome-caixa-conversao 1.0.0,16,ok
090972,per090972_1911_17160,7,0,0,,,triagem/nome-caixa-conversao 1.0.0,16,ok
090972,per090972_1911_17160,8,0,0,,,triagem/nome-caixa-conversao 1.0.0,16,ok
090972,per090972_1911_17160,9,0,0,,,triagem/nome-caixa-conversao 1.0.0,16,ok
090972,per090972_1911_17160,10,0,0,,,triagem/nome-caixa-conversao 1.0.0,16,ok
090972,per090972_1911_17161,1,0,0,,,triagem/nome-caixa-conversao 1.0.0,16,ok
090972,per090972_1911_17161,2,0,0,,,triagem/nome-caixa-conversao 1.0.0,16,ok
090972,per090972_1911_17161,3,0,0,,,triagem/nome-caixa-conversao 1.0.0,16,ok
090972,per090972_1911_17161,4,1,1,caixa do conver,15320,triagem/nome-caixa-conversao 1.0.0,16,ok
090972,per090972_1911_17161,5,0,0,,,triagem/nome-caixa-conversao 1.0.0,16,ok
090972,per090972_1911_17161,6,0,0,,,triagem/nome-caixa-conversao 1.0.0,16,ok
090972,per090972_1911_17161,7,0,0,,,triagem/nome-caixa-conversao 1.0.0,16,ok
090972,per090972_1911_17161,8,0,0,,,triagem/nome-caixa-conversao 1.0.0,16,ok
090972,per090972_1911_17161,9,0,0,,,triagem/nome-caixa-conversao 1.0.0,16,ok
090972,per090972_1911_17161,10,0,0,,,triagem/nome-caixa-conversao 1.0.0,16,ok
090972,per090972_1911_17162,1,0,0,,,triagem/nome-caixa-conversao 1.0.0,16,ok
090972,per090972_1911_17162,2,0,0,,,triagem/nome-caixa-conversao 1.0.0,16,ok
090972,per090972_1911_17162,3,1,1,caixa de conver,21348,triagem/nome-caixa-conversao 1.0.0,16,ok
090972,per090972_1911_17162,4,0,0,,,triagem/nome-caixa-conversao 1.0.0,16,ok
090972,per090972_1911_17162,5,0,0,,,triagem/nome-caixa-conversao 1.0.0,16,ok
090972,per090972_1911_17162,6,0,0,,,triagem/nome-caixa-conversao 1.0.0,16,ok
090972,per090972_1911_17162,7,0,0,,,triagem/nome-caixa-conversao 1.0.0,16,ok
090972,per090972_1911_17162,8,0,0,,,triagem/nome-caixa-conversao 1.0.0,16,ok
090972,per090972_1911_17162,9,0,0,,,triagem/nome-caixa-conversao 1.0.0,16,ok
090972,per090972_1911_17162,10,0,0,,,triagem/nome-caixa-conversao 1.0.0,16,ok
090972,per090972_1911_17163,1,0,0,,,triagem/nome-caixa-conversao 1.0.0,16,ok
090972,per090972_1911_17163,2,0,0,,,triagem/nome-caixa-conversao 1.0.0,16,ok
090972,per090972_1911_17163,3,0,0,,,triagem/nome-caixa-conversao 1.0.0,16,ok
090972,per090972_1911_17163,4,1,1,caixa do conver,7892,triagem/nome-caixa-conversao 1.0.0,16,ok
090972,per090972_1911_17163,5,0,0,,,triagem/nome-caixa-conversao 1.0.0,16,ok
090972,per090972_1911_17163,6,0,0,,,triagem/nome-caixa-conversao 1.0.0,16,ok
090972,per090972_1911_17163,7,0,0,,,triagem/nome-caixa-conversao 1.0.0,16,ok
090972,per090972_1911_17163,8,0,0,,,triagem/nome-caixa-conversao 1.0.0,16,ok
090972,per090972_1911_17163,9,0,0,,,triagem/nome-caixa-conversao 1.0.0,16,ok
090972,per090972_1911_17163,10,0,0,,,triagem/nome-caixa-conversao 1.0.0,16,ok
090972,per090972_1911_17164,1,0,0,,,triagem/nome-caixa-conversao 1.0.0,16,ok
090972,per090972_1911_17164,2,0,0,,,triagem/nome-caixa-conversao 1.0.0,16,ok
090972,per090972_1911_17164,3,0,0,,,triagem/nome-caixa-conversao 1.0.0,16,ok
090972,per090972_1911_17164,4,0,0,,,triagem/nome-caixa-conversao 1.0.0,16,ok
090972,per090972_1911_17164,5,0,0,,,triagem/nome-caixa-conversao 1.0.0,16,ok
090972,per090972_1911_17164,6,0,0,,,triagem/nome-caixa-conversao 1.0.0,16,ok
090972,per090972_1911_17164,7,0,0,,,triagem/nome-caixa-conversao 1.0.0,16,ok
090972,per090972_1911_17164,8,0,0,,,triagem/nome-caixa-conversao 1.0.0,16,ok
090972,per090972_1911_17164,9,0,0,,,triagem/nome-caixa-conversao 1.0.0,16,ok
090972,per090972_1911_17164,10,0,0,,,triagem/nome-caixa-conversao 1.0.0,16,ok
090972,per090972_1911_17165,1,0,0,,,triagem/nome-caixa-conversao 1.0.0,16,ok
090972,per090972_1911_17165,2,0,0,,,triagem/nome-caixa-conversao 1.0.0,16,ok
090972,per090972_1911_17165,3,0,0,,,triagem/nome-caixa-conversao 1.0.0,16,ok
090972,per090972_1911_17165,4,0,0,,,triagem/nome-caixa-conversao 1.0.0,16,ok
090972,per090972_1911_17165,5,0,0,,,triagem/nome-caixa-conversao 1.0.0,16,ok
090972,per090972_1911_17165,6,0,0,,,triagem/nome-caixa-conversao 1.0.0,16,ok
090972,per090972_1911_17165,7,0,0,,,triagem/nome-caixa-conversao 1.0.0,16,ok
090972,per090972_1911_17165,8,0,0,,,triagem/nome-caixa-conversao 1.0.0,16,ok
090972,per090972_1911_17166,1,0,0,,,triagem/nome-caixa-conversao 1.0.0,16,ok
090972,per090972_1911_17166,2,0,0,,,triagem/nome-caixa-conversao 1.0.0,16,ok
090972,per090972_1911_17166,3,1,2,caixa de conver,97,triagem/nome-caixa-conversao 1.0.0,16,ok
090972,per090972_1911_17166,4,0,0,,,triagem/nome-caixa-conversao 1.0.0,16,ok
090972,per090972_1911_17166,5,0,0,,,triagem/nome-caixa-conversao 1.0.0,16,ok
090972,per090972_1911_17166,6,0,0,,,triagem/nome-caixa-conversao 1.0.0,16,ok
090972,per090972_1911_17166,7,0,0,,,triagem/nome-caixa-conversao 1.0.0,16,ok
090972,per090972_1911_17166,8,0,0,,,triagem/nome-caixa-conversao 1.0.0,16,ok
090972,per090972_1911_17166,9,0,0,,,triagem/nome-caixa-conversao 1.0.0,16,ok
090972,per090972_1911_17166,10,0,0,,,triagem/nome-caixa-conversao 1.0.0,16,ok
090972,per090972_1911_17167,1,0,0,,,triagem/nome-caixa-conversao 1.0.0,16,ok
090972,per090972_1911_17167,2,0,0,,,triagem/nome-caixa-conversao 1.0.0,16,ok
090972,per090972_1911_17167,3,0,0,,,triagem/nome-caixa-conversao 1.0.0,16,ok
090972,per090972_1911_17167,4,0,0,,,triagem/nome-caixa-conversao 1.0.0,16,ok
090972,per090972_1911_17167,5,0,0,,,triagem/nome-caixa-conversao 1.0.0,16,ok
090972,per090972_1911_17167,6,0,0,,,triagem/nome-caixa-conversao 1.0.0,16,ok
090972,per090972_1911_17167,7,0,0,,,triagem/nome-caixa-conversao 1.0.0,16,ok
090972,per090972_1911_17167,8,0,0,,,triagem/nome-caixa-conversao 1.0.0,16,ok
090972,per090972_1911_17167,9,0,0,,,triagem/nome-caixa-conversao 1.0.0,16,ok
090972,per090972_1911_17167,10,0,0,,,triagem/nome-caixa-conversao 1.0.0,16,ok
090972,per090972_1911_17168,1,0,0,,,triagem/nome-caixa-conversao 1.0.0,16,ok
090972,per090972_1911_17168,2,1,2,caixa de conver,40381,triagem/nome-caixa-conversao 1.0.0,16,ok
090972,per090972_1911_17168,3,0,0,,,triagem/nome-caixa-conversao 1.0.0,16,ok
090972,per090972_1911_17168,4,0,0,,,triagem/nome-caixa-conversao 1.0.0,16,ok
090972,per090972_1911_17168,5,0,0,,,triagem/nome-caixa-conversao 1.0.0,16,ok
090972,per090972_1911_17168,6,0,0,,,triagem/nome-caixa-conversao 1.0.0,16,ok
090972,per090972_1911_17168,7,0,0,,,triagem/nome-caixa-conversao 1.0.0,16,ok
090972,per090972_1911_17168,8,0,0,,,triagem/nome-caixa-conversao 1.0.0,16,ok
090972,per090972_1911_17168,9,0,0,,,triagem/nome-caixa-conversao 1.0.0,16,ok
090972,per090972_1911_17168,10,0,0,,,triagem/nome-caixa-conversao 1.0.0,16,ok
090972,per090972_1911_17169,1,0,0,,,triagem/nome-caixa-conversao 1.0.0,16,ok
090972,per090972_1911_17169,2,0,0,,,triagem/nome-caixa-conversao 1.0.0,16,ok
090972,per090972_1911_17169,3,1,2,caixa de conver,932,triagem/nome-caixa-conversao 1.0.0,16,ok
090972,per090972_1911_17169,4,0,0,,,triagem/nome-caixa-conversao 1.0.0,16,ok
090972,per090972_1911_17169,5,0,0,,,triagem/nome-caixa-conversao 1.0.0,16,ok
090972,per090972_1911_17169,6,0,0,,,triagem/nome-caixa-conversao 1.0.0,16,ok
090972,per090972_1911_17169,7,0,0,,,triagem/nome-caixa-conversao 1.0.0,16,ok
090972,per090972_1911_17169,8,0,0,,,triagem/nome-caixa-conversao 1.0.0,16,ok
090972,per090972_1911_17169,9,0,0,,,triagem/nome-caixa-conversao 1.0.0,16,ok
090972,per090972_1911_17169,10,0,0,,,triagem/nome-caixa-conversao 1.0.0,16,ok
090972,per090972_1911_17170,1,0,0,,,triagem/nome-caixa-conversao 1.0.0,16,ok
090972,per090972_1911_17170,2,0,0,,,triagem/nome-caixa-conversao 1.0.0,16,ok
090972,per090972_1911_17170,3,0,0,,,triagem/nome-caixa-conversao 1.0.0,16,ok
090972,per090972_1911_17170,4,1,4,caixa de conver,2354,triagem/nome-caixa-conversao 1.0.0,16,ok
090972,per090972_1911_17170,5,0,0,,,triagem/nome-caixa-conversao 1.0.0,16,ok
090972,per090972_1911_17170,6,0,0,,,triagem/nome-caixa-conversao 1.0.0,16,ok
090972,per090972_1911_17170,7,0,0,,,triagem/nome-caixa-conversao 1.0.0,16,ok
090972,per090972_1911_17170,8,0,0,,,triagem/nome-caixa-conversao 1.0.0,16,ok
090972,per090972_1911_17170,9,0,0,,,triagem/nome-caixa-conversao 1.0.0,16,ok
090972,per090972_1911_17170,10,0,0,,,triagem/nome-caixa-conversao 1.0.0,16,ok
090972,per090972_1911_17171,1,0,0,,,triagem/nome-caixa-conversao 1.0.0,16,ok
090972,per090972_1911_17171,2,0,0,,,triagem/nome-caixa-conversao 1.0.0,16,ok
090972,per090972_1911_17171,3,0,0,,,triagem/nome-caixa-conversao 1.0.0,16,ok
090972,per090972_1911_17171,4,0,0,,,triagem/nome-caixa-conversao 1.0.0,16,ok
090972,per090972_1911_17171,5,0,0,,,triagem/nome-caixa-conversao 1.0.0,16,ok
090972,per090972_1911_17171,6,0,0,,,triagem/nome-caixa-conversao 1.0.0,16,ok
090972,per090972_1911_17171,7,0,0,,,triagem/nome-caixa-conversao 1.0.0,16,ok
090972,per090972_1911_17171,8,0,0,,,triagem/nome-caixa-conversao 1.0.0,16,ok
090972,per090972_1911_17171,9,0,0,,,triagem/nome-caixa-conversao 1.0.0,16,ok
090972,per090972_1911_17171,10,0,0,,,triagem/nome-caixa-conversao 1.0.0,16,ok
090972,per090972_1911_17171,11,0,0,,,triagem/nome-caixa-conversao 1.0.0,16,ok
090972,per090972_1911_17171,12,0,0,,,triagem/nome-caixa-conversao 1.0.0,16,ok
090972,per090972_1911_17172,1,0,0,,,triagem/nome-caixa-conversao 1.0.0,16,ok
090972,per090972_1911_17172,2,0,0,,,triagem/nome-caixa-conversao 1.0.0,16,ok
090972,per090972_1911_17172,3,0,0,,,triagem/nome-caixa-conversao 1.0.0,16,ok
090972,per090972_1911_17172,4,0,0,,,triagem/nome-caixa-conversao 1.0.0,16,ok
090972,per090972_1911_17172,5,0,0,,,triagem/nome-caixa-conversao 1.0.0,16,ok
090972,per090972_1911_17172,6,0,0,,,triagem/nome-caixa-conversao 1.0.0,16,ok
090972,per090972_1911_17172,7,0,0,,,triagem/nome-caixa-conversao 1.0.0,16,ok
090972,per090972_1911_17172,8,0,0,,,triagem/nome-caixa-conversao 1.0.0,16,ok
090972,per090972_1911_17173,1,0,0,,,triagem/nome-caixa-conversao 1.0.0,16,ok
090972,per090972_1911_17173,2,0,0,,,triagem/nome-caixa-conversao 1.0.0,16,ok
090972,per090972_1911_17173,3,1,2,caixa de conver,15408,triagem/nome-caixa-conversao 1.0.0,16,ok
090972,per090972_1911_17173,4,0,0,,,triagem/nome-caixa-conversao 1.0.0,16,ok
090972,per090972_1911_17173,5,0,0,,,triagem/nome-caixa-conversao 1.0.0,16,ok
090972,per090972_1911_17173,6,0,0,,,triagem/nome-caixa-conversao 1.0.0,16,ok
090972,per090972_1911_17173,7,0,0,,,triagem/nome-caixa-conversao 1.0.0,16,ok
090972,per090972_1911_17173,8,0,0,,,triagem/nome-caixa-conversao 1.0.0,16,ok
090972,per090972_1911_17173,9,0,0,,,triagem/nome-caixa-conversao 1.0.0,16,ok
090972,per090972_1911_17173,10,0,0,,,triagem/nome-caixa-conversao 1.0.0,16,ok
090972,per090972_1911_17174,1,0,0,,,triagem/nome-caixa-conversao 1.0.0,16,ok
090972,per090972_1911_17174,2,0,0,,,triagem/nome-caixa-conversao 1.0.0,16,ok
090972,per090972_1911_17174,3,1,1,caixa do conver,20136,triagem/nome-caixa-conversao 1.0.0,16,ok
090972,per090972_1911_17174,4,0,0,,,triagem/nome-caixa-conversao 1.0.0,16,ok
090972,per090972_1911_17174,5,0,0,,,triagem/nome-caixa-conversao 1.0.0,16,ok
090972,per090972_1911_17174,6,0,0,,,triagem/nome-caixa-conversao 1.0.0,16,ok
090972,per090972_1911_17174,7,0,0,,,triagem/nome-caixa-conversao 1.0.0,16,ok
090972,per090972_1911_17174,8,0,0,,,triagem/nome-caixa-conversao 1.0.0,16,ok
090972,per090972_1911_17174,9,0,0,,,triagem/nome-caixa-conversao 1.0.0,16,ok
090972,per090972_1911_17174,10,0,0,,,triagem/nome-caixa-conversao 1.0.0,16,ok
090972,per090972_1911_17175,1,0,0,,,triagem/nome-caixa-conversao 1.0.0,16,ok
090972,per090972_1911_17175,2,0,0,,,triagem/nome-caixa-conversao 1.0.0,16,ok
090972,per090972_1911_17175,3,1,1,caixa de conver,34204,triagem/nome-caixa-conversao 1.0.0,16,ok
090972,per090972_1911_17175,4,0,0,,,triagem/nome-caixa-conversao 1.0.0,16,ok
090972,per090972_1911_17175,5,0,0,,,triagem/nome-caixa-conversao 1.0.0,16,ok
090972,per090972_1911_17175,6,0,0,,,triagem/nome-caixa-conversao 1.0.0,16,ok
090972,per090972_1911_17175,7,0,0,,,triagem/nome-caixa-conversao 1.0.0,16,ok
090972,per090972_1911_17175,8,0,0,,,triagem/nome-caixa-conversao 1.0.0,16,ok
090972,per090972_1911_17175,9,0,0,,,triagem/nome-caixa-conversao 1.0.0,16,ok
090972,per090972_1911_17175,10,0,0,,,triagem/nome-caixa-conversao 1.0.0,16,ok
090972,per090972_1911_17176,1,0,0,,,triagem/nome-caixa-conversao 1.0.0,16,ok
090972,per090972_1911_17176,2,0,0,,,triagem/nome-caixa-conversao 1.0.0,16,ok
090972,per090972_1911_17176,3,0,0,,,triagem/nome-caixa-conversao 1.0.0,16,ok
090972,per090972_1911_17176,4,1,1,caixa do conver,6138,triagem/nome-caixa-conversao 1.0.0,16,ok
090972,per090972_1911_17176,5,0,0,,,triagem/nome-caixa-conversao 1.0.0,16,ok
090972,per090972_1911_17176,6,0,0,,,triagem/nome-caixa-conversao 1.0.0,16,ok
090972,per090972_1911_17176,7,0,0,,,triagem/nome-caixa-conversao 1.0.0,16,ok
090972,per090972_1911_17176,8,0,0,,,triagem/nome-caixa-conversao 1.0.0,16,ok
090972,per090972_1911_17176,9,0,0,,,triagem/nome-caixa-conversao 1.0.0,16,ok
090972,per090972_1911_17176,10,0,0,,,triagem/nome-caixa-conversao 1.0.0,16,ok
090972,per090972_1911_17177,1,0,0,,,triagem/nome-caixa-conversao 1.0.0,16,ok
090972,per090972_1911_17177,2,0,0,,,triagem/nome-caixa-conversao 1.0.0,16,ok
090972,per090972_1911_17177,3,1,2,caixa de conver,28515,triagem/nome-caixa-conversao 1.0.0,16,ok
090972,per090972_1911_17177,4,0,0,,,triagem/nome-caixa-conversao 1.0.0,16,ok
090972,per090972_1911_17177,5,0,0,,,triagem/nome-caixa-conversao 1.0.0,16,ok
090972,per090972_1911_17177,6,0,0,,,triagem/nome-caixa-conversao 1.0.0,16,ok
090972,per090972_1911_17177,7,0,0,,,triagem/nome-caixa-conversao 1.0.0,16,ok
090972,per090972_1911_17177,8,0,0,,,triagem/nome-caixa-conversao 1.0.0,16,ok
090972,per090972_1911_17177,9,0,0,,,triagem/nome-caixa-conversao 1.0.0,16,ok
090972,per090972_1911_17177,10,0,0,,,triagem/nome-caixa-conversao 1.0.0,16,ok
090972,per090972_1911_17177,11,0,0,,,triagem/nome-caixa-conversao 1.0.0,16,ok
090972,per090972_1911_17177,12,0,0,,,triagem/nome-caixa-conversao 1.0.0,16,ok
090972,per090972_1911_17178,1,0,0,,,triagem/nome-caixa-conversao 1.0.0,16,ok
090972,per090972_1911_17178,2,0,0,,,triagem/nome-caixa-conversao 1.0.0,16,ok
090972,per090972_1911_17178,3,1,1,caixa de conver,22764,triagem/nome-caixa-conversao 1.0.0,16,ok
090972,per090972_1911_17178,4,0,0,,,triagem/nome-caixa-conversao 1.0.0,16,ok
090972,per090972_1911_17178,5,0,0,,,triagem/nome-caixa-conversao 1.0.0,16,ok
090972,per090972_1911_17178,6,0,0,,,triagem/nome-caixa-conversao 1.0.0,16,ok
090972,per090972_1911_17178,7,0,0,,,triagem/nome-caixa-conversao 1.0.0,16,ok
090972,per090972_1911_17178,8,0,0,,,triagem/nome-caixa-conversao 1.0.0,16,ok
090972,per090972_1911_17178,9,0,0,,,triagem/nome-caixa-conversao 1.0.0,16,ok
090972,per090972_1911_17178,10,0,0,,,triagem/nome-caixa-conversao 1.0.0,16,ok
090972,per090972_1911_17178,11,0,0,,,triagem/nome-caixa-conversao 1.0.0,16,ok
090972,per090972_1911_17178,12,0,0,,,triagem/nome-caixa-conversao 1.0.0,16,ok
090972,per090972_1911_17179,1,0,0,,,triagem/nome-caixa-conversao 1.0.0,16,ok
090972,per090972_1911_17179,2,0,0,,,triagem/nome-caixa-conversao 1.0.0,16,ok
090972,per090972_1911_17179,3,0,0,,,triagem/nome-caixa-conversao 1.0.0,16,ok
090972,per090972_1911_17179,4,0,0,,,triagem/nome-caixa-conversao 1.0.0,16,ok
090972,per090972_1911_17179,5,0,0,,,triagem/nome-caixa-conversao 1.0.0,16,ok
090972,per090972_1911_17179,6,0,0,,,triagem/nome-caixa-conversao 1.0.0,16,ok
090972,per090972_1911_17179,7,0,0,,,triagem/nome-caixa-conversao 1.0.0,16,ok
090972,per090972_1911_17179,8,0,0,,,triagem/nome-caixa-conversao 1.0.0,16,ok
090972,per090972_1911_17180,1,0,0,,,triagem/nome-caixa-conversao 1.0.0,16,ok
090972,per090972_1911_17180,2,0,0,,,triagem/nome-caixa-conversao 1.0.0,16,ok
090972,per090972_1911_17180,3,0,0,,,triagem/nome-caixa-conversao 1.0.0,16,ok
090972,per090972_1911_17180,4,0,0,,,triagem/nome-caixa-conversao 1.0.0,16,ok
090972,per090972_1911_17180,5,0,0,,,triagem/nome-caixa-conversao 1.0.0,16,ok
090972,per090972_1911_17180,6,0,0,,,triagem/nome-caixa-conversao 1.0.0,16,ok
090972,per090972_1911_17180,7,0,0,,,triagem/nome-caixa-conversao 1.0.0,16,ok
090972,per090972_1911_17180,8,0,0,,,triagem/nome-caixa-conversao 1.0.0,16,ok
090972,per090972_1911_17180,9,0,0,,,triagem/nome-caixa-conversao 1.0.0,16,ok
090972,per090972_1911_17180,10,0,0,,,triagem/nome-caixa-conversao 1.0.0,16,ok
090972,per090972_1911_17181,1,0,0,,,triagem/nome-caixa-conversao 1.0.0,16,ok
090972,per090972_1911_17181,2,0,0,,,triagem/nome-caixa-conversao 1.0.0,16,ok
090972,per090972_1911_17181,3,1,2,caixa de conver,24037,triagem/nome-caixa-conversao 1.0.0,16,ok
090972,per090972_1911_17181,4,0,0,,,triagem/nome-caixa-conversao 1.0.0,16,ok
090972,per090972_1911_17181,5,0,0,,,triagem/nome-caixa-conversao 1.0.0,16,ok
090972,per090972_1911_17181,6,0,0,,,triagem/nome-caixa-conversao 1.0.0,16,ok
090972,per090972_1911_17181,7,0,0,,,triagem/nome-caixa-conversao 1.0.0,16,ok
090972,per090972_1911_17181,8,0,0,,,triagem/nome-caixa-conversao 1.0.0,16,ok
090972,per090972_1911_17181,9,0,0,,,triagem/nome-caixa-conversao 1.0.0,16,ok
090972,per090972_1911_17181,10,0,0,,,triagem/nome-caixa-conversao 1.0.0,16,ok
090972,per090972_1911_17182,1,0,0,,,triagem/nome-caixa-conversao 1.0.0,16,ok
090972,per090972_1911_17182,2,0,0,,,triagem/nome-caixa-conversao 1.0.0,16,ok
090972,per090972_1911_17182,3,1,1,caixa de conver,2772,triagem/nome-caixa-conversao 1.0.0,16,ok
090972,per090972_1911_17182,4,0,0,,,triagem/nome-caixa-conversao 1.0.0,16,ok
090972,per090972_1911_17182,5,0,0,,,triagem/nome-caixa-conversao 1.0.0,16,ok
090972,per090972_1911_17182,6,0,0,,,triagem/nome-caixa-conversao 1.0.0,16,ok
090972,per090972_1911_17182,7,0,0,,,triagem/nome-caixa-conversao 1.0.0,16,ok
090972,per090972_1911_17182,8,0,0,,,triagem/nome-caixa-conversao 1.0.0,16,ok
090972,per090972_1911_17182,9,0,0,,,triagem/nome-caixa-conversao 1.0.0,16,ok
090972,per090972_1911_17182,10,0,0,,,triagem/nome-caixa-conversao 1.0.0,16,ok
090972,per090972_1911_17182,11,0,0,,,triagem/nome-caixa-conversao 1.0.0,16,ok
090972,per090972_1911_17182,12,0,0,,,triagem/nome-caixa-conversao 1.0.0,16,ok
090972,per090972_1911_17183,1,0,0,,,triagem/nome-caixa-conversao 1.0.0,16,ok
090972,per090972_1911_17183,2,0,0,,,triagem/nome-caixa-conversao 1.0.0,16,ok
090972,per090972_1911_17183,3,0,0,,,triagem/nome-caixa-conversao 1.0.0,16,ok
090972,per090972_1911_17183,4,0,0,,,triagem/nome-caixa-conversao 1.0.0,16,ok
090972,per090972_1911_17183,5,0,0,,,triagem/nome-caixa-conversao 1.0.0,16,ok
090972,per090972_1911_17183,6,0,0,,,triagem/nome-caixa-conversao 1.0.0,16,ok
090972,per090972_1911_17183,7,0,0,,,triagem/nome-caixa-conversao 1.0.0,16,ok
090972,per090972_1911_17183,8,0,0,,,triagem/nome-caixa-conversao 1.0.0,16,ok
090972,per090972_1911_17183,9,0,0,,,triagem/nome-caixa-conversao 1.0.0,16,ok
090972,per090972_1911_17183,10,0,0,,,triagem/nome-caixa-conversao 1.0.0,16,ok
090972,per090972_1911_17184,1,0,0,,,triagem/nome-caixa-conversao 1.0.0,16,ok
090972,per090972_1911_17184,2,0,0,,,triagem/nome-caixa-conversao 1.0.0,16,ok
090972,per090972_1911_17184,3,0,0,,,triagem/nome-caixa-conversao 1.0.0,16,ok
090972,per090972_1911_17184,4,0,0,,,triagem/nome-caixa-conversao 1.0.0,16,ok
090972,per090972_1911_17184,5,0,0,,,triagem/nome-caixa-conversao 1.0.0,16,ok
090972,per090972_1911_17184,6,0,0,,,triagem/nome-caixa-conversao 1.0.0,16,ok
090972,per090972_1911_17184,7,0,0,,,triagem/nome-caixa-conversao 1.0.0,16,ok
090972,per090972_1911_17184,8,0,0,,,triagem/nome-caixa-conversao 1.0.0,16,ok
090972,per090972_1911_17184,9,0,0,,,triagem/nome-caixa-conversao 1.0.0,16,ok
090972,per090972_1911_17184,10,0,0,,,triagem/nome-caixa-conversao 1.0.0,16,ok
090972,per090972_1911_17185,1,0,0,,,triagem/nome-caixa-conversao 1.0.0,16,ok
090972,per090972_1911_17185,2,1,1,caixa de conver,15787,triagem/nome-caixa-conversao 1.0.0,16,ok
090972,per090972_1911_17185,3,0,0,,,triagem/nome-caixa-conversao 1.0.0,16,ok
090972,per090972_1911_17185,4,0,0,,,triagem/nome-caixa-conversao 1.0.0,16,ok
090972,per090972_1911_17185,5,0,0,,,triagem/nome-caixa-conversao 1.0.0,16,ok
090972,per090972_1911_17185,6,0,0,,,triagem/nome-caixa-conversao 1.0.0,16,ok
090972,per090972_1911_17185,7,0,0,,,triagem/nome-caixa-conversao 1.0.0,16,ok
090972,per090972_1911_17185,8,0,0,,,triagem/nome-caixa-conversao 1.0.0,16,ok
090972,per090972_1911_17185,9,0,0,,,triagem/nome-caixa-conversao 1.0.0,16,ok
090972,per090972_1911_17185,10,0,0,,,triagem/nome-caixa-conversao 1.0.0,16,ok
090972,per090972_1911_17185,11,0,0,,,triagem/nome-caixa-conversao 1.0.0,16,ok
090972,per090972_1911_17185,12,0,0,,,triagem/nome-caixa-conversao 1.0.0,16,ok
090972,per090972_1911_17186,1,0,0,,,triagem/nome-caixa-conversao 1.0.0,16,ok
090972,per090972_1911_17186,2,0,0,,,triagem/nome-caixa-conversao 1.0.0,16,ok
090972,per090972_1911_17186,3,0,0,,,triagem/nome-caixa-conversao 1.0.0,16,ok
090972,per090972_1911_17186,4,0,0,,,triagem/nome-caixa-conversao 1.0.0,16,ok
090972,per090972_1911_17186,5,0,0,,,triagem/nome-caixa-conversao 1.0.0,16,ok
090972,per090972_1911_17186,6,0,0,,,triagem/nome-caixa-conversao 1.0.0,16,ok
090972,per090972_1911_17186,7,0,0,,,triagem/nome-caixa-conversao 1.0.0,16,ok
090972,per090972_1911_17186,8,0,0,,,triagem/nome-caixa-conversao 1.0.0,16,ok
090972,per090972_1911_17186,9,0,0,,,triagem/nome-caixa-conversao 1.0.0,16,ok
090972,per090972_1911_17186,10,0,0,,,triagem/nome-caixa-conversao 1.0.0,16,ok
090972,per090972_1911_17187,1,0,0,,,triagem/nome-caixa-conversao 1.0.0,16,ok
090972,per090972_1911_17187,2,0,0,,,triagem/nome-caixa-conversao 1.0.0,16,ok
090972,per090972_1911_17187,3,1,1,caixa do conver,20657,triagem/nome-caixa-conversao 1.0.0,16,ok
090972,per090972_1911_17187,4,0,0,,,triagem/nome-caixa-conversao 1.0.0,16,ok
090972,per090972_1911_17187,5,0,0,,,triagem/nome-caixa-conversao 1.0.0,16,ok
090972,per090972_1911_17187,6,0,0,,,triagem/nome-caixa-conversao 1.0.0,16,ok
090972,per090972_1911_17187,7,0,0,,,triagem/nome-caixa-conversao 1.0.0,16,ok
090972,per090972_1911_17187,8,0,0,,,triagem/nome-caixa-conversao 1.0.0,16,ok
090972,per090972_1911_17187,9,0,0,,,triagem/nome-caixa-conversao 1.0.0,16,ok
090972,per090972_1911_17187,10,0,0,,,triagem/nome-caixa-conversao 1.0.0,16,ok
090972,per090972_1911_17188,1,0,0,,,triagem/nome-caixa-conversao 1.0.0,16,ok
090972,per090972_1911_17188,2,0,0,,,triagem/nome-caixa-conversao 1.0.0,16,ok
090972,per090972_1911_17188,3,1,1,caixa do conver,21430,triagem/nome-caixa-conversao 1.0.0,16,ok
090972,per090972_1911_17188,4,0,0,,,triagem/nome-caixa-conversao 1.0.0,16,ok
090972,per090972_1911_17188,5,0,0,,,triagem/nome-caixa-conversao 1.0.0,16,ok
090972,per090972_1911_17188,6,0,0,,,triagem/nome-caixa-conversao 1.0.0,16,ok
090972,per090972_1911_17188,7,0,0,,,triagem/nome-caixa-conversao 1.0.0,16,ok
090972,per090972_1911_17188,8,0,0,,,triagem/nome-caixa-conversao 1.0.0,16,ok
090972,per090972_1911_17188,9,0,0,,,triagem/nome-caixa-conversao 1.0.0,16,ok
090972,per090972_1911_17188,10,0,0,,,triagem/nome-caixa-conversao 1.0.0,16,ok
090972,per090972_1911_17189,1,0,0,,,triagem/nome-caixa-conversao 1.0.0,16,ok
090972,per090972_1911_17189,2,0,0,,,triagem/nome-caixa-conversao 1.0.0,16,ok
090972,per090972_1911_17189,3,1,3,caixa de conver,2573,triagem/nome-caixa-conversao 1.0.0,16,ok
090972,per090972_1911_17189,4,0,0,,,triagem/nome-caixa-conversao 1.0.0,16,ok
090972,per090972_1911_17189,5,0,0,,,triagem/nome-caixa-conversao 1.0.0,16,ok
090972,per090972_1911_17189,6,0,0,,,triagem/nome-caixa-conversao 1.0.0,16,ok
090972,per090972_1911_17189,7,0,0,,,triagem/nome-caixa-conversao 1.0.0,16,ok
090972,per090972_1911_17189,8,0,0,,,triagem/nome-caixa-conversao 1.0.0,16,ok
090972,per090972_1911_17190,1,0,0,,,triagem/nome-caixa-conversao 1.0.0,16,ok
090972,per090972_1911_17190,2,0,0,,,triagem/nome-caixa-conversao 1.0.0,16,ok
090972,per090972_1911_17190,3,1,1,caixa de conver,12798,triagem/nome-caixa-conversao 1.0.0,16,ok
090972,per090972_1911_17190,4,0,0,,,triagem/nome-caixa-conversao 1.0.0,16,ok
090972,per090972_1911_17190,5,0,0,,,triagem/nome-caixa-conversao 1.0.0,16,ok
090972,per090972_1911_17190,6,0,0,,,triagem/nome-caixa-conversao 1.0.0,16,ok
090972,per090972_1911_17190,7,0,0,,,triagem/nome-caixa-conversao 1.0.0,16,ok
090972,per090972_1911_17190,8,1,1,caixa de conver,24274,triagem/nome-caixa-conversao 1.0.0,16,ok
090972,per090972_1911_17190,9,0,0,,,triagem/nome-caixa-conversao 1.0.0,16,ok
090972,per090972_1911_17190,10,0,0,,,triagem/nome-caixa-conversao 1.0.0,16,ok
090972,per090972_1911_17191,1,0,0,,,triagem/nome-caixa-conversao 1.0.0,16,ok
090972,per090972_1911_17191,2,0,0,,,triagem/nome-caixa-conversao 1.0.0,16,ok
090972,per090972_1911_17191,3,1,2,caixa de conver,41736,triagem/nome-caixa-conversao 1.0.0,16,ok
090972,per090972_1911_17191,4,0,0,,,triagem/nome-caixa-conversao 1.0.0,16,ok
090972,per090972_1911_17191,5,0,0,,,triagem/nome-caixa-conversao 1.0.0,16,ok
090972,per090972_1911_17191,6,0,0,,,triagem/nome-caixa-conversao 1.0.0,16,ok
090972,per090972_1911_17191,7,0,0,,,triagem/nome-caixa-conversao 1.0.0,16,ok
090972,per090972_1911_17191,8,0,0,,,triagem/nome-caixa-conversao 1.0.0,16,ok
090972,per090972_1911_17191,9,0,0,,,triagem/nome-caixa-conversao 1.0.0,16,ok
090972,per090972_1911_17191,10,0,0,,,triagem/nome-caixa-conversao 1.0.0,16,ok
090972,per090972_1911_17192,1,0,0,,,triagem/nome-caixa-conversao 1.0.0,16,ok
090972,per090972_1911_17192,2,0,0,,,triagem/nome-caixa-conversao 1.0.0,16,ok
090972,per090972_1911_17192,3,1,1,caixa de conver,38023,triagem/nome-caixa-conversao 1.0.0,16,ok
090972,per090972_1911_17192,4,0,0,,,triagem/nome-caixa-conversao 1.0.0,16,ok
090972,per090972_1911_17192,5,0,0,,,triagem/nome-caixa-conversao 1.0.0,16,ok
090972,per090972_1911_17192,6,0,0,,,triagem/nome-caixa-conversao 1.0.0,16,ok
090972,per090972_1911_17192,7,0,0,,,triagem/nome-caixa-conversao 1.0.0,16,ok
090972,per090972_1911_17192,8,0,0,,,triagem/nome-caixa-conversao 1.0.0,16,ok
090972,per090972_1911_17192,9,0,0,,,triagem/nome-caixa-conversao 1.0.0,16,ok
090972,per090972_1911_17192,10,0,0,,,triagem/nome-caixa-conversao 1.0.0,16,ok
090972,per090972_1911_17192,11,0,0,,,triagem/nome-caixa-conversao 1.0.0,16,ok
090972,per090972_1911_17192,12,0,0,,,triagem/nome-caixa-conversao 1.0.0,16,ok
090972,per090972_1911_17193,1,0,0,,,triagem/nome-caixa-conversao 1.0.0,16,ok
090972,per090972_1911_17193,2,0,0,,,triagem/nome-caixa-conversao 1.0.0,16,ok
090972,per090972_1911_17193,3,0,0,,,triagem/nome-caixa-conversao 1.0.0,16,ok
090972,per090972_1911_17193,4,0,0,,,triagem/nome-caixa-conversao 1.0.0,16,ok
090972,per090972_1911_17193,5,0,0,,,triagem/nome-caixa-conversao 1.0.0,16,ok
090972,per090972_1911_17193,6,0,0,,,triagem/nome-caixa-conversao 1.0.0,16,ok
090972,per090972_1911_17193,7,0,0,,,triagem/nome-caixa-conversao 1.0.0,16,ok
090972,per090972_1911_17193,8,0,0,,,triagem/nome-caixa-conversao 1.0.0,16,ok
090972,per090972_1911_17193,9,0,0,,,triagem/nome-caixa-conversao 1.0.0,16,ok
090972,per090972_1911_17193,10,0,0,,,triagem/nome-caixa-conversao 1.0.0,16,ok
090972,per090972_1911_17194,1,0,0,,,triagem/nome-caixa-conversao 1.0.0,16,ok
090972,per090972_1911_17194,2,1,2,caixa de conver,27441,triagem/nome-caixa-conversao 1.0.0,16,ok
090972,per090972_1911_17194,3,0,0,,,triagem/nome-caixa-conversao 1.0.0,16,ok
090972,per090972_1911_17194,4,0,0,,,triagem/nome-caixa-conversao 1.0.0,16,ok
090972,per090972_1911_17194,5,0,0,,,triagem/nome-caixa-conversao 1.0.0,16,ok
090972,per090972_1911_17194,6,0,0,,,triagem/nome-caixa-conversao 1.0.0,16,ok
090972,per090972_1911_17194,7,0,0,,,triagem/nome-caixa-conversao 1.0.0,16,ok
090972,per090972_1911_17194,8,0,0,,,triagem/nome-caixa-conversao 1.0.0,16,ok
090972,per090972_1911_17195,1,0,0,,,triagem/nome-caixa-conversao 1.0.0,16,ok
090972,per090972_1911_17195,2,0,0,,,triagem/nome-caixa-conversao 1.0.0,16,ok
090972,per090972_1911_17195,3,0,0,,,triagem/nome-caixa-conversao 1.0.0,16,ok
090972,per090972_1911_17195,4,0,0,,,triagem/nome-caixa-conversao 1.0.0,16,ok
090972,per090972_1911_17195,5,0,0,,,triagem/nome-caixa-conversao 1.0.0,16,ok
090972,per090972_1911_17195,6,0,0,,,triagem/nome-caixa-conversao 1.0.0,16,ok
090972,per090972_1911_17195,7,0,0,,,triagem/nome-caixa-conversao 1.0.0,16,ok
090972,per090972_1911_17195,8,0,0,,,triagem/nome-caixa-conversao 1.0.0,16,ok
090972,per090972_1911_17195,9,0,0,,,triagem/nome-caixa-conversao 1.0.0,16,ok
090972,per090972_1911_17195,10,0,0,,,triagem/nome-caixa-conversao 1.0.0,16,ok
090972,per090972_1911_17196,1,0,0,,,triagem/nome-caixa-conversao 1.0.0,16,ok
090972,per090972_1911_17196,2,0,0,,,triagem/nome-caixa-conversao 1.0.0,16,ok
090972,per090972_1911_17196,3,0,0,,,triagem/nome-caixa-conversao 1.0.0,16,ok
090972,per090972_1911_17196,4,1,1,caixa de conver,8528,triagem/nome-caixa-conversao 1.0.0,16,ok
090972,per090972_1911_17196,5,0,0,,,triagem/nome-caixa-conversao 1.0.0,16,ok
090972,per090972_1911_17196,6,0,0,,,triagem/nome-caixa-conversao 1.0.0,16,ok
090972,per090972_1911_17196,7,0,0,,,triagem/nome-caixa-conversao 1.0.0,16,ok
090972,per090972_1911_17196,8,0,0,,,triagem/nome-caixa-conversao 1.0.0,16,ok
090972,per090972_1911_17196,9,0,0,,,triagem/nome-caixa-conversao 1.0.0,16,ok
090972,per090972_1911_17196,10,0,0,,,triagem/nome-caixa-conversao 1.0.0,16,ok
090972,per090972_1911_17196,11,0,0,,,triagem/nome-caixa-conversao 1.0.0,16,ok
090972,per090972_1911_17196,12,0,0,,,triagem/nome-caixa-conversao 1.0.0,16,ok
090972,per090972_1911_17197,1,0,0,,,triagem/nome-caixa-conversao 1.0.0,16,ok
090972,per090972_1911_17197,2,1,1,caixa deconver,16600,triagem/nome-caixa-conversao 1.0.0,16,ok
090972,per090972_1911_17197,3,0,0,,,triagem/nome-caixa-conversao 1.0.0,16,ok
090972,per090972_1911_17197,4,0,0,,,triagem/nome-caixa-conversao 1.0.0,16,ok
090972,per090972_1911_17197,5,0,0,,,triagem/nome-caixa-conversao 1.0.0,16,ok
090972,per090972_1911_17197,6,0,0,,,triagem/nome-caixa-conversao 1.0.0,16,ok
090972,per090972_1911_17197,7,0,0,,,triagem/nome-caixa-conversao 1.0.0,16,ok
090972,per090972_1911_17197,8,0,0,,,triagem/nome-caixa-conversao 1.0.0,16,ok
090972,per090972_1911_17198,1,0,0,,,triagem/nome-caixa-conversao 1.0.0,16,ok
090972,per090972_1911_17198,2,0,0,,,triagem/nome-caixa-conversao 1.0.0,16,ok
090972,per090972_1911_17198,3,1,2,caixa de conver,16526,triagem/nome-caixa-conversao 1.0.0,16,ok
090972,per090972_1911_17198,4,0,0,,,triagem/nome-caixa-conversao 1.0.0,16,ok
090972,per090972_1911_17198,5,0,0,,,triagem/nome-caixa-conversao 1.0.0,16,ok
090972,per090972_1911_17198,6,0,0,,,triagem/nome-caixa-conversao 1.0.0,16,ok
090972,per090972_1911_17198,7,0,0,,,triagem/nome-caixa-conversao 1.0.0,16,ok
090972,per090972_1911_17198,8,0,0,,,triagem/nome-caixa-conversao 1.0.0,16,ok
090972,per090972_1911_17198,9,0,0,,,triagem/nome-caixa-conversao 1.0.0,16,ok
090972,per090972_1911_17198,10,0,0,,,triagem/nome-caixa-conversao 1.0.0,16,ok
090972,per090972_1911_17199,1,0,0,,,triagem/nome-caixa-conversao 1.0.0,16,ok
090972,per090972_1911_17199,2,1,2,caixa de conver,33764,triagem/nome-caixa-conversao 1.0.0,16,ok
090972,per090972_1911_17199,3,0,0,,,triagem/nome-caixa-conversao 1.0.0,16,ok
090972,per090972_1911_17199,4,0,0,,,triagem/nome-caixa-conversao 1.0.0,16,ok
090972,per090972_1911_17199,5,0,0,,,triagem/nome-caixa-conversao 1.0.0,16,ok
090972,per090972_1911_17199,6,0,0,,,triagem/nome-caixa-conversao 1.0.0,16,ok
090972,per090972_1911_17199,7,0,0,,,triagem/nome-caixa-conversao 1.0.0,16,ok
090972,per090972_1911_17199,8,0,0,,,triagem/nome-caixa-conversao 1.0.0,16,ok
090972,per090972_1911_17199,9,0,0,,,triagem/nome-caixa-conversao 1.0.0,16,ok
090972,per090972_1911_17199,10,0,0,,,triagem/nome-caixa-conversao 1.0.0,16,ok
090972,per090972_1911_17199,11,0,0,,,triagem/nome-caixa-conversao 1.0.0,16,ok
090972,per090972_1911_17199,12,0,0,,,triagem/nome-caixa-conversao 1.0.0,16,ok
090972,per090972_1911_17200,1,0,0,,,triagem/nome-caixa-conversao 1.0.0,16,ok
090972,per090972_1911_17200,2,0,0,,,triagem/nome-caixa-conversao 1.0.0,16,ok
090972,per090972_1911_17200,3,0,0,,,triagem/nome-caixa-conversao 1.0.0,16,ok
090972,per090972_1911_17200,4,0,0,,,triagem/nome-caixa-conversao 1.0.0,16,ok
090972,per090972_1911_17200,5,0,0,,,triagem/nome-caixa-conversao 1.0.0,16,ok
090972,per090972_1911_17200,6,0,0,,,triagem/nome-caixa-conversao 1.0.0,16,ok
090972,per090972_1911_17201,1,0,0,,,triagem/nome-caixa-conversao 1.0.0,16,ok
090972,per090972_1911_17201,2,0,0,,,triagem/nome-caixa-conversao 1.0.0,16,ok
090972,per090972_1911_17201,3,0,0,,,triagem/nome-caixa-conversao 1.0.0,16,ok
090972,per090972_1911_17201,4,1,1,caixa de conver,5905,triagem/nome-caixa-conversao 1.0.0,16,ok
090972,per090972_1911_17201,5,0,0,,,triagem/nome-caixa-conversao 1.0.0,16,ok
090972,per090972_1911_17201,6,0,0,,,triagem/nome-caixa-conversao 1.0.0,16,ok
090972,per090972_1911_17201,7,0,0,,,triagem/nome-caixa-conversao 1.0.0,16,ok
090972,per090972_1911_17201,8,0,0,,,triagem/nome-caixa-conversao 1.0.0,16,ok
090972,per090972_1911_17201,9,0,0,,,triagem/nome-caixa-conversao 1.0.0,16,ok
090972,per090972_1911_17201,10,0,0,,,triagem/nome-caixa-conversao 1.0.0,16,ok
090972,per090972_1911_17202,1,0,0,,,triagem/nome-caixa-conversao 1.0.0,16,ok
090972,per090972_1911_17202,2,0,0,,,triagem/nome-caixa-conversao 1.0.0,16,ok
090972,per090972_1911_17202,3,1,1,caixado conver,14713,triagem/nome-caixa-conversao 1.0.0,16,ok
090972,per090972_1911_17202,4,0,0,,,triagem/nome-caixa-conversao 1.0.0,16,ok
090972,per090972_1911_17202,5,0,0,,,triagem/nome-caixa-conversao 1.0.0,16,ok
090972,per090972_1911_17202,6,0,0,,,triagem/nome-caixa-conversao 1.0.0,16,ok
090972,per090972_1911_17202,7,0,0,,,triagem/nome-caixa-conversao 1.0.0,16,ok
090972,per090972_1911_17202,8,0,0,,,triagem/nome-caixa-conversao 1.0.0,16,ok
090972,per090972_1911_17202,9,0,0,,,triagem/nome-caixa-conversao 1.0.0,16,ok
090972,per090972_1911_17202,10,0,0,,,triagem/nome-caixa-conversao 1.0.0,16,ok
090972,per090972_1911_17203,1,0,0,,,triagem/nome-caixa-conversao 1.0.0,16,ok
090972,per090972_1911_17203,2,0,0,,,triagem/nome-caixa-conversao 1.0.0,16,ok
090972,per090972_1911_17203,3,0,0,,,triagem/nome-caixa-conversao 1.0.0,16,ok
090972,per090972_1911_17203,4,1,2,caixa do conver,3421,triagem/nome-caixa-conversao 1.0.0,16,ok
090972,per090972_1911_17203,5,0,0,,,triagem/nome-caixa-conversao 1.0.0,16,ok
090972,per090972_1911_17203,6,0,0,,,triagem/nome-caixa-conversao 1.0.0,16,ok
090972,per090972_1911_17203,7,0,0,,,triagem/nome-caixa-conversao 1.0.0,16,ok
090972,per090972_1911_17203,8,0,0,,,triagem/nome-caixa-conversao 1.0.0,16,ok
090972,per090972_1911_17203,9,0,0,,,triagem/nome-caixa-conversao 1.0.0,16,ok
090972,per090972_1911_17203,10,0,0,,,triagem/nome-caixa-conversao 1.0.0,16,ok
090972,per090972_1911_17203,11,0,0,,,triagem/nome-caixa-conversao 1.0.0,16,ok
090972,per090972_1911_17203,12,0,0,,,triagem/nome-caixa-conversao 1.0.0,16,ok
090972,per090972_1911_17204,1,0,0,,,triagem/nome-caixa-conversao 1.0.0,16,ok
090972,per090972_1911_17204,2,0,0,,,triagem/nome-caixa-conversao 1.0.0,16,ok
090972,per090972_1911_17204,3,0,0,,,triagem/nome-caixa-conversao 1.0.0,16,ok
090972,per090972_1911_17204,4,0,0,,,triagem/nome-caixa-conversao 1.0.0,16,ok
090972,per090972_1911_17204,5,1,2,caixa de conver,8596,triagem/nome-caixa-conversao 1.0.0,16,ok
090972,per090972_1911_17204,6,0,0,,,triagem/nome-caixa-conversao 1.0.0,16,ok
090972,per090972_1911_17204,7,0,0,,,triagem/nome-caixa-conversao 1.0.0,16,ok
090972,per090972_1911_17204,8,0,0,,,triagem/nome-caixa-conversao 1.0.0,16,ok
090972,per090972_1911_17204,9,0,0,,,triagem/nome-caixa-conversao 1.0.0,16,ok
090972,per090972_1911_17204,10,0,0,,,triagem/nome-caixa-conversao 1.0.0,16,ok
090972,per090972_1911_17204,11,0,0,,,triagem/nome-caixa-conversao 1.0.0,16,ok
090972,per090972_1911_17204,12,0,0,,,triagem/nome-caixa-conversao 1.0.0,16,ok
090972,per090972_1911_17205,1,0,0,,,triagem/nome-caixa-conversao 1.0.0,16,ok
090972,per090972_1911_17205,2,1,2,caixa de conver,10309,triagem/nome-caixa-conversao 1.0.0,16,ok
090972,per090972_1911_17205,3,0,0,,,triagem/nome-caixa-conversao 1.0.0,16,ok
090972,per090972_1911_17205,4,0,0,,,triagem/nome-caixa-conversao 1.0.0,16,ok
090972,per090972_1911_17205,5,0,0,,,triagem/nome-caixa-conversao 1.0.0,16,ok
090972,per090972_1911_17205,6,0,0,,,triagem/nome-caixa-conversao 1.0.0,16,ok
090972,per090972_1911_17205,7,0,0,,,triagem/nome-caixa-conversao 1.0.0,16,ok
090972,per090972_1911_17205,8,0,0,,,triagem/nome-caixa-conversao 1.0.0,16,ok
090972,per090972_1911_17205,9,0,0,,,triagem/nome-caixa-conversao 1.0.0,16,ok
090972,per090972_1911_17205,10,0,0,,,triagem/nome-caixa-conversao 1.0.0,16,ok
090972,per090972_1911_17206,1,0,0,,,triagem/nome-caixa-conversao 1.0.0,16,ok
090972,per090972_1911_17206,2,0,0,,,triagem/nome-caixa-conversao 1.0.0,16,ok
090972,per090972_1911_17206,3,0,0,,,triagem/nome-caixa-conversao 1.0.0,16,ok
090972,per090972_1911_17206,4,0,0,,,triagem/nome-caixa-conversao 1.0.0,16,ok
090972,per090972_1911_17206,5,0,0,,,triagem/nome-caixa-conversao 1.0.0,16,ok
090972,per090972_1911_17206,6,0,0,,,triagem/nome-caixa-conversao 1.0.0,16,ok
090972,per090972_1911_17206,7,0,0,,,triagem/nome-caixa-conversao 1.0.0,16,ok
090972,per090972_1911_17206,8,0,0,,,triagem/nome-caixa-conversao 1.0.0,16,ok
090972,per090972_1911_17206,9,0,0,,,triagem/nome-caixa-conversao 1.0.0,16,ok
090972,per090972_1911_17206,10,0,0,,,triagem/nome-caixa-conversao 1.0.0,16,ok
090972,per090972_1911_17207,1,0,0,,,triagem/nome-caixa-conversao 1.0.0,16,ok
090972,per090972_1911_17207,2,0,0,,,triagem/nome-caixa-conversao 1.0.0,16,ok
090972,per090972_1911_17207,3,0,0,,,triagem/nome-caixa-conversao 1.0.0,16,ok
090972,per090972_1911_17207,4,0,0,,,triagem/nome-caixa-conversao 1.0.0,16,ok
090972,per090972_1911_17207,5,0,0,,,triagem/nome-caixa-conversao 1.0.0,16,ok
090972,per090972_1911_17207,6,0,0,,,triagem/nome-caixa-conversao 1.0.0,16,ok
090972,per090972_1911_17207,7,0,0,,,triagem/nome-caixa-conversao 1.0.0,16,ok
090972,per090972_1911_17207,8,0,0,,,triagem/nome-caixa-conversao 1.0.0,16,ok
090972,per090972_1911_17207,9,0,0,,,triagem/nome-caixa-conversao 1.0.0,16,ok
090972,per090972_1911_17207,10,0,0,,,triagem/nome-caixa-conversao 1.0.0,16,ok
090972,per090972_1911_17207,11,0,0,,,triagem/nome-caixa-conversao 1.0.0,16,ok
090972,per090972_1911_17207,12,0,0,,,triagem/nome-caixa-conversao 1.0.0,16,ok
090972,per090972_1911_17207,13,0,0,,,triagem/nome-caixa-conversao 1.0.0,16,ok
090972,per090972_1911_17207,14,0,0,,,triagem/nome-caixa-conversao 1.0.0,16,ok
090972,per090972_1911_17207,15,0,0,,,triagem/nome-caixa-conversao 1.0.0,16,ok
090972,per090972_1911_17207,16,0,0,,,triagem/nome-caixa-conversao 1.0.0,16,ok
090972,per090972_1911_17207,17,0,0,,,triagem/nome-caixa-conversao 1.0.0,16,ok
090972,per090972_1911_17207,18,0,0,,,triagem/nome-caixa-conversao 1.0.0,16,ok
090972,per090972_1911_17207,19,0,0,,,triagem/nome-caixa-conversao 1.0.0,16,ok
090972,per090972_1911_17207,20,0,0,,,triagem/nome-caixa-conversao 1.0.0,16,ok
090972,per090972_1911_17207,21,0,0,,,triagem/nome-caixa-conversao 1.0.0,16,ok
090972,per090972_1911_17207,22,0,0,,,triagem/nome-caixa-conversao 1.0.0,16,ok
090972,per090972_1911_17207,23,0,0,,,triagem/nome-caixa-conversao 1.0.0,16,ok
090972,per090972_1911_17207,24,0,0,,,triagem/nome-caixa-conversao 1.0.0,16,ok
090972,per090972_1911_17207,25,0,0,,,triagem/nome-caixa-conversao 1.0.0,16,ok
090972,per090972_1911_17207,26,0,0,,,triagem/nome-caixa-conversao 1.0.0,16,ok
090972,per090972_1911_17207,27,0,0,,,triagem/nome-caixa-conversao 1.0.0,16,ok
090972,per090972_1911_17207,28,0,0,,,triagem/nome-caixa-conversao 1.0.0,16,ok
090972,per090972_1911_17207,29,0,0,,,triagem/nome-caixa-conversao 1.0.0,16,ok
090972,per090972_1911_17207,30,0,0,,,triagem/nome-caixa-conversao 1.0.0,16,ok
090972,per090972_1911_17207,31,0,0,,,triagem/nome-caixa-conversao 1.0.0,16,ok
090972,per090972_1911_17207,32,0,0,,,triagem/nome-caixa-conversao 1.0.0,16,ok
090972,per090972_1911_17207,33,0,0,,,triagem/nome-caixa-conversao 1.0.0,16,ok
090972,per090972_1911_17207,34,0,0,,,triagem/nome-caixa-conversao 1.0.0,16,ok
090972,per090972_1911_17207,35,0,0,,,triagem/nome-caixa-conversao 1.0.0,16,ok
090972,per090972_1911_17207,36,0,0,,,triagem/nome-caixa-conversao 1.0.0,16,ok
090972,per090972_1911_17207,37,0,0,,,triagem/nome-caixa-conversao 1.0.0,16,ok
090972,per090972_1911_17207,38,0,0,,,triagem/nome-caixa-conversao 1.0.0,16,ok
090972,per090972_1911_17207,39,0,0,,,triagem/nome-caixa-conversao 1.0.0,16,ok
090972,per090972_1911_17207,40,0,0,,,triagem/nome-caixa-conversao 1.0.0,16,ok
090972,per090972_1911_17208,1,0,0,,,triagem/nome-caixa-conversao 1.0.0,16,ok
090972,per090972_1911_17208,2,0,0,,,triagem/nome-caixa-conversao 1.0.0,16,ok
090972,per090972_1911_17208,3,0,0,,,triagem/nome-caixa-conversao 1.0.0,16,ok
090972,per090972_1911_17208,4,0,0,,,triagem/nome-caixa-conversao 1.0.0,16,ok
090972,per090972_1911_17208,5,0,0,,,triagem/nome-caixa-conversao 1.0.0,16,ok
090972,per090972_1911_17208,6,0,0,,,triagem/nome-caixa-conversao 1.0.0,16,ok
090972,per090972_1911_17208,7,0,0,,,triagem/nome-caixa-conversao 1.0.0,16,ok
090972,per090972_1911_17208,8,0,0,,,triagem/nome-caixa-conversao 1.0.0,16,ok
090972,per090972_1911_17209,1,0,0,,,triagem/nome-caixa-conversao 1.0.0,16,ok
090972,per090972_1911_17209,2,1,1,caixa de conver,5685,triagem/nome-caixa-conversao 1.0.0,16,ok
090972,per090972_1911_17209,3,0,0,,,triagem/nome-caixa-conversao 1.0.0,16,ok
090972,per090972_1911_17209,4,0,0,,,triagem/nome-caixa-conversao 1.0.0,16,ok
090972,per090972_1911_17209,5,0,0,,,triagem/nome-caixa-conversao 1.0.0,16,ok
090972,per090972_1911_17209,6,0,0,,,triagem/nome-caixa-conversao 1.0.0,16,ok
090972,per090972_1911_17209,7,0,0,,,triagem/nome-caixa-conversao 1.0.0,16,ok
090972,per090972_1911_17209,8,0,0,,,triagem/nome-caixa-conversao 1.0.0,16,ok
090972,per090972_1911_17209,9,0,0,,,triagem/nome-caixa-conversao 1.0.0,16,ok
090972,per090972_1911_17209,10,0,0,,,triagem/nome-caixa-conversao 1.0.0,16,ok
090972,per090972_1911_17210,1,0,0,,,triagem/nome-caixa-conversao 1.0.0,16,ok
090972,per090972_1911_17210,2,0,0,,,triagem/nome-caixa-conversao 1.0.0,16,ok
090972,per090972_1911_17210,3,0,0,,,triagem/nome-caixa-conversao 1.0.0,16,ok
090972,per090972_1911_17210,4,0,0,,,triagem/nome-caixa-conversao 1.0.0,16,ok
090972,per090972_1911_17210,5,0,0,,,triagem/nome-caixa-conversao 1.0.0,16,ok
090972,per090972_1911_17210,6,0,0,,,triagem/nome-caixa-conversao 1.0.0,16,ok
090972,per090972_1911_17210,7,0,0,,,triagem/nome-caixa-conversao 1.0.0,16,ok
090972,per090972_1911_17210,8,0,0,,,triagem/nome-caixa-conversao 1.0.0,16,ok
090972,per090972_1911_17211,1,0,0,,,triagem/nome-caixa-conversao 1.0.0,16,ok
090972,per090972_1911_17211,2,0,0,,,triagem/nome-caixa-conversao 1.0.0,16,ok
090972,per090972_1911_17211,3,0,0,,,triagem/nome-caixa-conversao 1.0.0,16,ok
090972,per090972_1911_17211,4,0,0,,,triagem/nome-caixa-conversao 1.0.0,16,ok
090972,per090972_1911_17211,5,0,0,,,triagem/nome-caixa-conversao 1.0.0,16,ok
090972,per090972_1911_17211,6,0,0,,,triagem/nome-caixa-conversao 1.0.0,16,ok
090972,per090972_1911_17211,7,0,0,,,triagem/nome-caixa-conversao 1.0.0,16,ok
090972,per090972_1911_17211,8,0,0,,,triagem/nome-caixa-conversao 1.0.0,16,ok
090972,per090972_1911_17211,9,0,0,,,triagem/nome-caixa-conversao 1.0.0,16,ok
090972,per090972_1911_17211,10,0,0,,,triagem/nome-caixa-conversao 1.0.0,16,ok
090972,per090972_1911_17212,1,0,0,,,triagem/nome-caixa-conversao 1.0.0,16,ok
090972,per090972_1911_17212,2,0,0,,,triagem/nome-caixa-conversao 1.0.0,16,ok
090972,per090972_1911_17212,3,1,1,caixa de conver,10036,triagem/nome-caixa-conversao 1.0.0,16,ok
090972,per090972_1911_17212,4,0,0,,,triagem/nome-caixa-conversao 1.0.0,16,ok
090972,per090972_1911_17212,5,0,0,,,triagem/nome-caixa-conversao 1.0.0,16,ok
090972,per090972_1911_17212,6,0,0,,,triagem/nome-caixa-conversao 1.0.0,16,ok
090972,per090972_1911_17212,7,0,0,,,triagem/nome-caixa-conversao 1.0.0,16,ok
090972,per090972_1911_17212,8,0,0,,,triagem/nome-caixa-conversao 1.0.0,16,ok
090972,per090972_1911_17212,9,0,0,,,triagem/nome-caixa-conversao 1.0.0,16,ok
090972,per090972_1911_17212,10,0,0,,,triagem/nome-caixa-conversao 1.0.0,16,ok
090972,per090972_1911_17213,1,0,0,,,triagem/nome-caixa-conversao 1.0.0,16,ok
090972,per090972_1911_17213,2,0,0,,,triagem/nome-caixa-conversao 1.0.0,16,ok
090972,per090972_1911_17213,3,1,2,caixa de conver,24372,triagem/nome-caixa-conversao 1.0.0,16,ok
090972,per090972_1911_17213,4,0,0,,,triagem/nome-caixa-conversao 1.0.0,16,ok
090972,per090972_1911_17213,5,0,0,,,triagem/nome-caixa-conversao 1.0.0,16,ok
090972,per090972_1911_17213,6,0,0,,,triagem/nome-caixa-conversao 1.0.0,16,ok
090972,per090972_1911_17213,7,0,0,,,triagem/nome-caixa-conversao 1.0.0,16,ok
090972,per090972_1911_17213,8,0,0,,,triagem/nome-caixa-conversao 1.0.0,16,ok
090972,per090972_1911_17213,9,0,0,,,triagem/nome-caixa-conversao 1.0.0,16,ok
090972,per090972_1911_17213,10,0,0,,,triagem/nome-caixa-conversao 1.0.0,16,ok
090972,per090972_1911_17213,11,0,0,,,triagem/nome-caixa-conversao 1.0.0,16,ok
090972,per090972_1911_17213,12,0,0,,,triagem/nome-caixa-conversao 1.0.0,16,ok
090972,per090972_1911_17214,1,1,1,caixa de conver,36055,triagem/nome-caixa-conversao 1.0.0,16,ok
090972,per090972_1911_17214,2,0,0,,,triagem/nome-caixa-conversao 1.0.0,16,ok
090972,per090972_1911_17214,3,0,0,,,triagem/nome-caixa-conversao 1.0.0,16,ok
090972,per090972_1911_17214,4,0,0,,,triagem/nome-caixa-conversao 1.0.0,16,ok
090972,per090972_1911_17214,5,0,0,,,triagem/nome-caixa-conversao 1.0.0,16,ok
090972,per090972_1911_17214,6,0,0,,,triagem/nome-caixa-conversao 1.0.0,16,ok
090972,per090972_1911_17214,7,0,0,,,triagem/nome-caixa-conversao 1.0.0,16,ok
090972,per090972_1911_17214,8,0,0,,,triagem/nome-caixa-conversao 1.0.0,16,ok
090972,per090972_1911_17215,1,0,0,,,triagem/nome-caixa-conversao 1.0.0,16,ok
090972,per090972_1911_17215,2,0,0,,,triagem/nome-caixa-conversao 1.0.0,16,ok
090972,per090972_1911_17215,3,0,0,,,triagem/nome-caixa-conversao 1.0.0,16,ok
090972,per090972_1911_17215,4,0,0,,,triagem/nome-caixa-conversao 1.0.0,16,ok
090972,per090972_1911_17215,5,0,0,,,triagem/nome-caixa-conversao 1.0.0,16,ok
090972,per090972_1911_17215,6,0,0,,,triagem/nome-caixa-conversao 1.0.0,16,ok
090972,per090972_1911_17215,7,0,0,,,triagem/nome-caixa-conversao 1.0.0,16,ok
090972,per090972_1911_17215,8,0,0,,,triagem/nome-caixa-conversao 1.0.0,16,ok
090972,per090972_1911_17216,1,0,0,,,triagem/nome-caixa-conversao 1.0.0,16,ok
090972,per090972_1911_17216,2,0,0,,,triagem/nome-caixa-conversao 1.0.0,16,ok
090972,per090972_1911_17216,3,0,0,,,triagem/nome-caixa-conversao 1.0.0,16,ok
090972,per090972_1911_17216,4,0,0,,,triagem/nome-caixa-conversao 1.0.0,16,ok
090972,per090972_1911_17216,5,0,0,,,triagem/nome-caixa-conversao 1.0.0,16,ok
090972,per090972_1911_17216,6,0,0,,,triagem/nome-caixa-conversao 1.0.0,16,ok
090972,per090972_1911_17216,7,0,0,,,triagem/nome-caixa-conversao 1.0.0,16,ok
090972,per090972_1911_17216,8,0,0,,,triagem/nome-caixa-conversao 1.0.0,16,ok
090972,per090972_1911_17216,9,0,0,,,triagem/nome-caixa-conversao 1.0.0,16,ok
090972,per090972_1911_17216,10,0,0,,,triagem/nome-caixa-conversao 1.0.0,16,ok
090972,per090972_1911_17217,1,0,0,,,triagem/nome-caixa-conversao 1.0.0,16,ok
090972,per090972_1911_17217,2,1,1,caixa de conver,31461,triagem/nome-caixa-conversao 1.0.0,16,ok
090972,per090972_1911_17217,3,0,0,,,triagem/nome-caixa-conversao 1.0.0,16,ok
090972,per090972_1911_17217,4,0,0,,,triagem/nome-caixa-conversao 1.0.0,16,ok
090972,per090972_1911_17217,5,0,0,,,triagem/nome-caixa-conversao 1.0.0,16,ok
090972,per090972_1911_17217,6,0,0,,,triagem/nome-caixa-conversao 1.0.0,16,ok
090972,per090972_1911_17217,7,0,0,,,triagem/nome-caixa-conversao 1.0.0,16,ok
090972,per090972_1911_17217,8,0,0,,,triagem/nome-caixa-conversao 1.0.0,16,ok
090972,per090972_1911_17217,9,0,0,,,triagem/nome-caixa-conversao 1.0.0,16,ok
090972,per090972_1911_17217,10,0,0,,,triagem/nome-caixa-conversao 1.0.0,16,ok
090972,per090972_1911_17218,1,0,0,,,triagem/nome-caixa-conversao 1.0.0,16,ok
090972,per090972_1911_17218,2,1,2,caixa de conver,39249,triagem/nome-caixa-conversao 1.0.0,16,ok
090972,per090972_1911_17218,3,0,0,,,triagem/nome-caixa-conversao 1.0.0,16,ok
090972,per090972_1911_17218,4,0,0,,,triagem/nome-caixa-conversao 1.0.0,16,ok
090972,per090972_1911_17218,5,0,0,,,triagem/nome-caixa-conversao 1.0.0,16,ok
090972,per090972_1911_17218,6,0,0,,,triagem/nome-caixa-conversao 1.0.0,16,ok
090972,per090972_1911_17218,7,0,0,,,triagem/nome-caixa-conversao 1.0.0,16,ok
090972,per090972_1911_17218,8,0,0,,,triagem/nome-caixa-conversao 1.0.0,16,ok
090972,per090972_1911_17218,9,0,0,,,triagem/nome-caixa-conversao 1.0.0,16,ok
090972,per090972_1911_17218,10,0,0,,,triagem/nome-caixa-conversao 1.0.0,16,ok
090972,per090972_1911_17219,1,0,0,,,triagem/nome-caixa-conversao 1.0.0,16,ok
090972,per090972_1911_17219,2,1,1,caixa de conver,8110,triagem/nome-caixa-conversao 1.0.0,16,ok
090972,per090972_1911_17219,3,0,0,,,triagem/nome-caixa-conversao 1.0.0,16,ok
090972,per090972_1911_17219,4,0,0,,,triagem/nome-caixa-conversao 1.0.0,16,ok
090972,per090972_1911_17219,5,0,0,,,triagem/nome-caixa-conversao 1.0.0,16,ok
090972,per090972_1911_17219,6,0,0,,,triagem/nome-caixa-conversao 1.0.0,16,ok
090972,per090972_1911_17219,7,0,0,,,triagem/nome-caixa-conversao 1.0.0,16,ok
090972,per090972_1911_17219,8,0,0,,,triagem/nome-caixa-conversao 1.0.0,16,ok
090972,per090972_1911_17220,1,0,0,,,triagem/nome-caixa-conversao 1.0.0,16,ok
090972,per090972_1911_17220,2,0,0,,,triagem/nome-caixa-conversao 1.0.0,16,ok
090972,per090972_1911_17220,3,0,0,,,triagem/nome-caixa-conversao 1.0.0,16,ok
090972,per090972_1911_17220,4,0,0,,,triagem/nome-caixa-conversao 1.0.0,16,ok
090972,per090972_1911_17220,5,0,0,,,triagem/nome-caixa-conversao 1.0.0,16,ok
090972,per090972_1911_17220,6,0,0,,,triagem/nome-caixa-conversao 1.0.0,16,ok
090972,per090972_1911_17220,7,0,0,,,triagem/nome-caixa-conversao 1.0.0,16,ok
090972,per090972_1911_17220,8,0,0,,,triagem/nome-caixa-conversao 1.0.0,16,ok
090972,per090972_1911_17220,9,0,0,,,triagem/nome-caixa-conversao 1.0.0,16,ok
090972,per090972_1911_17220,10,0,0,,,triagem/nome-caixa-conversao 1.0.0,16,ok
090972,per090972_1911_17220,11,0,0,,,triagem/nome-caixa-conversao 1.0.0,16,ok
090972,per090972_1911_17220,12,0,0,,,triagem/nome-caixa-conversao 1.0.0,16,ok
090972,per090972_1911_17221,1,0,0,,,triagem/nome-caixa-conversao 1.0.0,16,ok
090972,per090972_1911_17221,2,0,0,,,triagem/nome-caixa-conversao 1.0.0,16,ok
090972,per090972_1911_17221,3,0,0,,,triagem/nome-caixa-conversao 1.0.0,16,ok
090972,per090972_1911_17221,4,0,0,,,triagem/nome-caixa-conversao 1.0.0,16,ok
090972,per090972_1911_17221,5,0,0,,,triagem/nome-caixa-conversao 1.0.0,16,ok
090972,per090972_1911_17221,6,0,0,,,triagem/nome-caixa-conversao 1.0.0,16,ok
090972,per090972_1911_17221,7,0,0,,,triagem/nome-caixa-conversao 1.0.0,16,ok
090972,per090972_1911_17221,8,0,0,,,triagem/nome-caixa-conversao 1.0.0,16,ok
090972,per090972_1911_17222,1,0,0,,,triagem/nome-caixa-conversao 1.0.0,16,ok
090972,per090972_1911_17222,2,1,2,caixa de conver,11394,triagem/nome-caixa-conversao 1.0.0,16,ok
090972,per090972_1911_17222,3,0,0,,,triagem/nome-caixa-conversao 1.0.0,16,ok
090972,per090972_1911_17222,4,0,0,,,triagem/nome-caixa-conversao 1.0.0,16,ok
090972,per090972_1911_17222,5,0,0,,,triagem/nome-caixa-conversao 1.0.0,16,ok
090972,per090972_1911_17222,6,0,0,,,triagem/nome-caixa-conversao 1.0.0,16,ok
090972,per090972_1911_17222,7,0,0,,,triagem/nome-caixa-conversao 1.0.0,16,ok
090972,per090972_1911_17222,8,0,0,,,triagem/nome-caixa-conversao 1.0.0,16,ok
090972,per090972_1911_17223,1,0,0,,,triagem/nome-caixa-conversao 1.0.0,16,ok
090972,per090972_1911_17223,2,1,2,caixa de conver,3460,triagem/nome-caixa-conversao 1.0.0,16,ok
090972,per090972_1911_17223,3,0,0,,,triagem/nome-caixa-conversao 1.0.0,16,ok
090972,per090972_1911_17223,4,0,0,,,triagem/nome-caixa-conversao 1.0.0,16,ok
090972,per090972_1911_17223,5,0,0,,,triagem/nome-caixa-conversao 1.0.0,16,ok
090972,per090972_1911_17223,6,0,0,,,triagem/nome-caixa-conversao 1.0.0,16,ok
090972,per090972_1911_17223,7,0,0,,,triagem/nome-caixa-conversao 1.0.0,16,ok
090972,per090972_1911_17223,8,0,0,,,triagem/nome-caixa-conversao 1.0.0,16,ok
090972,per090972_1911_17224,1,0,0,,,triagem/nome-caixa-conversao 1.0.0,16,ok
090972,per090972_1911_17224,2,1,2,caixa de conver,5173,triagem/nome-caixa-conversao 1.0.0,16,ok
090972,per090972_1911_17224,3,0,0,,,triagem/nome-caixa-conversao 1.0.0,16,ok
090972,per090972_1911_17224,4,0,0,,,triagem/nome-caixa-conversao 1.0.0,16,ok
090972,per090972_1911_17224,5,0,0,,,triagem/nome-caixa-conversao 1.0.0,16,ok
090972,per090972_1911_17224,6,0,0,,,triagem/nome-caixa-conversao 1.0.0,16,ok
090972,per090972_1911_17224,7,0,0,,,triagem/nome-caixa-conversao 1.0.0,16,ok
090972,per090972_1911_17224,8,0,0,,,triagem/nome-caixa-conversao 1.0.0,16,ok
090972,per090972_1911_17224,9,0,0,,,triagem/nome-caixa-conversao 1.0.0,16,ok
090972,per090972_1911_17224,10,0,0,,,triagem/nome-caixa-conversao 1.0.0,16,ok
090972,per090972_1911_17224,11,0,0,,,triagem/nome-caixa-conversao 1.0.0,16,ok
090972,per090972_1911_17224,12,0,0,,,triagem/nome-caixa-conversao 1.0.0,16,ok
090972,per090972_1911_17225,1,0,0,,,triagem/nome-caixa-conversao 1.0.0,16,ok
090972,per090972_1911_17225,2,1,1,caixa de conver,11313,triagem/nome-caixa-conversao 1.0.0,16,ok
090972,per090972_1911_17225,3,0,0,,,triagem/nome-caixa-conversao 1.0.0,16,ok
090972,per090972_1911_17225,4,0,0,,,triagem/nome-caixa-conversao 1.0.0,16,ok
090972,per090972_1911_17225,5,0,0,,,triagem/nome-caixa-conversao 1.0.0,16,ok
090972,per090972_1911_17225,6,0,0,,,triagem/nome-caixa-conversao 1.0.0,16,ok
090972,per090972_1911_17225,7,0,0,,,triagem/nome-caixa-conversao 1.0.0,16,ok
090972,per090972_1911_17225,8,0,0,,,triagem/nome-caixa-conversao 1.0.0,16,ok
090972,per090972_1911_17226,1,0,0,,,triagem/nome-caixa-conversao 1.0.0,16,ok
090972,per090972_1911_17226,2,0,0,,,triagem/nome-caixa-conversao 1.0.0,16,ok
090972,per090972_1911_17226,3,0,0,,,triagem/nome-caixa-conversao 1.0.0,16,ok
090972,per090972_1911_17226,4,0,0,,,triagem/nome-caixa-conversao 1.0.0,16,ok
090972,per090972_1911_17226,5,0,0,,,triagem/nome-caixa-conversao 1.0.0,16,ok
090972,per090972_1911_17226,6,0,0,,,triagem/nome-caixa-conversao 1.0.0,16,ok
090972,per090972_1911_17226,7,0,0,,,triagem/nome-caixa-conversao 1.0.0,16,ok
090972,per090972_1911_17226,8,0,0,,,triagem/nome-caixa-conversao 1.0.0,16,ok
090972,per090972_1911_17226,9,0,0,,,triagem/nome-caixa-conversao 1.0.0,16,ok
090972,per090972_1911_17226,10,0,0,,,triagem/nome-caixa-conversao 1.0.0,16,ok
090972,per090972_1911_17227,1,0,0,,,triagem/nome-caixa-conversao 1.0.0,16,ok
090972,per090972_1911_17227,2,0,0,,,triagem/nome-caixa-conversao 1.0.0,16,ok
090972,per090972_1911_17227,3,1,1,caixa do conver,2068,triagem/nome-caixa-conversao 1.0.0,16,ok
090972,per090972_1911_17227,4,0,0,,,triagem/nome-caixa-conversao 1.0.0,16,ok
090972,per090972_1911_17227,5,0,0,,,triagem/nome-caixa-conversao 1.0.0,16,ok
090972,per090972_1911_17227,6,0,0,,,triagem/nome-caixa-conversao 1.0.0,16,ok
090972,per090972_1911_17227,7,0,0,,,triagem/nome-caixa-conversao 1.0.0,16,ok
090972,per090972_1911_17227,8,0,0,,,triagem/nome-caixa-conversao 1.0.0,16,ok
090972,per090972_1911_17227,9,0,0,,,triagem/nome-caixa-conversao 1.0.0,16,ok
090972,per090972_1911_17227,10,0,0,,,triagem/nome-caixa-conversao 1.0.0,16,ok
090972,per090972_1911_17227,11,0,0,,,triagem/nome-caixa-conversao 1.0.0,16,ok
090972,per090972_1911_17227,12,0,0,,,triagem/nome-caixa-conversao 1.0.0,16,ok
090972,per090972_1911_17228,1,0,0,,,triagem/nome-caixa-conversao 1.0.0,16,ok
090972,per090972_1911_17228,2,0,0,,,triagem/nome-caixa-conversao 1.0.0,16,ok
090972,per090972_1911_17228,3,0,0,,,triagem/nome-caixa-conversao 1.0.0,16,ok
090972,per090972_1911_17228,4,0,0,,,triagem/nome-caixa-conversao 1.0.0,16,ok
090972,per090972_1911_17228,5,0,0,,,triagem/nome-caixa-conversao 1.0.0,16,ok
090972,per090972_1911_17228,6,0,0,,,triagem/nome-caixa-conversao 1.0.0,16,ok
090972,per090972_1911_17228,7,0,0,,,triagem/nome-caixa-conversao 1.0.0,16,ok
090972,per090972_1911_17228,8,0,0,,,triagem/nome-caixa-conversao 1.0.0,16,ok
090972,per090972_1911_17229,1,1,1,caixa do conver,24050,triagem/nome-caixa-conversao 1.0.0,16,ok
090972,per090972_1911_17229,2,1,1,caixa de conver,29796,triagem/nome-caixa-conversao 1.0.0,16,ok
090972,per090972_1911_17229,3,0,0,,,triagem/nome-caixa-conversao 1.0.0,16,ok
090972,per090972_1911_17229,4,0,0,,,triagem/nome-caixa-conversao 1.0.0,16,ok
090972,per090972_1911_17229,5,0,0,,,triagem/nome-caixa-conversao 1.0.0,16,ok
090972,per090972_1911_17229,6,0,0,,,triagem/nome-caixa-conversao 1.0.0,16,ok
090972,per090972_1911_17229,7,0,0,,,triagem/nome-caixa-conversao 1.0.0,16,ok
090972,per090972_1911_17229,8,0,0,,,triagem/nome-caixa-conversao 1.0.0,16,ok
090972,per090972_1911_17229,9,0,0,,,triagem/nome-caixa-conversao 1.0.0,16,ok
090972,per090972_1911_17229,10,0,0,,,triagem/nome-caixa-conversao 1.0.0,16,ok
090972,per090972_1911_17230,1,0,0,,,triagem/nome-caixa-conversao 1.0.0,16,ok
090972,per090972_1911_17230,2,1,2,caixa de conver,17568,triagem/nome-caixa-conversao 1.0.0,16,ok
090972,per090972_1911_17230,3,0,0,,,triagem/nome-caixa-conversao 1.0.0,16,ok
090972,per090972_1911_17230,4,0,0,,,triagem/nome-caixa-conversao 1.0.0,16,ok
090972,per090972_1911_17230,5,0,0,,,triagem/nome-caixa-conversao 1.0.0,16,ok
090972,per090972_1911_17230,6,0,0,,,triagem/nome-caixa-conversao 1.0.0,16,ok
090972,per090972_1911_17230,7,0,0,,,triagem/nome-caixa-conversao 1.0.0,16,ok
090972,per090972_1911_17230,8,0,0,,,triagem/nome-caixa-conversao 1.0.0,16,ok
090972,per090972_1911_17231,1,0,0,,,triagem/nome-caixa-conversao 1.0.0,16,ok
090972,per090972_1911_17231,2,1,1,caixa de conver,23046,triagem/nome-caixa-conversao 1.0.0,16,ok
090972,per090972_1911_17231,3,0,0,,,triagem/nome-caixa-conversao 1.0.0,16,ok
090972,per090972_1911_17231,4,0,0,,,triagem/nome-caixa-conversao 1.0.0,16,ok
090972,per090972_1911_17231,5,0,0,,,triagem/nome-caixa-conversao 1.0.0,16,ok
090972,per090972_1911_17231,6,0,0,,,triagem/nome-caixa-conversao 1.0.0,16,ok
090972,per090972_1911_17231,7,0,0,,,triagem/nome-caixa-conversao 1.0.0,16,ok
090972,per090972_1911_17231,8,0,0,,,triagem/nome-caixa-conversao 1.0.0,16,ok
090972,per090972_1911_17231,9,0,0,,,triagem/nome-caixa-conversao 1.0.0,16,ok
090972,per090972_1911_17231,10,0,0,,,triagem/nome-caixa-conversao 1.0.0,16,ok
090972,per090972_1911_17232,1,0,0,,,triagem/nome-caixa-conversao 1.0.0,16,ok
090972,per090972_1911_17232,2,1,2,caixa de conver,11868,triagem/nome-caixa-conversao 1.0.0,16,ok
090972,per090972_1911_17232,3,0,0,,,triagem/nome-caixa-conversao 1.0.0,16,ok
090972,per090972_1911_17232,4,0,0,,,triagem/nome-caixa-conversao 1.0.0,16,ok
090972,per090972_1911_17232,5,0,0,,,triagem/nome-caixa-conversao 1.0.0,16,ok
090972,per090972_1911_17232,6,0,0,,,triagem/nome-caixa-conversao 1.0.0,16,ok
090972,per090972_1911_17232,7,0,0,,,triagem/nome-caixa-conversao 1.0.0,16,ok
090972,per090972_1911_17232,8,0,0,,,triagem/nome-caixa-conversao 1.0.0,16,ok
090972,per090972_1911_17232,9,0,0,,,triagem/nome-caixa-conversao 1.0.0,16,ok
090972,per090972_1911_17232,10,0,0,,,triagem/nome-caixa-conversao 1.0.0,16,ok
090972,per090972_1911_17233,1,0,0,,,triagem/nome-caixa-conversao 1.0.0,16,ok
090972,per090972_1911_17233,2,1,1,caixado conver,6908,triagem/nome-caixa-conversao 1.0.0,16,ok
090972,per090972_1911_17233,3,0,0,,,triagem/nome-caixa-conversao 1.0.0,16,ok
090972,per090972_1911_17233,4,0,0,,,triagem/nome-caixa-conversao 1.0.0,16,ok
090972,per090972_1911_17233,5,0,0,,,triagem/nome-caixa-conversao 1.0.0,16,ok
090972,per090972_1911_17233,6,0,0,,,triagem/nome-caixa-conversao 1.0.0,16,ok
090972,per090972_1911_17233,7,0,0,,,triagem/nome-caixa-conversao 1.0.0,16,ok
090972,per090972_1911_17233,8,0,0,,,triagem/nome-caixa-conversao 1.0.0,16,ok
090972,per090972_1911_17234,1,0,0,,,triagem/nome-caixa-conversao 1.0.0,16,ok
090972,per090972_1911_17234,2,1,2,caixa de conver,24906,triagem/nome-caixa-conversao 1.0.0,16,ok
090972,per090972_1911_17234,3,0,0,,,triagem/nome-caixa-conversao 1.0.0,16,ok
090972,per090972_1911_17234,4,0,0,,,triagem/nome-caixa-conversao 1.0.0,16,ok
090972,per090972_1911_17234,5,0,0,,,triagem/nome-caixa-conversao 1.0.0,16,ok
090972,per090972_1911_17234,6,0,0,,,triagem/nome-caixa-conversao 1.0.0,16,ok
090972,per090972_1911_17234,7,0,0,,,triagem/nome-caixa-conversao 1.0.0,16,ok
090972,per090972_1911_17234,8,0,0,,,triagem/nome-caixa-conversao 1.0.0,16,ok
090972,per090972_1911_17234,9,0,0,,,triagem/nome-caixa-conversao 1.0.0,16,ok
090972,per090972_1911_17234,10,0,0,,,triagem/nome-caixa-conversao 1.0.0,16,ok
090972,per090972_1911_17234,11,0,0,,,triagem/nome-caixa-conversao 1.0.0,16,ok
090972,per090972_1911_17234,12,0,0,,,triagem/nome-caixa-conversao 1.0.0,16,ok
090972,per090972_1911_17235,1,0,0,,,triagem/nome-caixa-conversao 1.0.0,16,ok
090972,per090972_1911_17235,2,0,0,,,triagem/nome-caixa-conversao 1.0.0,16,ok
090972,per090972_1911_17235,3,0,0,,,triagem/nome-caixa-conversao 1.0.0,16,ok
090972,per090972_1911_17235,4,0,0,,,triagem/nome-caixa-conversao 1.0.0,16,ok
090972,per090972_1911_17235,5,0,0,,,triagem/nome-caixa-conversao 1.0.0,16,ok
090972,per090972_1911_17235,6,0,0,,,triagem/nome-caixa-conversao 1.0.0,16,ok
090972,per090972_1911_17235,7,0,0,,,triagem/nome-caixa-conversao 1.0.0,16,ok
090972,per090972_1911_17235,8,0,0,,,triagem/nome-caixa-conversao 1.0.0,16,ok
090972,per090972_1911_17235,9,0,0,,,triagem/nome-caixa-conversao 1.0.0,16,ok
090972,per090972_1911_17235,10,0,0,,,triagem/nome-caixa-conversao 1.0.0,16,ok
090972,per090972_1911_17236,1,0,0,,,triagem/nome-caixa-conversao 1.0.0,16,ok
090972,per090972_1911_17236,2,1,2,caixa de conver,7693,triagem/nome-caixa-conversao 1.0.0,16,ok
090972,per090972_1911_17236,3,0,0,,,triagem/nome-caixa-conversao 1.0.0,16,ok
090972,per090972_1911_17236,4,0,0,,,triagem/nome-caixa-conversao 1.0.0,16,ok
090972,per090972_1911_17236,5,0,0,,,triagem/nome-caixa-conversao 1.0.0,16,ok
090972,per090972_1911_17236,6,0,0,,,triagem/nome-caixa-conversao 1.0.0,16,ok
090972,per090972_1911_17236,7,0,0,,,triagem/nome-caixa-conversao 1.0.0,16,ok
090972,per090972_1911_17236,8,0,0,,,triagem/nome-caixa-conversao 1.0.0,16,ok
090972,per090972_1911_17236,9,0,0,,,triagem/nome-caixa-conversao 1.0.0,16,ok
090972,per090972_1911_17236,10,0,0,,,triagem/nome-caixa-conversao 1.0.0,16,ok
090972,per090972_1911_17237,1,0,0,,,triagem/nome-caixa-conversao 1.0.0,16,ok
090972,per090972_1911_17237,2,1,2,caixa de conver,15909,triagem/nome-caixa-conversao 1.0.0,16,ok
090972,per090972_1911_17237,3,0,0,,,triagem/nome-caixa-conversao 1.0.0,16,ok
090972,per090972_1911_17237,4,0,0,,,triagem/nome-caixa-conversao 1.0.0,16,ok
090972,per090972_1911_17237,5,0,0,,,triagem/nome-caixa-conversao 1.0.0,16,ok
090972,per090972_1911_17237,6,0,0,,,triagem/nome-caixa-conversao 1.0.0,16,ok
090972,per090972_1911_17237,7,0,0,,,triagem/nome-caixa-conversao 1.0.0,16,ok
090972,per090972_1911_17237,8,0,0,,,triagem/nome-caixa-conversao 1.0.0,16,ok
090972,per090972_1911_17237,9,0,0,,,triagem/nome-caixa-conversao 1.0.0,16,ok
090972,per090972_1911_17237,10,0,0,,,triagem/nome-caixa-conversao 1.0.0,16,ok
090972,per090972_1911_17238,1,0,0,,,triagem/nome-caixa-conversao 1.0.0,16,ok
090972,per090972_1911_17238,2,1,2,caixa de conver,33433,triagem/nome-caixa-conversao 1.0.0,16,ok
090972,per090972_1911_17238,3,0,0,,,triagem/nome-caixa-conversao 1.0.0,16,ok
090972,per090972_1911_17238,4,0,0,,,triagem/nome-caixa-conversao 1.0.0,16,ok
090972,per090972_1911_17238,5,0,0,,,triagem/nome-caixa-conversao 1.0.0,16,ok
090972,per090972_1911_17238,6,0,0,,,triagem/nome-caixa-conversao 1.0.0,16,ok
090972,per090972_1911_17238,7,0,0,,,triagem/nome-caixa-conversao 1.0.0,16,ok
090972,per090972_1911_17238,8,0,0,,,triagem/nome-caixa-conversao 1.0.0,16,ok
090972,per090972_1911_17238,9,0,0,,,triagem/nome-caixa-conversao 1.0.0,16,ok
090972,per090972_1911_17238,10,0,0,,,triagem/nome-caixa-conversao 1.0.0,16,ok
090972,per090972_1911_17239,1,0,0,,,triagem/nome-caixa-conversao 1.0.0,16,ok
090972,per090972_1911_17239,2,0,0,,,triagem/nome-caixa-conversao 1.0.0,16,ok
090972,per090972_1911_17239,3,1,1,caixa de conver,44922,triagem/nome-caixa-conversao 1.0.0,16,ok
090972,per090972_1911_17239,4,0,0,,,triagem/nome-caixa-conversao 1.0.0,16,ok
090972,per090972_1911_17239,5,0,0,,,triagem/nome-caixa-conversao 1.0.0,16,ok
090972,per090972_1911_17239,6,0,0,,,triagem/nome-caixa-conversao 1.0.0,16,ok
090972,per090972_1911_17239,7,0,0,,,triagem/nome-caixa-conversao 1.0.0,16,ok
090972,per090972_1911_17239,8,0,0,,,triagem/nome-caixa-conversao 1.0.0,16,ok
090972,per090972_1911_17239,9,0,0,,,triagem/nome-caixa-conversao 1.0.0,16,ok
090972,per090972_1911_17239,10,0,0,,,triagem/nome-caixa-conversao 1.0.0,16,ok
090972,per090972_1911_17240,1,0,0,,,triagem/nome-caixa-conversao 1.0.0,16,ok
090972,per090972_1911_17240,2,0,0,,,triagem/nome-caixa-conversao 1.0.0,16,ok
090972,per090972_1911_17240,3,0,0,,,triagem/nome-caixa-conversao 1.0.0,16,ok
090972,per090972_1911_17240,4,0,0,,,triagem/nome-caixa-conversao 1.0.0,16,ok
090972,per090972_1911_17240,5,0,0,,,triagem/nome-caixa-conversao 1.0.0,16,ok
090972,per090972_1911_17240,6,0,0,,,triagem/nome-caixa-conversao 1.0.0,16,ok
090972,per090972_1911_17240,7,0,0,,,triagem/nome-caixa-conversao 1.0.0,16,ok
090972,per090972_1911_17240,8,0,0,,,triagem/nome-caixa-conversao 1.0.0,16,ok
090972,per090972_1911_17240,9,0,0,,,triagem/nome-caixa-conversao 1.0.0,16,ok
090972,per090972_1911_17240,10,0,0,,,triagem/nome-caixa-conversao 1.0.0,16,ok
090972,per090972_1911_17241,1,0,0,,,triagem/nome-caixa-conversao 1.0.0,16,ok
090972,per090972_1911_17241,2,1,2,caixa de conver,19208,triagem/nome-caixa-conversao 1.0.0,16,ok
090972,per090972_1911_17241,3,0,0,,,triagem/nome-caixa-conversao 1.0.0,16,ok
090972,per090972_1911_17241,4,0,0,,,triagem/nome-caixa-conversao 1.0.0,16,ok
090972,per090972_1911_17241,5,0,0,,,triagem/nome-caixa-conversao 1.0.0,16,ok
090972,per090972_1911_17241,6,0,0,,,triagem/nome-caixa-conversao 1.0.0,16,ok
090972,per090972_1911_17241,7,0,0,,,triagem/nome-caixa-conversao 1.0.0,16,ok
090972,per090972_1911_17241,8,0,0,,,triagem/nome-caixa-conversao 1.0.0,16,ok
090972,per090972_1911_17241,9,0,0,,,triagem/nome-caixa-conversao 1.0.0,16,ok
090972,per090972_1911_17241,10,0,0,,,triagem/nome-caixa-conversao 1.0.0,16,ok
090972,per090972_1911_17241,11,0,0,,,triagem/nome-caixa-conversao 1.0.0,16,ok
090972,per090972_1911_17241,12,0,0,,,triagem/nome-caixa-conversao 1.0.0,16,ok
090972,per090972_1911_17242,1,0,0,,,triagem/nome-caixa-conversao 1.0.0,16,ok
090972,per090972_1911_17242,2,0,0,,,triagem/nome-caixa-conversao 1.0.0,16,ok
090972,per090972_1911_17242,3,0,0,,,triagem/nome-caixa-conversao 1.0.0,16,ok
090972,per090972_1911_17242,4,0,0,,,triagem/nome-caixa-conversao 1.0.0,16,ok
090972,per090972_1911_17242,5,0,0,,,triagem/nome-caixa-conversao 1.0.0,16,ok
090972,per090972_1911_17242,6,0,0,,,triagem/nome-caixa-conversao 1.0.0,16,ok
090972,per090972_1911_17242,7,0,0,,,triagem/nome-caixa-conversao 1.0.0,16,ok
090972,per090972_1911_17242,8,0,0,,,triagem/nome-caixa-conversao 1.0.0,16,ok
090972,per090972_1911_17243,1,0,0,,,triagem/nome-caixa-conversao 1.0.0,16,ok
090972,per090972_1911_17243,2,1,1,caixa de conver,11156,triagem/nome-caixa-conversao 1.0.0,16,ok
090972,per090972_1911_17243,3,0,0,,,triagem/nome-caixa-conversao 1.0.0,16,ok
090972,per090972_1911_17243,4,0,0,,,triagem/nome-caixa-conversao 1.0.0,16,ok
090972,per090972_1911_17243,5,0,0,,,triagem/nome-caixa-conversao 1.0.0,16,ok
090972,per090972_1911_17243,6,0,0,,,triagem/nome-caixa-conversao 1.0.0,16,ok
090972,per090972_1911_17243,7,0,0,,,triagem/nome-caixa-conversao 1.0.0,16,ok
090972,per090972_1911_17243,8,0,0,,,triagem/nome-caixa-conversao 1.0.0,16,ok
090972,per090972_1911_17244,1,0,0,,,triagem/nome-caixa-conversao 1.0.0,16,ok
090972,per090972_1911_17244,2,1,1,caixa de conver,1121,triagem/nome-caixa-conversao 1.0.0,16,ok
090972,per090972_1911_17244,3,0,0,,,triagem/nome-caixa-conversao 1.0.0,16,ok
090972,per090972_1911_17244,4,0,0,,,triagem/nome-caixa-conversao 1.0.0,16,ok
090972,per090972_1911_17244,5,0,0,,,triagem/nome-caixa-conversao 1.0.0,16,ok
090972,per090972_1911_17244,6,0,0,,,triagem/nome-caixa-conversao 1.0.0,16,ok
090972,per090972_1911_17244,7,0,0,,,triagem/nome-caixa-conversao 1.0.0,16,ok
090972,per090972_1911_17244,8,0,0,,,triagem/nome-caixa-conversao 1.0.0,16,ok
090972,per090972_1911_17244,9,0,0,,,triagem/nome-caixa-conversao 1.0.0,16,ok
090972,per090972_1911_17244,10,0,0,,,triagem/nome-caixa-conversao 1.0.0,16,ok
090972,per090972_1911_17245,1,0,0,,,triagem/nome-caixa-conversao 1.0.0,16,ok
090972,per090972_1911_17245,2,1,1,caixa de conver,26812,triagem/nome-caixa-conversao 1.0.0,16,ok
090972,per090972_1911_17245,3,0,0,,,triagem/nome-caixa-conversao 1.0.0,16,ok
090972,per090972_1911_17245,4,0,0,,,triagem/nome-caixa-conversao 1.0.0,16,ok
090972,per090972_1911_17245,5,0,0,,,triagem/nome-caixa-conversao 1.0.0,16,ok
090972,per090972_1911_17245,6,0,0,,,triagem/nome-caixa-conversao 1.0.0,16,ok
090972,per090972_1911_17245,7,0,0,,,triagem/nome-caixa-conversao 1.0.0,16,ok
090972,per090972_1911_17245,8,0,0,,,triagem/nome-caixa-conversao 1.0.0,16,ok
090972,per090972_1911_17245,9,0,0,,,triagem/nome-caixa-conversao 1.0.0,16,ok
090972,per090972_1911_17245,10,0,0,,,triagem/nome-caixa-conversao 1.0.0,16,ok
090972,per090972_1911_17246,1,0,0,,,triagem/nome-caixa-conversao 1.0.0,16,ok
090972,per090972_1911_17246,2,1,2,caixa de conver,12077,triagem/nome-caixa-conversao 1.0.0,16,ok
090972,per090972_1911_17246,3,0,0,,,triagem/nome-caixa-conversao 1.0.0,16,ok
090972,per090972_1911_17246,4,0,0,,,triagem/nome-caixa-conversao 1.0.0,16,ok
090972,per090972_1911_17246,5,0,0,,,triagem/nome-caixa-conversao 1.0.0,16,ok
090972,per090972_1911_17246,6,0,0,,,triagem/nome-caixa-conversao 1.0.0,16,ok
090972,per090972_1911_17246,7,0,0,,,triagem/nome-caixa-conversao 1.0.0,16,ok
090972,per090972_1911_17246,8,0,0,,,triagem/nome-caixa-conversao 1.0.0,16,ok
090972,per090972_1911_17246,9,0,0,,,triagem/nome-caixa-conversao 1.0.0,16,ok
090972,per090972_1911_17246,10,0,0,,,triagem/nome-caixa-conversao 1.0.0,16,ok
090972,per090972_1911_17247,1,0,0,,,triagem/nome-caixa-conversao 1.0.0,16,ok
090972,per090972_1911_17247,2,1,2,caixa de conver,20546,triagem/nome-caixa-conversao 1.0.0,16,ok
090972,per090972_1911_17247,3,0,0,,,triagem/nome-caixa-conversao 1.0.0,16,ok
090972,per090972_1911_17247,4,0,0,,,triagem/nome-caixa-conversao 1.0.0,16,ok
090972,per090972_1911_17247,5,0,0,,,triagem/nome-caixa-conversao 1.0.0,16,ok
090972,per090972_1911_17247,6,0,0,,,triagem/nome-caixa-conversao 1.0.0,16,ok
090972,per090972_1911_17247,7,0,0,,,triagem/nome-caixa-conversao 1.0.0,16,ok
090972,per090972_1911_17247,8,0,0,,,triagem/nome-caixa-conversao 1.0.0,16,ok
090972,per090972_1911_17247,9,0,0,,,triagem/nome-caixa-conversao 1.0.0,16,ok
090972,per090972_1911_17247,10,0,0,,,triagem/nome-caixa-conversao 1.0.0,16,ok
090972,per090972_1911_17248,1,0,0,,,triagem/nome-caixa-conversao 1.0.0,16,ok
090972,per090972_1911_17248,2,1,1,caixa de conver,11423,triagem/nome-caixa-conversao 1.0.0,16,ok
090972,per090972_1911_17248,3,0,0,,,triagem/nome-caixa-conversao 1.0.0,16,ok
090972,per090972_1911_17248,4,0,0,,,triagem/nome-caixa-conversao 1.0.0,16,ok
090972,per090972_1911_17248,5,0,0,,,triagem/nome-caixa-conversao 1.0.0,16,ok
090972,per090972_1911_17248,6,0,0,,,triagem/nome-caixa-conversao 1.0.0,16,ok
090972,per090972_1911_17248,7,0,0,,,triagem/nome-caixa-conversao 1.0.0,16,ok
090972,per090972_1911_17248,8,0,0,,,triagem/nome-caixa-conversao 1.0.0,16,ok
090972,per090972_1911_17248,9,0,0,,,triagem/nome-caixa-conversao 1.0.0,16,ok
090972,per090972_1911_17248,10,0,0,,,triagem/nome-caixa-conversao 1.0.0,16,ok
090972,per090972_1911_17248,11,0,0,,,triagem/nome-caixa-conversao 1.0.0,16,ok
090972,per090972_1911_17248,12,0,0,,,triagem/nome-caixa-conversao 1.0.0,16,ok
090972,per090972_1911_17249,1,0,0,,,triagem/nome-caixa-conversao 1.0.0,16,ok
090972,per090972_1911_17249,2,0,0,,,triagem/nome-caixa-conversao 1.0.0,16,ok
090972,per090972_1911_17249,3,0,0,,,triagem/nome-caixa-conversao 1.0.0,16,ok
090972,per090972_1911_17249,4,0,0,,,triagem/nome-caixa-conversao 1.0.0,16,ok
090972,per090972_1911_17249,5,0,0,,,triagem/nome-caixa-conversao 1.0.0,16,ok
090972,per090972_1911_17249,6,0,0,,,triagem/nome-caixa-conversao 1.0.0,16,ok
090972,per090972_1911_17249,7,0,0,,,triagem/nome-caixa-conversao 1.0.0,16,ok
090972,per090972_1911_17249,8,0,0,,,triagem/nome-caixa-conversao 1.0.0,16,ok
090972,per090972_1911_17250,1,1,2,caixa de conver,35129,triagem/nome-caixa-conversao 1.0.0,16,ok
090972,per090972_1911_17250,2,0,0,,,triagem/nome-caixa-conversao 1.0.0,16,ok
090972,per090972_1911_17250,3,0,0,,,triagem/nome-caixa-conversao 1.0.0,16,ok
090972,per090972_1911_17250,4,0,0,,,triagem/nome-caixa-conversao 1.0.0,16,ok
090972,per090972_1911_17250,5,0,0,,,triagem/nome-caixa-conversao 1.0.0,16,ok
090972,per090972_1911_17250,6,0,0,,,triagem/nome-caixa-conversao 1.0.0,16,ok
090972,per090972_1911_17250,7,0,0,,,triagem/nome-caixa-conversao 1.0.0,16,ok
090972,per090972_1911_17250,8,0,0,,,triagem/nome-caixa-conversao 1.0.0,16,ok
090972,per090972_1911_17251,1,1,2,caixa de conver,35849,triagem/nome-caixa-conversao 1.0.0,16,ok
090972,per090972_1911_17251,2,0,0,,,triagem/nome-caixa-conversao 1.0.0,16,ok
090972,per090972_1911_17251,3,0,0,,,triagem/nome-caixa-conversao 1.0.0,16,ok
090972,per090972_1911_17251,4,0,0,,,triagem/nome-caixa-conversao 1.0.0,16,ok
090972,per090972_1911_17251,5,0,0,,,triagem/nome-caixa-conversao 1.0.0,16,ok
090972,per090972_1911_17251,6,0,0,,,triagem/nome-caixa-conversao 1.0.0,16,ok
090972,per090972_1911_17251,7,0,0,,,triagem/nome-caixa-conversao 1.0.0,16,ok
090972,per090972_1911_17251,8,0,0,,,triagem/nome-caixa-conversao 1.0.0,16,ok
090972,per090972_1911_17252,1,0,0,,,triagem/nome-caixa-conversao 1.0.0,16,ok
090972,per090972_1911_17252,2,1,2,caixa de conver,27385,triagem/nome-caixa-conversao 1.0.0,16,ok
090972,per090972_1911_17252,3,0,0,,,triagem/nome-caixa-conversao 1.0.0,16,ok
090972,per090972_1911_17252,4,0,0,,,triagem/nome-caixa-conversao 1.0.0,16,ok
090972,per090972_1911_17252,5,0,0,,,triagem/nome-caixa-conversao 1.0.0,16,ok
090972,per090972_1911_17252,6,0,0,,,triagem/nome-caixa-conversao 1.0.0,16,ok
090972,per090972_1911_17252,7,0,0,,,triagem/nome-caixa-conversao 1.0.0,16,ok
090972,per090972_1911_17252,8,0,0,,,triagem/nome-caixa-conversao 1.0.0,16,ok
090972,per090972_1911_17252,9,0,0,,,triagem/nome-caixa-conversao 1.0.0,16,ok
090972,per090972_1911_17252,10,0,0,,,triagem/nome-caixa-conversao 1.0.0,16,ok
090972,per090972_1911_17253,1,0,0,,,triagem/nome-caixa-conversao 1.0.0,16,ok
090972,per090972_1911_17253,2,1,2,caixa de conver,15419,triagem/nome-caixa-conversao 1.0.0,16,ok
090972,per090972_1911_17253,3,0,0,,,triagem/nome-caixa-conversao 1.0.0,16,ok
090972,per090972_1911_17253,4,1,1,caixa deconver,7183,triagem/nome-caixa-conversao 1.0.0,16,ok
090972,per090972_1911_17253,5,0,0,,,triagem/nome-caixa-conversao 1.0.0,16,ok
090972,per090972_1911_17253,6,0,0,,,triagem/nome-caixa-conversao 1.0.0,16,ok
090972,per090972_1911_17253,7,0,0,,,triagem/nome-caixa-conversao 1.0.0,16,ok
090972,per090972_1911_17253,8,0,0,,,triagem/nome-caixa-conversao 1.0.0,16,ok
090972,per090972_1911_17253,9,0,0,,,triagem/nome-caixa-conversao 1.0.0,16,ok
090972,per090972_1911_17253,10,0,0,,,triagem/nome-caixa-conversao 1.0.0,16,ok
090972,per090972_1911_17254,1,0,0,,,triagem/nome-caixa-conversao 1.0.0,16,ok
090972,per090972_1911_17254,2,0,0,,,triagem/nome-caixa-conversao 1.0.0,16,ok
090972,per090972_1911_17254,3,0,0,,,triagem/nome-caixa-conversao 1.0.0,16,ok
090972,per090972_1911_17254,4,0,0,,,triagem/nome-caixa-conversao 1.0.0,16,ok
090972,per090972_1911_17254,5,0,0,,,triagem/nome-caixa-conversao 1.0.0,16,ok
090972,per090972_1911_17254,6,0,0,,,triagem/nome-caixa-conversao 1.0.0,16,ok
090972,per090972_1911_17254,7,0,0,,,triagem/nome-caixa-conversao 1.0.0,16,ok
090972,per090972_1911_17254,8,0,0,,,triagem/nome-caixa-conversao 1.0.0,16,ok
090972,per090972_1911_17254,9,0,0,,,triagem/nome-caixa-conversao 1.0.0,16,ok
090972,per090972_1911_17254,10,0,0,,,triagem/nome-caixa-conversao 1.0.0,16,ok
090972,per090972_1911_17255,1,0,0,,,triagem/nome-caixa-conversao 1.0.0,16,ok
090972,per090972_1911_17255,2,1,2,caixa de conver,29499,triagem/nome-caixa-conversao 1.0.0,16,ok
090972,per090972_1911_17255,3,0,0,,,triagem/nome-caixa-conversao 1.0.0,16,ok
090972,per090972_1911_17255,4,0,0,,,triagem/nome-caixa-conversao 1.0.0,16,ok
090972,per090972_1911_17255,5,0,0,,,triagem/nome-caixa-conversao 1.0.0,16,ok
090972,per090972_1911_17255,6,0,0,,,triagem/nome-caixa-conversao 1.0.0,16,ok
090972,per090972_1911_17255,7,0,0,,,triagem/nome-caixa-conversao 1.0.0,16,ok
090972,per090972_1911_17255,8,0,0,,,triagem/nome-caixa-conversao 1.0.0,16,ok
090972,per090972_1911_17255,9,0,0,,,triagem/nome-caixa-conversao 1.0.0,16,ok
090972,per090972_1911_17255,10,0,0,,,triagem/nome-caixa-conversao 1.0.0,16,ok
090972,per090972_1911_17255,11,0,0,,,triagem/nome-caixa-conversao 1.0.0,16,ok
090972,per090972_1911_17255,12,0,0,,,triagem/nome-caixa-conversao 1.0.0,16,ok
090972,per090972_1911_17256,1,0,0,,,triagem/nome-caixa-conversao 1.0.0,16,ok
090972,per090972_1911_17256,2,0,0,,,triagem/nome-caixa-conversao 1.0.0,16,ok
090972,per090972_1911_17256,3,0,0,,,triagem/nome-caixa-conversao 1.0.0,16,ok
090972,per090972_1911_17256,4,0,0,,,triagem/nome-caixa-conversao 1.0.0,16,ok
090972,per090972_1911_17256,5,0,0,,,triagem/nome-caixa-conversao 1.0.0,16,ok
090972,per090972_1911_17256,6,0,0,,,triagem/nome-caixa-conversao 1.0.0,16,ok
090972,per090972_1911_17256,7,0,0,,,triagem/nome-caixa-conversao 1.0.0,16,ok
090972,per090972_1911_17256,8,0,0,,,triagem/nome-caixa-conversao 1.0.0,16,ok
090972,per090972_1911_17257,1,0,0,,,triagem/nome-caixa-conversao 1.0.0,16,ok
090972,per090972_1911_17257,2,1,2,caixa de conver,3934,triagem/nome-caixa-conversao 1.0.0,16,ok
090972,per090972_1911_17257,3,0,0,,,triagem/nome-caixa-conversao 1.0.0,16,ok
090972,per090972_1911_17257,4,1,1,caixa de conver,23544,triagem/nome-caixa-conversao 1.0.0,16,ok
090972,per090972_1911_17257,5,0,0,,,triagem/nome-caixa-conversao 1.0.0,16,ok
090972,per090972_1911_17257,6,0,0,,,triagem/nome-caixa-conversao 1.0.0,16,ok
090972,per090972_1911_17257,7,0,0,,,triagem/nome-caixa-conversao 1.0.0,16,ok
090972,per090972_1911_17257,8,0,0,,,triagem/nome-caixa-conversao 1.0.0,16,ok
090972,per090972_1911_17257,9,0,0,,,triagem/nome-caixa-conversao 1.0.0,16,ok
090972,per090972_1911_17257,10,0,0,,,triagem/nome-caixa-conversao 1.0.0,16,ok
090972,per090972_1911_17258,1,0,0,,,triagem/nome-caixa-conversao 1.0.0,16,ok
090972,per090972_1911_17258,2,0,0,,,triagem/nome-caixa-conversao 1.0.0,16,ok
090972,per090972_1911_17258,3,0,0,,,triagem/nome-caixa-conversao 1.0.0,16,ok
090972,per090972_1911_17258,4,0,0,,,triagem/nome-caixa-conversao 1.0.0,16,ok
090972,per090972_1911_17258,5,0,0,,,triagem/nome-caixa-conversao 1.0.0,16,ok
090972,per090972_1911_17258,6,0,0,,,triagem/nome-caixa-conversao 1.0.0,16,ok
090972,per090972_1911_17258,7,0,0,,,triagem/nome-caixa-conversao 1.0.0,16,ok
090972,per090972_1911_17258,8,0,0,,,triagem/nome-caixa-conversao 1.0.0,16,ok
090972,per090972_1911_17259,1,0,0,,,triagem/nome-caixa-conversao 1.0.0,16,ok
090972,per090972_1911_17259,2,1,1,caixa doconver,30529,triagem/nome-caixa-conversao 1.0.0,16,ok
090972,per090972_1911_17259,3,0,0,,,triagem/nome-caixa-conversao 1.0.0,16,ok
090972,per090972_1911_17259,4,0,0,,,triagem/nome-caixa-conversao 1.0.0,16,ok
090972,per090972_1911_17259,5,0,0,,,triagem/nome-caixa-conversao 1.0.0,16,ok
090972,per090972_1911_17259,6,0,0,,,triagem/nome-caixa-conversao 1.0.0,16,ok
090972,per090972_1911_17259,7,0,0,,,triagem/nome-caixa-conversao 1.0.0,16,ok
090972,per090972_1911_17259,8,0,0,,,triagem/nome-caixa-conversao 1.0.0,16,ok
090972,per090972_1911_17259,9,0,0,,,triagem/nome-caixa-conversao 1.0.0,16,ok
090972,per090972_1911_17259,10,0,0,,,triagem/nome-caixa-conversao 1.0.0,16,ok
090972,per090972_1911_17260,1,0,0,,,triagem/nome-caixa-conversao 1.0.0,16,ok
090972,per090972_1911_17260,2,0,0,,,triagem/nome-caixa-conversao 1.0.0,16,ok
090972,per090972_1911_17260,3,1,1,caixa de conver,11891,triagem/nome-caixa-conversao 1.0.0,16,ok
090972,per090972_1911_17260,4,0,0,,,triagem/nome-caixa-conversao 1.0.0,16,ok
090972,per090972_1911_17260,5,0,0,,,triagem/nome-caixa-conversao 1.0.0,16,ok
090972,per090972_1911_17260,6,0,0,,,triagem/nome-caixa-conversao 1.0.0,16,ok
090972,per090972_1911_17260,7,0,0,,,triagem/nome-caixa-conversao 1.0.0,16,ok
090972,per090972_1911_17260,8,0,0,,,triagem/nome-caixa-conversao 1.0.0,16,ok
090972,per090972_1911_17260,9,0,0,,,triagem/nome-caixa-conversao 1.0.0,16,ok
090972,per090972_1911_17260,10,0,0,,,triagem/nome-caixa-conversao 1.0.0,16,ok
090972,per090972_1911_17261,1,0,0,,,triagem/nome-caixa-conversao 1.0.0,16,ok
090972,per090972_1911_17261,2,1,2,caixa de conver,21526,triagem/nome-caixa-conversao 1.0.0,16,ok
090972,per090972_1911_17261,3,0,0,,,triagem/nome-caixa-conversao 1.0.0,16,ok
090972,per090972_1911_17261,4,0,0,,,triagem/nome-caixa-conversao 1.0.0,16,ok
090972,per090972_1911_17261,5,0,0,,,triagem/nome-caixa-conversao 1.0.0,16,ok
090972,per090972_1911_17261,6,0,0,,,triagem/nome-caixa-conversao 1.0.0,16,ok
090972,per090972_1911_17261,7,0,0,,,triagem/nome-caixa-conversao 1.0.0,16,ok
090972,per090972_1911_17261,8,0,0,,,triagem/nome-caixa-conversao 1.0.0,16,ok
090972,per090972_1911_17261,9,0,0,,,triagem/nome-caixa-conversao 1.0.0,16,ok
090972,per090972_1911_17261,10,0,0,,,triagem/nome-caixa-conversao 1.0.0,16,ok
090972,per090972_1911_17262,1,0,0,,,triagem/nome-caixa-conversao 1.0.0,16,ok
090972,per090972_1911_17262,2,1,2,caixa de conver,28236,triagem/nome-caixa-conversao 1.0.0,16,ok
090972,per090972_1911_17262,3,0,0,,,triagem/nome-caixa-conversao 1.0.0,16,ok
090972,per090972_1911_17262,4,0,0,,,triagem/nome-caixa-conversao 1.0.0,16,ok
090972,per090972_1911_17262,5,0,0,,,triagem/nome-caixa-conversao 1.0.0,16,ok
090972,per090972_1911_17262,6,0,0,,,triagem/nome-caixa-conversao 1.0.0,16,ok
090972,per090972_1911_17262,7,0,0,,,triagem/nome-caixa-conversao 1.0.0,16,ok
090972,per090972_1911_17262,8,0,0,,,triagem/nome-caixa-conversao 1.0.0,16,ok
090972,per090972_1911_17262,9,0,0,,,triagem/nome-caixa-conversao 1.0.0,16,ok
090972,per090972_1911_17262,10,0,0,,,triagem/nome-caixa-conversao 1.0.0,16,ok
090972,per090972_1911_17262,11,0,0,,,triagem/nome-caixa-conversao 1.0.0,16,ok
090972,per090972_1911_17262,12,0,0,,,triagem/nome-caixa-conversao 1.0.0,16,ok
090972,per090972_1911_17263,1,0,0,,,triagem/nome-caixa-conversao 1.0.0,16,ok
090972,per090972_1911_17263,2,0,0,,,triagem/nome-caixa-conversao 1.0.0,16,ok
090972,per090972_1911_17263,3,0,0,,,triagem/nome-caixa-conversao 1.0.0,16,ok
090972,per090972_1911_17263,4,0,0,,,triagem/nome-caixa-conversao 1.0.0,16,ok
090972,per090972_1911_17263,5,0,0,,,triagem/nome-caixa-conversao 1.0.0,16,ok
090972,per090972_1911_17263,6,0,0,,,triagem/nome-caixa-conversao 1.0.0,16,ok
090972,per090972_1911_17263,7,0,0,,,triagem/nome-caixa-conversao 1.0.0,16,ok
090972,per090972_1911_17263,8,0,0,,,triagem/nome-caixa-conversao 1.0.0,16,ok
090972,per090972_1911_17264,1,0,0,,,triagem/nome-caixa-conversao 1.0.0,16,ok
090972,per090972_1911_17264,2,1,2,caixa de conver,16474,triagem/nome-caixa-conversao 1.0.0,16,ok
090972,per090972_1911_17264,3,0,0,,,triagem/nome-caixa-conversao 1.0.0,16,ok
090972,per090972_1911_17264,4,0,0,,,triagem/nome-caixa-conversao 1.0.0,16,ok
090972,per090972_1911_17264,5,0,0,,,triagem/nome-caixa-conversao 1.0.0,16,ok
090972,per090972_1911_17264,6,0,0,,,triagem/nome-caixa-conversao 1.0.0,16,ok
090972,per090972_1911_17264,7,0,0,,,triagem/nome-caixa-conversao 1.0.0,16,ok
090972,per090972_1911_17264,8,0,0,,,triagem/nome-caixa-conversao 1.0.0,16,ok
090972,per090972_1911_17264,9,0,0,,,triagem/nome-caixa-conversao 1.0.0,16,ok
090972,per090972_1911_17264,10,0,0,,,triagem/nome-caixa-conversao 1.0.0,16,ok
090972,per090972_1911_17265,1,0,0,,,triagem/nome-caixa-conversao 1.0.0,16,ok
090972,per090972_1911_17265,2,1,2,caixa de conver,8869,triagem/nome-caixa-conversao 1.0.0,16,ok
090972,per090972_1911_17265,3,0,0,,,triagem/nome-caixa-conversao 1.0.0,16,ok
090972,per090972_1911_17265,4,0,0,,,triagem/nome-caixa-conversao 1.0.0,16,ok
090972,per090972_1911_17265,5,0,0,,,triagem/nome-caixa-conversao 1.0.0,16,ok
090972,per090972_1911_17265,6,0,0,,,triagem/nome-caixa-conversao 1.0.0,16,ok
090972,per090972_1911_17265,7,0,0,,,triagem/nome-caixa-conversao 1.0.0,16,ok
090972,per090972_1911_17265,8,0,0,,,triagem/nome-caixa-conversao 1.0.0,16,ok
090972,per090972_1911_17266,1,0,0,,,triagem/nome-caixa-conversao 1.0.0,16,ok
090972,per090972_1911_17266,2,1,2,caixa de conver,16833,triagem/nome-caixa-conversao 1.0.0,16,ok
090972,per090972_1911_17266,3,0,0,,,triagem/nome-caixa-conversao 1.0.0,16,ok
090972,per090972_1911_17266,4,0,0,,,triagem/nome-caixa-conversao 1.0.0,16,ok
090972,per090972_1911_17266,5,0,0,,,triagem/nome-caixa-conversao 1.0.0,16,ok
090972,per090972_1911_17266,6,0,0,,,triagem/nome-caixa-conversao 1.0.0,16,ok
090972,per090972_1911_17266,7,0,0,,,triagem/nome-caixa-conversao 1.0.0,16,ok
090972,per090972_1911_17266,8,0,0,,,triagem/nome-caixa-conversao 1.0.0,16,ok
090972,per090972_1911_17266,9,0,0,,,triagem/nome-caixa-conversao 1.0.0,16,ok
090972,per090972_1911_17266,10,0,0,,,triagem/nome-caixa-conversao 1.0.0,16,ok
090972,per090972_1911_17267,1,0,0,,,triagem/nome-caixa-conversao 1.0.0,16,ok
090972,per090972_1911_17267,2,1,1,caixa do conver,20496,triagem/nome-caixa-conversao 1.0.0,16,ok
090972,per090972_1911_17267,3,0,0,,,triagem/nome-caixa-conversao 1.0.0,16,ok
090972,per090972_1911_17267,4,0,0,,,triagem/nome-caixa-conversao 1.0.0,16,ok
090972,per090972_1911_17267,5,0,0,,,triagem/nome-caixa-conversao 1.0.0,16,ok
090972,per090972_1911_17267,6,0,0,,,triagem/nome-caixa-conversao 1.0.0,16,ok
090972,per090972_1911_17267,7,0,0,,,triagem/nome-caixa-conversao 1.0.0,16,ok
090972,per090972_1911_17267,8,0,0,,,triagem/nome-caixa-conversao 1.0.0,16,ok
090972,per090972_1911_17267,9,0,0,,,triagem/nome-caixa-conversao 1.0.0,16,ok
090972,per090972_1911_17267,10,0,0,,,triagem/nome-caixa-conversao 1.0.0,16,ok
090972,per090972_1911_17268,1,0,0,,,triagem/nome-caixa-conversao 1.0.0,16,ok
090972,per090972_1911_17268,2,1,1,caixa deconver,22308,triagem/nome-caixa-conversao 1.0.0,16,ok
090972,per090972_1911_17268,3,0,0,,,triagem/nome-caixa-conversao 1.0.0,16,ok
090972,per090972_1911_17268,4,0,0,,,triagem/nome-caixa-conversao 1.0.0,16,ok
090972,per090972_1911_17268,5,0,0,,,triagem/nome-caixa-conversao 1.0.0,16,ok
090972,per090972_1911_17268,6,0,0,,,triagem/nome-caixa-conversao 1.0.0,16,ok
090972,per090972_1911_17268,7,0,0,,,triagem/nome-caixa-conversao 1.0.0,16,ok
090972,per090972_1911_17268,8,0,0,,,triagem/nome-caixa-conversao 1.0.0,16,ok
090972,per090972_1911_17268,9,0,0,,,triagem/nome-caixa-conversao 1.0.0,16,ok
090972,per090972_1911_17268,10,0,0,,,triagem/nome-caixa-conversao 1.0.0,16,ok
090972,per090972_1911_17269,1,0,0,,,triagem/nome-caixa-conversao 1.0.0,16,ok
090972,per090972_1911_17269,2,0,0,,,triagem/nome-caixa-conversao 1.0.0,16,ok
090972,per090972_1911_17269,3,0,0,,,triagem/nome-caixa-conversao 1.0.0,16,ok
090972,per090972_1911_17269,4,0,0,,,triagem/nome-caixa-conversao 1.0.0,16,ok
090972,per090972_1911_17269,5,0,0,,,triagem/nome-caixa-conversao 1.0.0,16,ok
090972,per090972_1911_17269,6,0,0,,,triagem/nome-caixa-conversao 1.0.0,16,ok
090972,per090972_1911_17269,7,0,0,,,triagem/nome-caixa-conversao 1.0.0,16,ok
090972,per090972_1911_17269,8,0,0,,,triagem/nome-caixa-conversao 1.0.0,16,ok
090972,per090972_1911_17269,9,0,0,,,triagem/nome-caixa-conversao 1.0.0,16,ok
090972,per090972_1911_17269,10,0,0,,,triagem/nome-caixa-conversao 1.0.0,16,ok
090972,per090972_1911_17269,11,0,0,,,triagem/nome-caixa-conversao 1.0.0,16,ok
090972,per090972_1911_17269,12,0,0,,,triagem/nome-caixa-conversao 1.0.0,16,ok
090972,per090972_1911_17270,1,0,0,,,triagem/nome-caixa-conversao 1.0.0,16,ok
090972,per090972_1911_17270,2,0,0,,,triagem/nome-caixa-conversao 1.0.0,16,ok
090972,per090972_1911_17270,3,0,0,,,triagem/nome-caixa-conversao 1.0.0,16,ok
090972,per090972_1911_17270,4,0,0,,,triagem/nome-caixa-conversao 1.0.0,16,ok
090972,per090972_1911_17270,5,0,0,,,triagem/nome-caixa-conversao 1.0.0,16,ok
090972,per090972_1911_17270,6,0,0,,,triagem/nome-caixa-conversao 1.0.0,16,ok
090972,per090972_1911_17270,7,0,0,,,triagem/nome-caixa-conversao 1.0.0,16,ok
090972,per090972_1911_17270,8,0,0,,,triagem/nome-caixa-conversao 1.0.0,16,ok
090972,per090972_1911_17271,1,0,0,,,triagem/nome-caixa-conversao 1.0.0,16,ok
090972,per090972_1911_17271,2,1,2,caixa de conver,21883,triagem/nome-caixa-conversao 1.0.0,16,ok
090972,per090972_1911_17271,3,0,0,,,triagem/nome-caixa-conversao 1.0.0,16,ok
090972,per090972_1911_17271,4,0,0,,,triagem/nome-caixa-conversao 1.0.0,16,ok
090972,per090972_1911_17271,5,0,0,,,triagem/nome-caixa-conversao 1.0.0,16,ok
090972,per090972_1911_17271,6,0,0,,,triagem/nome-caixa-conversao 1.0.0,16,ok
090972,per090972_1911_17271,7,0,0,,,triagem/nome-caixa-conversao 1.0.0,16,ok
090972,per090972_1911_17271,8,0,0,,,triagem/nome-caixa-conversao 1.0.0,16,ok
090972,per090972_1911_17271,9,0,0,,,triagem/nome-caixa-conversao 1.0.0,16,ok
090972,per090972_1911_17271,10,0,0,,,triagem/nome-caixa-conversao 1.0.0,16,ok
090972,per090972_1911_17272,1,0,0,,,triagem/nome-caixa-conversao 1.0.0,16,ok
090972,per090972_1911_17272,2,1,1,caixa deconver,7874,triagem/nome-caixa-conversao 1.0.0,16,ok
090972,per090972_1911_17272,3,0,0,,,triagem/nome-caixa-conversao 1.0.0,16,ok
090972,per090972_1911_17272,4,0,0,,,triagem/nome-caixa-conversao 1.0.0,16,ok
090972,per090972_1911_17272,5,0,0,,,triagem/nome-caixa-conversao 1.0.0,16,ok
090972,per090972_1911_17272,6,0,0,,,triagem/nome-caixa-conversao 1.0.0,16,ok
090972,per090972_1911_17272,7,0,0,,,triagem/nome-caixa-conversao 1.0.0,16,ok
090972,per090972_1911_17272,8,0,0,,,triagem/nome-caixa-conversao 1.0.0,16,ok
090972,per090972_1911_17272,9,0,0,,,triagem/nome-caixa-conversao 1.0.0,16,ok
090972,per090972_1911_17272,10,0,0,,,triagem/nome-caixa-conversao 1.0.0,16,ok
090972,per090972_1911_17273,1,0,0,,,triagem/nome-caixa-conversao 1.0.0,16,ok
090972,per090972_1911_17273,2,1,2,caixa de conver,23501,triagem/nome-caixa-conversao 1.0.0,16,ok
090972,per090972_1911_17273,3,0,0,,,triagem/nome-caixa-conversao 1.0.0,16,ok
090972,per090972_1911_17273,4,0,0,,,triagem/nome-caixa-conversao 1.0.0,16,ok
090972,per090972_1911_17273,5,0,0,,,triagem/nome-caixa-conversao 1.0.0,16,ok
090972,per090972_1911_17273,6,0,0,,,triagem/nome-caixa-conversao 1.0.0,16,ok
090972,per090972_1911_17273,7,0,0,,,triagem/nome-caixa-conversao 1.0.0,16,ok
090972,per090972_1911_17273,8,0,0,,,triagem/nome-caixa-conversao 1.0.0,16,ok
090972,per090972_1911_17273,9,0,0,,,triagem/nome-caixa-conversao 1.0.0,16,ok
090972,per090972_1911_17273,10,0,0,,,triagem/nome-caixa-conversao 1.0.0,16,ok
090972,per090972_1911_17273,11,0,0,,,triagem/nome-caixa-conversao 1.0.0,16,ok
090972,per090972_1911_17273,12,0,0,,,triagem/nome-caixa-conversao 1.0.0,16,ok
090972,per090972_1911_17274,1,0,0,,,triagem/nome-caixa-conversao 1.0.0,16,ok
090972,per090972_1911_17274,2,0,0,,,triagem/nome-caixa-conversao 1.0.0,16,ok
090972,per090972_1911_17274,3,1,2,caixa de conver,10355,triagem/nome-caixa-conversao 1.0.0,16,ok
090972,per090972_1911_17274,4,0,0,,,triagem/nome-caixa-conversao 1.0.0,16,ok
090972,per090972_1911_17274,5,1,1,caixa de conver,13364,triagem/nome-caixa-conversao 1.0.0,16,ok
090972,per090972_1911_17274,6,0,0,,,triagem/nome-caixa-conversao 1.0.0,16,ok
090972,per090972_1911_17274,7,0,0,,,triagem/nome-caixa-conversao 1.0.0,16,ok
090972,per090972_1911_17274,8,0,0,,,triagem/nome-caixa-conversao 1.0.0,16,ok
090972,per090972_1911_17274,9,0,0,,,triagem/nome-caixa-conversao 1.0.0,16,ok
090972,per090972_1911_17274,10,0,0,,,triagem/nome-caixa-conversao 1.0.0,16,ok
090972,per090972_1911_17275,1,0,0,,,triagem/nome-caixa-conversao 1.0.0,16,ok
090972,per090972_1911_17275,2,1,2,caixa de conver,30919,triagem/nome-caixa-conversao 1.0.0,16,ok
090972,per090972_1911_17275,3,0,0,,,triagem/nome-caixa-conversao 1.0.0,16,ok
090972,per090972_1911_17275,4,0,0,,,triagem/nome-caixa-conversao 1.0.0,16,ok
090972,per090972_1911_17275,5,0,0,,,triagem/nome-caixa-conversao 1.0.0,16,ok
090972,per090972_1911_17275,6,0,0,,,triagem/nome-caixa-conversao 1.0.0,16,ok
090972,per090972_1911_17275,7,0,0,,,triagem/nome-caixa-conversao 1.0.0,16,ok
090972,per090972_1911_17275,8,0,0,,,triagem/nome-caixa-conversao 1.0.0,16,ok
090972,per090972_1911_17275,9,0,0,,,triagem/nome-caixa-conversao 1.0.0,16,ok
090972,per090972_1911_17275,10,0,0,,,triagem/nome-caixa-conversao 1.0.0,16,ok
090972,per090972_1911_17276,1,0,0,,,triagem/nome-caixa-conversao 1.0.0,16,ok
090972,per090972_1911_17276,2,1,2,caixa de conver,14869,triagem/nome-caixa-conversao 1.0.0,16,ok
090972,per090972_1911_17276,3,0,0,,,triagem/nome-caixa-conversao 1.0.0,16,ok
090972,per090972_1911_17276,4,0,0,,,triagem/nome-caixa-conversao 1.0.0,16,ok
090972,per090972_1911_17276,5,0,0,,,triagem/nome-caixa-conversao 1.0.0,16,ok
090972,per090972_1911_17276,6,0,0,,,triagem/nome-caixa-conversao 1.0.0,16,ok
090972,per090972_1911_17276,7,0,0,,,triagem/nome-caixa-conversao 1.0.0,16,ok
090972,per090972_1911_17276,8,0,0,,,triagem/nome-caixa-conversao 1.0.0,16,ok
090972,per090972_1911_17276,9,0,0,,,triagem/nome-caixa-conversao 1.0.0,16,ok
090972,per090972_1911_17276,10,0,0,,,triagem/nome-caixa-conversao 1.0.0,16,ok
090972,per090972_1911_17276,11,0,0,,,triagem/nome-caixa-conversao 1.0.0,16,ok
090972,per090972_1911_17276,12,0,0,,,triagem/nome-caixa-conversao 1.0.0,16,ok
090972,per090972_1911_17277,1,1,1,caixa do conver,36973,triagem/nome-caixa-conversao 1.0.0,16,ok
090972,per090972_1911_17277,2,0,0,,,triagem/nome-caixa-conversao 1.0.0,16,ok
090972,per090972_1911_17277,3,0,0,,,triagem/nome-caixa-conversao 1.0.0,16,ok
090972,per090972_1911_17277,4,0,0,,,triagem/nome-caixa-conversao 1.0.0,16,ok
090972,per090972_1911_17277,5,0,0,,,triagem/nome-caixa-conversao 1.0.0,16,ok
090972,per090972_1911_17277,6,0,0,,,triagem/nome-caixa-conversao 1.0.0,16,ok
090972,per090972_1911_17277,7,0,0,,,triagem/nome-caixa-conversao 1.0.0,16,ok
090972,per090972_1911_17277,8,0,0,,,triagem/nome-caixa-conversao 1.0.0,16,ok
090972,per090972_1911_17278,1,0,0,,,triagem/nome-caixa-conversao 1.0.0,16,ok
090972,per090972_1911_17278,2,1,2,caixa de conver,13082,triagem/nome-caixa-conversao 1.0.0,16,ok
090972,per090972_1911_17278,3,0,0,,,triagem/nome-caixa-conversao 1.0.0,16,ok
090972,per090972_1911_17278,4,0,0,,,triagem/nome-caixa-conversao 1.0.0,16,ok
090972,per090972_1911_17278,5,0,0,,,triagem/nome-caixa-conversao 1.0.0,16,ok
090972,per090972_1911_17278,6,0,0,,,triagem/nome-caixa-conversao 1.0.0,16,ok
090972,per090972_1911_17278,7,0,0,,,triagem/nome-caixa-conversao 1.0.0,16,ok
090972,per090972_1911_17278,8,0,0,,,triagem/nome-caixa-conversao 1.0.0,16,ok
090972,per090972_1911_17279,1,1,1,caixa do conver,6175,triagem/nome-caixa-conversao 1.0.0,16,ok
090972,per090972_1911_17279,2,1,1,caixa de conver,3702,triagem/nome-caixa-conversao 1.0.0,16,ok
090972,per090972_1911_17279,3,0,0,,,triagem/nome-caixa-conversao 1.0.0,16,ok
090972,per090972_1911_17279,4,0,0,,,triagem/nome-caixa-conversao 1.0.0,16,ok
090972,per090972_1911_17279,5,0,0,,,triagem/nome-caixa-conversao 1.0.0,16,ok
090972,per090972_1911_17279,6,0,0,,,triagem/nome-caixa-conversao 1.0.0,16,ok
090972,per090972_1911_17279,7,0,0,,,triagem/nome-caixa-conversao 1.0.0,16,ok
090972,per090972_1911_17279,8,0,0,,,triagem/nome-caixa-conversao 1.0.0,16,ok
090972,per090972_1911_17280,1,0,0,,,triagem/nome-caixa-conversao 1.0.0,16,ok
090972,per090972_1911_17280,2,0,0,,,triagem/nome-caixa-conversao 1.0.0,16,ok
090972,per090972_1911_17280,3,1,1,caixa de conver,85,triagem/nome-caixa-conversao 1.0.0,16,ok
090972,per090972_1911_17280,4,0,0,,,triagem/nome-caixa-conversao 1.0.0,16,ok
090972,per090972_1911_17280,5,0,0,,,triagem/nome-caixa-conversao 1.0.0,16,ok
090972,per090972_1911_17280,6,0,0,,,triagem/nome-caixa-conversao 1.0.0,16,ok
090972,per090972_1911_17280,7,0,0,,,triagem/nome-caixa-conversao 1.0.0,16,ok
090972,per090972_1911_17280,8,0,0,,,triagem/nome-caixa-conversao 1.0.0,16,ok
090972,per090972_1911_17280,9,0,0,,,triagem/nome-caixa-conversao 1.0.0,16,ok
090972,per090972_1911_17280,10,0,0,,,triagem/nome-caixa-conversao 1.0.0,16,ok
090972,per090972_1911_17281,1,0,0,,,triagem/nome-caixa-conversao 1.0.0,16,ok
090972,per090972_1911_17281,2,0,0,,,triagem/nome-caixa-conversao 1.0.0,16,ok
090972,per090972_1911_17281,3,1,1,caixade conver,42917,triagem/nome-caixa-conversao 1.0.0,16,ok
090972,per090972_1911_17281,4,0,0,,,triagem/nome-caixa-conversao 1.0.0,16,ok
090972,per090972_1911_17281,5,0,0,,,triagem/nome-caixa-conversao 1.0.0,16,ok
090972,per090972_1911_17281,6,0,0,,,triagem/nome-caixa-conversao 1.0.0,16,ok
090972,per090972_1911_17281,7,0,0,,,triagem/nome-caixa-conversao 1.0.0,16,ok
090972,per090972_1911_17281,8,0,0,,,triagem/nome-caixa-conversao 1.0.0,16,ok
090972,per090972_1911_17282,1,0,0,,,triagem/nome-caixa-conversao 1.0.0,16,ok
090972,per090972_1911_17282,2,0,0,,,triagem/nome-caixa-conversao 1.0.0,16,ok
090972,per090972_1911_17282,3,0,0,,,triagem/nome-caixa-conversao 1.0.0,16,ok
090972,per090972_1911_17282,4,0,0,,,triagem/nome-caixa-conversao 1.0.0,16,ok
090972,per090972_1911_17282,5,0,0,,,triagem/nome-caixa-conversao 1.0.0,16,ok
090972,per090972_1911_17282,6,0,0,,,triagem/nome-caixa-conversao 1.0.0,16,ok
090972,per090972_1911_17283,1,0,0,,,triagem/nome-caixa-conversao 1.0.0,16,ok
090972,per090972_1911_17283,2,0,0,,,triagem/nome-caixa-conversao 1.0.0,16,ok
090972,per090972_1911_17283,3,0,0,,,triagem/nome-caixa-conversao 1.0.0,16,ok
090972,per090972_1911_17283,4,0,0,,,triagem/nome-caixa-conversao 1.0.0,16,ok
090972,per090972_1911_17283,5,0,0,,,triagem/nome-caixa-conversao 1.0.0,16,ok
090972,per090972_1911_17283,6,0,0,,,triagem/nome-caixa-conversao 1.0.0,16,ok
090972,per090972_1911_17283,7,0,0,,,triagem/nome-caixa-conversao 1.0.0,16,ok
090972,per090972_1911_17283,8,0,0,,,triagem/nome-caixa-conversao 1.0.0,16,ok
090972,per090972_1911_17283,9,0,0,,,triagem/nome-caixa-conversao 1.0.0,16,ok
090972,per090972_1911_17283,10,0,0,,,triagem/nome-caixa-conversao 1.0.0,16,ok
090972,per090972_1911_17283,11,0,0,,,triagem/nome-caixa-conversao 1.0.0,16,ok
090972,per090972_1911_17283,12,0,0,,,triagem/nome-caixa-conversao 1.0.0,16,ok
090972,per090972_1911_17284,1,0,0,,,triagem/nome-caixa-conversao 1.0.0,16,ok
090972,per090972_1911_17284,2,0,0,,,triagem/nome-caixa-conversao 1.0.0,16,ok
090972,per090972_1911_17284,3,0,0,,,triagem/nome-caixa-conversao 1.0.0,16,ok
090972,per090972_1911_17284,4,0,0,,,triagem/nome-caixa-conversao 1.0.0,16,ok
090972,per090972_1911_17284,5,0,0,,,triagem/nome-caixa-conversao 1.0.0,16,ok
090972,per090972_1911_17284,6,0,0,,,triagem/nome-caixa-conversao 1.0.0,16,ok
090972,per090972_1911_17284,7,0,0,,,triagem/nome-caixa-conversao 1.0.0,16,ok
090972,per090972_1911_17284,8,0,0,,,triagem/nome-caixa-conversao 1.0.0,16,ok
090972,per090972_1911_17285,1,0,0,,,triagem/nome-caixa-conversao 1.0.0,16,ok
090972,per090972_1911_17285,2,0,0,,,triagem/nome-caixa-conversao 1.0.0,16,ok
090972,per090972_1911_17285,3,0,0,,,triagem/nome-caixa-conversao 1.0.0,16,ok
090972,per090972_1911_17285,4,1,2,caixa de conver,273,triagem/nome-caixa-conversao 1.0.0,16,ok
090972,per090972_1911_17285,5,0,0,,,triagem/nome-caixa-conversao 1.0.0,16,ok
090972,per090972_1911_17285,6,0,0,,,triagem/nome-caixa-conversao 1.0.0,16,ok
090972,per090972_1911_17285,7,0,0,,,triagem/nome-caixa-conversao 1.0.0,16,ok
090972,per090972_1911_17285,8,0,0,,,triagem/nome-caixa-conversao 1.0.0,16,ok
090972,per090972_1911_17285,9,0,0,,,triagem/nome-caixa-conversao 1.0.0,16,ok
090972,per090972_1911_17285,10,0,0,,,triagem/nome-caixa-conversao 1.0.0,16,ok
090972,per090972_1911_17285,11,0,0,,,triagem/nome-caixa-conversao 1.0.0,16,ok
090972,per090972_1911_17285,12,0,0,,,triagem/nome-caixa-conversao 1.0.0,16,ok
090972,per090972_1911_17286,1,0,0,,,triagem/nome-caixa-conversao 1.0.0,16,ok
090972,per090972_1911_17286,2,0,0,,,triagem/nome-caixa-conversao 1.0.0,16,ok
090972,per090972_1911_17286,3,0,0,,,triagem/nome-caixa-conversao 1.0.0,16,ok
090972,per090972_1911_17286,4,0,0,,,triagem/nome-caixa-conversao 1.0.0,16,ok
090972,per090972_1911_17286,5,0,0,,,triagem/nome-caixa-conversao 1.0.0,16,ok
090972,per090972_1911_17286,6,0,0,,,triagem/nome-caixa-conversao 1.0.0,16,ok
090972,per090972_1911_17286,7,0,0,,,triagem/nome-caixa-conversao 1.0.0,16,ok
090972,per090972_1911_17286,8,0,0,,,triagem/nome-caixa-conversao 1.0.0,16,ok
090972,per090972_1911_17286,9,0,0,,,triagem/nome-caixa-conversao 1.0.0,16,ok
090972,per090972_1911_17286,10,0,0,,,triagem/nome-caixa-conversao 1.0.0,16,ok
090972,per090972_1911_17287,1,0,0,,,triagem/nome-caixa-conversao 1.0.0,16,ok
090972,per090972_1911_17287,2,0,0,,,triagem/nome-caixa-conversao 1.0.0,16,ok
090972,per090972_1911_17287,3,0,0,,,triagem/nome-caixa-conversao 1.0.0,16,ok
090972,per090972_1911_17287,4,0,0,,,triagem/nome-caixa-conversao 1.0.0,16,ok
090972,per090972_1911_17287,5,0,0,,,triagem/nome-caixa-conversao 1.0.0,16,ok
090972,per090972_1911_17287,6,0,0,,,triagem/nome-caixa-conversao 1.0.0,16,ok
090972,per090972_1911_17287,7,0,0,,,triagem/nome-caixa-conversao 1.0.0,16,ok
090972,per090972_1911_17287,8,0,0,,,triagem/nome-caixa-conversao 1.0.0,16,ok
090972,per090972_1911_17287,9,0,0,,,triagem/nome-caixa-conversao 1.0.0,16,ok
090972,per090972_1911_17287,10,0,0,,,triagem/nome-caixa-conversao 1.0.0,16,ok
090972,per090972_1911_17288,1,0,0,,,triagem/nome-caixa-conversao 1.0.0,16,ok
090972,per090972_1911_17288,2,0,0,,,triagem/nome-caixa-conversao 1.0.0,16,ok
090972,per090972_1911_17288,3,0,0,,,triagem/nome-caixa-conversao 1.0.0,16,ok
090972,per090972_1911_17288,4,0,0,,,triagem/nome-caixa-conversao 1.0.0,16,ok
090972,per090972_1911_17288,5,0,0,,,triagem/nome-caixa-conversao 1.0.0,16,ok
090972,per090972_1911_17288,6,0,0,,,triagem/nome-caixa-conversao 1.0.0,16,ok
090972,per090972_1911_17288,7,0,0,,,triagem/nome-caixa-conversao 1.0.0,16,ok
090972,per090972_1911_17288,8,0,0,,,triagem/nome-caixa-conversao 1.0.0,16,ok
090972,per090972_1911_17288,9,0,0,,,triagem/nome-caixa-conversao 1.0.0,16,ok
090972,per090972_1911_17288,10,0,0,,,triagem/nome-caixa-conversao 1.0.0,16,ok
090972,per090972_1911_17289,1,0,0,,,triagem/nome-caixa-conversao 1.0.0,16,ok
090972,per090972_1911_17289,2,1,2,caixa de conver,18952,triagem/nome-caixa-conversao 1.0.0,16,ok
090972,per090972_1911_17289,3,0,0,,,triagem/nome-caixa-conversao 1.0.0,16,ok
090972,per090972_1911_17289,4,0,0,,,triagem/nome-caixa-conversao 1.0.0,16,ok
090972,per090972_1911_17289,5,0,0,,,triagem/nome-caixa-conversao 1.0.0,16,ok
090972,per090972_1911_17289,6,0,0,,,triagem/nome-caixa-conversao 1.0.0,16,ok
090972,per090972_1911_17289,7,0,0,,,triagem/nome-caixa-conversao 1.0.0,16,ok
090972,per090972_1911_17289,8,0,0,,,triagem/nome-caixa-conversao 1.0.0,16,ok
090972,per090972_1911_17289,9,0,0,,,triagem/nome-caixa-conversao 1.0.0,16,ok
090972,per090972_1911_17289,10,0,0,,,triagem/nome-caixa-conversao 1.0.0,16,ok
090972,per090972_1911_17290,1,1,3,caixa de conver,25164,triagem/nome-caixa-conversao 1.0.0,16,ok
090972,per090972_1911_17290,2,0,0,,,triagem/nome-caixa-conversao 1.0.0,16,ok
090972,per090972_1911_17290,3,0,0,,,triagem/nome-caixa-conversao 1.0.0,16,ok
090972,per090972_1911_17290,4,0,0,,,triagem/nome-caixa-conversao 1.0.0,16,ok
090972,per090972_1911_17290,5,0,0,,,triagem/nome-caixa-conversao 1.0.0,16,ok
090972,per090972_1911_17290,6,0,0,,,triagem/nome-caixa-conversao 1.0.0,16,ok
090972,per090972_1911_17290,7,0,0,,,triagem/nome-caixa-conversao 1.0.0,16,ok
090972,per090972_1911_17290,8,0,0,,,triagem/nome-caixa-conversao 1.0.0,16,ok
090972,per090972_1911_17290,9,0,0,,,triagem/nome-caixa-conversao 1.0.0,16,ok
090972,per090972_1911_17290,10,0,0,,,triagem/nome-caixa-conversao 1.0.0,16,ok
090972,per090972_1911_17290,11,0,0,,,triagem/nome-caixa-conversao 1.0.0,16,ok
090972,per090972_1911_17290,12,0,0,,,triagem/nome-caixa-conversao 1.0.0,16,ok
090972,per090972_1911_17291,1,0,0,,,triagem/nome-caixa-conversao 1.0.0,16,ok
090972,per090972_1911_17291,2,0,0,,,triagem/nome-caixa-conversao 1.0.0,16,ok
090972,per090972_1911_17291,3,0,0,,,triagem/nome-caixa-conversao 1.0.0,16,ok
090972,per090972_1911_17291,4,0,0,,,triagem/nome-caixa-conversao 1.0.0,16,ok
090972,per090972_1911_17291,5,0,0,,,triagem/nome-caixa-conversao 1.0.0,16,ok
090972,per090972_1911_17291,6,0,0,,,triagem/nome-caixa-conversao 1.0.0,16,ok
090972,per090972_1911_17291,7,0,0,,,triagem/nome-caixa-conversao 1.0.0,16,ok
090972,per090972_1911_17291,8,0,0,,,triagem/nome-caixa-conversao 1.0.0,16,ok
090972,per090972_1911_17292,1,0,0,,,triagem/nome-caixa-conversao 1.0.0,16,ok
090972,per090972_1911_17292,2,0,0,,,triagem/nome-caixa-conversao 1.0.0,16,ok
090972,per090972_1911_17292,3,1,1,caixa de conver,2313,triagem/nome-caixa-conversao 1.0.0,16,ok
090972,per090972_1911_17292,4,0,0,,,triagem/nome-caixa-conversao 1.0.0,16,ok
090972,per090972_1911_17292,5,0,0,,,triagem/nome-caixa-conversao 1.0.0,16,ok
090972,per090972_1911_17292,6,0,0,,,triagem/nome-caixa-conversao 1.0.0,16,ok
090972,per090972_1911_17292,7,0,0,,,triagem/nome-caixa-conversao 1.0.0,16,ok
090972,per090972_1911_17292,8,0,0,,,triagem/nome-caixa-conversao 1.0.0,16,ok
090972,per090972_1911_17292,9,0,0,,,triagem/nome-caixa-conversao 1.0.0,16,ok
090972,per090972_1911_17292,10,0,0,,,triagem/nome-caixa-conversao 1.0.0,16,ok
090972,per090972_1911_17293,1,1,1,caixa do conver,18616,triagem/nome-caixa-conversao 1.0.0,16,ok
090972,per090972_1911_17293,2,1,2,caixa de conver,19644,triagem/nome-caixa-conversao 1.0.0,16,ok
090972,per090972_1911_17293,3,0,0,,,triagem/nome-caixa-conversao 1.0.0,16,ok
090972,per090972_1911_17293,4,0,0,,,triagem/nome-caixa-conversao 1.0.0,16,ok
090972,per090972_1911_17293,5,0,0,,,triagem/nome-caixa-conversao 1.0.0,16,ok
090972,per090972_1911_17293,6,0,0,,,triagem/nome-caixa-conversao 1.0.0,16,ok
090972,per090972_1911_17293,7,0,0,,,triagem/nome-caixa-conversao 1.0.0,16,ok
090972,per090972_1911_17293,8,0,0,,,triagem/nome-caixa-conversao 1.0.0,16,ok
090972,per090972_1911_17293,9,0,0,,,triagem/nome-caixa-conversao 1.0.0,16,ok
090972,per090972_1911_17293,10,0,0,,,triagem/nome-caixa-conversao 1.0.0,16,ok
090972,per090972_1911_17294,1,0,0,,,triagem/nome-caixa-conversao 1.0.0,16,ok
090972,per090972_1911_17294,2,1,1,caixa de conver,22858,triagem/nome-caixa-conversao 1.0.0,16,ok
090972,per090972_1911_17294,3,0,0,,,triagem/nome-caixa-conversao 1.0.0,16,ok
090972,per090972_1911_17294,4,0,0,,,triagem/nome-caixa-conversao 1.0.0,16,ok
090972,per090972_1911_17294,5,0,0,,,triagem/nome-caixa-conversao 1.0.0,16,ok
090972,per090972_1911_17294,6,0,0,,,triagem/nome-caixa-conversao 1.0.0,16,ok
090972,per090972_1911_17294,7,0,0,,,triagem/nome-caixa-conversao 1.0.0,16,ok
090972,per090972_1911_17294,8,0,0,,,triagem/nome-caixa-conversao 1.0.0,16,ok
090972,per090972_1911_17294,9,0,0,,,triagem/nome-caixa-conversao 1.0.0,16,ok
090972,per090972_1911_17294,10,0,0,,,triagem/nome-caixa-conversao 1.0.0,16,ok
090972,per090972_1911_17295,1,0,0,,,triagem/nome-caixa-conversao 1.0.0,16,ok
090972,per090972_1911_17295,2,0,0,,,triagem/nome-caixa-conversao 1.0.0,16,ok
090972,per090972_1911_17295,3,0,0,,,triagem/nome-caixa-conversao 1.0.0,16,ok
090972,per090972_1911_17295,4,0,0,,,triagem/nome-caixa-conversao 1.0.0,16,ok
090972,per090972_1911_17295,5,0,0,,,triagem/nome-caixa-conversao 1.0.0,16,ok
090972,per090972_1911_17295,6,0,0,,,triagem/nome-caixa-conversao 1.0.0,16,ok
090972,per090972_1911_17295,7,0,0,,,triagem/nome-caixa-conversao 1.0.0,16,ok
090972,per090972_1911_17295,8,0,0,,,triagem/nome-caixa-conversao 1.0.0,16,ok
090972,per090972_1911_17295,9,0,0,,,triagem/nome-caixa-conversao 1.0.0,16,ok
090972,per090972_1911_17295,10,0,0,,,triagem/nome-caixa-conversao 1.0.0,16,ok
090972,per090972_1911_17296,1,0,0,,,triagem/nome-caixa-conversao 1.0.0,16,ok
090972,per090972_1911_17296,2,1,1,caixa de conver,8834,triagem/nome-caixa-conversao 1.0.0,16,ok
090972,per090972_1911_17296,3,0,0,,,triagem/nome-caixa-conversao 1.0.0,16,ok
090972,per090972_1911_17296,4,0,0,,,triagem/nome-caixa-conversao 1.0.0,16,ok
090972,per090972_1911_17296,5,0,0,,,triagem/nome-caixa-conversao 1.0.0,16,ok
090972,per090972_1911_17296,6,0,0,,,triagem/nome-caixa-conversao 1.0.0,16,ok
090972,per090972_1911_17296,7,0,0,,,triagem/nome-caixa-conversao 1.0.0,16,ok
090972,per090972_1911_17296,8,0,0,,,triagem/nome-caixa-conversao 1.0.0,16,ok
090972,per090972_1911_17297,1,0,0,,,triagem/nome-caixa-conversao 1.0.0,16,ok
090972,per090972_1911_17297,2,1,1,caixade conver,39272,triagem/nome-caixa-conversao 1.0.0,16,ok
090972,per090972_1911_17297,3,0,0,,,triagem/nome-caixa-conversao 1.0.0,16,ok
090972,per090972_1911_17297,4,0,0,,,triagem/nome-caixa-conversao 1.0.0,16,ok
090972,per090972_1911_17297,5,0,0,,,triagem/nome-caixa-conversao 1.0.0,16,ok
090972,per090972_1911_17297,6,0,0,,,triagem/nome-caixa-conversao 1.0.0,16,ok
090972,per090972_1911_17297,7,0,0,,,triagem/nome-caixa-conversao 1.0.0,16,ok
090972,per090972_1911_17297,8,0,0,,,triagem/nome-caixa-conversao 1.0.0,16,ok
090972,per090972_1911_17297,9,0,0,,,triagem/nome-caixa-conversao 1.0.0,16,ok
090972,per090972_1911_17297,10,0,0,,,triagem/nome-caixa-conversao 1.0.0,16,ok
090972,per090972_1911_17297,11,0,0,,,triagem/nome-caixa-conversao 1.0.0,16,ok
090972,per090972_1911_17297,12,0,0,,,triagem/nome-caixa-conversao 1.0.0,16,ok
090972,per090972_1911_17298,1,0,0,,,triagem/nome-caixa-conversao 1.0.0,16,ok
090972,per090972_1911_17298,2,0,0,,,triagem/nome-caixa-conversao 1.0.0,16,ok
090972,per090972_1911_17298,3,0,0,,,triagem/nome-caixa-conversao 1.0.0,16,ok
090972,per090972_1911_17298,4,0,0,,,triagem/nome-caixa-conversao 1.0.0,16,ok
090972,per090972_1911_17298,5,0,0,,,triagem/nome-caixa-conversao 1.0.0,16,ok
090972,per090972_1911_17298,6,0,0,,,triagem/nome-caixa-conversao 1.0.0,16,ok
090972,per090972_1911_17298,7,0,0,,,triagem/nome-caixa-conversao 1.0.0,16,ok
090972,per090972_1911_17298,8,0,0,,,triagem/nome-caixa-conversao 1.0.0,16,ok
090972,per090972_1911_17299,1,1,1,caixa do conver,4236,triagem/nome-caixa-conversao 1.0.0,16,ok
090972,per090972_1911_17299,2,1,1,caixa de conver,2699,triagem/nome-caixa-conversao 1.0.0,16,ok
090972,per090972_1911_17299,3,0,0,,,triagem/nome-caixa-conversao 1.0.0,16,ok
090972,per090972_1911_17299,4,0,0,,,triagem/nome-caixa-conversao 1.0.0,16,ok
090972,per090972_1911_17299,5,0,0,,,triagem/nome-caixa-conversao 1.0.0,16,ok
090972,per090972_1911_17299,6,0,0,,,triagem/nome-caixa-conversao 1.0.0,16,ok
090972,per090972_1911_17299,7,0,0,,,triagem/nome-caixa-conversao 1.0.0,16,ok
090972,per090972_1911_17299,8,0,0,,,triagem/nome-caixa-conversao 1.0.0,16,ok
090972,per090972_1911_17300,1,0,0,,,triagem/nome-caixa-conversao 1.0.0,16,ok
090972,per090972_1911_17300,2,1,2,caixa de conver,28269,triagem/nome-caixa-conversao 1.0.0,16,ok
090972,per090972_1911_17300,3,0,0,,,triagem/nome-caixa-conversao 1.0.0,16,ok
090972,per090972_1911_17300,4,0,0,,,triagem/nome-caixa-conversao 1.0.0,16,ok
090972,per090972_1911_17300,5,0,0,,,triagem/nome-caixa-conversao 1.0.0,16,ok
090972,per090972_1911_17300,6,0,0,,,triagem/nome-caixa-conversao 1.0.0,16,ok
090972,per090972_1911_17300,7,0,0,,,triagem/nome-caixa-conversao 1.0.0,16,ok
090972,per090972_1911_17300,8,0,0,,,triagem/nome-caixa-conversao 1.0.0,16,ok
090972,per090972_1911_17300,9,0,0,,,triagem/nome-caixa-conversao 1.0.0,16,ok
090972,per090972_1911_17300,10,0,0,,,triagem/nome-caixa-conversao 1.0.0,16,ok
090972,per090972_1911_17301,1,0,0,,,triagem/nome-caixa-conversao 1.0.0,16,ok
090972,per090972_1911_17301,2,0,0,,,triagem/nome-caixa-conversao 1.0.0,16,ok
090972,per090972_1911_17301,3,0,0,,,triagem/nome-caixa-conversao 1.0.0,16,ok
090972,per090972_1911_17301,4,0,0,,,triagem/nome-caixa-conversao 1.0.0,16,ok
090972,per090972_1911_17301,5,0,0,,,triagem/nome-caixa-conversao 1.0.0,16,ok
090972,per090972_1911_17301,6,0,0,,,triagem/nome-caixa-conversao 1.0.0,16,ok
090972,per090972_1911_17301,7,0,0,,,triagem/nome-caixa-conversao 1.0.0,16,ok
090972,per090972_1911_17301,8,0,0,,,triagem/nome-caixa-conversao 1.0.0,16,ok
090972,per090972_1911_17301,9,0,0,,,triagem/nome-caixa-conversao 1.0.0,16,ok
090972,per090972_1911_17301,10,0,0,,,triagem/nome-caixa-conversao 1.0.0,16,ok
090972,per090972_1911_17302,1,0,0,,,triagem/nome-caixa-conversao 1.0.0,16,ok
090972,per090972_1911_17302,2,1,2,caixadc conver,15487,triagem/nome-caixa-conversao 1.0.0,16,ok
090972,per090972_1911_17302,3,0,0,,,triagem/nome-caixa-conversao 1.0.0,16,ok
090972,per090972_1911_17302,4,0,0,,,triagem/nome-caixa-conversao 1.0.0,16,ok
090972,per090972_1911_17302,5,0,0,,,triagem/nome-caixa-conversao 1.0.0,16,ok
090972,per090972_1911_17302,6,0,0,,,triagem/nome-caixa-conversao 1.0.0,16,ok
090972,per090972_1911_17302,7,0,0,,,triagem/nome-caixa-conversao 1.0.0,16,ok
090972,per090972_1911_17302,8,0,0,,,triagem/nome-caixa-conversao 1.0.0,16,ok
090972,per090972_1911_17303,1,0,0,,,triagem/nome-caixa-conversao 1.0.0,16,ok
090972,per090972_1911_17303,2,0,0,,,triagem/nome-caixa-conversao 1.0.0,16,ok
090972,per090972_1911_17303,3,0,0,,,triagem/nome-caixa-conversao 1.0.0,16,ok
090972,per090972_1911_17303,4,0,0,,,triagem/nome-caixa-conversao 1.0.0,16,ok
090972,per090972_1911_17303,5,0,0,,,triagem/nome-caixa-conversao 1.0.0,16,ok
090972,per090972_1911_17303,6,0,0,,,triagem/nome-caixa-conversao 1.0.0,16,ok
090972,per090972_1911_17303,7,0,0,,,triagem/nome-caixa-conversao 1.0.0,16,ok
090972,per090972_1911_17303,8,0,0,,,triagem/nome-caixa-conversao 1.0.0,16,ok
090972,per090972_1911_17303,9,0,0,,,triagem/nome-caixa-conversao 1.0.0,16,ok
090972,per090972_1911_17303,10,0,0,,,triagem/nome-caixa-conversao 1.0.0,16,ok
090972,per090972_1911_17304,1,0,0,,,triagem/nome-caixa-conversao 1.0.0,16,ok
090972,per090972_1911_17304,2,0,0,,,triagem/nome-caixa-conversao 1.0.0,16,ok
090972,per090972_1911_17304,3,0,0,,,triagem/nome-caixa-conversao 1.0.0,16,ok
090972,per090972_1911_17304,4,0,0,,,triagem/nome-caixa-conversao 1.0.0,16,ok
090972,per090972_1911_17304,5,0,0,,,triagem/nome-caixa-conversao 1.0.0,16,ok
090972,per090972_1911_17304,6,0,0,,,triagem/nome-caixa-conversao 1.0.0,16,ok
090972,per090972_1911_17304,7,0,0,,,triagem/nome-caixa-conversao 1.0.0,16,ok
090972,per090972_1911_17304,8,0,0,,,triagem/nome-caixa-conversao 1.0.0,16,ok
090972,per090972_1911_17304,9,0,0,,,triagem/nome-caixa-conversao 1.0.0,16,ok
090972,per090972_1911_17304,10,0,0,,,triagem/nome-caixa-conversao 1.0.0,16,ok
090972,per090972_1911_17304,11,0,0,,,triagem/nome-caixa-conversao 1.0.0,16,ok
090972,per090972_1911_17304,12,0,0,,,triagem/nome-caixa-conversao 1.0.0,16,ok
090972,per090972_1911_17305,1,1,2,caixa de conver,35019,triagem/nome-caixa-conversao 1.0.0,16,ok
090972,per090972_1911_17305,2,0,0,,,triagem/nome-caixa-conversao 1.0.0,16,ok
090972,per090972_1911_17305,3,0,0,,,triagem/nome-caixa-conversao 1.0.0,16,ok
090972,per090972_1911_17305,4,0,0,,,triagem/nome-caixa-conversao 1.0.0,16,ok
090972,per090972_1911_17305,5,0,0,,,triagem/nome-caixa-conversao 1.0.0,16,ok
090972,per090972_1911_17305,6,0,0,,,triagem/nome-caixa-conversao 1.0.0,16,ok
090972,per090972_1911_17305,7,0,0,,,triagem/nome-caixa-conversao 1.0.0,16,ok
090972,per090972_1911_17305,8,0,0,,,triagem/nome-caixa-conversao 1.0.0,16,ok
090972,per090972_1911_17306,1,0,0,,,triagem/nome-caixa-conversao 1.0.0,16,ok
090972,per090972_1911_17306,2,1,4,caixa de conver,29291,triagem/nome-caixa-conversao 1.0.0,16,ok
090972,per090972_1911_17306,3,0,0,,,triagem/nome-caixa-conversao 1.0.0,16,ok
090972,per090972_1911_17306,4,0,0,,,triagem/nome-caixa-conversao 1.0.0,16,ok
090972,per090972_1911_17306,5,0,0,,,triagem/nome-caixa-conversao 1.0.0,16,ok
090972,per090972_1911_17306,6,0,0,,,triagem/nome-caixa-conversao 1.0.0,16,ok
090972,per090972_1911_17306,7,0,0,,,triagem/nome-caixa-conversao 1.0.0,16,ok
090972,per090972_1911_17306,8,0,0,,,triagem/nome-caixa-conversao 1.0.0,16,ok
090972,per090972_1911_17307,1,0,0,,,triagem/nome-caixa-conversao 1.0.0,16,ok
090972,per090972_1911_17307,2,0,0,,,triagem/nome-caixa-conversao 1.0.0,16,ok
090972,per090972_1911_17307,3,0,0,,,triagem/nome-caixa-conversao 1.0.0,16,ok
090972,per090972_1911_17307,4,0,0,,,triagem/nome-caixa-conversao 1.0.0,16,ok
090972,per090972_1911_17307,5,0,0,,,triagem/nome-caixa-conversao 1.0.0,16,ok
090972,per090972_1911_17307,6,0,0,,,triagem/nome-caixa-conversao 1.0.0,16,ok
090972,per090972_1911_17307,7,0,0,,,triagem/nome-caixa-conversao 1.0.0,16,ok
090972,per090972_1911_17307,8,0,0,,,triagem/nome-caixa-conversao 1.0.0,16,ok
090972,per090972_1911_17307,9,0,0,,,triagem/nome-caixa-conversao 1.0.0,16,ok
090972,per090972_1911_17307,10,0,0,,,triagem/nome-caixa-conversao 1.0.0,16,ok
090972,per090972_1911_17308,1,0,0,,,triagem/nome-caixa-conversao 1.0.0,16,ok
090972,per090972_1911_17308,2,0,0,,,triagem/nome-caixa-conversao 1.0.0,16,ok
090972,per090972_1911_17308,3,1,2,caixa de conver,1863,triagem/nome-caixa-conversao 1.0.0,16,ok
090972,per090972_1911_17308,4,0,0,,,triagem/nome-caixa-conversao 1.0.0,16,ok
090972,per090972_1911_17308,5,0,0,,,triagem/nome-caixa-conversao 1.0.0,16,ok
090972,per090972_1911_17308,6,0,0,,,triagem/nome-caixa-conversao 1.0.0,16,ok
090972,per090972_1911_17308,7,0,0,,,triagem/nome-caixa-conversao 1.0.0,16,ok
090972,per090972_1911_17308,8,0,0,,,triagem/nome-caixa-conversao 1.0.0,16,ok
090972,per090972_1911_17308,9,0,0,,,triagem/nome-caixa-conversao 1.0.0,16,ok
090972,per090972_1911_17308,10,0,0,,,triagem/nome-caixa-conversao 1.0.0,16,ok
090972,per090972_1911_17309,1,0,0,,,triagem/nome-caixa-conversao 1.0.0,16,ok
090972,per090972_1911_17309,2,0,0,,,triagem/nome-caixa-conversao 1.0.0,16,ok
090972,per090972_1911_17309,3,1,1,caixa de conver,4540,triagem/nome-caixa-conversao 1.0.0,16,ok
090972,per090972_1911_17309,4,0,0,,,triagem/nome-caixa-conversao 1.0.0,16,ok
090972,per090972_1911_17309,5,0,0,,,triagem/nome-caixa-conversao 1.0.0,16,ok
090972,per090972_1911_17309,6,0,0,,,triagem/nome-caixa-conversao 1.0.0,16,ok
090972,per090972_1911_17309,7,0,0,,,triagem/nome-caixa-conversao 1.0.0,16,ok
090972,per090972_1911_17309,8,0,0,,,triagem/nome-caixa-conversao 1.0.0,16,ok
090972,per090972_1911_17309,9,0,0,,,triagem/nome-caixa-conversao 1.0.0,16,ok
090972,per090972_1911_17309,10,0,0,,,triagem/nome-caixa-conversao 1.0.0,16,ok
090972,per090972_1911_17310,1,0,0,,,triagem/nome-caixa-conversao 1.0.0,16,ok
090972,per090972_1911_17310,2,1,2,caixa de conver,36600,triagem/nome-caixa-conversao 1.0.0,16,ok
090972,per090972_1911_17310,3,0,0,,,triagem/nome-caixa-conversao 1.0.0,16,ok
090972,per090972_1911_17310,4,0,0,,,triagem/nome-caixa-conversao 1.0.0,16,ok
090972,per090972_1911_17310,5,0,0,,,triagem/nome-caixa-conversao 1.0.0,16,ok
090972,per090972_1911_17310,6,0,0,,,triagem/nome-caixa-conversao 1.0.0,16,ok
090972,per090972_1911_17310,7,0,0,,,triagem/nome-caixa-conversao 1.0.0,16,ok
090972,per090972_1911_17310,8,0,0,,,triagem/nome-caixa-conversao 1.0.0,16,ok
090972,per090972_1911_17311,1,0,0,,,triagem/nome-caixa-conversao 1.0.0,16,ok
090972,per090972_1911_17311,2,0,0,,,triagem/nome-caixa-conversao 1.0.0,16,ok
090972,per090972_1911_17311,3,1,1,caixa deconver,9159,triagem/nome-caixa-conversao 1.0.0,16,ok
090972,per090972_1911_17311,4,0,0,,,triagem/nome-caixa-conversao 1.0.0,16,ok
090972,per090972_1911_17311,5,0,0,,,triagem/nome-caixa-conversao 1.0.0,16,ok
090972,per090972_1911_17311,6,0,0,,,triagem/nome-caixa-conversao 1.0.0,16,ok
090972,per090972_1911_17311,7,0,0,,,triagem/nome-caixa-conversao 1.0.0,16,ok
090972,per090972_1911_17311,8,0,0,,,triagem/nome-caixa-conversao 1.0.0,16,ok
090972,per090972_1911_17311,9,0,0,,,triagem/nome-caixa-conversao 1.0.0,16,ok
090972,per090972_1911_17311,10,0,0,,,triagem/nome-caixa-conversao 1.0.0,16,ok
090972,per090972_1911_17311,11,0,0,,,triagem/nome-caixa-conversao 1.0.0,16,ok
090972,per090972_1911_17311,12,0,0,,,triagem/nome-caixa-conversao 1.0.0,16,ok
090972,per090972_1911_17312,1,0,0,,,triagem/nome-caixa-conversao 1.0.0,16,ok
090972,per090972_1911_17312,2,0,0,,,triagem/nome-caixa-conversao 1.0.0,16,ok
090972,per090972_1911_17312,3,1,1,caixa de conver,11350,triagem/nome-caixa-conversao 1.0.0,16,ok
090972,per090972_1911_17312,4,0,0,,,triagem/nome-caixa-conversao 1.0.0,16,ok
090972,per090972_1911_17312,5,0,0,,,triagem/nome-caixa-conversao 1.0.0,16,ok
090972,per090972_1911_17312,6,0,0,,,triagem/nome-caixa-conversao 1.0.0,16,ok
090972,per090972_1911_17312,7,0,0,,,triagem/nome-caixa-conversao 1.0.0,16,ok
090972,per090972_1911_17312,8,0,0,,,triagem/nome-caixa-conversao 1.0.0,16,ok
090972,per090972_1911_17313,1,0,0,,,triagem/nome-caixa-conversao 1.0.0,16,ok
090972,per090972_1911_17313,2,0,0,,,triagem/nome-caixa-conversao 1.0.0,16,ok
090972,per090972_1911_17313,3,1,2,caixa de conver,4301,triagem/nome-caixa-conversao 1.0.0,16,ok
090972,per090972_1911_17313,4,0,0,,,triagem/nome-caixa-conversao 1.0.0,16,ok
090972,per090972_1911_17313,5,0,0,,,triagem/nome-caixa-conversao 1.0.0,16,ok
090972,per090972_1911_17313,6,0,0,,,triagem/nome-caixa-conversao 1.0.0,16,ok
090972,per090972_1911_17313,7,0,0,,,triagem/nome-caixa-conversao 1.0.0,16,ok
090972,per090972_1911_17313,8,0,0,,,triagem/nome-caixa-conversao 1.0.0,16,ok
090972,per090972_1911_17314,1,0,0,,,triagem/nome-caixa-conversao 1.0.0,16,ok
090972,per090972_1911_17314,2,0,0,,,triagem/nome-caixa-conversao 1.0.0,16,ok
090972,per090972_1911_17314,3,0,0,,,triagem/nome-caixa-conversao 1.0.0,16,ok
090972,per090972_1911_17314,4,0,0,,,triagem/nome-caixa-conversao 1.0.0,16,ok
090972,per090972_1911_17314,5,0,0,,,triagem/nome-caixa-conversao 1.0.0,16,ok
090972,per090972_1911_17314,6,0,0,,,triagem/nome-caixa-conversao 1.0.0,16,ok
090972,per090972_1911_17314,7,0,0,,,triagem/nome-caixa-conversao 1.0.0,16,ok
090972,per090972_1911_17314,8,0,0,,,triagem/nome-caixa-conversao 1.0.0,16,ok
090972,per090972_1911_17314,9,0,0,,,triagem/nome-caixa-conversao 1.0.0,16,ok
090972,per090972_1911_17314,10,0,0,,,triagem/nome-caixa-conversao 1.0.0,16,ok
090972,per090972_1911_17314,11,0,0,,,triagem/nome-caixa-conversao 1.0.0,16,ok
090972,per090972_1911_17314,12,0,0,,,triagem/nome-caixa-conversao 1.0.0,16,ok
090972,per090972_1911_17315,1,0,0,,,triagem/nome-caixa-conversao 1.0.0,16,ok
090972,per090972_1911_17315,2,1,1,caixa de conver,24063,triagem/nome-caixa-conversao 1.0.0,16,ok
090972,per090972_1911_17315,3,0,0,,,triagem/nome-caixa-conversao 1.0.0,16,ok
090972,per090972_1911_17315,4,0,0,,,triagem/nome-caixa-conversao 1.0.0,16,ok
090972,per090972_1911_17315,5,0,0,,,triagem/nome-caixa-conversao 1.0.0,16,ok
090972,per090972_1911_17315,6,0,0,,,triagem/nome-caixa-conversao 1.0.0,16,ok
090972,per090972_1911_17315,7,0,0,,,triagem/nome-caixa-conversao 1.0.0,16,ok
090972,per090972_1911_17315,8,0,0,,,triagem/nome-caixa-conversao 1.0.0,16,ok
090972,per090972_1911_17315,9,0,0,,,triagem/nome-caixa-conversao 1.0.0,16,ok
090972,per090972_1911_17315,10,0,0,,,triagem/nome-caixa-conversao 1.0.0,16,ok
090972,per090972_1911_17316,1,0,0,,,triagem/nome-caixa-conversao 1.0.0,16,ok
090972,per090972_1911_17316,2,0,0,,,triagem/nome-caixa-conversao 1.0.0,16,ok
090972,per090972_1911_17316,3,0,0,,,triagem/nome-caixa-conversao 1.0.0,16,ok
090972,per090972_1911_17316,4,0,0,,,triagem/nome-caixa-conversao 1.0.0,16,ok
090972,per090972_1911_17316,5,0,0,,,triagem/nome-caixa-conversao 1.0.0,16,ok
090972,per090972_1911_17316,6,0,0,,,triagem/nome-caixa-conversao 1.0.0,16,ok
090972,per090972_1911_17316,7,0,0,,,triagem/nome-caixa-conversao 1.0.0,16,ok
090972,per090972_1911_17316,8,0,0,,,triagem/nome-caixa-conversao 1.0.0,16,ok
090972,per090972_1911_17317,1,0,0,,,triagem/nome-caixa-conversao 1.0.0,16,ok
090972,per090972_1911_17317,2,1,2,caixa de conver,18962,triagem/nome-caixa-conversao 1.0.0,16,ok
090972,per090972_1911_17317,3,0,0,,,triagem/nome-caixa-conversao 1.0.0,16,ok
090972,per090972_1911_17317,4,0,0,,,triagem/nome-caixa-conversao 1.0.0,16,ok
090972,per090972_1911_17317,5,1,1,caixa deconver,22504,triagem/nome-caixa-conversao 1.0.0,16,ok
090972,per090972_1911_17317,6,0,0,,,triagem/nome-caixa-conversao 1.0.0,16,ok
090972,per090972_1911_17317,7,0,0,,,triagem/nome-caixa-conversao 1.0.0,16,ok
090972,per090972_1911_17317,8,0,0,,,triagem/nome-caixa-conversao 1.0.0,16,ok
090972,per090972_1911_17317,9,0,0,,,triagem/nome-caixa-conversao 1.0.0,16,ok
090972,per090972_1911_17317,10,0,0,,,triagem/nome-caixa-conversao 1.0.0,16,ok
090972,per090972_1911_17318,1,0,0,,,triagem/nome-caixa-conversao 1.0.0,16,ok
090972,per090972_1911_17318,2,0,0,,,triagem/nome-caixa-conversao 1.0.0,16,ok
090972,per090972_1911_17318,3,0,0,,,triagem/nome-caixa-conversao 1.0.0,16,ok
090972,per090972_1911_17318,4,0,0,,,triagem/nome-caixa-conversao 1.0.0,16,ok
090972,per090972_1911_17318,5,0,0,,,triagem/nome-caixa-conversao 1.0.0,16,ok
090972,per090972_1911_17318,6,0,0,,,triagem/nome-caixa-conversao 1.0.0,16,ok
090972,per090972_1911_17318,7,0,0,,,triagem/nome-caixa-conversao 1.0.0,16,ok
090972,per090972_1911_17318,8,0,0,,,triagem/nome-caixa-conversao 1.0.0,16,ok
090972,per090972_1911_17318,9,0,0,,,triagem/nome-caixa-conversao 1.0.0,16,ok
090972,per090972_1911_17318,10,0,0,,,triagem/nome-caixa-conversao 1.0.0,16,ok
090972,per090972_1911_17318,11,0,0,,,triagem/nome-caixa-conversao 1.0.0,16,ok
090972,per090972_1911_17318,12,0,0,,,triagem/nome-caixa-conversao 1.0.0,16,ok
090972,per090972_1911_17319,1,1,1,caixa de conver,33847,triagem/nome-caixa-conversao 1.0.0,16,ok
090972,per090972_1911_17319,2,0,0,,,triagem/nome-caixa-conversao 1.0.0,16,ok
090972,per090972_1911_17319,3,0,0,,,triagem/nome-caixa-conversao 1.0.0,16,ok
090972,per090972_1911_17319,4,0,0,,,triagem/nome-caixa-conversao 1.0.0,16,ok
090972,per090972_1911_17319,5,0,0,,,triagem/nome-caixa-conversao 1.0.0,16,ok
090972,per090972_1911_17319,6,0,0,,,triagem/nome-caixa-conversao 1.0.0,16,ok
090972,per090972_1911_17319,7,0,0,,,triagem/nome-caixa-conversao 1.0.0,16,ok
090972,per090972_1911_17319,8,0,0,,,triagem/nome-caixa-conversao 1.0.0,16,ok
090972,per090972_1911_17320,1,1,1,caixa de conver,23696,triagem/nome-caixa-conversao 1.0.0,16,ok
090972,per090972_1911_17320,2,1,2,caixa de conver,31930,triagem/nome-caixa-conversao 1.0.0,16,ok
090972,per090972_1911_17320,3,0,0,,,triagem/nome-caixa-conversao 1.0.0,16,ok
090972,per090972_1911_17320,4,0,0,,,triagem/nome-caixa-conversao 1.0.0,16,ok
090972,per090972_1911_17320,5,0,0,,,triagem/nome-caixa-conversao 1.0.0,16,ok
090972,per090972_1911_17320,6,0,0,,,triagem/nome-caixa-conversao 1.0.0,16,ok
090972,per090972_1911_17320,7,0,0,,,triagem/nome-caixa-conversao 1.0.0,16,ok
090972,per090972_1911_17320,8,0,0,,,triagem/nome-caixa-conversao 1.0.0,16,ok
090972,per090972_1911_17321,1,0,0,,,triagem/nome-caixa-conversao 1.0.0,16,ok
090972,per090972_1911_17321,2,0,0,,,triagem/nome-caixa-conversao 1.0.0,16,ok
090972,per090972_1911_17321,3,0,0,,,triagem/nome-caixa-conversao 1.0.0,16,ok
090972,per090972_1911_17321,4,0,0,,,triagem/nome-caixa-conversao 1.0.0,16,ok
090972,per090972_1911_17321,5,0,0,,,triagem/nome-caixa-conversao 1.0.0,16,ok
090972,per090972_1911_17321,6,0,0,,,triagem/nome-caixa-conversao 1.0.0,16,ok
090972,per090972_1911_17321,7,0,0,,,triagem/nome-caixa-conversao 1.0.0,16,ok
090972,per090972_1911_17321,8,0,0,,,triagem/nome-caixa-conversao 1.0.0,16,ok
090972,per090972_1911_17321,9,0,0,,,triagem/nome-caixa-conversao 1.0.0,16,ok
090972,per090972_1911_17321,10,0,0,,,triagem/nome-caixa-conversao 1.0.0,16,ok
090972,per090972_1911_17322,1,0,0,,,triagem/nome-caixa-conversao 1.0.0,16,ok
090972,per090972_1911_17322,2,1,5,caixa de conver,33289,triagem/nome-caixa-conversao 1.0.0,16,ok
090972,per090972_1911_17322,3,0,0,,,triagem/nome-caixa-conversao 1.0.0,16,ok
090972,per090972_1911_17322,4,0,0,,,triagem/nome-caixa-conversao 1.0.0,16,ok
090972,per090972_1911_17322,5,0,0,,,triagem/nome-caixa-conversao 1.0.0,16,ok
090972,per090972_1911_17322,6,0,0,,,triagem/nome-caixa-conversao 1.0.0,16,ok
090972,per090972_1911_17322,7,0,0,,,triagem/nome-caixa-conversao 1.0.0,16,ok
090972,per090972_1911_17322,8,0,0,,,triagem/nome-caixa-conversao 1.0.0,16,ok
090972,per090972_1911_17322,9,0,0,,,triagem/nome-caixa-conversao 1.0.0,16,ok
090972,per090972_1911_17322,10,0,0,,,triagem/nome-caixa-conversao 1.0.0,16,ok
090972,per090972_1911_17323,1,0,0,,,triagem/nome-caixa-conversao 1.0.0,16,ok
090972,per090972_1911_17323,2,1,1,caixa de conver,27346,triagem/nome-caixa-conversao 1.0.0,16,ok
090972,per090972_1911_17323,3,0,0,,,triagem/nome-caixa-conversao 1.0.0,16,ok
090972,per090972_1911_17323,4,1,1,caixa doconver,37066,triagem/nome-caixa-conversao 1.0.0,16,ok
090972,per090972_1911_17323,5,0,0,,,triagem/nome-caixa-conversao 1.0.0,16,ok
090972,per090972_1911_17323,6,0,0,,,triagem/nome-caixa-conversao 1.0.0,16,ok
090972,per090972_1911_17323,7,0,0,,,triagem/nome-caixa-conversao 1.0.0,16,ok
090972,per090972_1911_17323,8,0,0,,,triagem/nome-caixa-conversao 1.0.0,16,ok
090972,per090972_1911_17323,9,0,0,,,triagem/nome-caixa-conversao 1.0.0,16,ok
090972,per090972_1911_17323,10,0,0,,,triagem/nome-caixa-conversao 1.0.0,16,ok
090972,per090972_1911_17324,1,1,1,caixa de conver,37869,triagem/nome-caixa-conversao 1.0.0,16,ok
090972,per090972_1911_17324,2,1,1,caixa de conver,39681,triagem/nome-caixa-conversao 1.0.0,16,ok
090972,per090972_1911_17324,3,0,0,,,triagem/nome-caixa-conversao 1.0.0,16,ok
090972,per090972_1911_17324,4,0,0,,,triagem/nome-caixa-conversao 1.0.0,16,ok
090972,per090972_1911_17324,5,0,0,,,triagem/nome-caixa-conversao 1.0.0,16,ok
090972,per090972_1911_17324,6,0,0,,,triagem/nome-caixa-conversao 1.0.0,16,ok
090972,per090972_1911_17324,7,0,0,,,triagem/nome-caixa-conversao 1.0.0,16,ok
090972,per090972_1911_17324,8,0,0,,,triagem/nome-caixa-conversao 1.0.0,16,ok
090972,per090972_1911_17324,9,0,0,,,triagem/nome-caixa-conversao 1.0.0,16,ok
090972,per090972_1911_17324,10,0,0,,,triagem/nome-caixa-conversao 1.0.0,16,ok
090972,per090972_1911_17325,1,0,0,,,triagem/nome-caixa-conversao 1.0.0,16,ok
090972,per090972_1911_17325,2,1,1,caixa de conver,36712,triagem/nome-caixa-conversao 1.0.0,16,ok
090972,per090972_1911_17325,3,0,0,,,triagem/nome-caixa-conversao 1.0.0,16,ok
090972,per090972_1911_17325,4,0,0,,,triagem/nome-caixa-conversao 1.0.0,16,ok
090972,per090972_1911_17325,5,0,0,,,triagem/nome-caixa-conversao 1.0.0,16,ok
090972,per090972_1911_17325,6,0,0,,,triagem/nome-caixa-conversao 1.0.0,16,ok
090972,per090972_1911_17325,7,0,0,,,triagem/nome-caixa-conversao 1.0.0,16,ok
090972,per090972_1911_17325,8,0,0,,,triagem/nome-caixa-conversao 1.0.0,16,ok
090972,per090972_1911_17325,9,0,0,,,triagem/nome-caixa-conversao 1.0.0,16,ok
090972,per090972_1911_17325,10,0,0,,,triagem/nome-caixa-conversao 1.0.0,16,ok
090972,per090972_1911_17325,11,0,0,,,triagem/nome-caixa-conversao 1.0.0,16,ok
090972,per090972_1911_17325,12,0,0,,,triagem/nome-caixa-conversao 1.0.0,16,ok
090972,per090972_1911_17326,1,1,1,caixa do conver,13938,triagem/nome-caixa-conversao 1.0.0,16,ok
090972,per090972_1911_17326,2,0,0,,,triagem/nome-caixa-conversao 1.0.0,16,ok
090972,per090972_1911_17326,3,0,0,,,triagem/nome-caixa-conversao 1.0.0,16,ok
090972,per090972_1911_17326,4,0,0,,,triagem/nome-caixa-conversao 1.0.0,16,ok
090972,per090972_1911_17326,5,0,0,,,triagem/nome-caixa-conversao 1.0.0,16,ok
090972,per090972_1911_17326,6,0,0,,,triagem/nome-caixa-conversao 1.0.0,16,ok
090972,per090972_1911_17326,7,0,0,,,triagem/nome-caixa-conversao 1.0.0,16,ok
090972,per090972_1911_17326,8,0,0,,,triagem/nome-caixa-conversao 1.0.0,16,ok
090972,per090972_1911_17327,1,0,0,,,triagem/nome-caixa-conversao 1.0.0,16,ok
090972,per090972_1911_17327,2,0,0,,,triagem/nome-caixa-conversao 1.0.0,16,ok
090972,per090972_1911_17327,3,1,1,caixa de conver,2109,triagem/nome-caixa-conversao 1.0.0,16,ok
090972,per090972_1911_17327,4,0,0,,,triagem/nome-caixa-conversao 1.0.0,16,ok
090972,per090972_1911_17327,5,0,0,,,triagem/nome-caixa-conversao 1.0.0,16,ok
090972,per090972_1911_17327,6,0,0,,,triagem/nome-caixa-conversao 1.0.0,16,ok
090972,per090972_1911_17327,7,0,0,,,triagem/nome-caixa-conversao 1.0.0,16,ok
090972,per090972_1911_17327,8,0,0,,,triagem/nome-caixa-conversao 1.0.0,16,ok
090972,per090972_1911_17327,9,0,0,,,triagem/nome-caixa-conversao 1.0.0,16,ok
090972,per090972_1911_17327,10,0,0,,,triagem/nome-caixa-conversao 1.0.0,16,ok
090972,per090972_1911_17328,1,0,0,,,triagem/nome-caixa-conversao 1.0.0,16,ok
090972,per090972_1911_17328,2,1,1,caixa de conver,15665,triagem/nome-caixa-conversao 1.0.0,16,ok
090972,per090972_1911_17328,3,1,1,caixa de conver,17558,triagem/nome-caixa-conversao 1.0.0,16,ok
090972,per090972_1911_17328,4,0,0,,,triagem/nome-caixa-conversao 1.0.0,16,ok
090972,per090972_1911_17328,5,0,0,,,triagem/nome-caixa-conversao 1.0.0,16,ok
090972,per090972_1911_17328,6,0,0,,,triagem/nome-caixa-conversao 1.0.0,16,ok
090972,per090972_1911_17328,7,0,0,,,triagem/nome-caixa-conversao 1.0.0,16,ok
090972,per090972_1911_17328,8,0,0,,,triagem/nome-caixa-conversao 1.0.0,16,ok
090972,per090972_1911_17328,9,0,0,,,triagem/nome-caixa-conversao 1.0.0,16,ok
090972,per090972_1911_17328,10,0,0,,,triagem/nome-caixa-conversao 1.0.0,16,ok
090972,per090972_1911_17329,1,0,0,,,triagem/nome-caixa-conversao 1.0.0,16,ok
090972,per090972_1911_17329,2,0,0,,,triagem/nome-caixa-conversao 1.0.0,16,ok
090972,per090972_1911_17329,3,1,1,caixa de conver,13148,triagem/nome-caixa-conversao 1.0.0,16,ok
090972,per090972_1911_17329,4,0,0,,,triagem/nome-caixa-conversao 1.0.0,16,ok
090972,per090972_1911_17329,5,0,0,,,triagem/nome-caixa-conversao 1.0.0,16,ok
090972,per090972_1911_17329,6,0,0,,,triagem/nome-caixa-conversao 1.0.0,16,ok
090972,per090972_1911_17329,7,0,0,,,triagem/nome-caixa-conversao 1.0.0,16,ok
090972,per090972_1911_17329,8,0,0,,,triagem/nome-caixa-conversao 1.0.0,16,ok
090972,per090972_1911_17329,9,0,0,,,triagem/nome-caixa-conversao 1.0.0,16,ok
090972,per090972_1911_17329,10,0,0,,,triagem/nome-caixa-conversao 1.0.0,16,ok
090972,per090972_1911_17329,11,0,0,,,triagem/nome-caixa-conversao 1.0.0,16,ok
090972,per090972_1911_17329,12,0,0,,,triagem/nome-caixa-conversao 1.0.0,16,ok
090972,per090972_1911_17330,1,1,1,caixado conver,18897,triagem/nome-caixa-conversao 1.0.0,16,ok
090972,per090972_1911_17330,2,1,1,caixa de conver,35563,triagem/nome-caixa-conversao 1.0.0,16,ok
090972,per090972_1911_17330,3,0,0,,,triagem/nome-caixa-conversao 1.0.0,16,ok
090972,per090972_1911_17330,4,0,0,,,triagem/nome-caixa-conversao 1.0.0,16,ok
090972,per090972_1911_17330,5,0,0,,,triagem/nome-caixa-conversao 1.0.0,16,ok
090972,per090972_1911_17330,6,0,0,,,triagem/nome-caixa-conversao 1.0.0,16,ok
090972,per090972_1911_17330,7,0,0,,,triagem/nome-caixa-conversao 1.0.0,16,ok
090972,per090972_1911_17330,8,0,0,,,triagem/nome-caixa-conversao 1.0.0,16,ok
090972,per090972_1911_17330,9,0,0,,,triagem/nome-caixa-conversao 1.0.0,16,ok
090972,per090972_1911_17330,10,0,0,,,triagem/nome-caixa-conversao 1.0.0,16,ok
090972,per090972_1911_17331,1,0,0,,,triagem/nome-caixa-conversao 1.0.0,16,ok
090972,per090972_1911_17331,2,1,2,caixa de conver,15384,triagem/nome-caixa-conversao 1.0.0,16,ok
090972,per090972_1911_17331,3,0,0,,,triagem/nome-caixa-conversao 1.0.0,16,ok
090972,per090972_1911_17331,4,0,0,,,triagem/nome-caixa-conversao 1.0.0,16,ok
090972,per090972_1911_17331,5,0,0,,,triagem/nome-caixa-conversao 1.0.0,16,ok
090972,per090972_1911_17331,6,0,0,,,triagem/nome-caixa-conversao 1.0.0,16,ok
090972,per090972_1911_17331,7,0,0,,,triagem/nome-caixa-conversao 1.0.0,16,ok
090972,per090972_1911_17331,8,0,0,,,triagem/nome-caixa-conversao 1.0.0,16,ok
090972,per090972_1911_17331,9,0,0,,,triagem/nome-caixa-conversao 1.0.0,16,ok
090972,per090972_1911_17331,10,0,0,,,triagem/nome-caixa-conversao 1.0.0,16,ok
090972,per090972_1911_17332,1,0,0,,,triagem/nome-caixa-conversao 1.0.0,16,ok
090972,per090972_1911_17332,2,1,2,caixa da conver,29098,triagem/nome-caixa-conversao 1.0.0,16,ok
090972,per090972_1911_17332,3,0,0,,,triagem/nome-caixa-conversao 1.0.0,16,ok
090972,per090972_1911_17332,4,0,0,,,triagem/nome-caixa-conversao 1.0.0,16,ok
090972,per090972_1911_17332,5,0,0,,,triagem/nome-caixa-conversao 1.0.0,16,ok
090972,per090972_1911_17332,6,0,0,,,triagem/nome-caixa-conversao 1.0.0,16,ok
090972,per090972_1911_17332,7,0,0,,,triagem/nome-caixa-conversao 1.0.0,16,ok
090972,per090972_1911_17332,8,0,0,,,triagem/nome-caixa-conversao 1.0.0,16,ok
090972,per090972_1911_17332,9,0,0,,,triagem/nome-caixa-conversao 1.0.0,16,ok
090972,per090972_1911_17332,10,0,0,,,triagem/nome-caixa-conversao 1.0.0,16,ok
090972,per090972_1911_17332,11,0,0,,,triagem/nome-caixa-conversao 1.0.0,16,ok
090972,per090972_1911_17332,12,0,0,,,triagem/nome-caixa-conversao 1.0.0,16,ok
090972,per090972_1911_17333,1,0,0,,,triagem/nome-caixa-conversao 1.0.0,16,ok
090972,per090972_1911_17333,2,0,0,,,triagem/nome-caixa-conversao 1.0.0,16,ok
090972,per090972_1911_17333,3,0,0,,,triagem/nome-caixa-conversao 1.0.0,16,ok
090972,per090972_1911_17333,4,0,0,,,triagem/nome-caixa-conversao 1.0.0,16,ok
090972,per090972_1911_17333,5,0,0,,,triagem/nome-caixa-conversao 1.0.0,16,ok
090972,per090972_1911_17333,6,0,0,,,triagem/nome-caixa-conversao 1.0.0,16,ok
090972,per090972_1911_17333,7,0,0,,,triagem/nome-caixa-conversao 1.0.0,16,ok
090972,per090972_1911_17333,8,0,0,,,triagem/nome-caixa-conversao 1.0.0,16,ok
090972,per090972_1911_17334,1,1,1,caixa dc conver,11980,triagem/nome-caixa-conversao 1.0.0,16,ok
090972,per090972_1911_17334,2,0,0,,,triagem/nome-caixa-conversao 1.0.0,16,ok
090972,per090972_1911_17334,3,1,2,caixa de conver,34402,triagem/nome-caixa-conversao 1.0.0,16,ok
090972,per090972_1911_17334,4,0,0,,,triagem/nome-caixa-conversao 1.0.0,16,ok
090972,per090972_1911_17334,5,0,0,,,triagem/nome-caixa-conversao 1.0.0,16,ok
090972,per090972_1911_17334,6,0,0,,,triagem/nome-caixa-conversao 1.0.0,16,ok
090972,per090972_1911_17334,7,0,0,,,triagem/nome-caixa-conversao 1.0.0,16,ok
090972,per090972_1911_17334,8,0,0,,,triagem/nome-caixa-conversao 1.0.0,16,ok
090972,per090972_1911_17334,9,0,0,,,triagem/nome-caixa-conversao 1.0.0,16,ok
090972,per090972_1911_17334,10,0,0,,,triagem/nome-caixa-conversao 1.0.0,16,ok
090972,per090972_1911_17335,1,0,0,,,triagem/nome-caixa-conversao 1.0.0,16,ok
090972,per090972_1911_17335,2,0,0,,,triagem/nome-caixa-conversao 1.0.0,16,ok
090972,per090972_1911_17335,3,1,2,caixa de conver,20906,triagem/nome-caixa-conversao 1.0.0,16,ok
090972,per090972_1911_17335,4,0,0,,,triagem/nome-caixa-conversao 1.0.0,16,ok
090972,per090972_1911_17335,5,0,0,,,triagem/nome-caixa-conversao 1.0.0,16,ok
090972,per090972_1911_17335,6,0,0,,,triagem/nome-caixa-conversao 1.0.0,16,ok
090972,per090972_1911_17335,7,0,0,,,triagem/nome-caixa-conversao 1.0.0,16,ok
090972,per090972_1911_17335,8,0,0,,,triagem/nome-caixa-conversao 1.0.0,16,ok
090972,per090972_1911_17335,9,0,0,,,triagem/nome-caixa-conversao 1.0.0,16,ok
090972,per090972_1911_17335,10,0,0,,,triagem/nome-caixa-conversao 1.0.0,16,ok
090972,per090972_1911_17335,11,0,0,,,triagem/nome-caixa-conversao 1.0.0,16,ok
090972,per090972_1911_17335,12,0,0,,,triagem/nome-caixa-conversao 1.0.0,16,ok
090972,per090972_1911_17336,1,0,0,,,triagem/nome-caixa-conversao 1.0.0,16,ok
090972,per090972_1911_17336,2,0,0,,,triagem/nome-caixa-conversao 1.0.0,16,ok
090972,per090972_1911_17336,3,0,0,,,triagem/nome-caixa-conversao 1.0.0,16,ok
090972,per090972_1911_17336,4,0,0,,,triagem/nome-caixa-conversao 1.0.0,16,ok
090972,per090972_1911_17336,5,0,0,,,triagem/nome-caixa-conversao 1.0.0,16,ok
090972,per090972_1911_17336,6,0,0,,,triagem/nome-caixa-conversao 1.0.0,16,ok
090972,per090972_1911_17336,7,0,0,,,triagem/nome-caixa-conversao 1.0.0,16,ok
090972,per090972_1911_17336,8,0,0,,,triagem/nome-caixa-conversao 1.0.0,16,ok
090972,per090972_1911_17336,9,0,0,,,triagem/nome-caixa-conversao 1.0.0,16,ok
090972,per090972_1911_17336,10,0,0,,,triagem/nome-caixa-conversao 1.0.0,16,ok
090972,per090972_1911_17337,1,0,0,,,triagem/nome-caixa-conversao 1.0.0,16,ok
090972,per090972_1911_17337,2,0,0,,,triagem/nome-caixa-conversao 1.0.0,16,ok
090972,per090972_1911_17337,3,0,0,,,triagem/nome-caixa-conversao 1.0.0,16,ok
090972,per090972_1911_17337,4,0,0,,,triagem/nome-caixa-conversao 1.0.0,16,ok
090972,per090972_1911_17337,5,0,0,,,triagem/nome-caixa-conversao 1.0.0,16,ok
090972,per090972_1911_17337,6,0,0,,,triagem/nome-caixa-conversao 1.0.0,16,ok
090972,per090972_1911_17337,7,0,0,,,triagem/nome-caixa-conversao 1.0.0,16,ok
090972,per090972_1911_17337,8,0,0,,,triagem/nome-caixa-conversao 1.0.0,16,ok
090972,per090972_1911_17338,1,0,0,,,triagem/nome-caixa-conversao 1.0.0,16,ok
090972,per090972_1911_17338,2,1,2,caixa de conver,32027,triagem/nome-caixa-conversao 1.0.0,16,ok
090972,per090972_1911_17338,3,0,0,,,triagem/nome-caixa-conversao 1.0.0,16,ok
090972,per090972_1911_17338,4,0,0,,,triagem/nome-caixa-conversao 1.0.0,16,ok
090972,per090972_1911_17338,5,0,0,,,triagem/nome-caixa-conversao 1.0.0,16,ok
090972,per090972_1911_17338,6,0,0,,,triagem/nome-caixa-conversao 1.0.0,16,ok
090972,per090972_1911_17338,7,0,0,,,triagem/nome-caixa-conversao 1.0.0,16,ok
090972,per090972_1911_17338,8,0,0,,,triagem/nome-caixa-conversao 1.0.0,16,ok
090972,per090972_1911_17338,9,0,0,,,triagem/nome-caixa-conversao 1.0.0,16,ok
090972,per090972_1911_17338,10,0,0,,,triagem/nome-caixa-conversao 1.0.0,16,ok
090972,per090972_1911_17338,11,0,0,,,triagem/nome-caixa-conversao 1.0.0,16,ok
090972,per090972_1911_17338,12,0,0,,,triagem/nome-caixa-conversao 1.0.0,16,ok
090972,per090972_1911_17339,1,1,1,caixa doconver,32290,triagem/nome-caixa-conversao 1.0.0,16,ok
090972,per090972_1911_17339,2,1,2,caixa de conver,36292,triagem/nome-caixa-conversao 1.0.0,16,ok
090972,per090972_1911_17339,3,0,0,,,triagem/nome-caixa-conversao 1.0.0,16,ok
090972,per090972_1911_17339,4,0,0,,,triagem/nome-caixa-conversao 1.0.0,16,ok
090972,per090972_1911_17339,5,0,0,,,triagem/nome-caixa-conversao 1.0.0,16,ok
090972,per090972_1911_17339,6,0,0,,,triagem/nome-caixa-conversao 1.0.0,16,ok
090972,per090972_1911_17339,7,0,0,,,triagem/nome-caixa-conversao 1.0.0,16,ok
090972,per090972_1911_17339,8,0,0,,,triagem/nome-caixa-conversao 1.0.0,16,ok
090972,per090972_1911_17339,9,0,0,,,triagem/nome-caixa-conversao 1.0.0,16,ok
090972,per090972_1911_17339,10,0,0,,,triagem/nome-caixa-conversao 1.0.0,16,ok
090972,per090972_1911_17339,11,0,0,,,triagem/nome-caixa-conversao 1.0.0,16,ok
090972,per090972_1911_17339,12,0,0,,,triagem/nome-caixa-conversao 1.0.0,16,ok
090972,per090972_1911_17340,1,0,0,,,triagem/nome-caixa-conversao 1.0.0,16,ok
090972,per090972_1911_17340,2,0,0,,,triagem/nome-caixa-conversao 1.0.0,16,ok
090972,per090972_1911_17340,3,0,0,,,triagem/nome-caixa-conversao 1.0.0,16,ok
090972,per090972_1911_17340,4,0,0,,,triagem/nome-caixa-conversao 1.0.0,16,ok
090972,per090972_1911_17340,5,0,0,,,triagem/nome-caixa-conversao 1.0.0,16,ok
090972,per090972_1911_17340,6,0,0,,,triagem/nome-caixa-conversao 1.0.0,16,ok
090972,per090972_1911_17340,7,0,0,,,triagem/nome-caixa-conversao 1.0.0,16,ok
090972,per090972_1911_17340,8,0,0,,,triagem/nome-caixa-conversao 1.0.0,16,ok
090972,per090972_1911_17341,1,0,0,,,triagem/nome-caixa-conversao 1.0.0,16,ok
090972,per090972_1911_17341,2,0,0,,,triagem/nome-caixa-conversao 1.0.0,16,ok
090972,per090972_1911_17341,3,0,0,,,triagem/nome-caixa-conversao 1.0.0,16,ok
090972,per090972_1911_17341,4,0,0,,,triagem/nome-caixa-conversao 1.0.0,16,ok
090972,per090972_1911_17341,5,0,0,,,triagem/nome-caixa-conversao 1.0.0,16,ok
090972,per090972_1911_17341,6,0,0,,,triagem/nome-caixa-conversao 1.0.0,16,ok
090972,per090972_1911_17341,7,0,0,,,triagem/nome-caixa-conversao 1.0.0,16,ok
090972,per090972_1911_17341,8,0,0,,,triagem/nome-caixa-conversao 1.0.0,16,ok
090972,per090972_1911_17341,9,0,0,,,triagem/nome-caixa-conversao 1.0.0,16,ok
090972,per090972_1911_17341,10,0,0,,,triagem/nome-caixa-conversao 1.0.0,16,ok
090972,per090972_1911_17342,1,0,0,,,triagem/nome-caixa-conversao 1.0.0,16,ok
090972,per090972_1911_17342,2,0,0,,,triagem/nome-caixa-conversao 1.0.0,16,ok
090972,per090972_1911_17342,3,0,0,,,triagem/nome-caixa-conversao 1.0.0,16,ok
090972,per090972_1911_17342,4,0,0,,,triagem/nome-caixa-conversao 1.0.0,16,ok
090972,per090972_1911_17342,5,0,0,,,triagem/nome-caixa-conversao 1.0.0,16,ok
090972,per090972_1911_17342,6,0,0,,,triagem/nome-caixa-conversao 1.0.0,16,ok
090972,per090972_1911_17342,7,0,0,,,triagem/nome-caixa-conversao 1.0.0,16,ok
090972,per090972_1911_17342,8,0,0,,,triagem/nome-caixa-conversao 1.0.0,16,ok
090972,per090972_1911_17342,9,0,0,,,triagem/nome-caixa-conversao 1.0.0,16,ok
090972,per090972_1911_17342,10,0,0,,,triagem/nome-caixa-conversao 1.0.0,16,ok
090972,per090972_1911_17342,11,0,0,,,triagem/nome-caixa-conversao 1.0.0,16,ok
090972,per090972_1911_17342,12,0,0,,,triagem/nome-caixa-conversao 1.0.0,16,ok
090972,per090972_1911_17343,1,0,0,,,triagem/nome-caixa-conversao 1.0.0,16,ok
090972,per090972_1911_17343,2,1,1,caixa de conver,22518,triagem/nome-caixa-conversao 1.0.0,16,ok
090972,per090972_1911_17343,3,0,0,,,triagem/nome-caixa-conversao 1.0.0,16,ok
090972,per090972_1911_17343,4,0,0,,,triagem/nome-caixa-conversao 1.0.0,16,ok
090972,per090972_1911_17343,5,0,0,,,triagem/nome-caixa-conversao 1.0.0,16,ok
090972,per090972_1911_17343,6,0,0,,,triagem/nome-caixa-conversao 1.0.0,16,ok
090972,per090972_1911_17343,7,0,0,,,triagem/nome-caixa-conversao 1.0.0,16,ok
090972,per090972_1911_17343,8,0,0,,,triagem/nome-caixa-conversao 1.0.0,16,ok
090972,per090972_1911_17343,9,0,0,,,triagem/nome-caixa-conversao 1.0.0,16,ok
090972,per090972_1911_17343,10,0,0,,,triagem/nome-caixa-conversao 1.0.0,16,ok
090972,per090972_1911_17344,1,1,1,caixa do conver,19020,triagem/nome-caixa-conversao 1.0.0,16,ok
090972,per090972_1911_17344,2,1,2,caixa de conver,25315,triagem/nome-caixa-conversao 1.0.0,16,ok
090972,per090972_1911_17344,3,0,0,,,triagem/nome-caixa-conversao 1.0.0,16,ok
090972,per090972_1911_17344,4,0,0,,,triagem/nome-caixa-conversao 1.0.0,16,ok
090972,per090972_1911_17344,5,0,0,,,triagem/nome-caixa-conversao 1.0.0,16,ok
090972,per090972_1911_17344,6,0,0,,,triagem/nome-caixa-conversao 1.0.0,16,ok
090972,per090972_1911_17344,7,0,0,,,triagem/nome-caixa-conversao 1.0.0,16,ok
090972,per090972_1911_17344,8,0,0,,,triagem/nome-caixa-conversao 1.0.0,16,ok
090972,per090972_1911_17344,9,0,0,,,triagem/nome-caixa-conversao 1.0.0,16,ok
090972,per090972_1911_17344,10,0,0,,,triagem/nome-caixa-conversao 1.0.0,16,ok
090972,per090972_1911_17345,1,0,0,,,triagem/nome-caixa-conversao 1.0.0,16,ok
090972,per090972_1911_17345,2,0,0,,,triagem/nome-caixa-conversao 1.0.0,16,ok
090972,per090972_1911_17345,3,1,3,caixa do conver,4401,triagem/nome-caixa-conversao 1.0.0,16,ok
090972,per090972_1911_17345,4,0,0,,,triagem/nome-caixa-conversao 1.0.0,16,ok
090972,per090972_1911_17345,5,0,0,,,triagem/nome-caixa-conversao 1.0.0,16,ok
090972,per090972_1911_17345,6,0,0,,,triagem/nome-caixa-conversao 1.0.0,16,ok
090972,per090972_1911_17345,7,0,0,,,triagem/nome-caixa-conversao 1.0.0,16,ok
090972,per090972_1911_17345,8,0,0,,,triagem/nome-caixa-conversao 1.0.0,16,ok
090972,per090972_1911_17345,9,0,0,,,triagem/nome-caixa-conversao 1.0.0,16,ok
090972,per090972_1911_17345,10,0,0,,,triagem/nome-caixa-conversao 1.0.0,16,ok
090972,per090972_1911_17346,1,1,1,caixa de conver,35723,triagem/nome-caixa-conversao 1.0.0,16,ok
090972,per090972_1911_17346,2,0,0,,,triagem/nome-caixa-conversao 1.0.0,16,ok
090972,per090972_1911_17346,3,1,1,caixa de conver,4421,triagem/nome-caixa-conversao 1.0.0,16,ok
090972,per090972_1911_17346,4,0,0,,,triagem/nome-caixa-conversao 1.0.0,16,ok
090972,per090972_1911_17346,5,0,0,,,triagem/nome-caixa-conversao 1.0.0,16,ok
090972,per090972_1911_17346,6,0,0,,,triagem/nome-caixa-conversao 1.0.0,16,ok
090972,per090972_1911_17346,7,0,0,,,triagem/nome-caixa-conversao 1.0.0,16,ok
090972,per090972_1911_17346,8,0,0,,,triagem/nome-caixa-conversao 1.0.0,16,ok
090972,per090972_1911_17346,9,0,0,,,triagem/nome-caixa-conversao 1.0.0,16,ok
090972,per090972_1911_17346,10,0,0,,,triagem/nome-caixa-conversao 1.0.0,16,ok
090972,per090972_1911_17346,11,0,0,,,triagem/nome-caixa-conversao 1.0.0,16,ok
090972,per090972_1911_17346,12,0,0,,,triagem/nome-caixa-conversao 1.0.0,16,ok
090972,per090972_1911_17346,13,0,0,,,triagem/nome-caixa-conversao 1.0.0,16,ok
090972,per090972_1911_17346,14,0,0,,,triagem/nome-caixa-conversao 1.0.0,16,ok
090972,per090972_1911_17347,1,0,0,,,triagem/nome-caixa-conversao 1.0.0,16,ok
090972,per090972_1911_17347,2,0,0,,,triagem/nome-caixa-conversao 1.0.0,16,ok
090972,per090972_1911_17347,3,0,0,,,triagem/nome-caixa-conversao 1.0.0,16,ok
090972,per090972_1911_17347,4,1,1,caixa de conver,20454,triagem/nome-caixa-conversao 1.0.0,16,ok
090972,per090972_1911_17347,5,0,0,,,triagem/nome-caixa-conversao 1.0.0,16,ok
090972,per090972_1911_17347,6,0,0,,,triagem/nome-caixa-conversao 1.0.0,16,ok
090972,per090972_1911_17347,7,0,0,,,triagem/nome-caixa-conversao 1.0.0,16,ok
090972,per090972_1911_17347,8,0,0,,,triagem/nome-caixa-conversao 1.0.0,16,ok
090972,per090972_1911_17347,9,0,0,,,triagem/nome-caixa-conversao 1.0.0,16,ok
090972,per090972_1911_17347,10,0,0,,,triagem/nome-caixa-conversao 1.0.0,16,ok
090972,per090972_1911_17348,1,0,0,,,triagem/nome-caixa-conversao 1.0.0,16,ok
090972,per090972_1911_17348,2,0,0,,,triagem/nome-caixa-conversao 1.0.0,16,ok
090972,per090972_1911_17348,3,0,0,,,triagem/nome-caixa-conversao 1.0.0,16,ok
090972,per090972_1911_17348,4,0,0,,,triagem/nome-caixa-conversao 1.0.0,16,ok
090972,per090972_1911_17348,5,0,0,,,triagem/nome-caixa-conversao 1.0.0,16,ok
090972,per090972_1911_17348,6,0,0,,,triagem/nome-caixa-conversao 1.0.0,16,ok
090972,per090972_1911_17348,7,0,0,,,triagem/nome-caixa-conversao 1.0.0,16,ok
090972,per090972_1911_17348,8,0,0,,,triagem/nome-caixa-conversao 1.0.0,16,ok
090972,per090972_1911_17348,9,0,0,,,triagem/nome-caixa-conversao 1.0.0,16,ok
090972,per090972_1911_17348,10,0,0,,,triagem/nome-caixa-conversao 1.0.0,16,ok
090972,per090972_1911_17349,1,0,0,,,triagem/nome-caixa-conversao 1.0.0,16,ok
090972,per090972_1911_17349,2,0,0,,,triagem/nome-caixa-conversao 1.0.0,16,ok
090972,per090972_1911_17349,3,1,2,caixa de conver,2744,triagem/nome-caixa-conversao 1.0.0,16,ok
090972,per090972_1911_17349,4,0,0,,,triagem/nome-caixa-conversao 1.0.0,16,ok
090972,per090972_1911_17349,5,0,0,,,triagem/nome-caixa-conversao 1.0.0,16,ok
090972,per090972_1911_17349,6,0,0,,,triagem/nome-caixa-conversao 1.0.0,16,ok
090972,per090972_1911_17349,7,0,0,,,triagem/nome-caixa-conversao 1.0.0,16,ok
090972,per090972_1911_17349,8,0,0,,,triagem/nome-caixa-conversao 1.0.0,16,ok
090972,per090972_1911_17349,9,0,0,,,triagem/nome-caixa-conversao 1.0.0,16,ok
090972,per090972_1911_17349,10,0,0,,,triagem/nome-caixa-conversao 1.0.0,16,ok
090972,per090972_1911_17349,11,0,0,,,triagem/nome-caixa-conversao 1.0.0,16,ok
090972,per090972_1911_17349,12,0,0,,,triagem/nome-caixa-conversao 1.0.0,16,ok
090972,per090972_1911_17350,1,0,0,,,triagem/nome-caixa-conversao 1.0.0,16,ok
090972,per090972_1911_17350,2,0,0,,,triagem/nome-caixa-conversao 1.0.0,16,ok
090972,per090972_1911_17350,3,0,0,,,triagem/nome-caixa-conversao 1.0.0,16,ok
090972,per090972_1911_17350,4,0,0,,,triagem/nome-caixa-conversao 1.0.0,16,ok
090972,per090972_1911_17350,5,0,0,,,triagem/nome-caixa-conversao 1.0.0,16,ok
090972,per090972_1911_17350,6,0,0,,,triagem/nome-caixa-conversao 1.0.0,16,ok
090972,per090972_1911_17350,7,0,0,,,triagem/nome-caixa-conversao 1.0.0,16,ok
090972,per090972_1911_17350,8,0,0,,,triagem/nome-caixa-conversao 1.0.0,16,ok
090972,per090972_1911_17350,9,0,0,,,triagem/nome-caixa-conversao 1.0.0,16,ok
090972,per090972_1911_17350,10,0,0,,,triagem/nome-caixa-conversao 1.0.0,16,ok
090972,per090972_1911_17351,1,0,0,,,triagem/nome-caixa-conversao 1.0.0,16,ok
090972,per090972_1911_17351,2,0,0,,,triagem/nome-caixa-conversao 1.0.0,16,ok
090972,per090972_1911_17351,3,1,5,caixa de conver,37510,triagem/nome-caixa-conversao 1.0.0,16,ok
090972,per090972_1911_17351,4,0,0,,,triagem/nome-caixa-conversao 1.0.0,16,ok
090972,per090972_1911_17351,5,0,0,,,triagem/nome-caixa-conversao 1.0.0,16,ok
090972,per090972_1911_17351,6,0,0,,,triagem/nome-caixa-conversao 1.0.0,16,ok
090972,per090972_1911_17351,7,0,0,,,triagem/nome-caixa-conversao 1.0.0,16,ok
090972,per090972_1911_17351,8,0,0,,,triagem/nome-caixa-conversao 1.0.0,16,ok
090972,per090972_1911_17351,9,0,0,,,triagem/nome-caixa-conversao 1.0.0,16,ok
090972,per090972_1911_17351,10,0,0,,,triagem/nome-caixa-conversao 1.0.0,16,ok
090972,per090972_1911_17352,1,0,0,,,triagem/nome-caixa-conversao 1.0.0,16,ok
090972,per090972_1911_17352,2,0,0,,,triagem/nome-caixa-conversao 1.0.0,16,ok
090972,per090972_1911_17352,3,1,1,caixa do conver,1898,triagem/nome-caixa-conversao 1.0.0,16,ok
090972,per090972_1911_17352,4,0,0,,,triagem/nome-caixa-conversao 1.0.0,16,ok
090972,per090972_1911_17352,5,0,0,,,triagem/nome-caixa-conversao 1.0.0,16,ok
090972,per090972_1911_17352,6,0,0,,,triagem/nome-caixa-conversao 1.0.0,16,ok
090972,per090972_1911_17352,7,0,0,,,triagem/nome-caixa-conversao 1.0.0,16,ok
090972,per090972_1911_17352,8,0,0,,,triagem/nome-caixa-conversao 1.0.0,16,ok
090972,per090972_1911_17352,9,0,0,,,triagem/nome-caixa-conversao 1.0.0,16,ok
090972,per090972_1911_17352,10,0,0,,,triagem/nome-caixa-conversao 1.0.0,16,ok
090972,per090972_1911_17352,11,0,0,,,triagem/nome-caixa-conversao 1.0.0,16,ok
090972,per090972_1911_17352,12,0,0,,,triagem/nome-caixa-conversao 1.0.0,16,ok
090972,per090972_1911_17353,1,0,0,,,triagem/nome-caixa-conversao 1.0.0,16,ok
090972,per090972_1911_17353,2,0,0,,,triagem/nome-caixa-conversao 1.0.0,16,ok
090972,per090972_1911_17353,3,1,1,caixa do conver,5001,triagem/nome-caixa-conversao 1.0.0,16,ok
090972,per090972_1911_17353,4,0,0,,,triagem/nome-caixa-conversao 1.0.0,16,ok
090972,per090972_1911_17353,5,0,0,,,triagem/nome-caixa-conversao 1.0.0,16,ok
090972,per090972_1911_17353,6,0,0,,,triagem/nome-caixa-conversao 1.0.0,16,ok
090972,per090972_1911_17353,7,0,0,,,triagem/nome-caixa-conversao 1.0.0,16,ok
090972,per090972_1911_17353,8,0,0,,,triagem/nome-caixa-conversao 1.0.0,16,ok
090972,per090972_1911_17353,9,0,0,,,triagem/nome-caixa-conversao 1.0.0,16,ok
090972,per090972_1911_17353,10,0,0,,,triagem/nome-caixa-conversao 1.0.0,16,ok
090972,per090972_1911_17353,11,0,0,,,triagem/nome-caixa-conversao 1.0.0,16,ok
090972,per090972_1911_17353,12,0,0,,,triagem/nome-caixa-conversao 1.0.0,16,ok
090972,per090972_1911_17353,13,0,0,,,triagem/nome-caixa-conversao 1.0.0,16,ok
090972,per090972_1911_17353,14,0,0,,,triagem/nome-caixa-conversao 1.0.0,16,ok
090972,per090972_1911_17353,15,0,0,,,triagem/nome-caixa-conversao 1.0.0,16,ok
090972,per090972_1911_17353,16,0,0,,,triagem/nome-caixa-conversao 1.0.0,16,ok
090972,per090972_1911_17354,1,1,1,caixa do conver,41194,triagem/nome-caixa-conversao 1.0.0,16,ok
090972,per090972_1911_17354,2,0,0,,,triagem/nome-caixa-conversao 1.0.0,16,ok
090972,per090972_1911_17354,3,0,0,,,triagem/nome-caixa-conversao 1.0.0,16,ok
090972,per090972_1911_17354,4,0,0,,,triagem/nome-caixa-conversao 1.0.0,16,ok
090972,per090972_1911_17354,5,0,0,,,triagem/nome-caixa-conversao 1.0.0,16,ok
090972,per090972_1911_17354,6,0,0,,,triagem/nome-caixa-conversao 1.0.0,16,ok
090972,per090972_1911_17354,7,0,0,,,triagem/nome-caixa-conversao 1.0.0,16,ok
090972,per090972_1911_17354,8,0,0,,,triagem/nome-caixa-conversao 1.0.0,16,ok
090972,per090972_1911_17355,1,0,0,,,triagem/nome-caixa-conversao 1.0.0,16,ok
090972,per090972_1911_17355,2,0,0,,,triagem/nome-caixa-conversao 1.0.0,16,ok
090972,per090972_1911_17355,3,0,0,,,triagem/nome-caixa-conversao 1.0.0,16,ok
090972,per090972_1911_17355,4,0,0,,,triagem/nome-caixa-conversao 1.0.0,16,ok
090972,per090972_1911_17355,5,0,0,,,triagem/nome-caixa-conversao 1.0.0,16,ok
090972,per090972_1911_17355,6,0,0,,,triagem/nome-caixa-conversao 1.0.0,16,ok
090972,per090972_1911_17355,7,0,0,,,triagem/nome-caixa-conversao 1.0.0,16,ok
090972,per090972_1911_17355,8,0,0,,,triagem/nome-caixa-conversao 1.0.0,16,ok
090972,per090972_1911_17355,9,0,0,,,triagem/nome-caixa-conversao 1.0.0,16,ok
090972,per090972_1911_17355,10,0,0,,,triagem/nome-caixa-conversao 1.0.0,16,ok
090972,per090972_1911_17356,1,0,0,,,triagem/nome-caixa-conversao 1.0.0,16,ok
090972,per090972_1911_17356,2,0,0,,,triagem/nome-caixa-conversao 1.0.0,16,ok
090972,per090972_1911_17356,3,1,2,caixa de conver,13565,triagem/nome-caixa-conversao 1.0.0,16,ok
090972,per090972_1911_17356,4,0,0,,,triagem/nome-caixa-conversao 1.0.0,16,ok
090972,per090972_1911_17356,5,0,0,,,triagem/nome-caixa-conversao 1.0.0,16,ok
090972,per090972_1911_17356,6,0,0,,,triagem/nome-caixa-conversao 1.0.0,16,ok
090972,per090972_1911_17356,7,0,0,,,triagem/nome-caixa-conversao 1.0.0,16,ok
090972,per090972_1911_17356,8,0,0,,,triagem/nome-caixa-conversao 1.0.0,16,ok
090972,per090972_1911_17356,9,0,0,,,triagem/nome-caixa-conversao 1.0.0,16,ok
090972,per090972_1911_17356,10,0,0,,,triagem/nome-caixa-conversao 1.0.0,16,ok
090972,per090972_1911_17356,11,0,0,,,triagem/nome-caixa-conversao 1.0.0,16,ok
090972,per090972_1911_17356,12,0,0,,,triagem/nome-caixa-conversao 1.0.0,16,ok
090972,per090972_1911_17357,1,0,0,,,triagem/nome-caixa-conversao 1.0.0,16,ok
090972,per090972_1911_17357,2,0,0,,,triagem/nome-caixa-conversao 1.0.0,16,ok
090972,per090972_1911_17357,3,1,1,caixa de conver,27188,triagem/nome-caixa-conversao 1.0.0,16,ok
090972,per090972_1911_17357,4,0,0,,,triagem/nome-caixa-conversao 1.0.0,16,ok
090972,per090972_1911_17357,5,0,0,,,triagem/nome-caixa-conversao 1.0.0,16,ok
090972,per090972_1911_17357,6,0,0,,,triagem/nome-caixa-conversao 1.0.0,16,ok
090972,per090972_1911_17357,7,0,0,,,triagem/nome-caixa-conversao 1.0.0,16,ok
090972,per090972_1911_17357,8,0,0,,,triagem/nome-caixa-conversao 1.0.0,16,ok
090972,per090972_1911_17357,9,0,0,,,triagem/nome-caixa-conversao 1.0.0,16,ok
090972,per090972_1911_17357,10,0,0,,,triagem/nome-caixa-conversao 1.0.0,16,ok
090972,per090972_1911_17357,11,0,0,,,triagem/nome-caixa-conversao 1.0.0,16,ok
090972,per090972_1911_17357,12,0,0,,,triagem/nome-caixa-conversao 1.0.0,16,ok
090972,per090972_1911_17358,1,0,0,,,triagem/nome-caixa-conversao 1.0.0,16,ok
090972,per090972_1911_17358,2,0,0,,,triagem/nome-caixa-conversao 1.0.0,16,ok
090972,per090972_1911_17358,3,1,1,caixa de conver,3996,triagem/nome-caixa-conversao 1.0.0,16,ok
090972,per090972_1911_17358,4,0,0,,,triagem/nome-caixa-conversao 1.0.0,16,ok
090972,per090972_1911_17358,5,0,0,,,triagem/nome-caixa-conversao 1.0.0,16,ok
090972,per090972_1911_17358,6,0,0,,,triagem/nome-caixa-conversao 1.0.0,16,ok
090972,per090972_1911_17358,7,0,0,,,triagem/nome-caixa-conversao 1.0.0,16,ok
090972,per090972_1911_17358,8,0,0,,,triagem/nome-caixa-conversao 1.0.0,16,ok
090972,per090972_1911_17358,9,0,0,,,triagem/nome-caixa-conversao 1.0.0,16,ok
090972,per090972_1911_17358,10,0,0,,,triagem/nome-caixa-conversao 1.0.0,16,ok
090972,per090972_1911_17358,11,0,0,,,triagem/nome-caixa-conversao 1.0.0,16,ok
090972,per090972_1911_17358,12,0,0,,,triagem/nome-caixa-conversao 1.0.0,16,ok
090972,per090972_1911_17359,1,1,1,caixade conver,25790,triagem/nome-caixa-conversao 1.0.0,16,ok
090972,per090972_1911_17359,2,0,0,,,triagem/nome-caixa-conversao 1.0.0,16,ok
090972,per090972_1911_17359,3,0,0,,,triagem/nome-caixa-conversao 1.0.0,16,ok
090972,per090972_1911_17359,4,1,1,caixa de conver,1465,triagem/nome-caixa-conversao 1.0.0,16,ok
090972,per090972_1911_17359,5,0,0,,,triagem/nome-caixa-conversao 1.0.0,16,ok
090972,per090972_1911_17359,6,0,0,,,triagem/nome-caixa-conversao 1.0.0,16,ok
090972,per090972_1911_17359,7,0,0,,,triagem/nome-caixa-conversao 1.0.0,16,ok
090972,per090972_1911_17359,8,0,0,,,triagem/nome-caixa-conversao 1.0.0,16,ok
090972,per090972_1911_17359,9,0,0,,,triagem/nome-caixa-conversao 1.0.0,16,ok
090972,per090972_1911_17359,10,0,0,,,triagem/nome-caixa-conversao 1.0.0,16,ok
090972,per090972_1911_17359,11,0,0,,,triagem/nome-caixa-conversao 1.0.0,16,ok
090972,per090972_1911_17359,12,0,0,,,triagem/nome-caixa-conversao 1.0.0,16,ok
090972,per090972_1911_17359,13,0,0,,,triagem/nome-caixa-conversao 1.0.0,16,ok
090972,per090972_1911_17359,14,0,0,,,triagem/nome-caixa-conversao 1.0.0,16,ok
090972,per090972_1911_17359,15,0,0,,,triagem/nome-caixa-conversao 1.0.0,16,ok
090972,per090972_1911_17359,16,0,0,,,triagem/nome-caixa-conversao 1.0.0,16,ok
090972,per090972_1911_17360,1,0,0,,,triagem/nome-caixa-conversao 1.0.0,16,ok
090972,per090972_1911_17360,2,0,0,,,triagem/nome-caixa-conversao 1.0.0,16,ok
090972,per090972_1911_17360,3,0,0,,,triagem/nome-caixa-conversao 1.0.0,16,ok
090972,per090972_1911_17360,4,0,0,,,triagem/nome-caixa-conversao 1.0.0,16,ok
090972,per090972_1911_17360,5,0,0,,,triagem/nome-caixa-conversao 1.0.0,16,ok
090972,per090972_1911_17360,6,0,0,,,triagem/nome-caixa-conversao 1.0.0,16,ok
090972,per090972_1911_17360,7,0,0,,,triagem/nome-caixa-conversao 1.0.0,16,ok
090972,per090972_1911_17360,8,0,0,,,triagem/nome-caixa-conversao 1.0.0,16,ok
090972,per090972_1911_17360,9,0,0,,,triagem/nome-caixa-conversao 1.0.0,16,ok
090972,per090972_1911_17360,10,0,0,,,triagem/nome-caixa-conversao 1.0.0,16,ok
090972,per090972_1911_17360,11,0,0,,,triagem/nome-caixa-conversao 1.0.0,16,ok
090972,per090972_1911_17360,12,0,0,,,triagem/nome-caixa-conversao 1.0.0,16,ok
090972,per090972_1911_17360,13,0,0,,,triagem/nome-caixa-conversao 1.0.0,16,ok
090972,per090972_1911_17360,14,0,0,,,triagem/nome-caixa-conversao 1.0.0,16,ok
090972,per090972_1911_17361,1,0,0,,,triagem/nome-caixa-conversao 1.0.0,16,ok
090972,per090972_1911_17361,2,1,2,caixa do conver,24971,triagem/nome-caixa-conversao 1.0.0,16,ok
090972,per090972_1911_17361,3,0,0,,,triagem/nome-caixa-conversao 1.0.0,16,ok
090972,per090972_1911_17361,4,0,0,,,triagem/nome-caixa-conversao 1.0.0,16,ok
090972,per090972_1911_17361,5,0,0,,,triagem/nome-caixa-conversao 1.0.0,16,ok
090972,per090972_1911_17361,6,0,0,,,triagem/nome-caixa-conversao 1.0.0,16,ok
090972,per090972_1911_17361,7,0,0,,,triagem/nome-caixa-conversao 1.0.0,16,ok
090972,per090972_1911_17361,8,0,0,,,triagem/nome-caixa-conversao 1.0.0,16,ok
090972,per090972_1911_17361,9,0,0,,,triagem/nome-caixa-conversao 1.0.0,16,ok
090972,per090972_1911_17361,10,0,0,,,triagem/nome-caixa-conversao 1.0.0,16,ok
090972,per090972_1911_17362,1,1,1,caixa do conver,23751,triagem/nome-caixa-conversao 1.0.0,16,ok
090972,per090972_1911_17362,2,0,0,,,triagem/nome-caixa-conversao 1.0.0,16,ok
090972,per090972_1911_17362,3,1,1,caixa de conver,15322,triagem/nome-caixa-conversao 1.0.0,16,ok
090972,per090972_1911_17362,4,0,0,,,triagem/nome-caixa-conversao 1.0.0,16,ok
090972,per090972_1911_17362,5,0,0,,,triagem/nome-caixa-conversao 1.0.0,16,ok
090972,per090972_1911_17362,6,0,0,,,triagem/nome-caixa-conversao 1.0.0,16,ok
090972,per090972_1911_17362,7,0,0,,,triagem/nome-caixa-conversao 1.0.0,16,ok
090972,per090972_1911_17362,8,0,0,,,triagem/nome-caixa-conversao 1.0.0,16,ok
090972,per090972_1911_17362,9,0,0,,,triagem/nome-caixa-conversao 1.0.0,16,ok
090972,per090972_1911_17362,10,0,0,,,triagem/nome-caixa-conversao 1.0.0,16,ok
090972,per090972_1911_17363,1,0,0,,,triagem/nome-caixa-conversao 1.0.0,16,ok
090972,per090972_1911_17363,2,0,0,,,triagem/nome-caixa-conversao 1.0.0,16,ok
090972,per090972_1911_17363,3,0,0,,,triagem/nome-caixa-conversao 1.0.0,16,ok
090972,per090972_1911_17363,4,1,1,caixa de conver,21971,triagem/nome-caixa-conversao 1.0.0,16,ok
090972,per090972_1911_17363,5,0,0,,,triagem/nome-caixa-conversao 1.0.0,16,ok
090972,per090972_1911_17363,6,0,0,,,triagem/nome-caixa-conversao 1.0.0,16,ok
090972,per090972_1911_17363,7,0,0,,,triagem/nome-caixa-conversao 1.0.0,16,ok
090972,per090972_1911_17363,8,0,0,,,triagem/nome-caixa-conversao 1.0.0,16,ok
090972,per090972_1911_17363,9,0,0,,,triagem/nome-caixa-conversao 1.0.0,16,ok
090972,per090972_1911_17363,10,0,0,,,triagem/nome-caixa-conversao 1.0.0,16,ok
090972,per090972_1911_17363,11,0,0,,,triagem/nome-caixa-conversao 1.0.0,16,ok
090972,per090972_1911_17363,12,0,0,,,triagem/nome-caixa-conversao 1.0.0,16,ok
090972,per090972_1911_17364,1,0,0,,,triagem/nome-caixa-conversao 1.0.0,16,ok
090972,per090972_1911_17364,2,0,0,,,triagem/nome-caixa-conversao 1.0.0,16,ok
090972,per090972_1911_17364,3,1,1,caixa dc conver,27063,triagem/nome-caixa-conversao 1.0.0,16,ok
090972,per090972_1911_17364,4,0,0,,,triagem/nome-caixa-conversao 1.0.0,16,ok
090972,per090972_1911_17364,5,0,0,,,triagem/nome-caixa-conversao 1.0.0,16,ok
090972,per090972_1911_17364,6,0,0,,,triagem/nome-caixa-conversao 1.0.0,16,ok
090972,per090972_1911_17364,7,0,0,,,triagem/nome-caixa-conversao 1.0.0,16,ok
090972,per090972_1911_17364,8,0,0,,,triagem/nome-caixa-conversao 1.0.0,16,ok
090972,per090972_1911_17364,9,0,0,,,triagem/nome-caixa-conversao 1.0.0,16,ok
090972,per090972_1911_17364,10,0,0,,,triagem/nome-caixa-conversao 1.0.0,16,ok
090972,per090972_1911_17364,11,0,0,,,triagem/nome-caixa-conversao 1.0.0,16,ok
090972,per090972_1911_17364,12,0,0,,,triagem/nome-caixa-conversao 1.0.0,16,ok
090972,per090972_1911_17365,1,0,0,,,triagem/nome-caixa-conversao 1.0.0,16,ok
090972,per090972_1911_17365,2,0,0,,,triagem/nome-caixa-conversao 1.0.0,16,ok
090972,per090972_1911_17365,3,0,0,,,triagem/nome-caixa-conversao 1.0.0,16,ok
090972,per090972_1911_17365,4,0,0,,,triagem/nome-caixa-conversao 1.0.0,16,ok
090972,per090972_1911_17365,5,0,0,,,triagem/nome-caixa-conversao 1.0.0,16,ok
090972,per090972_1911_17365,6,0,0,,,triagem/nome-caixa-conversao 1.0.0,16,ok
090972,per090972_1911_17365,7,0,0,,,triagem/nome-caixa-conversao 1.0.0,16,ok
090972,per090972_1911_17365,8,0,0,,,triagem/nome-caixa-conversao 1.0.0,16,ok
090972,per090972_1911_17365,9,0,0,,,triagem/nome-caixa-conversao 1.0.0,16,ok
090972,per090972_1911_17365,10,0,0,,,triagem/nome-caixa-conversao 1.0.0,16,ok
090972,per090972_1911_17365,11,0,0,,,triagem/nome-caixa-conversao 1.0.0,16,ok
090972,per090972_1911_17365,12,0,0,,,triagem/nome-caixa-conversao 1.0.0,16,ok
090972,per090972_1911_17365,13,0,0,,,triagem/nome-caixa-conversao 1.0.0,16,ok
090972,per090972_1911_17365,14,0,0,,,triagem/nome-caixa-conversao 1.0.0,16,ok
090972,per090972_1911_17366,1,0,0,,,triagem/nome-caixa-conversao 1.0.0,16,ok
090972,per090972_1911_17366,2,0,0,,,triagem/nome-caixa-conversao 1.0.0,16,ok
090972,per090972_1911_17366,3,1,1,caixa deconver,2997,triagem/nome-caixa-conversao 1.0.0,16,ok
090972,per090972_1911_17366,4,0,0,,,triagem/nome-caixa-conversao 1.0.0,16,ok
090972,per090972_1911_17366,5,0,0,,,triagem/nome-caixa-conversao 1.0.0,16,ok
090972,per090972_1911_17366,6,0,0,,,triagem/nome-caixa-conversao 1.0.0,16,ok
090972,per090972_1911_17366,7,0,0,,,triagem/nome-caixa-conversao 1.0.0,16,ok
090972,per090972_1911_17366,8,0,0,,,triagem/nome-caixa-conversao 1.0.0,16,ok
090972,per090972_1911_17366,9,0,0,,,triagem/nome-caixa-conversao 1.0.0,16,ok
090972,per090972_1911_17366,10,0,0,,,triagem/nome-caixa-conversao 1.0.0,16,ok
090972,per090972_1911_17367,1,0,0,,,triagem/nome-caixa-conversao 1.0.0,16,ok
090972,per090972_1911_17367,2,0,0,,,triagem/nome-caixa-conversao 1.0.0,16,ok
090972,per090972_1911_17367,3,1,2,caixa de conver,35159,triagem/nome-caixa-conversao 1.0.0,16,ok
090972,per090972_1911_17367,4,0,0,,,triagem/nome-caixa-conversao 1.0.0,16,ok
090972,per090972_1911_17367,5,0,0,,,triagem/nome-caixa-conversao 1.0.0,16,ok
090972,per090972_1911_17367,6,0,0,,,triagem/nome-caixa-conversao 1.0.0,16,ok
090972,per090972_1911_17367,7,0,0,,,triagem/nome-caixa-conversao 1.0.0,16,ok
090972,per090972_1911_17367,8,0,0,,,triagem/nome-caixa-conversao 1.0.0,16,ok
090972,per090972_1911_17367,9,0,0,,,triagem/nome-caixa-conversao 1.0.0,16,ok
090972,per090972_1911_17367,10,0,0,,,triagem/nome-caixa-conversao 1.0.0,16,ok
090972,per090972_1911_17367,11,0,0,,,triagem/nome-caixa-conversao 1.0.0,16,ok
090972,per090972_1911_17367,12,0,0,,,triagem/nome-caixa-conversao 1.0.0,16,ok
090972,per090972_1911_17367,13,0,0,,,triagem/nome-caixa-conversao 1.0.0,16,ok
090972,per090972_1911_17367,14,0,0,,,triagem/nome-caixa-conversao 1.0.0,16,ok
090972,per090972_1911_17368,1,1,1,caixa de conver,25458,triagem/nome-caixa-conversao 1.0.0,16,ok
090972,per090972_1911_17368,2,0,0,,,triagem/nome-caixa-conversao 1.0.0,16,ok
090972,per090972_1911_17368,3,0,0,,,triagem/nome-caixa-conversao 1.0.0,16,ok
090972,per090972_1911_17368,4,0,0,,,triagem/nome-caixa-conversao 1.0.0,16,ok
090972,per090972_1911_17368,5,1,1,caixa de conver,42583,triagem/nome-caixa-conversao 1.0.0,16,ok
090972,per090972_1911_17368,6,0,0,,,triagem/nome-caixa-conversao 1.0.0,16,ok
090972,per090972_1911_17368,7,0,0,,,triagem/nome-caixa-conversao 1.0.0,16,ok
090972,per090972_1911_17368,8,0,0,,,triagem/nome-caixa-conversao 1.0.0,16,ok
090972,per090972_1911_17368,9,0,0,,,triagem/nome-caixa-conversao 1.0.0,16,ok
090972,per090972_1911_17368,10,0,0,,,triagem/nome-caixa-conversao 1.0.0,16,ok
090972,per090972_1911_17369,1,0,0,,,triagem/nome-caixa-conversao 1.0.0,16,ok
090972,per090972_1911_17369,2,0,0,,,triagem/nome-caixa-conversao 1.0.0,16,ok
090972,per090972_1911_17369,3,0,0,,,triagem/nome-caixa-conversao 1.0.0,16,ok
090972,per090972_1911_17369,4,0,0,,,triagem/nome-caixa-conversao 1.0.0,16,ok
090972,per090972_1911_17369,5,1,2,caixa de conver,4878,triagem/nome-caixa-conversao 1.0.0,16,ok
090972,per090972_1911_17369,6,0,0,,,triagem/nome-caixa-conversao 1.0.0,16,ok
090972,per090972_1911_17369,7,0,0,,,triagem/nome-caixa-conversao 1.0.0,16,ok
090972,per090972_1911_17369,8,0,0,,,triagem/nome-caixa-conversao 1.0.0,16,ok
090972,per090972_1911_17369,9,0,0,,,triagem/nome-caixa-conversao 1.0.0,16,ok
090972,per090972_1911_17369,10,0,0,,,triagem/nome-caixa-conversao 1.0.0,16,ok
090972,per090972_1911_17369,11,0,0,,,triagem/nome-caixa-conversao 1.0.0,16,ok
090972,per090972_1911_17369,12,0,0,,,triagem/nome-caixa-conversao 1.0.0,16,ok
090972,per090972_1911_17370,1,0,0,,,triagem/nome-caixa-conversao 1.0.0,16,ok
090972,per090972_1911_17370,2,0,0,,,triagem/nome-caixa-conversao 1.0.0,16,ok
090972,per090972_1911_17370,3,0,0,,,triagem/nome-caixa-conversao 1.0.0,16,ok
090972,per090972_1911_17370,4,0,0,,,triagem/nome-caixa-conversao 1.0.0,16,ok
090972,per090972_1911_17370,5,1,2,caixa de conver,35150,triagem/nome-caixa-conversao 1.0.0,16,ok
090972,per090972_1911_17370,6,0,0,,,triagem/nome-caixa-conversao 1.0.0,16,ok
090972,per090972_1911_17370,7,0,0,,,triagem/nome-caixa-conversao 1.0.0,16,ok
090972,per090972_1911_17370,8,0,0,,,triagem/nome-caixa-conversao 1.0.0,16,ok
090972,per090972_1911_17370,9,0,0,,,triagem/nome-caixa-conversao 1.0.0,16,ok
090972,per090972_1911_17370,10,0,0,,,triagem/nome-caixa-conversao 1.0.0,16,ok
090972,per090972_1911_17370,11,0,0,,,triagem/nome-caixa-conversao 1.0.0,16,ok
090972,per090972_1911_17370,12,0,0,,,triagem/nome-caixa-conversao 1.0.0,16,ok
090972,per090972_1911_17371,1,0,0,,,triagem/nome-caixa-conversao 1.0.0,16,ok
090972,per090972_1911_17371,2,0,0,,,triagem/nome-caixa-conversao 1.0.0,16,ok
090972,per090972_1911_17371,3,0,0,,,triagem/nome-caixa-conversao 1.0.0,16,ok
090972,per090972_1911_17371,4,0,0,,,triagem/nome-caixa-conversao 1.0.0,16,ok
090972,per090972_1911_17371,5,0,0,,,triagem/nome-caixa-conversao 1.0.0,16,ok
090972,per090972_1911_17371,6,0,0,,,triagem/nome-caixa-conversao 1.0.0,16,ok
090972,per090972_1911_17371,7,0,0,,,triagem/nome-caixa-conversao 1.0.0,16,ok
090972,per090972_1911_17371,8,0,0,,,triagem/nome-caixa-conversao 1.0.0,16,ok
090972,per090972_1911_17371,9,0,0,,,triagem/nome-caixa-conversao 1.0.0,16,ok
090972,per090972_1911_17371,10,0,0,,,triagem/nome-caixa-conversao 1.0.0,16,ok
090972,per090972_1911_17371,11,0,0,,,triagem/nome-caixa-conversao 1.0.0,16,ok
090972,per090972_1911_17371,12,0,0,,,triagem/nome-caixa-conversao 1.0.0,16,ok
090972,per090972_1911_17372,1,0,0,,,triagem/nome-caixa-conversao 1.0.0,16,ok
090972,per090972_1911_17372,2,0,0,,,triagem/nome-caixa-conversao 1.0.0,16,ok
090972,per090972_1911_17372,3,0,0,,,triagem/nome-caixa-conversao 1.0.0,16,ok
090972,per090972_1911_17372,4,0,0,,,triagem/nome-caixa-conversao 1.0.0,16,ok
090972,per090972_1911_17372,5,0,0,,,triagem/nome-caixa-conversao 1.0.0,16,ok
090972,per090972_1911_17372,6,0,0,,,triagem/nome-caixa-conversao 1.0.0,16,ok
090972,per090972_1911_17372,7,0,0,,,triagem/nome-caixa-conversao 1.0.0,16,ok
090972,per090972_1911_17372,8,0,0,,,triagem/nome-caixa-conversao 1.0.0,16,ok
090972,per090972_1911_17372,9,0,0,,,triagem/nome-caixa-conversao 1.0.0,16,ok
090972,per090972_1911_17372,10,0,0,,,triagem/nome-caixa-conversao 1.0.0,16,ok
090972,per090972_1911_17372,11,0,0,,,triagem/nome-caixa-conversao 1.0.0,16,ok
090972,per090972_1911_17372,12,0,0,,,triagem/nome-caixa-conversao 1.0.0,16,ok
090972,per090972_1911_17373,1,0,0,,,triagem/nome-caixa-conversao 1.0.0,16,ok
090972,per090972_1911_17373,2,0,0,,,triagem/nome-caixa-conversao 1.0.0,16,ok
090972,per090972_1911_17373,3,0,0,,,triagem/nome-caixa-conversao 1.0.0,16,ok
090972,per090972_1911_17373,4,0,0,,,triagem/nome-caixa-conversao 1.0.0,16,ok
090972,per090972_1911_17373,5,0,0,,,triagem/nome-caixa-conversao 1.0.0,16,ok
090972,per090972_1911_17373,6,0,0,,,triagem/nome-caixa-conversao 1.0.0,16,ok
090972,per090972_1911_17373,7,0,0,,,triagem/nome-caixa-conversao 1.0.0,16,ok
090972,per090972_1911_17373,8,0,0,,,triagem/nome-caixa-conversao 1.0.0,16,ok
090972,per090972_1911_17373,9,0,0,,,triagem/nome-caixa-conversao 1.0.0,16,ok
090972,per090972_1911_17373,10,0,0,,,triagem/nome-caixa-conversao 1.0.0,16,ok
090972,per090972_1911_17373,11,0,0,,,triagem/nome-caixa-conversao 1.0.0,16,ok
090972,per090972_1911_17373,12,0,0,,,triagem/nome-caixa-conversao 1.0.0,16,ok
090972,per090972_1911_17374,1,0,0,,,triagem/nome-caixa-conversao 1.0.0,16,ok
090972,per090972_1911_17374,2,0,0,,,triagem/nome-caixa-conversao 1.0.0,16,ok
090972,per090972_1911_17374,3,0,0,,,triagem/nome-caixa-conversao 1.0.0,16,ok
090972,per090972_1911_17374,4,0,0,,,triagem/nome-caixa-conversao 1.0.0,16,ok
090972,per090972_1911_17374,5,1,2,caixa de conver,4046,triagem/nome-caixa-conversao 1.0.0,16,ok
090972,per090972_1911_17374,6,0,0,,,triagem/nome-caixa-conversao 1.0.0,16,ok
090972,per090972_1911_17374,7,0,0,,,triagem/nome-caixa-conversao 1.0.0,16,ok
090972,per090972_1911_17374,8,0,0,,,triagem/nome-caixa-conversao 1.0.0,16,ok
090972,per090972_1911_17374,9,0,0,,,triagem/nome-caixa-conversao 1.0.0,16,ok
090972,per090972_1911_17374,10,0,0,,,triagem/nome-caixa-conversao 1.0.0,16,ok
090972,per090972_1911_17374,11,0,0,,,triagem/nome-caixa-conversao 1.0.0,16,ok
090972,per090972_1911_17374,12,0,0,,,triagem/nome-caixa-conversao 1.0.0,16,ok
090972,per090972_1911_17374,13,0,0,,,triagem/nome-caixa-conversao 1.0.0,16,ok
090972,per090972_1911_17374,14,0,0,,,triagem/nome-caixa-conversao 1.0.0,16,ok
090972,per090972_1911_17375,1,1,1,caixa de conver,31808,triagem/nome-caixa-conversao 1.0.0,16,ok
090972,per090972_1911_17375,2,1,1,caixa doconver,27037,triagem/nome-caixa-conversao 1.0.0,16,ok
090972,per090972_1911_17375,3,0,0,,,triagem/nome-caixa-conversao 1.0.0,16,ok
090972,per090972_1911_17375,4,0,0,,,triagem/nome-caixa-conversao 1.0.0,16,ok
090972,per090972_1911_17375,5,0,0,,,triagem/nome-caixa-conversao 1.0.0,16,ok
090972,per090972_1911_17375,6,0,0,,,triagem/nome-caixa-conversao 1.0.0,16,ok
090972,per090972_1911_17375,7,0,0,,,triagem/nome-caixa-conversao 1.0.0,16,ok
090972,per090972_1911_17375,8,0,0,,,triagem/nome-caixa-conversao 1.0.0,16,ok
090972,per090972_1911_17375,9,0,0,,,triagem/nome-caixa-conversao 1.0.0,16,ok
090972,per090972_1911_17375,10,0,0,,,triagem/nome-caixa-conversao 1.0.0,16,ok
090972,per090972_1911_17376,1,0,0,,,triagem/nome-caixa-conversao 1.0.0,16,ok
090972,per090972_1911_17376,2,0,0,,,triagem/nome-caixa-conversao 1.0.0,16,ok
090972,per090972_1911_17376,3,0,0,,,triagem/nome-caixa-conversao 1.0.0,16,ok
090972,per090972_1911_17376,4,0,0,,,triagem/nome-caixa-conversao 1.0.0,16,ok
090972,per090972_1911_17376,5,0,0,,,triagem/nome-caixa-conversao 1.0.0,16,ok
090972,per090972_1911_17376,6,0,0,,,triagem/nome-caixa-conversao 1.0.0,16,ok
090972,per090972_1911_17376,7,0,0,,,triagem/nome-caixa-conversao 1.0.0,16,ok
090972,per090972_1911_17376,8,0,0,,,triagem/nome-caixa-conversao 1.0.0,16,ok
090972,per090972_1911_17376,9,0,0,,,triagem/nome-caixa-conversao 1.0.0,16,ok
090972,per090972_1911_17376,10,0,0,,,triagem/nome-caixa-conversao 1.0.0,16,ok
090972,per090972_1911_17377,1,0,0,,,triagem/nome-caixa-conversao 1.0.0,16,ok
090972,per090972_1911_17377,2,0,0,,,triagem/nome-caixa-conversao 1.0.0,16,ok
090972,per090972_1911_17377,3,0,0,,,triagem/nome-caixa-conversao 1.0.0,16,ok
090972,per090972_1911_17377,4,0,0,,,triagem/nome-caixa-conversao 1.0.0,16,ok
090972,per090972_1911_17377,5,0,0,,,triagem/nome-caixa-conversao 1.0.0,16,ok
090972,per090972_1911_17377,6,1,3,caixa de conver,3665,triagem/nome-caixa-conversao 1.0.0,16,ok
090972,per090972_1911_17377,7,0,0,,,triagem/nome-caixa-conversao 1.0.0,16,ok
090972,per090972_1911_17377,8,0,0,,,triagem/nome-caixa-conversao 1.0.0,16,ok
090972,per090972_1911_17377,9,0,0,,,triagem/nome-caixa-conversao 1.0.0,16,ok
090972,per090972_1911_17377,10,0,0,,,triagem/nome-caixa-conversao 1.0.0,16,ok
090972,per090972_1911_17377,11,0,0,,,triagem/nome-caixa-conversao 1.0.0,16,ok
090972,per090972_1911_17377,12,0,0,,,triagem/nome-caixa-conversao 1.0.0,16,ok
090972,per090972_1911_17378,1,0,0,,,triagem/nome-caixa-conversao 1.0.0,16,ok
090972,per090972_1911_17378,2,0,0,,,triagem/nome-caixa-conversao 1.0.0,16,ok
090972,per090972_1911_17378,3,0,0,,,triagem/nome-caixa-conversao 1.0.0,16,ok
090972,per090972_1911_17378,4,0,0,,,triagem/nome-caixa-conversao 1.0.0,16,ok
090972,per090972_1911_17378,5,0,0,,,triagem/nome-caixa-conversao 1.0.0,16,ok
090972,per090972_1911_17378,6,0,0,,,triagem/nome-caixa-conversao 1.0.0,16,ok
090972,per090972_1911_17378,7,0,0,,,triagem/nome-caixa-conversao 1.0.0,16,ok
090972,per090972_1911_17378,8,0,0,,,triagem/nome-caixa-conversao 1.0.0,16,ok
090972,per090972_1911_17378,9,0,0,,,triagem/nome-caixa-conversao 1.0.0,16,ok
090972,per090972_1911_17378,10,0,0,,,triagem/nome-caixa-conversao 1.0.0,16,ok
090972,per090972_1911_17378,11,0,0,,,triagem/nome-caixa-conversao 1.0.0,16,ok
090972,per090972_1911_17378,12,0,0,,,triagem/nome-caixa-conversao 1.0.0,16,ok
090972,per090972_1911_17379,1,0,0,,,triagem/nome-caixa-conversao 1.0.0,16,ok
090972,per090972_1911_17379,2,0,0,,,triagem/nome-caixa-conversao 1.0.0,16,ok
090972,per090972_1911_17379,3,0,0,,,triagem/nome-caixa-conversao 1.0.0,16,ok
090972,per090972_1911_17379,4,0,0,,,triagem/nome-caixa-conversao 1.0.0,16,ok
090972,per090972_1911_17379,5,0,0,,,triagem/nome-caixa-conversao 1.0.0,16,ok
090972,per090972_1911_17379,6,0,0,,,triagem/nome-caixa-conversao 1.0.0,16,ok
090972,per090972_1911_17379,7,0,0,,,triagem/nome-caixa-conversao 1.0.0,16,ok
090972,per090972_1911_17379,8,0,0,,,triagem/nome-caixa-conversao 1.0.0,16,ok
090972,per090972_1911_17379,9,0,0,,,triagem/nome-caixa-conversao 1.0.0,16,ok
090972,per090972_1911_17379,10,0,0,,,triagem/nome-caixa-conversao 1.0.0,16,ok
090972,per090972_1911_17379,11,0,0,,,triagem/nome-caixa-conversao 1.0.0,16,ok
090972,per090972_1911_17379,12,0,0,,,triagem/nome-caixa-conversao 1.0.0,16,ok
090972,per090972_1911_17380,1,0,0,,,triagem/nome-caixa-conversao 1.0.0,16,ok
090972,per090972_1911_17380,2,0,0,,,triagem/nome-caixa-conversao 1.0.0,16,ok
090972,per090972_1911_17380,3,0,0,,,triagem/nome-caixa-conversao 1.0.0,16,ok
090972,per090972_1911_17380,4,1,2,caixa de conver,8557,triagem/nome-caixa-conversao 1.0.0,16,ok
090972,per090972_1911_17380,5,0,0,,,triagem/nome-caixa-conversao 1.0.0,16,ok
090972,per090972_1911_17380,6,0,0,,,triagem/nome-caixa-conversao 1.0.0,16,ok
090972,per090972_1911_17380,7,0,0,,,triagem/nome-caixa-conversao 1.0.0,16,ok
090972,per090972_1911_17380,8,0,0,,,triagem/nome-caixa-conversao 1.0.0,16,ok
090972,per090972_1911_17380,9,0,0,,,triagem/nome-caixa-conversao 1.0.0,16,ok
090972,per090972_1911_17380,10,0,0,,,triagem/nome-caixa-conversao 1.0.0,16,ok
090972,per090972_1911_17380,11,0,0,,,triagem/nome-caixa-conversao 1.0.0,16,ok
090972,per090972_1911_17380,12,0,0,,,triagem/nome-caixa-conversao 1.0.0,16,ok
090972,per090972_1911_17381,1,0,0,,,triagem/nome-caixa-conversao 1.0.0,16,ok
090972,per090972_1911_17381,2,1,1,caixa do conver,39737,triagem/nome-caixa-conversao 1.0.0,16,ok
090972,per090972_1911_17381,3,1,2,caixa de conver,1765,triagem/nome-caixa-conversao 1.0.0,16,ok
090972,per090972_1911_17381,4,0,0,,,triagem/nome-caixa-conversao 1.0.0,16,ok
090972,per090972_1911_17381,5,0,0,,,triagem/nome-caixa-conversao 1.0.0,16,ok
090972,per090972_1911_17381,6,0,0,,,triagem/nome-caixa-conversao 1.0.0,16,ok
090972,per090972_1911_17381,7,0,0,,,triagem/nome-caixa-conversao 1.0.0,16,ok
090972,per090972_1911_17381,8,0,0,,,triagem/nome-caixa-conversao 1.0.0,16,ok
090972,per090972_1911_17381,9,0,0,,,triagem/nome-caixa-conversao 1.0.0,16,ok
090972,per090972_1911_17381,10,0,0,,,triagem/nome-caixa-conversao 1.0.0,16,ok
090972,per090972_1911_17381,11,0,0,,,triagem/nome-caixa-conversao 1.0.0,16,ok
090972,per090972_1911_17381,12,0,0,,,triagem/nome-caixa-conversao 1.0.0,16,ok
090972,per090972_1911_17382,1,1,1,caixa de conver,10956,triagem/nome-caixa-conversao 1.0.0,16,ok
090972,per090972_1911_17382,2,0,0,,,triagem/nome-caixa-conversao 1.0.0,16,ok
090972,per090972_1911_17382,3,0,0,,,triagem/nome-caixa-conversao 1.0.0,16,ok
090972,per090972_1911_17382,4,0,0,,,triagem/nome-caixa-conversao 1.0.0,16,ok
090972,per090972_1911_17382,5,0,0,,,triagem/nome-caixa-conversao 1.0.0,16,ok
090972,per090972_1911_17382,6,0,0,,,triagem/nome-caixa-conversao 1.0.0,16,ok
090972,per090972_1911_17382,7,0,0,,,triagem/nome-caixa-conversao 1.0.0,16,ok
090972,per090972_1911_17382,8,0,0,,,triagem/nome-caixa-conversao 1.0.0,16,ok
090972,per090972_1911_17382,9,0,0,,,triagem/nome-caixa-conversao 1.0.0,16,ok
090972,per090972_1911_17382,10,0,0,,,triagem/nome-caixa-conversao 1.0.0,16,ok
090972,per090972_1911_17382,11,0,0,,,triagem/nome-caixa-conversao 1.0.0,16,ok
090972,per090972_1911_17382,12,0,0,,,triagem/nome-caixa-conversao 1.0.0,16,ok
090972,per090972_1911_17383,1,0,0,,,triagem/nome-caixa-conversao 1.0.0,16,ok
090972,per090972_1911_17383,2,0,0,,,triagem/nome-caixa-conversao 1.0.0,16,ok
090972,per090972_1911_17383,3,0,0,,,triagem/nome-caixa-conversao 1.0.0,16,ok
090972,per090972_1911_17383,4,1,2,caixa de conver,36207,triagem/nome-caixa-conversao 1.0.0,16,ok
090972,per090972_1911_17383,5,0,0,,,triagem/nome-caixa-conversao 1.0.0,16,ok
090972,per090972_1911_17383,6,0,0,,,triagem/nome-caixa-conversao 1.0.0,16,ok
090972,per090972_1911_17383,7,0,0,,,triagem/nome-caixa-conversao 1.0.0,16,ok
090972,per090972_1911_17383,8,0,0,,,triagem/nome-caixa-conversao 1.0.0,16,ok
090972,per090972_1911_17383,9,0,0,,,triagem/nome-caixa-conversao 1.0.0,16,ok
090972,per090972_1911_17383,10,0,0,,,triagem/nome-caixa-conversao 1.0.0,16,ok
090972,per090972_1911_17383,11,0,0,,,triagem/nome-caixa-conversao 1.0.0,16,ok
090972,per090972_1911_17383,12,0,0,,,triagem/nome-caixa-conversao 1.0.0,16,ok
090972,per090972_1911_17384,1,0,0,,,triagem/nome-caixa-conversao 1.0.0,16,ok
090972,per090972_1911_17384,2,0,0,,,triagem/nome-caixa-conversao 1.0.0,16,ok
090972,per090972_1911_17384,3,0,0,,,triagem/nome-caixa-conversao 1.0.0,16,ok
090972,per090972_1911_17384,4,0,0,,,triagem/nome-caixa-conversao 1.0.0,16,ok
090972,per090972_1911_17384,5,0,0,,,triagem/nome-caixa-conversao 1.0.0,16,ok
090972,per090972_1911_17384,6,0,0,,,triagem/nome-caixa-conversao 1.0.0,16,ok
090972,per090972_1911_17384,7,0,0,,,triagem/nome-caixa-conversao 1.0.0,16,ok
090972,per090972_1911_17384,8,0,0,,,triagem/nome-caixa-conversao 1.0.0,16,ok
090972,per090972_1911_17384,9,0,0,,,triagem/nome-caixa-conversao 1.0.0,16,ok
090972,per090972_1911_17384,10,0,0,,,triagem/nome-caixa-conversao 1.0.0,16,ok
090972,per090972_1911_17384,11,0,0,,,triagem/nome-caixa-conversao 1.0.0,16,ok
090972,per090972_1911_17384,12,0,0,,,triagem/nome-caixa-conversao 1.0.0,16,ok
090972,per090972_1911_17385,1,0,0,,,triagem/nome-caixa-conversao 1.0.0,16,ok
090972,per090972_1911_17385,2,0,0,,,triagem/nome-caixa-conversao 1.0.0,16,ok
090972,per090972_1911_17385,3,0,0,,,triagem/nome-caixa-conversao 1.0.0,16,ok
090972,per090972_1911_17385,4,0,0,,,triagem/nome-caixa-conversao 1.0.0,16,ok
090972,per090972_1911_17385,5,0,0,,,triagem/nome-caixa-conversao 1.0.0,16,ok
090972,per090972_1911_17385,6,0,0,,,triagem/nome-caixa-conversao 1.0.0,16,ok
090972,per090972_1911_17385,7,0,0,,,triagem/nome-caixa-conversao 1.0.0,16,ok
090972,per090972_1911_17385,8,0,0,,,triagem/nome-caixa-conversao 1.0.0,16,ok
090972,per090972_1911_17385,9,0,0,,,triagem/nome-caixa-conversao 1.0.0,16,ok
090972,per090972_1911_17385,10,0,0,,,triagem/nome-caixa-conversao 1.0.0,16,ok
090972,per090972_1911_17385,11,0,0,,,triagem/nome-caixa-conversao 1.0.0,16,ok
090972,per090972_1911_17385,12,0,0,,,triagem/nome-caixa-conversao 1.0.0,16,ok
090972,per090972_1911_17385,13,0,0,,,triagem/nome-caixa-conversao 1.0.0,16,ok
090972,per090972_1911_17385,14,0,0,,,triagem/nome-caixa-conversao 1.0.0,16,ok
090972,per090972_1911_17385,15,0,0,,,triagem/nome-caixa-conversao 1.0.0,16,ok
090972,per090972_1911_17385,16,0,0,,,triagem/nome-caixa-conversao 1.0.0,16,ok
090972,per090972_1911_17386,1,0,0,,,triagem/nome-caixa-conversao 1.0.0,16,ok
090972,per090972_1911_17386,2,0,0,,,triagem/nome-caixa-conversao 1.0.0,16,ok
090972,per090972_1911_17386,3,0,0,,,triagem/nome-caixa-conversao 1.0.0,16,ok
090972,per090972_1911_17386,4,0,0,,,triagem/nome-caixa-conversao 1.0.0,16,ok
090972,per090972_1911_17386,5,0,0,,,triagem/nome-caixa-conversao 1.0.0,16,ok
090972,per090972_1911_17386,6,0,0,,,triagem/nome-caixa-conversao 1.0.0,16,ok
090972,per090972_1911_17386,7,0,0,,,triagem/nome-caixa-conversao 1.0.0,16,ok
090972,per090972_1911_17386,8,0,0,,,triagem/nome-caixa-conversao 1.0.0,16,ok
090972,per090972_1911_17386,9,0,0,,,triagem/nome-caixa-conversao 1.0.0,16,ok
090972,per090972_1911_17386,10,0,0,,,triagem/nome-caixa-conversao 1.0.0,16,ok
090972,per090972_1911_17386,11,0,0,,,triagem/nome-caixa-conversao 1.0.0,16,ok
090972,per090972_1911_17386,12,0,0,,,triagem/nome-caixa-conversao 1.0.0,16,ok
090972,per090972_1911_17386,13,0,0,,,triagem/nome-caixa-conversao 1.0.0,16,ok
090972,per090972_1911_17386,14,0,0,,,triagem/nome-caixa-conversao 1.0.0,16,ok
090972,per090972_1911_17387,1,0,0,,,triagem/nome-caixa-conversao 1.0.0,16,ok
090972,per090972_1911_17387,2,0,0,,,triagem/nome-caixa-conversao 1.0.0,16,ok
090972,per090972_1911_17387,3,0,0,,,triagem/nome-caixa-conversao 1.0.0,16,ok
090972,per090972_1911_17387,4,0,0,,,triagem/nome-caixa-conversao 1.0.0,16,ok
090972,per090972_1911_17387,5,0,0,,,triagem/nome-caixa-conversao 1.0.0,16,ok
090972,per090972_1911_17387,6,0,0,,,triagem/nome-caixa-conversao 1.0.0,16,ok
090972,per090972_1911_17387,7,0,0,,,triagem/nome-caixa-conversao 1.0.0,16,ok
090972,per090972_1911_17387,8,0,0,,,triagem/nome-caixa-conversao 1.0.0,16,ok
090972,per090972_1911_17387,9,0,0,,,triagem/nome-caixa-conversao 1.0.0,16,ok
090972,per090972_1911_17387,10,0,0,,,triagem/nome-caixa-conversao 1.0.0,16,ok
090972,per090972_1911_17387,11,0,0,,,triagem/nome-caixa-conversao 1.0.0,16,ok
090972,per090972_1911_17387,12,0,0,,,triagem/nome-caixa-conversao 1.0.0,16,ok
090972,per090972_1911_17387,13,0,0,,,triagem/nome-caixa-conversao 1.0.0,16,ok
090972,per090972_1911_17387,14,0,0,,,triagem/nome-caixa-conversao 1.0.0,16,ok
090972,per090972_1911_17388,1,0,0,,,triagem/nome-caixa-conversao 1.0.0,16,ok
090972,per090972_1911_17388,2,0,0,,,triagem/nome-caixa-conversao 1.0.0,16,ok
090972,per090972_1911_17388,3,0,0,,,triagem/nome-caixa-conversao 1.0.0,16,ok
090972,per090972_1911_17388,4,0,0,,,triagem/nome-caixa-conversao 1.0.0,16,ok
090972,per090972_1911_17388,5,0,0,,,triagem/nome-caixa-conversao 1.0.0,16,ok
090972,per090972_1911_17388,6,0,0,,,triagem/nome-caixa-conversao 1.0.0,16,ok
090972,per090972_1911_17388,7,0,0,,,triagem/nome-caixa-conversao 1.0.0,16,ok
090972,per090972_1911_17388,8,0,0,,,triagem/nome-caixa-conversao 1.0.0,16,ok
090972,per090972_1911_17388,9,0,0,,,triagem/nome-caixa-conversao 1.0.0,16,ok
090972,per090972_1911_17388,10,0,0,,,triagem/nome-caixa-conversao 1.0.0,16,ok
090972,per090972_1911_17388,11,0,0,,,triagem/nome-caixa-conversao 1.0.0,16,ok
090972,per090972_1911_17388,12,0,0,,,triagem/nome-caixa-conversao 1.0.0,16,ok
090972,per090972_1911_17388,13,0,0,,,triagem/nome-caixa-conversao 1.0.0,16,ok
090972,per090972_1911_17388,14,0,0,,,triagem/nome-caixa-conversao 1.0.0,16,ok
090972,per090972_1911_17388,15,0,0,,,triagem/nome-caixa-conversao 1.0.0,16,ok
090972,per090972_1911_17388,16,0,0,,,triagem/nome-caixa-conversao 1.0.0,16,ok
090972,per090972_1911_17388,17,0,0,,,triagem/nome-caixa-conversao 1.0.0,16,ok
090972,per090972_1911_17388,18,0,0,,,triagem/nome-caixa-conversao 1.0.0,16,ok
090972,per090972_1911_17389,1,1,1,caixa de conver,29106,triagem/nome-caixa-conversao 1.0.0,16,ok
090972,per090972_1911_17389,2,0,0,,,triagem/nome-caixa-conversao 1.0.0,16,ok
090972,per090972_1911_17389,3,0,0,,,triagem/nome-caixa-conversao 1.0.0,16,ok
090972,per090972_1911_17389,4,0,0,,,triagem/nome-caixa-conversao 1.0.0,16,ok
090972,per090972_1911_17389,5,0,0,,,triagem/nome-caixa-conversao 1.0.0,16,ok
090972,per090972_1911_17389,6,0,0,,,triagem/nome-caixa-conversao 1.0.0,16,ok
090972,per090972_1911_17389,7,0,0,,,triagem/nome-caixa-conversao 1.0.0,16,ok
090972,per090972_1911_17389,8,0,0,,,triagem/nome-caixa-conversao 1.0.0,16,ok
090972,per090972_1911_17389,9,0,0,,,triagem/nome-caixa-conversao 1.0.0,16,ok
090972,per090972_1911_17389,10,0,0,,,triagem/nome-caixa-conversao 1.0.0,16,ok
090972,per090972_1911_17389,11,0,0,,,triagem/nome-caixa-conversao 1.0.0,16,ok
090972,per090972_1911_17389,12,0,0,,,triagem/nome-caixa-conversao 1.0.0,16,ok
090972,per090972_1911_17389,13,0,0,,,triagem/nome-caixa-conversao 1.0.0,16,ok
090972,per090972_1911_17389,14,0,0,,,triagem/nome-caixa-conversao 1.0.0,16,ok
090972,per090972_1911_17389,15,0,0,,,triagem/nome-caixa-conversao 1.0.0,16,ok
090972,per090972_1911_17389,16,0,0,,,triagem/nome-caixa-conversao 1.0.0,16,ok
090972,per090972_1911_17390,1,0,0,,,triagem/nome-caixa-conversao 1.0.0,16,ok
090972,per090972_1911_17390,2,0,0,,,triagem/nome-caixa-conversao 1.0.0,16,ok
090972,per090972_1911_17390,3,0,0,,,triagem/nome-caixa-conversao 1.0.0,16,ok
090972,per090972_1911_17390,4,0,0,,,triagem/nome-caixa-conversao 1.0.0,16,ok
090972,per090972_1911_17390,5,0,0,,,triagem/nome-caixa-conversao 1.0.0,16,ok
090972,per090972_1911_17390,6,1,1,caixa de conver,15330,triagem/nome-caixa-conversao 1.0.0,16,ok
090972,per090972_1911_17390,7,0,0,,,triagem/nome-caixa-conversao 1.0.0,16,ok
090972,per090972_1911_17390,8,0,0,,,triagem/nome-caixa-conversao 1.0.0,16,ok
090972,per090972_1911_17390,9,0,0,,,triagem/nome-caixa-conversao 1.0.0,16,ok
090972,per090972_1911_17390,10,0,0,,,triagem/nome-caixa-conversao 1.0.0,16,ok
090972,per090972_1911_17390,11,0,0,,,triagem/nome-caixa-conversao 1.0.0,16,ok
090972,per090972_1911_17390,12,0,0,,,triagem/nome-caixa-conversao 1.0.0,16,ok
090972,per090972_1911_17390,13,0,0,,,triagem/nome-caixa-conversao 1.0.0,16,ok
090972,per090972_1911_17390,14,0,0,,,triagem/nome-caixa-conversao 1.0.0,16,ok
090972,per090972_1911_17390,15,0,0,,,triagem/nome-caixa-conversao 1.0.0,16,ok
090972,per090972_1911_17390,16,0,0,,,triagem/nome-caixa-conversao 1.0.0,16,ok
090972,per090972_1911_17391,1,0,0,,,triagem/nome-caixa-conversao 1.0.0,16,ok
090972,per090972_1911_17391,2,0,0,,,triagem/nome-caixa-conversao 1.0.0,16,ok
090972,per090972_1911_17391,3,0,0,,,triagem/nome-caixa-conversao 1.0.0,16,ok
090972,per090972_1911_17391,4,0,0,,,triagem/nome-caixa-conversao 1.0.0,16,ok
090972,per090972_1911_17391,5,0,0,,,triagem/nome-caixa-conversao 1.0.0,16,ok
090972,per090972_1911_17391,6,0,0,,,triagem/nome-caixa-conversao 1.0.0,16,ok
090972,per090972_1911_17391,7,0,0,,,triagem/nome-caixa-conversao 1.0.0,16,ok
090972,per090972_1911_17391,8,0,0,,,triagem/nome-caixa-conversao 1.0.0,16,ok
090972,per090972_1911_17391,9,0,0,,,triagem/nome-caixa-conversao 1.0.0,16,ok
090972,per090972_1911_17391,10,0,0,,,triagem/nome-caixa-conversao 1.0.0,16,ok
090972,per090972_1911_17391,11,0,0,,,triagem/nome-caixa-conversao 1.0.0,16,ok
090972,per090972_1911_17391,12,0,0,,,triagem/nome-caixa-conversao 1.0.0,16,ok
090972,per090972_1911_17392,1,0,0,,,triagem/nome-caixa-conversao 1.0.0,16,ok
090972,per090972_1911_17392,2,0,0,,,triagem/nome-caixa-conversao 1.0.0,16,ok
090972,per090972_1911_17392,3,0,0,,,triagem/nome-caixa-conversao 1.0.0,16,ok
090972,per090972_1911_17392,4,0,0,,,triagem/nome-caixa-conversao 1.0.0,16,ok
090972,per090972_1911_17392,5,0,0,,,triagem/nome-caixa-conversao 1.0.0,16,ok
090972,per090972_1911_17392,6,0,0,,,triagem/nome-caixa-conversao 1.0.0,16,ok
090972,per090972_1911_17392,7,0,0,,,triagem/nome-caixa-conversao 1.0.0,16,ok
090972,per090972_1911_17392,8,0,0,,,triagem/nome-caixa-conversao 1.0.0,16,ok
090972,per090972_1911_17392,9,0,0,,,triagem/nome-caixa-conversao 1.0.0,16,ok
090972,per090972_1911_17392,10,0,0,,,triagem/nome-caixa-conversao 1.0.0,16,ok
090972,per090972_1911_17392,11,0,0,,,triagem/nome-caixa-conversao 1.0.0,16,ok
090972,per090972_1911_17392,12,0,0,,,triagem/nome-caixa-conversao 1.0.0,16,ok
090972,per090972_1911_17393,1,0,0,,,triagem/nome-caixa-conversao 1.0.0,16,ok
090972,per090972_1911_17393,2,0,0,,,triagem/nome-caixa-conversao 1.0.0,16,ok
090972,per090972_1911_17393,3,0,0,,,triagem/nome-caixa-conversao 1.0.0,16,ok
090972,per090972_1911_17393,4,0,0,,,triagem/nome-caixa-conversao 1.0.0,16,ok
090972,per090972_1911_17393,5,0,0,,,triagem/nome-caixa-conversao 1.0.0,16,ok
090972,per090972_1911_17393,6,0,0,,,triagem/nome-caixa-conversao 1.0.0,16,ok
090972,per090972_1911_17393,7,0,0,,,triagem/nome-caixa-conversao 1.0.0,16,ok
090972,per090972_1911_17393,8,0,0,,,triagem/nome-caixa-conversao 1.0.0,16,ok
090972,per090972_1911_17393,9,0,0,,,triagem/nome-caixa-conversao 1.0.0,16,ok
090972,per090972_1911_17393,10,0,0,,,triagem/nome-caixa-conversao 1.0.0,16,ok
090972,per090972_1911_17393,11,0,0,,,triagem/nome-caixa-conversao 1.0.0,16,ok
090972,per090972_1911_17393,12,0,0,,,triagem/nome-caixa-conversao 1.0.0,16,ok
090972,per090972_1911_17394,1,0,0,,,triagem/nome-caixa-conversao 1.0.0,16,ok
090972,per090972_1911_17394,2,0,0,,,triagem/nome-caixa-conversao 1.0.0,16,ok
090972,per090972_1911_17394,3,0,0,,,triagem/nome-caixa-conversao 1.0.0,16,ok
090972,per090972_1911_17394,4,0,0,,,triagem/nome-caixa-conversao 1.0.0,16,ok
090972,per090972_1911_17394,5,0,0,,,triagem/nome-caixa-conversao 1.0.0,16,ok
090972,per090972_1911_17394,6,0,0,,,triagem/nome-caixa-conversao 1.0.0,16,ok
090972,per090972_1911_17394,7,0,0,,,triagem/nome-caixa-conversao 1.0.0,16,ok
090972,per090972_1911_17394,8,0,0,,,triagem/nome-caixa-conversao 1.0.0,16,ok
090972,per090972_1911_17394,9,0,0,,,triagem/nome-caixa-conversao 1.0.0,16,ok
090972,per090972_1911_17394,10,0,0,,,triagem/nome-caixa-conversao 1.0.0,16,ok
090972,per090972_1911_17394,11,0,0,,,triagem/nome-caixa-conversao 1.0.0,16,ok
090972,per090972_1911_17394,12,0,0,,,triagem/nome-caixa-conversao 1.0.0,16,ok
090972,per090972_1911_17394,13,0,0,,,triagem/nome-caixa-conversao 1.0.0,16,ok
090972,per090972_1911_17394,14,0,0,,,triagem/nome-caixa-conversao 1.0.0,16,ok
