bib,source_identifier,page_number,hit,n_matches,primeiro_span_texto,primeiro_span_offset,regra_versao,extraction_run_id,result_status
178691,per178691_1911_09584,1,0,0,,,triagem/nome-caixa-conversao 1.0.0,32,ok
178691,per178691_1911_09584,2,1,1,caixa de conver,20032,triagem/nome-caixa-conversao 1.0.0,32,ok
178691,per178691_1911_09584,3,0,0,,,triagem/nome-caixa-conversao 1.0.0,32,ok
178691,per178691_1911_09584,4,0,0,,,triagem/nome-caixa-conversao 1.0.0,32,ok
178691,per178691_1911_09584,5,0,0,,,triagem/nome-caixa-conversao 1.0.0,32,ok
178691,per178691_1911_09584,6,0,0,,,triagem/nome-caixa-conversao 1.0.0,32,ok
178691,per178691_1911_09584,7,0,0,,,triagem/nome-caixa-conversao 1.0.0,32,ok
178691,per178691_1911_09584,8,0,0,,,triagem/nome-caixa-conversao 1.0.0,32,ok
178691,per178691_1911_09584,9,0,0,,,triagem/nome-caixa-conversao 1.0.0,32,ok
178691,per178691_1911_09584,10,0,0,,,triagem/nome-caixa-conversao 1.0.0,32,ok
178691,per178691_1911_09584,11,0,0,,,triagem/nome-caixa-conversao 1.0.0,32,ok
178691,per178691_1911_09584,12,0,0,,,triagem/nome-caixa-conversao 1.0.0,32,ok
178691,per178691_1911_09584,13,0,0,,,triagem/nome-caixa-conversao 1.0.0,32,ok
178691,per178691_1911_09584,14,0,0,,,triagem/nome-caixa-conversao 1.0.0,32,ok
178691,per178691_1911_09584,15,0,0,,,triagem/nome-caixa-conversao 1.0.0,32,ok
178691,per178691_1911_09584,16,0,0,,,triagem/nome-caixa-conversao 1.0.0,32,ok
178691,per178691_1911_09584,17,0,0,,,triagem/nome-caixa-conversao 1.0.0,32,ok
178691,per178691_1911_09584,18,0,0,,,triagem/nome-caixa-conversao 1.0.0,32,ok
178691,per178691_1911_09584,19,0,0,,,triagem/nome-caixa-conversao 1.0.0,32,ok
178691,per178691_1911_09584,20,0,0,,,triagem/nome-caixa-conversao 1.0.0,32,ok
178691,per178691_1911_09584,21,0,0,,,triagem/nome-caixa-conversao 1.0.0,32,ok
178691,per178691_1911_09584,22,0,0,,,triagem/nome-caixa-conversao 1.0.0,32,ok
178691,per178691_1911_09584,23,0,0,,,triagem/nome-caixa-conversao 1.0.0,32,ok
178691,per178691_1911_09584,24,0,0,,,triagem/nome-caixa-conversao 1.0.0,32,ok
178691,per178691_1911_09585,1,0,0,,,triagem/nome-caixa-conversao 1.0.0,32,ok
178691,per178691_1911_09585,2,0,0,,,triagem/nome-caixa-conversao 1.0.0,32,ok
178691,per178691_1911_09585,3,0,0,,,triagem/nome-caixa-conversao 1.0.0,32,ok
178691,per178691_1911_09585,4,0,0,,,triagem/nome-caixa-conversao 1.0.0,32,ok
178691,per178691_1911_09585,5,0,0,,,triagem/nome-caixa-conversao 1.0.0,32,ok
178691,per178691_1911_09585,6,0,0,,,triagem/nome-caixa-conversao 1.0.0,32,ok
178691,per178691_1911_09585,7,0,0,,,triagem/nome-caixa-conversao 1.0.0,32,ok
178691,per178691_1911_09585,8,0,0,,,triagem/nome-caixa-conversao 1.0.0,32,ok
178691,per178691_1911_09586,1,0,0,,,triagem/nome-caixa-conversao 1.0.0,32,ok
178691,per178691_1911_09586,2,0,0,,,triagem/nome-caixa-conversao 1.0.0,32,ok
178691,per178691_1911_09586,3,0,0,,,triagem/nome-caixa-conversao 1.0.0,32,ok
178691,per178691_1911_09586,4,0,0,,,triagem/nome-caixa-conversao 1.0.0,32,ok
178691,per178691_1911_09586,5,0,0,,,triagem/nome-caixa-conversao 1.0.0,32,ok
178691,per178691_1911_09586,6,0,0,,,triagem/nome-caixa-conversao 1.0.0,32,ok
178691,per178691_1911_09586,7,1,1,caixa do conver,15311,triagem/nome-caixa-conversao 1.0.0,32,ok
178691,per178691_1911_09586,8,0,0,,,triagem/nome-caixa-conversao 1.0.0,32,ok
178691,per178691_1911_09586,9,0,0,,,triagem/nome-caixa-conversao 1.0.0,32,ok
178691,per178691_1911_09586,10,0,0,,,triagem/nome-caixa-conversao 1.0.0,32,ok
178691,per178691_1911_09586,11,0,0,,,triagem/nome-caixa-conversao 1.0.0,32,ok
178691,per178691_1911_09586,12,0,0,,,triagem/nome-caixa-conversao 1.0.0,32,ok
178691,per178691_1911_09587,1,0,0,,,triagem/nome-caixa-conversao 1.0.0,32,ok
178691,per178691_1911_09587,2,0,0,,,triagem/nome-caixa-conversao 1.0.0,32,ok
178691,per178691_1911_09587,3,0,0,,,triagem/nome-caixa-conversao 1.0.0,32,ok
178691,per178691_1911_09587,4,0,0,,,triagem/nome-caixa-conversao 1.0.0,32,ok
178691,per178691_1911_09587,5,0,0,,,triagem/nome-caixa-conversao 1.0.0,32,ok
178691,per178691_1911_09587,6,1,1,caixa de conver,14449,triagem/nome-caixa-conversao 1.0.0,32,ok
178691,per178691_1911_09587,7,0,0,,,triagem/nome-caixa-conversao 1.0.0,32,ok
178691,per178691_1911_09587,8,0,0,,,triagem/nome-caixa-conversao 1.0.0,32,ok
178691,per178691_1911_09587,9,0,0,,,triagem/nome-caixa-conversao 1.0.0,32,ok
178691,per178691_1911_09587,10,0,0,,,triagem/nome-caixa-conversao 1.0.0,32,ok
178691,per178691_1911_09587,11,0,0,,,triagem/nome-caixa-conversao 1.0.0,32,ok
178691,per178691_1911_09587,12,0,0,,,triagem/nome-caixa-conversao 1.0.0,32,ok
178691,per178691_1911_09588,1,0,0,,,triagem/nome-caixa-conversao 1.0.0,32,ok
178691,per178691_1911_09588,2,0,0,,,triagem/nome-caixa-conversao 1.0.0,32,ok
178691,per178691_1911_09588,3,0,0,,,triagem/nome-caixa-conversao 1.0.0,32,ok
178691,per178691_1911_09588,4,0,0,,,triagem/nome-caixa-conversao 1.0.0,32,ok
178691,per178691_1911_09588,5,0,0,,,triagem/nome-caixa-conversao 1.0.0,32,ok
178691,per178691_1911_09588,6,0,0,,,triagem/nome-caixa-conversao 1.0.0,32,ok
178691,per178691_1911_09588,7,0,0,,,triagem/nome-caixa-conversao 1.0.0,32,ok
178691,per178691_1911_09588,8,0,0,,,triagem/nome-caixa-conversao 1.0.0,32,ok
178691,per178691_1911_09588,9,0,0,,,triagem/nome-caixa-conversao 1.0.0,32,ok
178691,per178691_1911_09588,10,0,0,,,triagem/nome-caixa-conversao 1.0.0,32,ok
178691,per178691_1911_09588,11,0,0,,,triagem/nome-caixa-conversao 1.0.0,32,ok
178691,per178691_1911_09588,12,0,0,,,triagem/nome-caixa-conversao 1.0.0,32,ok
178691,per178691_1911_09588,13,0,0,,,triagem/nome-caixa-conversao 1.0.0,32,ok
178691,per178691_1911_09588,14,0,0,,,triagem/nome-caixa-conversao 1.0.0,32,ok
178691,per178691_1911_09588,15,0,0,,,triagem/nome-caixa-conversao 1.0.0,32,ok
178691,per178691_1911_09588,16,0,0,,,triagem/nome-caixa-conversao 1.0.0,32,ok
178691,per178691_1911_09589,1,0,0,,,triagem/nome-caixa-conversao 1.0.0,32,ok
178691,per178691_1911_09589,2,1,3,caixa de conver,13780,triagem/nome-caixa-conversao 1.0.0,32,ok
178691,per178691_1911_09589,3,0,0,,,triagem/nome-caixa-conversao 1.0.0,32,ok
178691,per178691_1911_09589,4,0,0,,,triagem/nome-caixa-conversao 1.0.0,32,ok
178691,per178691_1911_09589,5,1,1,caixa de conver,38852,triagem/nome-caixa-conversao 1.0.0,32,ok
178691,per178691_1911_09589,6,0,0,,,triagem/nome-caixa-conversao 1.0.0,32,ok
178691,per178691_1911_09589,7,0,0,,,triagem/nome-caixa-conversao 1.0.0,32,ok
178691,per178691_1911_09589,8,0,0,,,triagem/nome-caixa-conversao 1.0.0,32,ok
178691,per178691_1911_09589,9,0,0,,,triagem/nome-caixa-conversao 1.0.0,32,ok
178691,per178691_1911_09589,10,0,0,,,triagem/nome-caixa-conversao 1.0.0,32,ok
178691,per178691_1911_09589,11,0,0,,,triagem/nome-caixa-conversao 1.0.0,32,ok
178691,per178691_1911_09589,12,0,0,,,triagem/nome-caixa-conversao 1.0.0,32,ok
178691,per178691_1911_09590,1,0,0,,,triagem/nome-caixa-conversao 1.0.0,32,ok
178691,per178691_1911_09590,2,0,0,,,triagem/nome-caixa-conversao 1.0.0,32,ok
178691,per178691_1911_09590,3,0,0,,,triagem/nome-caixa-conversao 1.0.0,32,ok
178691,per178691_1911_09590,4,1,1,caixa doconver,34729,triagem/nome-caixa-conversao 1.0.0,32,ok
178691,per178691_1911_09590,5,0,0,,,triagem/nome-caixa-conversao 1.0.0,32,ok
178691,per178691_1911_09590,6,0,0,,,triagem/nome-caixa-conversao 1.0.0,32,ok
178691,per178691_1911_09590,7,0,0,,,triagem/nome-caixa-conversao 1.0.0,32,ok
178691,per178691_1911_09590,8,0,0,,,triagem/nome-caixa-conversao 1.0.0,32,ok
178691,per178691_1911_09590,9,0,0,,,triagem/nome-caixa-conversao 1.0.0,32,ok
178691,per178691_1911_09590,10,0,0,,,triagem/nome-caixa-conversao 1.0.0,32,ok
178691,per178691_1911_09591,1,0,0,,,triagem/nome-caixa-conversao 1.0.0,32,ok
178691,per178691_1911_09591,2,1,2,caixade conver,39884,triagem/nome-caixa-conversao 1.0.0,32,ok
178691,per178691_1911_09591,3,0,0,,,triagem/nome-caixa-conversao 1.0.0,32,ok
178691,per178691_1911_09591,4,0,0,,,triagem/nome-caixa-conversao 1.0.0,32,ok
178691,per178691_1911_09591,5,0,0,,,triagem/nome-caixa-conversao 1.0.0,32,ok
178691,per178691_1911_09591,6,0,0,,,triagem/nome-caixa-conversao 1.0.0,32,ok
178691,per178691_1911_09591,7,0,0,,,triagem/nome-caixa-conversao 1.0.0,32,ok
178691,per178691_1911_09591,8,0,0,,,triagem/nome-caixa-conversao 1.0.0,32,ok
178691,per178691_1911_09591,9,0,0,,,triagem/nome-caixa-conversao 1.0.0,32,ok
178691,per178691_1911_09591,10,1,1,caixa de conver,8697,triagem/nome-caixa-conversao 1.0.0,32,ok
178691,per178691_1911_09591,11,0,0,,,triagem/nome-caixa-conversao 1.0.0,32,ok
178691,per178691_1911_09591,12,0,0,,,triagem/nome-caixa-conversao 1.0.0,32,ok
178691,per178691_1911_09591,13,0,0,,,triagem/nome-caixa-conversao 1.0.0,32,ok
178691,per178691_1911_09591,14,0,0,,,triagem/nome-caixa-conversao 1.0.0,32,ok
178691,per178691_1911_09591,15,0,0,,,triagem/nome-caixa-conversao 1.0.0,32,ok
178691,per178691_1911_09591,16,0,0,,,triagem/nome-caixa-conversao 1.0.0,32,ok
178691,per178691_1911_09592,1,0,0,,,triagem/nome-caixa-conversao 1.0.0,32,ok
178691,per178691_1911_09592,2,0,0,,,triagem/nome-caixa-conversao 1.0.0,32,ok
178691,per178691_1911_09592,3,0,0,,,triagem/nome-caixa-conversao 1.0.0,32,ok
178691,per178691_1911_09592,4,0,0,,,triagem/nome-caixa-conversao 1.0.0,32,ok
178691,per178691_1911_09592,5,0,0,,,triagem/nome-caixa-conversao 1.0.0,32,ok
178691,per178691_1911_09592,6,0,0,,,triagem/nome-caixa-conversao 1.0.0,32,ok
178691,per178691_1911_09592,7,0,0,,,triagem/nome-caixa-conversao 1.0.0,32,ok
178691,per178691_1911_09592,8,0,0,,,triagem/nome-caixa-conversao 1.0.0,32,ok
178691,per178691_1911_09592,9,0,0,,,triagem/nome-caixa-conversao 1.0.0,32,ok
178691,per178691_1911_09592,10,0,0,,,triagem/nome-caixa-conversao 1.0.0,32,ok
178691,per178691_1911_09593,1,1,1,caixa de conver,35849,triagem/nome-caixa-conversao 1.0.0,32,ok
178691,per178691_1911_09593,2,1,1,caixa de conver,22935,triagem/nome-caixa-conversao 1.0.0,32,ok
178691,per178691_1911_09593,3,0,0,,,triagem/nome-caixa-conversao 1.0.0,32,ok
178691,per178691_1911_09593,4,0,0,,,triagem/nome-caixa-conversao 1.0.0,32,ok
178691,per178691_1911_09593,5,0,0,,,triagem/nome-caixa-conversao 1.0.0,32,ok
178691,per178691_1911_09593,6,1,1,caixa de conver,42011,triagem/nome-caixa-conversao 1.0.0,32,ok
178691,per178691_1911_09593,7,0,0,,,triagem/nome-caixa-conversao 1.0.0,32,ok
178691,per178691_1911_09593,8,0,0,,,triagem/nome-caixa-conversao 1.0.0,32,ok
178691,per178691_1911_09593,9,0,0,,,triagem/nome-caixa-conversao 1.0.0,32,ok
178691,per178691_1911_09593,10,0,0,,,triagem/nome-caixa-conversao 1.0.0,32,ok
178691,per178691_1911_09593,11,0,0,,,triagem/nome-caixa-conversao 1.0.0,32,ok
178691,per178691_1911_09593,12,0,0,,,triagem/nome-caixa-conversao 1.0.0,32,ok
178691,per178691_1911_09594,1,0,0,,,triagem/nome-caixa-conversao 1.0.0,32,ok
178691,per178691_1911_09594,2,1,1,caixa de conver,22887,triagem/nome-caixa-conversao 1.0.0,32,ok
178691,per178691_1911_09594,3,0,0,,,triagem/nome-caixa-conversao 1.0.0,32,ok
178691,per178691_1911_09594,4,1,1,caixa de conver,7445,triagem/nome-caixa-conversao 1.0.0,32,ok
178691,per178691_1911_09594,5,0,0,,,triagem/nome-caixa-conversao 1.0.0,32,ok
178691,per178691_1911_09594,6,0,0,,,triagem/nome-caixa-conversao 1.0.0,32,ok
178691,per178691_1911_09594,7,0,0,,,triagem/nome-caixa-conversao 1.0.0,32,ok
178691,per178691_1911_09594,8,1,1,caixa de conver,37609,triagem/nome-caixa-conversao 1.0.0,32,ok
178691,per178691_1911_09594,9,0,0,,,triagem/nome-caixa-conversao 1.0.0,32,ok
178691,per178691_1911_09594,10,0,0,,,triagem/nome-caixa-conversao 1.0.0,32,ok
178691,per178691_1911_09594,11,0,0,,,triagem/nome-caixa-conversao 1.0.0,32,ok
178691,per178691_1911_09594,12,0,0,,,triagem/nome-caixa-conversao 1.0.0,32,ok
178691,per178691_1911_09595,1,1,1,caixa de conver,16430,triagem/nome-caixa-conversao 1.0.0,32,ok
178691,per178691_1911_09595,2,0,0,,,triagem/nome-caixa-conversao 1.0.0,32,ok
178691,per178691_1911_09595,3,1,4,caixade conver,31965,triagem/nome-caixa-conversao 1.0.0,32,ok
178691,per178691_1911_09595,4,0,0,,,triagem/nome-caixa-conversao 1.0.0,32,ok
178691,per178691_1911_09595,5,0,0,,,triagem/nome-caixa-conversao 1.0.0,32,ok
178691,per178691_1911_09595,6,0,0,,,triagem/nome-caixa-conversao 1.0.0,32,ok
178691,per178691_1911_09595,7,1,1,caixa de conver,38195,triagem/nome-caixa-conversao 1.0.0,32,ok
178691,per178691_1911_09595,8,0,0,,,triagem/nome-caixa-conversao 1.0.0,32,ok
178691,per178691_1911_09595,9,0,0,,,triagem/nome-caixa-conversao 1.0.0,32,ok
178691,per178691_1911_09595,10,0,0,,,triagem/nome-caixa-conversao 1.0.0,32,ok
178691,per178691_1911_09595,11,0,0,,,triagem/nome-caixa-conversao 1.0.0,32,ok
178691,per178691_1911_09595,12,0,0,,,triagem/nome-caixa-conversao 1.0.0,32,ok
178691,per178691_1911_09595,13,0,0,,,triagem/nome-caixa-conversao 1.0.0,32,ok
178691,per178691_1911_09595,14,0,0,,,triagem/nome-caixa-conversao 1.0.0,32,ok
178691,per178691_1911_09595,15,0,0,,,triagem/nome-caixa-conversao 1.0.0,32,ok
178691,per178691_1911_09595,16,0,0,,,triagem/nome-caixa-conversao 1.0.0,32,ok
178691,per178691_1911_09596,1,0,0,,,triagem/nome-caixa-conversao 1.0.0,32,ok
178691,per178691_1911_09596,2,0,0,,,triagem/nome-caixa-conversao 1.0.0,32,ok
178691,per178691_1911_09596,3,0,0,,,triagem/nome-caixa-conversao 1.0.0,32,ok
178691,per178691_1911_09596,4,0,0,,,triagem/nome-caixa-conversao 1.0.0,32,ok
178691,per178691_1911_09596,5,0,0,,,triagem/nome-caixa-conversao 1.0.0,32,ok
178691,per178691_1911_09596,6,0,0,,,triagem/nome-caixa-conversao 1.0.0,32,ok
178691,per178691_1911_09596,7,0,0,,,triagem/nome-caixa-conversao 1.0.0,32,ok
178691,per178691_1911_09596,8,1,1,caixa deconver,16761,triagem/nome-caixa-conversao 1.0.0,32,ok
178691,per178691_1911_09596,9,0,0,,,triagem/nome-caixa-conversao 1.0.0,32,ok
178691,per178691_1911_09596,10,0,0,,,triagem/nome-caixa-conversao 1.0.0,32,ok
178691,per178691_1911_09596,11,0,0,,,triagem/nome-caixa-conversao 1.0.0,32,ok
178691,per178691_1911_09596,12,0,0,,,triagem/nome-caixa-conversao 1.0.0,32,ok
178691,per178691_1911_09597,1,0,0,,,triagem/nome-caixa-conversao 1.0.0,32,ok
178691,per178691_1911_09597,2,0,0,,,triagem/nome-caixa-conversao 1.0.0,32,ok
178691,per178691_1911_09597,3,0,0,,,triagem/nome-caixa-conversao 1.0.0,32,ok
178691,per178691_1911_09597,4,1,1,caixa de conver,11457,triagem/nome-caixa-conversao 1.0.0,32,ok
178691,per178691_1911_09597,5,0,0,,,triagem/nome-caixa-conversao 1.0.0,32,ok
178691,per178691_1911_09597,6,0,0,,,triagem/nome-caixa-conversao 1.0.0,32,ok
178691,per178691_1911_09597,7,1,1,caixa de conver,28035,triagem/nome-caixa-conversao 1.0.0,32,ok
178691,per178691_1911_09597,8,0,0,,,triagem/nome-caixa-conversao 1.0.0,32,ok
178691,per178691_1911_09597,9,0,0,,,triagem/nome-caixa-conversao 1.0.0,32,ok
178691,per178691_1911_09597,10,0,0,,,triagem/nome-caixa-conversao 1.0.0,32,ok
178691,per178691_1911_09597,11,0,0,,,triagem/nome-caixa-conversao 1.0.0,32,ok
178691,per178691_1911_09597,12,0,0,,,triagem/nome-caixa-conversao 1.0.0,32,ok
178691,per178691_1911_09598,1,1,1,caixa de conver,33653,triagem/nome-caixa-conversao 1.0.0,32,ok
178691,per178691_1911_09598,2,0,0,,,triagem/nome-caixa-conversao 1.0.0,32,ok
178691,per178691_1911_09598,3,0,0,,,triagem/nome-caixa-conversao 1.0.0,32,ok
178691,per178691_1911_09598,4,0,0,,,triagem/nome-caixa-conversao 1.0.0,32,ok
178691,per178691_1911_09598,5,0,0,,,triagem/nome-caixa-conversao 1.0.0,32,ok
178691,per178691_1911_09598,6,0,0,,,triagem/nome-caixa-conversao 1.0.0,32,ok
178691,per178691_1911_09598,7,1,1,caixa de conver,45641,triagem/nome-caixa-conversao 1.0.0,32,ok
178691,per178691_1911_09598,8,0,0,,,triagem/nome-caixa-conversao 1.0.0,32,ok
178691,per178691_1911_09598,9,0,0,,,triagem/nome-caixa-conversao 1.0.0,32,ok
178691,per178691_1911_09598,10,0,0,,,triagem/nome-caixa-conversao 1.0.0,32,ok
178691,per178691_1911_09598,11,0,0,,,triagem/nome-caixa-conversao 1.0.0,32,ok
178691,per178691_1911_09598,12,0,0,,,triagem/nome-caixa-conversao 1.0.0,32,ok
178691,per178691_1911_09598,13,0,0,,,triagem/nome-caixa-conversao 1.0.0,32,ok
178691,per178691_1911_09598,14,0,0,,,triagem/nome-caixa-conversao 1.0.0,32,ok
178691,per178691_1911_09598,15,0,0,,,triagem/nome-caixa-conversao 1.0.0,32,ok
178691,per178691_1911_09598,16,0,0,,,triagem/nome-caixa-conversao 1.0.0,32,ok
178691,per178691_1911_09599,1,0,0,,,triagem/nome-caixa-conversao 1.0.0,32,ok
178691,per178691_1911_09599,2,0,0,,,triagem/nome-caixa-conversao 1.0.0,32,ok
178691,per178691_1911_09599,3,0,0,,,triagem/nome-caixa-conversao 1.0.0,32,ok
178691,per178691_1911_09599,4,0,0,,,triagem/nome-caixa-conversao 1.0.0,32,ok
178691,per178691_1911_09599,5,0,0,,,triagem/nome-caixa-conversao 1.0.0,32,ok
178691,per178691_1911_09599,6,0,0,,,triagem/nome-caixa-conversao 1.0.0,32,ok
178691,per178691_1911_09599,7,0,0,,,triagem/nome-caixa-conversao 1.0.0,32,ok
178691,per178691_1911_09599,8,0,0,,,triagem/nome-caixa-conversao 1.0.0,32,ok
178691,per178691_1911_09599,9,0,0,,,triagem/nome-caixa-conversao 1.0.0,32,ok
178691,per178691_1911_09599,10,0,0,,,triagem/nome-caixa-conversao 1.0.0,32,ok
178691,per178691_1911_09600,1,0,0,,,triagem/nome-caixa-conversao 1.0.0,32,ok
178691,per178691_1911_09600,2,0,0,,,triagem/nome-caixa-conversao 1.0.0,32,ok
178691,per178691_1911_09600,3,0,0,,,triagem/nome-caixa-conversao 1.0.0,32,ok
178691,per178691_1911_09600,4,1,1,caixa de conver,26110,triagem/nome-caixa-conversao 1.0.0,32,ok
178691,per178691_1911_09600,5,0,0,,,triagem/nome-caixa-conversao 1.0.0,32,ok
178691,per178691_1911_09600,6,0,0,,,triagem/nome-caixa-conversao 1.0.0,32,ok
178691,per178691_1911_09600,7,0,0,,,triagem/nome-caixa-conversao 1.0.0,32,ok
178691,per178691_1911_09600,8,0,0,,,triagem/nome-caixa-conversao 1.0.0,32,ok
178691,per178691_1911_09600,9,0,0,,,triagem/nome-caixa-conversao 1.0.0,32,ok
178691,per178691_1911_09600,10,0,0,,,triagem/nome-caixa-conversao 1.0.0,32,ok
178691,per178691_1911_09600,11,0,0,,,triagem/nome-caixa-conversao 1.0.0,32,ok
178691,per178691_1911_09600,12,0,0,,,triagem/nome-caixa-conversao 1.0.0,32,ok
178691,per178691_1911_09601,1,0,0,,,triagem/nome-caixa-conversao 1.0.0,32,ok
178691,per178691_1911_09601,2,1,1,caixa dc conver,21134,triagem/nome-caixa-conversao 1.0.0,32,ok
178691,per178691_1911_09601,3,0,0,,,triagem/nome-caixa-conversao 1.0.0,32,ok
178691,per178691_1911_09601,4,0,0,,,triagem/nome-caixa-conversao 1.0.0,32,ok
178691,per178691_1911_09601,5,1,1,caixa de conver,44999,triagem/nome-caixa-conversao 1.0.0,32,ok
178691,per178691_1911_09601,6,0,0,,,triagem/nome-caixa-conversao 1.0.0,32,ok
178691,per178691_1911_09601,7,0,0,,,triagem/nome-caixa-conversao 1.0.0,32,ok
178691,per178691_1911_09601,8,1,1,caixa de conver,10470,triagem/nome-caixa-conversao 1.0.0,32,ok
178691,per178691_1911_09601,9,0,0,,,triagem/nome-caixa-conversao 1.0.0,32,ok
178691,per178691_1911_09601,10,0,0,,,triagem/nome-caixa-conversao 1.0.0,32,ok
178691,per178691_1911_09601,11,0,0,,,triagem/nome-caixa-conversao 1.0.0,32,ok
178691,per178691_1911_09601,12,0,0,,,triagem/nome-caixa-conversao 1.0.0,32,ok
178691,per178691_1911_09602,1,0,0,,,triagem/nome-caixa-conversao 1.0.0,32,ok
178691,per178691_1911_09602,2,0,0,,,triagem/nome-caixa-conversao 1.0.0,32,ok
178691,per178691_1911_09602,3,0,0,,,triagem/nome-caixa-conversao 1.0.0,32,ok
178691,per178691_1911_09602,4,0,0,,,triagem/nome-caixa-conversao 1.0.0,32,ok
178691,per178691_1911_09602,5,0,0,,,triagem/nome-caixa-conversao 1.0.0,32,ok
178691,per178691_1911_09602,6,0,0,,,triagem/nome-caixa-conversao 1.0.0,32,ok
178691,per178691_1911_09602,7,0,0,,,triagem/nome-caixa-conversao 1.0.0,32,ok
178691,per178691_1911_09602,8,1,1,caixa daconver,46432,triagem/nome-caixa-conversao 1.0.0,32,ok
178691,per178691_1911_09602,9,0,0,,,triagem/nome-caixa-conversao 1.0.0,32,ok
178691,per178691_1911_09602,10,0,0,,,triagem/nome-caixa-conversao 1.0.0,32,ok
178691,per178691_1911_09602,11,0,0,,,triagem/nome-caixa-conversao 1.0.0,32,ok
178691,per178691_1911_09602,12,0,0,,,triagem/nome-caixa-conversao 1.0.0,32,ok
178691,per178691_1911_09602,13,0,0,,,triagem/nome-caixa-conversao 1.0.0,32,ok
178691,per178691_1911_09602,14,0,0,,,triagem/nome-caixa-conversao 1.0.0,32,ok
178691,per178691_1911_09602,15,0,0,,,triagem/nome-caixa-conversao 1.0.0,32,ok
178691,per178691_1911_09602,16,0,0,,,triagem/nome-caixa-conversao 1.0.0,32,ok
178691,per178691_1911_09603,1,0,0,,,triagem/nome-caixa-conversao 1.0.0,32,ok
178691,per178691_1911_09603,2,1,1,caixa de conver,9186,triagem/nome-caixa-conversao 1.0.0,32,ok
178691,per178691_1911_09603,3,0,0,,,triagem/nome-caixa-conversao 1.0.0,32,ok
178691,per178691_1911_09603,4,0,0,,,triagem/nome-caixa-conversao 1.0.0,32,ok
178691,per178691_1911_09603,5,0,0,,,triagem/nome-caixa-conversao 1.0.0,32,ok
178691,per178691_1911_09603,6,1,1,caixa de conver,26809,triagem/nome-caixa-conversao 1.0.0,32,ok
178691,per178691_1911_09603,7,0,0,,,triagem/nome-caixa-conversao 1.0.0,32,ok
178691,per178691_1911_09603,8,0,0,,,triagem/nome-caixa-conversao 1.0.0,32,ok
178691,per178691_1911_09603,9,0,0,,,triagem/nome-caixa-conversao 1.0.0,32,ok
178691,per178691_1911_09603,10,0,0,,,triagem/nome-caixa-conversao 1.0.0,32,ok
178691,per178691_1911_09603,11,0,0,,,triagem/nome-caixa-conversao 1.0.0,32,ok
178691,per178691_1911_09603,12,0,0,,,triagem/nome-caixa-conversao 1.0.0,32,ok
178691,per178691_1911_09604,1,0,0,,,triagem/nome-caixa-conversao 1.0.0,32,ok
178691,per178691_1911_09604,2,0,0,,,triagem/nome-caixa-conversao 1.0.0,32,ok
178691,per178691_1911_09604,3,0,0,,,triagem/nome-caixa-conversao 1.0.0,32,ok
178691,per178691_1911_09604,4,1,1,caixa de conver,11224,triagem/nome-caixa-conversao 1.0.0,32,ok
178691,per178691_1911_09604,5,0,0,,,triagem/nome-caixa-conversao 1.0.0,32,ok
178691,per178691_1911_09604,6,0,0,,,triagem/nome-caixa-conversao 1.0.0,32,ok
178691,per178691_1911_09604,7,0,0,,,triagem/nome-caixa-conversao 1.0.0,32,ok
178691,per178691_1911_09604,8,0,0,,,triagem/nome-caixa-conversao 1.0.0,32,ok
178691,per178691_1911_09604,9,0,0,,,triagem/nome-caixa-conversao 1.0.0,32,ok
178691,per178691_1911_09604,10,0,0,,,triagem/nome-caixa-conversao 1.0.0,32,ok
178691,per178691_1911_09604,11,0,0,,,triagem/nome-caixa-conversao 1.0.0,32,ok
178691,per178691_1911_09604,12,0,0,,,triagem/nome-caixa-conversao 1.0.0,32,ok
178691,per178691_1911_09605,1,0,0,,,triagem/nome-caixa-conversao 1.0.0,32,ok
178691,per178691_1911_09605,2,1,2,caixade conver,21610,triagem/nome-caixa-conversao 1.0.0,32,ok
178691,per178691_1911_09605,3,0,0,,,triagem/nome-caixa-conversao 1.0.0,32,ok
178691,per178691_1911_09605,4,0,0,,,triagem/nome-caixa-conversao 1.0.0,32,ok
178691,per178691_1911_09605,5,0,0,,,triagem/nome-caixa-conversao 1.0.0,32,ok
178691,per178691_1911_09605,6,0,0,,,triagem/nome-caixa-conversao 1.0.0,32,ok
178691,per178691_1911_09605,7,1,1,caixa de conver,7376,triagem/nome-caixa-conversao 1.0.0,32,ok
178691,per178691_1911_09605,8,0,0,,,triagem/nome-caixa-conversao 1.0.0,32,ok
178691,per178691_1911_09605,9,0,0,,,triagem/nome-caixa-conversao 1.0.0,32,ok
178691,per178691_1911_09605,10,0,0,,,triagem/nome-caixa-conversao 1.0.0,32,ok
178691,per178691_1911_09605,11,0,0,,,triagem/nome-caixa-conversao 1.0.0,32,ok
178691,per178691_1911_09605,12,0,0,,,triagem/nome-caixa-conversao 1.0.0,32,ok
178691,per178691_1911_09605,13,0,0,,,triagem/nome-caixa-conversao 1.0.0,32,ok
178691,per178691_1911_09605,14,0,0,,,triagem/nome-caixa-conversao 1.0.0,32,ok
178691,per178691_1911_09605,15,0,0,,,triagem/nome-caixa-conversao 1.0.0,32,ok
178691,per178691_1911_09605,16,0,0,,,triagem/nome-caixa-conversao 1.0.0,32,ok
178691,per178691_1911_09606,1,0,0,,,triagem/nome-caixa-conversao 1.0.0,32,ok
178691,per178691_1911_09606,2,0,0,,,triagem/nome-caixa-conversao 1.0.0,32,ok
178691,per178691_1911_09606,3,0,0,,,triagem/nome-caixa-conversao 1.0.0,32,ok
178691,per178691_1911_09606,4,0,0,,,triagem/nome-caixa-conversao 1.0.0,32,ok
178691,per178691_1911_09606,5,0,0,,,triagem/nome-caixa-conversao 1.0.0,32,ok
178691,per178691_1911_09606,6,0,0,,,triagem/nome-caixa-conversao 1.0.0,32,ok
178691,per178691_1911_09606,7,1,1,caixa deconver,15141,triagem/nome-caixa-conversao 1.0.0,32,ok
178691,per178691_1911_09606,8,0,0,,,triagem/nome-caixa-conversao 1.0.0,32,ok
178691,per178691_1911_09606,9,0,0,,,triagem/nome-caixa-conversao 1.0.0,32,ok
178691,per178691_1911_09606,10,0,0,,,triagem/nome-caixa-conversao 1.0.0,32,ok
178691,per178691_1911_09607,1,0,0,,,triagem/nome-caixa-conversao 1.0.0,32,ok
178691,per178691_1911_09607,2,1,2,caixa de conver,25577,triagem/nome-caixa-conversao 1.0.0,32,ok
178691,per178691_1911_09607,3,1,2,caixade conver,4831,triagem/nome-caixa-conversao 1.0.0,32,ok
178691,per178691_1911_09607,4,0,0,,,triagem/nome-caixa-conversao 1.0.0,32,ok
178691,per178691_1911_09607,5,0,0,,,triagem/nome-caixa-conversao 1.0.0,32,ok
178691,per178691_1911_09607,6,0,0,,,triagem/nome-caixa-conversao 1.0.0,32,ok
178691,per178691_1911_09607,7,0,0,,,triagem/nome-caixa-conversao 1.0.0,32,ok
178691,per178691_1911_09607,8,0,0,,,triagem/nome-caixa-conversao 1.0.0,32,ok
178691,per178691_1911_09607,9,0,0,,,triagem/nome-caixa-conversao 1.0.0,32,ok
178691,per178691_1911_09607,10,1,1,caixa de conver,17635,triagem/nome-caixa-conversao 1.0.0,32,ok
178691,per178691_1911_09607,11,1,1,caixa de conver,7776,triagem/nome-caixa-conversao 1.0.0,32,ok
178691,per178691_1911_09607,12,0,0,,,triagem/nome-caixa-conversao 1.0.0,32,ok
178691,per178691_1911_09607,13,0,0,,,triagem/nome-caixa-conversao 1.0.0,32,ok
178691,per178691_1911_09607,14,0,0,,,triagem/nome-caixa-conversao 1.0.0,32,ok
178691,per178691_1911_09607,15,0,0,,,triagem/nome-caixa-conversao 1.0.0,32,ok
178691,per178691_1911_09607,16,0,0,,,triagem/nome-caixa-conversao 1.0.0,32,ok
178691,per178691_1911_09608,1,0,0,,,triagem/nome-caixa-conversao 1.0.0,32,ok
178691,per178691_1911_09608,2,1,1,caixa deconver,23023,triagem/nome-caixa-conversao 1.0.0,32,ok
178691,per178691_1911_09608,3,1,1,caixa de conver,12971,triagem/nome-caixa-conversao 1.0.0,32,ok
178691,per178691_1911_09608,4,0,0,,,triagem/nome-caixa-conversao 1.0.0,32,ok
178691,per178691_1911_09608,5,0,0,,,triagem/nome-caixa-conversao 1.0.0,32,ok
178691,per178691_1911_09608,6,0,0,,,triagem/nome-caixa-conversao 1.0.0,32,ok
178691,per178691_1911_09608,7,0,0,,,triagem/nome-caixa-conversao 1.0.0,32,ok
178691,per178691_1911_09608,8,0,0,,,triagem/nome-caixa-conversao 1.0.0,32,ok
178691,per178691_1911_09608,9,0,0,,,triagem/nome-caixa-conversao 1.0.0,32,ok
178691,per178691_1911_09608,10,0,0,,,triagem/nome-caixa-conversao 1.0.0,32,ok
178691,per178691_1911_09608,11,1,1,caixa de conver,28154,triagem/nome-caixa-conversao 1.0.0,32,ok
178691,per178691_1911_09608,12,0,0,,,triagem/nome-caixa-conversao 1.0.0,32,ok
178691,per178691_1911_09608,13,0,0,,,triagem/nome-caixa-conversao 1.0.0,32,ok
178691,per178691_1911_09608,14,0,0,,,triagem/nome-caixa-conversao 1.0.0,32,ok
178691,per178691_1911_09608,15,0,0,,,triagem/nome-caixa-conversao 1.0.0,32,ok
178691,per178691_1911_09608,16,0,0,,,triagem/nome-caixa-conversao 1.0.0,32,ok
178691,per178691_1911_09609,1,0,0,,,triagem/nome-caixa-conversao 1.0.0,32,ok
178691,per178691_1911_09609,2,0,0,,,triagem/nome-caixa-conversao 1.0.0,32,ok
178691,per178691_1911_09609,3,1,1,caixa de conver,41699,triagem/nome-caixa-conversao 1.0.0,32,ok
178691,per178691_1911_09609,4,0,0,,,triagem/nome-caixa-conversao 1.0.0,32,ok
178691,per178691_1911_09609,5,0,0,,,triagem/nome-caixa-conversao 1.0.0,32,ok
178691,per178691_1911_09609,6,0,0,,,triagem/nome-caixa-conversao 1.0.0,32,ok
178691,per178691_1911_09609,7,0,0,,,triagem/nome-caixa-conversao 1.0.0,32,ok
178691,per178691_1911_09609,8,0,0,,,triagem/nome-caixa-conversao 1.0.0,32,ok
178691,per178691_1911_09609,9,1,1,caixa de conver,27163,triagem/nome-caixa-conversao 1.0.0,32,ok
178691,per178691_1911_09609,10,1,1,caixa de conver,11241,triagem/nome-caixa-conversao 1.0.0,32,ok
178691,per178691_1911_09609,11,0,0,,,triagem/nome-caixa-conversao 1.0.0,32,ok
178691,per178691_1911_09609,12,0,0,,,triagem/nome-caixa-conversao 1.0.0,32,ok
178691,per178691_1911_09609,13,0,0,,,triagem/nome-caixa-conversao 1.0.0,32,ok
178691,per178691_1911_09609,14,0,0,,,triagem/nome-caixa-conversao 1.0.0,32,ok
178691,per178691_1911_09609,15,0,0,,,triagem/nome-caixa-conversao 1.0.0,32,ok
178691,per178691_1911_09609,16,0,0,,,triagem/nome-caixa-conversao 1.0.0,32,ok
178691,per178691_1911_09610,1,0,0,,,triagem/nome-caixa-conversao 1.0.0,32,ok
178691,per178691_1911_09610,2,1,1,caixa de conver,30502,triagem/nome-caixa-conversao 1.0.0,32,ok
178691,per178691_1911_09610,3,0,0,,,triagem/nome-caixa-conversao 1.0.0,32,ok
178691,per178691_1911_09610,4,0,0,,,triagem/nome-caixa-conversao 1.0.0,32,ok
178691,per178691_1911_09610,5,0,0,,,triagem/nome-caixa-conversao 1.0.0,32,ok
178691,per178691_1911_09610,6,0,0,,,triagem/nome-caixa-conversao 1.0.0,32,ok
178691,per178691_1911_09610,7,0,0,,,triagem/nome-caixa-conversao 1.0.0,32,ok
178691,per178691_1911_09610,8,0,0,,,triagem/nome-caixa-conversao 1.0.0,32,ok
178691,per178691_1911_09610,9,0,0,,,triagem/nome-caixa-conversao 1.0.0,32,ok
178691,per178691_1911_09610,10,0,0,,,triagem/nome-caixa-conversao 1.0.0,32,ok
178691,per178691_1911_09610,11,0,0,,,triagem/nome-caixa-conversao 1.0.0,32,ok
178691,per178691_1911_09610,12,0,0,,,triagem/nome-caixa-conversao 1.0.0,32,ok
178691,per178691_1911_09611,1,1,1,caixa dc conver,23339,triagem/nome-caixa-conversao 1.0.0,32,ok
178691,per178691_1911_09611,2,0,0,,,triagem/nome-caixa-conversao 1.0.0,32,ok
178691,per178691_1911_09611,3,0,0,,,triagem/nome-caixa-conversao 1.0.0,32,ok
178691,per178691_1911_09611,4,0,0,,,triagem/nome-caixa-conversao 1.0.0,32,ok
178691,per178691_1911_09611,5,0,0,,,triagem/nome-caixa-conversao 1.0.0,32,ok
178691,per178691_1911_09611,6,0,0,,,triagem/nome-caixa-conversao 1.0.0,32,ok
178691,per178691_1911_09611,7,1,1,caixa de conver,26794,triagem/nome-caixa-conversao 1.0.0,32,ok
178691,per178691_1911_09611,8,0,0,,,triagem/nome-caixa-conversao 1.0.0,32,ok
178691,per178691_1911_09611,9,0,0,,,triagem/nome-caixa-conversao 1.0.0,32,ok
178691,per178691_1911_09611,10,1,2,caixa de conver,23693,triagem/nome-caixa-conversao 1.0.0,32,ok
178691,per178691_1911_09611,11,1,1,caixa de conver,37733,triagem/nome-caixa-conversao 1.0.0,32,ok
178691,per178691_1911_09611,12,1,4,caixa de conver,8883,triagem/nome-caixa-conversao 1.0.0,32,ok
178691,per178691_1911_09611,13,1,2,caixa de conver,2603,triagem/nome-caixa-conversao 1.0.0,32,ok
178691,per178691_1911_09611,14,0,0,,,triagem/nome-caixa-conversao 1.0.0,32,ok
178691,per178691_1911_09611,15,0,0,,,triagem/nome-caixa-conversao 1.0.0,32,ok
178691,per178691_1911_09611,16,0,0,,,triagem/nome-caixa-conversao 1.0.0,32,ok
178691,per178691_1911_09612,1,0,0,,,triagem/nome-caixa-conversao 1.0.0,32,ok
178691,per178691_1911_09612,2,1,2,caixa de conver,28113,triagem/nome-caixa-conversao 1.0.0,32,ok
178691,per178691_1911_09612,3,0,0,,,triagem/nome-caixa-conversao 1.0.0,32,ok
178691,per178691_1911_09612,4,0,0,,,triagem/nome-caixa-conversao 1.0.0,32,ok
178691,per178691_1911_09612,5,0,0,,,triagem/nome-caixa-conversao 1.0.0,32,ok
178691,per178691_1911_09612,6,0,0,,,triagem/nome-caixa-conversao 1.0.0,32,ok
178691,per178691_1911_09612,7,0,0,,,triagem/nome-caixa-conversao 1.0.0,32,ok
178691,per178691_1911_09612,8,1,1,caixa deconver,39405,triagem/nome-caixa-conversao 1.0.0,32,ok
178691,per178691_1911_09612,9,0,0,,,triagem/nome-caixa-conversao 1.0.0,32,ok
178691,per178691_1911_09612,10,1,1,caixa de conver,35890,triagem/nome-caixa-conversao 1.0.0,32,ok
178691,per178691_1911_09612,11,0,0,,,triagem/nome-caixa-conversao 1.0.0,32,ok
178691,per178691_1911_09612,12,0,0,,,triagem/nome-caixa-conversao 1.0.0,32,ok
178691,per178691_1911_09612,13,0,0,,,triagem/nome-caixa-conversao 1.0.0,32,ok
178691,per178691_1911_09612,14,0,0,,,triagem/nome-caixa-conversao 1.0.0,32,ok
178691,per178691_1911_09612,15,0,0,,,triagem/nome-caixa-conversao 1.0.0,32,ok
178691,per178691_1911_09612,16,0,0,,,triagem/nome-caixa-conversao 1.0.0,32,ok
178691,per178691_1911_09613,1,0,0,,,triagem/nome-caixa-conversao 1.0.0,32,ok
178691,per178691_1911_09613,2,0,0,,,triagem/nome-caixa-conversao 1.0.0,32,ok
178691,per178691_1911_09613,3,0,0,,,triagem/nome-caixa-conversao 1.0.0,32,ok
178691,per178691_1911_09613,4,0,0,,,triagem/nome-caixa-conversao 1.0.0,32,ok
178691,per178691_1911_09613,5,1,1,caixa dc conver,29012,triagem/nome-caixa-conversao 1.0.0,32,ok
178691,per178691_1911_09613,6,0,0,,,triagem/nome-caixa-conversao 1.0.0,32,ok
178691,per178691_1911_09613,7,0,0,,,triagem/nome-caixa-conversao 1.0.0,32,ok
178691,per178691_1911_09613,8,0,0,,,triagem/nome-caixa-conversao 1.0.0,32,ok
178691,per178691_1911_09613,9,0,0,,,triagem/nome-caixa-conversao 1.0.0,32,ok
178691,per178691_1911_09613,10,0,0,,,triagem/nome-caixa-conversao 1.0.0,32,ok
178691,per178691_1911_09615,1,0,0,,,triagem/nome-caixa-conversao 1.0.0,32,ok
178691,per178691_1911_09615,2,1,1,caixa dc conver,40832,triagem/nome-caixa-conversao 1.0.0,32,ok
178691,per178691_1911_09615,3,0,0,,,triagem/nome-caixa-conversao 1.0.0,32,ok
178691,per178691_1911_09615,4,0,0,,,triagem/nome-caixa-conversao 1.0.0,32,ok
178691,per178691_1911_09615,5,0,0,,,triagem/nome-caixa-conversao 1.0.0,32,ok
178691,per178691_1911_09615,6,0,0,,,triagem/nome-caixa-conversao 1.0.0,32,ok
178691,per178691_1911_09615,7,0,0,,,triagem/nome-caixa-conversao 1.0.0,32,ok
178691,per178691_1911_09615,8,0,0,,,triagem/nome-caixa-conversao 1.0.0,32,ok
178691,per178691_1911_09615,9,0,0,,,triagem/nome-caixa-conversao 1.0.0,32,ok
178691,per178691_1911_09615,10,0,0,,,triagem/nome-caixa-conversao 1.0.0,32,ok
178691,per178691_1911_09615,11,0,0,,,triagem/nome-caixa-conversao 1.0.0,32,ok
178691,per178691_1911_09615,12,0,0,,,triagem/nome-caixa-conversao 1.0.0,32,ok
178691,per178691_1911_09615,13,0,0,,,triagem/nome-caixa-conversao 1.0.0,32,ok
178691,per178691_1911_09615,14,0,0,,,triagem/nome-caixa-conversao 1.0.0,32,ok
178691,per178691_1911_09615,15,0,0,,,triagem/nome-caixa-conversao 1.0.0,32,ok
178691,per178691_1911_09615,16,0,0,,,triagem/nome-caixa-conversao 1.0.0,32,ok
178691,per178691_1911_09616,1,0,0,,,triagem/nome-caixa-conversao 1.0.0,32,ok
178691,per178691_1911_09616,2,1,2,caixade conver,7962,triagem/nome-caixa-conversao 1.0.0,32,ok
178691,per178691_1911_09616,3,0,0,,,triagem/nome-caixa-conversao 1.0.0,32,ok
178691,per178691_1911_09616,4,0,0,,,triagem/nome-caixa-conversao 1.0.0,32,ok
178691,per178691_1911_09616,5,0,0,,,triagem/nome-caixa-conversao 1.0.0,32,ok
178691,per178691_1911_09616,6,0,0,,,triagem/nome-caixa-conversao 1.0.0,32,ok
178691,per178691_1911_09616,7,0,0,,,triagem/nome-caixa-conversao 1.0.0,32,ok
178691,per178691_1911_09616,8,0,0,,,triagem/nome-caixa-conversao 1.0.0,32,ok
178691,per178691_1911_09616,9,0,0,,,triagem/nome-caixa-conversao 1.0.0,32,ok
178691,per178691_1911_09616,10,0,0,,,triagem/nome-caixa-conversao 1.0.0,32,ok
178691,per178691_1911_09616,11,0,0,,,triagem/nome-caixa-conversao 1.0.0,32,ok
178691,per178691_1911_09616,12,0,0,,,triagem/nome-caixa-conversao 1.0.0,32,ok
178691,per178691_1911_09617,1,0,0,,,triagem/nome-caixa-conversao 1.0.0,32,ok
178691,per178691_1911_09617,2,1,1,caixa deconver,10377,triagem/nome-caixa-conversao 1.0.0,32,ok
178691,per178691_1911_09617,3,0,0,,,triagem/nome-caixa-conversao 1.0.0,32,ok
178691,per178691_1911_09617,4,0,0,,,triagem/nome-caixa-conversao 1.0.0,32,ok
178691,per178691_1911_09617,5,0,0,,,triagem/nome-caixa-conversao 1.0.0,32,ok
178691,per178691_1911_09617,6,0,0,,,triagem/nome-caixa-conversao 1.0.0,32,ok
178691,per178691_1911_09617,7,0,0,,,triagem/nome-caixa-conversao 1.0.0,32,ok
178691,per178691_1911_09617,8,0,0,,,triagem/nome-caixa-conversao 1.0.0,32,ok
178691,per178691_1911_09617,9,0,0,,,triagem/nome-caixa-conversao 1.0.0,32,ok
178691,per178691_1911_09617,10,0,0,,,triagem/nome-caixa-conversao 1.0.0,32,ok
178691,per178691_1911_09617,11,0,0,,,triagem/nome-caixa-conversao 1.0.0,32,ok
178691,per178691_1911_09617,12,0,0,,,triagem/nome-caixa-conversao 1.0.0,32,ok
178691,per178691_1911_09618,1,1,1,caixa de conver,17322,triagem/nome-caixa-conversao 1.0.0,32,ok
178691,per178691_1911_09618,2,1,1,caixa de conver,17598,triagem/nome-caixa-conversao 1.0.0,32,ok
178691,per178691_1911_09618,3,0,0,,,triagem/nome-caixa-conversao 1.0.0,32,ok
178691,per178691_1911_09618,4,0,0,,,triagem/nome-caixa-conversao 1.0.0,32,ok
178691,per178691_1911_09618,5,0,0,,,triagem/nome-caixa-conversao 1.0.0,32,ok
178691,per178691_1911_09618,6,0,0,,,triagem/nome-caixa-conversao 1.0.0,32,ok
178691,per178691_1911_09618,7,0,0,,,triagem/nome-caixa-conversao 1.0.0,32,ok
178691,per178691_1911_09618,8,0,0,,,triagem/nome-caixa-conversao 1.0.0,32,ok
178691,per178691_1911_09618,9,0,0,,,triagem/nome-caixa-conversao 1.0.0,32,ok
178691,per178691_1911_09618,10,0,0,,,triagem/nome-caixa-conversao 1.0.0,32,ok
178691,per178691_1911_09618,11,0,0,,,triagem/nome-caixa-conversao 1.0.0,32,ok
178691,per178691_1911_09618,12,0,0,,,triagem/nome-caixa-conversao 1.0.0,32,ok
178691,per178691_1911_09619,1,0,0,,,triagem/nome-caixa-conversao 1.0.0,32,ok
178691,per178691_1911_09619,2,0,0,,,triagem/nome-caixa-conversao 1.0.0,32,ok
178691,per178691_1911_09619,3,0,0,,,triagem/nome-caixa-conversao 1.0.0,32,ok
178691,per178691_1911_09619,4,0,0,,,triagem/nome-caixa-conversao 1.0.0,32,ok
178691,per178691_1911_09619,5,1,1,caixa dc conver,37378,triagem/nome-caixa-conversao 1.0.0,32,ok
178691,per178691_1911_09619,6,0,0,,,triagem/nome-caixa-conversao 1.0.0,32,ok
178691,per178691_1911_09619,7,0,0,,,triagem/nome-caixa-conversao 1.0.0,32,ok
178691,per178691_1911_09619,8,1,1,caixa du conver,16801,triagem/nome-caixa-conversao 1.0.0,32,ok
178691,per178691_1911_09619,9,0,0,,,triagem/nome-caixa-conversao 1.0.0,32,ok
178691,per178691_1911_09619,10,0,0,,,triagem/nome-caixa-conversao 1.0.0,32,ok
178691,per178691_1911_09619,11,0,0,,,triagem/nome-caixa-conversao 1.0.0,32,ok
178691,per178691_1911_09619,12,0,0,,,triagem/nome-caixa-conversao 1.0.0,32,ok
178691,per178691_1911_09619,13,0,0,,,triagem/nome-caixa-conversao 1.0.0,32,ok
178691,per178691_1911_09619,14,0,0,,,triagem/nome-caixa-conversao 1.0.0,32,ok
178691,per178691_1911_09619,15,0,0,,,triagem/nome-caixa-conversao 1.0.0,32,ok
178691,per178691_1911_09619,16,0,0,,,triagem/nome-caixa-conversao 1.0.0,32,ok
178691,per178691_1911_09620,1,0,0,,,triagem/nome-caixa-conversao 1.0.0,32,ok
178691,per178691_1911_09620,2,0,0,,,triagem/nome-caixa-conversao 1.0.0,32,ok
178691,per178691_1911_09620,3,0,0,,,triagem/nome-caixa-conversao 1.0.0,32,ok
178691,per178691_1911_09620,4,0,0,,,triagem/nome-caixa-conversao 1.0.0,32,ok
178691,per178691_1911_09620,5,0,0,,,triagem/nome-caixa-conversao 1.0.0,32,ok
178691,per178691_1911_09620,6,0,0,,,triagem/nome-caixa-conversao 1.0.0,32,ok
178691,per178691_1911_09620,7,0,0,,,triagem/nome-caixa-conversao 1.0.0,32,ok
178691,per178691_1911_09620,8,0,0,,,triagem/nome-caixa-conversao 1.0.0,32,ok
178691,per178691_1911_09620,9,0,0,,,triagem/nome-caixa-conversao 1.0.0,32,ok
178691,per178691_1911_09620,10,0,0,,,triagem/nome-caixa-conversao 1.0.0,32,ok
178691,per178691_1911_09620,11,0,0,,,triagem/nome-caixa-conversao 1.0.0,32,ok
178691,per178691_1911_09620,12,0,0,,,triagem/nome-caixa-conversao 1.0.0,32,ok
178691,per178691_1911_09621,1,0,0,,,triagem/nome-caixa-conversao 1.0.0,32,ok
178691,per178691_1911_09621,2,1,1,caixa de conver,17182,triagem/nome-caixa-conversao 1.0.0,32,ok
178691,per178691_1911_09621,3,1,1,caixa de conver,3319,triagem/nome-caixa-conversao 1.0.0,32,ok
178691,per178691_1911_09621,4,0,0,,,triagem/nome-caixa-conversao 1.0.0,32,ok
178691,per178691_1911_09621,5,0,0,,,triagem/nome-caixa-conversao 1.0.0,32,ok
178691,per178691_1911_09621,6,0,0,,,triagem/nome-caixa-conversao 1.0.0,32,ok
178691,per178691_1911_09621,7,0,0,,,triagem/nome-caixa-conversao 1.0.0,32,ok
178691,per178691_1911_09621,8,0,0,,,triagem/nome-caixa-conversao 1.0.0,32,ok
178691,per178691_1911_09621,9,0,0,,,triagem/nome-caixa-conversao 1.0.0,32,ok
178691,per178691_1911_09621,10,0,0,,,triagem/nome-caixa-conversao 1.0.0,32,ok
178691,per178691_1911_09621,11,0,0,,,triagem/nome-caixa-conversao 1.0.0,32,ok
178691,per178691_1911_09621,12,1,1,caixa do conver,16262,triagem/nome-caixa-conversao 1.0.0,32,ok
178691,per178691_1911_09621,13,0,0,,,triagem/nome-caixa-conversao 1.0.0,32,ok
178691,per178691_1911_09621,14,0,0,,,triagem/nome-caixa-conversao 1.0.0,32,ok
178691,per178691_1911_09621,15,0,0,,,triagem/nome-caixa-conversao 1.0.0,32,ok
178691,per178691_1911_09621,16,0,0,,,triagem/nome-caixa-conversao 1.0.0,32,ok
178691,per178691_1911_09622,1,0,0,,,triagem/nome-caixa-conversao 1.0.0,32,ok
178691,per178691_1911_09622,2,1,2,caixa de conver,22565,triagem/nome-caixa-conversao 1.0.0,32,ok
178691,per178691_1911_09622,3,0,0,,,triagem/nome-caixa-conversao 1.0.0,32,ok
178691,per178691_1911_09622,4,0,0,,,triagem/nome-caixa-conversao 1.0.0,32,ok
178691,per178691_1911_09622,5,0,0,,,triagem/nome-caixa-conversao 1.0.0,32,ok
178691,per178691_1911_09622,6,0,0,,,triagem/nome-caixa-conversao 1.0.0,32,ok
178691,per178691_1911_09622,7,0,0,,,triagem/nome-caixa-conversao 1.0.0,32,ok
178691,per178691_1911_09622,8,0,0,,,triagem/nome-caixa-conversao 1.0.0,32,ok
178691,per178691_1911_09622,9,0,0,,,triagem/nome-caixa-conversao 1.0.0,32,ok
178691,per178691_1911_09622,10,0,0,,,triagem/nome-caixa-conversao 1.0.0,32,ok
178691,per178691_1911_09622,11,0,0,,,triagem/nome-caixa-conversao 1.0.0,32,ok
178691,per178691_1911_09622,12,0,0,,,triagem/nome-caixa-conversao 1.0.0,32,ok
178691,per178691_1911_09623,1,1,1,caixa de conver,24153,triagem/nome-caixa-conversao 1.0.0,32,ok
178691,per178691_1911_09623,2,0,0,,,triagem/nome-caixa-conversao 1.0.0,32,ok
178691,per178691_1911_09623,3,0,0,,,triagem/nome-caixa-conversao 1.0.0,32,ok
178691,per178691_1911_09623,4,0,0,,,triagem/nome-caixa-conversao 1.0.0,32,ok
178691,per178691_1911_09623,5,0,0,,,triagem/nome-caixa-conversao 1.0.0,32,ok
178691,per178691_1911_09623,6,0,0,,,triagem/nome-caixa-conversao 1.0.0,32,ok
178691,per178691_1911_09623,7,0,0,,,triagem/nome-caixa-conversao 1.0.0,32,ok
178691,per178691_1911_09623,8,0,0,,,triagem/nome-caixa-conversao 1.0.0,32,ok
178691,per178691_1911_09623,9,0,0,,,triagem/nome-caixa-conversao 1.0.0,32,ok
178691,per178691_1911_09623,10,0,0,,,triagem/nome-caixa-conversao 1.0.0,32,ok
178691,per178691_1911_09623,11,0,0,,,triagem/nome-caixa-conversao 1.0.0,32,ok
178691,per178691_1911_09623,12,0,0,,,triagem/nome-caixa-conversao 1.0.0,32,ok
178691,per178691_1911_09624,1,0,0,,,triagem/nome-caixa-conversao 1.0.0,32,ok
178691,per178691_1911_09624,2,1,1,caixade conver,9109,triagem/nome-caixa-conversao 1.0.0,32,ok
178691,per178691_1911_09624,3,0,0,,,triagem/nome-caixa-conversao 1.0.0,32,ok
178691,per178691_1911_09624,4,0,0,,,triagem/nome-caixa-conversao 1.0.0,32,ok
178691,per178691_1911_09624,5,0,0,,,triagem/nome-caixa-conversao 1.0.0,32,ok
178691,per178691_1911_09624,6,0,0,,,triagem/nome-caixa-conversao 1.0.0,32,ok
178691,per178691_1911_09624,7,0,0,,,triagem/nome-caixa-conversao 1.0.0,32,ok
178691,per178691_1911_09624,8,1,1,caixado conver,5587,triagem/nome-caixa-conversao 1.0.0,32,ok
178691,per178691_1911_09624,9,0,0,,,triagem/nome-caixa-conversao 1.0.0,32,ok
178691,per178691_1911_09624,10,0,0,,,triagem/nome-caixa-conversao 1.0.0,32,ok
178691,per178691_1911_09624,11,1,1,caixa de conver,10629,triagem/nome-caixa-conversao 1.0.0,32,ok
178691,per178691_1911_09624,12,0,0,,,triagem/nome-caixa-conversao 1.0.0,32,ok
178691,per178691_1911_09624,13,0,0,,,triagem/nome-caixa-conversao 1.0.0,32,ok
178691,per178691_1911_09624,14,0,0,,,triagem/nome-caixa-conversao 1.0.0,32,ok
178691,per178691_1911_09624,15,0,0,,,triagem/nome-caixa-conversao 1.0.0,32,ok
178691,per178691_1911_09624,16,0,0,,,triagem/nome-caixa-conversao 1.0.0,32,ok
178691,per178691_1911_09625,1,0,0,,,triagem/nome-caixa-conversao 1.0.0,32,ok
178691,per178691_1911_09625,2,0,0,,,triagem/nome-caixa-conversao 1.0.0,32,ok
178691,per178691_1911_09625,3,0,0,,,triagem/nome-caixa-conversao 1.0.0,32,ok
178691,per178691_1911_09625,4,0,0,,,triagem/nome-caixa-conversao 1.0.0,32,ok
178691,per178691_1911_09625,5,0,0,,,triagem/nome-caixa-conversao 1.0.0,32,ok
178691,per178691_1911_09625,6,0,0,,,triagem/nome-caixa-conversao 1.0.0,32,ok
178691,per178691_1911_09625,7,0,0,,,triagem/nome-caixa-conversao 1.0.0,32,ok
178691,per178691_1911_09625,8,1,1,caixa do conver,20123,triagem/nome-caixa-conversao 1.0.0,32,ok
178691,per178691_1911_09625,9,0,0,,,triagem/nome-caixa-conversao 1.0.0,32,ok
178691,per178691_1911_09625,10,0,0,,,triagem/nome-caixa-conversao 1.0.0,32,ok
178691,per178691_1911_09625,11,0,0,,,triagem/nome-caixa-conversao 1.0.0,32,ok
178691,per178691_1911_09625,12,0,0,,,triagem/nome-caixa-conversao 1.0.0,32,ok
178691,per178691_1911_09625,13,0,0,,,triagem/nome-caixa-conversao 1.0.0,32,ok
178691,per178691_1911_09625,14,0,0,,,triagem/nome-caixa-conversao 1.0.0,32,ok
178691,per178691_1911_09625,15,0,0,,,triagem/nome-caixa-conversao 1.0.0,32,ok
178691,per178691_1911_09625,16,0,0,,,triagem/nome-caixa-conversao 1.0.0,32,ok
178691,per178691_1911_09626,1,0,0,,,triagem/nome-caixa-conversao 1.0.0,32,ok
178691,per178691_1911_09626,2,1,1,caixade conver,31661,triagem/nome-caixa-conversao 1.0.0,32,ok
178691,per178691_1911_09626,3,0,0,,,triagem/nome-caixa-conversao 1.0.0,32,ok
178691,per178691_1911_09626,4,0,0,,,triagem/nome-caixa-conversao 1.0.0,32,ok
178691,per178691_1911_09626,5,0,0,,,triagem/nome-caixa-conversao 1.0.0,32,ok
178691,per178691_1911_09626,6,0,0,,,triagem/nome-caixa-conversao 1.0.0,32,ok
178691,per178691_1911_09626,7,0,0,,,triagem/nome-caixa-conversao 1.0.0,32,ok
178691,per178691_1911_09626,8,0,0,,,triagem/nome-caixa-conversao 1.0.0,32,ok
178691,per178691_1911_09626,9,0,0,,,triagem/nome-caixa-conversao 1.0.0,32,ok
178691,per178691_1911_09626,10,0,0,,,triagem/nome-caixa-conversao 1.0.0,32,ok
178691,per178691_1911_09626,11,0,0,,,triagem/nome-caixa-conversao 1.0.0,32,ok
178691,per178691_1911_09626,12,0,0,,,triagem/nome-caixa-conversao 1.0.0,32,ok
178691,per178691_1911_09626,13,0,0,,,triagem/nome-caixa-conversao 1.0.0,32,ok
178691,per178691_1911_09626,14,0,0,,,triagem/nome-caixa-conversao 1.0.0,32,ok
178691,per178691_1911_09626,15,0,0,,,triagem/nome-caixa-conversao 1.0.0,32,ok
178691,per178691_1911_09626,16,0,0,,,triagem/nome-caixa-conversao 1.0.0,32,ok
178691,per178691_1911_09627,1,0,0,,,triagem/nome-caixa-conversao 1.0.0,32,ok
178691,per178691_1911_09627,2,0,0,,,triagem/nome-caixa-conversao 1.0.0,32,ok
178691,per178691_1911_09627,3,0,0,,,triagem/nome-caixa-conversao 1.0.0,32,ok
178691,per178691_1911_09627,4,0,0,,,triagem/nome-caixa-conversao 1.0.0,32,ok
178691,per178691_1911_09627,5,0,0,,,triagem/nome-caixa-conversao 1.0.0,32,ok
178691,per178691_1911_09627,6,1,1,caixa de conver,13137,triagem/nome-caixa-conversao 1.0.0,32,ok
178691,per178691_1911_09627,7,0,0,,,triagem/nome-caixa-conversao 1.0.0,32,ok
178691,per178691_1911_09627,8,0,0,,,triagem/nome-caixa-conversao 1.0.0,32,ok
178691,per178691_1911_09627,9,0,0,,,triagem/nome-caixa-conversao 1.0.0,32,ok
178691,per178691_1911_09627,10,0,0,,,triagem/nome-caixa-conversao 1.0.0,32,ok
178691,per178691_1911_09628,1,1,2,caixa de conver,22048,triagem/nome-caixa-conversao 1.0.0,32,ok
178691,per178691_1911_09628,2,1,2,caixa de conver,30218,triagem/nome-caixa-conversao 1.0.0,32,ok
178691,per178691_1911_09628,3,0,0,,,triagem/nome-caixa-conversao 1.0.0,32,ok
178691,per178691_1911_09628,4,0,0,,,triagem/nome-caixa-conversao 1.0.0,32,ok
178691,per178691_1911_09628,5,1,1,caixa de conver,33184,triagem/nome-caixa-conversao 1.0.0,32,ok
178691,per178691_1911_09628,6,0,0,,,triagem/nome-caixa-conversao 1.0.0,32,ok
178691,per178691_1911_09628,7,0,0,,,triagem/nome-caixa-conversao 1.0.0,32,ok
178691,per178691_1911_09628,8,0,0,,,triagem/nome-caixa-conversao 1.0.0,32,ok
178691,per178691_1911_09628,9,0,0,,,triagem/nome-caixa-conversao 1.0.0,32,ok
178691,per178691_1911_09628,10,0,0,,,triagem/nome-caixa-conversao 1.0.0,32,ok
178691,per178691_1911_09628,11,0,0,,,triagem/nome-caixa-conversao 1.0.0,32,ok
178691,per178691_1911_09628,12,0,0,,,triagem/nome-caixa-conversao 1.0.0,32,ok
178691,per178691_1911_09629,1,0,0,,,triagem/nome-caixa-conversao 1.0.0,32,ok
178691,per178691_1911_09629,2,0,0,,,triagem/nome-caixa-conversao 1.0.0,32,ok
178691,per178691_1911_09629,3,0,0,,,triagem/nome-caixa-conversao 1.0.0,32,ok
178691,per178691_1911_09629,4,0,0,,,triagem/nome-caixa-conversao 1.0.0,32,ok
178691,per178691_1911_09629,5,1,1,caixa de conver,37127,triagem/nome-caixa-conversao 1.0.0,32,ok
178691,per178691_1911_09629,6,0,0,,,triagem/nome-caixa-conversao 1.0.0,32,ok
178691,per178691_1911_09629,7,0,0,,,triagem/nome-caixa-conversao 1.0.0,32,ok
178691,per178691_1911_09629,8,0,0,,,triagem/nome-caixa-conversao 1.0.0,32,ok
178691,per178691_1911_09629,9,0,0,,,triagem/nome-caixa-conversao 1.0.0,32,ok
178691,per178691_1911_09629,10,0,0,,,triagem/nome-caixa-conversao 1.0.0,32,ok
178691,per178691_1911_09629,11,0,0,,,triagem/nome-caixa-conversao 1.0.0,32,ok
178691,per178691_1911_09629,12,0,0,,,triagem/nome-caixa-conversao 1.0.0,32,ok
178691,per178691_1911_09630,1,0,0,,,triagem/nome-caixa-conversao 1.0.0,32,ok
178691,per178691_1911_09630,2,1,1,caixadc conver,6850,triagem/nome-caixa-conversao 1.0.0,32,ok
178691,per178691_1911_09630,3,0,0,,,triagem/nome-caixa-conversao 1.0.0,32,ok
178691,per178691_1911_09630,4,0,0,,,triagem/nome-caixa-conversao 1.0.0,32,ok
178691,per178691_1911_09630,5,0,0,,,triagem/nome-caixa-conversao 1.0.0,32,ok
178691,per178691_1911_09630,6,0,0,,,triagem/nome-caixa-conversao 1.0.0,32,ok
178691,per178691_1911_09630,7,0,0,,,triagem/nome-caixa-conversao 1.0.0,32,ok
178691,per178691_1911_09630,8,0,0,,,triagem/nome-caixa-conversao 1.0.0,32,ok
178691,per178691_1911_09630,9,0,0,,,triagem/nome-caixa-conversao 1.0.0,32,ok
178691,per178691_1911_09630,10,1,1,caixa deconver,43709,triagem/nome-caixa-conversao 1.0.0,32,ok
178691,per178691_1911_09630,11,0,0,,,triagem/nome-caixa-conversao 1.0.0,32,ok
178691,per178691_1911_09630,12,0,0,,,triagem/nome-caixa-conversao 1.0.0,32,ok
178691,per178691_1911_09630,13,0,0,,,triagem/nome-caixa-conversao 1.0.0,32,ok
178691,per178691_1911_09630,14,0,0,,,triagem/nome-caixa-conversao 1.0.0,32,ok
178691,per178691_1911_09630,15,0,0,,,triagem/nome-caixa-conversao 1.0.0,32,ok
178691,per178691_1911_09630,16,0,0,,,triagem/nome-caixa-conversao 1.0.0,32,ok
178691,per178691_1911_09631,1,1,1,caixa de conver,25897,triagem/nome-caixa-conversao 1.0.0,32,ok
178691,per178691_1911_09631,2,0,0,,,triagem/nome-caixa-conversao 1.0.0,32,ok
178691,per178691_1911_09631,3,0,0,,,triagem/nome-caixa-conversao 1.0.0,32,ok
178691,per178691_1911_09631,4,1,1,caixa de conver,24987,triagem/nome-caixa-conversao 1.0.0,32,ok
178691,per178691_1911_09631,5,0,0,,,triagem/nome-caixa-conversao 1.0.0,32,ok
178691,per178691_1911_09631,6,0,0,,,triagem/nome-caixa-conversao 1.0.0,32,ok
178691,per178691_1911_09631,7,0,0,,,triagem/nome-caixa-conversao 1.0.0,32,ok
178691,per178691_1911_09631,8,0,0,,,triagem/nome-caixa-conversao 1.0.0,32,ok
178691,per178691_1911_09631,9,0,0,,,triagem/nome-caixa-conversao 1.0.0,32,ok
178691,per178691_1911_09631,10,0,0,,,triagem/nome-caixa-conversao 1.0.0,32,ok
178691,per178691_1911_09631,11,0,0,,,triagem/nome-caixa-conversao 1.0.0,32,ok
178691,per178691_1911_09631,12,0,0,,,triagem/nome-caixa-conversao 1.0.0,32,ok
178691,per178691_1911_09632,1,0,0,,,triagem/nome-caixa-conversao 1.0.0,32,ok
178691,per178691_1911_09632,2,0,0,,,triagem/nome-caixa-conversao 1.0.0,32,ok
178691,per178691_1911_09632,3,0,0,,,triagem/nome-caixa-conversao 1.0.0,32,ok
178691,per178691_1911_09632,4,0,0,,,triagem/nome-caixa-conversao 1.0.0,32,ok
178691,per178691_1911_09632,5,0,0,,,triagem/nome-caixa-conversao 1.0.0,32,ok
178691,per178691_1911_09632,6,0,0,,,triagem/nome-caixa-conversao 1.0.0,32,ok
178691,per178691_1911_09632,7,1,1,caixa de conver,21394,triagem/nome-caixa-conversao 1.0.0,32,ok
178691,per178691_1911_09632,8,0,0,,,triagem/nome-caixa-conversao 1.0.0,32,ok
178691,per178691_1911_09632,9,0,0,,,triagem/nome-caixa-conversao 1.0.0,32,ok
178691,per178691_1911_09632,10,0,0,,,triagem/nome-caixa-conversao 1.0.0,32,ok
178691,per178691_1911_09632,11,0,0,,,triagem/nome-caixa-conversao 1.0.0,32,ok
178691,per178691_1911_09632,12,0,0,,,triagem/nome-caixa-conversao 1.0.0,32,ok
178691,per178691_1911_09633,1,0,0,,,triagem/nome-caixa-conversao 1.0.0,32,ok
178691,per178691_1911_09633,2,1,3,caixa de conver,23729,triagem/nome-caixa-conversao 1.0.0,32,ok
178691,per178691_1911_09633,3,0,0,,,triagem/nome-caixa-conversao 1.0.0,32,ok
178691,per178691_1911_09633,4,0,0,,,triagem/nome-caixa-conversao 1.0.0,32,ok
178691,per178691_1911_09633,5,1,1,caixa deconver,25932,triagem/nome-caixa-conversao 1.0.0,32,ok
178691,per178691_1911_09633,6,0,0,,,triagem/nome-caixa-conversao 1.0.0,32,ok
178691,per178691_1911_09633,7,0,0,,,triagem/nome-caixa-conversao 1.0.0,32,ok
178691,per178691_1911_09633,8,0,0,,,triagem/nome-caixa-conversao 1.0.0,32,ok
178691,per178691_1911_09633,9,1,1,caixa de conver,45409,triagem/nome-caixa-conversao 1.0.0,32,ok
178691,per178691_1911_09633,10,0,0,,,triagem/nome-caixa-conversao 1.0.0,32,ok
178691,per178691_1911_09633,11,0,0,,,triagem/nome-caixa-conversao 1.0.0,32,ok
178691,per178691_1911_09633,12,0,0,,,triagem/nome-caixa-conversao 1.0.0,32,ok
178691,per178691_1911_09633,13,0,0,,,triagem/nome-caixa-conversao 1.0.0,32,ok
178691,per178691_1911_09633,14,0,0,,,triagem/nome-caixa-conversao 1.0.0,32,ok
178691,per178691_1911_09633,15,0,0,,,triagem/nome-caixa-conversao 1.0.0,32,ok
178691,per178691_1911_09633,16,0,0,,,triagem/nome-caixa-conversao 1.0.0,32,ok
178691,per178691_1911_09634,1,0,0,,,triagem/nome-caixa-conversao 1.0.0,32,ok
178691,per178691_1911_09634,2,0,0,,,triagem/nome-caixa-conversao 1.0.0,32,ok
178691,per178691_1911_09634,3,0,0,,,triagem/nome-caixa-conversao 1.0.0,32,ok
178691,per178691_1911_09634,4,0,0,,,triagem/nome-caixa-conversao 1.0.0,32,ok
178691,per178691_1911_09634,5,0,0,,,triagem/nome-caixa-conversao 1.0.0,32,ok
178691,per178691_1911_09634,6,0,0,,,triagem/nome-caixa-conversao 1.0.0,32,ok
178691,per178691_1911_09634,7,0,0,,,triagem/nome-caixa-conversao 1.0.0,32,ok
178691,per178691_1911_09634,8,0,0,,,triagem/nome-caixa-conversao 1.0.0,32,ok
178691,per178691_1911_09634,9,0,0,,,triagem/nome-caixa-conversao 1.0.0,32,ok
178691,per178691_1911_09634,10,0,0,,,triagem/nome-caixa-conversao 1.0.0,32,ok
178691,per178691_1911_09634,11,0,0,,,triagem/nome-caixa-conversao 1.0.0,32,ok
178691,per178691_1911_09634,12,0,0,,,triagem/nome-caixa-conversao 1.0.0,32,ok
178691,per178691_1911_09635,1,1,3,caixa de conver,25731,triagem/nome-caixa-conversao 1.0.0,32,ok
178691,per178691_1911_09635,2,1,1,caixa dc conver,16613,triagem/nome-caixa-conversao 1.0.0,32,ok
178691,per178691_1911_09635,3,1,1,caixa dc conver,12686,triagem/nome-caixa-conversao 1.0.0,32,ok
178691,per178691_1911_09635,4,0,0,,,triagem/nome-caixa-conversao 1.0.0,32,ok
178691,per178691_1911_09635,5,0,0,,,triagem/nome-caixa-conversao 1.0.0,32,ok
178691,per178691_1911_09635,6,1,1,caixa de conver,46300,triagem/nome-caixa-conversao 1.0.0,32,ok
178691,per178691_1911_09635,7,0,0,,,triagem/nome-caixa-conversao 1.0.0,32,ok
178691,per178691_1911_09635,8,0,0,,,triagem/nome-caixa-conversao 1.0.0,32,ok
178691,per178691_1911_09635,9,0,0,,,triagem/nome-caixa-conversao 1.0.0,32,ok
178691,per178691_1911_09635,10,0,0,,,triagem/nome-caixa-conversao 1.0.0,32,ok
178691,per178691_1911_09635,11,0,0,,,triagem/nome-caixa-conversao 1.0.0,32,ok
178691,per178691_1911_09635,12,0,0,,,triagem/nome-caixa-conversao 1.0.0,32,ok
178691,per178691_1911_09635,13,0,0,,,triagem/nome-caixa-conversao 1.0.0,32,ok
178691,per178691_1911_09635,14,0,0,,,triagem/nome-caixa-conversao 1.0.0,32,ok
178691,per178691_1911_09635,15,0,0,,,triagem/nome-caixa-conversao 1.0.0,32,ok
178691,per178691_1911_09635,16,0,0,,,triagem/nome-caixa-conversao 1.0.0,32,ok
178691,per178691_1911_09636,1,0,0,,,triagem/nome-caixa-conversao 1.0.0,32,ok
178691,per178691_1911_09636,2,0,0,,,triagem/nome-caixa-conversao 1.0.0,32,ok
178691,per178691_1911_09636,3,0,0,,,triagem/nome-caixa-conversao 1.0.0,32,ok
178691,per178691_1911_09636,4,0,0,,,triagem/nome-caixa-conversao 1.0.0,32,ok
178691,per178691_1911_09636,5,1,1,caixa deconver,37564,triagem/nome-caixa-conversao 1.0.0,32,ok
178691,per178691_1911_09636,6,1,1,caixa dh conver,8005,triagem/nome-caixa-conversao 1.0.0,32,ok
178691,per178691_1911_09636,7,0,0,,,triagem/nome-caixa-conversao 1.0.0,32,ok
178691,per178691_1911_09636,8,0,0,,,triagem/nome-caixa-conversao 1.0.0,32,ok
178691,per178691_1911_09636,9,0,0,,,triagem/nome-caixa-conversao 1.0.0,32,ok
178691,per178691_1911_09636,10,0,0,,,triagem/nome-caixa-conversao 1.0.0,32,ok
178691,per178691_1911_09636,11,0,0,,,triagem/nome-caixa-conversao 1.0.0,32,ok
178691,per178691_1911_09636,12,0,0,,,triagem/nome-caixa-conversao 1.0.0,32,ok
178691,per178691_1911_09637,1,0,0,,,triagem/nome-caixa-conversao 1.0.0,32,ok
178691,per178691_1911_09637,2,0,0,,,triagem/nome-caixa-conversao 1.0.0,32,ok
178691,per178691_1911_09637,3,0,0,,,triagem/nome-caixa-conversao 1.0.0,32,ok
178691,per178691_1911_09637,4,0,0,,,triagem/nome-caixa-conversao 1.0.0,32,ok
178691,per178691_1911_09637,5,0,0,,,triagem/nome-caixa-conversao 1.0.0,32,ok
178691,per178691_1911_09637,6,0,0,,,triagem/nome-caixa-conversao 1.0.0,32,ok
178691,per178691_1911_09637,7,0,0,,,triagem/nome-caixa-conversao 1.0.0,32,ok
178691,per178691_1911_09637,8,0,0,,,triagem/nome-caixa-conversao 1.0.0,32,ok
178691,per178691_1911_09637,9,0,0,,,triagem/nome-caixa-conversao 1.0.0,32,ok
178691,per178691_1911_09637,10,0,0,,,triagem/nome-caixa-conversao 1.0.0,32,ok
178691,per178691_1911_09637,11,0,0,,,triagem/nome-caixa-conversao 1.0.0,32,ok
178691,per178691_1911_09637,12,0,0,,,triagem/nome-caixa-conversao 1.0.0,32,ok
178691,per178691_1911_09638,1,0,0,,,triagem/nome-caixa-conversao 1.0.0,32,ok
178691,per178691_1911_09638,2,0,0,,,triagem/nome-caixa-conversao 1.0.0,32,ok
178691,per178691_1911_09638,3,1,2,caixa de conver,34373,triagem/nome-caixa-conversao 1.0.0,32,ok
178691,per178691_1911_09638,4,0,0,,,triagem/nome-caixa-conversao 1.0.0,32,ok
178691,per178691_1911_09638,5,0,0,,,triagem/nome-caixa-conversao 1.0.0,32,ok
178691,per178691_1911_09638,6,0,0,,,triagem/nome-caixa-conversao 1.0.0,32,ok
178691,per178691_1911_09638,7,0,0,,,triagem/nome-caixa-conversao 1.0.0,32,ok
178691,per178691_1911_09638,8,0,0,,,triagem/nome-caixa-conversao 1.0.0,32,ok
178691,per178691_1911_09638,9,0,0,,,triagem/nome-caixa-conversao 1.0.0,32,ok
178691,per178691_1911_09638,10,0,0,,,triagem/nome-caixa-conversao 1.0.0,32,ok
178691,per178691_1911_09638,11,0,0,,,triagem/nome-caixa-conversao 1.0.0,32,ok
178691,per178691_1911_09638,12,0,0,,,triagem/nome-caixa-conversao 1.0.0,32,ok
178691,per178691_1911_09639,1,0,0,,,triagem/nome-caixa-conversao 1.0.0,32,ok
178691,per178691_1911_09639,2,0,0,,,triagem/nome-caixa-conversao 1.0.0,32,ok
178691,per178691_1911_09639,3,0,0,,,triagem/nome-caixa-conversao 1.0.0,32,ok
178691,per178691_1911_09639,4,0,0,,,triagem/nome-caixa-conversao 1.0.0,32,ok
178691,per178691_1911_09639,5,0,0,,,triagem/nome-caixa-conversao 1.0.0,32,ok
178691,per178691_1911_09639,6,0,0,,,triagem/nome-caixa-conversao 1.0.0,32,ok
178691,per178691_1911_09639,7,0,0,,,triagem/nome-caixa-conversao 1.0.0,32,ok
178691,per178691_1911_09639,8,1,1,caixa de conver,4056,triagem/nome-caixa-conversao 1.0.0,32,ok
178691,per178691_1911_09639,9,0,0,,,triagem/nome-caixa-conversao 1.0.0,32,ok
178691,per178691_1911_09639,10,0,0,,,triagem/nome-caixa-conversao 1.0.0,32,ok
178691,per178691_1911_09639,11,0,0,,,triagem/nome-caixa-conversao 1.0.0,32,ok
178691,per178691_1911_09639,12,0,0,,,triagem/nome-caixa-conversao 1.0.0,32,ok
178691,per178691_1911_09640,1,0,0,,,triagem/nome-caixa-conversao 1.0.0,32,ok
178691,per178691_1911_09640,2,1,1,caixa de conver,32154,triagem/nome-caixa-conversao 1.0.0,32,ok
178691,per178691_1911_09640,3,0,0,,,triagem/nome-caixa-conversao 1.0.0,32,ok
178691,per178691_1911_09640,4,0,0,,,triagem/nome-caixa-conversao 1.0.0,32,ok
178691,per178691_1911_09640,5,0,0,,,triagem/nome-caixa-conversao 1.0.0,32,ok
178691,per178691_1911_09640,6,0,0,,,triagem/nome-caixa-conversao 1.0.0,32,ok
178691,per178691_1911_09640,7,0,0,,,triagem/nome-caixa-conversao 1.0.0,32,ok
178691,per178691_1911_09640,8,0,0,,,triagem/nome-caixa-conversao 1.0.0,32,ok
178691,per178691_1911_09640,9,0,0,,,triagem/nome-caixa-conversao 1.0.0,32,ok
178691,per178691_1911_09640,10,0,0,,,triagem/nome-caixa-conversao 1.0.0,32,ok
178691,per178691_1911_09640,11,0,0,,,triagem/nome-caixa-conversao 1.0.0,32,ok
178691,per178691_1911_09640,12,0,0,,,triagem/nome-caixa-conversao 1.0.0,32,ok
178691,per178691_1911_09640,13,0,0,,,triagem/nome-caixa-conversao 1.0.0,32,ok
178691,per178691_1911_09640,14,0,0,,,triagem/nome-caixa-conversao 1.0.0,32,ok
178691,per178691_1911_09640,15,0,0,,,triagem/nome-caixa-conversao 1.0.0,32,ok
178691,per178691_1911_09640,16,0,0,,,triagem/nome-caixa-conversao 1.0.0,32,ok
178691,per178691_1911_09641,1,0,0,,,triagem/nome-caixa-conversao 1.0.0,32,ok
178691,per178691_1911_09641,2,0,0,,,triagem/nome-caixa-conversao 1.0.0,32,ok
178691,per178691_1911_09641,3,0,0,,,triagem/nome-caixa-conversao 1.0.0,32,ok
178691,per178691_1911_09641,4,0,0,,,triagem/nome-caixa-conversao 1.0.0,32,ok
178691,per178691_1911_09641,5,1,1,caixa de conver,19564,triagem/nome-caixa-conversao 1.0.0,32,ok
178691,per178691_1911_09641,6,0,0,,,triagem/nome-caixa-conversao 1.0.0,32,ok
178691,per178691_1911_09641,7,1,1,caixa de conver,3990,triagem/nome-caixa-conversao 1.0.0,32,ok
178691,per178691_1911_09641,8,0,0,,,triagem/nome-caixa-conversao 1.0.0,32,ok
178691,per178691_1911_09641,9,0,0,,,triagem/nome-caixa-conversao 1.0.0,32,ok
178691,per178691_1911_09641,10,0,0,,,triagem/nome-caixa-conversao 1.0.0,32,ok
178691,per178691_1911_09642,1,0,0,,,triagem/nome-caixa-conversao 1.0.0,32,ok
178691,per178691_1911_09642,2,0,0,,,triagem/nome-caixa-conversao 1.0.0,32,ok
178691,per178691_1911_09642,3,0,0,,,triagem/nome-caixa-conversao 1.0.0,32,ok
178691,per178691_1911_09642,4,0,0,,,triagem/nome-caixa-conversao 1.0.0,32,ok
178691,per178691_1911_09642,5,0,0,,,triagem/nome-caixa-conversao 1.0.0,32,ok
178691,per178691_1911_09642,6,0,0,,,triagem/nome-caixa-conversao 1.0.0,32,ok
178691,per178691_1911_09642,7,1,1,caixade conver,35033,triagem/nome-caixa-conversao 1.0.0,32,ok
178691,per178691_1911_09642,8,0,0,,,triagem/nome-caixa-conversao 1.0.0,32,ok
178691,per178691_1911_09642,9,0,0,,,triagem/nome-caixa-conversao 1.0.0,32,ok
178691,per178691_1911_09642,10,0,0,,,triagem/nome-caixa-conversao 1.0.0,32,ok
178691,per178691_1911_09642,11,0,0,,,triagem/nome-caixa-conversao 1.0.0,32,ok
178691,per178691_1911_09642,12,0,0,,,triagem/nome-caixa-conversao 1.0.0,32,ok
178691,per178691_1911_09643,1,1,2,caixa de conver,2592,triagem/nome-caixa-conversao 1.0.0,32,ok
178691,per178691_1911_09643,2,0,0,,,triagem/nome-caixa-conversao 1.0.0,32,ok
178691,per178691_1911_09643,3,0,0,,,triagem/nome-caixa-conversao 1.0.0,32,ok
178691,per178691_1911_09643,4,0,0,,,triagem/nome-caixa-conversao 1.0.0,32,ok
178691,per178691_1911_09643,5,0,0,,,triagem/nome-caixa-conversao 1.0.0,32,ok
178691,per178691_1911_09643,6,0,0,,,triagem/nome-caixa-conversao 1.0.0,32,ok
178691,per178691_1911_09643,7,0,0,,,triagem/nome-caixa-conversao 1.0.0,32,ok
178691,per178691_1911_09643,8,0,0,,,triagem/nome-caixa-conversao 1.0.0,32,ok
178691,per178691_1911_09643,9,0,0,,,triagem/nome-caixa-conversao 1.0.0,32,ok
178691,per178691_1911_09643,10,0,0,,,triagem/nome-caixa-conversao 1.0.0,32,ok
178691,per178691_1911_09643,11,1,1,caixa deconver,30283,triagem/nome-caixa-conversao 1.0.0,32,ok
178691,per178691_1911_09643,12,0,0,,,triagem/nome-caixa-conversao 1.0.0,32,ok
178691,per178691_1911_09643,13,0,0,,,triagem/nome-caixa-conversao 1.0.0,32,ok
178691,per178691_1911_09643,14,0,0,,,triagem/nome-caixa-conversao 1.0.0,32,ok
178691,per178691_1911_09643,15,0,0,,,triagem/nome-caixa-conversao 1.0.0,32,ok
178691,per178691_1911_09643,16,0,0,,,triagem/nome-caixa-conversao 1.0.0,32,ok
178691,per178691_1911_09644,1,0,0,,,triagem/nome-caixa-conversao 1.0.0,32,ok
178691,per178691_1911_09644,2,1,2,caixa de conver,6739,triagem/nome-caixa-conversao 1.0.0,32,ok
178691,per178691_1911_09644,3,0,0,,,triagem/nome-caixa-conversao 1.0.0,32,ok
178691,per178691_1911_09644,4,0,0,,,triagem/nome-caixa-conversao 1.0.0,32,ok
178691,per178691_1911_09644,5,1,1,caixa de conver,33273,triagem/nome-caixa-conversao 1.0.0,32,ok
178691,per178691_1911_09644,6,0,0,,,triagem/nome-caixa-conversao 1.0.0,32,ok
178691,per178691_1911_09644,7,0,0,,,triagem/nome-caixa-conversao 1.0.0,32,ok
178691,per178691_1911_09644,8,0,0,,,triagem/nome-caixa-conversao 1.0.0,32,ok
178691,per178691_1911_09644,9,0,0,,,triagem/nome-caixa-conversao 1.0.0,32,ok
178691,per178691_1911_09644,10,0,0,,,triagem/nome-caixa-conversao 1.0.0,32,ok
178691,per178691_1911_09644,11,0,0,,,triagem/nome-caixa-conversao 1.0.0,32,ok
178691,per178691_1911_09644,12,0,0,,,triagem/nome-caixa-conversao 1.0.0,32,ok
178691,per178691_1911_09645,1,1,1,caixa de conver,24600,triagem/nome-caixa-conversao 1.0.0,32,ok
178691,per178691_1911_09645,2,0,0,,,triagem/nome-caixa-conversao 1.0.0,32,ok
178691,per178691_1911_09645,3,1,1,caixa deconver,37471,triagem/nome-caixa-conversao 1.0.0,32,ok
178691,per178691_1911_09645,4,0,0,,,triagem/nome-caixa-conversao 1.0.0,32,ok
178691,per178691_1911_09645,5,0,0,,,triagem/nome-caixa-conversao 1.0.0,32,ok
178691,per178691_1911_09645,6,0,0,,,triagem/nome-caixa-conversao 1.0.0,32,ok
178691,per178691_1911_09645,7,1,1,caixa deconver,29358,triagem/nome-caixa-conversao 1.0.0,32,ok
178691,per178691_1911_09645,8,0,0,,,triagem/nome-caixa-conversao 1.0.0,32,ok
178691,per178691_1911_09645,9,0,0,,,triagem/nome-caixa-conversao 1.0.0,32,ok
178691,per178691_1911_09645,10,0,0,,,triagem/nome-caixa-conversao 1.0.0,32,ok
178691,per178691_1911_09645,11,0,0,,,triagem/nome-caixa-conversao 1.0.0,32,ok
178691,per178691_1911_09645,12,0,0,,,triagem/nome-caixa-conversao 1.0.0,32,ok
178691,per178691_1911_09646,1,0,0,,,triagem/nome-caixa-conversao 1.0.0,32,ok
178691,per178691_1911_09646,2,1,1,caixa de conver,15344,triagem/nome-caixa-conversao 1.0.0,32,ok
178691,per178691_1911_09646,3,0,0,,,triagem/nome-caixa-conversao 1.0.0,32,ok
178691,per178691_1911_09646,4,0,0,,,triagem/nome-caixa-conversao 1.0.0,32,ok
178691,per178691_1911_09646,5,0,0,,,triagem/nome-caixa-conversao 1.0.0,32,ok
178691,per178691_1911_09646,6,1,1,caixa deconver,22762,triagem/nome-caixa-conversao 1.0.0,32,ok
178691,per178691_1911_09646,7,0,0,,,triagem/nome-caixa-conversao 1.0.0,32,ok
178691,per178691_1911_09646,8,0,0,,,triagem/nome-caixa-conversao 1.0.0,32,ok
178691,per178691_1911_09646,9,0,0,,,triagem/nome-caixa-conversao 1.0.0,32,ok
178691,per178691_1911_09646,10,0,0,,,triagem/nome-caixa-conversao 1.0.0,32,ok
178691,per178691_1911_09646,11,0,0,,,triagem/nome-caixa-conversao 1.0.0,32,ok
178691,per178691_1911_09646,12,0,0,,,triagem/nome-caixa-conversao 1.0.0,32,ok
178691,per178691_1911_09646,13,0,0,,,triagem/nome-caixa-conversao 1.0.0,32,ok
178691,per178691_1911_09646,14,0,0,,,triagem/nome-caixa-conversao 1.0.0,32,ok
178691,per178691_1911_09646,15,0,0,,,triagem/nome-caixa-conversao 1.0.0,32,ok
178691,per178691_1911_09646,16,0,0,,,triagem/nome-caixa-conversao 1.0.0,32,ok
178691,per178691_1911_09647,1,0,0,,,triagem/nome-caixa-conversao 1.0.0,32,ok
178691,per178691_1911_09647,2,0,0,,,triagem/nome-caixa-conversao 1.0.0,32,ok
178691,per178691_1911_09647,3,0,0,,,triagem/nome-caixa-conversao 1.0.0,32,ok
178691,per178691_1911_09647,4,0,0,,,triagem/nome-caixa-conversao 1.0.0,32,ok
178691,per178691_1911_09647,5,0,0,,,triagem/nome-caixa-conversao 1.0.0,32,ok
178691,per178691_1911_09647,6,0,0,,,triagem/nome-caixa-conversao 1.0.0,32,ok
178691,per178691_1911_09647,7,0,0,,,triagem/nome-caixa-conversao 1.0.0,32,ok
178691,per178691_1911_09647,8,0,0,,,triagem/nome-caixa-conversao 1.0.0,32,ok
178691,per178691_1911_09647,9,0,0,,,triagem/nome-caixa-conversao 1.0.0,32,ok
178691,per178691_1911_09647,10,0,0,,,triagem/nome-caixa-conversao 1.0.0,32,ok
178691,per178691_1911_09648,1,0,0,,,triagem/nome-caixa-conversao 1.0.0,32,ok
178691,per178691_1911_09648,2,1,2,caixa de conver,15206,triagem/nome-caixa-conversao 1.0.0,32,ok
178691,per178691_1911_09648,3,0,0,,,triagem/nome-caixa-conversao 1.0.0,32,ok
178691,per178691_1911_09648,4,0,0,,,triagem/nome-caixa-conversao 1.0.0,32,ok
178691,per178691_1911_09648,5,0,0,,,triagem/nome-caixa-conversao 1.0.0,32,ok
178691,per178691_1911_09648,6,0,0,,,triagem/nome-caixa-conversao 1.0.0,32,ok
178691,per178691_1911_09648,7,0,0,,,triagem/nome-caixa-conversao 1.0.0,32,ok
178691,per178691_1911_09648,8,0,0,,,triagem/nome-caixa-conversao 1.0.0,32,ok
178691,per178691_1911_09648,9,0,0,,,triagem/nome-caixa-conversao 1.0.0,32,ok
178691,per178691_1911_09648,10,0,0,,,triagem/nome-caixa-conversao 1.0.0,32,ok
178691,per178691_1911_09648,11,1,3,caixa de conver,35479,triagem/nome-caixa-conversao 1.0.0,32,ok
178691,per178691_1911_09648,12,0,0,,,triagem/nome-caixa-conversao 1.0.0,32,ok
178691,per178691_1911_09648,13,0,0,,,triagem/nome-caixa-conversao 1.0.0,32,ok
178691,per178691_1911_09648,14,0,0,,,triagem/nome-caixa-conversao 1.0.0,32,ok
178691,per178691_1911_09648,15,0,0,,,triagem/nome-caixa-conversao 1.0.0,32,ok
178691,per178691_1911_09648,16,0,0,,,triagem/nome-caixa-conversao 1.0.0,32,ok
178691,per178691_1911_09649,1,0,0,,,triagem/nome-caixa-conversao 1.0.0,32,ok
178691,per178691_1911_09649,2,1,2,caixa de conver,39850,triagem/nome-caixa-conversao 1.0.0,32,ok
178691,per178691_1911_09649,3,0,0,,,triagem/nome-caixa-conversao 1.0.0,32,ok
178691,per178691_1911_09649,4,0,0,,,triagem/nome-caixa-conversao 1.0.0,32,ok
178691,per178691_1911_09649,5,0,0,,,triagem/nome-caixa-conversao 1.0.0,32,ok
178691,per178691_1911_09649,6,0,0,,,triagem/nome-caixa-conversao 1.0.0,32,ok
178691,per178691_1911_09649,7,0,0,,,triagem/nome-caixa-conversao 1.0.0,32,ok
178691,per178691_1911_09649,8,0,0,,,triagem/nome-caixa-conversao 1.0.0,32,ok
178691,per178691_1911_09649,9,0,0,,,triagem/nome-caixa-conversao 1.0.0,32,ok
178691,per178691_1911_09649,10,0,0,,,triagem/nome-caixa-conversao 1.0.0,32,ok
178691,per178691_1911_09649,11,0,0,,,triagem/nome-caixa-conversao 1.0.0,32,ok
178691,per178691_1911_09649,12,0,0,,,triagem/nome-caixa-conversao 1.0.0,32,ok
178691,per178691_1911_09650,1,0,0,,,triagem/nome-caixa-conversao 1.0.0,32,ok
178691,per178691_1911_09650,2,0,0,,,triagem/nome-caixa-conversao 1.0.0,32,ok
178691,per178691_1911_09650,3,0,0,,,triagem/nome-caixa-conversao 1.0.0,32,ok
178691,per178691_1911_09650,4,1,1,caixade conver,35416,triagem/nome-caixa-conversao 1.0.0,32,ok
178691,per178691_1911_09650,5,0,0,,,triagem/nome-caixa-conversao 1.0.0,32,ok
178691,per178691_1911_09650,6,0,0,,,triagem/nome-caixa-conversao 1.0.0,32,ok
178691,per178691_1911_09650,7,1,1,caixa deconver,43961,triagem/nome-caixa-conversao 1.0.0,32,ok
178691,per178691_1911_09650,8,1,1,caixa dc conver,42552,triagem/nome-caixa-conversao 1.0.0,32,ok
178691,per178691_1911_09650,9,0,0,,,triagem/nome-caixa-conversao 1.0.0,32,ok
178691,per178691_1911_09650,10,0,0,,,triagem/nome-caixa-conversao 1.0.0,32,ok
178691,per178691_1911_09650,11,0,0,,,triagem/nome-caixa-conversao 1.0.0,32,ok
178691,per178691_1911_09650,12,0,0,,,triagem/nome-caixa-conversao 1.0.0,32,ok
178691,per178691_1911_09650,13,0,0,,,triagem/nome-caixa-conversao 1.0.0,32,ok
178691,per178691_1911_09650,14,0,0,,,triagem/nome-caixa-conversao 1.0.0,32,ok
178691,per178691_1911_09650,15,0,0,,,triagem/nome-caixa-conversao 1.0.0,32,ok
178691,per178691_1911_09650,16,0,0,,,triagem/nome-caixa-conversao 1.0.0,32,ok
178691,per178691_1911_09651,1,0,0,,,triagem/nome-caixa-conversao 1.0.0,32,ok
178691,per178691_1911_09651,2,0,0,,,triagem/nome-caixa-conversao 1.0.0,32,ok
178691,per178691_1911_09651,3,1,1,caixa de conver,8831,triagem/nome-caixa-conversao 1.0.0,32,ok
178691,per178691_1911_09651,4,0,0,,,triagem/nome-caixa-conversao 1.0.0,32,ok
178691,per178691_1911_09651,5,0,0,,,triagem/nome-caixa-conversao 1.0.0,32,ok
178691,per178691_1911_09651,6,0,0,,,triagem/nome-caixa-conversao 1.0.0,32,ok
178691,per178691_1911_09651,7,0,0,,,triagem/nome-caixa-conversao 1.0.0,32,ok
178691,per178691_1911_09651,8,0,0,,,triagem/nome-caixa-conversao 1.0.0,32,ok
178691,per178691_1911_09651,9,0,0,,,triagem/nome-caixa-conversao 1.0.0,32,ok
178691,per178691_1911_09651,10,0,0,,,triagem/nome-caixa-conversao 1.0.0,32,ok
178691,per178691_1911_09651,11,0,0,,,triagem/nome-caixa-conversao 1.0.0,32,ok
178691,per178691_1911_09651,12,0,0,,,triagem/nome-caixa-conversao 1.0.0,32,ok
178691,per178691_1911_09652,1,0,0,,,triagem/nome-caixa-conversao 1.0.0,32,ok
178691,per178691_1911_09652,2,0,0,,,triagem/nome-caixa-conversao 1.0.0,32,ok
178691,per178691_1911_09652,3,0,0,,,triagem/nome-caixa-conversao 1.0.0,32,ok
178691,per178691_1911_09652,4,1,1,caixa deconver,13556,triagem/nome-caixa-conversao 1.0.0,32,ok
178691,per178691_1911_09652,5,0,0,,,triagem/nome-caixa-conversao 1.0.0,32,ok
178691,per178691_1911_09652,6,0,0,,,triagem/nome-caixa-conversao 1.0.0,32,ok
178691,per178691_1911_09652,7,0,0,,,triagem/nome-caixa-conversao 1.0.0,32,ok
178691,per178691_1911_09652,8,0,0,,,triagem/nome-caixa-conversao 1.0.0,32,ok
178691,per178691_1911_09652,9,0,0,,,triagem/nome-caixa-conversao 1.0.0,32,ok
178691,per178691_1911_09652,10,0,0,,,triagem/nome-caixa-conversao 1.0.0,32,ok
178691,per178691_1911_09652,11,1,1,caixa do conver,42602,triagem/nome-caixa-conversao 1.0.0,32,ok
178691,per178691_1911_09652,12,1,1,caixa db conver,8584,triagem/nome-caixa-conversao 1.0.0,32,ok
178691,per178691_1911_09652,13,0,0,,,triagem/nome-caixa-conversao 1.0.0,32,ok
178691,per178691_1911_09652,14,0,0,,,triagem/nome-caixa-conversao 1.0.0,32,ok
178691,per178691_1911_09652,15,0,0,,,triagem/nome-caixa-conversao 1.0.0,32,ok
178691,per178691_1911_09652,16,0,0,,,triagem/nome-caixa-conversao 1.0.0,32,ok
178691,per178691_1911_09653,1,0,0,,,triagem/nome-caixa-conversao 1.0.0,32,ok
178691,per178691_1911_09653,2,1,1,caixade conver,21038,triagem/nome-caixa-conversao 1.0.0,32,ok
178691,per178691_1911_09653,3,0,0,,,triagem/nome-caixa-conversao 1.0.0,32,ok
178691,per178691_1911_09653,4,0,0,,,triagem/nome-caixa-conversao 1.0.0,32,ok
178691,per178691_1911_09653,5,0,0,,,triagem/nome-caixa-conversao 1.0.0,32,ok
178691,per178691_1911_09653,6,0,0,,,triagem/nome-caixa-conversao 1.0.0,32,ok
178691,per178691_1911_09653,7,0,0,,,triagem/nome-caixa-conversao 1.0.0,32,ok
178691,per178691_1911_09653,8,0,0,,,triagem/nome-caixa-conversao 1.0.0,32,ok
178691,per178691_1911_09653,9,1,1,caixade conver,390,triagem/nome-caixa-conversao 1.0.0,32,ok
178691,per178691_1911_09653,10,0,0,,,triagem/nome-caixa-conversao 1.0.0,32,ok
178691,per178691_1911_09653,11,0,0,,,triagem/nome-caixa-conversao 1.0.0,32,ok
178691,per178691_1911_09653,12,0,0,,,triagem/nome-caixa-conversao 1.0.0,32,ok
178691,per178691_1911_09653,13,0,0,,,triagem/nome-caixa-conversao 1.0.0,32,ok
178691,per178691_1911_09653,14,0,0,,,triagem/nome-caixa-conversao 1.0.0,32,ok
178691,per178691_1911_09653,15,0,0,,,triagem/nome-caixa-conversao 1.0.0,32,ok
178691,per178691_1911_09653,16,0,0,,,triagem/nome-caixa-conversao 1.0.0,32,ok
178691,per178691_1911_09654,1,0,0,,,triagem/nome-caixa-conversao 1.0.0,32,ok
178691,per178691_1911_09654,2,0,0,,,triagem/nome-caixa-conversao 1.0.0,32,ok
178691,per178691_1911_09654,3,0,0,,,triagem/nome-caixa-conversao 1.0.0,32,ok
178691,per178691_1911_09654,4,0,0,,,triagem/nome-caixa-conversao 1.0.0,32,ok
178691,per178691_1911_09654,5,0,0,,,triagem/nome-caixa-conversao 1.0.0,32,ok
178691,per178691_1911_09654,6,0,0,,,triagem/nome-caixa-conversao 1.0.0,32,ok
178691,per178691_1911_09654,7,1,1,caixa dc conver,39474,triagem/nome-caixa-conversao 1.0.0,32,ok
178691,per178691_1911_09654,8,0,0,,,triagem/nome-caixa-conversao 1.0.0,32,ok
178691,per178691_1911_09654,9,0,0,,,triagem/nome-caixa-conversao 1.0.0,32,ok
178691,per178691_1911_09654,10,0,0,,,triagem/nome-caixa-conversao 1.0.0,32,ok
178691,per178691_1911_09654,11,0,0,,,triagem/nome-caixa-conversao 1.0.0,32,ok
178691,per178691_1911_09654,12,0,0,,,triagem/nome-caixa-conversao 1.0.0,32,ok
178691,per178691_1911_09655,1,0,0,,,triagem/nome-caixa-conversao 1.0.0,32,ok
178691,per178691_1911_09655,2,1,2,caixa de conver,31490,triagem/nome-caixa-conversao 1.0.0,32,ok
178691,per178691_1911_09655,3,0,0,,,triagem/nome-caixa-conversao 1.0.0,32,ok
178691,per178691_1911_09655,4,0,0,,,triagem/nome-caixa-conversao 1.0.0,32,ok
178691,per178691_1911_09655,5,0,0,,,triagem/nome-caixa-conversao 1.0.0,32,ok
178691,per178691_1911_09655,6,0,0,,,triagem/nome-caixa-conversao 1.0.0,32,ok
178691,per178691_1911_09655,7,0,0,,,triagem/nome-caixa-conversao 1.0.0,32,ok
178691,per178691_1911_09655,8,0,0,,,triagem/nome-caixa-conversao 1.0.0,32,ok
178691,per178691_1911_09655,9,0,0,,,triagem/nome-caixa-conversao 1.0.0,32,ok
178691,per178691_1911_09655,10,0,0,,,triagem/nome-caixa-conversao 1.0.0,32,ok
178691,per178691_1911_09655,11,0,0,,,triagem/nome-caixa-conversao 1.0.0,32,ok
178691,per178691_1911_09655,12,0,0,,,triagem/nome-caixa-conversao 1.0.0,32,ok
178691,per178691_1911_09656,1,0,0,,,triagem/nome-caixa-conversao 1.0.0,32,ok
178691,per178691_1911_09656,2,1,1,caixa de conver,18993,triagem/nome-caixa-conversao 1.0.0,32,ok
178691,per178691_1911_09656,3,0,0,,,triagem/nome-caixa-conversao 1.0.0,32,ok
178691,per178691_1911_09656,4,0,0,,,triagem/nome-caixa-conversao 1.0.0,32,ok
178691,per178691_1911_09656,5,0,0,,,triagem/nome-caixa-conversao 1.0.0,32,ok
178691,per178691_1911_09656,6,0,0,,,triagem/nome-caixa-conversao 1.0.0,32,ok
178691,per178691_1911_09656,7,0,0,,,triagem/nome-caixa-conversao 1.0.0,32,ok
178691,per178691_1911_09656,8,0,0,,,triagem/nome-caixa-conversao 1.0.0,32,ok
178691,per178691_1911_09656,9,0,0,,,triagem/nome-caixa-conversao 1.0.0,32,ok
178691,per178691_1911_09656,10,1,1,caixa de conver,24765,triagem/nome-caixa-conversao 1.0.0,32,ok
178691,per178691_1911_09656,11,1,1,caixa de conver,6606,triagem/nome-caixa-conversao 1.0.0,32,ok
178691,per178691_1911_09656,12,0,0,,,triagem/nome-caixa-conversao 1.0.0,32,ok
178691,per178691_1911_09656,13,0,0,,,triagem/nome-caixa-conversao 1.0.0,32,ok
178691,per178691_1911_09656,14,0,0,,,triagem/nome-caixa-conversao 1.0.0,32,ok
178691,per178691_1911_09656,15,0,0,,,triagem/nome-caixa-conversao 1.0.0,32,ok
178691,per178691_1911_09656,16,0,0,,,triagem/nome-caixa-conversao 1.0.0,32,ok
178691,per178691_1911_09657,1,1,2,caixa deconver,12666,triagem/nome-caixa-conversao 1.0.0,32,ok
178691,per178691_1911_09657,2,0,0,,,triagem/nome-caixa-conversao 1.0.0,32,ok
178691,per178691_1911_09657,3,0,0,,,triagem/nome-caixa-conversao 1.0.0,32,ok
178691,per178691_1911_09657,4,0,0,,,triagem/nome-caixa-conversao 1.0.0,32,ok
178691,per178691_1911_09657,5,0,0,,,triagem/nome-caixa-conversao 1.0.0,32,ok
178691,per178691_1911_09657,6,0,0,,,triagem/nome-caixa-conversao 1.0.0,32,ok
178691,per178691_1911_09657,7,0,0,,,triagem/nome-caixa-conversao 1.0.0,32,ok
178691,per178691_1911_09657,8,0,0,,,triagem/nome-caixa-conversao 1.0.0,32,ok
178691,per178691_1911_09657,9,0,0,,,triagem/nome-caixa-conversao 1.0.0,32,ok
178691,per178691_1911_09657,10,0,0,,,triagem/nome-caixa-conversao 1.0.0,32,ok
178691,per178691_1911_09657,11,0,0,,,triagem/nome-caixa-conversao 1.0.0,32,ok
178691,per178691_1911_09657,12,0,0,,,triagem/nome-caixa-conversao 1.0.0,32,ok
178691,per178691_1911_09658,1,1,2,caixa de conver,26005,triagem/nome-caixa-conversao 1.0.0,32,ok
178691,per178691_1911_09658,2,0,0,,,triagem/nome-caixa-conversao 1.0.0,32,ok
178691,per178691_1911_09658,3,0,0,,,triagem/nome-caixa-conversao 1.0.0,32,ok
178691,per178691_1911_09658,4,0,0,,,triagem/nome-caixa-conversao 1.0.0,32,ok
178691,per178691_1911_09658,5,0,0,,,triagem/nome-caixa-conversao 1.0.0,32,ok
178691,per178691_1911_09658,6,0,0,,,triagem/nome-caixa-conversao 1.0.0,32,ok
178691,per178691_1911_09658,7,1,1,caixa de conver,35848,triagem/nome-caixa-conversao 1.0.0,32,ok
178691,per178691_1911_09658,8,0,0,,,triagem/nome-caixa-conversao 1.0.0,32,ok
178691,per178691_1911_09658,9,0,0,,,triagem/nome-caixa-conversao 1.0.0,32,ok
178691,per178691_1911_09658,10,0,0,,,triagem/nome-caixa-conversao 1.0.0,32,ok
178691,per178691_1911_09658,11,0,0,,,triagem/nome-caixa-conversao 1.0.0,32,ok
178691,per178691_1911_09658,12,0,0,,,triagem/nome-caixa-conversao 1.0.0,32,ok
178691,per178691_1911_09659,1,0,0,,,triagem/nome-caixa-conversao 1.0.0,32,ok
178691,per178691_1911_09659,2,1,1,caixade conver,13528,triagem/nome-caixa-conversao 1.0.0,32,ok
178691,per178691_1911_09659,3,0,0,,,triagem/nome-caixa-conversao 1.0.0,32,ok
178691,per178691_1911_09659,4,0,0,,,triagem/nome-caixa-conversao 1.0.0,32,ok
178691,per178691_1911_09659,5,0,0,,,triagem/nome-caixa-conversao 1.0.0,32,ok
178691,per178691_1911_09659,6,1,1,caixa de conver,44109,triagem/nome-caixa-conversao 1.0.0,32,ok
178691,per178691_1911_09659,7,0,0,,,triagem/nome-caixa-conversao 1.0.0,32,ok
178691,per178691_1911_09659,8,0,0,,,triagem/nome-caixa-conversao 1.0.0,32,ok
178691,per178691_1911_09659,9,0,0,,,triagem/nome-caixa-conversao 1.0.0,32,ok
178691,per178691_1911_09659,10,0,0,,,triagem/nome-caixa-conversao 1.0.0,32,ok
178691,per178691_1911_09659,11,0,0,,,triagem/nome-caixa-conversao 1.0.0,32,ok
178691,per178691_1911_09659,12,0,0,,,triagem/nome-caixa-conversao 1.0.0,32,ok
178691,per178691_1911_09660,1,0,0,,,triagem/nome-caixa-conversao 1.0.0,32,ok
178691,per178691_1911_09660,2,1,1,caixade conver,21939,triagem/nome-caixa-conversao 1.0.0,32,ok
178691,per178691_1911_09660,3,0,0,,,triagem/nome-caixa-conversao 1.0.0,32,ok
178691,per178691_1911_09660,4,0,0,,,triagem/nome-caixa-conversao 1.0.0,32,ok
178691,per178691_1911_09660,5,0,0,,,triagem/nome-caixa-conversao 1.0.0,32,ok
178691,per178691_1911_09660,6,0,0,,,triagem/nome-caixa-conversao 1.0.0,32,ok
178691,per178691_1911_09660,7,0,0,,,triagem/nome-caixa-conversao 1.0.0,32,ok
178691,per178691_1911_09660,8,0,0,,,triagem/nome-caixa-conversao 1.0.0,32,ok
178691,per178691_1911_09660,9,0,0,,,triagem/nome-caixa-conversao 1.0.0,32,ok
178691,per178691_1911_09660,10,0,0,,,triagem/nome-caixa-conversao 1.0.0,32,ok
178691,per178691_1911_09660,11,0,0,,,triagem/nome-caixa-conversao 1.0.0,32,ok
178691,per178691_1911_09660,12,0,0,,,triagem/nome-caixa-conversao 1.0.0,32,ok
178691,per178691_1911_09660,13,0,0,,,triagem/nome-caixa-conversao 1.0.0,32,ok
178691,per178691_1911_09660,14,0,0,,,triagem/nome-caixa-conversao 1.0.0,32,ok
178691,per178691_1911_09660,15,0,0,,,triagem/nome-caixa-conversao 1.0.0,32,ok
178691,per178691_1911_09660,16,0,0,,,triagem/nome-caixa-conversao 1.0.0,32,ok
178691,per178691_1911_09661,1,0,0,,,triagem/nome-caixa-conversao 1.0.0,32,ok
178691,per178691_1911_09661,2,0,0,,,triagem/nome-caixa-conversao 1.0.0,32,ok
178691,per178691_1911_09661,3,0,0,,,triagem/nome-caixa-conversao 1.0.0,32,ok
178691,per178691_1911_09661,4,0,0,,,triagem/nome-caixa-conversao 1.0.0,32,ok
178691,per178691_1911_09661,5,0,0,,,triagem/nome-caixa-conversao 1.0.0,32,ok
178691,per178691_1911_09661,6,0,0,,,triagem/nome-caixa-conversao 1.0.0,32,ok
178691,per178691_1911_09661,7,0,0,,,triagem/nome-caixa-conversao 1.0.0,32,ok
178691,per178691_1911_09661,8,0,0,,,triagem/nome-caixa-conversao 1.0.0,32,ok
178691,per178691_1911_09661,9,0,0,,,triagem/nome-caixa-conversao 1.0.0,32,ok
178691,per178691_1911_09661,10,0,0,,,triagem/nome-caixa-conversao 1.0.0,32,ok
178691,per178691_1911_09662,1,1,2,caixa de conver,27369,triagem/nome-caixa-conversao 1.0.0,32,ok
178691,per178691_1911_09662,2,0,0,,,triagem/nome-caixa-conversao 1.0.0,32,ok
178691,per178691_1911_09662,3,0,0,,,triagem/nome-caixa-conversao 1.0.0,32,ok
178691,per178691_1911_09662,4,0,0,,,triagem/nome-caixa-conversao 1.0.0,32,ok
178691,per178691_1911_09662,5,1,1,caixa de conver,13722,triagem/nome-caixa-conversao 1.0.0,32,ok
178691,per178691_1911_09662,6,0,0,,,triagem/nome-caixa-conversao 1.0.0,32,ok
178691,per178691_1911_09662,7,0,0,,,triagem/nome-caixa-conversao 1.0.0,32,ok
178691,per178691_1911_09662,8,0,0,,,triagem/nome-caixa-conversao 1.0.0,32,ok
178691,per178691_1911_09662,9,0,0,,,triagem/nome-caixa-conversao 1.0.0,32,ok
178691,per178691_1911_09662,10,0,0,,,triagem/nome-caixa-conversao 1.0.0,32,ok
178691,per178691_1911_09662,11,0,0,,,triagem/nome-caixa-conversao 1.0.0,32,ok
178691,per178691_1911_09662,12,0,0,,,triagem/nome-caixa-conversao 1.0.0,32,ok
178691,per178691_1911_09663,1,0,0,,,triagem/nome-caixa-conversao 1.0.0,32,ok
178691,per178691_1911_09663,2,1,1,caixade conver,8489,triagem/nome-caixa-conversao 1.0.0,32,ok
178691,per178691_1911_09663,3,0,0,,,triagem/nome-caixa-conversao 1.0.0,32,ok
178691,per178691_1911_09663,4,0,0,,,triagem/nome-caixa-conversao 1.0.0,32,ok
178691,per178691_1911_09663,5,0,0,,,triagem/nome-caixa-conversao 1.0.0,32,ok
178691,per178691_1911_09663,6,0,0,,,triagem/nome-caixa-conversao 1.0.0,32,ok
178691,per178691_1911_09663,7,0,0,,,triagem/nome-caixa-conversao 1.0.0,32,ok
178691,per178691_1911_09663,8,1,1,caixa de conver,39539,triagem/nome-caixa-conversao 1.0.0,32,ok
178691,per178691_1911_09663,9,0,0,,,triagem/nome-caixa-conversao 1.0.0,32,ok
178691,per178691_1911_09663,10,0,0,,,triagem/nome-caixa-conversao 1.0.0,32,ok
178691,per178691_1911_09663,11,0,0,,,triagem/nome-caixa-conversao 1.0.0,32,ok
178691,per178691_1911_09663,12,1,1,caixa db conver,1228,triagem/nome-caixa-conversao 1.0.0,32,ok
178691,per178691_1911_09663,13,0,0,,,triagem/nome-caixa-conversao 1.0.0,32,ok
178691,per178691_1911_09663,14,0,0,,,triagem/nome-caixa-conversao 1.0.0,32,ok
178691,per178691_1911_09663,15,0,0,,,triagem/nome-caixa-conversao 1.0.0,32,ok
178691,per178691_1911_09663,16,0,0,,,triagem/nome-caixa-conversao 1.0.0,32,ok
178691,per178691_1911_09664,1,0,0,,,triagem/nome-caixa-conversao 1.0.0,32,ok
178691,per178691_1911_09664,2,1,2,caixa de conver,34784,triagem/nome-caixa-conversao 1.0.0,32,ok
178691,per178691_1911_09664,3,0,0,,,triagem/nome-caixa-conversao 1.0.0,32,ok
178691,per178691_1911_09664,4,0,0,,,triagem/nome-caixa-conversao 1.0.0,32,ok
178691,per178691_1911_09664,5,0,0,,,triagem/nome-caixa-conversao 1.0.0,32,ok
178691,per178691_1911_09664,6,0,0,,,triagem/nome-caixa-conversao 1.0.0,32,ok
178691,per178691_1911_09664,7,0,0,,,triagem/nome-caixa-conversao 1.0.0,32,ok
178691,per178691_1911_09664,8,0,0,,,triagem/nome-caixa-conversao 1.0.0,32,ok
178691,per178691_1911_09664,9,0,0,,,triagem/nome-caixa-conversao 1.0.0,32,ok
178691,per178691_1911_09664,10,0,0,,,triagem/nome-caixa-conversao 1.0.0,32,ok
178691,per178691_1911_09664,11,0,0,,,triagem/nome-caixa-conversao 1.0.0,32,ok
178691,per178691_1911_09664,12,0,0,,,triagem/nome-caixa-conversao 1.0.0,32,ok
178691,per178691_1911_09665,1,1,1,caixa de conver,23159,triagem/nome-caixa-conversao 1.0.0,32,ok
178691,per178691_1911_09665,2,0,0,,,triagem/nome-caixa-conversao 1.0.0,32,ok
178691,per178691_1911_09665,3,0,0,,,triagem/nome-caixa-conversao 1.0.0,32,ok
178691,per178691_1911_09665,4,0,0,,,triagem/nome-caixa-conversao 1.0.0,32,ok
178691,per178691_1911_09665,5,0,0,,,triagem/nome-caixa-conversao 1.0.0,32,ok
178691,per178691_1911_09665,6,0,0,,,triagem/nome-caixa-conversao 1.0.0,32,ok
178691,per178691_1911_09665,7,0,0,,,triagem/nome-caixa-conversao 1.0.0,32,ok
178691,per178691_1911_09665,8,0,0,,,triagem/nome-caixa-conversao 1.0.0,32,ok
178691,per178691_1911_09665,9,0,0,,,triagem/nome-caixa-conversao 1.0.0,32,ok
178691,per178691_1911_09665,10,0,0,,,triagem/nome-caixa-conversao 1.0.0,32,ok
178691,per178691_1911_09665,11,0,0,,,triagem/nome-caixa-conversao 1.0.0,32,ok
178691,per178691_1911_09665,12,0,0,,,triagem/nome-caixa-conversao 1.0.0,32,ok
178691,per178691_1911_09666,1,0,0,,,triagem/nome-caixa-conversao 1.0.0,32,ok
178691,per178691_1911_09666,2,0,0,,,triagem/nome-caixa-conversao 1.0.0,32,ok
178691,per178691_1911_09666,3,0,0,,,triagem/nome-caixa-conversao 1.0.0,32,ok
178691,per178691_1911_09666,4,0,0,,,triagem/nome-caixa-conversao 1.0.0,32,ok
178691,per178691_1911_09666,5,1,1,caixa de conver,29181,triagem/nome-caixa-conversao 1.0.0,32,ok
178691,per178691_1911_09666,6,1,1,caixa de conver,3170,triagem/nome-caixa-conversao 1.0.0,32,ok
178691,per178691_1911_09666,7,0,0,,,triagem/nome-caixa-conversao 1.0.0,32,ok
178691,per178691_1911_09666,8,0,0,,,triagem/nome-caixa-conversao 1.0.0,32,ok
178691,per178691_1911_09666,9,0,0,,,triagem/nome-caixa-conversao 1.0.0,32,ok
178691,per178691_1911_09666,10,0,0,,,triagem/nome-caixa-conversao 1.0.0,32,ok
178691,per178691_1911_09666,11,0,0,,,triagem/nome-caixa-conversao 1.0.0,32,ok
178691,per178691_1911_09666,12,0,0,,,triagem/nome-caixa-conversao 1.0.0,32,ok
178691,per178691_1911_09667,1,0,0,,,triagem/nome-caixa-conversao 1.0.0,32,ok
178691,per178691_1911_09667,2,0,0,,,triagem/nome-caixa-conversao 1.0.0,32,ok
178691,per178691_1911_09667,3,0,0,,,triagem/nome-caixa-conversao 1.0.0,32,ok
178691,per178691_1911_09667,4,0,0,,,triagem/nome-caixa-conversao 1.0.0,32,ok
178691,per178691_1911_09667,5,0,0,,,triagem/nome-caixa-conversao 1.0.0,32,ok
178691,per178691_1911_09667,6,0,0,,,triagem/nome-caixa-conversao 1.0.0,32,ok
178691,per178691_1911_09667,7,1,1,caixa de conver,42595,triagem/nome-caixa-conversao 1.0.0,32,ok
178691,per178691_1911_09667,8,1,1,caixa de conver,3165,triagem/nome-caixa-conversao 1.0.0,32,ok
178691,per178691_1911_09667,9,0,0,,,triagem/nome-caixa-conversao 1.0.0,32,ok
178691,per178691_1911_09667,10,0,0,,,triagem/nome-caixa-conversao 1.0.0,32,ok
178691,per178691_1911_09667,11,0,0,,,triagem/nome-caixa-conversao 1.0.0,32,ok
178691,per178691_1911_09667,12,0,0,,,triagem/nome-caixa-conversao 1.0.0,32,ok
178691,per178691_1911_09667,13,0,0,,,triagem/nome-caixa-conversao 1.0.0,32,ok
178691,per178691_1911_09667,14,0,0,,,triagem/nome-caixa-conversao 1.0.0,32,ok
178691,per178691_1911_09667,15,0,0,,,triagem/nome-caixa-conversao 1.0.0,32,ok
178691,per178691_1911_09667,16,0,0,,,triagem/nome-caixa-conversao 1.0.0,32,ok
178691,per178691_1911_09668,1,0,0,,,triagem/nome-caixa-conversao 1.0.0,32,ok
178691,per178691_1911_09668,2,0,0,,,triagem/nome-caixa-conversao 1.0.0,32,ok
178691,per178691_1911_09668,3,0,0,,,triagem/nome-caixa-conversao 1.0.0,32,ok
178691,per178691_1911_09668,4,0,0,,,triagem/nome-caixa-conversao 1.0.0,32,ok
178691,per178691_1911_09668,5,0,0,,,triagem/nome-caixa-conversao 1.0.0,32,ok
178691,per178691_1911_09668,6,0,0,,,triagem/nome-caixa-conversao 1.0.0,32,ok
178691,per178691_1911_09668,7,0,0,,,triagem/nome-caixa-conversao 1.0.0,32,ok
178691,per178691_1911_09668,8,1,1,caixa de conver,28470,triagem/nome-caixa-conversao 1.0.0,32,ok
178691,per178691_1911_09668,9,0,0,,,triagem/nome-caixa-conversao 1.0.0,32,ok
178691,per178691_1911_09668,10,0,0,,,triagem/nome-caixa-conversao 1.0.0,32,ok
178691,per178691_1911_09668,11,0,0,,,triagem/nome-caixa-conversao 1.0.0,32,ok
178691,per178691_1911_09668,12,0,0,,,triagem/nome-caixa-conversao 1.0.0,32,ok
178691,per178691_1911_09669,1,0,0,,,triagem/nome-caixa-conversao 1.0.0,32,ok
178691,per178691_1911_09669,2,0,0,,,triagem/nome-caixa-conversao 1.0.0,32,ok
178691,per178691_1911_09669,3,0,0,,,triagem/nome-caixa-conversao 1.0.0,32,ok
178691,per178691_1911_09669,4,0,0,,,triagem/nome-caixa-conversao 1.0.0,32,ok
178691,per178691_1911_09669,5,0,0,,,triagem/nome-caixa-conversao 1.0.0,32,ok
178691,per178691_1911_09669,6,0,0,,,triagem/nome-caixa-conversao 1.0.0,32,ok
178691,per178691_1911_09669,7,1,1,caixa daconver,26444,triagem/nome-caixa-conversao 1.0.0,32,ok
178691,per178691_1911_09669,8,0,0,,,triagem/nome-caixa-conversao 1.0.0,32,ok
178691,per178691_1911_09669,9,0,0,,,triagem/nome-caixa-conversao 1.0.0,32,ok
178691,per178691_1911_09669,10,0,0,,,triagem/nome-caixa-conversao 1.0.0,32,ok
178691,per178691_1911_09669,11,0,0,,,triagem/nome-caixa-conversao 1.0.0,32,ok
178691,per178691_1911_09669,12,0,0,,,triagem/nome-caixa-conversao 1.0.0,32,ok
178691,per178691_1911_09670,1,0,0,,,triagem/nome-caixa-conversao 1.0.0,32,ok
178691,per178691_1911_09670,2,1,1,caixa de conver,41696,triagem/nome-caixa-conversao 1.0.0,32,ok
178691,per178691_1911_09670,3,0,0,,,triagem/nome-caixa-conversao 1.0.0,32,ok
178691,per178691_1911_09670,4,0,0,,,triagem/nome-caixa-conversao 1.0.0,32,ok
178691,per178691_1911_09670,5,0,0,,,triagem/nome-caixa-conversao 1.0.0,32,ok
178691,per178691_1911_09670,6,0,0,,,triagem/nome-caixa-conversao 1.0.0,32,ok
178691,per178691_1911_09670,7,0,0,,,triagem/nome-caixa-conversao 1.0.0,32,ok
178691,per178691_1911_09670,8,0,0,,,triagem/nome-caixa-conversao 1.0.0,32,ok
178691,per178691_1911_09670,9,1,1,caixa deconver,29944,triagem/nome-caixa-conversao 1.0.0,32,ok
178691,per178691_1911_09670,10,0,0,,,triagem/nome-caixa-conversao 1.0.0,32,ok
178691,per178691_1911_09670,11,0,0,,,triagem/nome-caixa-conversao 1.0.0,32,ok
178691,per178691_1911_09670,12,0,0,,,triagem/nome-caixa-conversao 1.0.0,32,ok
178691,per178691_1911_09671,1,0,0,,,triagem/nome-caixa-conversao 1.0.0,32,ok
178691,per178691_1911_09671,2,1,1,caixa de conver,13253,triagem/nome-caixa-conversao 1.0.0,32,ok
178691,per178691_1911_09671,3,0,0,,,triagem/nome-caixa-conversao 1.0.0,32,ok
178691,per178691_1911_09671,4,0,0,,,triagem/nome-caixa-conversao 1.0.0,32,ok
178691,per178691_1911_09671,5,0,0,,,triagem/nome-caixa-conversao 1.0.0,32,ok
178691,per178691_1911_09671,6,0,0,,,triagem/nome-caixa-conversao 1.0.0,32,ok
178691,per178691_1911_09671,7,0,0,,,triagem/nome-caixa-conversao 1.0.0,32,ok
178691,per178691_1911_09671,8,0,0,,,triagem/nome-caixa-conversao 1.0.0,32,ok
178691,per178691_1911_09671,9,0,0,,,triagem/nome-caixa-conversao 1.0.0,32,ok
178691,per178691_1911_09671,10,0,0,,,triagem/nome-caixa-conversao 1.0.0,32,ok
178691,per178691_1911_09671,11,0,0,,,triagem/nome-caixa-conversao 1.0.0,32,ok
178691,per178691_1911_09671,12,0,0,,,triagem/nome-caixa-conversao 1.0.0,32,ok
178691,per178691_1911_09672,1,0,0,,,triagem/nome-caixa-conversao 1.0.0,32,ok
178691,per178691_1911_09672,2,0,0,,,triagem/nome-caixa-conversao 1.0.0,32,ok
178691,per178691_1911_09672,3,0,0,,,triagem/nome-caixa-conversao 1.0.0,32,ok
178691,per178691_1911_09672,4,0,0,,,triagem/nome-caixa-conversao 1.0.0,32,ok
178691,per178691_1911_09672,5,0,0,,,triagem/nome-caixa-conversao 1.0.0,32,ok
178691,per178691_1911_09672,6,0,0,,,triagem/nome-caixa-conversao 1.0.0,32,ok
178691,per178691_1911_09672,7,0,0,,,triagem/nome-caixa-conversao 1.0.0,32,ok
178691,per178691_1911_09672,8,0,0,,,triagem/nome-caixa-conversao 1.0.0,32,ok
178691,per178691_1911_09672,9,0,0,,,triagem/nome-caixa-conversao 1.0.0,32,ok
178691,per178691_1911_09672,10,0,0,,,triagem/nome-caixa-conversao 1.0.0,32,ok
178691,per178691_1911_09672,11,0,0,,,triagem/nome-caixa-conversao 1.0.0,32,ok
178691,per178691_1911_09672,12,0,0,,,triagem/nome-caixa-conversao 1.0.0,32,ok
178691,per178691_1911_09672,13,0,0,,,triagem/nome-caixa-conversao 1.0.0,32,ok
178691,per178691_1911_09672,14,0,0,,,triagem/nome-caixa-conversao 1.0.0,32,ok
178691,per178691_1911_09672,15,0,0,,,triagem/nome-caixa-conversao 1.0.0,32,ok
178691,per178691_1911_09672,16,0,0,,,triagem/nome-caixa-conversao 1.0.0,32,ok
178691,per178691_1911_09673,1,0,0,,,triagem/nome-caixa-conversao 1.0.0,32,ok
178691,per178691_1911_09673,2,0,0,,,triagem/nome-caixa-conversao 1.0.0,32,ok
178691,per178691_1911_09673,3,1,1,caixade conver,5730,triagem/nome-caixa-conversao 1.0.0,32,ok
178691,per178691_1911_09673,4,0,0,,,triagem/nome-caixa-conversao 1.0.0,32,ok
178691,per178691_1911_09673,5,0,0,,,triagem/nome-caixa-conversao 1.0.0,32,ok
178691,per178691_1911_09673,6,0,0,,,triagem/nome-caixa-conversao 1.0.0,32,ok
178691,per178691_1911_09673,7,0,0,,,triagem/nome-caixa-conversao 1.0.0,32,ok
178691,per178691_1911_09673,8,0,0,,,triagem/nome-caixa-conversao 1.0.0,32,ok
178691,per178691_1911_09673,9,0,0,,,triagem/nome-caixa-conversao 1.0.0,32,ok
178691,per178691_1911_09673,10,0,0,,,triagem/nome-caixa-conversao 1.0.0,32,ok
178691,per178691_1911_09673,11,0,0,,,triagem/nome-caixa-conversao 1.0.0,32,ok
178691,per178691_1911_09673,12,0,0,,,triagem/nome-caixa-conversao 1.0.0,32,ok
178691,per178691_1911_09674,1,0,0,,,triagem/nome-caixa-conversao 1.0.0,32,ok
178691,per178691_1911_09674,2,1,1,caixade conver,30981,triagem/nome-caixa-conversao 1.0.0,32,ok
178691,per178691_1911_09674,3,0,0,,,triagem/nome-caixa-conversao 1.0.0,32,ok
178691,per178691_1911_09674,4,0,0,,,triagem/nome-caixa-conversao 1.0.0,32,ok
178691,per178691_1911_09674,5,0,0,,,triagem/nome-caixa-conversao 1.0.0,32,ok
178691,per178691_1911_09674,6,0,0,,,triagem/nome-caixa-conversao 1.0.0,32,ok
178691,per178691_1911_09674,7,0,0,,,triagem/nome-caixa-conversao 1.0.0,32,ok
178691,per178691_1911_09674,8,0,0,,,triagem/nome-caixa-conversao 1.0.0,32,ok
178691,per178691_1911_09674,9,1,1,caixa de conver,33107,triagem/nome-caixa-conversao 1.0.0,32,ok
178691,per178691_1911_09674,10,0,0,,,triagem/nome-caixa-conversao 1.0.0,32,ok
178691,per178691_1911_09674,11,0,0,,,triagem/nome-caixa-conversao 1.0.0,32,ok
178691,per178691_1911_09674,12,0,0,,,triagem/nome-caixa-conversao 1.0.0,32,ok
178691,per178691_1911_09674,13,0,0,,,triagem/nome-caixa-conversao 1.0.0,32,ok
178691,per178691_1911_09674,14,0,0,,,triagem/nome-caixa-conversao 1.0.0,32,ok
178691,per178691_1911_09674,15,0,0,,,triagem/nome-caixa-conversao 1.0.0,32,ok
178691,per178691_1911_09674,16,0,0,,,triagem/nome-caixa-conversao 1.0.0,32,ok
178691,per178691_1911_09675,1,1,1,caixa de conver,13309,triagem/nome-caixa-conversao 1.0.0,32,ok
178691,per178691_1911_09675,2,0,0,,,triagem/nome-caixa-conversao 1.0.0,32,ok
178691,per178691_1911_09675,3,0,0,,,triagem/nome-caixa-conversao 1.0.0,32,ok
178691,per178691_1911_09675,4,0,0,,,triagem/nome-caixa-conversao 1.0.0,32,ok
178691,per178691_1911_09675,5,0,0,,,triagem/nome-caixa-conversao 1.0.0,32,ok
178691,per178691_1911_09675,6,0,0,,,triagem/nome-caixa-conversao 1.0.0,32,ok
178691,per178691_1911_09675,7,0,0,,,triagem/nome-caixa-conversao 1.0.0,32,ok
178691,per178691_1911_09675,8,0,0,,,triagem/nome-caixa-conversao 1.0.0,32,ok
178691,per178691_1911_09675,9,0,0,,,triagem/nome-caixa-conversao 1.0.0,32,ok
178691,per178691_1911_09675,10,0,0,,,triagem/nome-caixa-conversao 1.0.0,32,ok
178691,per178691_1911_09676,1,0,0,,,triagem/nome-caixa-conversao 1.0.0,32,ok
178691,per178691_1911_09676,2,1,1,caixa dc conver,29210,triagem/nome-caixa-conversao 1.0.0,32,ok
178691,per178691_1911_09676,3,0,0,,,triagem/nome-caixa-conversao 1.0.0,32,ok
178691,per178691_1911_09676,4,0,0,,,triagem/nome-caixa-conversao 1.0.0,32,ok
178691,per178691_1911_09676,5,0,0,,,triagem/nome-caixa-conversao 1.0.0,32,ok
178691,per178691_1911_09676,6,1,1,caixa de conver,18125,triagem/nome-caixa-conversao 1.0.0,32,ok
178691,per178691_1911_09676,7,0,0,,,triagem/nome-caixa-conversao 1.0.0,32,ok
178691,per178691_1911_09676,8,0,0,,,triagem/nome-caixa-conversao 1.0.0,32,ok
178691,per178691_1911_09676,9,0,0,,,triagem/nome-caixa-conversao 1.0.0,32,ok
178691,per178691_1911_09676,10,0,0,,,triagem/nome-caixa-conversao 1.0.0,32,ok
178691,per178691_1911_09676,11,0,0,,,triagem/nome-caixa-conversao 1.0.0,32,ok
178691,per178691_1911_09676,12,0,0,,,triagem/nome-caixa-conversao 1.0.0,32,ok
178691,per178691_1911_09677,1,0,0,,,triagem/nome-caixa-conversao 1.0.0,32,ok
178691,per178691_1911_09677,2,1,1,caixa dc conver,2400,triagem/nome-caixa-conversao 1.0.0,32,ok
178691,per178691_1911_09677,3,0,0,,,triagem/nome-caixa-conversao 1.0.0,32,ok
178691,per178691_1911_09677,4,0,0,,,triagem/nome-caixa-conversao 1.0.0,32,ok
178691,per178691_1911_09677,5,0,0,,,triagem/nome-caixa-conversao 1.0.0,32,ok
178691,per178691_1911_09677,6,0,0,,,triagem/nome-caixa-conversao 1.0.0,32,ok
178691,per178691_1911_09677,7,0,0,,,triagem/nome-caixa-conversao 1.0.0,32,ok
178691,per178691_1911_09677,8,0,0,,,triagem/nome-caixa-conversao 1.0.0,32,ok
178691,per178691_1911_09677,9,0,0,,,triagem/nome-caixa-conversao 1.0.0,32,ok
178691,per178691_1911_09677,10,0,0,,,triagem/nome-caixa-conversao 1.0.0,32,ok
178691,per178691_1911_09677,11,0,0,,,triagem/nome-caixa-conversao 1.0.0,32,ok
178691,per178691_1911_09677,12,1,1,caixa de conver,5044,triagem/nome-caixa-conversao 1.0.0,32,ok
178691,per178691_1911_09677,13,0,0,,,triagem/nome-caixa-conversao 1.0.0,32,ok
178691,per178691_1911_09677,14,0,0,,,triagem/nome-caixa-conversao 1.0.0,32,ok
178691,per178691_1911_09677,15,0,0,,,triagem/nome-caixa-conversao 1.0.0,32,ok
178691,per178691_1911_09677,16,0,0,,,triagem/nome-caixa-conversao 1.0.0,32,ok
178691,per178691_1911_09678,1,0,0,,,triagem/nome-caixa-conversao 1.0.0,32,ok
178691,per178691_1911_09678,2,0,0,,,triagem/nome-caixa-conversao 1.0.0,32,ok
178691,per178691_1911_09678,3,0,0,,,triagem/nome-caixa-conversao 1.0.0,32,ok
178691,per178691_1911_09678,4,0,0,,,triagem/nome-caixa-conversao 1.0.0,32,ok
178691,per178691_1911_09678,5,0,0,,,triagem/nome-caixa-conversao 1.0.0,32,ok
178691,per178691_1911_09678,6,0,0,,,triagem/nome-caixa-conversao 1.0.0,32,ok
178691,per178691_1911_09678,7,0,0,,,triagem/nome-caixa-conversao 1.0.0,32,ok
178691,per178691_1911_09678,8,0,0,,,triagem/nome-caixa-conversao 1.0.0,32,ok
178691,per178691_1911_09678,9,0,0,,,triagem/nome-caixa-conversao 1.0.0,32,ok
178691,per178691_1911_09678,10,0,0,,,triagem/nome-caixa-conversao 1.0.0,32,ok
178691,per178691_1911_09678,11,0,0,,,triagem/nome-caixa-conversao 1.0.0,32,ok
178691,per178691_1911_09678,12,1,1,caixa de conver,10894,triagem/nome-caixa-conversao 1.0.0,32,ok
178691,per178691_1911_09678,13,0,0,,,triagem/nome-caixa-conversao 1.0.0,32,ok
178691,per178691_1911_09678,14,0,0,,,triagem/nome-caixa-conversao 1.0.0,32,ok
178691,per178691_1911_09678,15,0,0,,,triagem/nome-caixa-conversao 1.0.0,32,ok
178691,per178691_1911_09678,16,0,0,,,triagem/nome-caixa-conversao 1.0.0,32,ok
178691,per178691_1911_09679,1,1,2,caixa de conver,21542,triagem/nome-caixa-conversao 1.0.0,32,ok
178691,per178691_1911_09679,2,0,0,,,triagem/nome-caixa-conversao 1.0.0,32,ok
178691,per178691_1911_09679,3,0,0,,,triagem/nome-caixa-conversao 1.0.0,32,ok
178691,per178691_1911_09679,4,0,0,,,triagem/nome-caixa-conversao 1.0.0,32,ok
178691,per178691_1911_09679,5,0,0,,,triagem/nome-caixa-conversao 1.0.0,32,ok
178691,per178691_1911_09679,6,0,0,,,triagem/nome-caixa-conversao 1.0.0,32,ok
178691,per178691_1911_09679,7,0,0,,,triagem/nome-caixa-conversao 1.0.0,32,ok
178691,per178691_1911_09679,8,1,1,caixa db conver,8110,triagem/nome-caixa-conversao 1.0.0,32,ok
178691,per178691_1911_09679,9,0,0,,,triagem/nome-caixa-conversao 1.0.0,32,ok
178691,per178691_1911_09679,10,0,0,,,triagem/nome-caixa-conversao 1.0.0,32,ok
178691,per178691_1911_09679,11,0,0,,,triagem/nome-caixa-conversao 1.0.0,32,ok
178691,per178691_1911_09679,12,0,0,,,triagem/nome-caixa-conversao 1.0.0,32,ok
178691,per178691_1911_09680,1,0,0,,,triagem/nome-caixa-conversao 1.0.0,32,ok
178691,per178691_1911_09680,2,0,0,,,triagem/nome-caixa-conversao 1.0.0,32,ok
178691,per178691_1911_09680,3,0,0,,,triagem/nome-caixa-conversao 1.0.0,32,ok
178691,per178691_1911_09680,4,0,0,,,triagem/nome-caixa-conversao 1.0.0,32,ok
178691,per178691_1911_09680,5,0,0,,,triagem/nome-caixa-conversao 1.0.0,32,ok
178691,per178691_1911_09680,6,0,0,,,triagem/nome-caixa-conversao 1.0.0,32,ok
178691,per178691_1911_09680,7,1,1,caixa dc conver,28144,triagem/nome-caixa-conversao 1.0.0,32,ok
178691,per178691_1911_09680,8,1,1,caixa de conver,17493,triagem/nome-caixa-conversao 1.0.0,32,ok
178691,per178691_1911_09680,9,0,0,,,triagem/nome-caixa-conversao 1.0.0,32,ok
178691,per178691_1911_09680,10,0,0,,,triagem/nome-caixa-conversao 1.0.0,32,ok
178691,per178691_1911_09680,11,0,0,,,triagem/nome-caixa-conversao 1.0.0,32,ok
178691,per178691_1911_09680,12,0,0,,,triagem/nome-caixa-conversao 1.0.0,32,ok
178691,per178691_1911_09681,1,1,1,caixa de conver,15106,triagem/nome-caixa-conversao 1.0.0,32,ok
178691,per178691_1911_09681,2,0,0,,,triagem/nome-caixa-conversao 1.0.0,32,ok
178691,per178691_1911_09681,3,0,0,,,triagem/nome-caixa-conversao 1.0.0,32,ok
178691,per178691_1911_09681,4,0,0,,,triagem/nome-caixa-conversao 1.0.0,32,ok
178691,per178691_1911_09681,5,0,0,,,triagem/nome-caixa-conversao 1.0.0,32,ok
178691,per178691_1911_09681,6,0,0,,,triagem/nome-caixa-conversao 1.0.0,32,ok
178691,per178691_1911_09681,7,0,0,,,triagem/nome-caixa-conversao 1.0.0,32,ok
178691,per178691_1911_09681,8,1,1,caixa de conver,45017,triagem/nome-caixa-conversao 1.0.0,32,ok
178691,per178691_1911_09681,9,0,0,,,triagem/nome-caixa-conversao 1.0.0,32,ok
178691,per178691_1911_09681,10,1,1,caixa de conver,34113,triagem/nome-caixa-conversao 1.0.0,32,ok
178691,per178691_1911_09681,11,0,0,,,triagem/nome-caixa-conversao 1.0.0,32,ok
178691,per178691_1911_09681,12,0,0,,,triagem/nome-caixa-conversao 1.0.0,32,ok
178691,per178691_1911_09681,13,0,0,,,triagem/nome-caixa-conversao 1.0.0,32,ok
178691,per178691_1911_09681,14,0,0,,,triagem/nome-caixa-conversao 1.0.0,32,ok
178691,per178691_1911_09681,15,0,0,,,triagem/nome-caixa-conversao 1.0.0,32,ok
178691,per178691_1911_09681,16,0,0,,,triagem/nome-caixa-conversao 1.0.0,32,ok
178691,per178691_1911_09682,1,1,1,caixa deconver,15255,triagem/nome-caixa-conversao 1.0.0,32,ok
178691,per178691_1911_09682,2,0,0,,,triagem/nome-caixa-conversao 1.0.0,32,ok
178691,per178691_1911_09682,3,0,0,,,triagem/nome-caixa-conversao 1.0.0,32,ok
178691,per178691_1911_09682,4,0,0,,,triagem/nome-caixa-conversao 1.0.0,32,ok
178691,per178691_1911_09682,5,0,0,,,triagem/nome-caixa-conversao 1.0.0,32,ok
178691,per178691_1911_09682,6,0,0,,,triagem/nome-caixa-conversao 1.0.0,32,ok
178691,per178691_1911_09682,7,1,1,caixa de conver,25735,triagem/nome-caixa-conversao 1.0.0,32,ok
178691,per178691_1911_09682,8,0,0,,,triagem/nome-caixa-conversao 1.0.0,32,ok
178691,per178691_1911_09682,9,0,0,,,triagem/nome-caixa-conversao 1.0.0,32,ok
178691,per178691_1911_09682,10,0,0,,,triagem/nome-caixa-conversao 1.0.0,32,ok
178691,per178691_1911_09682,11,0,0,,,triagem/nome-caixa-conversao 1.0.0,32,ok
178691,per178691_1911_09682,12,0,0,,,triagem/nome-caixa-conversao 1.0.0,32,ok
178691,per178691_1911_09683,1,0,0,,,triagem/nome-caixa-conversao 1.0.0,32,ok
178691,per178691_1911_09683,2,0,0,,,triagem/nome-caixa-conversao 1.0.0,32,ok
178691,per178691_1911_09683,3,0,0,,,triagem/nome-caixa-conversao 1.0.0,32,ok
178691,per178691_1911_09683,4,0,0,,,triagem/nome-caixa-conversao 1.0.0,32,ok
178691,per178691_1911_09683,5,0,0,,,triagem/nome-caixa-conversao 1.0.0,32,ok
178691,per178691_1911_09683,6,0,0,,,triagem/nome-caixa-conversao 1.0.0,32,ok
178691,per178691_1911_09683,7,0,0,,,triagem/nome-caixa-conversao 1.0.0,32,ok
178691,per178691_1911_09683,8,0,0,,,triagem/nome-caixa-conversao 1.0.0,32,ok
178691,per178691_1911_09683,9,0,0,,,triagem/nome-caixa-conversao 1.0.0,32,ok
178691,per178691_1911_09683,10,0,0,,,triagem/nome-caixa-conversao 1.0.0,32,ok
178691,per178691_1911_09683,11,0,0,,,triagem/nome-caixa-conversao 1.0.0,32,ok
178691,per178691_1911_09683,12,1,1,caixa de conver,13687,triagem/nome-caixa-conversao 1.0.0,32,ok
178691,per178691_1911_09683,13,0,0,,,triagem/nome-caixa-conversao 1.0.0,32,ok
178691,per178691_1911_09683,14,0,0,,,triagem/nome-caixa-conversao 1.0.0,32,ok
178691,per178691_1911_09683,15,0,0,,,triagem/nome-caixa-conversao 1.0.0,32,ok
178691,per178691_1911_09683,16,0,0,,,triagem/nome-caixa-conversao 1.0.0,32,ok
178691,per178691_1911_09684,1,0,0,,,triagem/nome-caixa-conversao 1.0.0,32,ok
178691,per178691_1911_09684,2,1,1,caixa de conver,25069,triagem/nome-caixa-conversao 1.0.0,32,ok
178691,per178691_1911_09684,3,0,0,,,triagem/nome-caixa-conversao 1.0.0,32,ok
178691,per178691_1911_09684,4,0,0,,,triagem/nome-caixa-conversao 1.0.0,32,ok
178691,per178691_1911_09684,5,0,0,,,triagem/nome-caixa-conversao 1.0.0,32,ok
178691,per178691_1911_09684,6,0,0,,,triagem/nome-caixa-conversao 1.0.0,32,ok
178691,per178691_1911_09684,7,0,0,,,triagem/nome-caixa-conversao 1.0.0,32,ok
178691,per178691_1911_09684,8,0,0,,,triagem/nome-caixa-conversao 1.0.0,32,ok
178691,per178691_1911_09684,9,0,0,,,triagem/nome-caixa-conversao 1.0.0,32,ok
178691,per178691_1911_09684,10,0,0,,,triagem/nome-caixa-conversao 1.0.0,32,ok
178691,per178691_1911_09684,11,0,0,,,triagem/nome-caixa-conversao 1.0.0,32,ok
178691,per178691_1911_09684,12,0,0,,,triagem/nome-caixa-conversao 1.0.0,32,ok
178691,per178691_1911_09685,1,0,0,,,triagem/nome-caixa-conversao 1.0.0,32,ok
178691,per178691_1911_09685,2,1,2,caixa de conver,18678,triagem/nome-caixa-conversao 1.0.0,32,ok
178691,per178691_1911_09685,3,0,0,,,triagem/nome-caixa-conversao 1.0.0,32,ok
178691,per178691_1911_09685,4,0,0,,,triagem/nome-caixa-conversao 1.0.0,32,ok
178691,per178691_1911_09685,5,0,0,,,triagem/nome-caixa-conversao 1.0.0,32,ok
178691,per178691_1911_09685,6,0,0,,,triagem/nome-caixa-conversao 1.0.0,32,ok
178691,per178691_1911_09685,7,1,1,caixa de conver,39267,triagem/nome-caixa-conversao 1.0.0,32,ok
178691,per178691_1911_09685,8,1,1,caixa dk conver,13056,triagem/nome-caixa-conversao 1.0.0,32,ok
178691,per178691_1911_09685,9,0,0,,,triagem/nome-caixa-conversao 1.0.0,32,ok
178691,per178691_1911_09685,10,0,0,,,triagem/nome-caixa-conversao 1.0.0,32,ok
178691,per178691_1911_09685,11,0,0,,,triagem/nome-caixa-conversao 1.0.0,32,ok
178691,per178691_1911_09685,12,0,0,,,triagem/nome-caixa-conversao 1.0.0,32,ok
178691,per178691_1911_09686,1,0,0,,,triagem/nome-caixa-conversao 1.0.0,32,ok
178691,per178691_1911_09686,2,0,0,,,triagem/nome-caixa-conversao 1.0.0,32,ok
178691,per178691_1911_09686,3,0,0,,,triagem/nome-caixa-conversao 1.0.0,32,ok
178691,per178691_1911_09686,4,0,0,,,triagem/nome-caixa-conversao 1.0.0,32,ok
178691,per178691_1911_09686,5,1,1,caixa de conver,31970,triagem/nome-caixa-conversao 1.0.0,32,ok
178691,per178691_1911_09686,6,0,0,,,triagem/nome-caixa-conversao 1.0.0,32,ok
178691,per178691_1911_09686,7,0,0,,,triagem/nome-caixa-conversao 1.0.0,32,ok
178691,per178691_1911_09686,8,0,0,,,triagem/nome-caixa-conversao 1.0.0,32,ok
178691,per178691_1911_09686,9,0,0,,,triagem/nome-caixa-conversao 1.0.0,32,ok
178691,per178691_1911_09686,10,0,0,,,triagem/nome-caixa-conversao 1.0.0,32,ok
178691,per178691_1911_09686,11,0,0,,,triagem/nome-caixa-conversao 1.0.0,32,ok
178691,per178691_1911_09686,12,0,0,,,triagem/nome-caixa-conversao 1.0.0,32,ok
178691,per178691_1911_09687,1,0,0,,,triagem/nome-caixa-conversao 1.0.0,32,ok
178691,per178691_1911_09687,2,0,0,,,triagem/nome-caixa-conversao 1.0.0,32,ok
178691,per178691_1911_09687,3,0,0,,,triagem/nome-caixa-conversao 1.0.0,32,ok
178691,per178691_1911_09687,4,0,0,,,triagem/nome-caixa-conversao 1.0.0,32,ok
178691,per178691_1911_09687,5,0,0,,,triagem/nome-caixa-conversao 1.0.0,32,ok
178691,per178691_1911_09687,6,0,0,,,triagem/nome-caixa-conversao 1.0.0,32,ok
178691,per178691_1911_09687,7,0,0,,,triagem/nome-caixa-conversao 1.0.0,32,ok
178691,per178691_1911_09687,8,0,0,,,triagem/nome-caixa-conversao 1.0.0,32,ok
178691,per178691_1911_09687,9,0,0,,,triagem/nome-caixa-conversao 1.0.0,32,ok
178691,per178691_1911_09687,10,0,0,,,triagem/nome-caixa-conversao 1.0.0,32,ok
178691,per178691_1911_09688,1,0,0,,,triagem/nome-caixa-conversao 1.0.0,32,ok
178691,per178691_1911_09688,2,0,0,,,triagem/nome-caixa-conversao 1.0.0,32,ok
178691,per178691_1911_09688,3,0,0,,,triagem/nome-caixa-conversao 1.0.0,32,ok
178691,per178691_1911_09688,4,0,0,,,triagem/nome-caixa-conversao 1.0.0,32,ok
178691,per178691_1911_09688,5,1,1,caixa de conver,8809,triagem/nome-caixa-conversao 1.0.0,32,ok
178691,per178691_1911_09688,6,0,0,,,triagem/nome-caixa-conversao 1.0.0,32,ok
178691,per178691_1911_09688,7,0,0,,,triagem/nome-caixa-conversao 1.0.0,32,ok
178691,per178691_1911_09688,8,0,0,,,triagem/nome-caixa-conversao 1.0.0,32,ok
178691,per178691_1911_09688,9,0,0,,,triagem/nome-caixa-conversao 1.0.0,32,ok
178691,per178691_1911_09688,10,0,0,,,triagem/nome-caixa-conversao 1.0.0,32,ok
178691,per178691_1911_09688,11,0,0,,,triagem/nome-caixa-conversao 1.0.0,32,ok
178691,per178691_1911_09688,12,0,0,,,triagem/nome-caixa-conversao 1.0.0,32,ok
178691,per178691_1911_09689,1,0,0,,,triagem/nome-caixa-conversao 1.0.0,32,ok
178691,per178691_1911_09689,2,0,0,,,triagem/nome-caixa-conversao 1.0.0,32,ok
178691,per178691_1911_09689,3,0,0,,,triagem/nome-caixa-conversao 1.0.0,32,ok
178691,per178691_1911_09689,4,0,0,,,triagem/nome-caixa-conversao 1.0.0,32,ok
178691,per178691_1911_09689,5,0,0,,,triagem/nome-caixa-conversao 1.0.0,32,ok
178691,per178691_1911_09689,6,0,0,,,triagem/nome-caixa-conversao 1.0.0,32,ok
178691,per178691_1911_09689,7,0,0,,,triagem/nome-caixa-conversao 1.0.0,32,ok
178691,per178691_1911_09689,8,0,0,,,triagem/nome-caixa-conversao 1.0.0,32,ok
178691,per178691_1911_09689,9,0,0,,,triagem/nome-caixa-conversao 1.0.0,32,ok
178691,per178691_1911_09689,10,0,0,,,triagem/nome-caixa-conversao 1.0.0,32,ok
178691,per178691_1911_09690,1,0,0,,,triagem/nome-caixa-conversao 1.0.0,32,ok
178691,per178691_1911_09690,2,1,1,caixa dc conver,21516,triagem/nome-caixa-conversao 1.0.0,32,ok
178691,per178691_1911_09690,3,0,0,,,triagem/nome-caixa-conversao 1.0.0,32,ok
178691,per178691_1911_09690,4,0,0,,,triagem/nome-caixa-conversao 1.0.0,32,ok
178691,per178691_1911_09690,5,0,0,,,triagem/nome-caixa-conversao 1.0.0,32,ok
178691,per178691_1911_09690,6,0,0,,,triagem/nome-caixa-conversao 1.0.0,32,ok
178691,per178691_1911_09690,7,0,0,,,triagem/nome-caixa-conversao 1.0.0,32,ok
178691,per178691_1911_09690,8,0,0,,,triagem/nome-caixa-conversao 1.0.0,32,ok
178691,per178691_1911_09690,9,0,0,,,triagem/nome-caixa-conversao 1.0.0,32,ok
178691,per178691_1911_09690,10,0,0,,,triagem/nome-caixa-conversao 1.0.0,32,ok
178691,per178691_1911_09690,11,0,0,,,triagem/nome-caixa-conversao 1.0.0,32,ok
178691,per178691_1911_09690,12,1,1,caixa do conver,10573,triagem/nome-caixa-conversao 1.0.0,32,ok
178691,per178691_1911_09690,13,0,0,,,triagem/nome-caixa-conversao 1.0.0,32,ok
178691,per178691_1911_09690,14,0,0,,,triagem/nome-caixa-conversao 1.0.0,32,ok
178691,per178691_1911_09690,15,0,0,,,triagem/nome-caixa-conversao 1.0.0,32,ok
178691,per178691_1911_09690,16,0,0,,,triagem/nome-caixa-conversao 1.0.0,32,ok
178691,per178691_1911_09691,1,0,0,,,triagem/nome-caixa-conversao 1.0.0,32,ok
178691,per178691_1911_09691,2,0,0,,,triagem/nome-caixa-conversao 1.0.0,32,ok
178691,per178691_1911_09691,3,0,0,,,triagem/nome-caixa-conversao 1.0.0,32,ok
178691,per178691_1911_09691,4,0,0,,,triagem/nome-caixa-conversao 1.0.0,32,ok
178691,per178691_1911_09691,5,0,0,,,triagem/nome-caixa-conversao 1.0.0,32,ok
178691,per178691_1911_09691,6,0,0,,,triagem/nome-caixa-conversao 1.0.0,32,ok
178691,per178691_1911_09691,7,0,0,,,triagem/nome-caixa-conversao 1.0.0,32,ok
178691,per178691_1911_09691,8,1,1,caixa de conver,4595,triagem/nome-caixa-conversao 1.0.0,32,ok
178691,per178691_1911_09691,9,0,0,,,triagem/nome-caixa-conversao 1.0.0,32,ok
178691,per178691_1911_09691,10,0,0,,,triagem/nome-caixa-conversao 1.0.0,32,ok
178691,per178691_1911_09691,11,1,1,caixa de conver,10837,triagem/nome-caixa-conversao 1.0.0,32,ok
178691,per178691_1911_09691,12,0,0,,,triagem/nome-caixa-conversao 1.0.0,32,ok
178691,per178691_1911_09691,13,0,0,,,triagem/nome-caixa-conversao 1.0.0,32,ok
178691,per178691_1911_09691,14,0,0,,,triagem/nome-caixa-conversao 1.0.0,32,ok
178691,per178691_1911_09691,15,0,0,,,triagem/nome-caixa-conversao 1.0.0,32,ok
178691,per178691_1911_09691,16,0,0,,,triagem/nome-caixa-conversao 1.0.0,32,ok
178691,per178691_1911_09692,1,0,0,,,triagem/nome-caixa-conversao 1.0.0,32,ok
178691,per178691_1911_09692,2,1,1,caixa dc conver,17612,triagem/nome-caixa-conversao 1.0.0,32,ok
178691,per178691_1911_09692,3,0,0,,,triagem/nome-caixa-conversao 1.0.0,32,ok
178691,per178691_1911_09692,4,0,0,,,triagem/nome-caixa-conversao 1.0.0,32,ok
178691,per178691_1911_09692,5,0,0,,,triagem/nome-caixa-conversao 1.0.0,32,ok
178691,per178691_1911_09692,6,0,0,,,triagem/nome-caixa-conversao 1.0.0,32,ok
178691,per178691_1911_09692,7,1,1,caixa de conver,35708,triagem/nome-caixa-conversao 1.0.0,32,ok
178691,per178691_1911_09692,8,0,0,,,triagem/nome-caixa-conversao 1.0.0,32,ok
178691,per178691_1911_09692,9,0,0,,,triagem/nome-caixa-conversao 1.0.0,32,ok
178691,per178691_1911_09692,10,0,0,,,triagem/nome-caixa-conversao 1.0.0,32,ok
178691,per178691_1911_09692,11,0,0,,,triagem/nome-caixa-conversao 1.0.0,32,ok
178691,per178691_1911_09692,12,0,0,,,triagem/nome-caixa-conversao 1.0.0,32,ok
178691,per178691_1911_09693,1,0,0,,,triagem/nome-caixa-conversao 1.0.0,32,ok
178691,per178691_1911_09693,2,0,0,,,triagem/nome-caixa-conversao 1.0.0,32,ok
178691,per178691_1911_09693,3,1,1,caixa de conver,37010,triagem/nome-caixa-conversao 1.0.0,32,ok
178691,per178691_1911_09693,4,0,0,,,triagem/nome-caixa-conversao 1.0.0,32,ok
178691,per178691_1911_09693,5,0,0,,,triagem/nome-caixa-conversao 1.0.0,32,ok
178691,per178691_1911_09693,6,0,0,,,triagem/nome-caixa-conversao 1.0.0,32,ok
178691,per178691_1911_09693,7,0,0,,,triagem/nome-caixa-conversao 1.0.0,32,ok
178691,per178691_1911_09693,8,1,1,caixa de conver,42589,triagem/nome-caixa-conversao 1.0.0,32,ok
178691,per178691_1911_09693,9,0,0,,,triagem/nome-caixa-conversao 1.0.0,32,ok
178691,per178691_1911_09693,10,0,0,,,triagem/nome-caixa-conversao 1.0.0,32,ok
178691,per178691_1911_09693,11,0,0,,,triagem/nome-caixa-conversao 1.0.0,32,ok
178691,per178691_1911_09693,12,0,0,,,triagem/nome-caixa-conversao 1.0.0,32,ok
178691,per178691_1911_09694,1,0,0,,,triagem/nome-caixa-conversao 1.0.0,32,ok
178691,per178691_1911_09694,2,0,0,,,triagem/nome-caixa-conversao 1.0.0,32,ok
178691,per178691_1911_09694,3,0,0,,,triagem/nome-caixa-conversao 1.0.0,32,ok
178691,per178691_1911_09694,4,0,0,,,triagem/nome-caixa-conversao 1.0.0,32,ok
178691,per178691_1911_09694,5,0,0,,,triagem/nome-caixa-conversao 1.0.0,32,ok
178691,per178691_1911_09694,6,0,0,,,triagem/nome-caixa-conversao 1.0.0,32,ok
178691,per178691_1911_09694,7,0,0,,,triagem/nome-caixa-conversao 1.0.0,32,ok
178691,per178691_1911_09694,8,0,0,,,triagem/nome-caixa-conversao 1.0.0,32,ok
178691,per178691_1911_09694,9,0,0,,,triagem/nome-caixa-conversao 1.0.0,32,ok
178691,per178691_1911_09694,10,1,1,caixa de conver,12439,triagem/nome-caixa-conversao 1.0.0,32,ok
178691,per178691_1911_09694,11,0,0,,,triagem/nome-caixa-conversao 1.0.0,32,ok
178691,per178691_1911_09694,12,0,0,,,triagem/nome-caixa-conversao 1.0.0,32,ok
178691,per178691_1911_09694,13,0,0,,,triagem/nome-caixa-conversao 1.0.0,32,ok
178691,per178691_1911_09694,14,0,0,,,triagem/nome-caixa-conversao 1.0.0,32,ok
178691,per178691_1911_09694,15,0,0,,,triagem/nome-caixa-conversao 1.0.0,32,ok
178691,per178691_1911_09694,16,0,0,,,triagem/nome-caixa-conversao 1.0.0,32,ok
178691,per178691_1911_09695,1,0,0,,,triagem/nome-caixa-conversao 1.0.0,32,ok
178691,per178691_1911_09695,2,1,1,caixade conver,36992,triagem/nome-caixa-conversao 1.0.0,32,ok
178691,per178691_1911_09695,3,0,0,,,triagem/nome-caixa-conversao 1.0.0,32,ok
178691,per178691_1911_09695,4,0,0,,,triagem/nome-caixa-conversao 1.0.0,32,ok
178691,per178691_1911_09695,5,0,0,,,triagem/nome-caixa-conversao 1.0.0,32,ok
178691,per178691_1911_09695,6,0,0,,,triagem/nome-caixa-conversao 1.0.0,32,ok
178691,per178691_1911_09695,7,0,0,,,triagem/nome-caixa-conversao 1.0.0,32,ok
178691,per178691_1911_09695,8,0,0,,,triagem/nome-caixa-conversao 1.0.0,32,ok
178691,per178691_1911_09695,9,1,1,caixa deconver,18828,triagem/nome-caixa-conversao 1.0.0,32,ok
178691,per178691_1911_09695,10,0,0,,,triagem/nome-caixa-conversao 1.0.0,32,ok
178691,per178691_1911_09695,11,0,0,,,triagem/nome-caixa-conversao 1.0.0,32,ok
178691,per178691_1911_09695,12,0,0,,,triagem/nome-caixa-conversao 1.0.0,32,ok
178691,per178691_1911_09695,13,0,0,,,triagem/nome-caixa-conversao 1.0.0,32,ok
178691,per178691_1911_09695,14,0,0,,,triagem/nome-caixa-conversao 1.0.0,32,ok
178691,per178691_1911_09695,15,0,0,,,triagem/nome-caixa-conversao 1.0.0,32,ok
178691,per178691_1911_09695,16,0,0,,,triagem/nome-caixa-conversao 1.0.0,32,ok
178691,per178691_1911_09696,1,0,0,,,triagem/nome-caixa-conversao 1.0.0,32,ok
178691,per178691_1911_09696,2,0,0,,,triagem/nome-caixa-conversao 1.0.0,32,ok
178691,per178691_1911_09696,3,0,0,,,triagem/nome-caixa-conversao 1.0.0,32,ok
178691,per178691_1911_09696,4,0,0,,,triagem/nome-caixa-conversao 1.0.0,32,ok
178691,per178691_1911_09696,5,0,0,,,triagem/nome-caixa-conversao 1.0.0,32,ok
178691,per178691_1911_09696,6,0,0,,,triagem/nome-caixa-conversao 1.0.0,32,ok
178691,per178691_1911_09696,7,0,0,,,triagem/nome-caixa-conversao 1.0.0,32,ok
178691,per178691_1911_09696,8,0,0,,,triagem/nome-caixa-conversao 1.0.0,32,ok
178691,per178691_1911_09696,9,0,0,,,triagem/nome-caixa-conversao 1.0.0,32,ok
178691,per178691_1911_09696,10,0,0,,,triagem/nome-caixa-conversao 1.0.0,32,ok
178691,per178691_1911_09697,1,0,0,,,triagem/nome-caixa-conversao 1.0.0,32,ok
178691,per178691_1911_09697,2,0,0,,,triagem/nome-caixa-conversao 1.0.0,32,ok
178691,per178691_1911_09697,3,1,2,caixa de conver,6640,triagem/nome-caixa-conversao 1.0.0,32,ok
178691,per178691_1911_09697,4,0,0,,,triagem/nome-caixa-conversao 1.0.0,32,ok
178691,per178691_1911_09697,5,0,0,,,triagem/nome-caixa-conversao 1.0.0,32,ok
178691,per178691_1911_09697,6,0,0,,,triagem/nome-caixa-conversao 1.0.0,32,ok
178691,per178691_1911_09697,7,0,0,,,triagem/nome-caixa-conversao 1.0.0,32,ok
178691,per178691_1911_09697,8,0,0,,,triagem/nome-caixa-conversao 1.0.0,32,ok
178691,per178691_1911_09697,9,0,0,,,triagem/nome-caixa-conversao 1.0.0,32,ok
178691,per178691_1911_09697,10,0,0,,,triagem/nome-caixa-conversao 1.0.0,32,ok
178691,per178691_1911_09697,11,1,1,caixa de conver,15867,triagem/nome-caixa-conversao 1.0.0,32,ok
178691,per178691_1911_09697,12,0,0,,,triagem/nome-caixa-conversao 1.0.0,32,ok
178691,per178691_1911_09697,13,0,0,,,triagem/nome-caixa-conversao 1.0.0,32,ok
178691,per178691_1911_09697,14,0,0,,,triagem/nome-caixa-conversao 1.0.0,32,ok
178691,per178691_1911_09697,15,0,0,,,triagem/nome-caixa-conversao 1.0.0,32,ok
178691,per178691_1911_09697,16,0,0,,,triagem/nome-caixa-conversao 1.0.0,32,ok
178691,per178691_1911_09698,1,0,0,,,triagem/nome-caixa-conversao 1.0.0,32,ok
178691,per178691_1911_09698,2,0,0,,,triagem/nome-caixa-conversao 1.0.0,32,ok
178691,per178691_1911_09698,3,0,0,,,triagem/nome-caixa-conversao 1.0.0,32,ok
178691,per178691_1911_09698,4,0,0,,,triagem/nome-caixa-conversao 1.0.0,32,ok
178691,per178691_1911_09698,5,0,0,,,triagem/nome-caixa-conversao 1.0.0,32,ok
178691,per178691_1911_09698,6,1,1,caixa de conver,3812,triagem/nome-caixa-conversao 1.0.0,32,ok
178691,per178691_1911_09698,7,0,0,,,triagem/nome-caixa-conversao 1.0.0,32,ok
178691,per178691_1911_09698,8,1,1,caixa db conver,6544,triagem/nome-caixa-conversao 1.0.0,32,ok
178691,per178691_1911_09698,9,0,0,,,triagem/nome-caixa-conversao 1.0.0,32,ok
178691,per178691_1911_09698,10,0,0,,,triagem/nome-caixa-conversao 1.0.0,32,ok
178691,per178691_1911_09698,11,0,0,,,triagem/nome-caixa-conversao 1.0.0,32,ok
178691,per178691_1911_09698,12,0,0,,,triagem/nome-caixa-conversao 1.0.0,32,ok
178691,per178691_1911_09699,1,0,0,,,triagem/nome-caixa-conversao 1.0.0,32,ok
178691,per178691_1911_09699,2,0,0,,,triagem/nome-caixa-conversao 1.0.0,32,ok
178691,per178691_1911_09699,3,0,0,,,triagem/nome-caixa-conversao 1.0.0,32,ok
178691,per178691_1911_09699,4,0,0,,,triagem/nome-caixa-conversao 1.0.0,32,ok
178691,per178691_1911_09699,5,0,0,,,triagem/nome-caixa-conversao 1.0.0,32,ok
178691,per178691_1911_09699,6,0,0,,,triagem/nome-caixa-conversao 1.0.0,32,ok
178691,per178691_1911_09699,7,0,0,,,triagem/nome-caixa-conversao 1.0.0,32,ok
178691,per178691_1911_09699,8,0,0,,,triagem/nome-caixa-conversao 1.0.0,32,ok
178691,per178691_1911_09699,9,0,0,,,triagem/nome-caixa-conversao 1.0.0,32,ok
178691,per178691_1911_09699,10,0,0,,,triagem/nome-caixa-conversao 1.0.0,32,ok
178691,per178691_1911_09699,11,0,0,,,triagem/nome-caixa-conversao 1.0.0,32,ok
178691,per178691_1911_09699,12,0,0,,,triagem/nome-caixa-conversao 1.0.0,32,ok
178691,per178691_1911_09700,1,0,0,,,triagem/nome-caixa-conversao 1.0.0,32,ok
178691,per178691_1911_09700,2,1,1,caixa de conver,10260,triagem/nome-caixa-conversao 1.0.0,32,ok
178691,per178691_1911_09700,3,0,0,,,triagem/nome-caixa-conversao 1.0.0,32,ok
178691,per178691_1911_09700,4,0,0,,,triagem/nome-caixa-conversao 1.0.0,32,ok
178691,per178691_1911_09700,5,0,0,,,triagem/nome-caixa-conversao 1.0.0,32,ok
178691,per178691_1911_09700,6,1,1,caixa de conver,24441,triagem/nome-caixa-conversao 1.0.0,32,ok
178691,per178691_1911_09700,7,0,0,,,triagem/nome-caixa-conversao 1.0.0,32,ok
178691,per178691_1911_09700,8,0,0,,,triagem/nome-caixa-conversao 1.0.0,32,ok
178691,per178691_1911_09700,9,0,0,,,triagem/nome-caixa-conversao 1.0.0,32,ok
178691,per178691_1911_09700,10,0,0,,,triagem/nome-caixa-conversao 1.0.0,32,ok
178691,per178691_1911_09700,11,0,0,,,triagem/nome-caixa-conversao 1.0.0,32,ok
178691,per178691_1911_09700,12,0,0,,,triagem/nome-caixa-conversao 1.0.0,32,ok
178691,per178691_1911_09701,1,0,0,,,triagem/nome-caixa-conversao 1.0.0,32,ok
178691,per178691_1911_09701,2,0,0,,,triagem/nome-caixa-conversao 1.0.0,32,ok
178691,per178691_1911_09701,3,1,1,caixa dc conver,30297,triagem/nome-caixa-conversao 1.0.0,32,ok
178691,per178691_1911_09701,4,0,0,,,triagem/nome-caixa-conversao 1.0.0,32,ok
178691,per178691_1911_09701,5,0,0,,,triagem/nome-caixa-conversao 1.0.0,32,ok
178691,per178691_1911_09701,6,1,1,caixa do conver,6216,triagem/nome-caixa-conversao 1.0.0,32,ok
178691,per178691_1911_09701,7,0,0,,,triagem/nome-caixa-conversao 1.0.0,32,ok
178691,per178691_1911_09701,8,0,0,,,triagem/nome-caixa-conversao 1.0.0,32,ok
178691,per178691_1911_09701,9,0,0,,,triagem/nome-caixa-conversao 1.0.0,32,ok
178691,per178691_1911_09701,10,0,0,,,triagem/nome-caixa-conversao 1.0.0,32,ok
178691,per178691_1911_09701,11,1,1,caixa db conver,7984,triagem/nome-caixa-conversao 1.0.0,32,ok
178691,per178691_1911_09701,12,0,0,,,triagem/nome-caixa-conversao 1.0.0,32,ok
178691,per178691_1911_09701,13,0,0,,,triagem/nome-caixa-conversao 1.0.0,32,ok
178691,per178691_1911_09701,14,0,0,,,triagem/nome-caixa-conversao 1.0.0,32,ok
178691,per178691_1911_09701,15,0,0,,,triagem/nome-caixa-conversao 1.0.0,32,ok
178691,per178691_1911_09701,16,0,0,,,triagem/nome-caixa-conversao 1.0.0,32,ok
178691,per178691_1911_09702,1,1,2,caixa de conver,23564,triagem/nome-caixa-conversao 1.0.0,32,ok
178691,per178691_1911_09702,2,0,0,,,triagem/nome-caixa-conversao 1.0.0,32,ok
178691,per178691_1911_09702,3,0,0,,,triagem/nome-caixa-conversao 1.0.0,32,ok
178691,per178691_1911_09702,4,0,0,,,triagem/nome-caixa-conversao 1.0.0,32,ok
178691,per178691_1911_09702,5,0,0,,,triagem/nome-caixa-conversao 1.0.0,32,ok
178691,per178691_1911_09702,6,0,0,,,triagem/nome-caixa-conversao 1.0.0,32,ok
178691,per178691_1911_09702,7,0,0,,,triagem/nome-caixa-conversao 1.0.0,32,ok
178691,per178691_1911_09702,8,1,1,caixa de conver,34229,triagem/nome-caixa-conversao 1.0.0,32,ok
178691,per178691_1911_09702,9,1,1,caixa de conver,12346,triagem/nome-caixa-conversao 1.0.0,32,ok
178691,per178691_1911_09702,10,0,0,,,triagem/nome-caixa-conversao 1.0.0,32,ok
178691,per178691_1911_09702,11,0,0,,,triagem/nome-caixa-conversao 1.0.0,32,ok
178691,per178691_1911_09702,12,0,0,,,triagem/nome-caixa-conversao 1.0.0,32,ok
178691,per178691_1911_09702,13,0,0,,,triagem/nome-caixa-conversao 1.0.0,32,ok
178691,per178691_1911_09702,14,0,0,,,triagem/nome-caixa-conversao 1.0.0,32,ok
178691,per178691_1911_09702,15,0,0,,,triagem/nome-caixa-conversao 1.0.0,32,ok
178691,per178691_1911_09702,16,0,0,,,triagem/nome-caixa-conversao 1.0.0,32,ok
178691,per178691_1911_09703,1,0,0,,,triagem/nome-caixa-conversao 1.0.0,32,ok
178691,per178691_1911_09703,2,0,0,,,triagem/nome-caixa-conversao 1.0.0,32,ok
178691,per178691_1911_09703,3,0,0,,,triagem/nome-caixa-conversao 1.0.0,32,ok
178691,per178691_1911_09703,4,0,0,,,triagem/nome-caixa-conversao 1.0.0,32,ok
178691,per178691_1911_09703,5,0,0,,,triagem/nome-caixa-conversao 1.0.0,32,ok
178691,per178691_1911_09703,6,0,0,,,triagem/nome-caixa-conversao 1.0.0,32,ok
178691,per178691_1911_09703,7,0,0,,,triagem/nome-caixa-conversao 1.0.0,32,ok
178691,per178691_1911_09703,8,0,0,,,triagem/nome-caixa-conversao 1.0.0,32,ok
178691,per178691_1911_09703,9,0,0,,,triagem/nome-caixa-conversao 1.0.0,32,ok
178691,per178691_1911_09703,10,0,0,,,triagem/nome-caixa-conversao 1.0.0,32,ok
178691,per178691_1911_09703,11,0,0,,,triagem/nome-caixa-conversao 1.0.0,32,ok
178691,per178691_1911_09703,12,0,0,,,triagem/nome-caixa-conversao 1.0.0,32,ok
178691,per178691_1911_09704,1,0,0,,,triagem/nome-caixa-conversao 1.0.0,32,ok
178691,per178691_1911_09704,2,0,0,,,triagem/nome-caixa-conversao 1.0.0,32,ok
178691,per178691_1911_09704,3,0,0,,,triagem/nome-caixa-conversao 1.0.0,32,ok
178691,per178691_1911_09704,4,0,0,,,triagem/nome-caixa-conversao 1.0.0,32,ok
178691,per178691_1911_09704,5,0,0,,,triagem/nome-caixa-conversao 1.0.0,32,ok
178691,per178691_1911_09704,6,0,0,,,triagem/nome-caixa-conversao 1.0.0,32,ok
178691,per178691_1911_09704,7,0,0,,,triagem/nome-caixa-conversao 1.0.0,32,ok
178691,per178691_1911_09704,8,0,0,,,triagem/nome-caixa-conversao 1.0.0,32,ok
178691,per178691_1911_09704,9,0,0,,,triagem/nome-caixa-conversao 1.0.0,32,ok
178691,per178691_1911_09704,10,0,0,,,triagem/nome-caixa-conversao 1.0.0,32,ok
178691,per178691_1911_09704,11,0,0,,,triagem/nome-caixa-conversao 1.0.0,32,ok
178691,per178691_1911_09704,12,0,0,,,triagem/nome-caixa-conversao 1.0.0,32,ok
178691,per178691_1911_09705,1,0,0,,,triagem/nome-caixa-conversao 1.0.0,32,ok
178691,per178691_1911_09705,2,1,3,caixa dc conver,22665,triagem/nome-caixa-conversao 1.0.0,32,ok
178691,per178691_1911_09705,3,0,0,,,triagem/nome-caixa-conversao 1.0.0,32,ok
178691,per178691_1911_09705,4,0,0,,,triagem/nome-caixa-conversao 1.0.0,32,ok
178691,per178691_1911_09705,5,0,0,,,triagem/nome-caixa-conversao 1.0.0,32,ok
178691,per178691_1911_09705,6,0,0,,,triagem/nome-caixa-conversao 1.0.0,32,ok
178691,per178691_1911_09705,7,0,0,,,triagem/nome-caixa-conversao 1.0.0,32,ok
178691,per178691_1911_09705,8,0,0,,,triagem/nome-caixa-conversao 1.0.0,32,ok
178691,per178691_1911_09705,9,0,0,,,triagem/nome-caixa-conversao 1.0.0,32,ok
178691,per178691_1911_09705,10,0,0,,,triagem/nome-caixa-conversao 1.0.0,32,ok
178691,per178691_1911_09705,11,0,0,,,triagem/nome-caixa-conversao 1.0.0,32,ok
178691,per178691_1911_09705,12,0,0,,,triagem/nome-caixa-conversao 1.0.0,32,ok
178691,per178691_1911_09706,1,1,1,caixa de conver,18619,triagem/nome-caixa-conversao 1.0.0,32,ok
178691,per178691_1911_09706,2,0,0,,,triagem/nome-caixa-conversao 1.0.0,32,ok
178691,per178691_1911_09706,3,0,0,,,triagem/nome-caixa-conversao 1.0.0,32,ok
178691,per178691_1911_09706,4,0,0,,,triagem/nome-caixa-conversao 1.0.0,32,ok
178691,per178691_1911_09706,5,0,0,,,triagem/nome-caixa-conversao 1.0.0,32,ok
178691,per178691_1911_09706,6,0,0,,,triagem/nome-caixa-conversao 1.0.0,32,ok
178691,per178691_1911_09706,7,1,1,caixa de conver,32018,triagem/nome-caixa-conversao 1.0.0,32,ok
178691,per178691_1911_09706,8,1,1,caixa de conver,3780,triagem/nome-caixa-conversao 1.0.0,32,ok
178691,per178691_1911_09706,9,0,0,,,triagem/nome-caixa-conversao 1.0.0,32,ok
178691,per178691_1911_09706,10,0,0,,,triagem/nome-caixa-conversao 1.0.0,32,ok
178691,per178691_1911_09706,11,0,0,,,triagem/nome-caixa-conversao 1.0.0,32,ok
178691,per178691_1911_09706,12,0,0,,,triagem/nome-caixa-conversao 1.0.0,32,ok
178691,per178691_1911_09706,13,0,0,,,triagem/nome-caixa-conversao 1.0.0,32,ok
178691,per178691_1911_09706,14,0,0,,,triagem/nome-caixa-conversao 1.0.0,32,ok
178691,per178691_1911_09706,15,0,0,,,triagem/nome-caixa-conversao 1.0.0,32,ok
178691,per178691_1911_09706,16,0,0,,,triagem/nome-caixa-conversao 1.0.0,32,ok
178691,per178691_1911_09707,1,1,2,caixa dc conver,15168,triagem/nome-caixa-conversao 1.0.0,32,ok
178691,per178691_1911_09707,2,1,2,caixa de conver,22108,triagem/nome-caixa-conversao 1.0.0,32,ok
178691,per178691_1911_09707,3,0,0,,,triagem/nome-caixa-conversao 1.0.0,32,ok
178691,per178691_1911_09707,4,0,0,,,triagem/nome-caixa-conversao 1.0.0,32,ok
178691,per178691_1911_09707,5,0,0,,,triagem/nome-caixa-conversao 1.0.0,32,ok
178691,per178691_1911_09707,6,0,0,,,triagem/nome-caixa-conversao 1.0.0,32,ok
178691,per178691_1911_09707,7,0,0,,,triagem/nome-caixa-conversao 1.0.0,32,ok
178691,per178691_1911_09707,8,0,0,,,triagem/nome-caixa-conversao 1.0.0,32,ok
178691,per178691_1911_09707,9,0,0,,,triagem/nome-caixa-conversao 1.0.0,32,ok
178691,per178691_1911_09707,10,0,0,,,triagem/nome-caixa-conversao 1.0.0,32,ok
178691,per178691_1911_09707,11,0,0,,,triagem/nome-caixa-conversao 1.0.0,32,ok
178691,per178691_1911_09707,12,0,0,,,triagem/nome-caixa-conversao 1.0.0,32,ok
178691,per178691_1911_09708,1,0,0,,,triagem/nome-caixa-conversao 1.0.0,32,ok
178691,per178691_1911_09708,2,1,1,caixa dc conver,29574,triagem/nome-caixa-conversao 1.0.0,32,ok
178691,per178691_1911_09708,3,0,0,,,triagem/nome-caixa-conversao 1.0.0,32,ok
178691,per178691_1911_09708,4,0,0,,,triagem/nome-caixa-conversao 1.0.0,32,ok
178691,per178691_1911_09708,5,0,0,,,triagem/nome-caixa-conversao 1.0.0,32,ok
178691,per178691_1911_09708,6,0,0,,,triagem/nome-caixa-conversao 1.0.0,32,ok
178691,per178691_1911_09708,7,0,0,,,triagem/nome-caixa-conversao 1.0.0,32,ok
178691,per178691_1911_09708,8,1,1,caixa de conver,32435,triagem/nome-caixa-conversao 1.0.0,32,ok
178691,per178691_1911_09708,9,0,0,,,triagem/nome-caixa-conversao 1.0.0,32,ok
178691,per178691_1911_09708,10,0,0,,,triagem/nome-caixa-conversao 1.0.0,32,ok
178691,per178691_1911_09708,11,1,1,caixa dk conver,5887,triagem/nome-caixa-conversao 1.0.0,32,ok
178691,per178691_1911_09708,12,0,0,,,triagem/nome-caixa-conversao 1.0.0,32,ok
178691,per178691_1911_09708,13,0,0,,,triagem/nome-caixa-conversao 1.0.0,32,ok
178691,per178691_1911_09708,14,0,0,,,triagem/nome-caixa-conversao 1.0.0,32,ok
178691,per178691_1911_09708,15,0,0,,,triagem/nome-caixa-conversao 1.0.0,32,ok
178691,per178691_1911_09708,16,0,0,,,triagem/nome-caixa-conversao 1.0.0,32,ok
178691,per178691_1911_09709,1,0,0,,,triagem/nome-caixa-conversao 1.0.0,32,ok
178691,per178691_1911_09709,2,1,2,caixa de conver,18311,triagem/nome-caixa-conversao 1.0.0,32,ok
178691,per178691_1911_09709,3,0,0,,,triagem/nome-caixa-conversao 1.0.0,32,ok
178691,per178691_1911_09709,4,0,0,,,triagem/nome-caixa-conversao 1.0.0,32,ok
178691,per178691_1911_09709,5,0,0,,,triagem/nome-caixa-conversao 1.0.0,32,ok
178691,per178691_1911_09709,6,0,0,,,triagem/nome-caixa-conversao 1.0.0,32,ok
178691,per178691_1911_09709,7,0,0,,,triagem/nome-caixa-conversao 1.0.0,32,ok
178691,per178691_1911_09709,8,0,0,,,triagem/nome-caixa-conversao 1.0.0,32,ok
178691,per178691_1911_09709,9,0,0,,,triagem/nome-caixa-conversao 1.0.0,32,ok
178691,per178691_1911_09709,10,1,1,caixa dc conver,10719,triagem/nome-caixa-conversao 1.0.0,32,ok
178691,per178691_1911_09709,11,0,0,,,triagem/nome-caixa-conversao 1.0.0,32,ok
178691,per178691_1911_09709,12,0,0,,,triagem/nome-caixa-conversao 1.0.0,32,ok
178691,per178691_1911_09709,13,0,0,,,triagem/nome-caixa-conversao 1.0.0,32,ok
178691,per178691_1911_09709,14,0,0,,,triagem/nome-caixa-conversao 1.0.0,32,ok
178691,per178691_1911_09709,15,0,0,,,triagem/nome-caixa-conversao 1.0.0,32,ok
178691,per178691_1911_09709,16,0,0,,,triagem/nome-caixa-conversao 1.0.0,32,ok
178691,per178691_1911_09710,1,0,0,,,triagem/nome-caixa-conversao 1.0.0,32,ok
178691,per178691_1911_09710,2,0,0,,,triagem/nome-caixa-conversao 1.0.0,32,ok
178691,per178691_1911_09710,3,0,0,,,triagem/nome-caixa-conversao 1.0.0,32,ok
178691,per178691_1911_09710,4,0,0,,,triagem/nome-caixa-conversao 1.0.0,32,ok
178691,per178691_1911_09710,5,0,0,,,triagem/nome-caixa-conversao 1.0.0,32,ok
178691,per178691_1911_09710,6,0,0,,,triagem/nome-caixa-conversao 1.0.0,32,ok
178691,per178691_1911_09710,7,0,0,,,triagem/nome-caixa-conversao 1.0.0,32,ok
178691,per178691_1911_09710,8,0,0,,,triagem/nome-caixa-conversao 1.0.0,32,ok
178691,per178691_1911_09710,9,0,0,,,triagem/nome-caixa-conversao 1.0.0,32,ok
178691,per178691_1911_09710,10,0,0,,,triagem/nome-caixa-conversao 1.0.0,32,ok
178691,per178691_1911_09711,1,0,0,,,triagem/nome-caixa-conversao 1.0.0,32,ok
178691,per178691_1911_09711,2,1,1,caixade conver,40952,triagem/nome-caixa-conversao 1.0.0,32,ok
178691,per178691_1911_09711,3,0,0,,,triagem/nome-caixa-conversao 1.0.0,32,ok
178691,per178691_1911_09711,4,0,0,,,triagem/nome-caixa-conversao 1.0.0,32,ok
178691,per178691_1911_09711,5,0,0,,,triagem/nome-caixa-conversao 1.0.0,32,ok
178691,per178691_1911_09711,6,0,0,,,triagem/nome-caixa-conversao 1.0.0,32,ok
178691,per178691_1911_09711,7,1,1,caixa de conver,22279,triagem/nome-caixa-conversao 1.0.0,32,ok
178691,per178691_1911_09711,8,0,0,,,triagem/nome-caixa-conversao 1.0.0,32,ok
178691,per178691_1911_09711,9,0,0,,,triagem/nome-caixa-conversao 1.0.0,32,ok
178691,per178691_1911_09711,10,0,0,,,triagem/nome-caixa-conversao 1.0.0,32,ok
178691,per178691_1911_09711,11,0,0,,,triagem/nome-caixa-conversao 1.0.0,32,ok
178691,per178691_1911_09711,12,0,0,,,triagem/nome-caixa-conversao 1.0.0,32,ok
178691,per178691_1911_09712,1,0,0,,,triagem/nome-caixa-conversao 1.0.0,32,ok
178691,per178691_1911_09712,2,1,1,caixa de conver,25152,triagem/nome-caixa-conversao 1.0.0,32,ok
178691,per178691_1911_09712,3,0,0,,,triagem/nome-caixa-conversao 1.0.0,32,ok
178691,per178691_1911_09712,4,0,0,,,triagem/nome-caixa-conversao 1.0.0,32,ok
178691,per178691_1911_09712,5,0,0,,,triagem/nome-caixa-conversao 1.0.0,32,ok
178691,per178691_1911_09712,6,1,1,caixa doconver,44918,triagem/nome-caixa-conversao 1.0.0,32,ok
178691,per178691_1911_09712,7,0,0,,,triagem/nome-caixa-conversao 1.0.0,32,ok
178691,per178691_1911_09712,8,1,1,caixa db conver,14934,triagem/nome-caixa-conversao 1.0.0,32,ok
178691,per178691_1911_09712,9,0,0,,,triagem/nome-caixa-conversao 1.0.0,32,ok
178691,per178691_1911_09712,10,0,0,,,triagem/nome-caixa-conversao 1.0.0,32,ok
178691,per178691_1911_09712,11,0,0,,,triagem/nome-caixa-conversao 1.0.0,32,ok
178691,per178691_1911_09712,12,0,0,,,triagem/nome-caixa-conversao 1.0.0,32,ok
178691,per178691_1911_09713,1,1,1,caixa dcconver,22956,triagem/nome-caixa-conversao 1.0.0,32,ok
178691,per178691_1911_09713,2,1,1,caixa de conver,29026,triagem/nome-caixa-conversao 1.0.0,32,ok
178691,per178691_1911_09713,3,0,0,,,triagem/nome-caixa-conversao 1.0.0,32,ok
178691,per178691_1911_09713,4,0,0,,,triagem/nome-caixa-conversao 1.0.0,32,ok
178691,per178691_1911_09713,5,0,0,,,triagem/nome-caixa-conversao 1.0.0,32,ok
178691,per178691_1911_09713,6,0,0,,,triagem/nome-caixa-conversao 1.0.0,32,ok
178691,per178691_1911_09713,7,0,0,,,triagem/nome-caixa-conversao 1.0.0,32,ok
178691,per178691_1911_09713,8,0,0,,,triagem/nome-caixa-conversao 1.0.0,32,ok
178691,per178691_1911_09713,9,0,0,,,triagem/nome-caixa-conversao 1.0.0,32,ok
178691,per178691_1911_09713,10,0,0,,,triagem/nome-caixa-conversao 1.0.0,32,ok
178691,per178691_1911_09713,11,1,1,caixa de conver,38309,triagem/nome-caixa-conversao 1.0.0,32,ok
178691,per178691_1911_09713,12,0,0,,,triagem/nome-caixa-conversao 1.0.0,32,ok
178691,per178691_1911_09713,13,0,0,,,triagem/nome-caixa-conversao 1.0.0,32,ok
178691,per178691_1911_09713,14,0,0,,,triagem/nome-caixa-conversao 1.0.0,32,ok
178691,per178691_1911_09713,15,0,0,,,triagem/nome-caixa-conversao 1.0.0,32,ok
178691,per178691_1911_09713,16,0,0,,,triagem/nome-caixa-conversao 1.0.0,32,ok
178691,per178691_1911_09714,1,0,0,,,triagem/nome-caixa-conversao 1.0.0,32,ok
178691,per178691_1911_09714,2,0,0,,,triagem/nome-caixa-conversao 1.0.0,32,ok
178691,per178691_1911_09714,3,0,0,,,triagem/nome-caixa-conversao 1.0.0,32,ok
178691,per178691_1911_09714,4,0,0,,,triagem/nome-caixa-conversao 1.0.0,32,ok
178691,per178691_1911_09714,5,0,0,,,triagem/nome-caixa-conversao 1.0.0,32,ok
178691,per178691_1911_09714,6,1,1,caixa de conver,30999,triagem/nome-caixa-conversao 1.0.0,32,ok
178691,per178691_1911_09714,7,0,0,,,triagem/nome-caixa-conversao 1.0.0,32,ok
178691,per178691_1911_09714,8,0,0,,,triagem/nome-caixa-conversao 1.0.0,32,ok
178691,per178691_1911_09714,9,0,0,,,triagem/nome-caixa-conversao 1.0.0,32,ok
178691,per178691_1911_09714,10,0,0,,,triagem/nome-caixa-conversao 1.0.0,32,ok
178691,per178691_1911_09714,11,0,0,,,triagem/nome-caixa-conversao 1.0.0,32,ok
178691,per178691_1911_09714,12,0,0,,,triagem/nome-caixa-conversao 1.0.0,32,ok
178691,per178691_1911_09715,1,0,0,,,triagem/nome-caixa-conversao 1.0.0,32,ok
178691,per178691_1911_09715,2,1,1,caixa de conver,5774,triagem/nome-caixa-conversao 1.0.0,32,ok
178691,per178691_1911_09715,3,0,0,,,triagem/nome-caixa-conversao 1.0.0,32,ok
178691,per178691_1911_09715,4,0,0,,,triagem/nome-caixa-conversao 1.0.0,32,ok
178691,per178691_1911_09715,5,1,1,caixa de conver,33034,triagem/nome-caixa-conversao 1.0.0,32,ok
178691,per178691_1911_09715,6,0,0,,,triagem/nome-caixa-conversao 1.0.0,32,ok
178691,per178691_1911_09715,7,0,0,,,triagem/nome-caixa-conversao 1.0.0,32,ok
178691,per178691_1911_09715,8,0,0,,,triagem/nome-caixa-conversao 1.0.0,32,ok
178691,per178691_1911_09715,9,0,0,,,triagem/nome-caixa-conversao 1.0.0,32,ok
178691,per178691_1911_09715,10,0,0,,,triagem/nome-caixa-conversao 1.0.0,32,ok
178691,per178691_1911_09715,11,0,0,,,triagem/nome-caixa-conversao 1.0.0,32,ok
178691,per178691_1911_09715,12,0,0,,,triagem/nome-caixa-conversao 1.0.0,32,ok
178691,per178691_1911_09716,1,0,0,,,triagem/nome-caixa-conversao 1.0.0,32,ok
178691,per178691_1911_09716,2,0,0,,,triagem/nome-caixa-conversao 1.0.0,32,ok
178691,per178691_1911_09716,3,0,0,,,triagem/nome-caixa-conversao 1.0.0,32,ok
178691,per178691_1911_09716,4,0,0,,,triagem/nome-caixa-conversao 1.0.0,32,ok
178691,per178691_1911_09716,5,0,0,,,triagem/nome-caixa-conversao 1.0.0,32,ok
178691,per178691_1911_09716,6,1,1,caixa de conver,25151,triagem/nome-caixa-conversao 1.0.0,32,ok
178691,per178691_1911_09716,7,0,0,,,triagem/nome-caixa-conversao 1.0.0,32,ok
178691,per178691_1911_09716,8,0,0,,,triagem/nome-caixa-conversao 1.0.0,32,ok
178691,per178691_1911_09716,9,0,0,,,triagem/nome-caixa-conversao 1.0.0,32,ok
178691,per178691_1911_09716,10,0,0,,,triagem/nome-caixa-conversao 1.0.0,32,ok
178691,per178691_1911_09716,11,0,0,,,triagem/nome-caixa-conversao 1.0.0,32,ok
178691,per178691_1911_09716,12,0,0,,,triagem/nome-caixa-conversao 1.0.0,32,ok
178691,per178691_1911_09717,1,0,0,,,triagem/nome-caixa-conversao 1.0.0,32,ok
178691,per178691_1911_09717,2,0,0,,,triagem/nome-caixa-conversao 1.0.0,32,ok
178691,per178691_1911_09717,3,0,0,,,triagem/nome-caixa-conversao 1.0.0,32,ok
178691,per178691_1911_09717,4,0,0,,,triagem/nome-caixa-conversao 1.0.0,32,ok
178691,per178691_1911_09717,5,0,0,,,triagem/nome-caixa-conversao 1.0.0,32,ok
178691,per178691_1911_09717,6,0,0,,,triagem/nome-caixa-conversao 1.0.0,32,ok
178691,per178691_1911_09717,7,1,1,caixa de conver,35602,triagem/nome-caixa-conversao 1.0.0,32,ok
178691,per178691_1911_09717,8,0,0,,,triagem/nome-caixa-conversao 1.0.0,32,ok
178691,per178691_1911_09717,9,0,0,,,triagem/nome-caixa-conversao 1.0.0,32,ok
178691,per178691_1911_09717,10,0,0,,,triagem/nome-caixa-conversao 1.0.0,32,ok
178691,per178691_1911_09717,11,0,0,,,triagem/nome-caixa-conversao 1.0.0,32,ok
178691,per178691_1911_09717,12,0,0,,,triagem/nome-caixa-conversao 1.0.0,32,ok
178691,per178691_1911_09718,1,0,0,,,triagem/nome-caixa-conversao 1.0.0,32,ok
178691,per178691_1911_09718,2,0,0,,,triagem/nome-caixa-conversao 1.0.0,32,ok
178691,per178691_1911_09718,3,0,0,,,triagem/nome-caixa-conversao 1.0.0,32,ok
178691,per178691_1911_09718,4,0,0,,,triagem/nome-caixa-conversao 1.0.0,32,ok
178691,per178691_1911_09718,5,0,0,,,triagem/nome-caixa-conversao 1.0.0,32,ok
178691,per178691_1911_09718,6,0,0,,,triagem/nome-caixa-conversao 1.0.0,32,ok
178691,per178691_1911_09718,7,0,0,,,triagem/nome-caixa-conversao 1.0.0,32,ok
178691,per178691_1911_09718,8,0,0,,,triagem/nome-caixa-conversao 1.0.0,32,ok
178691,per178691_1911_09718,9,0,0,,,triagem/nome-caixa-conversao 1.0.0,32,ok
178691,per178691_1911_09718,10,1,1,caixa de conver,31907,triagem/nome-caixa-conversao 1.0.0,32,ok
178691,per178691_1911_09718,11,0,0,,,triagem/nome-caixa-conversao 1.0.0,32,ok
178691,per178691_1911_09718,12,1,1,caixa de conver,39663,triagem/nome-caixa-conversao 1.0.0,32,ok
178691,per178691_1911_09718,13,0,0,,,triagem/nome-caixa-conversao 1.0.0,32,ok
178691,per178691_1911_09718,14,0,0,,,triagem/nome-caixa-conversao 1.0.0,32,ok
178691,per178691_1911_09718,15,0,0,,,triagem/nome-caixa-conversao 1.0.0,32,ok
178691,per178691_1911_09718,16,0,0,,,triagem/nome-caixa-conversao 1.0.0,32,ok
178691,per178691_1911_09719,1,0,0,,,triagem/nome-caixa-conversao 1.0.0,32,ok
178691,per178691_1911_09719,2,1,1,caixade conver,8907,triagem/nome-caixa-conversao 1.0.0,32,ok
178691,per178691_1911_09719,3,0,0,,,triagem/nome-caixa-conversao 1.0.0,32,ok
178691,per178691_1911_09719,4,0,0,,,triagem/nome-caixa-conversao 1.0.0,32,ok
178691,per178691_1911_09719,5,0,0,,,triagem/nome-caixa-conversao 1.0.0,32,ok
178691,per178691_1911_09719,6,1,1,caixa de conver,37497,triagem/nome-caixa-conversao 1.0.0,32,ok
178691,per178691_1911_09719,7,0,0,,,triagem/nome-caixa-conversao 1.0.0,32,ok
178691,per178691_1911_09719,8,0,0,,,triagem/nome-caixa-conversao 1.0.0,32,ok
178691,per178691_1911_09719,9,0,0,,,triagem/nome-caixa-conversao 1.0.0,32,ok
178691,per178691_1911_09719,10,0,0,,,triagem/nome-caixa-conversao 1.0.0,32,ok
178691,per178691_1911_09719,11,0,0,,,triagem/nome-caixa-conversao 1.0.0,32,ok
178691,per178691_1911_09719,12,0,0,,,triagem/nome-caixa-conversao 1.0.0,32,ok
178691,per178691_1911_09720,1,0,0,,,triagem/nome-caixa-conversao 1.0.0,32,ok
178691,per178691_1911_09720,2,1,1,caixa de conver,26844,triagem/nome-caixa-conversao 1.0.0,32,ok
178691,per178691_1911_09720,3,0,0,,,triagem/nome-caixa-conversao 1.0.0,32,ok
178691,per178691_1911_09720,4,0,0,,,triagem/nome-caixa-conversao 1.0.0,32,ok
178691,per178691_1911_09720,5,0,0,,,triagem/nome-caixa-conversao 1.0.0,32,ok
178691,per178691_1911_09720,6,0,0,,,triagem/nome-caixa-conversao 1.0.0,32,ok
178691,per178691_1911_09720,7,0,0,,,triagem/nome-caixa-conversao 1.0.0,32,ok
178691,per178691_1911_09720,8,0,0,,,triagem/nome-caixa-conversao 1.0.0,32,ok
178691,per178691_1911_09720,9,1,1,caixa de conver,12388,triagem/nome-caixa-conversao 1.0.0,32,ok
178691,per178691_1911_09720,10,0,0,,,triagem/nome-caixa-conversao 1.0.0,32,ok
178691,per178691_1911_09720,11,0,0,,,triagem/nome-caixa-conversao 1.0.0,32,ok
178691,per178691_1911_09720,12,0,0,,,triagem/nome-caixa-conversao 1.0.0,32,ok
178691,per178691_1911_09721,1,0,0,,,triagem/nome-caixa-conversao 1.0.0,32,ok
178691,per178691_1911_09721,2,0,0,,,triagem/nome-caixa-conversao 1.0.0,32,ok
178691,per178691_1911_09721,3,0,0,,,triagem/nome-caixa-conversao 1.0.0,32,ok
178691,per178691_1911_09721,4,0,0,,,triagem/nome-caixa-conversao 1.0.0,32,ok
178691,per178691_1911_09721,5,0,0,,,triagem/nome-caixa-conversao 1.0.0,32,ok
178691,per178691_1911_09721,6,0,0,,,triagem/nome-caixa-conversao 1.0.0,32,ok
178691,per178691_1911_09721,7,0,0,,,triagem/nome-caixa-conversao 1.0.0,32,ok
178691,per178691_1911_09721,8,0,0,,,triagem/nome-caixa-conversao 1.0.0,32,ok
178691,per178691_1911_09721,9,0,0,,,triagem/nome-caixa-conversao 1.0.0,32,ok
178691,per178691_1911_09721,10,0,0,,,triagem/nome-caixa-conversao 1.0.0,32,ok
178691,per178691_1911_09721,11,1,2,caixa de conver,6528,triagem/nome-caixa-conversao 1.0.0,32,ok
178691,per178691_1911_09721,12,0,0,,,triagem/nome-caixa-conversao 1.0.0,32,ok
178691,per178691_1911_09721,13,0,0,,,triagem/nome-caixa-conversao 1.0.0,32,ok
178691,per178691_1911_09721,14,0,0,,,triagem/nome-caixa-conversao 1.0.0,32,ok
178691,per178691_1911_09721,15,0,0,,,triagem/nome-caixa-conversao 1.0.0,32,ok
178691,per178691_1911_09721,16,0,0,,,triagem/nome-caixa-conversao 1.0.0,32,ok
178691,per178691_1911_09722,1,0,0,,,triagem/nome-caixa-conversao 1.0.0,32,ok
178691,per178691_1911_09722,2,1,1,caixade conver,21450,triagem/nome-caixa-conversao 1.0.0,32,ok
178691,per178691_1911_09722,3,1,2,caixa de conver,5971,triagem/nome-caixa-conversao 1.0.0,32,ok
178691,per178691_1911_09722,4,0,0,,,triagem/nome-caixa-conversao 1.0.0,32,ok
178691,per178691_1911_09722,5,0,0,,,triagem/nome-caixa-conversao 1.0.0,32,ok
178691,per178691_1911_09722,6,0,0,,,triagem/nome-caixa-conversao 1.0.0,32,ok
178691,per178691_1911_09722,7,1,1,caixa doconver,35477,triagem/nome-caixa-conversao 1.0.0,32,ok
178691,per178691_1911_09722,8,0,0,,,triagem/nome-caixa-conversao 1.0.0,32,ok
178691,per178691_1911_09722,9,0,0,,,triagem/nome-caixa-conversao 1.0.0,32,ok
178691,per178691_1911_09722,10,0,0,,,triagem/nome-caixa-conversao 1.0.0,32,ok
178691,per178691_1911_09722,11,0,0,,,triagem/nome-caixa-conversao 1.0.0,32,ok
178691,per178691_1911_09722,12,0,0,,,triagem/nome-caixa-conversao 1.0.0,32,ok
178691,per178691_1911_09723,1,0,0,,,triagem/nome-caixa-conversao 1.0.0,32,ok
178691,per178691_1911_09723,2,0,0,,,triagem/nome-caixa-conversao 1.0.0,32,ok
178691,per178691_1911_09723,3,1,1,caixa dc conver,39105,triagem/nome-caixa-conversao 1.0.0,32,ok
178691,per178691_1911_09723,4,0,0,,,triagem/nome-caixa-conversao 1.0.0,32,ok
178691,per178691_1911_09723,5,0,0,,,triagem/nome-caixa-conversao 1.0.0,32,ok
178691,per178691_1911_09723,6,0,0,,,triagem/nome-caixa-conversao 1.0.0,32,ok
178691,per178691_1911_09723,7,0,0,,,triagem/nome-caixa-conversao 1.0.0,32,ok
178691,per178691_1911_09723,8,0,0,,,triagem/nome-caixa-conversao 1.0.0,32,ok
178691,per178691_1911_09723,9,0,0,,,triagem/nome-caixa-conversao 1.0.0,32,ok
178691,per178691_1911_09723,10,1,1,caixa de conver,32999,triagem/nome-caixa-conversao 1.0.0,32,ok
178691,per178691_1911_09723,11,0,0,,,triagem/nome-caixa-conversao 1.0.0,32,ok
178691,per178691_1911_09723,12,0,0,,,triagem/nome-caixa-conversao 1.0.0,32,ok
178691,per178691_1911_09723,13,0,0,,,triagem/nome-caixa-conversao 1.0.0,32,ok
178691,per178691_1911_09723,14,0,0,,,triagem/nome-caixa-conversao 1.0.0,32,ok
178691,per178691_1911_09723,15,0,0,,,triagem/nome-caixa-conversao 1.0.0,32,ok
178691,per178691_1911_09723,16,0,0,,,triagem/nome-caixa-conversao 1.0.0,32,ok
178691,per178691_1911_09724,1,0,0,,,triagem/nome-caixa-conversao 1.0.0,32,ok
178691,per178691_1911_09724,2,0,0,,,triagem/nome-caixa-conversao 1.0.0,32,ok
178691,per178691_1911_09724,3,0,0,,,triagem/nome-caixa-conversao 1.0.0,32,ok
178691,per178691_1911_09724,4,0,0,,,triagem/nome-caixa-conversao 1.0.0,32,ok
178691,per178691_1911_09724,5,0,0,,,triagem/nome-caixa-conversao 1.0.0,32,ok
178691,per178691_1911_09724,6,0,0,,,triagem/nome-caixa-conversao 1.0.0,32,ok
178691,per178691_1911_09724,7,0,0,,,triagem/nome-caixa-conversao 1.0.0,32,ok
178691,per178691_1911_09724,8,1,1,caixa de conver,9473,triagem/nome-caixa-conversao 1.0.0,32,ok
178691,per178691_1911_09724,9,0,0,,,triagem/nome-caixa-conversao 1.0.0,32,ok
178691,per178691_1911_09724,10,0,0,,,triagem/nome-caixa-conversao 1.0.0,32,ok
178691,per178691_1911_09724,11,0,0,,,triagem/nome-caixa-conversao 1.0.0,32,ok
178691,per178691_1911_09724,12,0,0,,,triagem/nome-caixa-conversao 1.0.0,32,ok
178691,per178691_1911_09725,1,0,0,,,triagem/nome-caixa-conversao 1.0.0,32,ok
178691,per178691_1911_09725,2,1,1,caixa de conver,20700,triagem/nome-caixa-conversao 1.0.0,32,ok
178691,per178691_1911_09725,3,0,0,,,triagem/nome-caixa-conversao 1.0.0,32,ok
178691,per178691_1911_09725,4,0,0,,,triagem/nome-caixa-conversao 1.0.0,32,ok
178691,per178691_1911_09725,5,0,0,,,triagem/nome-caixa-conversao 1.0.0,32,ok
178691,per178691_1911_09725,6,0,0,,,triagem/nome-caixa-conversao 1.0.0,32,ok
178691,per178691_1911_09725,7,0,0,,,triagem/nome-caixa-conversao 1.0.0,32,ok
178691,per178691_1911_09725,8,0,0,,,triagem/nome-caixa-conversao 1.0.0,32,ok
178691,per178691_1911_09725,9,0,0,,,triagem/nome-caixa-conversao 1.0.0,32,ok
178691,per178691_1911_09725,10,0,0,,,triagem/nome-caixa-conversao 1.0.0,32,ok
178691,per178691_1911_09725,11,1,1,caixa de conver,15289,triagem/nome-caixa-conversao 1.0.0,32,ok
178691,per178691_1911_09725,12,0,0,,,triagem/nome-caixa-conversao 1.0.0,32,ok
178691,per178691_1911_09725,13,0,0,,,triagem/nome-caixa-conversao 1.0.0,32,ok
178691,per178691_1911_09725,14,0,0,,,triagem/nome-caixa-conversao 1.0.0,32,ok
178691,per178691_1911_09725,15,0,0,,,triagem/nome-caixa-conversao 1.0.0,32,ok
178691,per178691_1911_09725,16,0,0,,,triagem/nome-caixa-conversao 1.0.0,32,ok
178691,per178691_1911_09726,1,0,0,,,triagem/nome-caixa-conversao 1.0.0,32,ok
178691,per178691_1911_09726,2,0,0,,,triagem/nome-caixa-conversao 1.0.0,32,ok
178691,per178691_1911_09726,3,0,0,,,triagem/nome-caixa-conversao 1.0.0,32,ok
178691,per178691_1911_09726,4,0,0,,,triagem/nome-caixa-conversao 1.0.0,32,ok
178691,per178691_1911_09726,5,1,2,caixa de conver,37346,triagem/nome-caixa-conversao 1.0.0,32,ok
178691,per178691_1911_09726,6,0,0,,,triagem/nome-caixa-conversao 1.0.0,32,ok
178691,per178691_1911_09726,7,0,0,,,triagem/nome-caixa-conversao 1.0.0,32,ok
178691,per178691_1911_09726,8,0,0,,,triagem/nome-caixa-conversao 1.0.0,32,ok
178691,per178691_1911_09726,9,0,0,,,triagem/nome-caixa-conversao 1.0.0,32,ok
178691,per178691_1911_09726,10,0,0,,,triagem/nome-caixa-conversao 1.0.0,32,ok
178691,per178691_1911_09726,11,1,1,caixade conver,40598,triagem/nome-caixa-conversao 1.0.0,32,ok
178691,per178691_1911_09726,12,0,0,,,triagem/nome-caixa-conversao 1.0.0,32,ok
178691,per178691_1911_09726,13,0,0,,,triagem/nome-caixa-conversao 1.0.0,32,ok
178691,per178691_1911_09726,14,0,0,,,triagem/nome-caixa-conversao 1.0.0,32,ok
178691,per178691_1911_09726,15,0,0,,,triagem/nome-caixa-conversao 1.0.0,32,ok
178691,per178691_1911_09726,16,0,0,,,triagem/nome-caixa-conversao 1.0.0,32,ok
178691,per178691_1911_09727,1,0,0,,,triagem/nome-caixa-conversao 1.0.0,32,ok
178691,per178691_1911_09727,2,1,1,caixade conver,16658,triagem/nome-caixa-conversao 1.0.0,32,ok
178691,per178691_1911_09727,3,0,0,,,triagem/nome-caixa-conversao 1.0.0,32,ok
178691,per178691_1911_09727,4,0,0,,,triagem/nome-caixa-conversao 1.0.0,32,ok
178691,per178691_1911_09727,5,0,0,,,triagem/nome-caixa-conversao 1.0.0,32,ok
178691,per178691_1911_09727,6,0,0,,,triagem/nome-caixa-conversao 1.0.0,32,ok
178691,per178691_1911_09727,7,1,1,caixa de conver,5549,triagem/nome-caixa-conversao 1.0.0,32,ok
178691,per178691_1911_09727,8,0,0,,,triagem/nome-caixa-conversao 1.0.0,32,ok
178691,per178691_1911_09727,9,0,0,,,triagem/nome-caixa-conversao 1.0.0,32,ok
178691,per178691_1911_09727,10,0,0,,,triagem/nome-caixa-conversao 1.0.0,32,ok
178691,per178691_1911_09727,11,0,0,,,triagem/nome-caixa-conversao 1.0.0,32,ok
178691,per178691_1911_09727,12,0,0,,,triagem/nome-caixa-conversao 1.0.0,32,ok
178691,per178691_1911_09728,1,1,1,caixa dc conver,24260,triagem/nome-caixa-conversao 1.0.0,32,ok
178691,per178691_1911_09728,2,0,0,,,triagem/nome-caixa-conversao 1.0.0,32,ok
178691,per178691_1911_09728,3,0,0,,,triagem/nome-caixa-conversao 1.0.0,32,ok
178691,per178691_1911_09728,4,0,0,,,triagem/nome-caixa-conversao 1.0.0,32,ok
178691,per178691_1911_09728,5,0,0,,,triagem/nome-caixa-conversao 1.0.0,32,ok
178691,per178691_1911_09728,6,0,0,,,triagem/nome-caixa-conversao 1.0.0,32,ok
178691,per178691_1911_09728,7,1,1,caixa de conver,34594,triagem/nome-caixa-conversao 1.0.0,32,ok
178691,per178691_1911_09728,8,0,0,,,triagem/nome-caixa-conversao 1.0.0,32,ok
178691,per178691_1911_09728,9,0,0,,,triagem/nome-caixa-conversao 1.0.0,32,ok
178691,per178691_1911_09728,10,0,0,,,triagem/nome-caixa-conversao 1.0.0,32,ok
178691,per178691_1911_09728,11,0,0,,,triagem/nome-caixa-conversao 1.0.0,32,ok
178691,per178691_1911_09728,12,0,0,,,triagem/nome-caixa-conversao 1.0.0,32,ok
178691,per178691_1911_09729,1,0,0,,,triagem/nome-caixa-conversao 1.0.0,32,ok
178691,per178691_1911_09729,2,0,0,,,triagem/nome-caixa-conversao 1.0.0,32,ok
178691,per178691_1911_09729,3,0,0,,,triagem/nome-caixa-conversao 1.0.0,32,ok
178691,per178691_1911_09729,4,0,0,,,triagem/nome-caixa-conversao 1.0.0,32,ok
178691,per178691_1911_09729,5,0,0,,,triagem/nome-caixa-conversao 1.0.0,32,ok
178691,per178691_1911_09729,6,1,1,caixa de conver,28851,triagem/nome-caixa-conversao 1.0.0,32,ok
178691,per178691_1911_09729,7,1,1,caixa db conver,4452,triagem/nome-caixa-conversao 1.0.0,32,ok
178691,per178691_1911_09729,8,0,0,,,triagem/nome-caixa-conversao 1.0.0,32,ok
178691,per178691_1911_09729,9,0,0,,,triagem/nome-caixa-conversao 1.0.0,32,ok
178691,per178691_1911_09729,10,0,0,,,triagem/nome-caixa-conversao 1.0.0,32,ok
178691,per178691_1911_09729,11,0,0,,,triagem/nome-caixa-conversao 1.0.0,32,ok
178691,per178691_1911_09729,12,0,0,,,triagem/nome-caixa-conversao 1.0.0,32,ok
178691,per178691_1911_09730,1,1,1,caixa dc conver,19732,triagem/nome-caixa-conversao 1.0.0,32,ok
178691,per178691_1911_09730,2,0,0,,,triagem/nome-caixa-conversao 1.0.0,32,ok
178691,per178691_1911_09730,3,0,0,,,triagem/nome-caixa-conversao 1.0.0,32,ok
178691,per178691_1911_09730,4,0,0,,,triagem/nome-caixa-conversao 1.0.0,32,ok
178691,per178691_1911_09730,5,0,0,,,triagem/nome-caixa-conversao 1.0.0,32,ok
178691,per178691_1911_09730,6,0,0,,,triagem/nome-caixa-conversao 1.0.0,32,ok
178691,per178691_1911_09730,7,0,0,,,triagem/nome-caixa-conversao 1.0.0,32,ok
178691,per178691_1911_09730,8,0,0,,,triagem/nome-caixa-conversao 1.0.0,32,ok
178691,per178691_1911_09730,9,1,1,caixa de conver,9979,triagem/nome-caixa-conversao 1.0.0,32,ok
178691,per178691_1911_09730,10,0,0,,,triagem/nome-caixa-conversao 1.0.0,32,ok
178691,per178691_1911_09730,11,0,0,,,triagem/nome-caixa-conversao 1.0.0,32,ok
178691,per178691_1911_09730,12,0,0,,,triagem/nome-caixa-conversao 1.0.0,32,ok
178691,per178691_1911_09730,13,0,0,,,triagem/nome-caixa-conversao 1.0.0,32,ok
178691,per178691_1911_09730,14,0,0,,,triagem/nome-caixa-conversao 1.0.0,32,ok
178691,per178691_1911_09730,15,0,0,,,triagem/nome-caixa-conversao 1.0.0,32,ok
178691,per178691_1911_09730,16,0,0,,,triagem/nome-caixa-conversao 1.0.0,32,ok
178691,per178691_1911_09731,1,0,0,,,triagem/nome-caixa-conversao 1.0.0,32,ok
178691,per178691_1911_09731,2,0,0,,,triagem/nome-caixa-conversao 1.0.0,32,ok
178691,per178691_1911_09731,3,0,0,,,triagem/nome-caixa-conversao 1.0.0,32,ok
178691,per178691_1911_09731,4,0,0,,,triagem/nome-caixa-conversao 1.0.0,32,ok
178691,per178691_1911_09731,5,0,0,,,triagem/nome-caixa-conversao 1.0.0,32,ok
178691,per178691_1911_09731,6,1,1,caixa de conver,23509,triagem/nome-caixa-conversao 1.0.0,32,ok
178691,per178691_1911_09731,7,0,0,,,triagem/nome-caixa-conversao 1.0.0,32,ok
178691,per178691_1911_09731,8,0,0,,,triagem/nome-caixa-conversao 1.0.0,32,ok
178691,per178691_1911_09731,9,0,0,,,triagem/nome-caixa-conversao 1.0.0,32,ok
178691,per178691_1911_09731,10,0,0,,,triagem/nome-caixa-conversao 1.0.0,32,ok
178691,per178691_1911_09732,1,0,0,,,triagem/nome-caixa-conversao 1.0.0,32,ok
178691,per178691_1911_09732,2,1,2,caixa de conver,14412,triagem/nome-caixa-conversao 1.0.0,32,ok
178691,per178691_1911_09732,3,0,0,,,triagem/nome-caixa-conversao 1.0.0,32,ok
178691,per178691_1911_09732,4,0,0,,,triagem/nome-caixa-conversao 1.0.0,32,ok
178691,per178691_1911_09732,5,0,0,,,triagem/nome-caixa-conversao 1.0.0,32,ok
178691,per178691_1911_09732,6,1,1,caixa de conver,11544,triagem/nome-caixa-conversao 1.0.0,32,ok
178691,per178691_1911_09732,7,0,0,,,triagem/nome-caixa-conversao 1.0.0,32,ok
178691,per178691_1911_09732,8,0,0,,,triagem/nome-caixa-conversao 1.0.0,32,ok
178691,per178691_1911_09732,9,0,0,,,triagem/nome-caixa-conversao 1.0.0,32,ok
178691,per178691_1911_09732,10,0,0,,,triagem/nome-caixa-conversao 1.0.0,32,ok
178691,per178691_1911_09732,11,0,0,,,triagem/nome-caixa-conversao 1.0.0,32,ok
178691,per178691_1911_09732,12,0,0,,,triagem/nome-caixa-conversao 1.0.0,32,ok
178691,per178691_1911_09733,1,0,0,,,triagem/nome-caixa-conversao 1.0.0,32,ok
178691,per178691_1911_09733,2,1,1,caixa de conver,10742,triagem/nome-caixa-conversao 1.0.0,32,ok
178691,per178691_1911_09733,3,0,0,,,triagem/nome-caixa-conversao 1.0.0,32,ok
178691,per178691_1911_09733,4,0,0,,,triagem/nome-caixa-conversao 1.0.0,32,ok
178691,per178691_1911_09733,5,0,0,,,triagem/nome-caixa-conversao 1.0.0,32,ok
178691,per178691_1911_09733,6,1,1,caixa de conver,34546,triagem/nome-caixa-conversao 1.0.0,32,ok
178691,per178691_1911_09733,7,1,1,caixa de conver,4405,triagem/nome-caixa-conversao 1.0.0,32,ok
178691,per178691_1911_09733,8,0,0,,,triagem/nome-caixa-conversao 1.0.0,32,ok
178691,per178691_1911_09733,9,0,0,,,triagem/nome-caixa-conversao 1.0.0,32,ok
178691,per178691_1911_09733,10,0,0,,,triagem/nome-caixa-conversao 1.0.0,32,ok
178691,per178691_1911_09733,11,0,0,,,triagem/nome-caixa-conversao 1.0.0,32,ok
178691,per178691_1911_09733,12,0,0,,,triagem/nome-caixa-conversao 1.0.0,32,ok
178691,per178691_1911_09734,1,0,0,,,triagem/nome-caixa-conversao 1.0.0,32,ok
178691,per178691_1911_09734,2,1,2,caixa deconver,4122,triagem/nome-caixa-conversao 1.0.0,32,ok
178691,per178691_1911_09734,3,0,0,,,triagem/nome-caixa-conversao 1.0.0,32,ok
178691,per178691_1911_09734,4,0,0,,,triagem/nome-caixa-conversao 1.0.0,32,ok
178691,per178691_1911_09734,5,0,0,,,triagem/nome-caixa-conversao 1.0.0,32,ok
178691,per178691_1911_09734,6,0,0,,,triagem/nome-caixa-conversao 1.0.0,32,ok
178691,per178691_1911_09734,7,0,0,,,triagem/nome-caixa-conversao 1.0.0,32,ok
178691,per178691_1911_09734,8,0,0,,,triagem/nome-caixa-conversao 1.0.0,32,ok
178691,per178691_1911_09734,9,0,0,,,triagem/nome-caixa-conversao 1.0.0,32,ok
178691,per178691_1911_09734,10,0,0,,,triagem/nome-caixa-conversao 1.0.0,32,ok
178691,per178691_1911_09734,11,1,1,caixa de conver,10610,triagem/nome-caixa-conversao 1.0.0,32,ok
178691,per178691_1911_09734,12,1,1,caixa de conver,12015,triagem/nome-caixa-conversao 1.0.0,32,ok
178691,per178691_1911_09734,13,0,0,,,triagem/nome-caixa-conversao 1.0.0,32,ok
178691,per178691_1911_09734,14,0,0,,,triagem/nome-caixa-conversao 1.0.0,32,ok
178691,per178691_1911_09734,15,0,0,,,triagem/nome-caixa-conversao 1.0.0,32,ok
178691,per178691_1911_09734,16,0,0,,,triagem/nome-caixa-conversao 1.0.0,32,ok
178691,per178691_1911_09735,1,0,0,,,triagem/nome-caixa-conversao 1.0.0,32,ok
178691,per178691_1911_09735,2,1,1,caixa de conver,25105,triagem/nome-caixa-conversao 1.0.0,32,ok
178691,per178691_1911_09735,3,0,0,,,triagem/nome-caixa-conversao 1.0.0,32,ok
178691,per178691_1911_09735,4,0,0,,,triagem/nome-caixa-conversao 1.0.0,32,ok
178691,per178691_1911_09735,5,0,0,,,triagem/nome-caixa-conversao 1.0.0,32,ok
178691,per178691_1911_09735,6,0,0,,,triagem/nome-caixa-conversao 1.0.0,32,ok
178691,per178691_1911_09735,7,0,0,,,triagem/nome-caixa-conversao 1.0.0,32,ok
178691,per178691_1911_09735,8,0,0,,,triagem/nome-caixa-conversao 1.0.0,32,ok
178691,per178691_1911_09735,9,0,0,,,triagem/nome-caixa-conversao 1.0.0,32,ok
178691,per178691_1911_09735,10,0,0,,,triagem/nome-caixa-conversao 1.0.0,32,ok
178691,per178691_1911_09735,11,0,0,,,triagem/nome-caixa-conversao 1.0.0,32,ok
178691,per178691_1911_09735,12,0,0,,,triagem/nome-caixa-conversao 1.0.0,32,ok
178691,per178691_1911_09736,1,0,0,,,triagem/nome-caixa-conversao 1.0.0,32,ok
178691,per178691_1911_09736,2,1,2,caixa de conver,14730,triagem/nome-caixa-conversao 1.0.0,32,ok
178691,per178691_1911_09736,3,0,0,,,triagem/nome-caixa-conversao 1.0.0,32,ok
178691,per178691_1911_09736,4,0,0,,,triagem/nome-caixa-conversao 1.0.0,32,ok
178691,per178691_1911_09736,5,0,0,,,triagem/nome-caixa-conversao 1.0.0,32,ok
178691,per178691_1911_09736,6,0,0,,,triagem/nome-caixa-conversao 1.0.0,32,ok
178691,per178691_1911_09736,7,1,1,caixa de conver,9099,triagem/nome-caixa-conversao 1.0.0,32,ok
178691,per178691_1911_09736,8,0,0,,,triagem/nome-caixa-conversao 1.0.0,32,ok
178691,per178691_1911_09736,9,0,0,,,triagem/nome-caixa-conversao 1.0.0,32,ok
178691,per178691_1911_09736,10,0,0,,,triagem/nome-caixa-conversao 1.0.0,32,ok
178691,per178691_1911_09736,11,0,0,,,triagem/nome-caixa-conversao 1.0.0,32,ok
178691,per178691_1911_09736,12,0,0,,,triagem/nome-caixa-conversao 1.0.0,32,ok
178691,per178691_1911_09737,1,0,0,,,triagem/nome-caixa-conversao 1.0.0,32,ok
178691,per178691_1911_09737,2,1,2,caixa de conver,1768,triagem/nome-caixa-conversao 1.0.0,32,ok
178691,per178691_1911_09737,3,0,0,,,triagem/nome-caixa-conversao 1.0.0,32,ok
178691,per178691_1911_09737,4,0,0,,,triagem/nome-caixa-conversao 1.0.0,32,ok
178691,per178691_1911_09737,5,0,0,,,triagem/nome-caixa-conversao 1.0.0,32,ok
178691,per178691_1911_09737,6,0,0,,,triagem/nome-caixa-conversao 1.0.0,32,ok
178691,per178691_1911_09737,7,0,0,,,triagem/nome-caixa-conversao 1.0.0,32,ok
178691,per178691_1911_09737,8,0,0,,,triagem/nome-caixa-conversao 1.0.0,32,ok
178691,per178691_1911_09737,9,1,1,caixa de conver,37365,triagem/nome-caixa-conversao 1.0.0,32,ok
178691,per178691_1911_09737,10,1,1,caixa de conver,10150,triagem/nome-caixa-conversao 1.0.0,32,ok
178691,per178691_1911_09737,11,0,0,,,triagem/nome-caixa-conversao 1.0.0,32,ok
178691,per178691_1911_09737,12,0,0,,,triagem/nome-caixa-conversao 1.0.0,32,ok
178691,per178691_1911_09737,13,0,0,,,triagem/nome-caixa-conversao 1.0.0,32,ok
178691,per178691_1911_09737,14,0,0,,,triagem/nome-caixa-conversao 1.0.0,32,ok
178691,per178691_1911_09737,15,0,0,,,triagem/nome-caixa-conversao 1.0.0,32,ok
178691,per178691_1911_09737,16,0,0,,,triagem/nome-caixa-conversao 1.0.0,32,ok
178691,per178691_1911_09738,1,0,0,,,triagem/nome-caixa-conversao 1.0.0,32,ok
178691,per178691_1911_09738,2,0,0,,,triagem/nome-caixa-conversao 1.0.0,32,ok
178691,per178691_1911_09738,3,0,0,,,triagem/nome-caixa-conversao 1.0.0,32,ok
178691,per178691_1911_09738,4,0,0,,,triagem/nome-caixa-conversao 1.0.0,32,ok
178691,per178691_1911_09738,5,0,0,,,triagem/nome-caixa-conversao 1.0.0,32,ok
178691,per178691_1911_09738,6,0,0,,,triagem/nome-caixa-conversao 1.0.0,32,ok
178691,per178691_1911_09738,7,0,0,,,triagem/nome-caixa-conversao 1.0.0,32,ok
178691,per178691_1911_09738,8,0,0,,,triagem/nome-caixa-conversao 1.0.0,32,ok
178691,per178691_1911_09738,9,0,0,,,triagem/nome-caixa-conversao 1.0.0,32,ok
178691,per178691_1911_09738,10,0,0,,,triagem/nome-caixa-conversao 1.0.0,32,ok
178691,per178691_1911_09739,1,1,1,caixa de conver,26772,triagem/nome-caixa-conversao 1.0.0,32,ok
178691,per178691_1911_09739,2,0,0,,,triagem/nome-caixa-conversao 1.0.0,32,ok
178691,per178691_1911_09739,3,0,0,,,triagem/nome-caixa-conversao 1.0.0,32,ok
178691,per178691_1911_09739,4,0,0,,,triagem/nome-caixa-conversao 1.0.0,32,ok
178691,per178691_1911_09739,5,0,0,,,triagem/nome-caixa-conversao 1.0.0,32,ok
178691,per178691_1911_09739,6,0,0,,,triagem/nome-caixa-conversao 1.0.0,32,ok
178691,per178691_1911_09739,7,1,1,caixa de conver,19811,triagem/nome-caixa-conversao 1.0.0,32,ok
178691,per178691_1911_09739,8,1,1,caixa de conver,40813,triagem/nome-caixa-conversao 1.0.0,32,ok
178691,per178691_1911_09739,9,0,0,,,triagem/nome-caixa-conversao 1.0.0,32,ok
178691,per178691_1911_09739,10,0,0,,,triagem/nome-caixa-conversao 1.0.0,32,ok
178691,per178691_1911_09739,11,0,0,,,triagem/nome-caixa-conversao 1.0.0,32,ok
178691,per178691_1911_09739,12,0,0,,,triagem/nome-caixa-conversao 1.0.0,32,ok
178691,per178691_1911_09740,1,0,0,,,triagem/nome-caixa-conversao 1.0.0,32,ok
178691,per178691_1911_09740,2,1,1,caixade conver,28532,triagem/nome-caixa-conversao 1.0.0,32,ok
178691,per178691_1911_09740,3,0,0,,,triagem/nome-caixa-conversao 1.0.0,32,ok
178691,per178691_1911_09740,4,0,0,,,triagem/nome-caixa-conversao 1.0.0,32,ok
178691,per178691_1911_09740,5,0,0,,,triagem/nome-caixa-conversao 1.0.0,32,ok
178691,per178691_1911_09740,6,0,0,,,triagem/nome-caixa-conversao 1.0.0,32,ok
178691,per178691_1911_09740,7,0,0,,,triagem/nome-caixa-conversao 1.0.0,32,ok
178691,per178691_1911_09740,8,0,0,,,triagem/nome-caixa-conversao 1.0.0,32,ok
178691,per178691_1911_09740,9,1,1,caixa de conver,9653,triagem/nome-caixa-conversao 1.0.0,32,ok
178691,per178691_1911_09740,10,0,0,,,triagem/nome-caixa-conversao 1.0.0,32,ok
178691,per178691_1911_09740,11,0,0,,,triagem/nome-caixa-conversao 1.0.0,32,ok
178691,per178691_1911_09740,12,0,0,,,triagem/nome-caixa-conversao 1.0.0,32,ok
178691,per178691_1911_09741,1,1,1,caixa deconver,22671,triagem/nome-caixa-conversao 1.0.0,32,ok
178691,per178691_1911_09741,2,0,0,,,triagem/nome-caixa-conversao 1.0.0,32,ok
178691,per178691_1911_09741,3,0,0,,,triagem/nome-caixa-conversao 1.0.0,32,ok
178691,per178691_1911_09741,4,0,0,,,triagem/nome-caixa-conversao 1.0.0,32,ok
178691,per178691_1911_09741,5,0,0,,,triagem/nome-caixa-conversao 1.0.0,32,ok
178691,per178691_1911_09741,6,0,0,,,triagem/nome-caixa-conversao 1.0.0,32,ok
178691,per178691_1911_09741,7,0,0,,,triagem/nome-caixa-conversao 1.0.0,32,ok
178691,per178691_1911_09741,8,0,0,,,triagem/nome-caixa-conversao 1.0.0,32,ok
178691,per178691_1911_09741,9,0,0,,,triagem/nome-caixa-conversao 1.0.0,32,ok
178691,per178691_1911_09741,10,0,0,,,triagem/nome-caixa-conversao 1.0.0,32,ok
178691,per178691_1911_09741,11,0,0,,,triagem/nome-caixa-conversao 1.0.0,32,ok
178691,per178691_1911_09741,12,0,0,,,triagem/nome-caixa-conversao 1.0.0,32,ok
178691,per178691_1911_09742,1,0,0,,,triagem/nome-caixa-conversao 1.0.0,32,ok
178691,per178691_1911_09742,2,1,1,caixa de conver,26195,triagem/nome-caixa-conversao 1.0.0,32,ok
178691,per178691_1911_09742,3,0,0,,,triagem/nome-caixa-conversao 1.0.0,32,ok
178691,per178691_1911_09742,4,0,0,,,triagem/nome-caixa-conversao 1.0.0,32,ok
178691,per178691_1911_09742,5,0,0,,,triagem/nome-caixa-conversao 1.0.0,32,ok
178691,per178691_1911_09742,6,0,0,,,triagem/nome-caixa-conversao 1.0.0,32,ok
178691,per178691_1911_09742,7,0,0,,,triagem/nome-caixa-conversao 1.0.0,32,ok
178691,per178691_1911_09742,8,0,0,,,triagem/nome-caixa-conversao 1.0.0,32,ok
178691,per178691_1911_09742,9,0,0,,,triagem/nome-caixa-conversao 1.0.0,32,ok
178691,per178691_1911_09742,10,0,0,,,triagem/nome-caixa-conversao 1.0.0,32,ok
178691,per178691_1911_09742,11,0,0,,,triagem/nome-caixa-conversao 1.0.0,32,ok
178691,per178691_1911_09742,12,0,0,,,triagem/nome-caixa-conversao 1.0.0,32,ok
178691,per178691_1911_09742,13,0,0,,,triagem/nome-caixa-conversao 1.0.0,32,ok
178691,per178691_1911_09742,14,0,0,,,triagem/nome-caixa-conversao 1.0.0,32,ok
178691,per178691_1911_09742,15,0,0,,,triagem/nome-caixa-conversao 1.0.0,32,ok
178691,per178691_1911_09742,16,0,0,,,triagem/nome-caixa-conversao 1.0.0,32,ok
178691,per178691_1911_09743,1,0,0,,,triagem/nome-caixa-conversao 1.0.0,32,ok
178691,per178691_1911_09743,2,0,0,,,triagem/nome-caixa-conversao 1.0.0,32,ok
178691,per178691_1911_09743,3,0,0,,,triagem/nome-caixa-conversao 1.0.0,32,ok
178691,per178691_1911_09743,4,0,0,,,triagem/nome-caixa-conversao 1.0.0,32,ok
178691,per178691_1911_09743,5,1,1,caixa de conver,10315,triagem/nome-caixa-conversao 1.0.0,32,ok
178691,per178691_1911_09743,6,0,0,,,triagem/nome-caixa-conversao 1.0.0,32,ok
178691,per178691_1911_09743,7,1,1,caixa de conver,15947,triagem/nome-caixa-conversao 1.0.0,32,ok
178691,per178691_1911_09743,8,1,1,caixa de conver,9758,triagem/nome-caixa-conversao 1.0.0,32,ok
178691,per178691_1911_09743,9,0,0,,,triagem/nome-caixa-conversao 1.0.0,32,ok
178691,per178691_1911_09743,10,0,0,,,triagem/nome-caixa-conversao 1.0.0,32,ok
178691,per178691_1911_09743,11,0,0,,,triagem/nome-caixa-conversao 1.0.0,32,ok
178691,per178691_1911_09743,12,0,0,,,triagem/nome-caixa-conversao 1.0.0,32,ok
178691,per178691_1911_09744,1,0,0,,,triagem/nome-caixa-conversao 1.0.0,32,ok
178691,per178691_1911_09744,2,0,0,,,triagem/nome-caixa-conversao 1.0.0,32,ok
178691,per178691_1911_09744,3,0,0,,,triagem/nome-caixa-conversao 1.0.0,32,ok
178691,per178691_1911_09744,4,0,0,,,triagem/nome-caixa-conversao 1.0.0,32,ok
178691,per178691_1911_09744,5,0,0,,,triagem/nome-caixa-conversao 1.0.0,32,ok
178691,per178691_1911_09744,6,0,0,,,triagem/nome-caixa-conversao 1.0.0,32,ok
178691,per178691_1911_09744,7,0,0,,,triagem/nome-caixa-conversao 1.0.0,32,ok
178691,per178691_1911_09744,8,0,0,,,triagem/nome-caixa-conversao 1.0.0,32,ok
178691,per178691_1911_09744,9,0,0,,,triagem/nome-caixa-conversao 1.0.0,32,ok
178691,per178691_1911_09744,10,0,0,,,triagem/nome-caixa-conversao 1.0.0,32,ok
178691,per178691_1911_09744,11,1,1,caixa de conver,4724,triagem/nome-caixa-conversao 1.0.0,32,ok
178691,per178691_1911_09744,12,0,0,,,triagem/nome-caixa-conversao 1.0.0,32,ok
178691,per178691_1911_09744,13,0,0,,,triagem/nome-caixa-conversao 1.0.0,32,ok
178691,per178691_1911_09744,14,0,0,,,triagem/nome-caixa-conversao 1.0.0,32,ok
178691,per178691_1911_09744,15,0,0,,,triagem/nome-caixa-conversao 1.0.0,32,ok
178691,per178691_1911_09744,16,0,0,,,triagem/nome-caixa-conversao 1.0.0,32,ok
178691,per178691_1911_09745,1,1,1,caixa de conver,20468,triagem/nome-caixa-conversao 1.0.0,32,ok
178691,per178691_1911_09745,2,0,0,,,triagem/nome-caixa-conversao 1.0.0,32,ok
178691,per178691_1911_09745,3,0,0,,,triagem/nome-caixa-conversao 1.0.0,32,ok
178691,per178691_1911_09745,4,0,0,,,triagem/nome-caixa-conversao 1.0.0,32,ok
178691,per178691_1911_09745,5,0,0,,,triagem/nome-caixa-conversao 1.0.0,32,ok
178691,per178691_1911_09745,6,0,0,,,triagem/nome-caixa-conversao 1.0.0,32,ok
178691,per178691_1911_09745,7,0,0,,,triagem/nome-caixa-conversao 1.0.0,32,ok
178691,per178691_1911_09745,8,0,0,,,triagem/nome-caixa-conversao 1.0.0,32,ok
178691,per178691_1911_09745,9,0,0,,,triagem/nome-caixa-conversao 1.0.0,32,ok
178691,per178691_1911_09745,10,0,0,,,triagem/nome-caixa-conversao 1.0.0,32,ok
178691,per178691_1911_09746,1,0,0,,,triagem/nome-caixa-conversao 1.0.0,32,ok
178691,per178691_1911_09746,2,1,2,caixa de conver,26529,triagem/nome-caixa-conversao 1.0.0,32,ok
178691,per178691_1911_09746,3,0,0,,,triagem/nome-caixa-conversao 1.0.0,32,ok
178691,per178691_1911_09746,4,0,0,,,triagem/nome-caixa-conversao 1.0.0,32,ok
178691,per178691_1911_09746,5,0,0,,,triagem/nome-caixa-conversao 1.0.0,32,ok
178691,per178691_1911_09746,6,0,0,,,triagem/nome-caixa-conversao 1.0.0,32,ok
178691,per178691_1911_09746,7,0,0,,,triagem/nome-caixa-conversao 1.0.0,32,ok
178691,per178691_1911_09746,8,0,0,,,triagem/nome-caixa-conversao 1.0.0,32,ok
178691,per178691_1911_09746,9,1,1,caixa de conver,525,triagem/nome-caixa-conversao 1.0.0,32,ok
178691,per178691_1911_09746,10,0,0,,,triagem/nome-caixa-conversao 1.0.0,32,ok
178691,per178691_1911_09746,11,0,0,,,triagem/nome-caixa-conversao 1.0.0,32,ok
178691,per178691_1911_09746,12,0,0,,,triagem/nome-caixa-conversao 1.0.0,32,ok
178691,per178691_1911_09747,1,0,0,,,triagem/nome-caixa-conversao 1.0.0,32,ok
178691,per178691_1911_09747,2,1,2,caixa de conver,8478,triagem/nome-caixa-conversao 1.0.0,32,ok
178691,per178691_1911_09747,3,0,0,,,triagem/nome-caixa-conversao 1.0.0,32,ok
178691,per178691_1911_09747,4,0,0,,,triagem/nome-caixa-conversao 1.0.0,32,ok
178691,per178691_1911_09747,5,0,0,,,triagem/nome-caixa-conversao 1.0.0,32,ok
178691,per178691_1911_09747,6,1,1,caixade conver,41107,triagem/nome-caixa-conversao 1.0.0,32,ok
178691,per178691_1911_09747,7,0,0,,,triagem/nome-caixa-conversao 1.0.0,32,ok
178691,per178691_1911_09747,8,0,0,,,triagem/nome-caixa-conversao 1.0.0,32,ok
178691,per178691_1911_09747,9,0,0,,,triagem/nome-caixa-conversao 1.0.0,32,ok
178691,per178691_1911_09747,10,0,0,,,triagem/nome-caixa-conversao 1.0.0,32,ok
178691,per178691_1911_09747,11,0,0,,,triagem/nome-caixa-conversao 1.0.0,32,ok
178691,per178691_1911_09747,12,0,0,,,triagem/nome-caixa-conversao 1.0.0,32,ok
178691,per178691_1911_09748,1,1,1,caixa deconver,27909,triagem/nome-caixa-conversao 1.0.0,32,ok
178691,per178691_1911_09748,2,1,1,caixa de conver,15447,triagem/nome-caixa-conversao 1.0.0,32,ok
178691,per178691_1911_09748,3,0,0,,,triagem/nome-caixa-conversao 1.0.0,32,ok
178691,per178691_1911_09748,4,0,0,,,triagem/nome-caixa-conversao 1.0.0,32,ok
178691,per178691_1911_09748,5,0,0,,,triagem/nome-caixa-conversao 1.0.0,32,ok
178691,per178691_1911_09748,6,0,0,,,triagem/nome-caixa-conversao 1.0.0,32,ok
178691,per178691_1911_09748,7,0,0,,,triagem/nome-caixa-conversao 1.0.0,32,ok
178691,per178691_1911_09748,8,0,0,,,triagem/nome-caixa-conversao 1.0.0,32,ok
178691,per178691_1911_09748,9,1,1,caixa de conver,11715,triagem/nome-caixa-conversao 1.0.0,32,ok
178691,per178691_1911_09748,10,0,0,,,triagem/nome-caixa-conversao 1.0.0,32,ok
178691,per178691_1911_09748,11,0,0,,,triagem/nome-caixa-conversao 1.0.0,32,ok
178691,per178691_1911_09748,12,0,0,,,triagem/nome-caixa-conversao 1.0.0,32,ok
178691,per178691_1911_09749,1,0,0,,,triagem/nome-caixa-conversao 1.0.0,32,ok
178691,per178691_1911_09749,2,1,1,caixade conver,7260,triagem/nome-caixa-conversao 1.0.0,32,ok
178691,per178691_1911_09749,3,0,0,,,triagem/nome-caixa-conversao 1.0.0,32,ok
178691,per178691_1911_09749,4,0,0,,,triagem/nome-caixa-conversao 1.0.0,32,ok
178691,per178691_1911_09749,5,0,0,,,triagem/nome-caixa-conversao 1.0.0,32,ok
178691,per178691_1911_09749,6,0,0,,,triagem/nome-caixa-conversao 1.0.0,32,ok
178691,per178691_1911_09749,7,1,1,caixa de conver,40575,triagem/nome-caixa-conversao 1.0.0,32,ok
178691,per178691_1911_09749,8,0,0,,,triagem/nome-caixa-conversao 1.0.0,32,ok
178691,per178691_1911_09749,9,1,1,caixa de conver,41744,triagem/nome-caixa-conversao 1.0.0,32,ok
178691,per178691_1911_09749,10,0,0,,,triagem/nome-caixa-conversao 1.0.0,32,ok
178691,per178691_1911_09749,11,0,0,,,triagem/nome-caixa-conversao 1.0.0,32,ok
178691,per178691_1911_09749,12,0,0,,,triagem/nome-caixa-conversao 1.0.0,32,ok
178691,per178691_1911_09750,1,0,0,,,triagem/nome-caixa-conversao 1.0.0,32,ok
178691,per178691_1911_09750,2,0,0,,,triagem/nome-caixa-conversao 1.0.0,32,ok
178691,per178691_1911_09750,3,1,2,caixa de conver,32763,triagem/nome-caixa-conversao 1.0.0,32,ok
178691,per178691_1911_09750,4,0,0,,,triagem/nome-caixa-conversao 1.0.0,32,ok
178691,per178691_1911_09750,5,0,0,,,triagem/nome-caixa-conversao 1.0.0,32,ok
178691,per178691_1911_09750,6,1,1,caixa de conver,12813,triagem/nome-caixa-conversao 1.0.0,32,ok
178691,per178691_1911_09750,7,0,0,,,triagem/nome-caixa-conversao 1.0.0,32,ok
178691,per178691_1911_09750,8,0,0,,,triagem/nome-caixa-conversao 1.0.0,32,ok
178691,per178691_1911_09750,9,0,0,,,triagem/nome-caixa-conversao 1.0.0,32,ok
178691,per178691_1911_09750,10,0,0,,,triagem/nome-caixa-conversao 1.0.0,32,ok
178691,per178691_1911_09750,11,0,0,,,triagem/nome-caixa-conversao 1.0.0,32,ok
178691,per178691_1911_09750,12,0,0,,,triagem/nome-caixa-conversao 1.0.0,32,ok
178691,per178691_1911_09751,1,0,0,,,triagem/nome-caixa-conversao 1.0.0,32,ok
178691,per178691_1911_09751,2,0,0,,,triagem/nome-caixa-conversao 1.0.0,32,ok
178691,per178691_1911_09751,3,0,0,,,triagem/nome-caixa-conversao 1.0.0,32,ok
178691,per178691_1911_09751,4,0,0,,,triagem/nome-caixa-conversao 1.0.0,32,ok
178691,per178691_1911_09751,5,0,0,,,triagem/nome-caixa-conversao 1.0.0,32,ok
178691,per178691_1911_09751,6,0,0,,,triagem/nome-caixa-conversao 1.0.0,32,ok
178691,per178691_1911_09751,7,0,0,,,triagem/nome-caixa-conversao 1.0.0,32,ok
178691,per178691_1911_09751,8,0,0,,,triagem/nome-caixa-conversao 1.0.0,32,ok
178691,per178691_1911_09751,9,1,1,caixa de conver,13130,triagem/nome-caixa-conversao 1.0.0,32,ok
178691,per178691_1911_09751,10,0,0,,,triagem/nome-caixa-conversao 1.0.0,32,ok
178691,per178691_1911_09751,11,0,0,,,triagem/nome-caixa-conversao 1.0.0,32,ok
178691,per178691_1911_09751,12,0,0,,,triagem/nome-caixa-conversao 1.0.0,32,ok
178691,per178691_1911_09751,13,0,0,,,triagem/nome-caixa-conversao 1.0.0,32,ok
178691,per178691_1911_09751,14,0,0,,,triagem/nome-caixa-conversao 1.0.0,32,ok
178691,per178691_1911_09751,15,0,0,,,triagem/nome-caixa-conversao 1.0.0,32,ok
178691,per178691_1911_09751,16,0,0,,,triagem/nome-caixa-conversao 1.0.0,32,ok
178691,per178691_1911_09752,1,0,0,,,triagem/nome-caixa-conversao 1.0.0,32,ok
178691,per178691_1911_09752,2,0,0,,,triagem/nome-caixa-conversao 1.0.0,32,ok
178691,per178691_1911_09752,3,0,0,,,triagem/nome-caixa-conversao 1.0.0,32,ok
178691,per178691_1911_09752,4,0,0,,,triagem/nome-caixa-conversao 1.0.0,32,ok
178691,per178691_1911_09752,5,0,0,,,triagem/nome-caixa-conversao 1.0.0,32,ok
178691,per178691_1911_09752,6,0,0,,,triagem/nome-caixa-conversao 1.0.0,32,ok
178691,per178691_1911_09752,7,1,1,caixa dc conver,35332,triagem/nome-caixa-conversao 1.0.0,32,ok
178691,per178691_1911_09752,8,0,0,,,triagem/nome-caixa-conversao 1.0.0,32,ok
178691,per178691_1911_09752,9,0,0,,,triagem/nome-caixa-conversao 1.0.0,32,ok
178691,per178691_1911_09752,10,0,0,,,triagem/nome-caixa-conversao 1.0.0,32,ok
178691,per178691_1911_09752,11,0,0,,,triagem/nome-caixa-conversao 1.0.0,32,ok
178691,per178691_1911_09752,12,0,0,,,triagem/nome-caixa-conversao 1.0.0,32,ok
178691,per178691_1911_09753,1,0,0,,,triagem/nome-caixa-conversao 1.0.0,32,ok
178691,per178691_1911_09753,2,0,0,,,triagem/nome-caixa-conversao 1.0.0,32,ok
178691,per178691_1911_09753,3,1,1,caixa de conver,21627,triagem/nome-caixa-conversao 1.0.0,32,ok
178691,per178691_1911_09753,4,0,0,,,triagem/nome-caixa-conversao 1.0.0,32,ok
178691,per178691_1911_09753,5,0,0,,,triagem/nome-caixa-conversao 1.0.0,32,ok
178691,per178691_1911_09753,6,0,0,,,triagem/nome-caixa-conversao 1.0.0,32,ok
178691,per178691_1911_09753,7,0,0,,,triagem/nome-caixa-conversao 1.0.0,32,ok
178691,per178691_1911_09753,8,1,1,caixa dh conver,8911,triagem/nome-caixa-conversao 1.0.0,32,ok
178691,per178691_1911_09753,9,0,0,,,triagem/nome-caixa-conversao 1.0.0,32,ok
178691,per178691_1911_09753,10,0,0,,,triagem/nome-caixa-conversao 1.0.0,32,ok
178691,per178691_1911_09753,11,0,0,,,triagem/nome-caixa-conversao 1.0.0,32,ok
178691,per178691_1911_09753,12,0,0,,,triagem/nome-caixa-conversao 1.0.0,32,ok
178691,per178691_1911_09754,1,0,0,,,triagem/nome-caixa-conversao 1.0.0,32,ok
178691,per178691_1911_09754,2,1,1,caixade conver,12773,triagem/nome-caixa-conversao 1.0.0,32,ok
178691,per178691_1911_09754,3,0,0,,,triagem/nome-caixa-conversao 1.0.0,32,ok
178691,per178691_1911_09754,4,0,0,,,triagem/nome-caixa-conversao 1.0.0,32,ok
178691,per178691_1911_09754,5,1,1,caixa do conver,41203,triagem/nome-caixa-conversao 1.0.0,32,ok
178691,per178691_1911_09754,6,0,0,,,triagem/nome-caixa-conversao 1.0.0,32,ok
178691,per178691_1911_09754,7,0,0,,,triagem/nome-caixa-conversao 1.0.0,32,ok
178691,per178691_1911_09754,8,0,0,,,triagem/nome-caixa-conversao 1.0.0,32,ok
178691,per178691_1911_09754,9,1,1,caixa de conver,19634,triagem/nome-caixa-conversao 1.0.0,32,ok
178691,per178691_1911_09754,10,0,0,,,triagem/nome-caixa-conversao 1.0.0,32,ok
178691,per178691_1911_09754,11,0,0,,,triagem/nome-caixa-conversao 1.0.0,32,ok
178691,per178691_1911_09754,12,0,0,,,triagem/nome-caixa-conversao 1.0.0,32,ok
178691,per178691_1911_09755,1,0,0,,,triagem/nome-caixa-conversao 1.0.0,32,ok
178691,per178691_1911_09755,2,0,0,,,triagem/nome-caixa-conversao 1.0.0,32,ok
178691,per178691_1911_09755,3,1,1,caixade conver,36418,triagem/nome-caixa-conversao 1.0.0,32,ok
178691,per178691_1911_09755,4,0,0,,,triagem/nome-caixa-conversao 1.0.0,32,ok
178691,per178691_1911_09755,5,0,0,,,triagem/nome-caixa-conversao 1.0.0,32,ok
178691,per178691_1911_09755,6,0,0,,,triagem/nome-caixa-conversao 1.0.0,32,ok
178691,per178691_1911_09755,7,0,0,,,triagem/nome-caixa-conversao 1.0.0,32,ok
178691,per178691_1911_09755,8,0,0,,,triagem/nome-caixa-conversao 1.0.0,32,ok
178691,per178691_1911_09755,9,1,1,caixa de conver,15608,triagem/nome-caixa-conversao 1.0.0,32,ok
178691,per178691_1911_09755,10,0,0,,,triagem/nome-caixa-conversao 1.0.0,32,ok
178691,per178691_1911_09755,11,0,0,,,triagem/nome-caixa-conversao 1.0.0,32,ok
178691,per178691_1911_09755,12,0,0,,,triagem/nome-caixa-conversao 1.0.0,32,ok
178691,per178691_1911_09756,1,0,0,,,triagem/nome-caixa-conversao 1.0.0,32,ok
178691,per178691_1911_09756,2,0,0,,,triagem/nome-caixa-conversao 1.0.0,32,ok
178691,per178691_1911_09756,3,1,1,caixa dc conver,29974,triagem/nome-caixa-conversao 1.0.0,32,ok
178691,per178691_1911_09756,4,0,0,,,triagem/nome-caixa-conversao 1.0.0,32,ok
178691,per178691_1911_09756,5,0,0,,,triagem/nome-caixa-conversao 1.0.0,32,ok
178691,per178691_1911_09756,6,1,1,caixa de conver,35698,triagem/nome-caixa-conversao 1.0.0,32,ok
178691,per178691_1911_09756,7,0,0,,,triagem/nome-caixa-conversao 1.0.0,32,ok
178691,per178691_1911_09756,8,0,0,,,triagem/nome-caixa-conversao 1.0.0,32,ok
178691,per178691_1911_09756,9,1,1,caixa de conver,3985,triagem/nome-caixa-conversao 1.0.0,32,ok
178691,per178691_1911_09756,10,0,0,,,triagem/nome-caixa-conversao 1.0.0,32,ok
178691,per178691_1911_09756,11,0,0,,,triagem/nome-caixa-conversao 1.0.0,32,ok
178691,per178691_1911_09756,12,0,0,,,triagem/nome-caixa-conversao 1.0.0,32,ok
178691,per178691_1911_09757,1,0,0,,,triagem/nome-caixa-conversao 1.0.0,32,ok
178691,per178691_1911_09757,2,1,1,caixa de conver,22105,triagem/nome-caixa-conversao 1.0.0,32,ok
178691,per178691_1911_09757,3,1,1,caixade conver,16913,triagem/nome-caixa-conversao 1.0.0,32,ok
178691,per178691_1911_09757,4,0,0,,,triagem/nome-caixa-conversao 1.0.0,32,ok
178691,per178691_1911_09757,5,0,0,,,triagem/nome-caixa-conversao 1.0.0,32,ok
178691,per178691_1911_09757,6,0,0,,,triagem/nome-caixa-conversao 1.0.0,32,ok
178691,per178691_1911_09757,7,0,0,,,triagem/nome-caixa-conversao 1.0.0,32,ok
178691,per178691_1911_09757,8,0,0,,,triagem/nome-caixa-conversao 1.0.0,32,ok
178691,per178691_1911_09757,9,1,1,caixa de conver,16306,triagem/nome-caixa-conversao 1.0.0,32,ok
178691,per178691_1911_09757,10,0,0,,,triagem/nome-caixa-conversao 1.0.0,32,ok
178691,per178691_1911_09757,11,0,0,,,triagem/nome-caixa-conversao 1.0.0,32,ok
178691,per178691_1911_09757,12,0,0,,,triagem/nome-caixa-conversao 1.0.0,32,ok
178691,per178691_1911_09758,1,0,0,,,triagem/nome-caixa-conversao 1.0.0,32,ok
178691,per178691_1911_09758,2,1,1,caixa de conver,27146,triagem/nome-caixa-conversao 1.0.0,32,ok
178691,per178691_1911_09758,3,0,0,,,triagem/nome-caixa-conversao 1.0.0,32,ok
178691,per178691_1911_09758,4,0,0,,,triagem/nome-caixa-conversao 1.0.0,32,ok
178691,per178691_1911_09758,5,0,0,,,triagem/nome-caixa-conversao 1.0.0,32,ok
178691,per178691_1911_09758,6,0,0,,,triagem/nome-caixa-conversao 1.0.0,32,ok
178691,per178691_1911_09758,7,0,0,,,triagem/nome-caixa-conversao 1.0.0,32,ok
178691,per178691_1911_09758,8,0,0,,,triagem/nome-caixa-conversao 1.0.0,32,ok
178691,per178691_1911_09758,9,0,0,,,triagem/nome-caixa-conversao 1.0.0,32,ok
178691,per178691_1911_09758,10,0,0,,,triagem/nome-caixa-conversao 1.0.0,32,ok
178691,per178691_1911_09758,11,0,0,,,triagem/nome-caixa-conversao 1.0.0,32,ok
178691,per178691_1911_09758,12,0,0,,,triagem/nome-caixa-conversao 1.0.0,32,ok
178691,per178691_1911_09758,13,0,0,,,triagem/nome-caixa-conversao 1.0.0,32,ok
178691,per178691_1911_09758,14,0,0,,,triagem/nome-caixa-conversao 1.0.0,32,ok
178691,per178691_1911_09758,15,0,0,,,triagem/nome-caixa-conversao 1.0.0,32,ok
178691,per178691_1911_09758,16,0,0,,,triagem/nome-caixa-conversao 1.0.0,32,ok
178691,per178691_1911_09759,1,0,0,,,triagem/nome-caixa-conversao 1.0.0,32,ok
178691,per178691_1911_09759,2,0,0,,,triagem/nome-caixa-conversao 1.0.0,32,ok
178691,per178691_1911_09759,3,0,0,,,triagem/nome-caixa-conversao 1.0.0,32,ok
178691,per178691_1911_09759,4,0,0,,,triagem/nome-caixa-conversao 1.0.0,32,ok
178691,per178691_1911_09759,5,0,0,,,triagem/nome-caixa-conversao 1.0.0,32,ok
178691,per178691_1911_09759,6,1,1,caixa de conver,16515,triagem/nome-caixa-conversao 1.0.0,32,ok
178691,per178691_1911_09759,7,0,0,,,triagem/nome-caixa-conversao 1.0.0,32,ok
178691,per178691_1911_09759,8,0,0,,,triagem/nome-caixa-conversao 1.0.0,32,ok
178691,per178691_1911_09759,9,0,0,,,triagem/nome-caixa-conversao 1.0.0,32,ok
178691,per178691_1911_09759,10,0,0,,,triagem/nome-caixa-conversao 1.0.0,32,ok
178691,per178691_1911_09760,1,0,0,,,triagem/nome-caixa-conversao 1.0.0,32,ok
178691,per178691_1911_09760,2,1,2,caixade conver,29363,triagem/nome-caixa-conversao 1.0.0,32,ok
178691,per178691_1911_09760,3,0,0,,,triagem/nome-caixa-conversao 1.0.0,32,ok
178691,per178691_1911_09760,4,0,0,,,triagem/nome-caixa-conversao 1.0.0,32,ok
178691,per178691_1911_09760,5,0,0,,,triagem/nome-caixa-conversao 1.0.0,32,ok
178691,per178691_1911_09760,6,0,0,,,triagem/nome-caixa-conversao 1.0.0,32,ok
178691,per178691_1911_09760,7,0,0,,,triagem/nome-caixa-conversao 1.0.0,32,ok
178691,per178691_1911_09760,8,0,0,,,triagem/nome-caixa-conversao 1.0.0,32,ok
178691,per178691_1911_09760,9,1,1,caixa de conver,43067,triagem/nome-caixa-conversao 1.0.0,32,ok
178691,per178691_1911_09760,10,0,0,,,triagem/nome-caixa-conversao 1.0.0,32,ok
178691,per178691_1911_09760,11,0,0,,,triagem/nome-caixa-conversao 1.0.0,32,ok
178691,per178691_1911_09760,12,0,0,,,triagem/nome-caixa-conversao 1.0.0,32,ok
178691,per178691_1911_09761,1,0,0,,,triagem/nome-caixa-conversao 1.0.0,32,ok
178691,per178691_1911_09761,2,0,0,,,triagem/nome-caixa-conversao 1.0.0,32,ok
178691,per178691_1911_09761,3,1,2,caixa de conver,33399,triagem/nome-caixa-conversao 1.0.0,32,ok
178691,per178691_1911_09761,4,0,0,,,triagem/nome-caixa-conversao 1.0.0,32,ok
178691,per178691_1911_09761,5,0,0,,,triagem/nome-caixa-conversao 1.0.0,32,ok
178691,per178691_1911_09761,6,1,1,caixa de conver,30274,triagem/nome-caixa-conversao 1.0.0,32,ok
178691,per178691_1911_09761,7,0,0,,,triagem/nome-caixa-conversao 1.0.0,32,ok
178691,per178691_1911_09761,8,0,0,,,triagem/nome-caixa-conversao 1.0.0,32,ok
178691,per178691_1911_09761,9,0,0,,,triagem/nome-caixa-conversao 1.0.0,32,ok
178691,per178691_1911_09761,10,0,0,,,triagem/nome-caixa-conversao 1.0.0,32,ok
178691,per178691_1911_09761,11,0,0,,,triagem/nome-caixa-conversao 1.0.0,32,ok
178691,per178691_1911_09761,12,0,0,,,triagem/nome-caixa-conversao 1.0.0,32,ok
178691,per178691_1911_09762,1,0,0,,,triagem/nome-caixa-conversao 1.0.0,32,ok
178691,per178691_1911_09762,2,0,0,,,triagem/nome-caixa-conversao 1.0.0,32,ok
178691,per178691_1911_09762,3,0,0,,,triagem/nome-caixa-conversao 1.0.0,32,ok
178691,per178691_1911_09762,4,0,0,,,triagem/nome-caixa-conversao 1.0.0,32,ok
178691,per178691_1911_09762,5,1,2,caixa de conver,7618,triagem/nome-caixa-conversao 1.0.0,32,ok
178691,per178691_1911_09762,6,1,1,caixa de conver,39880,triagem/nome-caixa-conversao 1.0.0,32,ok
178691,per178691_1911_09762,7,0,0,,,triagem/nome-caixa-conversao 1.0.0,32,ok
178691,per178691_1911_09762,8,0,0,,,triagem/nome-caixa-conversao 1.0.0,32,ok
178691,per178691_1911_09762,9,0,0,,,triagem/nome-caixa-conversao 1.0.0,32,ok
178691,per178691_1911_09762,10,0,0,,,triagem/nome-caixa-conversao 1.0.0,32,ok
178691,per178691_1911_09762,11,0,0,,,triagem/nome-caixa-conversao 1.0.0,32,ok
178691,per178691_1911_09762,12,0,0,,,triagem/nome-caixa-conversao 1.0.0,32,ok
178691,per178691_1911_09763,1,0,0,,,triagem/nome-caixa-conversao 1.0.0,32,ok
178691,per178691_1911_09763,2,0,0,,,triagem/nome-caixa-conversao 1.0.0,32,ok
178691,per178691_1911_09763,3,0,0,,,triagem/nome-caixa-conversao 1.0.0,32,ok
178691,per178691_1911_09763,4,0,0,,,triagem/nome-caixa-conversao 1.0.0,32,ok
178691,per178691_1911_09763,5,0,0,,,triagem/nome-caixa-conversao 1.0.0,32,ok
178691,per178691_1911_09763,6,0,0,,,triagem/nome-caixa-conversao 1.0.0,32,ok
178691,per178691_1911_09763,7,0,0,,,triagem/nome-caixa-conversao 1.0.0,32,ok
178691,per178691_1911_09763,8,0,0,,,triagem/nome-caixa-conversao 1.0.0,32,ok
178691,per178691_1911_09763,9,0,0,,,triagem/nome-caixa-conversao 1.0.0,32,ok
178691,per178691_1911_09763,10,0,0,,,triagem/nome-caixa-conversao 1.0.0,32,ok
178691,per178691_1911_09765,1,0,0,,,triagem/nome-caixa-conversao 1.0.0,32,ok
178691,per178691_1911_09765,2,0,0,,,triagem/nome-caixa-conversao 1.0.0,32,ok
178691,per178691_1911_09765,3,0,0,,,triagem/nome-caixa-conversao 1.0.0,32,ok
178691,per178691_1911_09765,4,0,0,,,triagem/nome-caixa-conversao 1.0.0,32,ok
178691,per178691_1911_09765,5,0,0,,,triagem/nome-caixa-conversao 1.0.0,32,ok
178691,per178691_1911_09765,6,0,0,,,triagem/nome-caixa-conversao 1.0.0,32,ok
178691,per178691_1911_09765,7,0,0,,,triagem/nome-caixa-conversao 1.0.0,32,ok
178691,per178691_1911_09765,8,1,1,caixa de conver,44598,triagem/nome-caixa-conversao 1.0.0,32,ok
178691,per178691_1911_09765,9,0,0,,,triagem/nome-caixa-conversao 1.0.0,32,ok
178691,per178691_1911_09765,10,0,0,,,triagem/nome-caixa-conversao 1.0.0,32,ok
178691,per178691_1911_09765,11,0,0,,,triagem/nome-caixa-conversao 1.0.0,32,ok
178691,per178691_1911_09765,12,0,0,,,triagem/nome-caixa-conversao 1.0.0,32,ok
178691,per178691_1911_09765,13,0,0,,,triagem/nome-caixa-conversao 1.0.0,32,ok
178691,per178691_1911_09765,14,0,0,,,triagem/nome-caixa-conversao 1.0.0,32,ok
178691,per178691_1911_09765,15,0,0,,,triagem/nome-caixa-conversao 1.0.0,32,ok
178691,per178691_1911_09765,16,0,0,,,triagem/nome-caixa-conversao 1.0.0,32,ok
178691,per178691_1911_09766,1,0,0,,,triagem/nome-caixa-conversao 1.0.0,32,ok
178691,per178691_1911_09766,2,0,0,,,triagem/nome-caixa-conversao 1.0.0,32,ok
178691,per178691_1911_09766,3,0,0,,,triagem/nome-caixa-conversao 1.0.0,32,ok
178691,per178691_1911_09766,4,0,0,,,triagem/nome-caixa-conversao 1.0.0,32,ok
178691,per178691_1911_09766,5,1,1,caixa dc conver,35062,triagem/nome-caixa-conversao 1.0.0,32,ok
178691,per178691_1911_09766,6,0,0,,,triagem/nome-caixa-conversao 1.0.0,32,ok
178691,per178691_1911_09766,7,0,0,,,triagem/nome-caixa-conversao 1.0.0,32,ok
178691,per178691_1911_09766,8,0,0,,,triagem/nome-caixa-conversao 1.0.0,32,ok
178691,per178691_1911_09766,9,0,0,,,triagem/nome-caixa-conversao 1.0.0,32,ok
178691,per178691_1911_09766,10,0,0,,,triagem/nome-caixa-conversao 1.0.0,32,ok
178691,per178691_1911_09767,1,0,0,,,triagem/nome-caixa-conversao 1.0.0,32,ok
178691,per178691_1911_09767,2,0,0,,,triagem/nome-caixa-conversao 1.0.0,32,ok
178691,per178691_1911_09767,3,1,2,caixa de conver,5479,triagem/nome-caixa-conversao 1.0.0,32,ok
178691,per178691_1911_09767,4,0,0,,,triagem/nome-caixa-conversao 1.0.0,32,ok
178691,per178691_1911_09767,5,0,0,,,triagem/nome-caixa-conversao 1.0.0,32,ok
178691,per178691_1911_09767,6,0,0,,,triagem/nome-caixa-conversao 1.0.0,32,ok
178691,per178691_1911_09767,7,0,0,,,triagem/nome-caixa-conversao 1.0.0,32,ok
178691,per178691_1911_09767,8,0,0,,,triagem/nome-caixa-conversao 1.0.0,32,ok
178691,per178691_1911_09767,9,0,0,,,triagem/nome-caixa-conversao 1.0.0,32,ok
178691,per178691_1911_09767,10,0,0,,,triagem/nome-caixa-conversao 1.0.0,32,ok
178691,per178691_1911_09767,11,0,0,,,triagem/nome-caixa-conversao 1.0.0,32,ok
178691,per178691_1911_09767,12,0,0,,,triagem/nome-caixa-conversao 1.0.0,32,ok
178691,per178691_1911_09768,1,0,0,,,triagem/nome-caixa-conversao 1.0.0,32,ok
178691,per178691_1911_09768,2,0,0,,,triagem/nome-caixa-conversao 1.0.0,32,ok
178691,per178691_1911_09768,3,0,0,,,triagem/nome-caixa-conversao 1.0.0,32,ok
178691,per178691_1911_09768,4,1,1,caixa de conver,6791,triagem/nome-caixa-conversao 1.0.0,32,ok
178691,per178691_1911_09768,5,0,0,,,triagem/nome-caixa-conversao 1.0.0,32,ok
178691,per178691_1911_09768,6,0,0,,,triagem/nome-caixa-conversao 1.0.0,32,ok
178691,per178691_1911_09768,7,0,0,,,triagem/nome-caixa-conversao 1.0.0,32,ok
178691,per178691_1911_09768,8,0,0,,,triagem/nome-caixa-conversao 1.0.0,32,ok
178691,per178691_1911_09768,9,0,0,,,triagem/nome-caixa-conversao 1.0.0,32,ok
178691,per178691_1911_09768,10,1,1,caixa de conver,29843,triagem/nome-caixa-conversao 1.0.0,32,ok
178691,per178691_1911_09768,11,0,0,,,triagem/nome-caixa-conversao 1.0.0,32,ok
178691,per178691_1911_09768,12,0,0,,,triagem/nome-caixa-conversao 1.0.0,32,ok
178691,per178691_1911_09768,13,0,0,,,triagem/nome-caixa-conversao 1.0.0,32,ok
178691,per178691_1911_09768,14,0,0,,,triagem/nome-caixa-conversao 1.0.0,32,ok
178691,per178691_1911_09768,15,0,0,,,triagem/nome-caixa-conversao 1.0.0,32,ok
178691,per178691_1911_09768,16,0,0,,,triagem/nome-caixa-conversao 1.0.0,32,ok
178691,per178691_1911_09769,1,0,0,,,triagem/nome-caixa-conversao 1.0.0,32,ok
178691,per178691_1911_09769,2,1,1,caixa de conver,11145,triagem/nome-caixa-conversao 1.0.0,32,ok
178691,per178691_1911_09769,3,0,0,,,triagem/nome-caixa-conversao 1.0.0,32,ok
178691,per178691_1911_09769,4,1,1,caixa de conver,26908,triagem/nome-caixa-conversao 1.0.0,32,ok
178691,per178691_1911_09769,5,0,0,,,triagem/nome-caixa-conversao 1.0.0,32,ok
178691,per178691_1911_09769,6,0,0,,,triagem/nome-caixa-conversao 1.0.0,32,ok
178691,per178691_1911_09769,7,1,1,caixa de conver,28788,triagem/nome-caixa-conversao 1.0.0,32,ok
178691,per178691_1911_09769,8,0,0,,,triagem/nome-caixa-conversao 1.0.0,32,ok
178691,per178691_1911_09769,9,0,0,,,triagem/nome-caixa-conversao 1.0.0,32,ok
178691,per178691_1911_09769,10,0,0,,,triagem/nome-caixa-conversao 1.0.0,32,ok
178691,per178691_1911_09769,11,0,0,,,triagem/nome-caixa-conversao 1.0.0,32,ok
178691,per178691_1911_09769,12,0,0,,,triagem/nome-caixa-conversao 1.0.0,32,ok
178691,per178691_1911_09770,1,0,0,,,triagem/nome-caixa-conversao 1.0.0,32,ok
178691,per178691_1911_09770,2,1,1,caixa dc conver,12839,triagem/nome-caixa-conversao 1.0.0,32,ok
178691,per178691_1911_09770,3,0,0,,,triagem/nome-caixa-conversao 1.0.0,32,ok
178691,per178691_1911_09770,4,0,0,,,triagem/nome-caixa-conversao 1.0.0,32,ok
178691,per178691_1911_09770,5,0,0,,,triagem/nome-caixa-conversao 1.0.0,32,ok
178691,per178691_1911_09770,6,0,0,,,triagem/nome-caixa-conversao 1.0.0,32,ok
178691,per178691_1911_09770,7,0,0,,,triagem/nome-caixa-conversao 1.0.0,32,ok
178691,per178691_1911_09770,8,1,1,caixa de conver,45124,triagem/nome-caixa-conversao 1.0.0,32,ok
178691,per178691_1911_09770,9,0,0,,,triagem/nome-caixa-conversao 1.0.0,32,ok
178691,per178691_1911_09770,10,0,0,,,triagem/nome-caixa-conversao 1.0.0,32,ok
178691,per178691_1911_09770,11,0,0,,,triagem/nome-caixa-conversao 1.0.0,32,ok
178691,per178691_1911_09770,12,0,0,,,triagem/nome-caixa-conversao 1.0.0,32,ok
178691,per178691_1911_09770,13,0,0,,,triagem/nome-caixa-conversao 1.0.0,32,ok
178691,per178691_1911_09770,14,0,0,,,triagem/nome-caixa-conversao 1.0.0,32,ok
178691,per178691_1911_09770,15,0,0,,,triagem/nome-caixa-conversao 1.0.0,32,ok
178691,per178691_1911_09770,16,0,0,,,triagem/nome-caixa-conversao 1.0.0,32,ok
178691,per178691_1911_09771,1,0,0,,,triagem/nome-caixa-conversao 1.0.0,32,ok
178691,per178691_1911_09771,2,1,1,caixa de conver,3538,triagem/nome-caixa-conversao 1.0.0,32,ok
178691,per178691_1911_09771,3,0,0,,,triagem/nome-caixa-conversao 1.0.0,32,ok
178691,per178691_1911_09771,4,0,0,,,triagem/nome-caixa-conversao 1.0.0,32,ok
178691,per178691_1911_09771,5,0,0,,,triagem/nome-caixa-conversao 1.0.0,32,ok
178691,per178691_1911_09771,6,0,0,,,triagem/nome-caixa-conversao 1.0.0,32,ok
178691,per178691_1911_09771,7,0,0,,,triagem/nome-caixa-conversao 1.0.0,32,ok
178691,per178691_1911_09771,8,0,0,,,triagem/nome-caixa-conversao 1.0.0,32,ok
178691,per178691_1911_09771,9,0,0,,,triagem/nome-caixa-conversao 1.0.0,32,ok
178691,per178691_1911_09771,10,1,1,caixa de conver,24959,triagem/nome-caixa-conversao 1.0.0,32,ok
178691,per178691_1911_09771,11,0,0,,,triagem/nome-caixa-conversao 1.0.0,32,ok
178691,per178691_1911_09771,12,0,0,,,triagem/nome-caixa-conversao 1.0.0,32,ok
178691,per178691_1911_09771,13,0,0,,,triagem/nome-caixa-conversao 1.0.0,32,ok
178691,per178691_1911_09771,14,0,0,,,triagem/nome-caixa-conversao 1.0.0,32,ok
178691,per178691_1911_09771,15,0,0,,,triagem/nome-caixa-conversao 1.0.0,32,ok
178691,per178691_1911_09771,16,0,0,,,triagem/nome-caixa-conversao 1.0.0,32,ok
178691,per178691_1911_09772,1,0,0,,,triagem/nome-caixa-conversao 1.0.0,32,ok
178691,per178691_1911_09772,2,1,1,caixa de conver,20457,triagem/nome-caixa-conversao 1.0.0,32,ok
178691,per178691_1911_09772,3,0,0,,,triagem/nome-caixa-conversao 1.0.0,32,ok
178691,per178691_1911_09772,4,0,0,,,triagem/nome-caixa-conversao 1.0.0,32,ok
178691,per178691_1911_09772,5,1,1,caixa de conver,10686,triagem/nome-caixa-conversao 1.0.0,32,ok
178691,per178691_1911_09772,6,0,0,,,triagem/nome-caixa-conversao 1.0.0,32,ok
178691,per178691_1911_09772,7,0,0,,,triagem/nome-caixa-conversao 1.0.0,32,ok
178691,per178691_1911_09772,8,0,0,,,triagem/nome-caixa-conversao 1.0.0,32,ok
178691,per178691_1911_09772,9,1,1,caixa de conver,15585,triagem/nome-caixa-conversao 1.0.0,32,ok
178691,per178691_1911_09772,10,0,0,,,triagem/nome-caixa-conversao 1.0.0,32,ok
178691,per178691_1911_09772,11,0,0,,,triagem/nome-caixa-conversao 1.0.0,32,ok
178691,per178691_1911_09772,12,0,0,,,triagem/nome-caixa-conversao 1.0.0,32,ok
178691,per178691_1911_09772,13,0,0,,,triagem/nome-caixa-conversao 1.0.0,32,ok
178691,per178691_1911_09772,14,0,0,,,triagem/nome-caixa-conversao 1.0.0,32,ok
178691,per178691_1911_09772,15,0,0,,,triagem/nome-caixa-conversao 1.0.0,32,ok
178691,per178691_1911_09772,16,0,0,,,triagem/nome-caixa-conversao 1.0.0,32,ok
178691,per178691_1911_09773,1,0,0,,,triagem/nome-caixa-conversao 1.0.0,32,ok
178691,per178691_1911_09773,2,0,0,,,triagem/nome-caixa-conversao 1.0.0,32,ok
178691,per178691_1911_09773,3,0,0,,,triagem/nome-caixa-conversao 1.0.0,32,ok
178691,per178691_1911_09773,4,0,0,,,triagem/nome-caixa-conversao 1.0.0,32,ok
178691,per178691_1911_09773,5,1,1,caixa de conver,22003,triagem/nome-caixa-conversao 1.0.0,32,ok
178691,per178691_1911_09773,6,0,0,,,triagem/nome-caixa-conversao 1.0.0,32,ok
178691,per178691_1911_09773,7,0,0,,,triagem/nome-caixa-conversao 1.0.0,32,ok
178691,per178691_1911_09773,8,0,0,,,triagem/nome-caixa-conversao 1.0.0,32,ok
178691,per178691_1911_09773,9,0,0,,,triagem/nome-caixa-conversao 1.0.0,32,ok
178691,per178691_1911_09773,10,0,0,,,triagem/nome-caixa-conversao 1.0.0,32,ok
178691,per178691_1911_09774,1,0,0,,,triagem/nome-caixa-conversao 1.0.0,32,ok
178691,per178691_1911_09774,2,1,1,caixa dc conver,23688,triagem/nome-caixa-conversao 1.0.0,32,ok
178691,per178691_1911_09774,3,0,0,,,triagem/nome-caixa-conversao 1.0.0,32,ok
178691,per178691_1911_09774,4,0,0,,,triagem/nome-caixa-conversao 1.0.0,32,ok
178691,per178691_1911_09774,5,0,0,,,triagem/nome-caixa-conversao 1.0.0,32,ok
178691,per178691_1911_09774,6,0,0,,,triagem/nome-caixa-conversao 1.0.0,32,ok
178691,per178691_1911_09774,7,1,1,caixa de conver,13349,triagem/nome-caixa-conversao 1.0.0,32,ok
178691,per178691_1911_09774,8,0,0,,,triagem/nome-caixa-conversao 1.0.0,32,ok
178691,per178691_1911_09774,9,0,0,,,triagem/nome-caixa-conversao 1.0.0,32,ok
178691,per178691_1911_09774,10,0,0,,,triagem/nome-caixa-conversao 1.0.0,32,ok
178691,per178691_1911_09774,11,0,0,,,triagem/nome-caixa-conversao 1.0.0,32,ok
178691,per178691_1911_09774,12,0,0,,,triagem/nome-caixa-conversao 1.0.0,32,ok
178691,per178691_1911_09775,1,0,0,,,triagem/nome-caixa-conversao 1.0.0,32,ok
178691,per178691_1911_09775,2,1,1,caixa de conver,10596,triagem/nome-caixa-conversao 1.0.0,32,ok
178691,per178691_1911_09775,3,0,0,,,triagem/nome-caixa-conversao 1.0.0,32,ok
178691,per178691_1911_09775,4,0,0,,,triagem/nome-caixa-conversao 1.0.0,32,ok
178691,per178691_1911_09775,5,0,0,,,triagem/nome-caixa-conversao 1.0.0,32,ok
178691,per178691_1911_09775,6,0,0,,,triagem/nome-caixa-conversao 1.0.0,32,ok
178691,per178691_1911_09775,7,0,0,,,triagem/nome-caixa-conversao 1.0.0,32,ok
178691,per178691_1911_09775,8,0,0,,,triagem/nome-caixa-conversao 1.0.0,32,ok
178691,per178691_1911_09775,9,0,0,,,triagem/nome-caixa-conversao 1.0.0,32,ok
178691,per178691_1911_09775,10,0,0,,,triagem/nome-caixa-conversao 1.0.0,32,ok
178691,per178691_1911_09775,11,0,0,,,triagem/nome-caixa-conversao 1.0.0,32,ok
178691,per178691_1911_09775,12,1,1,caixa de conver,7123,triagem/nome-caixa-conversao 1.0.0,32,ok
178691,per178691_1911_09775,13,0,0,,,triagem/nome-caixa-conversao 1.0.0,32,ok
178691,per178691_1911_09775,14,0,0,,,triagem/nome-caixa-conversao 1.0.0,32,ok
178691,per178691_1911_09775,15,0,0,,,triagem/nome-caixa-conversao 1.0.0,32,ok
178691,per178691_1911_09775,16,0,0,,,triagem/nome-caixa-conversao 1.0.0,32,ok
178691,per178691_1911_09776,1,0,0,,,triagem/nome-caixa-conversao 1.0.0,32,ok
178691,per178691_1911_09776,2,1,2,caixa de conver,31647,triagem/nome-caixa-conversao 1.0.0,32,ok
178691,per178691_1911_09776,3,0,0,,,triagem/nome-caixa-conversao 1.0.0,32,ok
178691,per178691_1911_09776,4,0,0,,,triagem/nome-caixa-conversao 1.0.0,32,ok
178691,per178691_1911_09776,5,0,0,,,triagem/nome-caixa-conversao 1.0.0,32,ok
178691,per178691_1911_09776,6,0,0,,,triagem/nome-caixa-conversao 1.0.0,32,ok
178691,per178691_1911_09776,7,0,0,,,triagem/nome-caixa-conversao 1.0.0,32,ok
178691,per178691_1911_09776,8,0,0,,,triagem/nome-caixa-conversao 1.0.0,32,ok
178691,per178691_1911_09776,9,0,0,,,triagem/nome-caixa-conversao 1.0.0,32,ok
178691,per178691_1911_09776,10,0,0,,,triagem/nome-caixa-conversao 1.0.0,32,ok
178691,per178691_1911_09776,11,0,0,,,triagem/nome-caixa-conversao 1.0.0,32,ok
178691,per178691_1911_09776,12,0,0,,,triagem/nome-caixa-conversao 1.0.0,32,ok
178691,per178691_1911_09777,1,0,0,,,triagem/nome-caixa-conversao 1.0.0,32,ok
178691,per178691_1911_09777,2,0,0,,,triagem/nome-caixa-conversao 1.0.0,32,ok
178691,per178691_1911_09777,3,0,0,,,triagem/nome-caixa-conversao 1.0.0,32,ok
178691,per178691_1911_09777,4,0,0,,,triagem/nome-caixa-conversao 1.0.0,32,ok
178691,per178691_1911_09777,5,0,0,,,triagem/nome-caixa-conversao 1.0.0,32,ok
178691,per178691_1911_09777,6,1,1,caixa de conver,38413,triagem/nome-caixa-conversao 1.0.0,32,ok
178691,per178691_1911_09777,7,0,0,,,triagem/nome-caixa-conversao 1.0.0,32,ok
178691,per178691_1911_09777,8,0,0,,,triagem/nome-caixa-conversao 1.0.0,32,ok
178691,per178691_1911_09777,9,0,0,,,triagem/nome-caixa-conversao 1.0.0,32,ok
178691,per178691_1911_09777,10,0,0,,,triagem/nome-caixa-conversao 1.0.0,32,ok
178691,per178691_1911_09777,11,0,0,,,triagem/nome-caixa-conversao 1.0.0,32,ok
178691,per178691_1911_09777,12,0,0,,,triagem/nome-caixa-conversao 1.0.0,32,ok
178691,per178691_1911_09778,1,0,0,,,triagem/nome-caixa-conversao 1.0.0,32,ok
178691,per178691_1911_09778,2,0,0,,,triagem/nome-caixa-conversao 1.0.0,32,ok
178691,per178691_1911_09778,3,0,0,,,triagem/nome-caixa-conversao 1.0.0,32,ok
178691,per178691_1911_09778,4,0,0,,,triagem/nome-caixa-conversao 1.0.0,32,ok
178691,per178691_1911_09778,5,0,0,,,triagem/nome-caixa-conversao 1.0.0,32,ok
178691,per178691_1911_09778,6,0,0,,,triagem/nome-caixa-conversao 1.0.0,32,ok
178691,per178691_1911_09778,7,1,1,caixa de conver,18359,triagem/nome-caixa-conversao 1.0.0,32,ok
178691,per178691_1911_09778,8,0,0,,,triagem/nome-caixa-conversao 1.0.0,32,ok
178691,per178691_1911_09778,9,0,0,,,triagem/nome-caixa-conversao 1.0.0,32,ok
178691,per178691_1911_09778,10,0,0,,,triagem/nome-caixa-conversao 1.0.0,32,ok
178691,per178691_1911_09778,11,0,0,,,triagem/nome-caixa-conversao 1.0.0,32,ok
178691,per178691_1911_09778,12,0,0,,,triagem/nome-caixa-conversao 1.0.0,32,ok
178691,per178691_1911_09779,1,0,0,,,triagem/nome-caixa-conversao 1.0.0,32,ok
178691,per178691_1911_09779,2,1,1,caixa deconver,22113,triagem/nome-caixa-conversao 1.0.0,32,ok
178691,per178691_1911_09779,3,0,0,,,triagem/nome-caixa-conversao 1.0.0,32,ok
178691,per178691_1911_09779,4,0,0,,,triagem/nome-caixa-conversao 1.0.0,32,ok
178691,per178691_1911_09779,5,0,0,,,triagem/nome-caixa-conversao 1.0.0,32,ok
178691,per178691_1911_09779,6,0,0,,,triagem/nome-caixa-conversao 1.0.0,32,ok
178691,per178691_1911_09779,7,0,0,,,triagem/nome-caixa-conversao 1.0.0,32,ok
178691,per178691_1911_09779,8,0,0,,,triagem/nome-caixa-conversao 1.0.0,32,ok
178691,per178691_1911_09779,9,0,0,,,triagem/nome-caixa-conversao 1.0.0,32,ok
178691,per178691_1911_09779,10,0,0,,,triagem/nome-caixa-conversao 1.0.0,32,ok
178691,per178691_1911_09779,11,0,0,,,triagem/nome-caixa-conversao 1.0.0,32,ok
178691,per178691_1911_09779,12,0,0,,,triagem/nome-caixa-conversao 1.0.0,32,ok
178691,per178691_1911_09779,13,0,0,,,triagem/nome-caixa-conversao 1.0.0,32,ok
178691,per178691_1911_09779,14,0,0,,,triagem/nome-caixa-conversao 1.0.0,32,ok
178691,per178691_1911_09779,15,0,0,,,triagem/nome-caixa-conversao 1.0.0,32,ok
178691,per178691_1911_09779,16,0,0,,,triagem/nome-caixa-conversao 1.0.0,32,ok
178691,per178691_1911_09780,1,0,0,,,triagem/nome-caixa-conversao 1.0.0,32,ok
178691,per178691_1911_09780,2,0,0,,,triagem/nome-caixa-conversao 1.0.0,32,ok
178691,per178691_1911_09780,3,0,0,,,triagem/nome-caixa-conversao 1.0.0,32,ok
178691,per178691_1911_09780,4,0,0,,,triagem/nome-caixa-conversao 1.0.0,32,ok
178691,per178691_1911_09780,5,0,0,,,triagem/nome-caixa-conversao 1.0.0,32,ok
178691,per178691_1911_09780,6,0,0,,,triagem/nome-caixa-conversao 1.0.0,32,ok
178691,per178691_1911_09780,7,0,0,,,triagem/nome-caixa-conversao 1.0.0,32,ok
178691,per178691_1911_09780,8,0,0,,,triagem/nome-caixa-conversao 1.0.0,32,ok
178691,per178691_1911_09780,9,0,0,,,triagem/nome-caixa-conversao 1.0.0,32,ok
178691,per178691_1911_09780,10,0,0,,,triagem/nome-caixa-conversao 1.0.0,32,ok
178691,per178691_1911_09780,11,1,1,caixa de conver,37905,triagem/nome-caixa-conversao 1.0.0,32,ok
178691,per178691_1911_09780,12,0,0,,,triagem/nome-caixa-conversao 1.0.0,32,ok
178691,per178691_1911_09780,13,0,0,,,triagem/nome-caixa-conversao 1.0.0,32,ok
178691,per178691_1911_09780,14,0,0,,,triagem/nome-caixa-conversao 1.0.0,32,ok
178691,per178691_1911_09780,15,0,0,,,triagem/nome-caixa-conversao 1.0.0,32,ok
178691,per178691_1911_09780,16,0,0,,,triagem/nome-caixa-conversao 1.0.0,32,ok
178691,per178691_1911_09781,1,0,0,,,triagem/nome-caixa-conversao 1.0.0,32,ok
178691,per178691_1911_09781,2,0,0,,,triagem/nome-caixa-conversao 1.0.0,32,ok
178691,per178691_1911_09781,3,0,0,,,triagem/nome-caixa-conversao 1.0.0,32,ok
178691,per178691_1911_09781,4,0,0,,,triagem/nome-caixa-conversao 1.0.0,32,ok
178691,per178691_1911_09781,5,0,0,,,triagem/nome-caixa-conversao 1.0.0,32,ok
178691,per178691_1911_09781,6,0,0,,,triagem/nome-caixa-conversao 1.0.0,32,ok
178691,per178691_1911_09781,7,0,0,,,triagem/nome-caixa-conversao 1.0.0,32,ok
178691,per178691_1911_09781,8,0,0,,,triagem/nome-caixa-conversao 1.0.0,32,ok
178691,per178691_1911_09781,9,0,0,,,triagem/nome-caixa-conversao 1.0.0,32,ok
178691,per178691_1911_09781,10,0,0,,,triagem/nome-caixa-conversao 1.0.0,32,ok
178691,per178691_1911_09781,11,0,0,,,triagem/nome-caixa-conversao 1.0.0,32,ok
178691,per178691_1911_09781,12,0,0,,,triagem/nome-caixa-conversao 1.0.0,32,ok
178691,per178691_1911_09782,1,0,0,,,triagem/nome-caixa-conversao 1.0.0,32,ok
178691,per178691_1911_09782,2,0,0,,,triagem/nome-caixa-conversao 1.0.0,32,ok
178691,per178691_1911_09782,3,0,0,,,triagem/nome-caixa-conversao 1.0.0,32,ok
178691,per178691_1911_09782,4,0,0,,,triagem/nome-caixa-conversao 1.0.0,32,ok
178691,per178691_1911_09782,5,0,0,,,triagem/nome-caixa-conversao 1.0.0,32,ok
178691,per178691_1911_09782,6,0,0,,,triagem/nome-caixa-conversao 1.0.0,32,ok
178691,per178691_1911_09782,7,0,0,,,triagem/nome-caixa-conversao 1.0.0,32,ok
178691,per178691_1911_09782,8,0,0,,,triagem/nome-caixa-conversao 1.0.0,32,ok
178691,per178691_1911_09782,9,0,0,,,triagem/nome-caixa-conversao 1.0.0,32,ok
178691,per178691_1911_09782,10,0,0,,,triagem/nome-caixa-conversao 1.0.0,32,ok
178691,per178691_1911_09782,11,1,1,caixa dk conver,6708,triagem/nome-caixa-conversao 1.0.0,32,ok
178691,per178691_1911_09782,12,0,0,,,triagem/nome-caixa-conversao 1.0.0,32,ok
178691,per178691_1911_09782,13,0,0,,,triagem/nome-caixa-conversao 1.0.0,32,ok
178691,per178691_1911_09782,14,0,0,,,triagem/nome-caixa-conversao 1.0.0,32,ok
178691,per178691_1911_09782,15,0,0,,,triagem/nome-caixa-conversao 1.0.0,32,ok
178691,per178691_1911_09782,16,0,0,,,triagem/nome-caixa-conversao 1.0.0,32,ok
178691,per178691_1911_09783,1,0,0,,,triagem/nome-caixa-conversao 1.0.0,32,ok
178691,per178691_1911_09783,2,0,0,,,triagem/nome-caixa-conversao 1.0.0,32,ok
178691,per178691_1911_09783,3,1,1,caixa deconver,25650,triagem/nome-caixa-conversao 1.0.0,32,ok
178691,per178691_1911_09783,4,0,0,,,triagem/nome-caixa-conversao 1.0.0,32,ok
178691,per178691_1911_09783,5,0,0,,,triagem/nome-caixa-conversao 1.0.0,32,ok
178691,per178691_1911_09783,6,1,1,caixa de conver,35012,triagem/nome-caixa-conversao 1.0.0,32,ok
178691,per178691_1911_09783,7,0,0,,,triagem/nome-caixa-conversao 1.0.0,32,ok
178691,per178691_1911_09783,8,0,0,,,triagem/nome-caixa-conversao 1.0.0,32,ok
178691,per178691_1911_09783,9,0,0,,,triagem/nome-caixa-conversao 1.0.0,32,ok
178691,per178691_1911_09783,10,0,0,,,triagem/nome-caixa-conversao 1.0.0,32,ok
178691,per178691_1911_09783,11,0,0,,,triagem/nome-caixa-conversao 1.0.0,32,ok
178691,per178691_1911_09783,12,0,0,,,triagem/nome-caixa-conversao 1.0.0,32,ok
178691,per178691_1911_09784,1,0,0,,,triagem/nome-caixa-conversao 1.0.0,32,ok
178691,per178691_1911_09784,2,0,0,,,triagem/nome-caixa-conversao 1.0.0,32,ok
178691,per178691_1911_09784,3,0,0,,,triagem/nome-caixa-conversao 1.0.0,32,ok
178691,per178691_1911_09784,4,0,0,,,triagem/nome-caixa-conversao 1.0.0,32,ok
178691,per178691_1911_09784,5,0,0,,,triagem/nome-caixa-conversao 1.0.0,32,ok
178691,per178691_1911_09784,6,0,0,,,triagem/nome-caixa-conversao 1.0.0,32,ok
178691,per178691_1911_09784,7,1,1,caixa de conver,32776,triagem/nome-caixa-conversao 1.0.0,32,ok
178691,per178691_1911_09784,8,0,0,,,triagem/nome-caixa-conversao 1.0.0,32,ok
178691,per178691_1911_09784,9,0,0,,,triagem/nome-caixa-conversao 1.0.0,32,ok
178691,per178691_1911_09784,10,0,0,,,triagem/nome-caixa-conversao 1.0.0,32,ok
178691,per178691_1911_09784,11,0,0,,,triagem/nome-caixa-conversao 1.0.0,32,ok
178691,per178691_1911_09784,12,0,0,,,triagem/nome-caixa-conversao 1.0.0,32,ok
178691,per178691_1911_09785,1,0,0,,,triagem/nome-caixa-conversao 1.0.0,32,ok
178691,per178691_1911_09785,2,0,0,,,triagem/nome-caixa-conversao 1.0.0,32,ok
178691,per178691_1911_09785,3,0,0,,,triagem/nome-caixa-conversao 1.0.0,32,ok
178691,per178691_1911_09785,4,0,0,,,triagem/nome-caixa-conversao 1.0.0,32,ok
178691,per178691_1911_09785,5,0,0,,,triagem/nome-caixa-conversao 1.0.0,32,ok
178691,per178691_1911_09785,6,0,0,,,triagem/nome-caixa-conversao 1.0.0,32,ok
178691,per178691_1911_09785,7,1,1,caixa de conver,29109,triagem/nome-caixa-conversao 1.0.0,32,ok
178691,per178691_1911_09785,8,0,0,,,triagem/nome-caixa-conversao 1.0.0,32,ok
178691,per178691_1911_09785,9,0,0,,,triagem/nome-caixa-conversao 1.0.0,32,ok
178691,per178691_1911_09785,10,0,0,,,triagem/nome-caixa-conversao 1.0.0,32,ok
178691,per178691_1911_09785,11,0,0,,,triagem/nome-caixa-conversao 1.0.0,32,ok
178691,per178691_1911_09785,12,0,0,,,triagem/nome-caixa-conversao 1.0.0,32,ok
178691,per178691_1911_09786,1,0,0,,,triagem/nome-caixa-conversao 1.0.0,32,ok
178691,per178691_1911_09786,2,0,0,,,triagem/nome-caixa-conversao 1.0.0,32,ok
178691,per178691_1911_09786,3,0,0,,,triagem/nome-caixa-conversao 1.0.0,32,ok
178691,per178691_1911_09786,4,0,0,,,triagem/nome-caixa-conversao 1.0.0,32,ok
178691,per178691_1911_09786,5,0,0,,,triagem/nome-caixa-conversao 1.0.0,32,ok
178691,per178691_1911_09786,6,1,1,caixa de conver,10751,triagem/nome-caixa-conversao 1.0.0,32,ok
178691,per178691_1911_09786,7,0,0,,,triagem/nome-caixa-conversao 1.0.0,32,ok
178691,per178691_1911_09786,8,0,0,,,triagem/nome-caixa-conversao 1.0.0,32,ok
178691,per178691_1911_09786,9,0,0,,,triagem/nome-caixa-conversao 1.0.0,32,ok
178691,per178691_1911_09786,10,0,0,,,triagem/nome-caixa-conversao 1.0.0,32,ok
178691,per178691_1911_09786,11,0,0,,,triagem/nome-caixa-conversao 1.0.0,32,ok
178691,per178691_1911_09786,12,0,0,,,triagem/nome-caixa-conversao 1.0.0,32,ok
178691,per178691_1911_09786,13,0,0,,,triagem/nome-caixa-conversao 1.0.0,32,ok
178691,per178691_1911_09786,14,0,0,,,triagem/nome-caixa-conversao 1.0.0,32,ok
178691,per178691_1911_09786,15,0,0,,,triagem/nome-caixa-conversao 1.0.0,32,ok
178691,per178691_1911_09786,16,0,0,,,triagem/nome-caixa-conversao 1.0.0,32,ok
178691,per178691_1911_09787,1,0,0,,,triagem/nome-caixa-conversao 1.0.0,32,ok
178691,per178691_1911_09787,2,0,0,,,triagem/nome-caixa-conversao 1.0.0,32,ok
178691,per178691_1911_09787,3,0,0,,,triagem/nome-caixa-conversao 1.0.0,32,ok
178691,per178691_1911_09787,4,0,0,,,triagem/nome-caixa-conversao 1.0.0,32,ok
178691,per178691_1911_09787,5,0,0,,,triagem/nome-caixa-conversao 1.0.0,32,ok
178691,per178691_1911_09787,6,0,0,,,triagem/nome-caixa-conversao 1.0.0,32,ok
178691,per178691_1911_09787,7,0,0,,,triagem/nome-caixa-conversao 1.0.0,32,ok
178691,per178691_1911_09787,8,0,0,,,triagem/nome-caixa-conversao 1.0.0,32,ok
178691,per178691_1911_09787,9,0,0,,,triagem/nome-caixa-conversao 1.0.0,32,ok
178691,per178691_1911_09787,10,0,0,,,triagem/nome-caixa-conversao 1.0.0,32,ok
178691,per178691_1911_09787,11,0,0,,,triagem/nome-caixa-conversao 1.0.0,32,ok
178691,per178691_1911_09787,12,0,0,,,triagem/nome-caixa-conversao 1.0.0,32,ok
178691,per178691_1911_09788,1,0,0,,,triagem/nome-caixa-conversao 1.0.0,32,ok
178691,per178691_1911_09788,2,0,0,,,triagem/nome-caixa-conversao 1.0.0,32,ok
178691,per178691_1911_09788,3,0,0,,,triagem/nome-caixa-conversao 1.0.0,32,ok
178691,per178691_1911_09788,4,0,0,,,triagem/nome-caixa-conversao 1.0.0,32,ok
178691,per178691_1911_09788,5,0,0,,,triagem/nome-caixa-conversao 1.0.0,32,ok
178691,per178691_1911_09788,6,1,1,caixa de conver,38874,triagem/nome-caixa-conversao 1.0.0,32,ok
178691,per178691_1911_09788,7,0,0,,,triagem/nome-caixa-conversao 1.0.0,32,ok
178691,per178691_1911_09788,8,0,0,,,triagem/nome-caixa-conversao 1.0.0,32,ok
178691,per178691_1911_09788,9,0,0,,,triagem/nome-caixa-conversao 1.0.0,32,ok
178691,per178691_1911_09788,10,1,1,caixa de conver,5827,triagem/nome-caixa-conversao 1.0.0,32,ok
178691,per178691_1911_09788,11,0,0,,,triagem/nome-caixa-conversao 1.0.0,32,ok
178691,per178691_1911_09788,12,0,0,,,triagem/nome-caixa-conversao 1.0.0,32,ok
178691,per178691_1911_09789,1,0,0,,,triagem/nome-caixa-conversao 1.0.0,32,ok
178691,per178691_1911_09789,2,0,0,,,triagem/nome-caixa-conversao 1.0.0,32,ok
178691,per178691_1911_09789,3,0,0,,,triagem/nome-caixa-conversao 1.0.0,32,ok
178691,per178691_1911_09789,4,0,0,,,triagem/nome-caixa-conversao 1.0.0,32,ok
178691,per178691_1911_09789,5,0,0,,,triagem/nome-caixa-conversao 1.0.0,32,ok
178691,per178691_1911_09789,6,1,1,caixa de conver,25388,triagem/nome-caixa-conversao 1.0.0,32,ok
178691,per178691_1911_09789,7,0,0,,,triagem/nome-caixa-conversao 1.0.0,32,ok
178691,per178691_1911_09789,8,0,0,,,triagem/nome-caixa-conversao 1.0.0,32,ok
178691,per178691_1911_09789,9,0,0,,,triagem/nome-caixa-conversao 1.0.0,32,ok
178691,per178691_1911_09789,10,0,0,,,triagem/nome-caixa-conversao 1.0.0,32,ok
178691,per178691_1911_09789,11,0,0,,,triagem/nome-caixa-conversao 1.0.0,32,ok
178691,per178691_1911_09789,12,0,0,,,triagem/nome-caixa-conversao 1.0.0,32,ok
178691,per178691_1911_09790,1,0,0,,,triagem/nome-caixa-conversao 1.0.0,32,ok
178691,per178691_1911_09790,2,0,0,,,triagem/nome-caixa-conversao 1.0.0,32,ok
178691,per178691_1911_09790,3,0,0,,,triagem/nome-caixa-conversao 1.0.0,32,ok
178691,per178691_1911_09790,4,0,0,,,triagem/nome-caixa-conversao 1.0.0,32,ok
178691,per178691_1911_09790,5,0,0,,,triagem/nome-caixa-conversao 1.0.0,32,ok
178691,per178691_1911_09790,6,0,0,,,triagem/nome-caixa-conversao 1.0.0,32,ok
178691,per178691_1911_09790,7,0,0,,,triagem/nome-caixa-conversao 1.0.0,32,ok
178691,per178691_1911_09790,8,0,0,,,triagem/nome-caixa-conversao 1.0.0,32,ok
178691,per178691_1911_09790,9,0,0,,,triagem/nome-caixa-conversao 1.0.0,32,ok
178691,per178691_1911_09790,10,0,0,,,triagem/nome-caixa-conversao 1.0.0,32,ok
178691,per178691_1911_09790,11,1,1,caixa de conver,43507,triagem/nome-caixa-conversao 1.0.0,32,ok
178691,per178691_1911_09790,12,0,0,,,triagem/nome-caixa-conversao 1.0.0,32,ok
178691,per178691_1911_09790,13,0,0,,,triagem/nome-caixa-conversao 1.0.0,32,ok
178691,per178691_1911_09790,14,0,0,,,triagem/nome-caixa-conversao 1.0.0,32,ok
178691,per178691_1911_09790,15,0,0,,,triagem/nome-caixa-conversao 1.0.0,32,ok
178691,per178691_1911_09790,16,0,0,,,triagem/nome-caixa-conversao 1.0.0,32,ok
178691,per178691_1911_09791,1,0,0,,,triagem/nome-caixa-conversao 1.0.0,32,ok
178691,per178691_1911_09791,2,0,0,,,triagem/nome-caixa-conversao 1.0.0,32,ok
178691,per178691_1911_09791,3,0,0,,,triagem/nome-caixa-conversao 1.0.0,32,ok
178691,per178691_1911_09791,4,0,0,,,triagem/nome-caixa-conversao 1.0.0,32,ok
178691,per178691_1911_09791,5,0,0,,,triagem/nome-caixa-conversao 1.0.0,32,ok
178691,per178691_1911_09791,6,0,0,,,triagem/nome-caixa-conversao 1.0.0,32,ok
178691,per178691_1911_09791,7,0,0,,,triagem/nome-caixa-conversao 1.0.0,32,ok
178691,per178691_1911_09791,8,0,0,,,triagem/nome-caixa-conversao 1.0.0,32,ok
178691,per178691_1911_09791,9,0,0,,,triagem/nome-caixa-conversao 1.0.0,32,ok
178691,per178691_1911_09791,10,0,0,,,triagem/nome-caixa-conversao 1.0.0,32,ok
178691,per178691_1911_09791,11,1,1,caixa de conver,8180,triagem/nome-caixa-conversao 1.0.0,32,ok
178691,per178691_1911_09791,12,1,1,caixa du conver,18334,triagem/nome-caixa-conversao 1.0.0,32,ok
178691,per178691_1911_09791,13,0,0,,,triagem/nome-caixa-conversao 1.0.0,32,ok
178691,per178691_1911_09791,14,0,0,,,triagem/nome-caixa-conversao 1.0.0,32,ok
178691,per178691_1911_09791,15,0,0,,,triagem/nome-caixa-conversao 1.0.0,32,ok
178691,per178691_1911_09791,16,0,0,,,triagem/nome-caixa-conversao 1.0.0,32,ok
178691,per178691_1911_09792,1,0,0,,,triagem/nome-caixa-conversao 1.0.0,32,ok
178691,per178691_1911_09792,2,0,0,,,triagem/nome-caixa-conversao 1.0.0,32,ok
178691,per178691_1911_09792,3,0,0,,,triagem/nome-caixa-conversao 1.0.0,32,ok
178691,per178691_1911_09792,4,0,0,,,triagem/nome-caixa-conversao 1.0.0,32,ok
178691,per178691_1911_09792,5,0,0,,,triagem/nome-caixa-conversao 1.0.0,32,ok
178691,per178691_1911_09792,6,0,0,,,triagem/nome-caixa-conversao 1.0.0,32,ok
178691,per178691_1911_09792,7,0,0,,,triagem/nome-caixa-conversao 1.0.0,32,ok
178691,per178691_1911_09792,8,0,0,,,triagem/nome-caixa-conversao 1.0.0,32,ok
178691,per178691_1911_09792,9,1,1,caixa du conver,8008,triagem/nome-caixa-conversao 1.0.0,32,ok
178691,per178691_1911_09792,10,0,0,,,triagem/nome-caixa-conversao 1.0.0,32,ok
178691,per178691_1911_09792,11,0,0,,,triagem/nome-caixa-conversao 1.0.0,32,ok
178691,per178691_1911_09792,12,0,0,,,triagem/nome-caixa-conversao 1.0.0,32,ok
178691,per178691_1911_09793,1,0,0,,,triagem/nome-caixa-conversao 1.0.0,32,ok
178691,per178691_1911_09793,2,0,0,,,triagem/nome-caixa-conversao 1.0.0,32,ok
178691,per178691_1911_09793,3,0,0,,,triagem/nome-caixa-conversao 1.0.0,32,ok
178691,per178691_1911_09793,4,0,0,,,triagem/nome-caixa-conversao 1.0.0,32,ok
178691,per178691_1911_09793,5,0,0,,,triagem/nome-caixa-conversao 1.0.0,32,ok
178691,per178691_1911_09793,6,0,0,,,triagem/nome-caixa-conversao 1.0.0,32,ok
178691,per178691_1911_09793,7,1,1,caixa de conver,42228,triagem/nome-caixa-conversao 1.0.0,32,ok
178691,per178691_1911_09793,8,0,0,,,triagem/nome-caixa-conversao 1.0.0,32,ok
178691,per178691_1911_09793,9,0,0,,,triagem/nome-caixa-conversao 1.0.0,32,ok
178691,per178691_1911_09793,10,0,0,,,triagem/nome-caixa-conversao 1.0.0,32,ok
178691,per178691_1911_09793,11,0,0,,,triagem/nome-caixa-conversao 1.0.0,32,ok
178691,per178691_1911_09793,12,0,0,,,triagem/nome-caixa-conversao 1.0.0,32,ok
178691,per178691_1911_09793,13,0,0,,,triagem/nome-caixa-conversao 1.0.0,32,ok
178691,per178691_1911_09793,14,0,0,,,triagem/nome-caixa-conversao 1.0.0,32,ok
178691,per178691_1911_09793,15,0,0,,,triagem/nome-caixa-conversao 1.0.0,32,ok
178691,per178691_1911_09793,16,0,0,,,triagem/nome-caixa-conversao 1.0.0,32,ok
178691,per178691_1911_09794,1,0,0,,,triagem/nome-caixa-conversao 1.0.0,32,ok
178691,per178691_1911_09794,2,0,0,,,triagem/nome-caixa-conversao 1.0.0,32,ok
178691,per178691_1911_09794,3,0,0,,,triagem/nome-caixa-conversao 1.0.0,32,ok
178691,per178691_1911_09794,4,0,0,,,triagem/nome-caixa-conversao 1.0.0,32,ok
178691,per178691_1911_09794,5,0,0,,,triagem/nome-caixa-conversao 1.0.0,32,ok
178691,per178691_1911_09794,6,0,0,,,triagem/nome-caixa-conversao 1.0.0,32,ok
178691,per178691_1911_09794,7,0,0,,,triagem/nome-caixa-conversao 1.0.0,32,ok
178691,per178691_1911_09794,8,0,0,,,triagem/nome-caixa-conversao 1.0.0,32,ok
178691,per178691_1911_09794,9,0,0,,,triagem/nome-caixa-conversao 1.0.0,32,ok
178691,per178691_1911_09794,10,0,0,,,triagem/nome-caixa-conversao 1.0.0,32,ok
178691,per178691_1911_09794,11,0,0,,,triagem/nome-caixa-conversao 1.0.0,32,ok
178691,per178691_1911_09794,12,0,0,,,triagem/nome-caixa-conversao 1.0.0,32,ok
178691,per178691_1911_09795,1,0,0,,,triagem/nome-caixa-conversao 1.0.0,32,ok
178691,per178691_1911_09795,2,0,0,,,triagem/nome-caixa-conversao 1.0.0,32,ok
178691,per178691_1911_09795,3,0,0,,,triagem/nome-caixa-conversao 1.0.0,32,ok
178691,per178691_1911_09795,4,0,0,,,triagem/nome-caixa-conversao 1.0.0,32,ok
178691,per178691_1911_09795,5,0,0,,,triagem/nome-caixa-conversao 1.0.0,32,ok
178691,per178691_1911_09795,6,0,0,,,triagem/nome-caixa-conversao 1.0.0,32,ok
178691,per178691_1911_09795,7,1,1,caixa de conver,32321,triagem/nome-caixa-conversao 1.0.0,32,ok
178691,per178691_1911_09795,8,0,0,,,triagem/nome-caixa-conversao 1.0.0,32,ok
178691,per178691_1911_09795,9,0,0,,,triagem/nome-caixa-conversao 1.0.0,32,ok
178691,per178691_1911_09795,10,0,0,,,triagem/nome-caixa-conversao 1.0.0,32,ok
178691,per178691_1911_09795,11,0,0,,,triagem/nome-caixa-conversao 1.0.0,32,ok
178691,per178691_1911_09795,12,0,0,,,triagem/nome-caixa-conversao 1.0.0,32,ok
178691,per178691_1911_09796,1,0,0,,,triagem/nome-caixa-conversao 1.0.0,32,ok
178691,per178691_1911_09796,2,0,0,,,triagem/nome-caixa-conversao 1.0.0,32,ok
178691,per178691_1911_09796,3,0,0,,,triagem/nome-caixa-conversao 1.0.0,32,ok
178691,per178691_1911_09796,4,0,0,,,triagem/nome-caixa-conversao 1.0.0,32,ok
178691,per178691_1911_09796,5,0,0,,,triagem/nome-caixa-conversao 1.0.0,32,ok
178691,per178691_1911_09796,6,1,1,caixa de conver,12770,triagem/nome-caixa-conversao 1.0.0,32,ok
178691,per178691_1911_09796,7,0,0,,,triagem/nome-caixa-conversao 1.0.0,32,ok
178691,per178691_1911_09796,8,0,0,,,triagem/nome-caixa-conversao 1.0.0,32,ok
178691,per178691_1911_09796,9,0,0,,,triagem/nome-caixa-conversao 1.0.0,32,ok
178691,per178691_1911_09796,10,0,0,,,triagem/nome-caixa-conversao 1.0.0,32,ok
178691,per178691_1911_09796,11,0,0,,,triagem/nome-caixa-conversao 1.0.0,32,ok
178691,per178691_1911_09796,12,0,0,,,triagem/nome-caixa-conversao 1.0.0,32,ok
178691,per178691_1911_09797,1,0,0,,,triagem/nome-caixa-conversao 1.0.0,32,ok
178691,per178691_1911_09797,2,0,0,,,triagem/nome-caixa-conversao 1.0.0,32,ok
178691,per178691_1911_09797,3,0,0,,,triagem/nome-caixa-conversao 1.0.0,32,ok
178691,per178691_1911_09797,4,0,0,,,triagem/nome-caixa-conversao 1.0.0,32,ok
178691,per178691_1911_09797,5,0,0,,,triagem/nome-caixa-conversao 1.0.0,32,ok
178691,per178691_1911_09797,6,0,0,,,triagem/nome-caixa-conversao 1.0.0,32,ok
178691,per178691_1911_09797,7,0,0,,,triagem/nome-caixa-conversao 1.0.0,32,ok
178691,per178691_1911_09797,8,0,0,,,triagem/nome-caixa-conversao 1.0.0,32,ok
178691,per178691_1911_09797,9,0,0,,,triagem/nome-caixa-conversao 1.0.0,32,ok
178691,per178691_1911_09797,10,0,0,,,triagem/nome-caixa-conversao 1.0.0,32,ok
178691,per178691_1911_09797,11,0,0,,,triagem/nome-caixa-conversao 1.0.0,32,ok
178691,per178691_1911_09797,12,1,1,caixa de conver,43223,triagem/nome-caixa-conversao 1.0.0,32,ok
178691,per178691_1911_09797,13,1,1,caixa dc conver,27614,triagem/nome-caixa-conversao 1.0.0,32,ok
178691,per178691_1911_09797,14,0,0,,,triagem/nome-caixa-conversao 1.0.0,32,ok
178691,per178691_1911_09797,15,0,0,,,triagem/nome-caixa-conversao 1.0.0,32,ok
178691,per178691_1911_09797,16,0,0,,,triagem/nome-caixa-conversao 1.0.0,32,ok
178691,per178691_1911_09798,1,0,0,,,triagem/nome-caixa-conversao 1.0.0,32,ok
178691,per178691_1911_09798,2,1,1,caixa dc conver,25874,triagem/nome-caixa-conversao 1.0.0,32,ok
178691,per178691_1911_09798,3,0,0,,,triagem/nome-caixa-conversao 1.0.0,32,ok
178691,per178691_1911_09798,4,0,0,,,triagem/nome-caixa-conversao 1.0.0,32,ok
178691,per178691_1911_09798,5,0,0,,,triagem/nome-caixa-conversao 1.0.0,32,ok
178691,per178691_1911_09798,6,0,0,,,triagem/nome-caixa-conversao 1.0.0,32,ok
178691,per178691_1911_09798,7,1,1,caixa de conver,15797,triagem/nome-caixa-conversao 1.0.0,32,ok
178691,per178691_1911_09798,8,0,0,,,triagem/nome-caixa-conversao 1.0.0,32,ok
178691,per178691_1911_09798,9,0,0,,,triagem/nome-caixa-conversao 1.0.0,32,ok
178691,per178691_1911_09798,10,0,0,,,triagem/nome-caixa-conversao 1.0.0,32,ok
178691,per178691_1911_09798,11,0,0,,,triagem/nome-caixa-conversao 1.0.0,32,ok
178691,per178691_1911_09798,12,0,0,,,triagem/nome-caixa-conversao 1.0.0,32,ok
178691,per178691_1911_09799,1,0,0,,,triagem/nome-caixa-conversao 1.0.0,32,ok
178691,per178691_1911_09799,2,0,0,,,triagem/nome-caixa-conversao 1.0.0,32,ok
178691,per178691_1911_09799,3,0,0,,,triagem/nome-caixa-conversao 1.0.0,32,ok
178691,per178691_1911_09799,4,0,0,,,triagem/nome-caixa-conversao 1.0.0,32,ok
178691,per178691_1911_09799,5,0,0,,,triagem/nome-caixa-conversao 1.0.0,32,ok
178691,per178691_1911_09799,6,1,1,caixa de conver,29198,triagem/nome-caixa-conversao 1.0.0,32,ok
178691,per178691_1911_09799,7,0,0,,,triagem/nome-caixa-conversao 1.0.0,32,ok
178691,per178691_1911_09799,8,0,0,,,triagem/nome-caixa-conversao 1.0.0,32,ok
178691,per178691_1911_09799,9,0,0,,,triagem/nome-caixa-conversao 1.0.0,32,ok
178691,per178691_1911_09799,10,0,0,,,triagem/nome-caixa-conversao 1.0.0,32,ok
178691,per178691_1911_09799,11,0,0,,,triagem/nome-caixa-conversao 1.0.0,32,ok
178691,per178691_1911_09799,12,0,0,,,triagem/nome-caixa-conversao 1.0.0,32,ok
178691,per178691_1911_09800,1,0,0,,,triagem/nome-caixa-conversao 1.0.0,32,ok
178691,per178691_1911_09800,2,0,0,,,triagem/nome-caixa-conversao 1.0.0,32,ok
178691,per178691_1911_09800,3,0,0,,,triagem/nome-caixa-conversao 1.0.0,32,ok
178691,per178691_1911_09800,4,0,0,,,triagem/nome-caixa-conversao 1.0.0,32,ok
178691,per178691_1911_09800,5,0,0,,,triagem/nome-caixa-conversao 1.0.0,32,ok
178691,per178691_1911_09800,6,0,0,,,triagem/nome-caixa-conversao 1.0.0,32,ok
178691,per178691_1911_09800,7,0,0,,,triagem/nome-caixa-conversao 1.0.0,32,ok
178691,per178691_1911_09800,8,1,1,caixa de conver,39622,triagem/nome-caixa-conversao 1.0.0,32,ok
178691,per178691_1911_09800,9,0,0,,,triagem/nome-caixa-conversao 1.0.0,32,ok
178691,per178691_1911_09800,10,0,0,,,triagem/nome-caixa-conversao 1.0.0,32,ok
178691,per178691_1911_09800,11,0,0,,,triagem/nome-caixa-conversao 1.0.0,32,ok
178691,per178691_1911_09800,12,0,0,,,triagem/nome-caixa-conversao 1.0.0,32,ok
178691,per178691_1911_09800,13,0,0,,,triagem/nome-caixa-conversao 1.0.0,32,ok
178691,per178691_1911_09800,14,0,0,,,triagem/nome-caixa-conversao 1.0.0,32,ok
178691,per178691_1911_09800,15,0,0,,,triagem/nome-caixa-conversao 1.0.0,32,ok
178691,per178691_1911_09800,16,0,0,,,triagem/nome-caixa-conversao 1.0.0,32,ok
178691,per178691_1911_09801,1,0,0,,,triagem/nome-caixa-conversao 1.0.0,32,ok
178691,per178691_1911_09801,2,0,0,,,triagem/nome-caixa-conversao 1.0.0,32,ok
178691,per178691_1911_09801,3,0,0,,,triagem/nome-caixa-conversao 1.0.0,32,ok
178691,per178691_1911_09801,4,0,0,,,triagem/nome-caixa-conversao 1.0.0,32,ok
178691,per178691_1911_09801,5,0,0,,,triagem/nome-caixa-conversao 1.0.0,32,ok
178691,per178691_1911_09801,6,0,0,,,triagem/nome-caixa-conversao 1.0.0,32,ok
178691,per178691_1911_09801,7,1,1,caixa de conver,24195,triagem/nome-caixa-conversao 1.0.0,32,ok
178691,per178691_1911_09801,8,0,0,,,triagem/nome-caixa-conversao 1.0.0,32,ok
178691,per178691_1911_09801,9,0,0,,,triagem/nome-caixa-conversao 1.0.0,32,ok
178691,per178691_1911_09801,10,0,0,,,triagem/nome-caixa-conversao 1.0.0,32,ok
178691,per178691_1911_09801,11,0,0,,,triagem/nome-caixa-conversao 1.0.0,32,ok
178691,per178691_1911_09801,12,0,0,,,triagem/nome-caixa-conversao 1.0.0,32,ok
178691,per178691_1911_09802,1,0,0,,,triagem/nome-caixa-conversao 1.0.0,32,ok
178691,per178691_1911_09802,2,1,1,caixa deconver,15345,triagem/nome-caixa-conversao 1.0.0,32,ok
178691,per178691_1911_09802,3,0,0,,,triagem/nome-caixa-conversao 1.0.0,32,ok
178691,per178691_1911_09802,4,0,0,,,triagem/nome-caixa-conversao 1.0.0,32,ok
178691,per178691_1911_09802,5,0,0,,,triagem/nome-caixa-conversao 1.0.0,32,ok
178691,per178691_1911_09802,6,0,0,,,triagem/nome-caixa-conversao 1.0.0,32,ok
178691,per178691_1911_09802,7,0,0,,,triagem/nome-caixa-conversao 1.0.0,32,ok
178691,per178691_1911_09802,8,0,0,,,triagem/nome-caixa-conversao 1.0.0,32,ok
178691,per178691_1911_09802,9,0,0,,,triagem/nome-caixa-conversao 1.0.0,32,ok
178691,per178691_1911_09802,10,0,0,,,triagem/nome-caixa-conversao 1.0.0,32,ok
178691,per178691_1911_09802,11,0,0,,,triagem/nome-caixa-conversao 1.0.0,32,ok
178691,per178691_1911_09802,12,0,0,,,triagem/nome-caixa-conversao 1.0.0,32,ok
178691,per178691_1911_09803,1,0,0,,,triagem/nome-caixa-conversao 1.0.0,32,ok
178691,per178691_1911_09803,2,0,0,,,triagem/nome-caixa-conversao 1.0.0,32,ok
178691,per178691_1911_09803,3,0,0,,,triagem/nome-caixa-conversao 1.0.0,32,ok
178691,per178691_1911_09803,4,0,0,,,triagem/nome-caixa-conversao 1.0.0,32,ok
178691,per178691_1911_09803,5,0,0,,,triagem/nome-caixa-conversao 1.0.0,32,ok
178691,per178691_1911_09803,6,0,0,,,triagem/nome-caixa-conversao 1.0.0,32,ok
178691,per178691_1911_09803,7,0,0,,,triagem/nome-caixa-conversao 1.0.0,32,ok
178691,per178691_1911_09803,8,0,0,,,triagem/nome-caixa-conversao 1.0.0,32,ok
178691,per178691_1911_09803,9,0,0,,,triagem/nome-caixa-conversao 1.0.0,32,ok
178691,per178691_1911_09803,10,0,0,,,triagem/nome-caixa-conversao 1.0.0,32,ok
178691,per178691_1911_09803,11,0,0,,,triagem/nome-caixa-conversao 1.0.0,32,ok
178691,per178691_1911_09803,12,0,0,,,triagem/nome-caixa-conversao 1.0.0,32,ok
178691,per178691_1911_09804,1,0,0,,,triagem/nome-caixa-conversao 1.0.0,32,ok
178691,per178691_1911_09804,2,0,0,,,triagem/nome-caixa-conversao 1.0.0,32,ok
178691,per178691_1911_09804,3,0,0,,,triagem/nome-caixa-conversao 1.0.0,32,ok
178691,per178691_1911_09804,4,0,0,,,triagem/nome-caixa-conversao 1.0.0,32,ok
178691,per178691_1911_09804,5,0,0,,,triagem/nome-caixa-conversao 1.0.0,32,ok
178691,per178691_1911_09804,6,0,0,,,triagem/nome-caixa-conversao 1.0.0,32,ok
178691,per178691_1911_09804,7,0,0,,,triagem/nome-caixa-conversao 1.0.0,32,ok
178691,per178691_1911_09804,8,0,0,,,triagem/nome-caixa-conversao 1.0.0,32,ok
178691,per178691_1911_09804,9,1,1,caixa de conver,20245,triagem/nome-caixa-conversao 1.0.0,32,ok
178691,per178691_1911_09804,10,0,0,,,triagem/nome-caixa-conversao 1.0.0,32,ok
178691,per178691_1911_09804,11,0,0,,,triagem/nome-caixa-conversao 1.0.0,32,ok
178691,per178691_1911_09804,12,1,1,caixa de conver,10077,triagem/nome-caixa-conversao 1.0.0,32,ok
178691,per178691_1911_09804,13,0,0,,,triagem/nome-caixa-conversao 1.0.0,32,ok
178691,per178691_1911_09804,14,0,0,,,triagem/nome-caixa-conversao 1.0.0,32,ok
178691,per178691_1911_09804,15,0,0,,,triagem/nome-caixa-conversao 1.0.0,32,ok
178691,per178691_1911_09804,16,0,0,,,triagem/nome-caixa-conversao 1.0.0,32,ok
178691,per178691_1911_09805,1,0,0,,,triagem/nome-caixa-conversao 1.0.0,32,ok
178691,per178691_1911_09805,2,0,0,,,triagem/nome-caixa-conversao 1.0.0,32,ok
178691,per178691_1911_09805,3,1,1,caixa de conver,31763,triagem/nome-caixa-conversao 1.0.0,32,ok
178691,per178691_1911_09805,4,0,0,,,triagem/nome-caixa-conversao 1.0.0,32,ok
178691,per178691_1911_09805,5,0,0,,,triagem/nome-caixa-conversao 1.0.0,32,ok
178691,per178691_1911_09805,6,0,0,,,triagem/nome-caixa-conversao 1.0.0,32,ok
178691,per178691_1911_09805,7,0,0,,,triagem/nome-caixa-conversao 1.0.0,32,ok
178691,per178691_1911_09805,8,0,0,,,triagem/nome-caixa-conversao 1.0.0,32,ok
178691,per178691_1911_09805,9,0,0,,,triagem/nome-caixa-conversao 1.0.0,32,ok
178691,per178691_1911_09805,10,0,0,,,triagem/nome-caixa-conversao 1.0.0,32,ok
178691,per178691_1911_09805,11,1,1,caixa de conver,24043,triagem/nome-caixa-conversao 1.0.0,32,ok
178691,per178691_1911_09805,12,0,0,,,triagem/nome-caixa-conversao 1.0.0,32,ok
178691,per178691_1911_09805,13,0,0,,,triagem/nome-caixa-conversao 1.0.0,32,ok
178691,per178691_1911_09805,14,0,0,,,triagem/nome-caixa-conversao 1.0.0,32,ok
178691,per178691_1911_09805,15,0,0,,,triagem/nome-caixa-conversao 1.0.0,32,ok
178691,per178691_1911_09805,16,0,0,,,triagem/nome-caixa-conversao 1.0.0,32,ok
178691,per178691_1911_09806,1,0,0,,,triagem/nome-caixa-conversao 1.0.0,32,ok
178691,per178691_1911_09806,2,0,0,,,triagem/nome-caixa-conversao 1.0.0,32,ok
178691,per178691_1911_09806,3,0,0,,,triagem/nome-caixa-conversao 1.0.0,32,ok
178691,per178691_1911_09806,4,0,0,,,triagem/nome-caixa-conversao 1.0.0,32,ok
178691,per178691_1911_09806,5,0,0,,,triagem/nome-caixa-conversao 1.0.0,32,ok
178691,per178691_1911_09806,6,1,1,caixa de conver,42816,triagem/nome-caixa-conversao 1.0.0,32,ok
178691,per178691_1911_09806,7,0,0,,,triagem/nome-caixa-conversao 1.0.0,32,ok
178691,per178691_1911_09806,8,0,0,,,triagem/nome-caixa-conversao 1.0.0,32,ok
178691,per178691_1911_09806,9,0,0,,,triagem/nome-caixa-conversao 1.0.0,32,ok
178691,per178691_1911_09806,10,0,0,,,triagem/nome-caixa-conversao 1.0.0,32,ok
178691,per178691_1911_09806,11,0,0,,,triagem/nome-caixa-conversao 1.0.0,32,ok
178691,per178691_1911_09806,12,0,0,,,triagem/nome-caixa-conversao 1.0.0,32,ok
178691,per178691_1911_09807,1,0,0,,,triagem/nome-caixa-conversao 1.0.0,32,ok
178691,per178691_1911_09807,2,0,0,,,triagem/nome-caixa-conversao 1.0.0,32,ok
178691,per178691_1911_09807,3,0,0,,,triagem/nome-caixa-conversao 1.0.0,32,ok
178691,per178691_1911_09807,4,0,0,,,triagem/nome-caixa-conversao 1.0.0,32,ok
178691,per178691_1911_09807,5,0,0,,,triagem/nome-caixa-conversao 1.0.0,32,ok
178691,per178691_1911_09807,6,0,0,,,triagem/nome-caixa-conversao 1.0.0,32,ok
178691,per178691_1911_09807,7,0,0,,,triagem/nome-caixa-conversao 1.0.0,32,ok
178691,per178691_1911_09807,8,0,0,,,triagem/nome-caixa-conversao 1.0.0,32,ok
178691,per178691_1911_09807,9,1,1,caixa de conver,5665,triagem/nome-caixa-conversao 1.0.0,32,ok
178691,per178691_1911_09807,10,0,0,,,triagem/nome-caixa-conversao 1.0.0,32,ok
178691,per178691_1911_09807,11,0,0,,,triagem/nome-caixa-conversao 1.0.0,32,ok
178691,per178691_1911_09807,12,0,0,,,triagem/nome-caixa-conversao 1.0.0,32,ok
178691,per178691_1911_09807,13,0,0,,,triagem/nome-caixa-conversao 1.0.0,32,ok
178691,per178691_1911_09807,14,0,0,,,triagem/nome-caixa-conversao 1.0.0,32,ok
178691,per178691_1911_09807,15,0,0,,,triagem/nome-caixa-conversao 1.0.0,32,ok
178691,per178691_1911_09807,16,0,0,,,triagem/nome-caixa-conversao 1.0.0,32,ok
178691,per178691_1911_09808,1,0,0,,,triagem/nome-caixa-conversao 1.0.0,32,ok
178691,per178691_1911_09808,2,0,0,,,triagem/nome-caixa-conversao 1.0.0,32,ok
178691,per178691_1911_09808,3,0,0,,,triagem/nome-caixa-conversao 1.0.0,32,ok
178691,per178691_1911_09808,4,0,0,,,triagem/nome-caixa-conversao 1.0.0,32,ok
178691,per178691_1911_09808,5,0,0,,,triagem/nome-caixa-conversao 1.0.0,32,ok
178691,per178691_1911_09808,6,0,0,,,triagem/nome-caixa-conversao 1.0.0,32,ok
178691,per178691_1911_09808,7,0,0,,,triagem/nome-caixa-conversao 1.0.0,32,ok
178691,per178691_1911_09808,8,0,0,,,triagem/nome-caixa-conversao 1.0.0,32,ok
178691,per178691_1911_09808,9,0,0,,,triagem/nome-caixa-conversao 1.0.0,32,ok
178691,per178691_1911_09808,10,0,0,,,triagem/nome-caixa-conversao 1.0.0,32,ok
178691,per178691_1911_09808,11,0,0,,,triagem/nome-caixa-conversao 1.0.0,32,ok
178691,per178691_1911_09808,12,0,0,,,triagem/nome-caixa-conversao 1.0.0,32,ok
178691,per178691_1911_09809,1,0,0,,,triagem/nome-caixa-conversao 1.0.0,32,ok
178691,per178691_1911_09809,2,0,0,,,triagem/nome-caixa-conversao 1.0.0,32,ok
178691,per178691_1911_09809,3,0,0,,,triagem/nome-caixa-conversao 1.0.0,32,ok
178691,per178691_1911_09809,4,0,0,,,triagem/nome-caixa-conversao 1.0.0,32,ok
178691,per178691_1911_09809,5,0,0,,,triagem/nome-caixa-conversao 1.0.0,32,ok
178691,per178691_1911_09809,6,0,0,,,triagem/nome-caixa-conversao 1.0.0,32,ok
178691,per178691_1911_09809,7,0,0,,,triagem/nome-caixa-conversao 1.0.0,32,ok
178691,per178691_1911_09809,8,0,0,,,triagem/nome-caixa-conversao 1.0.0,32,ok
178691,per178691_1911_09809,9,0,0,,,triagem/nome-caixa-conversao 1.0.0,32,ok
178691,per178691_1911_09809,10,0,0,,,triagem/nome-caixa-conversao 1.0.0,32,ok
178691,per178691_1911_09809,11,0,0,,,triagem/nome-caixa-conversao 1.0.0,32,ok
178691,per178691_1911_09809,12,0,0,,,triagem/nome-caixa-conversao 1.0.0,32,ok
178691,per178691_1911_09810,1,0,0,,,triagem/nome-caixa-conversao 1.0.0,32,ok
178691,per178691_1911_09810,2,0,0,,,triagem/nome-caixa-conversao 1.0.0,32,ok
178691,per178691_1911_09810,3,0,0,,,triagem/nome-caixa-conversao 1.0.0,32,ok
178691,per178691_1911_09810,4,0,0,,,triagem/nome-caixa-conversao 1.0.0,32,ok
178691,per178691_1911_09810,5,0,0,,,triagem/nome-caixa-conversao 1.0.0,32,ok
178691,per178691_1911_09810,6,1,1,caixa de conver,17154,triagem/nome-caixa-conversao 1.0.0,32,ok
178691,per178691_1911_09810,7,0,0,,,triagem/nome-caixa-conversao 1.0.0,32,ok
178691,per178691_1911_09810,8,0,0,,,triagem/nome-caixa-conversao 1.0.0,32,ok
178691,per178691_1911_09810,9,0,0,,,triagem/nome-caixa-conversao 1.0.0,32,ok
178691,per178691_1911_09810,10,0,0,,,triagem/nome-caixa-conversao 1.0.0,32,ok
178691,per178691_1911_09810,11,0,0,,,triagem/nome-caixa-conversao 1.0.0,32,ok
178691,per178691_1911_09810,12,0,0,,,triagem/nome-caixa-conversao 1.0.0,32,ok
178691,per178691_1911_09811,1,0,0,,,triagem/nome-caixa-conversao 1.0.0,32,ok
178691,per178691_1911_09811,2,0,0,,,triagem/nome-caixa-conversao 1.0.0,32,ok
178691,per178691_1911_09811,3,0,0,,,triagem/nome-caixa-conversao 1.0.0,32,ok
178691,per178691_1911_09811,4,0,0,,,triagem/nome-caixa-conversao 1.0.0,32,ok
178691,per178691_1911_09811,5,0,0,,,triagem/nome-caixa-conversao 1.0.0,32,ok
178691,per178691_1911_09811,6,0,0,,,triagem/nome-caixa-conversao 1.0.0,32,ok
178691,per178691_1911_09811,7,0,0,,,triagem/nome-caixa-conversao 1.0.0,32,ok
178691,per178691_1911_09811,8,0,0,,,triagem/nome-caixa-conversao 1.0.0,32,ok
178691,per178691_1911_09811,9,0,0,,,triagem/nome-caixa-conversao 1.0.0,32,ok
178691,per178691_1911_09811,10,0,0,,,triagem/nome-caixa-conversao 1.0.0,32,ok
178691,per178691_1911_09811,11,0,0,,,triagem/nome-caixa-conversao 1.0.0,32,ok
178691,per178691_1911_09811,12,0,0,,,triagem/nome-caixa-conversao 1.0.0,32,ok
178691,per178691_1911_09812,1,0,0,,,triagem/nome-caixa-conversao 1.0.0,32,ok
178691,per178691_1911_09812,2,0,0,,,triagem/nome-caixa-conversao 1.0.0,32,ok
178691,per178691_1911_09812,3,0,0,,,triagem/nome-caixa-conversao 1.0.0,32,ok
178691,per178691_1911_09812,4,0,0,,,triagem/nome-caixa-conversao 1.0.0,32,ok
178691,per178691_1911_09812,5,0,0,,,triagem/nome-caixa-conversao 1.0.0,32,ok
178691,per178691_1911_09812,6,1,1,caixa de conver,44735,triagem/nome-caixa-conversao 1.0.0,32,ok
178691,per178691_1911_09812,7,0,0,,,triagem/nome-caixa-conversao 1.0.0,32,ok
178691,per178691_1911_09812,8,0,0,,,triagem/nome-caixa-conversao 1.0.0,32,ok
178691,per178691_1911_09812,9,0,0,,,triagem/nome-caixa-conversao 1.0.0,32,ok
178691,per178691_1911_09812,10,0,0,,,triagem/nome-caixa-conversao 1.0.0,32,ok
178691,per178691_1911_09812,11,0,0,,,triagem/nome-caixa-conversao 1.0.0,32,ok
178691,per178691_1911_09812,12,0,0,,,triagem/nome-caixa-conversao 1.0.0,32,ok
178691,per178691_1911_09813,1,0,0,,,triagem/nome-caixa-conversao 1.0.0,32,ok
178691,per178691_1911_09813,2,0,0,,,triagem/nome-caixa-conversao 1.0.0,32,ok
178691,per178691_1911_09813,3,0,0,,,triagem/nome-caixa-conversao 1.0.0,32,ok
178691,per178691_1911_09813,4,1,1,caixa de conver,15741,triagem/nome-caixa-conversao 1.0.0,32,ok
178691,per178691_1911_09813,5,0,0,,,triagem/nome-caixa-conversao 1.0.0,32,ok
178691,per178691_1911_09813,6,0,0,,,triagem/nome-caixa-conversao 1.0.0,32,ok
178691,per178691_1911_09813,7,0,0,,,triagem/nome-caixa-conversao 1.0.0,32,ok
178691,per178691_1911_09813,8,0,0,,,triagem/nome-caixa-conversao 1.0.0,32,ok
178691,per178691_1911_09813,9,0,0,,,triagem/nome-caixa-conversao 1.0.0,32,ok
178691,per178691_1911_09813,10,0,0,,,triagem/nome-caixa-conversao 1.0.0,32,ok
178691,per178691_1911_09813,11,1,1,caixa de conver,20998,triagem/nome-caixa-conversao 1.0.0,32,ok
178691,per178691_1911_09813,12,0,0,,,triagem/nome-caixa-conversao 1.0.0,32,ok
178691,per178691_1911_09813,13,0,0,,,triagem/nome-caixa-conversao 1.0.0,32,ok
178691,per178691_1911_09813,14,0,0,,,triagem/nome-caixa-conversao 1.0.0,32,ok
178691,per178691_1911_09813,15,0,0,,,triagem/nome-caixa-conversao 1.0.0,32,ok
178691,per178691_1911_09813,16,0,0,,,triagem/nome-caixa-conversao 1.0.0,32,ok
178691,per178691_1911_09814,1,0,0,,,triagem/nome-caixa-conversao 1.0.0,32,ok
178691,per178691_1911_09814,2,0,0,,,triagem/nome-caixa-conversao 1.0.0,32,ok
178691,per178691_1911_09814,3,0,0,,,triagem/nome-caixa-conversao 1.0.0,32,ok
178691,per178691_1911_09814,4,0,0,,,triagem/nome-caixa-conversao 1.0.0,32,ok
178691,per178691_1911_09814,5,0,0,,,triagem/nome-caixa-conversao 1.0.0,32,ok
178691,per178691_1911_09814,6,0,0,,,triagem/nome-caixa-conversao 1.0.0,32,ok
178691,per178691_1911_09814,7,0,0,,,triagem/nome-caixa-conversao 1.0.0,32,ok
178691,per178691_1911_09814,8,0,0,,,triagem/nome-caixa-conversao 1.0.0,32,ok
178691,per178691_1911_09814,9,1,1,caixa de conver,6383,triagem/nome-caixa-conversao 1.0.0,32,ok
178691,per178691_1911_09814,10,0,0,,,triagem/nome-caixa-conversao 1.0.0,32,ok
178691,per178691_1911_09814,11,0,0,,,triagem/nome-caixa-conversao 1.0.0,32,ok
178691,per178691_1911_09814,12,1,1,caixa de conver,12453,triagem/nome-caixa-conversao 1.0.0,32,ok
178691,per178691_1911_09814,13,0,0,,,triagem/nome-caixa-conversao 1.0.0,32,ok
178691,per178691_1911_09814,14,0,0,,,triagem/nome-caixa-conversao 1.0.0,32,ok
178691,per178691_1911_09814,15,0,0,,,triagem/nome-caixa-conversao 1.0.0,32,ok
178691,per178691_1911_09814,16,0,0,,,triagem/nome-caixa-conversao 1.0.0,32,ok
178691,per178691_1911_09815,1,0,0,,,triagem/nome-caixa-conversao 1.0.0,32,ok
178691,per178691_1911_09815,2,0,0,,,triagem/nome-caixa-conversao 1.0.0,32,ok
178691,per178691_1911_09815,3,0,0,,,triagem/nome-caixa-conversao 1.0.0,32,ok
178691,per178691_1911_09815,4,0,0,,,triagem/nome-caixa-conversao 1.0.0,32,ok
178691,per178691_1911_09815,5,0,0,,,triagem/nome-caixa-conversao 1.0.0,32,ok
178691,per178691_1911_09815,6,1,1,caixa deconver,31704,triagem/nome-caixa-conversao 1.0.0,32,ok
178691,per178691_1911_09815,7,0,0,,,triagem/nome-caixa-conversao 1.0.0,32,ok
178691,per178691_1911_09815,8,0,0,,,triagem/nome-caixa-conversao 1.0.0,32,ok
178691,per178691_1911_09815,9,0,0,,,triagem/nome-caixa-conversao 1.0.0,32,ok
178691,per178691_1911_09815,10,0,0,,,triagem/nome-caixa-conversao 1.0.0,32,ok
178691,per178691_1911_09816,1,0,0,,,triagem/nome-caixa-conversao 1.0.0,32,ok
178691,per178691_1911_09816,2,0,0,,,triagem/nome-caixa-conversao 1.0.0,32,ok
178691,per178691_1911_09816,3,0,0,,,triagem/nome-caixa-conversao 1.0.0,32,ok
178691,per178691_1911_09816,4,0,0,,,triagem/nome-caixa-conversao 1.0.0,32,ok
178691,per178691_1911_09816,5,0,0,,,triagem/nome-caixa-conversao 1.0.0,32,ok
178691,per178691_1911_09816,6,0,0,,,triagem/nome-caixa-conversao 1.0.0,32,ok
178691,per178691_1911_09816,7,0,0,,,triagem/nome-caixa-conversao 1.0.0,32,ok
178691,per178691_1911_09816,8,0,0,,,triagem/nome-caixa-conversao 1.0.0,32,ok
178691,per178691_1911_09816,9,0,0,,,triagem/nome-caixa-conversao 1.0.0,32,ok
178691,per178691_1911_09816,10,0,0,,,triagem/nome-caixa-conversao 1.0.0,32,ok
178691,per178691_1911_09816,11,0,0,,,triagem/nome-caixa-conversao 1.0.0,32,ok
178691,per178691_1911_09816,12,1,1,caixa de conver,16707,triagem/nome-caixa-conversao 1.0.0,32,ok
178691,per178691_1911_09816,13,0,0,,,triagem/nome-caixa-conversao 1.0.0,32,ok
178691,per178691_1911_09816,14,0,0,,,triagem/nome-caixa-conversao 1.0.0,32,ok
178691,per178691_1911_09816,15,0,0,,,triagem/nome-caixa-conversao 1.0.0,32,ok
178691,per178691_1911_09816,16,0,0,,,triagem/nome-caixa-conversao 1.0.0,32,ok
178691,per178691_1911_09817,1,0,0,,,triagem/nome-caixa-conversao 1.0.0,32,ok
178691,per178691_1911_09817,2,0,0,,,triagem/nome-caixa-conversao 1.0.0,32,ok
178691,per178691_1911_09817,3,0,0,,,triagem/nome-caixa-conversao 1.0.0,32,ok
178691,per178691_1911_09817,4,0,0,,,triagem/nome-caixa-conversao 1.0.0,32,ok
178691,per178691_1911_09817,5,0,0,,,triagem/nome-caixa-conversao 1.0.0,32,ok
178691,per178691_1911_09817,6,1,1,caixa de conver,18972,triagem/nome-caixa-conversao 1.0.0,32,ok
178691,per178691_1911_09817,7,0,0,,,triagem/nome-caixa-conversao 1.0.0,32,ok
178691,per178691_1911_09817,8,1,1,caixa de conver,21604,triagem/nome-caixa-conversao 1.0.0,32,ok
178691,per178691_1911_09817,9,0,0,,,triagem/nome-caixa-conversao 1.0.0,32,ok
178691,per178691_1911_09817,10,0,0,,,triagem/nome-caixa-conversao 1.0.0,32,ok
178691,per178691_1911_09817,11,0,0,,,triagem/nome-caixa-conversao 1.0.0,32,ok
178691,per178691_1911_09817,12,0,0,,,triagem/nome-caixa-conversao 1.0.0,32,ok
178691,per178691_1911_09818,1,0,0,,,triagem/nome-caixa-conversao 1.0.0,32,ok
178691,per178691_1911_09818,2,0,0,,,triagem/nome-caixa-conversao 1.0.0,32,ok
178691,per178691_1911_09818,3,0,0,,,triagem/nome-caixa-conversao 1.0.0,32,ok
178691,per178691_1911_09818,4,0,0,,,triagem/nome-caixa-conversao 1.0.0,32,ok
178691,per178691_1911_09818,5,0,0,,,triagem/nome-caixa-conversao 1.0.0,32,ok
178691,per178691_1911_09818,6,1,1,caixa deconver,19759,triagem/nome-caixa-conversao 1.0.0,32,ok
178691,per178691_1911_09818,7,0,0,,,triagem/nome-caixa-conversao 1.0.0,32,ok
178691,per178691_1911_09818,8,0,0,,,triagem/nome-caixa-conversao 1.0.0,32,ok
178691,per178691_1911_09818,9,0,0,,,triagem/nome-caixa-conversao 1.0.0,32,ok
178691,per178691_1911_09818,10,0,0,,,triagem/nome-caixa-conversao 1.0.0,32,ok
178691,per178691_1911_09818,11,0,0,,,triagem/nome-caixa-conversao 1.0.0,32,ok
178691,per178691_1911_09818,12,0,0,,,triagem/nome-caixa-conversao 1.0.0,32,ok
178691,per178691_1911_09819,1,0,0,,,triagem/nome-caixa-conversao 1.0.0,32,ok
178691,per178691_1911_09819,2,0,0,,,triagem/nome-caixa-conversao 1.0.0,32,ok
178691,per178691_1911_09819,3,0,0,,,triagem/nome-caixa-conversao 1.0.0,32,ok
178691,per178691_1911_09819,4,0,0,,,triagem/nome-caixa-conversao 1.0.0,32,ok
178691,per178691_1911_09819,5,0,0,,,triagem/nome-caixa-conversao 1.0.0,32,ok
178691,per178691_1911_09819,6,0,0,,,triagem/nome-caixa-conversao 1.0.0,32,ok
178691,per178691_1911_09819,7,0,0,,,triagem/nome-caixa-conversao 1.0.0,32,ok
178691,per178691_1911_09819,8,0,0,,,triagem/nome-caixa-conversao 1.0.0,32,ok
178691,per178691_1911_09819,9,0,0,,,triagem/nome-caixa-conversao 1.0.0,32,ok
178691,per178691_1911_09819,10,0,0,,,triagem/nome-caixa-conversao 1.0.0,32,ok
178691,per178691_1911_09819,11,1,1,caixa de conver,36116,triagem/nome-caixa-conversao 1.0.0,32,ok
178691,per178691_1911_09819,12,0,0,,,triagem/nome-caixa-conversao 1.0.0,32,ok
178691,per178691_1911_09819,13,1,1,caixa db conver,11286,triagem/nome-caixa-conversao 1.0.0,32,ok
178691,per178691_1911_09819,14,0,0,,,triagem/nome-caixa-conversao 1.0.0,32,ok
178691,per178691_1911_09819,15,0,0,,,triagem/nome-caixa-conversao 1.0.0,32,ok
178691,per178691_1911_09819,16,0,0,,,triagem/nome-caixa-conversao 1.0.0,32,ok
178691,per178691_1911_09820,1,0,0,,,triagem/nome-caixa-conversao 1.0.0,32,ok
178691,per178691_1911_09820,2,0,0,,,triagem/nome-caixa-conversao 1.0.0,32,ok
178691,per178691_1911_09820,3,0,0,,,triagem/nome-caixa-conversao 1.0.0,32,ok
178691,per178691_1911_09820,4,0,0,,,triagem/nome-caixa-conversao 1.0.0,32,ok
178691,per178691_1911_09820,5,0,0,,,triagem/nome-caixa-conversao 1.0.0,32,ok
178691,per178691_1911_09820,6,0,0,,,triagem/nome-caixa-conversao 1.0.0,32,ok
178691,per178691_1911_09820,7,0,0,,,triagem/nome-caixa-conversao 1.0.0,32,ok
178691,per178691_1911_09820,8,0,0,,,triagem/nome-caixa-conversao 1.0.0,32,ok
178691,per178691_1911_09820,9,0,0,,,triagem/nome-caixa-conversao 1.0.0,32,ok
178691,per178691_1911_09820,10,0,0,,,triagem/nome-caixa-conversao 1.0.0,32,ok
178691,per178691_1911_09820,11,0,0,,,triagem/nome-caixa-conversao 1.0.0,32,ok
178691,per178691_1911_09820,12,0,0,,,triagem/nome-caixa-conversao 1.0.0,32,ok
178691,per178691_1911_09820,13,0,0,,,triagem/nome-caixa-conversao 1.0.0,32,ok
178691,per178691_1911_09820,14,0,0,,,triagem/nome-caixa-conversao 1.0.0,32,ok
178691,per178691_1911_09820,15,0,0,,,triagem/nome-caixa-conversao 1.0.0,32,ok
178691,per178691_1911_09820,16,0,0,,,triagem/nome-caixa-conversao 1.0.0,32,ok
178691,per178691_1911_09821,1,0,0,,,triagem/nome-caixa-conversao 1.0.0,32,ok
178691,per178691_1911_09821,2,0,0,,,triagem/nome-caixa-conversao 1.0.0,32,ok
178691,per178691_1911_09821,3,0,0,,,triagem/nome-caixa-conversao 1.0.0,32,ok
178691,per178691_1911_09821,4,0,0,,,triagem/nome-caixa-conversao 1.0.0,32,ok
178691,per178691_1911_09821,5,0,0,,,triagem/nome-caixa-conversao 1.0.0,32,ok
178691,per178691_1911_09821,6,0,0,,,triagem/nome-caixa-conversao 1.0.0,32,ok
178691,per178691_1911_09821,7,0,0,,,triagem/nome-caixa-conversao 1.0.0,32,ok
178691,per178691_1911_09821,8,0,0,,,triagem/nome-caixa-conversao 1.0.0,32,ok
178691,per178691_1911_09821,9,1,1,caixa do conver,14855,triagem/nome-caixa-conversao 1.0.0,32,ok
178691,per178691_1911_09821,10,0,0,,,triagem/nome-caixa-conversao 1.0.0,32,ok
178691,per178691_1911_09821,11,0,0,,,triagem/nome-caixa-conversao 1.0.0,32,ok
178691,per178691_1911_09821,12,0,0,,,triagem/nome-caixa-conversao 1.0.0,32,ok
178691,per178691_1911_09821,13,0,0,,,triagem/nome-caixa-conversao 1.0.0,32,ok
178691,per178691_1911_09821,14,0,0,,,triagem/nome-caixa-conversao 1.0.0,32,ok
178691,per178691_1911_09821,15,0,0,,,triagem/nome-caixa-conversao 1.0.0,32,ok
178691,per178691_1911_09821,16,0,0,,,triagem/nome-caixa-conversao 1.0.0,32,ok
178691,per178691_1911_09822,1,0,0,,,triagem/nome-caixa-conversao 1.0.0,32,ok
178691,per178691_1911_09822,2,0,0,,,triagem/nome-caixa-conversao 1.0.0,32,ok
178691,per178691_1911_09822,3,0,0,,,triagem/nome-caixa-conversao 1.0.0,32,ok
178691,per178691_1911_09822,4,0,0,,,triagem/nome-caixa-conversao 1.0.0,32,ok
178691,per178691_1911_09822,5,0,0,,,triagem/nome-caixa-conversao 1.0.0,32,ok
178691,per178691_1911_09822,6,0,0,,,triagem/nome-caixa-conversao 1.0.0,32,ok
178691,per178691_1911_09822,7,1,1,caixa de conver,28446,triagem/nome-caixa-conversao 1.0.0,32,ok
178691,per178691_1911_09822,8,0,0,,,triagem/nome-caixa-conversao 1.0.0,32,ok
178691,per178691_1911_09822,9,0,0,,,triagem/nome-caixa-conversao 1.0.0,32,ok
178691,per178691_1911_09822,10,0,0,,,triagem/nome-caixa-conversao 1.0.0,32,ok
178691,per178691_1911_09822,11,0,0,,,triagem/nome-caixa-conversao 1.0.0,32,ok
178691,per178691_1911_09822,12,0,0,,,triagem/nome-caixa-conversao 1.0.0,32,ok
178691,per178691_1911_09823,1,0,0,,,triagem/nome-caixa-conversao 1.0.0,32,ok
178691,per178691_1911_09823,2,1,1,caixa deconver,8782,triagem/nome-caixa-conversao 1.0.0,32,ok
178691,per178691_1911_09823,3,0,0,,,triagem/nome-caixa-conversao 1.0.0,32,ok
178691,per178691_1911_09823,4,0,0,,,triagem/nome-caixa-conversao 1.0.0,32,ok
178691,per178691_1911_09823,5,0,0,,,triagem/nome-caixa-conversao 1.0.0,32,ok
178691,per178691_1911_09823,6,0,0,,,triagem/nome-caixa-conversao 1.0.0,32,ok
178691,per178691_1911_09823,7,1,1,caixa de conver,1196,triagem/nome-caixa-conversao 1.0.0,32,ok
178691,per178691_1911_09823,8,0,0,,,triagem/nome-caixa-conversao 1.0.0,32,ok
178691,per178691_1911_09823,9,0,0,,,triagem/nome-caixa-conversao 1.0.0,32,ok
178691,per178691_1911_09823,10,0,0,,,triagem/nome-caixa-conversao 1.0.0,32,ok
178691,per178691_1911_09823,11,0,0,,,triagem/nome-caixa-conversao 1.0.0,32,ok
178691,per178691_1911_09823,12,0,0,,,triagem/nome-caixa-conversao 1.0.0,32,ok
178691,per178691_1911_09824,1,0,0,,,triagem/nome-caixa-conversao 1.0.0,32,ok
178691,per178691_1911_09824,2,0,0,,,triagem/nome-caixa-conversao 1.0.0,32,ok
178691,per178691_1911_09824,3,0,0,,,triagem/nome-caixa-conversao 1.0.0,32,ok
178691,per178691_1911_09824,4,0,0,,,triagem/nome-caixa-conversao 1.0.0,32,ok
178691,per178691_1911_09824,5,0,0,,,triagem/nome-caixa-conversao 1.0.0,32,ok
178691,per178691_1911_09824,6,0,0,,,triagem/nome-caixa-conversao 1.0.0,32,ok
178691,per178691_1911_09824,7,0,0,,,triagem/nome-caixa-conversao 1.0.0,32,ok
178691,per178691_1911_09824,8,0,0,,,triagem/nome-caixa-conversao 1.0.0,32,ok
178691,per178691_1911_09824,9,1,1,caixa dc conver,27205,triagem/nome-caixa-conversao 1.0.0,32,ok
178691,per178691_1911_09824,10,0,0,,,triagem/nome-caixa-conversao 1.0.0,32,ok
178691,per178691_1911_09824,11,0,0,,,triagem/nome-caixa-conversao 1.0.0,32,ok
178691,per178691_1911_09824,12,0,0,,,triagem/nome-caixa-conversao 1.0.0,32,ok
178691,per178691_1911_09824,13,0,0,,,triagem/nome-caixa-conversao 1.0.0,32,ok
178691,per178691_1911_09824,14,0,0,,,triagem/nome-caixa-conversao 1.0.0,32,ok
178691,per178691_1911_09824,15,0,0,,,triagem/nome-caixa-conversao 1.0.0,32,ok
178691,per178691_1911_09824,16,0,0,,,triagem/nome-caixa-conversao 1.0.0,32,ok
178691,per178691_1911_09825,1,0,0,,,triagem/nome-caixa-conversao 1.0.0,32,ok
178691,per178691_1911_09825,2,0,0,,,triagem/nome-caixa-conversao 1.0.0,32,ok
178691,per178691_1911_09825,3,0,0,,,triagem/nome-caixa-conversao 1.0.0,32,ok
178691,per178691_1911_09825,4,0,0,,,triagem/nome-caixa-conversao 1.0.0,32,ok
178691,per178691_1911_09825,5,0,0,,,triagem/nome-caixa-conversao 1.0.0,32,ok
178691,per178691_1911_09825,6,0,0,,,triagem/nome-caixa-conversao 1.0.0,32,ok
178691,per178691_1911_09825,7,0,0,,,triagem/nome-caixa-conversao 1.0.0,32,ok
178691,per178691_1911_09825,8,0,0,,,triagem/nome-caixa-conversao 1.0.0,32,ok
178691,per178691_1911_09825,9,0,0,,,triagem/nome-caixa-conversao 1.0.0,32,ok
178691,per178691_1911_09825,10,0,0,,,triagem/nome-caixa-conversao 1.0.0,32,ok
178691,per178691_1911_09825,11,0,0,,,triagem/nome-caixa-conversao 1.0.0,32,ok
178691,per178691_1911_09825,12,0,0,,,triagem/nome-caixa-conversao 1.0.0,32,ok
178691,per178691_1911_09826,1,0,0,,,triagem/nome-caixa-conversao 1.0.0,32,ok
178691,per178691_1911_09826,2,0,0,,,triagem/nome-caixa-conversao 1.0.0,32,ok
178691,per178691_1911_09826,3,0,0,,,triagem/nome-caixa-conversao 1.0.0,32,ok
178691,per178691_1911_09826,4,0,0,,,triagem/nome-caixa-conversao 1.0.0,32,ok
178691,per178691_1911_09826,5,0,0,,,triagem/nome-caixa-conversao 1.0.0,32,ok
178691,per178691_1911_09826,6,0,0,,,triagem/nome-caixa-conversao 1.0.0,32,ok
178691,per178691_1911_09826,7,1,1,caixa do conver,42826,triagem/nome-caixa-conversao 1.0.0,32,ok
178691,per178691_1911_09826,8,0,0,,,triagem/nome-caixa-conversao 1.0.0,32,ok
178691,per178691_1911_09826,9,0,0,,,triagem/nome-caixa-conversao 1.0.0,32,ok
178691,per178691_1911_09826,10,0,0,,,triagem/nome-caixa-conversao 1.0.0,32,ok
178691,per178691_1911_09826,11,0,0,,,triagem/nome-caixa-conversao 1.0.0,32,ok
178691,per178691_1911_09826,12,0,0,,,triagem/nome-caixa-conversao 1.0.0,32,ok
178691,per178691_1911_09826,13,0,0,,,triagem/nome-caixa-conversao 1.0.0,32,ok
178691,per178691_1911_09826,14,0,0,,,triagem/nome-caixa-conversao 1.0.0,32,ok
178691,per178691_1911_09826,15,0,0,,,triagem/nome-caixa-conversao 1.0.0,32,ok
178691,per178691_1911_09826,16,0,0,,,triagem/nome-caixa-conversao 1.0.0,32,ok
178691,per178691_1911_09827,1,0,0,,,triagem/nome-caixa-conversao 1.0.0,32,ok
178691,per178691_1911_09827,2,0,0,,,triagem/nome-caixa-conversao 1.0.0,32,ok
178691,per178691_1911_09827,3,0,0,,,triagem/nome-caixa-conversao 1.0.0,32,ok
178691,per178691_1911_09827,4,0,0,,,triagem/nome-caixa-conversao 1.0.0,32,ok
178691,per178691_1911_09827,5,0,0,,,triagem/nome-caixa-conversao 1.0.0,32,ok
178691,per178691_1911_09827,6,0,0,,,triagem/nome-caixa-conversao 1.0.0,32,ok
178691,per178691_1911_09827,7,0,0,,,triagem/nome-caixa-conversao 1.0.0,32,ok
178691,per178691_1911_09827,8,0,0,,,triagem/nome-caixa-conversao 1.0.0,32,ok
178691,per178691_1911_09827,9,0,0,,,triagem/nome-caixa-conversao 1.0.0,32,ok
178691,per178691_1911_09827,10,0,0,,,triagem/nome-caixa-conversao 1.0.0,32,ok
178691,per178691_1911_09827,11,0,0,,,triagem/nome-caixa-conversao 1.0.0,32,ok
178691,per178691_1911_09827,12,0,0,,,triagem/nome-caixa-conversao 1.0.0,32,ok
178691,per178691_1911_09827,13,0,0,,,triagem/nome-caixa-conversao 1.0.0,32,ok
178691,per178691_1911_09827,14,0,0,,,triagem/nome-caixa-conversao 1.0.0,32,ok
178691,per178691_1911_09827,15,0,0,,,triagem/nome-caixa-conversao 1.0.0,32,ok
178691,per178691_1911_09827,16,0,0,,,triagem/nome-caixa-conversao 1.0.0,32,ok
178691,per178691_1911_09828,1,0,0,,,triagem/nome-caixa-conversao 1.0.0,32,ok
178691,per178691_1911_09828,2,0,0,,,triagem/nome-caixa-conversao 1.0.0,32,ok
178691,per178691_1911_09828,3,0,0,,,triagem/nome-caixa-conversao 1.0.0,32,ok
178691,per178691_1911_09828,4,0,0,,,triagem/nome-caixa-conversao 1.0.0,32,ok
178691,per178691_1911_09828,5,1,1,caixa de conver,35686,triagem/nome-caixa-conversao 1.0.0,32,ok
178691,per178691_1911_09828,6,0,0,,,triagem/nome-caixa-conversao 1.0.0,32,ok
178691,per178691_1911_09828,7,0,0,,,triagem/nome-caixa-conversao 1.0.0,32,ok
178691,per178691_1911_09828,8,0,0,,,triagem/nome-caixa-conversao 1.0.0,32,ok
178691,per178691_1911_09828,9,0,0,,,triagem/nome-caixa-conversao 1.0.0,32,ok
178691,per178691_1911_09828,10,0,0,,,triagem/nome-caixa-conversao 1.0.0,32,ok
178691,per178691_1911_09828,11,0,0,,,triagem/nome-caixa-conversao 1.0.0,32,ok
178691,per178691_1911_09828,12,0,0,,,triagem/nome-caixa-conversao 1.0.0,32,ok
178691,per178691_1911_09829,1,0,0,,,triagem/nome-caixa-conversao 1.0.0,32,ok
178691,per178691_1911_09829,2,0,0,,,triagem/nome-caixa-conversao 1.0.0,32,ok
178691,per178691_1911_09829,3,0,0,,,triagem/nome-caixa-conversao 1.0.0,32,ok
178691,per178691_1911_09829,4,0,0,,,triagem/nome-caixa-conversao 1.0.0,32,ok
178691,per178691_1911_09829,5,0,0,,,triagem/nome-caixa-conversao 1.0.0,32,ok
178691,per178691_1911_09829,6,0,0,,,triagem/nome-caixa-conversao 1.0.0,32,ok
178691,per178691_1911_09829,7,0,0,,,triagem/nome-caixa-conversao 1.0.0,32,ok
178691,per178691_1911_09829,8,0,0,,,triagem/nome-caixa-conversao 1.0.0,32,ok
178691,per178691_1911_09829,9,0,0,,,triagem/nome-caixa-conversao 1.0.0,32,ok
178691,per178691_1911_09829,10,0,0,,,triagem/nome-caixa-conversao 1.0.0,32,ok
178691,per178691_1911_09830,1,0,0,,,triagem/nome-caixa-conversao 1.0.0,32,ok
178691,per178691_1911_09830,2,0,0,,,triagem/nome-caixa-conversao 1.0.0,32,ok
178691,per178691_1911_09830,3,0,0,,,triagem/nome-caixa-conversao 1.0.0,32,ok
178691,per178691_1911_09830,4,0,0,,,triagem/nome-caixa-conversao 1.0.0,32,ok
178691,per178691_1911_09830,5,0,0,,,triagem/nome-caixa-conversao 1.0.0,32,ok
178691,per178691_1911_09830,6,0,0,,,triagem/nome-caixa-conversao 1.0.0,32,ok
178691,per178691_1911_09830,7,0,0,,,triagem/nome-caixa-conversao 1.0.0,32,ok
178691,per178691_1911_09830,8,0,0,,,triagem/nome-caixa-conversao 1.0.0,32,ok
178691,per178691_1911_09830,9,0,0,,,triagem/nome-caixa-conversao 1.0.0,32,ok
178691,per178691_1911_09830,10,0,0,,,triagem/nome-caixa-conversao 1.0.0,32,ok
178691,per178691_1911_09830,11,0,0,,,triagem/nome-caixa-conversao 1.0.0,32,ok
178691,per178691_1911_09830,12,0,0,,,triagem/nome-caixa-conversao 1.0.0,32,ok
178691,per178691_1911_09831,1,0,0,,,triagem/nome-caixa-conversao 1.0.0,32,ok
178691,per178691_1911_09831,2,0,0,,,triagem/nome-caixa-conversao 1.0.0,32,ok
178691,per178691_1911_09831,3,0,0,,,triagem/nome-caixa-conversao 1.0.0,32,ok
178691,per178691_1911_09831,4,0,0,,,triagem/nome-caixa-conversao 1.0.0,32,ok
178691,per178691_1911_09831,5,0,0,,,triagem/nome-caixa-conversao 1.0.0,32,ok
178691,per178691_1911_09831,6,0,0,,,triagem/nome-caixa-conversao 1.0.0,32,ok
178691,per178691_1911_09831,7,0,0,,,triagem/nome-caixa-conversao 1.0.0,32,ok
178691,per178691_1911_09831,8,0,0,,,triagem/nome-caixa-conversao 1.0.0,32,ok
178691,per178691_1911_09831,9,0,0,,,triagem/nome-caixa-conversao 1.0.0,32,ok
178691,per178691_1911_09831,10,0,0,,,triagem/nome-caixa-conversao 1.0.0,32,ok
178691,per178691_1911_09831,11,0,0,,,triagem/nome-caixa-conversao 1.0.0,32,ok
178691,per178691_1911_09831,12,0,0,,,triagem/nome-caixa-conversao 1.0.0,32,ok
178691,per178691_1911_09831,13,0,0,,,triagem/nome-caixa-conversao 1.0.0,32,ok
178691,per178691_1911_09831,14,0,0,,,triagem/nome-caixa-conversao 1.0.0,32,ok
178691,per178691_1911_09831,15,0,0,,,triagem/nome-caixa-conversao 1.0.0,32,ok
178691,per178691_1911_09831,16,0,0,,,triagem/nome-caixa-conversao 1.0.0,32,ok
178691,per178691_1911_09832,1,0,0,,,triagem/nome-caixa-conversao 1.0.0,32,ok
178691,per178691_1911_09832,2,0,0,,,triagem/nome-caixa-conversao 1.0.0,32,ok
178691,per178691_1911_09832,3,0,0,,,triagem/nome-caixa-conversao 1.0.0,32,ok
178691,per178691_1911_09832,4,0,0,,,triagem/nome-caixa-conversao 1.0.0,32,ok
178691,per178691_1911_09832,5,0,0,,,triagem/nome-caixa-conversao 1.0.0,32,ok
178691,per178691_1911_09832,6,1,1,caixa de conver,32052,triagem/nome-caixa-conversao 1.0.0,32,ok
178691,per178691_1911_09832,7,0,0,,,triagem/nome-caixa-conversao 1.0.0,32,ok
178691,per178691_1911_09832,8,0,0,,,triagem/nome-caixa-conversao 1.0.0,32,ok
178691,per178691_1911_09832,9,0,0,,,triagem/nome-caixa-conversao 1.0.0,32,ok
178691,per178691_1911_09832,10,0,0,,,triagem/nome-caixa-conversao 1.0.0,32,ok
178691,per178691_1911_09832,11,0,0,,,triagem/nome-caixa-conversao 1.0.0,32,ok
178691,per178691_1911_09832,12,0,0,,,triagem/nome-caixa-conversao 1.0.0,32,ok
178691,per178691_1911_09833,1,0,0,,,triagem/nome-caixa-conversao 1.0.0,32,ok
178691,per178691_1911_09833,2,0,0,,,triagem/nome-caixa-conversao 1.0.0,32,ok
178691,per178691_1911_09833,3,0,0,,,triagem/nome-caixa-conversao 1.0.0,32,ok
178691,per178691_1911_09833,4,0,0,,,triagem/nome-caixa-conversao 1.0.0,32,ok
178691,per178691_1911_09833,5,0,0,,,triagem/nome-caixa-conversao 1.0.0,32,ok
178691,per178691_1911_09833,6,0,0,,,triagem/nome-caixa-conversao 1.0.0,32,ok
178691,per178691_1911_09833,7,0,0,,,triagem/nome-caixa-conversao 1.0.0,32,ok
178691,per178691_1911_09833,8,0,0,,,triagem/nome-caixa-conversao 1.0.0,32,ok
178691,per178691_1911_09833,9,0,0,,,triagem/nome-caixa-conversao 1.0.0,32,ok
178691,per178691_1911_09833,10,0,0,,,triagem/nome-caixa-conversao 1.0.0,32,ok
178691,per178691_1911_09833,11,0,0,,,triagem/nome-caixa-conversao 1.0.0,32,ok
178691,per178691_1911_09833,12,0,0,,,triagem/nome-caixa-conversao 1.0.0,32,ok
178691,per178691_1911_09834,1,0,0,,,triagem/nome-caixa-conversao 1.0.0,32,ok
178691,per178691_1911_09834,2,0,0,,,triagem/nome-caixa-conversao 1.0.0,32,ok
178691,per178691_1911_09834,3,0,0,,,triagem/nome-caixa-conversao 1.0.0,32,ok
178691,per178691_1911_09834,4,0,0,,,triagem/nome-caixa-conversao 1.0.0,32,ok
178691,per178691_1911_09834,5,0,0,,,triagem/nome-caixa-conversao 1.0.0,32,ok
178691,per178691_1911_09834,6,0,0,,,triagem/nome-caixa-conversao 1.0.0,32,ok
178691,per178691_1911_09834,7,0,0,,,triagem/nome-caixa-conversao 1.0.0,32,ok
178691,per178691_1911_09834,8,0,0,,,triagem/nome-caixa-conversao 1.0.0,32,ok
178691,per178691_1911_09834,9,0,0,,,triagem/nome-caixa-conversao 1.0.0,32,ok
178691,per178691_1911_09834,10,0,0,,,triagem/nome-caixa-conversao 1.0.0,32,ok
178691,per178691_1911_09834,11,0,0,,,triagem/nome-caixa-conversao 1.0.0,32,ok
178691,per178691_1911_09834,12,0,0,,,triagem/nome-caixa-conversao 1.0.0,32,ok
178691,per178691_1911_09835,1,0,0,,,triagem/nome-caixa-conversao 1.0.0,32,ok
178691,per178691_1911_09835,2,0,0,,,triagem/nome-caixa-conversao 1.0.0,32,ok
178691,per178691_1911_09835,3,0,0,,,triagem/nome-caixa-conversao 1.0.0,32,ok
178691,per178691_1911_09835,4,0,0,,,triagem/nome-caixa-conversao 1.0.0,32,ok
178691,per178691_1911_09835,5,0,0,,,triagem/nome-caixa-conversao 1.0.0,32,ok
178691,per178691_1911_09835,6,0,0,,,triagem/nome-caixa-conversao 1.0.0,32,ok
178691,per178691_1911_09835,7,0,0,,,triagem/nome-caixa-conversao 1.0.0,32,ok
178691,per178691_1911_09835,8,0,0,,,triagem/nome-caixa-conversao 1.0.0,32,ok
178691,per178691_1911_09835,9,0,0,,,triagem/nome-caixa-conversao 1.0.0,32,ok
178691,per178691_1911_09835,10,0,0,,,triagem/nome-caixa-conversao 1.0.0,32,ok
178691,per178691_1911_09835,11,0,0,,,triagem/nome-caixa-conversao 1.0.0,32,ok
178691,per178691_1911_09835,12,0,0,,,triagem/nome-caixa-conversao 1.0.0,32,ok
178691,per178691_1911_09835,13,0,0,,,triagem/nome-caixa-conversao 1.0.0,32,ok
178691,per178691_1911_09835,14,0,0,,,triagem/nome-caixa-conversao 1.0.0,32,ok
178691,per178691_1911_09835,15,0,0,,,triagem/nome-caixa-conversao 1.0.0,32,ok
178691,per178691_1911_09835,16,0,0,,,triagem/nome-caixa-conversao 1.0.0,32,ok
178691,per178691_1911_09836,1,1,1,caixade conver,14123,triagem/nome-caixa-conversao 1.0.0,32,ok
178691,per178691_1911_09836,2,0,0,,,triagem/nome-caixa-conversao 1.0.0,32,ok
178691,per178691_1911_09836,3,0,0,,,triagem/nome-caixa-conversao 1.0.0,32,ok
178691,per178691_1911_09836,4,0,0,,,triagem/nome-caixa-conversao 1.0.0,32,ok
178691,per178691_1911_09836,5,0,0,,,triagem/nome-caixa-conversao 1.0.0,32,ok
178691,per178691_1911_09836,6,0,0,,,triagem/nome-caixa-conversao 1.0.0,32,ok
178691,per178691_1911_09836,7,0,0,,,triagem/nome-caixa-conversao 1.0.0,32,ok
178691,per178691_1911_09836,8,0,0,,,triagem/nome-caixa-conversao 1.0.0,32,ok
178691,per178691_1911_09836,9,0,0,,,triagem/nome-caixa-conversao 1.0.0,32,ok
178691,per178691_1911_09836,10,0,0,,,triagem/nome-caixa-conversao 1.0.0,32,ok
178691,per178691_1911_09837,1,0,0,,,triagem/nome-caixa-conversao 1.0.0,32,ok
178691,per178691_1911_09837,2,0,0,,,triagem/nome-caixa-conversao 1.0.0,32,ok
178691,per178691_1911_09837,3,0,0,,,triagem/nome-caixa-conversao 1.0.0,32,ok
178691,per178691_1911_09837,4,0,0,,,triagem/nome-caixa-conversao 1.0.0,32,ok
178691,per178691_1911_09837,5,0,0,,,triagem/nome-caixa-conversao 1.0.0,32,ok
178691,per178691_1911_09837,6,0,0,,,triagem/nome-caixa-conversao 1.0.0,32,ok
178691,per178691_1911_09837,7,0,0,,,triagem/nome-caixa-conversao 1.0.0,32,ok
178691,per178691_1911_09837,8,0,0,,,triagem/nome-caixa-conversao 1.0.0,32,ok
178691,per178691_1911_09837,9,1,1,caixa deconver,21833,triagem/nome-caixa-conversao 1.0.0,32,ok
178691,per178691_1911_09837,10,0,0,,,triagem/nome-caixa-conversao 1.0.0,32,ok
178691,per178691_1911_09837,11,0,0,,,triagem/nome-caixa-conversao 1.0.0,32,ok
178691,per178691_1911_09837,12,1,1,caixa de conver,21919,triagem/nome-caixa-conversao 1.0.0,32,ok
178691,per178691_1911_09837,13,0,0,,,triagem/nome-caixa-conversao 1.0.0,32,ok
178691,per178691_1911_09837,14,0,0,,,triagem/nome-caixa-conversao 1.0.0,32,ok
178691,per178691_1911_09837,15,0,0,,,triagem/nome-caixa-conversao 1.0.0,32,ok
178691,per178691_1911_09837,16,0,0,,,triagem/nome-caixa-conversao 1.0.0,32,ok
178691,per178691_1911_09838,1,0,0,,,triagem/nome-caixa-conversao 1.0.0,32,ok
178691,per178691_1911_09838,2,0,0,,,triagem/nome-caixa-conversao 1.0.0,32,ok
178691,per178691_1911_09838,3,1,1,caixa de conver,37572,triagem/nome-caixa-conversao 1.0.0,32,ok
178691,per178691_1911_09838,4,0,0,,,triagem/nome-caixa-conversao 1.0.0,32,ok
178691,per178691_1911_09838,5,0,0,,,triagem/nome-caixa-conversao 1.0.0,32,ok
178691,per178691_1911_09838,6,1,1,caixa de conver,27956,triagem/nome-caixa-conversao 1.0.0,32,ok
178691,per178691_1911_09838,7,0,0,,,triagem/nome-caixa-conversao 1.0.0,32,ok
178691,per178691_1911_09838,8,0,0,,,triagem/nome-caixa-conversao 1.0.0,32,ok
178691,per178691_1911_09838,9,0,0,,,triagem/nome-caixa-conversao 1.0.0,32,ok
178691,per178691_1911_09838,10,0,0,,,triagem/nome-caixa-conversao 1.0.0,32,ok
178691,per178691_1911_09838,11,0,0,,,triagem/nome-caixa-conversao 1.0.0,32,ok
178691,per178691_1911_09838,12,0,0,,,triagem/nome-caixa-conversao 1.0.0,32,ok
178691,per178691_1911_09839,1,0,0,,,triagem/nome-caixa-conversao 1.0.0,32,ok
178691,per178691_1911_09839,2,0,0,,,triagem/nome-caixa-conversao 1.0.0,32,ok
178691,per178691_1911_09839,3,0,0,,,triagem/nome-caixa-conversao 1.0.0,32,ok
178691,per178691_1911_09839,4,0,0,,,triagem/nome-caixa-conversao 1.0.0,32,ok
178691,per178691_1911_09839,5,0,0,,,triagem/nome-caixa-conversao 1.0.0,32,ok
178691,per178691_1911_09839,6,0,0,,,triagem/nome-caixa-conversao 1.0.0,32,ok
178691,per178691_1911_09839,7,0,0,,,triagem/nome-caixa-conversao 1.0.0,32,ok
178691,per178691_1911_09839,8,0,0,,,triagem/nome-caixa-conversao 1.0.0,32,ok
178691,per178691_1911_09839,9,0,0,,,triagem/nome-caixa-conversao 1.0.0,32,ok
178691,per178691_1911_09839,10,1,1,caixa dc conver,18677,triagem/nome-caixa-conversao 1.0.0,32,ok
178691,per178691_1911_09839,11,0,0,,,triagem/nome-caixa-conversao 1.0.0,32,ok
178691,per178691_1911_09839,12,0,0,,,triagem/nome-caixa-conversao 1.0.0,32,ok
178691,per178691_1911_09839,13,0,0,,,triagem/nome-caixa-conversao 1.0.0,32,ok
178691,per178691_1911_09839,14,0,0,,,triagem/nome-caixa-conversao 1.0.0,32,ok
178691,per178691_1911_09839,15,0,0,,,triagem/nome-caixa-conversao 1.0.0,32,ok
178691,per178691_1911_09839,16,0,0,,,triagem/nome-caixa-conversao 1.0.0,32,ok
178691,per178691_1911_09840,1,0,0,,,triagem/nome-caixa-conversao 1.0.0,32,ok
178691,per178691_1911_09840,2,1,1,caixa de conver,24279,triagem/nome-caixa-conversao 1.0.0,32,ok
178691,per178691_1911_09840,3,0,0,,,triagem/nome-caixa-conversao 1.0.0,32,ok
178691,per178691_1911_09840,4,0,0,,,triagem/nome-caixa-conversao 1.0.0,32,ok
178691,per178691_1911_09840,5,0,0,,,triagem/nome-caixa-conversao 1.0.0,32,ok
178691,per178691_1911_09840,6,0,0,,,triagem/nome-caixa-conversao 1.0.0,32,ok
178691,per178691_1911_09840,7,0,0,,,triagem/nome-caixa-conversao 1.0.0,32,ok
178691,per178691_1911_09840,8,0,0,,,triagem/nome-caixa-conversao 1.0.0,32,ok
178691,per178691_1911_09840,9,0,0,,,triagem/nome-caixa-conversao 1.0.0,32,ok
178691,per178691_1911_09840,10,0,0,,,triagem/nome-caixa-conversao 1.0.0,32,ok
178691,per178691_1911_09840,11,0,0,,,triagem/nome-caixa-conversao 1.0.0,32,ok
178691,per178691_1911_09840,12,0,0,,,triagem/nome-caixa-conversao 1.0.0,32,ok
178691,per178691_1911_09840,13,0,0,,,triagem/nome-caixa-conversao 1.0.0,32,ok
178691,per178691_1911_09840,14,0,0,,,triagem/nome-caixa-conversao 1.0.0,32,ok
178691,per178691_1911_09840,15,0,0,,,triagem/nome-caixa-conversao 1.0.0,32,ok
178691,per178691_1911_09840,16,0,0,,,triagem/nome-caixa-conversao 1.0.0,32,ok
178691,per178691_1911_09841,1,0,0,,,triagem/nome-caixa-conversao 1.0.0,32,ok
178691,per178691_1911_09841,2,0,0,,,triagem/nome-caixa-conversao 1.0.0,32,ok
178691,per178691_1911_09841,3,0,0,,,triagem/nome-caixa-conversao 1.0.0,32,ok
178691,per178691_1911_09841,4,0,0,,,triagem/nome-caixa-conversao 1.0.0,32,ok
178691,per178691_1911_09841,5,0,0,,,triagem/nome-caixa-conversao 1.0.0,32,ok
178691,per178691_1911_09841,6,0,0,,,triagem/nome-caixa-conversao 1.0.0,32,ok
178691,per178691_1911_09841,7,0,0,,,triagem/nome-caixa-conversao 1.0.0,32,ok
178691,per178691_1911_09841,8,0,0,,,triagem/nome-caixa-conversao 1.0.0,32,ok
178691,per178691_1911_09841,9,0,0,,,triagem/nome-caixa-conversao 1.0.0,32,ok
178691,per178691_1911_09841,10,0,0,,,triagem/nome-caixa-conversao 1.0.0,32,ok
178691,per178691_1911_09841,11,0,0,,,triagem/nome-caixa-conversao 1.0.0,32,ok
178691,per178691_1911_09841,12,0,0,,,triagem/nome-caixa-conversao 1.0.0,32,ok
178691,per178691_1911_09841,13,0,0,,,triagem/nome-caixa-conversao 1.0.0,32,ok
178691,per178691_1911_09841,14,0,0,,,triagem/nome-caixa-conversao 1.0.0,32,ok
178691,per178691_1911_09841,15,0,0,,,triagem/nome-caixa-conversao 1.0.0,32,ok
178691,per178691_1911_09841,16,0,0,,,triagem/nome-caixa-conversao 1.0.0,32,ok
178691,per178691_1911_09842,1,0,0,,,triagem/nome-caixa-conversao 1.0.0,32,ok
178691,per178691_1911_09842,2,0,0,,,triagem/nome-caixa-conversao 1.0.0,32,ok
178691,per178691_1911_09842,3,0,0,,,triagem/nome-caixa-conversao 1.0.0,32,ok
178691,per178691_1911_09842,4,0,0,,,triagem/nome-caixa-conversao 1.0.0,32,ok
178691,per178691_1911_09842,5,0,0,,,triagem/nome-caixa-conversao 1.0.0,32,ok
178691,per178691_1911_09842,6,0,0,,,triagem/nome-caixa-conversao 1.0.0,32,ok
178691,per178691_1911_09842,7,1,1,caixa de conver,11949,triagem/nome-caixa-conversao 1.0.0,32,ok
178691,per178691_1911_09842,8,0,0,,,triagem/nome-caixa-conversao 1.0.0,32,ok
178691,per178691_1911_09842,9,0,0,,,triagem/nome-caixa-conversao 1.0.0,32,ok
178691,per178691_1911_09842,10,0,0,,,triagem/nome-caixa-conversao 1.0.0,32,ok
178691,per178691_1911_09842,11,0,0,,,triagem/nome-caixa-conversao 1.0.0,32,ok
178691,per178691_1911_09842,12,0,0,,,triagem/nome-caixa-conversao 1.0.0,32,ok
178691,per178691_1911_09842,13,0,0,,,triagem/nome-caixa-conversao 1.0.0,32,ok
178691,per178691_1911_09842,14,0,0,,,triagem/nome-caixa-conversao 1.0.0,32,ok
178691,per178691_1911_09842,15,0,0,,,triagem/nome-caixa-conversao 1.0.0,32,ok
178691,per178691_1911_09842,16,0,0,,,triagem/nome-caixa-conversao 1.0.0,32,ok
178691,per178691_1911_09843,1,0,0,,,triagem/nome-caixa-conversao 1.0.0,32,ok
178691,per178691_1911_09843,2,0,0,,,triagem/nome-caixa-conversao 1.0.0,32,ok
178691,per178691_1911_09843,3,0,0,,,triagem/nome-caixa-conversao 1.0.0,32,ok
178691,per178691_1911_09843,4,0,0,,,triagem/nome-caixa-conversao 1.0.0,32,ok
178691,per178691_1911_09843,5,0,0,,,triagem/nome-caixa-conversao 1.0.0,32,ok
178691,per178691_1911_09843,6,0,0,,,triagem/nome-caixa-conversao 1.0.0,32,ok
178691,per178691_1911_09843,7,0,0,,,triagem/nome-caixa-conversao 1.0.0,32,ok
178691,per178691_1911_09843,8,0,0,,,triagem/nome-caixa-conversao 1.0.0,32,ok
178691,per178691_1911_09843,9,0,0,,,triagem/nome-caixa-conversao 1.0.0,32,ok
178691,per178691_1911_09843,10,0,0,,,triagem/nome-caixa-conversao 1.0.0,32,ok
178691,per178691_1911_09844,1,0,0,,,triagem/nome-caixa-conversao 1.0.0,32,ok
178691,per178691_1911_09844,2,0,0,,,triagem/nome-caixa-conversao 1.0.0,32,ok
178691,per178691_1911_09844,3,0,0,,,triagem/nome-caixa-conversao 1.0.0,32,ok
178691,per178691_1911_09844,4,0,0,,,triagem/nome-caixa-conversao 1.0.0,32,ok
178691,per178691_1911_09844,5,1,1,caixa dc conver,23283,triagem/nome-caixa-conversao 1.0.0,32,ok
178691,per178691_1911_09844,6,0,0,,,triagem/nome-caixa-conversao 1.0.0,32,ok
178691,per178691_1911_09844,7,0,0,,,triagem/nome-caixa-conversao 1.0.0,32,ok
178691,per178691_1911_09844,8,0,0,,,triagem/nome-caixa-conversao 1.0.0,32,ok
178691,per178691_1911_09844,9,1,1,caixa de conver,40294,triagem/nome-caixa-conversao 1.0.0,32,ok
178691,per178691_1911_09844,10,0,0,,,triagem/nome-caixa-conversao 1.0.0,32,ok
178691,per178691_1911_09844,11,0,0,,,triagem/nome-caixa-conversao 1.0.0,32,ok
178691,per178691_1911_09844,12,1,1,caixa de conver,23512,triagem/nome-caixa-conversao 1.0.0,32,ok
178691,per178691_1911_09844,13,0,0,,,triagem/nome-caixa-conversao 1.0.0,32,ok
178691,per178691_1911_09844,14,0,0,,,triagem/nome-caixa-conversao 1.0.0,32,ok
178691,per178691_1911_09844,15,0,0,,,triagem/nome-caixa-conversao 1.0.0,32,ok
178691,per178691_1911_09844,16,0,0,,,triagem/nome-caixa-conversao 1.0.0,32,ok
178691,per178691_1911_09845,1,0,0,,,triagem/nome-caixa-conversao 1.0.0,32,ok
178691,per178691_1911_09845,2,0,0,,,triagem/nome-caixa-conversao 1.0.0,32,ok
178691,per178691_1911_09845,3,1,1,caixa de conver,41134,triagem/nome-caixa-conversao 1.0.0,32,ok
178691,per178691_1911_09845,4,0,0,,,triagem/nome-caixa-conversao 1.0.0,32,ok
178691,per178691_1911_09845,5,0,0,,,triagem/nome-caixa-conversao 1.0.0,32,ok
178691,per178691_1911_09845,6,0,0,,,triagem/nome-caixa-conversao 1.0.0,32,ok
178691,per178691_1911_09845,7,0,0,,,triagem/nome-caixa-conversao 1.0.0,32,ok
178691,per178691_1911_09845,8,0,0,,,triagem/nome-caixa-conversao 1.0.0,32,ok
178691,per178691_1911_09845,9,0,0,,,triagem/nome-caixa-conversao 1.0.0,32,ok
178691,per178691_1911_09845,10,1,1,caixa de conver,16963,triagem/nome-caixa-conversao 1.0.0,32,ok
178691,per178691_1911_09845,11,1,1,caixa de conver,20132,triagem/nome-caixa-conversao 1.0.0,32,ok
178691,per178691_1911_09845,12,0,0,,,triagem/nome-caixa-conversao 1.0.0,32,ok
178691,per178691_1911_09845,13,0,0,,,triagem/nome-caixa-conversao 1.0.0,32,ok
178691,per178691_1911_09845,14,0,0,,,triagem/nome-caixa-conversao 1.0.0,32,ok
178691,per178691_1911_09845,15,0,0,,,triagem/nome-caixa-conversao 1.0.0,32,ok
178691,per178691_1911_09845,16,0,0,,,triagem/nome-caixa-conversao 1.0.0,32,ok
178691,per178691_1911_09846,1,0,0,,,triagem/nome-caixa-conversao 1.0.0,32,ok
178691,per178691_1911_09846,2,0,0,,,triagem/nome-caixa-conversao 1.0.0,32,ok
178691,per178691_1911_09846,3,1,2,caixa de conver,17925,triagem/nome-caixa-conversao 1.0.0,32,ok
178691,per178691_1911_09846,4,0,0,,,triagem/nome-caixa-conversao 1.0.0,32,ok
178691,per178691_1911_09846,5,0,0,,,triagem/nome-caixa-conversao 1.0.0,32,ok
178691,per178691_1911_09846,6,0,0,,,triagem/nome-caixa-conversao 1.0.0,32,ok
178691,per178691_1911_09846,7,0,0,,,triagem/nome-caixa-conversao 1.0.0,32,ok
178691,per178691_1911_09846,8,0,0,,,triagem/nome-caixa-conversao 1.0.0,32,ok
178691,per178691_1911_09846,9,0,0,,,triagem/nome-caixa-conversao 1.0.0,32,ok
178691,per178691_1911_09846,10,0,0,,,triagem/nome-caixa-conversao 1.0.0,32,ok
178691,per178691_1911_09846,11,0,0,,,triagem/nome-caixa-conversao 1.0.0,32,ok
178691,per178691_1911_09846,12,0,0,,,triagem/nome-caixa-conversao 1.0.0,32,ok
178691,per178691_1911_09847,1,0,0,,,triagem/nome-caixa-conversao 1.0.0,32,ok
178691,per178691_1911_09847,2,1,1,caixa de conver,18735,triagem/nome-caixa-conversao 1.0.0,32,ok
178691,per178691_1911_09847,3,1,1,caixa deconver,10484,triagem/nome-caixa-conversao 1.0.0,32,ok
178691,per178691_1911_09847,4,0,0,,,triagem/nome-caixa-conversao 1.0.0,32,ok
178691,per178691_1911_09847,5,0,0,,,triagem/nome-caixa-conversao 1.0.0,32,ok
178691,per178691_1911_09847,6,0,0,,,triagem/nome-caixa-conversao 1.0.0,32,ok
178691,per178691_1911_09847,7,1,1,caixa de conver,4447,triagem/nome-caixa-conversao 1.0.0,32,ok
178691,per178691_1911_09847,8,0,0,,,triagem/nome-caixa-conversao 1.0.0,32,ok
178691,per178691_1911_09847,9,0,0,,,triagem/nome-caixa-conversao 1.0.0,32,ok
178691,per178691_1911_09847,10,0,0,,,triagem/nome-caixa-conversao 1.0.0,32,ok
178691,per178691_1911_09847,11,0,0,,,triagem/nome-caixa-conversao 1.0.0,32,ok
178691,per178691_1911_09847,12,0,0,,,triagem/nome-caixa-conversao 1.0.0,32,ok
178691,per178691_1911_09848,1,0,0,,,triagem/nome-caixa-conversao 1.0.0,32,ok
178691,per178691_1911_09848,2,1,2,caixa de conver,28768,triagem/nome-caixa-conversao 1.0.0,32,ok
178691,per178691_1911_09848,3,0,0,,,triagem/nome-caixa-conversao 1.0.0,32,ok
178691,per178691_1911_09848,4,0,0,,,triagem/nome-caixa-conversao 1.0.0,32,ok
178691,per178691_1911_09848,5,0,0,,,triagem/nome-caixa-conversao 1.0.0,32,ok
178691,per178691_1911_09848,6,0,0,,,triagem/nome-caixa-conversao 1.0.0,32,ok
178691,per178691_1911_09848,7,0,0,,,triagem/nome-caixa-conversao 1.0.0,32,ok
178691,per178691_1911_09848,8,0,0,,,triagem/nome-caixa-conversao 1.0.0,32,ok
178691,per178691_1911_09848,9,0,0,,,triagem/nome-caixa-conversao 1.0.0,32,ok
178691,per178691_1911_09848,10,0,0,,,triagem/nome-caixa-conversao 1.0.0,32,ok
178691,per178691_1911_09848,11,0,0,,,triagem/nome-caixa-conversao 1.0.0,32,ok
178691,per178691_1911_09848,12,0,0,,,triagem/nome-caixa-conversao 1.0.0,32,ok
178691,per178691_1911_09849,1,0,0,,,triagem/nome-caixa-conversao 1.0.0,32,ok
178691,per178691_1911_09849,2,1,1,caixa de conver,40502,triagem/nome-caixa-conversao 1.0.0,32,ok
178691,per178691_1911_09849,3,0,0,,,triagem/nome-caixa-conversao 1.0.0,32,ok
178691,per178691_1911_09849,4,0,0,,,triagem/nome-caixa-conversao 1.0.0,32,ok
178691,per178691_1911_09849,5,0,0,,,triagem/nome-caixa-conversao 1.0.0,32,ok
178691,per178691_1911_09849,6,0,0,,,triagem/nome-caixa-conversao 1.0.0,32,ok
178691,per178691_1911_09849,7,1,1,caixa dc conver,38723,triagem/nome-caixa-conversao 1.0.0,32,ok
178691,per178691_1911_09849,8,0,0,,,triagem/nome-caixa-conversao 1.0.0,32,ok
178691,per178691_1911_09849,9,0,0,,,triagem/nome-caixa-conversao 1.0.0,32,ok
178691,per178691_1911_09849,10,0,0,,,triagem/nome-caixa-conversao 1.0.0,32,ok
178691,per178691_1911_09849,11,0,0,,,triagem/nome-caixa-conversao 1.0.0,32,ok
178691,per178691_1911_09849,12,0,0,,,triagem/nome-caixa-conversao 1.0.0,32,ok
178691,per178691_1911_09849,13,0,0,,,triagem/nome-caixa-conversao 1.0.0,32,ok
178691,per178691_1911_09849,14,0,0,,,triagem/nome-caixa-conversao 1.0.0,32,ok
178691,per178691_1911_09849,15,0,0,,,triagem/nome-caixa-conversao 1.0.0,32,ok
178691,per178691_1911_09849,16,0,0,,,triagem/nome-caixa-conversao 1.0.0,32,ok
178691,per178691_1911_09850,1,0,0,,,triagem/nome-caixa-conversao 1.0.0,32,ok
178691,per178691_1911_09850,2,0,0,,,triagem/nome-caixa-conversao 1.0.0,32,ok
178691,per178691_1911_09850,3,0,0,,,triagem/nome-caixa-conversao 1.0.0,32,ok
178691,per178691_1911_09850,4,0,0,,,triagem/nome-caixa-conversao 1.0.0,32,ok
178691,per178691_1911_09850,5,0,0,,,triagem/nome-caixa-conversao 1.0.0,32,ok
178691,per178691_1911_09850,6,0,0,,,triagem/nome-caixa-conversao 1.0.0,32,ok
178691,per178691_1911_09850,7,0,0,,,triagem/nome-caixa-conversao 1.0.0,32,ok
178691,per178691_1911_09850,8,1,1,caixa de conver,35337,triagem/nome-caixa-conversao 1.0.0,32,ok
178691,per178691_1911_09850,9,0,0,,,triagem/nome-caixa-conversao 1.0.0,32,ok
178691,per178691_1911_09850,10,0,0,,,triagem/nome-caixa-conversao 1.0.0,32,ok
178691,per178691_1911_09850,11,0,0,,,triagem/nome-caixa-conversao 1.0.0,32,ok
178691,per178691_1911_09850,12,0,0,,,triagem/nome-caixa-conversao 1.0.0,32,ok
178691,per178691_1911_09851,1,0,0,,,triagem/nome-caixa-conversao 1.0.0,32,ok
178691,per178691_1911_09851,2,1,2,caixade conver,18302,triagem/nome-caixa-conversao 1.0.0,32,ok
178691,per178691_1911_09851,3,0,0,,,triagem/nome-caixa-conversao 1.0.0,32,ok
178691,per178691_1911_09851,4,0,0,,,triagem/nome-caixa-conversao 1.0.0,32,ok
178691,per178691_1911_09851,5,0,0,,,triagem/nome-caixa-conversao 1.0.0,32,ok
178691,per178691_1911_09851,6,0,0,,,triagem/nome-caixa-conversao 1.0.0,32,ok
178691,per178691_1911_09851,7,0,0,,,triagem/nome-caixa-conversao 1.0.0,32,ok
178691,per178691_1911_09851,8,0,0,,,triagem/nome-caixa-conversao 1.0.0,32,ok
178691,per178691_1911_09851,9,0,0,,,triagem/nome-caixa-conversao 1.0.0,32,ok
178691,per178691_1911_09851,10,0,0,,,triagem/nome-caixa-conversao 1.0.0,32,ok
178691,per178691_1911_09851,11,0,0,,,triagem/nome-caixa-conversao 1.0.0,32,ok
178691,per178691_1911_09851,12,0,0,,,triagem/nome-caixa-conversao 1.0.0,32,ok
178691,per178691_1911_09852,1,0,0,,,triagem/nome-caixa-conversao 1.0.0,32,ok
178691,per178691_1911_09852,2,1,2,caixa dc conver,12252,triagem/nome-caixa-conversao 1.0.0,32,ok
178691,per178691_1911_09852,3,0,0,,,triagem/nome-caixa-conversao 1.0.0,32,ok
178691,per178691_1911_09852,4,0,0,,,triagem/nome-caixa-conversao 1.0.0,32,ok
178691,per178691_1911_09852,5,0,0,,,triagem/nome-caixa-conversao 1.0.0,32,ok
178691,per178691_1911_09852,6,1,1,caixa de conver,40668,triagem/nome-caixa-conversao 1.0.0,32,ok
178691,per178691_1911_09852,7,0,0,,,triagem/nome-caixa-conversao 1.0.0,32,ok
178691,per178691_1911_09852,8,0,0,,,triagem/nome-caixa-conversao 1.0.0,32,ok
178691,per178691_1911_09852,9,1,1,caixa de conver,14948,triagem/nome-caixa-conversao 1.0.0,32,ok
178691,per178691_1911_09852,10,0,0,,,triagem/nome-caixa-conversao 1.0.0,32,ok
178691,per178691_1911_09852,11,0,0,,,triagem/nome-caixa-conversao 1.0.0,32,ok
178691,per178691_1911_09852,12,0,0,,,triagem/nome-caixa-conversao 1.0.0,32,ok
178691,per178691_1911_09853,1,0,0,,,triagem/nome-caixa-conversao 1.0.0,32,ok
178691,per178691_1911_09853,2,0,0,,,triagem/nome-caixa-conversao 1.0.0,32,ok
178691,per178691_1911_09853,3,0,0,,,triagem/nome-caixa-conversao 1.0.0,32,ok
178691,per178691_1911_09853,4,0,0,,,triagem/nome-caixa-conversao 1.0.0,32,ok
178691,per178691_1911_09853,5,0,0,,,triagem/nome-caixa-conversao 1.0.0,32,ok
178691,per178691_1911_09853,6,0,0,,,triagem/nome-caixa-conversao 1.0.0,32,ok
178691,per178691_1911_09853,7,0,0,,,triagem/nome-caixa-conversao 1.0.0,32,ok
178691,per178691_1911_09853,8,0,0,,,triagem/nome-caixa-conversao 1.0.0,32,ok
178691,per178691_1911_09853,9,1,1,caixa deconver,4042,triagem/nome-caixa-conversao 1.0.0,32,ok
178691,per178691_1911_09853,10,0,0,,,triagem/nome-caixa-conversao 1.0.0,32,ok
178691,per178691_1911_09853,11,1,1,caixa de conver,21932,triagem/nome-caixa-conversao 1.0.0,32,ok
178691,per178691_1911_09853,12,0,0,,,triagem/nome-caixa-conversao 1.0.0,32,ok
178691,per178691_1911_09853,13,0,0,,,triagem/nome-caixa-conversao 1.0.0,32,ok
178691,per178691_1911_09853,14,0,0,,,triagem/nome-caixa-conversao 1.0.0,32,ok
178691,per178691_1911_09853,15,0,0,,,triagem/nome-caixa-conversao 1.0.0,32,ok
178691,per178691_1911_09853,16,0,0,,,triagem/nome-caixa-conversao 1.0.0,32,ok
178691,per178691_1911_09854,1,0,0,,,triagem/nome-caixa-conversao 1.0.0,32,ok
178691,per178691_1911_09854,2,0,0,,,triagem/nome-caixa-conversao 1.0.0,32,ok
178691,per178691_1911_09854,3,0,0,,,triagem/nome-caixa-conversao 1.0.0,32,ok
178691,per178691_1911_09854,4,0,0,,,triagem/nome-caixa-conversao 1.0.0,32,ok
178691,per178691_1911_09854,5,0,0,,,triagem/nome-caixa-conversao 1.0.0,32,ok
178691,per178691_1911_09854,6,0,0,,,triagem/nome-caixa-conversao 1.0.0,32,ok
178691,per178691_1911_09854,7,0,0,,,triagem/nome-caixa-conversao 1.0.0,32,ok
178691,per178691_1911_09854,8,0,0,,,triagem/nome-caixa-conversao 1.0.0,32,ok
178691,per178691_1911_09854,9,0,0,,,triagem/nome-caixa-conversao 1.0.0,32,ok
178691,per178691_1911_09854,10,0,0,,,triagem/nome-caixa-conversao 1.0.0,32,ok
178691,per178691_1911_09854,11,0,0,,,triagem/nome-caixa-conversao 1.0.0,32,ok
178691,per178691_1911_09854,12,0,0,,,triagem/nome-caixa-conversao 1.0.0,32,ok
178691,per178691_1911_09855,1,1,1,caixa de conver,14631,triagem/nome-caixa-conversao 1.0.0,32,ok
178691,per178691_1911_09855,2,0,0,,,triagem/nome-caixa-conversao 1.0.0,32,ok
178691,per178691_1911_09855,3,0,0,,,triagem/nome-caixa-conversao 1.0.0,32,ok
178691,per178691_1911_09855,4,0,0,,,triagem/nome-caixa-conversao 1.0.0,32,ok
178691,per178691_1911_09855,5,0,0,,,triagem/nome-caixa-conversao 1.0.0,32,ok
178691,per178691_1911_09855,6,0,0,,,triagem/nome-caixa-conversao 1.0.0,32,ok
178691,per178691_1911_09855,7,0,0,,,triagem/nome-caixa-conversao 1.0.0,32,ok
178691,per178691_1911_09855,8,1,1,caixa de conver,45470,triagem/nome-caixa-conversao 1.0.0,32,ok
178691,per178691_1911_09855,9,0,0,,,triagem/nome-caixa-conversao 1.0.0,32,ok
178691,per178691_1911_09855,10,0,0,,,triagem/nome-caixa-conversao 1.0.0,32,ok
178691,per178691_1911_09855,11,0,0,,,triagem/nome-caixa-conversao 1.0.0,32,ok
178691,per178691_1911_09855,12,1,1,caixa de conver,14183,triagem/nome-caixa-conversao 1.0.0,32,ok
178691,per178691_1911_09855,13,0,0,,,triagem/nome-caixa-conversao 1.0.0,32,ok
178691,per178691_1911_09855,14,0,0,,,triagem/nome-caixa-conversao 1.0.0,32,ok
178691,per178691_1911_09855,15,0,0,,,triagem/nome-caixa-conversao 1.0.0,32,ok
178691,per178691_1911_09855,16,0,0,,,triagem/nome-caixa-conversao 1.0.0,32,ok
178691,per178691_1911_09856,1,0,0,,,triagem/nome-caixa-conversao 1.0.0,32,ok
178691,per178691_1911_09856,2,0,0,,,triagem/nome-caixa-conversao 1.0.0,32,ok
178691,per178691_1911_09856,3,0,0,,,triagem/nome-caixa-conversao 1.0.0,32,ok
178691,per178691_1911_09856,4,1,1,caixade conver,6115,triagem/nome-caixa-conversao 1.0.0,32,ok
178691,per178691_1911_09856,5,0,0,,,triagem/nome-caixa-conversao 1.0.0,32,ok
178691,per178691_1911_09856,6,0,0,,,triagem/nome-caixa-conversao 1.0.0,32,ok
178691,per178691_1911_09856,7,0,0,,,triagem/nome-caixa-conversao 1.0.0,32,ok
178691,per178691_1911_09856,8,1,1,caixa de conver,18585,triagem/nome-caixa-conversao 1.0.0,32,ok
178691,per178691_1911_09856,9,0,0,,,triagem/nome-caixa-conversao 1.0.0,32,ok
178691,per178691_1911_09856,10,0,0,,,triagem/nome-caixa-conversao 1.0.0,32,ok
178691,per178691_1911_09856,11,0,0,,,triagem/nome-caixa-conversao 1.0.0,32,ok
178691,per178691_1911_09856,12,0,0,,,triagem/nome-caixa-conversao 1.0.0,32,ok
178691,per178691_1911_09856,13,0,0,,,triagem/nome-caixa-conversao 1.0.0,32,ok
178691,per178691_1911_09856,14,0,0,,,triagem/nome-caixa-conversao 1.0.0,32,ok
178691,per178691_1911_09856,15,0,0,,,triagem/nome-caixa-conversao 1.0.0,32,ok
178691,per178691_1911_09856,16,0,0,,,triagem/nome-caixa-conversao 1.0.0,32,ok
178691,per178691_1911_09856,17,0,0,,,triagem/nome-caixa-conversao 1.0.0,32,ok
178691,per178691_1911_09856,18,0,0,,,triagem/nome-caixa-conversao 1.0.0,32,ok
178691,per178691_1911_09856,19,0,0,,,triagem/nome-caixa-conversao 1.0.0,32,ok
178691,per178691_1911_09856,20,0,0,,,triagem/nome-caixa-conversao 1.0.0,32,ok
178691,per178691_1911_09856,21,0,0,,,triagem/nome-caixa-conversao 1.0.0,32,ok
178691,per178691_1911_09856,22,0,0,,,triagem/nome-caixa-conversao 1.0.0,32,ok
178691,per178691_1911_09856,23,0,0,,,triagem/nome-caixa-conversao 1.0.0,32,ok
178691,per178691_1911_09856,24,0,0,,,triagem/nome-caixa-conversao 1.0.0,32,ok
178691,per178691_1911_09856,25,0,0,,,triagem/nome-caixa-conversao 1.0.0,32,ok
178691,per178691_1911_09856,26,0,0,,,triagem/nome-caixa-conversao 1.0.0,32,ok
178691,per178691_1911_09856,27,0,0,,,triagem/nome-caixa-conversao 1.0.0,32,ok
178691,per178691_1911_09856,28,0,0,,,triagem/nome-caixa-conversao 1.0.0,32,ok
178691,per178691_1911_09856,29,0,0,,,triagem/nome-caixa-conversao 1.0.0,32,ok
178691,per178691_1911_09856,30,0,0,,,triagem/nome-caixa-conversao 1.0.0,32,ok
178691,per178691_1911_09856,31,0,0,,,triagem/nome-caixa-conversao 1.0.0,32,ok
178691,per178691_1911_09856,32,0,0,,,triagem/nome-caixa-conversao 1.0.0,32,ok
178691,per178691_1911_09856,33,0,0,,,triagem/nome-caixa-conversao 1.0.0,32,ok
178691,per178691_1911_09856,34,0,0,,,triagem/nome-caixa-conversao 1.0.0,32,ok
178691,per178691_1911_09856,35,0,0,,,triagem/nome-caixa-conversao 1.0.0,32,ok
178691,per178691_1911_09856,36,0,0,,,triagem/nome-caixa-conversao 1.0.0,32,ok
178691,per178691_1911_09856,37,0,0,,,triagem/nome-caixa-conversao 1.0.0,32,ok
178691,per178691_1911_09856,38,0,0,,,triagem/nome-caixa-conversao 1.0.0,32,ok
178691,per178691_1911_09856,39,0,0,,,triagem/nome-caixa-conversao 1.0.0,32,ok
178691,per178691_1911_09856,40,0,0,,,triagem/nome-caixa-conversao 1.0.0,32,ok
178691,per178691_1911_09856,41,0,0,,,triagem/nome-caixa-conversao 1.0.0,32,ok
178691,per178691_1911_09856,42,0,0,,,triagem/nome-caixa-conversao 1.0.0,32,ok
178691,per178691_1911_09856,43,0,0,,,triagem/nome-caixa-conversao 1.0.0,32,ok
178691,per178691_1911_09856,44,0,0,,,triagem/nome-caixa-conversao 1.0.0,32,ok
178691,per178691_1911_09856,45,0,0,,,triagem/nome-caixa-conversao 1.0.0,32,ok
178691,per178691_1911_09856,46,0,0,,,triagem/nome-caixa-conversao 1.0.0,32,ok
178691,per178691_1911_09856,47,0,0,,,triagem/nome-caixa-conversao 1.0.0,32,ok
178691,per178691_1911_09856,48,0,0,,,triagem/nome-caixa-conversao 1.0.0,32,ok
178691,per178691_1911_09857,1,1,1,caixade conver,14964,triagem/nome-caixa-conversao 1.0.0,32,ok
178691,per178691_1911_09857,2,0,0,,,triagem/nome-caixa-conversao 1.0.0,32,ok
178691,per178691_1911_09857,3,0,0,,,triagem/nome-caixa-conversao 1.0.0,32,ok
178691,per178691_1911_09857,4,0,0,,,triagem/nome-caixa-conversao 1.0.0,32,ok
178691,per178691_1911_09857,5,0,0,,,triagem/nome-caixa-conversao 1.0.0,32,ok
178691,per178691_1911_09857,6,0,0,,,triagem/nome-caixa-conversao 1.0.0,32,ok
178691,per178691_1911_09857,7,1,1,caixa de conver,35876,triagem/nome-caixa-conversao 1.0.0,32,ok
178691,per178691_1911_09857,8,0,0,,,triagem/nome-caixa-conversao 1.0.0,32,ok
178691,per178691_1911_09857,9,0,0,,,triagem/nome-caixa-conversao 1.0.0,32,ok
178691,per178691_1911_09857,10,0,0,,,triagem/nome-caixa-conversao 1.0.0,32,ok
178691,per178691_1911_09857,11,0,0,,,triagem/nome-caixa-conversao 1.0.0,32,ok
178691,per178691_1911_09857,12,0,0,,,triagem/nome-caixa-conversao 1.0.0,32,ok
178691,per178691_1911_09858,1,0,0,,,triagem/nome-caixa-conversao 1.0.0,32,ok
178691,per178691_1911_09858,2,0,0,,,triagem/nome-caixa-conversao 1.0.0,32,ok
178691,per178691_1911_09858,3,0,0,,,triagem/nome-caixa-conversao 1.0.0,32,ok
178691,per178691_1911_09858,4,0,0,,,triagem/nome-caixa-conversao 1.0.0,32,ok
178691,per178691_1911_09858,5,0,0,,,triagem/nome-caixa-conversao 1.0.0,32,ok
178691,per178691_1911_09858,6,0,0,,,triagem/nome-caixa-conversao 1.0.0,32,ok
178691,per178691_1911_09858,7,0,0,,,triagem/nome-caixa-conversao 1.0.0,32,ok
178691,per178691_1911_09858,8,1,1,caixa deconver,39922,triagem/nome-caixa-conversao 1.0.0,32,ok
178691,per178691_1911_09858,9,0,0,,,triagem/nome-caixa-conversao 1.0.0,32,ok
178691,per178691_1911_09858,10,0,0,,,triagem/nome-caixa-conversao 1.0.0,32,ok
178691,per178691_1911_09858,11,1,2,caixa deconver,23070,triagem/nome-caixa-conversao 1.0.0,32,ok
178691,per178691_1911_09858,12,0,0,,,triagem/nome-caixa-conversao 1.0.0,32,ok
178691,per178691_1911_09858,13,0,0,,,triagem/nome-caixa-conversao 1.0.0,32,ok
178691,per178691_1911_09858,14,0,0,,,triagem/nome-caixa-conversao 1.0.0,32,ok
178691,per178691_1911_09858,15,0,0,,,triagem/nome-caixa-conversao 1.0.0,32,ok
178691,per178691_1911_09858,16,0,0,,,triagem/nome-caixa-conversao 1.0.0,32,ok
178691,per178691_1911_09859,1,0,0,,,triagem/nome-caixa-conversao 1.0.0,32,ok
178691,per178691_1911_09859,2,0,0,,,triagem/nome-caixa-conversao 1.0.0,32,ok
178691,per178691_1911_09859,3,0,0,,,triagem/nome-caixa-conversao 1.0.0,32,ok
178691,per178691_1911_09859,4,0,0,,,triagem/nome-caixa-conversao 1.0.0,32,ok
178691,per178691_1911_09859,5,0,0,,,triagem/nome-caixa-conversao 1.0.0,32,ok
178691,per178691_1911_09859,6,0,0,,,triagem/nome-caixa-conversao 1.0.0,32,ok
178691,per178691_1911_09859,7,0,0,,,triagem/nome-caixa-conversao 1.0.0,32,ok
178691,per178691_1911_09859,8,0,0,,,triagem/nome-caixa-conversao 1.0.0,32,ok
178691,per178691_1911_09859,9,0,0,,,triagem/nome-caixa-conversao 1.0.0,32,ok
178691,per178691_1911_09859,10,1,1,caixa de conver,44188,triagem/nome-caixa-conversao 1.0.0,32,ok
178691,per178691_1911_09859,11,0,0,,,triagem/nome-caixa-conversao 1.0.0,32,ok
178691,per178691_1911_09859,12,0,0,,,triagem/nome-caixa-conversao 1.0.0,32,ok
178691,per178691_1911_09859,13,0,0,,,triagem/nome-caixa-conversao 1.0.0,32,ok
178691,per178691_1911_09859,14,0,0,,,triagem/nome-caixa-conversao 1.0.0,32,ok
178691,per178691_1911_09859,15,0,0,,,triagem/nome-caixa-conversao 1.0.0,32,ok
178691,per178691_1911_09859,16,0,0,,,triagem/nome-caixa-conversao 1.0.0,32,ok
178691,per178691_1911_09860,1,0,0,,,triagem/nome-caixa-conversao 1.0.0,32,ok
178691,per178691_1911_09860,2,0,0,,,triagem/nome-caixa-conversao 1.0.0,32,ok
178691,per178691_1911_09860,3,0,0,,,triagem/nome-caixa-conversao 1.0.0,32,ok
178691,per178691_1911_09860,4,0,0,,,triagem/nome-caixa-conversao 1.0.0,32,ok
178691,per178691_1911_09860,5,0,0,,,triagem/nome-caixa-conversao 1.0.0,32,ok
178691,per178691_1911_09860,6,0,0,,,triagem/nome-caixa-conversao 1.0.0,32,ok
178691,per178691_1911_09860,7,0,0,,,triagem/nome-caixa-conversao 1.0.0,32,ok
178691,per178691_1911_09860,8,0,0,,,triagem/nome-caixa-conversao 1.0.0,32,ok
178691,per178691_1911_09860,9,0,0,,,triagem/nome-caixa-conversao 1.0.0,32,ok
178691,per178691_1911_09860,10,0,0,,,triagem/nome-caixa-conversao 1.0.0,32,ok
178691,per178691_1911_09860,11,0,0,,,triagem/nome-caixa-conversao 1.0.0,32,ok
178691,per178691_1911_09860,12,0,0,,,triagem/nome-caixa-conversao 1.0.0,32,ok
178691,per178691_1911_09861,1,0,0,,,triagem/nome-caixa-conversao 1.0.0,32,ok
178691,per178691_1911_09861,2,0,0,,,triagem/nome-caixa-conversao 1.0.0,32,ok
178691,per178691_1911_09861,3,0,0,,,triagem/nome-caixa-conversao 1.0.0,32,ok
178691,per178691_1911_09861,4,0,0,,,triagem/nome-caixa-conversao 1.0.0,32,ok
178691,per178691_1911_09861,5,0,0,,,triagem/nome-caixa-conversao 1.0.0,32,ok
178691,per178691_1911_09861,6,0,0,,,triagem/nome-caixa-conversao 1.0.0,32,ok
178691,per178691_1911_09861,7,0,0,,,triagem/nome-caixa-conversao 1.0.0,32,ok
178691,per178691_1911_09861,8,0,0,,,triagem/nome-caixa-conversao 1.0.0,32,ok
178691,per178691_1911_09861,9,0,0,,,triagem/nome-caixa-conversao 1.0.0,32,ok
178691,per178691_1911_09861,10,0,0,,,triagem/nome-caixa-conversao 1.0.0,32,ok
178691,per178691_1911_09861,11,0,0,,,triagem/nome-caixa-conversao 1.0.0,32,ok
178691,per178691_1911_09861,12,0,0,,,triagem/nome-caixa-conversao 1.0.0,32,ok
178691,per178691_1911_09861,13,0,0,,,triagem/nome-caixa-conversao 1.0.0,32,ok
178691,per178691_1911_09861,14,0,0,,,triagem/nome-caixa-conversao 1.0.0,32,ok
178691,per178691_1911_09861,15,0,0,,,triagem/nome-caixa-conversao 1.0.0,32,ok
178691,per178691_1911_09861,16,0,0,,,triagem/nome-caixa-conversao 1.0.0,32,ok
178691,per178691_1911_09862,1,0,0,,,triagem/nome-caixa-conversao 1.0.0,32,ok
178691,per178691_1911_09862,2,0,0,,,triagem/nome-caixa-conversao 1.0.0,32,ok
178691,per178691_1911_09862,3,0,0,,,triagem/nome-caixa-conversao 1.0.0,32,ok
178691,per178691_1911_09862,4,0,0,,,triagem/nome-caixa-conversao 1.0.0,32,ok
178691,per178691_1911_09862,5,0,0,,,triagem/nome-caixa-conversao 1.0.0,32,ok
178691,per178691_1911_09862,6,0,0,,,triagem/nome-caixa-conversao 1.0.0,32,ok
178691,per178691_1911_09862,7,0,0,,,triagem/nome-caixa-conversao 1.0.0,32,ok
178691,per178691_1911_09862,8,0,0,,,triagem/nome-caixa-conversao 1.0.0,32,ok
178691,per178691_1911_09862,9,0,0,,,triagem/nome-caixa-conversao 1.0.0,32,ok
178691,per178691_1911_09862,10,0,0,,,triagem/nome-caixa-conversao 1.0.0,32,ok
178691,per178691_1911_09862,11,0,0,,,triagem/nome-caixa-conversao 1.0.0,32,ok
178691,per178691_1911_09862,12,1,1,caixa de conver,6788,triagem/nome-caixa-conversao 1.0.0,32,ok
178691,per178691_1911_09862,13,0,0,,,triagem/nome-caixa-conversao 1.0.0,32,ok
178691,per178691_1911_09862,14,0,0,,,triagem/nome-caixa-conversao 1.0.0,32,ok
178691,per178691_1911_09862,15,0,0,,,triagem/nome-caixa-conversao 1.0.0,32,ok
178691,per178691_1911_09862,16,0,0,,,triagem/nome-caixa-conversao 1.0.0,32,ok
178691,per178691_1911_09863,1,0,0,,,triagem/nome-caixa-conversao 1.0.0,32,ok
178691,per178691_1911_09863,2,0,0,,,triagem/nome-caixa-conversao 1.0.0,32,ok
178691,per178691_1911_09863,3,0,0,,,triagem/nome-caixa-conversao 1.0.0,32,ok
178691,per178691_1911_09863,4,0,0,,,triagem/nome-caixa-conversao 1.0.0,32,ok
178691,per178691_1911_09863,5,0,0,,,triagem/nome-caixa-conversao 1.0.0,32,ok
178691,per178691_1911_09863,6,0,0,,,triagem/nome-caixa-conversao 1.0.0,32,ok
178691,per178691_1911_09863,7,0,0,,,triagem/nome-caixa-conversao 1.0.0,32,ok
178691,per178691_1911_09863,8,0,0,,,triagem/nome-caixa-conversao 1.0.0,32,ok
178691,per178691_1911_09863,9,1,1,caixa de conver,3617,triagem/nome-caixa-conversao 1.0.0,32,ok
178691,per178691_1911_09863,10,0,0,,,triagem/nome-caixa-conversao 1.0.0,32,ok
178691,per178691_1911_09863,11,1,1,caixa de conver,13937,triagem/nome-caixa-conversao 1.0.0,32,ok
178691,per178691_1911_09863,12,0,0,,,triagem/nome-caixa-conversao 1.0.0,32,ok
178691,per178691_1911_09863,13,0,0,,,triagem/nome-caixa-conversao 1.0.0,32,ok
178691,per178691_1911_09863,14,0,0,,,triagem/nome-caixa-conversao 1.0.0,32,ok
178691,per178691_1911_09863,15,0,0,,,triagem/nome-caixa-conversao 1.0.0,32,ok
178691,per178691_1911_09863,16,0,0,,,triagem/nome-caixa-conversao 1.0.0,32,ok
178691,per178691_1911_09864,1,0,0,,,triagem/nome-caixa-conversao 1.0.0,32,ok
178691,per178691_1911_09864,2,0,0,,,triagem/nome-caixa-conversao 1.0.0,32,ok
178691,per178691_1911_09864,3,0,0,,,triagem/nome-caixa-conversao 1.0.0,32,ok
178691,per178691_1911_09864,4,1,1,caixa de conver,14926,triagem/nome-caixa-conversao 1.0.0,32,ok
178691,per178691_1911_09864,5,0,0,,,triagem/nome-caixa-conversao 1.0.0,32,ok
178691,per178691_1911_09864,6,1,1,caixa de conver,3067,triagem/nome-caixa-conversao 1.0.0,32,ok
178691,per178691_1911_09864,7,0,0,,,triagem/nome-caixa-conversao 1.0.0,32,ok
178691,per178691_1911_09864,8,0,0,,,triagem/nome-caixa-conversao 1.0.0,32,ok
178691,per178691_1911_09864,9,0,0,,,triagem/nome-caixa-conversao 1.0.0,32,ok
178691,per178691_1911_09864,10,0,0,,,triagem/nome-caixa-conversao 1.0.0,32,ok
178691,per178691_1911_09865,1,0,0,,,triagem/nome-caixa-conversao 1.0.0,32,ok
178691,per178691_1911_09865,2,0,0,,,triagem/nome-caixa-conversao 1.0.0,32,ok
178691,per178691_1911_09865,3,0,0,,,triagem/nome-caixa-conversao 1.0.0,32,ok
178691,per178691_1911_09865,4,0,0,,,triagem/nome-caixa-conversao 1.0.0,32,ok
178691,per178691_1911_09865,5,1,1,caixa deconver,17684,triagem/nome-caixa-conversao 1.0.0,32,ok
178691,per178691_1911_09865,6,0,0,,,triagem/nome-caixa-conversao 1.0.0,32,ok
178691,per178691_1911_09865,7,0,0,,,triagem/nome-caixa-conversao 1.0.0,32,ok
178691,per178691_1911_09865,8,0,0,,,triagem/nome-caixa-conversao 1.0.0,32,ok
178691,per178691_1911_09865,9,0,0,,,triagem/nome-caixa-conversao 1.0.0,32,ok
178691,per178691_1911_09865,10,0,0,,,triagem/nome-caixa-conversao 1.0.0,32,ok
178691,per178691_1911_09865,11,0,0,,,triagem/nome-caixa-conversao 1.0.0,32,ok
178691,per178691_1911_09865,12,0,0,,,triagem/nome-caixa-conversao 1.0.0,32,ok
178691,per178691_1911_09866,1,0,0,,,triagem/nome-caixa-conversao 1.0.0,32,ok
178691,per178691_1911_09866,2,1,1,caixa de conver,26429,triagem/nome-caixa-conversao 1.0.0,32,ok
178691,per178691_1911_09866,3,0,0,,,triagem/nome-caixa-conversao 1.0.0,32,ok
178691,per178691_1911_09866,4,0,0,,,triagem/nome-caixa-conversao 1.0.0,32,ok
178691,per178691_1911_09866,5,0,0,,,triagem/nome-caixa-conversao 1.0.0,32,ok
178691,per178691_1911_09866,6,0,0,,,triagem/nome-caixa-conversao 1.0.0,32,ok
178691,per178691_1911_09866,7,0,0,,,triagem/nome-caixa-conversao 1.0.0,32,ok
178691,per178691_1911_09866,8,1,1,caixa de conver,23158,triagem/nome-caixa-conversao 1.0.0,32,ok
178691,per178691_1911_09866,9,0,0,,,triagem/nome-caixa-conversao 1.0.0,32,ok
178691,per178691_1911_09866,10,0,0,,,triagem/nome-caixa-conversao 1.0.0,32,ok
178691,per178691_1911_09866,11,0,0,,,triagem/nome-caixa-conversao 1.0.0,32,ok
178691,per178691_1911_09866,12,0,0,,,triagem/nome-caixa-conversao 1.0.0,32,ok
178691,per178691_1911_09867,1,0,0,,,triagem/nome-caixa-conversao 1.0.0,32,ok
178691,per178691_1911_09867,2,0,0,,,triagem/nome-caixa-conversao 1.0.0,32,ok
178691,per178691_1911_09867,3,0,0,,,triagem/nome-caixa-conversao 1.0.0,32,ok
178691,per178691_1911_09867,4,0,0,,,triagem/nome-caixa-conversao 1.0.0,32,ok
178691,per178691_1911_09867,5,0,0,,,triagem/nome-caixa-conversao 1.0.0,32,ok
178691,per178691_1911_09867,6,0,0,,,triagem/nome-caixa-conversao 1.0.0,32,ok
178691,per178691_1911_09867,7,0,0,,,triagem/nome-caixa-conversao 1.0.0,32,ok
178691,per178691_1911_09867,8,0,0,,,triagem/nome-caixa-conversao 1.0.0,32,ok
178691,per178691_1911_09867,9,0,0,,,triagem/nome-caixa-conversao 1.0.0,32,ok
178691,per178691_1911_09867,10,0,0,,,triagem/nome-caixa-conversao 1.0.0,32,ok
178691,per178691_1911_09867,11,0,0,,,triagem/nome-caixa-conversao 1.0.0,32,ok
178691,per178691_1911_09867,12,0,0,,,triagem/nome-caixa-conversao 1.0.0,32,ok
178691,per178691_1911_09868,1,0,0,,,triagem/nome-caixa-conversao 1.0.0,32,ok
178691,per178691_1911_09868,2,0,0,,,triagem/nome-caixa-conversao 1.0.0,32,ok
178691,per178691_1911_09868,3,0,0,,,triagem/nome-caixa-conversao 1.0.0,32,ok
178691,per178691_1911_09868,4,0,0,,,triagem/nome-caixa-conversao 1.0.0,32,ok
178691,per178691_1911_09868,5,0,0,,,triagem/nome-caixa-conversao 1.0.0,32,ok
178691,per178691_1911_09868,6,1,1,caixa da conver,31097,triagem/nome-caixa-conversao 1.0.0,32,ok
178691,per178691_1911_09868,7,0,0,,,triagem/nome-caixa-conversao 1.0.0,32,ok
178691,per178691_1911_09868,8,0,0,,,triagem/nome-caixa-conversao 1.0.0,32,ok
178691,per178691_1911_09868,9,0,0,,,triagem/nome-caixa-conversao 1.0.0,32,ok
178691,per178691_1911_09868,10,0,0,,,triagem/nome-caixa-conversao 1.0.0,32,ok
178691,per178691_1911_09868,11,0,0,,,triagem/nome-caixa-conversao 1.0.0,32,ok
178691,per178691_1911_09868,12,0,0,,,triagem/nome-caixa-conversao 1.0.0,32,ok
178691,per178691_1911_09869,1,1,1,caixade conver,26639,triagem/nome-caixa-conversao 1.0.0,32,ok
178691,per178691_1911_09869,2,1,2,caixade conver,6839,triagem/nome-caixa-conversao 1.0.0,32,ok
178691,per178691_1911_09869,3,0,0,,,triagem/nome-caixa-conversao 1.0.0,32,ok
178691,per178691_1911_09869,4,0,0,,,triagem/nome-caixa-conversao 1.0.0,32,ok
178691,per178691_1911_09869,5,0,0,,,triagem/nome-caixa-conversao 1.0.0,32,ok
178691,per178691_1911_09869,6,0,0,,,triagem/nome-caixa-conversao 1.0.0,32,ok
178691,per178691_1911_09869,7,0,0,,,triagem/nome-caixa-conversao 1.0.0,32,ok
178691,per178691_1911_09869,8,0,0,,,triagem/nome-caixa-conversao 1.0.0,32,ok
178691,per178691_1911_09869,9,0,0,,,triagem/nome-caixa-conversao 1.0.0,32,ok
178691,per178691_1911_09869,10,0,0,,,triagem/nome-caixa-conversao 1.0.0,32,ok
178691,per178691_1911_09869,11,1,1,caixa do conver,31033,triagem/nome-caixa-conversao 1.0.0,32,ok
178691,per178691_1911_09869,12,0,0,,,triagem/nome-caixa-conversao 1.0.0,32,ok
178691,per178691_1911_09869,13,0,0,,,triagem/nome-caixa-conversao 1.0.0,32,ok
178691,per178691_1911_09869,14,0,0,,,triagem/nome-caixa-conversao 1.0.0,32,ok
178691,per178691_1911_09869,15,0,0,,,triagem/nome-caixa-conversao 1.0.0,32,ok
178691,per178691_1911_09869,16,0,0,,,triagem/nome-caixa-conversao 1.0.0,32,ok
178691,per178691_1911_09870,1,0,0,,,triagem/nome-caixa-conversao 1.0.0,32,ok
178691,per178691_1911_09870,2,0,0,,,triagem/nome-caixa-conversao 1.0.0,32,ok
178691,per178691_1911_09870,3,0,0,,,triagem/nome-caixa-conversao 1.0.0,32,ok
178691,per178691_1911_09870,4,0,0,,,triagem/nome-caixa-conversao 1.0.0,32,ok
178691,per178691_1911_09870,5,1,1,caixa de conver,14829,triagem/nome-caixa-conversao 1.0.0,32,ok
178691,per178691_1911_09870,6,0,0,,,triagem/nome-caixa-conversao 1.0.0,32,ok
178691,per178691_1911_09870,7,0,0,,,triagem/nome-caixa-conversao 1.0.0,32,ok
178691,per178691_1911_09870,8,1,2,caixa dc conver,5878,triagem/nome-caixa-conversao 1.0.0,32,ok
178691,per178691_1911_09870,9,0,0,,,triagem/nome-caixa-conversao 1.0.0,32,ok
178691,per178691_1911_09870,10,0,0,,,triagem/nome-caixa-conversao 1.0.0,32,ok
178691,per178691_1911_09870,11,0,0,,,triagem/nome-caixa-conversao 1.0.0,32,ok
178691,per178691_1911_09870,12,0,0,,,triagem/nome-caixa-conversao 1.0.0,32,ok
178691,per178691_1911_09870,13,0,0,,,triagem/nome-caixa-conversao 1.0.0,32,ok
178691,per178691_1911_09870,14,0,0,,,triagem/nome-caixa-conversao 1.0.0,32,ok
178691,per178691_1911_09870,15,0,0,,,triagem/nome-caixa-conversao 1.0.0,32,ok
178691,per178691_1911_09870,16,0,0,,,triagem/nome-caixa-conversao 1.0.0,32,ok
178691,per178691_1911_09871,1,0,0,,,triagem/nome-caixa-conversao 1.0.0,32,ok
178691,per178691_1911_09871,2,0,0,,,triagem/nome-caixa-conversao 1.0.0,32,ok
178691,per178691_1911_09871,3,0,0,,,triagem/nome-caixa-conversao 1.0.0,32,ok
178691,per178691_1911_09871,4,0,0,,,triagem/nome-caixa-conversao 1.0.0,32,ok
178691,per178691_1911_09871,5,0,0,,,triagem/nome-caixa-conversao 1.0.0,32,ok
178691,per178691_1911_09871,6,0,0,,,triagem/nome-caixa-conversao 1.0.0,32,ok
178691,per178691_1911_09871,7,0,0,,,triagem/nome-caixa-conversao 1.0.0,32,ok
178691,per178691_1911_09871,8,0,0,,,triagem/nome-caixa-conversao 1.0.0,32,ok
178691,per178691_1911_09871,9,0,0,,,triagem/nome-caixa-conversao 1.0.0,32,ok
178691,per178691_1911_09871,10,0,0,,,triagem/nome-caixa-conversao 1.0.0,32,ok
178691,per178691_1911_09871,11,0,0,,,triagem/nome-caixa-conversao 1.0.0,32,ok
178691,per178691_1911_09871,12,0,0,,,triagem/nome-caixa-conversao 1.0.0,32,ok
178691,per178691_1911_09872,1,0,0,,,triagem/nome-caixa-conversao 1.0.0,32,ok
178691,per178691_1911_09872,2,0,0,,,triagem/nome-caixa-conversao 1.0.0,32,ok
178691,per178691_1911_09872,3,0,0,,,triagem/nome-caixa-conversao 1.0.0,32,ok
178691,per178691_1911_09872,4,0,0,,,triagem/nome-caixa-conversao 1.0.0,32,ok
178691,per178691_1911_09872,5,0,0,,,triagem/nome-caixa-conversao 1.0.0,32,ok
178691,per178691_1911_09872,6,0,0,,,triagem/nome-caixa-conversao 1.0.0,32,ok
178691,per178691_1911_09872,7,0,0,,,triagem/nome-caixa-conversao 1.0.0,32,ok
178691,per178691_1911_09872,8,1,1,caixa de conver,13725,triagem/nome-caixa-conversao 1.0.0,32,ok
178691,per178691_1911_09872,9,0,0,,,triagem/nome-caixa-conversao 1.0.0,32,ok
178691,per178691_1911_09872,10,0,0,,,triagem/nome-caixa-conversao 1.0.0,32,ok
178691,per178691_1911_09872,11,0,0,,,triagem/nome-caixa-conversao 1.0.0,32,ok
178691,per178691_1911_09872,12,0,0,,,triagem/nome-caixa-conversao 1.0.0,32,ok
178691,per178691_1911_09873,1,0,0,,,triagem/nome-caixa-conversao 1.0.0,32,ok
178691,per178691_1911_09873,2,1,1,caixa de conver,17894,triagem/nome-caixa-conversao 1.0.0,32,ok
178691,per178691_1911_09873,3,1,1,caixa de conver,9829,triagem/nome-caixa-conversao 1.0.0,32,ok
178691,per178691_1911_09873,4,0,0,,,triagem/nome-caixa-conversao 1.0.0,32,ok
178691,per178691_1911_09873,5,0,0,,,triagem/nome-caixa-conversao 1.0.0,32,ok
178691,per178691_1911_09873,6,0,0,,,triagem/nome-caixa-conversao 1.0.0,32,ok
178691,per178691_1911_09873,7,0,0,,,triagem/nome-caixa-conversao 1.0.0,32,ok
178691,per178691_1911_09873,8,0,0,,,triagem/nome-caixa-conversao 1.0.0,32,ok
178691,per178691_1911_09873,9,0,0,,,triagem/nome-caixa-conversao 1.0.0,32,ok
178691,per178691_1911_09873,10,1,1,caixa deconver,44861,triagem/nome-caixa-conversao 1.0.0,32,ok
178691,per178691_1911_09873,11,0,0,,,triagem/nome-caixa-conversao 1.0.0,32,ok
178691,per178691_1911_09873,12,0,0,,,triagem/nome-caixa-conversao 1.0.0,32,ok
178691,per178691_1911_09873,13,0,0,,,triagem/nome-caixa-conversao 1.0.0,32,ok
178691,per178691_1911_09873,14,0,0,,,triagem/nome-caixa-conversao 1.0.0,32,ok
178691,per178691_1911_09873,15,0,0,,,triagem/nome-caixa-conversao 1.0.0,32,ok
178691,per178691_1911_09873,16,0,0,,,triagem/nome-caixa-conversao 1.0.0,32,ok
178691,per178691_1911_09874,1,0,0,,,triagem/nome-caixa-conversao 1.0.0,32,ok
178691,per178691_1911_09874,2,0,0,,,triagem/nome-caixa-conversao 1.0.0,32,ok
178691,per178691_1911_09874,3,1,1,caixa de conver,15690,triagem/nome-caixa-conversao 1.0.0,32,ok
178691,per178691_1911_09874,4,0,0,,,triagem/nome-caixa-conversao 1.0.0,32,ok
178691,per178691_1911_09874,5,0,0,,,triagem/nome-caixa-conversao 1.0.0,32,ok
178691,per178691_1911_09874,6,0,0,,,triagem/nome-caixa-conversao 1.0.0,32,ok
178691,per178691_1911_09874,7,1,1,caixa de conver,2458,triagem/nome-caixa-conversao 1.0.0,32,ok
178691,per178691_1911_09874,8,0,0,,,triagem/nome-caixa-conversao 1.0.0,32,ok
178691,per178691_1911_09874,9,0,0,,,triagem/nome-caixa-conversao 1.0.0,32,ok
178691,per178691_1911_09874,10,0,0,,,triagem/nome-caixa-conversao 1.0.0,32,ok
178691,per178691_1911_09874,11,0,0,,,triagem/nome-caixa-conversao 1.0.0,32,ok
178691,per178691_1911_09874,12,0,0,,,triagem/nome-caixa-conversao 1.0.0,32,ok
178691,per178691_1911_09875,1,0,0,,,triagem/nome-caixa-conversao 1.0.0,32,ok
178691,per178691_1911_09875,2,0,0,,,triagem/nome-caixa-conversao 1.0.0,32,ok
178691,per178691_1911_09875,3,0,0,,,triagem/nome-caixa-conversao 1.0.0,32,ok
178691,per178691_1911_09875,4,0,0,,,triagem/nome-caixa-conversao 1.0.0,32,ok
178691,per178691_1911_09875,5,0,0,,,triagem/nome-caixa-conversao 1.0.0,32,ok
178691,per178691_1911_09875,6,0,0,,,triagem/nome-caixa-conversao 1.0.0,32,ok
178691,per178691_1911_09875,7,0,0,,,triagem/nome-caixa-conversao 1.0.0,32,ok
178691,per178691_1911_09875,8,0,0,,,triagem/nome-caixa-conversao 1.0.0,32,ok
178691,per178691_1911_09875,9,0,0,,,triagem/nome-caixa-conversao 1.0.0,32,ok
178691,per178691_1911_09875,10,0,0,,,triagem/nome-caixa-conversao 1.0.0,32,ok
178691,per178691_1911_09875,11,0,0,,,triagem/nome-caixa-conversao 1.0.0,32,ok
178691,per178691_1911_09875,12,1,1,caixa de conver,11520,triagem/nome-caixa-conversao 1.0.0,32,ok
178691,per178691_1911_09875,13,0,0,,,triagem/nome-caixa-conversao 1.0.0,32,ok
178691,per178691_1911_09875,14,0,0,,,triagem/nome-caixa-conversao 1.0.0,32,ok
178691,per178691_1911_09875,15,0,0,,,triagem/nome-caixa-conversao 1.0.0,32,ok
178691,per178691_1911_09875,16,0,0,,,triagem/nome-caixa-conversao 1.0.0,32,ok
178691,per178691_1911_09876,1,0,0,,,triagem/nome-caixa-conversao 1.0.0,32,ok
178691,per178691_1911_09876,2,1,2,caixa de conver,3229,triagem/nome-caixa-conversao 1.0.0,32,ok
178691,per178691_1911_09876,3,0,0,,,triagem/nome-caixa-conversao 1.0.0,32,ok
178691,per178691_1911_09876,4,0,0,,,triagem/nome-caixa-conversao 1.0.0,32,ok
178691,per178691_1911_09876,5,0,0,,,triagem/nome-caixa-conversao 1.0.0,32,ok
178691,per178691_1911_09876,6,0,0,,,triagem/nome-caixa-conversao 1.0.0,32,ok
178691,per178691_1911_09876,7,1,1,caixa deconver,6880,triagem/nome-caixa-conversao 1.0.0,32,ok
178691,per178691_1911_09876,8,0,0,,,triagem/nome-caixa-conversao 1.0.0,32,ok
178691,per178691_1911_09876,9,0,0,,,triagem/nome-caixa-conversao 1.0.0,32,ok
178691,per178691_1911_09876,10,0,0,,,triagem/nome-caixa-conversao 1.0.0,32,ok
178691,per178691_1911_09876,11,0,0,,,triagem/nome-caixa-conversao 1.0.0,32,ok
178691,per178691_1911_09876,12,0,0,,,triagem/nome-caixa-conversao 1.0.0,32,ok
178691,per178691_1911_09876,13,0,0,,,triagem/nome-caixa-conversao 1.0.0,32,ok
178691,per178691_1911_09876,14,0,0,,,triagem/nome-caixa-conversao 1.0.0,32,ok
178691,per178691_1911_09876,15,0,0,,,triagem/nome-caixa-conversao 1.0.0,32,ok
178691,per178691_1911_09876,16,0,0,,,triagem/nome-caixa-conversao 1.0.0,32,ok
178691,per178691_1911_09877,1,0,0,,,triagem/nome-caixa-conversao 1.0.0,32,ok
178691,per178691_1911_09877,2,1,2,caixa da conver,3490,triagem/nome-caixa-conversao 1.0.0,32,ok
178691,per178691_1911_09877,3,0,0,,,triagem/nome-caixa-conversao 1.0.0,32,ok
178691,per178691_1911_09877,4,0,0,,,triagem/nome-caixa-conversao 1.0.0,32,ok
178691,per178691_1911_09877,5,0,0,,,triagem/nome-caixa-conversao 1.0.0,32,ok
178691,per178691_1911_09877,6,0,0,,,triagem/nome-caixa-conversao 1.0.0,32,ok
178691,per178691_1911_09877,7,1,1,caixa du conver,6838,triagem/nome-caixa-conversao 1.0.0,32,ok
178691,per178691_1911_09877,8,0,0,,,triagem/nome-caixa-conversao 1.0.0,32,ok
178691,per178691_1911_09877,9,0,0,,,triagem/nome-caixa-conversao 1.0.0,32,ok
178691,per178691_1911_09877,10,0,0,,,triagem/nome-caixa-conversao 1.0.0,32,ok
178691,per178691_1911_09877,11,0,0,,,triagem/nome-caixa-conversao 1.0.0,32,ok
178691,per178691_1911_09877,12,0,0,,,triagem/nome-caixa-conversao 1.0.0,32,ok
178691,per178691_1911_09877,13,0,0,,,triagem/nome-caixa-conversao 1.0.0,32,ok
178691,per178691_1911_09877,14,0,0,,,triagem/nome-caixa-conversao 1.0.0,32,ok
178691,per178691_1911_09877,15,0,0,,,triagem/nome-caixa-conversao 1.0.0,32,ok
178691,per178691_1911_09877,16,0,0,,,triagem/nome-caixa-conversao 1.0.0,32,ok
178691,per178691_1911_09878,1,0,0,,,triagem/nome-caixa-conversao 1.0.0,32,ok
178691,per178691_1911_09878,2,0,0,,,triagem/nome-caixa-conversao 1.0.0,32,ok
178691,per178691_1911_09878,3,0,0,,,triagem/nome-caixa-conversao 1.0.0,32,ok
178691,per178691_1911_09878,4,0,0,,,triagem/nome-caixa-conversao 1.0.0,32,ok
178691,per178691_1911_09878,5,0,0,,,triagem/nome-caixa-conversao 1.0.0,32,ok
178691,per178691_1911_09878,6,0,0,,,triagem/nome-caixa-conversao 1.0.0,32,ok
178691,per178691_1911_09878,7,0,0,,,triagem/nome-caixa-conversao 1.0.0,32,ok
178691,per178691_1911_09878,8,0,0,,,triagem/nome-caixa-conversao 1.0.0,32,ok
178691,per178691_1911_09879,1,0,0,,,triagem/nome-caixa-conversao 1.0.0,32,ok
178691,per178691_1911_09879,2,1,4,caixa de conver,7767,triagem/nome-caixa-conversao 1.0.0,32,ok
178691,per178691_1911_09879,3,0,0,,,triagem/nome-caixa-conversao 1.0.0,32,ok
178691,per178691_1911_09879,4,0,0,,,triagem/nome-caixa-conversao 1.0.0,32,ok
178691,per178691_1911_09879,5,0,0,,,triagem/nome-caixa-conversao 1.0.0,32,ok
178691,per178691_1911_09879,6,0,0,,,triagem/nome-caixa-conversao 1.0.0,32,ok
178691,per178691_1911_09879,7,1,1,caixa deconver,22505,triagem/nome-caixa-conversao 1.0.0,32,ok
178691,per178691_1911_09879,8,0,0,,,triagem/nome-caixa-conversao 1.0.0,32,ok
178691,per178691_1911_09879,9,0,0,,,triagem/nome-caixa-conversao 1.0.0,32,ok
178691,per178691_1911_09879,10,0,0,,,triagem/nome-caixa-conversao 1.0.0,32,ok
178691,per178691_1911_09879,11,0,0,,,triagem/nome-caixa-conversao 1.0.0,32,ok
178691,per178691_1911_09879,12,0,0,,,triagem/nome-caixa-conversao 1.0.0,32,ok
178691,per178691_1911_09880,1,0,0,,,triagem/nome-caixa-conversao 1.0.0,32,ok
178691,per178691_1911_09880,2,0,0,,,triagem/nome-caixa-conversao 1.0.0,32,ok
178691,per178691_1911_09880,3,1,1,caixa de conver,19000,triagem/nome-caixa-conversao 1.0.0,32,ok
178691,per178691_1911_09880,4,0,0,,,triagem/nome-caixa-conversao 1.0.0,32,ok
178691,per178691_1911_09880,5,1,1,caixa db conver,6343,triagem/nome-caixa-conversao 1.0.0,32,ok
178691,per178691_1911_09880,6,0,0,,,triagem/nome-caixa-conversao 1.0.0,32,ok
178691,per178691_1911_09880,7,0,0,,,triagem/nome-caixa-conversao 1.0.0,32,ok
178691,per178691_1911_09880,8,0,0,,,triagem/nome-caixa-conversao 1.0.0,32,ok
178691,per178691_1911_09880,9,0,0,,,triagem/nome-caixa-conversao 1.0.0,32,ok
178691,per178691_1911_09880,10,0,0,,,triagem/nome-caixa-conversao 1.0.0,32,ok
178691,per178691_1911_09880,11,0,0,,,triagem/nome-caixa-conversao 1.0.0,32,ok
178691,per178691_1911_09880,12,1,1,caixa de conver,939,triagem/nome-caixa-conversao 1.0.0,32,ok
178691,per178691_1911_09880,13,0,0,,,triagem/nome-caixa-conversao 1.0.0,32,ok
178691,per178691_1911_09880,14,0,0,,,triagem/nome-caixa-conversao 1.0.0,32,ok
178691,per178691_1911_09880,15,0,0,,,triagem/nome-caixa-conversao 1.0.0,32,ok
178691,per178691_1911_09880,16,0,0,,,triagem/nome-caixa-conversao 1.0.0,32,ok
178691,per178691_1911_09881,1,0,0,,,triagem/nome-caixa-conversao 1.0.0,32,ok
178691,per178691_1911_09881,2,0,0,,,triagem/nome-caixa-conversao 1.0.0,32,ok
178691,per178691_1911_09881,3,0,0,,,triagem/nome-caixa-conversao 1.0.0,32,ok
178691,per178691_1911_09881,4,0,0,,,triagem/nome-caixa-conversao 1.0.0,32,ok
178691,per178691_1911_09881,5,0,0,,,triagem/nome-caixa-conversao 1.0.0,32,ok
178691,per178691_1911_09881,6,0,0,,,triagem/nome-caixa-conversao 1.0.0,32,ok
178691,per178691_1911_09881,7,1,1,caixa deconver,42670,triagem/nome-caixa-conversao 1.0.0,32,ok
178691,per178691_1911_09881,8,0,0,,,triagem/nome-caixa-conversao 1.0.0,32,ok
178691,per178691_1911_09881,9,1,1,caixa de conver,12631,triagem/nome-caixa-conversao 1.0.0,32,ok
178691,per178691_1911_09881,10,0,0,,,triagem/nome-caixa-conversao 1.0.0,32,ok
178691,per178691_1911_09881,11,0,0,,,triagem/nome-caixa-conversao 1.0.0,32,ok
178691,per178691_1911_09881,12,0,0,,,triagem/nome-caixa-conversao 1.0.0,32,ok
178691,per178691_1911_09882,1,0,0,,,triagem/nome-caixa-conversao 1.0.0,32,ok
178691,per178691_1911_09882,2,0,0,,,triagem/nome-caixa-conversao 1.0.0,32,ok
178691,per178691_1911_09882,3,0,0,,,triagem/nome-caixa-conversao 1.0.0,32,ok
178691,per178691_1911_09882,4,0,0,,,triagem/nome-caixa-conversao 1.0.0,32,ok
178691,per178691_1911_09882,5,0,0,,,triagem/nome-caixa-conversao 1.0.0,32,ok
178691,per178691_1911_09882,6,0,0,,,triagem/nome-caixa-conversao 1.0.0,32,ok
178691,per178691_1911_09882,7,0,0,,,triagem/nome-caixa-conversao 1.0.0,32,ok
178691,per178691_1911_09882,8,0,0,,,triagem/nome-caixa-conversao 1.0.0,32,ok
178691,per178691_1911_09882,9,0,0,,,triagem/nome-caixa-conversao 1.0.0,32,ok
178691,per178691_1911_09882,10,0,0,,,triagem/nome-caixa-conversao 1.0.0,32,ok
178691,per178691_1911_09882,11,0,0,,,triagem/nome-caixa-conversao 1.0.0,32,ok
178691,per178691_1911_09882,12,0,0,,,triagem/nome-caixa-conversao 1.0.0,32,ok
178691,per178691_1911_09883,1,0,0,,,triagem/nome-caixa-conversao 1.0.0,32,ok
178691,per178691_1911_09883,2,0,0,,,triagem/nome-caixa-conversao 1.0.0,32,ok
178691,per178691_1911_09883,3,0,0,,,triagem/nome-caixa-conversao 1.0.0,32,ok
178691,per178691_1911_09883,4,0,0,,,triagem/nome-caixa-conversao 1.0.0,32,ok
178691,per178691_1911_09883,5,0,0,,,triagem/nome-caixa-conversao 1.0.0,32,ok
178691,per178691_1911_09883,6,0,0,,,triagem/nome-caixa-conversao 1.0.0,32,ok
178691,per178691_1911_09883,7,0,0,,,triagem/nome-caixa-conversao 1.0.0,32,ok
178691,per178691_1911_09883,8,0,0,,,triagem/nome-caixa-conversao 1.0.0,32,ok
178691,per178691_1911_09883,9,0,0,,,triagem/nome-caixa-conversao 1.0.0,32,ok
178691,per178691_1911_09883,10,0,0,,,triagem/nome-caixa-conversao 1.0.0,32,ok
178691,per178691_1911_09883,11,1,1,caixa de conver,7381,triagem/nome-caixa-conversao 1.0.0,32,ok
178691,per178691_1911_09883,12,0,0,,,triagem/nome-caixa-conversao 1.0.0,32,ok
178691,per178691_1911_09883,13,0,0,,,triagem/nome-caixa-conversao 1.0.0,32,ok
178691,per178691_1911_09883,14,0,0,,,triagem/nome-caixa-conversao 1.0.0,32,ok
178691,per178691_1911_09883,15,0,0,,,triagem/nome-caixa-conversao 1.0.0,32,ok
178691,per178691_1911_09883,16,0,0,,,triagem/nome-caixa-conversao 1.0.0,32,ok
178691,per178691_1911_09884,1,0,0,,,triagem/nome-caixa-conversao 1.0.0,32,ok
178691,per178691_1911_09884,2,1,1,caixa de conver,39536,triagem/nome-caixa-conversao 1.0.0,32,ok
178691,per178691_1911_09884,3,0,0,,,triagem/nome-caixa-conversao 1.0.0,32,ok
178691,per178691_1911_09884,4,0,0,,,triagem/nome-caixa-conversao 1.0.0,32,ok
178691,per178691_1911_09884,5,0,0,,,triagem/nome-caixa-conversao 1.0.0,32,ok
178691,per178691_1911_09884,6,0,0,,,triagem/nome-caixa-conversao 1.0.0,32,ok
178691,per178691_1911_09884,7,0,0,,,triagem/nome-caixa-conversao 1.0.0,32,ok
178691,per178691_1911_09884,8,0,0,,,triagem/nome-caixa-conversao 1.0.0,32,ok
178691,per178691_1911_09884,9,0,0,,,triagem/nome-caixa-conversao 1.0.0,32,ok
178691,per178691_1911_09884,10,0,0,,,triagem/nome-caixa-conversao 1.0.0,32,ok
178691,per178691_1911_09884,11,0,0,,,triagem/nome-caixa-conversao 1.0.0,32,ok
178691,per178691_1911_09884,12,0,0,,,triagem/nome-caixa-conversao 1.0.0,32,ok
178691,per178691_1911_09884,13,0,0,,,triagem/nome-caixa-conversao 1.0.0,32,ok
178691,per178691_1911_09884,14,0,0,,,triagem/nome-caixa-conversao 1.0.0,32,ok
178691,per178691_1911_09884,15,0,0,,,triagem/nome-caixa-conversao 1.0.0,32,ok
178691,per178691_1911_09884,16,0,0,,,triagem/nome-caixa-conversao 1.0.0,32,ok
178691,per178691_1911_09885,1,1,1,caixa de conver,20959,triagem/nome-caixa-conversao 1.0.0,32,ok
178691,per178691_1911_09885,2,0,0,,,triagem/nome-caixa-conversao 1.0.0,32,ok
178691,per178691_1911_09885,3,0,0,,,triagem/nome-caixa-conversao 1.0.0,32,ok
178691,per178691_1911_09885,4,0,0,,,triagem/nome-caixa-conversao 1.0.0,32,ok
178691,per178691_1911_09885,5,1,1,caixa deconver,26566,triagem/nome-caixa-conversao 1.0.0,32,ok
178691,per178691_1911_09885,6,0,0,,,triagem/nome-caixa-conversao 1.0.0,32,ok
178691,per178691_1911_09885,7,0,0,,,triagem/nome-caixa-conversao 1.0.0,32,ok
178691,per178691_1911_09885,8,0,0,,,triagem/nome-caixa-conversao 1.0.0,32,ok
178691,per178691_1911_09885,9,0,0,,,triagem/nome-caixa-conversao 1.0.0,32,ok
178691,per178691_1911_09885,10,0,0,,,triagem/nome-caixa-conversao 1.0.0,32,ok
178691,per178691_1911_09886,1,0,0,,,triagem/nome-caixa-conversao 1.0.0,32,ok
178691,per178691_1911_09886,2,0,0,,,triagem/nome-caixa-conversao 1.0.0,32,ok
178691,per178691_1911_09886,3,0,0,,,triagem/nome-caixa-conversao 1.0.0,32,ok
178691,per178691_1911_09886,4,0,0,,,triagem/nome-caixa-conversao 1.0.0,32,ok
178691,per178691_1911_09886,5,0,0,,,triagem/nome-caixa-conversao 1.0.0,32,ok
178691,per178691_1911_09886,6,1,1,caixa de conver,45382,triagem/nome-caixa-conversao 1.0.0,32,ok
178691,per178691_1911_09886,7,0,0,,,triagem/nome-caixa-conversao 1.0.0,32,ok
178691,per178691_1911_09886,8,0,0,,,triagem/nome-caixa-conversao 1.0.0,32,ok
178691,per178691_1911_09886,9,0,0,,,triagem/nome-caixa-conversao 1.0.0,32,ok
178691,per178691_1911_09886,10,0,0,,,triagem/nome-caixa-conversao 1.0.0,32,ok
178691,per178691_1911_09886,11,0,0,,,triagem/nome-caixa-conversao 1.0.0,32,ok
178691,per178691_1911_09886,12,0,0,,,triagem/nome-caixa-conversao 1.0.0,32,ok
178691,per178691_1911_09887,1,0,0,,,triagem/nome-caixa-conversao 1.0.0,32,ok
178691,per178691_1911_09887,2,1,1,caixa de conver,34304,triagem/nome-caixa-conversao 1.0.0,32,ok
178691,per178691_1911_09887,3,0,0,,,triagem/nome-caixa-conversao 1.0.0,32,ok
178691,per178691_1911_09887,4,0,0,,,triagem/nome-caixa-conversao 1.0.0,32,ok
178691,per178691_1911_09887,5,0,0,,,triagem/nome-caixa-conversao 1.0.0,32,ok
178691,per178691_1911_09887,6,0,0,,,triagem/nome-caixa-conversao 1.0.0,32,ok
178691,per178691_1911_09887,7,0,0,,,triagem/nome-caixa-conversao 1.0.0,32,ok
178691,per178691_1911_09887,8,0,0,,,triagem/nome-caixa-conversao 1.0.0,32,ok
178691,per178691_1911_09887,9,0,0,,,triagem/nome-caixa-conversao 1.0.0,32,ok
178691,per178691_1911_09887,10,0,0,,,triagem/nome-caixa-conversao 1.0.0,32,ok
178691,per178691_1911_09887,11,0,0,,,triagem/nome-caixa-conversao 1.0.0,32,ok
178691,per178691_1911_09887,12,0,0,,,triagem/nome-caixa-conversao 1.0.0,32,ok
178691,per178691_1911_09888,1,0,0,,,triagem/nome-caixa-conversao 1.0.0,32,ok
178691,per178691_1911_09888,2,0,0,,,triagem/nome-caixa-conversao 1.0.0,32,ok
178691,per178691_1911_09888,3,0,0,,,triagem/nome-caixa-conversao 1.0.0,32,ok
178691,per178691_1911_09888,4,0,0,,,triagem/nome-caixa-conversao 1.0.0,32,ok
178691,per178691_1911_09888,5,1,1,caixa de conver,16779,triagem/nome-caixa-conversao 1.0.0,32,ok
178691,per178691_1911_09888,6,1,1,caixa do conver,5415,triagem/nome-caixa-conversao 1.0.0,32,ok
178691,per178691_1911_09888,7,0,0,,,triagem/nome-caixa-conversao 1.0.0,32,ok
178691,per178691_1911_09888,8,0,0,,,triagem/nome-caixa-conversao 1.0.0,32,ok
178691,per178691_1911_09888,9,0,0,,,triagem/nome-caixa-conversao 1.0.0,32,ok
178691,per178691_1911_09888,10,0,0,,,triagem/nome-caixa-conversao 1.0.0,32,ok
178691,per178691_1911_09889,1,0,0,,,triagem/nome-caixa-conversao 1.0.0,32,ok
178691,per178691_1911_09889,2,0,0,,,triagem/nome-caixa-conversao 1.0.0,32,ok
178691,per178691_1911_09889,3,0,0,,,triagem/nome-caixa-conversao 1.0.0,32,ok
178691,per178691_1911_09889,4,0,0,,,triagem/nome-caixa-conversao 1.0.0,32,ok
178691,per178691_1911_09889,5,0,0,,,triagem/nome-caixa-conversao 1.0.0,32,ok
178691,per178691_1911_09889,6,0,0,,,triagem/nome-caixa-conversao 1.0.0,32,ok
178691,per178691_1911_09889,7,0,0,,,triagem/nome-caixa-conversao 1.0.0,32,ok
178691,per178691_1911_09889,8,0,0,,,triagem/nome-caixa-conversao 1.0.0,32,ok
178691,per178691_1911_09889,9,0,0,,,triagem/nome-caixa-conversao 1.0.0,32,ok
178691,per178691_1911_09889,10,0,0,,,triagem/nome-caixa-conversao 1.0.0,32,ok
178691,per178691_1911_09890,1,0,0,,,triagem/nome-caixa-conversao 1.0.0,32,ok
178691,per178691_1911_09890,2,0,0,,,triagem/nome-caixa-conversao 1.0.0,32,ok
178691,per178691_1911_09890,3,0,0,,,triagem/nome-caixa-conversao 1.0.0,32,ok
178691,per178691_1911_09890,4,0,0,,,triagem/nome-caixa-conversao 1.0.0,32,ok
178691,per178691_1911_09890,5,0,0,,,triagem/nome-caixa-conversao 1.0.0,32,ok
178691,per178691_1911_09890,6,0,0,,,triagem/nome-caixa-conversao 1.0.0,32,ok
178691,per178691_1911_09890,7,0,0,,,triagem/nome-caixa-conversao 1.0.0,32,ok
178691,per178691_1911_09890,8,0,0,,,triagem/nome-caixa-conversao 1.0.0,32,ok
178691,per178691_1911_09890,9,0,0,,,triagem/nome-caixa-conversao 1.0.0,32,ok
178691,per178691_1911_09890,10,0,0,,,triagem/nome-caixa-conversao 1.0.0,32,ok
178691,per178691_1911_09890,11,0,0,,,triagem/nome-caixa-conversao 1.0.0,32,ok
178691,per178691_1911_09890,12,1,1,caixa de conver,12525,triagem/nome-caixa-conversao 1.0.0,32,ok
178691,per178691_1911_09890,13,0,0,,,triagem/nome-caixa-conversao 1.0.0,32,ok
178691,per178691_1911_09890,14,0,0,,,triagem/nome-caixa-conversao 1.0.0,32,ok
178691,per178691_1911_09890,15,0,0,,,triagem/nome-caixa-conversao 1.0.0,32,ok
178691,per178691_1911_09890,16,0,0,,,triagem/nome-caixa-conversao 1.0.0,32,ok
178691,per178691_1911_09891,1,0,0,,,triagem/nome-caixa-conversao 1.0.0,32,ok
178691,per178691_1911_09891,2,0,0,,,triagem/nome-caixa-conversao 1.0.0,32,ok
178691,per178691_1911_09891,3,0,0,,,triagem/nome-caixa-conversao 1.0.0,32,ok
178691,per178691_1911_09891,4,0,0,,,triagem/nome-caixa-conversao 1.0.0,32,ok
178691,per178691_1911_09891,5,0,0,,,triagem/nome-caixa-conversao 1.0.0,32,ok
178691,per178691_1911_09891,6,0,0,,,triagem/nome-caixa-conversao 1.0.0,32,ok
178691,per178691_1911_09891,7,0,0,,,triagem/nome-caixa-conversao 1.0.0,32,ok
178691,per178691_1911_09891,8,0,0,,,triagem/nome-caixa-conversao 1.0.0,32,ok
178691,per178691_1911_09891,9,0,0,,,triagem/nome-caixa-conversao 1.0.0,32,ok
178691,per178691_1911_09891,10,0,0,,,triagem/nome-caixa-conversao 1.0.0,32,ok
178691,per178691_1911_09891,11,1,1,caixa de conver,5945,triagem/nome-caixa-conversao 1.0.0,32,ok
178691,per178691_1911_09891,12,0,0,,,triagem/nome-caixa-conversao 1.0.0,32,ok
178691,per178691_1911_09891,13,0,0,,,triagem/nome-caixa-conversao 1.0.0,32,ok
178691,per178691_1911_09891,14,0,0,,,triagem/nome-caixa-conversao 1.0.0,32,ok
178691,per178691_1911_09891,15,0,0,,,triagem/nome-caixa-conversao 1.0.0,32,ok
178691,per178691_1911_09891,16,0,0,,,triagem/nome-caixa-conversao 1.0.0,32,ok
178691,per178691_1911_09892,1,0,0,,,triagem/nome-caixa-conversao 1.0.0,32,ok
178691,per178691_1911_09892,2,0,0,,,triagem/nome-caixa-conversao 1.0.0,32,ok
178691,per178691_1911_09892,3,0,0,,,triagem/nome-caixa-conversao 1.0.0,32,ok
178691,per178691_1911_09892,4,0,0,,,triagem/nome-caixa-conversao 1.0.0,32,ok
178691,per178691_1911_09892,5,0,0,,,triagem/nome-caixa-conversao 1.0.0,32,ok
178691,per178691_1911_09892,6,0,0,,,triagem/nome-caixa-conversao 1.0.0,32,ok
178691,per178691_1911_09892,7,0,0,,,triagem/nome-caixa-conversao 1.0.0,32,ok
178691,per178691_1911_09892,8,0,0,,,triagem/nome-caixa-conversao 1.0.0,32,ok
178691,per178691_1911_09892,9,0,0,,,triagem/nome-caixa-conversao 1.0.0,32,ok
178691,per178691_1911_09892,10,0,0,,,triagem/nome-caixa-conversao 1.0.0,32,ok
178691,per178691_1911_09893,1,0,0,,,triagem/nome-caixa-conversao 1.0.0,32,ok
178691,per178691_1911_09893,2,1,1,caixa deconver,16003,triagem/nome-caixa-conversao 1.0.0,32,ok
178691,per178691_1911_09893,3,0,0,,,triagem/nome-caixa-conversao 1.0.0,32,ok
178691,per178691_1911_09893,4,0,0,,,triagem/nome-caixa-conversao 1.0.0,32,ok
178691,per178691_1911_09893,5,0,0,,,triagem/nome-caixa-conversao 1.0.0,32,ok
178691,per178691_1911_09893,6,0,0,,,triagem/nome-caixa-conversao 1.0.0,32,ok
178691,per178691_1911_09893,7,0,0,,,triagem/nome-caixa-conversao 1.0.0,32,ok
178691,per178691_1911_09893,8,0,0,,,triagem/nome-caixa-conversao 1.0.0,32,ok
178691,per178691_1911_09893,9,1,1,caixa de conver,5535,triagem/nome-caixa-conversao 1.0.0,32,ok
178691,per178691_1911_09893,10,0,0,,,triagem/nome-caixa-conversao 1.0.0,32,ok
178691,per178691_1911_09893,11,0,0,,,triagem/nome-caixa-conversao 1.0.0,32,ok
178691,per178691_1911_09893,12,0,0,,,triagem/nome-caixa-conversao 1.0.0,32,ok
178691,per178691_1911_09893,13,0,0,,,triagem/nome-caixa-conversao 1.0.0,32,ok
178691,per178691_1911_09893,14,0,0,,,triagem/nome-caixa-conversao 1.0.0,32,ok
178691,per178691_1911_09893,15,0,0,,,triagem/nome-caixa-conversao 1.0.0,32,ok
178691,per178691_1911_09893,16,0,0,,,triagem/nome-caixa-conversao 1.0.0,32,ok
178691,per178691_1911_09894,1,0,0,,,triagem/nome-caixa-conversao 1.0.0,32,ok
178691,per178691_1911_09894,2,0,0,,,triagem/nome-caixa-conversao 1.0.0,32,ok
178691,per178691_1911_09894,3,0,0,,,triagem/nome-caixa-conversao 1.0.0,32,ok
178691,per178691_1911_09894,4,0,0,,,triagem/nome-caixa-conversao 1.0.0,32,ok
178691,per178691_1911_09894,5,0,0,,,triagem/nome-caixa-conversao 1.0.0,32,ok
178691,per178691_1911_09894,6,0,0,,,triagem/nome-caixa-conversao 1.0.0,32,ok
178691,per178691_1911_09894,7,0,0,,,triagem/nome-caixa-conversao 1.0.0,32,ok
178691,per178691_1911_09894,8,0,0,,,triagem/nome-caixa-conversao 1.0.0,32,ok
178691,per178691_1911_09894,9,0,0,,,triagem/nome-caixa-conversao 1.0.0,32,ok
178691,per178691_1911_09894,10,0,0,,,triagem/nome-caixa-conversao 1.0.0,32,ok
178691,per178691_1911_09894,11,0,0,,,triagem/nome-caixa-conversao 1.0.0,32,ok
178691,per178691_1911_09894,12,0,0,,,triagem/nome-caixa-conversao 1.0.0,32,ok
178691,per178691_1911_09895,1,0,0,,,triagem/nome-caixa-conversao 1.0.0,32,ok
178691,per178691_1911_09895,2,0,0,,,triagem/nome-caixa-conversao 1.0.0,32,ok
178691,per178691_1911_09895,3,0,0,,,triagem/nome-caixa-conversao 1.0.0,32,ok
178691,per178691_1911_09895,4,0,0,,,triagem/nome-caixa-conversao 1.0.0,32,ok
178691,per178691_1911_09895,5,0,0,,,triagem/nome-caixa-conversao 1.0.0,32,ok
178691,per178691_1911_09895,6,1,1,caixa de conver,26855,triagem/nome-caixa-conversao 1.0.0,32,ok
178691,per178691_1911_09895,7,1,1,caixa de conver,631,triagem/nome-caixa-conversao 1.0.0,32,ok
178691,per178691_1911_09895,8,0,0,,,triagem/nome-caixa-conversao 1.0.0,32,ok
178691,per178691_1911_09895,9,0,0,,,triagem/nome-caixa-conversao 1.0.0,32,ok
178691,per178691_1911_09895,10,0,0,,,triagem/nome-caixa-conversao 1.0.0,32,ok
178691,per178691_1911_09895,11,0,0,,,triagem/nome-caixa-conversao 1.0.0,32,ok
178691,per178691_1911_09895,12,0,0,,,triagem/nome-caixa-conversao 1.0.0,32,ok
178691,per178691_1911_09896,1,0,0,,,triagem/nome-caixa-conversao 1.0.0,32,ok
178691,per178691_1911_09896,2,0,0,,,triagem/nome-caixa-conversao 1.0.0,32,ok
178691,per178691_1911_09896,3,0,0,,,triagem/nome-caixa-conversao 1.0.0,32,ok
178691,per178691_1911_09896,4,1,1,caixa deconver,9741,triagem/nome-caixa-conversao 1.0.0,32,ok
178691,per178691_1911_09896,5,0,0,,,triagem/nome-caixa-conversao 1.0.0,32,ok
178691,per178691_1911_09896,6,0,0,,,triagem/nome-caixa-conversao 1.0.0,32,ok
178691,per178691_1911_09896,7,0,0,,,triagem/nome-caixa-conversao 1.0.0,32,ok
178691,per178691_1911_09896,8,1,1,caixa deconver,30802,triagem/nome-caixa-conversao 1.0.0,32,ok
178691,per178691_1911_09896,9,0,0,,,triagem/nome-caixa-conversao 1.0.0,32,ok
178691,per178691_1911_09896,10,0,0,,,triagem/nome-caixa-conversao 1.0.0,32,ok
178691,per178691_1911_09896,11,0,0,,,triagem/nome-caixa-conversao 1.0.0,32,ok
178691,per178691_1911_09896,12,0,0,,,triagem/nome-caixa-conversao 1.0.0,32,ok
178691,per178691_1911_09896,13,0,0,,,triagem/nome-caixa-conversao 1.0.0,32,ok
178691,per178691_1911_09896,14,0,0,,,triagem/nome-caixa-conversao 1.0.0,32,ok
178691,per178691_1911_09896,15,0,0,,,triagem/nome-caixa-conversao 1.0.0,32,ok
178691,per178691_1911_09896,16,0,0,,,triagem/nome-caixa-conversao 1.0.0,32,ok
178691,per178691_1911_09897,1,0,0,,,triagem/nome-caixa-conversao 1.0.0,32,ok
178691,per178691_1911_09897,2,0,0,,,triagem/nome-caixa-conversao 1.0.0,32,ok
178691,per178691_1911_09897,3,0,0,,,triagem/nome-caixa-conversao 1.0.0,32,ok
178691,per178691_1911_09897,4,0,0,,,triagem/nome-caixa-conversao 1.0.0,32,ok
178691,per178691_1911_09897,5,0,0,,,triagem/nome-caixa-conversao 1.0.0,32,ok
178691,per178691_1911_09897,6,0,0,,,triagem/nome-caixa-conversao 1.0.0,32,ok
178691,per178691_1911_09897,7,0,0,,,triagem/nome-caixa-conversao 1.0.0,32,ok
178691,per178691_1911_09897,8,0,0,,,triagem/nome-caixa-conversao 1.0.0,32,ok
178691,per178691_1911_09897,9,1,1,caixa de conver,3868,triagem/nome-caixa-conversao 1.0.0,32,ok
178691,per178691_1911_09897,10,0,0,,,triagem/nome-caixa-conversao 1.0.0,32,ok
178691,per178691_1911_09897,11,0,0,,,triagem/nome-caixa-conversao 1.0.0,32,ok
178691,per178691_1911_09897,12,0,0,,,triagem/nome-caixa-conversao 1.0.0,32,ok
178691,per178691_1911_09898,1,0,0,,,triagem/nome-caixa-conversao 1.0.0,32,ok
178691,per178691_1911_09898,2,1,1,caixa de conver,36709,triagem/nome-caixa-conversao 1.0.0,32,ok
178691,per178691_1911_09898,3,0,0,,,triagem/nome-caixa-conversao 1.0.0,32,ok
178691,per178691_1911_09898,4,0,0,,,triagem/nome-caixa-conversao 1.0.0,32,ok
178691,per178691_1911_09898,5,0,0,,,triagem/nome-caixa-conversao 1.0.0,32,ok
178691,per178691_1911_09898,6,0,0,,,triagem/nome-caixa-conversao 1.0.0,32,ok
178691,per178691_1911_09898,7,0,0,,,triagem/nome-caixa-conversao 1.0.0,32,ok
178691,per178691_1911_09898,8,0,0,,,triagem/nome-caixa-conversao 1.0.0,32,ok
178691,per178691_1911_09898,9,0,0,,,triagem/nome-caixa-conversao 1.0.0,32,ok
178691,per178691_1911_09898,10,0,0,,,triagem/nome-caixa-conversao 1.0.0,32,ok
178691,per178691_1911_09898,11,1,1,caixa deconver,7249,triagem/nome-caixa-conversao 1.0.0,32,ok
178691,per178691_1911_09898,12,0,0,,,triagem/nome-caixa-conversao 1.0.0,32,ok
178691,per178691_1911_09898,13,0,0,,,triagem/nome-caixa-conversao 1.0.0,32,ok
178691,per178691_1911_09898,14,0,0,,,triagem/nome-caixa-conversao 1.0.0,32,ok
178691,per178691_1911_09898,15,0,0,,,triagem/nome-caixa-conversao 1.0.0,32,ok
178691,per178691_1911_09898,16,0,0,,,triagem/nome-caixa-conversao 1.0.0,32,ok
178691,per178691_1911_09899,1,1,1,caixa de conver,29927,triagem/nome-caixa-conversao 1.0.0,32,ok
178691,per178691_1911_09899,2,0,0,,,triagem/nome-caixa-conversao 1.0.0,32,ok
178691,per178691_1911_09899,3,0,0,,,triagem/nome-caixa-conversao 1.0.0,32,ok
178691,per178691_1911_09899,4,0,0,,,triagem/nome-caixa-conversao 1.0.0,32,ok
178691,per178691_1911_09899,5,1,1,caixa de conver,43244,triagem/nome-caixa-conversao 1.0.0,32,ok
178691,per178691_1911_09899,6,0,0,,,triagem/nome-caixa-conversao 1.0.0,32,ok
178691,per178691_1911_09899,7,0,0,,,triagem/nome-caixa-conversao 1.0.0,32,ok
178691,per178691_1911_09899,8,0,0,,,triagem/nome-caixa-conversao 1.0.0,32,ok
178691,per178691_1911_09899,9,0,0,,,triagem/nome-caixa-conversao 1.0.0,32,ok
178691,per178691_1911_09899,10,0,0,,,triagem/nome-caixa-conversao 1.0.0,32,ok
178691,per178691_1911_09900,1,0,0,,,triagem/nome-caixa-conversao 1.0.0,32,ok
178691,per178691_1911_09900,2,0,0,,,triagem/nome-caixa-conversao 1.0.0,32,ok
178691,per178691_1911_09900,3,0,0,,,triagem/nome-caixa-conversao 1.0.0,32,ok
178691,per178691_1911_09900,4,0,0,,,triagem/nome-caixa-conversao 1.0.0,32,ok
178691,per178691_1911_09900,5,0,0,,,triagem/nome-caixa-conversao 1.0.0,32,ok
178691,per178691_1911_09900,6,0,0,,,triagem/nome-caixa-conversao 1.0.0,32,ok
178691,per178691_1911_09900,7,1,1,caixa de conver,5365,triagem/nome-caixa-conversao 1.0.0,32,ok
178691,per178691_1911_09900,8,0,0,,,triagem/nome-caixa-conversao 1.0.0,32,ok
178691,per178691_1911_09900,9,0,0,,,triagem/nome-caixa-conversao 1.0.0,32,ok
178691,per178691_1911_09900,10,0,0,,,triagem/nome-caixa-conversao 1.0.0,32,ok
178691,per178691_1911_09900,11,0,0,,,triagem/nome-caixa-conversao 1.0.0,32,ok
178691,per178691_1911_09900,12,0,0,,,triagem/nome-caixa-conversao 1.0.0,32,ok
178691,per178691_1911_09901,1,0,0,,,triagem/nome-caixa-conversao 1.0.0,32,ok
178691,per178691_1911_09901,2,0,0,,,triagem/nome-caixa-conversao 1.0.0,32,ok
178691,per178691_1911_09901,3,0,0,,,triagem/nome-caixa-conversao 1.0.0,32,ok
178691,per178691_1911_09901,4,0,0,,,triagem/nome-caixa-conversao 1.0.0,32,ok
178691,per178691_1911_09901,5,0,0,,,triagem/nome-caixa-conversao 1.0.0,32,ok
178691,per178691_1911_09901,6,0,0,,,triagem/nome-caixa-conversao 1.0.0,32,ok
178691,per178691_1911_09901,7,0,0,,,triagem/nome-caixa-conversao 1.0.0,32,ok
178691,per178691_1911_09901,8,0,0,,,triagem/nome-caixa-conversao 1.0.0,32,ok
178691,per178691_1911_09901,9,1,1,caixa de conver,10245,triagem/nome-caixa-conversao 1.0.0,32,ok
178691,per178691_1911_09901,10,0,0,,,triagem/nome-caixa-conversao 1.0.0,32,ok
178691,per178691_1911_09901,11,0,0,,,triagem/nome-caixa-conversao 1.0.0,32,ok
178691,per178691_1911_09901,12,0,0,,,triagem/nome-caixa-conversao 1.0.0,32,ok
178691,per178691_1911_09901,13,0,0,,,triagem/nome-caixa-conversao 1.0.0,32,ok
178691,per178691_1911_09901,14,0,0,,,triagem/nome-caixa-conversao 1.0.0,32,ok
178691,per178691_1911_09901,15,0,0,,,triagem/nome-caixa-conversao 1.0.0,32,ok
178691,per178691_1911_09901,16,0,0,,,triagem/nome-caixa-conversao 1.0.0,32,ok
178691,per178691_1911_09902,1,0,0,,,triagem/nome-caixa-conversao 1.0.0,32,ok
178691,per178691_1911_09902,2,0,0,,,triagem/nome-caixa-conversao 1.0.0,32,ok
178691,per178691_1911_09902,3,0,0,,,triagem/nome-caixa-conversao 1.0.0,32,ok
178691,per178691_1911_09902,4,0,0,,,triagem/nome-caixa-conversao 1.0.0,32,ok
178691,per178691_1911_09902,5,0,0,,,triagem/nome-caixa-conversao 1.0.0,32,ok
178691,per178691_1911_09902,6,0,0,,,triagem/nome-caixa-conversao 1.0.0,32,ok
178691,per178691_1911_09902,7,0,0,,,triagem/nome-caixa-conversao 1.0.0,32,ok
178691,per178691_1911_09902,8,0,0,,,triagem/nome-caixa-conversao 1.0.0,32,ok
178691,per178691_1911_09902,9,0,0,,,triagem/nome-caixa-conversao 1.0.0,32,ok
178691,per178691_1911_09902,10,0,0,,,triagem/nome-caixa-conversao 1.0.0,32,ok
178691,per178691_1911_09902,11,0,0,,,triagem/nome-caixa-conversao 1.0.0,32,ok
178691,per178691_1911_09902,12,0,0,,,triagem/nome-caixa-conversao 1.0.0,32,ok
178691,per178691_1911_09903,1,0,0,,,triagem/nome-caixa-conversao 1.0.0,32,ok
178691,per178691_1911_09903,2,0,0,,,triagem/nome-caixa-conversao 1.0.0,32,ok
178691,per178691_1911_09903,3,0,0,,,triagem/nome-caixa-conversao 1.0.0,32,ok
178691,per178691_1911_09903,4,0,0,,,triagem/nome-caixa-conversao 1.0.0,32,ok
178691,per178691_1911_09903,5,0,0,,,triagem/nome-caixa-conversao 1.0.0,32,ok
178691,per178691_1911_09903,6,1,1,caixa de conver,40658,triagem/nome-caixa-conversao 1.0.0,32,ok
178691,per178691_1911_09903,7,0,0,,,triagem/nome-caixa-conversao 1.0.0,32,ok
178691,per178691_1911_09903,8,0,0,,,triagem/nome-caixa-conversao 1.0.0,32,ok
178691,per178691_1911_09903,9,1,1,caixa db conver,14646,triagem/nome-caixa-conversao 1.0.0,32,ok
178691,per178691_1911_09903,10,0,0,,,triagem/nome-caixa-conversao 1.0.0,32,ok
178691,per178691_1911_09903,11,0,0,,,triagem/nome-caixa-conversao 1.0.0,32,ok
178691,per178691_1911_09903,12,0,0,,,triagem/nome-caixa-conversao 1.0.0,32,ok
178691,per178691_1911_09904,1,0,0,,,triagem/nome-caixa-conversao 1.0.0,32,ok
178691,per178691_1911_09904,2,0,0,,,triagem/nome-caixa-conversao 1.0.0,32,ok
178691,per178691_1911_09904,3,0,0,,,triagem/nome-caixa-conversao 1.0.0,32,ok
178691,per178691_1911_09904,4,0,0,,,triagem/nome-caixa-conversao 1.0.0,32,ok
178691,per178691_1911_09904,5,0,0,,,triagem/nome-caixa-conversao 1.0.0,32,ok
178691,per178691_1911_09904,6,0,0,,,triagem/nome-caixa-conversao 1.0.0,32,ok
178691,per178691_1911_09904,7,0,0,,,triagem/nome-caixa-conversao 1.0.0,32,ok
178691,per178691_1911_09904,8,0,0,,,triagem/nome-caixa-conversao 1.0.0,32,ok
178691,per178691_1911_09904,9,1,1,caixa de conver,17695,triagem/nome-caixa-conversao 1.0.0,32,ok
178691,per178691_1911_09904,10,0,0,,,triagem/nome-caixa-conversao 1.0.0,32,ok
178691,per178691_1911_09904,11,0,0,,,triagem/nome-caixa-conversao 1.0.0,32,ok
178691,per178691_1911_09904,12,0,0,,,triagem/nome-caixa-conversao 1.0.0,32,ok
178691,per178691_1911_09904,13,0,0,,,triagem/nome-caixa-conversao 1.0.0,32,ok
178691,per178691_1911_09904,14,0,0,,,triagem/nome-caixa-conversao 1.0.0,32,ok
178691,per178691_1911_09904,15,0,0,,,triagem/nome-caixa-conversao 1.0.0,32,ok
178691,per178691_1911_09904,16,0,0,,,triagem/nome-caixa-conversao 1.0.0,32,ok
178691,per178691_1911_09905,1,0,0,,,triagem/nome-caixa-conversao 1.0.0,32,ok
178691,per178691_1911_09905,2,1,1,caixa de conver,30757,triagem/nome-caixa-conversao 1.0.0,32,ok
178691,per178691_1911_09905,3,0,0,,,triagem/nome-caixa-conversao 1.0.0,32,ok
178691,per178691_1911_09905,4,0,0,,,triagem/nome-caixa-conversao 1.0.0,32,ok
178691,per178691_1911_09905,5,0,0,,,triagem/nome-caixa-conversao 1.0.0,32,ok
178691,per178691_1911_09905,6,0,0,,,triagem/nome-caixa-conversao 1.0.0,32,ok
178691,per178691_1911_09905,7,0,0,,,triagem/nome-caixa-conversao 1.0.0,32,ok
178691,per178691_1911_09905,8,0,0,,,triagem/nome-caixa-conversao 1.0.0,32,ok
178691,per178691_1911_09905,9,0,0,,,triagem/nome-caixa-conversao 1.0.0,32,ok
178691,per178691_1911_09905,10,0,0,,,triagem/nome-caixa-conversao 1.0.0,32,ok
178691,per178691_1911_09905,11,0,0,,,triagem/nome-caixa-conversao 1.0.0,32,ok
178691,per178691_1911_09905,12,0,0,,,triagem/nome-caixa-conversao 1.0.0,32,ok
178691,per178691_1911_09905,13,0,0,,,triagem/nome-caixa-conversao 1.0.0,32,ok
178691,per178691_1911_09905,14,0,0,,,triagem/nome-caixa-conversao 1.0.0,32,ok
178691,per178691_1911_09905,15,0,0,,,triagem/nome-caixa-conversao 1.0.0,32,ok
178691,per178691_1911_09905,16,0,0,,,triagem/nome-caixa-conversao 1.0.0,32,ok
178691,per178691_1911_09906,1,0,0,,,triagem/nome-caixa-conversao 1.0.0,32,ok
178691,per178691_1911_09906,2,0,0,,,triagem/nome-caixa-conversao 1.0.0,32,ok
178691,per178691_1911_09906,3,0,0,,,triagem/nome-caixa-conversao 1.0.0,32,ok
178691,per178691_1911_09906,4,0,0,,,triagem/nome-caixa-conversao 1.0.0,32,ok
178691,per178691_1911_09906,5,0,0,,,triagem/nome-caixa-conversao 1.0.0,32,ok
178691,per178691_1911_09906,6,0,0,,,triagem/nome-caixa-conversao 1.0.0,32,ok
178691,per178691_1911_09906,7,0,0,,,triagem/nome-caixa-conversao 1.0.0,32,ok
178691,per178691_1911_09906,8,0,0,,,triagem/nome-caixa-conversao 1.0.0,32,ok
178691,per178691_1911_09906,9,0,0,,,triagem/nome-caixa-conversao 1.0.0,32,ok
178691,per178691_1911_09906,10,0,0,,,triagem/nome-caixa-conversao 1.0.0,32,ok
178691,per178691_1911_09906,11,0,0,,,triagem/nome-caixa-conversao 1.0.0,32,ok
178691,per178691_1911_09906,12,0,0,,,triagem/nome-caixa-conversao 1.0.0,32,ok
178691,per178691_1911_09907,1,0,0,,,triagem/nome-caixa-conversao 1.0.0,32,ok
178691,per178691_1911_09907,2,0,0,,,triagem/nome-caixa-conversao 1.0.0,32,ok
178691,per178691_1911_09907,3,1,1,caixa deconver,21764,triagem/nome-caixa-conversao 1.0.0,32,ok
178691,per178691_1911_09907,4,0,0,,,triagem/nome-caixa-conversao 1.0.0,32,ok
178691,per178691_1911_09907,5,0,0,,,triagem/nome-caixa-conversao 1.0.0,32,ok
178691,per178691_1911_09907,6,0,0,,,triagem/nome-caixa-conversao 1.0.0,32,ok
178691,per178691_1911_09907,7,0,0,,,triagem/nome-caixa-conversao 1.0.0,32,ok
178691,per178691_1911_09907,8,0,0,,,triagem/nome-caixa-conversao 1.0.0,32,ok
178691,per178691_1911_09907,9,1,1,caixa de conver,3181,triagem/nome-caixa-conversao 1.0.0,32,ok
178691,per178691_1911_09907,10,0,0,,,triagem/nome-caixa-conversao 1.0.0,32,ok
178691,per178691_1911_09907,11,0,0,,,triagem/nome-caixa-conversao 1.0.0,32,ok
178691,per178691_1911_09907,12,0,0,,,triagem/nome-caixa-conversao 1.0.0,32,ok
178691,per178691_1911_09907,13,0,0,,,triagem/nome-caixa-conversao 1.0.0,32,ok
178691,per178691_1911_09907,14,0,0,,,triagem/nome-caixa-conversao 1.0.0,32,ok
178691,per178691_1911_09907,15,0,0,,,triagem/nome-caixa-conversao 1.0.0,32,ok
178691,per178691_1911_09907,16,0,0,,,triagem/nome-caixa-conversao 1.0.0,32,ok
178691,per178691_1911_09908,1,0,0,,,triagem/nome-caixa-conversao 1.0.0,32,ok
178691,per178691_1911_09908,2,0,0,,,triagem/nome-caixa-conversao 1.0.0,32,ok
178691,per178691_1911_09908,3,0,0,,,triagem/nome-caixa-conversao 1.0.0,32,ok
178691,per178691_1911_09908,4,0,0,,,triagem/nome-caixa-conversao 1.0.0,32,ok
178691,per178691_1911_09908,5,0,0,,,triagem/nome-caixa-conversao 1.0.0,32,ok
178691,per178691_1911_09908,6,0,0,,,triagem/nome-caixa-conversao 1.0.0,32,ok
178691,per178691_1911_09908,7,0,0,,,triagem/nome-caixa-conversao 1.0.0,32,ok
178691,per178691_1911_09908,8,0,0,,,triagem/nome-caixa-conversao 1.0.0,32,ok
178691,per178691_1911_09908,9,0,0,,,triagem/nome-caixa-conversao 1.0.0,32,ok
178691,per178691_1911_09908,10,1,1,caixa de conver,27344,triagem/nome-caixa-conversao 1.0.0,32,ok
178691,per178691_1911_09908,11,0,0,,,triagem/nome-caixa-conversao 1.0.0,32,ok
178691,per178691_1911_09908,12,0,0,,,triagem/nome-caixa-conversao 1.0.0,32,ok
178691,per178691_1911_09908,13,0,0,,,triagem/nome-caixa-conversao 1.0.0,32,ok
178691,per178691_1911_09908,14,0,0,,,triagem/nome-caixa-conversao 1.0.0,32,ok
178691,per178691_1911_09908,15,0,0,,,triagem/nome-caixa-conversao 1.0.0,32,ok
178691,per178691_1911_09908,16,0,0,,,triagem/nome-caixa-conversao 1.0.0,32,ok
178691,per178691_1911_09909,1,0,0,,,triagem/nome-caixa-conversao 1.0.0,32,ok
178691,per178691_1911_09909,2,0,0,,,triagem/nome-caixa-conversao 1.0.0,32,ok
178691,per178691_1911_09909,3,0,0,,,triagem/nome-caixa-conversao 1.0.0,32,ok
178691,per178691_1911_09909,4,0,0,,,triagem/nome-caixa-conversao 1.0.0,32,ok
178691,per178691_1911_09909,5,0,0,,,triagem/nome-caixa-conversao 1.0.0,32,ok
178691,per178691_1911_09909,6,0,0,,,triagem/nome-caixa-conversao 1.0.0,32,ok
178691,per178691_1911_09909,7,0,0,,,triagem/nome-caixa-conversao 1.0.0,32,ok
178691,per178691_1911_09909,8,0,0,,,triagem/nome-caixa-conversao 1.0.0,32,ok
178691,per178691_1911_09909,9,0,0,,,triagem/nome-caixa-conversao 1.0.0,32,ok
178691,per178691_1911_09909,10,0,0,,,triagem/nome-caixa-conversao 1.0.0,32,ok
178691,per178691_1911_09909,11,0,0,,,triagem/nome-caixa-conversao 1.0.0,32,ok
178691,per178691_1911_09909,12,0,0,,,triagem/nome-caixa-conversao 1.0.0,32,ok
178691,per178691_1911_09910,1,0,0,,,triagem/nome-caixa-conversao 1.0.0,32,ok
178691,per178691_1911_09910,2,0,0,,,triagem/nome-caixa-conversao 1.0.0,32,ok
178691,per178691_1911_09910,3,0,0,,,triagem/nome-caixa-conversao 1.0.0,32,ok
178691,per178691_1911_09910,4,0,0,,,triagem/nome-caixa-conversao 1.0.0,32,ok
178691,per178691_1911_09910,5,0,0,,,triagem/nome-caixa-conversao 1.0.0,32,ok
178691,per178691_1911_09910,6,0,0,,,triagem/nome-caixa-conversao 1.0.0,32,ok
178691,per178691_1911_09910,7,1,1,caixa de conver,17187,triagem/nome-caixa-conversao 1.0.0,32,ok
178691,per178691_1911_09910,8,0,0,,,triagem/nome-caixa-conversao 1.0.0,32,ok
178691,per178691_1911_09910,9,0,0,,,triagem/nome-caixa-conversao 1.0.0,32,ok
178691,per178691_1911_09910,10,0,0,,,triagem/nome-caixa-conversao 1.0.0,32,ok
178691,per178691_1911_09910,11,0,0,,,triagem/nome-caixa-conversao 1.0.0,32,ok
178691,per178691_1911_09910,12,0,0,,,triagem/nome-caixa-conversao 1.0.0,32,ok
178691,per178691_1911_09910,13,0,0,,,triagem/nome-caixa-conversao 1.0.0,32,ok
178691,per178691_1911_09910,14,0,0,,,triagem/nome-caixa-conversao 1.0.0,32,ok
178691,per178691_1911_09910,15,0,0,,,triagem/nome-caixa-conversao 1.0.0,32,ok
178691,per178691_1911_09910,16,0,0,,,triagem/nome-caixa-conversao 1.0.0,32,ok
178691,per178691_1911_09911,1,0,0,,,triagem/nome-caixa-conversao 1.0.0,32,ok
178691,per178691_1911_09911,2,1,1,caixa de conver,31684,triagem/nome-caixa-conversao 1.0.0,32,ok
178691,per178691_1911_09911,3,0,0,,,triagem/nome-caixa-conversao 1.0.0,32,ok
178691,per178691_1911_09911,4,0,0,,,triagem/nome-caixa-conversao 1.0.0,32,ok
178691,per178691_1911_09911,5,0,0,,,triagem/nome-caixa-conversao 1.0.0,32,ok
178691,per178691_1911_09911,6,0,0,,,triagem/nome-caixa-conversao 1.0.0,32,ok
178691,per178691_1911_09911,7,0,0,,,triagem/nome-caixa-conversao 1.0.0,32,ok
178691,per178691_1911_09911,8,0,0,,,triagem/nome-caixa-conversao 1.0.0,32,ok
178691,per178691_1911_09911,9,1,1,caixa deconver,7786,triagem/nome-caixa-conversao 1.0.0,32,ok
178691,per178691_1911_09911,10,0,0,,,triagem/nome-caixa-conversao 1.0.0,32,ok
178691,per178691_1911_09911,11,0,0,,,triagem/nome-caixa-conversao 1.0.0,32,ok
178691,per178691_1911_09911,12,0,0,,,triagem/nome-caixa-conversao 1.0.0,32,ok
178691,per178691_1911_09911,13,0,0,,,triagem/nome-caixa-conversao 1.0.0,32,ok
178691,per178691_1911_09911,14,0,0,,,triagem/nome-caixa-conversao 1.0.0,32,ok
178691,per178691_1911_09911,15,0,0,,,triagem/nome-caixa-conversao 1.0.0,32,ok
178691,per178691_1911_09911,16,0,0,,,triagem/nome-caixa-conversao 1.0.0,32,ok
178691,per178691_1911_09912,1,0,0,,,triagem/nome-caixa-conversao 1.0.0,32,ok
178691,per178691_1911_09912,2,0,0,,,triagem/nome-caixa-conversao 1.0.0,32,ok
178691,per178691_1911_09912,3,0,0,,,triagem/nome-caixa-conversao 1.0.0,32,ok
178691,per178691_1911_09912,4,0,0,,,triagem/nome-caixa-conversao 1.0.0,32,ok
178691,per178691_1911_09912,5,0,0,,,triagem/nome-caixa-conversao 1.0.0,32,ok
178691,per178691_1911_09912,6,0,0,,,triagem/nome-caixa-conversao 1.0.0,32,ok
178691,per178691_1911_09912,7,1,1,caixa de conver,3166,triagem/nome-caixa-conversao 1.0.0,32,ok
178691,per178691_1911_09912,8,0,0,,,triagem/nome-caixa-conversao 1.0.0,32,ok
178691,per178691_1911_09912,9,0,0,,,triagem/nome-caixa-conversao 1.0.0,32,ok
178691,per178691_1911_09912,10,0,0,,,triagem/nome-caixa-conversao 1.0.0,32,ok
178691,per178691_1911_09912,11,1,1,caixa dk conver,14197,triagem/nome-caixa-conversao 1.0.0,32,ok
178691,per178691_1911_09912,12,0,0,,,triagem/nome-caixa-conversao 1.0.0,32,ok
178691,per178691_1911_09912,13,0,0,,,triagem/nome-caixa-conversao 1.0.0,32,ok
178691,per178691_1911_09912,14,0,0,,,triagem/nome-caixa-conversao 1.0.0,32,ok
178691,per178691_1911_09912,15,0,0,,,triagem/nome-caixa-conversao 1.0.0,32,ok
178691,per178691_1911_09912,16,0,0,,,triagem/nome-caixa-conversao 1.0.0,32,ok
178691,per178691_1911_09913,1,0,0,,,triagem/nome-caixa-conversao 1.0.0,32,ok
178691,per178691_1911_09913,2,1,1,caixa de conver,10178,triagem/nome-caixa-conversao 1.0.0,32,ok
178691,per178691_1911_09913,3,0,0,,,triagem/nome-caixa-conversao 1.0.0,32,ok
178691,per178691_1911_09913,4,0,0,,,triagem/nome-caixa-conversao 1.0.0,32,ok
178691,per178691_1911_09913,5,0,0,,,triagem/nome-caixa-conversao 1.0.0,32,ok
178691,per178691_1911_09913,6,0,0,,,triagem/nome-caixa-conversao 1.0.0,32,ok
178691,per178691_1911_09913,7,0,0,,,triagem/nome-caixa-conversao 1.0.0,32,ok
178691,per178691_1911_09913,8,0,0,,,triagem/nome-caixa-conversao 1.0.0,32,ok
178691,per178691_1911_09913,9,0,0,,,triagem/nome-caixa-conversao 1.0.0,32,ok
178691,per178691_1911_09913,10,0,0,,,triagem/nome-caixa-conversao 1.0.0,32,ok
178691,per178691_1911_09913,11,0,0,,,triagem/nome-caixa-conversao 1.0.0,32,ok
178691,per178691_1911_09913,12,0,0,,,triagem/nome-caixa-conversao 1.0.0,32,ok
178691,per178691_1911_09914,1,0,0,,,triagem/nome-caixa-conversao 1.0.0,32,ok
178691,per178691_1911_09914,2,0,0,,,triagem/nome-caixa-conversao 1.0.0,32,ok
178691,per178691_1911_09914,3,0,0,,,triagem/nome-caixa-conversao 1.0.0,32,ok
178691,per178691_1911_09914,4,1,1,caixa deconver,39798,triagem/nome-caixa-conversao 1.0.0,32,ok
178691,per178691_1911_09914,5,0,0,,,triagem/nome-caixa-conversao 1.0.0,32,ok
178691,per178691_1911_09914,6,1,1,caixade conver,42491,triagem/nome-caixa-conversao 1.0.0,32,ok
178691,per178691_1911_09914,7,0,0,,,triagem/nome-caixa-conversao 1.0.0,32,ok
178691,per178691_1911_09914,8,0,0,,,triagem/nome-caixa-conversao 1.0.0,32,ok
178691,per178691_1911_09914,9,0,0,,,triagem/nome-caixa-conversao 1.0.0,32,ok
178691,per178691_1911_09914,10,0,0,,,triagem/nome-caixa-conversao 1.0.0,32,ok
178691,per178691_1911_09914,11,0,0,,,triagem/nome-caixa-conversao 1.0.0,32,ok
178691,per178691_1911_09914,12,0,0,,,triagem/nome-caixa-conversao 1.0.0,32,ok
178691,per178691_1911_09914,13,0,0,,,triagem/nome-caixa-conversao 1.0.0,32,ok
178691,per178691_1911_09914,14,0,0,,,triagem/nome-caixa-conversao 1.0.0,32,ok
178691,per178691_1911_09914,15,0,0,,,triagem/nome-caixa-conversao 1.0.0,32,ok
178691,per178691_1911_09914,16,0,0,,,triagem/nome-caixa-conversao 1.0.0,32,ok
178691,per178691_1911_09915,1,0,0,,,triagem/nome-caixa-conversao 1.0.0,32,ok
178691,per178691_1911_09915,2,0,0,,,triagem/nome-caixa-conversao 1.0.0,32,ok
178691,per178691_1911_09915,3,0,0,,,triagem/nome-caixa-conversao 1.0.0,32,ok
178691,per178691_1911_09915,4,0,0,,,triagem/nome-caixa-conversao 1.0.0,32,ok
178691,per178691_1911_09915,5,0,0,,,triagem/nome-caixa-conversao 1.0.0,32,ok
178691,per178691_1911_09915,6,0,0,,,triagem/nome-caixa-conversao 1.0.0,32,ok
178691,per178691_1911_09915,7,0,0,,,triagem/nome-caixa-conversao 1.0.0,32,ok
178691,per178691_1911_09915,8,0,0,,,triagem/nome-caixa-conversao 1.0.0,32,ok
178691,per178691_1911_09915,9,0,0,,,triagem/nome-caixa-conversao 1.0.0,32,ok
178691,per178691_1911_09915,10,1,1,caixade conver,39620,triagem/nome-caixa-conversao 1.0.0,32,ok
178691,per178691_1911_09915,11,0,0,,,triagem/nome-caixa-conversao 1.0.0,32,ok
178691,per178691_1911_09915,12,0,0,,,triagem/nome-caixa-conversao 1.0.0,32,ok
178691,per178691_1911_09915,13,0,0,,,triagem/nome-caixa-conversao 1.0.0,32,ok
178691,per178691_1911_09915,14,0,0,,,triagem/nome-caixa-conversao 1.0.0,32,ok
178691,per178691_1911_09915,15,0,0,,,triagem/nome-caixa-conversao 1.0.0,32,ok
178691,per178691_1911_09915,16,0,0,,,triagem/nome-caixa-conversao 1.0.0,32,ok
178691,per178691_1911_09916,1,0,0,,,triagem/nome-caixa-conversao 1.0.0,32,ok
178691,per178691_1911_09916,2,0,0,,,triagem/nome-caixa-conversao 1.0.0,32,ok
178691,per178691_1911_09916,3,0,0,,,triagem/nome-caixa-conversao 1.0.0,32,ok
178691,per178691_1911_09916,4,0,0,,,triagem/nome-caixa-conversao 1.0.0,32,ok
178691,per178691_1911_09916,5,0,0,,,triagem/nome-caixa-conversao 1.0.0,32,ok
178691,per178691_1911_09916,6,0,0,,,triagem/nome-caixa-conversao 1.0.0,32,ok
178691,per178691_1911_09916,7,0,0,,,triagem/nome-caixa-conversao 1.0.0,32,ok
178691,per178691_1911_09916,8,0,0,,,triagem/nome-caixa-conversao 1.0.0,32,ok
178691,per178691_1911_09916,9,0,0,,,triagem/nome-caixa-conversao 1.0.0,32,ok
178691,per178691_1911_09916,10,0,0,,,triagem/nome-caixa-conversao 1.0.0,32,ok
178691,per178691_1911_09916,11,0,0,,,triagem/nome-caixa-conversao 1.0.0,32,ok
178691,per178691_1911_09916,12,1,1,caixa do conver,20673,triagem/nome-caixa-conversao 1.0.0,32,ok
178691,per178691_1911_09916,13,1,1,caixa db conver,11662,triagem/nome-caixa-conversao 1.0.0,32,ok
178691,per178691_1911_09916,14,0,0,,,triagem/nome-caixa-conversao 1.0.0,32,ok
178691,per178691_1911_09916,15,0,0,,,triagem/nome-caixa-conversao 1.0.0,32,ok
178691,per178691_1911_09916,16,0,0,,,triagem/nome-caixa-conversao 1.0.0,32,ok
178691,per178691_1911_09917,1,0,0,,,triagem/nome-caixa-conversao 1.0.0,32,ok
178691,per178691_1911_09917,2,0,0,,,triagem/nome-caixa-conversao 1.0.0,32,ok
178691,per178691_1911_09917,3,0,0,,,triagem/nome-caixa-conversao 1.0.0,32,ok
178691,per178691_1911_09917,4,0,0,,,triagem/nome-caixa-conversao 1.0.0,32,ok
178691,per178691_1911_09917,5,0,0,,,triagem/nome-caixa-conversao 1.0.0,32,ok
178691,per178691_1911_09917,6,0,0,,,triagem/nome-caixa-conversao 1.0.0,32,ok
178691,per178691_1911_09917,7,0,0,,,triagem/nome-caixa-conversao 1.0.0,32,ok
178691,per178691_1911_09917,8,0,0,,,triagem/nome-caixa-conversao 1.0.0,32,ok
178691,per178691_1911_09917,9,0,0,,,triagem/nome-caixa-conversao 1.0.0,32,ok
178691,per178691_1911_09917,10,0,0,,,triagem/nome-caixa-conversao 1.0.0,32,ok
178691,per178691_1911_09917,11,0,0,,,triagem/nome-caixa-conversao 1.0.0,32,ok
178691,per178691_1911_09917,12,0,0,,,triagem/nome-caixa-conversao 1.0.0,32,ok
178691,per178691_1911_09917,13,0,0,,,triagem/nome-caixa-conversao 1.0.0,32,ok
178691,per178691_1911_09917,14,0,0,,,triagem/nome-caixa-conversao 1.0.0,32,ok
178691,per178691_1911_09917,15,0,0,,,triagem/nome-caixa-conversao 1.0.0,32,ok
178691,per178691_1911_09917,16,0,0,,,triagem/nome-caixa-conversao 1.0.0,32,ok
178691,per178691_1911_09918,1,0,0,,,triagem/nome-caixa-conversao 1.0.0,32,ok
178691,per178691_1911_09918,2,0,0,,,triagem/nome-caixa-conversao 1.0.0,32,ok
178691,per178691_1911_09918,3,0,0,,,triagem/nome-caixa-conversao 1.0.0,32,ok
178691,per178691_1911_09918,4,0,0,,,triagem/nome-caixa-conversao 1.0.0,32,ok
178691,per178691_1911_09918,5,0,0,,,triagem/nome-caixa-conversao 1.0.0,32,ok
178691,per178691_1911_09918,6,0,0,,,triagem/nome-caixa-conversao 1.0.0,32,ok
178691,per178691_1911_09918,7,0,0,,,triagem/nome-caixa-conversao 1.0.0,32,ok
178691,per178691_1911_09918,8,0,0,,,triagem/nome-caixa-conversao 1.0.0,32,ok
178691,per178691_1911_09918,9,1,1,caixa do conver,43976,triagem/nome-caixa-conversao 1.0.0,32,ok
178691,per178691_1911_09918,10,0,0,,,triagem/nome-caixa-conversao 1.0.0,32,ok
178691,per178691_1911_09918,11,0,0,,,triagem/nome-caixa-conversao 1.0.0,32,ok
178691,per178691_1911_09918,12,0,0,,,triagem/nome-caixa-conversao 1.0.0,32,ok
178691,per178691_1911_09918,13,0,0,,,triagem/nome-caixa-conversao 1.0.0,32,ok
178691,per178691_1911_09918,14,0,0,,,triagem/nome-caixa-conversao 1.0.0,32,ok
178691,per178691_1911_09918,15,0,0,,,triagem/nome-caixa-conversao 1.0.0,32,ok
178691,per178691_1911_09918,16,0,0,,,triagem/nome-caixa-conversao 1.0.0,32,ok
178691,per178691_1911_09919,1,0,0,,,triagem/nome-caixa-conversao 1.0.0,32,ok
178691,per178691_1911_09919,2,0,0,,,triagem/nome-caixa-conversao 1.0.0,32,ok
178691,per178691_1911_09919,3,1,1,caixa de conver,6334,triagem/nome-caixa-conversao 1.0.0,32,ok
178691,per178691_1911_09919,4,0,0,,,triagem/nome-caixa-conversao 1.0.0,32,ok
178691,per178691_1911_09919,5,0,0,,,triagem/nome-caixa-conversao 1.0.0,32,ok
178691,per178691_1911_09919,6,0,0,,,triagem/nome-caixa-conversao 1.0.0,32,ok
178691,per178691_1911_09919,7,0,0,,,triagem/nome-caixa-conversao 1.0.0,32,ok
178691,per178691_1911_09919,8,0,0,,,triagem/nome-caixa-conversao 1.0.0,32,ok
178691,per178691_1911_09919,9,0,0,,,triagem/nome-caixa-conversao 1.0.0,32,ok
178691,per178691_1911_09919,10,0,0,,,triagem/nome-caixa-conversao 1.0.0,32,ok
178691,per178691_1911_09919,11,0,0,,,triagem/nome-caixa-conversao 1.0.0,32,ok
178691,per178691_1911_09919,12,0,0,,,triagem/nome-caixa-conversao 1.0.0,32,ok
178691,per178691_1911_09919,13,0,0,,,triagem/nome-caixa-conversao 1.0.0,32,ok
178691,per178691_1911_09919,14,0,0,,,triagem/nome-caixa-conversao 1.0.0,32,ok
178691,per178691_1911_09919,15,0,0,,,triagem/nome-caixa-conversao 1.0.0,32,ok
178691,per178691_1911_09919,16,0,0,,,triagem/nome-caixa-conversao 1.0.0,32,ok
178691,per178691_1911_09920,1,0,0,,,triagem/nome-caixa-conversao 1.0.0,32,ok
178691,per178691_1911_09920,2,0,0,,,triagem/nome-caixa-conversao 1.0.0,32,ok
178691,per178691_1911_09920,3,0,0,,,triagem/nome-caixa-conversao 1.0.0,32,ok
178691,per178691_1911_09920,4,0,0,,,triagem/nome-caixa-conversao 1.0.0,32,ok
178691,per178691_1911_09920,5,0,0,,,triagem/nome-caixa-conversao 1.0.0,32,ok
178691,per178691_1911_09920,6,1,1,caixade conver,39585,triagem/nome-caixa-conversao 1.0.0,32,ok
178691,per178691_1911_09920,7,0,0,,,triagem/nome-caixa-conversao 1.0.0,32,ok
178691,per178691_1911_09920,8,0,0,,,triagem/nome-caixa-conversao 1.0.0,32,ok
178691,per178691_1911_09920,9,0,0,,,triagem/nome-caixa-conversao 1.0.0,32,ok
178691,per178691_1911_09920,10,0,0,,,triagem/nome-caixa-conversao 1.0.0,32,ok
178691,per178691_1911_09921,1,0,0,,,triagem/nome-caixa-conversao 1.0.0,32,ok
178691,per178691_1911_09921,2,0,0,,,triagem/nome-caixa-conversao 1.0.0,32,ok
178691,per178691_1911_09921,3,0,0,,,triagem/nome-caixa-conversao 1.0.0,32,ok
178691,per178691_1911_09921,4,0,0,,,triagem/nome-caixa-conversao 1.0.0,32,ok
178691,per178691_1911_09921,5,0,0,,,triagem/nome-caixa-conversao 1.0.0,32,ok
178691,per178691_1911_09921,6,0,0,,,triagem/nome-caixa-conversao 1.0.0,32,ok
178691,per178691_1911_09921,7,0,0,,,triagem/nome-caixa-conversao 1.0.0,32,ok
178691,per178691_1911_09921,8,0,0,,,triagem/nome-caixa-conversao 1.0.0,32,ok
178691,per178691_1911_09921,9,0,0,,,triagem/nome-caixa-conversao 1.0.0,32,ok
178691,per178691_1911_09921,10,0,0,,,triagem/nome-caixa-conversao 1.0.0,32,ok
178691,per178691_1911_09921,11,0,0,,,triagem/nome-caixa-conversao 1.0.0,32,ok
178691,per178691_1911_09921,12,0,0,,,triagem/nome-caixa-conversao 1.0.0,32,ok
178691,per178691_1911_09921,13,0,0,,,triagem/nome-caixa-conversao 1.0.0,32,ok
178691,per178691_1911_09921,14,0,0,,,triagem/nome-caixa-conversao 1.0.0,32,ok
178691,per178691_1911_09921,15,0,0,,,triagem/nome-caixa-conversao 1.0.0,32,ok
178691,per178691_1911_09921,16,0,0,,,triagem/nome-caixa-conversao 1.0.0,32,ok
178691,per178691_1911_09922,1,0,0,,,triagem/nome-caixa-conversao 1.0.0,32,ok
178691,per178691_1911_09922,2,0,0,,,triagem/nome-caixa-conversao 1.0.0,32,ok
178691,per178691_1911_09922,3,0,0,,,triagem/nome-caixa-conversao 1.0.0,32,ok
178691,per178691_1911_09922,4,0,0,,,triagem/nome-caixa-conversao 1.0.0,32,ok
178691,per178691_1911_09922,5,1,1,caixade conver,14370,triagem/nome-caixa-conversao 1.0.0,32,ok
178691,per178691_1911_09922,6,0,0,,,triagem/nome-caixa-conversao 1.0.0,32,ok
178691,per178691_1911_09922,7,0,0,,,triagem/nome-caixa-conversao 1.0.0,32,ok
178691,per178691_1911_09922,8,1,1,caixa de conver,43510,triagem/nome-caixa-conversao 1.0.0,32,ok
178691,per178691_1911_09922,9,0,0,,,triagem/nome-caixa-conversao 1.0.0,32,ok
178691,per178691_1911_09922,10,0,0,,,triagem/nome-caixa-conversao 1.0.0,32,ok
178691,per178691_1911_09922,11,0,0,,,triagem/nome-caixa-conversao 1.0.0,32,ok
178691,per178691_1911_09922,12,0,0,,,triagem/nome-caixa-conversao 1.0.0,32,ok
178691,per178691_1911_09922,13,0,0,,,triagem/nome-caixa-conversao 1.0.0,32,ok
178691,per178691_1911_09922,14,0,0,,,triagem/nome-caixa-conversao 1.0.0,32,ok
178691,per178691_1911_09922,15,0,0,,,triagem/nome-caixa-conversao 1.0.0,32,ok
178691,per178691_1911_09922,16,0,0,,,triagem/nome-caixa-conversao 1.0.0,32,ok
178691,per178691_1911_09923,1,0,0,,,triagem/nome-caixa-conversao 1.0.0,32,ok
178691,per178691_1911_09923,2,0,0,,,triagem/nome-caixa-conversao 1.0.0,32,ok
178691,per178691_1911_09923,3,0,0,,,triagem/nome-caixa-conversao 1.0.0,32,ok
178691,per178691_1911_09923,4,0,0,,,triagem/nome-caixa-conversao 1.0.0,32,ok
178691,per178691_1911_09923,5,0,0,,,triagem/nome-caixa-conversao 1.0.0,32,ok
178691,per178691_1911_09923,6,0,0,,,triagem/nome-caixa-conversao 1.0.0,32,ok
178691,per178691_1911_09923,7,0,0,,,triagem/nome-caixa-conversao 1.0.0,32,ok
178691,per178691_1911_09923,8,0,0,,,triagem/nome-caixa-conversao 1.0.0,32,ok
178691,per178691_1911_09923,9,0,0,,,triagem/nome-caixa-conversao 1.0.0,32,ok
178691,per178691_1911_09923,10,0,0,,,triagem/nome-caixa-conversao 1.0.0,32,ok
178691,per178691_1911_09923,11,0,0,,,triagem/nome-caixa-conversao 1.0.0,32,ok
178691,per178691_1911_09923,12,0,0,,,triagem/nome-caixa-conversao 1.0.0,32,ok
178691,per178691_1911_09923,13,0,0,,,triagem/nome-caixa-conversao 1.0.0,32,ok
178691,per178691_1911_09923,14,0,0,,,triagem/nome-caixa-conversao 1.0.0,32,ok
178691,per178691_1911_09923,15,0,0,,,triagem/nome-caixa-conversao 1.0.0,32,ok
178691,per178691_1911_09923,16,0,0,,,triagem/nome-caixa-conversao 1.0.0,32,ok
178691,per178691_1911_09924,1,0,0,,,triagem/nome-caixa-conversao 1.0.0,32,ok
178691,per178691_1911_09924,2,0,0,,,triagem/nome-caixa-conversao 1.0.0,32,ok
178691,per178691_1911_09924,3,0,0,,,triagem/nome-caixa-conversao 1.0.0,32,ok
178691,per178691_1911_09924,4,0,0,,,triagem/nome-caixa-conversao 1.0.0,32,ok
178691,per178691_1911_09924,5,0,0,,,triagem/nome-caixa-conversao 1.0.0,32,ok
178691,per178691_1911_09924,6,0,0,,,triagem/nome-caixa-conversao 1.0.0,32,ok
178691,per178691_1911_09924,7,0,0,,,triagem/nome-caixa-conversao 1.0.0,32,ok
178691,per178691_1911_09924,8,0,0,,,triagem/nome-caixa-conversao 1.0.0,32,ok
178691,per178691_1911_09924,9,0,0,,,triagem/nome-caixa-conversao 1.0.0,32,ok
178691,per178691_1911_09924,10,1,1,caixade conver,17984,triagem/nome-caixa-conversao 1.0.0,32,ok
178691,per178691_1911_09924,11,0,0,,,triagem/nome-caixa-conversao 1.0.0,32,ok
178691,per178691_1911_09924,12,0,0,,,triagem/nome-caixa-conversao 1.0.0,32,ok
178691,per178691_1911_09924,13,0,0,,,triagem/nome-caixa-conversao 1.0.0,32,ok
178691,per178691_1911_09924,14,0,0,,,triagem/nome-caixa-conversao 1.0.0,32,ok
178691,per178691_1911_09924,15,0,0,,,triagem/nome-caixa-conversao 1.0.0,32,ok
178691,per178691_1911_09924,16,0,0,,,triagem/nome-caixa-conversao 1.0.0,32,ok
178691,per178691_1911_09925,1,0,0,,,triagem/nome-caixa-conversao 1.0.0,32,ok
178691,per178691_1911_09925,2,0,0,,,triagem/nome-caixa-conversao 1.0.0,32,ok
178691,per178691_1911_09925,3,0,0,,,triagem/nome-caixa-conversao 1.0.0,32,ok
178691,per178691_1911_09925,4,0,0,,,triagem/nome-caixa-conversao 1.0.0,32,ok
178691,per178691_1911_09925,5,0,0,,,triagem/nome-caixa-conversao 1.0.0,32,ok
178691,per178691_1911_09925,6,0,0,,,triagem/nome-caixa-conversao 1.0.0,32,ok
178691,per178691_1911_09925,7,0,0,,,triagem/nome-caixa-conversao 1.0.0,32,ok
178691,per178691_1911_09925,8,0,0,,,triagem/nome-caixa-conversao 1.0.0,32,ok
178691,per178691_1911_09925,9,0,0,,,triagem/nome-caixa-conversao 1.0.0,32,ok
178691,per178691_1911_09925,10,0,0,,,triagem/nome-caixa-conversao 1.0.0,32,ok
178691,per178691_1911_09925,11,0,0,,,triagem/nome-caixa-conversao 1.0.0,32,ok
178691,per178691_1911_09925,12,0,0,,,triagem/nome-caixa-conversao 1.0.0,32,ok
178691,per178691_1911_09926,1,0,0,,,triagem/nome-caixa-conversao 1.0.0,32,ok
178691,per178691_1911_09926,2,0,0,,,triagem/nome-caixa-conversao 1.0.0,32,ok
178691,per178691_1911_09926,3,0,0,,,triagem/nome-caixa-conversao 1.0.0,32,ok
178691,per178691_1911_09926,4,1,1,caixa deconver,12137,triagem/nome-caixa-conversao 1.0.0,32,ok
178691,per178691_1911_09926,5,0,0,,,triagem/nome-caixa-conversao 1.0.0,32,ok
178691,per178691_1911_09926,6,0,0,,,triagem/nome-caixa-conversao 1.0.0,32,ok
178691,per178691_1911_09926,7,0,0,,,triagem/nome-caixa-conversao 1.0.0,32,ok
178691,per178691_1911_09926,8,1,1,caixa de conver,5139,triagem/nome-caixa-conversao 1.0.0,32,ok
178691,per178691_1911_09926,9,0,0,,,triagem/nome-caixa-conversao 1.0.0,32,ok
178691,per178691_1911_09926,10,0,0,,,triagem/nome-caixa-conversao 1.0.0,32,ok
178691,per178691_1911_09926,11,0,0,,,triagem/nome-caixa-conversao 1.0.0,32,ok
178691,per178691_1911_09926,12,0,0,,,triagem/nome-caixa-conversao 1.0.0,32,ok
178691,per178691_1911_09926,13,0,0,,,triagem/nome-caixa-conversao 1.0.0,32,ok
178691,per178691_1911_09926,14,0,0,,,triagem/nome-caixa-conversao 1.0.0,32,ok
178691,per178691_1911_09926,15,0,0,,,triagem/nome-caixa-conversao 1.0.0,32,ok
178691,per178691_1911_09926,16,0,0,,,triagem/nome-caixa-conversao 1.0.0,32,ok
178691,per178691_1911_09927,1,0,0,,,triagem/nome-caixa-conversao 1.0.0,32,ok
178691,per178691_1911_09927,2,0,0,,,triagem/nome-caixa-conversao 1.0.0,32,ok
178691,per178691_1911_09927,3,0,0,,,triagem/nome-caixa-conversao 1.0.0,32,ok
178691,per178691_1911_09927,4,0,0,,,triagem/nome-caixa-conversao 1.0.0,32,ok
178691,per178691_1911_09927,5,0,0,,,triagem/nome-caixa-conversao 1.0.0,32,ok
178691,per178691_1911_09927,6,0,0,,,triagem/nome-caixa-conversao 1.0.0,32,ok
178691,per178691_1911_09927,7,1,1,caixa deconver,2511,triagem/nome-caixa-conversao 1.0.0,32,ok
178691,per178691_1911_09927,8,0,0,,,triagem/nome-caixa-conversao 1.0.0,32,ok
178691,per178691_1911_09927,9,0,0,,,triagem/nome-caixa-conversao 1.0.0,32,ok
178691,per178691_1911_09927,10,0,0,,,triagem/nome-caixa-conversao 1.0.0,32,ok
178691,per178691_1911_09927,11,0,0,,,triagem/nome-caixa-conversao 1.0.0,32,ok
178691,per178691_1911_09927,12,0,0,,,triagem/nome-caixa-conversao 1.0.0,32,ok
178691,per178691_1911_09928,1,0,0,,,triagem/nome-caixa-conversao 1.0.0,32,ok
178691,per178691_1911_09928,2,0,0,,,triagem/nome-caixa-conversao 1.0.0,32,ok
178691,per178691_1911_09928,3,0,0,,,triagem/nome-caixa-conversao 1.0.0,32,ok
178691,per178691_1911_09928,4,0,0,,,triagem/nome-caixa-conversao 1.0.0,32,ok
178691,per178691_1911_09928,5,0,0,,,triagem/nome-caixa-conversao 1.0.0,32,ok
178691,per178691_1911_09928,6,0,0,,,triagem/nome-caixa-conversao 1.0.0,32,ok
178691,per178691_1911_09928,7,0,0,,,triagem/nome-caixa-conversao 1.0.0,32,ok
178691,per178691_1911_09928,8,0,0,,,triagem/nome-caixa-conversao 1.0.0,32,ok
178691,per178691_1911_09928,9,0,0,,,triagem/nome-caixa-conversao 1.0.0,32,ok
178691,per178691_1911_09928,10,0,0,,,triagem/nome-caixa-conversao 1.0.0,32,ok
178691,per178691_1911_09928,11,0,0,,,triagem/nome-caixa-conversao 1.0.0,32,ok
178691,per178691_1911_09928,12,1,1,caixa dk conver,13389,triagem/nome-caixa-conversao 1.0.0,32,ok
178691,per178691_1911_09928,13,0,0,,,triagem/nome-caixa-conversao 1.0.0,32,ok
178691,per178691_1911_09928,14,0,0,,,triagem/nome-caixa-conversao 1.0.0,32,ok
178691,per178691_1911_09928,15,0,0,,,triagem/nome-caixa-conversao 1.0.0,32,ok
178691,per178691_1911_09928,16,0,0,,,triagem/nome-caixa-conversao 1.0.0,32,ok
178691,per178691_1911_09929,1,0,0,,,triagem/nome-caixa-conversao 1.0.0,32,ok
178691,per178691_1911_09929,2,0,0,,,triagem/nome-caixa-conversao 1.0.0,32,ok
178691,per178691_1911_09929,3,0,0,,,triagem/nome-caixa-conversao 1.0.0,32,ok
178691,per178691_1911_09929,4,0,0,,,triagem/nome-caixa-conversao 1.0.0,32,ok
178691,per178691_1911_09929,5,0,0,,,triagem/nome-caixa-conversao 1.0.0,32,ok
178691,per178691_1911_09929,6,1,1,caixa de conver,5504,triagem/nome-caixa-conversao 1.0.0,32,ok
178691,per178691_1911_09929,7,0,0,,,triagem/nome-caixa-conversao 1.0.0,32,ok
178691,per178691_1911_09929,8,0,0,,,triagem/nome-caixa-conversao 1.0.0,32,ok
178691,per178691_1911_09929,9,1,1,caixa de conver,16042,triagem/nome-caixa-conversao 1.0.0,32,ok
178691,per178691_1911_09929,10,0,0,,,triagem/nome-caixa-conversao 1.0.0,32,ok
178691,per178691_1911_09929,11,0,0,,,triagem/nome-caixa-conversao 1.0.0,32,ok
178691,per178691_1911_09929,12,0,0,,,triagem/nome-caixa-conversao 1.0.0,32,ok
178691,per178691_1911_09930,1,0,0,,,triagem/nome-caixa-conversao 1.0.0,32,ok
178691,per178691_1911_09930,2,0,0,,,triagem/nome-caixa-conversao 1.0.0,32,ok
178691,per178691_1911_09930,3,0,0,,,triagem/nome-caixa-conversao 1.0.0,32,ok
178691,per178691_1911_09930,4,0,0,,,triagem/nome-caixa-conversao 1.0.0,32,ok
178691,per178691_1911_09930,5,0,0,,,triagem/nome-caixa-conversao 1.0.0,32,ok
178691,per178691_1911_09930,6,1,1,caixa de conver,43079,triagem/nome-caixa-conversao 1.0.0,32,ok
178691,per178691_1911_09930,7,0,0,,,triagem/nome-caixa-conversao 1.0.0,32,ok
178691,per178691_1911_09930,8,0,0,,,triagem/nome-caixa-conversao 1.0.0,32,ok
178691,per178691_1911_09930,9,0,0,,,triagem/nome-caixa-conversao 1.0.0,32,ok
178691,per178691_1911_09930,10,0,0,,,triagem/nome-caixa-conversao 1.0.0,32,ok
178691,per178691_1911_09930,11,0,0,,,triagem/nome-caixa-conversao 1.0.0,32,ok
178691,per178691_1911_09930,12,0,0,,,triagem/nome-caixa-conversao 1.0.0,32,ok
178691,per178691_1911_09930,13,0,0,,,triagem/nome-caixa-conversao 1.0.0,32,ok
178691,per178691_1911_09930,14,0,0,,,triagem/nome-caixa-conversao 1.0.0,32,ok
178691,per178691_1911_09930,15,0,0,,,triagem/nome-caixa-conversao 1.0.0,32,ok
178691,per178691_1911_09930,16,0,0,,,triagem/nome-caixa-conversao 1.0.0,32,ok
178691,per178691_1911_09931,1,0,0,,,triagem/nome-caixa-conversao 1.0.0,32,ok
178691,per178691_1911_09931,2,0,0,,,triagem/nome-caixa-conversao 1.0.0,32,ok
178691,per178691_1911_09931,3,0,0,,,triagem/nome-caixa-conversao 1.0.0,32,ok
178691,per178691_1911_09931,4,0,0,,,triagem/nome-caixa-conversao 1.0.0,32,ok
178691,per178691_1911_09931,5,0,0,,,triagem/nome-caixa-conversao 1.0.0,32,ok
178691,per178691_1911_09931,6,0,0,,,triagem/nome-caixa-conversao 1.0.0,32,ok
178691,per178691_1911_09931,7,0,0,,,triagem/nome-caixa-conversao 1.0.0,32,ok
178691,per178691_1911_09931,8,0,0,,,triagem/nome-caixa-conversao 1.0.0,32,ok
178691,per178691_1911_09931,9,0,0,,,triagem/nome-caixa-conversao 1.0.0,32,ok
178691,per178691_1911_09931,10,0,0,,,triagem/nome-caixa-conversao 1.0.0,32,ok
178691,per178691_1911_09931,11,1,1,caixa de conver,13677,triagem/nome-caixa-conversao 1.0.0,32,ok
178691,per178691_1911_09931,12,0,0,,,triagem/nome-caixa-conversao 1.0.0,32,ok
178691,per178691_1911_09931,13,0,0,,,triagem/nome-caixa-conversao 1.0.0,32,ok
178691,per178691_1911_09931,14,0,0,,,triagem/nome-caixa-conversao 1.0.0,32,ok
178691,per178691_1911_09931,15,0,0,,,triagem/nome-caixa-conversao 1.0.0,32,ok
178691,per178691_1911_09931,16,0,0,,,triagem/nome-caixa-conversao 1.0.0,32,ok
178691,per178691_1911_09932,1,0,0,,,triagem/nome-caixa-conversao 1.0.0,32,ok
178691,per178691_1911_09932,2,0,0,,,triagem/nome-caixa-conversao 1.0.0,32,ok
178691,per178691_1911_09932,3,0,0,,,triagem/nome-caixa-conversao 1.0.0,32,ok
178691,per178691_1911_09932,4,0,0,,,triagem/nome-caixa-conversao 1.0.0,32,ok
178691,per178691_1911_09932,5,0,0,,,triagem/nome-caixa-conversao 1.0.0,32,ok
178691,per178691_1911_09932,6,0,0,,,triagem/nome-caixa-conversao 1.0.0,32,ok
178691,per178691_1911_09932,7,1,1,caixa de conver,11287,triagem/nome-caixa-conversao 1.0.0,32,ok
178691,per178691_1911_09932,8,0,0,,,triagem/nome-caixa-conversao 1.0.0,32,ok
178691,per178691_1911_09932,9,0,0,,,triagem/nome-caixa-conversao 1.0.0,32,ok
178691,per178691_1911_09932,10,0,0,,,triagem/nome-caixa-conversao 1.0.0,32,ok
178691,per178691_1911_09932,11,0,0,,,triagem/nome-caixa-conversao 1.0.0,32,ok
178691,per178691_1911_09932,12,0,0,,,triagem/nome-caixa-conversao 1.0.0,32,ok
178691,per178691_1911_09932,13,0,0,,,triagem/nome-caixa-conversao 1.0.0,32,ok
178691,per178691_1911_09932,14,0,0,,,triagem/nome-caixa-conversao 1.0.0,32,ok
178691,per178691_1911_09932,15,0,0,,,triagem/nome-caixa-conversao 1.0.0,32,ok
178691,per178691_1911_09932,16,0,0,,,triagem/nome-caixa-conversao 1.0.0,32,ok
178691,per178691_1911_09933,1,0,0,,,triagem/nome-caixa-conversao 1.0.0,32,ok
178691,per178691_1911_09933,2,0,0,,,triagem/nome-caixa-conversao 1.0.0,32,ok
178691,per178691_1911_09933,3,0,0,,,triagem/nome-caixa-conversao 1.0.0,32,ok
178691,per178691_1911_09933,4,0,0,,,triagem/nome-caixa-conversao 1.0.0,32,ok
178691,per178691_1911_09933,5,0,0,,,triagem/nome-caixa-conversao 1.0.0,32,ok
178691,per178691_1911_09933,6,0,0,,,triagem/nome-caixa-conversao 1.0.0,32,ok
178691,per178691_1911_09933,7,0,0,,,triagem/nome-caixa-conversao 1.0.0,32,ok
178691,per178691_1911_09933,8,0,0,,,triagem/nome-caixa-conversao 1.0.0,32,ok
178691,per178691_1911_09933,9,0,0,,,triagem/nome-caixa-conversao 1.0.0,32,ok
178691,per178691_1911_09933,10,0,0,,,triagem/nome-caixa-conversao 1.0.0,32,ok
178691,per178691_1911_09933,11,0,0,,,triagem/nome-caixa-conversao 1.0.0,32,ok
178691,per178691_1911_09933,12,0,0,,,triagem/nome-caixa-conversao 1.0.0,32,ok
178691,per178691_1911_09933,13,0,0,,,triagem/nome-caixa-conversao 1.0.0,32,ok
178691,per178691_1911_09933,14,0,0,,,triagem/nome-caixa-conversao 1.0.0,32,ok
178691,per178691_1911_09933,15,0,0,,,triagem/nome-caixa-conversao 1.0.0,32,ok
178691,per178691_1911_09933,16,0,0,,,triagem/nome-caixa-conversao 1.0.0,32,ok
178691,per178691_1911_09934,1,0,0,,,triagem/nome-caixa-conversao 1.0.0,32,ok
178691,per178691_1911_09934,2,0,0,,,triagem/nome-caixa-conversao 1.0.0,32,ok
178691,per178691_1911_09934,3,0,0,,,triagem/nome-caixa-conversao 1.0.0,32,ok
178691,per178691_1911_09934,4,0,0,,,triagem/nome-caixa-conversao 1.0.0,32,ok
178691,per178691_1911_09934,5,1,1,caixa de conver,34676,triagem/nome-caixa-conversao 1.0.0,32,ok
178691,per178691_1911_09934,6,0,0,,,triagem/nome-caixa-conversao 1.0.0,32,ok
178691,per178691_1911_09934,7,0,0,,,triagem/nome-caixa-conversao 1.0.0,32,ok
178691,per178691_1911_09934,8,0,0,,,triagem/nome-caixa-conversao 1.0.0,32,ok
178691,per178691_1911_09934,9,0,0,,,triagem/nome-caixa-conversao 1.0.0,32,ok
178691,per178691_1911_09934,10,0,0,,,triagem/nome-caixa-conversao 1.0.0,32,ok
178691,per178691_1911_09934,11,0,0,,,triagem/nome-caixa-conversao 1.0.0,32,ok
178691,per178691_1911_09934,12,0,0,,,triagem/nome-caixa-conversao 1.0.0,32,ok
178691,per178691_1911_09935,1,0,0,,,triagem/nome-caixa-conversao 1.0.0,32,ok
178691,per178691_1911_09935,2,0,0,,,triagem/nome-caixa-conversao 1.0.0,32,ok
178691,per178691_1911_09935,3,0,0,,,triagem/nome-caixa-conversao 1.0.0,32,ok
178691,per178691_1911_09935,4,0,0,,,triagem/nome-caixa-conversao 1.0.0,32,ok
178691,per178691_1911_09935,5,0,0,,,triagem/nome-caixa-conversao 1.0.0,32,ok
178691,per178691_1911_09935,6,0,0,,,triagem/nome-caixa-conversao 1.0.0,32,ok
178691,per178691_1911_09935,7,0,0,,,triagem/nome-caixa-conversao 1.0.0,32,ok
178691,per178691_1911_09935,8,0,0,,,triagem/nome-caixa-conversao 1.0.0,32,ok
178691,per178691_1911_09935,9,0,0,,,triagem/nome-caixa-conversao 1.0.0,32,ok
178691,per178691_1911_09935,10,1,1,caixa deconver,39966,triagem/nome-caixa-conversao 1.0.0,32,ok
178691,per178691_1911_09935,11,0,0,,,triagem/nome-caixa-conversao 1.0.0,32,ok
178691,per178691_1911_09935,12,0,0,,,triagem/nome-caixa-conversao 1.0.0,32,ok
178691,per178691_1911_09935,13,0,0,,,triagem/nome-caixa-conversao 1.0.0,32,ok
178691,per178691_1911_09935,14,0,0,,,triagem/nome-caixa-conversao 1.0.0,32,ok
178691,per178691_1911_09935,15,0,0,,,triagem/nome-caixa-conversao 1.0.0,32,ok
178691,per178691_1911_09935,16,0,0,,,triagem/nome-caixa-conversao 1.0.0,32,ok
178691,per178691_1911_09936,1,0,0,,,triagem/nome-caixa-conversao 1.0.0,32,ok
178691,per178691_1911_09936,2,0,0,,,triagem/nome-caixa-conversao 1.0.0,32,ok
178691,per178691_1911_09936,3,0,0,,,triagem/nome-caixa-conversao 1.0.0,32,ok
178691,per178691_1911_09936,4,0,0,,,triagem/nome-caixa-conversao 1.0.0,32,ok
178691,per178691_1911_09936,5,0,0,,,triagem/nome-caixa-conversao 1.0.0,32,ok
178691,per178691_1911_09936,6,1,1,caixa de conver,20014,triagem/nome-caixa-conversao 1.0.0,32,ok
178691,per178691_1911_09936,7,0,0,,,triagem/nome-caixa-conversao 1.0.0,32,ok
178691,per178691_1911_09936,8,0,0,,,triagem/nome-caixa-conversao 1.0.0,32,ok
178691,per178691_1911_09936,9,0,0,,,triagem/nome-caixa-conversao 1.0.0,32,ok
178691,per178691_1911_09936,10,0,0,,,triagem/nome-caixa-conversao 1.0.0,32,ok
178691,per178691_1911_09936,11,0,0,,,triagem/nome-caixa-conversao 1.0.0,32,ok
178691,per178691_1911_09936,12,0,0,,,triagem/nome-caixa-conversao 1.0.0,32,ok
178691,per178691_1911_09936,13,0,0,,,triagem/nome-caixa-conversao 1.0.0,32,ok
178691,per178691_1911_09936,14,0,0,,,triagem/nome-caixa-conversao 1.0.0,32,ok
178691,per178691_1911_09936,15,0,0,,,triagem/nome-caixa-conversao 1.0.0,32,ok
178691,per178691_1911_09936,16,0,0,,,triagem/nome-caixa-conversao 1.0.0,32,ok
178691,per178691_1911_09937,1,0,0,,,triagem/nome-caixa-conversao 1.0.0,32,ok
178691,per178691_1911_09937,2,1,1,caixa de conver,32639,triagem/nome-caixa-conversao 1.0.0,32,ok
178691,per178691_1911_09937,3,0,0,,,triagem/nome-caixa-conversao 1.0.0,32,ok
178691,per178691_1911_09937,4,0,0,,,triagem/nome-caixa-conversao 1.0.0,32,ok
178691,per178691_1911_09937,5,1,3,caixa de conver,20532,triagem/nome-caixa-conversao 1.0.0,32,ok
178691,per178691_1911_09937,6,0,0,,,triagem/nome-caixa-conversao 1.0.0,32,ok
178691,per178691_1911_09937,7,0,0,,,triagem/nome-caixa-conversao 1.0.0,32,ok
178691,per178691_1911_09937,8,0,0,,,triagem/nome-caixa-conversao 1.0.0,32,ok
178691,per178691_1911_09937,9,0,0,,,triagem/nome-caixa-conversao 1.0.0,32,ok
178691,per178691_1911_09937,10,0,0,,,triagem/nome-caixa-conversao 1.0.0,32,ok
178691,per178691_1911_09937,11,1,1,caixa de conver,8746,triagem/nome-caixa-conversao 1.0.0,32,ok
178691,per178691_1911_09937,12,0,0,,,triagem/nome-caixa-conversao 1.0.0,32,ok
178691,per178691_1911_09937,13,0,0,,,triagem/nome-caixa-conversao 1.0.0,32,ok
178691,per178691_1911_09937,14,0,0,,,triagem/nome-caixa-conversao 1.0.0,32,ok
178691,per178691_1911_09937,15,0,0,,,triagem/nome-caixa-conversao 1.0.0,32,ok
178691,per178691_1911_09937,16,0,0,,,triagem/nome-caixa-conversao 1.0.0,32,ok
178691,per178691_1911_09938,1,0,0,,,triagem/nome-caixa-conversao 1.0.0,32,ok
178691,per178691_1911_09938,2,0,0,,,triagem/nome-caixa-conversao 1.0.0,32,ok
178691,per178691_1911_09938,3,0,0,,,triagem/nome-caixa-conversao 1.0.0,32,ok
178691,per178691_1911_09938,4,0,0,,,triagem/nome-caixa-conversao 1.0.0,32,ok
178691,per178691_1911_09938,5,0,0,,,triagem/nome-caixa-conversao 1.0.0,32,ok
178691,per178691_1911_09938,6,0,0,,,triagem/nome-caixa-conversao 1.0.0,32,ok
178691,per178691_1911_09938,7,0,0,,,triagem/nome-caixa-conversao 1.0.0,32,ok
178691,per178691_1911_09938,8,0,0,,,triagem/nome-caixa-conversao 1.0.0,32,ok
178691,per178691_1911_09938,9,0,0,,,triagem/nome-caixa-conversao 1.0.0,32,ok
178691,per178691_1911_09938,10,0,0,,,triagem/nome-caixa-conversao 1.0.0,32,ok
178691,per178691_1911_09938,11,0,0,,,triagem/nome-caixa-conversao 1.0.0,32,ok
178691,per178691_1911_09938,12,0,0,,,triagem/nome-caixa-conversao 1.0.0,32,ok
178691,per178691_1911_09938,13,0,0,,,triagem/nome-caixa-conversao 1.0.0,32,ok
178691,per178691_1911_09938,14,0,0,,,triagem/nome-caixa-conversao 1.0.0,32,ok
178691,per178691_1911_09938,15,0,0,,,triagem/nome-caixa-conversao 1.0.0,32,ok
178691,per178691_1911_09938,16,0,0,,,triagem/nome-caixa-conversao 1.0.0,32,ok
178691,per178691_1911_09939,1,0,0,,,triagem/nome-caixa-conversao 1.0.0,32,ok
178691,per178691_1911_09939,2,0,0,,,triagem/nome-caixa-conversao 1.0.0,32,ok
178691,per178691_1911_09939,3,0,0,,,triagem/nome-caixa-conversao 1.0.0,32,ok
178691,per178691_1911_09939,4,0,0,,,triagem/nome-caixa-conversao 1.0.0,32,ok
178691,per178691_1911_09939,5,0,0,,,triagem/nome-caixa-conversao 1.0.0,32,ok
178691,per178691_1911_09939,6,0,0,,,triagem/nome-caixa-conversao 1.0.0,32,ok
178691,per178691_1911_09939,7,0,0,,,triagem/nome-caixa-conversao 1.0.0,32,ok
178691,per178691_1911_09939,8,0,0,,,triagem/nome-caixa-conversao 1.0.0,32,ok
178691,per178691_1911_09939,9,0,0,,,triagem/nome-caixa-conversao 1.0.0,32,ok
178691,per178691_1911_09939,10,0,0,,,triagem/nome-caixa-conversao 1.0.0,32,ok
178691,per178691_1911_09939,11,1,1,caixa de conver,3925,triagem/nome-caixa-conversao 1.0.0,32,ok
178691,per178691_1911_09939,12,0,0,,,triagem/nome-caixa-conversao 1.0.0,32,ok
178691,per178691_1911_09939,13,0,0,,,triagem/nome-caixa-conversao 1.0.0,32,ok
178691,per178691_1911_09939,14,0,0,,,triagem/nome-caixa-conversao 1.0.0,32,ok
178691,per178691_1911_09939,15,0,0,,,triagem/nome-caixa-conversao 1.0.0,32,ok
178691,per178691_1911_09939,16,0,0,,,triagem/nome-caixa-conversao 1.0.0,32,ok
178691,per178691_1911_09940,1,0,0,,,triagem/nome-caixa-conversao 1.0.0,32,ok
178691,per178691_1911_09940,2,0,0,,,triagem/nome-caixa-conversao 1.0.0,32,ok
178691,per178691_1911_09940,3,0,0,,,triagem/nome-caixa-conversao 1.0.0,32,ok
178691,per178691_1911_09940,4,0,0,,,triagem/nome-caixa-conversao 1.0.0,32,ok
178691,per178691_1911_09940,5,0,0,,,triagem/nome-caixa-conversao 1.0.0,32,ok
178691,per178691_1911_09940,6,0,0,,,triagem/nome-caixa-conversao 1.0.0,32,ok
178691,per178691_1911_09940,7,0,0,,,triagem/nome-caixa-conversao 1.0.0,32,ok
178691,per178691_1911_09940,8,0,0,,,triagem/nome-caixa-conversao 1.0.0,32,ok
178691,per178691_1911_09940,9,0,0,,,triagem/nome-caixa-conversao 1.0.0,32,ok
178691,per178691_1911_09940,10,0,0,,,triagem/nome-caixa-conversao 1.0.0,32,ok
178691,per178691_1911_09940,11,0,0,,,triagem/nome-caixa-conversao 1.0.0,32,ok
178691,per178691_1911_09940,12,0,0,,,triagem/nome-caixa-conversao 1.0.0,32,ok
178691,per178691_1911_09940,13,0,0,,,triagem/nome-caixa-conversao 1.0.0,32,ok
178691,per178691_1911_09940,14,0,0,,,triagem/nome-caixa-conversao 1.0.0,32,ok
178691,per178691_1911_09940,15,0,0,,,triagem/nome-caixa-conversao 1.0.0,32,ok
178691,per178691_1911_09940,16,0,0,,,triagem/nome-caixa-conversao 1.0.0,32,ok
178691,per178691_1911_09941,1,0,0,,,triagem/nome-caixa-conversao 1.0.0,32,ok
178691,per178691_1911_09941,2,0,0,,,triagem/nome-caixa-conversao 1.0.0,32,ok
178691,per178691_1911_09941,3,0,0,,,triagem/nome-caixa-conversao 1.0.0,32,ok
178691,per178691_1911_09941,4,0,0,,,triagem/nome-caixa-conversao 1.0.0,32,ok
178691,per178691_1911_09941,5,0,0,,,triagem/nome-caixa-conversao 1.0.0,32,ok
178691,per178691_1911_09941,6,0,0,,,triagem/nome-caixa-conversao 1.0.0,32,ok
178691,per178691_1911_09941,7,0,0,,,triagem/nome-caixa-conversao 1.0.0,32,ok
178691,per178691_1911_09941,8,0,0,,,triagem/nome-caixa-conversao 1.0.0,32,ok
178691,per178691_1911_09941,9,1,1,caixa de conver,36260,triagem/nome-caixa-conversao 1.0.0,32,ok
178691,per178691_1911_09941,10,0,0,,,triagem/nome-caixa-conversao 1.0.0,32,ok
178691,per178691_1911_09941,11,0,0,,,triagem/nome-caixa-conversao 1.0.0,32,ok
178691,per178691_1911_09941,12,0,0,,,triagem/nome-caixa-conversao 1.0.0,32,ok
178691,per178691_1911_09941,13,0,0,,,triagem/nome-caixa-conversao 1.0.0,32,ok
178691,per178691_1911_09941,14,0,0,,,triagem/nome-caixa-conversao 1.0.0,32,ok
178691,per178691_1911_09941,15,0,0,,,triagem/nome-caixa-conversao 1.0.0,32,ok
178691,per178691_1911_09941,16,0,0,,,triagem/nome-caixa-conversao 1.0.0,32,ok
178691,per178691_1911_09942,1,0,0,,,triagem/nome-caixa-conversao 1.0.0,32,ok
178691,per178691_1911_09942,2,0,0,,,triagem/nome-caixa-conversao 1.0.0,32,ok
178691,per178691_1911_09942,3,0,0,,,triagem/nome-caixa-conversao 1.0.0,32,ok
178691,per178691_1911_09942,4,0,0,,,triagem/nome-caixa-conversao 1.0.0,32,ok
178691,per178691_1911_09942,5,0,0,,,triagem/nome-caixa-conversao 1.0.0,32,ok
178691,per178691_1911_09942,6,0,0,,,triagem/nome-caixa-conversao 1.0.0,32,ok
178691,per178691_1911_09942,7,0,0,,,triagem/nome-caixa-conversao 1.0.0,32,ok
178691,per178691_1911_09942,8,0,0,,,triagem/nome-caixa-conversao 1.0.0,32,ok
178691,per178691_1911_09942,9,0,0,,,triagem/nome-caixa-conversao 1.0.0,32,ok
178691,per178691_1911_09942,10,0,0,,,triagem/nome-caixa-conversao 1.0.0,32,ok
178691,per178691_1911_09942,11,0,0,,,triagem/nome-caixa-conversao 1.0.0,32,ok
178691,per178691_1911_09942,12,0,0,,,triagem/nome-caixa-conversao 1.0.0,32,ok
178691,per178691_1911_09943,1,0,0,,,triagem/nome-caixa-conversao 1.0.0,32,ok
178691,per178691_1911_09943,2,0,0,,,triagem/nome-caixa-conversao 1.0.0,32,ok
178691,per178691_1911_09943,3,0,0,,,triagem/nome-caixa-conversao 1.0.0,32,ok
178691,per178691_1911_09943,4,0,0,,,triagem/nome-caixa-conversao 1.0.0,32,ok
178691,per178691_1911_09943,5,0,0,,,triagem/nome-caixa-conversao 1.0.0,32,ok
178691,per178691_1911_09943,6,0,0,,,triagem/nome-caixa-conversao 1.0.0,32,ok
178691,per178691_1911_09943,7,0,0,,,triagem/nome-caixa-conversao 1.0.0,32,ok
178691,per178691_1911_09943,8,0,0,,,triagem/nome-caixa-conversao 1.0.0,32,ok
178691,per178691_1911_09943,9,0,0,,,triagem/nome-caixa-conversao 1.0.0,32,ok
178691,per178691_1911_09943,10,0,0,,,triagem/nome-caixa-conversao 1.0.0,32,ok
178691,per178691_1911_09943,11,0,0,,,triagem/nome-caixa-conversao 1.0.0,32,ok
178691,per178691_1911_09943,12,0,0,,,triagem/nome-caixa-conversao 1.0.0,32,ok
178691,per178691_1911_09944,1,0,0,,,triagem/nome-caixa-conversao 1.0.0,32,ok
178691,per178691_1911_09944,2,0,0,,,triagem/nome-caixa-conversao 1.0.0,32,ok
178691,per178691_1911_09944,3,0,0,,,triagem/nome-caixa-conversao 1.0.0,32,ok
178691,per178691_1911_09944,4,0,0,,,triagem/nome-caixa-conversao 1.0.0,32,ok
178691,per178691_1911_09944,5,0,0,,,triagem/nome-caixa-conversao 1.0.0,32,ok
178691,per178691_1911_09944,6,0,0,,,triagem/nome-caixa-conversao 1.0.0,32,ok
178691,per178691_1911_09944,7,0,0,,,triagem/nome-caixa-conversao 1.0.0,32,ok
178691,per178691_1911_09944,8,0,0,,,triagem/nome-caixa-conversao 1.0.0,32,ok
178691,per178691_1911_09944,9,1,1,caixa de conver,5882,triagem/nome-caixa-conversao 1.0.0,32,ok
178691,per178691_1911_09944,10,0,0,,,triagem/nome-caixa-conversao 1.0.0,32,ok
178691,per178691_1911_09944,11,0,0,,,triagem/nome-caixa-conversao 1.0.0,32,ok
178691,per178691_1911_09944,12,0,0,,,triagem/nome-caixa-conversao 1.0.0,32,ok
178691,per178691_1911_09944,13,0,0,,,triagem/nome-caixa-conversao 1.0.0,32,ok
178691,per178691_1911_09944,14,1,1,caixa de conver,2146,triagem/nome-caixa-conversao 1.0.0,32,ok
178691,per178691_1911_09944,15,0,0,,,triagem/nome-caixa-conversao 1.0.0,32,ok
178691,per178691_1911_09944,16,0,0,,,triagem/nome-caixa-conversao 1.0.0,32,ok
178691,per178691_1911_09945,1,0,0,,,triagem/nome-caixa-conversao 1.0.0,32,ok
178691,per178691_1911_09945,2,0,0,,,triagem/nome-caixa-conversao 1.0.0,32,ok
178691,per178691_1911_09945,3,0,0,,,triagem/nome-caixa-conversao 1.0.0,32,ok
178691,per178691_1911_09945,4,0,0,,,triagem/nome-caixa-conversao 1.0.0,32,ok
178691,per178691_1911_09945,5,0,0,,,triagem/nome-caixa-conversao 1.0.0,32,ok
178691,per178691_1911_09945,6,1,1,caixa deconver,35506,triagem/nome-caixa-conversao 1.0.0,32,ok
178691,per178691_1911_09945,7,0,0,,,triagem/nome-caixa-conversao 1.0.0,32,ok
178691,per178691_1911_09945,8,0,0,,,triagem/nome-caixa-conversao 1.0.0,32,ok
178691,per178691_1911_09945,9,0,0,,,triagem/nome-caixa-conversao 1.0.0,32,ok
178691,per178691_1911_09945,10,0,0,,,triagem/nome-caixa-conversao 1.0.0,32,ok
178691,per178691_1911_09945,11,0,0,,,triagem/nome-caixa-conversao 1.0.0,32,ok
178691,per178691_1911_09945,12,0,0,,,triagem/nome-caixa-conversao 1.0.0,32,ok
178691,per178691_1911_09946,1,0,0,,,triagem/nome-caixa-conversao 1.0.0,32,ok
178691,per178691_1911_09946,2,0,0,,,triagem/nome-caixa-conversao 1.0.0,32,ok
178691,per178691_1911_09946,3,0,0,,,triagem/nome-caixa-conversao 1.0.0,32,ok
178691,per178691_1911_09946,4,0,0,,,triagem/nome-caixa-conversao 1.0.0,32,ok
178691,per178691_1911_09946,5,0,0,,,triagem/nome-caixa-conversao 1.0.0,32,ok
178691,per178691_1911_09946,6,1,1,caixa de conver,3574,triagem/nome-caixa-conversao 1.0.0,32,ok
178691,per178691_1911_09946,7,0,0,,,triagem/nome-caixa-conversao 1.0.0,32,ok
178691,per178691_1911_09946,8,0,0,,,triagem/nome-caixa-conversao 1.0.0,32,ok
178691,per178691_1911_09946,9,0,0,,,triagem/nome-caixa-conversao 1.0.0,32,ok
178691,per178691_1911_09946,10,0,0,,,triagem/nome-caixa-conversao 1.0.0,32,ok
178691,per178691_1911_09946,11,0,0,,,triagem/nome-caixa-conversao 1.0.0,32,ok
178691,per178691_1911_09946,12,0,0,,,triagem/nome-caixa-conversao 1.0.0,32,ok
178691,per178691_1911_09947,1,0,0,,,triagem/nome-caixa-conversao 1.0.0,32,ok
178691,per178691_1911_09947,2,0,0,,,triagem/nome-caixa-conversao 1.0.0,32,ok
178691,per178691_1911_09947,3,0,0,,,triagem/nome-caixa-conversao 1.0.0,32,ok
178691,per178691_1911_09947,4,0,0,,,triagem/nome-caixa-conversao 1.0.0,32,ok
178691,per178691_1911_09947,5,1,1,caixa do conver,14137,triagem/nome-caixa-conversao 1.0.0,32,ok
178691,per178691_1911_09947,6,0,0,,,triagem/nome-caixa-conversao 1.0.0,32,ok
178691,per178691_1911_09947,7,0,0,,,triagem/nome-caixa-conversao 1.0.0,32,ok
178691,per178691_1911_09947,8,0,0,,,triagem/nome-caixa-conversao 1.0.0,32,ok
178691,per178691_1911_09947,9,0,0,,,triagem/nome-caixa-conversao 1.0.0,32,ok
178691,per178691_1911_09947,10,0,0,,,triagem/nome-caixa-conversao 1.0.0,32,ok
178691,per178691_1911_09947,11,0,0,,,triagem/nome-caixa-conversao 1.0.0,32,ok
178691,per178691_1911_09947,12,0,0,,,triagem/nome-caixa-conversao 1.0.0,32,ok
178691,per178691_1911_09947,13,0,0,,,triagem/nome-caixa-conversao 1.0.0,32,ok
178691,per178691_1911_09947,14,0,0,,,triagem/nome-caixa-conversao 1.0.0,32,ok
178691,per178691_1911_09947,15,0,0,,,triagem/nome-caixa-conversao 1.0.0,32,ok
178691,per178691_1911_09947,16,0,0,,,triagem/nome-caixa-conversao 1.0.0,32,ok
