bib,source_identifier,page_number,hit,n_matches,primeiro_span_texto,primeiro_span_offset,regra_versao,extraction_run_id,result_status
089842,per089842_1909_02727,1,0,0,,,triagem/nome-caixa-conversao 1.0.0,5,ok
089842,per089842_1909_02727,2,0,0,,,triagem/nome-caixa-conversao 1.0.0,5,ok
089842,per089842_1909_02727,3,0,0,,,triagem/nome-caixa-conversao 1.0.0,5,ok
089842,per089842_1909_02727,4,0,0,,,triagem/nome-caixa-conversao 1.0.0,5,ok
089842,per089842_1909_02727,5,0,0,,,triagem/nome-caixa-conversao 1.0.0,5,ok
089842,per089842_1909_02727,6,0,0,,,triagem/nome-caixa-conversao 1.0.0,5,ok
089842,per089842_1909_02727,7,0,0,,,triagem/nome-caixa-conversao 1.0.0,5,ok
089842,per089842_1909_02727,8,0,0,,,triagem/nome-caixa-conversao 1.0.0,5,ok
089842,per089842_1909_02727,9,0,0,,,triagem/nome-caixa-conversao 1.0.0,5,ok
089842,per089842_1909_02727,10,0,0,,,triagem/nome-caixa-conversao 1.0.0,5,ok
089842,per089842_1909_02727,11,0,0,,,triagem/nome-caixa-conversao 1.0.0,5,ok
089842,per089842_1909_02727,12,0,0,,,triagem/nome-caixa-conversao 1.0.0,5,ok
089842,per089842_1909_02727,13,0,0,,,triagem/nome-caixa-conversao 1.0.0,5,ok
089842,per089842_1909_02727,14,0,0,,,triagem/nome-caixa-conversao 1.0.0,5,ok
089842,per089842_1909_02728,1,0,0,,,triagem/nome-caixa-conversao 1.0.0,5,ok
089842,per089842_1909_02728,2,0,0,,,triagem/nome-caixa-conversao 1.0.0,5,ok
089842,per089842_1909_02728,3,0,0,,,triagem/nome-caixa-conversao 1.0.0,5,ok
089842,per089842_1909_02728,4,0,0,,,triagem/nome-caixa-conversao 1.0.0,5,ok
089842,per089842_1909_02728,5,0,0,,,triagem/nome-caixa-conversao 1.0.0,5,ok
089842,per089842_1909_02728,6,0,0,,,triagem/nome-caixa-conversao 1.0.0,5,ok
089842,per089842_1909_02728,7,0,0,,,triagem/nome-caixa-conversao 1.0.0,5,ok
089842,per089842_1909_02728,8,0,0,,,triagem/nome-caixa-conversao 1.0.0,5,ok
089842,per089842_1909_02728,9,0,0,,,triagem/nome-caixa-conversao 1.0.0,5,ok
089842,per089842_1909_02728,10,0,0,,,triagem/nome-caixa-conversao 1.0.0,5,ok
089842,per089842_1909_02728,11,0,0,,,triagem/nome-caixa-conversao 1.0.0,5,ok
089842,per089842_1909_02728,12,0,0,,,triagem/nome-caixa-conversao 1.0.0,5,ok
089842,per089842_1909_02729,1,0,0,,,triagem/nome-caixa-conversao 1.0.0,5,ok
089842,per089842_1909_02729,2,0,0,,,triagem/nome-caixa-conversao 1.0.0,5,ok
089842,per089842_1909_02729,3,0,0,,,triagem/nome-caixa-conversao 1.0.0,5,ok
089842,per089842_1909_02729,4,0,0,,,triagem/nome-caixa-conversao 1.0.0,5,ok
089842,per089842_1909_02729,5,0,0,,,triagem/nome-caixa-conversao 1.0.0,5,ok
089842,per089842_1909_02729,6,0,0,,,triagem/nome-caixa-conversao 1.0.0,5,ok
089842,per089842_1909_02730,1,0,0,,,triagem/nome-caixa-conversao 1.0.0,5,ok
089842,per089842_1909_02730,2,0,0,,,triagem/nome-caixa-conversao 1.0.0,5,ok
089842,per089842_1909_02730,3,0,0,,,triagem/nome-caixa-conversao 1.0.0,5,ok
089842,per089842_1909_02730,4,0,0,,,triagem/nome-caixa-conversao 1.0.0,5,ok
089842,per089842_1909_02730,5,0,0,,,triagem/nome-caixa-conversao 1.0.0,5,ok
089842,per089842_1909_02730,6,0,0,,,triagem/nome-caixa-conversao 1.0.0,5,ok
089842,per089842_1909_02730,7,0,0,,,triagem/nome-caixa-conversao 1.0.0,5,ok
089842,per089842_1909_02730,8,0,0,,,triagem/nome-caixa-conversao 1.0.0,5,ok
089842,per089842_1909_02730,9,0,0,,,triagem/nome-caixa-conversao 1.0.0,5,ok
089842,per089842_1909_02730,10,0,0,,,triagem/nome-caixa-conversao 1.0.0,5,ok
089842,per089842_1909_02731,1,0,0,,,triagem/nome-caixa-conversao 1.0.0,5,ok
089842,per089842_1909_02731,2,0,0,,,triagem/nome-caixa-conversao 1.0.0,5,ok
089842,per089842_1909_02731,3,0,0,,,triagem/nome-caixa-conversao 1.0.0,5,ok
089842,per089842_1909_02731,4,0,0,,,triagem/nome-caixa-conversao 1.0.0,5,ok
089842,per089842_1909_02731,5,0,0,,,triagem/nome-caixa-conversao 1.0.0,5,ok
089842,per089842_1909_02731,6,0,0,,,triagem/nome-caixa-conversao 1.0.0,5,ok
089842,per089842_1909_02731,7,0,0,,,triagem/nome-caixa-conversao 1.0.0,5,ok
089842,per089842_1909_02731,8,0,0,,,triagem/nome-caixa-conversao 1.0.0,5,ok
089842,per089842_1909_02731,9,0,0,,,triagem/nome-caixa-conversao 1.0.0,5,ok
089842,per089842_1909_02731,10,0,0,,,triagem/nome-caixa-conversao 1.0.0,5,ok
089842,per089842_1909_02732,1,0,0,,,triagem/nome-caixa-conversao 1.0.0,5,ok
089842,per089842_1909_02732,2,0,0,,,triagem/nome-caixa-conversao 1.0.0,5,ok
089842,per089842_1909_02732,3,0,0,,,triagem/nome-caixa-conversao 1.0.0,5,ok
089842,per089842_1909_02732,4,0,0,,,triagem/nome-caixa-conversao 1.0.0,5,ok
089842,per089842_1909_02732,5,0,0,,,triagem/nome-caixa-conversao 1.0.0,5,ok
089842,per089842_1909_02732,6,0,0,,,triagem/nome-caixa-conversao 1.0.0,5,ok
089842,per089842_1909_02732,7,0,0,,,triagem/nome-caixa-conversao 1.0.0,5,ok
089842,per089842_1909_02732,8,0,0,,,triagem/nome-caixa-conversao 1.0.0,5,ok
089842,per089842_1909_02733,1,0,0,,,triagem/nome-caixa-conversao 1.0.0,5,ok
089842,per089842_1909_02733,2,0,0,,,triagem/nome-caixa-conversao 1.0.0,5,ok
089842,per089842_1909_02733,3,0,0,,,triagem/nome-caixa-conversao 1.0.0,5,ok
089842,per089842_1909_02733,4,0,0,,,triagem/nome-caixa-conversao 1.0.0,5,ok
089842,per089842_1909_02733,5,0,0,,,triagem/nome-caixa-conversao 1.0.0,5,ok
089842,per089842_1909_02733,6,0,0,,,triagem/nome-caixa-conversao 1.0.0,5,ok
089842,per089842_1909_02733,7,0,0,,,triagem/nome-caixa-conversao 1.0.0,5,ok
089842,per089842_1909_02733,8,0,0,,,triagem/nome-caixa-conversao 1.0.0,5,ok
089842,per089842_1909_02734,1,0,0,,,triagem/nome-caixa-conversao 1.0.0,5,ok
089842,per089842_1909_02734,2,1,4,caixa de conver,2144,triagem/nome-caixa-conversao 1.0.0,5,ok
089842,per089842_1909_02734,3,0,0,,,triagem/nome-caixa-conversao 1.0.0,5,ok
089842,per089842_1909_02734,4,0,0,,,triagem/nome-caixa-conversao 1.0.0,5,ok
089842,per089842_1909_02734,5,0,0,,,triagem/nome-caixa-conversao 1.0.0,5,ok
089842,per089842_1909_02734,6,0,0,,,triagem/nome-caixa-conversao 1.0.0,5,ok
089842,per089842_1909_02734,7,1,1,caixa de conver,11712,triagem/nome-caixa-conversao 1.0.0,5,ok
089842,per089842_1909_02734,8,0,0,,,triagem/nome-caixa-conversao 1.0.0,5,ok
089842,per089842_1909_02735,1,0,0,,,triagem/nome-caixa-conversao 1.0.0,5,ok
089842,per089842_1909_02735,2,0,0,,,triagem/nome-caixa-conversao 1.0.0,5,ok
089842,per089842_1909_02735,3,0,0,,,triagem/nome-caixa-conversao 1.0.0,5,ok
089842,per089842_1909_02735,4,0,0,,,triagem/nome-caixa-conversao 1.0.0,5,ok
089842,per089842_1909_02735,5,0,0,,,triagem/nome-caixa-conversao 1.0.0,5,ok
089842,per089842_1909_02735,6,0,0,,,triagem/nome-caixa-conversao 1.0.0,5,ok
089842,per089842_1909_02735,7,0,0,,,triagem/nome-caixa-conversao 1.0.0,5,ok
089842,per089842_1909_02735,8,0,0,,,triagem/nome-caixa-conversao 1.0.0,5,ok
089842,per089842_1909_02735,9,0,0,,,triagem/nome-caixa-conversao 1.0.0,5,ok
089842,per089842_1909_02735,10,0,0,,,triagem/nome-caixa-conversao 1.0.0,5,ok
089842,per089842_1909_02735,11,0,0,,,triagem/nome-caixa-conversao 1.0.0,5,ok
089842,per089842_1909_02735,12,0,0,,,triagem/nome-caixa-conversao 1.0.0,5,ok
089842,per089842_1909_02735,13,0,0,,,triagem/nome-caixa-conversao 1.0.0,5,ok
089842,per089842_1909_02735,14,0,0,,,triagem/nome-caixa-conversao 1.0.0,5,ok
089842,per089842_1909_02736,1,0,0,,,triagem/nome-caixa-conversao 1.0.0,5,ok
089842,per089842_1909_02736,2,0,0,,,triagem/nome-caixa-conversao 1.0.0,5,ok
089842,per089842_1909_02736,3,0,0,,,triagem/nome-caixa-conversao 1.0.0,5,ok
089842,per089842_1909_02736,4,0,0,,,triagem/nome-caixa-conversao 1.0.0,5,ok
089842,per089842_1909_02736,5,0,0,,,triagem/nome-caixa-conversao 1.0.0,5,ok
089842,per089842_1909_02736,6,0,0,,,triagem/nome-caixa-conversao 1.0.0,5,ok
089842,per089842_1909_02736,7,0,0,,,triagem/nome-caixa-conversao 1.0.0,5,ok
089842,per089842_1909_02736,8,0,0,,,triagem/nome-caixa-conversao 1.0.0,5,ok
089842,per089842_1909_02737,1,0,0,,,triagem/nome-caixa-conversao 1.0.0,5,ok
089842,per089842_1909_02737,2,0,0,,,triagem/nome-caixa-conversao 1.0.0,5,ok
089842,per089842_1909_02737,3,0,0,,,triagem/nome-caixa-conversao 1.0.0,5,ok
089842,per089842_1909_02737,4,0,0,,,triagem/nome-caixa-conversao 1.0.0,5,ok
089842,per089842_1909_02737,5,0,0,,,triagem/nome-caixa-conversao 1.0.0,5,ok
089842,per089842_1909_02737,6,0,0,,,triagem/nome-caixa-conversao 1.0.0,5,ok
089842,per089842_1909_02737,7,0,0,,,triagem/nome-caixa-conversao 1.0.0,5,ok
089842,per089842_1909_02737,8,0,0,,,triagem/nome-caixa-conversao 1.0.0,5,ok
089842,per089842_1909_02738,1,0,0,,,triagem/nome-caixa-conversao 1.0.0,5,ok
089842,per089842_1909_02738,2,0,0,,,triagem/nome-caixa-conversao 1.0.0,5,ok
089842,per089842_1909_02738,3,0,0,,,triagem/nome-caixa-conversao 1.0.0,5,ok
089842,per089842_1909_02738,4,0,0,,,triagem/nome-caixa-conversao 1.0.0,5,ok
089842,per089842_1909_02738,5,0,0,,,triagem/nome-caixa-conversao 1.0.0,5,ok
089842,per089842_1909_02738,6,0,0,,,triagem/nome-caixa-conversao 1.0.0,5,ok
089842,per089842_1909_02738,7,0,0,,,triagem/nome-caixa-conversao 1.0.0,5,ok
089842,per089842_1909_02738,8,0,0,,,triagem/nome-caixa-conversao 1.0.0,5,ok
089842,per089842_1909_02739,1,0,0,,,triagem/nome-caixa-conversao 1.0.0,5,ok
089842,per089842_1909_02739,2,0,0,,,triagem/nome-caixa-conversao 1.0.0,5,ok
089842,per089842_1909_02739,3,0,0,,,triagem/nome-caixa-conversao 1.0.0,5,ok
089842,per089842_1909_02739,4,0,0,,,triagem/nome-caixa-conversao 1.0.0,5,ok
089842,per089842_1909_02739,5,0,0,,,triagem/nome-caixa-conversao 1.0.0,5,ok
089842,per089842_1909_02739,6,0,0,,,triagem/nome-caixa-conversao 1.0.0,5,ok
089842,per089842_1909_02739,7,0,0,,,triagem/nome-caixa-conversao 1.0.0,5,ok
089842,per089842_1909_02739,8,0,0,,,triagem/nome-caixa-conversao 1.0.0,5,ok
089842,per089842_1909_02740,1,0,0,,,triagem/nome-caixa-conversao 1.0.0,5,ok
089842,per089842_1909_02740,2,0,0,,,triagem/nome-caixa-conversao 1.0.0,5,ok
089842,per089842_1909_02740,3,0,0,,,triagem/nome-caixa-conversao 1.0.0,5,ok
089842,per089842_1909_02740,4,0,0,,,triagem/nome-caixa-conversao 1.0.0,5,ok
089842,per089842_1909_02740,5,0,0,,,triagem/nome-caixa-conversao 1.0.0,5,ok
089842,per089842_1909_02740,6,0,0,,,triagem/nome-caixa-conversao 1.0.0,5,ok
089842,per089842_1909_02740,7,0,0,,,triagem/nome-caixa-conversao 1.0.0,5,ok
089842,per089842_1909_02740,8,0,0,,,triagem/nome-caixa-conversao 1.0.0,5,ok
089842,per089842_1909_02741,1,0,0,,,triagem/nome-caixa-conversao 1.0.0,5,ok
089842,per089842_1909_02741,2,0,0,,,triagem/nome-caixa-conversao 1.0.0,5,ok
089842,per089842_1909_02741,3,0,0,,,triagem/nome-caixa-conversao 1.0.0,5,ok
089842,per089842_1909_02741,4,0,0,,,triagem/nome-caixa-conversao 1.0.0,5,ok
089842,per089842_1909_02741,5,0,0,,,triagem/nome-caixa-conversao 1.0.0,5,ok
089842,per089842_1909_02741,6,0,0,,,triagem/nome-caixa-conversao 1.0.0,5,ok
089842,per089842_1909_02741,7,0,0,,,triagem/nome-caixa-conversao 1.0.0,5,ok
089842,per089842_1909_02741,8,0,0,,,triagem/nome-caixa-conversao 1.0.0,5,ok
089842,per089842_1909_02742,1,0,0,,,triagem/nome-caixa-conversao 1.0.0,5,ok
089842,per089842_1909_02742,2,0,0,,,triagem/nome-caixa-conversao 1.0.0,5,ok
089842,per089842_1909_02742,3,0,0,,,triagem/nome-caixa-conversao 1.0.0,5,ok
089842,per089842_1909_02742,4,1,2,caixa de conver,10162,triagem/nome-caixa-conversao 1.0.0,5,ok
089842,per089842_1909_02742,5,0,0,,,triagem/nome-caixa-conversao 1.0.0,5,ok
089842,per089842_1909_02742,6,0,0,,,triagem/nome-caixa-conversao 1.0.0,5,ok
089842,per089842_1909_02742,7,0,0,,,triagem/nome-caixa-conversao 1.0.0,5,ok
089842,per089842_1909_02742,8,0,0,,,triagem/nome-caixa-conversao 1.0.0,5,ok
089842,per089842_1909_02742,9,0,0,,,triagem/nome-caixa-conversao 1.0.0,5,ok
089842,per089842_1909_02742,10,0,0,,,triagem/nome-caixa-conversao 1.0.0,5,ok
089842,per089842_1909_02742,11,0,0,,,triagem/nome-caixa-conversao 1.0.0,5,ok
089842,per089842_1909_02742,12,0,0,,,triagem/nome-caixa-conversao 1.0.0,5,ok
089842,per089842_1909_02743,1,0,0,,,triagem/nome-caixa-conversao 1.0.0,5,ok
089842,per089842_1909_02743,2,0,0,,,triagem/nome-caixa-conversao 1.0.0,5,ok
089842,per089842_1909_02743,3,0,0,,,triagem/nome-caixa-conversao 1.0.0,5,ok
089842,per089842_1909_02743,4,0,0,,,triagem/nome-caixa-conversao 1.0.0,5,ok
089842,per089842_1909_02743,5,0,0,,,triagem/nome-caixa-conversao 1.0.0,5,ok
089842,per089842_1909_02743,6,0,0,,,triagem/nome-caixa-conversao 1.0.0,5,ok
089842,per089842_1909_02744,1,0,0,,,triagem/nome-caixa-conversao 1.0.0,5,ok
089842,per089842_1909_02744,2,0,0,,,triagem/nome-caixa-conversao 1.0.0,5,ok
089842,per089842_1909_02744,3,0,0,,,triagem/nome-caixa-conversao 1.0.0,5,ok
089842,per089842_1909_02744,4,0,0,,,triagem/nome-caixa-conversao 1.0.0,5,ok
089842,per089842_1909_02744,5,0,0,,,triagem/nome-caixa-conversao 1.0.0,5,ok
089842,per089842_1909_02744,6,0,0,,,triagem/nome-caixa-conversao 1.0.0,5,ok
089842,per089842_1909_02744,7,0,0,,,triagem/nome-caixa-conversao 1.0.0,5,ok
089842,per089842_1909_02744,8,0,0,,,triagem/nome-caixa-conversao 1.0.0,5,ok
089842,per089842_1909_02745,1,0,0,,,triagem/nome-caixa-conversao 1.0.0,5,ok
089842,per089842_1909_02745,2,0,0,,,triagem/nome-caixa-conversao 1.0.0,5,ok
089842,per089842_1909_02745,3,0,0,,,triagem/nome-caixa-conversao 1.0.0,5,ok
089842,per089842_1909_02745,4,0,0,,,triagem/nome-caixa-conversao 1.0.0,5,ok
089842,per089842_1909_02745,5,0,0,,,triagem/nome-caixa-conversao 1.0.0,5,ok
089842,per089842_1909_02745,6,0,0,,,triagem/nome-caixa-conversao 1.0.0,5,ok
089842,per089842_1909_02745,7,0,0,,,triagem/nome-caixa-conversao 1.0.0,5,ok
089842,per089842_1909_02745,8,0,0,,,triagem/nome-caixa-conversao 1.0.0,5,ok
089842,per089842_1909_02746,1,0,0,,,triagem/nome-caixa-conversao 1.0.0,5,ok
089842,per089842_1909_02746,2,0,0,,,triagem/nome-caixa-conversao 1.0.0,5,ok
089842,per089842_1909_02746,3,0,0,,,triagem/nome-caixa-conversao 1.0.0,5,ok
089842,per089842_1909_02746,4,0,0,,,triagem/nome-caixa-conversao 1.0.0,5,ok
089842,per089842_1909_02746,5,0,0,,,triagem/nome-caixa-conversao 1.0.0,5,ok
089842,per089842_1909_02746,6,0,0,,,triagem/nome-caixa-conversao 1.0.0,5,ok
089842,per089842_1909_02746,7,0,0,,,triagem/nome-caixa-conversao 1.0.0,5,ok
089842,per089842_1909_02746,8,0,0,,,triagem/nome-caixa-conversao 1.0.0,5,ok
089842,per089842_1909_02747,1,0,0,,,triagem/nome-caixa-conversao 1.0.0,5,ok
089842,per089842_1909_02747,2,0,0,,,triagem/nome-caixa-conversao 1.0.0,5,ok
089842,per089842_1909_02747,3,0,0,,,triagem/nome-caixa-conversao 1.0.0,5,ok
089842,per089842_1909_02747,4,0,0,,,triagem/nome-caixa-conversao 1.0.0,5,ok
089842,per089842_1909_02747,5,0,0,,,triagem/nome-caixa-conversao 1.0.0,5,ok
089842,per089842_1909_02747,6,0,0,,,triagem/nome-caixa-conversao 1.0.0,5,ok
089842,per089842_1909_02747,7,0,0,,,triagem/nome-caixa-conversao 1.0.0,5,ok
089842,per089842_1909_02747,8,0,0,,,triagem/nome-caixa-conversao 1.0.0,5,ok
089842,per089842_1909_02748,1,0,0,,,triagem/nome-caixa-conversao 1.0.0,5,ok
089842,per089842_1909_02748,2,0,0,,,triagem/nome-caixa-conversao 1.0.0,5,ok
089842,per089842_1909_02748,3,0,0,,,triagem/nome-caixa-conversao 1.0.0,5,ok
089842,per089842_1909_02748,4,0,0,,,triagem/nome-caixa-conversao 1.0.0,5,ok
089842,per089842_1909_02748,5,0,0,,,triagem/nome-caixa-conversao 1.0.0,5,ok
089842,per089842_1909_02748,6,0,0,,,triagem/nome-caixa-conversao 1.0.0,5,ok
089842,per089842_1909_02748,7,0,0,,,triagem/nome-caixa-conversao 1.0.0,5,ok
089842,per089842_1909_02748,8,0,0,,,triagem/nome-caixa-conversao 1.0.0,5,ok
089842,per089842_1909_02749,1,0,0,,,triagem/nome-caixa-conversao 1.0.0,5,ok
089842,per089842_1909_02749,2,0,0,,,triagem/nome-caixa-conversao 1.0.0,5,ok
089842,per089842_1909_02749,3,0,0,,,triagem/nome-caixa-conversao 1.0.0,5,ok
089842,per089842_1909_02749,4,0,0,,,triagem/nome-caixa-conversao 1.0.0,5,ok
089842,per089842_1909_02749,5,0,0,,,triagem/nome-caixa-conversao 1.0.0,5,ok
089842,per089842_1909_02749,6,0,0,,,triagem/nome-caixa-conversao 1.0.0,5,ok
089842,per089842_1909_02749,7,0,0,,,triagem/nome-caixa-conversao 1.0.0,5,ok
089842,per089842_1909_02749,8,0,0,,,triagem/nome-caixa-conversao 1.0.0,5,ok
089842,per089842_1909_02749,9,0,0,,,triagem/nome-caixa-conversao 1.0.0,5,ok
089842,per089842_1909_02749,10,0,0,,,triagem/nome-caixa-conversao 1.0.0,5,ok
089842,per089842_1909_02749,11,0,0,,,triagem/nome-caixa-conversao 1.0.0,5,ok
089842,per089842_1909_02749,12,0,0,,,triagem/nome-caixa-conversao 1.0.0,5,ok
089842,per089842_1909_02750,1,0,0,,,triagem/nome-caixa-conversao 1.0.0,5,ok
089842,per089842_1909_02750,2,0,0,,,triagem/nome-caixa-conversao 1.0.0,5,ok
089842,per089842_1909_02750,3,0,0,,,triagem/nome-caixa-conversao 1.0.0,5,ok
089842,per089842_1909_02750,4,0,0,,,triagem/nome-caixa-conversao 1.0.0,5,ok
089842,per089842_1909_02750,5,0,0,,,triagem/nome-caixa-conversao 1.0.0,5,ok
089842,per089842_1909_02750,6,0,0,,,triagem/nome-caixa-conversao 1.0.0,5,ok
089842,per089842_1909_02750,7,0,0,,,triagem/nome-caixa-conversao 1.0.0,5,ok
089842,per089842_1909_02750,8,0,0,,,triagem/nome-caixa-conversao 1.0.0,5,ok
089842,per089842_1909_02751,1,0,0,,,triagem/nome-caixa-conversao 1.0.0,5,ok
089842,per089842_1909_02751,2,0,0,,,triagem/nome-caixa-conversao 1.0.0,5,ok
089842,per089842_1909_02751,3,0,0,,,triagem/nome-caixa-conversao 1.0.0,5,ok
089842,per089842_1909_02751,4,0,0,,,triagem/nome-caixa-conversao 1.0.0,5,ok
089842,per089842_1909_02751,5,0,0,,,triagem/nome-caixa-conversao 1.0.0,5,ok
089842,per089842_1909_02751,6,0,0,,,triagem/nome-caixa-conversao 1.0.0,5,ok
089842,per089842_1909_02751,7,0,0,,,triagem/nome-caixa-conversao 1.0.0,5,ok
089842,per089842_1909_02751,8,0,0,,,triagem/nome-caixa-conversao 1.0.0,5,ok
089842,per089842_1909_02752,1,0,0,,,triagem/nome-caixa-conversao 1.0.0,5,ok
089842,per089842_1909_02752,2,0,0,,,triagem/nome-caixa-conversao 1.0.0,5,ok
089842,per089842_1909_02752,3,0,0,,,triagem/nome-caixa-conversao 1.0.0,5,ok
089842,per089842_1909_02752,4,0,0,,,triagem/nome-caixa-conversao 1.0.0,5,ok
089842,per089842_1909_02752,5,0,0,,,triagem/nome-caixa-conversao 1.0.0,5,ok
089842,per089842_1909_02752,6,0,0,,,triagem/nome-caixa-conversao 1.0.0,5,ok
089842,per089842_1909_02752,7,0,0,,,triagem/nome-caixa-conversao 1.0.0,5,ok
089842,per089842_1909_02752,8,0,0,,,triagem/nome-caixa-conversao 1.0.0,5,ok
089842,per089842_1909_02752,9,0,0,,,triagem/nome-caixa-conversao 1.0.0,5,ok
089842,per089842_1909_02752,10,0,0,,,triagem/nome-caixa-conversao 1.0.0,5,ok
089842,per089842_1909_02753,1,0,0,,,triagem/nome-caixa-conversao 1.0.0,5,ok
089842,per089842_1909_02753,2,0,0,,,triagem/nome-caixa-conversao 1.0.0,5,ok
089842,per089842_1909_02753,3,0,0,,,triagem/nome-caixa-conversao 1.0.0,5,ok
089842,per089842_1909_02753,4,0,0,,,triagem/nome-caixa-conversao 1.0.0,5,ok
089842,per089842_1909_02753,5,0,0,,,triagem/nome-caixa-conversao 1.0.0,5,ok
089842,per089842_1909_02753,6,0,0,,,triagem/nome-caixa-conversao 1.0.0,5,ok
089842,per089842_1909_02753,7,0,0,,,triagem/nome-caixa-conversao 1.0.0,5,ok
089842,per089842_1909_02753,8,0,0,,,triagem/nome-caixa-conversao 1.0.0,5,ok
089842,per089842_1909_02754,1,0,0,,,triagem/nome-caixa-conversao 1.0.0,5,ok
089842,per089842_1909_02754,2,0,0,,,triagem/nome-caixa-conversao 1.0.0,5,ok
089842,per089842_1909_02754,3,0,0,,,triagem/nome-caixa-conversao 1.0.0,5,ok
089842,per089842_1909_02754,4,0,0,,,triagem/nome-caixa-conversao 1.0.0,5,ok
089842,per089842_1909_02754,5,0,0,,,triagem/nome-caixa-conversao 1.0.0,5,ok
089842,per089842_1909_02754,6,0,0,,,triagem/nome-caixa-conversao 1.0.0,5,ok
089842,per089842_1909_02754,7,0,0,,,triagem/nome-caixa-conversao 1.0.0,5,ok
089842,per089842_1909_02754,8,0,0,,,triagem/nome-caixa-conversao 1.0.0,5,ok
089842,per089842_1909_02755,1,0,0,,,triagem/nome-caixa-conversao 1.0.0,5,ok
089842,per089842_1909_02755,2,0,0,,,triagem/nome-caixa-conversao 1.0.0,5,ok
089842,per089842_1909_02755,3,0,0,,,triagem/nome-caixa-conversao 1.0.0,5,ok
089842,per089842_1909_02755,4,0,0,,,triagem/nome-caixa-conversao 1.0.0,5,ok
089842,per089842_1909_02755,5,0,0,,,triagem/nome-caixa-conversao 1.0.0,5,ok
089842,per089842_1909_02755,6,0,0,,,triagem/nome-caixa-conversao 1.0.0,5,ok
089842,per089842_1909_02755,7,0,0,,,triagem/nome-caixa-conversao 1.0.0,5,ok
089842,per089842_1909_02755,8,0,0,,,triagem/nome-caixa-conversao 1.0.0,5,ok
089842,per089842_1909_02756,1,0,0,,,triagem/nome-caixa-conversao 1.0.0,5,ok
089842,per089842_1909_02756,2,0,0,,,triagem/nome-caixa-conversao 1.0.0,5,ok
089842,per089842_1909_02756,3,0,0,,,triagem/nome-caixa-conversao 1.0.0,5,ok
089842,per089842_1909_02756,4,0,0,,,triagem/nome-caixa-conversao 1.0.0,5,ok
089842,per089842_1909_02756,5,0,0,,,triagem/nome-caixa-conversao 1.0.0,5,ok
089842,per089842_1909_02756,6,0,0,,,triagem/nome-caixa-conversao 1.0.0,5,ok
089842,per089842_1909_02756,7,0,0,,,triagem/nome-caixa-conversao 1.0.0,5,ok
089842,per089842_1909_02756,8,0,0,,,triagem/nome-caixa-conversao 1.0.0,5,ok
089842,per089842_1909_02756,9,0,0,,,triagem/nome-caixa-conversao 1.0.0,5,ok
089842,per089842_1909_02756,10,0,0,,,triagem/nome-caixa-conversao 1.0.0,5,ok
089842,per089842_1909_02756,11,0,0,,,triagem/nome-caixa-conversao 1.0.0,5,ok
089842,per089842_1909_02756,12,0,0,,,triagem/nome-caixa-conversao 1.0.0,5,ok
089842,per089842_1909_02757,1,0,0,,,triagem/nome-caixa-conversao 1.0.0,5,ok
089842,per089842_1909_02757,2,0,0,,,triagem/nome-caixa-conversao 1.0.0,5,ok
089842,per089842_1909_02757,3,0,0,,,triagem/nome-caixa-conversao 1.0.0,5,ok
089842,per089842_1909_02757,4,0,0,,,triagem/nome-caixa-conversao 1.0.0,5,ok
089842,per089842_1909_02757,5,0,0,,,triagem/nome-caixa-conversao 1.0.0,5,ok
089842,per089842_1909_02757,6,0,0,,,triagem/nome-caixa-conversao 1.0.0,5,ok
089842,per089842_1909_02757,7,0,0,,,triagem/nome-caixa-conversao 1.0.0,5,ok
089842,per089842_1909_02757,8,0,0,,,triagem/nome-caixa-conversao 1.0.0,5,ok
089842,per089842_1909_02758,1,0,0,,,triagem/nome-caixa-conversao 1.0.0,5,ok
089842,per089842_1909_02758,2,0,0,,,triagem/nome-caixa-conversao 1.0.0,5,ok
089842,per089842_1909_02758,3,0,0,,,triagem/nome-caixa-conversao 1.0.0,5,ok
089842,per089842_1909_02758,4,0,0,,,triagem/nome-caixa-conversao 1.0.0,5,ok
089842,per089842_1909_02758,5,0,0,,,triagem/nome-caixa-conversao 1.0.0,5,ok
089842,per089842_1909_02758,6,0,0,,,triagem/nome-caixa-conversao 1.0.0,5,ok
089842,per089842_1909_02758,7,0,0,,,triagem/nome-caixa-conversao 1.0.0,5,ok
089842,per089842_1909_02758,8,0,0,,,triagem/nome-caixa-conversao 1.0.0,5,ok
089842,per089842_1909_02759,1,0,0,,,triagem/nome-caixa-conversao 1.0.0,5,ok
089842,per089842_1909_02759,2,0,0,,,triagem/nome-caixa-conversao 1.0.0,5,ok
089842,per089842_1909_02759,3,0,0,,,triagem/nome-caixa-conversao 1.0.0,5,ok
089842,per089842_1909_02759,4,0,0,,,triagem/nome-caixa-conversao 1.0.0,5,ok
089842,per089842_1909_02759,5,0,0,,,triagem/nome-caixa-conversao 1.0.0,5,ok
089842,per089842_1909_02759,6,0,0,,,triagem/nome-caixa-conversao 1.0.0,5,ok
089842,per089842_1909_02760,1,0,0,,,triagem/nome-caixa-conversao 1.0.0,5,ok
089842,per089842_1909_02760,2,0,0,,,triagem/nome-caixa-conversao 1.0.0,5,ok
089842,per089842_1909_02760,3,0,0,,,triagem/nome-caixa-conversao 1.0.0,5,ok
089842,per089842_1909_02760,4,0,0,,,triagem/nome-caixa-conversao 1.0.0,5,ok
089842,per089842_1909_02760,5,0,0,,,triagem/nome-caixa-conversao 1.0.0,5,ok
089842,per089842_1909_02760,6,0,0,,,triagem/nome-caixa-conversao 1.0.0,5,ok
089842,per089842_1909_02760,7,0,0,,,triagem/nome-caixa-conversao 1.0.0,5,ok
089842,per089842_1909_02760,8,0,0,,,triagem/nome-caixa-conversao 1.0.0,5,ok
089842,per089842_1909_02761,1,0,0,,,triagem/nome-caixa-conversao 1.0.0,5,ok
089842,per089842_1909_02761,2,0,0,,,triagem/nome-caixa-conversao 1.0.0,5,ok
089842,per089842_1909_02761,3,0,0,,,triagem/nome-caixa-conversao 1.0.0,5,ok
089842,per089842_1909_02761,4,0,0,,,triagem/nome-caixa-conversao 1.0.0,5,ok
089842,per089842_1909_02761,5,0,0,,,triagem/nome-caixa-conversao 1.0.0,5,ok
089842,per089842_1909_02761,6,0,0,,,triagem/nome-caixa-conversao 1.0.0,5,ok
089842,per089842_1909_02761,7,0,0,,,triagem/nome-caixa-conversao 1.0.0,5,ok
089842,per089842_1909_02761,8,0,0,,,triagem/nome-caixa-conversao 1.0.0,5,ok
089842,per089842_1909_02762,1,0,0,,,triagem/nome-caixa-conversao 1.0.0,5,ok
089842,per089842_1909_02762,2,0,0,,,triagem/nome-caixa-conversao 1.0.0,5,ok
089842,per089842_1909_02762,3,0,0,,,triagem/nome-caixa-conversao 1.0.0,5,ok
089842,per089842_1909_02762,4,0,0,,,triagem/nome-caixa-conversao 1.0.0,5,ok
089842,per089842_1909_02762,5,0,0,,,triagem/nome-caixa-conversao 1.0.0,5,ok
089842,per089842_1909_02762,6,0,0,,,triagem/nome-caixa-conversao 1.0.0,5,ok
089842,per089842_1909_02762,7,0,0,,,triagem/nome-caixa-conversao 1.0.0,5,ok
089842,per089842_1909_02762,8,0,0,,,triagem/nome-caixa-conversao 1.0.0,5,ok
089842,per089842_1909_02763,1,0,0,,,triagem/nome-caixa-conversao 1.0.0,5,ok
089842,per089842_1909_02763,2,0,0,,,triagem/nome-caixa-conversao 1.0.0,5,ok
089842,per089842_1909_02763,3,0,0,,,triagem/nome-caixa-conversao 1.0.0,5,ok
089842,per089842_1909_02763,4,0,0,,,triagem/nome-caixa-conversao 1.0.0,5,ok
089842,per089842_1909_02763,5,0,0,,,triagem/nome-caixa-conversao 1.0.0,5,ok
089842,per089842_1909_02763,6,0,0,,,triagem/nome-caixa-conversao 1.0.0,5,ok
089842,per089842_1909_02763,7,0,0,,,triagem/nome-caixa-conversao 1.0.0,5,ok
089842,per089842_1909_02763,8,0,0,,,triagem/nome-caixa-conversao 1.0.0,5,ok
089842,per089842_1909_02763,9,0,0,,,triagem/nome-caixa-conversao 1.0.0,5,ok
089842,per089842_1909_02763,10,0,0,,,triagem/nome-caixa-conversao 1.0.0,5,ok
089842,per089842_1909_02763,11,0,0,,,triagem/nome-caixa-conversao 1.0.0,5,ok
089842,per089842_1909_02763,12,0,0,,,triagem/nome-caixa-conversao 1.0.0,5,ok
089842,per089842_1909_02764,1,0,0,,,triagem/nome-caixa-conversao 1.0.0,5,ok
089842,per089842_1909_02764,2,0,0,,,triagem/nome-caixa-conversao 1.0.0,5,ok
089842,per089842_1909_02764,3,0,0,,,triagem/nome-caixa-conversao 1.0.0,5,ok
089842,per089842_1909_02764,4,0,0,,,triagem/nome-caixa-conversao 1.0.0,5,ok
089842,per089842_1909_02764,5,0,0,,,triagem/nome-caixa-conversao 1.0.0,5,ok
089842,per089842_1909_02764,6,0,0,,,triagem/nome-caixa-conversao 1.0.0,5,ok
089842,per089842_1909_02765,1,0,0,,,triagem/nome-caixa-conversao 1.0.0,5,ok
089842,per089842_1909_02765,2,0,0,,,triagem/nome-caixa-conversao 1.0.0,5,ok
089842,per089842_1909_02765,3,0,0,,,triagem/nome-caixa-conversao 1.0.0,5,ok
089842,per089842_1909_02765,4,0,0,,,triagem/nome-caixa-conversao 1.0.0,5,ok
089842,per089842_1909_02765,5,0,0,,,triagem/nome-caixa-conversao 1.0.0,5,ok
089842,per089842_1909_02765,6,0,0,,,triagem/nome-caixa-conversao 1.0.0,5,ok
089842,per089842_1909_02765,7,0,0,,,triagem/nome-caixa-conversao 1.0.0,5,ok
089842,per089842_1909_02765,8,0,0,,,triagem/nome-caixa-conversao 1.0.0,5,ok
089842,per089842_1909_02766,1,0,0,,,triagem/nome-caixa-conversao 1.0.0,5,ok
089842,per089842_1909_02766,2,0,0,,,triagem/nome-caixa-conversao 1.0.0,5,ok
089842,per089842_1909_02766,3,0,0,,,triagem/nome-caixa-conversao 1.0.0,5,ok
089842,per089842_1909_02766,4,0,0,,,triagem/nome-caixa-conversao 1.0.0,5,ok
089842,per089842_1909_02766,5,0,0,,,triagem/nome-caixa-conversao 1.0.0,5,ok
089842,per089842_1909_02766,6,0,0,,,triagem/nome-caixa-conversao 1.0.0,5,ok
089842,per089842_1909_02766,7,0,0,,,triagem/nome-caixa-conversao 1.0.0,5,ok
089842,per089842_1909_02766,8,0,0,,,triagem/nome-caixa-conversao 1.0.0,5,ok
089842,per089842_1909_02767,1,1,1,caixa dcconver,24645,triagem/nome-caixa-conversao 1.0.0,5,ok
089842,per089842_1909_02767,2,0,0,,,triagem/nome-caixa-conversao 1.0.0,5,ok
089842,per089842_1909_02767,3,0,0,,,triagem/nome-caixa-conversao 1.0.0,5,ok
089842,per089842_1909_02767,4,0,0,,,triagem/nome-caixa-conversao 1.0.0,5,ok
089842,per089842_1909_02767,5,0,0,,,triagem/nome-caixa-conversao 1.0.0,5,ok
089842,per089842_1909_02767,6,0,0,,,triagem/nome-caixa-conversao 1.0.0,5,ok
089842,per089842_1909_02767,7,0,0,,,triagem/nome-caixa-conversao 1.0.0,5,ok
089842,per089842_1909_02767,8,0,0,,,triagem/nome-caixa-conversao 1.0.0,5,ok
089842,per089842_1909_02768,1,1,1,caixa do conver,12253,triagem/nome-caixa-conversao 1.0.0,5,ok
089842,per089842_1909_02768,2,0,0,,,triagem/nome-caixa-conversao 1.0.0,5,ok
089842,per089842_1909_02768,3,0,0,,,triagem/nome-caixa-conversao 1.0.0,5,ok
089842,per089842_1909_02768,4,0,0,,,triagem/nome-caixa-conversao 1.0.0,5,ok
089842,per089842_1909_02768,5,0,0,,,triagem/nome-caixa-conversao 1.0.0,5,ok
089842,per089842_1909_02768,6,0,0,,,triagem/nome-caixa-conversao 1.0.0,5,ok
089842,per089842_1909_02768,7,0,0,,,triagem/nome-caixa-conversao 1.0.0,5,ok
089842,per089842_1909_02768,8,0,0,,,triagem/nome-caixa-conversao 1.0.0,5,ok
089842,per089842_1909_02769,1,0,0,,,triagem/nome-caixa-conversao 1.0.0,5,ok
089842,per089842_1909_02769,2,0,0,,,triagem/nome-caixa-conversao 1.0.0,5,ok
089842,per089842_1909_02769,3,0,0,,,triagem/nome-caixa-conversao 1.0.0,5,ok
089842,per089842_1909_02769,4,0,0,,,triagem/nome-caixa-conversao 1.0.0,5,ok
089842,per089842_1909_02769,5,0,0,,,triagem/nome-caixa-conversao 1.0.0,5,ok
089842,per089842_1909_02769,6,0,0,,,triagem/nome-caixa-conversao 1.0.0,5,ok
089842,per089842_1909_02769,7,0,0,,,triagem/nome-caixa-conversao 1.0.0,5,ok
089842,per089842_1909_02769,8,0,0,,,triagem/nome-caixa-conversao 1.0.0,5,ok
089842,per089842_1909_02770,1,0,0,,,triagem/nome-caixa-conversao 1.0.0,5,ok
089842,per089842_1909_02770,2,0,0,,,triagem/nome-caixa-conversao 1.0.0,5,ok
089842,per089842_1909_02770,3,0,0,,,triagem/nome-caixa-conversao 1.0.0,5,ok
089842,per089842_1909_02770,4,0,0,,,triagem/nome-caixa-conversao 1.0.0,5,ok
089842,per089842_1909_02770,5,0,0,,,triagem/nome-caixa-conversao 1.0.0,5,ok
089842,per089842_1909_02770,6,0,0,,,triagem/nome-caixa-conversao 1.0.0,5,ok
089842,per089842_1909_02770,7,0,0,,,triagem/nome-caixa-conversao 1.0.0,5,ok
089842,per089842_1909_02770,8,0,0,,,triagem/nome-caixa-conversao 1.0.0,5,ok
089842,per089842_1909_02770,9,0,0,,,triagem/nome-caixa-conversao 1.0.0,5,ok
089842,per089842_1909_02770,10,0,0,,,triagem/nome-caixa-conversao 1.0.0,5,ok
089842,per089842_1909_02770,11,0,0,,,triagem/nome-caixa-conversao 1.0.0,5,ok
089842,per089842_1909_02770,12,0,0,,,triagem/nome-caixa-conversao 1.0.0,5,ok
089842,per089842_1909_02771,1,0,0,,,triagem/nome-caixa-conversao 1.0.0,5,ok
089842,per089842_1909_02771,2,0,0,,,triagem/nome-caixa-conversao 1.0.0,5,ok
089842,per089842_1909_02771,3,0,0,,,triagem/nome-caixa-conversao 1.0.0,5,ok
089842,per089842_1909_02771,4,0,0,,,triagem/nome-caixa-conversao 1.0.0,5,ok
089842,per089842_1909_02771,5,0,0,,,triagem/nome-caixa-conversao 1.0.0,5,ok
089842,per089842_1909_02771,6,0,0,,,triagem/nome-caixa-conversao 1.0.0,5,ok
089842,per089842_1909_02772,1,1,1,caixa dc conver,24093,triagem/nome-caixa-conversao 1.0.0,5,ok
089842,per089842_1909_02772,2,0,0,,,triagem/nome-caixa-conversao 1.0.0,5,ok
089842,per089842_1909_02772,3,0,0,,,triagem/nome-caixa-conversao 1.0.0,5,ok
089842,per089842_1909_02772,4,0,0,,,triagem/nome-caixa-conversao 1.0.0,5,ok
089842,per089842_1909_02772,5,0,0,,,triagem/nome-caixa-conversao 1.0.0,5,ok
089842,per089842_1909_02772,6,0,0,,,triagem/nome-caixa-conversao 1.0.0,5,ok
089842,per089842_1909_02772,7,0,0,,,triagem/nome-caixa-conversao 1.0.0,5,ok
089842,per089842_1909_02772,8,0,0,,,triagem/nome-caixa-conversao 1.0.0,5,ok
089842,per089842_1909_02773,1,0,0,,,triagem/nome-caixa-conversao 1.0.0,5,ok
089842,per089842_1909_02773,2,0,0,,,triagem/nome-caixa-conversao 1.0.0,5,ok
089842,per089842_1909_02773,3,0,0,,,triagem/nome-caixa-conversao 1.0.0,5,ok
089842,per089842_1909_02773,4,0,0,,,triagem/nome-caixa-conversao 1.0.0,5,ok
089842,per089842_1909_02773,5,0,0,,,triagem/nome-caixa-conversao 1.0.0,5,ok
089842,per089842_1909_02773,6,0,0,,,triagem/nome-caixa-conversao 1.0.0,5,ok
089842,per089842_1909_02773,7,0,0,,,triagem/nome-caixa-conversao 1.0.0,5,ok
089842,per089842_1909_02773,8,0,0,,,triagem/nome-caixa-conversao 1.0.0,5,ok
089842,per089842_1909_02774,1,0,0,,,triagem/nome-caixa-conversao 1.0.0,5,ok
089842,per089842_1909_02774,2,0,0,,,triagem/nome-caixa-conversao 1.0.0,5,ok
089842,per089842_1909_02774,3,0,0,,,triagem/nome-caixa-conversao 1.0.0,5,ok
089842,per089842_1909_02774,4,0,0,,,triagem/nome-caixa-conversao 1.0.0,5,ok
089842,per089842_1909_02774,5,0,0,,,triagem/nome-caixa-conversao 1.0.0,5,ok
089842,per089842_1909_02774,6,0,0,,,triagem/nome-caixa-conversao 1.0.0,5,ok
089842,per089842_1909_02774,7,0,0,,,triagem/nome-caixa-conversao 1.0.0,5,ok
089842,per089842_1909_02774,8,0,0,,,triagem/nome-caixa-conversao 1.0.0,5,ok
089842,per089842_1909_02775,1,0,0,,,triagem/nome-caixa-conversao 1.0.0,5,ok
089842,per089842_1909_02775,2,0,0,,,triagem/nome-caixa-conversao 1.0.0,5,ok
089842,per089842_1909_02775,3,0,0,,,triagem/nome-caixa-conversao 1.0.0,5,ok
089842,per089842_1909_02775,4,0,0,,,triagem/nome-caixa-conversao 1.0.0,5,ok
089842,per089842_1909_02775,5,0,0,,,triagem/nome-caixa-conversao 1.0.0,5,ok
089842,per089842_1909_02775,6,0,0,,,triagem/nome-caixa-conversao 1.0.0,5,ok
089842,per089842_1909_02775,7,0,0,,,triagem/nome-caixa-conversao 1.0.0,5,ok
089842,per089842_1909_02775,8,0,0,,,triagem/nome-caixa-conversao 1.0.0,5,ok
089842,per089842_1909_02776,1,0,0,,,triagem/nome-caixa-conversao 1.0.0,5,ok
089842,per089842_1909_02776,2,0,0,,,triagem/nome-caixa-conversao 1.0.0,5,ok
089842,per089842_1909_02776,3,0,0,,,triagem/nome-caixa-conversao 1.0.0,5,ok
089842,per089842_1909_02776,4,0,0,,,triagem/nome-caixa-conversao 1.0.0,5,ok
089842,per089842_1909_02776,5,1,1,caixade conver,21190,triagem/nome-caixa-conversao 1.0.0,5,ok
089842,per089842_1909_02776,6,0,0,,,triagem/nome-caixa-conversao 1.0.0,5,ok
089842,per089842_1909_02776,7,0,0,,,triagem/nome-caixa-conversao 1.0.0,5,ok
089842,per089842_1909_02776,8,0,0,,,triagem/nome-caixa-conversao 1.0.0,5,ok
089842,per089842_1909_02777,1,0,0,,,triagem/nome-caixa-conversao 1.0.0,5,ok
089842,per089842_1909_02777,2,0,0,,,triagem/nome-caixa-conversao 1.0.0,5,ok
089842,per089842_1909_02777,3,1,1,caixa de conver,6838,triagem/nome-caixa-conversao 1.0.0,5,ok
089842,per089842_1909_02777,4,0,0,,,triagem/nome-caixa-conversao 1.0.0,5,ok
089842,per089842_1909_02777,5,0,0,,,triagem/nome-caixa-conversao 1.0.0,5,ok
089842,per089842_1909_02777,6,0,0,,,triagem/nome-caixa-conversao 1.0.0,5,ok
089842,per089842_1909_02777,7,1,1,caixa de conver,4583,triagem/nome-caixa-conversao 1.0.0,5,ok
089842,per089842_1909_02777,8,0,0,,,triagem/nome-caixa-conversao 1.0.0,5,ok
089842,per089842_1909_02777,9,0,0,,,triagem/nome-caixa-conversao 1.0.0,5,ok
089842,per089842_1909_02777,10,0,0,,,triagem/nome-caixa-conversao 1.0.0,5,ok
089842,per089842_1909_02778,1,0,0,,,triagem/nome-caixa-conversao 1.0.0,5,ok
089842,per089842_1909_02778,2,0,0,,,triagem/nome-caixa-conversao 1.0.0,5,ok
089842,per089842_1909_02778,3,0,0,,,triagem/nome-caixa-conversao 1.0.0,5,ok
089842,per089842_1909_02778,4,1,2,caixade conver,39031,triagem/nome-caixa-conversao 1.0.0,5,ok
089842,per089842_1909_02778,5,0,0,,,triagem/nome-caixa-conversao 1.0.0,5,ok
089842,per089842_1909_02778,6,0,0,,,triagem/nome-caixa-conversao 1.0.0,5,ok
089842,per089842_1909_02779,1,0,0,,,triagem/nome-caixa-conversao 1.0.0,5,ok
089842,per089842_1909_02779,2,0,0,,,triagem/nome-caixa-conversao 1.0.0,5,ok
089842,per089842_1909_02779,3,0,0,,,triagem/nome-caixa-conversao 1.0.0,5,ok
089842,per089842_1909_02779,4,0,0,,,triagem/nome-caixa-conversao 1.0.0,5,ok
089842,per089842_1909_02779,5,0,0,,,triagem/nome-caixa-conversao 1.0.0,5,ok
089842,per089842_1909_02779,6,0,0,,,triagem/nome-caixa-conversao 1.0.0,5,ok
089842,per089842_1909_02780,1,0,0,,,triagem/nome-caixa-conversao 1.0.0,5,ok
089842,per089842_1909_02780,2,0,0,,,triagem/nome-caixa-conversao 1.0.0,5,ok
089842,per089842_1909_02780,3,0,0,,,triagem/nome-caixa-conversao 1.0.0,5,ok
089842,per089842_1909_02780,4,0,0,,,triagem/nome-caixa-conversao 1.0.0,5,ok
089842,per089842_1909_02781,1,0,0,,,triagem/nome-caixa-conversao 1.0.0,5,ok
089842,per089842_1909_02781,2,0,0,,,triagem/nome-caixa-conversao 1.0.0,5,ok
089842,per089842_1909_02781,3,0,0,,,triagem/nome-caixa-conversao 1.0.0,5,ok
089842,per089842_1909_02781,4,0,0,,,triagem/nome-caixa-conversao 1.0.0,5,ok
089842,per089842_1909_02781,5,0,0,,,triagem/nome-caixa-conversao 1.0.0,5,ok
089842,per089842_1909_02781,6,0,0,,,triagem/nome-caixa-conversao 1.0.0,5,ok
089842,per089842_1909_02781,7,0,0,,,triagem/nome-caixa-conversao 1.0.0,5,ok
089842,per089842_1909_02781,8,0,0,,,triagem/nome-caixa-conversao 1.0.0,5,ok
089842,per089842_1909_02782,1,0,0,,,triagem/nome-caixa-conversao 1.0.0,5,ok
089842,per089842_1909_02782,2,0,0,,,triagem/nome-caixa-conversao 1.0.0,5,ok
089842,per089842_1909_02782,3,0,0,,,triagem/nome-caixa-conversao 1.0.0,5,ok
089842,per089842_1909_02782,4,0,0,,,triagem/nome-caixa-conversao 1.0.0,5,ok
089842,per089842_1909_02782,5,0,0,,,triagem/nome-caixa-conversao 1.0.0,5,ok
089842,per089842_1909_02782,6,0,0,,,triagem/nome-caixa-conversao 1.0.0,5,ok
089842,per089842_1909_02782,7,0,0,,,triagem/nome-caixa-conversao 1.0.0,5,ok
089842,per089842_1909_02782,8,0,0,,,triagem/nome-caixa-conversao 1.0.0,5,ok
089842,per089842_1909_02783,1,0,0,,,triagem/nome-caixa-conversao 1.0.0,5,ok
089842,per089842_1909_02783,2,0,0,,,triagem/nome-caixa-conversao 1.0.0,5,ok
089842,per089842_1909_02783,3,0,0,,,triagem/nome-caixa-conversao 1.0.0,5,ok
089842,per089842_1909_02783,4,0,0,,,triagem/nome-caixa-conversao 1.0.0,5,ok
089842,per089842_1909_02783,5,0,0,,,triagem/nome-caixa-conversao 1.0.0,5,ok
089842,per089842_1909_02783,6,0,0,,,triagem/nome-caixa-conversao 1.0.0,5,ok
089842,per089842_1909_02783,7,0,0,,,triagem/nome-caixa-conversao 1.0.0,5,ok
089842,per089842_1909_02783,8,0,0,,,triagem/nome-caixa-conversao 1.0.0,5,ok
089842,per089842_1909_02784,1,0,0,,,triagem/nome-caixa-conversao 1.0.0,5,ok
089842,per089842_1909_02784,2,0,0,,,triagem/nome-caixa-conversao 1.0.0,5,ok
089842,per089842_1909_02784,3,0,0,,,triagem/nome-caixa-conversao 1.0.0,5,ok
089842,per089842_1909_02784,4,0,0,,,triagem/nome-caixa-conversao 1.0.0,5,ok
089842,per089842_1909_02784,5,0,0,,,triagem/nome-caixa-conversao 1.0.0,5,ok
089842,per089842_1909_02784,6,0,0,,,triagem/nome-caixa-conversao 1.0.0,5,ok
089842,per089842_1909_02784,7,0,0,,,triagem/nome-caixa-conversao 1.0.0,5,ok
089842,per089842_1909_02784,8,0,0,,,triagem/nome-caixa-conversao 1.0.0,5,ok
089842,per089842_1909_02784,9,0,0,,,triagem/nome-caixa-conversao 1.0.0,5,ok
089842,per089842_1909_02784,10,0,0,,,triagem/nome-caixa-conversao 1.0.0,5,ok
089842,per089842_1909_02784,11,0,0,,,triagem/nome-caixa-conversao 1.0.0,5,ok
089842,per089842_1909_02784,12,0,0,,,triagem/nome-caixa-conversao 1.0.0,5,ok
089842,per089842_1909_02785,1,0,0,,,triagem/nome-caixa-conversao 1.0.0,5,ok
089842,per089842_1909_02785,2,0,0,,,triagem/nome-caixa-conversao 1.0.0,5,ok
089842,per089842_1909_02785,3,0,0,,,triagem/nome-caixa-conversao 1.0.0,5,ok
089842,per089842_1909_02785,4,0,0,,,triagem/nome-caixa-conversao 1.0.0,5,ok
089842,per089842_1909_02785,5,0,0,,,triagem/nome-caixa-conversao 1.0.0,5,ok
089842,per089842_1909_02785,6,0,0,,,triagem/nome-caixa-conversao 1.0.0,5,ok
089842,per089842_1909_02785,7,0,0,,,triagem/nome-caixa-conversao 1.0.0,5,ok
089842,per089842_1909_02785,8,0,0,,,triagem/nome-caixa-conversao 1.0.0,5,ok
089842,per089842_1909_02786,1,0,0,,,triagem/nome-caixa-conversao 1.0.0,5,ok
089842,per089842_1909_02786,2,0,0,,,triagem/nome-caixa-conversao 1.0.0,5,ok
089842,per089842_1909_02786,3,0,0,,,triagem/nome-caixa-conversao 1.0.0,5,ok
089842,per089842_1909_02786,4,0,0,,,triagem/nome-caixa-conversao 1.0.0,5,ok
089842,per089842_1909_02786,5,0,0,,,triagem/nome-caixa-conversao 1.0.0,5,ok
089842,per089842_1909_02786,6,0,0,,,triagem/nome-caixa-conversao 1.0.0,5,ok
089842,per089842_1909_02786,7,0,0,,,triagem/nome-caixa-conversao 1.0.0,5,ok
089842,per089842_1909_02786,8,0,0,,,triagem/nome-caixa-conversao 1.0.0,5,ok
089842,per089842_1909_02787,1,1,1,caixa do conver,8663,triagem/nome-caixa-conversao 1.0.0,5,ok
089842,per089842_1909_02787,2,0,0,,,triagem/nome-caixa-conversao 1.0.0,5,ok
089842,per089842_1909_02787,3,0,0,,,triagem/nome-caixa-conversao 1.0.0,5,ok
089842,per089842_1909_02787,4,0,0,,,triagem/nome-caixa-conversao 1.0.0,5,ok
089842,per089842_1909_02787,5,0,0,,,triagem/nome-caixa-conversao 1.0.0,5,ok
089842,per089842_1909_02787,6,0,0,,,triagem/nome-caixa-conversao 1.0.0,5,ok
089842,per089842_1909_02787,7,0,0,,,triagem/nome-caixa-conversao 1.0.0,5,ok
089842,per089842_1909_02787,8,0,0,,,triagem/nome-caixa-conversao 1.0.0,5,ok
089842,per089842_1909_02788,1,1,1,caixa dc conver,21212,triagem/nome-caixa-conversao 1.0.0,5,ok
089842,per089842_1909_02788,2,0,0,,,triagem/nome-caixa-conversao 1.0.0,5,ok
089842,per089842_1909_02788,3,0,0,,,triagem/nome-caixa-conversao 1.0.0,5,ok
089842,per089842_1909_02788,4,0,0,,,triagem/nome-caixa-conversao 1.0.0,5,ok
089842,per089842_1909_02788,5,0,0,,,triagem/nome-caixa-conversao 1.0.0,5,ok
089842,per089842_1909_02788,6,0,0,,,triagem/nome-caixa-conversao 1.0.0,5,ok
089842,per089842_1909_02788,7,0,0,,,triagem/nome-caixa-conversao 1.0.0,5,ok
089842,per089842_1909_02788,8,0,0,,,triagem/nome-caixa-conversao 1.0.0,5,ok
089842,per089842_1909_02789,1,0,0,,,triagem/nome-caixa-conversao 1.0.0,5,ok
089842,per089842_1909_02789,2,0,0,,,triagem/nome-caixa-conversao 1.0.0,5,ok
089842,per089842_1909_02789,3,0,0,,,triagem/nome-caixa-conversao 1.0.0,5,ok
089842,per089842_1909_02789,4,0,0,,,triagem/nome-caixa-conversao 1.0.0,5,ok
089842,per089842_1909_02789,5,0,0,,,triagem/nome-caixa-conversao 1.0.0,5,ok
089842,per089842_1909_02789,6,0,0,,,triagem/nome-caixa-conversao 1.0.0,5,ok
089842,per089842_1909_02789,7,0,0,,,triagem/nome-caixa-conversao 1.0.0,5,ok
089842,per089842_1909_02789,8,0,0,,,triagem/nome-caixa-conversao 1.0.0,5,ok
089842,per089842_1909_02790,1,1,1,caixa do conver,17397,triagem/nome-caixa-conversao 1.0.0,5,ok
089842,per089842_1909_02790,2,0,0,,,triagem/nome-caixa-conversao 1.0.0,5,ok
089842,per089842_1909_02790,3,0,0,,,triagem/nome-caixa-conversao 1.0.0,5,ok
089842,per089842_1909_02790,4,0,0,,,triagem/nome-caixa-conversao 1.0.0,5,ok
089842,per089842_1909_02790,5,0,0,,,triagem/nome-caixa-conversao 1.0.0,5,ok
089842,per089842_1909_02790,6,0,0,,,triagem/nome-caixa-conversao 1.0.0,5,ok
089842,per089842_1909_02790,7,0,0,,,triagem/nome-caixa-conversao 1.0.0,5,ok
089842,per089842_1909_02790,8,0,0,,,triagem/nome-caixa-conversao 1.0.0,5,ok
089842,per089842_1909_02791,1,0,0,,,triagem/nome-caixa-conversao 1.0.0,5,ok
089842,per089842_1909_02791,2,0,0,,,triagem/nome-caixa-conversao 1.0.0,5,ok
089842,per089842_1909_02791,3,1,1,caixa do conver,26898,triagem/nome-caixa-conversao 1.0.0,5,ok
089842,per089842_1909_02791,4,0,0,,,triagem/nome-caixa-conversao 1.0.0,5,ok
089842,per089842_1909_02791,5,0,0,,,triagem/nome-caixa-conversao 1.0.0,5,ok
089842,per089842_1909_02791,6,0,0,,,triagem/nome-caixa-conversao 1.0.0,5,ok
089842,per089842_1909_02791,7,0,0,,,triagem/nome-caixa-conversao 1.0.0,5,ok
089842,per089842_1909_02791,8,0,0,,,triagem/nome-caixa-conversao 1.0.0,5,ok
089842,per089842_1909_02791,9,0,0,,,triagem/nome-caixa-conversao 1.0.0,5,ok
089842,per089842_1909_02791,10,0,0,,,triagem/nome-caixa-conversao 1.0.0,5,ok
089842,per089842_1909_02791,11,0,0,,,triagem/nome-caixa-conversao 1.0.0,5,ok
089842,per089842_1909_02791,12,0,0,,,triagem/nome-caixa-conversao 1.0.0,5,ok
089842,per089842_1909_02792,1,0,0,,,triagem/nome-caixa-conversao 1.0.0,5,ok
089842,per089842_1909_02792,2,0,0,,,triagem/nome-caixa-conversao 1.0.0,5,ok
089842,per089842_1909_02792,3,0,0,,,triagem/nome-caixa-conversao 1.0.0,5,ok
089842,per089842_1909_02792,4,0,0,,,triagem/nome-caixa-conversao 1.0.0,5,ok
089842,per089842_1909_02792,5,0,0,,,triagem/nome-caixa-conversao 1.0.0,5,ok
089842,per089842_1909_02792,6,0,0,,,triagem/nome-caixa-conversao 1.0.0,5,ok
089842,per089842_1909_02793,1,1,1,caixa de conver,25592,triagem/nome-caixa-conversao 1.0.0,5,ok
089842,per089842_1909_02793,2,0,0,,,triagem/nome-caixa-conversao 1.0.0,5,ok
089842,per089842_1909_02793,3,1,1,caixa deconver,29976,triagem/nome-caixa-conversao 1.0.0,5,ok
089842,per089842_1909_02793,4,0,0,,,triagem/nome-caixa-conversao 1.0.0,5,ok
089842,per089842_1909_02793,5,0,0,,,triagem/nome-caixa-conversao 1.0.0,5,ok
089842,per089842_1909_02793,6,0,0,,,triagem/nome-caixa-conversao 1.0.0,5,ok
089842,per089842_1909_02793,7,0,0,,,triagem/nome-caixa-conversao 1.0.0,5,ok
089842,per089842_1909_02793,8,0,0,,,triagem/nome-caixa-conversao 1.0.0,5,ok
089842,per089842_1909_02794,1,1,1,caixa do conver,16684,triagem/nome-caixa-conversao 1.0.0,5,ok
089842,per089842_1909_02794,2,0,0,,,triagem/nome-caixa-conversao 1.0.0,5,ok
089842,per089842_1909_02794,3,0,0,,,triagem/nome-caixa-conversao 1.0.0,5,ok
089842,per089842_1909_02794,4,0,0,,,triagem/nome-caixa-conversao 1.0.0,5,ok
089842,per089842_1909_02794,5,0,0,,,triagem/nome-caixa-conversao 1.0.0,5,ok
089842,per089842_1909_02794,6,0,0,,,triagem/nome-caixa-conversao 1.0.0,5,ok
089842,per089842_1909_02794,7,0,0,,,triagem/nome-caixa-conversao 1.0.0,5,ok
089842,per089842_1909_02794,8,0,0,,,triagem/nome-caixa-conversao 1.0.0,5,ok
089842,per089842_1909_02795,1,0,0,,,triagem/nome-caixa-conversao 1.0.0,5,ok
089842,per089842_1909_02795,2,0,0,,,triagem/nome-caixa-conversao 1.0.0,5,ok
089842,per089842_1909_02795,3,0,0,,,triagem/nome-caixa-conversao 1.0.0,5,ok
089842,per089842_1909_02795,4,0,0,,,triagem/nome-caixa-conversao 1.0.0,5,ok
089842,per089842_1909_02795,5,0,0,,,triagem/nome-caixa-conversao 1.0.0,5,ok
089842,per089842_1909_02795,6,0,0,,,triagem/nome-caixa-conversao 1.0.0,5,ok
089842,per089842_1909_02795,7,0,0,,,triagem/nome-caixa-conversao 1.0.0,5,ok
089842,per089842_1909_02795,8,0,0,,,triagem/nome-caixa-conversao 1.0.0,5,ok
089842,per089842_1909_02796,1,0,0,,,triagem/nome-caixa-conversao 1.0.0,5,ok
089842,per089842_1909_02796,2,0,0,,,triagem/nome-caixa-conversao 1.0.0,5,ok
089842,per089842_1909_02796,3,0,0,,,triagem/nome-caixa-conversao 1.0.0,5,ok
089842,per089842_1909_02796,4,0,0,,,triagem/nome-caixa-conversao 1.0.0,5,ok
089842,per089842_1909_02796,5,0,0,,,triagem/nome-caixa-conversao 1.0.0,5,ok
089842,per089842_1909_02796,6,0,0,,,triagem/nome-caixa-conversao 1.0.0,5,ok
089842,per089842_1909_02796,7,0,0,,,triagem/nome-caixa-conversao 1.0.0,5,ok
089842,per089842_1909_02796,8,0,0,,,triagem/nome-caixa-conversao 1.0.0,5,ok
089842,per089842_1909_02797,1,0,0,,,triagem/nome-caixa-conversao 1.0.0,5,ok
089842,per089842_1909_02797,2,0,0,,,triagem/nome-caixa-conversao 1.0.0,5,ok
089842,per089842_1909_02797,3,0,0,,,triagem/nome-caixa-conversao 1.0.0,5,ok
089842,per089842_1909_02797,4,0,0,,,triagem/nome-caixa-conversao 1.0.0,5,ok
089842,per089842_1909_02797,5,0,0,,,triagem/nome-caixa-conversao 1.0.0,5,ok
089842,per089842_1909_02797,6,0,0,,,triagem/nome-caixa-conversao 1.0.0,5,ok
089842,per089842_1909_02797,7,0,0,,,triagem/nome-caixa-conversao 1.0.0,5,ok
089842,per089842_1909_02797,8,0,0,,,triagem/nome-caixa-conversao 1.0.0,5,ok
089842,per089842_1909_02798,1,0,0,,,triagem/nome-caixa-conversao 1.0.0,5,ok
089842,per089842_1909_02798,2,0,0,,,triagem/nome-caixa-conversao 1.0.0,5,ok
089842,per089842_1909_02798,3,0,0,,,triagem/nome-caixa-conversao 1.0.0,5,ok
089842,per089842_1909_02798,4,0,0,,,triagem/nome-caixa-conversao 1.0.0,5,ok
089842,per089842_1909_02798,5,0,0,,,triagem/nome-caixa-conversao 1.0.0,5,ok
089842,per089842_1909_02798,6,0,0,,,triagem/nome-caixa-conversao 1.0.0,5,ok
089842,per089842_1909_02798,7,0,0,,,triagem/nome-caixa-conversao 1.0.0,5,ok
089842,per089842_1909_02798,8,0,0,,,triagem/nome-caixa-conversao 1.0.0,5,ok
089842,per089842_1909_02798,9,0,0,,,triagem/nome-caixa-conversao 1.0.0,5,ok
089842,per089842_1909_02798,10,0,0,,,triagem/nome-caixa-conversao 1.0.0,5,ok
089842,per089842_1909_02798,11,0,0,,,triagem/nome-caixa-conversao 1.0.0,5,ok
089842,per089842_1909_02798,12,0,0,,,triagem/nome-caixa-conversao 1.0.0,5,ok
089842,per089842_1909_02799,1,0,0,,,triagem/nome-caixa-conversao 1.0.0,5,ok
089842,per089842_1909_02799,2,0,0,,,triagem/nome-caixa-conversao 1.0.0,5,ok
089842,per089842_1909_02799,3,0,0,,,triagem/nome-caixa-conversao 1.0.0,5,ok
089842,per089842_1909_02799,4,0,0,,,triagem/nome-caixa-conversao 1.0.0,5,ok
089842,per089842_1909_02799,5,0,0,,,triagem/nome-caixa-conversao 1.0.0,5,ok
089842,per089842_1909_02799,6,0,0,,,triagem/nome-caixa-conversao 1.0.0,5,ok
089842,per089842_1909_02799,7,0,0,,,triagem/nome-caixa-conversao 1.0.0,5,ok
089842,per089842_1909_02799,8,0,0,,,triagem/nome-caixa-conversao 1.0.0,5,ok
089842,per089842_1909_02800,1,0,0,,,triagem/nome-caixa-conversao 1.0.0,5,ok
089842,per089842_1909_02800,2,0,0,,,triagem/nome-caixa-conversao 1.0.0,5,ok
089842,per089842_1909_02800,3,0,0,,,triagem/nome-caixa-conversao 1.0.0,5,ok
089842,per089842_1909_02800,4,0,0,,,triagem/nome-caixa-conversao 1.0.0,5,ok
089842,per089842_1909_02800,5,0,0,,,triagem/nome-caixa-conversao 1.0.0,5,ok
089842,per089842_1909_02800,6,0,0,,,triagem/nome-caixa-conversao 1.0.0,5,ok
089842,per089842_1909_02800,7,0,0,,,triagem/nome-caixa-conversao 1.0.0,5,ok
089842,per089842_1909_02800,8,0,0,,,triagem/nome-caixa-conversao 1.0.0,5,ok
089842,per089842_1909_02801,1,0,0,,,triagem/nome-caixa-conversao 1.0.0,5,ok
089842,per089842_1909_02801,2,0,0,,,triagem/nome-caixa-conversao 1.0.0,5,ok
089842,per089842_1909_02801,3,0,0,,,triagem/nome-caixa-conversao 1.0.0,5,ok
089842,per089842_1909_02801,4,0,0,,,triagem/nome-caixa-conversao 1.0.0,5,ok
089842,per089842_1909_02801,5,0,0,,,triagem/nome-caixa-conversao 1.0.0,5,ok
089842,per089842_1909_02801,6,0,0,,,triagem/nome-caixa-conversao 1.0.0,5,ok
089842,per089842_1909_02801,7,0,0,,,triagem/nome-caixa-conversao 1.0.0,5,ok
089842,per089842_1909_02801,8,0,0,,,triagem/nome-caixa-conversao 1.0.0,5,ok
089842,per089842_1909_02802,1,1,1,caixa de conver,29681,triagem/nome-caixa-conversao 1.0.0,5,ok
089842,per089842_1909_02802,2,0,0,,,triagem/nome-caixa-conversao 1.0.0,5,ok
089842,per089842_1909_02802,3,0,0,,,triagem/nome-caixa-conversao 1.0.0,5,ok
089842,per089842_1909_02802,4,0,0,,,triagem/nome-caixa-conversao 1.0.0,5,ok
089842,per089842_1909_02802,5,0,0,,,triagem/nome-caixa-conversao 1.0.0,5,ok
089842,per089842_1909_02802,6,0,0,,,triagem/nome-caixa-conversao 1.0.0,5,ok
089842,per089842_1909_02802,7,0,0,,,triagem/nome-caixa-conversao 1.0.0,5,ok
089842,per089842_1909_02802,8,0,0,,,triagem/nome-caixa-conversao 1.0.0,5,ok
089842,per089842_1909_02803,1,0,0,,,triagem/nome-caixa-conversao 1.0.0,5,ok
089842,per089842_1909_02803,2,0,0,,,triagem/nome-caixa-conversao 1.0.0,5,ok
089842,per089842_1909_02803,3,0,0,,,triagem/nome-caixa-conversao 1.0.0,5,ok
089842,per089842_1909_02803,4,0,0,,,triagem/nome-caixa-conversao 1.0.0,5,ok
089842,per089842_1909_02803,5,0,0,,,triagem/nome-caixa-conversao 1.0.0,5,ok
089842,per089842_1909_02803,6,0,0,,,triagem/nome-caixa-conversao 1.0.0,5,ok
089842,per089842_1909_02803,7,0,0,,,triagem/nome-caixa-conversao 1.0.0,5,ok
089842,per089842_1909_02803,8,0,0,,,triagem/nome-caixa-conversao 1.0.0,5,ok
089842,per089842_1909_02804,1,0,0,,,triagem/nome-caixa-conversao 1.0.0,5,ok
089842,per089842_1909_02804,2,0,0,,,triagem/nome-caixa-conversao 1.0.0,5,ok
089842,per089842_1909_02804,3,0,0,,,triagem/nome-caixa-conversao 1.0.0,5,ok
089842,per089842_1909_02804,4,0,0,,,triagem/nome-caixa-conversao 1.0.0,5,ok
089842,per089842_1909_02804,5,0,0,,,triagem/nome-caixa-conversao 1.0.0,5,ok
089842,per089842_1909_02804,6,0,0,,,triagem/nome-caixa-conversao 1.0.0,5,ok
089842,per089842_1909_02804,7,0,0,,,triagem/nome-caixa-conversao 1.0.0,5,ok
089842,per089842_1909_02804,8,0,0,,,triagem/nome-caixa-conversao 1.0.0,5,ok
089842,per089842_1909_02805,1,0,0,,,triagem/nome-caixa-conversao 1.0.0,5,ok
089842,per089842_1909_02805,2,0,0,,,triagem/nome-caixa-conversao 1.0.0,5,ok
089842,per089842_1909_02805,3,0,0,,,triagem/nome-caixa-conversao 1.0.0,5,ok
089842,per089842_1909_02805,4,0,0,,,triagem/nome-caixa-conversao 1.0.0,5,ok
089842,per089842_1909_02805,5,0,0,,,triagem/nome-caixa-conversao 1.0.0,5,ok
089842,per089842_1909_02805,6,0,0,,,triagem/nome-caixa-conversao 1.0.0,5,ok
089842,per089842_1909_02805,7,0,0,,,triagem/nome-caixa-conversao 1.0.0,5,ok
089842,per089842_1909_02805,8,0,0,,,triagem/nome-caixa-conversao 1.0.0,5,ok
089842,per089842_1909_02805,9,0,0,,,triagem/nome-caixa-conversao 1.0.0,5,ok
089842,per089842_1909_02805,10,0,0,,,triagem/nome-caixa-conversao 1.0.0,5,ok
089842,per089842_1909_02805,11,0,0,,,triagem/nome-caixa-conversao 1.0.0,5,ok
089842,per089842_1909_02805,12,0,0,,,triagem/nome-caixa-conversao 1.0.0,5,ok
089842,per089842_1909_02806,1,0,0,,,triagem/nome-caixa-conversao 1.0.0,5,ok
089842,per089842_1909_02806,2,0,0,,,triagem/nome-caixa-conversao 1.0.0,5,ok
089842,per089842_1909_02806,3,0,0,,,triagem/nome-caixa-conversao 1.0.0,5,ok
089842,per089842_1909_02806,4,0,0,,,triagem/nome-caixa-conversao 1.0.0,5,ok
089842,per089842_1909_02806,5,0,0,,,triagem/nome-caixa-conversao 1.0.0,5,ok
089842,per089842_1909_02806,6,0,0,,,triagem/nome-caixa-conversao 1.0.0,5,ok
089842,per089842_1909_02807,1,0,0,,,triagem/nome-caixa-conversao 1.0.0,5,ok
089842,per089842_1909_02807,2,0,0,,,triagem/nome-caixa-conversao 1.0.0,5,ok
089842,per089842_1909_02807,3,0,0,,,triagem/nome-caixa-conversao 1.0.0,5,ok
089842,per089842_1909_02807,4,0,0,,,triagem/nome-caixa-conversao 1.0.0,5,ok
089842,per089842_1909_02807,5,0,0,,,triagem/nome-caixa-conversao 1.0.0,5,ok
089842,per089842_1909_02807,6,0,0,,,triagem/nome-caixa-conversao 1.0.0,5,ok
089842,per089842_1909_02807,7,0,0,,,triagem/nome-caixa-conversao 1.0.0,5,ok
089842,per089842_1909_02807,8,0,0,,,triagem/nome-caixa-conversao 1.0.0,5,ok
089842,per089842_1909_02808,1,1,1,caixa de conver,35639,triagem/nome-caixa-conversao 1.0.0,5,ok
089842,per089842_1909_02808,2,0,0,,,triagem/nome-caixa-conversao 1.0.0,5,ok
089842,per089842_1909_02808,3,0,0,,,triagem/nome-caixa-conversao 1.0.0,5,ok
089842,per089842_1909_02808,4,0,0,,,triagem/nome-caixa-conversao 1.0.0,5,ok
089842,per089842_1909_02808,5,0,0,,,triagem/nome-caixa-conversao 1.0.0,5,ok
089842,per089842_1909_02808,6,0,0,,,triagem/nome-caixa-conversao 1.0.0,5,ok
089842,per089842_1909_02808,7,0,0,,,triagem/nome-caixa-conversao 1.0.0,5,ok
089842,per089842_1909_02808,8,0,0,,,triagem/nome-caixa-conversao 1.0.0,5,ok
089842,per089842_1909_02809,1,1,1,caixa de conver,17829,triagem/nome-caixa-conversao 1.0.0,5,ok
089842,per089842_1909_02809,2,0,0,,,triagem/nome-caixa-conversao 1.0.0,5,ok
089842,per089842_1909_02809,3,0,0,,,triagem/nome-caixa-conversao 1.0.0,5,ok
089842,per089842_1909_02809,4,0,0,,,triagem/nome-caixa-conversao 1.0.0,5,ok
089842,per089842_1909_02809,5,0,0,,,triagem/nome-caixa-conversao 1.0.0,5,ok
089842,per089842_1909_02809,6,0,0,,,triagem/nome-caixa-conversao 1.0.0,5,ok
089842,per089842_1909_02809,7,0,0,,,triagem/nome-caixa-conversao 1.0.0,5,ok
089842,per089842_1909_02809,8,0,0,,,triagem/nome-caixa-conversao 1.0.0,5,ok
089842,per089842_1909_02810,1,0,0,,,triagem/nome-caixa-conversao 1.0.0,5,ok
089842,per089842_1909_02810,2,0,0,,,triagem/nome-caixa-conversao 1.0.0,5,ok
089842,per089842_1909_02810,3,0,0,,,triagem/nome-caixa-conversao 1.0.0,5,ok
089842,per089842_1909_02810,4,0,0,,,triagem/nome-caixa-conversao 1.0.0,5,ok
089842,per089842_1909_02810,5,0,0,,,triagem/nome-caixa-conversao 1.0.0,5,ok
089842,per089842_1909_02810,6,0,0,,,triagem/nome-caixa-conversao 1.0.0,5,ok
089842,per089842_1909_02810,7,0,0,,,triagem/nome-caixa-conversao 1.0.0,5,ok
089842,per089842_1909_02810,8,0,0,,,triagem/nome-caixa-conversao 1.0.0,5,ok
089842,per089842_1909_02811,1,0,0,,,triagem/nome-caixa-conversao 1.0.0,5,ok
089842,per089842_1909_02811,2,0,0,,,triagem/nome-caixa-conversao 1.0.0,5,ok
089842,per089842_1909_02811,3,0,0,,,triagem/nome-caixa-conversao 1.0.0,5,ok
089842,per089842_1909_02811,4,1,1,caixa dc conver,25849,triagem/nome-caixa-conversao 1.0.0,5,ok
089842,per089842_1909_02811,5,0,0,,,triagem/nome-caixa-conversao 1.0.0,5,ok
089842,per089842_1909_02811,6,0,0,,,triagem/nome-caixa-conversao 1.0.0,5,ok
089842,per089842_1909_02811,7,0,0,,,triagem/nome-caixa-conversao 1.0.0,5,ok
089842,per089842_1909_02811,8,0,0,,,triagem/nome-caixa-conversao 1.0.0,5,ok
089842,per089842_1909_02812,1,0,0,,,triagem/nome-caixa-conversao 1.0.0,5,ok
089842,per089842_1909_02812,2,0,0,,,triagem/nome-caixa-conversao 1.0.0,5,ok
089842,per089842_1909_02812,3,0,0,,,triagem/nome-caixa-conversao 1.0.0,5,ok
089842,per089842_1909_02812,4,0,0,,,triagem/nome-caixa-conversao 1.0.0,5,ok
089842,per089842_1909_02812,5,0,0,,,triagem/nome-caixa-conversao 1.0.0,5,ok
089842,per089842_1909_02812,6,0,0,,,triagem/nome-caixa-conversao 1.0.0,5,ok
089842,per089842_1909_02812,7,0,0,,,triagem/nome-caixa-conversao 1.0.0,5,ok
089842,per089842_1909_02812,8,0,0,,,triagem/nome-caixa-conversao 1.0.0,5,ok
089842,per089842_1909_02812,9,0,0,,,triagem/nome-caixa-conversao 1.0.0,5,ok
089842,per089842_1909_02812,10,0,0,,,triagem/nome-caixa-conversao 1.0.0,5,ok
089842,per089842_1909_02812,11,0,0,,,triagem/nome-caixa-conversao 1.0.0,5,ok
089842,per089842_1909_02812,12,0,0,,,triagem/nome-caixa-conversao 1.0.0,5,ok
089842,per089842_1909_02813,1,0,0,,,triagem/nome-caixa-conversao 1.0.0,5,ok
089842,per089842_1909_02813,2,0,0,,,triagem/nome-caixa-conversao 1.0.0,5,ok
089842,per089842_1909_02813,3,0,0,,,triagem/nome-caixa-conversao 1.0.0,5,ok
089842,per089842_1909_02813,4,0,0,,,triagem/nome-caixa-conversao 1.0.0,5,ok
089842,per089842_1909_02813,5,0,0,,,triagem/nome-caixa-conversao 1.0.0,5,ok
089842,per089842_1909_02813,6,0,0,,,triagem/nome-caixa-conversao 1.0.0,5,ok
089842,per089842_1909_02813,7,0,0,,,triagem/nome-caixa-conversao 1.0.0,5,ok
089842,per089842_1909_02813,8,0,0,,,triagem/nome-caixa-conversao 1.0.0,5,ok
089842,per089842_1909_02814,1,0,0,,,triagem/nome-caixa-conversao 1.0.0,5,ok
089842,per089842_1909_02814,2,0,0,,,triagem/nome-caixa-conversao 1.0.0,5,ok
089842,per089842_1909_02814,3,0,0,,,triagem/nome-caixa-conversao 1.0.0,5,ok
089842,per089842_1909_02814,4,0,0,,,triagem/nome-caixa-conversao 1.0.0,5,ok
089842,per089842_1909_02814,5,0,0,,,triagem/nome-caixa-conversao 1.0.0,5,ok
089842,per089842_1909_02814,6,0,0,,,triagem/nome-caixa-conversao 1.0.0,5,ok
089842,per089842_1909_02814,7,0,0,,,triagem/nome-caixa-conversao 1.0.0,5,ok
089842,per089842_1909_02814,8,0,0,,,triagem/nome-caixa-conversao 1.0.0,5,ok
089842,per089842_1909_02815,1,0,0,,,triagem/nome-caixa-conversao 1.0.0,5,ok
089842,per089842_1909_02815,2,0,0,,,triagem/nome-caixa-conversao 1.0.0,5,ok
089842,per089842_1909_02815,3,0,0,,,triagem/nome-caixa-conversao 1.0.0,5,ok
089842,per089842_1909_02815,4,0,0,,,triagem/nome-caixa-conversao 1.0.0,5,ok
089842,per089842_1909_02815,5,0,0,,,triagem/nome-caixa-conversao 1.0.0,5,ok
089842,per089842_1909_02815,6,0,0,,,triagem/nome-caixa-conversao 1.0.0,5,ok
089842,per089842_1909_02815,7,0,0,,,triagem/nome-caixa-conversao 1.0.0,5,ok
089842,per089842_1909_02815,8,0,0,,,triagem/nome-caixa-conversao 1.0.0,5,ok
089842,per089842_1909_02816,1,0,0,,,triagem/nome-caixa-conversao 1.0.0,5,ok
089842,per089842_1909_02816,2,0,0,,,triagem/nome-caixa-conversao 1.0.0,5,ok
089842,per089842_1909_02816,3,0,0,,,triagem/nome-caixa-conversao 1.0.0,5,ok
089842,per089842_1909_02816,4,0,0,,,triagem/nome-caixa-conversao 1.0.0,5,ok
089842,per089842_1909_02816,5,0,0,,,triagem/nome-caixa-conversao 1.0.0,5,ok
089842,per089842_1909_02816,6,0,0,,,triagem/nome-caixa-conversao 1.0.0,5,ok
089842,per089842_1909_02816,7,0,0,,,triagem/nome-caixa-conversao 1.0.0,5,ok
089842,per089842_1909_02816,8,0,0,,,triagem/nome-caixa-conversao 1.0.0,5,ok
089842,per089842_1909_02816,9,0,0,,,triagem/nome-caixa-conversao 1.0.0,5,ok
089842,per089842_1909_02816,10,0,0,,,triagem/nome-caixa-conversao 1.0.0,5,ok
089842,per089842_1909_02817,1,1,1,caixa do conver,34706,triagem/nome-caixa-conversao 1.0.0,5,ok
089842,per089842_1909_02817,2,0,0,,,triagem/nome-caixa-conversao 1.0.0,5,ok
089842,per089842_1909_02817,3,0,0,,,triagem/nome-caixa-conversao 1.0.0,5,ok
089842,per089842_1909_02817,4,0,0,,,triagem/nome-caixa-conversao 1.0.0,5,ok
089842,per089842_1909_02817,5,0,0,,,triagem/nome-caixa-conversao 1.0.0,5,ok
089842,per089842_1909_02817,6,0,0,,,triagem/nome-caixa-conversao 1.0.0,5,ok
089842,per089842_1909_02817,7,0,0,,,triagem/nome-caixa-conversao 1.0.0,5,ok
089842,per089842_1909_02817,8,0,0,,,triagem/nome-caixa-conversao 1.0.0,5,ok
089842,per089842_1909_02817,9,0,0,,,triagem/nome-caixa-conversao 1.0.0,5,ok
089842,per089842_1909_02817,10,0,0,,,triagem/nome-caixa-conversao 1.0.0,5,ok
089842,per089842_1909_02818,1,1,1,caixa de conver,11545,triagem/nome-caixa-conversao 1.0.0,5,ok
089842,per089842_1909_02818,2,0,0,,,triagem/nome-caixa-conversao 1.0.0,5,ok
089842,per089842_1909_02818,3,0,0,,,triagem/nome-caixa-conversao 1.0.0,5,ok
089842,per089842_1909_02818,4,0,0,,,triagem/nome-caixa-conversao 1.0.0,5,ok
089842,per089842_1909_02818,5,0,0,,,triagem/nome-caixa-conversao 1.0.0,5,ok
089842,per089842_1909_02818,6,0,0,,,triagem/nome-caixa-conversao 1.0.0,5,ok
089842,per089842_1909_02818,7,0,0,,,triagem/nome-caixa-conversao 1.0.0,5,ok
089842,per089842_1909_02818,8,0,0,,,triagem/nome-caixa-conversao 1.0.0,5,ok
089842,per089842_1909_02819,1,0,0,,,triagem/nome-caixa-conversao 1.0.0,5,ok
089842,per089842_1909_02819,2,0,0,,,triagem/nome-caixa-conversao 1.0.0,5,ok
089842,per089842_1909_02819,3,0,0,,,triagem/nome-caixa-conversao 1.0.0,5,ok
089842,per089842_1909_02819,4,0,0,,,triagem/nome-caixa-conversao 1.0.0,5,ok
089842,per089842_1909_02819,5,0,0,,,triagem/nome-caixa-conversao 1.0.0,5,ok
089842,per089842_1909_02819,6,0,0,,,triagem/nome-caixa-conversao 1.0.0,5,ok
089842,per089842_1909_02819,7,0,0,,,triagem/nome-caixa-conversao 1.0.0,5,ok
089842,per089842_1909_02819,8,0,0,,,triagem/nome-caixa-conversao 1.0.0,5,ok
089842,per089842_1909_02819,9,0,0,,,triagem/nome-caixa-conversao 1.0.0,5,ok
089842,per089842_1909_02819,10,0,0,,,triagem/nome-caixa-conversao 1.0.0,5,ok
089842,per089842_1909_02819,11,0,0,,,triagem/nome-caixa-conversao 1.0.0,5,ok
089842,per089842_1909_02819,12,0,0,,,triagem/nome-caixa-conversao 1.0.0,5,ok
089842,per089842_1909_02820,1,0,0,,,triagem/nome-caixa-conversao 1.0.0,5,ok
089842,per089842_1909_02820,2,0,0,,,triagem/nome-caixa-conversao 1.0.0,5,ok
089842,per089842_1909_02820,3,0,0,,,triagem/nome-caixa-conversao 1.0.0,5,ok
089842,per089842_1909_02820,4,0,0,,,triagem/nome-caixa-conversao 1.0.0,5,ok
089842,per089842_1909_02820,5,0,0,,,triagem/nome-caixa-conversao 1.0.0,5,ok
089842,per089842_1909_02820,6,0,0,,,triagem/nome-caixa-conversao 1.0.0,5,ok
089842,per089842_1909_02820,7,0,0,,,triagem/nome-caixa-conversao 1.0.0,5,ok
089842,per089842_1909_02820,8,0,0,,,triagem/nome-caixa-conversao 1.0.0,5,ok
089842,per089842_1909_02821,1,1,1,caixa dc conver,34856,triagem/nome-caixa-conversao 1.0.0,5,ok
089842,per089842_1909_02821,2,0,0,,,triagem/nome-caixa-conversao 1.0.0,5,ok
089842,per089842_1909_02821,3,0,0,,,triagem/nome-caixa-conversao 1.0.0,5,ok
089842,per089842_1909_02821,4,0,0,,,triagem/nome-caixa-conversao 1.0.0,5,ok
089842,per089842_1909_02821,5,0,0,,,triagem/nome-caixa-conversao 1.0.0,5,ok
089842,per089842_1909_02821,6,0,0,,,triagem/nome-caixa-conversao 1.0.0,5,ok
089842,per089842_1909_02821,7,0,0,,,triagem/nome-caixa-conversao 1.0.0,5,ok
089842,per089842_1909_02821,8,0,0,,,triagem/nome-caixa-conversao 1.0.0,5,ok
089842,per089842_1909_02821,9,0,0,,,triagem/nome-caixa-conversao 1.0.0,5,ok
089842,per089842_1909_02821,10,0,0,,,triagem/nome-caixa-conversao 1.0.0,5,ok
089842,per089842_1909_02822,1,0,0,,,triagem/nome-caixa-conversao 1.0.0,5,ok
089842,per089842_1909_02822,2,0,0,,,triagem/nome-caixa-conversao 1.0.0,5,ok
089842,per089842_1909_02822,3,0,0,,,triagem/nome-caixa-conversao 1.0.0,5,ok
089842,per089842_1909_02822,4,0,0,,,triagem/nome-caixa-conversao 1.0.0,5,ok
089842,per089842_1909_02822,5,0,0,,,triagem/nome-caixa-conversao 1.0.0,5,ok
089842,per089842_1909_02822,6,0,0,,,triagem/nome-caixa-conversao 1.0.0,5,ok
089842,per089842_1909_02822,7,0,0,,,triagem/nome-caixa-conversao 1.0.0,5,ok
089842,per089842_1909_02822,8,0,0,,,triagem/nome-caixa-conversao 1.0.0,5,ok
089842,per089842_1909_02823,1,0,0,,,triagem/nome-caixa-conversao 1.0.0,5,ok
089842,per089842_1909_02823,2,0,0,,,triagem/nome-caixa-conversao 1.0.0,5,ok
089842,per089842_1909_02823,3,0,0,,,triagem/nome-caixa-conversao 1.0.0,5,ok
089842,per089842_1909_02823,4,0,0,,,triagem/nome-caixa-conversao 1.0.0,5,ok
089842,per089842_1909_02823,5,0,0,,,triagem/nome-caixa-conversao 1.0.0,5,ok
089842,per089842_1909_02823,6,0,0,,,triagem/nome-caixa-conversao 1.0.0,5,ok
089842,per089842_1909_02823,7,0,0,,,triagem/nome-caixa-conversao 1.0.0,5,ok
089842,per089842_1909_02823,8,0,0,,,triagem/nome-caixa-conversao 1.0.0,5,ok
089842,per089842_1909_02824,1,0,0,,,triagem/nome-caixa-conversao 1.0.0,5,ok
089842,per089842_1909_02824,2,0,0,,,triagem/nome-caixa-conversao 1.0.0,5,ok
089842,per089842_1909_02824,3,0,0,,,triagem/nome-caixa-conversao 1.0.0,5,ok
089842,per089842_1909_02824,4,0,0,,,triagem/nome-caixa-conversao 1.0.0,5,ok
089842,per089842_1909_02824,5,0,0,,,triagem/nome-caixa-conversao 1.0.0,5,ok
089842,per089842_1909_02824,6,0,0,,,triagem/nome-caixa-conversao 1.0.0,5,ok
089842,per089842_1909_02825,1,1,3,caixa de conver,23426,triagem/nome-caixa-conversao 1.0.0,5,ok
089842,per089842_1909_02825,2,0,0,,,triagem/nome-caixa-conversao 1.0.0,5,ok
089842,per089842_1909_02825,3,0,0,,,triagem/nome-caixa-conversao 1.0.0,5,ok
089842,per089842_1909_02825,4,0,0,,,triagem/nome-caixa-conversao 1.0.0,5,ok
089842,per089842_1909_02825,5,0,0,,,triagem/nome-caixa-conversao 1.0.0,5,ok
089842,per089842_1909_02825,6,0,0,,,triagem/nome-caixa-conversao 1.0.0,5,ok
089842,per089842_1909_02825,7,0,0,,,triagem/nome-caixa-conversao 1.0.0,5,ok
089842,per089842_1909_02825,8,0,0,,,triagem/nome-caixa-conversao 1.0.0,5,ok
089842,per089842_1909_02826,1,0,0,,,triagem/nome-caixa-conversao 1.0.0,5,ok
089842,per089842_1909_02826,2,0,0,,,triagem/nome-caixa-conversao 1.0.0,5,ok
089842,per089842_1909_02826,3,0,0,,,triagem/nome-caixa-conversao 1.0.0,5,ok
089842,per089842_1909_02826,4,0,0,,,triagem/nome-caixa-conversao 1.0.0,5,ok
089842,per089842_1909_02826,5,0,0,,,triagem/nome-caixa-conversao 1.0.0,5,ok
089842,per089842_1909_02826,6,0,0,,,triagem/nome-caixa-conversao 1.0.0,5,ok
089842,per089842_1909_02826,7,0,0,,,triagem/nome-caixa-conversao 1.0.0,5,ok
089842,per089842_1909_02826,8,0,0,,,triagem/nome-caixa-conversao 1.0.0,5,ok
089842,per089842_1909_02826,9,0,0,,,triagem/nome-caixa-conversao 1.0.0,5,ok
089842,per089842_1909_02826,10,0,0,,,triagem/nome-caixa-conversao 1.0.0,5,ok
089842,per089842_1909_02826,11,0,0,,,triagem/nome-caixa-conversao 1.0.0,5,ok
089842,per089842_1909_02826,12,0,0,,,triagem/nome-caixa-conversao 1.0.0,5,ok
089842,per089842_1909_02827,1,0,0,,,triagem/nome-caixa-conversao 1.0.0,5,ok
089842,per089842_1909_02827,2,0,0,,,triagem/nome-caixa-conversao 1.0.0,5,ok
089842,per089842_1909_02827,3,0,0,,,triagem/nome-caixa-conversao 1.0.0,5,ok
089842,per089842_1909_02827,4,0,0,,,triagem/nome-caixa-conversao 1.0.0,5,ok
089842,per089842_1909_02827,5,0,0,,,triagem/nome-caixa-conversao 1.0.0,5,ok
089842,per089842_1909_02827,6,0,0,,,triagem/nome-caixa-conversao 1.0.0,5,ok
089842,per089842_1909_02827,7,0,0,,,triagem/nome-caixa-conversao 1.0.0,5,ok
089842,per089842_1909_02827,8,0,0,,,triagem/nome-caixa-conversao 1.0.0,5,ok
089842,per089842_1909_02828,1,1,2,caixa de conver,7760,triagem/nome-caixa-conversao 1.0.0,5,ok
089842,per089842_1909_02828,2,0,0,,,triagem/nome-caixa-conversao 1.0.0,5,ok
089842,per089842_1909_02828,3,0,0,,,triagem/nome-caixa-conversao 1.0.0,5,ok
089842,per089842_1909_02828,4,0,0,,,triagem/nome-caixa-conversao 1.0.0,5,ok
089842,per089842_1909_02828,5,0,0,,,triagem/nome-caixa-conversao 1.0.0,5,ok
089842,per089842_1909_02828,6,0,0,,,triagem/nome-caixa-conversao 1.0.0,5,ok
089842,per089842_1909_02828,7,0,0,,,triagem/nome-caixa-conversao 1.0.0,5,ok
089842,per089842_1909_02828,8,0,0,,,triagem/nome-caixa-conversao 1.0.0,5,ok
089842,per089842_1909_02829,1,0,0,,,triagem/nome-caixa-conversao 1.0.0,5,ok
089842,per089842_1909_02829,2,0,0,,,triagem/nome-caixa-conversao 1.0.0,5,ok
089842,per089842_1909_02829,3,0,0,,,triagem/nome-caixa-conversao 1.0.0,5,ok
089842,per089842_1909_02829,4,0,0,,,triagem/nome-caixa-conversao 1.0.0,5,ok
089842,per089842_1909_02829,5,0,0,,,triagem/nome-caixa-conversao 1.0.0,5,ok
089842,per089842_1909_02829,6,0,0,,,triagem/nome-caixa-conversao 1.0.0,5,ok
089842,per089842_1909_02829,7,0,0,,,triagem/nome-caixa-conversao 1.0.0,5,ok
089842,per089842_1909_02829,8,0,0,,,triagem/nome-caixa-conversao 1.0.0,5,ok
089842,per089842_1909_02830,1,1,1,caixa do conver,16045,triagem/nome-caixa-conversao 1.0.0,5,ok
089842,per089842_1909_02830,2,0,0,,,triagem/nome-caixa-conversao 1.0.0,5,ok
089842,per089842_1909_02830,3,0,0,,,triagem/nome-caixa-conversao 1.0.0,5,ok
089842,per089842_1909_02830,4,0,0,,,triagem/nome-caixa-conversao 1.0.0,5,ok
089842,per089842_1909_02830,5,0,0,,,triagem/nome-caixa-conversao 1.0.0,5,ok
089842,per089842_1909_02830,6,0,0,,,triagem/nome-caixa-conversao 1.0.0,5,ok
089842,per089842_1909_02830,7,0,0,,,triagem/nome-caixa-conversao 1.0.0,5,ok
089842,per089842_1909_02830,8,0,0,,,triagem/nome-caixa-conversao 1.0.0,5,ok
089842,per089842_1909_02831,1,0,0,,,triagem/nome-caixa-conversao 1.0.0,5,ok
089842,per089842_1909_02831,2,0,0,,,triagem/nome-caixa-conversao 1.0.0,5,ok
089842,per089842_1909_02831,3,0,0,,,triagem/nome-caixa-conversao 1.0.0,5,ok
089842,per089842_1909_02831,4,0,0,,,triagem/nome-caixa-conversao 1.0.0,5,ok
089842,per089842_1909_02831,5,0,0,,,triagem/nome-caixa-conversao 1.0.0,5,ok
089842,per089842_1909_02831,6,0,0,,,triagem/nome-caixa-conversao 1.0.0,5,ok
089842,per089842_1909_02831,7,0,0,,,triagem/nome-caixa-conversao 1.0.0,5,ok
089842,per089842_1909_02831,8,0,0,,,triagem/nome-caixa-conversao 1.0.0,5,ok
089842,per089842_1909_02832,1,1,1,caixa de conver,18863,triagem/nome-caixa-conversao 1.0.0,5,ok
089842,per089842_1909_02832,2,0,0,,,triagem/nome-caixa-conversao 1.0.0,5,ok
089842,per089842_1909_02832,3,0,0,,,triagem/nome-caixa-conversao 1.0.0,5,ok
089842,per089842_1909_02832,4,0,0,,,triagem/nome-caixa-conversao 1.0.0,5,ok
089842,per089842_1909_02832,5,0,0,,,triagem/nome-caixa-conversao 1.0.0,5,ok
089842,per089842_1909_02832,6,0,0,,,triagem/nome-caixa-conversao 1.0.0,5,ok
089842,per089842_1909_02832,7,0,0,,,triagem/nome-caixa-conversao 1.0.0,5,ok
089842,per089842_1909_02832,8,0,0,,,triagem/nome-caixa-conversao 1.0.0,5,ok
089842,per089842_1909_02833,1,0,0,,,triagem/nome-caixa-conversao 1.0.0,5,ok
089842,per089842_1909_02833,2,0,0,,,triagem/nome-caixa-conversao 1.0.0,5,ok
089842,per089842_1909_02833,3,1,1,caixa de conver,6821,triagem/nome-caixa-conversao 1.0.0,5,ok
089842,per089842_1909_02833,4,0,0,,,triagem/nome-caixa-conversao 1.0.0,5,ok
089842,per089842_1909_02833,5,0,0,,,triagem/nome-caixa-conversao 1.0.0,5,ok
089842,per089842_1909_02833,6,0,0,,,triagem/nome-caixa-conversao 1.0.0,5,ok
089842,per089842_1909_02833,7,0,0,,,triagem/nome-caixa-conversao 1.0.0,5,ok
089842,per089842_1909_02833,8,0,0,,,triagem/nome-caixa-conversao 1.0.0,5,ok
089842,per089842_1909_02833,9,0,0,,,triagem/nome-caixa-conversao 1.0.0,5,ok
089842,per089842_1909_02833,10,0,0,,,triagem/nome-caixa-conversao 1.0.0,5,ok
089842,per089842_1909_02833,11,0,0,,,triagem/nome-caixa-conversao 1.0.0,5,ok
089842,per089842_1909_02833,12,0,0,,,triagem/nome-caixa-conversao 1.0.0,5,ok
089842,per089842_1909_02833,13,0,0,,,triagem/nome-caixa-conversao 1.0.0,5,ok
089842,per089842_1909_02833,14,0,0,,,triagem/nome-caixa-conversao 1.0.0,5,ok
089842,per089842_1909_02834,1,0,0,,,triagem/nome-caixa-conversao 1.0.0,5,ok
089842,per089842_1909_02834,2,0,0,,,triagem/nome-caixa-conversao 1.0.0,5,ok
089842,per089842_1909_02834,3,0,0,,,triagem/nome-caixa-conversao 1.0.0,5,ok
089842,per089842_1909_02834,4,0,0,,,triagem/nome-caixa-conversao 1.0.0,5,ok
089842,per089842_1909_02834,5,0,0,,,triagem/nome-caixa-conversao 1.0.0,5,ok
089842,per089842_1909_02834,6,0,0,,,triagem/nome-caixa-conversao 1.0.0,5,ok
089842,per089842_1909_02835,1,1,1,caixa deconver,15963,triagem/nome-caixa-conversao 1.0.0,5,ok
089842,per089842_1909_02835,2,0,0,,,triagem/nome-caixa-conversao 1.0.0,5,ok
089842,per089842_1909_02835,3,0,0,,,triagem/nome-caixa-conversao 1.0.0,5,ok
089842,per089842_1909_02835,4,0,0,,,triagem/nome-caixa-conversao 1.0.0,5,ok
089842,per089842_1909_02835,5,0,0,,,triagem/nome-caixa-conversao 1.0.0,5,ok
089842,per089842_1909_02835,6,0,0,,,triagem/nome-caixa-conversao 1.0.0,5,ok
089842,per089842_1909_02835,7,0,0,,,triagem/nome-caixa-conversao 1.0.0,5,ok
089842,per089842_1909_02835,8,0,0,,,triagem/nome-caixa-conversao 1.0.0,5,ok
089842,per089842_1909_02836,1,1,1,caixa do conver,15529,triagem/nome-caixa-conversao 1.0.0,5,ok
089842,per089842_1909_02836,2,0,0,,,triagem/nome-caixa-conversao 1.0.0,5,ok
089842,per089842_1909_02836,3,1,1,caixa de conver,50413,triagem/nome-caixa-conversao 1.0.0,5,ok
089842,per089842_1909_02836,4,0,0,,,triagem/nome-caixa-conversao 1.0.0,5,ok
089842,per089842_1909_02836,5,0,0,,,triagem/nome-caixa-conversao 1.0.0,5,ok
089842,per089842_1909_02836,6,1,1,caixa de conver,12556,triagem/nome-caixa-conversao 1.0.0,5,ok
089842,per089842_1909_02836,7,0,0,,,triagem/nome-caixa-conversao 1.0.0,5,ok
089842,per089842_1909_02836,8,0,0,,,triagem/nome-caixa-conversao 1.0.0,5,ok
089842,per089842_1909_02837,1,0,0,,,triagem/nome-caixa-conversao 1.0.0,5,ok
089842,per089842_1909_02837,2,0,0,,,triagem/nome-caixa-conversao 1.0.0,5,ok
089842,per089842_1909_02837,3,0,0,,,triagem/nome-caixa-conversao 1.0.0,5,ok
089842,per089842_1909_02837,4,0,0,,,triagem/nome-caixa-conversao 1.0.0,5,ok
089842,per089842_1909_02837,5,0,0,,,triagem/nome-caixa-conversao 1.0.0,5,ok
089842,per089842_1909_02837,6,0,0,,,triagem/nome-caixa-conversao 1.0.0,5,ok
089842,per089842_1909_02837,7,0,0,,,triagem/nome-caixa-conversao 1.0.0,5,ok
089842,per089842_1909_02837,8,0,0,,,triagem/nome-caixa-conversao 1.0.0,5,ok
089842,per089842_1909_02838,1,1,1,caixa de conver,12669,triagem/nome-caixa-conversao 1.0.0,5,ok
089842,per089842_1909_02838,2,0,0,,,triagem/nome-caixa-conversao 1.0.0,5,ok
089842,per089842_1909_02838,3,0,0,,,triagem/nome-caixa-conversao 1.0.0,5,ok
089842,per089842_1909_02838,4,0,0,,,triagem/nome-caixa-conversao 1.0.0,5,ok
089842,per089842_1909_02838,5,0,0,,,triagem/nome-caixa-conversao 1.0.0,5,ok
089842,per089842_1909_02838,6,0,0,,,triagem/nome-caixa-conversao 1.0.0,5,ok
089842,per089842_1909_02838,7,0,0,,,triagem/nome-caixa-conversao 1.0.0,5,ok
089842,per089842_1909_02838,8,0,0,,,triagem/nome-caixa-conversao 1.0.0,5,ok
089842,per089842_1909_02839,1,1,5,caixa de conver,8955,triagem/nome-caixa-conversao 1.0.0,5,ok
089842,per089842_1909_02839,2,0,0,,,triagem/nome-caixa-conversao 1.0.0,5,ok
089842,per089842_1909_02839,3,0,0,,,triagem/nome-caixa-conversao 1.0.0,5,ok
089842,per089842_1909_02839,4,0,0,,,triagem/nome-caixa-conversao 1.0.0,5,ok
089842,per089842_1909_02839,5,0,0,,,triagem/nome-caixa-conversao 1.0.0,5,ok
089842,per089842_1909_02839,6,0,0,,,triagem/nome-caixa-conversao 1.0.0,5,ok
089842,per089842_1909_02839,7,0,0,,,triagem/nome-caixa-conversao 1.0.0,5,ok
089842,per089842_1909_02839,8,0,0,,,triagem/nome-caixa-conversao 1.0.0,5,ok
089842,per089842_1909_02840,1,0,0,,,triagem/nome-caixa-conversao 1.0.0,5,ok
089842,per089842_1909_02840,2,0,0,,,triagem/nome-caixa-conversao 1.0.0,5,ok
089842,per089842_1909_02840,3,1,3,caixa de conver,13196,triagem/nome-caixa-conversao 1.0.0,5,ok
089842,per089842_1909_02840,4,0,0,,,triagem/nome-caixa-conversao 1.0.0,5,ok
089842,per089842_1909_02840,5,0,0,,,triagem/nome-caixa-conversao 1.0.0,5,ok
089842,per089842_1909_02840,6,0,0,,,triagem/nome-caixa-conversao 1.0.0,5,ok
089842,per089842_1909_02840,7,0,0,,,triagem/nome-caixa-conversao 1.0.0,5,ok
089842,per089842_1909_02840,8,0,0,,,triagem/nome-caixa-conversao 1.0.0,5,ok
089842,per089842_1909_02840,9,0,0,,,triagem/nome-caixa-conversao 1.0.0,5,ok
089842,per089842_1909_02840,10,0,0,,,triagem/nome-caixa-conversao 1.0.0,5,ok
089842,per089842_1909_02840,11,0,0,,,triagem/nome-caixa-conversao 1.0.0,5,ok
089842,per089842_1909_02840,12,0,0,,,triagem/nome-caixa-conversao 1.0.0,5,ok
089842,per089842_1909_02840,13,0,0,,,triagem/nome-caixa-conversao 1.0.0,5,ok
089842,per089842_1909_02840,14,0,0,,,triagem/nome-caixa-conversao 1.0.0,5,ok
089842,per089842_1909_02841,1,0,0,,,triagem/nome-caixa-conversao 1.0.0,5,ok
089842,per089842_1909_02841,2,0,0,,,triagem/nome-caixa-conversao 1.0.0,5,ok
089842,per089842_1909_02841,3,0,0,,,triagem/nome-caixa-conversao 1.0.0,5,ok
089842,per089842_1909_02841,4,0,0,,,triagem/nome-caixa-conversao 1.0.0,5,ok
089842,per089842_1909_02841,5,0,0,,,triagem/nome-caixa-conversao 1.0.0,5,ok
089842,per089842_1909_02841,6,0,0,,,triagem/nome-caixa-conversao 1.0.0,5,ok
089842,per089842_1909_02841,7,0,0,,,triagem/nome-caixa-conversao 1.0.0,5,ok
089842,per089842_1909_02841,8,0,0,,,triagem/nome-caixa-conversao 1.0.0,5,ok
089842,per089842_1909_02842,1,1,2,caixa de conver,4021,triagem/nome-caixa-conversao 1.0.0,5,ok
089842,per089842_1909_02842,2,0,0,,,triagem/nome-caixa-conversao 1.0.0,5,ok
089842,per089842_1909_02842,3,0,0,,,triagem/nome-caixa-conversao 1.0.0,5,ok
089842,per089842_1909_02842,4,0,0,,,triagem/nome-caixa-conversao 1.0.0,5,ok
089842,per089842_1909_02842,5,0,0,,,triagem/nome-caixa-conversao 1.0.0,5,ok
089842,per089842_1909_02842,6,0,0,,,triagem/nome-caixa-conversao 1.0.0,5,ok
089842,per089842_1909_02842,7,0,0,,,triagem/nome-caixa-conversao 1.0.0,5,ok
089842,per089842_1909_02842,8,0,0,,,triagem/nome-caixa-conversao 1.0.0,5,ok
089842,per089842_1909_02843,1,1,1,caixa de conver,15267,triagem/nome-caixa-conversao 1.0.0,5,ok
089842,per089842_1909_02843,2,0,0,,,triagem/nome-caixa-conversao 1.0.0,5,ok
089842,per089842_1909_02843,3,0,0,,,triagem/nome-caixa-conversao 1.0.0,5,ok
089842,per089842_1909_02843,4,0,0,,,triagem/nome-caixa-conversao 1.0.0,5,ok
089842,per089842_1909_02843,5,0,0,,,triagem/nome-caixa-conversao 1.0.0,5,ok
089842,per089842_1909_02843,6,0,0,,,triagem/nome-caixa-conversao 1.0.0,5,ok
089842,per089842_1909_02843,7,0,0,,,triagem/nome-caixa-conversao 1.0.0,5,ok
089842,per089842_1909_02843,8,0,0,,,triagem/nome-caixa-conversao 1.0.0,5,ok
089842,per089842_1909_02844,1,1,2,caixa dc conver,13110,triagem/nome-caixa-conversao 1.0.0,5,ok
089842,per089842_1909_02844,2,0,0,,,triagem/nome-caixa-conversao 1.0.0,5,ok
089842,per089842_1909_02844,3,0,0,,,triagem/nome-caixa-conversao 1.0.0,5,ok
089842,per089842_1909_02844,4,0,0,,,triagem/nome-caixa-conversao 1.0.0,5,ok
089842,per089842_1909_02844,5,0,0,,,triagem/nome-caixa-conversao 1.0.0,5,ok
089842,per089842_1909_02844,6,0,0,,,triagem/nome-caixa-conversao 1.0.0,5,ok
089842,per089842_1909_02844,7,0,0,,,triagem/nome-caixa-conversao 1.0.0,5,ok
089842,per089842_1909_02844,8,0,0,,,triagem/nome-caixa-conversao 1.0.0,5,ok
089842,per089842_1909_02845,1,0,0,,,triagem/nome-caixa-conversao 1.0.0,5,ok
089842,per089842_1909_02845,2,0,0,,,triagem/nome-caixa-conversao 1.0.0,5,ok
089842,per089842_1909_02845,3,0,0,,,triagem/nome-caixa-conversao 1.0.0,5,ok
089842,per089842_1909_02845,4,0,0,,,triagem/nome-caixa-conversao 1.0.0,5,ok
089842,per089842_1909_02845,5,0,0,,,triagem/nome-caixa-conversao 1.0.0,5,ok
089842,per089842_1909_02845,6,0,0,,,triagem/nome-caixa-conversao 1.0.0,5,ok
089842,per089842_1909_02845,7,0,0,,,triagem/nome-caixa-conversao 1.0.0,5,ok
089842,per089842_1909_02845,8,0,0,,,triagem/nome-caixa-conversao 1.0.0,5,ok
089842,per089842_1909_02845,9,0,0,,,triagem/nome-caixa-conversao 1.0.0,5,ok
089842,per089842_1909_02845,10,0,0,,,triagem/nome-caixa-conversao 1.0.0,5,ok
089842,per089842_1909_02846,1,1,2,caixa de conver,8796,triagem/nome-caixa-conversao 1.0.0,5,ok
089842,per089842_1909_02846,2,0,0,,,triagem/nome-caixa-conversao 1.0.0,5,ok
089842,per089842_1909_02846,3,0,0,,,triagem/nome-caixa-conversao 1.0.0,5,ok
089842,per089842_1909_02846,4,0,0,,,triagem/nome-caixa-conversao 1.0.0,5,ok
089842,per089842_1909_02846,5,0,0,,,triagem/nome-caixa-conversao 1.0.0,5,ok
089842,per089842_1909_02846,6,0,0,,,triagem/nome-caixa-conversao 1.0.0,5,ok
089842,per089842_1909_02846,7,0,0,,,triagem/nome-caixa-conversao 1.0.0,5,ok
089842,per089842_1909_02846,8,0,0,,,triagem/nome-caixa-conversao 1.0.0,5,ok
089842,per089842_1909_02847,1,0,0,,,triagem/nome-caixa-conversao 1.0.0,5,ok
089842,per089842_1909_02847,2,0,0,,,triagem/nome-caixa-conversao 1.0.0,5,ok
089842,per089842_1909_02847,3,1,3,caixa de conver,8670,triagem/nome-caixa-conversao 1.0.0,5,ok
089842,per089842_1909_02847,4,0,0,,,triagem/nome-caixa-conversao 1.0.0,5,ok
089842,per089842_1909_02847,5,0,0,,,triagem/nome-caixa-conversao 1.0.0,5,ok
089842,per089842_1909_02847,6,0,0,,,triagem/nome-caixa-conversao 1.0.0,5,ok
089842,per089842_1909_02847,7,0,0,,,triagem/nome-caixa-conversao 1.0.0,5,ok
089842,per089842_1909_02847,8,0,0,,,triagem/nome-caixa-conversao 1.0.0,5,ok
089842,per089842_1909_02847,9,0,0,,,triagem/nome-caixa-conversao 1.0.0,5,ok
089842,per089842_1909_02847,10,0,0,,,triagem/nome-caixa-conversao 1.0.0,5,ok
089842,per089842_1909_02847,11,0,0,,,triagem/nome-caixa-conversao 1.0.0,5,ok
089842,per089842_1909_02847,12,0,0,,,triagem/nome-caixa-conversao 1.0.0,5,ok
089842,per089842_1909_02847,13,0,0,,,triagem/nome-caixa-conversao 1.0.0,5,ok
089842,per089842_1909_02847,14,0,0,,,triagem/nome-caixa-conversao 1.0.0,5,ok
089842,per089842_1909_02848,1,0,0,,,triagem/nome-caixa-conversao 1.0.0,5,ok
089842,per089842_1909_02848,2,0,0,,,triagem/nome-caixa-conversao 1.0.0,5,ok
089842,per089842_1909_02848,3,0,0,,,triagem/nome-caixa-conversao 1.0.0,5,ok
089842,per089842_1909_02848,4,0,0,,,triagem/nome-caixa-conversao 1.0.0,5,ok
089842,per089842_1909_02848,5,0,0,,,triagem/nome-caixa-conversao 1.0.0,5,ok
089842,per089842_1909_02848,6,0,0,,,triagem/nome-caixa-conversao 1.0.0,5,ok
089842,per089842_1909_02849,1,0,0,,,triagem/nome-caixa-conversao 1.0.0,5,ok
089842,per089842_1909_02849,2,0,0,,,triagem/nome-caixa-conversao 1.0.0,5,ok
089842,per089842_1909_02849,3,0,0,,,triagem/nome-caixa-conversao 1.0.0,5,ok
089842,per089842_1909_02849,4,1,3,caixa de conver,43932,triagem/nome-caixa-conversao 1.0.0,5,ok
089842,per089842_1909_02849,5,0,0,,,triagem/nome-caixa-conversao 1.0.0,5,ok
089842,per089842_1909_02849,6,0,0,,,triagem/nome-caixa-conversao 1.0.0,5,ok
089842,per089842_1909_02849,7,0,0,,,triagem/nome-caixa-conversao 1.0.0,5,ok
089842,per089842_1909_02849,8,0,0,,,triagem/nome-caixa-conversao 1.0.0,5,ok
089842,per089842_1909_02850,1,1,1,caixa de conver,15635,triagem/nome-caixa-conversao 1.0.0,5,ok
089842,per089842_1909_02850,2,0,0,,,triagem/nome-caixa-conversao 1.0.0,5,ok
089842,per089842_1909_02850,3,0,0,,,triagem/nome-caixa-conversao 1.0.0,5,ok
089842,per089842_1909_02850,4,0,0,,,triagem/nome-caixa-conversao 1.0.0,5,ok
089842,per089842_1909_02850,5,0,0,,,triagem/nome-caixa-conversao 1.0.0,5,ok
089842,per089842_1909_02850,6,0,0,,,triagem/nome-caixa-conversao 1.0.0,5,ok
089842,per089842_1909_02850,7,0,0,,,triagem/nome-caixa-conversao 1.0.0,5,ok
089842,per089842_1909_02850,8,0,0,,,triagem/nome-caixa-conversao 1.0.0,5,ok
089842,per089842_1909_02850,9,0,0,,,triagem/nome-caixa-conversao 1.0.0,5,ok
089842,per089842_1909_02850,10,0,0,,,triagem/nome-caixa-conversao 1.0.0,5,ok
089842,per089842_1909_02851,1,1,2,caixa de conver,17930,triagem/nome-caixa-conversao 1.0.0,5,ok
089842,per089842_1909_02851,2,1,1,caixa dc conver,26041,triagem/nome-caixa-conversao 1.0.0,5,ok
089842,per089842_1909_02851,3,0,0,,,triagem/nome-caixa-conversao 1.0.0,5,ok
089842,per089842_1909_02851,4,0,0,,,triagem/nome-caixa-conversao 1.0.0,5,ok
089842,per089842_1909_02851,5,0,0,,,triagem/nome-caixa-conversao 1.0.0,5,ok
089842,per089842_1909_02851,6,0,0,,,triagem/nome-caixa-conversao 1.0.0,5,ok
089842,per089842_1909_02851,7,0,0,,,triagem/nome-caixa-conversao 1.0.0,5,ok
089842,per089842_1909_02851,8,0,0,,,triagem/nome-caixa-conversao 1.0.0,5,ok
089842,per089842_1909_02852,1,0,0,,,triagem/nome-caixa-conversao 1.0.0,5,ok
089842,per089842_1909_02852,2,0,0,,,triagem/nome-caixa-conversao 1.0.0,5,ok
089842,per089842_1909_02852,3,0,0,,,triagem/nome-caixa-conversao 1.0.0,5,ok
089842,per089842_1909_02852,4,0,0,,,triagem/nome-caixa-conversao 1.0.0,5,ok
089842,per089842_1909_02852,5,0,0,,,triagem/nome-caixa-conversao 1.0.0,5,ok
089842,per089842_1909_02852,6,0,0,,,triagem/nome-caixa-conversao 1.0.0,5,ok
089842,per089842_1909_02852,7,0,0,,,triagem/nome-caixa-conversao 1.0.0,5,ok
089842,per089842_1909_02852,8,0,0,,,triagem/nome-caixa-conversao 1.0.0,5,ok
089842,per089842_1909_02853,1,1,2,caixa de conver,8986,triagem/nome-caixa-conversao 1.0.0,5,ok
089842,per089842_1909_02853,2,0,0,,,triagem/nome-caixa-conversao 1.0.0,5,ok
089842,per089842_1909_02853,3,0,0,,,triagem/nome-caixa-conversao 1.0.0,5,ok
089842,per089842_1909_02853,4,0,0,,,triagem/nome-caixa-conversao 1.0.0,5,ok
089842,per089842_1909_02853,5,0,0,,,triagem/nome-caixa-conversao 1.0.0,5,ok
089842,per089842_1909_02853,6,0,0,,,triagem/nome-caixa-conversao 1.0.0,5,ok
089842,per089842_1909_02853,7,0,0,,,triagem/nome-caixa-conversao 1.0.0,5,ok
089842,per089842_1909_02853,8,0,0,,,triagem/nome-caixa-conversao 1.0.0,5,ok
089842,per089842_1909_02854,1,0,0,,,triagem/nome-caixa-conversao 1.0.0,5,ok
089842,per089842_1909_02854,2,0,0,,,triagem/nome-caixa-conversao 1.0.0,5,ok
089842,per089842_1909_02854,3,0,0,,,triagem/nome-caixa-conversao 1.0.0,5,ok
089842,per089842_1909_02854,4,0,0,,,triagem/nome-caixa-conversao 1.0.0,5,ok
089842,per089842_1909_02854,5,0,0,,,triagem/nome-caixa-conversao 1.0.0,5,ok
089842,per089842_1909_02854,6,0,0,,,triagem/nome-caixa-conversao 1.0.0,5,ok
089842,per089842_1909_02854,7,0,0,,,triagem/nome-caixa-conversao 1.0.0,5,ok
089842,per089842_1909_02854,8,0,0,,,triagem/nome-caixa-conversao 1.0.0,5,ok
089842,per089842_1909_02854,9,0,0,,,triagem/nome-caixa-conversao 1.0.0,5,ok
089842,per089842_1909_02854,10,0,0,,,triagem/nome-caixa-conversao 1.0.0,5,ok
089842,per089842_1909_02854,11,0,0,,,triagem/nome-caixa-conversao 1.0.0,5,ok
089842,per089842_1909_02854,12,1,1,caixa do conver,9018,triagem/nome-caixa-conversao 1.0.0,5,ok
089842,per089842_1909_02854,13,0,0,,,triagem/nome-caixa-conversao 1.0.0,5,ok
089842,per089842_1909_02854,14,0,0,,,triagem/nome-caixa-conversao 1.0.0,5,ok
089842,per089842_1909_02855,1,0,0,,,triagem/nome-caixa-conversao 1.0.0,5,ok
089842,per089842_1909_02855,2,0,0,,,triagem/nome-caixa-conversao 1.0.0,5,ok
089842,per089842_1909_02855,3,0,0,,,triagem/nome-caixa-conversao 1.0.0,5,ok
089842,per089842_1909_02855,4,0,0,,,triagem/nome-caixa-conversao 1.0.0,5,ok
089842,per089842_1909_02855,5,0,0,,,triagem/nome-caixa-conversao 1.0.0,5,ok
089842,per089842_1909_02855,6,0,0,,,triagem/nome-caixa-conversao 1.0.0,5,ok
089842,per089842_1909_02856,1,1,1,caixa de conver,12269,triagem/nome-caixa-conversao 1.0.0,5,ok
089842,per089842_1909_02856,2,0,0,,,triagem/nome-caixa-conversao 1.0.0,5,ok
089842,per089842_1909_02856,3,0,0,,,triagem/nome-caixa-conversao 1.0.0,5,ok
089842,per089842_1909_02856,4,0,0,,,triagem/nome-caixa-conversao 1.0.0,5,ok
089842,per089842_1909_02856,5,0,0,,,triagem/nome-caixa-conversao 1.0.0,5,ok
089842,per089842_1909_02856,6,0,0,,,triagem/nome-caixa-conversao 1.0.0,5,ok
089842,per089842_1909_02856,7,0,0,,,triagem/nome-caixa-conversao 1.0.0,5,ok
089842,per089842_1909_02856,8,0,0,,,triagem/nome-caixa-conversao 1.0.0,5,ok
089842,per089842_1909_02857,1,1,2,caixa de conver,1566,triagem/nome-caixa-conversao 1.0.0,5,ok
089842,per089842_1909_02857,2,0,0,,,triagem/nome-caixa-conversao 1.0.0,5,ok
089842,per089842_1909_02857,3,0,0,,,triagem/nome-caixa-conversao 1.0.0,5,ok
089842,per089842_1909_02857,4,1,1,caixa deconver,9166,triagem/nome-caixa-conversao 1.0.0,5,ok
089842,per089842_1909_02857,5,0,0,,,triagem/nome-caixa-conversao 1.0.0,5,ok
089842,per089842_1909_02857,6,0,0,,,triagem/nome-caixa-conversao 1.0.0,5,ok
089842,per089842_1909_02857,7,0,0,,,triagem/nome-caixa-conversao 1.0.0,5,ok
089842,per089842_1909_02857,8,0,0,,,triagem/nome-caixa-conversao 1.0.0,5,ok
089842,per089842_1909_02858,1,1,2,caixa de conver,15968,triagem/nome-caixa-conversao 1.0.0,5,ok
089842,per089842_1909_02858,2,0,0,,,triagem/nome-caixa-conversao 1.0.0,5,ok
089842,per089842_1909_02858,3,0,0,,,triagem/nome-caixa-conversao 1.0.0,5,ok
089842,per089842_1909_02858,4,0,0,,,triagem/nome-caixa-conversao 1.0.0,5,ok
089842,per089842_1909_02858,5,0,0,,,triagem/nome-caixa-conversao 1.0.0,5,ok
089842,per089842_1909_02858,6,0,0,,,triagem/nome-caixa-conversao 1.0.0,5,ok
089842,per089842_1909_02858,7,0,0,,,triagem/nome-caixa-conversao 1.0.0,5,ok
089842,per089842_1909_02858,8,0,0,,,triagem/nome-caixa-conversao 1.0.0,5,ok
089842,per089842_1909_02858,9,0,0,,,triagem/nome-caixa-conversao 1.0.0,5,ok
089842,per089842_1909_02858,10,0,0,,,triagem/nome-caixa-conversao 1.0.0,5,ok
089842,per089842_1909_02859,1,0,0,,,triagem/nome-caixa-conversao 1.0.0,5,ok
089842,per089842_1909_02859,2,0,0,,,triagem/nome-caixa-conversao 1.0.0,5,ok
089842,per089842_1909_02859,3,0,0,,,triagem/nome-caixa-conversao 1.0.0,5,ok
089842,per089842_1909_02859,4,0,0,,,triagem/nome-caixa-conversao 1.0.0,5,ok
089842,per089842_1909_02859,5,0,0,,,triagem/nome-caixa-conversao 1.0.0,5,ok
089842,per089842_1909_02859,6,0,0,,,triagem/nome-caixa-conversao 1.0.0,5,ok
089842,per089842_1909_02860,1,1,1,caixa dc conver,8744,triagem/nome-caixa-conversao 1.0.0,5,ok
089842,per089842_1909_02860,2,0,0,,,triagem/nome-caixa-conversao 1.0.0,5,ok
089842,per089842_1909_02860,3,0,0,,,triagem/nome-caixa-conversao 1.0.0,5,ok
089842,per089842_1909_02860,4,0,0,,,triagem/nome-caixa-conversao 1.0.0,5,ok
089842,per089842_1909_02860,5,0,0,,,triagem/nome-caixa-conversao 1.0.0,5,ok
089842,per089842_1909_02860,6,0,0,,,triagem/nome-caixa-conversao 1.0.0,5,ok
089842,per089842_1909_02860,7,0,0,,,triagem/nome-caixa-conversao 1.0.0,5,ok
089842,per089842_1909_02860,8,0,0,,,triagem/nome-caixa-conversao 1.0.0,5,ok
089842,per089842_1909_02861,1,0,0,,,triagem/nome-caixa-conversao 1.0.0,5,ok
089842,per089842_1909_02861,2,0,0,,,triagem/nome-caixa-conversao 1.0.0,5,ok
089842,per089842_1909_02861,3,1,2,caixa de conver,12672,triagem/nome-caixa-conversao 1.0.0,5,ok
089842,per089842_1909_02861,4,0,0,,,triagem/nome-caixa-conversao 1.0.0,5,ok
089842,per089842_1909_02861,5,0,0,,,triagem/nome-caixa-conversao 1.0.0,5,ok
089842,per089842_1909_02861,6,0,0,,,triagem/nome-caixa-conversao 1.0.0,5,ok
089842,per089842_1909_02861,7,0,0,,,triagem/nome-caixa-conversao 1.0.0,5,ok
089842,per089842_1909_02861,8,0,0,,,triagem/nome-caixa-conversao 1.0.0,5,ok
089842,per089842_1909_02861,9,0,0,,,triagem/nome-caixa-conversao 1.0.0,5,ok
089842,per089842_1909_02861,10,0,0,,,triagem/nome-caixa-conversao 1.0.0,5,ok
089842,per089842_1909_02861,11,0,0,,,triagem/nome-caixa-conversao 1.0.0,5,ok
089842,per089842_1909_02861,12,0,0,,,triagem/nome-caixa-conversao 1.0.0,5,ok
089842,per089842_1909_02862,1,0,0,,,triagem/nome-caixa-conversao 1.0.0,5,ok
089842,per089842_1909_02862,2,0,0,,,triagem/nome-caixa-conversao 1.0.0,5,ok
089842,per089842_1909_02862,3,0,0,,,triagem/nome-caixa-conversao 1.0.0,5,ok
089842,per089842_1909_02862,4,0,0,,,triagem/nome-caixa-conversao 1.0.0,5,ok
089842,per089842_1909_02862,5,0,0,,,triagem/nome-caixa-conversao 1.0.0,5,ok
089842,per089842_1909_02862,6,0,0,,,triagem/nome-caixa-conversao 1.0.0,5,ok
089842,per089842_1909_02863,1,1,1,caixa de conver,20924,triagem/nome-caixa-conversao 1.0.0,5,ok
089842,per089842_1909_02863,2,0,0,,,triagem/nome-caixa-conversao 1.0.0,5,ok
089842,per089842_1909_02863,3,0,0,,,triagem/nome-caixa-conversao 1.0.0,5,ok
089842,per089842_1909_02863,4,0,0,,,triagem/nome-caixa-conversao 1.0.0,5,ok
089842,per089842_1909_02863,5,0,0,,,triagem/nome-caixa-conversao 1.0.0,5,ok
089842,per089842_1909_02863,6,0,0,,,triagem/nome-caixa-conversao 1.0.0,5,ok
089842,per089842_1909_02863,7,0,0,,,triagem/nome-caixa-conversao 1.0.0,5,ok
089842,per089842_1909_02863,8,0,0,,,triagem/nome-caixa-conversao 1.0.0,5,ok
089842,per089842_1909_02864,1,1,1,caixa dc conver,24713,triagem/nome-caixa-conversao 1.0.0,5,ok
089842,per089842_1909_02864,2,0,0,,,triagem/nome-caixa-conversao 1.0.0,5,ok
089842,per089842_1909_02864,3,0,0,,,triagem/nome-caixa-conversao 1.0.0,5,ok
089842,per089842_1909_02864,4,0,0,,,triagem/nome-caixa-conversao 1.0.0,5,ok
089842,per089842_1909_02864,5,0,0,,,triagem/nome-caixa-conversao 1.0.0,5,ok
089842,per089842_1909_02864,6,0,0,,,triagem/nome-caixa-conversao 1.0.0,5,ok
089842,per089842_1909_02864,7,0,0,,,triagem/nome-caixa-conversao 1.0.0,5,ok
089842,per089842_1909_02864,8,0,0,,,triagem/nome-caixa-conversao 1.0.0,5,ok
089842,per089842_1909_02865,1,0,0,,,triagem/nome-caixa-conversao 1.0.0,5,ok
089842,per089842_1909_02865,2,0,0,,,triagem/nome-caixa-conversao 1.0.0,5,ok
089842,per089842_1909_02865,3,0,0,,,triagem/nome-caixa-conversao 1.0.0,5,ok
089842,per089842_1909_02865,4,0,0,,,triagem/nome-caixa-conversao 1.0.0,5,ok
089842,per089842_1909_02865,5,1,2,caixa dc conver,24992,triagem/nome-caixa-conversao 1.0.0,5,ok
089842,per089842_1909_02865,6,0,0,,,triagem/nome-caixa-conversao 1.0.0,5,ok
089842,per089842_1909_02865,7,0,0,,,triagem/nome-caixa-conversao 1.0.0,5,ok
089842,per089842_1909_02865,8,0,0,,,triagem/nome-caixa-conversao 1.0.0,5,ok
089842,per089842_1909_02865,9,0,0,,,triagem/nome-caixa-conversao 1.0.0,5,ok
089842,per089842_1909_02865,10,0,0,,,triagem/nome-caixa-conversao 1.0.0,5,ok
089842,per089842_1909_02866,1,0,0,,,triagem/nome-caixa-conversao 1.0.0,5,ok
089842,per089842_1909_02866,2,0,0,,,triagem/nome-caixa-conversao 1.0.0,5,ok
089842,per089842_1909_02866,3,0,0,,,triagem/nome-caixa-conversao 1.0.0,5,ok
089842,per089842_1909_02866,4,0,0,,,triagem/nome-caixa-conversao 1.0.0,5,ok
089842,per089842_1909_02866,5,0,0,,,triagem/nome-caixa-conversao 1.0.0,5,ok
089842,per089842_1909_02866,6,0,0,,,triagem/nome-caixa-conversao 1.0.0,5,ok
089842,per089842_1909_02866,7,0,0,,,triagem/nome-caixa-conversao 1.0.0,5,ok
089842,per089842_1909_02866,8,0,0,,,triagem/nome-caixa-conversao 1.0.0,5,ok
089842,per089842_1909_02867,1,1,1,caixa de conver,19932,triagem/nome-caixa-conversao 1.0.0,5,ok
089842,per089842_1909_02867,2,0,0,,,triagem/nome-caixa-conversao 1.0.0,5,ok
089842,per089842_1909_02867,3,0,0,,,triagem/nome-caixa-conversao 1.0.0,5,ok
089842,per089842_1909_02867,4,0,0,,,triagem/nome-caixa-conversao 1.0.0,5,ok
089842,per089842_1909_02867,5,0,0,,,triagem/nome-caixa-conversao 1.0.0,5,ok
089842,per089842_1909_02867,6,0,0,,,triagem/nome-caixa-conversao 1.0.0,5,ok
089842,per089842_1909_02867,7,0,0,,,triagem/nome-caixa-conversao 1.0.0,5,ok
089842,per089842_1909_02867,8,0,0,,,triagem/nome-caixa-conversao 1.0.0,5,ok
089842,per089842_1909_02868,1,0,0,,,triagem/nome-caixa-conversao 1.0.0,5,ok
089842,per089842_1909_02868,2,0,0,,,triagem/nome-caixa-conversao 1.0.0,5,ok
089842,per089842_1909_02868,3,1,1,caixa de conver,10248,triagem/nome-caixa-conversao 1.0.0,5,ok
089842,per089842_1909_02868,4,0,0,,,triagem/nome-caixa-conversao 1.0.0,5,ok
089842,per089842_1909_02868,5,0,0,,,triagem/nome-caixa-conversao 1.0.0,5,ok
089842,per089842_1909_02868,6,0,0,,,triagem/nome-caixa-conversao 1.0.0,5,ok
089842,per089842_1909_02868,7,0,0,,,triagem/nome-caixa-conversao 1.0.0,5,ok
089842,per089842_1909_02868,8,0,0,,,triagem/nome-caixa-conversao 1.0.0,5,ok
089842,per089842_1909_02868,9,0,0,,,triagem/nome-caixa-conversao 1.0.0,5,ok
089842,per089842_1909_02868,10,0,0,,,triagem/nome-caixa-conversao 1.0.0,5,ok
089842,per089842_1909_02868,11,0,0,,,triagem/nome-caixa-conversao 1.0.0,5,ok
089842,per089842_1909_02868,12,0,0,,,triagem/nome-caixa-conversao 1.0.0,5,ok
089842,per089842_1909_02869,1,0,0,,,triagem/nome-caixa-conversao 1.0.0,5,ok
089842,per089842_1909_02869,2,0,0,,,triagem/nome-caixa-conversao 1.0.0,5,ok
089842,per089842_1909_02869,3,0,0,,,triagem/nome-caixa-conversao 1.0.0,5,ok
089842,per089842_1909_02869,4,0,0,,,triagem/nome-caixa-conversao 1.0.0,5,ok
089842,per089842_1909_02869,5,0,0,,,triagem/nome-caixa-conversao 1.0.0,5,ok
089842,per089842_1909_02869,6,0,0,,,triagem/nome-caixa-conversao 1.0.0,5,ok
089842,per089842_1909_02870,1,0,0,,,triagem/nome-caixa-conversao 1.0.0,5,ok
089842,per089842_1909_02870,2,0,0,,,triagem/nome-caixa-conversao 1.0.0,5,ok
089842,per089842_1909_02870,3,0,0,,,triagem/nome-caixa-conversao 1.0.0,5,ok
089842,per089842_1909_02870,4,0,0,,,triagem/nome-caixa-conversao 1.0.0,5,ok
089842,per089842_1909_02870,5,0,0,,,triagem/nome-caixa-conversao 1.0.0,5,ok
089842,per089842_1909_02870,6,0,0,,,triagem/nome-caixa-conversao 1.0.0,5,ok
089842,per089842_1909_02870,7,0,0,,,triagem/nome-caixa-conversao 1.0.0,5,ok
089842,per089842_1909_02870,8,0,0,,,triagem/nome-caixa-conversao 1.0.0,5,ok
089842,per089842_1909_02871,1,1,2,caixa de conver,7881,triagem/nome-caixa-conversao 1.0.0,5,ok
089842,per089842_1909_02871,2,0,0,,,triagem/nome-caixa-conversao 1.0.0,5,ok
089842,per089842_1909_02871,3,0,0,,,triagem/nome-caixa-conversao 1.0.0,5,ok
089842,per089842_1909_02871,4,0,0,,,triagem/nome-caixa-conversao 1.0.0,5,ok
089842,per089842_1909_02871,5,0,0,,,triagem/nome-caixa-conversao 1.0.0,5,ok
089842,per089842_1909_02871,6,0,0,,,triagem/nome-caixa-conversao 1.0.0,5,ok
089842,per089842_1909_02871,7,0,0,,,triagem/nome-caixa-conversao 1.0.0,5,ok
089842,per089842_1909_02871,8,0,0,,,triagem/nome-caixa-conversao 1.0.0,5,ok
089842,per089842_1909_02872,1,1,1,caixa dc conver,20515,triagem/nome-caixa-conversao 1.0.0,5,ok
089842,per089842_1909_02872,2,0,0,,,triagem/nome-caixa-conversao 1.0.0,5,ok
089842,per089842_1909_02872,3,0,0,,,triagem/nome-caixa-conversao 1.0.0,5,ok
089842,per089842_1909_02872,4,0,0,,,triagem/nome-caixa-conversao 1.0.0,5,ok
089842,per089842_1909_02872,5,0,0,,,triagem/nome-caixa-conversao 1.0.0,5,ok
089842,per089842_1909_02872,6,0,0,,,triagem/nome-caixa-conversao 1.0.0,5,ok
089842,per089842_1909_02872,7,0,0,,,triagem/nome-caixa-conversao 1.0.0,5,ok
089842,per089842_1909_02872,8,0,0,,,triagem/nome-caixa-conversao 1.0.0,5,ok
089842,per089842_1909_02873,1,1,1,caixa de conver,11782,triagem/nome-caixa-conversao 1.0.0,5,ok
089842,per089842_1909_02873,2,0,0,,,triagem/nome-caixa-conversao 1.0.0,5,ok
089842,per089842_1909_02873,3,0,0,,,triagem/nome-caixa-conversao 1.0.0,5,ok
089842,per089842_1909_02873,4,0,0,,,triagem/nome-caixa-conversao 1.0.0,5,ok
089842,per089842_1909_02873,5,0,0,,,triagem/nome-caixa-conversao 1.0.0,5,ok
089842,per089842_1909_02873,6,0,0,,,triagem/nome-caixa-conversao 1.0.0,5,ok
089842,per089842_1909_02873,7,0,0,,,triagem/nome-caixa-conversao 1.0.0,5,ok
089842,per089842_1909_02873,8,0,0,,,triagem/nome-caixa-conversao 1.0.0,5,ok
089842,per089842_1909_02874,1,1,1,caixa de conver,12174,triagem/nome-caixa-conversao 1.0.0,5,ok
089842,per089842_1909_02874,2,0,0,,,triagem/nome-caixa-conversao 1.0.0,5,ok
089842,per089842_1909_02874,3,0,0,,,triagem/nome-caixa-conversao 1.0.0,5,ok
089842,per089842_1909_02874,4,0,0,,,triagem/nome-caixa-conversao 1.0.0,5,ok
089842,per089842_1909_02874,5,0,0,,,triagem/nome-caixa-conversao 1.0.0,5,ok
089842,per089842_1909_02874,6,0,0,,,triagem/nome-caixa-conversao 1.0.0,5,ok
089842,per089842_1909_02874,7,0,0,,,triagem/nome-caixa-conversao 1.0.0,5,ok
089842,per089842_1909_02874,8,0,0,,,triagem/nome-caixa-conversao 1.0.0,5,ok
089842,per089842_1909_02875,1,0,0,,,triagem/nome-caixa-conversao 1.0.0,5,ok
089842,per089842_1909_02875,2,0,0,,,triagem/nome-caixa-conversao 1.0.0,5,ok
089842,per089842_1909_02875,3,0,0,,,triagem/nome-caixa-conversao 1.0.0,5,ok
089842,per089842_1909_02875,4,0,0,,,triagem/nome-caixa-conversao 1.0.0,5,ok
089842,per089842_1909_02875,5,0,0,,,triagem/nome-caixa-conversao 1.0.0,5,ok
089842,per089842_1909_02875,6,0,0,,,triagem/nome-caixa-conversao 1.0.0,5,ok
089842,per089842_1909_02875,7,0,0,,,triagem/nome-caixa-conversao 1.0.0,5,ok
089842,per089842_1909_02875,8,0,0,,,triagem/nome-caixa-conversao 1.0.0,5,ok
089842,per089842_1909_02875,9,0,0,,,triagem/nome-caixa-conversao 1.0.0,5,ok
089842,per089842_1909_02875,10,0,0,,,triagem/nome-caixa-conversao 1.0.0,5,ok
089842,per089842_1909_02875,11,0,0,,,triagem/nome-caixa-conversao 1.0.0,5,ok
089842,per089842_1909_02875,12,0,0,,,triagem/nome-caixa-conversao 1.0.0,5,ok
089842,per089842_1909_02875,13,0,0,,,triagem/nome-caixa-conversao 1.0.0,5,ok
089842,per089842_1909_02875,14,0,0,,,triagem/nome-caixa-conversao 1.0.0,5,ok
089842,per089842_1909_02876,1,0,0,,,triagem/nome-caixa-conversao 1.0.0,5,ok
089842,per089842_1909_02876,2,0,0,,,triagem/nome-caixa-conversao 1.0.0,5,ok
089842,per089842_1909_02876,3,0,0,,,triagem/nome-caixa-conversao 1.0.0,5,ok
089842,per089842_1909_02876,4,0,0,,,triagem/nome-caixa-conversao 1.0.0,5,ok
089842,per089842_1909_02876,5,0,0,,,triagem/nome-caixa-conversao 1.0.0,5,ok
089842,per089842_1909_02876,6,0,0,,,triagem/nome-caixa-conversao 1.0.0,5,ok
089842,per089842_1909_02877,1,0,0,,,triagem/nome-caixa-conversao 1.0.0,5,ok
089842,per089842_1909_02877,2,0,0,,,triagem/nome-caixa-conversao 1.0.0,5,ok
089842,per089842_1909_02877,3,0,0,,,triagem/nome-caixa-conversao 1.0.0,5,ok
089842,per089842_1909_02877,4,0,0,,,triagem/nome-caixa-conversao 1.0.0,5,ok
089842,per089842_1909_02877,5,0,0,,,triagem/nome-caixa-conversao 1.0.0,5,ok
089842,per089842_1909_02877,6,0,0,,,triagem/nome-caixa-conversao 1.0.0,5,ok
089842,per089842_1909_02877,7,0,0,,,triagem/nome-caixa-conversao 1.0.0,5,ok
089842,per089842_1909_02877,8,0,0,,,triagem/nome-caixa-conversao 1.0.0,5,ok
089842,per089842_1909_02877,9,0,0,,,triagem/nome-caixa-conversao 1.0.0,5,ok
089842,per089842_1909_02877,10,0,0,,,triagem/nome-caixa-conversao 1.0.0,5,ok
089842,per089842_1909_02878,1,1,2,caixa de conver,8659,triagem/nome-caixa-conversao 1.0.0,5,ok
089842,per089842_1909_02878,2,0,0,,,triagem/nome-caixa-conversao 1.0.0,5,ok
089842,per089842_1909_02878,3,0,0,,,triagem/nome-caixa-conversao 1.0.0,5,ok
089842,per089842_1909_02878,4,0,0,,,triagem/nome-caixa-conversao 1.0.0,5,ok
089842,per089842_1909_02878,5,0,0,,,triagem/nome-caixa-conversao 1.0.0,5,ok
089842,per089842_1909_02878,6,0,0,,,triagem/nome-caixa-conversao 1.0.0,5,ok
089842,per089842_1909_02878,7,0,0,,,triagem/nome-caixa-conversao 1.0.0,5,ok
089842,per089842_1909_02878,8,0,0,,,triagem/nome-caixa-conversao 1.0.0,5,ok
089842,per089842_1909_02879,1,1,1,caixa deconver,14675,triagem/nome-caixa-conversao 1.0.0,5,ok
089842,per089842_1909_02879,2,1,1,caixa de conver,19421,triagem/nome-caixa-conversao 1.0.0,5,ok
089842,per089842_1909_02879,3,0,0,,,triagem/nome-caixa-conversao 1.0.0,5,ok
089842,per089842_1909_02879,4,0,0,,,triagem/nome-caixa-conversao 1.0.0,5,ok
089842,per089842_1909_02879,5,0,0,,,triagem/nome-caixa-conversao 1.0.0,5,ok
089842,per089842_1909_02879,6,0,0,,,triagem/nome-caixa-conversao 1.0.0,5,ok
089842,per089842_1909_02879,7,0,0,,,triagem/nome-caixa-conversao 1.0.0,5,ok
089842,per089842_1909_02879,8,0,0,,,triagem/nome-caixa-conversao 1.0.0,5,ok
089842,per089842_1909_02880,1,1,2,caixa de conver,13343,triagem/nome-caixa-conversao 1.0.0,5,ok
089842,per089842_1909_02880,2,0,0,,,triagem/nome-caixa-conversao 1.0.0,5,ok
089842,per089842_1909_02880,3,0,0,,,triagem/nome-caixa-conversao 1.0.0,5,ok
089842,per089842_1909_02880,4,0,0,,,triagem/nome-caixa-conversao 1.0.0,5,ok
089842,per089842_1909_02880,5,0,0,,,triagem/nome-caixa-conversao 1.0.0,5,ok
089842,per089842_1909_02880,6,0,0,,,triagem/nome-caixa-conversao 1.0.0,5,ok
089842,per089842_1909_02880,7,0,0,,,triagem/nome-caixa-conversao 1.0.0,5,ok
089842,per089842_1909_02880,8,0,0,,,triagem/nome-caixa-conversao 1.0.0,5,ok
089842,per089842_1909_02881,1,1,2,caixa de conver,13903,triagem/nome-caixa-conversao 1.0.0,5,ok
089842,per089842_1909_02881,2,0,0,,,triagem/nome-caixa-conversao 1.0.0,5,ok
089842,per089842_1909_02881,3,0,0,,,triagem/nome-caixa-conversao 1.0.0,5,ok
089842,per089842_1909_02881,4,0,0,,,triagem/nome-caixa-conversao 1.0.0,5,ok
089842,per089842_1909_02881,5,0,0,,,triagem/nome-caixa-conversao 1.0.0,5,ok
089842,per089842_1909_02881,6,0,0,,,triagem/nome-caixa-conversao 1.0.0,5,ok
089842,per089842_1909_02881,7,0,0,,,triagem/nome-caixa-conversao 1.0.0,5,ok
089842,per089842_1909_02881,8,0,0,,,triagem/nome-caixa-conversao 1.0.0,5,ok
089842,per089842_1909_02882,1,0,0,,,triagem/nome-caixa-conversao 1.0.0,5,ok
089842,per089842_1909_02882,2,0,0,,,triagem/nome-caixa-conversao 1.0.0,5,ok
089842,per089842_1909_02882,3,1,2,caixa de conver,13727,triagem/nome-caixa-conversao 1.0.0,5,ok
089842,per089842_1909_02882,4,0,0,,,triagem/nome-caixa-conversao 1.0.0,5,ok
089842,per089842_1909_02882,5,0,0,,,triagem/nome-caixa-conversao 1.0.0,5,ok
089842,per089842_1909_02882,6,0,0,,,triagem/nome-caixa-conversao 1.0.0,5,ok
089842,per089842_1909_02882,7,0,0,,,triagem/nome-caixa-conversao 1.0.0,5,ok
089842,per089842_1909_02882,8,0,0,,,triagem/nome-caixa-conversao 1.0.0,5,ok
089842,per089842_1909_02882,9,0,0,,,triagem/nome-caixa-conversao 1.0.0,5,ok
089842,per089842_1909_02882,10,0,0,,,triagem/nome-caixa-conversao 1.0.0,5,ok
089842,per089842_1909_02882,11,0,0,,,triagem/nome-caixa-conversao 1.0.0,5,ok
089842,per089842_1909_02882,12,0,0,,,triagem/nome-caixa-conversao 1.0.0,5,ok
089842,per089842_1909_02882,13,0,0,,,triagem/nome-caixa-conversao 1.0.0,5,ok
089842,per089842_1909_02882,14,0,0,,,triagem/nome-caixa-conversao 1.0.0,5,ok
089842,per089842_1909_02883,1,0,0,,,triagem/nome-caixa-conversao 1.0.0,5,ok
089842,per089842_1909_02883,2,0,0,,,triagem/nome-caixa-conversao 1.0.0,5,ok
089842,per089842_1909_02883,3,0,0,,,triagem/nome-caixa-conversao 1.0.0,5,ok
089842,per089842_1909_02883,4,0,0,,,triagem/nome-caixa-conversao 1.0.0,5,ok
089842,per089842_1909_02883,5,0,0,,,triagem/nome-caixa-conversao 1.0.0,5,ok
089842,per089842_1909_02883,6,0,0,,,triagem/nome-caixa-conversao 1.0.0,5,ok
089842,per089842_1909_02883,7,0,0,,,triagem/nome-caixa-conversao 1.0.0,5,ok
089842,per089842_1909_02883,8,0,0,,,triagem/nome-caixa-conversao 1.0.0,5,ok
089842,per089842_1909_02884,1,0,0,,,triagem/nome-caixa-conversao 1.0.0,5,ok
089842,per089842_1909_02884,2,0,0,,,triagem/nome-caixa-conversao 1.0.0,5,ok
089842,per089842_1909_02884,3,0,0,,,triagem/nome-caixa-conversao 1.0.0,5,ok
089842,per089842_1909_02884,4,0,0,,,triagem/nome-caixa-conversao 1.0.0,5,ok
089842,per089842_1909_02884,5,0,0,,,triagem/nome-caixa-conversao 1.0.0,5,ok
089842,per089842_1909_02884,6,0,0,,,triagem/nome-caixa-conversao 1.0.0,5,ok
089842,per089842_1909_02884,7,0,0,,,triagem/nome-caixa-conversao 1.0.0,5,ok
089842,per089842_1909_02884,8,0,0,,,triagem/nome-caixa-conversao 1.0.0,5,ok
089842,per089842_1909_02886,1,0,0,,,triagem/nome-caixa-conversao 1.0.0,5,ok
089842,per089842_1909_02886,2,0,0,,,triagem/nome-caixa-conversao 1.0.0,5,ok
089842,per089842_1909_02886,3,0,0,,,triagem/nome-caixa-conversao 1.0.0,5,ok
089842,per089842_1909_02886,4,0,0,,,triagem/nome-caixa-conversao 1.0.0,5,ok
089842,per089842_1909_02886,5,0,0,,,triagem/nome-caixa-conversao 1.0.0,5,ok
089842,per089842_1909_02886,6,0,0,,,triagem/nome-caixa-conversao 1.0.0,5,ok
089842,per089842_1909_02886,7,0,0,,,triagem/nome-caixa-conversao 1.0.0,5,ok
089842,per089842_1909_02886,8,0,0,,,triagem/nome-caixa-conversao 1.0.0,5,ok
089842,per089842_1909_02887,1,1,1,caixa de conver,10697,triagem/nome-caixa-conversao 1.0.0,5,ok
089842,per089842_1909_02887,2,0,0,,,triagem/nome-caixa-conversao 1.0.0,5,ok
089842,per089842_1909_02887,3,0,0,,,triagem/nome-caixa-conversao 1.0.0,5,ok
089842,per089842_1909_02887,4,0,0,,,triagem/nome-caixa-conversao 1.0.0,5,ok
089842,per089842_1909_02887,5,0,0,,,triagem/nome-caixa-conversao 1.0.0,5,ok
089842,per089842_1909_02887,6,0,0,,,triagem/nome-caixa-conversao 1.0.0,5,ok
089842,per089842_1909_02887,7,0,0,,,triagem/nome-caixa-conversao 1.0.0,5,ok
089842,per089842_1909_02887,8,0,0,,,triagem/nome-caixa-conversao 1.0.0,5,ok
089842,per089842_1909_02888,1,0,0,,,triagem/nome-caixa-conversao 1.0.0,5,ok
089842,per089842_1909_02888,2,0,0,,,triagem/nome-caixa-conversao 1.0.0,5,ok
089842,per089842_1909_02888,3,1,1,caixa deconver,17910,triagem/nome-caixa-conversao 1.0.0,5,ok
089842,per089842_1909_02888,4,0,0,,,triagem/nome-caixa-conversao 1.0.0,5,ok
089842,per089842_1909_02888,5,0,0,,,triagem/nome-caixa-conversao 1.0.0,5,ok
089842,per089842_1909_02888,6,0,0,,,triagem/nome-caixa-conversao 1.0.0,5,ok
089842,per089842_1909_02888,7,0,0,,,triagem/nome-caixa-conversao 1.0.0,5,ok
089842,per089842_1909_02888,8,0,0,,,triagem/nome-caixa-conversao 1.0.0,5,ok
089842,per089842_1909_02888,9,0,0,,,triagem/nome-caixa-conversao 1.0.0,5,ok
089842,per089842_1909_02888,10,0,0,,,triagem/nome-caixa-conversao 1.0.0,5,ok
089842,per089842_1909_02888,11,0,0,,,triagem/nome-caixa-conversao 1.0.0,5,ok
089842,per089842_1909_02888,12,0,0,,,triagem/nome-caixa-conversao 1.0.0,5,ok
089842,per089842_1909_02888,13,0,0,,,triagem/nome-caixa-conversao 1.0.0,5,ok
089842,per089842_1909_02888,14,0,0,,,triagem/nome-caixa-conversao 1.0.0,5,ok
089842,per089842_1909_02889,1,0,0,,,triagem/nome-caixa-conversao 1.0.0,5,ok
089842,per089842_1909_02889,2,0,0,,,triagem/nome-caixa-conversao 1.0.0,5,ok
089842,per089842_1909_02889,3,0,0,,,triagem/nome-caixa-conversao 1.0.0,5,ok
089842,per089842_1909_02889,4,0,0,,,triagem/nome-caixa-conversao 1.0.0,5,ok
089842,per089842_1909_02889,5,0,0,,,triagem/nome-caixa-conversao 1.0.0,5,ok
089842,per089842_1909_02889,6,0,0,,,triagem/nome-caixa-conversao 1.0.0,5,ok
089842,per089842_1909_02890,1,1,1,caixade conver,17844,triagem/nome-caixa-conversao 1.0.0,5,ok
089842,per089842_1909_02890,2,0,0,,,triagem/nome-caixa-conversao 1.0.0,5,ok
089842,per089842_1909_02890,3,0,0,,,triagem/nome-caixa-conversao 1.0.0,5,ok
089842,per089842_1909_02890,4,0,0,,,triagem/nome-caixa-conversao 1.0.0,5,ok
089842,per089842_1909_02890,5,0,0,,,triagem/nome-caixa-conversao 1.0.0,5,ok
089842,per089842_1909_02890,6,0,0,,,triagem/nome-caixa-conversao 1.0.0,5,ok
089842,per089842_1909_02890,7,0,0,,,triagem/nome-caixa-conversao 1.0.0,5,ok
089842,per089842_1909_02890,8,0,0,,,triagem/nome-caixa-conversao 1.0.0,5,ok
089842,per089842_1909_02890,9,0,0,,,triagem/nome-caixa-conversao 1.0.0,5,ok
089842,per089842_1909_02890,10,0,0,,,triagem/nome-caixa-conversao 1.0.0,5,ok
089842,per089842_1909_02890,11,0,0,,,triagem/nome-caixa-conversao 1.0.0,5,ok
089842,per089842_1909_02890,12,0,0,,,triagem/nome-caixa-conversao 1.0.0,5,ok
089842,per089842_1909_02890,13,0,0,,,triagem/nome-caixa-conversao 1.0.0,5,ok
089842,per089842_1909_02890,14,0,0,,,triagem/nome-caixa-conversao 1.0.0,5,ok
089842,per089842_1909_02890,15,0,0,,,triagem/nome-caixa-conversao 1.0.0,5,ok
089842,per089842_1909_02890,16,0,0,,,triagem/nome-caixa-conversao 1.0.0,5,ok
089842,per089842_1909_02890,17,0,0,,,triagem/nome-caixa-conversao 1.0.0,5,ok
089842,per089842_1909_02890,18,0,0,,,triagem/nome-caixa-conversao 1.0.0,5,ok
089842,per089842_1909_02890,19,0,0,,,triagem/nome-caixa-conversao 1.0.0,5,ok
089842,per089842_1909_02890,20,0,0,,,triagem/nome-caixa-conversao 1.0.0,5,ok
089842,per089842_1909_02890,21,0,0,,,triagem/nome-caixa-conversao 1.0.0,5,ok
089842,per089842_1909_02890,22,0,0,,,triagem/nome-caixa-conversao 1.0.0,5,ok
089842,per089842_1909_02890,23,0,0,,,triagem/nome-caixa-conversao 1.0.0,5,ok
089842,per089842_1909_02890,24,0,0,,,triagem/nome-caixa-conversao 1.0.0,5,ok
089842,per089842_1909_02890,25,0,0,,,triagem/nome-caixa-conversao 1.0.0,5,ok
089842,per089842_1909_02890,26,0,0,,,triagem/nome-caixa-conversao 1.0.0,5,ok
089842,per089842_1909_02890,27,0,0,,,triagem/nome-caixa-conversao 1.0.0,5,ok
089842,per089842_1909_02890,28,0,0,,,triagem/nome-caixa-conversao 1.0.0,5,ok
089842,per089842_1909_02890,29,0,0,,,triagem/nome-caixa-conversao 1.0.0,5,ok
089842,per089842_1909_02890,30,0,0,,,triagem/nome-caixa-conversao 1.0.0,5,ok
089842,per089842_1909_02890,31,0,0,,,triagem/nome-caixa-conversao 1.0.0,5,ok
089842,per089842_1909_02890,32,0,0,,,triagem/nome-caixa-conversao 1.0.0,5,ok
089842,per089842_1909_02891,1,0,0,,,triagem/nome-caixa-conversao 1.0.0,5,ok
089842,per089842_1909_02891,2,1,1,caixa de conver,20192,triagem/nome-caixa-conversao 1.0.0,5,ok
089842,per089842_1909_02891,3,1,1,caixa de conver,2965,triagem/nome-caixa-conversao 1.0.0,5,ok
089842,per089842_1909_02891,4,0,0,,,triagem/nome-caixa-conversao 1.0.0,5,ok
089842,per089842_1909_02891,5,0,0,,,triagem/nome-caixa-conversao 1.0.0,5,ok
089842,per089842_1909_02891,6,0,0,,,triagem/nome-caixa-conversao 1.0.0,5,ok
089842,per089842_1909_02891,7,0,0,,,triagem/nome-caixa-conversao 1.0.0,5,ok
089842,per089842_1909_02891,8,0,0,,,triagem/nome-caixa-conversao 1.0.0,5,ok
089842,per089842_1909_02892,1,1,1,caixa dc conver,4372,triagem/nome-caixa-conversao 1.0.0,5,ok
089842,per089842_1909_02892,2,0,0,,,triagem/nome-caixa-conversao 1.0.0,5,ok
089842,per089842_1909_02892,3,0,0,,,triagem/nome-caixa-conversao 1.0.0,5,ok
089842,per089842_1909_02892,4,0,0,,,triagem/nome-caixa-conversao 1.0.0,5,ok
089842,per089842_1909_02892,5,0,0,,,triagem/nome-caixa-conversao 1.0.0,5,ok
089842,per089842_1909_02892,6,0,0,,,triagem/nome-caixa-conversao 1.0.0,5,ok
089842,per089842_1909_02892,7,0,0,,,triagem/nome-caixa-conversao 1.0.0,5,ok
089842,per089842_1909_02892,8,0,0,,,triagem/nome-caixa-conversao 1.0.0,5,ok
089842,per089842_1909_02893,1,1,2,caixa deconver,11757,triagem/nome-caixa-conversao 1.0.0,5,ok
089842,per089842_1909_02893,2,1,1,caixa de conver,6784,triagem/nome-caixa-conversao 1.0.0,5,ok
089842,per089842_1909_02893,3,0,0,,,triagem/nome-caixa-conversao 1.0.0,5,ok
089842,per089842_1909_02893,4,0,0,,,triagem/nome-caixa-conversao 1.0.0,5,ok
089842,per089842_1909_02893,5,0,0,,,triagem/nome-caixa-conversao 1.0.0,5,ok
089842,per089842_1909_02893,6,0,0,,,triagem/nome-caixa-conversao 1.0.0,5,ok
089842,per089842_1909_02893,7,0,0,,,triagem/nome-caixa-conversao 1.0.0,5,ok
089842,per089842_1909_02893,8,0,0,,,triagem/nome-caixa-conversao 1.0.0,5,ok
089842,per089842_1909_02894,1,1,2,caixa de conver,20609,triagem/nome-caixa-conversao 1.0.0,5,ok
089842,per089842_1909_02894,2,1,1,caixa de conver,6053,triagem/nome-caixa-conversao 1.0.0,5,ok
089842,per089842_1909_02894,3,0,0,,,triagem/nome-caixa-conversao 1.0.0,5,ok
089842,per089842_1909_02894,4,0,0,,,triagem/nome-caixa-conversao 1.0.0,5,ok
089842,per089842_1909_02894,5,0,0,,,triagem/nome-caixa-conversao 1.0.0,5,ok
089842,per089842_1909_02894,6,0,0,,,triagem/nome-caixa-conversao 1.0.0,5,ok
089842,per089842_1909_02894,7,0,0,,,triagem/nome-caixa-conversao 1.0.0,5,ok
089842,per089842_1909_02894,8,0,0,,,triagem/nome-caixa-conversao 1.0.0,5,ok
089842,per089842_1909_02895,1,0,0,,,triagem/nome-caixa-conversao 1.0.0,5,ok
089842,per089842_1909_02895,2,0,0,,,triagem/nome-caixa-conversao 1.0.0,5,ok
089842,per089842_1909_02895,3,1,2,caixa do conver,4833,triagem/nome-caixa-conversao 1.0.0,5,ok
089842,per089842_1909_02895,4,0,0,,,triagem/nome-caixa-conversao 1.0.0,5,ok
089842,per089842_1909_02895,5,0,0,,,triagem/nome-caixa-conversao 1.0.0,5,ok
089842,per089842_1909_02895,6,0,0,,,triagem/nome-caixa-conversao 1.0.0,5,ok
089842,per089842_1909_02895,7,0,0,,,triagem/nome-caixa-conversao 1.0.0,5,ok
089842,per089842_1909_02895,8,0,0,,,triagem/nome-caixa-conversao 1.0.0,5,ok
089842,per089842_1909_02895,9,0,0,,,triagem/nome-caixa-conversao 1.0.0,5,ok
089842,per089842_1909_02895,10,0,0,,,triagem/nome-caixa-conversao 1.0.0,5,ok
089842,per089842_1909_02895,11,0,0,,,triagem/nome-caixa-conversao 1.0.0,5,ok
089842,per089842_1909_02895,12,0,0,,,triagem/nome-caixa-conversao 1.0.0,5,ok
089842,per089842_1909_02896,1,0,0,,,triagem/nome-caixa-conversao 1.0.0,5,ok
089842,per089842_1909_02896,2,0,0,,,triagem/nome-caixa-conversao 1.0.0,5,ok
089842,per089842_1909_02896,3,0,0,,,triagem/nome-caixa-conversao 1.0.0,5,ok
089842,per089842_1909_02896,4,0,0,,,triagem/nome-caixa-conversao 1.0.0,5,ok
089842,per089842_1909_02896,5,0,0,,,triagem/nome-caixa-conversao 1.0.0,5,ok
089842,per089842_1909_02896,6,0,0,,,triagem/nome-caixa-conversao 1.0.0,5,ok
089842,per089842_1909_02897,1,1,2,caixa de conver,9532,triagem/nome-caixa-conversao 1.0.0,5,ok
089842,per089842_1909_02897,2,0,0,,,triagem/nome-caixa-conversao 1.0.0,5,ok
089842,per089842_1909_02897,3,0,0,,,triagem/nome-caixa-conversao 1.0.0,5,ok
089842,per089842_1909_02897,4,0,0,,,triagem/nome-caixa-conversao 1.0.0,5,ok
089842,per089842_1909_02897,5,0,0,,,triagem/nome-caixa-conversao 1.0.0,5,ok
089842,per089842_1909_02897,6,0,0,,,triagem/nome-caixa-conversao 1.0.0,5,ok
089842,per089842_1909_02897,7,0,0,,,triagem/nome-caixa-conversao 1.0.0,5,ok
089842,per089842_1909_02897,8,0,0,,,triagem/nome-caixa-conversao 1.0.0,5,ok
089842,per089842_1909_02898,1,1,1,caixa deconver,16361,triagem/nome-caixa-conversao 1.0.0,5,ok
089842,per089842_1909_02898,2,0,0,,,triagem/nome-caixa-conversao 1.0.0,5,ok
089842,per089842_1909_02898,3,0,0,,,triagem/nome-caixa-conversao 1.0.0,5,ok
089842,per089842_1909_02898,4,0,0,,,triagem/nome-caixa-conversao 1.0.0,5,ok
089842,per089842_1909_02898,5,0,0,,,triagem/nome-caixa-conversao 1.0.0,5,ok
089842,per089842_1909_02898,6,0,0,,,triagem/nome-caixa-conversao 1.0.0,5,ok
089842,per089842_1909_02898,7,0,0,,,triagem/nome-caixa-conversao 1.0.0,5,ok
089842,per089842_1909_02898,8,0,0,,,triagem/nome-caixa-conversao 1.0.0,5,ok
089842,per089842_1909_02899,1,1,1,caixa deconver,12359,triagem/nome-caixa-conversao 1.0.0,5,ok
089842,per089842_1909_02899,2,0,0,,,triagem/nome-caixa-conversao 1.0.0,5,ok
089842,per089842_1909_02899,3,0,0,,,triagem/nome-caixa-conversao 1.0.0,5,ok
089842,per089842_1909_02899,4,0,0,,,triagem/nome-caixa-conversao 1.0.0,5,ok
089842,per089842_1909_02899,5,0,0,,,triagem/nome-caixa-conversao 1.0.0,5,ok
089842,per089842_1909_02899,6,0,0,,,triagem/nome-caixa-conversao 1.0.0,5,ok
089842,per089842_1909_02899,7,0,0,,,triagem/nome-caixa-conversao 1.0.0,5,ok
089842,per089842_1909_02899,8,0,0,,,triagem/nome-caixa-conversao 1.0.0,5,ok
089842,per089842_1909_02900,1,1,1,caixa do conver,17588,triagem/nome-caixa-conversao 1.0.0,5,ok
089842,per089842_1909_02900,2,0,0,,,triagem/nome-caixa-conversao 1.0.0,5,ok
089842,per089842_1909_02900,3,0,0,,,triagem/nome-caixa-conversao 1.0.0,5,ok
089842,per089842_1909_02900,4,0,0,,,triagem/nome-caixa-conversao 1.0.0,5,ok
089842,per089842_1909_02900,5,0,0,,,triagem/nome-caixa-conversao 1.0.0,5,ok
089842,per089842_1909_02900,6,0,0,,,triagem/nome-caixa-conversao 1.0.0,5,ok
089842,per089842_1909_02900,7,0,0,,,triagem/nome-caixa-conversao 1.0.0,5,ok
089842,per089842_1909_02900,8,0,0,,,triagem/nome-caixa-conversao 1.0.0,5,ok
089842,per089842_1909_02901,1,1,2,caixa dc conver,11557,triagem/nome-caixa-conversao 1.0.0,5,ok
089842,per089842_1909_02901,2,0,0,,,triagem/nome-caixa-conversao 1.0.0,5,ok
089842,per089842_1909_02901,3,0,0,,,triagem/nome-caixa-conversao 1.0.0,5,ok
089842,per089842_1909_02901,4,0,0,,,triagem/nome-caixa-conversao 1.0.0,5,ok
089842,per089842_1909_02901,5,0,0,,,triagem/nome-caixa-conversao 1.0.0,5,ok
089842,per089842_1909_02901,6,0,0,,,triagem/nome-caixa-conversao 1.0.0,5,ok
089842,per089842_1909_02901,7,0,0,,,triagem/nome-caixa-conversao 1.0.0,5,ok
089842,per089842_1909_02901,8,0,0,,,triagem/nome-caixa-conversao 1.0.0,5,ok
089842,per089842_1909_02902,1,0,0,,,triagem/nome-caixa-conversao 1.0.0,5,ok
089842,per089842_1909_02902,2,0,0,,,triagem/nome-caixa-conversao 1.0.0,5,ok
089842,per089842_1909_02902,3,1,1,caixa dcconver,30274,triagem/nome-caixa-conversao 1.0.0,5,ok
089842,per089842_1909_02902,4,0,0,,,triagem/nome-caixa-conversao 1.0.0,5,ok
089842,per089842_1909_02902,5,0,0,,,triagem/nome-caixa-conversao 1.0.0,5,ok
089842,per089842_1909_02902,6,0,0,,,triagem/nome-caixa-conversao 1.0.0,5,ok
089842,per089842_1909_02902,7,0,0,,,triagem/nome-caixa-conversao 1.0.0,5,ok
089842,per089842_1909_02902,8,0,0,,,triagem/nome-caixa-conversao 1.0.0,5,ok
089842,per089842_1909_02902,9,0,0,,,triagem/nome-caixa-conversao 1.0.0,5,ok
089842,per089842_1909_02902,10,0,0,,,triagem/nome-caixa-conversao 1.0.0,5,ok
089842,per089842_1909_02902,11,0,0,,,triagem/nome-caixa-conversao 1.0.0,5,ok
089842,per089842_1909_02902,12,0,0,,,triagem/nome-caixa-conversao 1.0.0,5,ok
089842,per089842_1909_02902,13,0,0,,,triagem/nome-caixa-conversao 1.0.0,5,ok
089842,per089842_1909_02902,14,0,0,,,triagem/nome-caixa-conversao 1.0.0,5,ok
089842,per089842_1909_02903,1,0,0,,,triagem/nome-caixa-conversao 1.0.0,5,ok
089842,per089842_1909_02903,2,0,0,,,triagem/nome-caixa-conversao 1.0.0,5,ok
089842,per089842_1909_02903,3,0,0,,,triagem/nome-caixa-conversao 1.0.0,5,ok
089842,per089842_1909_02903,4,0,0,,,triagem/nome-caixa-conversao 1.0.0,5,ok
089842,per089842_1909_02903,5,0,0,,,triagem/nome-caixa-conversao 1.0.0,5,ok
089842,per089842_1909_02903,6,0,0,,,triagem/nome-caixa-conversao 1.0.0,5,ok
089842,per089842_1909_02903,7,0,0,,,triagem/nome-caixa-conversao 1.0.0,5,ok
089842,per089842_1909_02903,8,0,0,,,triagem/nome-caixa-conversao 1.0.0,5,ok
089842,per089842_1909_02904,1,1,2,caixa de conver,8889,triagem/nome-caixa-conversao 1.0.0,5,ok
089842,per089842_1909_02904,2,0,0,,,triagem/nome-caixa-conversao 1.0.0,5,ok
089842,per089842_1909_02904,3,0,0,,,triagem/nome-caixa-conversao 1.0.0,5,ok
089842,per089842_1909_02904,4,0,0,,,triagem/nome-caixa-conversao 1.0.0,5,ok
089842,per089842_1909_02904,5,0,0,,,triagem/nome-caixa-conversao 1.0.0,5,ok
089842,per089842_1909_02904,6,0,0,,,triagem/nome-caixa-conversao 1.0.0,5,ok
089842,per089842_1909_02904,7,0,0,,,triagem/nome-caixa-conversao 1.0.0,5,ok
089842,per089842_1909_02904,8,0,0,,,triagem/nome-caixa-conversao 1.0.0,5,ok
089842,per089842_1909_02905,1,1,2,caixa de conver,12559,triagem/nome-caixa-conversao 1.0.0,5,ok
089842,per089842_1909_02905,2,0,0,,,triagem/nome-caixa-conversao 1.0.0,5,ok
089842,per089842_1909_02905,3,0,0,,,triagem/nome-caixa-conversao 1.0.0,5,ok
089842,per089842_1909_02905,4,0,0,,,triagem/nome-caixa-conversao 1.0.0,5,ok
089842,per089842_1909_02905,5,0,0,,,triagem/nome-caixa-conversao 1.0.0,5,ok
089842,per089842_1909_02905,6,0,0,,,triagem/nome-caixa-conversao 1.0.0,5,ok
089842,per089842_1909_02905,7,0,0,,,triagem/nome-caixa-conversao 1.0.0,5,ok
089842,per089842_1909_02905,8,0,0,,,triagem/nome-caixa-conversao 1.0.0,5,ok
089842,per089842_1909_02906,1,0,0,,,triagem/nome-caixa-conversao 1.0.0,5,ok
089842,per089842_1909_02906,2,0,0,,,triagem/nome-caixa-conversao 1.0.0,5,ok
089842,per089842_1909_02906,3,0,0,,,triagem/nome-caixa-conversao 1.0.0,5,ok
089842,per089842_1909_02906,4,0,0,,,triagem/nome-caixa-conversao 1.0.0,5,ok
089842,per089842_1909_02906,5,0,0,,,triagem/nome-caixa-conversao 1.0.0,5,ok
089842,per089842_1909_02906,6,0,0,,,triagem/nome-caixa-conversao 1.0.0,5,ok
089842,per089842_1909_02906,7,0,0,,,triagem/nome-caixa-conversao 1.0.0,5,ok
089842,per089842_1909_02906,8,0,0,,,triagem/nome-caixa-conversao 1.0.0,5,ok
089842,per089842_1909_02906,9,0,0,,,triagem/nome-caixa-conversao 1.0.0,5,ok
089842,per089842_1909_02906,10,0,0,,,triagem/nome-caixa-conversao 1.0.0,5,ok
089842,per089842_1909_02907,1,1,1,caixa dcconver,10104,triagem/nome-caixa-conversao 1.0.0,5,ok
089842,per089842_1909_02907,2,0,0,,,triagem/nome-caixa-conversao 1.0.0,5,ok
089842,per089842_1909_02907,3,0,0,,,triagem/nome-caixa-conversao 1.0.0,5,ok
089842,per089842_1909_02907,4,0,0,,,triagem/nome-caixa-conversao 1.0.0,5,ok
089842,per089842_1909_02907,5,0,0,,,triagem/nome-caixa-conversao 1.0.0,5,ok
089842,per089842_1909_02907,6,0,0,,,triagem/nome-caixa-conversao 1.0.0,5,ok
089842,per089842_1909_02907,7,0,0,,,triagem/nome-caixa-conversao 1.0.0,5,ok
089842,per089842_1909_02907,8,0,0,,,triagem/nome-caixa-conversao 1.0.0,5,ok
089842,per089842_1909_02908,1,0,0,,,triagem/nome-caixa-conversao 1.0.0,5,ok
089842,per089842_1909_02908,2,0,0,,,triagem/nome-caixa-conversao 1.0.0,5,ok
089842,per089842_1909_02908,3,1,1,caixa de conver,33855,triagem/nome-caixa-conversao 1.0.0,5,ok
089842,per089842_1909_02908,4,0,0,,,triagem/nome-caixa-conversao 1.0.0,5,ok
089842,per089842_1909_02908,5,0,0,,,triagem/nome-caixa-conversao 1.0.0,5,ok
089842,per089842_1909_02908,6,0,0,,,triagem/nome-caixa-conversao 1.0.0,5,ok
089842,per089842_1909_02908,7,0,0,,,triagem/nome-caixa-conversao 1.0.0,5,ok
089842,per089842_1909_02908,8,0,0,,,triagem/nome-caixa-conversao 1.0.0,5,ok
089842,per089842_1909_02909,1,0,0,,,triagem/nome-caixa-conversao 1.0.0,5,ok
089842,per089842_1909_02909,2,0,0,,,triagem/nome-caixa-conversao 1.0.0,5,ok
089842,per089842_1909_02909,3,0,0,,,triagem/nome-caixa-conversao 1.0.0,5,ok
089842,per089842_1909_02909,4,0,0,,,triagem/nome-caixa-conversao 1.0.0,5,ok
089842,per089842_1909_02909,5,0,0,,,triagem/nome-caixa-conversao 1.0.0,5,ok
089842,per089842_1909_02909,6,0,0,,,triagem/nome-caixa-conversao 1.0.0,5,ok
089842,per089842_1909_02909,7,0,0,,,triagem/nome-caixa-conversao 1.0.0,5,ok
089842,per089842_1909_02909,8,0,0,,,triagem/nome-caixa-conversao 1.0.0,5,ok
089842,per089842_1909_02909,9,0,0,,,triagem/nome-caixa-conversao 1.0.0,5,ok
089842,per089842_1909_02909,10,0,0,,,triagem/nome-caixa-conversao 1.0.0,5,ok
089842,per089842_1909_02909,11,0,0,,,triagem/nome-caixa-conversao 1.0.0,5,ok
089842,per089842_1909_02909,12,0,0,,,triagem/nome-caixa-conversao 1.0.0,5,ok
089842,per089842_1909_02909,13,0,0,,,triagem/nome-caixa-conversao 1.0.0,5,ok
089842,per089842_1909_02909,14,0,0,,,triagem/nome-caixa-conversao 1.0.0,5,ok
089842,per089842_1909_02910,1,0,0,,,triagem/nome-caixa-conversao 1.0.0,5,ok
089842,per089842_1909_02910,2,0,0,,,triagem/nome-caixa-conversao 1.0.0,5,ok
089842,per089842_1909_02910,3,0,0,,,triagem/nome-caixa-conversao 1.0.0,5,ok
089842,per089842_1909_02910,4,0,0,,,triagem/nome-caixa-conversao 1.0.0,5,ok
089842,per089842_1909_02910,5,0,0,,,triagem/nome-caixa-conversao 1.0.0,5,ok
089842,per089842_1909_02910,6,0,0,,,triagem/nome-caixa-conversao 1.0.0,5,ok
089842,per089842_1909_02910,7,0,0,,,triagem/nome-caixa-conversao 1.0.0,5,ok
089842,per089842_1909_02910,8,0,0,,,triagem/nome-caixa-conversao 1.0.0,5,ok
089842,per089842_1909_02911,1,1,2,caixa do conver,5086,triagem/nome-caixa-conversao 1.0.0,5,ok
089842,per089842_1909_02911,2,0,0,,,triagem/nome-caixa-conversao 1.0.0,5,ok
089842,per089842_1909_02911,3,0,0,,,triagem/nome-caixa-conversao 1.0.0,5,ok
089842,per089842_1909_02911,4,0,0,,,triagem/nome-caixa-conversao 1.0.0,5,ok
089842,per089842_1909_02911,5,0,0,,,triagem/nome-caixa-conversao 1.0.0,5,ok
089842,per089842_1909_02911,6,0,0,,,triagem/nome-caixa-conversao 1.0.0,5,ok
089842,per089842_1909_02911,7,0,0,,,triagem/nome-caixa-conversao 1.0.0,5,ok
089842,per089842_1909_02911,8,0,0,,,triagem/nome-caixa-conversao 1.0.0,5,ok
089842,per089842_1909_02911,9,0,0,,,triagem/nome-caixa-conversao 1.0.0,5,ok
089842,per089842_1909_02911,10,0,0,,,triagem/nome-caixa-conversao 1.0.0,5,ok
089842,per089842_1909_02912,1,1,2,caixa de conver,19024,triagem/nome-caixa-conversao 1.0.0,5,ok
089842,per089842_1909_02912,2,0,0,,,triagem/nome-caixa-conversao 1.0.0,5,ok
089842,per089842_1909_02912,3,0,0,,,triagem/nome-caixa-conversao 1.0.0,5,ok
089842,per089842_1909_02912,4,0,0,,,triagem/nome-caixa-conversao 1.0.0,5,ok
089842,per089842_1909_02912,5,0,0,,,triagem/nome-caixa-conversao 1.0.0,5,ok
089842,per089842_1909_02912,6,0,0,,,triagem/nome-caixa-conversao 1.0.0,5,ok
089842,per089842_1909_02912,7,0,0,,,triagem/nome-caixa-conversao 1.0.0,5,ok
089842,per089842_1909_02912,8,0,0,,,triagem/nome-caixa-conversao 1.0.0,5,ok
089842,per089842_1909_02913,1,1,3,caixa da conver,2298,triagem/nome-caixa-conversao 1.0.0,5,ok
089842,per089842_1909_02913,2,1,1,caixa de conver,18475,triagem/nome-caixa-conversao 1.0.0,5,ok
089842,per089842_1909_02913,3,0,0,,,triagem/nome-caixa-conversao 1.0.0,5,ok
089842,per089842_1909_02913,4,0,0,,,triagem/nome-caixa-conversao 1.0.0,5,ok
089842,per089842_1909_02913,5,0,0,,,triagem/nome-caixa-conversao 1.0.0,5,ok
089842,per089842_1909_02913,6,0,0,,,triagem/nome-caixa-conversao 1.0.0,5,ok
089842,per089842_1909_02913,7,0,0,,,triagem/nome-caixa-conversao 1.0.0,5,ok
089842,per089842_1909_02913,8,0,0,,,triagem/nome-caixa-conversao 1.0.0,5,ok
089842,per089842_1909_02914,1,1,1,caixa de conver,24725,triagem/nome-caixa-conversao 1.0.0,5,ok
089842,per089842_1909_02914,2,0,0,,,triagem/nome-caixa-conversao 1.0.0,5,ok
089842,per089842_1909_02914,3,0,0,,,triagem/nome-caixa-conversao 1.0.0,5,ok
089842,per089842_1909_02914,4,0,0,,,triagem/nome-caixa-conversao 1.0.0,5,ok
089842,per089842_1909_02914,5,0,0,,,triagem/nome-caixa-conversao 1.0.0,5,ok
089842,per089842_1909_02914,6,0,0,,,triagem/nome-caixa-conversao 1.0.0,5,ok
089842,per089842_1909_02914,7,0,0,,,triagem/nome-caixa-conversao 1.0.0,5,ok
089842,per089842_1909_02914,8,0,0,,,triagem/nome-caixa-conversao 1.0.0,5,ok
089842,per089842_1909_02915,1,0,0,,,triagem/nome-caixa-conversao 1.0.0,5,ok
089842,per089842_1909_02915,2,0,0,,,triagem/nome-caixa-conversao 1.0.0,5,ok
089842,per089842_1909_02915,3,0,0,,,triagem/nome-caixa-conversao 1.0.0,5,ok
089842,per089842_1909_02915,4,0,0,,,triagem/nome-caixa-conversao 1.0.0,5,ok
089842,per089842_1909_02915,5,0,0,,,triagem/nome-caixa-conversao 1.0.0,5,ok
089842,per089842_1909_02915,6,0,0,,,triagem/nome-caixa-conversao 1.0.0,5,ok
089842,per089842_1909_02915,7,0,0,,,triagem/nome-caixa-conversao 1.0.0,5,ok
089842,per089842_1909_02915,8,0,0,,,triagem/nome-caixa-conversao 1.0.0,5,ok
089842,per089842_1909_02916,1,0,0,,,triagem/nome-caixa-conversao 1.0.0,5,ok
089842,per089842_1909_02916,2,0,0,,,triagem/nome-caixa-conversao 1.0.0,5,ok
089842,per089842_1909_02916,3,1,2,caixa dc conver,18205,triagem/nome-caixa-conversao 1.0.0,5,ok
089842,per089842_1909_02916,4,0,0,,,triagem/nome-caixa-conversao 1.0.0,5,ok
089842,per089842_1909_02916,5,0,0,,,triagem/nome-caixa-conversao 1.0.0,5,ok
089842,per089842_1909_02916,6,0,0,,,triagem/nome-caixa-conversao 1.0.0,5,ok
089842,per089842_1909_02916,7,0,0,,,triagem/nome-caixa-conversao 1.0.0,5,ok
089842,per089842_1909_02916,8,0,0,,,triagem/nome-caixa-conversao 1.0.0,5,ok
089842,per089842_1909_02916,9,0,0,,,triagem/nome-caixa-conversao 1.0.0,5,ok
089842,per089842_1909_02916,10,0,0,,,triagem/nome-caixa-conversao 1.0.0,5,ok
089842,per089842_1909_02916,11,0,0,,,triagem/nome-caixa-conversao 1.0.0,5,ok
089842,per089842_1909_02916,12,0,0,,,triagem/nome-caixa-conversao 1.0.0,5,ok
089842,per089842_1909_02917,1,0,0,,,triagem/nome-caixa-conversao 1.0.0,5,ok
089842,per089842_1909_02917,2,0,0,,,triagem/nome-caixa-conversao 1.0.0,5,ok
089842,per089842_1909_02917,3,0,0,,,triagem/nome-caixa-conversao 1.0.0,5,ok
089842,per089842_1909_02917,4,0,0,,,triagem/nome-caixa-conversao 1.0.0,5,ok
089842,per089842_1909_02917,5,0,0,,,triagem/nome-caixa-conversao 1.0.0,5,ok
089842,per089842_1909_02917,6,0,0,,,triagem/nome-caixa-conversao 1.0.0,5,ok
089842,per089842_1909_02917,7,0,0,,,triagem/nome-caixa-conversao 1.0.0,5,ok
089842,per089842_1909_02917,8,0,0,,,triagem/nome-caixa-conversao 1.0.0,5,ok
089842,per089842_1909_02918,1,1,1,caixa deconver,13104,triagem/nome-caixa-conversao 1.0.0,5,ok
089842,per089842_1909_02918,2,0,0,,,triagem/nome-caixa-conversao 1.0.0,5,ok
089842,per089842_1909_02918,3,0,0,,,triagem/nome-caixa-conversao 1.0.0,5,ok
089842,per089842_1909_02918,4,0,0,,,triagem/nome-caixa-conversao 1.0.0,5,ok
089842,per089842_1909_02918,5,0,0,,,triagem/nome-caixa-conversao 1.0.0,5,ok
089842,per089842_1909_02918,6,0,0,,,triagem/nome-caixa-conversao 1.0.0,5,ok
089842,per089842_1909_02918,7,0,0,,,triagem/nome-caixa-conversao 1.0.0,5,ok
089842,per089842_1909_02918,8,0,0,,,triagem/nome-caixa-conversao 1.0.0,5,ok
089842,per089842_1909_02919,1,1,1,caixa do conver,9027,triagem/nome-caixa-conversao 1.0.0,5,ok
089842,per089842_1909_02919,2,0,0,,,triagem/nome-caixa-conversao 1.0.0,5,ok
089842,per089842_1909_02919,3,0,0,,,triagem/nome-caixa-conversao 1.0.0,5,ok
089842,per089842_1909_02919,4,0,0,,,triagem/nome-caixa-conversao 1.0.0,5,ok
089842,per089842_1909_02919,5,0,0,,,triagem/nome-caixa-conversao 1.0.0,5,ok
089842,per089842_1909_02919,6,0,0,,,triagem/nome-caixa-conversao 1.0.0,5,ok
089842,per089842_1909_02919,7,0,0,,,triagem/nome-caixa-conversao 1.0.0,5,ok
089842,per089842_1909_02919,8,0,0,,,triagem/nome-caixa-conversao 1.0.0,5,ok
089842,per089842_1909_02919,9,0,0,,,triagem/nome-caixa-conversao 1.0.0,5,ok
089842,per089842_1909_02919,10,0,0,,,triagem/nome-caixa-conversao 1.0.0,5,ok
089842,per089842_1909_02920,1,0,0,,,triagem/nome-caixa-conversao 1.0.0,5,ok
089842,per089842_1909_02920,2,0,0,,,triagem/nome-caixa-conversao 1.0.0,5,ok
089842,per089842_1909_02920,3,0,0,,,triagem/nome-caixa-conversao 1.0.0,5,ok
089842,per089842_1909_02920,4,0,0,,,triagem/nome-caixa-conversao 1.0.0,5,ok
089842,per089842_1909_02920,5,0,0,,,triagem/nome-caixa-conversao 1.0.0,5,ok
089842,per089842_1909_02920,6,0,0,,,triagem/nome-caixa-conversao 1.0.0,5,ok
089842,per089842_1909_02920,7,0,0,,,triagem/nome-caixa-conversao 1.0.0,5,ok
089842,per089842_1909_02920,8,0,0,,,triagem/nome-caixa-conversao 1.0.0,5,ok
089842,per089842_1909_02921,1,0,0,,,triagem/nome-caixa-conversao 1.0.0,5,ok
089842,per089842_1909_02921,2,0,0,,,triagem/nome-caixa-conversao 1.0.0,5,ok
089842,per089842_1909_02921,3,0,0,,,triagem/nome-caixa-conversao 1.0.0,5,ok
089842,per089842_1909_02921,4,0,0,,,triagem/nome-caixa-conversao 1.0.0,5,ok
089842,per089842_1909_02921,5,0,0,,,triagem/nome-caixa-conversao 1.0.0,5,ok
089842,per089842_1909_02921,6,0,0,,,triagem/nome-caixa-conversao 1.0.0,5,ok
089842,per089842_1909_02921,7,0,0,,,triagem/nome-caixa-conversao 1.0.0,5,ok
089842,per089842_1909_02921,8,0,0,,,triagem/nome-caixa-conversao 1.0.0,5,ok
089842,per089842_1909_02922,1,1,2,caixa do conver,19146,triagem/nome-caixa-conversao 1.0.0,5,ok
089842,per089842_1909_02922,2,0,0,,,triagem/nome-caixa-conversao 1.0.0,5,ok
089842,per089842_1909_02922,3,0,0,,,triagem/nome-caixa-conversao 1.0.0,5,ok
089842,per089842_1909_02922,4,0,0,,,triagem/nome-caixa-conversao 1.0.0,5,ok
089842,per089842_1909_02922,5,0,0,,,triagem/nome-caixa-conversao 1.0.0,5,ok
089842,per089842_1909_02922,6,0,0,,,triagem/nome-caixa-conversao 1.0.0,5,ok
089842,per089842_1909_02922,7,0,0,,,triagem/nome-caixa-conversao 1.0.0,5,ok
089842,per089842_1909_02922,8,0,0,,,triagem/nome-caixa-conversao 1.0.0,5,ok
089842,per089842_1909_02923,1,0,0,,,triagem/nome-caixa-conversao 1.0.0,5,ok
089842,per089842_1909_02923,2,0,0,,,triagem/nome-caixa-conversao 1.0.0,5,ok
089842,per089842_1909_02923,3,1,2,caixa de conver,12334,triagem/nome-caixa-conversao 1.0.0,5,ok
089842,per089842_1909_02923,4,0,0,,,triagem/nome-caixa-conversao 1.0.0,5,ok
089842,per089842_1909_02923,5,0,0,,,triagem/nome-caixa-conversao 1.0.0,5,ok
089842,per089842_1909_02923,6,0,0,,,triagem/nome-caixa-conversao 1.0.0,5,ok
089842,per089842_1909_02923,7,0,0,,,triagem/nome-caixa-conversao 1.0.0,5,ok
089842,per089842_1909_02923,8,0,0,,,triagem/nome-caixa-conversao 1.0.0,5,ok
089842,per089842_1909_02923,9,0,0,,,triagem/nome-caixa-conversao 1.0.0,5,ok
089842,per089842_1909_02923,10,0,0,,,triagem/nome-caixa-conversao 1.0.0,5,ok
089842,per089842_1909_02923,11,0,0,,,triagem/nome-caixa-conversao 1.0.0,5,ok
089842,per089842_1909_02923,12,0,0,,,triagem/nome-caixa-conversao 1.0.0,5,ok
089842,per089842_1909_02924,1,0,0,,,triagem/nome-caixa-conversao 1.0.0,5,ok
089842,per089842_1909_02924,2,0,0,,,triagem/nome-caixa-conversao 1.0.0,5,ok
089842,per089842_1909_02924,3,0,0,,,triagem/nome-caixa-conversao 1.0.0,5,ok
089842,per089842_1909_02924,4,0,0,,,triagem/nome-caixa-conversao 1.0.0,5,ok
089842,per089842_1909_02924,5,0,0,,,triagem/nome-caixa-conversao 1.0.0,5,ok
089842,per089842_1909_02924,6,0,0,,,triagem/nome-caixa-conversao 1.0.0,5,ok
089842,per089842_1909_02925,1,0,0,,,triagem/nome-caixa-conversao 1.0.0,5,ok
089842,per089842_1909_02925,2,0,0,,,triagem/nome-caixa-conversao 1.0.0,5,ok
089842,per089842_1909_02925,3,0,0,,,triagem/nome-caixa-conversao 1.0.0,5,ok
089842,per089842_1909_02925,4,0,0,,,triagem/nome-caixa-conversao 1.0.0,5,ok
089842,per089842_1909_02925,5,0,0,,,triagem/nome-caixa-conversao 1.0.0,5,ok
089842,per089842_1909_02925,6,0,0,,,triagem/nome-caixa-conversao 1.0.0,5,ok
089842,per089842_1909_02925,7,0,0,,,triagem/nome-caixa-conversao 1.0.0,5,ok
089842,per089842_1909_02925,8,0,0,,,triagem/nome-caixa-conversao 1.0.0,5,ok
089842,per089842_1909_02925,9,0,0,,,triagem/nome-caixa-conversao 1.0.0,5,ok
089842,per089842_1909_02925,10,0,0,,,triagem/nome-caixa-conversao 1.0.0,5,ok
089842,per089842_1909_02926,1,1,1,caixa deconver,19036,triagem/nome-caixa-conversao 1.0.0,5,ok
089842,per089842_1909_02926,2,0,0,,,triagem/nome-caixa-conversao 1.0.0,5,ok
089842,per089842_1909_02926,3,0,0,,,triagem/nome-caixa-conversao 1.0.0,5,ok
089842,per089842_1909_02926,4,0,0,,,triagem/nome-caixa-conversao 1.0.0,5,ok
089842,per089842_1909_02926,5,0,0,,,triagem/nome-caixa-conversao 1.0.0,5,ok
089842,per089842_1909_02926,6,0,0,,,triagem/nome-caixa-conversao 1.0.0,5,ok
089842,per089842_1909_02926,7,0,0,,,triagem/nome-caixa-conversao 1.0.0,5,ok
089842,per089842_1909_02926,8,0,0,,,triagem/nome-caixa-conversao 1.0.0,5,ok
089842,per089842_1909_02927,1,1,1,caixa de conver,10648,triagem/nome-caixa-conversao 1.0.0,5,ok
089842,per089842_1909_02927,2,0,0,,,triagem/nome-caixa-conversao 1.0.0,5,ok
089842,per089842_1909_02927,3,0,0,,,triagem/nome-caixa-conversao 1.0.0,5,ok
089842,per089842_1909_02927,4,0,0,,,triagem/nome-caixa-conversao 1.0.0,5,ok
089842,per089842_1909_02927,5,0,0,,,triagem/nome-caixa-conversao 1.0.0,5,ok
089842,per089842_1909_02927,6,0,0,,,triagem/nome-caixa-conversao 1.0.0,5,ok
089842,per089842_1909_02927,7,0,0,,,triagem/nome-caixa-conversao 1.0.0,5,ok
089842,per089842_1909_02927,8,0,0,,,triagem/nome-caixa-conversao 1.0.0,5,ok
089842,per089842_1909_02927,9,0,0,,,triagem/nome-caixa-conversao 1.0.0,5,ok
089842,per089842_1909_02927,10,0,0,,,triagem/nome-caixa-conversao 1.0.0,5,ok
089842,per089842_1909_02928,1,0,0,,,triagem/nome-caixa-conversao 1.0.0,5,ok
089842,per089842_1909_02928,2,0,0,,,triagem/nome-caixa-conversao 1.0.0,5,ok
089842,per089842_1909_02928,3,0,0,,,triagem/nome-caixa-conversao 1.0.0,5,ok
089842,per089842_1909_02928,4,0,0,,,triagem/nome-caixa-conversao 1.0.0,5,ok
089842,per089842_1909_02928,5,0,0,,,triagem/nome-caixa-conversao 1.0.0,5,ok
089842,per089842_1909_02928,6,0,0,,,triagem/nome-caixa-conversao 1.0.0,5,ok
089842,per089842_1909_02928,7,0,0,,,triagem/nome-caixa-conversao 1.0.0,5,ok
089842,per089842_1909_02928,8,0,0,,,triagem/nome-caixa-conversao 1.0.0,5,ok
089842,per089842_1909_02929,1,0,0,,,triagem/nome-caixa-conversao 1.0.0,5,ok
089842,per089842_1909_02929,2,0,0,,,triagem/nome-caixa-conversao 1.0.0,5,ok
089842,per089842_1909_02929,3,0,0,,,triagem/nome-caixa-conversao 1.0.0,5,ok
089842,per089842_1909_02929,4,0,0,,,triagem/nome-caixa-conversao 1.0.0,5,ok
089842,per089842_1909_02929,5,0,0,,,triagem/nome-caixa-conversao 1.0.0,5,ok
089842,per089842_1909_02929,6,0,0,,,triagem/nome-caixa-conversao 1.0.0,5,ok
089842,per089842_1909_02929,7,0,0,,,triagem/nome-caixa-conversao 1.0.0,5,ok
089842,per089842_1909_02929,8,0,0,,,triagem/nome-caixa-conversao 1.0.0,5,ok
089842,per089842_1909_02930,1,0,0,,,triagem/nome-caixa-conversao 1.0.0,5,empty
089842,per089842_1909_02930,2,1,2,caixa de conver,10413,triagem/nome-caixa-conversao 1.0.0,5,ok
089842,per089842_1909_02930,3,0,0,,,triagem/nome-caixa-conversao 1.0.0,5,ok
089842,per089842_1909_02930,4,0,0,,,triagem/nome-caixa-conversao 1.0.0,5,ok
089842,per089842_1909_02930,5,0,0,,,triagem/nome-caixa-conversao 1.0.0,5,ok
089842,per089842_1909_02930,6,0,0,,,triagem/nome-caixa-conversao 1.0.0,5,ok
089842,per089842_1909_02930,7,0,0,,,triagem/nome-caixa-conversao 1.0.0,5,ok
089842,per089842_1909_02930,8,0,0,,,triagem/nome-caixa-conversao 1.0.0,5,ok
089842,per089842_1909_02930,9,0,0,,,triagem/nome-caixa-conversao 1.0.0,5,ok
089842,per089842_1909_02930,10,0,0,,,triagem/nome-caixa-conversao 1.0.0,5,ok
089842,per089842_1909_02930,11,0,0,,,triagem/nome-caixa-conversao 1.0.0,5,ok
089842,per089842_1909_02930,12,0,0,,,triagem/nome-caixa-conversao 1.0.0,5,ok
089842,per089842_1909_02930,13,0,0,,,triagem/nome-caixa-conversao 1.0.0,5,ok
089842,per089842_1909_02931,1,0,0,,,triagem/nome-caixa-conversao 1.0.0,5,ok
089842,per089842_1909_02931,2,0,0,,,triagem/nome-caixa-conversao 1.0.0,5,ok
089842,per089842_1909_02931,3,0,0,,,triagem/nome-caixa-conversao 1.0.0,5,ok
089842,per089842_1909_02931,4,0,0,,,triagem/nome-caixa-conversao 1.0.0,5,ok
089842,per089842_1909_02931,5,0,0,,,triagem/nome-caixa-conversao 1.0.0,5,ok
089842,per089842_1909_02931,6,0,0,,,triagem/nome-caixa-conversao 1.0.0,5,ok
089842,per089842_1909_02932,1,0,0,,,triagem/nome-caixa-conversao 1.0.0,5,ok
089842,per089842_1909_02932,2,0,0,,,triagem/nome-caixa-conversao 1.0.0,5,ok
089842,per089842_1909_02932,3,0,0,,,triagem/nome-caixa-conversao 1.0.0,5,ok
089842,per089842_1909_02932,4,0,0,,,triagem/nome-caixa-conversao 1.0.0,5,ok
089842,per089842_1909_02932,5,0,0,,,triagem/nome-caixa-conversao 1.0.0,5,ok
089842,per089842_1909_02932,6,0,0,,,triagem/nome-caixa-conversao 1.0.0,5,ok
089842,per089842_1909_02932,7,0,0,,,triagem/nome-caixa-conversao 1.0.0,5,ok
089842,per089842_1909_02932,8,0,0,,,triagem/nome-caixa-conversao 1.0.0,5,ok
089842,per089842_1909_02933,1,0,0,,,triagem/nome-caixa-conversao 1.0.0,5,ok
089842,per089842_1909_02933,2,1,1,caixa dc conver,35275,triagem/nome-caixa-conversao 1.0.0,5,ok
089842,per089842_1909_02933,3,0,0,,,triagem/nome-caixa-conversao 1.0.0,5,ok
089842,per089842_1909_02933,4,0,0,,,triagem/nome-caixa-conversao 1.0.0,5,ok
089842,per089842_1909_02933,5,0,0,,,triagem/nome-caixa-conversao 1.0.0,5,ok
089842,per089842_1909_02933,6,0,0,,,triagem/nome-caixa-conversao 1.0.0,5,ok
089842,per089842_1909_02933,7,0,0,,,triagem/nome-caixa-conversao 1.0.0,5,ok
089842,per089842_1909_02933,8,0,0,,,triagem/nome-caixa-conversao 1.0.0,5,ok
089842,per089842_1909_02934,1,1,1,caixa de conver,12233,triagem/nome-caixa-conversao 1.0.0,5,ok
089842,per089842_1909_02934,2,0,0,,,triagem/nome-caixa-conversao 1.0.0,5,ok
089842,per089842_1909_02934,3,0,0,,,triagem/nome-caixa-conversao 1.0.0,5,ok
089842,per089842_1909_02934,4,0,0,,,triagem/nome-caixa-conversao 1.0.0,5,ok
089842,per089842_1909_02934,5,0,0,,,triagem/nome-caixa-conversao 1.0.0,5,ok
089842,per089842_1909_02934,6,0,0,,,triagem/nome-caixa-conversao 1.0.0,5,ok
089842,per089842_1909_02934,7,0,0,,,triagem/nome-caixa-conversao 1.0.0,5,ok
089842,per089842_1909_02934,8,0,0,,,triagem/nome-caixa-conversao 1.0.0,5,ok
089842,per089842_1909_02935,1,1,2,caixa do conver,15811,triagem/nome-caixa-conversao 1.0.0,5,ok
089842,per089842_1909_02935,2,0,0,,,triagem/nome-caixa-conversao 1.0.0,5,ok
089842,per089842_1909_02935,3,0,0,,,triagem/nome-caixa-conversao 1.0.0,5,ok
089842,per089842_1909_02935,4,0,0,,,triagem/nome-caixa-conversao 1.0.0,5,ok
089842,per089842_1909_02935,5,0,0,,,triagem/nome-caixa-conversao 1.0.0,5,ok
089842,per089842_1909_02935,6,0,0,,,triagem/nome-caixa-conversao 1.0.0,5,ok
089842,per089842_1909_02935,7,0,0,,,triagem/nome-caixa-conversao 1.0.0,5,ok
089842,per089842_1909_02935,8,0,0,,,triagem/nome-caixa-conversao 1.0.0,5,ok
089842,per089842_1909_02936,1,1,2,caixa de conver,25270,triagem/nome-caixa-conversao 1.0.0,5,ok
089842,per089842_1909_02936,2,0,0,,,triagem/nome-caixa-conversao 1.0.0,5,ok
089842,per089842_1909_02936,3,0,0,,,triagem/nome-caixa-conversao 1.0.0,5,ok
089842,per089842_1909_02936,4,0,0,,,triagem/nome-caixa-conversao 1.0.0,5,ok
089842,per089842_1909_02936,5,0,0,,,triagem/nome-caixa-conversao 1.0.0,5,ok
089842,per089842_1909_02936,6,0,0,,,triagem/nome-caixa-conversao 1.0.0,5,ok
089842,per089842_1909_02936,7,0,0,,,triagem/nome-caixa-conversao 1.0.0,5,ok
089842,per089842_1909_02936,8,0,0,,,triagem/nome-caixa-conversao 1.0.0,5,ok
089842,per089842_1909_02937,1,0,0,,,triagem/nome-caixa-conversao 1.0.0,5,ok
089842,per089842_1909_02937,2,0,0,,,triagem/nome-caixa-conversao 1.0.0,5,ok
089842,per089842_1909_02937,3,1,1,caixa de conver,9284,triagem/nome-caixa-conversao 1.0.0,5,ok
089842,per089842_1909_02937,4,0,0,,,triagem/nome-caixa-conversao 1.0.0,5,ok
089842,per089842_1909_02937,5,0,0,,,triagem/nome-caixa-conversao 1.0.0,5,ok
089842,per089842_1909_02937,6,0,0,,,triagem/nome-caixa-conversao 1.0.0,5,ok
089842,per089842_1909_02937,7,0,0,,,triagem/nome-caixa-conversao 1.0.0,5,ok
089842,per089842_1909_02937,8,0,0,,,triagem/nome-caixa-conversao 1.0.0,5,ok
089842,per089842_1909_02937,9,0,0,,,triagem/nome-caixa-conversao 1.0.0,5,ok
089842,per089842_1909_02937,10,0,0,,,triagem/nome-caixa-conversao 1.0.0,5,ok
089842,per089842_1909_02937,11,0,0,,,triagem/nome-caixa-conversao 1.0.0,5,ok
089842,per089842_1909_02937,12,0,0,,,triagem/nome-caixa-conversao 1.0.0,5,ok
089842,per089842_1909_02937,13,0,0,,,triagem/nome-caixa-conversao 1.0.0,5,ok
089842,per089842_1909_02937,14,0,0,,,triagem/nome-caixa-conversao 1.0.0,5,ok
089842,per089842_1909_02938,1,0,0,,,triagem/nome-caixa-conversao 1.0.0,5,ok
089842,per089842_1909_02938,2,0,0,,,triagem/nome-caixa-conversao 1.0.0,5,ok
089842,per089842_1909_02938,3,0,0,,,triagem/nome-caixa-conversao 1.0.0,5,ok
089842,per089842_1909_02938,4,0,0,,,triagem/nome-caixa-conversao 1.0.0,5,ok
089842,per089842_1909_02938,5,0,0,,,triagem/nome-caixa-conversao 1.0.0,5,ok
089842,per089842_1909_02938,6,0,0,,,triagem/nome-caixa-conversao 1.0.0,5,ok
089842,per089842_1909_02938,7,0,0,,,triagem/nome-caixa-conversao 1.0.0,5,ok
089842,per089842_1909_02938,8,0,0,,,triagem/nome-caixa-conversao 1.0.0,5,ok
089842,per089842_1909_02939,1,1,1,caixa de conver,18137,triagem/nome-caixa-conversao 1.0.0,5,ok
089842,per089842_1909_02939,2,0,0,,,triagem/nome-caixa-conversao 1.0.0,5,ok
089842,per089842_1909_02939,3,0,0,,,triagem/nome-caixa-conversao 1.0.0,5,ok
089842,per089842_1909_02939,4,0,0,,,triagem/nome-caixa-conversao 1.0.0,5,ok
089842,per089842_1909_02939,5,0,0,,,triagem/nome-caixa-conversao 1.0.0,5,ok
089842,per089842_1909_02939,6,0,0,,,triagem/nome-caixa-conversao 1.0.0,5,ok
089842,per089842_1909_02939,7,0,0,,,triagem/nome-caixa-conversao 1.0.0,5,ok
089842,per089842_1909_02939,8,0,0,,,triagem/nome-caixa-conversao 1.0.0,5,ok
089842,per089842_1909_02939,9,0,0,,,triagem/nome-caixa-conversao 1.0.0,5,ok
089842,per089842_1909_02939,10,0,0,,,triagem/nome-caixa-conversao 1.0.0,5,ok
089842,per089842_1909_02940,1,1,3,caixa de conver,17964,triagem/nome-caixa-conversao 1.0.0,5,ok
089842,per089842_1909_02940,2,0,0,,,triagem/nome-caixa-conversao 1.0.0,5,ok
089842,per089842_1909_02940,3,0,0,,,triagem/nome-caixa-conversao 1.0.0,5,ok
089842,per089842_1909_02940,4,0,0,,,triagem/nome-caixa-conversao 1.0.0,5,ok
089842,per089842_1909_02940,5,0,0,,,triagem/nome-caixa-conversao 1.0.0,5,ok
089842,per089842_1909_02940,6,0,0,,,triagem/nome-caixa-conversao 1.0.0,5,ok
089842,per089842_1909_02940,7,0,0,,,triagem/nome-caixa-conversao 1.0.0,5,ok
089842,per089842_1909_02940,8,0,0,,,triagem/nome-caixa-conversao 1.0.0,5,ok
089842,per089842_1909_02941,1,0,0,,,triagem/nome-caixa-conversao 1.0.0,5,ok
089842,per089842_1909_02941,2,1,1,caixa dc conver,8591,triagem/nome-caixa-conversao 1.0.0,5,ok
089842,per089842_1909_02941,3,0,0,,,triagem/nome-caixa-conversao 1.0.0,5,ok
089842,per089842_1909_02941,4,0,0,,,triagem/nome-caixa-conversao 1.0.0,5,ok
089842,per089842_1909_02941,5,0,0,,,triagem/nome-caixa-conversao 1.0.0,5,ok
089842,per089842_1909_02941,6,0,0,,,triagem/nome-caixa-conversao 1.0.0,5,ok
089842,per089842_1909_02941,7,0,0,,,triagem/nome-caixa-conversao 1.0.0,5,ok
089842,per089842_1909_02941,8,0,0,,,triagem/nome-caixa-conversao 1.0.0,5,ok
089842,per089842_1909_02941,9,0,0,,,triagem/nome-caixa-conversao 1.0.0,5,ok
089842,per089842_1909_02941,10,0,0,,,triagem/nome-caixa-conversao 1.0.0,5,ok
089842,per089842_1909_02942,1,1,1,caixa de conver,36784,triagem/nome-caixa-conversao 1.0.0,5,ok
089842,per089842_1909_02942,2,0,0,,,triagem/nome-caixa-conversao 1.0.0,5,ok
089842,per089842_1909_02942,3,0,0,,,triagem/nome-caixa-conversao 1.0.0,5,ok
089842,per089842_1909_02942,4,0,0,,,triagem/nome-caixa-conversao 1.0.0,5,ok
089842,per089842_1909_02942,5,0,0,,,triagem/nome-caixa-conversao 1.0.0,5,ok
089842,per089842_1909_02942,6,0,0,,,triagem/nome-caixa-conversao 1.0.0,5,ok
089842,per089842_1909_02942,7,0,0,,,triagem/nome-caixa-conversao 1.0.0,5,ok
089842,per089842_1909_02942,8,0,0,,,triagem/nome-caixa-conversao 1.0.0,5,ok
089842,per089842_1909_02943,1,1,1,caixa de conver,21707,triagem/nome-caixa-conversao 1.0.0,5,ok
089842,per089842_1909_02943,2,0,0,,,triagem/nome-caixa-conversao 1.0.0,5,ok
089842,per089842_1909_02943,3,0,0,,,triagem/nome-caixa-conversao 1.0.0,5,ok
089842,per089842_1909_02943,4,0,0,,,triagem/nome-caixa-conversao 1.0.0,5,ok
089842,per089842_1909_02943,5,0,0,,,triagem/nome-caixa-conversao 1.0.0,5,ok
089842,per089842_1909_02943,6,0,0,,,triagem/nome-caixa-conversao 1.0.0,5,ok
089842,per089842_1909_02943,7,0,0,,,triagem/nome-caixa-conversao 1.0.0,5,ok
089842,per089842_1909_02943,8,0,0,,,triagem/nome-caixa-conversao 1.0.0,5,ok
089842,per089842_1909_02944,1,0,0,,,triagem/nome-caixa-conversao 1.0.0,5,ok
089842,per089842_1909_02944,2,0,0,,,triagem/nome-caixa-conversao 1.0.0,5,ok
089842,per089842_1909_02944,3,1,3,caixa dc conver,16440,triagem/nome-caixa-conversao 1.0.0,5,ok
089842,per089842_1909_02944,4,0,0,,,triagem/nome-caixa-conversao 1.0.0,5,ok
089842,per089842_1909_02944,5,0,0,,,triagem/nome-caixa-conversao 1.0.0,5,ok
089842,per089842_1909_02944,6,0,0,,,triagem/nome-caixa-conversao 1.0.0,5,ok
089842,per089842_1909_02944,7,0,0,,,triagem/nome-caixa-conversao 1.0.0,5,ok
089842,per089842_1909_02944,8,0,0,,,triagem/nome-caixa-conversao 1.0.0,5,ok
089842,per089842_1909_02944,9,0,0,,,triagem/nome-caixa-conversao 1.0.0,5,ok
089842,per089842_1909_02944,10,0,0,,,triagem/nome-caixa-conversao 1.0.0,5,ok
089842,per089842_1909_02944,11,0,0,,,triagem/nome-caixa-conversao 1.0.0,5,ok
089842,per089842_1909_02944,12,0,0,,,triagem/nome-caixa-conversao 1.0.0,5,ok
089842,per089842_1909_02944,13,0,0,,,triagem/nome-caixa-conversao 1.0.0,5,ok
089842,per089842_1909_02944,14,0,0,,,triagem/nome-caixa-conversao 1.0.0,5,ok
089842,per089842_1909_02945,1,1,1,caixa dc conver,21494,triagem/nome-caixa-conversao 1.0.0,5,ok
089842,per089842_1909_02945,2,1,1,caixa dc conver,30577,triagem/nome-caixa-conversao 1.0.0,5,ok
089842,per089842_1909_02945,3,0,0,,,triagem/nome-caixa-conversao 1.0.0,5,ok
089842,per089842_1909_02945,4,1,1,caixa dc conver,27011,triagem/nome-caixa-conversao 1.0.0,5,ok
089842,per089842_1909_02945,5,0,0,,,triagem/nome-caixa-conversao 1.0.0,5,ok
089842,per089842_1909_02945,6,0,0,,,triagem/nome-caixa-conversao 1.0.0,5,ok
089842,per089842_1909_02945,7,0,0,,,triagem/nome-caixa-conversao 1.0.0,5,ok
089842,per089842_1909_02945,8,0,0,,,triagem/nome-caixa-conversao 1.0.0,5,ok
089842,per089842_1909_02946,1,0,0,,,triagem/nome-caixa-conversao 1.0.0,5,ok
089842,per089842_1909_02946,2,0,0,,,triagem/nome-caixa-conversao 1.0.0,5,ok
089842,per089842_1909_02946,3,0,0,,,triagem/nome-caixa-conversao 1.0.0,5,ok
089842,per089842_1909_02946,4,0,0,,,triagem/nome-caixa-conversao 1.0.0,5,ok
089842,per089842_1909_02946,5,0,0,,,triagem/nome-caixa-conversao 1.0.0,5,ok
089842,per089842_1909_02946,6,0,0,,,triagem/nome-caixa-conversao 1.0.0,5,ok
089842,per089842_1909_02946,7,0,0,,,triagem/nome-caixa-conversao 1.0.0,5,ok
089842,per089842_1909_02946,8,0,0,,,triagem/nome-caixa-conversao 1.0.0,5,ok
089842,per089842_1909_02947,1,1,1,caixa de conver,16814,triagem/nome-caixa-conversao 1.0.0,5,ok
089842,per089842_1909_02947,2,0,0,,,triagem/nome-caixa-conversao 1.0.0,5,ok
089842,per089842_1909_02947,3,0,0,,,triagem/nome-caixa-conversao 1.0.0,5,ok
089842,per089842_1909_02947,4,0,0,,,triagem/nome-caixa-conversao 1.0.0,5,ok
089842,per089842_1909_02947,5,0,0,,,triagem/nome-caixa-conversao 1.0.0,5,ok
089842,per089842_1909_02947,6,0,0,,,triagem/nome-caixa-conversao 1.0.0,5,ok
089842,per089842_1909_02947,7,0,0,,,triagem/nome-caixa-conversao 1.0.0,5,ok
089842,per089842_1909_02947,8,0,0,,,triagem/nome-caixa-conversao 1.0.0,5,ok
089842,per089842_1909_02948,1,1,1,caixa de conver,9221,triagem/nome-caixa-conversao 1.0.0,5,ok
089842,per089842_1909_02948,2,0,0,,,triagem/nome-caixa-conversao 1.0.0,5,ok
089842,per089842_1909_02948,3,0,0,,,triagem/nome-caixa-conversao 1.0.0,5,ok
089842,per089842_1909_02948,4,0,0,,,triagem/nome-caixa-conversao 1.0.0,5,ok
089842,per089842_1909_02948,5,0,0,,,triagem/nome-caixa-conversao 1.0.0,5,ok
089842,per089842_1909_02948,6,0,0,,,triagem/nome-caixa-conversao 1.0.0,5,ok
089842,per089842_1909_02948,7,0,0,,,triagem/nome-caixa-conversao 1.0.0,5,ok
089842,per089842_1909_02948,8,0,0,,,triagem/nome-caixa-conversao 1.0.0,5,ok
089842,per089842_1909_02949,1,0,0,,,triagem/nome-caixa-conversao 1.0.0,5,ok
089842,per089842_1909_02949,2,0,0,,,triagem/nome-caixa-conversao 1.0.0,5,ok
089842,per089842_1909_02949,3,0,0,,,triagem/nome-caixa-conversao 1.0.0,5,ok
089842,per089842_1909_02949,4,0,0,,,triagem/nome-caixa-conversao 1.0.0,5,ok
089842,per089842_1909_02949,5,0,0,,,triagem/nome-caixa-conversao 1.0.0,5,ok
089842,per089842_1909_02949,6,0,0,,,triagem/nome-caixa-conversao 1.0.0,5,ok
089842,per089842_1909_02949,7,0,0,,,triagem/nome-caixa-conversao 1.0.0,5,ok
089842,per089842_1909_02949,8,0,0,,,triagem/nome-caixa-conversao 1.0.0,5,ok
089842,per089842_1909_02950,1,1,1,caixa dc conver,14765,triagem/nome-caixa-conversao 1.0.0,5,ok
089842,per089842_1909_02950,2,0,0,,,triagem/nome-caixa-conversao 1.0.0,5,ok
089842,per089842_1909_02950,3,0,0,,,triagem/nome-caixa-conversao 1.0.0,5,ok
089842,per089842_1909_02950,4,0,0,,,triagem/nome-caixa-conversao 1.0.0,5,ok
089842,per089842_1909_02950,5,0,0,,,triagem/nome-caixa-conversao 1.0.0,5,ok
089842,per089842_1909_02950,6,0,0,,,triagem/nome-caixa-conversao 1.0.0,5,ok
089842,per089842_1909_02950,7,0,0,,,triagem/nome-caixa-conversao 1.0.0,5,ok
089842,per089842_1909_02950,8,0,0,,,triagem/nome-caixa-conversao 1.0.0,5,ok
089842,per089842_1909_02951,1,0,0,,,triagem/nome-caixa-conversao 1.0.0,5,ok
089842,per089842_1909_02951,2,0,0,,,triagem/nome-caixa-conversao 1.0.0,5,ok
089842,per089842_1909_02951,3,1,1,caixa de conver,15405,triagem/nome-caixa-conversao 1.0.0,5,ok
089842,per089842_1909_02951,4,0,0,,,triagem/nome-caixa-conversao 1.0.0,5,ok
089842,per089842_1909_02951,5,0,0,,,triagem/nome-caixa-conversao 1.0.0,5,ok
089842,per089842_1909_02951,6,0,0,,,triagem/nome-caixa-conversao 1.0.0,5,ok
089842,per089842_1909_02951,7,0,0,,,triagem/nome-caixa-conversao 1.0.0,5,ok
089842,per089842_1909_02951,8,0,0,,,triagem/nome-caixa-conversao 1.0.0,5,ok
089842,per089842_1909_02951,9,0,0,,,triagem/nome-caixa-conversao 1.0.0,5,ok
089842,per089842_1909_02951,10,0,0,,,triagem/nome-caixa-conversao 1.0.0,5,ok
089842,per089842_1909_02951,11,0,0,,,triagem/nome-caixa-conversao 1.0.0,5,ok
089842,per089842_1909_02951,12,0,0,,,triagem/nome-caixa-conversao 1.0.0,5,ok
089842,per089842_1909_02951,13,0,0,,,triagem/nome-caixa-conversao 1.0.0,5,ok
089842,per089842_1909_02951,14,0,0,,,triagem/nome-caixa-conversao 1.0.0,5,ok
089842,per089842_1909_02952,1,0,0,,,triagem/nome-caixa-conversao 1.0.0,5,ok
089842,per089842_1909_02952,2,0,0,,,triagem/nome-caixa-conversao 1.0.0,5,ok
089842,per089842_1909_02952,3,0,0,,,triagem/nome-caixa-conversao 1.0.0,5,ok
089842,per089842_1909_02952,4,0,0,,,triagem/nome-caixa-conversao 1.0.0,5,ok
089842,per089842_1909_02952,5,0,0,,,triagem/nome-caixa-conversao 1.0.0,5,ok
089842,per089842_1909_02952,6,0,0,,,triagem/nome-caixa-conversao 1.0.0,5,ok
089842,per089842_1909_02952,7,0,0,,,triagem/nome-caixa-conversao 1.0.0,5,ok
089842,per089842_1909_02952,8,0,0,,,triagem/nome-caixa-conversao 1.0.0,5,ok
089842,per089842_1909_02953,1,1,1,caixa dc conver,17668,triagem/nome-caixa-conversao 1.0.0,5,ok
089842,per089842_1909_02953,2,0,0,,,triagem/nome-caixa-conversao 1.0.0,5,ok
089842,per089842_1909_02953,3,0,0,,,triagem/nome-caixa-conversao 1.0.0,5,ok
089842,per089842_1909_02953,4,0,0,,,triagem/nome-caixa-conversao 1.0.0,5,ok
089842,per089842_1909_02953,5,0,0,,,triagem/nome-caixa-conversao 1.0.0,5,ok
089842,per089842_1909_02953,6,0,0,,,triagem/nome-caixa-conversao 1.0.0,5,ok
089842,per089842_1909_02953,7,0,0,,,triagem/nome-caixa-conversao 1.0.0,5,ok
089842,per089842_1909_02953,8,0,0,,,triagem/nome-caixa-conversao 1.0.0,5,ok
089842,per089842_1909_02954,1,1,1,caixa de conver,20340,triagem/nome-caixa-conversao 1.0.0,5,ok
089842,per089842_1909_02954,2,0,0,,,triagem/nome-caixa-conversao 1.0.0,5,ok
089842,per089842_1909_02954,3,0,0,,,triagem/nome-caixa-conversao 1.0.0,5,ok
089842,per089842_1909_02954,4,0,0,,,triagem/nome-caixa-conversao 1.0.0,5,ok
089842,per089842_1909_02954,5,0,0,,,triagem/nome-caixa-conversao 1.0.0,5,ok
089842,per089842_1909_02954,6,0,0,,,triagem/nome-caixa-conversao 1.0.0,5,ok
089842,per089842_1909_02954,7,0,0,,,triagem/nome-caixa-conversao 1.0.0,5,ok
089842,per089842_1909_02954,8,0,0,,,triagem/nome-caixa-conversao 1.0.0,5,ok
089842,per089842_1909_02955,1,1,1,caixa de conver,17179,triagem/nome-caixa-conversao 1.0.0,5,ok
089842,per089842_1909_02955,2,0,0,,,triagem/nome-caixa-conversao 1.0.0,5,ok
089842,per089842_1909_02955,3,0,0,,,triagem/nome-caixa-conversao 1.0.0,5,ok
089842,per089842_1909_02955,4,0,0,,,triagem/nome-caixa-conversao 1.0.0,5,ok
089842,per089842_1909_02955,5,0,0,,,triagem/nome-caixa-conversao 1.0.0,5,ok
089842,per089842_1909_02955,6,0,0,,,triagem/nome-caixa-conversao 1.0.0,5,ok
089842,per089842_1909_02955,7,0,0,,,triagem/nome-caixa-conversao 1.0.0,5,ok
089842,per089842_1909_02955,8,0,0,,,triagem/nome-caixa-conversao 1.0.0,5,ok
089842,per089842_1909_02956,1,1,1,caixa de conver,20643,triagem/nome-caixa-conversao 1.0.0,5,ok
089842,per089842_1909_02956,2,0,0,,,triagem/nome-caixa-conversao 1.0.0,5,ok
089842,per089842_1909_02956,3,0,0,,,triagem/nome-caixa-conversao 1.0.0,5,ok
089842,per089842_1909_02956,4,0,0,,,triagem/nome-caixa-conversao 1.0.0,5,ok
089842,per089842_1909_02956,5,0,0,,,triagem/nome-caixa-conversao 1.0.0,5,ok
089842,per089842_1909_02956,6,0,0,,,triagem/nome-caixa-conversao 1.0.0,5,ok
089842,per089842_1909_02956,7,0,0,,,triagem/nome-caixa-conversao 1.0.0,5,ok
089842,per089842_1909_02956,8,0,0,,,triagem/nome-caixa-conversao 1.0.0,5,ok
089842,per089842_1909_02957,1,1,1,caixa dc conver,9618,triagem/nome-caixa-conversao 1.0.0,5,ok
089842,per089842_1909_02957,2,0,0,,,triagem/nome-caixa-conversao 1.0.0,5,ok
089842,per089842_1909_02957,3,0,0,,,triagem/nome-caixa-conversao 1.0.0,5,ok
089842,per089842_1909_02957,4,0,0,,,triagem/nome-caixa-conversao 1.0.0,5,ok
089842,per089842_1909_02957,5,0,0,,,triagem/nome-caixa-conversao 1.0.0,5,ok
089842,per089842_1909_02957,6,0,0,,,triagem/nome-caixa-conversao 1.0.0,5,ok
089842,per089842_1909_02957,7,0,0,,,triagem/nome-caixa-conversao 1.0.0,5,ok
089842,per089842_1909_02957,8,0,0,,,triagem/nome-caixa-conversao 1.0.0,5,ok
089842,per089842_1909_02958,1,0,0,,,triagem/nome-caixa-conversao 1.0.0,5,ok
089842,per089842_1909_02958,2,0,0,,,triagem/nome-caixa-conversao 1.0.0,5,ok
089842,per089842_1909_02958,3,1,1,caixa de conver,21587,triagem/nome-caixa-conversao 1.0.0,5,ok
089842,per089842_1909_02958,4,0,0,,,triagem/nome-caixa-conversao 1.0.0,5,ok
089842,per089842_1909_02958,5,0,0,,,triagem/nome-caixa-conversao 1.0.0,5,ok
089842,per089842_1909_02958,6,0,0,,,triagem/nome-caixa-conversao 1.0.0,5,ok
089842,per089842_1909_02958,7,0,0,,,triagem/nome-caixa-conversao 1.0.0,5,ok
089842,per089842_1909_02958,8,0,0,,,triagem/nome-caixa-conversao 1.0.0,5,ok
089842,per089842_1909_02958,9,0,0,,,triagem/nome-caixa-conversao 1.0.0,5,ok
089842,per089842_1909_02958,10,0,0,,,triagem/nome-caixa-conversao 1.0.0,5,ok
089842,per089842_1909_02958,11,0,0,,,triagem/nome-caixa-conversao 1.0.0,5,ok
089842,per089842_1909_02958,12,0,0,,,triagem/nome-caixa-conversao 1.0.0,5,ok
089842,per089842_1909_02959,1,0,0,,,triagem/nome-caixa-conversao 1.0.0,5,ok
089842,per089842_1909_02959,2,0,0,,,triagem/nome-caixa-conversao 1.0.0,5,ok
089842,per089842_1909_02959,3,0,0,,,triagem/nome-caixa-conversao 1.0.0,5,ok
089842,per089842_1909_02959,4,0,0,,,triagem/nome-caixa-conversao 1.0.0,5,ok
089842,per089842_1909_02959,5,0,0,,,triagem/nome-caixa-conversao 1.0.0,5,ok
089842,per089842_1909_02959,6,0,0,,,triagem/nome-caixa-conversao 1.0.0,5,ok
089842,per089842_1909_02959,7,0,0,,,triagem/nome-caixa-conversao 1.0.0,5,ok
089842,per089842_1909_02959,8,0,0,,,triagem/nome-caixa-conversao 1.0.0,5,ok
089842,per089842_1909_02960,1,1,1,caixa de conver,8298,triagem/nome-caixa-conversao 1.0.0,5,ok
089842,per089842_1909_02960,2,0,0,,,triagem/nome-caixa-conversao 1.0.0,5,ok
089842,per089842_1909_02960,3,0,0,,,triagem/nome-caixa-conversao 1.0.0,5,ok
089842,per089842_1909_02960,4,0,0,,,triagem/nome-caixa-conversao 1.0.0,5,ok
089842,per089842_1909_02960,5,0,0,,,triagem/nome-caixa-conversao 1.0.0,5,ok
089842,per089842_1909_02960,6,0,0,,,triagem/nome-caixa-conversao 1.0.0,5,ok
089842,per089842_1909_02960,7,0,0,,,triagem/nome-caixa-conversao 1.0.0,5,ok
089842,per089842_1909_02960,8,0,0,,,triagem/nome-caixa-conversao 1.0.0,5,ok
089842,per089842_1909_02961,1,1,2,caixa do conver,17767,triagem/nome-caixa-conversao 1.0.0,5,ok
089842,per089842_1909_02961,2,1,1,caixa de conver,17830,triagem/nome-caixa-conversao 1.0.0,5,ok
089842,per089842_1909_02961,3,0,0,,,triagem/nome-caixa-conversao 1.0.0,5,ok
089842,per089842_1909_02961,4,0,0,,,triagem/nome-caixa-conversao 1.0.0,5,ok
089842,per089842_1909_02961,5,0,0,,,triagem/nome-caixa-conversao 1.0.0,5,ok
089842,per089842_1909_02961,6,0,0,,,triagem/nome-caixa-conversao 1.0.0,5,ok
089842,per089842_1909_02961,7,0,0,,,triagem/nome-caixa-conversao 1.0.0,5,ok
089842,per089842_1909_02961,8,0,0,,,triagem/nome-caixa-conversao 1.0.0,5,ok
089842,per089842_1909_02962,1,1,1,caixa dc conver,24190,triagem/nome-caixa-conversao 1.0.0,5,ok
089842,per089842_1909_02962,2,0,0,,,triagem/nome-caixa-conversao 1.0.0,5,ok
089842,per089842_1909_02962,3,0,0,,,triagem/nome-caixa-conversao 1.0.0,5,ok
089842,per089842_1909_02962,4,0,0,,,triagem/nome-caixa-conversao 1.0.0,5,ok
089842,per089842_1909_02962,5,0,0,,,triagem/nome-caixa-conversao 1.0.0,5,ok
089842,per089842_1909_02962,6,0,0,,,triagem/nome-caixa-conversao 1.0.0,5,ok
089842,per089842_1909_02962,7,0,0,,,triagem/nome-caixa-conversao 1.0.0,5,ok
089842,per089842_1909_02962,8,0,0,,,triagem/nome-caixa-conversao 1.0.0,5,ok
089842,per089842_1909_02963,1,1,2,caixa do conver,17343,triagem/nome-caixa-conversao 1.0.0,5,ok
089842,per089842_1909_02963,2,0,0,,,triagem/nome-caixa-conversao 1.0.0,5,ok
089842,per089842_1909_02963,3,0,0,,,triagem/nome-caixa-conversao 1.0.0,5,ok
089842,per089842_1909_02963,4,0,0,,,triagem/nome-caixa-conversao 1.0.0,5,ok
089842,per089842_1909_02963,5,0,0,,,triagem/nome-caixa-conversao 1.0.0,5,ok
089842,per089842_1909_02963,6,0,0,,,triagem/nome-caixa-conversao 1.0.0,5,ok
089842,per089842_1909_02963,7,0,0,,,triagem/nome-caixa-conversao 1.0.0,5,ok
089842,per089842_1909_02963,8,0,0,,,triagem/nome-caixa-conversao 1.0.0,5,ok
089842,per089842_1909_02964,1,1,1,caixa de conver,13813,triagem/nome-caixa-conversao 1.0.0,5,ok
089842,per089842_1909_02964,2,0,0,,,triagem/nome-caixa-conversao 1.0.0,5,ok
089842,per089842_1909_02964,3,0,0,,,triagem/nome-caixa-conversao 1.0.0,5,ok
089842,per089842_1909_02964,4,0,0,,,triagem/nome-caixa-conversao 1.0.0,5,ok
089842,per089842_1909_02964,5,0,0,,,triagem/nome-caixa-conversao 1.0.0,5,ok
089842,per089842_1909_02964,6,0,0,,,triagem/nome-caixa-conversao 1.0.0,5,ok
089842,per089842_1909_02964,7,0,0,,,triagem/nome-caixa-conversao 1.0.0,5,ok
089842,per089842_1909_02964,8,0,0,,,triagem/nome-caixa-conversao 1.0.0,5,ok
089842,per089842_1909_02965,1,0,0,,,triagem/nome-caixa-conversao 1.0.0,5,ok
089842,per089842_1909_02965,2,0,0,,,triagem/nome-caixa-conversao 1.0.0,5,ok
089842,per089842_1909_02965,3,1,1,caixa de conver,13799,triagem/nome-caixa-conversao 1.0.0,5,ok
089842,per089842_1909_02965,4,0,0,,,triagem/nome-caixa-conversao 1.0.0,5,ok
089842,per089842_1909_02965,5,0,0,,,triagem/nome-caixa-conversao 1.0.0,5,ok
089842,per089842_1909_02965,6,0,0,,,triagem/nome-caixa-conversao 1.0.0,5,ok
089842,per089842_1909_02965,7,0,0,,,triagem/nome-caixa-conversao 1.0.0,5,ok
089842,per089842_1909_02965,8,0,0,,,triagem/nome-caixa-conversao 1.0.0,5,ok
089842,per089842_1909_02965,9,0,0,,,triagem/nome-caixa-conversao 1.0.0,5,ok
089842,per089842_1909_02965,10,0,0,,,triagem/nome-caixa-conversao 1.0.0,5,ok
089842,per089842_1909_02965,11,0,0,,,triagem/nome-caixa-conversao 1.0.0,5,ok
089842,per089842_1909_02965,12,0,0,,,triagem/nome-caixa-conversao 1.0.0,5,ok
089842,per089842_1909_02965,13,0,0,,,triagem/nome-caixa-conversao 1.0.0,5,ok
089842,per089842_1909_02965,14,0,0,,,triagem/nome-caixa-conversao 1.0.0,5,ok
089842,per089842_1909_02966,1,0,0,,,triagem/nome-caixa-conversao 1.0.0,5,ok
089842,per089842_1909_02966,2,0,0,,,triagem/nome-caixa-conversao 1.0.0,5,ok
089842,per089842_1909_02966,3,0,0,,,triagem/nome-caixa-conversao 1.0.0,5,ok
089842,per089842_1909_02966,4,0,0,,,triagem/nome-caixa-conversao 1.0.0,5,ok
089842,per089842_1909_02966,5,0,0,,,triagem/nome-caixa-conversao 1.0.0,5,ok
089842,per089842_1909_02966,6,0,0,,,triagem/nome-caixa-conversao 1.0.0,5,ok
089842,per089842_1909_02966,7,0,0,,,triagem/nome-caixa-conversao 1.0.0,5,ok
089842,per089842_1909_02966,8,0,0,,,triagem/nome-caixa-conversao 1.0.0,5,ok
089842,per089842_1909_02967,1,1,1,caixa de conver,21462,triagem/nome-caixa-conversao 1.0.0,5,ok
089842,per089842_1909_02967,2,0,0,,,triagem/nome-caixa-conversao 1.0.0,5,ok
089842,per089842_1909_02967,3,0,0,,,triagem/nome-caixa-conversao 1.0.0,5,ok
089842,per089842_1909_02967,4,0,0,,,triagem/nome-caixa-conversao 1.0.0,5,ok
089842,per089842_1909_02967,5,0,0,,,triagem/nome-caixa-conversao 1.0.0,5,ok
089842,per089842_1909_02967,6,0,0,,,triagem/nome-caixa-conversao 1.0.0,5,ok
089842,per089842_1909_02967,7,0,0,,,triagem/nome-caixa-conversao 1.0.0,5,ok
089842,per089842_1909_02967,8,0,0,,,triagem/nome-caixa-conversao 1.0.0,5,ok
089842,per089842_1909_02968,1,0,0,,,triagem/nome-caixa-conversao 1.0.0,5,ok
089842,per089842_1909_02968,2,0,0,,,triagem/nome-caixa-conversao 1.0.0,5,ok
089842,per089842_1909_02968,3,0,0,,,triagem/nome-caixa-conversao 1.0.0,5,ok
089842,per089842_1909_02968,4,0,0,,,triagem/nome-caixa-conversao 1.0.0,5,ok
089842,per089842_1909_02968,5,0,0,,,triagem/nome-caixa-conversao 1.0.0,5,ok
089842,per089842_1909_02968,6,0,0,,,triagem/nome-caixa-conversao 1.0.0,5,ok
089842,per089842_1909_02968,7,0,0,,,triagem/nome-caixa-conversao 1.0.0,5,ok
089842,per089842_1909_02968,8,0,0,,,triagem/nome-caixa-conversao 1.0.0,5,ok
089842,per089842_1909_02969,1,0,0,,,triagem/nome-caixa-conversao 1.0.0,5,ok
089842,per089842_1909_02969,2,0,0,,,triagem/nome-caixa-conversao 1.0.0,5,ok
089842,per089842_1909_02969,3,0,0,,,triagem/nome-caixa-conversao 1.0.0,5,ok
089842,per089842_1909_02969,4,0,0,,,triagem/nome-caixa-conversao 1.0.0,5,ok
089842,per089842_1909_02969,5,0,0,,,triagem/nome-caixa-conversao 1.0.0,5,ok
089842,per089842_1909_02969,6,0,0,,,triagem/nome-caixa-conversao 1.0.0,5,ok
089842,per089842_1909_02969,7,0,0,,,triagem/nome-caixa-conversao 1.0.0,5,ok
089842,per089842_1909_02969,8,0,0,,,triagem/nome-caixa-conversao 1.0.0,5,ok
089842,per089842_1909_02969,9,0,0,,,triagem/nome-caixa-conversao 1.0.0,5,ok
089842,per089842_1909_02969,10,0,0,,,triagem/nome-caixa-conversao 1.0.0,5,ok
089842,per089842_1909_02970,1,1,1,caixa dc conver,19648,triagem/nome-caixa-conversao 1.0.0,5,ok
089842,per089842_1909_02970,2,0,0,,,triagem/nome-caixa-conversao 1.0.0,5,ok
089842,per089842_1909_02970,3,0,0,,,triagem/nome-caixa-conversao 1.0.0,5,ok
089842,per089842_1909_02970,4,0,0,,,triagem/nome-caixa-conversao 1.0.0,5,ok
089842,per089842_1909_02970,5,0,0,,,triagem/nome-caixa-conversao 1.0.0,5,ok
089842,per089842_1909_02970,6,0,0,,,triagem/nome-caixa-conversao 1.0.0,5,ok
089842,per089842_1909_02970,7,0,0,,,triagem/nome-caixa-conversao 1.0.0,5,ok
089842,per089842_1909_02970,8,0,0,,,triagem/nome-caixa-conversao 1.0.0,5,ok
089842,per089842_1909_02970,9,0,0,,,triagem/nome-caixa-conversao 1.0.0,5,ok
089842,per089842_1909_02970,10,0,0,,,triagem/nome-caixa-conversao 1.0.0,5,ok
089842,per089842_1909_02971,1,0,0,,,triagem/nome-caixa-conversao 1.0.0,5,ok
089842,per089842_1909_02971,2,0,0,,,triagem/nome-caixa-conversao 1.0.0,5,ok
089842,per089842_1909_02971,3,0,0,,,triagem/nome-caixa-conversao 1.0.0,5,ok
089842,per089842_1909_02971,4,0,0,,,triagem/nome-caixa-conversao 1.0.0,5,ok
089842,per089842_1909_02971,5,0,0,,,triagem/nome-caixa-conversao 1.0.0,5,ok
089842,per089842_1909_02971,6,0,0,,,triagem/nome-caixa-conversao 1.0.0,5,ok
089842,per089842_1909_02971,7,0,0,,,triagem/nome-caixa-conversao 1.0.0,5,ok
089842,per089842_1909_02971,8,0,0,,,triagem/nome-caixa-conversao 1.0.0,5,ok
089842,per089842_1909_02972,1,0,0,,,triagem/nome-caixa-conversao 1.0.0,5,ok
089842,per089842_1909_02972,2,0,0,,,triagem/nome-caixa-conversao 1.0.0,5,ok
089842,per089842_1909_02972,3,0,0,,,triagem/nome-caixa-conversao 1.0.0,5,ok
089842,per089842_1909_02972,4,0,0,,,triagem/nome-caixa-conversao 1.0.0,5,ok
089842,per089842_1909_02972,5,0,0,,,triagem/nome-caixa-conversao 1.0.0,5,ok
089842,per089842_1909_02972,6,0,0,,,triagem/nome-caixa-conversao 1.0.0,5,ok
089842,per089842_1909_02972,7,0,0,,,triagem/nome-caixa-conversao 1.0.0,5,ok
089842,per089842_1909_02972,8,0,0,,,triagem/nome-caixa-conversao 1.0.0,5,ok
089842,per089842_1909_02972,9,0,0,,,triagem/nome-caixa-conversao 1.0.0,5,ok
089842,per089842_1909_02972,10,0,0,,,triagem/nome-caixa-conversao 1.0.0,5,ok
089842,per089842_1909_02972,11,0,0,,,triagem/nome-caixa-conversao 1.0.0,5,ok
089842,per089842_1909_02972,12,0,0,,,triagem/nome-caixa-conversao 1.0.0,5,ok
089842,per089842_1909_02972,13,0,0,,,triagem/nome-caixa-conversao 1.0.0,5,ok
089842,per089842_1909_02972,14,0,0,,,triagem/nome-caixa-conversao 1.0.0,5,ok
089842,per089842_1909_02973,1,0,0,,,triagem/nome-caixa-conversao 1.0.0,5,ok
089842,per089842_1909_02973,2,0,0,,,triagem/nome-caixa-conversao 1.0.0,5,ok
089842,per089842_1909_02973,3,0,0,,,triagem/nome-caixa-conversao 1.0.0,5,ok
089842,per089842_1909_02973,4,0,0,,,triagem/nome-caixa-conversao 1.0.0,5,ok
089842,per089842_1909_02973,5,0,0,,,triagem/nome-caixa-conversao 1.0.0,5,ok
089842,per089842_1909_02973,6,0,0,,,triagem/nome-caixa-conversao 1.0.0,5,ok
089842,per089842_1909_02974,1,0,0,,,triagem/nome-caixa-conversao 1.0.0,5,ok
089842,per089842_1909_02974,2,0,0,,,triagem/nome-caixa-conversao 1.0.0,5,ok
089842,per089842_1909_02974,3,0,0,,,triagem/nome-caixa-conversao 1.0.0,5,ok
089842,per089842_1909_02974,4,0,0,,,triagem/nome-caixa-conversao 1.0.0,5,ok
089842,per089842_1909_02974,5,0,0,,,triagem/nome-caixa-conversao 1.0.0,5,ok
089842,per089842_1909_02974,6,0,0,,,triagem/nome-caixa-conversao 1.0.0,5,ok
089842,per089842_1909_02974,7,0,0,,,triagem/nome-caixa-conversao 1.0.0,5,ok
089842,per089842_1909_02974,8,0,0,,,triagem/nome-caixa-conversao 1.0.0,5,ok
089842,per089842_1909_02975,1,0,0,,,triagem/nome-caixa-conversao 1.0.0,5,ok
089842,per089842_1909_02975,2,0,0,,,triagem/nome-caixa-conversao 1.0.0,5,ok
089842,per089842_1909_02975,3,0,0,,,triagem/nome-caixa-conversao 1.0.0,5,ok
089842,per089842_1909_02975,4,0,0,,,triagem/nome-caixa-conversao 1.0.0,5,ok
089842,per089842_1909_02975,5,0,0,,,triagem/nome-caixa-conversao 1.0.0,5,ok
089842,per089842_1909_02975,6,0,0,,,triagem/nome-caixa-conversao 1.0.0,5,ok
089842,per089842_1909_02975,7,0,0,,,triagem/nome-caixa-conversao 1.0.0,5,ok
089842,per089842_1909_02975,8,0,0,,,triagem/nome-caixa-conversao 1.0.0,5,ok
089842,per089842_1909_02976,1,0,0,,,triagem/nome-caixa-conversao 1.0.0,5,ok
089842,per089842_1909_02976,2,0,0,,,triagem/nome-caixa-conversao 1.0.0,5,ok
089842,per089842_1909_02976,3,0,0,,,triagem/nome-caixa-conversao 1.0.0,5,ok
089842,per089842_1909_02976,4,0,0,,,triagem/nome-caixa-conversao 1.0.0,5,ok
089842,per089842_1909_02976,5,0,0,,,triagem/nome-caixa-conversao 1.0.0,5,ok
089842,per089842_1909_02976,6,0,0,,,triagem/nome-caixa-conversao 1.0.0,5,ok
089842,per089842_1909_02976,7,0,0,,,triagem/nome-caixa-conversao 1.0.0,5,ok
089842,per089842_1909_02976,8,0,0,,,triagem/nome-caixa-conversao 1.0.0,5,ok
089842,per089842_1909_02977,1,1,1,caixa de conver,9731,triagem/nome-caixa-conversao 1.0.0,5,ok
089842,per089842_1909_02977,2,0,0,,,triagem/nome-caixa-conversao 1.0.0,5,ok
089842,per089842_1909_02977,3,0,0,,,triagem/nome-caixa-conversao 1.0.0,5,ok
089842,per089842_1909_02977,4,0,0,,,triagem/nome-caixa-conversao 1.0.0,5,ok
089842,per089842_1909_02977,5,0,0,,,triagem/nome-caixa-conversao 1.0.0,5,ok
089842,per089842_1909_02977,6,0,0,,,triagem/nome-caixa-conversao 1.0.0,5,ok
089842,per089842_1909_02977,7,0,0,,,triagem/nome-caixa-conversao 1.0.0,5,ok
089842,per089842_1909_02977,8,0,0,,,triagem/nome-caixa-conversao 1.0.0,5,ok
089842,per089842_1909_02978,1,1,1,caixa dc conver,18343,triagem/nome-caixa-conversao 1.0.0,5,ok
089842,per089842_1909_02978,2,0,0,,,triagem/nome-caixa-conversao 1.0.0,5,ok
089842,per089842_1909_02978,3,0,0,,,triagem/nome-caixa-conversao 1.0.0,5,ok
089842,per089842_1909_02978,4,0,0,,,triagem/nome-caixa-conversao 1.0.0,5,ok
089842,per089842_1909_02978,5,0,0,,,triagem/nome-caixa-conversao 1.0.0,5,ok
089842,per089842_1909_02978,6,0,0,,,triagem/nome-caixa-conversao 1.0.0,5,ok
089842,per089842_1909_02978,7,0,0,,,triagem/nome-caixa-conversao 1.0.0,5,ok
089842,per089842_1909_02978,8,0,0,,,triagem/nome-caixa-conversao 1.0.0,5,ok
089842,per089842_1909_02978,9,0,0,,,triagem/nome-caixa-conversao 1.0.0,5,ok
089842,per089842_1909_02978,10,0,0,,,triagem/nome-caixa-conversao 1.0.0,5,ok
089842,per089842_1909_02979,1,0,0,,,triagem/nome-caixa-conversao 1.0.0,5,ok
089842,per089842_1909_02979,2,0,0,,,triagem/nome-caixa-conversao 1.0.0,5,ok
089842,per089842_1909_02979,3,0,0,,,triagem/nome-caixa-conversao 1.0.0,5,ok
089842,per089842_1909_02979,4,0,0,,,triagem/nome-caixa-conversao 1.0.0,5,ok
089842,per089842_1909_02979,5,0,0,,,triagem/nome-caixa-conversao 1.0.0,5,ok
089842,per089842_1909_02979,6,0,0,,,triagem/nome-caixa-conversao 1.0.0,5,ok
089842,per089842_1909_02979,7,0,0,,,triagem/nome-caixa-conversao 1.0.0,5,ok
089842,per089842_1909_02979,8,0,0,,,triagem/nome-caixa-conversao 1.0.0,5,ok
089842,per089842_1909_02979,9,0,0,,,triagem/nome-caixa-conversao 1.0.0,5,ok
089842,per089842_1909_02979,10,0,0,,,triagem/nome-caixa-conversao 1.0.0,5,ok
089842,per089842_1909_02979,11,0,0,,,triagem/nome-caixa-conversao 1.0.0,5,ok
089842,per089842_1909_02979,12,0,0,,,triagem/nome-caixa-conversao 1.0.0,5,ok
089842,per089842_1909_02980,1,0,0,,,triagem/nome-caixa-conversao 1.0.0,5,ok
089842,per089842_1909_02980,2,0,0,,,triagem/nome-caixa-conversao 1.0.0,5,ok
089842,per089842_1909_02980,3,0,0,,,triagem/nome-caixa-conversao 1.0.0,5,ok
089842,per089842_1909_02980,4,0,0,,,triagem/nome-caixa-conversao 1.0.0,5,ok
089842,per089842_1909_02980,5,0,0,,,triagem/nome-caixa-conversao 1.0.0,5,ok
089842,per089842_1909_02980,6,0,0,,,triagem/nome-caixa-conversao 1.0.0,5,ok
089842,per089842_1909_02980,7,0,0,,,triagem/nome-caixa-conversao 1.0.0,5,ok
089842,per089842_1909_02980,8,0,0,,,triagem/nome-caixa-conversao 1.0.0,5,ok
089842,per089842_1909_02981,1,1,1,caixa de conver,9383,triagem/nome-caixa-conversao 1.0.0,5,ok
089842,per089842_1909_02981,2,0,0,,,triagem/nome-caixa-conversao 1.0.0,5,ok
089842,per089842_1909_02981,3,0,0,,,triagem/nome-caixa-conversao 1.0.0,5,ok
089842,per089842_1909_02981,4,0,0,,,triagem/nome-caixa-conversao 1.0.0,5,ok
089842,per089842_1909_02981,5,0,0,,,triagem/nome-caixa-conversao 1.0.0,5,ok
089842,per089842_1909_02981,6,0,0,,,triagem/nome-caixa-conversao 1.0.0,5,ok
089842,per089842_1909_02981,7,0,0,,,triagem/nome-caixa-conversao 1.0.0,5,ok
089842,per089842_1909_02981,8,0,0,,,triagem/nome-caixa-conversao 1.0.0,5,ok
089842,per089842_1909_02982,1,1,1,caixa de conver,15522,triagem/nome-caixa-conversao 1.0.0,5,ok
089842,per089842_1909_02982,2,0,0,,,triagem/nome-caixa-conversao 1.0.0,5,ok
089842,per089842_1909_02982,3,0,0,,,triagem/nome-caixa-conversao 1.0.0,5,ok
089842,per089842_1909_02982,4,0,0,,,triagem/nome-caixa-conversao 1.0.0,5,ok
089842,per089842_1909_02982,5,0,0,,,triagem/nome-caixa-conversao 1.0.0,5,ok
089842,per089842_1909_02982,6,0,0,,,triagem/nome-caixa-conversao 1.0.0,5,ok
089842,per089842_1909_02982,7,0,0,,,triagem/nome-caixa-conversao 1.0.0,5,ok
089842,per089842_1909_02982,8,0,0,,,triagem/nome-caixa-conversao 1.0.0,5,ok
089842,per089842_1909_02983,1,1,1,caixa de conver,10902,triagem/nome-caixa-conversao 1.0.0,5,ok
089842,per089842_1909_02983,2,0,0,,,triagem/nome-caixa-conversao 1.0.0,5,ok
089842,per089842_1909_02983,3,0,0,,,triagem/nome-caixa-conversao 1.0.0,5,ok
089842,per089842_1909_02983,4,0,0,,,triagem/nome-caixa-conversao 1.0.0,5,ok
089842,per089842_1909_02983,5,0,0,,,triagem/nome-caixa-conversao 1.0.0,5,ok
089842,per089842_1909_02983,6,0,0,,,triagem/nome-caixa-conversao 1.0.0,5,ok
089842,per089842_1909_02983,7,0,0,,,triagem/nome-caixa-conversao 1.0.0,5,ok
089842,per089842_1909_02983,8,0,0,,,triagem/nome-caixa-conversao 1.0.0,5,ok
089842,per089842_1909_02983,9,0,0,,,triagem/nome-caixa-conversao 1.0.0,5,ok
089842,per089842_1909_02983,10,0,0,,,triagem/nome-caixa-conversao 1.0.0,5,ok
089842,per089842_1909_02984,1,0,0,,,triagem/nome-caixa-conversao 1.0.0,5,ok
089842,per089842_1909_02984,2,0,0,,,triagem/nome-caixa-conversao 1.0.0,5,ok
089842,per089842_1909_02984,3,0,0,,,triagem/nome-caixa-conversao 1.0.0,5,ok
089842,per089842_1909_02984,4,0,0,,,triagem/nome-caixa-conversao 1.0.0,5,ok
089842,per089842_1909_02984,5,0,0,,,triagem/nome-caixa-conversao 1.0.0,5,ok
089842,per089842_1909_02984,6,0,0,,,triagem/nome-caixa-conversao 1.0.0,5,ok
089842,per089842_1909_02984,7,0,0,,,triagem/nome-caixa-conversao 1.0.0,5,ok
089842,per089842_1909_02984,8,0,0,,,triagem/nome-caixa-conversao 1.0.0,5,ok
089842,per089842_1909_02984,9,0,0,,,triagem/nome-caixa-conversao 1.0.0,5,ok
089842,per089842_1909_02984,10,0,0,,,triagem/nome-caixa-conversao 1.0.0,5,ok
089842,per089842_1909_02985,1,1,1,caixa de conver,11198,triagem/nome-caixa-conversao 1.0.0,5,ok
089842,per089842_1909_02985,2,0,0,,,triagem/nome-caixa-conversao 1.0.0,5,ok
089842,per089842_1909_02985,3,0,0,,,triagem/nome-caixa-conversao 1.0.0,5,ok
089842,per089842_1909_02985,4,0,0,,,triagem/nome-caixa-conversao 1.0.0,5,ok
089842,per089842_1909_02985,5,0,0,,,triagem/nome-caixa-conversao 1.0.0,5,ok
089842,per089842_1909_02985,6,0,0,,,triagem/nome-caixa-conversao 1.0.0,5,ok
089842,per089842_1909_02985,7,0,0,,,triagem/nome-caixa-conversao 1.0.0,5,ok
089842,per089842_1909_02985,8,0,0,,,triagem/nome-caixa-conversao 1.0.0,5,ok
089842,per089842_1909_02986,1,1,1,caixa de conver,14882,triagem/nome-caixa-conversao 1.0.0,5,ok
089842,per089842_1909_02986,2,0,0,,,triagem/nome-caixa-conversao 1.0.0,5,ok
089842,per089842_1909_02986,3,0,0,,,triagem/nome-caixa-conversao 1.0.0,5,ok
089842,per089842_1909_02986,4,0,0,,,triagem/nome-caixa-conversao 1.0.0,5,ok
089842,per089842_1909_02986,5,0,0,,,triagem/nome-caixa-conversao 1.0.0,5,ok
089842,per089842_1909_02986,6,0,0,,,triagem/nome-caixa-conversao 1.0.0,5,ok
089842,per089842_1909_02986,7,0,0,,,triagem/nome-caixa-conversao 1.0.0,5,ok
089842,per089842_1909_02986,8,0,0,,,triagem/nome-caixa-conversao 1.0.0,5,ok
089842,per089842_1909_02986,9,0,0,,,triagem/nome-caixa-conversao 1.0.0,5,ok
089842,per089842_1909_02986,10,0,0,,,triagem/nome-caixa-conversao 1.0.0,5,ok
089842,per089842_1909_02986,11,0,0,,,triagem/nome-caixa-conversao 1.0.0,5,ok
089842,per089842_1909_02986,12,0,0,,,triagem/nome-caixa-conversao 1.0.0,5,ok
089842,per089842_1909_02987,1,0,0,,,triagem/nome-caixa-conversao 1.0.0,5,ok
089842,per089842_1909_02987,2,0,0,,,triagem/nome-caixa-conversao 1.0.0,5,ok
089842,per089842_1909_02987,3,0,0,,,triagem/nome-caixa-conversao 1.0.0,5,ok
089842,per089842_1909_02987,4,0,0,,,triagem/nome-caixa-conversao 1.0.0,5,ok
089842,per089842_1909_02987,5,0,0,,,triagem/nome-caixa-conversao 1.0.0,5,ok
089842,per089842_1909_02987,6,0,0,,,triagem/nome-caixa-conversao 1.0.0,5,ok
089842,per089842_1909_02987,7,0,0,,,triagem/nome-caixa-conversao 1.0.0,5,ok
089842,per089842_1909_02987,8,0,0,,,triagem/nome-caixa-conversao 1.0.0,5,ok
089842,per089842_1909_02988,1,0,0,,,triagem/nome-caixa-conversao 1.0.0,5,ok
089842,per089842_1909_02988,2,0,0,,,triagem/nome-caixa-conversao 1.0.0,5,ok
089842,per089842_1909_02988,3,0,0,,,triagem/nome-caixa-conversao 1.0.0,5,ok
089842,per089842_1909_02988,4,0,0,,,triagem/nome-caixa-conversao 1.0.0,5,ok
089842,per089842_1909_02988,5,0,0,,,triagem/nome-caixa-conversao 1.0.0,5,ok
089842,per089842_1909_02988,6,0,0,,,triagem/nome-caixa-conversao 1.0.0,5,ok
089842,per089842_1909_02988,7,0,0,,,triagem/nome-caixa-conversao 1.0.0,5,ok
089842,per089842_1909_02988,8,0,0,,,triagem/nome-caixa-conversao 1.0.0,5,ok
089842,per089842_1909_02989,1,1,1,caixa de conver,9144,triagem/nome-caixa-conversao 1.0.0,5,ok
089842,per089842_1909_02989,2,0,0,,,triagem/nome-caixa-conversao 1.0.0,5,ok
089842,per089842_1909_02989,3,0,0,,,triagem/nome-caixa-conversao 1.0.0,5,ok
089842,per089842_1909_02989,4,0,0,,,triagem/nome-caixa-conversao 1.0.0,5,ok
089842,per089842_1909_02989,5,0,0,,,triagem/nome-caixa-conversao 1.0.0,5,ok
089842,per089842_1909_02989,6,0,0,,,triagem/nome-caixa-conversao 1.0.0,5,ok
089842,per089842_1909_02989,7,0,0,,,triagem/nome-caixa-conversao 1.0.0,5,ok
089842,per089842_1909_02989,8,0,0,,,triagem/nome-caixa-conversao 1.0.0,5,ok
089842,per089842_1909_02990,1,0,0,,,triagem/nome-caixa-conversao 1.0.0,5,ok
089842,per089842_1909_02990,2,0,0,,,triagem/nome-caixa-conversao 1.0.0,5,ok
089842,per089842_1909_02990,3,1,1,caixa de conver,18023,triagem/nome-caixa-conversao 1.0.0,5,ok
089842,per089842_1909_02990,4,0,0,,,triagem/nome-caixa-conversao 1.0.0,5,ok
089842,per089842_1909_02990,5,0,0,,,triagem/nome-caixa-conversao 1.0.0,5,ok
089842,per089842_1909_02990,6,0,0,,,triagem/nome-caixa-conversao 1.0.0,5,ok
089842,per089842_1909_02990,7,0,0,,,triagem/nome-caixa-conversao 1.0.0,5,ok
089842,per089842_1909_02990,8,0,0,,,triagem/nome-caixa-conversao 1.0.0,5,ok
089842,per089842_1909_02991,1,0,0,,,triagem/nome-caixa-conversao 1.0.0,5,ok
089842,per089842_1909_02991,2,0,0,,,triagem/nome-caixa-conversao 1.0.0,5,ok
089842,per089842_1909_02991,3,0,0,,,triagem/nome-caixa-conversao 1.0.0,5,ok
089842,per089842_1909_02991,4,1,1,caixa de conver,5876,triagem/nome-caixa-conversao 1.0.0,5,ok
089842,per089842_1909_02991,5,0,0,,,triagem/nome-caixa-conversao 1.0.0,5,ok
089842,per089842_1909_02991,6,0,0,,,triagem/nome-caixa-conversao 1.0.0,5,ok
089842,per089842_1909_02991,7,0,0,,,triagem/nome-caixa-conversao 1.0.0,5,ok
089842,per089842_1909_02991,8,0,0,,,triagem/nome-caixa-conversao 1.0.0,5,ok
089842,per089842_1909_02991,9,0,0,,,triagem/nome-caixa-conversao 1.0.0,5,ok
089842,per089842_1909_02991,10,0,0,,,triagem/nome-caixa-conversao 1.0.0,5,ok
089842,per089842_1909_02992,1,0,0,,,triagem/nome-caixa-conversao 1.0.0,5,ok
089842,per089842_1909_02992,2,0,0,,,triagem/nome-caixa-conversao 1.0.0,5,ok
089842,per089842_1909_02992,3,0,0,,,triagem/nome-caixa-conversao 1.0.0,5,ok
089842,per089842_1909_02992,4,0,0,,,triagem/nome-caixa-conversao 1.0.0,5,ok
089842,per089842_1909_02992,5,0,0,,,triagem/nome-caixa-conversao 1.0.0,5,ok
089842,per089842_1909_02992,6,0,0,,,triagem/nome-caixa-conversao 1.0.0,5,ok
089842,per089842_1909_02992,7,0,0,,,triagem/nome-caixa-conversao 1.0.0,5,ok
089842,per089842_1909_02992,8,0,0,,,triagem/nome-caixa-conversao 1.0.0,5,ok
089842,per089842_1909_02993,1,0,0,,,triagem/nome-caixa-conversao 1.0.0,5,ok
089842,per089842_1909_02993,2,0,0,,,triagem/nome-caixa-conversao 1.0.0,5,ok
089842,per089842_1909_02993,3,1,1,caixa de conver,10444,triagem/nome-caixa-conversao 1.0.0,5,ok
089842,per089842_1909_02993,4,0,0,,,triagem/nome-caixa-conversao 1.0.0,5,ok
089842,per089842_1909_02993,5,0,0,,,triagem/nome-caixa-conversao 1.0.0,5,ok
089842,per089842_1909_02993,6,0,0,,,triagem/nome-caixa-conversao 1.0.0,5,ok
089842,per089842_1909_02993,7,0,0,,,triagem/nome-caixa-conversao 1.0.0,5,ok
089842,per089842_1909_02993,8,0,0,,,triagem/nome-caixa-conversao 1.0.0,5,ok
089842,per089842_1909_02993,9,0,0,,,triagem/nome-caixa-conversao 1.0.0,5,ok
089842,per089842_1909_02993,10,0,0,,,triagem/nome-caixa-conversao 1.0.0,5,ok
089842,per089842_1909_02993,11,0,0,,,triagem/nome-caixa-conversao 1.0.0,5,ok
089842,per089842_1909_02993,12,0,0,,,triagem/nome-caixa-conversao 1.0.0,5,ok
089842,per089842_1909_02993,13,0,0,,,triagem/nome-caixa-conversao 1.0.0,5,ok
089842,per089842_1909_02993,14,0,0,,,triagem/nome-caixa-conversao 1.0.0,5,ok
089842,per089842_1909_02994,1,0,0,,,triagem/nome-caixa-conversao 1.0.0,5,ok
089842,per089842_1909_02994,2,0,0,,,triagem/nome-caixa-conversao 1.0.0,5,ok
089842,per089842_1909_02994,3,0,0,,,triagem/nome-caixa-conversao 1.0.0,5,ok
089842,per089842_1909_02994,4,0,0,,,triagem/nome-caixa-conversao 1.0.0,5,ok
089842,per089842_1909_02994,5,0,0,,,triagem/nome-caixa-conversao 1.0.0,5,ok
089842,per089842_1909_02994,6,0,0,,,triagem/nome-caixa-conversao 1.0.0,5,ok
089842,per089842_1909_02994,7,0,0,,,triagem/nome-caixa-conversao 1.0.0,5,ok
089842,per089842_1909_02994,8,0,0,,,triagem/nome-caixa-conversao 1.0.0,5,ok
089842,per089842_1909_02995,1,1,1,caixa deconver,16862,triagem/nome-caixa-conversao 1.0.0,5,ok
089842,per089842_1909_02995,2,0,0,,,triagem/nome-caixa-conversao 1.0.0,5,ok
089842,per089842_1909_02995,3,0,0,,,triagem/nome-caixa-conversao 1.0.0,5,ok
089842,per089842_1909_02995,4,0,0,,,triagem/nome-caixa-conversao 1.0.0,5,ok
089842,per089842_1909_02995,5,0,0,,,triagem/nome-caixa-conversao 1.0.0,5,ok
089842,per089842_1909_02995,6,0,0,,,triagem/nome-caixa-conversao 1.0.0,5,ok
089842,per089842_1909_02995,7,0,0,,,triagem/nome-caixa-conversao 1.0.0,5,ok
089842,per089842_1909_02995,8,0,0,,,triagem/nome-caixa-conversao 1.0.0,5,ok
089842,per089842_1909_02996,1,1,1,caixa de conver,12324,triagem/nome-caixa-conversao 1.0.0,5,ok
089842,per089842_1909_02996,2,0,0,,,triagem/nome-caixa-conversao 1.0.0,5,ok
089842,per089842_1909_02996,3,0,0,,,triagem/nome-caixa-conversao 1.0.0,5,ok
089842,per089842_1909_02996,4,0,0,,,triagem/nome-caixa-conversao 1.0.0,5,ok
089842,per089842_1909_02996,5,0,0,,,triagem/nome-caixa-conversao 1.0.0,5,ok
089842,per089842_1909_02996,6,0,0,,,triagem/nome-caixa-conversao 1.0.0,5,ok
089842,per089842_1909_02996,7,0,0,,,triagem/nome-caixa-conversao 1.0.0,5,ok
089842,per089842_1909_02996,8,0,0,,,triagem/nome-caixa-conversao 1.0.0,5,ok
089842,per089842_1909_02997,1,0,0,,,triagem/nome-caixa-conversao 1.0.0,5,ok
089842,per089842_1909_02997,2,0,0,,,triagem/nome-caixa-conversao 1.0.0,5,ok
089842,per089842_1909_02997,3,0,0,,,triagem/nome-caixa-conversao 1.0.0,5,ok
089842,per089842_1909_02997,4,0,0,,,triagem/nome-caixa-conversao 1.0.0,5,ok
089842,per089842_1909_02997,5,0,0,,,triagem/nome-caixa-conversao 1.0.0,5,ok
089842,per089842_1909_02997,6,0,0,,,triagem/nome-caixa-conversao 1.0.0,5,ok
089842,per089842_1909_02997,7,0,0,,,triagem/nome-caixa-conversao 1.0.0,5,ok
089842,per089842_1909_02997,8,0,0,,,triagem/nome-caixa-conversao 1.0.0,5,ok
089842,per089842_1909_02997,9,0,0,,,triagem/nome-caixa-conversao 1.0.0,5,ok
089842,per089842_1909_02997,10,0,0,,,triagem/nome-caixa-conversao 1.0.0,5,ok
089842,per089842_1909_02998,1,1,2,caixa de conver,22229,triagem/nome-caixa-conversao 1.0.0,5,ok
089842,per089842_1909_02998,2,0,0,,,triagem/nome-caixa-conversao 1.0.0,5,ok
089842,per089842_1909_02998,3,0,0,,,triagem/nome-caixa-conversao 1.0.0,5,ok
089842,per089842_1909_02998,4,0,0,,,triagem/nome-caixa-conversao 1.0.0,5,ok
089842,per089842_1909_02998,5,0,0,,,triagem/nome-caixa-conversao 1.0.0,5,ok
089842,per089842_1909_02998,6,0,0,,,triagem/nome-caixa-conversao 1.0.0,5,ok
089842,per089842_1909_02998,7,0,0,,,triagem/nome-caixa-conversao 1.0.0,5,ok
089842,per089842_1909_02998,8,0,0,,,triagem/nome-caixa-conversao 1.0.0,5,ok
089842,per089842_1909_02998,9,0,0,,,triagem/nome-caixa-conversao 1.0.0,5,ok
089842,per089842_1909_02998,10,0,0,,,triagem/nome-caixa-conversao 1.0.0,5,ok
089842,per089842_1909_02999,1,1,2,caixa de conver,22134,triagem/nome-caixa-conversao 1.0.0,5,ok
089842,per089842_1909_02999,2,0,0,,,triagem/nome-caixa-conversao 1.0.0,5,ok
089842,per089842_1909_02999,3,0,0,,,triagem/nome-caixa-conversao 1.0.0,5,ok
089842,per089842_1909_02999,4,0,0,,,triagem/nome-caixa-conversao 1.0.0,5,ok
089842,per089842_1909_02999,5,0,0,,,triagem/nome-caixa-conversao 1.0.0,5,ok
089842,per089842_1909_02999,6,0,0,,,triagem/nome-caixa-conversao 1.0.0,5,ok
089842,per089842_1909_02999,7,0,0,,,triagem/nome-caixa-conversao 1.0.0,5,ok
089842,per089842_1909_02999,8,0,0,,,triagem/nome-caixa-conversao 1.0.0,5,ok
089842,per089842_1909_03000,1,0,0,,,triagem/nome-caixa-conversao 1.0.0,5,ok
089842,per089842_1909_03000,2,0,0,,,triagem/nome-caixa-conversao 1.0.0,5,ok
089842,per089842_1909_03000,3,1,1,caixa dc conver,7183,triagem/nome-caixa-conversao 1.0.0,5,ok
089842,per089842_1909_03000,4,0,0,,,triagem/nome-caixa-conversao 1.0.0,5,ok
089842,per089842_1909_03000,5,0,0,,,triagem/nome-caixa-conversao 1.0.0,5,ok
089842,per089842_1909_03000,6,0,0,,,triagem/nome-caixa-conversao 1.0.0,5,ok
089842,per089842_1909_03000,7,0,0,,,triagem/nome-caixa-conversao 1.0.0,5,ok
089842,per089842_1909_03000,8,0,0,,,triagem/nome-caixa-conversao 1.0.0,5,ok
089842,per089842_1909_03000,9,0,0,,,triagem/nome-caixa-conversao 1.0.0,5,ok
089842,per089842_1909_03000,10,0,0,,,triagem/nome-caixa-conversao 1.0.0,5,ok
089842,per089842_1909_03000,11,0,0,,,triagem/nome-caixa-conversao 1.0.0,5,ok
089842,per089842_1909_03000,12,0,0,,,triagem/nome-caixa-conversao 1.0.0,5,ok
089842,per089842_1909_03000,13,0,0,,,triagem/nome-caixa-conversao 1.0.0,5,ok
089842,per089842_1909_03000,14,0,0,,,triagem/nome-caixa-conversao 1.0.0,5,ok
089842,per089842_1909_03001,1,0,0,,,triagem/nome-caixa-conversao 1.0.0,5,ok
089842,per089842_1909_03001,2,0,0,,,triagem/nome-caixa-conversao 1.0.0,5,ok
089842,per089842_1909_03001,3,0,0,,,triagem/nome-caixa-conversao 1.0.0,5,ok
089842,per089842_1909_03001,4,0,0,,,triagem/nome-caixa-conversao 1.0.0,5,ok
089842,per089842_1909_03001,5,0,0,,,triagem/nome-caixa-conversao 1.0.0,5,ok
089842,per089842_1909_03001,6,0,0,,,triagem/nome-caixa-conversao 1.0.0,5,ok
089842,per089842_1909_03001,7,0,0,,,triagem/nome-caixa-conversao 1.0.0,5,ok
089842,per089842_1909_03001,8,0,0,,,triagem/nome-caixa-conversao 1.0.0,5,ok
089842,per089842_1909_03002,1,1,1,caixa de conver,15178,triagem/nome-caixa-conversao 1.0.0,5,ok
089842,per089842_1909_03002,2,0,0,,,triagem/nome-caixa-conversao 1.0.0,5,ok
089842,per089842_1909_03002,3,0,0,,,triagem/nome-caixa-conversao 1.0.0,5,ok
089842,per089842_1909_03002,4,0,0,,,triagem/nome-caixa-conversao 1.0.0,5,ok
089842,per089842_1909_03002,5,0,0,,,triagem/nome-caixa-conversao 1.0.0,5,ok
089842,per089842_1909_03002,6,0,0,,,triagem/nome-caixa-conversao 1.0.0,5,ok
089842,per089842_1909_03002,7,0,0,,,triagem/nome-caixa-conversao 1.0.0,5,ok
089842,per089842_1909_03002,8,0,0,,,triagem/nome-caixa-conversao 1.0.0,5,ok
089842,per089842_1909_03003,1,1,2,caixa do conver,10872,triagem/nome-caixa-conversao 1.0.0,5,ok
089842,per089842_1909_03003,2,0,0,,,triagem/nome-caixa-conversao 1.0.0,5,ok
089842,per089842_1909_03003,3,0,0,,,triagem/nome-caixa-conversao 1.0.0,5,ok
089842,per089842_1909_03003,4,0,0,,,triagem/nome-caixa-conversao 1.0.0,5,ok
089842,per089842_1909_03003,5,0,0,,,triagem/nome-caixa-conversao 1.0.0,5,ok
089842,per089842_1909_03003,6,0,0,,,triagem/nome-caixa-conversao 1.0.0,5,ok
089842,per089842_1909_03003,7,0,0,,,triagem/nome-caixa-conversao 1.0.0,5,ok
089842,per089842_1909_03003,8,0,0,,,triagem/nome-caixa-conversao 1.0.0,5,ok
089842,per089842_1909_03004,1,0,0,,,triagem/nome-caixa-conversao 1.0.0,5,ok
089842,per089842_1909_03004,2,0,0,,,triagem/nome-caixa-conversao 1.0.0,5,ok
089842,per089842_1909_03004,3,0,0,,,triagem/nome-caixa-conversao 1.0.0,5,ok
089842,per089842_1909_03004,4,0,0,,,triagem/nome-caixa-conversao 1.0.0,5,ok
089842,per089842_1909_03004,5,0,0,,,triagem/nome-caixa-conversao 1.0.0,5,ok
089842,per089842_1909_03004,6,0,0,,,triagem/nome-caixa-conversao 1.0.0,5,ok
089842,per089842_1909_03004,7,0,0,,,triagem/nome-caixa-conversao 1.0.0,5,ok
089842,per089842_1909_03004,8,0,0,,,triagem/nome-caixa-conversao 1.0.0,5,ok
089842,per089842_1909_03005,1,1,2,caixa de conver,6753,triagem/nome-caixa-conversao 1.0.0,5,ok
089842,per089842_1909_03005,2,0,0,,,triagem/nome-caixa-conversao 1.0.0,5,ok
089842,per089842_1909_03005,3,0,0,,,triagem/nome-caixa-conversao 1.0.0,5,ok
089842,per089842_1909_03005,4,0,0,,,triagem/nome-caixa-conversao 1.0.0,5,ok
089842,per089842_1909_03005,5,0,0,,,triagem/nome-caixa-conversao 1.0.0,5,ok
089842,per089842_1909_03005,6,0,0,,,triagem/nome-caixa-conversao 1.0.0,5,ok
089842,per089842_1909_03005,7,0,0,,,triagem/nome-caixa-conversao 1.0.0,5,ok
089842,per089842_1909_03005,8,0,0,,,triagem/nome-caixa-conversao 1.0.0,5,ok
089842,per089842_1909_03005,9,0,0,,,triagem/nome-caixa-conversao 1.0.0,5,ok
089842,per089842_1909_03005,10,0,0,,,triagem/nome-caixa-conversao 1.0.0,5,ok
089842,per089842_1909_03006,1,1,1,caixa de conver,13840,triagem/nome-caixa-conversao 1.0.0,5,ok
089842,per089842_1909_03006,2,0,0,,,triagem/nome-caixa-conversao 1.0.0,5,ok
089842,per089842_1909_03006,3,0,0,,,triagem/nome-caixa-conversao 1.0.0,5,ok
089842,per089842_1909_03006,4,0,0,,,triagem/nome-caixa-conversao 1.0.0,5,ok
089842,per089842_1909_03006,5,0,0,,,triagem/nome-caixa-conversao 1.0.0,5,ok
089842,per089842_1909_03006,6,0,0,,,triagem/nome-caixa-conversao 1.0.0,5,ok
089842,per089842_1909_03006,7,0,0,,,triagem/nome-caixa-conversao 1.0.0,5,ok
089842,per089842_1909_03006,8,0,0,,,triagem/nome-caixa-conversao 1.0.0,5,ok
089842,per089842_1909_03007,1,0,0,,,triagem/nome-caixa-conversao 1.0.0,5,ok
089842,per089842_1909_03007,2,0,0,,,triagem/nome-caixa-conversao 1.0.0,5,ok
089842,per089842_1909_03007,3,1,1,caixa dc conver,7338,triagem/nome-caixa-conversao 1.0.0,5,ok
089842,per089842_1909_03007,4,0,0,,,triagem/nome-caixa-conversao 1.0.0,5,ok
089842,per089842_1909_03007,5,0,0,,,triagem/nome-caixa-conversao 1.0.0,5,ok
089842,per089842_1909_03007,6,0,0,,,triagem/nome-caixa-conversao 1.0.0,5,ok
089842,per089842_1909_03007,7,0,0,,,triagem/nome-caixa-conversao 1.0.0,5,ok
089842,per089842_1909_03007,8,0,0,,,triagem/nome-caixa-conversao 1.0.0,5,ok
089842,per089842_1909_03007,9,0,0,,,triagem/nome-caixa-conversao 1.0.0,5,ok
089842,per089842_1909_03007,10,0,0,,,triagem/nome-caixa-conversao 1.0.0,5,ok
089842,per089842_1909_03007,11,0,0,,,triagem/nome-caixa-conversao 1.0.0,5,ok
089842,per089842_1909_03007,12,0,0,,,triagem/nome-caixa-conversao 1.0.0,5,ok
089842,per089842_1909_03008,1,0,0,,,triagem/nome-caixa-conversao 1.0.0,5,ok
089842,per089842_1909_03008,2,0,0,,,triagem/nome-caixa-conversao 1.0.0,5,ok
089842,per089842_1909_03008,3,0,0,,,triagem/nome-caixa-conversao 1.0.0,5,ok
089842,per089842_1909_03008,4,0,0,,,triagem/nome-caixa-conversao 1.0.0,5,ok
089842,per089842_1909_03008,5,0,0,,,triagem/nome-caixa-conversao 1.0.0,5,ok
089842,per089842_1909_03008,6,0,0,,,triagem/nome-caixa-conversao 1.0.0,5,ok
089842,per089842_1909_03008,7,0,0,,,triagem/nome-caixa-conversao 1.0.0,5,ok
089842,per089842_1909_03008,8,0,0,,,triagem/nome-caixa-conversao 1.0.0,5,ok
089842,per089842_1909_03009,1,1,1,caixa de conver,10874,triagem/nome-caixa-conversao 1.0.0,5,ok
089842,per089842_1909_03009,2,0,0,,,triagem/nome-caixa-conversao 1.0.0,5,ok
089842,per089842_1909_03009,3,0,0,,,triagem/nome-caixa-conversao 1.0.0,5,ok
089842,per089842_1909_03009,4,0,0,,,triagem/nome-caixa-conversao 1.0.0,5,ok
089842,per089842_1909_03009,5,0,0,,,triagem/nome-caixa-conversao 1.0.0,5,ok
089842,per089842_1909_03009,6,0,0,,,triagem/nome-caixa-conversao 1.0.0,5,ok
089842,per089842_1909_03009,7,0,0,,,triagem/nome-caixa-conversao 1.0.0,5,ok
089842,per089842_1909_03009,8,0,0,,,triagem/nome-caixa-conversao 1.0.0,5,ok
089842,per089842_1909_03010,1,0,0,,,triagem/nome-caixa-conversao 1.0.0,5,ok
089842,per089842_1909_03010,2,0,0,,,triagem/nome-caixa-conversao 1.0.0,5,ok
089842,per089842_1909_03010,3,0,0,,,triagem/nome-caixa-conversao 1.0.0,5,ok
089842,per089842_1909_03010,4,0,0,,,triagem/nome-caixa-conversao 1.0.0,5,ok
089842,per089842_1909_03010,5,0,0,,,triagem/nome-caixa-conversao 1.0.0,5,ok
089842,per089842_1909_03010,6,0,0,,,triagem/nome-caixa-conversao 1.0.0,5,ok
089842,per089842_1909_03010,7,0,0,,,triagem/nome-caixa-conversao 1.0.0,5,ok
089842,per089842_1909_03010,8,0,0,,,triagem/nome-caixa-conversao 1.0.0,5,ok
089842,per089842_1909_03011,1,1,2,caixa de conver,10294,triagem/nome-caixa-conversao 1.0.0,5,ok
089842,per089842_1909_03011,2,1,2,caixa de conver,39274,triagem/nome-caixa-conversao 1.0.0,5,ok
089842,per089842_1909_03011,3,0,0,,,triagem/nome-caixa-conversao 1.0.0,5,ok
089842,per089842_1909_03011,4,0,0,,,triagem/nome-caixa-conversao 1.0.0,5,ok
089842,per089842_1909_03011,5,0,0,,,triagem/nome-caixa-conversao 1.0.0,5,ok
089842,per089842_1909_03011,6,0,0,,,triagem/nome-caixa-conversao 1.0.0,5,ok
089842,per089842_1909_03011,7,0,0,,,triagem/nome-caixa-conversao 1.0.0,5,ok
089842,per089842_1909_03011,8,0,0,,,triagem/nome-caixa-conversao 1.0.0,5,ok
089842,per089842_1909_03012,1,1,3,caixa do conver,14892,triagem/nome-caixa-conversao 1.0.0,5,ok
089842,per089842_1909_03012,2,0,0,,,triagem/nome-caixa-conversao 1.0.0,5,ok
089842,per089842_1909_03012,3,0,0,,,triagem/nome-caixa-conversao 1.0.0,5,ok
089842,per089842_1909_03012,4,0,0,,,triagem/nome-caixa-conversao 1.0.0,5,ok
089842,per089842_1909_03012,5,0,0,,,triagem/nome-caixa-conversao 1.0.0,5,ok
089842,per089842_1909_03012,6,0,0,,,triagem/nome-caixa-conversao 1.0.0,5,ok
089842,per089842_1909_03012,7,0,0,,,triagem/nome-caixa-conversao 1.0.0,5,ok
089842,per089842_1909_03012,8,0,0,,,triagem/nome-caixa-conversao 1.0.0,5,ok
089842,per089842_1909_03013,1,0,0,,,triagem/nome-caixa-conversao 1.0.0,5,ok
089842,per089842_1909_03013,2,0,0,,,triagem/nome-caixa-conversao 1.0.0,5,ok
089842,per089842_1909_03013,3,0,0,,,triagem/nome-caixa-conversao 1.0.0,5,ok
089842,per089842_1909_03013,4,0,0,,,triagem/nome-caixa-conversao 1.0.0,5,ok
089842,per089842_1909_03013,5,0,0,,,triagem/nome-caixa-conversao 1.0.0,5,ok
089842,per089842_1909_03013,6,0,0,,,triagem/nome-caixa-conversao 1.0.0,5,ok
089842,per089842_1909_03013,7,0,0,,,triagem/nome-caixa-conversao 1.0.0,5,ok
089842,per089842_1909_03013,8,0,0,,,triagem/nome-caixa-conversao 1.0.0,5,ok
089842,per089842_1909_03014,1,0,0,,,triagem/nome-caixa-conversao 1.0.0,5,ok
089842,per089842_1909_03014,2,0,0,,,triagem/nome-caixa-conversao 1.0.0,5,ok
089842,per089842_1909_03014,3,0,0,,,triagem/nome-caixa-conversao 1.0.0,5,ok
089842,per089842_1909_03014,4,0,0,,,triagem/nome-caixa-conversao 1.0.0,5,ok
089842,per089842_1909_03014,5,0,0,,,triagem/nome-caixa-conversao 1.0.0,5,ok
089842,per089842_1909_03014,6,0,0,,,triagem/nome-caixa-conversao 1.0.0,5,ok
089842,per089842_1909_03014,7,0,0,,,triagem/nome-caixa-conversao 1.0.0,5,ok
089842,per089842_1909_03014,8,0,0,,,triagem/nome-caixa-conversao 1.0.0,5,ok
089842,per089842_1909_03014,9,0,0,,,triagem/nome-caixa-conversao 1.0.0,5,ok
089842,per089842_1909_03014,10,0,0,,,triagem/nome-caixa-conversao 1.0.0,5,ok
089842,per089842_1909_03014,11,0,0,,,triagem/nome-caixa-conversao 1.0.0,5,ok
089842,per089842_1909_03014,12,0,0,,,triagem/nome-caixa-conversao 1.0.0,5,ok
089842,per089842_1909_03015,1,0,0,,,triagem/nome-caixa-conversao 1.0.0,5,ok
089842,per089842_1909_03015,2,0,0,,,triagem/nome-caixa-conversao 1.0.0,5,ok
089842,per089842_1909_03015,3,0,0,,,triagem/nome-caixa-conversao 1.0.0,5,ok
089842,per089842_1909_03015,4,0,0,,,triagem/nome-caixa-conversao 1.0.0,5,ok
089842,per089842_1909_03015,5,0,0,,,triagem/nome-caixa-conversao 1.0.0,5,ok
089842,per089842_1909_03015,6,0,0,,,triagem/nome-caixa-conversao 1.0.0,5,ok
089842,per089842_1909_03015,7,0,0,,,triagem/nome-caixa-conversao 1.0.0,5,ok
089842,per089842_1909_03015,8,0,0,,,triagem/nome-caixa-conversao 1.0.0,5,ok
089842,per089842_1909_03016,1,1,2,caixa de conver,11950,triagem/nome-caixa-conversao 1.0.0,5,ok
089842,per089842_1909_03016,2,0,0,,,triagem/nome-caixa-conversao 1.0.0,5,ok
089842,per089842_1909_03016,3,0,0,,,triagem/nome-caixa-conversao 1.0.0,5,ok
089842,per089842_1909_03016,4,0,0,,,triagem/nome-caixa-conversao 1.0.0,5,ok
089842,per089842_1909_03016,5,0,0,,,triagem/nome-caixa-conversao 1.0.0,5,ok
089842,per089842_1909_03016,6,0,0,,,triagem/nome-caixa-conversao 1.0.0,5,ok
089842,per089842_1909_03016,7,0,0,,,triagem/nome-caixa-conversao 1.0.0,5,ok
089842,per089842_1909_03016,8,0,0,,,triagem/nome-caixa-conversao 1.0.0,5,ok
089842,per089842_1909_03017,1,0,0,,,triagem/nome-caixa-conversao 1.0.0,5,ok
089842,per089842_1909_03017,2,0,0,,,triagem/nome-caixa-conversao 1.0.0,5,ok
089842,per089842_1909_03017,3,0,0,,,triagem/nome-caixa-conversao 1.0.0,5,ok
089842,per089842_1909_03017,4,1,1,caixa de conver,13070,triagem/nome-caixa-conversao 1.0.0,5,ok
089842,per089842_1909_03017,5,0,0,,,triagem/nome-caixa-conversao 1.0.0,5,ok
089842,per089842_1909_03017,6,0,0,,,triagem/nome-caixa-conversao 1.0.0,5,ok
089842,per089842_1909_03017,7,0,0,,,triagem/nome-caixa-conversao 1.0.0,5,ok
089842,per089842_1909_03017,8,0,0,,,triagem/nome-caixa-conversao 1.0.0,5,ok
089842,per089842_1909_03018,1,1,2,caixa de conver,19157,triagem/nome-caixa-conversao 1.0.0,5,ok
089842,per089842_1909_03018,2,0,0,,,triagem/nome-caixa-conversao 1.0.0,5,ok
089842,per089842_1909_03018,3,0,0,,,triagem/nome-caixa-conversao 1.0.0,5,ok
089842,per089842_1909_03018,4,0,0,,,triagem/nome-caixa-conversao 1.0.0,5,ok
089842,per089842_1909_03018,5,0,0,,,triagem/nome-caixa-conversao 1.0.0,5,ok
089842,per089842_1909_03018,6,0,0,,,triagem/nome-caixa-conversao 1.0.0,5,ok
089842,per089842_1909_03018,7,0,0,,,triagem/nome-caixa-conversao 1.0.0,5,ok
089842,per089842_1909_03018,8,0,0,,,triagem/nome-caixa-conversao 1.0.0,5,ok
089842,per089842_1909_03019,1,1,2,caixa de conver,20432,triagem/nome-caixa-conversao 1.0.0,5,ok
089842,per089842_1909_03019,2,0,0,,,triagem/nome-caixa-conversao 1.0.0,5,ok
089842,per089842_1909_03019,3,0,0,,,triagem/nome-caixa-conversao 1.0.0,5,ok
089842,per089842_1909_03019,4,0,0,,,triagem/nome-caixa-conversao 1.0.0,5,ok
089842,per089842_1909_03019,5,0,0,,,triagem/nome-caixa-conversao 1.0.0,5,ok
089842,per089842_1909_03019,6,0,0,,,triagem/nome-caixa-conversao 1.0.0,5,ok
089842,per089842_1909_03019,7,0,0,,,triagem/nome-caixa-conversao 1.0.0,5,ok
089842,per089842_1909_03019,8,0,0,,,triagem/nome-caixa-conversao 1.0.0,5,ok
089842,per089842_1909_03020,1,1,2,caixa do conver,19532,triagem/nome-caixa-conversao 1.0.0,5,ok
089842,per089842_1909_03020,2,0,0,,,triagem/nome-caixa-conversao 1.0.0,5,ok
089842,per089842_1909_03020,3,0,0,,,triagem/nome-caixa-conversao 1.0.0,5,ok
089842,per089842_1909_03020,4,0,0,,,triagem/nome-caixa-conversao 1.0.0,5,ok
089842,per089842_1909_03020,5,0,0,,,triagem/nome-caixa-conversao 1.0.0,5,ok
089842,per089842_1909_03020,6,0,0,,,triagem/nome-caixa-conversao 1.0.0,5,ok
089842,per089842_1909_03020,7,0,0,,,triagem/nome-caixa-conversao 1.0.0,5,ok
089842,per089842_1909_03020,8,0,0,,,triagem/nome-caixa-conversao 1.0.0,5,ok
089842,per089842_1909_03021,1,0,0,,,triagem/nome-caixa-conversao 1.0.0,5,ok
089842,per089842_1909_03021,2,0,0,,,triagem/nome-caixa-conversao 1.0.0,5,ok
089842,per089842_1909_03021,3,1,2,caixa de conver,6891,triagem/nome-caixa-conversao 1.0.0,5,ok
089842,per089842_1909_03021,4,0,0,,,triagem/nome-caixa-conversao 1.0.0,5,ok
089842,per089842_1909_03021,5,0,0,,,triagem/nome-caixa-conversao 1.0.0,5,ok
089842,per089842_1909_03021,6,0,0,,,triagem/nome-caixa-conversao 1.0.0,5,ok
089842,per089842_1909_03021,7,0,0,,,triagem/nome-caixa-conversao 1.0.0,5,ok
089842,per089842_1909_03021,8,0,0,,,triagem/nome-caixa-conversao 1.0.0,5,ok
089842,per089842_1909_03021,9,0,0,,,triagem/nome-caixa-conversao 1.0.0,5,ok
089842,per089842_1909_03021,10,0,0,,,triagem/nome-caixa-conversao 1.0.0,5,ok
089842,per089842_1909_03021,11,0,0,,,triagem/nome-caixa-conversao 1.0.0,5,ok
089842,per089842_1909_03021,12,0,0,,,triagem/nome-caixa-conversao 1.0.0,5,ok
089842,per089842_1909_03022,1,0,0,,,triagem/nome-caixa-conversao 1.0.0,5,ok
089842,per089842_1909_03022,2,0,0,,,triagem/nome-caixa-conversao 1.0.0,5,ok
089842,per089842_1909_03022,3,0,0,,,triagem/nome-caixa-conversao 1.0.0,5,ok
089842,per089842_1909_03022,4,0,0,,,triagem/nome-caixa-conversao 1.0.0,5,ok
089842,per089842_1909_03022,5,0,0,,,triagem/nome-caixa-conversao 1.0.0,5,ok
089842,per089842_1909_03022,6,0,0,,,triagem/nome-caixa-conversao 1.0.0,5,ok
089842,per089842_1909_03023,1,0,0,,,triagem/nome-caixa-conversao 1.0.0,5,ok
089842,per089842_1909_03023,2,0,0,,,triagem/nome-caixa-conversao 1.0.0,5,ok
089842,per089842_1909_03023,3,0,0,,,triagem/nome-caixa-conversao 1.0.0,5,ok
089842,per089842_1909_03023,4,0,0,,,triagem/nome-caixa-conversao 1.0.0,5,ok
089842,per089842_1909_03023,5,0,0,,,triagem/nome-caixa-conversao 1.0.0,5,ok
089842,per089842_1909_03023,6,0,0,,,triagem/nome-caixa-conversao 1.0.0,5,ok
089842,per089842_1909_03023,7,0,0,,,triagem/nome-caixa-conversao 1.0.0,5,ok
089842,per089842_1909_03023,8,0,0,,,triagem/nome-caixa-conversao 1.0.0,5,ok
089842,per089842_1909_03024,1,0,0,,,triagem/nome-caixa-conversao 1.0.0,5,ok
089842,per089842_1909_03024,2,0,0,,,triagem/nome-caixa-conversao 1.0.0,5,ok
089842,per089842_1909_03024,3,0,0,,,triagem/nome-caixa-conversao 1.0.0,5,ok
089842,per089842_1909_03024,4,0,0,,,triagem/nome-caixa-conversao 1.0.0,5,ok
089842,per089842_1909_03024,5,0,0,,,triagem/nome-caixa-conversao 1.0.0,5,ok
089842,per089842_1909_03024,6,0,0,,,triagem/nome-caixa-conversao 1.0.0,5,ok
089842,per089842_1909_03024,7,0,0,,,triagem/nome-caixa-conversao 1.0.0,5,ok
089842,per089842_1909_03024,8,0,0,,,triagem/nome-caixa-conversao 1.0.0,5,ok
089842,per089842_1909_03025,1,1,3,caixade conver,17097,triagem/nome-caixa-conversao 1.0.0,5,ok
089842,per089842_1909_03025,2,1,1,caixa dc conver,9046,triagem/nome-caixa-conversao 1.0.0,5,ok
089842,per089842_1909_03025,3,0,0,,,triagem/nome-caixa-conversao 1.0.0,5,ok
089842,per089842_1909_03025,4,0,0,,,triagem/nome-caixa-conversao 1.0.0,5,ok
089842,per089842_1909_03025,5,0,0,,,triagem/nome-caixa-conversao 1.0.0,5,ok
089842,per089842_1909_03025,6,0,0,,,triagem/nome-caixa-conversao 1.0.0,5,ok
089842,per089842_1909_03025,7,0,0,,,triagem/nome-caixa-conversao 1.0.0,5,ok
089842,per089842_1909_03025,8,0,0,,,triagem/nome-caixa-conversao 1.0.0,5,ok
089842,per089842_1909_03026,1,1,1,caixa dc conver,14963,triagem/nome-caixa-conversao 1.0.0,5,ok
089842,per089842_1909_03026,2,0,0,,,triagem/nome-caixa-conversao 1.0.0,5,ok
089842,per089842_1909_03026,3,0,0,,,triagem/nome-caixa-conversao 1.0.0,5,ok
089842,per089842_1909_03026,4,0,0,,,triagem/nome-caixa-conversao 1.0.0,5,ok
089842,per089842_1909_03026,5,0,0,,,triagem/nome-caixa-conversao 1.0.0,5,ok
089842,per089842_1909_03026,6,0,0,,,triagem/nome-caixa-conversao 1.0.0,5,ok
089842,per089842_1909_03026,7,0,0,,,triagem/nome-caixa-conversao 1.0.0,5,ok
089842,per089842_1909_03026,8,0,0,,,triagem/nome-caixa-conversao 1.0.0,5,ok
089842,per089842_1909_03027,1,0,0,,,triagem/nome-caixa-conversao 1.0.0,5,ok
089842,per089842_1909_03027,2,0,0,,,triagem/nome-caixa-conversao 1.0.0,5,ok
089842,per089842_1909_03027,3,0,0,,,triagem/nome-caixa-conversao 1.0.0,5,ok
089842,per089842_1909_03027,4,0,0,,,triagem/nome-caixa-conversao 1.0.0,5,ok
089842,per089842_1909_03027,5,0,0,,,triagem/nome-caixa-conversao 1.0.0,5,ok
089842,per089842_1909_03027,6,0,0,,,triagem/nome-caixa-conversao 1.0.0,5,ok
089842,per089842_1909_03027,7,0,0,,,triagem/nome-caixa-conversao 1.0.0,5,ok
089842,per089842_1909_03027,8,0,0,,,triagem/nome-caixa-conversao 1.0.0,5,ok
089842,per089842_1909_03028,1,0,0,,,triagem/nome-caixa-conversao 1.0.0,5,ok
089842,per089842_1909_03028,2,0,0,,,triagem/nome-caixa-conversao 1.0.0,5,ok
089842,per089842_1909_03028,3,1,2,caixa do conver,11668,triagem/nome-caixa-conversao 1.0.0,5,ok
089842,per089842_1909_03028,4,1,1,caixa de conver,35387,triagem/nome-caixa-conversao 1.0.0,5,ok
089842,per089842_1909_03028,5,0,0,,,triagem/nome-caixa-conversao 1.0.0,5,ok
089842,per089842_1909_03028,6,0,0,,,triagem/nome-caixa-conversao 1.0.0,5,ok
089842,per089842_1909_03028,7,0,0,,,triagem/nome-caixa-conversao 1.0.0,5,ok
089842,per089842_1909_03028,8,0,0,,,triagem/nome-caixa-conversao 1.0.0,5,ok
089842,per089842_1909_03028,9,0,0,,,triagem/nome-caixa-conversao 1.0.0,5,ok
089842,per089842_1909_03028,10,0,0,,,triagem/nome-caixa-conversao 1.0.0,5,ok
089842,per089842_1909_03028,11,0,0,,,triagem/nome-caixa-conversao 1.0.0,5,ok
089842,per089842_1909_03028,12,0,0,,,triagem/nome-caixa-conversao 1.0.0,5,ok
089842,per089842_1909_03028,13,0,0,,,triagem/nome-caixa-conversao 1.0.0,5,ok
089842,per089842_1909_03028,14,0,0,,,triagem/nome-caixa-conversao 1.0.0,5,ok
089842,per089842_1909_03029,1,0,0,,,triagem/nome-caixa-conversao 1.0.0,5,ok
089842,per089842_1909_03029,2,0,0,,,triagem/nome-caixa-conversao 1.0.0,5,ok
089842,per089842_1909_03029,3,0,0,,,triagem/nome-caixa-conversao 1.0.0,5,ok
089842,per089842_1909_03029,4,0,0,,,triagem/nome-caixa-conversao 1.0.0,5,ok
089842,per089842_1909_03029,5,0,0,,,triagem/nome-caixa-conversao 1.0.0,5,ok
089842,per089842_1909_03029,6,0,0,,,triagem/nome-caixa-conversao 1.0.0,5,ok
089842,per089842_1909_03029,7,0,0,,,triagem/nome-caixa-conversao 1.0.0,5,ok
089842,per089842_1909_03029,8,0,0,,,triagem/nome-caixa-conversao 1.0.0,5,ok
089842,per089842_1909_03030,1,1,1,caixa de conver,12841,triagem/nome-caixa-conversao 1.0.0,5,ok
089842,per089842_1909_03030,2,0,0,,,triagem/nome-caixa-conversao 1.0.0,5,ok
089842,per089842_1909_03030,3,0,0,,,triagem/nome-caixa-conversao 1.0.0,5,ok
089842,per089842_1909_03030,4,0,0,,,triagem/nome-caixa-conversao 1.0.0,5,ok
089842,per089842_1909_03030,5,0,0,,,triagem/nome-caixa-conversao 1.0.0,5,ok
089842,per089842_1909_03030,6,0,0,,,triagem/nome-caixa-conversao 1.0.0,5,ok
089842,per089842_1909_03030,7,0,0,,,triagem/nome-caixa-conversao 1.0.0,5,ok
089842,per089842_1909_03030,8,0,0,,,triagem/nome-caixa-conversao 1.0.0,5,ok
089842,per089842_1909_03031,1,1,1,caixadc conver,37126,triagem/nome-caixa-conversao 1.0.0,5,ok
089842,per089842_1909_03031,2,0,0,,,triagem/nome-caixa-conversao 1.0.0,5,ok
089842,per089842_1909_03031,3,0,0,,,triagem/nome-caixa-conversao 1.0.0,5,ok
089842,per089842_1909_03031,4,0,0,,,triagem/nome-caixa-conversao 1.0.0,5,ok
089842,per089842_1909_03031,5,0,0,,,triagem/nome-caixa-conversao 1.0.0,5,ok
089842,per089842_1909_03031,6,0,0,,,triagem/nome-caixa-conversao 1.0.0,5,ok
089842,per089842_1909_03031,7,0,0,,,triagem/nome-caixa-conversao 1.0.0,5,ok
089842,per089842_1909_03031,8,0,0,,,triagem/nome-caixa-conversao 1.0.0,5,ok
089842,per089842_1909_03032,1,1,2,caixa do conver,9298,triagem/nome-caixa-conversao 1.0.0,5,ok
089842,per089842_1909_03032,2,0,0,,,triagem/nome-caixa-conversao 1.0.0,5,ok
089842,per089842_1909_03032,3,0,0,,,triagem/nome-caixa-conversao 1.0.0,5,ok
089842,per089842_1909_03032,4,0,0,,,triagem/nome-caixa-conversao 1.0.0,5,ok
089842,per089842_1909_03032,5,0,0,,,triagem/nome-caixa-conversao 1.0.0,5,ok
089842,per089842_1909_03032,6,0,0,,,triagem/nome-caixa-conversao 1.0.0,5,ok
089842,per089842_1909_03032,7,0,0,,,triagem/nome-caixa-conversao 1.0.0,5,ok
089842,per089842_1909_03032,8,0,0,,,triagem/nome-caixa-conversao 1.0.0,5,ok
089842,per089842_1909_03033,1,1,2,caixa de conver,25395,triagem/nome-caixa-conversao 1.0.0,5,ok
089842,per089842_1909_03033,2,0,0,,,triagem/nome-caixa-conversao 1.0.0,5,ok
089842,per089842_1909_03033,3,0,0,,,triagem/nome-caixa-conversao 1.0.0,5,ok
089842,per089842_1909_03033,4,0,0,,,triagem/nome-caixa-conversao 1.0.0,5,ok
089842,per089842_1909_03033,5,0,0,,,triagem/nome-caixa-conversao 1.0.0,5,ok
089842,per089842_1909_03033,6,0,0,,,triagem/nome-caixa-conversao 1.0.0,5,ok
089842,per089842_1909_03033,7,0,0,,,triagem/nome-caixa-conversao 1.0.0,5,ok
089842,per089842_1909_03033,8,0,0,,,triagem/nome-caixa-conversao 1.0.0,5,ok
089842,per089842_1909_03034,1,1,1,caixa de conver,13210,triagem/nome-caixa-conversao 1.0.0,5,ok
089842,per089842_1909_03034,2,0,0,,,triagem/nome-caixa-conversao 1.0.0,5,ok
089842,per089842_1909_03034,3,0,0,,,triagem/nome-caixa-conversao 1.0.0,5,ok
089842,per089842_1909_03034,4,1,1,caixa de conver,39495,triagem/nome-caixa-conversao 1.0.0,5,ok
089842,per089842_1909_03034,5,0,0,,,triagem/nome-caixa-conversao 1.0.0,5,ok
089842,per089842_1909_03034,6,0,0,,,triagem/nome-caixa-conversao 1.0.0,5,ok
089842,per089842_1909_03034,7,0,0,,,triagem/nome-caixa-conversao 1.0.0,5,ok
089842,per089842_1909_03034,8,0,0,,,triagem/nome-caixa-conversao 1.0.0,5,ok
089842,per089842_1909_03035,1,0,0,,,triagem/nome-caixa-conversao 1.0.0,5,ok
089842,per089842_1909_03035,2,0,0,,,triagem/nome-caixa-conversao 1.0.0,5,ok
089842,per089842_1909_03035,3,1,2,caixa de conver,10148,triagem/nome-caixa-conversao 1.0.0,5,ok
089842,per089842_1909_03035,4,0,0,,,triagem/nome-caixa-conversao 1.0.0,5,ok
089842,per089842_1909_03035,5,0,0,,,triagem/nome-caixa-conversao 1.0.0,5,ok
089842,per089842_1909_03035,6,0,0,,,triagem/nome-caixa-conversao 1.0.0,5,ok
089842,per089842_1909_03035,7,0,0,,,triagem/nome-caixa-conversao 1.0.0,5,ok
089842,per089842_1909_03035,8,0,0,,,triagem/nome-caixa-conversao 1.0.0,5,ok
089842,per089842_1909_03035,9,0,0,,,triagem/nome-caixa-conversao 1.0.0,5,ok
089842,per089842_1909_03035,10,0,0,,,triagem/nome-caixa-conversao 1.0.0,5,ok
089842,per089842_1909_03035,11,0,0,,,triagem/nome-caixa-conversao 1.0.0,5,ok
089842,per089842_1909_03035,12,0,0,,,triagem/nome-caixa-conversao 1.0.0,5,ok
089842,per089842_1909_03036,1,0,0,,,triagem/nome-caixa-conversao 1.0.0,5,ok
089842,per089842_1909_03036,2,0,0,,,triagem/nome-caixa-conversao 1.0.0,5,ok
089842,per089842_1909_03036,3,0,0,,,triagem/nome-caixa-conversao 1.0.0,5,ok
089842,per089842_1909_03036,4,0,0,,,triagem/nome-caixa-conversao 1.0.0,5,ok
089842,per089842_1909_03036,5,0,0,,,triagem/nome-caixa-conversao 1.0.0,5,ok
089842,per089842_1909_03036,6,0,0,,,triagem/nome-caixa-conversao 1.0.0,5,ok
089842,per089842_1909_03036,7,0,0,,,triagem/nome-caixa-conversao 1.0.0,5,ok
089842,per089842_1909_03036,8,0,0,,,triagem/nome-caixa-conversao 1.0.0,5,ok
089842,per089842_1909_03037,1,0,0,,,triagem/nome-caixa-conversao 1.0.0,5,ok
089842,per089842_1909_03037,2,0,0,,,triagem/nome-caixa-conversao 1.0.0,5,ok
089842,per089842_1909_03037,3,0,0,,,triagem/nome-caixa-conversao 1.0.0,5,ok
089842,per089842_1909_03037,4,0,0,,,triagem/nome-caixa-conversao 1.0.0,5,ok
089842,per089842_1909_03037,5,0,0,,,triagem/nome-caixa-conversao 1.0.0,5,ok
089842,per089842_1909_03037,6,0,0,,,triagem/nome-caixa-conversao 1.0.0,5,ok
089842,per089842_1909_03037,7,0,0,,,triagem/nome-caixa-conversao 1.0.0,5,ok
089842,per089842_1909_03037,8,0,0,,,triagem/nome-caixa-conversao 1.0.0,5,ok
089842,per089842_1909_03037,9,0,0,,,triagem/nome-caixa-conversao 1.0.0,5,ok
089842,per089842_1909_03037,10,0,0,,,triagem/nome-caixa-conversao 1.0.0,5,ok
089842,per089842_1909_03038,1,1,2,caixa de conver,21206,triagem/nome-caixa-conversao 1.0.0,5,ok
089842,per089842_1909_03038,2,0,0,,,triagem/nome-caixa-conversao 1.0.0,5,ok
089842,per089842_1909_03038,3,0,0,,,triagem/nome-caixa-conversao 1.0.0,5,ok
089842,per089842_1909_03038,4,0,0,,,triagem/nome-caixa-conversao 1.0.0,5,ok
089842,per089842_1909_03038,5,0,0,,,triagem/nome-caixa-conversao 1.0.0,5,ok
089842,per089842_1909_03038,6,0,0,,,triagem/nome-caixa-conversao 1.0.0,5,ok
089842,per089842_1909_03038,7,0,0,,,triagem/nome-caixa-conversao 1.0.0,5,ok
089842,per089842_1909_03038,8,0,0,,,triagem/nome-caixa-conversao 1.0.0,5,ok
089842,per089842_1909_03038,9,0,0,,,triagem/nome-caixa-conversao 1.0.0,5,ok
089842,per089842_1909_03038,10,0,0,,,triagem/nome-caixa-conversao 1.0.0,5,ok
089842,per089842_1909_03039,1,0,0,,,triagem/nome-caixa-conversao 1.0.0,5,ok
089842,per089842_1909_03039,2,0,0,,,triagem/nome-caixa-conversao 1.0.0,5,ok
089842,per089842_1909_03039,3,0,0,,,triagem/nome-caixa-conversao 1.0.0,5,ok
089842,per089842_1909_03039,4,0,0,,,triagem/nome-caixa-conversao 1.0.0,5,ok
089842,per089842_1909_03039,5,0,0,,,triagem/nome-caixa-conversao 1.0.0,5,ok
089842,per089842_1909_03039,6,0,0,,,triagem/nome-caixa-conversao 1.0.0,5,ok
089842,per089842_1909_03039,7,0,0,,,triagem/nome-caixa-conversao 1.0.0,5,ok
089842,per089842_1909_03039,8,0,0,,,triagem/nome-caixa-conversao 1.0.0,5,ok
089842,per089842_1909_03040,1,1,1,caixa deconver,27084,triagem/nome-caixa-conversao 1.0.0,5,ok
089842,per089842_1909_03040,2,0,0,,,triagem/nome-caixa-conversao 1.0.0,5,ok
089842,per089842_1909_03040,3,0,0,,,triagem/nome-caixa-conversao 1.0.0,5,ok
089842,per089842_1909_03040,4,0,0,,,triagem/nome-caixa-conversao 1.0.0,5,ok
089842,per089842_1909_03040,5,0,0,,,triagem/nome-caixa-conversao 1.0.0,5,ok
089842,per089842_1909_03040,6,0,0,,,triagem/nome-caixa-conversao 1.0.0,5,ok
089842,per089842_1909_03040,7,0,0,,,triagem/nome-caixa-conversao 1.0.0,5,ok
089842,per089842_1909_03040,8,0,0,,,triagem/nome-caixa-conversao 1.0.0,5,ok
089842,per089842_1909_03041,1,0,0,,,triagem/nome-caixa-conversao 1.0.0,5,ok
089842,per089842_1909_03041,2,0,0,,,triagem/nome-caixa-conversao 1.0.0,5,ok
089842,per089842_1909_03041,3,0,0,,,triagem/nome-caixa-conversao 1.0.0,5,ok
089842,per089842_1909_03041,4,0,0,,,triagem/nome-caixa-conversao 1.0.0,5,ok
089842,per089842_1909_03041,5,0,0,,,triagem/nome-caixa-conversao 1.0.0,5,ok
089842,per089842_1909_03041,6,0,0,,,triagem/nome-caixa-conversao 1.0.0,5,ok
089842,per089842_1909_03041,7,0,0,,,triagem/nome-caixa-conversao 1.0.0,5,ok
089842,per089842_1909_03041,8,0,0,,,triagem/nome-caixa-conversao 1.0.0,5,ok
089842,per089842_1909_03042,1,0,0,,,triagem/nome-caixa-conversao 1.0.0,5,ok
089842,per089842_1909_03042,2,0,0,,,triagem/nome-caixa-conversao 1.0.0,5,ok
089842,per089842_1909_03042,3,1,1,caixa do conver,13530,triagem/nome-caixa-conversao 1.0.0,5,ok
089842,per089842_1909_03042,4,0,0,,,triagem/nome-caixa-conversao 1.0.0,5,ok
089842,per089842_1909_03042,5,1,1,caixa de conver,31799,triagem/nome-caixa-conversao 1.0.0,5,ok
089842,per089842_1909_03042,6,0,0,,,triagem/nome-caixa-conversao 1.0.0,5,ok
089842,per089842_1909_03042,7,0,0,,,triagem/nome-caixa-conversao 1.0.0,5,ok
089842,per089842_1909_03042,8,0,0,,,triagem/nome-caixa-conversao 1.0.0,5,ok
089842,per089842_1909_03042,9,0,0,,,triagem/nome-caixa-conversao 1.0.0,5,ok
089842,per089842_1909_03042,10,0,0,,,triagem/nome-caixa-conversao 1.0.0,5,ok
089842,per089842_1909_03042,11,0,0,,,triagem/nome-caixa-conversao 1.0.0,5,ok
089842,per089842_1909_03042,12,0,0,,,triagem/nome-caixa-conversao 1.0.0,5,ok
089842,per089842_1909_03043,1,0,0,,,triagem/nome-caixa-conversao 1.0.0,5,ok
089842,per089842_1909_03043,2,0,0,,,triagem/nome-caixa-conversao 1.0.0,5,ok
089842,per089842_1909_03043,3,0,0,,,triagem/nome-caixa-conversao 1.0.0,5,ok
089842,per089842_1909_03043,4,0,0,,,triagem/nome-caixa-conversao 1.0.0,5,ok
089842,per089842_1909_03043,5,0,0,,,triagem/nome-caixa-conversao 1.0.0,5,ok
089842,per089842_1909_03043,6,0,0,,,triagem/nome-caixa-conversao 1.0.0,5,ok
089842,per089842_1909_03043,7,0,0,,,triagem/nome-caixa-conversao 1.0.0,5,ok
089842,per089842_1909_03043,8,0,0,,,triagem/nome-caixa-conversao 1.0.0,5,ok
089842,per089842_1909_03044,1,0,0,,,triagem/nome-caixa-conversao 1.0.0,5,ok
089842,per089842_1909_03044,2,0,0,,,triagem/nome-caixa-conversao 1.0.0,5,ok
089842,per089842_1909_03044,3,0,0,,,triagem/nome-caixa-conversao 1.0.0,5,ok
089842,per089842_1909_03044,4,0,0,,,triagem/nome-caixa-conversao 1.0.0,5,ok
089842,per089842_1909_03044,5,0,0,,,triagem/nome-caixa-conversao 1.0.0,5,ok
089842,per089842_1909_03044,6,0,0,,,triagem/nome-caixa-conversao 1.0.0,5,ok
089842,per089842_1909_03044,7,0,0,,,triagem/nome-caixa-conversao 1.0.0,5,ok
089842,per089842_1909_03044,8,0,0,,,triagem/nome-caixa-conversao 1.0.0,5,ok
089842,per089842_1909_03045,1,0,0,,,triagem/nome-caixa-conversao 1.0.0,5,ok
089842,per089842_1909_03045,2,0,0,,,triagem/nome-caixa-conversao 1.0.0,5,ok
089842,per089842_1909_03045,3,1,1,caixa dc conver,14768,triagem/nome-caixa-conversao 1.0.0,5,ok
089842,per089842_1909_03045,4,0,0,,,triagem/nome-caixa-conversao 1.0.0,5,ok
089842,per089842_1909_03045,5,0,0,,,triagem/nome-caixa-conversao 1.0.0,5,ok
089842,per089842_1909_03045,6,0,0,,,triagem/nome-caixa-conversao 1.0.0,5,ok
089842,per089842_1909_03045,7,0,0,,,triagem/nome-caixa-conversao 1.0.0,5,ok
089842,per089842_1909_03045,8,0,0,,,triagem/nome-caixa-conversao 1.0.0,5,ok
089842,per089842_1909_03046,1,1,1,caixa de conver,18804,triagem/nome-caixa-conversao 1.0.0,5,ok
089842,per089842_1909_03046,2,0,0,,,triagem/nome-caixa-conversao 1.0.0,5,ok
089842,per089842_1909_03046,3,0,0,,,triagem/nome-caixa-conversao 1.0.0,5,ok
089842,per089842_1909_03046,4,0,0,,,triagem/nome-caixa-conversao 1.0.0,5,ok
089842,per089842_1909_03046,5,0,0,,,triagem/nome-caixa-conversao 1.0.0,5,ok
089842,per089842_1909_03046,6,0,0,,,triagem/nome-caixa-conversao 1.0.0,5,ok
089842,per089842_1909_03046,7,0,0,,,triagem/nome-caixa-conversao 1.0.0,5,ok
089842,per089842_1909_03046,8,0,0,,,triagem/nome-caixa-conversao 1.0.0,5,ok
089842,per089842_1909_03047,1,0,0,,,triagem/nome-caixa-conversao 1.0.0,5,ok
089842,per089842_1909_03047,2,0,0,,,triagem/nome-caixa-conversao 1.0.0,5,ok
089842,per089842_1909_03047,3,0,0,,,triagem/nome-caixa-conversao 1.0.0,5,ok
089842,per089842_1909_03047,4,0,0,,,triagem/nome-caixa-conversao 1.0.0,5,ok
089842,per089842_1909_03047,5,0,0,,,triagem/nome-caixa-conversao 1.0.0,5,ok
089842,per089842_1909_03047,6,0,0,,,triagem/nome-caixa-conversao 1.0.0,5,ok
089842,per089842_1909_03047,7,0,0,,,triagem/nome-caixa-conversao 1.0.0,5,ok
089842,per089842_1909_03047,8,0,0,,,triagem/nome-caixa-conversao 1.0.0,5,ok
089842,per089842_1909_03048,1,1,1,caixa dc conver,1837,triagem/nome-caixa-conversao 1.0.0,5,ok
089842,per089842_1909_03048,2,0,0,,,triagem/nome-caixa-conversao 1.0.0,5,ok
089842,per089842_1909_03048,3,0,0,,,triagem/nome-caixa-conversao 1.0.0,5,ok
089842,per089842_1909_03048,4,0,0,,,triagem/nome-caixa-conversao 1.0.0,5,ok
089842,per089842_1909_03048,5,0,0,,,triagem/nome-caixa-conversao 1.0.0,5,ok
089842,per089842_1909_03048,6,0,0,,,triagem/nome-caixa-conversao 1.0.0,5,ok
089842,per089842_1909_03048,7,0,0,,,triagem/nome-caixa-conversao 1.0.0,5,ok
089842,per089842_1909_03048,8,0,0,,,triagem/nome-caixa-conversao 1.0.0,5,ok
089842,per089842_1909_03049,1,0,0,,,triagem/nome-caixa-conversao 1.0.0,5,ok
089842,per089842_1909_03049,2,0,0,,,triagem/nome-caixa-conversao 1.0.0,5,ok
089842,per089842_1909_03049,3,1,1,caixa de conver,51498,triagem/nome-caixa-conversao 1.0.0,5,ok
089842,per089842_1909_03049,4,0,0,,,triagem/nome-caixa-conversao 1.0.0,5,ok
089842,per089842_1909_03049,5,0,0,,,triagem/nome-caixa-conversao 1.0.0,5,ok
089842,per089842_1909_03049,6,0,0,,,triagem/nome-caixa-conversao 1.0.0,5,ok
089842,per089842_1909_03049,7,0,0,,,triagem/nome-caixa-conversao 1.0.0,5,ok
089842,per089842_1909_03049,8,0,0,,,triagem/nome-caixa-conversao 1.0.0,5,ok
089842,per089842_1909_03049,9,0,0,,,triagem/nome-caixa-conversao 1.0.0,5,ok
089842,per089842_1909_03049,10,0,0,,,triagem/nome-caixa-conversao 1.0.0,5,ok
089842,per089842_1909_03049,11,0,0,,,triagem/nome-caixa-conversao 1.0.0,5,ok
089842,per089842_1909_03049,12,0,0,,,triagem/nome-caixa-conversao 1.0.0,5,ok
089842,per089842_1909_03050,1,0,0,,,triagem/nome-caixa-conversao 1.0.0,5,ok
089842,per089842_1909_03050,2,0,0,,,triagem/nome-caixa-conversao 1.0.0,5,ok
089842,per089842_1909_03050,3,0,0,,,triagem/nome-caixa-conversao 1.0.0,5,ok
089842,per089842_1909_03050,4,0,0,,,triagem/nome-caixa-conversao 1.0.0,5,ok
089842,per089842_1909_03050,5,0,0,,,triagem/nome-caixa-conversao 1.0.0,5,ok
089842,per089842_1909_03050,6,0,0,,,triagem/nome-caixa-conversao 1.0.0,5,ok
089842,per089842_1909_03050,7,0,0,,,triagem/nome-caixa-conversao 1.0.0,5,ok
089842,per089842_1909_03050,8,0,0,,,triagem/nome-caixa-conversao 1.0.0,5,ok
089842,per089842_1909_03051,1,1,1,caixa dc conver,10627,triagem/nome-caixa-conversao 1.0.0,5,ok
089842,per089842_1909_03051,2,0,0,,,triagem/nome-caixa-conversao 1.0.0,5,ok
089842,per089842_1909_03051,3,0,0,,,triagem/nome-caixa-conversao 1.0.0,5,ok
089842,per089842_1909_03051,4,0,0,,,triagem/nome-caixa-conversao 1.0.0,5,ok
089842,per089842_1909_03051,5,0,0,,,triagem/nome-caixa-conversao 1.0.0,5,ok
089842,per089842_1909_03051,6,0,0,,,triagem/nome-caixa-conversao 1.0.0,5,ok
089842,per089842_1909_03051,7,0,0,,,triagem/nome-caixa-conversao 1.0.0,5,ok
089842,per089842_1909_03051,8,0,0,,,triagem/nome-caixa-conversao 1.0.0,5,ok
089842,per089842_1909_03052,1,1,2,caixa do conver,8776,triagem/nome-caixa-conversao 1.0.0,5,ok
089842,per089842_1909_03052,2,0,0,,,triagem/nome-caixa-conversao 1.0.0,5,ok
089842,per089842_1909_03052,3,0,0,,,triagem/nome-caixa-conversao 1.0.0,5,ok
089842,per089842_1909_03052,4,0,0,,,triagem/nome-caixa-conversao 1.0.0,5,ok
089842,per089842_1909_03052,5,0,0,,,triagem/nome-caixa-conversao 1.0.0,5,ok
089842,per089842_1909_03052,6,0,0,,,triagem/nome-caixa-conversao 1.0.0,5,ok
089842,per089842_1909_03052,7,0,0,,,triagem/nome-caixa-conversao 1.0.0,5,ok
089842,per089842_1909_03052,8,0,0,,,triagem/nome-caixa-conversao 1.0.0,5,ok
089842,per089842_1909_03053,1,0,0,,,triagem/nome-caixa-conversao 1.0.0,5,ok
089842,per089842_1909_03053,2,0,0,,,triagem/nome-caixa-conversao 1.0.0,5,ok
089842,per089842_1909_03053,3,0,0,,,triagem/nome-caixa-conversao 1.0.0,5,ok
089842,per089842_1909_03053,4,0,0,,,triagem/nome-caixa-conversao 1.0.0,5,ok
089842,per089842_1909_03053,5,0,0,,,triagem/nome-caixa-conversao 1.0.0,5,ok
089842,per089842_1909_03053,6,0,0,,,triagem/nome-caixa-conversao 1.0.0,5,ok
089842,per089842_1909_03053,7,0,0,,,triagem/nome-caixa-conversao 1.0.0,5,ok
089842,per089842_1909_03053,8,0,0,,,triagem/nome-caixa-conversao 1.0.0,5,ok
089842,per089842_1909_03054,1,1,2,caixa do conver,8435,triagem/nome-caixa-conversao 1.0.0,5,ok
089842,per089842_1909_03054,2,0,0,,,triagem/nome-caixa-conversao 1.0.0,5,ok
089842,per089842_1909_03054,3,0,0,,,triagem/nome-caixa-conversao 1.0.0,5,ok
089842,per089842_1909_03054,4,0,0,,,triagem/nome-caixa-conversao 1.0.0,5,ok
089842,per089842_1909_03054,5,0,0,,,triagem/nome-caixa-conversao 1.0.0,5,ok
089842,per089842_1909_03054,6,0,0,,,triagem/nome-caixa-conversao 1.0.0,5,ok
089842,per089842_1909_03054,7,0,0,,,triagem/nome-caixa-conversao 1.0.0,5,ok
089842,per089842_1909_03054,8,0,0,,,triagem/nome-caixa-conversao 1.0.0,5,ok
089842,per089842_1909_03055,1,1,1,caixa dc conver,21770,triagem/nome-caixa-conversao 1.0.0,5,ok
089842,per089842_1909_03055,2,0,0,,,triagem/nome-caixa-conversao 1.0.0,5,ok
089842,per089842_1909_03055,3,0,0,,,triagem/nome-caixa-conversao 1.0.0,5,ok
089842,per089842_1909_03055,4,0,0,,,triagem/nome-caixa-conversao 1.0.0,5,ok
089842,per089842_1909_03055,5,0,0,,,triagem/nome-caixa-conversao 1.0.0,5,ok
089842,per089842_1909_03055,6,0,0,,,triagem/nome-caixa-conversao 1.0.0,5,ok
089842,per089842_1909_03055,7,0,0,,,triagem/nome-caixa-conversao 1.0.0,5,ok
089842,per089842_1909_03055,8,0,0,,,triagem/nome-caixa-conversao 1.0.0,5,ok
089842,per089842_1909_03056,1,0,0,,,triagem/nome-caixa-conversao 1.0.0,5,ok
089842,per089842_1909_03056,2,0,0,,,triagem/nome-caixa-conversao 1.0.0,5,ok
089842,per089842_1909_03056,3,0,0,,,triagem/nome-caixa-conversao 1.0.0,5,ok
089842,per089842_1909_03056,4,0,0,,,triagem/nome-caixa-conversao 1.0.0,5,ok
089842,per089842_1909_03056,5,0,0,,,triagem/nome-caixa-conversao 1.0.0,5,ok
089842,per089842_1909_03056,6,0,0,,,triagem/nome-caixa-conversao 1.0.0,5,ok
089842,per089842_1909_03056,7,0,0,,,triagem/nome-caixa-conversao 1.0.0,5,ok
089842,per089842_1909_03056,8,0,0,,,triagem/nome-caixa-conversao 1.0.0,5,ok
089842,per089842_1909_03056,9,1,1,caixa de conver,27055,triagem/nome-caixa-conversao 1.0.0,5,ok
089842,per089842_1909_03056,10,0,0,,,triagem/nome-caixa-conversao 1.0.0,5,ok
089842,per089842_1909_03056,11,0,0,,,triagem/nome-caixa-conversao 1.0.0,5,ok
089842,per089842_1909_03056,12,0,0,,,triagem/nome-caixa-conversao 1.0.0,5,ok
089842,per089842_1909_03057,1,0,0,,,triagem/nome-caixa-conversao 1.0.0,5,ok
089842,per089842_1909_03057,2,0,0,,,triagem/nome-caixa-conversao 1.0.0,5,ok
089842,per089842_1909_03057,3,0,0,,,triagem/nome-caixa-conversao 1.0.0,5,ok
089842,per089842_1909_03057,4,0,0,,,triagem/nome-caixa-conversao 1.0.0,5,ok
089842,per089842_1909_03057,5,0,0,,,triagem/nome-caixa-conversao 1.0.0,5,ok
089842,per089842_1909_03057,6,0,0,,,triagem/nome-caixa-conversao 1.0.0,5,ok
089842,per089842_1909_03057,7,1,1,caixa de conver,36966,triagem/nome-caixa-conversao 1.0.0,5,ok
089842,per089842_1909_03057,8,0,0,,,triagem/nome-caixa-conversao 1.0.0,5,ok
089842,per089842_1909_03058,1,1,2,caixa do conver,13108,triagem/nome-caixa-conversao 1.0.0,5,ok
089842,per089842_1909_03058,2,0,0,,,triagem/nome-caixa-conversao 1.0.0,5,ok
089842,per089842_1909_03058,3,0,0,,,triagem/nome-caixa-conversao 1.0.0,5,ok
089842,per089842_1909_03058,4,1,1,caixa de conver,23158,triagem/nome-caixa-conversao 1.0.0,5,ok
089842,per089842_1909_03058,5,0,0,,,triagem/nome-caixa-conversao 1.0.0,5,ok
089842,per089842_1909_03058,6,0,0,,,triagem/nome-caixa-conversao 1.0.0,5,ok
089842,per089842_1909_03058,7,0,0,,,triagem/nome-caixa-conversao 1.0.0,5,ok
089842,per089842_1909_03058,8,0,0,,,triagem/nome-caixa-conversao 1.0.0,5,ok
089842,per089842_1909_03059,1,0,0,,,triagem/nome-caixa-conversao 1.0.0,5,ok
089842,per089842_1909_03059,2,0,0,,,triagem/nome-caixa-conversao 1.0.0,5,ok
089842,per089842_1909_03059,3,0,0,,,triagem/nome-caixa-conversao 1.0.0,5,ok
089842,per089842_1909_03059,4,0,0,,,triagem/nome-caixa-conversao 1.0.0,5,ok
089842,per089842_1909_03059,5,0,0,,,triagem/nome-caixa-conversao 1.0.0,5,ok
089842,per089842_1909_03059,6,0,0,,,triagem/nome-caixa-conversao 1.0.0,5,ok
089842,per089842_1909_03059,7,0,0,,,triagem/nome-caixa-conversao 1.0.0,5,ok
089842,per089842_1909_03059,8,0,0,,,triagem/nome-caixa-conversao 1.0.0,5,ok
089842,per089842_1909_03060,1,0,0,,,triagem/nome-caixa-conversao 1.0.0,5,ok
089842,per089842_1909_03060,2,0,0,,,triagem/nome-caixa-conversao 1.0.0,5,ok
089842,per089842_1909_03060,3,0,0,,,triagem/nome-caixa-conversao 1.0.0,5,ok
089842,per089842_1909_03060,4,0,0,,,triagem/nome-caixa-conversao 1.0.0,5,ok
089842,per089842_1909_03060,5,0,0,,,triagem/nome-caixa-conversao 1.0.0,5,ok
089842,per089842_1909_03060,6,0,0,,,triagem/nome-caixa-conversao 1.0.0,5,ok
089842,per089842_1909_03060,7,0,0,,,triagem/nome-caixa-conversao 1.0.0,5,ok
089842,per089842_1909_03060,8,0,0,,,triagem/nome-caixa-conversao 1.0.0,5,ok
089842,per089842_1909_03060,9,0,0,,,triagem/nome-caixa-conversao 1.0.0,5,ok
089842,per089842_1909_03060,10,0,0,,,triagem/nome-caixa-conversao 1.0.0,5,ok
089842,per089842_1909_03061,1,1,2,caixa de conver,7734,triagem/nome-caixa-conversao 1.0.0,5,ok
089842,per089842_1909_03061,2,0,0,,,triagem/nome-caixa-conversao 1.0.0,5,ok
089842,per089842_1909_03061,3,0,0,,,triagem/nome-caixa-conversao 1.0.0,5,ok
089842,per089842_1909_03061,4,0,0,,,triagem/nome-caixa-conversao 1.0.0,5,ok
089842,per089842_1909_03061,5,0,0,,,triagem/nome-caixa-conversao 1.0.0,5,ok
089842,per089842_1909_03061,6,0,0,,,triagem/nome-caixa-conversao 1.0.0,5,ok
089842,per089842_1909_03061,7,0,0,,,triagem/nome-caixa-conversao 1.0.0,5,ok
089842,per089842_1909_03061,8,0,0,,,triagem/nome-caixa-conversao 1.0.0,5,ok
089842,per089842_1909_03062,1,0,0,,,triagem/nome-caixa-conversao 1.0.0,5,ok
089842,per089842_1909_03062,2,0,0,,,triagem/nome-caixa-conversao 1.0.0,5,ok
089842,per089842_1909_03062,3,1,3,caixa de conver,20926,triagem/nome-caixa-conversao 1.0.0,5,ok
089842,per089842_1909_03062,4,0,0,,,triagem/nome-caixa-conversao 1.0.0,5,ok
089842,per089842_1909_03062,5,0,0,,,triagem/nome-caixa-conversao 1.0.0,5,ok
089842,per089842_1909_03062,6,0,0,,,triagem/nome-caixa-conversao 1.0.0,5,ok
089842,per089842_1909_03062,7,0,0,,,triagem/nome-caixa-conversao 1.0.0,5,ok
089842,per089842_1909_03062,8,0,0,,,triagem/nome-caixa-conversao 1.0.0,5,ok
089842,per089842_1909_03062,9,0,0,,,triagem/nome-caixa-conversao 1.0.0,5,ok
089842,per089842_1909_03062,10,0,0,,,triagem/nome-caixa-conversao 1.0.0,5,ok
089842,per089842_1909_03063,1,0,0,,,triagem/nome-caixa-conversao 1.0.0,5,ok
089842,per089842_1909_03063,2,0,0,,,triagem/nome-caixa-conversao 1.0.0,5,ok
089842,per089842_1909_03063,3,0,0,,,triagem/nome-caixa-conversao 1.0.0,5,ok
089842,per089842_1909_03063,4,0,0,,,triagem/nome-caixa-conversao 1.0.0,5,ok
089842,per089842_1909_03063,5,0,0,,,triagem/nome-caixa-conversao 1.0.0,5,ok
089842,per089842_1909_03063,6,0,0,,,triagem/nome-caixa-conversao 1.0.0,5,ok
089842,per089842_1909_03063,7,0,0,,,triagem/nome-caixa-conversao 1.0.0,5,ok
089842,per089842_1909_03063,8,0,0,,,triagem/nome-caixa-conversao 1.0.0,5,ok
089842,per089842_1909_03063,9,0,0,,,triagem/nome-caixa-conversao 1.0.0,5,ok
089842,per089842_1909_03063,10,0,0,,,triagem/nome-caixa-conversao 1.0.0,5,ok
089842,per089842_1909_03063,11,0,0,,,triagem/nome-caixa-conversao 1.0.0,5,ok
089842,per089842_1909_03063,12,0,0,,,triagem/nome-caixa-conversao 1.0.0,5,ok
089842,per089842_1909_03064,1,0,0,,,triagem/nome-caixa-conversao 1.0.0,5,ok
089842,per089842_1909_03064,2,0,0,,,triagem/nome-caixa-conversao 1.0.0,5,ok
089842,per089842_1909_03064,3,0,0,,,triagem/nome-caixa-conversao 1.0.0,5,ok
089842,per089842_1909_03064,4,0,0,,,triagem/nome-caixa-conversao 1.0.0,5,ok
089842,per089842_1909_03064,5,0,0,,,triagem/nome-caixa-conversao 1.0.0,5,ok
089842,per089842_1909_03064,6,0,0,,,triagem/nome-caixa-conversao 1.0.0,5,ok
089842,per089842_1909_03064,7,0,0,,,triagem/nome-caixa-conversao 1.0.0,5,ok
089842,per089842_1909_03064,8,0,0,,,triagem/nome-caixa-conversao 1.0.0,5,ok
089842,per089842_1909_03065,1,1,1,caixa de conver,41223,triagem/nome-caixa-conversao 1.0.0,5,ok
089842,per089842_1909_03065,2,0,0,,,triagem/nome-caixa-conversao 1.0.0,5,ok
089842,per089842_1909_03065,3,0,0,,,triagem/nome-caixa-conversao 1.0.0,5,ok
089842,per089842_1909_03065,4,0,0,,,triagem/nome-caixa-conversao 1.0.0,5,ok
089842,per089842_1909_03065,5,0,0,,,triagem/nome-caixa-conversao 1.0.0,5,ok
089842,per089842_1909_03065,6,0,0,,,triagem/nome-caixa-conversao 1.0.0,5,ok
089842,per089842_1909_03065,7,0,0,,,triagem/nome-caixa-conversao 1.0.0,5,ok
089842,per089842_1909_03065,8,0,0,,,triagem/nome-caixa-conversao 1.0.0,5,ok
089842,per089842_1909_03066,1,0,0,,,triagem/nome-caixa-conversao 1.0.0,5,ok
089842,per089842_1909_03066,2,0,0,,,triagem/nome-caixa-conversao 1.0.0,5,ok
089842,per089842_1909_03066,3,0,0,,,triagem/nome-caixa-conversao 1.0.0,5,ok
089842,per089842_1909_03066,4,0,0,,,triagem/nome-caixa-conversao 1.0.0,5,ok
089842,per089842_1909_03066,5,0,0,,,triagem/nome-caixa-conversao 1.0.0,5,ok
089842,per089842_1909_03066,6,0,0,,,triagem/nome-caixa-conversao 1.0.0,5,ok
089842,per089842_1909_03066,7,0,0,,,triagem/nome-caixa-conversao 1.0.0,5,ok
089842,per089842_1909_03066,8,0,0,,,triagem/nome-caixa-conversao 1.0.0,5,ok
089842,per089842_1909_03067,1,0,0,,,triagem/nome-caixa-conversao 1.0.0,5,ok
089842,per089842_1909_03067,2,0,0,,,triagem/nome-caixa-conversao 1.0.0,5,ok
089842,per089842_1909_03067,3,0,0,,,triagem/nome-caixa-conversao 1.0.0,5,ok
089842,per089842_1909_03067,4,0,0,,,triagem/nome-caixa-conversao 1.0.0,5,ok
089842,per089842_1909_03067,5,0,0,,,triagem/nome-caixa-conversao 1.0.0,5,ok
089842,per089842_1909_03067,6,0,0,,,triagem/nome-caixa-conversao 1.0.0,5,ok
089842,per089842_1909_03067,7,0,0,,,triagem/nome-caixa-conversao 1.0.0,5,ok
089842,per089842_1909_03067,8,0,0,,,triagem/nome-caixa-conversao 1.0.0,5,ok
089842,per089842_1909_03068,1,1,1,caixa do conver,14329,triagem/nome-caixa-conversao 1.0.0,5,ok
089842,per089842_1909_03068,2,0,0,,,triagem/nome-caixa-conversao 1.0.0,5,ok
089842,per089842_1909_03068,3,0,0,,,triagem/nome-caixa-conversao 1.0.0,5,ok
089842,per089842_1909_03068,4,0,0,,,triagem/nome-caixa-conversao 1.0.0,5,ok
089842,per089842_1909_03068,5,0,0,,,triagem/nome-caixa-conversao 1.0.0,5,ok
089842,per089842_1909_03068,6,0,0,,,triagem/nome-caixa-conversao 1.0.0,5,ok
089842,per089842_1909_03068,7,0,0,,,triagem/nome-caixa-conversao 1.0.0,5,ok
089842,per089842_1909_03068,8,0,0,,,triagem/nome-caixa-conversao 1.0.0,5,ok
089842,per089842_1909_03069,1,0,0,,,triagem/nome-caixa-conversao 1.0.0,5,ok
089842,per089842_1909_03069,2,0,0,,,triagem/nome-caixa-conversao 1.0.0,5,ok
089842,per089842_1909_03069,3,0,0,,,triagem/nome-caixa-conversao 1.0.0,5,ok
089842,per089842_1909_03069,4,0,0,,,triagem/nome-caixa-conversao 1.0.0,5,ok
089842,per089842_1909_03069,5,0,0,,,triagem/nome-caixa-conversao 1.0.0,5,ok
089842,per089842_1909_03069,6,0,0,,,triagem/nome-caixa-conversao 1.0.0,5,ok
089842,per089842_1909_03069,7,0,0,,,triagem/nome-caixa-conversao 1.0.0,5,ok
089842,per089842_1909_03069,8,0,0,,,triagem/nome-caixa-conversao 1.0.0,5,ok
089842,per089842_1909_03070,1,0,0,,,triagem/nome-caixa-conversao 1.0.0,5,ok
089842,per089842_1909_03070,2,0,0,,,triagem/nome-caixa-conversao 1.0.0,5,ok
089842,per089842_1909_03070,3,0,0,,,triagem/nome-caixa-conversao 1.0.0,5,ok
089842,per089842_1909_03070,4,0,0,,,triagem/nome-caixa-conversao 1.0.0,5,ok
089842,per089842_1909_03070,5,0,0,,,triagem/nome-caixa-conversao 1.0.0,5,ok
089842,per089842_1909_03070,6,0,0,,,triagem/nome-caixa-conversao 1.0.0,5,ok
089842,per089842_1909_03070,7,0,0,,,triagem/nome-caixa-conversao 1.0.0,5,ok
089842,per089842_1909_03070,8,0,0,,,triagem/nome-caixa-conversao 1.0.0,5,ok
089842,per089842_1909_03070,9,0,0,,,triagem/nome-caixa-conversao 1.0.0,5,ok
089842,per089842_1909_03070,10,0,0,,,triagem/nome-caixa-conversao 1.0.0,5,ok
089842,per089842_1909_03070,11,0,0,,,triagem/nome-caixa-conversao 1.0.0,5,ok
089842,per089842_1909_03070,12,0,0,,,triagem/nome-caixa-conversao 1.0.0,5,ok
089842,per089842_1909_03070,13,0,0,,,triagem/nome-caixa-conversao 1.0.0,5,ok
089842,per089842_1909_03070,14,0,0,,,triagem/nome-caixa-conversao 1.0.0,5,ok
089842,per089842_1909_03071,1,0,0,,,triagem/nome-caixa-conversao 1.0.0,5,ok
089842,per089842_1909_03071,2,0,0,,,triagem/nome-caixa-conversao 1.0.0,5,ok
089842,per089842_1909_03071,3,0,0,,,triagem/nome-caixa-conversao 1.0.0,5,ok
089842,per089842_1909_03071,4,0,0,,,triagem/nome-caixa-conversao 1.0.0,5,ok
089842,per089842_1909_03071,5,0,0,,,triagem/nome-caixa-conversao 1.0.0,5,ok
089842,per089842_1909_03071,6,0,0,,,triagem/nome-caixa-conversao 1.0.0,5,ok
089842,per089842_1909_03071,7,0,0,,,triagem/nome-caixa-conversao 1.0.0,5,ok
089842,per089842_1909_03071,8,0,0,,,triagem/nome-caixa-conversao 1.0.0,5,ok
089842,per089842_1909_03072,1,0,0,,,triagem/nome-caixa-conversao 1.0.0,5,ok
089842,per089842_1909_03072,2,0,0,,,triagem/nome-caixa-conversao 1.0.0,5,ok
089842,per089842_1909_03072,3,0,0,,,triagem/nome-caixa-conversao 1.0.0,5,ok
089842,per089842_1909_03072,4,0,0,,,triagem/nome-caixa-conversao 1.0.0,5,ok
089842,per089842_1909_03072,5,0,0,,,triagem/nome-caixa-conversao 1.0.0,5,ok
089842,per089842_1909_03072,6,0,0,,,triagem/nome-caixa-conversao 1.0.0,5,ok
089842,per089842_1909_03072,7,0,0,,,triagem/nome-caixa-conversao 1.0.0,5,ok
089842,per089842_1909_03072,8,0,0,,,triagem/nome-caixa-conversao 1.0.0,5,ok
089842,per089842_1909_03073,1,0,0,,,triagem/nome-caixa-conversao 1.0.0,5,ok
089842,per089842_1909_03073,2,0,0,,,triagem/nome-caixa-conversao 1.0.0,5,ok
089842,per089842_1909_03073,3,0,0,,,triagem/nome-caixa-conversao 1.0.0,5,ok
089842,per089842_1909_03073,4,0,0,,,triagem/nome-caixa-conversao 1.0.0,5,ok
089842,per089842_1909_03073,5,0,0,,,triagem/nome-caixa-conversao 1.0.0,5,ok
089842,per089842_1909_03073,6,0,0,,,triagem/nome-caixa-conversao 1.0.0,5,ok
089842,per089842_1909_03073,7,0,0,,,triagem/nome-caixa-conversao 1.0.0,5,ok
089842,per089842_1909_03073,8,0,0,,,triagem/nome-caixa-conversao 1.0.0,5,ok
089842,per089842_1909_03074,1,0,0,,,triagem/nome-caixa-conversao 1.0.0,5,ok
089842,per089842_1909_03074,2,0,0,,,triagem/nome-caixa-conversao 1.0.0,5,ok
089842,per089842_1909_03074,3,0,0,,,triagem/nome-caixa-conversao 1.0.0,5,ok
089842,per089842_1909_03074,4,0,0,,,triagem/nome-caixa-conversao 1.0.0,5,ok
089842,per089842_1909_03074,5,0,0,,,triagem/nome-caixa-conversao 1.0.0,5,ok
089842,per089842_1909_03074,6,0,0,,,triagem/nome-caixa-conversao 1.0.0,5,ok
089842,per089842_1909_03074,7,0,0,,,triagem/nome-caixa-conversao 1.0.0,5,ok
089842,per089842_1909_03074,8,0,0,,,triagem/nome-caixa-conversao 1.0.0,5,ok
089842,per089842_1909_03074,9,0,0,,,triagem/nome-caixa-conversao 1.0.0,5,ok
089842,per089842_1909_03074,10,0,0,,,triagem/nome-caixa-conversao 1.0.0,5,ok
089842,per089842_1909_03075,1,0,0,,,triagem/nome-caixa-conversao 1.0.0,5,ok
089842,per089842_1909_03075,2,0,0,,,triagem/nome-caixa-conversao 1.0.0,5,ok
089842,per089842_1909_03075,3,0,0,,,triagem/nome-caixa-conversao 1.0.0,5,ok
089842,per089842_1909_03075,4,0,0,,,triagem/nome-caixa-conversao 1.0.0,5,ok
089842,per089842_1909_03075,5,0,0,,,triagem/nome-caixa-conversao 1.0.0,5,ok
089842,per089842_1909_03075,6,0,0,,,triagem/nome-caixa-conversao 1.0.0,5,ok
089842,per089842_1909_03075,7,0,0,,,triagem/nome-caixa-conversao 1.0.0,5,ok
089842,per089842_1909_03075,8,0,0,,,triagem/nome-caixa-conversao 1.0.0,5,ok
089842,per089842_1909_03075,9,0,0,,,triagem/nome-caixa-conversao 1.0.0,5,ok
089842,per089842_1909_03075,10,0,0,,,triagem/nome-caixa-conversao 1.0.0,5,ok
089842,per089842_1909_03076,1,0,0,,,triagem/nome-caixa-conversao 1.0.0,5,ok
089842,per089842_1909_03076,2,0,0,,,triagem/nome-caixa-conversao 1.0.0,5,ok
089842,per089842_1909_03076,3,0,0,,,triagem/nome-caixa-conversao 1.0.0,5,ok
089842,per089842_1909_03076,4,0,0,,,triagem/nome-caixa-conversao 1.0.0,5,ok
089842,per089842_1909_03076,5,0,0,,,triagem/nome-caixa-conversao 1.0.0,5,ok
089842,per089842_1909_03076,6,0,0,,,triagem/nome-caixa-conversao 1.0.0,5,ok
089842,per089842_1909_03076,7,0,0,,,triagem/nome-caixa-conversao 1.0.0,5,ok
089842,per089842_1909_03076,8,0,0,,,triagem/nome-caixa-conversao 1.0.0,5,ok
089842,per089842_1909_03076,9,0,0,,,triagem/nome-caixa-conversao 1.0.0,5,ok
089842,per089842_1909_03076,10,0,0,,,triagem/nome-caixa-conversao 1.0.0,5,ok
089842,per089842_1909_03077,1,0,0,,,triagem/nome-caixa-conversao 1.0.0,5,ok
089842,per089842_1909_03077,2,0,0,,,triagem/nome-caixa-conversao 1.0.0,5,ok
089842,per089842_1909_03077,3,0,0,,,triagem/nome-caixa-conversao 1.0.0,5,ok
089842,per089842_1909_03077,4,0,0,,,triagem/nome-caixa-conversao 1.0.0,5,ok
089842,per089842_1909_03077,5,0,0,,,triagem/nome-caixa-conversao 1.0.0,5,ok
089842,per089842_1909_03077,6,0,0,,,triagem/nome-caixa-conversao 1.0.0,5,ok
089842,per089842_1909_03077,7,0,0,,,triagem/nome-caixa-conversao 1.0.0,5,ok
089842,per089842_1909_03077,8,0,0,,,triagem/nome-caixa-conversao 1.0.0,5,ok
089842,per089842_1909_03077,9,0,0,,,triagem/nome-caixa-conversao 1.0.0,5,ok
089842,per089842_1909_03077,10,0,0,,,triagem/nome-caixa-conversao 1.0.0,5,ok
089842,per089842_1909_03077,11,0,0,,,triagem/nome-caixa-conversao 1.0.0,5,ok
089842,per089842_1909_03077,12,0,0,,,triagem/nome-caixa-conversao 1.0.0,5,ok
089842,per089842_1909_03077,13,0,0,,,triagem/nome-caixa-conversao 1.0.0,5,ok
089842,per089842_1909_03077,14,0,0,,,triagem/nome-caixa-conversao 1.0.0,5,ok
089842,per089842_1909_03078,1,0,0,,,triagem/nome-caixa-conversao 1.0.0,5,ok
089842,per089842_1909_03078,2,0,0,,,triagem/nome-caixa-conversao 1.0.0,5,ok
089842,per089842_1909_03078,3,0,0,,,triagem/nome-caixa-conversao 1.0.0,5,ok
089842,per089842_1909_03078,4,0,0,,,triagem/nome-caixa-conversao 1.0.0,5,ok
089842,per089842_1909_03078,5,1,1,caixade conver,10601,triagem/nome-caixa-conversao 1.0.0,5,ok
089842,per089842_1909_03078,6,0,0,,,triagem/nome-caixa-conversao 1.0.0,5,ok
089842,per089842_1909_03078,7,0,0,,,triagem/nome-caixa-conversao 1.0.0,5,ok
089842,per089842_1909_03078,8,0,0,,,triagem/nome-caixa-conversao 1.0.0,5,ok
089842,per089842_1909_03079,1,0,0,,,triagem/nome-caixa-conversao 1.0.0,5,ok
089842,per089842_1909_03079,2,0,0,,,triagem/nome-caixa-conversao 1.0.0,5,ok
089842,per089842_1909_03079,3,0,0,,,triagem/nome-caixa-conversao 1.0.0,5,ok
089842,per089842_1909_03079,4,0,0,,,triagem/nome-caixa-conversao 1.0.0,5,ok
089842,per089842_1909_03079,5,0,0,,,triagem/nome-caixa-conversao 1.0.0,5,ok
089842,per089842_1909_03079,6,0,0,,,triagem/nome-caixa-conversao 1.0.0,5,ok
089842,per089842_1909_03079,7,0,0,,,triagem/nome-caixa-conversao 1.0.0,5,ok
089842,per089842_1909_03079,8,0,0,,,triagem/nome-caixa-conversao 1.0.0,5,ok
089842,per089842_1909_03080,1,0,0,,,triagem/nome-caixa-conversao 1.0.0,5,ok
089842,per089842_1909_03080,2,0,0,,,triagem/nome-caixa-conversao 1.0.0,5,ok
089842,per089842_1909_03080,3,0,0,,,triagem/nome-caixa-conversao 1.0.0,5,ok
089842,per089842_1909_03080,4,0,0,,,triagem/nome-caixa-conversao 1.0.0,5,ok
089842,per089842_1909_03080,5,0,0,,,triagem/nome-caixa-conversao 1.0.0,5,ok
089842,per089842_1909_03080,6,0,0,,,triagem/nome-caixa-conversao 1.0.0,5,ok
089842,per089842_1909_03080,7,0,0,,,triagem/nome-caixa-conversao 1.0.0,5,ok
089842,per089842_1909_03080,8,0,0,,,triagem/nome-caixa-conversao 1.0.0,5,ok
089842,per089842_1909_03081,1,0,0,,,triagem/nome-caixa-conversao 1.0.0,5,ok
089842,per089842_1909_03081,2,0,0,,,triagem/nome-caixa-conversao 1.0.0,5,ok
089842,per089842_1909_03081,3,0,0,,,triagem/nome-caixa-conversao 1.0.0,5,ok
089842,per089842_1909_03081,4,0,0,,,triagem/nome-caixa-conversao 1.0.0,5,ok
089842,per089842_1909_03081,5,0,0,,,triagem/nome-caixa-conversao 1.0.0,5,ok
089842,per089842_1909_03081,6,0,0,,,triagem/nome-caixa-conversao 1.0.0,5,ok
089842,per089842_1909_03081,7,0,0,,,triagem/nome-caixa-conversao 1.0.0,5,ok
089842,per089842_1909_03081,8,0,0,,,triagem/nome-caixa-conversao 1.0.0,5,ok
089842,per089842_1909_03081,9,0,0,,,triagem/nome-caixa-conversao 1.0.0,5,ok
089842,per089842_1909_03081,10,0,0,,,triagem/nome-caixa-conversao 1.0.0,5,ok
089842,per089842_1909_03082,1,0,0,,,triagem/nome-caixa-conversao 1.0.0,5,ok
089842,per089842_1909_03082,2,0,0,,,triagem/nome-caixa-conversao 1.0.0,5,ok
089842,per089842_1909_03082,3,0,0,,,triagem/nome-caixa-conversao 1.0.0,5,ok
089842,per089842_1909_03082,4,0,0,,,triagem/nome-caixa-conversao 1.0.0,5,ok
089842,per089842_1909_03082,5,0,0,,,triagem/nome-caixa-conversao 1.0.0,5,ok
089842,per089842_1909_03082,6,0,0,,,triagem/nome-caixa-conversao 1.0.0,5,ok
089842,per089842_1909_03082,7,0,0,,,triagem/nome-caixa-conversao 1.0.0,5,ok
089842,per089842_1909_03082,8,0,0,,,triagem/nome-caixa-conversao 1.0.0,5,ok
089842,per089842_1909_03083,1,0,0,,,triagem/nome-caixa-conversao 1.0.0,5,ok
089842,per089842_1909_03083,2,0,0,,,triagem/nome-caixa-conversao 1.0.0,5,ok
089842,per089842_1909_03083,3,0,0,,,triagem/nome-caixa-conversao 1.0.0,5,ok
089842,per089842_1909_03083,4,0,0,,,triagem/nome-caixa-conversao 1.0.0,5,ok
089842,per089842_1909_03083,5,0,0,,,triagem/nome-caixa-conversao 1.0.0,5,ok
089842,per089842_1909_03083,6,0,0,,,triagem/nome-caixa-conversao 1.0.0,5,ok
089842,per089842_1909_03083,7,0,0,,,triagem/nome-caixa-conversao 1.0.0,5,ok
089842,per089842_1909_03083,8,0,0,,,triagem/nome-caixa-conversao 1.0.0,5,ok
089842,per089842_1909_03083,9,0,0,,,triagem/nome-caixa-conversao 1.0.0,5,ok
089842,per089842_1909_03083,10,0,0,,,triagem/nome-caixa-conversao 1.0.0,5,ok
089842,per089842_1909_03084,1,0,0,,,triagem/nome-caixa-conversao 1.0.0,5,ok
089842,per089842_1909_03084,2,0,0,,,triagem/nome-caixa-conversao 1.0.0,5,ok
089842,per089842_1909_03084,3,0,0,,,triagem/nome-caixa-conversao 1.0.0,5,ok
089842,per089842_1909_03084,4,0,0,,,triagem/nome-caixa-conversao 1.0.0,5,ok
089842,per089842_1909_03084,5,1,1,caixa de conver,4788,triagem/nome-caixa-conversao 1.0.0,5,ok
089842,per089842_1909_03084,6,0,0,,,triagem/nome-caixa-conversao 1.0.0,5,ok
089842,per089842_1909_03084,7,0,0,,,triagem/nome-caixa-conversao 1.0.0,5,ok
089842,per089842_1909_03084,8,0,0,,,triagem/nome-caixa-conversao 1.0.0,5,ok
089842,per089842_1909_03084,9,0,0,,,triagem/nome-caixa-conversao 1.0.0,5,ok
089842,per089842_1909_03084,10,0,0,,,triagem/nome-caixa-conversao 1.0.0,5,ok
089842,per089842_1909_03084,11,0,0,,,triagem/nome-caixa-conversao 1.0.0,5,ok
089842,per089842_1909_03084,12,0,0,,,triagem/nome-caixa-conversao 1.0.0,5,ok
089842,per089842_1909_03085,1,1,1,caixa de conver,35685,triagem/nome-caixa-conversao 1.0.0,5,ok
089842,per089842_1909_03085,2,0,0,,,triagem/nome-caixa-conversao 1.0.0,5,ok
089842,per089842_1909_03085,3,0,0,,,triagem/nome-caixa-conversao 1.0.0,5,ok
089842,per089842_1909_03085,4,0,0,,,triagem/nome-caixa-conversao 1.0.0,5,ok
089842,per089842_1909_03085,5,1,1,caixaconver,4132,triagem/nome-caixa-conversao 1.0.0,5,ok
089842,per089842_1909_03085,6,0,0,,,triagem/nome-caixa-conversao 1.0.0,5,ok
089842,per089842_1909_03085,7,0,0,,,triagem/nome-caixa-conversao 1.0.0,5,ok
089842,per089842_1909_03085,8,0,0,,,triagem/nome-caixa-conversao 1.0.0,5,ok
089842,per089842_1909_03086,1,1,1,caixa dc conver,35579,triagem/nome-caixa-conversao 1.0.0,5,ok
089842,per089842_1909_03086,2,0,0,,,triagem/nome-caixa-conversao 1.0.0,5,ok
089842,per089842_1909_03086,3,0,0,,,triagem/nome-caixa-conversao 1.0.0,5,ok
089842,per089842_1909_03086,4,0,0,,,triagem/nome-caixa-conversao 1.0.0,5,ok
089842,per089842_1909_03086,5,0,0,,,triagem/nome-caixa-conversao 1.0.0,5,ok
089842,per089842_1909_03086,6,0,0,,,triagem/nome-caixa-conversao 1.0.0,5,ok
089842,per089842_1909_03086,7,0,0,,,triagem/nome-caixa-conversao 1.0.0,5,ok
089842,per089842_1909_03086,8,0,0,,,triagem/nome-caixa-conversao 1.0.0,5,ok
089842,per089842_1909_03087,1,0,0,,,triagem/nome-caixa-conversao 1.0.0,5,ok
089842,per089842_1909_03087,2,1,1,caixa do conver,39180,triagem/nome-caixa-conversao 1.0.0,5,ok
089842,per089842_1909_03087,3,0,0,,,triagem/nome-caixa-conversao 1.0.0,5,ok
089842,per089842_1909_03087,4,0,0,,,triagem/nome-caixa-conversao 1.0.0,5,ok
089842,per089842_1909_03087,5,0,0,,,triagem/nome-caixa-conversao 1.0.0,5,ok
089842,per089842_1909_03087,6,0,0,,,triagem/nome-caixa-conversao 1.0.0,5,ok
089842,per089842_1909_03087,7,0,0,,,triagem/nome-caixa-conversao 1.0.0,5,ok
089842,per089842_1909_03087,8,0,0,,,triagem/nome-caixa-conversao 1.0.0,5,ok
089842,per089842_1909_03087,9,0,0,,,triagem/nome-caixa-conversao 1.0.0,5,ok
089842,per089842_1909_03087,10,0,0,,,triagem/nome-caixa-conversao 1.0.0,5,ok
089842,per089842_1909_03088,1,0,0,,,triagem/nome-caixa-conversao 1.0.0,5,ok
089842,per089842_1909_03088,2,0,0,,,triagem/nome-caixa-conversao 1.0.0,5,ok
089842,per089842_1909_03088,3,0,0,,,triagem/nome-caixa-conversao 1.0.0,5,ok
089842,per089842_1909_03088,4,0,0,,,triagem/nome-caixa-conversao 1.0.0,5,ok
089842,per089842_1909_03088,5,0,0,,,triagem/nome-caixa-conversao 1.0.0,5,ok
089842,per089842_1909_03088,6,0,0,,,triagem/nome-caixa-conversao 1.0.0,5,ok
089842,per089842_1909_03088,7,0,0,,,triagem/nome-caixa-conversao 1.0.0,5,ok
089842,per089842_1909_03088,8,0,0,,,triagem/nome-caixa-conversao 1.0.0,5,ok
089842,per089842_1909_03089,1,0,0,,,triagem/nome-caixa-conversao 1.0.0,5,ok
089842,per089842_1909_03089,2,0,0,,,triagem/nome-caixa-conversao 1.0.0,5,ok
089842,per089842_1909_03089,3,0,0,,,triagem/nome-caixa-conversao 1.0.0,5,ok
089842,per089842_1909_03089,4,0,0,,,triagem/nome-caixa-conversao 1.0.0,5,ok
089842,per089842_1909_03089,5,0,0,,,triagem/nome-caixa-conversao 1.0.0,5,ok
089842,per089842_1909_03089,6,0,0,,,triagem/nome-caixa-conversao 1.0.0,5,ok
089842,per089842_1909_03089,7,0,0,,,triagem/nome-caixa-conversao 1.0.0,5,ok
089842,per089842_1909_03089,8,0,0,,,triagem/nome-caixa-conversao 1.0.0,5,ok
089842,per089842_1909_03089,9,0,0,,,triagem/nome-caixa-conversao 1.0.0,5,ok
089842,per089842_1909_03089,10,0,0,,,triagem/nome-caixa-conversao 1.0.0,5,ok
