bib,source_identifier,page_number,hit,n_matches,primeiro_span_texto,primeiro_span_offset,regra_versao,extraction_run_id,result_status
103730,per103730_1914_00042,1,0,0,,,triagem/nome-caixa-conversao 1.0.0,27,ok
103730,per103730_1914_00042,2,0,0,,,triagem/nome-caixa-conversao 1.0.0,27,ok
103730,per103730_1914_00042,3,0,0,,,triagem/nome-caixa-conversao 1.0.0,27,ok
103730,per103730_1914_00042,4,0,0,,,triagem/nome-caixa-conversao 1.0.0,27,ok
103730,per103730_1914_00042,5,0,0,,,triagem/nome-caixa-conversao 1.0.0,27,ok
103730,per103730_1914_00042,6,0,0,,,triagem/nome-caixa-conversao 1.0.0,27,ok
103730,per103730_1914_00042,7,0,0,,,triagem/nome-caixa-conversao 1.0.0,27,ok
103730,per103730_1914_00042,8,0,0,,,triagem/nome-caixa-conversao 1.0.0,27,ok
103730,per103730_1914_00042,9,0,0,,,triagem/nome-caixa-conversao 1.0.0,27,ok
103730,per103730_1914_00042,10,0,0,,,triagem/nome-caixa-conversao 1.0.0,27,ok
103730,per103730_1914_00042,11,0,0,,,triagem/nome-caixa-conversao 1.0.0,27,ok
103730,per103730_1914_00042,12,0,0,,,triagem/nome-caixa-conversao 1.0.0,27,ok
103730,per103730_1914_00042,13,0,0,,,triagem/nome-caixa-conversao 1.0.0,27,ok
103730,per103730_1914_00042,14,0,0,,,triagem/nome-caixa-conversao 1.0.0,27,ok
103730,per103730_1914_00042,15,0,0,,,triagem/nome-caixa-conversao 1.0.0,27,ok
103730,per103730_1914_00042,16,0,0,,,triagem/nome-caixa-conversao 1.0.0,27,ok
103730,per103730_1914_00049,1,0,0,,,triagem/nome-caixa-conversao 1.0.0,27,ok
103730,per103730_1914_00049,2,0,0,,,triagem/nome-caixa-conversao 1.0.0,27,ok
103730,per103730_1914_00049,3,0,0,,,triagem/nome-caixa-conversao 1.0.0,27,ok
103730,per103730_1914_00049,4,0,0,,,triagem/nome-caixa-conversao 1.0.0,27,ok
103730,per103730_1914_00049,5,0,0,,,triagem/nome-caixa-conversao 1.0.0,27,ok
103730,per103730_1914_00049,6,0,0,,,triagem/nome-caixa-conversao 1.0.0,27,ok
103730,per103730_1914_00049,7,0,0,,,triagem/nome-caixa-conversao 1.0.0,27,ok
103730,per103730_1914_00049,8,0,0,,,triagem/nome-caixa-conversao 1.0.0,27,ok
103730,per103730_1914_00049,9,0,0,,,triagem/nome-caixa-conversao 1.0.0,27,ok
103730,per103730_1914_00049,10,0,0,,,triagem/nome-caixa-conversao 1.0.0,27,ok
103730,per103730_1914_00049,11,0,0,,,triagem/nome-caixa-conversao 1.0.0,27,ok
103730,per103730_1914_00049,12,0,0,,,triagem/nome-caixa-conversao 1.0.0,27,ok
103730,per103730_1914_00049,13,0,0,,,triagem/nome-caixa-conversao 1.0.0,27,ok
103730,per103730_1914_00049,14,0,0,,,triagem/nome-caixa-conversao 1.0.0,27,ok
103730,per103730_1914_00056,1,0,0,,,triagem/nome-caixa-conversao 1.0.0,27,ok
103730,per103730_1914_00056,2,0,0,,,triagem/nome-caixa-conversao 1.0.0,27,ok
103730,per103730_1914_00056,3,0,0,,,triagem/nome-caixa-conversao 1.0.0,27,ok
103730,per103730_1914_00056,4,0,0,,,triagem/nome-caixa-conversao 1.0.0,27,ok
103730,per103730_1914_00056,5,0,0,,,triagem/nome-caixa-conversao 1.0.0,27,ok
103730,per103730_1914_00056,6,0,0,,,triagem/nome-caixa-conversao 1.0.0,27,ok
103730,per103730_1914_00056,7,0,0,,,triagem/nome-caixa-conversao 1.0.0,27,ok
103730,per103730_1914_00056,8,0,0,,,triagem/nome-caixa-conversao 1.0.0,27,ok
103730,per103730_1914_00056,9,0,0,,,triagem/nome-caixa-conversao 1.0.0,27,ok
103730,per103730_1914_00056,10,0,0,,,triagem/nome-caixa-conversao 1.0.0,27,ok
103730,per103730_1914_00056,11,0,0,,,triagem/nome-caixa-conversao 1.0.0,27,ok
103730,per103730_1914_00056,12,0,0,,,triagem/nome-caixa-conversao 1.0.0,27,ok
103730,per103730_1914_00056,13,0,0,,,triagem/nome-caixa-conversao 1.0.0,27,ok
103730,per103730_1914_00056,14,0,0,,,triagem/nome-caixa-conversao 1.0.0,27,ok
103730,per103730_1914_00059,1,0,0,,,triagem/nome-caixa-conversao 1.0.0,27,ok
103730,per103730_1914_00059,2,0,0,,,triagem/nome-caixa-conversao 1.0.0,27,ok
103730,per103730_1914_00059,3,0,0,,,triagem/nome-caixa-conversao 1.0.0,27,ok
103730,per103730_1914_00059,4,0,0,,,triagem/nome-caixa-conversao 1.0.0,27,ok
103730,per103730_1914_00059,5,0,0,,,triagem/nome-caixa-conversao 1.0.0,27,ok
103730,per103730_1914_00059,6,0,0,,,triagem/nome-caixa-conversao 1.0.0,27,ok
103730,per103730_1914_00059,7,0,0,,,triagem/nome-caixa-conversao 1.0.0,27,ok
103730,per103730_1914_00059,8,0,0,,,triagem/nome-caixa-conversao 1.0.0,27,ok
103730,per103730_1914_00059,9,1,1,caixa do conver,40462,triagem/nome-caixa-conversao 1.0.0,27,ok
103730,per103730_1914_00059,10,0,0,,,triagem/nome-caixa-conversao 1.0.0,27,ok
103730,per103730_1914_00059,11,1,1,caixa de conver,15720,triagem/nome-caixa-conversao 1.0.0,27,ok
103730,per103730_1914_00059,12,0,0,,,triagem/nome-caixa-conversao 1.0.0,27,ok
103730,per103730_1914_00059,13,0,0,,,triagem/nome-caixa-conversao 1.0.0,27,ok
103730,per103730_1914_00059,14,0,0,,,triagem/nome-caixa-conversao 1.0.0,27,ok
103730,per103730_1914_00060,1,0,0,,,triagem/nome-caixa-conversao 1.0.0,27,ok
103730,per103730_1914_00060,2,0,0,,,triagem/nome-caixa-conversao 1.0.0,27,ok
103730,per103730_1914_00060,3,0,0,,,triagem/nome-caixa-conversao 1.0.0,27,ok
103730,per103730_1914_00060,4,0,0,,,triagem/nome-caixa-conversao 1.0.0,27,ok
103730,per103730_1914_00060,5,0,0,,,triagem/nome-caixa-conversao 1.0.0,27,ok
103730,per103730_1914_00060,6,0,0,,,triagem/nome-caixa-conversao 1.0.0,27,ok
103730,per103730_1914_00060,7,0,0,,,triagem/nome-caixa-conversao 1.0.0,27,ok
103730,per103730_1914_00060,8,0,0,,,triagem/nome-caixa-conversao 1.0.0,27,ok
103730,per103730_1914_00062,1,0,0,,,triagem/nome-caixa-conversao 1.0.0,27,ok
103730,per103730_1914_00062,2,0,0,,,triagem/nome-caixa-conversao 1.0.0,27,ok
103730,per103730_1914_00062,3,0,0,,,triagem/nome-caixa-conversao 1.0.0,27,ok
103730,per103730_1914_00062,4,0,0,,,triagem/nome-caixa-conversao 1.0.0,27,ok
103730,per103730_1914_00062,5,0,0,,,triagem/nome-caixa-conversao 1.0.0,27,ok
103730,per103730_1914_00062,6,0,0,,,triagem/nome-caixa-conversao 1.0.0,27,ok
103730,per103730_1914_00062,7,0,0,,,triagem/nome-caixa-conversao 1.0.0,27,ok
103730,per103730_1914_00062,8,0,0,,,triagem/nome-caixa-conversao 1.0.0,27,ok
103730,per103730_1914_00063,1,0,0,,,triagem/nome-caixa-conversao 1.0.0,27,ok
103730,per103730_1914_00063,2,0,0,,,triagem/nome-caixa-conversao 1.0.0,27,ok
103730,per103730_1914_00063,3,0,0,,,triagem/nome-caixa-conversao 1.0.0,27,ok
103730,per103730_1914_00063,4,0,0,,,triagem/nome-caixa-conversao 1.0.0,27,ok
103730,per103730_1914_00063,5,1,1,caixa de conver,4422,triagem/nome-caixa-conversao 1.0.0,27,ok
103730,per103730_1914_00063,6,0,0,,,triagem/nome-caixa-conversao 1.0.0,27,ok
103730,per103730_1914_00063,7,0,0,,,triagem/nome-caixa-conversao 1.0.0,27,ok
103730,per103730_1914_00063,8,0,0,,,triagem/nome-caixa-conversao 1.0.0,27,ok
103730,per103730_1914_00064,1,0,0,,,triagem/nome-caixa-conversao 1.0.0,27,ok
103730,per103730_1914_00064,2,1,1,caixa conver,24193,triagem/nome-caixa-conversao 1.0.0,27,ok
103730,per103730_1914_00064,3,0,0,,,triagem/nome-caixa-conversao 1.0.0,27,ok
103730,per103730_1914_00064,4,0,0,,,triagem/nome-caixa-conversao 1.0.0,27,ok
103730,per103730_1914_00064,5,0,0,,,triagem/nome-caixa-conversao 1.0.0,27,ok
103730,per103730_1914_00064,6,0,0,,,triagem/nome-caixa-conversao 1.0.0,27,ok
103730,per103730_1914_00064,7,0,0,,,triagem/nome-caixa-conversao 1.0.0,27,ok
103730,per103730_1914_00064,8,0,0,,,triagem/nome-caixa-conversao 1.0.0,27,ok
103730,per103730_1914_00067,1,0,0,,,triagem/nome-caixa-conversao 1.0.0,27,ok
103730,per103730_1914_00067,2,0,0,,,triagem/nome-caixa-conversao 1.0.0,27,ok
103730,per103730_1914_00067,3,0,0,,,triagem/nome-caixa-conversao 1.0.0,27,ok
103730,per103730_1914_00067,4,0,0,,,triagem/nome-caixa-conversao 1.0.0,27,ok
103730,per103730_1914_00067,5,0,0,,,triagem/nome-caixa-conversao 1.0.0,27,ok
103730,per103730_1914_00067,6,0,0,,,triagem/nome-caixa-conversao 1.0.0,27,ok
103730,per103730_1914_00067,7,0,0,,,triagem/nome-caixa-conversao 1.0.0,27,ok
103730,per103730_1914_00067,8,0,0,,,triagem/nome-caixa-conversao 1.0.0,27,ok
103730,per103730_1914_00068,1,0,0,,,triagem/nome-caixa-conversao 1.0.0,27,ok
103730,per103730_1914_00068,2,0,0,,,triagem/nome-caixa-conversao 1.0.0,27,ok
103730,per103730_1914_00068,3,0,0,,,triagem/nome-caixa-conversao 1.0.0,27,ok
103730,per103730_1914_00068,4,0,0,,,triagem/nome-caixa-conversao 1.0.0,27,ok
103730,per103730_1914_00068,5,1,1,caixa doconver,38267,triagem/nome-caixa-conversao 1.0.0,27,ok
103730,per103730_1914_00068,6,0,0,,,triagem/nome-caixa-conversao 1.0.0,27,ok
103730,per103730_1914_00068,7,0,0,,,triagem/nome-caixa-conversao 1.0.0,27,ok
103730,per103730_1914_00068,8,0,0,,,triagem/nome-caixa-conversao 1.0.0,27,ok
103730,per103730_1914_00069,1,0,0,,,triagem/nome-caixa-conversao 1.0.0,27,ok
103730,per103730_1914_00069,2,0,0,,,triagem/nome-caixa-conversao 1.0.0,27,ok
103730,per103730_1914_00069,3,0,0,,,triagem/nome-caixa-conversao 1.0.0,27,ok
103730,per103730_1914_00069,4,0,0,,,triagem/nome-caixa-conversao 1.0.0,27,ok
103730,per103730_1914_00069,5,0,0,,,triagem/nome-caixa-conversao 1.0.0,27,ok
103730,per103730_1914_00069,6,0,0,,,triagem/nome-caixa-conversao 1.0.0,27,ok
103730,per103730_1914_00069,7,0,0,,,triagem/nome-caixa-conversao 1.0.0,27,ok
103730,per103730_1914_00069,8,0,0,,,triagem/nome-caixa-conversao 1.0.0,27,ok
103730,per103730_1914_00070,1,0,0,,,triagem/nome-caixa-conversao 1.0.0,27,ok
103730,per103730_1914_00070,2,0,0,,,triagem/nome-caixa-conversao 1.0.0,27,ok
103730,per103730_1914_00070,3,0,0,,,triagem/nome-caixa-conversao 1.0.0,27,ok
103730,per103730_1914_00070,4,0,0,,,triagem/nome-caixa-conversao 1.0.0,27,ok
103730,per103730_1914_00070,5,0,0,,,triagem/nome-caixa-conversao 1.0.0,27,ok
103730,per103730_1914_00070,6,0,0,,,triagem/nome-caixa-conversao 1.0.0,27,ok
103730,per103730_1914_00070,7,0,0,,,triagem/nome-caixa-conversao 1.0.0,27,ok
103730,per103730_1914_00070,8,0,0,,,triagem/nome-caixa-conversao 1.0.0,27,ok
103730,per103730_1914_00070,9,0,0,,,triagem/nome-caixa-conversao 1.0.0,27,ok
103730,per103730_1914_00070,10,0,0,,,triagem/nome-caixa-conversao 1.0.0,27,ok
103730,per103730_1914_00071,1,0,0,,,triagem/nome-caixa-conversao 1.0.0,27,ok
103730,per103730_1914_00071,2,0,0,,,triagem/nome-caixa-conversao 1.0.0,27,ok
103730,per103730_1914_00071,3,0,0,,,triagem/nome-caixa-conversao 1.0.0,27,ok
103730,per103730_1914_00071,4,0,0,,,triagem/nome-caixa-conversao 1.0.0,27,ok
103730,per103730_1914_00071,5,0,0,,,triagem/nome-caixa-conversao 1.0.0,27,ok
103730,per103730_1914_00071,6,0,0,,,triagem/nome-caixa-conversao 1.0.0,27,ok
103730,per103730_1914_00071,7,0,0,,,triagem/nome-caixa-conversao 1.0.0,27,ok
103730,per103730_1914_00071,8,0,0,,,triagem/nome-caixa-conversao 1.0.0,27,ok
103730,per103730_1914_00072,1,0,0,,,triagem/nome-caixa-conversao 1.0.0,27,ok
103730,per103730_1914_00072,2,0,0,,,triagem/nome-caixa-conversao 1.0.0,27,ok
103730,per103730_1914_00072,3,0,0,,,triagem/nome-caixa-conversao 1.0.0,27,ok
103730,per103730_1914_00072,4,0,0,,,triagem/nome-caixa-conversao 1.0.0,27,ok
103730,per103730_1914_00072,5,0,0,,,triagem/nome-caixa-conversao 1.0.0,27,ok
103730,per103730_1914_00072,6,0,0,,,triagem/nome-caixa-conversao 1.0.0,27,ok
103730,per103730_1914_00072,7,0,0,,,triagem/nome-caixa-conversao 1.0.0,27,ok
103730,per103730_1914_00072,8,0,0,,,triagem/nome-caixa-conversao 1.0.0,27,ok
103730,per103730_1914_00073,1,0,0,,,triagem/nome-caixa-conversao 1.0.0,27,ok
103730,per103730_1914_00073,2,0,0,,,triagem/nome-caixa-conversao 1.0.0,27,ok
103730,per103730_1914_00073,3,0,0,,,triagem/nome-caixa-conversao 1.0.0,27,ok
103730,per103730_1914_00073,4,0,0,,,triagem/nome-caixa-conversao 1.0.0,27,ok
103730,per103730_1914_00073,5,0,0,,,triagem/nome-caixa-conversao 1.0.0,27,ok
103730,per103730_1914_00073,6,0,0,,,triagem/nome-caixa-conversao 1.0.0,27,ok
103730,per103730_1914_00073,7,0,0,,,triagem/nome-caixa-conversao 1.0.0,27,ok
103730,per103730_1914_00073,8,0,0,,,triagem/nome-caixa-conversao 1.0.0,27,ok
103730,per103730_1914_00073,9,0,0,,,triagem/nome-caixa-conversao 1.0.0,27,ok
103730,per103730_1914_00073,10,0,0,,,triagem/nome-caixa-conversao 1.0.0,27,ok
103730,per103730_1914_00073,11,0,0,,,triagem/nome-caixa-conversao 1.0.0,27,ok
103730,per103730_1914_00073,12,0,0,,,triagem/nome-caixa-conversao 1.0.0,27,ok
103730,per103730_1914_00073,13,0,0,,,triagem/nome-caixa-conversao 1.0.0,27,ok
103730,per103730_1914_00073,14,0,0,,,triagem/nome-caixa-conversao 1.0.0,27,ok
103730,per103730_1914_00073,15,0,0,,,triagem/nome-caixa-conversao 1.0.0,27,ok
103730,per103730_1914_00073,16,0,0,,,triagem/nome-caixa-conversao 1.0.0,27,ok
103730,per103730_1914_00074,1,0,0,,,triagem/nome-caixa-conversao 1.0.0,27,ok
103730,per103730_1914_00074,2,0,0,,,triagem/nome-caixa-conversao 1.0.0,27,ok
103730,per103730_1914_00074,3,0,0,,,triagem/nome-caixa-conversao 1.0.0,27,ok
103730,per103730_1914_00074,4,0,0,,,triagem/nome-caixa-conversao 1.0.0,27,ok
103730,per103730_1914_00074,5,0,0,,,triagem/nome-caixa-conversao 1.0.0,27,ok
103730,per103730_1914_00074,6,0,0,,,triagem/nome-caixa-conversao 1.0.0,27,ok
103730,per103730_1914_00074,7,0,0,,,triagem/nome-caixa-conversao 1.0.0,27,ok
103730,per103730_1914_00074,8,0,0,,,triagem/nome-caixa-conversao 1.0.0,27,ok
103730,per103730_1914_00075,1,0,0,,,triagem/nome-caixa-conversao 1.0.0,27,ok
103730,per103730_1914_00075,2,0,0,,,triagem/nome-caixa-conversao 1.0.0,27,ok
103730,per103730_1914_00075,3,0,0,,,triagem/nome-caixa-conversao 1.0.0,27,ok
103730,per103730_1914_00075,4,1,1,caixa do conver,27812,triagem/nome-caixa-conversao 1.0.0,27,ok
103730,per103730_1914_00075,5,0,0,,,triagem/nome-caixa-conversao 1.0.0,27,ok
103730,per103730_1914_00075,6,0,0,,,triagem/nome-caixa-conversao 1.0.0,27,ok
103730,per103730_1914_00075,7,0,0,,,triagem/nome-caixa-conversao 1.0.0,27,ok
103730,per103730_1914_00075,8,0,0,,,triagem/nome-caixa-conversao 1.0.0,27,ok
103730,per103730_1914_00076,1,0,0,,,triagem/nome-caixa-conversao 1.0.0,27,ok
103730,per103730_1914_00076,2,0,0,,,triagem/nome-caixa-conversao 1.0.0,27,ok
103730,per103730_1914_00076,3,0,0,,,triagem/nome-caixa-conversao 1.0.0,27,ok
103730,per103730_1914_00076,4,0,0,,,triagem/nome-caixa-conversao 1.0.0,27,ok
103730,per103730_1914_00076,5,0,0,,,triagem/nome-caixa-conversao 1.0.0,27,ok
103730,per103730_1914_00076,6,0,0,,,triagem/nome-caixa-conversao 1.0.0,27,ok
103730,per103730_1914_00076,7,0,0,,,triagem/nome-caixa-conversao 1.0.0,27,ok
103730,per103730_1914_00076,8,0,0,,,triagem/nome-caixa-conversao 1.0.0,27,ok
103730,per103730_1914_00076,9,0,0,,,triagem/nome-caixa-conversao 1.0.0,27,ok
103730,per103730_1914_00076,10,0,0,,,triagem/nome-caixa-conversao 1.0.0,27,ok
103730,per103730_1914_00076,11,0,0,,,triagem/nome-caixa-conversao 1.0.0,27,ok
103730,per103730_1914_00076,12,0,0,,,triagem/nome-caixa-conversao 1.0.0,27,ok
103730,per103730_1914_00077,1,0,0,,,triagem/nome-caixa-conversao 1.0.0,27,ok
103730,per103730_1914_00077,2,0,0,,,triagem/nome-caixa-conversao 1.0.0,27,ok
103730,per103730_1914_00077,3,0,0,,,triagem/nome-caixa-conversao 1.0.0,27,ok
103730,per103730_1914_00077,4,0,0,,,triagem/nome-caixa-conversao 1.0.0,27,ok
103730,per103730_1914_00077,5,0,0,,,triagem/nome-caixa-conversao 1.0.0,27,ok
103730,per103730_1914_00077,6,0,0,,,triagem/nome-caixa-conversao 1.0.0,27,ok
103730,per103730_1914_00077,7,0,0,,,triagem/nome-caixa-conversao 1.0.0,27,ok
103730,per103730_1914_00077,8,0,0,,,triagem/nome-caixa-conversao 1.0.0,27,ok
103730,per103730_1914_00077,9,0,0,,,triagem/nome-caixa-conversao 1.0.0,27,ok
103730,per103730_1914_00077,10,0,0,,,triagem/nome-caixa-conversao 1.0.0,27,ok
103730,per103730_1914_00078,1,0,0,,,triagem/nome-caixa-conversao 1.0.0,27,ok
103730,per103730_1914_00078,2,0,0,,,triagem/nome-caixa-conversao 1.0.0,27,ok
103730,per103730_1914_00078,3,0,0,,,triagem/nome-caixa-conversao 1.0.0,27,ok
103730,per103730_1914_00078,4,0,0,,,triagem/nome-caixa-conversao 1.0.0,27,ok
103730,per103730_1914_00078,5,0,0,,,triagem/nome-caixa-conversao 1.0.0,27,ok
103730,per103730_1914_00078,6,0,0,,,triagem/nome-caixa-conversao 1.0.0,27,ok
103730,per103730_1914_00078,7,0,0,,,triagem/nome-caixa-conversao 1.0.0,27,ok
103730,per103730_1914_00078,8,0,0,,,triagem/nome-caixa-conversao 1.0.0,27,ok
103730,per103730_1914_00078,9,0,0,,,triagem/nome-caixa-conversao 1.0.0,27,ok
103730,per103730_1914_00078,10,0,0,,,triagem/nome-caixa-conversao 1.0.0,27,ok
103730,per103730_1914_00078,11,0,0,,,triagem/nome-caixa-conversao 1.0.0,27,ok
103730,per103730_1914_00078,12,0,0,,,triagem/nome-caixa-conversao 1.0.0,27,ok
103730,per103730_1914_00079,1,0,0,,,triagem/nome-caixa-conversao 1.0.0,27,ok
103730,per103730_1914_00079,2,0,0,,,triagem/nome-caixa-conversao 1.0.0,27,ok
103730,per103730_1914_00079,3,0,0,,,triagem/nome-caixa-conversao 1.0.0,27,ok
103730,per103730_1914_00079,4,0,0,,,triagem/nome-caixa-conversao 1.0.0,27,ok
103730,per103730_1914_00079,5,0,0,,,triagem/nome-caixa-conversao 1.0.0,27,ok
103730,per103730_1914_00079,6,0,0,,,triagem/nome-caixa-conversao 1.0.0,27,ok
103730,per103730_1914_00079,7,1,1,caixa de conver,21893,triagem/nome-caixa-conversao 1.0.0,27,ok
103730,per103730_1914_00079,8,0,0,,,triagem/nome-caixa-conversao 1.0.0,27,ok
103730,per103730_1914_00079,9,0,0,,,triagem/nome-caixa-conversao 1.0.0,27,ok
103730,per103730_1914_00079,10,0,0,,,triagem/nome-caixa-conversao 1.0.0,27,ok
103730,per103730_1914_00080,1,0,0,,,triagem/nome-caixa-conversao 1.0.0,27,ok
103730,per103730_1914_00080,2,0,0,,,triagem/nome-caixa-conversao 1.0.0,27,ok
103730,per103730_1914_00080,3,0,0,,,triagem/nome-caixa-conversao 1.0.0,27,ok
103730,per103730_1914_00080,4,0,0,,,triagem/nome-caixa-conversao 1.0.0,27,ok
103730,per103730_1914_00080,5,1,1,caixa de conver,9549,triagem/nome-caixa-conversao 1.0.0,27,ok
103730,per103730_1914_00080,6,0,0,,,triagem/nome-caixa-conversao 1.0.0,27,ok
103730,per103730_1914_00080,7,0,0,,,triagem/nome-caixa-conversao 1.0.0,27,ok
103730,per103730_1914_00080,8,0,0,,,triagem/nome-caixa-conversao 1.0.0,27,ok
103730,per103730_1914_00080,9,0,0,,,triagem/nome-caixa-conversao 1.0.0,27,ok
103730,per103730_1914_00080,10,0,0,,,triagem/nome-caixa-conversao 1.0.0,27,ok
103730,per103730_1914_00080,11,0,0,,,triagem/nome-caixa-conversao 1.0.0,27,ok
103730,per103730_1914_00080,12,0,0,,,triagem/nome-caixa-conversao 1.0.0,27,ok
103730,per103730_1914_00080,13,0,0,,,triagem/nome-caixa-conversao 1.0.0,27,ok
103730,per103730_1914_00080,14,0,0,,,triagem/nome-caixa-conversao 1.0.0,27,ok
103730,per103730_1914_00080,15,0,0,,,triagem/nome-caixa-conversao 1.0.0,27,ok
103730,per103730_1914_00080,16,0,0,,,triagem/nome-caixa-conversao 1.0.0,27,ok
103730,per103730_1914_00082,1,0,0,,,triagem/nome-caixa-conversao 1.0.0,27,ok
103730,per103730_1914_00082,2,0,0,,,triagem/nome-caixa-conversao 1.0.0,27,ok
103730,per103730_1914_00082,3,0,0,,,triagem/nome-caixa-conversao 1.0.0,27,ok
103730,per103730_1914_00082,4,0,0,,,triagem/nome-caixa-conversao 1.0.0,27,ok
103730,per103730_1914_00082,5,0,0,,,triagem/nome-caixa-conversao 1.0.0,27,ok
103730,per103730_1914_00082,6,0,0,,,triagem/nome-caixa-conversao 1.0.0,27,ok
103730,per103730_1914_00082,7,0,0,,,triagem/nome-caixa-conversao 1.0.0,27,ok
103730,per103730_1914_00082,8,0,0,,,triagem/nome-caixa-conversao 1.0.0,27,ok
103730,per103730_1914_00082,9,0,0,,,triagem/nome-caixa-conversao 1.0.0,27,ok
103730,per103730_1914_00082,10,0,0,,,triagem/nome-caixa-conversao 1.0.0,27,ok
103730,per103730_1914_00083,1,0,0,,,triagem/nome-caixa-conversao 1.0.0,27,ok
103730,per103730_1914_00083,2,0,0,,,triagem/nome-caixa-conversao 1.0.0,27,ok
103730,per103730_1914_00083,3,1,2,caixa de conver,17346,triagem/nome-caixa-conversao 1.0.0,27,ok
103730,per103730_1914_00083,4,0,0,,,triagem/nome-caixa-conversao 1.0.0,27,ok
103730,per103730_1914_00083,5,0,0,,,triagem/nome-caixa-conversao 1.0.0,27,ok
103730,per103730_1914_00083,6,0,0,,,triagem/nome-caixa-conversao 1.0.0,27,ok
103730,per103730_1914_00083,7,0,0,,,triagem/nome-caixa-conversao 1.0.0,27,ok
103730,per103730_1914_00083,8,0,0,,,triagem/nome-caixa-conversao 1.0.0,27,ok
103730,per103730_1914_00083,9,0,0,,,triagem/nome-caixa-conversao 1.0.0,27,ok
103730,per103730_1914_00083,10,0,0,,,triagem/nome-caixa-conversao 1.0.0,27,ok
103730,per103730_1914_00084,1,0,0,,,triagem/nome-caixa-conversao 1.0.0,27,ok
103730,per103730_1914_00084,2,0,0,,,triagem/nome-caixa-conversao 1.0.0,27,ok
103730,per103730_1914_00084,3,0,0,,,triagem/nome-caixa-conversao 1.0.0,27,ok
103730,per103730_1914_00084,4,0,0,,,triagem/nome-caixa-conversao 1.0.0,27,ok
103730,per103730_1914_00084,5,0,0,,,triagem/nome-caixa-conversao 1.0.0,27,ok
103730,per103730_1914_00084,6,0,0,,,triagem/nome-caixa-conversao 1.0.0,27,ok
103730,per103730_1914_00084,7,0,0,,,triagem/nome-caixa-conversao 1.0.0,27,ok
103730,per103730_1914_00084,8,0,0,,,triagem/nome-caixa-conversao 1.0.0,27,ok
103730,per103730_1914_00084,9,0,0,,,triagem/nome-caixa-conversao 1.0.0,27,ok
103730,per103730_1914_00084,10,0,0,,,triagem/nome-caixa-conversao 1.0.0,27,ok
103730,per103730_1914_00085,1,0,0,,,triagem/nome-caixa-conversao 1.0.0,27,ok
103730,per103730_1914_00085,2,0,0,,,triagem/nome-caixa-conversao 1.0.0,27,ok
103730,per103730_1914_00085,3,0,0,,,triagem/nome-caixa-conversao 1.0.0,27,ok
103730,per103730_1914_00085,4,0,0,,,triagem/nome-caixa-conversao 1.0.0,27,ok
103730,per103730_1914_00085,5,0,0,,,triagem/nome-caixa-conversao 1.0.0,27,ok
103730,per103730_1914_00085,6,0,0,,,triagem/nome-caixa-conversao 1.0.0,27,ok
103730,per103730_1914_00085,7,0,0,,,triagem/nome-caixa-conversao 1.0.0,27,ok
103730,per103730_1914_00085,8,0,0,,,triagem/nome-caixa-conversao 1.0.0,27,ok
103730,per103730_1914_00085,9,0,0,,,triagem/nome-caixa-conversao 1.0.0,27,ok
103730,per103730_1914_00085,10,0,0,,,triagem/nome-caixa-conversao 1.0.0,27,ok
103730,per103730_1914_00086,1,0,0,,,triagem/nome-caixa-conversao 1.0.0,27,ok
103730,per103730_1914_00086,2,0,0,,,triagem/nome-caixa-conversao 1.0.0,27,ok
103730,per103730_1914_00086,3,0,0,,,triagem/nome-caixa-conversao 1.0.0,27,ok
103730,per103730_1914_00086,4,0,0,,,triagem/nome-caixa-conversao 1.0.0,27,ok
103730,per103730_1914_00086,5,0,0,,,triagem/nome-caixa-conversao 1.0.0,27,ok
103730,per103730_1914_00086,6,0,0,,,triagem/nome-caixa-conversao 1.0.0,27,ok
103730,per103730_1914_00086,7,0,0,,,triagem/nome-caixa-conversao 1.0.0,27,ok
103730,per103730_1914_00086,8,0,0,,,triagem/nome-caixa-conversao 1.0.0,27,ok
103730,per103730_1914_00086,9,0,0,,,triagem/nome-caixa-conversao 1.0.0,27,ok
103730,per103730_1914_00086,10,0,0,,,triagem/nome-caixa-conversao 1.0.0,27,ok
103730,per103730_1914_00087,1,0,0,,,triagem/nome-caixa-conversao 1.0.0,27,ok
103730,per103730_1914_00087,2,0,0,,,triagem/nome-caixa-conversao 1.0.0,27,ok
103730,per103730_1914_00087,3,0,0,,,triagem/nome-caixa-conversao 1.0.0,27,ok
103730,per103730_1914_00087,4,0,0,,,triagem/nome-caixa-conversao 1.0.0,27,ok
103730,per103730_1914_00087,5,0,0,,,triagem/nome-caixa-conversao 1.0.0,27,ok
103730,per103730_1914_00087,6,0,0,,,triagem/nome-caixa-conversao 1.0.0,27,ok
103730,per103730_1914_00087,7,0,0,,,triagem/nome-caixa-conversao 1.0.0,27,ok
103730,per103730_1914_00087,8,0,0,,,triagem/nome-caixa-conversao 1.0.0,27,ok
103730,per103730_1914_00087,9,0,0,,,triagem/nome-caixa-conversao 1.0.0,27,ok
103730,per103730_1914_00087,10,0,0,,,triagem/nome-caixa-conversao 1.0.0,27,ok
103730,per103730_1914_00087,11,0,0,,,triagem/nome-caixa-conversao 1.0.0,27,ok
103730,per103730_1914_00087,12,0,0,,,triagem/nome-caixa-conversao 1.0.0,27,ok
103730,per103730_1914_00087,13,0,0,,,triagem/nome-caixa-conversao 1.0.0,27,ok
103730,per103730_1914_00087,14,0,0,,,triagem/nome-caixa-conversao 1.0.0,27,ok
103730,per103730_1914_00087,15,0,0,,,triagem/nome-caixa-conversao 1.0.0,27,ok
103730,per103730_1914_00087,16,0,0,,,triagem/nome-caixa-conversao 1.0.0,27,ok
103730,per103730_1914_00088,1,0,0,,,triagem/nome-caixa-conversao 1.0.0,27,ok
103730,per103730_1914_00088,2,0,0,,,triagem/nome-caixa-conversao 1.0.0,27,ok
103730,per103730_1914_00088,3,0,0,,,triagem/nome-caixa-conversao 1.0.0,27,ok
103730,per103730_1914_00088,4,0,0,,,triagem/nome-caixa-conversao 1.0.0,27,ok
103730,per103730_1914_00088,5,0,0,,,triagem/nome-caixa-conversao 1.0.0,27,ok
103730,per103730_1914_00088,6,0,0,,,triagem/nome-caixa-conversao 1.0.0,27,ok
103730,per103730_1914_00088,7,0,0,,,triagem/nome-caixa-conversao 1.0.0,27,ok
103730,per103730_1914_00088,8,0,0,,,triagem/nome-caixa-conversao 1.0.0,27,ok
103730,per103730_1914_00088,9,0,0,,,triagem/nome-caixa-conversao 1.0.0,27,ok
103730,per103730_1914_00088,10,0,0,,,triagem/nome-caixa-conversao 1.0.0,27,ok
103730,per103730_1914_00089,1,0,0,,,triagem/nome-caixa-conversao 1.0.0,27,ok
103730,per103730_1914_00089,2,0,0,,,triagem/nome-caixa-conversao 1.0.0,27,ok
103730,per103730_1914_00089,3,1,1,caixa de conver,10930,triagem/nome-caixa-conversao 1.0.0,27,ok
103730,per103730_1914_00089,4,0,0,,,triagem/nome-caixa-conversao 1.0.0,27,ok
103730,per103730_1914_00089,5,0,0,,,triagem/nome-caixa-conversao 1.0.0,27,ok
103730,per103730_1914_00089,6,0,0,,,triagem/nome-caixa-conversao 1.0.0,27,ok
103730,per103730_1914_00089,7,0,0,,,triagem/nome-caixa-conversao 1.0.0,27,ok
103730,per103730_1914_00089,8,0,0,,,triagem/nome-caixa-conversao 1.0.0,27,ok
103730,per103730_1914_00089,9,0,0,,,triagem/nome-caixa-conversao 1.0.0,27,ok
103730,per103730_1914_00089,10,0,0,,,triagem/nome-caixa-conversao 1.0.0,27,ok
103730,per103730_1914_00090,1,0,0,,,triagem/nome-caixa-conversao 1.0.0,27,ok
103730,per103730_1914_00090,2,0,0,,,triagem/nome-caixa-conversao 1.0.0,27,ok
103730,per103730_1914_00090,3,0,0,,,triagem/nome-caixa-conversao 1.0.0,27,ok
103730,per103730_1914_00090,4,0,0,,,triagem/nome-caixa-conversao 1.0.0,27,ok
103730,per103730_1914_00090,5,0,0,,,triagem/nome-caixa-conversao 1.0.0,27,ok
103730,per103730_1914_00090,6,1,1,caixa deconver,13674,triagem/nome-caixa-conversao 1.0.0,27,ok
103730,per103730_1914_00090,7,0,0,,,triagem/nome-caixa-conversao 1.0.0,27,ok
103730,per103730_1914_00090,8,0,0,,,triagem/nome-caixa-conversao 1.0.0,27,ok
103730,per103730_1914_00090,9,0,0,,,triagem/nome-caixa-conversao 1.0.0,27,ok
103730,per103730_1914_00090,10,0,0,,,triagem/nome-caixa-conversao 1.0.0,27,ok
103730,per103730_1914_00091,1,0,0,,,triagem/nome-caixa-conversao 1.0.0,27,ok
103730,per103730_1914_00091,2,0,0,,,triagem/nome-caixa-conversao 1.0.0,27,ok
103730,per103730_1914_00091,3,0,0,,,triagem/nome-caixa-conversao 1.0.0,27,ok
103730,per103730_1914_00091,4,0,0,,,triagem/nome-caixa-conversao 1.0.0,27,ok
103730,per103730_1914_00091,5,0,0,,,triagem/nome-caixa-conversao 1.0.0,27,ok
103730,per103730_1914_00091,6,0,0,,,triagem/nome-caixa-conversao 1.0.0,27,ok
103730,per103730_1914_00091,7,0,0,,,triagem/nome-caixa-conversao 1.0.0,27,ok
103730,per103730_1914_00091,8,0,0,,,triagem/nome-caixa-conversao 1.0.0,27,ok
103730,per103730_1914_00091,9,0,0,,,triagem/nome-caixa-conversao 1.0.0,27,ok
103730,per103730_1914_00091,10,0,0,,,triagem/nome-caixa-conversao 1.0.0,27,ok
103730,per103730_1914_00092,1,0,0,,,triagem/nome-caixa-conversao 1.0.0,27,ok
103730,per103730_1914_00092,2,0,0,,,triagem/nome-caixa-conversao 1.0.0,27,ok
103730,per103730_1914_00092,3,0,0,,,triagem/nome-caixa-conversao 1.0.0,27,ok
103730,per103730_1914_00092,4,0,0,,,triagem/nome-caixa-conversao 1.0.0,27,ok
103730,per103730_1914_00092,5,0,0,,,triagem/nome-caixa-conversao 1.0.0,27,ok
103730,per103730_1914_00092,6,0,0,,,triagem/nome-caixa-conversao 1.0.0,27,ok
103730,per103730_1914_00092,7,0,0,,,triagem/nome-caixa-conversao 1.0.0,27,ok
103730,per103730_1914_00092,8,0,0,,,triagem/nome-caixa-conversao 1.0.0,27,ok
103730,per103730_1914_00092,9,0,0,,,triagem/nome-caixa-conversao 1.0.0,27,ok
103730,per103730_1914_00092,10,0,0,,,triagem/nome-caixa-conversao 1.0.0,27,ok
103730,per103730_1914_00093,1,0,0,,,triagem/nome-caixa-conversao 1.0.0,27,ok
103730,per103730_1914_00093,2,0,0,,,triagem/nome-caixa-conversao 1.0.0,27,ok
103730,per103730_1914_00093,3,0,0,,,triagem/nome-caixa-conversao 1.0.0,27,ok
103730,per103730_1914_00093,4,0,0,,,triagem/nome-caixa-conversao 1.0.0,27,ok
103730,per103730_1914_00093,5,0,0,,,triagem/nome-caixa-conversao 1.0.0,27,ok
103730,per103730_1914_00093,6,0,0,,,triagem/nome-caixa-conversao 1.0.0,27,ok
103730,per103730_1914_00093,7,0,0,,,triagem/nome-caixa-conversao 1.0.0,27,ok
103730,per103730_1914_00093,8,0,0,,,triagem/nome-caixa-conversao 1.0.0,27,ok
103730,per103730_1914_00093,9,0,0,,,triagem/nome-caixa-conversao 1.0.0,27,ok
103730,per103730_1914_00093,10,0,0,,,triagem/nome-caixa-conversao 1.0.0,27,ok
103730,per103730_1914_00094,1,0,0,,,triagem/nome-caixa-conversao 1.0.0,27,ok
103730,per103730_1914_00094,2,0,0,,,triagem/nome-caixa-conversao 1.0.0,27,ok
103730,per103730_1914_00094,3,0,0,,,triagem/nome-caixa-conversao 1.0.0,27,ok
103730,per103730_1914_00094,4,0,0,,,triagem/nome-caixa-conversao 1.0.0,27,ok
103730,per103730_1914_00094,5,0,0,,,triagem/nome-caixa-conversao 1.0.0,27,ok
103730,per103730_1914_00094,6,0,0,,,triagem/nome-caixa-conversao 1.0.0,27,ok
103730,per103730_1914_00094,7,0,0,,,triagem/nome-caixa-conversao 1.0.0,27,ok
103730,per103730_1914_00094,8,0,0,,,triagem/nome-caixa-conversao 1.0.0,27,ok
103730,per103730_1914_00094,9,0,0,,,triagem/nome-caixa-conversao 1.0.0,27,ok
103730,per103730_1914_00094,10,0,0,,,triagem/nome-caixa-conversao 1.0.0,27,ok
103730,per103730_1914_00095,1,0,0,,,triagem/nome-caixa-conversao 1.0.0,27,ok
103730,per103730_1914_00095,2,0,0,,,triagem/nome-caixa-conversao 1.0.0,27,ok
103730,per103730_1914_00095,3,0,0,,,triagem/nome-caixa-conversao 1.0.0,27,ok
103730,per103730_1914_00095,4,0,0,,,triagem/nome-caixa-conversao 1.0.0,27,ok
103730,per103730_1914_00095,5,0,0,,,triagem/nome-caixa-conversao 1.0.0,27,ok
103730,per103730_1914_00095,6,0,0,,,triagem/nome-caixa-conversao 1.0.0,27,ok
103730,per103730_1914_00095,7,0,0,,,triagem/nome-caixa-conversao 1.0.0,27,ok
103730,per103730_1914_00095,8,0,0,,,triagem/nome-caixa-conversao 1.0.0,27,ok
103730,per103730_1914_00096,1,0,0,,,triagem/nome-caixa-conversao 1.0.0,27,ok
103730,per103730_1914_00096,2,0,0,,,triagem/nome-caixa-conversao 1.0.0,27,ok
103730,per103730_1914_00096,3,0,0,,,triagem/nome-caixa-conversao 1.0.0,27,ok
103730,per103730_1914_00096,4,0,0,,,triagem/nome-caixa-conversao 1.0.0,27,ok
103730,per103730_1914_00096,5,0,0,,,triagem/nome-caixa-conversao 1.0.0,27,ok
103730,per103730_1914_00096,6,0,0,,,triagem/nome-caixa-conversao 1.0.0,27,ok
103730,per103730_1914_00096,7,0,0,,,triagem/nome-caixa-conversao 1.0.0,27,ok
103730,per103730_1914_00096,8,0,0,,,triagem/nome-caixa-conversao 1.0.0,27,ok
103730,per103730_1914_00096,9,0,0,,,triagem/nome-caixa-conversao 1.0.0,27,ok
103730,per103730_1914_00096,10,0,0,,,triagem/nome-caixa-conversao 1.0.0,27,ok
103730,per103730_1914_00098,1,0,0,,,triagem/nome-caixa-conversao 1.0.0,27,ok
103730,per103730_1914_00098,2,0,0,,,triagem/nome-caixa-conversao 1.0.0,27,ok
103730,per103730_1914_00098,3,0,0,,,triagem/nome-caixa-conversao 1.0.0,27,ok
103730,per103730_1914_00098,4,0,0,,,triagem/nome-caixa-conversao 1.0.0,27,ok
103730,per103730_1914_00098,5,0,0,,,triagem/nome-caixa-conversao 1.0.0,27,ok
103730,per103730_1914_00098,6,0,0,,,triagem/nome-caixa-conversao 1.0.0,27,ok
103730,per103730_1914_00098,7,0,0,,,triagem/nome-caixa-conversao 1.0.0,27,ok
103730,per103730_1914_00098,8,0,0,,,triagem/nome-caixa-conversao 1.0.0,27,ok
103730,per103730_1914_00098,9,0,0,,,triagem/nome-caixa-conversao 1.0.0,27,ok
103730,per103730_1914_00098,10,0,0,,,triagem/nome-caixa-conversao 1.0.0,27,ok
103730,per103730_1914_00099,1,0,0,,,triagem/nome-caixa-conversao 1.0.0,27,ok
103730,per103730_1914_00099,2,0,0,,,triagem/nome-caixa-conversao 1.0.0,27,ok
103730,per103730_1914_00099,3,0,0,,,triagem/nome-caixa-conversao 1.0.0,27,ok
103730,per103730_1914_00099,4,0,0,,,triagem/nome-caixa-conversao 1.0.0,27,ok
103730,per103730_1914_00099,5,0,0,,,triagem/nome-caixa-conversao 1.0.0,27,ok
103730,per103730_1914_00099,6,0,0,,,triagem/nome-caixa-conversao 1.0.0,27,ok
103730,per103730_1914_00099,7,0,0,,,triagem/nome-caixa-conversao 1.0.0,27,ok
103730,per103730_1914_00099,8,0,0,,,triagem/nome-caixa-conversao 1.0.0,27,ok
103730,per103730_1914_00099,9,0,0,,,triagem/nome-caixa-conversao 1.0.0,27,ok
103730,per103730_1914_00099,10,0,0,,,triagem/nome-caixa-conversao 1.0.0,27,ok
103730,per103730_1914_00100,1,0,0,,,triagem/nome-caixa-conversao 1.0.0,27,ok
103730,per103730_1914_00100,2,0,0,,,triagem/nome-caixa-conversao 1.0.0,27,ok
103730,per103730_1914_00100,3,0,0,,,triagem/nome-caixa-conversao 1.0.0,27,ok
103730,per103730_1914_00100,4,0,0,,,triagem/nome-caixa-conversao 1.0.0,27,ok
103730,per103730_1914_00100,5,0,0,,,triagem/nome-caixa-conversao 1.0.0,27,ok
103730,per103730_1914_00100,6,0,0,,,triagem/nome-caixa-conversao 1.0.0,27,ok
103730,per103730_1914_00100,7,0,0,,,triagem/nome-caixa-conversao 1.0.0,27,ok
103730,per103730_1914_00100,8,0,0,,,triagem/nome-caixa-conversao 1.0.0,27,ok
103730,per103730_1914_00102,1,0,0,,,triagem/nome-caixa-conversao 1.0.0,27,ok
103730,per103730_1914_00102,2,0,0,,,triagem/nome-caixa-conversao 1.0.0,27,ok
103730,per103730_1914_00102,3,0,0,,,triagem/nome-caixa-conversao 1.0.0,27,ok
103730,per103730_1914_00102,4,0,0,,,triagem/nome-caixa-conversao 1.0.0,27,ok
103730,per103730_1914_00102,5,0,0,,,triagem/nome-caixa-conversao 1.0.0,27,ok
103730,per103730_1914_00102,6,0,0,,,triagem/nome-caixa-conversao 1.0.0,27,ok
103730,per103730_1914_00102,7,0,0,,,triagem/nome-caixa-conversao 1.0.0,27,ok
103730,per103730_1914_00102,8,0,0,,,triagem/nome-caixa-conversao 1.0.0,27,ok
103730,per103730_1914_00102,9,0,0,,,triagem/nome-caixa-conversao 1.0.0,27,ok
103730,per103730_1914_00102,10,0,0,,,triagem/nome-caixa-conversao 1.0.0,27,ok
103730,per103730_1914_00103,1,0,0,,,triagem/nome-caixa-conversao 1.0.0,27,ok
103730,per103730_1914_00103,2,0,0,,,triagem/nome-caixa-conversao 1.0.0,27,ok
103730,per103730_1914_00103,3,0,0,,,triagem/nome-caixa-conversao 1.0.0,27,ok
103730,per103730_1914_00103,4,0,0,,,triagem/nome-caixa-conversao 1.0.0,27,ok
103730,per103730_1914_00103,5,0,0,,,triagem/nome-caixa-conversao 1.0.0,27,ok
103730,per103730_1914_00103,6,1,1,caixa de conver,21168,triagem/nome-caixa-conversao 1.0.0,27,ok
103730,per103730_1914_00103,7,0,0,,,triagem/nome-caixa-conversao 1.0.0,27,ok
103730,per103730_1914_00103,8,0,0,,,triagem/nome-caixa-conversao 1.0.0,27,ok
103730,per103730_1914_00104,1,0,0,,,triagem/nome-caixa-conversao 1.0.0,27,ok
103730,per103730_1914_00104,2,0,0,,,triagem/nome-caixa-conversao 1.0.0,27,ok
103730,per103730_1914_00104,3,0,0,,,triagem/nome-caixa-conversao 1.0.0,27,ok
103730,per103730_1914_00104,4,0,0,,,triagem/nome-caixa-conversao 1.0.0,27,ok
103730,per103730_1914_00104,5,0,0,,,triagem/nome-caixa-conversao 1.0.0,27,ok
103730,per103730_1914_00104,6,0,0,,,triagem/nome-caixa-conversao 1.0.0,27,ok
103730,per103730_1914_00104,7,0,0,,,triagem/nome-caixa-conversao 1.0.0,27,ok
103730,per103730_1914_00104,8,0,0,,,triagem/nome-caixa-conversao 1.0.0,27,ok
103730,per103730_1914_00104,9,0,0,,,triagem/nome-caixa-conversao 1.0.0,27,ok
103730,per103730_1914_00104,10,0,0,,,triagem/nome-caixa-conversao 1.0.0,27,ok
103730,per103730_1914_00105,1,0,0,,,triagem/nome-caixa-conversao 1.0.0,27,ok
103730,per103730_1914_00105,2,0,0,,,triagem/nome-caixa-conversao 1.0.0,27,ok
103730,per103730_1914_00105,3,0,0,,,triagem/nome-caixa-conversao 1.0.0,27,ok
103730,per103730_1914_00105,4,0,0,,,triagem/nome-caixa-conversao 1.0.0,27,ok
103730,per103730_1914_00105,5,0,0,,,triagem/nome-caixa-conversao 1.0.0,27,ok
103730,per103730_1914_00105,6,0,0,,,triagem/nome-caixa-conversao 1.0.0,27,ok
103730,per103730_1914_00105,7,0,0,,,triagem/nome-caixa-conversao 1.0.0,27,ok
103730,per103730_1914_00105,8,0,0,,,triagem/nome-caixa-conversao 1.0.0,27,ok
103730,per103730_1914_00105,9,0,0,,,triagem/nome-caixa-conversao 1.0.0,27,ok
103730,per103730_1914_00105,10,0,0,,,triagem/nome-caixa-conversao 1.0.0,27,ok
103730,per103730_1914_00106,1,0,0,,,triagem/nome-caixa-conversao 1.0.0,27,ok
103730,per103730_1914_00106,2,0,0,,,triagem/nome-caixa-conversao 1.0.0,27,ok
103730,per103730_1914_00106,3,0,0,,,triagem/nome-caixa-conversao 1.0.0,27,ok
103730,per103730_1914_00106,4,0,0,,,triagem/nome-caixa-conversao 1.0.0,27,ok
103730,per103730_1914_00106,5,0,0,,,triagem/nome-caixa-conversao 1.0.0,27,ok
103730,per103730_1914_00106,6,0,0,,,triagem/nome-caixa-conversao 1.0.0,27,ok
103730,per103730_1914_00106,7,0,0,,,triagem/nome-caixa-conversao 1.0.0,27,ok
103730,per103730_1914_00106,8,0,0,,,triagem/nome-caixa-conversao 1.0.0,27,ok
103730,per103730_1914_00107,1,0,0,,,triagem/nome-caixa-conversao 1.0.0,27,ok
103730,per103730_1914_00107,2,0,0,,,triagem/nome-caixa-conversao 1.0.0,27,ok
103730,per103730_1914_00107,3,0,0,,,triagem/nome-caixa-conversao 1.0.0,27,ok
103730,per103730_1914_00107,4,0,0,,,triagem/nome-caixa-conversao 1.0.0,27,ok
103730,per103730_1914_00107,5,0,0,,,triagem/nome-caixa-conversao 1.0.0,27,ok
103730,per103730_1914_00107,6,0,0,,,triagem/nome-caixa-conversao 1.0.0,27,ok
103730,per103730_1914_00107,7,0,0,,,triagem/nome-caixa-conversao 1.0.0,27,ok
103730,per103730_1914_00107,8,0,0,,,triagem/nome-caixa-conversao 1.0.0,27,ok
103730,per103730_1914_00109,1,0,0,,,triagem/nome-caixa-conversao 1.0.0,27,ok
103730,per103730_1914_00109,2,0,0,,,triagem/nome-caixa-conversao 1.0.0,27,ok
103730,per103730_1914_00109,3,0,0,,,triagem/nome-caixa-conversao 1.0.0,27,ok
103730,per103730_1914_00109,4,0,0,,,triagem/nome-caixa-conversao 1.0.0,27,ok
103730,per103730_1914_00109,5,0,0,,,triagem/nome-caixa-conversao 1.0.0,27,ok
103730,per103730_1914_00109,6,0,0,,,triagem/nome-caixa-conversao 1.0.0,27,ok
103730,per103730_1914_00109,7,0,0,,,triagem/nome-caixa-conversao 1.0.0,27,ok
103730,per103730_1914_00109,8,0,0,,,triagem/nome-caixa-conversao 1.0.0,27,ok
103730,per103730_1914_00110,1,0,0,,,triagem/nome-caixa-conversao 1.0.0,27,ok
103730,per103730_1914_00110,2,0,0,,,triagem/nome-caixa-conversao 1.0.0,27,ok
103730,per103730_1914_00110,3,0,0,,,triagem/nome-caixa-conversao 1.0.0,27,ok
103730,per103730_1914_00110,4,0,0,,,triagem/nome-caixa-conversao 1.0.0,27,ok
103730,per103730_1914_00110,5,1,1,caixa de conver,3171,triagem/nome-caixa-conversao 1.0.0,27,ok
103730,per103730_1914_00110,6,0,0,,,triagem/nome-caixa-conversao 1.0.0,27,ok
103730,per103730_1914_00110,7,0,0,,,triagem/nome-caixa-conversao 1.0.0,27,ok
103730,per103730_1914_00110,8,0,0,,,triagem/nome-caixa-conversao 1.0.0,27,ok
103730,per103730_1914_00111,1,0,0,,,triagem/nome-caixa-conversao 1.0.0,27,ok
103730,per103730_1914_00111,2,0,0,,,triagem/nome-caixa-conversao 1.0.0,27,ok
103730,per103730_1914_00111,3,0,0,,,triagem/nome-caixa-conversao 1.0.0,27,ok
103730,per103730_1914_00111,4,0,0,,,triagem/nome-caixa-conversao 1.0.0,27,ok
103730,per103730_1914_00111,5,0,0,,,triagem/nome-caixa-conversao 1.0.0,27,ok
103730,per103730_1914_00111,6,0,0,,,triagem/nome-caixa-conversao 1.0.0,27,ok
103730,per103730_1914_00111,7,0,0,,,triagem/nome-caixa-conversao 1.0.0,27,ok
103730,per103730_1914_00111,8,0,0,,,triagem/nome-caixa-conversao 1.0.0,27,ok
103730,per103730_1914_00112,1,0,0,,,triagem/nome-caixa-conversao 1.0.0,27,ok
103730,per103730_1914_00112,2,0,0,,,triagem/nome-caixa-conversao 1.0.0,27,ok
103730,per103730_1914_00112,3,0,0,,,triagem/nome-caixa-conversao 1.0.0,27,ok
103730,per103730_1914_00112,4,0,0,,,triagem/nome-caixa-conversao 1.0.0,27,ok
103730,per103730_1914_00112,5,0,0,,,triagem/nome-caixa-conversao 1.0.0,27,ok
103730,per103730_1914_00112,6,0,0,,,triagem/nome-caixa-conversao 1.0.0,27,ok
103730,per103730_1914_00112,7,0,0,,,triagem/nome-caixa-conversao 1.0.0,27,ok
103730,per103730_1914_00112,8,0,0,,,triagem/nome-caixa-conversao 1.0.0,27,ok
103730,per103730_1914_00112,9,0,0,,,triagem/nome-caixa-conversao 1.0.0,27,ok
103730,per103730_1914_00112,10,0,0,,,triagem/nome-caixa-conversao 1.0.0,27,ok
103730,per103730_1914_00113,1,0,0,,,triagem/nome-caixa-conversao 1.0.0,27,ok
103730,per103730_1914_00113,2,0,0,,,triagem/nome-caixa-conversao 1.0.0,27,ok
103730,per103730_1914_00113,3,0,0,,,triagem/nome-caixa-conversao 1.0.0,27,ok
103730,per103730_1914_00113,4,0,0,,,triagem/nome-caixa-conversao 1.0.0,27,ok
103730,per103730_1914_00113,5,0,0,,,triagem/nome-caixa-conversao 1.0.0,27,ok
103730,per103730_1914_00113,6,0,0,,,triagem/nome-caixa-conversao 1.0.0,27,ok
103730,per103730_1914_00113,7,0,0,,,triagem/nome-caixa-conversao 1.0.0,27,ok
103730,per103730_1914_00113,8,0,0,,,triagem/nome-caixa-conversao 1.0.0,27,ok
103730,per103730_1914_00114,1,0,0,,,triagem/nome-caixa-conversao 1.0.0,27,ok
103730,per103730_1914_00114,2,0,0,,,triagem/nome-caixa-conversao 1.0.0,27,ok
103730,per103730_1914_00114,3,0,0,,,triagem/nome-caixa-conversao 1.0.0,27,ok
103730,per103730_1914_00114,4,0,0,,,triagem/nome-caixa-conversao 1.0.0,27,ok
103730,per103730_1914_00114,5,0,0,,,triagem/nome-caixa-conversao 1.0.0,27,ok
103730,per103730_1914_00114,6,0,0,,,triagem/nome-caixa-conversao 1.0.0,27,ok
103730,per103730_1914_00114,7,0,0,,,triagem/nome-caixa-conversao 1.0.0,27,ok
103730,per103730_1914_00114,8,0,0,,,triagem/nome-caixa-conversao 1.0.0,27,ok
103730,per103730_1914_00115,1,0,0,,,triagem/nome-caixa-conversao 1.0.0,27,ok
103730,per103730_1914_00115,2,0,0,,,triagem/nome-caixa-conversao 1.0.0,27,ok
103730,per103730_1914_00115,3,0,0,,,triagem/nome-caixa-conversao 1.0.0,27,ok
103730,per103730_1914_00115,4,0,0,,,triagem/nome-caixa-conversao 1.0.0,27,ok
103730,per103730_1914_00115,5,0,0,,,triagem/nome-caixa-conversao 1.0.0,27,ok
103730,per103730_1914_00115,6,0,0,,,triagem/nome-caixa-conversao 1.0.0,27,ok
103730,per103730_1914_00115,7,0,0,,,triagem/nome-caixa-conversao 1.0.0,27,ok
103730,per103730_1914_00115,8,0,0,,,triagem/nome-caixa-conversao 1.0.0,27,ok
103730,per103730_1914_00115,9,0,0,,,triagem/nome-caixa-conversao 1.0.0,27,ok
103730,per103730_1914_00115,10,0,0,,,triagem/nome-caixa-conversao 1.0.0,27,ok
103730,per103730_1914_00115,11,0,0,,,triagem/nome-caixa-conversao 1.0.0,27,ok
103730,per103730_1914_00115,12,0,0,,,triagem/nome-caixa-conversao 1.0.0,27,ok
103730,per103730_1914_00115,13,0,0,,,triagem/nome-caixa-conversao 1.0.0,27,ok
103730,per103730_1914_00115,14,0,0,,,triagem/nome-caixa-conversao 1.0.0,27,ok
103730,per103730_1914_00116,1,0,0,,,triagem/nome-caixa-conversao 1.0.0,27,ok
103730,per103730_1914_00116,2,0,0,,,triagem/nome-caixa-conversao 1.0.0,27,ok
103730,per103730_1914_00116,3,0,0,,,triagem/nome-caixa-conversao 1.0.0,27,ok
103730,per103730_1914_00116,4,0,0,,,triagem/nome-caixa-conversao 1.0.0,27,ok
103730,per103730_1914_00116,5,0,0,,,triagem/nome-caixa-conversao 1.0.0,27,ok
103730,per103730_1914_00116,6,0,0,,,triagem/nome-caixa-conversao 1.0.0,27,ok
103730,per103730_1914_00116,7,0,0,,,triagem/nome-caixa-conversao 1.0.0,27,ok
103730,per103730_1914_00116,8,0,0,,,triagem/nome-caixa-conversao 1.0.0,27,ok
103730,per103730_1914_00116,9,0,0,,,triagem/nome-caixa-conversao 1.0.0,27,ok
103730,per103730_1914_00116,10,0,0,,,triagem/nome-caixa-conversao 1.0.0,27,ok
103730,per103730_1914_00117,1,0,0,,,triagem/nome-caixa-conversao 1.0.0,27,ok
103730,per103730_1914_00117,2,0,0,,,triagem/nome-caixa-conversao 1.0.0,27,ok
103730,per103730_1914_00117,3,0,0,,,triagem/nome-caixa-conversao 1.0.0,27,ok
103730,per103730_1914_00117,4,0,0,,,triagem/nome-caixa-conversao 1.0.0,27,ok
103730,per103730_1914_00117,5,0,0,,,triagem/nome-caixa-conversao 1.0.0,27,ok
103730,per103730_1914_00117,6,0,0,,,triagem/nome-caixa-conversao 1.0.0,27,ok
103730,per103730_1914_00117,7,0,0,,,triagem/nome-caixa-conversao 1.0.0,27,ok
103730,per103730_1914_00117,8,0,0,,,triagem/nome-caixa-conversao 1.0.0,27,ok
103730,per103730_1914_00117,9,0,0,,,triagem/nome-caixa-conversao 1.0.0,27,ok
103730,per103730_1914_00117,10,0,0,,,triagem/nome-caixa-conversao 1.0.0,27,ok
103730,per103730_1914_00118,1,0,0,,,triagem/nome-caixa-conversao 1.0.0,27,ok
103730,per103730_1914_00118,2,0,0,,,triagem/nome-caixa-conversao 1.0.0,27,ok
103730,per103730_1914_00118,3,0,0,,,triagem/nome-caixa-conversao 1.0.0,27,ok
103730,per103730_1914_00118,4,0,0,,,triagem/nome-caixa-conversao 1.0.0,27,ok
103730,per103730_1914_00118,5,0,0,,,triagem/nome-caixa-conversao 1.0.0,27,ok
103730,per103730_1914_00118,6,0,0,,,triagem/nome-caixa-conversao 1.0.0,27,ok
103730,per103730_1914_00118,7,0,0,,,triagem/nome-caixa-conversao 1.0.0,27,ok
103730,per103730_1914_00118,8,0,0,,,triagem/nome-caixa-conversao 1.0.0,27,ok
103730,per103730_1914_00118,9,0,0,,,triagem/nome-caixa-conversao 1.0.0,27,ok
103730,per103730_1914_00118,10,0,0,,,triagem/nome-caixa-conversao 1.0.0,27,ok
103730,per103730_1914_00119,1,1,1,caixa de conver,10569,triagem/nome-caixa-conversao 1.0.0,27,ok
103730,per103730_1914_00119,2,0,0,,,triagem/nome-caixa-conversao 1.0.0,27,ok
103730,per103730_1914_00119,3,0,0,,,triagem/nome-caixa-conversao 1.0.0,27,ok
103730,per103730_1914_00119,4,0,0,,,triagem/nome-caixa-conversao 1.0.0,27,ok
103730,per103730_1914_00119,5,0,0,,,triagem/nome-caixa-conversao 1.0.0,27,ok
103730,per103730_1914_00119,6,0,0,,,triagem/nome-caixa-conversao 1.0.0,27,ok
103730,per103730_1914_00119,7,0,0,,,triagem/nome-caixa-conversao 1.0.0,27,ok
103730,per103730_1914_00119,8,0,0,,,triagem/nome-caixa-conversao 1.0.0,27,ok
103730,per103730_1914_00119,9,0,0,,,triagem/nome-caixa-conversao 1.0.0,27,ok
103730,per103730_1914_00119,10,0,0,,,triagem/nome-caixa-conversao 1.0.0,27,ok
103730,per103730_1914_00120,1,0,0,,,triagem/nome-caixa-conversao 1.0.0,27,ok
103730,per103730_1914_00120,2,0,0,,,triagem/nome-caixa-conversao 1.0.0,27,ok
103730,per103730_1914_00120,3,0,0,,,triagem/nome-caixa-conversao 1.0.0,27,ok
103730,per103730_1914_00120,4,0,0,,,triagem/nome-caixa-conversao 1.0.0,27,ok
103730,per103730_1914_00120,5,0,0,,,triagem/nome-caixa-conversao 1.0.0,27,ok
103730,per103730_1914_00120,6,0,0,,,triagem/nome-caixa-conversao 1.0.0,27,ok
103730,per103730_1914_00120,7,0,0,,,triagem/nome-caixa-conversao 1.0.0,27,ok
103730,per103730_1914_00120,8,0,0,,,triagem/nome-caixa-conversao 1.0.0,27,ok
103730,per103730_1914_00121,1,0,0,,,triagem/nome-caixa-conversao 1.0.0,27,ok
103730,per103730_1914_00121,2,0,0,,,triagem/nome-caixa-conversao 1.0.0,27,ok
103730,per103730_1914_00121,3,0,0,,,triagem/nome-caixa-conversao 1.0.0,27,ok
103730,per103730_1914_00121,4,0,0,,,triagem/nome-caixa-conversao 1.0.0,27,ok
103730,per103730_1914_00121,5,0,0,,,triagem/nome-caixa-conversao 1.0.0,27,ok
103730,per103730_1914_00121,6,0,0,,,triagem/nome-caixa-conversao 1.0.0,27,ok
103730,per103730_1914_00121,7,0,0,,,triagem/nome-caixa-conversao 1.0.0,27,ok
103730,per103730_1914_00121,8,0,0,,,triagem/nome-caixa-conversao 1.0.0,27,ok
103730,per103730_1914_00122,1,0,0,,,triagem/nome-caixa-conversao 1.0.0,27,ok
103730,per103730_1914_00122,2,0,0,,,triagem/nome-caixa-conversao 1.0.0,27,ok
103730,per103730_1914_00122,3,0,0,,,triagem/nome-caixa-conversao 1.0.0,27,ok
103730,per103730_1914_00122,4,0,0,,,triagem/nome-caixa-conversao 1.0.0,27,ok
103730,per103730_1914_00122,5,0,0,,,triagem/nome-caixa-conversao 1.0.0,27,ok
103730,per103730_1914_00122,6,0,0,,,triagem/nome-caixa-conversao 1.0.0,27,ok
103730,per103730_1914_00122,7,0,0,,,triagem/nome-caixa-conversao 1.0.0,27,ok
103730,per103730_1914_00122,8,0,0,,,triagem/nome-caixa-conversao 1.0.0,27,ok
103730,per103730_1914_00122,9,0,0,,,triagem/nome-caixa-conversao 1.0.0,27,ok
103730,per103730_1914_00122,10,0,0,,,triagem/nome-caixa-conversao 1.0.0,27,ok
103730,per103730_1914_00122,11,0,0,,,triagem/nome-caixa-conversao 1.0.0,27,ok
103730,per103730_1914_00122,12,0,0,,,triagem/nome-caixa-conversao 1.0.0,27,ok
103730,per103730_1914_00122,13,0,0,,,triagem/nome-caixa-conversao 1.0.0,27,ok
103730,per103730_1914_00122,14,0,0,,,triagem/nome-caixa-conversao 1.0.0,27,ok
103730,per103730_1914_00122,15,0,0,,,triagem/nome-caixa-conversao 1.0.0,27,ok
103730,per103730_1914_00122,16,0,0,,,triagem/nome-caixa-conversao 1.0.0,27,ok
103730,per103730_1914_00123,1,0,0,,,triagem/nome-caixa-conversao 1.0.0,27,ok
103730,per103730_1914_00123,2,1,1,caixa deconver,4963,triagem/nome-caixa-conversao 1.0.0,27,ok
103730,per103730_1914_00123,3,0,0,,,triagem/nome-caixa-conversao 1.0.0,27,ok
103730,per103730_1914_00123,4,0,0,,,triagem/nome-caixa-conversao 1.0.0,27,ok
103730,per103730_1914_00123,5,0,0,,,triagem/nome-caixa-conversao 1.0.0,27,ok
103730,per103730_1914_00123,6,0,0,,,triagem/nome-caixa-conversao 1.0.0,27,ok
103730,per103730_1914_00123,7,0,0,,,triagem/nome-caixa-conversao 1.0.0,27,ok
103730,per103730_1914_00123,8,0,0,,,triagem/nome-caixa-conversao 1.0.0,27,ok
103730,per103730_1914_00123,9,0,0,,,triagem/nome-caixa-conversao 1.0.0,27,ok
103730,per103730_1914_00123,10,0,0,,,triagem/nome-caixa-conversao 1.0.0,27,ok
103730,per103730_1914_00123,11,0,0,,,triagem/nome-caixa-conversao 1.0.0,27,ok
103730,per103730_1914_00123,12,0,0,,,triagem/nome-caixa-conversao 1.0.0,27,ok
103730,per103730_1914_00124,1,0,0,,,triagem/nome-caixa-conversao 1.0.0,27,ok
103730,per103730_1914_00124,2,0,0,,,triagem/nome-caixa-conversao 1.0.0,27,ok
103730,per103730_1914_00124,3,0,0,,,triagem/nome-caixa-conversao 1.0.0,27,ok
103730,per103730_1914_00124,4,0,0,,,triagem/nome-caixa-conversao 1.0.0,27,ok
103730,per103730_1914_00124,5,0,0,,,triagem/nome-caixa-conversao 1.0.0,27,ok
103730,per103730_1914_00124,6,0,0,,,triagem/nome-caixa-conversao 1.0.0,27,ok
103730,per103730_1914_00124,7,0,0,,,triagem/nome-caixa-conversao 1.0.0,27,ok
103730,per103730_1914_00124,8,0,0,,,triagem/nome-caixa-conversao 1.0.0,27,ok
103730,per103730_1914_00124,9,0,0,,,triagem/nome-caixa-conversao 1.0.0,27,ok
103730,per103730_1914_00124,10,0,0,,,triagem/nome-caixa-conversao 1.0.0,27,ok
103730,per103730_1914_00125,1,0,0,,,triagem/nome-caixa-conversao 1.0.0,27,ok
103730,per103730_1914_00125,2,0,0,,,triagem/nome-caixa-conversao 1.0.0,27,ok
103730,per103730_1914_00125,3,0,0,,,triagem/nome-caixa-conversao 1.0.0,27,ok
103730,per103730_1914_00125,4,0,0,,,triagem/nome-caixa-conversao 1.0.0,27,ok
103730,per103730_1914_00125,5,0,0,,,triagem/nome-caixa-conversao 1.0.0,27,ok
103730,per103730_1914_00125,6,0,0,,,triagem/nome-caixa-conversao 1.0.0,27,ok
103730,per103730_1914_00125,7,0,0,,,triagem/nome-caixa-conversao 1.0.0,27,ok
103730,per103730_1914_00125,8,0,0,,,triagem/nome-caixa-conversao 1.0.0,27,ok
103730,per103730_1914_00125,9,0,0,,,triagem/nome-caixa-conversao 1.0.0,27,ok
103730,per103730_1914_00125,10,0,0,,,triagem/nome-caixa-conversao 1.0.0,27,ok
103730,per103730_1914_00126,1,0,0,,,triagem/nome-caixa-conversao 1.0.0,27,ok
103730,per103730_1914_00126,2,0,0,,,triagem/nome-caixa-conversao 1.0.0,27,ok
103730,per103730_1914_00126,3,0,0,,,triagem/nome-caixa-conversao 1.0.0,27,ok
103730,per103730_1914_00126,4,0,0,,,triagem/nome-caixa-conversao 1.0.0,27,ok
103730,per103730_1914_00126,5,0,0,,,triagem/nome-caixa-conversao 1.0.0,27,ok
103730,per103730_1914_00126,6,0,0,,,triagem/nome-caixa-conversao 1.0.0,27,ok
103730,per103730_1914_00126,7,0,0,,,triagem/nome-caixa-conversao 1.0.0,27,ok
103730,per103730_1914_00126,8,0,0,,,triagem/nome-caixa-conversao 1.0.0,27,ok
103730,per103730_1914_00126,9,0,0,,,triagem/nome-caixa-conversao 1.0.0,27,ok
103730,per103730_1914_00126,10,0,0,,,triagem/nome-caixa-conversao 1.0.0,27,ok
103730,per103730_1914_00127,1,0,0,,,triagem/nome-caixa-conversao 1.0.0,27,ok
103730,per103730_1914_00127,2,0,0,,,triagem/nome-caixa-conversao 1.0.0,27,ok
103730,per103730_1914_00127,3,0,0,,,triagem/nome-caixa-conversao 1.0.0,27,ok
103730,per103730_1914_00127,4,0,0,,,triagem/nome-caixa-conversao 1.0.0,27,ok
103730,per103730_1914_00127,5,0,0,,,triagem/nome-caixa-conversao 1.0.0,27,ok
103730,per103730_1914_00127,6,0,0,,,triagem/nome-caixa-conversao 1.0.0,27,ok
103730,per103730_1914_00127,7,0,0,,,triagem/nome-caixa-conversao 1.0.0,27,ok
103730,per103730_1914_00127,8,0,0,,,triagem/nome-caixa-conversao 1.0.0,27,ok
103730,per103730_1914_00128,1,0,0,,,triagem/nome-caixa-conversao 1.0.0,27,ok
103730,per103730_1914_00128,2,0,0,,,triagem/nome-caixa-conversao 1.0.0,27,ok
103730,per103730_1914_00128,3,0,0,,,triagem/nome-caixa-conversao 1.0.0,27,ok
103730,per103730_1914_00128,4,0,0,,,triagem/nome-caixa-conversao 1.0.0,27,ok
103730,per103730_1914_00128,5,1,1,caixa de conver,25351,triagem/nome-caixa-conversao 1.0.0,27,ok
103730,per103730_1914_00128,6,0,0,,,triagem/nome-caixa-conversao 1.0.0,27,ok
103730,per103730_1914_00128,7,0,0,,,triagem/nome-caixa-conversao 1.0.0,27,ok
103730,per103730_1914_00128,8,0,0,,,triagem/nome-caixa-conversao 1.0.0,27,ok
103730,per103730_1914_00129,1,0,0,,,triagem/nome-caixa-conversao 1.0.0,27,ok
103730,per103730_1914_00129,2,0,0,,,triagem/nome-caixa-conversao 1.0.0,27,ok
103730,per103730_1914_00129,3,0,0,,,triagem/nome-caixa-conversao 1.0.0,27,ok
103730,per103730_1914_00129,4,0,0,,,triagem/nome-caixa-conversao 1.0.0,27,ok
103730,per103730_1914_00129,5,0,0,,,triagem/nome-caixa-conversao 1.0.0,27,ok
103730,per103730_1914_00129,6,0,0,,,triagem/nome-caixa-conversao 1.0.0,27,ok
103730,per103730_1914_00129,7,0,0,,,triagem/nome-caixa-conversao 1.0.0,27,ok
103730,per103730_1914_00129,8,0,0,,,triagem/nome-caixa-conversao 1.0.0,27,ok
103730,per103730_1914_00129,9,0,0,,,triagem/nome-caixa-conversao 1.0.0,27,ok
103730,per103730_1914_00129,10,0,0,,,triagem/nome-caixa-conversao 1.0.0,27,ok
103730,per103730_1914_00129,11,0,0,,,triagem/nome-caixa-conversao 1.0.0,27,ok
103730,per103730_1914_00129,12,0,0,,,triagem/nome-caixa-conversao 1.0.0,27,ok
103730,per103730_1914_00129,13,0,0,,,triagem/nome-caixa-conversao 1.0.0,27,ok
103730,per103730_1914_00129,14,0,0,,,triagem/nome-caixa-conversao 1.0.0,27,ok
103730,per103730_1914_00130,1,0,0,,,triagem/nome-caixa-conversao 1.0.0,27,ok
103730,per103730_1914_00130,2,0,0,,,triagem/nome-caixa-conversao 1.0.0,27,ok
103730,per103730_1914_00130,3,0,0,,,triagem/nome-caixa-conversao 1.0.0,27,ok
103730,per103730_1914_00130,4,0,0,,,triagem/nome-caixa-conversao 1.0.0,27,ok
103730,per103730_1914_00130,5,0,0,,,triagem/nome-caixa-conversao 1.0.0,27,ok
103730,per103730_1914_00130,6,0,0,,,triagem/nome-caixa-conversao 1.0.0,27,ok
103730,per103730_1914_00130,7,0,0,,,triagem/nome-caixa-conversao 1.0.0,27,ok
103730,per103730_1914_00130,8,0,0,,,triagem/nome-caixa-conversao 1.0.0,27,ok
103730,per103730_1914_00130,9,0,0,,,triagem/nome-caixa-conversao 1.0.0,27,ok
103730,per103730_1914_00130,10,0,0,,,triagem/nome-caixa-conversao 1.0.0,27,ok
103730,per103730_1914_00131,1,0,0,,,triagem/nome-caixa-conversao 1.0.0,27,ok
103730,per103730_1914_00131,2,0,0,,,triagem/nome-caixa-conversao 1.0.0,27,ok
103730,per103730_1914_00131,3,0,0,,,triagem/nome-caixa-conversao 1.0.0,27,ok
103730,per103730_1914_00131,4,0,0,,,triagem/nome-caixa-conversao 1.0.0,27,ok
103730,per103730_1914_00131,5,0,0,,,triagem/nome-caixa-conversao 1.0.0,27,ok
103730,per103730_1914_00131,6,0,0,,,triagem/nome-caixa-conversao 1.0.0,27,ok
103730,per103730_1914_00131,7,0,0,,,triagem/nome-caixa-conversao 1.0.0,27,ok
103730,per103730_1914_00131,8,0,0,,,triagem/nome-caixa-conversao 1.0.0,27,ok
103730,per103730_1914_00132,1,0,0,,,triagem/nome-caixa-conversao 1.0.0,27,ok
103730,per103730_1914_00132,2,1,1,caixa dc conver,8261,triagem/nome-caixa-conversao 1.0.0,27,ok
103730,per103730_1914_00132,3,0,0,,,triagem/nome-caixa-conversao 1.0.0,27,ok
103730,per103730_1914_00132,4,0,0,,,triagem/nome-caixa-conversao 1.0.0,27,ok
103730,per103730_1914_00132,5,0,0,,,triagem/nome-caixa-conversao 1.0.0,27,ok
103730,per103730_1914_00132,6,0,0,,,triagem/nome-caixa-conversao 1.0.0,27,ok
103730,per103730_1914_00132,7,0,0,,,triagem/nome-caixa-conversao 1.0.0,27,ok
103730,per103730_1914_00132,8,0,0,,,triagem/nome-caixa-conversao 1.0.0,27,ok
103730,per103730_1914_00132,9,0,0,,,triagem/nome-caixa-conversao 1.0.0,27,ok
103730,per103730_1914_00132,10,0,0,,,triagem/nome-caixa-conversao 1.0.0,27,ok
103730,per103730_1914_00133,1,0,0,,,triagem/nome-caixa-conversao 1.0.0,27,ok
103730,per103730_1914_00133,2,0,0,,,triagem/nome-caixa-conversao 1.0.0,27,ok
103730,per103730_1914_00133,3,0,0,,,triagem/nome-caixa-conversao 1.0.0,27,ok
103730,per103730_1914_00133,4,0,0,,,triagem/nome-caixa-conversao 1.0.0,27,ok
103730,per103730_1914_00133,5,0,0,,,triagem/nome-caixa-conversao 1.0.0,27,ok
103730,per103730_1914_00133,6,0,0,,,triagem/nome-caixa-conversao 1.0.0,27,ok
103730,per103730_1914_00133,7,0,0,,,triagem/nome-caixa-conversao 1.0.0,27,ok
103730,per103730_1914_00133,8,0,0,,,triagem/nome-caixa-conversao 1.0.0,27,ok
103730,per103730_1914_00134,1,0,0,,,triagem/nome-caixa-conversao 1.0.0,27,ok
103730,per103730_1914_00134,2,0,0,,,triagem/nome-caixa-conversao 1.0.0,27,ok
103730,per103730_1914_00134,3,0,0,,,triagem/nome-caixa-conversao 1.0.0,27,ok
103730,per103730_1914_00134,4,0,0,,,triagem/nome-caixa-conversao 1.0.0,27,ok
103730,per103730_1914_00134,5,0,0,,,triagem/nome-caixa-conversao 1.0.0,27,ok
103730,per103730_1914_00134,6,0,0,,,triagem/nome-caixa-conversao 1.0.0,27,ok
103730,per103730_1914_00134,7,1,1,caixa dc conver,24066,triagem/nome-caixa-conversao 1.0.0,27,ok
103730,per103730_1914_00134,8,0,0,,,triagem/nome-caixa-conversao 1.0.0,27,ok
103730,per103730_1914_00135,1,0,0,,,triagem/nome-caixa-conversao 1.0.0,27,ok
103730,per103730_1914_00135,2,0,0,,,triagem/nome-caixa-conversao 1.0.0,27,ok
103730,per103730_1914_00135,3,0,0,,,triagem/nome-caixa-conversao 1.0.0,27,ok
103730,per103730_1914_00135,4,0,0,,,triagem/nome-caixa-conversao 1.0.0,27,ok
103730,per103730_1914_00135,5,0,0,,,triagem/nome-caixa-conversao 1.0.0,27,ok
103730,per103730_1914_00135,6,0,0,,,triagem/nome-caixa-conversao 1.0.0,27,ok
103730,per103730_1914_00135,7,0,0,,,triagem/nome-caixa-conversao 1.0.0,27,ok
103730,per103730_1914_00135,8,0,0,,,triagem/nome-caixa-conversao 1.0.0,27,ok
103730,per103730_1914_00136,1,0,0,,,triagem/nome-caixa-conversao 1.0.0,27,ok
103730,per103730_1914_00136,2,0,0,,,triagem/nome-caixa-conversao 1.0.0,27,ok
103730,per103730_1914_00136,3,0,0,,,triagem/nome-caixa-conversao 1.0.0,27,ok
103730,per103730_1914_00136,4,0,0,,,triagem/nome-caixa-conversao 1.0.0,27,ok
103730,per103730_1914_00136,5,0,0,,,triagem/nome-caixa-conversao 1.0.0,27,ok
103730,per103730_1914_00136,6,1,1,caixa dc conver,40599,triagem/nome-caixa-conversao 1.0.0,27,ok
103730,per103730_1914_00136,7,0,0,,,triagem/nome-caixa-conversao 1.0.0,27,ok
103730,per103730_1914_00136,8,0,0,,,triagem/nome-caixa-conversao 1.0.0,27,ok
103730,per103730_1914_00136,9,0,0,,,triagem/nome-caixa-conversao 1.0.0,27,ok
103730,per103730_1914_00136,10,0,0,,,triagem/nome-caixa-conversao 1.0.0,27,ok
103730,per103730_1914_00136,11,0,0,,,triagem/nome-caixa-conversao 1.0.0,27,ok
103730,per103730_1914_00136,12,0,0,,,triagem/nome-caixa-conversao 1.0.0,27,ok
103730,per103730_1914_00136,13,0,0,,,triagem/nome-caixa-conversao 1.0.0,27,ok
103730,per103730_1914_00136,14,0,0,,,triagem/nome-caixa-conversao 1.0.0,27,ok
103730,per103730_1914_00136,15,0,0,,,triagem/nome-caixa-conversao 1.0.0,27,ok
103730,per103730_1914_00136,16,0,0,,,triagem/nome-caixa-conversao 1.0.0,27,ok
103730,per103730_1914_00137,1,0,0,,,triagem/nome-caixa-conversao 1.0.0,27,ok
103730,per103730_1914_00137,2,0,0,,,triagem/nome-caixa-conversao 1.0.0,27,ok
103730,per103730_1914_00137,3,0,0,,,triagem/nome-caixa-conversao 1.0.0,27,ok
103730,per103730_1914_00137,4,0,0,,,triagem/nome-caixa-conversao 1.0.0,27,ok
103730,per103730_1914_00137,5,0,0,,,triagem/nome-caixa-conversao 1.0.0,27,ok
103730,per103730_1914_00137,6,0,0,,,triagem/nome-caixa-conversao 1.0.0,27,ok
103730,per103730_1914_00137,7,0,0,,,triagem/nome-caixa-conversao 1.0.0,27,ok
103730,per103730_1914_00137,8,0,0,,,triagem/nome-caixa-conversao 1.0.0,27,ok
103730,per103730_1914_00137,9,0,0,,,triagem/nome-caixa-conversao 1.0.0,27,ok
103730,per103730_1914_00137,10,0,0,,,triagem/nome-caixa-conversao 1.0.0,27,ok
103730,per103730_1914_00138,1,0,0,,,triagem/nome-caixa-conversao 1.0.0,27,ok
103730,per103730_1914_00138,2,0,0,,,triagem/nome-caixa-conversao 1.0.0,27,ok
103730,per103730_1914_00138,3,0,0,,,triagem/nome-caixa-conversao 1.0.0,27,ok
103730,per103730_1914_00138,4,0,0,,,triagem/nome-caixa-conversao 1.0.0,27,ok
103730,per103730_1914_00138,5,0,0,,,triagem/nome-caixa-conversao 1.0.0,27,ok
103730,per103730_1914_00138,6,0,0,,,triagem/nome-caixa-conversao 1.0.0,27,ok
103730,per103730_1914_00138,7,0,0,,,triagem/nome-caixa-conversao 1.0.0,27,ok
103730,per103730_1914_00138,8,0,0,,,triagem/nome-caixa-conversao 1.0.0,27,ok
103730,per103730_1914_00139,1,0,0,,,triagem/nome-caixa-conversao 1.0.0,27,ok
103730,per103730_1914_00139,2,0,0,,,triagem/nome-caixa-conversao 1.0.0,27,ok
103730,per103730_1914_00139,3,0,0,,,triagem/nome-caixa-conversao 1.0.0,27,ok
103730,per103730_1914_00139,4,0,0,,,triagem/nome-caixa-conversao 1.0.0,27,ok
103730,per103730_1914_00139,5,0,0,,,triagem/nome-caixa-conversao 1.0.0,27,ok
103730,per103730_1914_00139,6,0,0,,,triagem/nome-caixa-conversao 1.0.0,27,ok
103730,per103730_1914_00139,7,0,0,,,triagem/nome-caixa-conversao 1.0.0,27,ok
103730,per103730_1914_00139,8,0,0,,,triagem/nome-caixa-conversao 1.0.0,27,ok
103730,per103730_1914_00140,1,1,1,caixa de conver,23565,triagem/nome-caixa-conversao 1.0.0,27,ok
103730,per103730_1914_00140,2,0,0,,,triagem/nome-caixa-conversao 1.0.0,27,ok
103730,per103730_1914_00140,3,0,0,,,triagem/nome-caixa-conversao 1.0.0,27,ok
103730,per103730_1914_00140,4,0,0,,,triagem/nome-caixa-conversao 1.0.0,27,ok
103730,per103730_1914_00140,5,0,0,,,triagem/nome-caixa-conversao 1.0.0,27,ok
103730,per103730_1914_00140,6,1,2,caixa de conver,10729,triagem/nome-caixa-conversao 1.0.0,27,ok
103730,per103730_1914_00140,7,0,0,,,triagem/nome-caixa-conversao 1.0.0,27,ok
103730,per103730_1914_00140,8,0,0,,,triagem/nome-caixa-conversao 1.0.0,27,ok
103730,per103730_1914_00140,9,0,0,,,triagem/nome-caixa-conversao 1.0.0,27,ok
103730,per103730_1914_00140,10,0,0,,,triagem/nome-caixa-conversao 1.0.0,27,ok
103730,per103730_1914_00141,1,0,0,,,triagem/nome-caixa-conversao 1.0.0,27,ok
103730,per103730_1914_00141,2,0,0,,,triagem/nome-caixa-conversao 1.0.0,27,ok
103730,per103730_1914_00141,3,0,0,,,triagem/nome-caixa-conversao 1.0.0,27,ok
103730,per103730_1914_00141,4,0,0,,,triagem/nome-caixa-conversao 1.0.0,27,ok
103730,per103730_1914_00141,5,0,0,,,triagem/nome-caixa-conversao 1.0.0,27,ok
103730,per103730_1914_00141,6,0,0,,,triagem/nome-caixa-conversao 1.0.0,27,ok
103730,per103730_1914_00141,7,0,0,,,triagem/nome-caixa-conversao 1.0.0,27,ok
103730,per103730_1914_00141,8,0,0,,,triagem/nome-caixa-conversao 1.0.0,27,ok
103730,per103730_1914_00142,1,0,0,,,triagem/nome-caixa-conversao 1.0.0,27,ok
103730,per103730_1914_00142,2,0,0,,,triagem/nome-caixa-conversao 1.0.0,27,ok
103730,per103730_1914_00142,3,0,0,,,triagem/nome-caixa-conversao 1.0.0,27,ok
103730,per103730_1914_00142,4,0,0,,,triagem/nome-caixa-conversao 1.0.0,27,ok
103730,per103730_1914_00142,5,0,0,,,triagem/nome-caixa-conversao 1.0.0,27,ok
103730,per103730_1914_00142,6,0,0,,,triagem/nome-caixa-conversao 1.0.0,27,ok
103730,per103730_1914_00142,7,0,0,,,triagem/nome-caixa-conversao 1.0.0,27,ok
103730,per103730_1914_00142,8,0,0,,,triagem/nome-caixa-conversao 1.0.0,27,ok
103730,per103730_1914_00143,1,0,0,,,triagem/nome-caixa-conversao 1.0.0,27,ok
103730,per103730_1914_00143,2,0,0,,,triagem/nome-caixa-conversao 1.0.0,27,ok
103730,per103730_1914_00143,3,0,0,,,triagem/nome-caixa-conversao 1.0.0,27,ok
103730,per103730_1914_00143,4,0,0,,,triagem/nome-caixa-conversao 1.0.0,27,ok
103730,per103730_1914_00143,5,0,0,,,triagem/nome-caixa-conversao 1.0.0,27,ok
103730,per103730_1914_00143,6,0,0,,,triagem/nome-caixa-conversao 1.0.0,27,ok
103730,per103730_1914_00143,7,0,0,,,triagem/nome-caixa-conversao 1.0.0,27,ok
103730,per103730_1914_00143,8,0,0,,,triagem/nome-caixa-conversao 1.0.0,27,ok
103730,per103730_1914_00143,9,0,0,,,triagem/nome-caixa-conversao 1.0.0,27,ok
103730,per103730_1914_00143,10,0,0,,,triagem/nome-caixa-conversao 1.0.0,27,ok
103730,per103730_1914_00143,11,1,1,caixa de conver,16124,triagem/nome-caixa-conversao 1.0.0,27,ok
103730,per103730_1914_00143,12,0,0,,,triagem/nome-caixa-conversao 1.0.0,27,ok
103730,per103730_1914_00143,13,0,0,,,triagem/nome-caixa-conversao 1.0.0,27,ok
103730,per103730_1914_00143,14,0,0,,,triagem/nome-caixa-conversao 1.0.0,27,ok
103730,per103730_1914_00143,15,0,0,,,triagem/nome-caixa-conversao 1.0.0,27,ok
103730,per103730_1914_00143,16,0,0,,,triagem/nome-caixa-conversao 1.0.0,27,ok
103730,per103730_1914_00144,1,1,2,caixa deconver,30246,triagem/nome-caixa-conversao 1.0.0,27,ok
103730,per103730_1914_00144,2,0,0,,,triagem/nome-caixa-conversao 1.0.0,27,ok
103730,per103730_1914_00144,3,0,0,,,triagem/nome-caixa-conversao 1.0.0,27,ok
103730,per103730_1914_00144,4,0,0,,,triagem/nome-caixa-conversao 1.0.0,27,ok
103730,per103730_1914_00144,5,0,0,,,triagem/nome-caixa-conversao 1.0.0,27,ok
103730,per103730_1914_00144,6,0,0,,,triagem/nome-caixa-conversao 1.0.0,27,ok
103730,per103730_1914_00144,7,0,0,,,triagem/nome-caixa-conversao 1.0.0,27,ok
103730,per103730_1914_00144,8,0,0,,,triagem/nome-caixa-conversao 1.0.0,27,ok
103730,per103730_1914_00145,1,0,0,,,triagem/nome-caixa-conversao 1.0.0,27,ok
103730,per103730_1914_00145,2,0,0,,,triagem/nome-caixa-conversao 1.0.0,27,ok
103730,per103730_1914_00145,3,0,0,,,triagem/nome-caixa-conversao 1.0.0,27,ok
103730,per103730_1914_00145,4,0,0,,,triagem/nome-caixa-conversao 1.0.0,27,ok
103730,per103730_1914_00145,5,0,0,,,triagem/nome-caixa-conversao 1.0.0,27,ok
103730,per103730_1914_00145,6,0,0,,,triagem/nome-caixa-conversao 1.0.0,27,ok
103730,per103730_1914_00145,7,0,0,,,triagem/nome-caixa-conversao 1.0.0,27,ok
103730,per103730_1914_00145,8,0,0,,,triagem/nome-caixa-conversao 1.0.0,27,ok
103730,per103730_1914_00146,1,0,0,,,triagem/nome-caixa-conversao 1.0.0,27,ok
103730,per103730_1914_00146,2,0,0,,,triagem/nome-caixa-conversao 1.0.0,27,ok
103730,per103730_1914_00146,3,0,0,,,triagem/nome-caixa-conversao 1.0.0,27,ok
103730,per103730_1914_00146,4,0,0,,,triagem/nome-caixa-conversao 1.0.0,27,ok
103730,per103730_1914_00146,5,0,0,,,triagem/nome-caixa-conversao 1.0.0,27,ok
103730,per103730_1914_00146,6,0,0,,,triagem/nome-caixa-conversao 1.0.0,27,ok
103730,per103730_1914_00146,7,0,0,,,triagem/nome-caixa-conversao 1.0.0,27,ok
103730,per103730_1914_00146,8,0,0,,,triagem/nome-caixa-conversao 1.0.0,27,ok
103730,per103730_1914_00147,1,0,0,,,triagem/nome-caixa-conversao 1.0.0,27,ok
103730,per103730_1914_00147,2,0,0,,,triagem/nome-caixa-conversao 1.0.0,27,ok
103730,per103730_1914_00147,3,0,0,,,triagem/nome-caixa-conversao 1.0.0,27,ok
103730,per103730_1914_00147,4,0,0,,,triagem/nome-caixa-conversao 1.0.0,27,ok
103730,per103730_1914_00147,5,0,0,,,triagem/nome-caixa-conversao 1.0.0,27,ok
103730,per103730_1914_00147,6,0,0,,,triagem/nome-caixa-conversao 1.0.0,27,ok
103730,per103730_1914_00147,7,0,0,,,triagem/nome-caixa-conversao 1.0.0,27,ok
103730,per103730_1914_00147,8,0,0,,,triagem/nome-caixa-conversao 1.0.0,27,ok
103730,per103730_1914_00147,9,0,0,,,triagem/nome-caixa-conversao 1.0.0,27,ok
103730,per103730_1914_00147,10,0,0,,,triagem/nome-caixa-conversao 1.0.0,27,ok
103730,per103730_1914_00147,11,0,0,,,triagem/nome-caixa-conversao 1.0.0,27,ok
103730,per103730_1914_00147,12,0,0,,,triagem/nome-caixa-conversao 1.0.0,27,ok
103730,per103730_1914_00148,1,0,0,,,triagem/nome-caixa-conversao 1.0.0,27,ok
103730,per103730_1914_00148,2,1,1,caixa de conver,29404,triagem/nome-caixa-conversao 1.0.0,27,ok
103730,per103730_1914_00148,3,0,0,,,triagem/nome-caixa-conversao 1.0.0,27,ok
103730,per103730_1914_00148,4,0,0,,,triagem/nome-caixa-conversao 1.0.0,27,ok
103730,per103730_1914_00148,5,0,0,,,triagem/nome-caixa-conversao 1.0.0,27,ok
103730,per103730_1914_00148,6,0,0,,,triagem/nome-caixa-conversao 1.0.0,27,ok
103730,per103730_1914_00148,7,0,0,,,triagem/nome-caixa-conversao 1.0.0,27,ok
103730,per103730_1914_00148,8,0,0,,,triagem/nome-caixa-conversao 1.0.0,27,ok
103730,per103730_1914_00149,1,0,0,,,triagem/nome-caixa-conversao 1.0.0,27,ok
103730,per103730_1914_00149,2,0,0,,,triagem/nome-caixa-conversao 1.0.0,27,ok
103730,per103730_1914_00149,3,0,0,,,triagem/nome-caixa-conversao 1.0.0,27,ok
103730,per103730_1914_00149,4,0,0,,,triagem/nome-caixa-conversao 1.0.0,27,ok
103730,per103730_1914_00149,5,0,0,,,triagem/nome-caixa-conversao 1.0.0,27,ok
103730,per103730_1914_00149,6,0,0,,,triagem/nome-caixa-conversao 1.0.0,27,ok
103730,per103730_1914_00149,7,0,0,,,triagem/nome-caixa-conversao 1.0.0,27,ok
103730,per103730_1914_00149,8,0,0,,,triagem/nome-caixa-conversao 1.0.0,27,ok
103730,per103730_1914_00150,1,0,0,,,triagem/nome-caixa-conversao 1.0.0,27,ok
103730,per103730_1914_00150,2,0,0,,,triagem/nome-caixa-conversao 1.0.0,27,ok
103730,per103730_1914_00150,3,0,0,,,triagem/nome-caixa-conversao 1.0.0,27,ok
103730,per103730_1914_00150,4,0,0,,,triagem/nome-caixa-conversao 1.0.0,27,ok
103730,per103730_1914_00150,5,1,1,caixa de conver,2603,triagem/nome-caixa-conversao 1.0.0,27,ok
103730,per103730_1914_00150,6,0,0,,,triagem/nome-caixa-conversao 1.0.0,27,ok
103730,per103730_1914_00150,7,0,0,,,triagem/nome-caixa-conversao 1.0.0,27,ok
103730,per103730_1914_00150,8,0,0,,,triagem/nome-caixa-conversao 1.0.0,27,ok
103730,per103730_1914_00150,9,0,0,,,triagem/nome-caixa-conversao 1.0.0,27,ok
103730,per103730_1914_00150,10,0,0,,,triagem/nome-caixa-conversao 1.0.0,27,ok
103730,per103730_1914_00150,11,0,0,,,triagem/nome-caixa-conversao 1.0.0,27,ok
103730,per103730_1914_00150,12,1,1,caixa de conver,22843,triagem/nome-caixa-conversao 1.0.0,27,ok
103730,per103730_1914_00150,13,0,0,,,triagem/nome-caixa-conversao 1.0.0,27,ok
103730,per103730_1914_00150,14,0,0,,,triagem/nome-caixa-conversao 1.0.0,27,ok
103730,per103730_1914_00150,15,0,0,,,triagem/nome-caixa-conversao 1.0.0,27,ok
103730,per103730_1914_00150,16,0,0,,,triagem/nome-caixa-conversao 1.0.0,27,ok
103730,per103730_1914_00151,1,0,0,,,triagem/nome-caixa-conversao 1.0.0,27,ok
103730,per103730_1914_00151,2,0,0,,,triagem/nome-caixa-conversao 1.0.0,27,ok
103730,per103730_1914_00151,3,0,0,,,triagem/nome-caixa-conversao 1.0.0,27,ok
103730,per103730_1914_00151,4,0,0,,,triagem/nome-caixa-conversao 1.0.0,27,ok
103730,per103730_1914_00151,5,0,0,,,triagem/nome-caixa-conversao 1.0.0,27,ok
103730,per103730_1914_00151,6,0,0,,,triagem/nome-caixa-conversao 1.0.0,27,ok
103730,per103730_1914_00151,7,0,0,,,triagem/nome-caixa-conversao 1.0.0,27,ok
103730,per103730_1914_00151,8,0,0,,,triagem/nome-caixa-conversao 1.0.0,27,ok
103730,per103730_1914_00152,1,1,1,caixa dc conver,11490,triagem/nome-caixa-conversao 1.0.0,27,ok
103730,per103730_1914_00152,2,0,0,,,triagem/nome-caixa-conversao 1.0.0,27,ok
103730,per103730_1914_00152,3,0,0,,,triagem/nome-caixa-conversao 1.0.0,27,ok
103730,per103730_1914_00152,4,0,0,,,triagem/nome-caixa-conversao 1.0.0,27,ok
103730,per103730_1914_00152,5,0,0,,,triagem/nome-caixa-conversao 1.0.0,27,ok
103730,per103730_1914_00152,6,0,0,,,triagem/nome-caixa-conversao 1.0.0,27,ok
103730,per103730_1914_00152,7,0,0,,,triagem/nome-caixa-conversao 1.0.0,27,ok
103730,per103730_1914_00152,8,0,0,,,triagem/nome-caixa-conversao 1.0.0,27,ok
103730,per103730_1914_00153,1,0,0,,,triagem/nome-caixa-conversao 1.0.0,27,ok
103730,per103730_1914_00153,2,0,0,,,triagem/nome-caixa-conversao 1.0.0,27,ok
103730,per103730_1914_00153,3,0,0,,,triagem/nome-caixa-conversao 1.0.0,27,ok
103730,per103730_1914_00153,4,0,0,,,triagem/nome-caixa-conversao 1.0.0,27,ok
103730,per103730_1914_00153,5,0,0,,,triagem/nome-caixa-conversao 1.0.0,27,ok
103730,per103730_1914_00153,6,0,0,,,triagem/nome-caixa-conversao 1.0.0,27,ok
103730,per103730_1914_00153,7,0,0,,,triagem/nome-caixa-conversao 1.0.0,27,ok
103730,per103730_1914_00153,8,0,0,,,triagem/nome-caixa-conversao 1.0.0,27,ok
103730,per103730_1914_00154,1,1,1,caixa deconver,18586,triagem/nome-caixa-conversao 1.0.0,27,ok
103730,per103730_1914_00154,2,0,0,,,triagem/nome-caixa-conversao 1.0.0,27,ok
103730,per103730_1914_00154,3,0,0,,,triagem/nome-caixa-conversao 1.0.0,27,ok
103730,per103730_1914_00154,4,0,0,,,triagem/nome-caixa-conversao 1.0.0,27,ok
103730,per103730_1914_00154,5,0,0,,,triagem/nome-caixa-conversao 1.0.0,27,ok
103730,per103730_1914_00154,6,0,0,,,triagem/nome-caixa-conversao 1.0.0,27,ok
103730,per103730_1914_00154,7,0,0,,,triagem/nome-caixa-conversao 1.0.0,27,ok
103730,per103730_1914_00154,8,0,0,,,triagem/nome-caixa-conversao 1.0.0,27,ok
103730,per103730_1914_00154,9,0,0,,,triagem/nome-caixa-conversao 1.0.0,27,ok
103730,per103730_1914_00154,10,0,0,,,triagem/nome-caixa-conversao 1.0.0,27,ok
103730,per103730_1914_00155,1,0,0,,,triagem/nome-caixa-conversao 1.0.0,27,ok
103730,per103730_1914_00155,2,0,0,,,triagem/nome-caixa-conversao 1.0.0,27,ok
103730,per103730_1914_00155,3,0,0,,,triagem/nome-caixa-conversao 1.0.0,27,ok
103730,per103730_1914_00155,4,0,0,,,triagem/nome-caixa-conversao 1.0.0,27,ok
103730,per103730_1914_00155,5,0,0,,,triagem/nome-caixa-conversao 1.0.0,27,ok
103730,per103730_1914_00155,6,0,0,,,triagem/nome-caixa-conversao 1.0.0,27,ok
103730,per103730_1914_00155,7,0,0,,,triagem/nome-caixa-conversao 1.0.0,27,ok
103730,per103730_1914_00155,8,0,0,,,triagem/nome-caixa-conversao 1.0.0,27,ok
103730,per103730_1914_00156,1,1,2,caixa de conver,9316,triagem/nome-caixa-conversao 1.0.0,27,ok
103730,per103730_1914_00156,2,0,0,,,triagem/nome-caixa-conversao 1.0.0,27,ok
103730,per103730_1914_00156,3,0,0,,,triagem/nome-caixa-conversao 1.0.0,27,ok
103730,per103730_1914_00156,4,0,0,,,triagem/nome-caixa-conversao 1.0.0,27,ok
103730,per103730_1914_00156,5,1,1,caixa db conver,28251,triagem/nome-caixa-conversao 1.0.0,27,ok
103730,per103730_1914_00156,6,0,0,,,triagem/nome-caixa-conversao 1.0.0,27,ok
103730,per103730_1914_00156,7,0,0,,,triagem/nome-caixa-conversao 1.0.0,27,ok
103730,per103730_1914_00156,8,0,0,,,triagem/nome-caixa-conversao 1.0.0,27,ok
103730,per103730_1914_00157,1,0,0,,,triagem/nome-caixa-conversao 1.0.0,27,ok
103730,per103730_1914_00157,2,0,0,,,triagem/nome-caixa-conversao 1.0.0,27,ok
103730,per103730_1914_00157,3,0,0,,,triagem/nome-caixa-conversao 1.0.0,27,ok
103730,per103730_1914_00157,4,0,0,,,triagem/nome-caixa-conversao 1.0.0,27,ok
103730,per103730_1914_00157,5,0,0,,,triagem/nome-caixa-conversao 1.0.0,27,ok
103730,per103730_1914_00157,6,0,0,,,triagem/nome-caixa-conversao 1.0.0,27,ok
103730,per103730_1914_00157,7,1,1,caixa deconver,25205,triagem/nome-caixa-conversao 1.0.0,27,ok
103730,per103730_1914_00157,8,0,0,,,triagem/nome-caixa-conversao 1.0.0,27,ok
103730,per103730_1914_00157,9,0,0,,,triagem/nome-caixa-conversao 1.0.0,27,ok
103730,per103730_1914_00157,10,0,0,,,triagem/nome-caixa-conversao 1.0.0,27,ok
103730,per103730_1914_00157,11,0,0,,,triagem/nome-caixa-conversao 1.0.0,27,ok
103730,per103730_1914_00157,12,0,0,,,triagem/nome-caixa-conversao 1.0.0,27,ok
103730,per103730_1914_00157,13,0,0,,,triagem/nome-caixa-conversao 1.0.0,27,ok
103730,per103730_1914_00157,14,0,0,,,triagem/nome-caixa-conversao 1.0.0,27,ok
103730,per103730_1914_00157,15,0,0,,,triagem/nome-caixa-conversao 1.0.0,27,ok
103730,per103730_1914_00157,16,0,0,,,triagem/nome-caixa-conversao 1.0.0,27,ok
103730,per103730_1914_00158,1,0,0,,,triagem/nome-caixa-conversao 1.0.0,27,ok
103730,per103730_1914_00158,2,0,0,,,triagem/nome-caixa-conversao 1.0.0,27,ok
103730,per103730_1914_00158,3,0,0,,,triagem/nome-caixa-conversao 1.0.0,27,ok
103730,per103730_1914_00158,4,0,0,,,triagem/nome-caixa-conversao 1.0.0,27,ok
103730,per103730_1914_00158,5,0,0,,,triagem/nome-caixa-conversao 1.0.0,27,ok
103730,per103730_1914_00158,6,0,0,,,triagem/nome-caixa-conversao 1.0.0,27,ok
103730,per103730_1914_00158,7,0,0,,,triagem/nome-caixa-conversao 1.0.0,27,ok
103730,per103730_1914_00158,8,0,0,,,triagem/nome-caixa-conversao 1.0.0,27,ok
103730,per103730_1914_00158,9,0,0,,,triagem/nome-caixa-conversao 1.0.0,27,ok
103730,per103730_1914_00158,10,0,0,,,triagem/nome-caixa-conversao 1.0.0,27,ok
103730,per103730_1914_00159,1,0,0,,,triagem/nome-caixa-conversao 1.0.0,27,ok
103730,per103730_1914_00159,2,0,0,,,triagem/nome-caixa-conversao 1.0.0,27,ok
103730,per103730_1914_00159,3,0,0,,,triagem/nome-caixa-conversao 1.0.0,27,ok
103730,per103730_1914_00159,4,0,0,,,triagem/nome-caixa-conversao 1.0.0,27,ok
103730,per103730_1914_00159,5,0,0,,,triagem/nome-caixa-conversao 1.0.0,27,ok
103730,per103730_1914_00159,6,0,0,,,triagem/nome-caixa-conversao 1.0.0,27,ok
103730,per103730_1914_00159,7,0,0,,,triagem/nome-caixa-conversao 1.0.0,27,ok
103730,per103730_1914_00159,8,0,0,,,triagem/nome-caixa-conversao 1.0.0,27,ok
103730,per103730_1914_00160,1,0,0,,,triagem/nome-caixa-conversao 1.0.0,27,ok
103730,per103730_1914_00160,2,0,0,,,triagem/nome-caixa-conversao 1.0.0,27,ok
103730,per103730_1914_00160,3,0,0,,,triagem/nome-caixa-conversao 1.0.0,27,ok
103730,per103730_1914_00160,4,0,0,,,triagem/nome-caixa-conversao 1.0.0,27,ok
103730,per103730_1914_00160,5,0,0,,,triagem/nome-caixa-conversao 1.0.0,27,ok
103730,per103730_1914_00160,6,0,0,,,triagem/nome-caixa-conversao 1.0.0,27,ok
103730,per103730_1914_00160,7,0,0,,,triagem/nome-caixa-conversao 1.0.0,27,ok
103730,per103730_1914_00160,8,0,0,,,triagem/nome-caixa-conversao 1.0.0,27,ok
103730,per103730_1914_00161,1,1,1,caixa dc conver,25248,triagem/nome-caixa-conversao 1.0.0,27,ok
103730,per103730_1914_00161,2,0,0,,,triagem/nome-caixa-conversao 1.0.0,27,ok
103730,per103730_1914_00161,3,1,1,caixa de conver,38752,triagem/nome-caixa-conversao 1.0.0,27,ok
103730,per103730_1914_00161,4,0,0,,,triagem/nome-caixa-conversao 1.0.0,27,ok
103730,per103730_1914_00161,5,0,0,,,triagem/nome-caixa-conversao 1.0.0,27,ok
103730,per103730_1914_00161,6,0,0,,,triagem/nome-caixa-conversao 1.0.0,27,ok
103730,per103730_1914_00161,7,0,0,,,triagem/nome-caixa-conversao 1.0.0,27,ok
103730,per103730_1914_00161,8,0,0,,,triagem/nome-caixa-conversao 1.0.0,27,ok
103730,per103730_1914_00161,9,0,0,,,triagem/nome-caixa-conversao 1.0.0,27,ok
103730,per103730_1914_00161,10,0,0,,,triagem/nome-caixa-conversao 1.0.0,27,ok
103730,per103730_1914_00162,1,0,0,,,triagem/nome-caixa-conversao 1.0.0,27,ok
103730,per103730_1914_00162,2,0,0,,,triagem/nome-caixa-conversao 1.0.0,27,ok
103730,per103730_1914_00162,3,0,0,,,triagem/nome-caixa-conversao 1.0.0,27,ok
103730,per103730_1914_00162,4,0,0,,,triagem/nome-caixa-conversao 1.0.0,27,ok
103730,per103730_1914_00162,5,0,0,,,triagem/nome-caixa-conversao 1.0.0,27,ok
103730,per103730_1914_00162,6,0,0,,,triagem/nome-caixa-conversao 1.0.0,27,ok
103730,per103730_1914_00162,7,0,0,,,triagem/nome-caixa-conversao 1.0.0,27,ok
103730,per103730_1914_00162,8,0,0,,,triagem/nome-caixa-conversao 1.0.0,27,ok
103730,per103730_1914_00163,1,0,0,,,triagem/nome-caixa-conversao 1.0.0,27,ok
103730,per103730_1914_00163,2,0,0,,,triagem/nome-caixa-conversao 1.0.0,27,ok
103730,per103730_1914_00163,3,0,0,,,triagem/nome-caixa-conversao 1.0.0,27,ok
103730,per103730_1914_00163,4,0,0,,,triagem/nome-caixa-conversao 1.0.0,27,ok
103730,per103730_1914_00163,5,0,0,,,triagem/nome-caixa-conversao 1.0.0,27,ok
103730,per103730_1914_00163,6,0,0,,,triagem/nome-caixa-conversao 1.0.0,27,ok
103730,per103730_1914_00163,7,0,0,,,triagem/nome-caixa-conversao 1.0.0,27,ok
103730,per103730_1914_00163,8,0,0,,,triagem/nome-caixa-conversao 1.0.0,27,ok
103730,per103730_1914_00164,1,0,0,,,triagem/nome-caixa-conversao 1.0.0,27,ok
103730,per103730_1914_00164,2,0,0,,,triagem/nome-caixa-conversao 1.0.0,27,ok
103730,per103730_1914_00164,3,0,0,,,triagem/nome-caixa-conversao 1.0.0,27,ok
103730,per103730_1914_00164,4,0,0,,,triagem/nome-caixa-conversao 1.0.0,27,ok
103730,per103730_1914_00164,5,0,0,,,triagem/nome-caixa-conversao 1.0.0,27,ok
103730,per103730_1914_00164,6,0,0,,,triagem/nome-caixa-conversao 1.0.0,27,ok
103730,per103730_1914_00164,7,0,0,,,triagem/nome-caixa-conversao 1.0.0,27,ok
103730,per103730_1914_00164,8,0,0,,,triagem/nome-caixa-conversao 1.0.0,27,ok
103730,per103730_1914_00164,9,0,0,,,triagem/nome-caixa-conversao 1.0.0,27,ok
103730,per103730_1914_00164,10,0,0,,,triagem/nome-caixa-conversao 1.0.0,27,ok
103730,per103730_1914_00164,11,0,0,,,triagem/nome-caixa-conversao 1.0.0,27,ok
103730,per103730_1914_00164,12,0,0,,,triagem/nome-caixa-conversao 1.0.0,27,ok
103730,per103730_1914_00164,13,0,0,,,triagem/nome-caixa-conversao 1.0.0,27,ok
103730,per103730_1914_00164,14,0,0,,,triagem/nome-caixa-conversao 1.0.0,27,ok
103730,per103730_1914_00164,15,0,0,,,triagem/nome-caixa-conversao 1.0.0,27,ok
103730,per103730_1914_00164,16,0,0,,,triagem/nome-caixa-conversao 1.0.0,27,ok
103730,per103730_1914_00165,1,0,0,,,triagem/nome-caixa-conversao 1.0.0,27,ok
103730,per103730_1914_00165,2,0,0,,,triagem/nome-caixa-conversao 1.0.0,27,ok
103730,per103730_1914_00165,3,0,0,,,triagem/nome-caixa-conversao 1.0.0,27,ok
103730,per103730_1914_00165,4,0,0,,,triagem/nome-caixa-conversao 1.0.0,27,ok
103730,per103730_1914_00165,5,0,0,,,triagem/nome-caixa-conversao 1.0.0,27,ok
103730,per103730_1914_00165,6,0,0,,,triagem/nome-caixa-conversao 1.0.0,27,ok
103730,per103730_1914_00165,7,0,0,,,triagem/nome-caixa-conversao 1.0.0,27,ok
103730,per103730_1914_00165,8,0,0,,,triagem/nome-caixa-conversao 1.0.0,27,ok
103730,per103730_1914_00165,9,0,0,,,triagem/nome-caixa-conversao 1.0.0,27,ok
103730,per103730_1914_00165,10,0,0,,,triagem/nome-caixa-conversao 1.0.0,27,ok
103730,per103730_1914_00166,1,0,0,,,triagem/nome-caixa-conversao 1.0.0,27,ok
103730,per103730_1914_00166,2,0,0,,,triagem/nome-caixa-conversao 1.0.0,27,ok
103730,per103730_1914_00166,3,0,0,,,triagem/nome-caixa-conversao 1.0.0,27,ok
103730,per103730_1914_00166,4,1,4,caixade conver,6245,triagem/nome-caixa-conversao 1.0.0,27,ok
103730,per103730_1914_00166,5,0,0,,,triagem/nome-caixa-conversao 1.0.0,27,ok
103730,per103730_1914_00166,6,0,0,,,triagem/nome-caixa-conversao 1.0.0,27,ok
103730,per103730_1914_00166,7,0,0,,,triagem/nome-caixa-conversao 1.0.0,27,ok
103730,per103730_1914_00166,8,0,0,,,triagem/nome-caixa-conversao 1.0.0,27,ok
103730,per103730_1914_00167,1,0,0,,,triagem/nome-caixa-conversao 1.0.0,27,ok
103730,per103730_1914_00167,2,0,0,,,triagem/nome-caixa-conversao 1.0.0,27,ok
103730,per103730_1914_00167,3,0,0,,,triagem/nome-caixa-conversao 1.0.0,27,ok
103730,per103730_1914_00167,4,0,0,,,triagem/nome-caixa-conversao 1.0.0,27,ok
103730,per103730_1914_00167,5,0,0,,,triagem/nome-caixa-conversao 1.0.0,27,ok
103730,per103730_1914_00167,6,0,0,,,triagem/nome-caixa-conversao 1.0.0,27,ok
103730,per103730_1914_00167,7,0,0,,,triagem/nome-caixa-conversao 1.0.0,27,ok
103730,per103730_1914_00167,8,0,0,,,triagem/nome-caixa-conversao 1.0.0,27,ok
103730,per103730_1914_00167,9,0,0,,,triagem/nome-caixa-conversao 1.0.0,27,ok
103730,per103730_1914_00167,10,0,0,,,triagem/nome-caixa-conversao 1.0.0,27,ok
103730,per103730_1914_00168,1,0,0,,,triagem/nome-caixa-conversao 1.0.0,27,ok
103730,per103730_1914_00168,2,0,0,,,triagem/nome-caixa-conversao 1.0.0,27,ok
103730,per103730_1914_00168,3,0,0,,,triagem/nome-caixa-conversao 1.0.0,27,ok
103730,per103730_1914_00168,4,0,0,,,triagem/nome-caixa-conversao 1.0.0,27,ok
103730,per103730_1914_00168,5,0,0,,,triagem/nome-caixa-conversao 1.0.0,27,ok
103730,per103730_1914_00168,6,0,0,,,triagem/nome-caixa-conversao 1.0.0,27,ok
103730,per103730_1914_00168,7,0,0,,,triagem/nome-caixa-conversao 1.0.0,27,ok
103730,per103730_1914_00168,8,0,0,,,triagem/nome-caixa-conversao 1.0.0,27,ok
103730,per103730_1914_00168,9,1,1,caixa db conver,19470,triagem/nome-caixa-conversao 1.0.0,27,ok
103730,per103730_1914_00168,10,0,0,,,triagem/nome-caixa-conversao 1.0.0,27,ok
103730,per103730_1914_00168,11,0,0,,,triagem/nome-caixa-conversao 1.0.0,27,ok
103730,per103730_1914_00168,12,0,0,,,triagem/nome-caixa-conversao 1.0.0,27,ok
103730,per103730_1914_00169,1,0,0,,,triagem/nome-caixa-conversao 1.0.0,27,ok
103730,per103730_1914_00169,2,0,0,,,triagem/nome-caixa-conversao 1.0.0,27,ok
103730,per103730_1914_00169,3,0,0,,,triagem/nome-caixa-conversao 1.0.0,27,ok
103730,per103730_1914_00169,4,0,0,,,triagem/nome-caixa-conversao 1.0.0,27,ok
103730,per103730_1914_00169,5,0,0,,,triagem/nome-caixa-conversao 1.0.0,27,ok
103730,per103730_1914_00169,6,0,0,,,triagem/nome-caixa-conversao 1.0.0,27,ok
103730,per103730_1914_00169,7,0,0,,,triagem/nome-caixa-conversao 1.0.0,27,ok
103730,per103730_1914_00169,8,0,0,,,triagem/nome-caixa-conversao 1.0.0,27,ok
103730,per103730_1914_00169,9,0,0,,,triagem/nome-caixa-conversao 1.0.0,27,ok
103730,per103730_1914_00169,10,0,0,,,triagem/nome-caixa-conversao 1.0.0,27,ok
103730,per103730_1914_00170,1,0,0,,,triagem/nome-caixa-conversao 1.0.0,27,ok
103730,per103730_1914_00170,2,0,0,,,triagem/nome-caixa-conversao 1.0.0,27,ok
103730,per103730_1914_00170,3,0,0,,,triagem/nome-caixa-conversao 1.0.0,27,ok
103730,per103730_1914_00170,4,0,0,,,triagem/nome-caixa-conversao 1.0.0,27,ok
103730,per103730_1914_00170,5,0,0,,,triagem/nome-caixa-conversao 1.0.0,27,ok
103730,per103730_1914_00170,6,0,0,,,triagem/nome-caixa-conversao 1.0.0,27,ok
103730,per103730_1914_00170,7,0,0,,,triagem/nome-caixa-conversao 1.0.0,27,ok
103730,per103730_1914_00170,8,0,0,,,triagem/nome-caixa-conversao 1.0.0,27,ok
103730,per103730_1914_00171,1,0,0,,,triagem/nome-caixa-conversao 1.0.0,27,ok
103730,per103730_1914_00171,2,0,0,,,triagem/nome-caixa-conversao 1.0.0,27,ok
103730,per103730_1914_00171,3,0,0,,,triagem/nome-caixa-conversao 1.0.0,27,ok
103730,per103730_1914_00171,4,0,0,,,triagem/nome-caixa-conversao 1.0.0,27,ok
103730,per103730_1914_00171,5,0,0,,,triagem/nome-caixa-conversao 1.0.0,27,ok
103730,per103730_1914_00171,6,0,0,,,triagem/nome-caixa-conversao 1.0.0,27,ok
103730,per103730_1914_00171,7,0,0,,,triagem/nome-caixa-conversao 1.0.0,27,ok
103730,per103730_1914_00171,8,0,0,,,triagem/nome-caixa-conversao 1.0.0,27,ok
103730,per103730_1914_00171,9,0,0,,,triagem/nome-caixa-conversao 1.0.0,27,ok
103730,per103730_1914_00171,10,0,0,,,triagem/nome-caixa-conversao 1.0.0,27,ok
103730,per103730_1914_00171,11,0,0,,,triagem/nome-caixa-conversao 1.0.0,27,ok
103730,per103730_1914_00171,12,0,0,,,triagem/nome-caixa-conversao 1.0.0,27,ok
103730,per103730_1914_00171,13,1,2,caixa de conver,19006,triagem/nome-caixa-conversao 1.0.0,27,ok
103730,per103730_1914_00171,14,0,0,,,triagem/nome-caixa-conversao 1.0.0,27,ok
103730,per103730_1914_00171,15,0,0,,,triagem/nome-caixa-conversao 1.0.0,27,ok
103730,per103730_1914_00171,16,0,0,,,triagem/nome-caixa-conversao 1.0.0,27,ok
103730,per103730_1914_00172,1,0,0,,,triagem/nome-caixa-conversao 1.0.0,27,ok
103730,per103730_1914_00172,2,0,0,,,triagem/nome-caixa-conversao 1.0.0,27,ok
103730,per103730_1914_00172,3,0,0,,,triagem/nome-caixa-conversao 1.0.0,27,ok
103730,per103730_1914_00172,4,0,0,,,triagem/nome-caixa-conversao 1.0.0,27,ok
103730,per103730_1914_00172,5,0,0,,,triagem/nome-caixa-conversao 1.0.0,27,ok
103730,per103730_1914_00172,6,0,0,,,triagem/nome-caixa-conversao 1.0.0,27,ok
103730,per103730_1914_00172,7,0,0,,,triagem/nome-caixa-conversao 1.0.0,27,ok
103730,per103730_1914_00172,8,0,0,,,triagem/nome-caixa-conversao 1.0.0,27,ok
103730,per103730_1914_00172,9,0,0,,,triagem/nome-caixa-conversao 1.0.0,27,ok
103730,per103730_1914_00172,10,0,0,,,triagem/nome-caixa-conversao 1.0.0,27,ok
103730,per103730_1914_00173,1,0,0,,,triagem/nome-caixa-conversao 1.0.0,27,ok
103730,per103730_1914_00173,2,0,0,,,triagem/nome-caixa-conversao 1.0.0,27,ok
103730,per103730_1914_00173,3,0,0,,,triagem/nome-caixa-conversao 1.0.0,27,ok
103730,per103730_1914_00173,4,0,0,,,triagem/nome-caixa-conversao 1.0.0,27,ok
103730,per103730_1914_00173,5,0,0,,,triagem/nome-caixa-conversao 1.0.0,27,ok
103730,per103730_1914_00173,6,0,0,,,triagem/nome-caixa-conversao 1.0.0,27,ok
103730,per103730_1914_00173,7,0,0,,,triagem/nome-caixa-conversao 1.0.0,27,ok
103730,per103730_1914_00173,8,0,0,,,triagem/nome-caixa-conversao 1.0.0,27,ok
103730,per103730_1914_00174,1,0,0,,,triagem/nome-caixa-conversao 1.0.0,27,ok
103730,per103730_1914_00174,2,0,0,,,triagem/nome-caixa-conversao 1.0.0,27,ok
103730,per103730_1914_00174,3,0,0,,,triagem/nome-caixa-conversao 1.0.0,27,ok
103730,per103730_1914_00174,4,0,0,,,triagem/nome-caixa-conversao 1.0.0,27,ok
103730,per103730_1914_00174,5,0,0,,,triagem/nome-caixa-conversao 1.0.0,27,ok
103730,per103730_1914_00174,6,0,0,,,triagem/nome-caixa-conversao 1.0.0,27,ok
103730,per103730_1914_00174,7,0,0,,,triagem/nome-caixa-conversao 1.0.0,27,ok
103730,per103730_1914_00174,8,0,0,,,triagem/nome-caixa-conversao 1.0.0,27,ok
103730,per103730_1914_00174,9,0,0,,,triagem/nome-caixa-conversao 1.0.0,27,ok
103730,per103730_1914_00174,10,0,0,,,triagem/nome-caixa-conversao 1.0.0,27,ok
103730,per103730_1914_00175,1,0,0,,,triagem/nome-caixa-conversao 1.0.0,27,ok
103730,per103730_1914_00175,2,0,0,,,triagem/nome-caixa-conversao 1.0.0,27,ok
103730,per103730_1914_00175,3,0,0,,,triagem/nome-caixa-conversao 1.0.0,27,ok
103730,per103730_1914_00175,4,0,0,,,triagem/nome-caixa-conversao 1.0.0,27,ok
103730,per103730_1914_00175,5,0,0,,,triagem/nome-caixa-conversao 1.0.0,27,ok
103730,per103730_1914_00175,6,0,0,,,triagem/nome-caixa-conversao 1.0.0,27,ok
103730,per103730_1914_00175,7,0,0,,,triagem/nome-caixa-conversao 1.0.0,27,ok
103730,per103730_1914_00175,8,0,0,,,triagem/nome-caixa-conversao 1.0.0,27,ok
103730,per103730_1914_00175,9,0,0,,,triagem/nome-caixa-conversao 1.0.0,27,ok
103730,per103730_1914_00175,10,0,0,,,triagem/nome-caixa-conversao 1.0.0,27,ok
103730,per103730_1914_00176,1,0,0,,,triagem/nome-caixa-conversao 1.0.0,27,ok
103730,per103730_1914_00176,2,0,0,,,triagem/nome-caixa-conversao 1.0.0,27,ok
103730,per103730_1914_00176,3,0,0,,,triagem/nome-caixa-conversao 1.0.0,27,ok
103730,per103730_1914_00176,4,0,0,,,triagem/nome-caixa-conversao 1.0.0,27,ok
103730,per103730_1914_00176,5,0,0,,,triagem/nome-caixa-conversao 1.0.0,27,ok
103730,per103730_1914_00176,6,0,0,,,triagem/nome-caixa-conversao 1.0.0,27,ok
103730,per103730_1914_00176,7,0,0,,,triagem/nome-caixa-conversao 1.0.0,27,ok
103730,per103730_1914_00176,8,0,0,,,triagem/nome-caixa-conversao 1.0.0,27,ok
103730,per103730_1914_00176,9,0,0,,,triagem/nome-caixa-conversao 1.0.0,27,ok
103730,per103730_1914_00176,10,0,0,,,triagem/nome-caixa-conversao 1.0.0,27,ok
103730,per103730_1914_00177,1,0,0,,,triagem/nome-caixa-conversao 1.0.0,27,ok
103730,per103730_1914_00177,2,0,0,,,triagem/nome-caixa-conversao 1.0.0,27,ok
103730,per103730_1914_00177,3,0,0,,,triagem/nome-caixa-conversao 1.0.0,27,ok
103730,per103730_1914_00177,4,0,0,,,triagem/nome-caixa-conversao 1.0.0,27,ok
103730,per103730_1914_00177,5,0,0,,,triagem/nome-caixa-conversao 1.0.0,27,ok
103730,per103730_1914_00177,6,0,0,,,triagem/nome-caixa-conversao 1.0.0,27,ok
103730,per103730_1914_00177,7,0,0,,,triagem/nome-caixa-conversao 1.0.0,27,ok
103730,per103730_1914_00177,8,0,0,,,triagem/nome-caixa-conversao 1.0.0,27,ok
103730,per103730_1914_00178,1,0,0,,,triagem/nome-caixa-conversao 1.0.0,27,ok
103730,per103730_1914_00178,2,0,0,,,triagem/nome-caixa-conversao 1.0.0,27,ok
103730,per103730_1914_00178,3,0,0,,,triagem/nome-caixa-conversao 1.0.0,27,ok
103730,per103730_1914_00178,4,0,0,,,triagem/nome-caixa-conversao 1.0.0,27,ok
103730,per103730_1914_00178,5,0,0,,,triagem/nome-caixa-conversao 1.0.0,27,ok
103730,per103730_1914_00178,6,0,0,,,triagem/nome-caixa-conversao 1.0.0,27,ok
103730,per103730_1914_00178,7,0,0,,,triagem/nome-caixa-conversao 1.0.0,27,ok
103730,per103730_1914_00178,8,0,0,,,triagem/nome-caixa-conversao 1.0.0,27,ok
103730,per103730_1914_00178,9,0,0,,,triagem/nome-caixa-conversao 1.0.0,27,ok
103730,per103730_1914_00178,10,0,0,,,triagem/nome-caixa-conversao 1.0.0,27,ok
103730,per103730_1914_00178,11,0,0,,,triagem/nome-caixa-conversao 1.0.0,27,ok
103730,per103730_1914_00178,12,0,0,,,triagem/nome-caixa-conversao 1.0.0,27,ok
103730,per103730_1914_00178,13,0,0,,,triagem/nome-caixa-conversao 1.0.0,27,ok
103730,per103730_1914_00178,14,0,0,,,triagem/nome-caixa-conversao 1.0.0,27,ok
103730,per103730_1914_00178,15,0,0,,,triagem/nome-caixa-conversao 1.0.0,27,ok
103730,per103730_1914_00178,16,0,0,,,triagem/nome-caixa-conversao 1.0.0,27,ok
103730,per103730_1914_00179,1,0,0,,,triagem/nome-caixa-conversao 1.0.0,27,ok
103730,per103730_1914_00179,2,0,0,,,triagem/nome-caixa-conversao 1.0.0,27,ok
103730,per103730_1914_00179,3,0,0,,,triagem/nome-caixa-conversao 1.0.0,27,ok
103730,per103730_1914_00179,4,0,0,,,triagem/nome-caixa-conversao 1.0.0,27,ok
103730,per103730_1914_00179,5,0,0,,,triagem/nome-caixa-conversao 1.0.0,27,ok
103730,per103730_1914_00179,6,0,0,,,triagem/nome-caixa-conversao 1.0.0,27,ok
103730,per103730_1914_00179,7,0,0,,,triagem/nome-caixa-conversao 1.0.0,27,ok
103730,per103730_1914_00179,8,0,0,,,triagem/nome-caixa-conversao 1.0.0,27,ok
103730,per103730_1914_00179,9,0,0,,,triagem/nome-caixa-conversao 1.0.0,27,ok
103730,per103730_1914_00179,10,0,0,,,triagem/nome-caixa-conversao 1.0.0,27,ok
103730,per103730_1914_00180,1,0,0,,,triagem/nome-caixa-conversao 1.0.0,27,ok
103730,per103730_1914_00180,2,0,0,,,triagem/nome-caixa-conversao 1.0.0,27,ok
103730,per103730_1914_00180,3,0,0,,,triagem/nome-caixa-conversao 1.0.0,27,ok
103730,per103730_1914_00180,4,0,0,,,triagem/nome-caixa-conversao 1.0.0,27,ok
103730,per103730_1914_00180,5,0,0,,,triagem/nome-caixa-conversao 1.0.0,27,ok
103730,per103730_1914_00180,6,0,0,,,triagem/nome-caixa-conversao 1.0.0,27,ok
103730,per103730_1914_00180,7,0,0,,,triagem/nome-caixa-conversao 1.0.0,27,ok
103730,per103730_1914_00180,8,0,0,,,triagem/nome-caixa-conversao 1.0.0,27,ok
103730,per103730_1914_00183,1,0,0,,,triagem/nome-caixa-conversao 1.0.0,27,ok
103730,per103730_1914_00183,2,0,0,,,triagem/nome-caixa-conversao 1.0.0,27,ok
103730,per103730_1914_00183,3,0,0,,,triagem/nome-caixa-conversao 1.0.0,27,ok
103730,per103730_1914_00183,4,0,0,,,triagem/nome-caixa-conversao 1.0.0,27,ok
103730,per103730_1914_00183,5,0,0,,,triagem/nome-caixa-conversao 1.0.0,27,ok
103730,per103730_1914_00183,6,0,0,,,triagem/nome-caixa-conversao 1.0.0,27,ok
103730,per103730_1914_00183,7,0,0,,,triagem/nome-caixa-conversao 1.0.0,27,ok
103730,per103730_1914_00183,8,0,0,,,triagem/nome-caixa-conversao 1.0.0,27,ok
103730,per103730_1914_00183,9,0,0,,,triagem/nome-caixa-conversao 1.0.0,27,ok
103730,per103730_1914_00183,10,0,0,,,triagem/nome-caixa-conversao 1.0.0,27,ok
103730,per103730_1914_00184,1,0,0,,,triagem/nome-caixa-conversao 1.0.0,27,ok
103730,per103730_1914_00184,2,0,0,,,triagem/nome-caixa-conversao 1.0.0,27,ok
103730,per103730_1914_00184,3,0,0,,,triagem/nome-caixa-conversao 1.0.0,27,ok
103730,per103730_1914_00184,4,0,0,,,triagem/nome-caixa-conversao 1.0.0,27,ok
103730,per103730_1914_00184,5,0,0,,,triagem/nome-caixa-conversao 1.0.0,27,ok
103730,per103730_1914_00184,6,0,0,,,triagem/nome-caixa-conversao 1.0.0,27,ok
103730,per103730_1914_00184,7,0,0,,,triagem/nome-caixa-conversao 1.0.0,27,ok
103730,per103730_1914_00184,8,0,0,,,triagem/nome-caixa-conversao 1.0.0,27,ok
103730,per103730_1914_00184,9,0,0,,,triagem/nome-caixa-conversao 1.0.0,27,ok
103730,per103730_1914_00184,10,0,0,,,triagem/nome-caixa-conversao 1.0.0,27,ok
103730,per103730_1914_00185,1,0,0,,,triagem/nome-caixa-conversao 1.0.0,27,ok
103730,per103730_1914_00185,2,0,0,,,triagem/nome-caixa-conversao 1.0.0,27,ok
103730,per103730_1914_00185,3,0,0,,,triagem/nome-caixa-conversao 1.0.0,27,ok
103730,per103730_1914_00185,4,0,0,,,triagem/nome-caixa-conversao 1.0.0,27,ok
103730,per103730_1914_00185,5,0,0,,,triagem/nome-caixa-conversao 1.0.0,27,ok
103730,per103730_1914_00185,6,0,0,,,triagem/nome-caixa-conversao 1.0.0,27,ok
103730,per103730_1914_00185,7,0,0,,,triagem/nome-caixa-conversao 1.0.0,27,ok
103730,per103730_1914_00185,8,0,0,,,triagem/nome-caixa-conversao 1.0.0,27,ok
103730,per103730_1914_00185,9,0,0,,,triagem/nome-caixa-conversao 1.0.0,27,ok
103730,per103730_1914_00185,10,0,0,,,triagem/nome-caixa-conversao 1.0.0,27,ok
103730,per103730_1914_00185,11,0,0,,,triagem/nome-caixa-conversao 1.0.0,27,ok
103730,per103730_1914_00185,12,0,0,,,triagem/nome-caixa-conversao 1.0.0,27,ok
103730,per103730_1914_00185,13,0,0,,,triagem/nome-caixa-conversao 1.0.0,27,ok
103730,per103730_1914_00185,14,0,0,,,triagem/nome-caixa-conversao 1.0.0,27,ok
103730,per103730_1914_00186,1,0,0,,,triagem/nome-caixa-conversao 1.0.0,27,ok
103730,per103730_1914_00186,2,0,0,,,triagem/nome-caixa-conversao 1.0.0,27,ok
103730,per103730_1914_00186,3,0,0,,,triagem/nome-caixa-conversao 1.0.0,27,ok
103730,per103730_1914_00186,4,0,0,,,triagem/nome-caixa-conversao 1.0.0,27,ok
103730,per103730_1914_00186,5,0,0,,,triagem/nome-caixa-conversao 1.0.0,27,ok
103730,per103730_1914_00186,6,0,0,,,triagem/nome-caixa-conversao 1.0.0,27,ok
103730,per103730_1914_00186,7,0,0,,,triagem/nome-caixa-conversao 1.0.0,27,ok
103730,per103730_1914_00186,8,0,0,,,triagem/nome-caixa-conversao 1.0.0,27,ok
103730,per103730_1914_00187,1,0,0,,,triagem/nome-caixa-conversao 1.0.0,27,ok
103730,per103730_1914_00187,2,0,0,,,triagem/nome-caixa-conversao 1.0.0,27,ok
103730,per103730_1914_00187,3,0,0,,,triagem/nome-caixa-conversao 1.0.0,27,ok
103730,per103730_1914_00187,4,0,0,,,triagem/nome-caixa-conversao 1.0.0,27,ok
103730,per103730_1914_00187,5,0,0,,,triagem/nome-caixa-conversao 1.0.0,27,ok
103730,per103730_1914_00187,6,0,0,,,triagem/nome-caixa-conversao 1.0.0,27,ok
103730,per103730_1914_00187,7,0,0,,,triagem/nome-caixa-conversao 1.0.0,27,ok
103730,per103730_1914_00187,8,0,0,,,triagem/nome-caixa-conversao 1.0.0,27,ok
103730,per103730_1914_00187,9,0,0,,,triagem/nome-caixa-conversao 1.0.0,27,ok
103730,per103730_1914_00187,10,0,0,,,triagem/nome-caixa-conversao 1.0.0,27,ok
103730,per103730_1914_00188,1,0,0,,,triagem/nome-caixa-conversao 1.0.0,27,ok
103730,per103730_1914_00188,2,0,0,,,triagem/nome-caixa-conversao 1.0.0,27,ok
103730,per103730_1914_00188,3,0,0,,,triagem/nome-caixa-conversao 1.0.0,27,ok
103730,per103730_1914_00188,4,0,0,,,triagem/nome-caixa-conversao 1.0.0,27,ok
103730,per103730_1914_00188,5,0,0,,,triagem/nome-caixa-conversao 1.0.0,27,ok
103730,per103730_1914_00188,6,0,0,,,triagem/nome-caixa-conversao 1.0.0,27,ok
103730,per103730_1914_00188,7,0,0,,,triagem/nome-caixa-conversao 1.0.0,27,ok
103730,per103730_1914_00188,8,0,0,,,triagem/nome-caixa-conversao 1.0.0,27,ok
103730,per103730_1914_00188,9,0,0,,,triagem/nome-caixa-conversao 1.0.0,27,ok
103730,per103730_1914_00188,10,0,0,,,triagem/nome-caixa-conversao 1.0.0,27,ok
103730,per103730_1914_00189,1,1,1,caixa do conver,11652,triagem/nome-caixa-conversao 1.0.0,27,ok
103730,per103730_1914_00189,2,0,0,,,triagem/nome-caixa-conversao 1.0.0,27,ok
103730,per103730_1914_00189,3,0,0,,,triagem/nome-caixa-conversao 1.0.0,27,ok
103730,per103730_1914_00189,4,0,0,,,triagem/nome-caixa-conversao 1.0.0,27,ok
103730,per103730_1914_00189,5,0,0,,,triagem/nome-caixa-conversao 1.0.0,27,ok
103730,per103730_1914_00189,6,0,0,,,triagem/nome-caixa-conversao 1.0.0,27,ok
103730,per103730_1914_00189,7,0,0,,,triagem/nome-caixa-conversao 1.0.0,27,ok
103730,per103730_1914_00189,8,0,0,,,triagem/nome-caixa-conversao 1.0.0,27,ok
103730,per103730_1914_00190,1,0,0,,,triagem/nome-caixa-conversao 1.0.0,27,ok
103730,per103730_1914_00190,2,0,0,,,triagem/nome-caixa-conversao 1.0.0,27,ok
103730,per103730_1914_00190,3,0,0,,,triagem/nome-caixa-conversao 1.0.0,27,ok
103730,per103730_1914_00190,4,0,0,,,triagem/nome-caixa-conversao 1.0.0,27,ok
103730,per103730_1914_00190,5,0,0,,,triagem/nome-caixa-conversao 1.0.0,27,ok
103730,per103730_1914_00190,6,0,0,,,triagem/nome-caixa-conversao 1.0.0,27,ok
103730,per103730_1914_00190,7,0,0,,,triagem/nome-caixa-conversao 1.0.0,27,ok
103730,per103730_1914_00190,8,0,0,,,triagem/nome-caixa-conversao 1.0.0,27,ok
103730,per103730_1914_00191,1,0,0,,,triagem/nome-caixa-conversao 1.0.0,27,ok
103730,per103730_1914_00191,2,0,0,,,triagem/nome-caixa-conversao 1.0.0,27,ok
103730,per103730_1914_00191,3,0,0,,,triagem/nome-caixa-conversao 1.0.0,27,ok
103730,per103730_1914_00191,4,0,0,,,triagem/nome-caixa-conversao 1.0.0,27,ok
103730,per103730_1914_00191,5,0,0,,,triagem/nome-caixa-conversao 1.0.0,27,ok
103730,per103730_1914_00191,6,0,0,,,triagem/nome-caixa-conversao 1.0.0,27,ok
103730,per103730_1914_00191,7,0,0,,,triagem/nome-caixa-conversao 1.0.0,27,ok
103730,per103730_1914_00191,8,0,0,,,triagem/nome-caixa-conversao 1.0.0,27,ok
103730,per103730_1914_00192,1,0,0,,,triagem/nome-caixa-conversao 1.0.0,27,ok
103730,per103730_1914_00192,2,0,0,,,triagem/nome-caixa-conversao 1.0.0,27,ok
103730,per103730_1914_00192,3,0,0,,,triagem/nome-caixa-conversao 1.0.0,27,ok
103730,per103730_1914_00192,4,0,0,,,triagem/nome-caixa-conversao 1.0.0,27,ok
103730,per103730_1914_00192,5,0,0,,,triagem/nome-caixa-conversao 1.0.0,27,ok
103730,per103730_1914_00192,6,0,0,,,triagem/nome-caixa-conversao 1.0.0,27,ok
103730,per103730_1914_00192,7,0,0,,,triagem/nome-caixa-conversao 1.0.0,27,ok
103730,per103730_1914_00192,8,0,0,,,triagem/nome-caixa-conversao 1.0.0,27,ok
103730,per103730_1914_00192,9,0,0,,,triagem/nome-caixa-conversao 1.0.0,27,ok
103730,per103730_1914_00192,10,0,0,,,triagem/nome-caixa-conversao 1.0.0,27,ok
103730,per103730_1914_00192,11,0,0,,,triagem/nome-caixa-conversao 1.0.0,27,ok
103730,per103730_1914_00192,12,0,0,,,triagem/nome-caixa-conversao 1.0.0,27,ok
103730,per103730_1914_00192,13,0,0,,,triagem/nome-caixa-conversao 1.0.0,27,ok
103730,per103730_1914_00192,14,0,0,,,triagem/nome-caixa-conversao 1.0.0,27,ok
103730,per103730_1914_00193,1,1,1,caixa db conver,27378,triagem/nome-caixa-conversao 1.0.0,27,ok
103730,per103730_1914_00193,2,0,0,,,triagem/nome-caixa-conversao 1.0.0,27,ok
103730,per103730_1914_00193,3,0,0,,,triagem/nome-caixa-conversao 1.0.0,27,ok
103730,per103730_1914_00193,4,0,0,,,triagem/nome-caixa-conversao 1.0.0,27,ok
103730,per103730_1914_00193,5,0,0,,,triagem/nome-caixa-conversao 1.0.0,27,ok
103730,per103730_1914_00193,6,0,0,,,triagem/nome-caixa-conversao 1.0.0,27,ok
103730,per103730_1914_00193,7,0,0,,,triagem/nome-caixa-conversao 1.0.0,27,ok
103730,per103730_1914_00193,8,0,0,,,triagem/nome-caixa-conversao 1.0.0,27,ok
103730,per103730_1914_00194,1,0,0,,,triagem/nome-caixa-conversao 1.0.0,27,ok
103730,per103730_1914_00194,2,0,0,,,triagem/nome-caixa-conversao 1.0.0,27,ok
103730,per103730_1914_00194,3,0,0,,,triagem/nome-caixa-conversao 1.0.0,27,ok
103730,per103730_1914_00194,4,0,0,,,triagem/nome-caixa-conversao 1.0.0,27,ok
103730,per103730_1914_00194,5,0,0,,,triagem/nome-caixa-conversao 1.0.0,27,ok
103730,per103730_1914_00194,6,0,0,,,triagem/nome-caixa-conversao 1.0.0,27,ok
103730,per103730_1914_00194,7,0,0,,,triagem/nome-caixa-conversao 1.0.0,27,ok
103730,per103730_1914_00194,8,0,0,,,triagem/nome-caixa-conversao 1.0.0,27,ok
103730,per103730_1914_00194,9,0,0,,,triagem/nome-caixa-conversao 1.0.0,27,ok
103730,per103730_1914_00194,10,0,0,,,triagem/nome-caixa-conversao 1.0.0,27,ok
103730,per103730_1914_00195,1,0,0,,,triagem/nome-caixa-conversao 1.0.0,27,ok
103730,per103730_1914_00195,2,0,0,,,triagem/nome-caixa-conversao 1.0.0,27,ok
103730,per103730_1914_00195,3,0,0,,,triagem/nome-caixa-conversao 1.0.0,27,ok
103730,per103730_1914_00195,4,1,2,caixa de conver,23072,triagem/nome-caixa-conversao 1.0.0,27,ok
103730,per103730_1914_00195,5,0,0,,,triagem/nome-caixa-conversao 1.0.0,27,ok
103730,per103730_1914_00195,6,0,0,,,triagem/nome-caixa-conversao 1.0.0,27,ok
103730,per103730_1914_00195,7,1,1,caixa da conver,40248,triagem/nome-caixa-conversao 1.0.0,27,ok
103730,per103730_1914_00195,8,0,0,,,triagem/nome-caixa-conversao 1.0.0,27,ok
103730,per103730_1914_00195,9,0,0,,,triagem/nome-caixa-conversao 1.0.0,27,ok
103730,per103730_1914_00195,10,0,0,,,triagem/nome-caixa-conversao 1.0.0,27,ok
103730,per103730_1914_00196,1,0,0,,,triagem/nome-caixa-conversao 1.0.0,27,ok
103730,per103730_1914_00196,2,0,0,,,triagem/nome-caixa-conversao 1.0.0,27,ok
103730,per103730_1914_00196,3,1,1,caixa dc conver,26948,triagem/nome-caixa-conversao 1.0.0,27,ok
103730,per103730_1914_00196,4,0,0,,,triagem/nome-caixa-conversao 1.0.0,27,ok
103730,per103730_1914_00196,5,0,0,,,triagem/nome-caixa-conversao 1.0.0,27,ok
103730,per103730_1914_00196,6,0,0,,,triagem/nome-caixa-conversao 1.0.0,27,ok
103730,per103730_1914_00196,7,0,0,,,triagem/nome-caixa-conversao 1.0.0,27,ok
103730,per103730_1914_00196,8,0,0,,,triagem/nome-caixa-conversao 1.0.0,27,ok
103730,per103730_1914_00196,9,0,0,,,triagem/nome-caixa-conversao 1.0.0,27,ok
103730,per103730_1914_00196,10,0,0,,,triagem/nome-caixa-conversao 1.0.0,27,ok
103730,per103730_1914_00197,1,0,0,,,triagem/nome-caixa-conversao 1.0.0,27,ok
103730,per103730_1914_00197,2,0,0,,,triagem/nome-caixa-conversao 1.0.0,27,ok
103730,per103730_1914_00197,3,0,0,,,triagem/nome-caixa-conversao 1.0.0,27,ok
103730,per103730_1914_00197,4,0,0,,,triagem/nome-caixa-conversao 1.0.0,27,ok
103730,per103730_1914_00197,5,0,0,,,triagem/nome-caixa-conversao 1.0.0,27,ok
103730,per103730_1914_00197,6,0,0,,,triagem/nome-caixa-conversao 1.0.0,27,ok
103730,per103730_1914_00197,7,0,0,,,triagem/nome-caixa-conversao 1.0.0,27,ok
103730,per103730_1914_00197,8,0,0,,,triagem/nome-caixa-conversao 1.0.0,27,ok
103730,per103730_1914_00198,1,0,0,,,triagem/nome-caixa-conversao 1.0.0,27,ok
103730,per103730_1914_00198,2,0,0,,,triagem/nome-caixa-conversao 1.0.0,27,ok
103730,per103730_1914_00198,3,0,0,,,triagem/nome-caixa-conversao 1.0.0,27,ok
103730,per103730_1914_00198,4,0,0,,,triagem/nome-caixa-conversao 1.0.0,27,ok
103730,per103730_1914_00198,5,0,0,,,triagem/nome-caixa-conversao 1.0.0,27,ok
103730,per103730_1914_00198,6,0,0,,,triagem/nome-caixa-conversao 1.0.0,27,ok
103730,per103730_1914_00198,7,0,0,,,triagem/nome-caixa-conversao 1.0.0,27,ok
103730,per103730_1914_00198,8,0,0,,,triagem/nome-caixa-conversao 1.0.0,27,ok
103730,per103730_1914_00199,1,0,0,,,triagem/nome-caixa-conversao 1.0.0,27,ok
103730,per103730_1914_00199,2,0,0,,,triagem/nome-caixa-conversao 1.0.0,27,ok
103730,per103730_1914_00199,3,0,0,,,triagem/nome-caixa-conversao 1.0.0,27,ok
103730,per103730_1914_00199,4,0,0,,,triagem/nome-caixa-conversao 1.0.0,27,ok
103730,per103730_1914_00199,5,0,0,,,triagem/nome-caixa-conversao 1.0.0,27,ok
103730,per103730_1914_00199,6,0,0,,,triagem/nome-caixa-conversao 1.0.0,27,ok
103730,per103730_1914_00199,7,1,1,caixa de conver,22529,triagem/nome-caixa-conversao 1.0.0,27,ok
103730,per103730_1914_00199,8,0,0,,,triagem/nome-caixa-conversao 1.0.0,27,ok
103730,per103730_1914_00199,9,0,0,,,triagem/nome-caixa-conversao 1.0.0,27,ok
103730,per103730_1914_00199,10,0,0,,,triagem/nome-caixa-conversao 1.0.0,27,ok
103730,per103730_1914_00199,11,0,0,,,triagem/nome-caixa-conversao 1.0.0,27,ok
103730,per103730_1914_00199,12,0,0,,,triagem/nome-caixa-conversao 1.0.0,27,ok
103730,per103730_1914_00199,13,0,0,,,triagem/nome-caixa-conversao 1.0.0,27,ok
103730,per103730_1914_00199,14,0,0,,,triagem/nome-caixa-conversao 1.0.0,27,ok
103730,per103730_1914_00200,1,0,0,,,triagem/nome-caixa-conversao 1.0.0,27,ok
103730,per103730_1914_00200,2,0,0,,,triagem/nome-caixa-conversao 1.0.0,27,ok
103730,per103730_1914_00200,3,0,0,,,triagem/nome-caixa-conversao 1.0.0,27,ok
103730,per103730_1914_00200,4,0,0,,,triagem/nome-caixa-conversao 1.0.0,27,ok
103730,per103730_1914_00200,5,0,0,,,triagem/nome-caixa-conversao 1.0.0,27,ok
103730,per103730_1914_00200,6,0,0,,,triagem/nome-caixa-conversao 1.0.0,27,ok
103730,per103730_1914_00200,7,0,0,,,triagem/nome-caixa-conversao 1.0.0,27,ok
103730,per103730_1914_00200,8,0,0,,,triagem/nome-caixa-conversao 1.0.0,27,ok
103730,per103730_1914_00201,1,0,0,,,triagem/nome-caixa-conversao 1.0.0,27,ok
103730,per103730_1914_00201,2,0,0,,,triagem/nome-caixa-conversao 1.0.0,27,ok
103730,per103730_1914_00201,3,0,0,,,triagem/nome-caixa-conversao 1.0.0,27,ok
103730,per103730_1914_00201,4,0,0,,,triagem/nome-caixa-conversao 1.0.0,27,ok
103730,per103730_1914_00201,5,0,0,,,triagem/nome-caixa-conversao 1.0.0,27,ok
103730,per103730_1914_00201,6,0,0,,,triagem/nome-caixa-conversao 1.0.0,27,ok
103730,per103730_1914_00201,7,0,0,,,triagem/nome-caixa-conversao 1.0.0,27,ok
103730,per103730_1914_00201,8,0,0,,,triagem/nome-caixa-conversao 1.0.0,27,ok
103730,per103730_1914_00202,1,0,0,,,triagem/nome-caixa-conversao 1.0.0,27,ok
103730,per103730_1914_00202,2,0,0,,,triagem/nome-caixa-conversao 1.0.0,27,ok
103730,per103730_1914_00202,3,0,0,,,triagem/nome-caixa-conversao 1.0.0,27,ok
103730,per103730_1914_00202,4,0,0,,,triagem/nome-caixa-conversao 1.0.0,27,ok
103730,per103730_1914_00202,5,0,0,,,triagem/nome-caixa-conversao 1.0.0,27,ok
103730,per103730_1914_00202,6,0,0,,,triagem/nome-caixa-conversao 1.0.0,27,ok
103730,per103730_1914_00202,7,0,0,,,triagem/nome-caixa-conversao 1.0.0,27,ok
103730,per103730_1914_00202,8,0,0,,,triagem/nome-caixa-conversao 1.0.0,27,ok
103730,per103730_1914_00202,9,0,0,,,triagem/nome-caixa-conversao 1.0.0,27,ok
103730,per103730_1914_00202,10,0,0,,,triagem/nome-caixa-conversao 1.0.0,27,ok
103730,per103730_1914_00203,1,0,0,,,triagem/nome-caixa-conversao 1.0.0,27,ok
103730,per103730_1914_00203,2,0,0,,,triagem/nome-caixa-conversao 1.0.0,27,ok
103730,per103730_1914_00203,3,0,0,,,triagem/nome-caixa-conversao 1.0.0,27,ok
103730,per103730_1914_00203,4,0,0,,,triagem/nome-caixa-conversao 1.0.0,27,ok
103730,per103730_1914_00203,5,0,0,,,triagem/nome-caixa-conversao 1.0.0,27,ok
103730,per103730_1914_00203,6,0,0,,,triagem/nome-caixa-conversao 1.0.0,27,ok
103730,per103730_1914_00203,7,0,0,,,triagem/nome-caixa-conversao 1.0.0,27,ok
103730,per103730_1914_00203,8,0,0,,,triagem/nome-caixa-conversao 1.0.0,27,ok
103730,per103730_1914_00203,9,0,0,,,triagem/nome-caixa-conversao 1.0.0,27,ok
103730,per103730_1914_00203,10,0,0,,,triagem/nome-caixa-conversao 1.0.0,27,ok
103730,per103730_1914_00204,1,0,0,,,triagem/nome-caixa-conversao 1.0.0,27,ok
103730,per103730_1914_00204,2,0,0,,,triagem/nome-caixa-conversao 1.0.0,27,ok
103730,per103730_1914_00204,3,0,0,,,triagem/nome-caixa-conversao 1.0.0,27,ok
103730,per103730_1914_00204,4,0,0,,,triagem/nome-caixa-conversao 1.0.0,27,ok
103730,per103730_1914_00204,5,0,0,,,triagem/nome-caixa-conversao 1.0.0,27,ok
103730,per103730_1914_00204,6,0,0,,,triagem/nome-caixa-conversao 1.0.0,27,ok
103730,per103730_1914_00204,7,0,0,,,triagem/nome-caixa-conversao 1.0.0,27,ok
103730,per103730_1914_00204,8,0,0,,,triagem/nome-caixa-conversao 1.0.0,27,ok
103730,per103730_1914_00205,1,0,0,,,triagem/nome-caixa-conversao 1.0.0,27,ok
103730,per103730_1914_00205,2,0,0,,,triagem/nome-caixa-conversao 1.0.0,27,ok
103730,per103730_1914_00205,3,0,0,,,triagem/nome-caixa-conversao 1.0.0,27,ok
103730,per103730_1914_00205,4,0,0,,,triagem/nome-caixa-conversao 1.0.0,27,ok
103730,per103730_1914_00205,5,0,0,,,triagem/nome-caixa-conversao 1.0.0,27,ok
103730,per103730_1914_00205,6,0,0,,,triagem/nome-caixa-conversao 1.0.0,27,ok
103730,per103730_1914_00205,7,0,0,,,triagem/nome-caixa-conversao 1.0.0,27,ok
103730,per103730_1914_00205,8,0,0,,,triagem/nome-caixa-conversao 1.0.0,27,ok
103730,per103730_1914_00205,9,0,0,,,triagem/nome-caixa-conversao 1.0.0,27,ok
103730,per103730_1914_00205,10,0,0,,,triagem/nome-caixa-conversao 1.0.0,27,ok
103730,per103730_1914_00206,1,0,0,,,triagem/nome-caixa-conversao 1.0.0,27,ok
103730,per103730_1914_00206,2,0,0,,,triagem/nome-caixa-conversao 1.0.0,27,ok
103730,per103730_1914_00206,3,0,0,,,triagem/nome-caixa-conversao 1.0.0,27,ok
103730,per103730_1914_00206,4,0,0,,,triagem/nome-caixa-conversao 1.0.0,27,ok
103730,per103730_1914_00206,5,0,0,,,triagem/nome-caixa-conversao 1.0.0,27,ok
103730,per103730_1914_00206,6,0,0,,,triagem/nome-caixa-conversao 1.0.0,27,ok
103730,per103730_1914_00206,7,0,0,,,triagem/nome-caixa-conversao 1.0.0,27,ok
103730,per103730_1914_00206,8,0,0,,,triagem/nome-caixa-conversao 1.0.0,27,ok
103730,per103730_1914_00206,9,0,0,,,triagem/nome-caixa-conversao 1.0.0,27,ok
103730,per103730_1914_00206,10,0,0,,,triagem/nome-caixa-conversao 1.0.0,27,ok
103730,per103730_1914_00206,11,0,0,,,triagem/nome-caixa-conversao 1.0.0,27,ok
103730,per103730_1914_00206,12,0,0,,,triagem/nome-caixa-conversao 1.0.0,27,ok
103730,per103730_1914_00206,13,0,0,,,triagem/nome-caixa-conversao 1.0.0,27,ok
103730,per103730_1914_00206,14,0,0,,,triagem/nome-caixa-conversao 1.0.0,27,ok
103730,per103730_1914_00207,1,0,0,,,triagem/nome-caixa-conversao 1.0.0,27,ok
103730,per103730_1914_00207,2,0,0,,,triagem/nome-caixa-conversao 1.0.0,27,ok
103730,per103730_1914_00207,3,0,0,,,triagem/nome-caixa-conversao 1.0.0,27,ok
103730,per103730_1914_00207,4,0,0,,,triagem/nome-caixa-conversao 1.0.0,27,ok
103730,per103730_1914_00207,5,0,0,,,triagem/nome-caixa-conversao 1.0.0,27,ok
103730,per103730_1914_00207,6,0,0,,,triagem/nome-caixa-conversao 1.0.0,27,ok
103730,per103730_1914_00207,7,0,0,,,triagem/nome-caixa-conversao 1.0.0,27,ok
103730,per103730_1914_00207,8,0,0,,,triagem/nome-caixa-conversao 1.0.0,27,ok
103730,per103730_1914_00208,1,0,0,,,triagem/nome-caixa-conversao 1.0.0,27,ok
103730,per103730_1914_00208,2,0,0,,,triagem/nome-caixa-conversao 1.0.0,27,ok
103730,per103730_1914_00208,3,0,0,,,triagem/nome-caixa-conversao 1.0.0,27,ok
103730,per103730_1914_00208,4,0,0,,,triagem/nome-caixa-conversao 1.0.0,27,ok
103730,per103730_1914_00208,5,0,0,,,triagem/nome-caixa-conversao 1.0.0,27,ok
103730,per103730_1914_00208,6,0,0,,,triagem/nome-caixa-conversao 1.0.0,27,ok
103730,per103730_1914_00208,7,0,0,,,triagem/nome-caixa-conversao 1.0.0,27,ok
103730,per103730_1914_00208,8,0,0,,,triagem/nome-caixa-conversao 1.0.0,27,ok
103730,per103730_1914_00208,9,0,0,,,triagem/nome-caixa-conversao 1.0.0,27,ok
103730,per103730_1914_00208,10,0,0,,,triagem/nome-caixa-conversao 1.0.0,27,ok
103730,per103730_1914_00209,1,0,0,,,triagem/nome-caixa-conversao 1.0.0,27,ok
103730,per103730_1914_00209,2,0,0,,,triagem/nome-caixa-conversao 1.0.0,27,ok
103730,per103730_1914_00209,3,0,0,,,triagem/nome-caixa-conversao 1.0.0,27,ok
103730,per103730_1914_00209,4,0,0,,,triagem/nome-caixa-conversao 1.0.0,27,ok
103730,per103730_1914_00209,5,0,0,,,triagem/nome-caixa-conversao 1.0.0,27,ok
103730,per103730_1914_00209,6,0,0,,,triagem/nome-caixa-conversao 1.0.0,27,ok
103730,per103730_1914_00209,7,1,1,caixa de conver,26676,triagem/nome-caixa-conversao 1.0.0,27,ok
103730,per103730_1914_00209,8,0,0,,,triagem/nome-caixa-conversao 1.0.0,27,ok
103730,per103730_1914_00209,9,0,0,,,triagem/nome-caixa-conversao 1.0.0,27,ok
103730,per103730_1914_00209,10,0,0,,,triagem/nome-caixa-conversao 1.0.0,27,ok
103730,per103730_1914_00210,1,0,0,,,triagem/nome-caixa-conversao 1.0.0,27,ok
103730,per103730_1914_00210,2,0,0,,,triagem/nome-caixa-conversao 1.0.0,27,ok
103730,per103730_1914_00210,3,0,0,,,triagem/nome-caixa-conversao 1.0.0,27,ok
103730,per103730_1914_00210,4,0,0,,,triagem/nome-caixa-conversao 1.0.0,27,ok
103730,per103730_1914_00210,5,0,0,,,triagem/nome-caixa-conversao 1.0.0,27,ok
103730,per103730_1914_00210,6,0,0,,,triagem/nome-caixa-conversao 1.0.0,27,ok
103730,per103730_1914_00210,7,0,0,,,triagem/nome-caixa-conversao 1.0.0,27,ok
103730,per103730_1914_00210,8,0,0,,,triagem/nome-caixa-conversao 1.0.0,27,ok
103730,per103730_1914_00210,9,0,0,,,triagem/nome-caixa-conversao 1.0.0,27,ok
103730,per103730_1914_00210,10,0,0,,,triagem/nome-caixa-conversao 1.0.0,27,ok
103730,per103730_1914_00211,1,0,0,,,triagem/nome-caixa-conversao 1.0.0,27,ok
103730,per103730_1914_00211,2,0,0,,,triagem/nome-caixa-conversao 1.0.0,27,ok
103730,per103730_1914_00211,3,0,0,,,triagem/nome-caixa-conversao 1.0.0,27,ok
103730,per103730_1914_00211,4,0,0,,,triagem/nome-caixa-conversao 1.0.0,27,ok
103730,per103730_1914_00211,5,0,0,,,triagem/nome-caixa-conversao 1.0.0,27,ok
103730,per103730_1914_00211,6,0,0,,,triagem/nome-caixa-conversao 1.0.0,27,ok
103730,per103730_1914_00211,7,0,0,,,triagem/nome-caixa-conversao 1.0.0,27,ok
103730,per103730_1914_00211,8,0,0,,,triagem/nome-caixa-conversao 1.0.0,27,ok
103730,per103730_1914_00212,1,0,0,,,triagem/nome-caixa-conversao 1.0.0,27,ok
103730,per103730_1914_00212,2,0,0,,,triagem/nome-caixa-conversao 1.0.0,27,ok
103730,per103730_1914_00212,3,0,0,,,triagem/nome-caixa-conversao 1.0.0,27,ok
103730,per103730_1914_00212,4,1,1,caixa de conver,48025,triagem/nome-caixa-conversao 1.0.0,27,ok
103730,per103730_1914_00212,5,0,0,,,triagem/nome-caixa-conversao 1.0.0,27,ok
103730,per103730_1914_00212,6,0,0,,,triagem/nome-caixa-conversao 1.0.0,27,ok
103730,per103730_1914_00212,7,0,0,,,triagem/nome-caixa-conversao 1.0.0,27,ok
103730,per103730_1914_00212,8,0,0,,,triagem/nome-caixa-conversao 1.0.0,27,ok
103730,per103730_1914_00212,9,0,0,,,triagem/nome-caixa-conversao 1.0.0,27,ok
103730,per103730_1914_00212,10,0,0,,,triagem/nome-caixa-conversao 1.0.0,27,ok
103730,per103730_1914_00214,1,0,0,,,triagem/nome-caixa-conversao 1.0.0,27,ok
103730,per103730_1914_00214,2,0,0,,,triagem/nome-caixa-conversao 1.0.0,27,ok
103730,per103730_1914_00214,3,0,0,,,triagem/nome-caixa-conversao 1.0.0,27,ok
103730,per103730_1914_00214,4,0,0,,,triagem/nome-caixa-conversao 1.0.0,27,ok
103730,per103730_1914_00214,5,0,0,,,triagem/nome-caixa-conversao 1.0.0,27,ok
103730,per103730_1914_00214,6,0,0,,,triagem/nome-caixa-conversao 1.0.0,27,ok
103730,per103730_1914_00214,7,0,0,,,triagem/nome-caixa-conversao 1.0.0,27,ok
103730,per103730_1914_00214,8,0,0,,,triagem/nome-caixa-conversao 1.0.0,27,ok
103730,per103730_1914_00215,1,0,0,,,triagem/nome-caixa-conversao 1.0.0,27,ok
103730,per103730_1914_00215,2,1,2,caixa do conver,19032,triagem/nome-caixa-conversao 1.0.0,27,ok
103730,per103730_1914_00215,3,1,1,caixa de conver,27826,triagem/nome-caixa-conversao 1.0.0,27,ok
103730,per103730_1914_00215,4,0,0,,,triagem/nome-caixa-conversao 1.0.0,27,ok
103730,per103730_1914_00215,5,1,1,caixa de conver,14805,triagem/nome-caixa-conversao 1.0.0,27,ok
103730,per103730_1914_00215,6,0,0,,,triagem/nome-caixa-conversao 1.0.0,27,ok
103730,per103730_1914_00215,7,0,0,,,triagem/nome-caixa-conversao 1.0.0,27,ok
103730,per103730_1914_00215,8,0,0,,,triagem/nome-caixa-conversao 1.0.0,27,ok
103730,per103730_1914_00216,1,0,0,,,triagem/nome-caixa-conversao 1.0.0,27,ok
103730,per103730_1914_00216,2,0,0,,,triagem/nome-caixa-conversao 1.0.0,27,ok
103730,per103730_1914_00216,3,0,0,,,triagem/nome-caixa-conversao 1.0.0,27,ok
103730,per103730_1914_00216,4,0,0,,,triagem/nome-caixa-conversao 1.0.0,27,ok
103730,per103730_1914_00216,5,0,0,,,triagem/nome-caixa-conversao 1.0.0,27,ok
103730,per103730_1914_00216,6,0,0,,,triagem/nome-caixa-conversao 1.0.0,27,ok
103730,per103730_1914_00216,7,0,0,,,triagem/nome-caixa-conversao 1.0.0,27,ok
103730,per103730_1914_00216,8,0,0,,,triagem/nome-caixa-conversao 1.0.0,27,ok
103730,per103730_1914_00217,1,0,0,,,triagem/nome-caixa-conversao 1.0.0,27,ok
103730,per103730_1914_00217,2,0,0,,,triagem/nome-caixa-conversao 1.0.0,27,ok
103730,per103730_1914_00217,3,0,0,,,triagem/nome-caixa-conversao 1.0.0,27,ok
103730,per103730_1914_00217,4,1,1,caixa dc conver,20026,triagem/nome-caixa-conversao 1.0.0,27,ok
103730,per103730_1914_00217,5,1,2,caixa de conver,27339,triagem/nome-caixa-conversao 1.0.0,27,ok
103730,per103730_1914_00217,6,0,0,,,triagem/nome-caixa-conversao 1.0.0,27,ok
103730,per103730_1914_00217,7,0,0,,,triagem/nome-caixa-conversao 1.0.0,27,ok
103730,per103730_1914_00217,8,0,0,,,triagem/nome-caixa-conversao 1.0.0,27,ok
103730,per103730_1914_00218,1,0,0,,,triagem/nome-caixa-conversao 1.0.0,27,ok
103730,per103730_1914_00218,2,0,0,,,triagem/nome-caixa-conversao 1.0.0,27,ok
103730,per103730_1914_00218,3,0,0,,,triagem/nome-caixa-conversao 1.0.0,27,ok
103730,per103730_1914_00218,4,0,0,,,triagem/nome-caixa-conversao 1.0.0,27,ok
103730,per103730_1914_00218,5,0,0,,,triagem/nome-caixa-conversao 1.0.0,27,ok
103730,per103730_1914_00218,6,0,0,,,triagem/nome-caixa-conversao 1.0.0,27,ok
103730,per103730_1914_00218,7,0,0,,,triagem/nome-caixa-conversao 1.0.0,27,ok
103730,per103730_1914_00218,8,0,0,,,triagem/nome-caixa-conversao 1.0.0,27,ok
103730,per103730_1914_00219,1,0,0,,,triagem/nome-caixa-conversao 1.0.0,27,ok
103730,per103730_1914_00219,2,1,2,caixa do conver,13192,triagem/nome-caixa-conversao 1.0.0,27,ok
103730,per103730_1914_00219,3,0,0,,,triagem/nome-caixa-conversao 1.0.0,27,ok
103730,per103730_1914_00219,4,0,0,,,triagem/nome-caixa-conversao 1.0.0,27,ok
103730,per103730_1914_00219,5,0,0,,,triagem/nome-caixa-conversao 1.0.0,27,ok
103730,per103730_1914_00219,6,0,0,,,triagem/nome-caixa-conversao 1.0.0,27,ok
103730,per103730_1914_00220,1,0,0,,,triagem/nome-caixa-conversao 1.0.0,27,ok
103730,per103730_1914_00220,2,0,0,,,triagem/nome-caixa-conversao 1.0.0,27,ok
103730,per103730_1914_00220,3,0,0,,,triagem/nome-caixa-conversao 1.0.0,27,ok
103730,per103730_1914_00220,4,0,0,,,triagem/nome-caixa-conversao 1.0.0,27,ok
103730,per103730_1914_00220,5,0,0,,,triagem/nome-caixa-conversao 1.0.0,27,ok
103730,per103730_1914_00220,6,0,0,,,triagem/nome-caixa-conversao 1.0.0,27,ok
103730,per103730_1914_00220,7,0,0,,,triagem/nome-caixa-conversao 1.0.0,27,ok
103730,per103730_1914_00220,8,0,0,,,triagem/nome-caixa-conversao 1.0.0,27,ok
103730,per103730_1914_00220,9,0,0,,,triagem/nome-caixa-conversao 1.0.0,27,ok
103730,per103730_1914_00220,10,0,0,,,triagem/nome-caixa-conversao 1.0.0,27,ok
103730,per103730_1914_00221,1,0,0,,,triagem/nome-caixa-conversao 1.0.0,27,ok
103730,per103730_1914_00221,2,0,0,,,triagem/nome-caixa-conversao 1.0.0,27,ok
103730,per103730_1914_00221,3,0,0,,,triagem/nome-caixa-conversao 1.0.0,27,ok
103730,per103730_1914_00221,4,0,0,,,triagem/nome-caixa-conversao 1.0.0,27,ok
103730,per103730_1914_00221,5,0,0,,,triagem/nome-caixa-conversao 1.0.0,27,ok
103730,per103730_1914_00221,6,0,0,,,triagem/nome-caixa-conversao 1.0.0,27,ok
103730,per103730_1914_00222,1,0,0,,,triagem/nome-caixa-conversao 1.0.0,27,ok
103730,per103730_1914_00222,2,1,2,caixa de conver,9353,triagem/nome-caixa-conversao 1.0.0,27,ok
103730,per103730_1914_00222,3,0,0,,,triagem/nome-caixa-conversao 1.0.0,27,ok
103730,per103730_1914_00222,4,0,0,,,triagem/nome-caixa-conversao 1.0.0,27,ok
103730,per103730_1914_00222,5,0,0,,,triagem/nome-caixa-conversao 1.0.0,27,ok
103730,per103730_1914_00222,6,0,0,,,triagem/nome-caixa-conversao 1.0.0,27,ok
103730,per103730_1914_00223,1,0,0,,,triagem/nome-caixa-conversao 1.0.0,27,ok
103730,per103730_1914_00223,2,0,0,,,triagem/nome-caixa-conversao 1.0.0,27,ok
103730,per103730_1914_00223,3,0,0,,,triagem/nome-caixa-conversao 1.0.0,27,ok
103730,per103730_1914_00223,4,0,0,,,triagem/nome-caixa-conversao 1.0.0,27,ok
103730,per103730_1914_00223,5,0,0,,,triagem/nome-caixa-conversao 1.0.0,27,ok
103730,per103730_1914_00223,6,0,0,,,triagem/nome-caixa-conversao 1.0.0,27,ok
103730,per103730_1914_00224,1,0,0,,,triagem/nome-caixa-conversao 1.0.0,27,ok
103730,per103730_1914_00224,2,1,2,caixada conver,3886,triagem/nome-caixa-conversao 1.0.0,27,ok
103730,per103730_1914_00224,3,0,0,,,triagem/nome-caixa-conversao 1.0.0,27,ok
103730,per103730_1914_00224,4,0,0,,,triagem/nome-caixa-conversao 1.0.0,27,ok
103730,per103730_1914_00224,5,0,0,,,triagem/nome-caixa-conversao 1.0.0,27,ok
103730,per103730_1914_00224,6,0,0,,,triagem/nome-caixa-conversao 1.0.0,27,ok
103730,per103730_1914_00225,1,0,0,,,triagem/nome-caixa-conversao 1.0.0,27,ok
103730,per103730_1914_00225,2,0,0,,,triagem/nome-caixa-conversao 1.0.0,27,ok
103730,per103730_1914_00225,3,0,0,,,triagem/nome-caixa-conversao 1.0.0,27,ok
103730,per103730_1914_00225,4,0,0,,,triagem/nome-caixa-conversao 1.0.0,27,ok
103730,per103730_1914_00225,5,0,0,,,triagem/nome-caixa-conversao 1.0.0,27,ok
103730,per103730_1914_00225,6,0,0,,,triagem/nome-caixa-conversao 1.0.0,27,ok
103730,per103730_1914_00228,1,0,0,,,triagem/nome-caixa-conversao 1.0.0,27,ok
103730,per103730_1914_00228,2,0,0,,,triagem/nome-caixa-conversao 1.0.0,27,ok
103730,per103730_1914_00228,3,0,0,,,triagem/nome-caixa-conversao 1.0.0,27,ok
103730,per103730_1914_00228,4,0,0,,,triagem/nome-caixa-conversao 1.0.0,27,ok
103730,per103730_1914_00228,5,0,0,,,triagem/nome-caixa-conversao 1.0.0,27,ok
103730,per103730_1914_00228,6,0,0,,,triagem/nome-caixa-conversao 1.0.0,27,ok
103730,per103730_1914_00229,1,0,0,,,triagem/nome-caixa-conversao 1.0.0,27,ok
103730,per103730_1914_00229,2,0,0,,,triagem/nome-caixa-conversao 1.0.0,27,ok
103730,per103730_1914_00229,3,0,0,,,triagem/nome-caixa-conversao 1.0.0,27,ok
103730,per103730_1914_00229,4,0,0,,,triagem/nome-caixa-conversao 1.0.0,27,ok
103730,per103730_1914_00229,5,0,0,,,triagem/nome-caixa-conversao 1.0.0,27,ok
103730,per103730_1914_00229,6,0,0,,,triagem/nome-caixa-conversao 1.0.0,27,ok
103730,per103730_1914_00231,1,0,0,,,triagem/nome-caixa-conversao 1.0.0,27,ok
103730,per103730_1914_00231,2,0,0,,,triagem/nome-caixa-conversao 1.0.0,27,ok
103730,per103730_1914_00231,3,0,0,,,triagem/nome-caixa-conversao 1.0.0,27,ok
103730,per103730_1914_00231,4,0,0,,,triagem/nome-caixa-conversao 1.0.0,27,ok
103730,per103730_1914_00231,5,0,0,,,triagem/nome-caixa-conversao 1.0.0,27,ok
103730,per103730_1914_00231,6,0,0,,,triagem/nome-caixa-conversao 1.0.0,27,ok
103730,per103730_1914_00232,1,0,0,,,triagem/nome-caixa-conversao 1.0.0,27,ok
103730,per103730_1914_00232,2,0,0,,,triagem/nome-caixa-conversao 1.0.0,27,ok
103730,per103730_1914_00232,3,0,0,,,triagem/nome-caixa-conversao 1.0.0,27,ok
103730,per103730_1914_00232,4,0,0,,,triagem/nome-caixa-conversao 1.0.0,27,ok
103730,per103730_1914_00232,5,0,0,,,triagem/nome-caixa-conversao 1.0.0,27,ok
103730,per103730_1914_00232,6,0,0,,,triagem/nome-caixa-conversao 1.0.0,27,ok
103730,per103730_1914_00233,1,0,0,,,triagem/nome-caixa-conversao 1.0.0,27,ok
103730,per103730_1914_00233,2,0,0,,,triagem/nome-caixa-conversao 1.0.0,27,ok
103730,per103730_1914_00233,3,0,0,,,triagem/nome-caixa-conversao 1.0.0,27,ok
103730,per103730_1914_00233,4,0,0,,,triagem/nome-caixa-conversao 1.0.0,27,ok
103730,per103730_1914_00233,5,0,0,,,triagem/nome-caixa-conversao 1.0.0,27,ok
103730,per103730_1914_00233,6,0,0,,,triagem/nome-caixa-conversao 1.0.0,27,ok
103730,per103730_1914_00242,1,0,0,,,triagem/nome-caixa-conversao 1.0.0,27,ok
103730,per103730_1914_00242,2,0,0,,,triagem/nome-caixa-conversao 1.0.0,27,ok
103730,per103730_1914_00242,3,0,0,,,triagem/nome-caixa-conversao 1.0.0,27,ok
103730,per103730_1914_00242,4,0,0,,,triagem/nome-caixa-conversao 1.0.0,27,ok
103730,per103730_1914_00242,5,0,0,,,triagem/nome-caixa-conversao 1.0.0,27,ok
103730,per103730_1914_00242,6,0,0,,,triagem/nome-caixa-conversao 1.0.0,27,ok
103730,per103730_1914_00243,1,0,0,,,triagem/nome-caixa-conversao 1.0.0,27,ok
103730,per103730_1914_00243,2,0,0,,,triagem/nome-caixa-conversao 1.0.0,27,ok
103730,per103730_1914_00243,3,0,0,,,triagem/nome-caixa-conversao 1.0.0,27,ok
103730,per103730_1914_00243,4,0,0,,,triagem/nome-caixa-conversao 1.0.0,27,ok
103730,per103730_1914_00243,5,0,0,,,triagem/nome-caixa-conversao 1.0.0,27,ok
103730,per103730_1914_00243,6,0,0,,,triagem/nome-caixa-conversao 1.0.0,27,ok
103730,per103730_1914_00245,1,0,0,,,triagem/nome-caixa-conversao 1.0.0,27,ok
103730,per103730_1914_00245,2,0,0,,,triagem/nome-caixa-conversao 1.0.0,27,ok
103730,per103730_1914_00245,3,0,0,,,triagem/nome-caixa-conversao 1.0.0,27,ok
103730,per103730_1914_00245,4,0,0,,,triagem/nome-caixa-conversao 1.0.0,27,ok
103730,per103730_1914_00245,5,0,0,,,triagem/nome-caixa-conversao 1.0.0,27,ok
103730,per103730_1914_00245,6,0,0,,,triagem/nome-caixa-conversao 1.0.0,27,ok
103730,per103730_1914_00246,1,0,0,,,triagem/nome-caixa-conversao 1.0.0,27,ok
103730,per103730_1914_00246,2,0,0,,,triagem/nome-caixa-conversao 1.0.0,27,ok
103730,per103730_1914_00246,3,0,0,,,triagem/nome-caixa-conversao 1.0.0,27,ok
103730,per103730_1914_00246,4,0,0,,,triagem/nome-caixa-conversao 1.0.0,27,ok
103730,per103730_1914_00246,5,0,0,,,triagem/nome-caixa-conversao 1.0.0,27,ok
103730,per103730_1914_00246,6,0,0,,,triagem/nome-caixa-conversao 1.0.0,27,ok
103730,per103730_1914_00247,1,0,0,,,triagem/nome-caixa-conversao 1.0.0,27,ok
103730,per103730_1914_00247,2,1,1,caixade conver,17097,triagem/nome-caixa-conversao 1.0.0,27,ok
103730,per103730_1914_00247,3,0,0,,,triagem/nome-caixa-conversao 1.0.0,27,ok
103730,per103730_1914_00247,4,0,0,,,triagem/nome-caixa-conversao 1.0.0,27,ok
103730,per103730_1914_00247,5,0,0,,,triagem/nome-caixa-conversao 1.0.0,27,ok
103730,per103730_1914_00247,6,0,0,,,triagem/nome-caixa-conversao 1.0.0,27,ok
103730,per103730_1914_00249,1,0,0,,,triagem/nome-caixa-conversao 1.0.0,27,ok
103730,per103730_1914_00249,2,0,0,,,triagem/nome-caixa-conversao 1.0.0,27,ok
103730,per103730_1914_00249,3,0,0,,,triagem/nome-caixa-conversao 1.0.0,27,ok
103730,per103730_1914_00249,4,0,0,,,triagem/nome-caixa-conversao 1.0.0,27,ok
103730,per103730_1914_00249,5,0,0,,,triagem/nome-caixa-conversao 1.0.0,27,ok
103730,per103730_1914_00249,6,0,0,,,triagem/nome-caixa-conversao 1.0.0,27,ok
103730,per103730_1914_00250,1,0,0,,,triagem/nome-caixa-conversao 1.0.0,27,ok
103730,per103730_1914_00250,2,0,0,,,triagem/nome-caixa-conversao 1.0.0,27,ok
103730,per103730_1914_00250,3,0,0,,,triagem/nome-caixa-conversao 1.0.0,27,ok
103730,per103730_1914_00250,4,0,0,,,triagem/nome-caixa-conversao 1.0.0,27,ok
103730,per103730_1914_00250,5,0,0,,,triagem/nome-caixa-conversao 1.0.0,27,ok
103730,per103730_1914_00250,6,0,0,,,triagem/nome-caixa-conversao 1.0.0,27,ok
103730,per103730_1914_00251,1,0,0,,,triagem/nome-caixa-conversao 1.0.0,27,ok
103730,per103730_1914_00251,2,0,0,,,triagem/nome-caixa-conversao 1.0.0,27,ok
103730,per103730_1914_00251,3,0,0,,,triagem/nome-caixa-conversao 1.0.0,27,ok
103730,per103730_1914_00251,4,0,0,,,triagem/nome-caixa-conversao 1.0.0,27,ok
103730,per103730_1914_00251,5,0,0,,,triagem/nome-caixa-conversao 1.0.0,27,ok
103730,per103730_1914_00251,6,0,0,,,triagem/nome-caixa-conversao 1.0.0,27,ok
103730,per103730_1914_00252,1,0,0,,,triagem/nome-caixa-conversao 1.0.0,27,ok
103730,per103730_1914_00252,2,0,0,,,triagem/nome-caixa-conversao 1.0.0,27,ok
103730,per103730_1914_00252,3,0,0,,,triagem/nome-caixa-conversao 1.0.0,27,ok
103730,per103730_1914_00252,4,0,0,,,triagem/nome-caixa-conversao 1.0.0,27,ok
103730,per103730_1914_00252,5,0,0,,,triagem/nome-caixa-conversao 1.0.0,27,ok
103730,per103730_1914_00252,6,0,0,,,triagem/nome-caixa-conversao 1.0.0,27,ok
103730,per103730_1914_00252,7,0,0,,,triagem/nome-caixa-conversao 1.0.0,27,ok
103730,per103730_1914_00252,8,0,0,,,triagem/nome-caixa-conversao 1.0.0,27,ok
103730,per103730_1914_00253,1,0,0,,,triagem/nome-caixa-conversao 1.0.0,27,ok
103730,per103730_1914_00253,2,0,0,,,triagem/nome-caixa-conversao 1.0.0,27,ok
103730,per103730_1914_00253,3,0,0,,,triagem/nome-caixa-conversao 1.0.0,27,ok
103730,per103730_1914_00253,4,0,0,,,triagem/nome-caixa-conversao 1.0.0,27,ok
103730,per103730_1914_00253,5,0,0,,,triagem/nome-caixa-conversao 1.0.0,27,ok
103730,per103730_1914_00253,6,0,0,,,triagem/nome-caixa-conversao 1.0.0,27,ok
103730,per103730_1914_00254,1,0,0,,,triagem/nome-caixa-conversao 1.0.0,27,ok
103730,per103730_1914_00254,2,0,0,,,triagem/nome-caixa-conversao 1.0.0,27,ok
103730,per103730_1914_00254,3,0,0,,,triagem/nome-caixa-conversao 1.0.0,27,ok
103730,per103730_1914_00254,4,0,0,,,triagem/nome-caixa-conversao 1.0.0,27,ok
103730,per103730_1914_00254,5,0,0,,,triagem/nome-caixa-conversao 1.0.0,27,ok
103730,per103730_1914_00254,6,0,0,,,triagem/nome-caixa-conversao 1.0.0,27,ok
103730,per103730_1914_00256,1,0,0,,,triagem/nome-caixa-conversao 1.0.0,27,ok
103730,per103730_1914_00256,2,0,0,,,triagem/nome-caixa-conversao 1.0.0,27,ok
103730,per103730_1914_00256,3,0,0,,,triagem/nome-caixa-conversao 1.0.0,27,ok
103730,per103730_1914_00256,4,0,0,,,triagem/nome-caixa-conversao 1.0.0,27,ok
103730,per103730_1914_00256,5,0,0,,,triagem/nome-caixa-conversao 1.0.0,27,ok
103730,per103730_1914_00256,6,0,0,,,triagem/nome-caixa-conversao 1.0.0,27,ok
103730,per103730_1914_00257,1,0,0,,,triagem/nome-caixa-conversao 1.0.0,27,ok
103730,per103730_1914_00257,2,0,0,,,triagem/nome-caixa-conversao 1.0.0,27,ok
103730,per103730_1914_00257,3,0,0,,,triagem/nome-caixa-conversao 1.0.0,27,ok
103730,per103730_1914_00257,4,0,0,,,triagem/nome-caixa-conversao 1.0.0,27,ok
103730,per103730_1914_00257,5,0,0,,,triagem/nome-caixa-conversao 1.0.0,27,ok
103730,per103730_1914_00257,6,0,0,,,triagem/nome-caixa-conversao 1.0.0,27,ok
103730,per103730_1914_00257,7,0,0,,,triagem/nome-caixa-conversao 1.0.0,27,ok
103730,per103730_1914_00257,8,0,0,,,triagem/nome-caixa-conversao 1.0.0,27,ok
103730,per103730_1914_00258,1,0,0,,,triagem/nome-caixa-conversao 1.0.0,27,ok
103730,per103730_1914_00258,2,0,0,,,triagem/nome-caixa-conversao 1.0.0,27,ok
103730,per103730_1914_00258,3,0,0,,,triagem/nome-caixa-conversao 1.0.0,27,ok
103730,per103730_1914_00258,4,0,0,,,triagem/nome-caixa-conversao 1.0.0,27,ok
103730,per103730_1914_00258,5,0,0,,,triagem/nome-caixa-conversao 1.0.0,27,ok
103730,per103730_1914_00258,6,0,0,,,triagem/nome-caixa-conversao 1.0.0,27,ok
103730,per103730_1914_00259,1,0,0,,,triagem/nome-caixa-conversao 1.0.0,27,ok
103730,per103730_1914_00259,2,0,0,,,triagem/nome-caixa-conversao 1.0.0,27,ok
103730,per103730_1914_00259,3,0,0,,,triagem/nome-caixa-conversao 1.0.0,27,ok
103730,per103730_1914_00259,4,0,0,,,triagem/nome-caixa-conversao 1.0.0,27,ok
103730,per103730_1914_00259,5,1,1,caixa de conver,23417,triagem/nome-caixa-conversao 1.0.0,27,ok
103730,per103730_1914_00259,6,0,0,,,triagem/nome-caixa-conversao 1.0.0,27,ok
103730,per103730_1914_00259,7,0,0,,,triagem/nome-caixa-conversao 1.0.0,27,ok
103730,per103730_1914_00259,8,0,0,,,triagem/nome-caixa-conversao 1.0.0,27,ok
103730,per103730_1914_00260,1,0,0,,,triagem/nome-caixa-conversao 1.0.0,27,ok
103730,per103730_1914_00260,2,0,0,,,triagem/nome-caixa-conversao 1.0.0,27,ok
103730,per103730_1914_00260,3,0,0,,,triagem/nome-caixa-conversao 1.0.0,27,ok
103730,per103730_1914_00260,4,0,0,,,triagem/nome-caixa-conversao 1.0.0,27,ok
103730,per103730_1914_00260,5,0,0,,,triagem/nome-caixa-conversao 1.0.0,27,ok
103730,per103730_1914_00260,6,0,0,,,triagem/nome-caixa-conversao 1.0.0,27,ok
103730,per103730_1914_00261,1,0,0,,,triagem/nome-caixa-conversao 1.0.0,27,ok
103730,per103730_1914_00261,2,0,0,,,triagem/nome-caixa-conversao 1.0.0,27,ok
103730,per103730_1914_00261,3,0,0,,,triagem/nome-caixa-conversao 1.0.0,27,ok
103730,per103730_1914_00261,4,0,0,,,triagem/nome-caixa-conversao 1.0.0,27,ok
103730,per103730_1914_00261,5,0,0,,,triagem/nome-caixa-conversao 1.0.0,27,ok
103730,per103730_1914_00261,6,0,0,,,triagem/nome-caixa-conversao 1.0.0,27,ok
103730,per103730_1914_00262,1,0,0,,,triagem/nome-caixa-conversao 1.0.0,27,ok
103730,per103730_1914_00262,2,0,0,,,triagem/nome-caixa-conversao 1.0.0,27,ok
103730,per103730_1914_00262,3,0,0,,,triagem/nome-caixa-conversao 1.0.0,27,ok
103730,per103730_1914_00262,4,0,0,,,triagem/nome-caixa-conversao 1.0.0,27,ok
103730,per103730_1914_00262,5,0,0,,,triagem/nome-caixa-conversao 1.0.0,27,ok
103730,per103730_1914_00262,6,0,0,,,triagem/nome-caixa-conversao 1.0.0,27,ok
103730,per103730_1914_00262,7,0,0,,,triagem/nome-caixa-conversao 1.0.0,27,ok
103730,per103730_1914_00262,8,0,0,,,triagem/nome-caixa-conversao 1.0.0,27,ok
103730,per103730_1914_00262,9,0,0,,,triagem/nome-caixa-conversao 1.0.0,27,ok
103730,per103730_1914_00262,10,0,0,,,triagem/nome-caixa-conversao 1.0.0,27,ok
103730,per103730_1914_00263,1,0,0,,,triagem/nome-caixa-conversao 1.0.0,27,ok
103730,per103730_1914_00263,2,0,0,,,triagem/nome-caixa-conversao 1.0.0,27,ok
103730,per103730_1914_00263,3,0,0,,,triagem/nome-caixa-conversao 1.0.0,27,ok
103730,per103730_1914_00263,4,0,0,,,triagem/nome-caixa-conversao 1.0.0,27,ok
103730,per103730_1914_00263,5,0,0,,,triagem/nome-caixa-conversao 1.0.0,27,ok
103730,per103730_1914_00263,6,0,0,,,triagem/nome-caixa-conversao 1.0.0,27,ok
103730,per103730_1914_00264,1,0,0,,,triagem/nome-caixa-conversao 1.0.0,27,ok
103730,per103730_1914_00264,2,0,0,,,triagem/nome-caixa-conversao 1.0.0,27,ok
103730,per103730_1914_00264,3,0,0,,,triagem/nome-caixa-conversao 1.0.0,27,ok
103730,per103730_1914_00264,4,0,0,,,triagem/nome-caixa-conversao 1.0.0,27,ok
103730,per103730_1914_00264,5,0,0,,,triagem/nome-caixa-conversao 1.0.0,27,ok
103730,per103730_1914_00264,6,0,0,,,triagem/nome-caixa-conversao 1.0.0,27,ok
103730,per103730_1914_00265,1,0,0,,,triagem/nome-caixa-conversao 1.0.0,27,ok
103730,per103730_1914_00265,2,0,0,,,triagem/nome-caixa-conversao 1.0.0,27,ok
103730,per103730_1914_00265,3,0,0,,,triagem/nome-caixa-conversao 1.0.0,27,ok
103730,per103730_1914_00265,4,0,0,,,triagem/nome-caixa-conversao 1.0.0,27,ok
103730,per103730_1914_00265,5,0,0,,,triagem/nome-caixa-conversao 1.0.0,27,ok
103730,per103730_1914_00265,6,0,0,,,triagem/nome-caixa-conversao 1.0.0,27,ok
103730,per103730_1914_00266,1,0,0,,,triagem/nome-caixa-conversao 1.0.0,27,ok
103730,per103730_1914_00266,2,0,0,,,triagem/nome-caixa-conversao 1.0.0,27,ok
103730,per103730_1914_00266,3,0,0,,,triagem/nome-caixa-conversao 1.0.0,27,ok
103730,per103730_1914_00266,4,0,0,,,triagem/nome-caixa-conversao 1.0.0,27,ok
103730,per103730_1914_00266,5,0,0,,,triagem/nome-caixa-conversao 1.0.0,27,ok
103730,per103730_1914_00266,6,0,0,,,triagem/nome-caixa-conversao 1.0.0,27,ok
103730,per103730_1914_00266,7,0,0,,,triagem/nome-caixa-conversao 1.0.0,27,ok
103730,per103730_1914_00266,8,0,0,,,triagem/nome-caixa-conversao 1.0.0,27,ok
103730,per103730_1914_00267,1,0,0,,,triagem/nome-caixa-conversao 1.0.0,27,ok
103730,per103730_1914_00267,2,0,0,,,triagem/nome-caixa-conversao 1.0.0,27,ok
103730,per103730_1914_00267,3,0,0,,,triagem/nome-caixa-conversao 1.0.0,27,ok
103730,per103730_1914_00267,4,0,0,,,triagem/nome-caixa-conversao 1.0.0,27,ok
103730,per103730_1914_00267,5,0,0,,,triagem/nome-caixa-conversao 1.0.0,27,ok
103730,per103730_1914_00267,6,0,0,,,triagem/nome-caixa-conversao 1.0.0,27,ok
103730,per103730_1914_00268,1,0,0,,,triagem/nome-caixa-conversao 1.0.0,27,ok
103730,per103730_1914_00268,2,0,0,,,triagem/nome-caixa-conversao 1.0.0,27,ok
103730,per103730_1914_00268,3,0,0,,,triagem/nome-caixa-conversao 1.0.0,27,ok
103730,per103730_1914_00268,4,0,0,,,triagem/nome-caixa-conversao 1.0.0,27,ok
103730,per103730_1914_00268,5,0,0,,,triagem/nome-caixa-conversao 1.0.0,27,ok
103730,per103730_1914_00268,6,0,0,,,triagem/nome-caixa-conversao 1.0.0,27,ok
103730,per103730_1914_00269,1,0,0,,,triagem/nome-caixa-conversao 1.0.0,27,ok
103730,per103730_1914_00269,2,0,0,,,triagem/nome-caixa-conversao 1.0.0,27,ok
103730,per103730_1914_00269,3,0,0,,,triagem/nome-caixa-conversao 1.0.0,27,ok
103730,per103730_1914_00269,4,0,0,,,triagem/nome-caixa-conversao 1.0.0,27,ok
103730,per103730_1914_00269,5,0,0,,,triagem/nome-caixa-conversao 1.0.0,27,ok
103730,per103730_1914_00269,6,0,0,,,triagem/nome-caixa-conversao 1.0.0,27,ok
103730,per103730_1914_00269,7,0,0,,,triagem/nome-caixa-conversao 1.0.0,27,ok
103730,per103730_1914_00269,8,0,0,,,triagem/nome-caixa-conversao 1.0.0,27,ok
103730,per103730_1914_00269,9,0,0,,,triagem/nome-caixa-conversao 1.0.0,27,ok
103730,per103730_1914_00269,10,0,0,,,triagem/nome-caixa-conversao 1.0.0,27,ok
103730,per103730_1914_00270,1,0,0,,,triagem/nome-caixa-conversao 1.0.0,27,ok
103730,per103730_1914_00270,2,0,0,,,triagem/nome-caixa-conversao 1.0.0,27,ok
103730,per103730_1914_00270,3,0,0,,,triagem/nome-caixa-conversao 1.0.0,27,ok
103730,per103730_1914_00270,4,0,0,,,triagem/nome-caixa-conversao 1.0.0,27,ok
103730,per103730_1914_00270,5,0,0,,,triagem/nome-caixa-conversao 1.0.0,27,ok
103730,per103730_1914_00270,6,0,0,,,triagem/nome-caixa-conversao 1.0.0,27,ok
103730,per103730_1914_00271,1,0,0,,,triagem/nome-caixa-conversao 1.0.0,27,ok
103730,per103730_1914_00271,2,0,0,,,triagem/nome-caixa-conversao 1.0.0,27,ok
103730,per103730_1914_00271,3,0,0,,,triagem/nome-caixa-conversao 1.0.0,27,ok
103730,per103730_1914_00271,4,0,0,,,triagem/nome-caixa-conversao 1.0.0,27,ok
103730,per103730_1914_00271,5,0,0,,,triagem/nome-caixa-conversao 1.0.0,27,ok
103730,per103730_1914_00271,6,0,0,,,triagem/nome-caixa-conversao 1.0.0,27,ok
103730,per103730_1914_00272,1,0,0,,,triagem/nome-caixa-conversao 1.0.0,27,ok
103730,per103730_1914_00272,2,0,0,,,triagem/nome-caixa-conversao 1.0.0,27,ok
103730,per103730_1914_00272,3,0,0,,,triagem/nome-caixa-conversao 1.0.0,27,ok
103730,per103730_1914_00272,4,0,0,,,triagem/nome-caixa-conversao 1.0.0,27,ok
103730,per103730_1914_00272,5,0,0,,,triagem/nome-caixa-conversao 1.0.0,27,ok
103730,per103730_1914_00272,6,0,0,,,triagem/nome-caixa-conversao 1.0.0,27,ok
103730,per103730_1914_00273,1,0,0,,,triagem/nome-caixa-conversao 1.0.0,27,ok
103730,per103730_1914_00273,2,0,0,,,triagem/nome-caixa-conversao 1.0.0,27,ok
103730,per103730_1914_00273,3,0,0,,,triagem/nome-caixa-conversao 1.0.0,27,ok
103730,per103730_1914_00273,4,0,0,,,triagem/nome-caixa-conversao 1.0.0,27,ok
103730,per103730_1914_00273,5,0,0,,,triagem/nome-caixa-conversao 1.0.0,27,ok
103730,per103730_1914_00273,6,0,0,,,triagem/nome-caixa-conversao 1.0.0,27,ok
103730,per103730_1914_00274,1,0,0,,,triagem/nome-caixa-conversao 1.0.0,27,ok
103730,per103730_1914_00274,2,0,0,,,triagem/nome-caixa-conversao 1.0.0,27,ok
103730,per103730_1914_00274,3,0,0,,,triagem/nome-caixa-conversao 1.0.0,27,ok
103730,per103730_1914_00274,4,0,0,,,triagem/nome-caixa-conversao 1.0.0,27,ok
103730,per103730_1914_00274,5,0,0,,,triagem/nome-caixa-conversao 1.0.0,27,ok
103730,per103730_1914_00274,6,0,0,,,triagem/nome-caixa-conversao 1.0.0,27,ok
103730,per103730_1914_00275,1,0,0,,,triagem/nome-caixa-conversao 1.0.0,27,ok
103730,per103730_1914_00275,2,0,0,,,triagem/nome-caixa-conversao 1.0.0,27,ok
103730,per103730_1914_00275,3,0,0,,,triagem/nome-caixa-conversao 1.0.0,27,ok
103730,per103730_1914_00275,4,0,0,,,triagem/nome-caixa-conversao 1.0.0,27,ok
103730,per103730_1914_00275,5,0,0,,,triagem/nome-caixa-conversao 1.0.0,27,ok
103730,per103730_1914_00275,6,0,0,,,triagem/nome-caixa-conversao 1.0.0,27,ok
103730,per103730_1914_00276,1,0,0,,,triagem/nome-caixa-conversao 1.0.0,27,ok
103730,per103730_1914_00276,2,0,0,,,triagem/nome-caixa-conversao 1.0.0,27,ok
103730,per103730_1914_00276,3,0,0,,,triagem/nome-caixa-conversao 1.0.0,27,ok
103730,per103730_1914_00276,4,0,0,,,triagem/nome-caixa-conversao 1.0.0,27,ok
103730,per103730_1914_00276,5,1,2,caixa de conver,2042,triagem/nome-caixa-conversao 1.0.0,27,ok
103730,per103730_1914_00276,6,0,0,,,triagem/nome-caixa-conversao 1.0.0,27,ok
103730,per103730_1914_00276,7,0,0,,,triagem/nome-caixa-conversao 1.0.0,27,ok
103730,per103730_1914_00276,8,0,0,,,triagem/nome-caixa-conversao 1.0.0,27,ok
103730,per103730_1914_00276,9,0,0,,,triagem/nome-caixa-conversao 1.0.0,27,ok
103730,per103730_1914_00276,10,0,0,,,triagem/nome-caixa-conversao 1.0.0,27,ok
103730,per103730_1914_00276,11,0,0,,,triagem/nome-caixa-conversao 1.0.0,27,ok
103730,per103730_1914_00276,12,0,0,,,triagem/nome-caixa-conversao 1.0.0,27,ok
103730,per103730_1914_00277,1,0,0,,,triagem/nome-caixa-conversao 1.0.0,27,ok
103730,per103730_1914_00277,2,0,0,,,triagem/nome-caixa-conversao 1.0.0,27,ok
103730,per103730_1914_00277,3,0,0,,,triagem/nome-caixa-conversao 1.0.0,27,ok
103730,per103730_1914_00277,4,0,0,,,triagem/nome-caixa-conversao 1.0.0,27,ok
103730,per103730_1914_00277,5,0,0,,,triagem/nome-caixa-conversao 1.0.0,27,ok
103730,per103730_1914_00277,6,1,1,caixa de conver,5713,triagem/nome-caixa-conversao 1.0.0,27,ok
103730,per103730_1914_00278,1,0,0,,,triagem/nome-caixa-conversao 1.0.0,27,ok
103730,per103730_1914_00278,2,0,0,,,triagem/nome-caixa-conversao 1.0.0,27,ok
103730,per103730_1914_00278,3,0,0,,,triagem/nome-caixa-conversao 1.0.0,27,ok
103730,per103730_1914_00278,4,0,0,,,triagem/nome-caixa-conversao 1.0.0,27,ok
103730,per103730_1914_00278,5,0,0,,,triagem/nome-caixa-conversao 1.0.0,27,ok
103730,per103730_1914_00278,6,0,0,,,triagem/nome-caixa-conversao 1.0.0,27,ok
103730,per103730_1914_00279,1,0,0,,,triagem/nome-caixa-conversao 1.0.0,27,ok
103730,per103730_1914_00279,2,0,0,,,triagem/nome-caixa-conversao 1.0.0,27,ok
103730,per103730_1914_00279,3,0,0,,,triagem/nome-caixa-conversao 1.0.0,27,ok
103730,per103730_1914_00279,4,0,0,,,triagem/nome-caixa-conversao 1.0.0,27,ok
103730,per103730_1914_00279,5,0,0,,,triagem/nome-caixa-conversao 1.0.0,27,ok
103730,per103730_1914_00279,6,0,0,,,triagem/nome-caixa-conversao 1.0.0,27,ok
103730,per103730_1914_00279,7,0,0,,,triagem/nome-caixa-conversao 1.0.0,27,ok
103730,per103730_1914_00279,8,0,0,,,triagem/nome-caixa-conversao 1.0.0,27,ok
103730,per103730_1914_00280,1,0,0,,,triagem/nome-caixa-conversao 1.0.0,27,ok
103730,per103730_1914_00280,2,0,0,,,triagem/nome-caixa-conversao 1.0.0,27,ok
103730,per103730_1914_00280,3,0,0,,,triagem/nome-caixa-conversao 1.0.0,27,ok
103730,per103730_1914_00280,4,0,0,,,triagem/nome-caixa-conversao 1.0.0,27,ok
103730,per103730_1914_00280,5,0,0,,,triagem/nome-caixa-conversao 1.0.0,27,ok
103730,per103730_1914_00280,6,0,0,,,triagem/nome-caixa-conversao 1.0.0,27,ok
103730,per103730_1914_00280,7,0,0,,,triagem/nome-caixa-conversao 1.0.0,27,ok
103730,per103730_1914_00280,8,0,0,,,triagem/nome-caixa-conversao 1.0.0,27,ok
103730,per103730_1914_00281,1,0,0,,,triagem/nome-caixa-conversao 1.0.0,27,ok
103730,per103730_1914_00281,2,0,0,,,triagem/nome-caixa-conversao 1.0.0,27,ok
103730,per103730_1914_00281,3,0,0,,,triagem/nome-caixa-conversao 1.0.0,27,ok
103730,per103730_1914_00281,4,0,0,,,triagem/nome-caixa-conversao 1.0.0,27,ok
103730,per103730_1914_00281,5,0,0,,,triagem/nome-caixa-conversao 1.0.0,27,ok
103730,per103730_1914_00281,6,0,0,,,triagem/nome-caixa-conversao 1.0.0,27,ok
103730,per103730_1914_00281,7,0,0,,,triagem/nome-caixa-conversao 1.0.0,27,ok
103730,per103730_1914_00281,8,0,0,,,triagem/nome-caixa-conversao 1.0.0,27,ok
103730,per103730_1914_00282,1,0,0,,,triagem/nome-caixa-conversao 1.0.0,27,ok
103730,per103730_1914_00282,2,0,0,,,triagem/nome-caixa-conversao 1.0.0,27,ok
103730,per103730_1914_00282,3,1,1,caixa do conver,12175,triagem/nome-caixa-conversao 1.0.0,27,ok
103730,per103730_1914_00282,4,0,0,,,triagem/nome-caixa-conversao 1.0.0,27,ok
103730,per103730_1914_00282,5,0,0,,,triagem/nome-caixa-conversao 1.0.0,27,ok
103730,per103730_1914_00282,6,0,0,,,triagem/nome-caixa-conversao 1.0.0,27,ok
103730,per103730_1914_00282,7,0,0,,,triagem/nome-caixa-conversao 1.0.0,27,ok
103730,per103730_1914_00282,8,1,1,caixa de conver,7525,triagem/nome-caixa-conversao 1.0.0,27,ok
103730,per103730_1914_00283,1,0,0,,,triagem/nome-caixa-conversao 1.0.0,27,ok
103730,per103730_1914_00283,2,0,0,,,triagem/nome-caixa-conversao 1.0.0,27,ok
103730,per103730_1914_00283,3,0,0,,,triagem/nome-caixa-conversao 1.0.0,27,ok
103730,per103730_1914_00283,4,0,0,,,triagem/nome-caixa-conversao 1.0.0,27,ok
103730,per103730_1914_00283,5,0,0,,,triagem/nome-caixa-conversao 1.0.0,27,ok
103730,per103730_1914_00283,6,0,0,,,triagem/nome-caixa-conversao 1.0.0,27,ok
103730,per103730_1914_00283,7,0,0,,,triagem/nome-caixa-conversao 1.0.0,27,ok
103730,per103730_1914_00283,8,0,0,,,triagem/nome-caixa-conversao 1.0.0,27,ok
103730,per103730_1914_00283,9,0,0,,,triagem/nome-caixa-conversao 1.0.0,27,ok
103730,per103730_1914_00283,10,0,0,,,triagem/nome-caixa-conversao 1.0.0,27,ok
103730,per103730_1914_00283,11,0,0,,,triagem/nome-caixa-conversao 1.0.0,27,ok
103730,per103730_1914_00283,12,1,1,caixa do conver,5396,triagem/nome-caixa-conversao 1.0.0,27,ok
103730,per103730_1914_00284,1,1,1,caixade conver,8598,triagem/nome-caixa-conversao 1.0.0,27,ok
103730,per103730_1914_00284,2,0,0,,,triagem/nome-caixa-conversao 1.0.0,27,ok
103730,per103730_1914_00284,3,0,0,,,triagem/nome-caixa-conversao 1.0.0,27,ok
103730,per103730_1914_00284,4,0,0,,,triagem/nome-caixa-conversao 1.0.0,27,ok
103730,per103730_1914_00284,5,0,0,,,triagem/nome-caixa-conversao 1.0.0,27,ok
103730,per103730_1914_00284,6,0,0,,,triagem/nome-caixa-conversao 1.0.0,27,ok
103730,per103730_1914_00285,1,0,0,,,triagem/nome-caixa-conversao 1.0.0,27,ok
103730,per103730_1914_00285,2,0,0,,,triagem/nome-caixa-conversao 1.0.0,27,ok
103730,per103730_1914_00285,3,0,0,,,triagem/nome-caixa-conversao 1.0.0,27,ok
103730,per103730_1914_00285,4,0,0,,,triagem/nome-caixa-conversao 1.0.0,27,ok
103730,per103730_1914_00285,5,0,0,,,triagem/nome-caixa-conversao 1.0.0,27,ok
103730,per103730_1914_00285,6,0,0,,,triagem/nome-caixa-conversao 1.0.0,27,ok
103730,per103730_1914_00286,1,0,0,,,triagem/nome-caixa-conversao 1.0.0,27,ok
103730,per103730_1914_00286,2,0,0,,,triagem/nome-caixa-conversao 1.0.0,27,ok
103730,per103730_1914_00286,3,0,0,,,triagem/nome-caixa-conversao 1.0.0,27,ok
103730,per103730_1914_00286,4,0,0,,,triagem/nome-caixa-conversao 1.0.0,27,ok
103730,per103730_1914_00286,5,0,0,,,triagem/nome-caixa-conversao 1.0.0,27,ok
103730,per103730_1914_00286,6,0,0,,,triagem/nome-caixa-conversao 1.0.0,27,ok
103730,per103730_1914_00287,1,0,0,,,triagem/nome-caixa-conversao 1.0.0,27,ok
103730,per103730_1914_00287,2,0,0,,,triagem/nome-caixa-conversao 1.0.0,27,ok
103730,per103730_1914_00287,3,0,0,,,triagem/nome-caixa-conversao 1.0.0,27,ok
103730,per103730_1914_00287,4,0,0,,,triagem/nome-caixa-conversao 1.0.0,27,ok
103730,per103730_1914_00287,5,0,0,,,triagem/nome-caixa-conversao 1.0.0,27,ok
103730,per103730_1914_00287,6,0,0,,,triagem/nome-caixa-conversao 1.0.0,27,ok
103730,per103730_1914_00287,7,0,0,,,triagem/nome-caixa-conversao 1.0.0,27,ok
103730,per103730_1914_00287,8,0,0,,,triagem/nome-caixa-conversao 1.0.0,27,ok
103730,per103730_1914_00288,1,1,2,caixa de conver,2792,triagem/nome-caixa-conversao 1.0.0,27,ok
103730,per103730_1914_00288,2,1,1,caixa deconver,29660,triagem/nome-caixa-conversao 1.0.0,27,ok
103730,per103730_1914_00288,3,0,0,,,triagem/nome-caixa-conversao 1.0.0,27,ok
103730,per103730_1914_00288,4,0,0,,,triagem/nome-caixa-conversao 1.0.0,27,ok
103730,per103730_1914_00288,5,0,0,,,triagem/nome-caixa-conversao 1.0.0,27,ok
103730,per103730_1914_00288,6,0,0,,,triagem/nome-caixa-conversao 1.0.0,27,ok
103730,per103730_1914_00289,1,0,0,,,triagem/nome-caixa-conversao 1.0.0,27,ok
103730,per103730_1914_00289,2,0,0,,,triagem/nome-caixa-conversao 1.0.0,27,ok
103730,per103730_1914_00289,3,0,0,,,triagem/nome-caixa-conversao 1.0.0,27,ok
103730,per103730_1914_00289,4,0,0,,,triagem/nome-caixa-conversao 1.0.0,27,ok
103730,per103730_1914_00289,5,0,0,,,triagem/nome-caixa-conversao 1.0.0,27,ok
103730,per103730_1914_00289,6,0,0,,,triagem/nome-caixa-conversao 1.0.0,27,ok
103730,per103730_1914_00290,1,0,0,,,triagem/nome-caixa-conversao 1.0.0,27,ok
103730,per103730_1914_00290,2,0,0,,,triagem/nome-caixa-conversao 1.0.0,27,ok
103730,per103730_1914_00290,3,0,0,,,triagem/nome-caixa-conversao 1.0.0,27,ok
103730,per103730_1914_00290,4,0,0,,,triagem/nome-caixa-conversao 1.0.0,27,ok
103730,per103730_1914_00290,5,0,0,,,triagem/nome-caixa-conversao 1.0.0,27,ok
103730,per103730_1914_00290,6,0,0,,,triagem/nome-caixa-conversao 1.0.0,27,ok
103730,per103730_1914_00290,7,0,0,,,triagem/nome-caixa-conversao 1.0.0,27,ok
103730,per103730_1914_00290,8,0,0,,,triagem/nome-caixa-conversao 1.0.0,27,ok
103730,per103730_1914_00290,9,0,0,,,triagem/nome-caixa-conversao 1.0.0,27,ok
103730,per103730_1914_00290,10,0,0,,,triagem/nome-caixa-conversao 1.0.0,27,ok
103730,per103730_1914_00290,11,0,0,,,triagem/nome-caixa-conversao 1.0.0,27,ok
103730,per103730_1914_00290,12,0,0,,,triagem/nome-caixa-conversao 1.0.0,27,ok
103730,per103730_1914_00291,1,0,0,,,triagem/nome-caixa-conversao 1.0.0,27,ok
103730,per103730_1914_00291,2,0,0,,,triagem/nome-caixa-conversao 1.0.0,27,ok
103730,per103730_1914_00291,3,0,0,,,triagem/nome-caixa-conversao 1.0.0,27,ok
103730,per103730_1914_00291,4,0,0,,,triagem/nome-caixa-conversao 1.0.0,27,ok
103730,per103730_1914_00291,5,0,0,,,triagem/nome-caixa-conversao 1.0.0,27,ok
103730,per103730_1914_00291,6,0,0,,,triagem/nome-caixa-conversao 1.0.0,27,ok
103730,per103730_1914_00292,1,0,0,,,triagem/nome-caixa-conversao 1.0.0,27,ok
103730,per103730_1914_00292,2,0,0,,,triagem/nome-caixa-conversao 1.0.0,27,ok
103730,per103730_1914_00292,3,0,0,,,triagem/nome-caixa-conversao 1.0.0,27,ok
103730,per103730_1914_00292,4,0,0,,,triagem/nome-caixa-conversao 1.0.0,27,ok
103730,per103730_1914_00292,5,0,0,,,triagem/nome-caixa-conversao 1.0.0,27,ok
103730,per103730_1914_00292,6,0,0,,,triagem/nome-caixa-conversao 1.0.0,27,ok
103730,per103730_1914_00292,7,0,0,,,triagem/nome-caixa-conversao 1.0.0,27,ok
103730,per103730_1914_00292,8,0,0,,,triagem/nome-caixa-conversao 1.0.0,27,ok
103730,per103730_1914_00293,1,0,0,,,triagem/nome-caixa-conversao 1.0.0,27,ok
103730,per103730_1914_00293,2,0,0,,,triagem/nome-caixa-conversao 1.0.0,27,ok
103730,per103730_1914_00293,3,0,0,,,triagem/nome-caixa-conversao 1.0.0,27,ok
103730,per103730_1914_00293,4,0,0,,,triagem/nome-caixa-conversao 1.0.0,27,ok
103730,per103730_1914_00293,5,0,0,,,triagem/nome-caixa-conversao 1.0.0,27,ok
103730,per103730_1914_00293,6,0,0,,,triagem/nome-caixa-conversao 1.0.0,27,ok
103730,per103730_1914_00294,1,0,0,,,triagem/nome-caixa-conversao 1.0.0,27,ok
103730,per103730_1914_00294,2,0,0,,,triagem/nome-caixa-conversao 1.0.0,27,ok
103730,per103730_1914_00294,3,0,0,,,triagem/nome-caixa-conversao 1.0.0,27,ok
103730,per103730_1914_00294,4,0,0,,,triagem/nome-caixa-conversao 1.0.0,27,ok
103730,per103730_1914_00294,5,0,0,,,triagem/nome-caixa-conversao 1.0.0,27,ok
103730,per103730_1914_00294,6,0,0,,,triagem/nome-caixa-conversao 1.0.0,27,ok
103730,per103730_1914_00294,7,0,0,,,triagem/nome-caixa-conversao 1.0.0,27,ok
103730,per103730_1914_00294,8,0,0,,,triagem/nome-caixa-conversao 1.0.0,27,ok
103730,per103730_1914_00295,1,0,0,,,triagem/nome-caixa-conversao 1.0.0,27,ok
103730,per103730_1914_00295,2,1,2,caixa de conver,14890,triagem/nome-caixa-conversao 1.0.0,27,ok
103730,per103730_1914_00295,3,0,0,,,triagem/nome-caixa-conversao 1.0.0,27,ok
103730,per103730_1914_00295,4,0,0,,,triagem/nome-caixa-conversao 1.0.0,27,ok
103730,per103730_1914_00295,5,0,0,,,triagem/nome-caixa-conversao 1.0.0,27,ok
103730,per103730_1914_00295,6,0,0,,,triagem/nome-caixa-conversao 1.0.0,27,ok
103730,per103730_1914_00296,1,0,0,,,triagem/nome-caixa-conversao 1.0.0,27,ok
103730,per103730_1914_00296,2,0,0,,,triagem/nome-caixa-conversao 1.0.0,27,ok
103730,per103730_1914_00296,3,0,0,,,triagem/nome-caixa-conversao 1.0.0,27,ok
103730,per103730_1914_00296,4,0,0,,,triagem/nome-caixa-conversao 1.0.0,27,ok
103730,per103730_1914_00296,5,0,0,,,triagem/nome-caixa-conversao 1.0.0,27,ok
103730,per103730_1914_00296,6,0,0,,,triagem/nome-caixa-conversao 1.0.0,27,ok
103730,per103730_1914_00297,1,0,0,,,triagem/nome-caixa-conversao 1.0.0,27,ok
103730,per103730_1914_00297,2,0,0,,,triagem/nome-caixa-conversao 1.0.0,27,ok
103730,per103730_1914_00297,3,0,0,,,triagem/nome-caixa-conversao 1.0.0,27,ok
103730,per103730_1914_00297,4,0,0,,,triagem/nome-caixa-conversao 1.0.0,27,ok
103730,per103730_1914_00297,5,0,0,,,triagem/nome-caixa-conversao 1.0.0,27,ok
103730,per103730_1914_00297,6,0,0,,,triagem/nome-caixa-conversao 1.0.0,27,ok
103730,per103730_1914_00297,7,0,0,,,triagem/nome-caixa-conversao 1.0.0,27,ok
103730,per103730_1914_00297,8,0,0,,,triagem/nome-caixa-conversao 1.0.0,27,ok
103730,per103730_1914_00297,9,0,0,,,triagem/nome-caixa-conversao 1.0.0,27,ok
103730,per103730_1914_00297,10,0,0,,,triagem/nome-caixa-conversao 1.0.0,27,ok
103730,per103730_1914_00297,11,0,0,,,triagem/nome-caixa-conversao 1.0.0,27,ok
103730,per103730_1914_00297,12,0,0,,,triagem/nome-caixa-conversao 1.0.0,27,ok
103730,per103730_1914_00298,1,0,0,,,triagem/nome-caixa-conversao 1.0.0,27,ok
103730,per103730_1914_00298,2,0,0,,,triagem/nome-caixa-conversao 1.0.0,27,ok
103730,per103730_1914_00298,3,0,0,,,triagem/nome-caixa-conversao 1.0.0,27,ok
103730,per103730_1914_00298,4,0,0,,,triagem/nome-caixa-conversao 1.0.0,27,ok
103730,per103730_1914_00298,5,0,0,,,triagem/nome-caixa-conversao 1.0.0,27,ok
103730,per103730_1914_00298,6,0,0,,,triagem/nome-caixa-conversao 1.0.0,27,ok
103730,per103730_1914_00299,1,0,0,,,triagem/nome-caixa-conversao 1.0.0,27,ok
103730,per103730_1914_00299,2,0,0,,,triagem/nome-caixa-conversao 1.0.0,27,ok
103730,per103730_1914_00299,3,0,0,,,triagem/nome-caixa-conversao 1.0.0,27,ok
103730,per103730_1914_00299,4,0,0,,,triagem/nome-caixa-conversao 1.0.0,27,ok
103730,per103730_1914_00299,5,0,0,,,triagem/nome-caixa-conversao 1.0.0,27,ok
103730,per103730_1914_00299,6,0,0,,,triagem/nome-caixa-conversao 1.0.0,27,ok
103730,per103730_1914_00300,1,0,0,,,triagem/nome-caixa-conversao 1.0.0,27,ok
103730,per103730_1914_00300,2,0,0,,,triagem/nome-caixa-conversao 1.0.0,27,ok
103730,per103730_1914_00300,3,0,0,,,triagem/nome-caixa-conversao 1.0.0,27,ok
103730,per103730_1914_00300,4,0,0,,,triagem/nome-caixa-conversao 1.0.0,27,ok
103730,per103730_1914_00300,5,0,0,,,triagem/nome-caixa-conversao 1.0.0,27,ok
103730,per103730_1914_00300,6,1,1,caixa dc conver,7783,triagem/nome-caixa-conversao 1.0.0,27,ok
103730,per103730_1914_00301,1,0,0,,,triagem/nome-caixa-conversao 1.0.0,27,ok
103730,per103730_1914_00301,2,0,0,,,triagem/nome-caixa-conversao 1.0.0,27,ok
103730,per103730_1914_00301,3,0,0,,,triagem/nome-caixa-conversao 1.0.0,27,ok
103730,per103730_1914_00301,4,0,0,,,triagem/nome-caixa-conversao 1.0.0,27,ok
103730,per103730_1914_00301,5,0,0,,,triagem/nome-caixa-conversao 1.0.0,27,ok
103730,per103730_1914_00301,6,0,0,,,triagem/nome-caixa-conversao 1.0.0,27,ok
103730,per103730_1914_00301,7,1,1,caixa de conver,29585,triagem/nome-caixa-conversao 1.0.0,27,ok
103730,per103730_1914_00301,8,0,0,,,triagem/nome-caixa-conversao 1.0.0,27,ok
103730,per103730_1914_00302,1,0,0,,,triagem/nome-caixa-conversao 1.0.0,27,ok
103730,per103730_1914_00302,2,0,0,,,triagem/nome-caixa-conversao 1.0.0,27,ok
103730,per103730_1914_00302,3,0,0,,,triagem/nome-caixa-conversao 1.0.0,27,ok
103730,per103730_1914_00302,4,0,0,,,triagem/nome-caixa-conversao 1.0.0,27,ok
103730,per103730_1914_00302,5,0,0,,,triagem/nome-caixa-conversao 1.0.0,27,ok
103730,per103730_1914_00302,6,0,0,,,triagem/nome-caixa-conversao 1.0.0,27,ok
103730,per103730_1914_00303,1,0,0,,,triagem/nome-caixa-conversao 1.0.0,27,ok
103730,per103730_1914_00303,2,0,0,,,triagem/nome-caixa-conversao 1.0.0,27,ok
103730,per103730_1914_00303,3,0,0,,,triagem/nome-caixa-conversao 1.0.0,27,ok
103730,per103730_1914_00303,4,0,0,,,triagem/nome-caixa-conversao 1.0.0,27,ok
103730,per103730_1914_00303,5,0,0,,,triagem/nome-caixa-conversao 1.0.0,27,ok
103730,per103730_1914_00303,6,0,0,,,triagem/nome-caixa-conversao 1.0.0,27,ok
103730,per103730_1914_00304,1,0,0,,,triagem/nome-caixa-conversao 1.0.0,27,ok
103730,per103730_1914_00304,2,0,0,,,triagem/nome-caixa-conversao 1.0.0,27,ok
103730,per103730_1914_00304,3,0,0,,,triagem/nome-caixa-conversao 1.0.0,27,ok
103730,per103730_1914_00304,4,0,0,,,triagem/nome-caixa-conversao 1.0.0,27,ok
103730,per103730_1914_00304,5,0,0,,,triagem/nome-caixa-conversao 1.0.0,27,ok
103730,per103730_1914_00304,6,1,3,caixado conver,26712,triagem/nome-caixa-conversao 1.0.0,27,ok
103730,per103730_1914_00304,7,0,0,,,triagem/nome-caixa-conversao 1.0.0,27,ok
103730,per103730_1914_00304,8,0,0,,,triagem/nome-caixa-conversao 1.0.0,27,ok
103730,per103730_1914_00304,9,0,0,,,triagem/nome-caixa-conversao 1.0.0,27,ok
103730,per103730_1914_00304,10,0,0,,,triagem/nome-caixa-conversao 1.0.0,27,ok
103730,per103730_1914_00304,11,0,0,,,triagem/nome-caixa-conversao 1.0.0,27,ok
103730,per103730_1914_00304,12,0,0,,,triagem/nome-caixa-conversao 1.0.0,27,ok
103730,per103730_1914_00305,1,0,0,,,triagem/nome-caixa-conversao 1.0.0,27,ok
103730,per103730_1914_00305,2,0,0,,,triagem/nome-caixa-conversao 1.0.0,27,ok
103730,per103730_1914_00305,3,0,0,,,triagem/nome-caixa-conversao 1.0.0,27,ok
103730,per103730_1914_00305,4,0,0,,,triagem/nome-caixa-conversao 1.0.0,27,ok
103730,per103730_1914_00305,5,0,0,,,triagem/nome-caixa-conversao 1.0.0,27,ok
103730,per103730_1914_00305,6,1,1,caixa do conver,3318,triagem/nome-caixa-conversao 1.0.0,27,ok
103730,per103730_1914_00306,1,0,0,,,triagem/nome-caixa-conversao 1.0.0,27,ok
103730,per103730_1914_00306,2,0,0,,,triagem/nome-caixa-conversao 1.0.0,27,ok
103730,per103730_1914_00306,3,0,0,,,triagem/nome-caixa-conversao 1.0.0,27,ok
103730,per103730_1914_00306,4,0,0,,,triagem/nome-caixa-conversao 1.0.0,27,ok
103730,per103730_1914_00306,5,0,0,,,triagem/nome-caixa-conversao 1.0.0,27,ok
103730,per103730_1914_00306,6,0,0,,,triagem/nome-caixa-conversao 1.0.0,27,ok
103730,per103730_1914_00307,1,0,0,,,triagem/nome-caixa-conversao 1.0.0,27,ok
103730,per103730_1914_00307,2,0,0,,,triagem/nome-caixa-conversao 1.0.0,27,ok
103730,per103730_1914_00307,3,0,0,,,triagem/nome-caixa-conversao 1.0.0,27,ok
103730,per103730_1914_00307,4,0,0,,,triagem/nome-caixa-conversao 1.0.0,27,ok
103730,per103730_1914_00307,5,0,0,,,triagem/nome-caixa-conversao 1.0.0,27,ok
103730,per103730_1914_00307,6,0,0,,,triagem/nome-caixa-conversao 1.0.0,27,ok
103730,per103730_1914_00308,1,0,0,,,triagem/nome-caixa-conversao 1.0.0,27,ok
103730,per103730_1914_00308,2,0,0,,,triagem/nome-caixa-conversao 1.0.0,27,ok
103730,per103730_1914_00308,3,0,0,,,triagem/nome-caixa-conversao 1.0.0,27,ok
103730,per103730_1914_00308,4,0,0,,,triagem/nome-caixa-conversao 1.0.0,27,ok
103730,per103730_1914_00308,5,0,0,,,triagem/nome-caixa-conversao 1.0.0,27,ok
103730,per103730_1914_00308,6,0,0,,,triagem/nome-caixa-conversao 1.0.0,27,ok
103730,per103730_1914_00308,7,0,0,,,triagem/nome-caixa-conversao 1.0.0,27,ok
103730,per103730_1914_00308,8,0,0,,,triagem/nome-caixa-conversao 1.0.0,27,ok
103730,per103730_1914_00309,1,0,0,,,triagem/nome-caixa-conversao 1.0.0,27,ok
103730,per103730_1914_00309,2,0,0,,,triagem/nome-caixa-conversao 1.0.0,27,ok
103730,per103730_1914_00309,3,0,0,,,triagem/nome-caixa-conversao 1.0.0,27,ok
103730,per103730_1914_00309,4,0,0,,,triagem/nome-caixa-conversao 1.0.0,27,ok
103730,per103730_1914_00309,5,0,0,,,triagem/nome-caixa-conversao 1.0.0,27,ok
103730,per103730_1914_00309,6,0,0,,,triagem/nome-caixa-conversao 1.0.0,27,ok
103730,per103730_1914_00309,7,0,0,,,triagem/nome-caixa-conversao 1.0.0,27,ok
103730,per103730_1914_00309,8,0,0,,,triagem/nome-caixa-conversao 1.0.0,27,ok
103730,per103730_1914_00310,1,0,0,,,triagem/nome-caixa-conversao 1.0.0,27,ok
103730,per103730_1914_00310,2,0,0,,,triagem/nome-caixa-conversao 1.0.0,27,ok
103730,per103730_1914_00310,3,0,0,,,triagem/nome-caixa-conversao 1.0.0,27,ok
103730,per103730_1914_00310,4,0,0,,,triagem/nome-caixa-conversao 1.0.0,27,ok
103730,per103730_1914_00310,5,0,0,,,triagem/nome-caixa-conversao 1.0.0,27,ok
103730,per103730_1914_00310,6,0,0,,,triagem/nome-caixa-conversao 1.0.0,27,ok
103730,per103730_1914_00311,1,0,0,,,triagem/nome-caixa-conversao 1.0.0,27,ok
103730,per103730_1914_00311,2,0,0,,,triagem/nome-caixa-conversao 1.0.0,27,ok
103730,per103730_1914_00311,3,0,0,,,triagem/nome-caixa-conversao 1.0.0,27,ok
103730,per103730_1914_00311,4,0,0,,,triagem/nome-caixa-conversao 1.0.0,27,ok
103730,per103730_1914_00311,5,1,1,caixa doconver,5283,triagem/nome-caixa-conversao 1.0.0,27,ok
103730,per103730_1914_00311,6,0,0,,,triagem/nome-caixa-conversao 1.0.0,27,ok
103730,per103730_1914_00311,7,0,0,,,triagem/nome-caixa-conversao 1.0.0,27,ok
103730,per103730_1914_00311,8,0,0,,,triagem/nome-caixa-conversao 1.0.0,27,ok
103730,per103730_1914_00311,9,0,0,,,triagem/nome-caixa-conversao 1.0.0,27,ok
103730,per103730_1914_00311,10,0,0,,,triagem/nome-caixa-conversao 1.0.0,27,ok
103730,per103730_1914_00311,11,0,0,,,triagem/nome-caixa-conversao 1.0.0,27,ok
103730,per103730_1914_00311,12,0,0,,,triagem/nome-caixa-conversao 1.0.0,27,ok
103730,per103730_1914_00312,1,0,0,,,triagem/nome-caixa-conversao 1.0.0,27,ok
103730,per103730_1914_00312,2,0,0,,,triagem/nome-caixa-conversao 1.0.0,27,ok
103730,per103730_1914_00312,3,0,0,,,triagem/nome-caixa-conversao 1.0.0,27,ok
103730,per103730_1914_00312,4,0,0,,,triagem/nome-caixa-conversao 1.0.0,27,ok
103730,per103730_1914_00312,5,0,0,,,triagem/nome-caixa-conversao 1.0.0,27,ok
103730,per103730_1914_00312,6,0,0,,,triagem/nome-caixa-conversao 1.0.0,27,ok
103730,per103730_1914_00313,1,0,0,,,triagem/nome-caixa-conversao 1.0.0,27,ok
103730,per103730_1914_00313,2,0,0,,,triagem/nome-caixa-conversao 1.0.0,27,ok
103730,per103730_1914_00313,3,0,0,,,triagem/nome-caixa-conversao 1.0.0,27,ok
103730,per103730_1914_00313,4,0,0,,,triagem/nome-caixa-conversao 1.0.0,27,ok
103730,per103730_1914_00313,5,0,0,,,triagem/nome-caixa-conversao 1.0.0,27,ok
103730,per103730_1914_00313,6,0,0,,,triagem/nome-caixa-conversao 1.0.0,27,ok
103730,per103730_1914_00314,1,0,0,,,triagem/nome-caixa-conversao 1.0.0,27,ok
103730,per103730_1914_00314,2,0,0,,,triagem/nome-caixa-conversao 1.0.0,27,ok
103730,per103730_1914_00314,3,0,0,,,triagem/nome-caixa-conversao 1.0.0,27,ok
103730,per103730_1914_00314,4,0,0,,,triagem/nome-caixa-conversao 1.0.0,27,ok
103730,per103730_1914_00314,5,0,0,,,triagem/nome-caixa-conversao 1.0.0,27,ok
103730,per103730_1914_00314,6,0,0,,,triagem/nome-caixa-conversao 1.0.0,27,ok
103730,per103730_1914_00315,1,0,0,,,triagem/nome-caixa-conversao 1.0.0,27,ok
103730,per103730_1914_00315,2,0,0,,,triagem/nome-caixa-conversao 1.0.0,27,ok
103730,per103730_1914_00315,3,0,0,,,triagem/nome-caixa-conversao 1.0.0,27,ok
103730,per103730_1914_00315,4,0,0,,,triagem/nome-caixa-conversao 1.0.0,27,ok
103730,per103730_1914_00315,5,0,0,,,triagem/nome-caixa-conversao 1.0.0,27,ok
103730,per103730_1914_00315,6,0,0,,,triagem/nome-caixa-conversao 1.0.0,27,ok
103730,per103730_1914_00315,7,0,0,,,triagem/nome-caixa-conversao 1.0.0,27,ok
103730,per103730_1914_00315,8,0,0,,,triagem/nome-caixa-conversao 1.0.0,27,ok
103730,per103730_1914_00316,1,0,0,,,triagem/nome-caixa-conversao 1.0.0,27,ok
103730,per103730_1914_00316,2,0,0,,,triagem/nome-caixa-conversao 1.0.0,27,ok
103730,per103730_1914_00316,3,0,0,,,triagem/nome-caixa-conversao 1.0.0,27,ok
103730,per103730_1914_00316,4,0,0,,,triagem/nome-caixa-conversao 1.0.0,27,ok
103730,per103730_1914_00316,5,0,0,,,triagem/nome-caixa-conversao 1.0.0,27,ok
103730,per103730_1914_00316,6,0,0,,,triagem/nome-caixa-conversao 1.0.0,27,ok
103730,per103730_1914_00317,1,0,0,,,triagem/nome-caixa-conversao 1.0.0,27,ok
103730,per103730_1914_00317,2,0,0,,,triagem/nome-caixa-conversao 1.0.0,27,ok
103730,per103730_1914_00317,3,0,0,,,triagem/nome-caixa-conversao 1.0.0,27,ok
103730,per103730_1914_00317,4,0,0,,,triagem/nome-caixa-conversao 1.0.0,27,ok
103730,per103730_1914_00317,5,0,0,,,triagem/nome-caixa-conversao 1.0.0,27,ok
103730,per103730_1914_00317,6,0,0,,,triagem/nome-caixa-conversao 1.0.0,27,ok
103730,per103730_1914_00318,1,0,0,,,triagem/nome-caixa-conversao 1.0.0,27,ok
103730,per103730_1914_00318,2,0,0,,,triagem/nome-caixa-conversao 1.0.0,27,ok
103730,per103730_1914_00318,3,0,0,,,triagem/nome-caixa-conversao 1.0.0,27,ok
103730,per103730_1914_00318,4,0,0,,,triagem/nome-caixa-conversao 1.0.0,27,ok
103730,per103730_1914_00318,5,0,0,,,triagem/nome-caixa-conversao 1.0.0,27,ok
103730,per103730_1914_00318,6,1,1,caixa deconver,29659,triagem/nome-caixa-conversao 1.0.0,27,ok
103730,per103730_1914_00318,7,0,0,,,triagem/nome-caixa-conversao 1.0.0,27,ok
103730,per103730_1914_00318,8,0,0,,,triagem/nome-caixa-conversao 1.0.0,27,ok
103730,per103730_1914_00318,9,0,0,,,triagem/nome-caixa-conversao 1.0.0,27,ok
103730,per103730_1914_00318,10,0,0,,,triagem/nome-caixa-conversao 1.0.0,27,ok
103730,per103730_1914_00318,11,0,0,,,triagem/nome-caixa-conversao 1.0.0,27,ok
103730,per103730_1914_00318,12,0,0,,,triagem/nome-caixa-conversao 1.0.0,27,ok
103730,per103730_1914_00319,1,0,0,,,triagem/nome-caixa-conversao 1.0.0,27,ok
103730,per103730_1914_00319,2,0,0,,,triagem/nome-caixa-conversao 1.0.0,27,ok
103730,per103730_1914_00319,3,0,0,,,triagem/nome-caixa-conversao 1.0.0,27,ok
103730,per103730_1914_00319,4,1,1,caixa doconver,20958,triagem/nome-caixa-conversao 1.0.0,27,ok
103730,per103730_1914_00319,5,0,0,,,triagem/nome-caixa-conversao 1.0.0,27,ok
103730,per103730_1914_00319,6,0,0,,,triagem/nome-caixa-conversao 1.0.0,27,ok
103730,per103730_1914_00320,1,0,0,,,triagem/nome-caixa-conversao 1.0.0,27,ok
103730,per103730_1914_00320,2,0,0,,,triagem/nome-caixa-conversao 1.0.0,27,ok
103730,per103730_1914_00320,3,0,0,,,triagem/nome-caixa-conversao 1.0.0,27,ok
103730,per103730_1914_00320,4,0,0,,,triagem/nome-caixa-conversao 1.0.0,27,ok
103730,per103730_1914_00320,5,0,0,,,triagem/nome-caixa-conversao 1.0.0,27,ok
103730,per103730_1914_00320,6,0,0,,,triagem/nome-caixa-conversao 1.0.0,27,ok
103730,per103730_1914_00320,7,0,0,,,triagem/nome-caixa-conversao 1.0.0,27,ok
103730,per103730_1914_00320,8,0,0,,,triagem/nome-caixa-conversao 1.0.0,27,ok
103730,per103730_1914_00321,1,0,0,,,triagem/nome-caixa-conversao 1.0.0,27,ok
103730,per103730_1914_00321,2,1,1,caixa de conver,21644,triagem/nome-caixa-conversao 1.0.0,27,ok
103730,per103730_1914_00321,3,0,0,,,triagem/nome-caixa-conversao 1.0.0,27,ok
103730,per103730_1914_00321,4,0,0,,,triagem/nome-caixa-conversao 1.0.0,27,ok
103730,per103730_1914_00321,5,0,0,,,triagem/nome-caixa-conversao 1.0.0,27,ok
103730,per103730_1914_00321,6,0,0,,,triagem/nome-caixa-conversao 1.0.0,27,ok
103730,per103730_1914_00322,1,0,0,,,triagem/nome-caixa-conversao 1.0.0,27,ok
103730,per103730_1914_00322,2,0,0,,,triagem/nome-caixa-conversao 1.0.0,27,ok
103730,per103730_1914_00322,3,0,0,,,triagem/nome-caixa-conversao 1.0.0,27,ok
103730,per103730_1914_00322,4,0,0,,,triagem/nome-caixa-conversao 1.0.0,27,ok
103730,per103730_1914_00322,5,0,0,,,triagem/nome-caixa-conversao 1.0.0,27,ok
103730,per103730_1914_00322,6,0,0,,,triagem/nome-caixa-conversao 1.0.0,27,ok
103730,per103730_1914_00323,1,0,0,,,triagem/nome-caixa-conversao 1.0.0,27,ok
103730,per103730_1914_00323,2,0,0,,,triagem/nome-caixa-conversao 1.0.0,27,ok
103730,per103730_1914_00323,3,0,0,,,triagem/nome-caixa-conversao 1.0.0,27,ok
103730,per103730_1914_00323,4,0,0,,,triagem/nome-caixa-conversao 1.0.0,27,ok
103730,per103730_1914_00323,5,0,0,,,triagem/nome-caixa-conversao 1.0.0,27,ok
103730,per103730_1914_00323,6,0,0,,,triagem/nome-caixa-conversao 1.0.0,27,ok
103730,per103730_1914_00324,1,0,0,,,triagem/nome-caixa-conversao 1.0.0,27,ok
103730,per103730_1914_00324,2,0,0,,,triagem/nome-caixa-conversao 1.0.0,27,ok
103730,per103730_1914_00324,3,0,0,,,triagem/nome-caixa-conversao 1.0.0,27,ok
103730,per103730_1914_00324,4,0,0,,,triagem/nome-caixa-conversao 1.0.0,27,ok
103730,per103730_1914_00324,5,0,0,,,triagem/nome-caixa-conversao 1.0.0,27,ok
103730,per103730_1914_00324,6,0,0,,,triagem/nome-caixa-conversao 1.0.0,27,ok
103730,per103730_1914_00325,1,0,0,,,triagem/nome-caixa-conversao 1.0.0,27,ok
103730,per103730_1914_00325,2,0,0,,,triagem/nome-caixa-conversao 1.0.0,27,ok
103730,per103730_1914_00325,3,0,0,,,triagem/nome-caixa-conversao 1.0.0,27,ok
103730,per103730_1914_00325,4,0,0,,,triagem/nome-caixa-conversao 1.0.0,27,ok
103730,per103730_1914_00325,5,0,0,,,triagem/nome-caixa-conversao 1.0.0,27,ok
103730,per103730_1914_00325,6,1,1,caixa de conver,3768,triagem/nome-caixa-conversao 1.0.0,27,ok
103730,per103730_1914_00325,7,0,0,,,triagem/nome-caixa-conversao 1.0.0,27,ok
103730,per103730_1914_00325,8,1,1,caixa do conver,41029,triagem/nome-caixa-conversao 1.0.0,27,ok
103730,per103730_1914_00325,9,0,0,,,triagem/nome-caixa-conversao 1.0.0,27,ok
103730,per103730_1914_00325,10,0,0,,,triagem/nome-caixa-conversao 1.0.0,27,ok
103730,per103730_1914_00325,11,0,0,,,triagem/nome-caixa-conversao 1.0.0,27,ok
103730,per103730_1914_00325,12,0,0,,,triagem/nome-caixa-conversao 1.0.0,27,ok
103730,per103730_1914_00326,1,0,0,,,triagem/nome-caixa-conversao 1.0.0,27,ok
103730,per103730_1914_00326,2,0,0,,,triagem/nome-caixa-conversao 1.0.0,27,ok
103730,per103730_1914_00326,3,0,0,,,triagem/nome-caixa-conversao 1.0.0,27,ok
103730,per103730_1914_00326,4,0,0,,,triagem/nome-caixa-conversao 1.0.0,27,ok
103730,per103730_1914_00326,5,0,0,,,triagem/nome-caixa-conversao 1.0.0,27,ok
103730,per103730_1914_00326,6,0,0,,,triagem/nome-caixa-conversao 1.0.0,27,ok
103730,per103730_1914_00327,1,0,0,,,triagem/nome-caixa-conversao 1.0.0,27,ok
103730,per103730_1914_00327,2,0,0,,,triagem/nome-caixa-conversao 1.0.0,27,ok
103730,per103730_1914_00327,3,0,0,,,triagem/nome-caixa-conversao 1.0.0,27,ok
103730,per103730_1914_00327,4,0,0,,,triagem/nome-caixa-conversao 1.0.0,27,ok
103730,per103730_1914_00327,5,0,0,,,triagem/nome-caixa-conversao 1.0.0,27,ok
103730,per103730_1914_00327,6,0,0,,,triagem/nome-caixa-conversao 1.0.0,27,ok
103730,per103730_1914_00328,1,0,0,,,triagem/nome-caixa-conversao 1.0.0,27,ok
103730,per103730_1914_00328,2,0,0,,,triagem/nome-caixa-conversao 1.0.0,27,ok
103730,per103730_1914_00328,3,0,0,,,triagem/nome-caixa-conversao 1.0.0,27,ok
103730,per103730_1914_00328,4,0,0,,,triagem/nome-caixa-conversao 1.0.0,27,ok
103730,per103730_1914_00328,5,0,0,,,triagem/nome-caixa-conversao 1.0.0,27,ok
103730,per103730_1914_00328,6,0,0,,,triagem/nome-caixa-conversao 1.0.0,27,ok
103730,per103730_1914_00329,1,0,0,,,triagem/nome-caixa-conversao 1.0.0,27,ok
103730,per103730_1914_00329,2,0,0,,,triagem/nome-caixa-conversao 1.0.0,27,ok
103730,per103730_1914_00329,3,0,0,,,triagem/nome-caixa-conversao 1.0.0,27,ok
103730,per103730_1914_00329,4,0,0,,,triagem/nome-caixa-conversao 1.0.0,27,ok
103730,per103730_1914_00329,5,0,0,,,triagem/nome-caixa-conversao 1.0.0,27,ok
103730,per103730_1914_00329,6,0,0,,,triagem/nome-caixa-conversao 1.0.0,27,ok
103730,per103730_1914_00329,7,0,0,,,triagem/nome-caixa-conversao 1.0.0,27,ok
103730,per103730_1914_00329,8,0,0,,,triagem/nome-caixa-conversao 1.0.0,27,ok
103730,per103730_1914_00330,1,0,0,,,triagem/nome-caixa-conversao 1.0.0,27,ok
103730,per103730_1914_00330,2,0,0,,,triagem/nome-caixa-conversao 1.0.0,27,ok
103730,per103730_1914_00330,3,0,0,,,triagem/nome-caixa-conversao 1.0.0,27,ok
103730,per103730_1914_00330,4,0,0,,,triagem/nome-caixa-conversao 1.0.0,27,ok
103730,per103730_1914_00330,5,0,0,,,triagem/nome-caixa-conversao 1.0.0,27,ok
103730,per103730_1914_00330,6,0,0,,,triagem/nome-caixa-conversao 1.0.0,27,ok
103730,per103730_1914_00331,1,0,0,,,triagem/nome-caixa-conversao 1.0.0,27,ok
103730,per103730_1914_00331,2,1,4,caixa de conver,33726,triagem/nome-caixa-conversao 1.0.0,27,ok
103730,per103730_1914_00331,3,0,0,,,triagem/nome-caixa-conversao 1.0.0,27,ok
103730,per103730_1914_00331,4,0,0,,,triagem/nome-caixa-conversao 1.0.0,27,ok
103730,per103730_1914_00331,5,0,0,,,triagem/nome-caixa-conversao 1.0.0,27,ok
103730,per103730_1914_00331,6,0,0,,,triagem/nome-caixa-conversao 1.0.0,27,ok
103730,per103730_1914_00332,1,0,0,,,triagem/nome-caixa-conversao 1.0.0,27,ok
103730,per103730_1914_00332,2,0,0,,,triagem/nome-caixa-conversao 1.0.0,27,ok
103730,per103730_1914_00332,3,0,0,,,triagem/nome-caixa-conversao 1.0.0,27,ok
103730,per103730_1914_00332,4,0,0,,,triagem/nome-caixa-conversao 1.0.0,27,ok
103730,per103730_1914_00332,5,0,0,,,triagem/nome-caixa-conversao 1.0.0,27,ok
103730,per103730_1914_00332,6,0,0,,,triagem/nome-caixa-conversao 1.0.0,27,ok
103730,per103730_1914_00332,7,0,0,,,triagem/nome-caixa-conversao 1.0.0,27,ok
103730,per103730_1914_00332,8,0,0,,,triagem/nome-caixa-conversao 1.0.0,27,ok
103730,per103730_1914_00332,9,0,0,,,triagem/nome-caixa-conversao 1.0.0,27,ok
103730,per103730_1914_00332,10,0,0,,,triagem/nome-caixa-conversao 1.0.0,27,ok
103730,per103730_1914_00332,11,0,0,,,triagem/nome-caixa-conversao 1.0.0,27,ok
103730,per103730_1914_00332,12,0,0,,,triagem/nome-caixa-conversao 1.0.0,27,ok
103730,per103730_1914_00333,1,0,0,,,triagem/nome-caixa-conversao 1.0.0,27,ok
103730,per103730_1914_00333,2,0,0,,,triagem/nome-caixa-conversao 1.0.0,27,ok
103730,per103730_1914_00333,3,0,0,,,triagem/nome-caixa-conversao 1.0.0,27,ok
103730,per103730_1914_00333,4,0,0,,,triagem/nome-caixa-conversao 1.0.0,27,ok
103730,per103730_1914_00333,5,0,0,,,triagem/nome-caixa-conversao 1.0.0,27,ok
103730,per103730_1914_00333,6,0,0,,,triagem/nome-caixa-conversao 1.0.0,27,ok
103730,per103730_1914_00334,1,0,0,,,triagem/nome-caixa-conversao 1.0.0,27,ok
103730,per103730_1914_00334,2,0,0,,,triagem/nome-caixa-conversao 1.0.0,27,ok
103730,per103730_1914_00334,3,0,0,,,triagem/nome-caixa-conversao 1.0.0,27,ok
103730,per103730_1914_00334,4,0,0,,,triagem/nome-caixa-conversao 1.0.0,27,ok
103730,per103730_1914_00334,5,0,0,,,triagem/nome-caixa-conversao 1.0.0,27,ok
103730,per103730_1914_00334,6,0,0,,,triagem/nome-caixa-conversao 1.0.0,27,ok
103730,per103730_1914_00334,7,0,0,,,triagem/nome-caixa-conversao 1.0.0,27,ok
103730,per103730_1914_00334,8,0,0,,,triagem/nome-caixa-conversao 1.0.0,27,ok
103730,per103730_1914_00335,1,0,0,,,triagem/nome-caixa-conversao 1.0.0,27,ok
103730,per103730_1914_00335,2,0,0,,,triagem/nome-caixa-conversao 1.0.0,27,ok
103730,per103730_1914_00335,3,0,0,,,triagem/nome-caixa-conversao 1.0.0,27,ok
103730,per103730_1914_00335,4,0,0,,,triagem/nome-caixa-conversao 1.0.0,27,ok
103730,per103730_1914_00335,5,0,0,,,triagem/nome-caixa-conversao 1.0.0,27,ok
103730,per103730_1914_00335,6,0,0,,,triagem/nome-caixa-conversao 1.0.0,27,ok
103730,per103730_1914_00336,1,0,0,,,triagem/nome-caixa-conversao 1.0.0,27,ok
103730,per103730_1914_00336,2,0,0,,,triagem/nome-caixa-conversao 1.0.0,27,ok
103730,per103730_1914_00336,3,0,0,,,triagem/nome-caixa-conversao 1.0.0,27,ok
103730,per103730_1914_00336,4,0,0,,,triagem/nome-caixa-conversao 1.0.0,27,ok
103730,per103730_1914_00336,5,0,0,,,triagem/nome-caixa-conversao 1.0.0,27,ok
103730,per103730_1914_00336,6,0,0,,,triagem/nome-caixa-conversao 1.0.0,27,ok
103730,per103730_1914_00337,1,1,1,caixa de conver,14652,triagem/nome-caixa-conversao 1.0.0,27,ok
103730,per103730_1914_00337,2,0,0,,,triagem/nome-caixa-conversao 1.0.0,27,ok
103730,per103730_1914_00337,3,0,0,,,triagem/nome-caixa-conversao 1.0.0,27,ok
103730,per103730_1914_00337,4,1,3,caixa dc conver,2515,triagem/nome-caixa-conversao 1.0.0,27,ok
103730,per103730_1914_00337,5,0,0,,,triagem/nome-caixa-conversao 1.0.0,27,ok
103730,per103730_1914_00337,6,0,0,,,triagem/nome-caixa-conversao 1.0.0,27,ok
103730,per103730_1914_00338,1,0,0,,,triagem/nome-caixa-conversao 1.0.0,27,ok
103730,per103730_1914_00338,2,0,0,,,triagem/nome-caixa-conversao 1.0.0,27,ok
103730,per103730_1914_00338,3,0,0,,,triagem/nome-caixa-conversao 1.0.0,27,ok
103730,per103730_1914_00338,4,0,0,,,triagem/nome-caixa-conversao 1.0.0,27,ok
103730,per103730_1914_00338,5,0,0,,,triagem/nome-caixa-conversao 1.0.0,27,ok
103730,per103730_1914_00338,6,0,0,,,triagem/nome-caixa-conversao 1.0.0,27,ok
103730,per103730_1914_00339,1,0,0,,,triagem/nome-caixa-conversao 1.0.0,27,ok
103730,per103730_1914_00339,2,0,0,,,triagem/nome-caixa-conversao 1.0.0,27,ok
103730,per103730_1914_00339,3,0,0,,,triagem/nome-caixa-conversao 1.0.0,27,ok
103730,per103730_1914_00339,4,0,0,,,triagem/nome-caixa-conversao 1.0.0,27,ok
103730,per103730_1914_00339,5,0,0,,,triagem/nome-caixa-conversao 1.0.0,27,ok
103730,per103730_1914_00339,6,0,0,,,triagem/nome-caixa-conversao 1.0.0,27,ok
103730,per103730_1914_00339,7,0,0,,,triagem/nome-caixa-conversao 1.0.0,27,ok
103730,per103730_1914_00339,8,0,0,,,triagem/nome-caixa-conversao 1.0.0,27,ok
103730,per103730_1914_00339,9,0,0,,,triagem/nome-caixa-conversao 1.0.0,27,ok
103730,per103730_1914_00339,10,0,0,,,triagem/nome-caixa-conversao 1.0.0,27,ok
103730,per103730_1914_00339,11,0,0,,,triagem/nome-caixa-conversao 1.0.0,27,ok
103730,per103730_1914_00339,12,0,0,,,triagem/nome-caixa-conversao 1.0.0,27,ok
103730,per103730_1914_00340,1,0,0,,,triagem/nome-caixa-conversao 1.0.0,27,ok
103730,per103730_1914_00340,2,0,0,,,triagem/nome-caixa-conversao 1.0.0,27,ok
103730,per103730_1914_00340,3,0,0,,,triagem/nome-caixa-conversao 1.0.0,27,ok
103730,per103730_1914_00340,4,0,0,,,triagem/nome-caixa-conversao 1.0.0,27,ok
103730,per103730_1914_00340,5,0,0,,,triagem/nome-caixa-conversao 1.0.0,27,ok
103730,per103730_1914_00340,6,0,0,,,triagem/nome-caixa-conversao 1.0.0,27,ok
103730,per103730_1914_00341,1,0,0,,,triagem/nome-caixa-conversao 1.0.0,27,ok
103730,per103730_1914_00341,2,0,0,,,triagem/nome-caixa-conversao 1.0.0,27,ok
103730,per103730_1914_00341,3,0,0,,,triagem/nome-caixa-conversao 1.0.0,27,ok
103730,per103730_1914_00341,4,0,0,,,triagem/nome-caixa-conversao 1.0.0,27,ok
103730,per103730_1914_00341,5,0,0,,,triagem/nome-caixa-conversao 1.0.0,27,ok
103730,per103730_1914_00341,6,0,0,,,triagem/nome-caixa-conversao 1.0.0,27,ok
103730,per103730_1914_00342,1,0,0,,,triagem/nome-caixa-conversao 1.0.0,27,ok
103730,per103730_1914_00342,2,0,0,,,triagem/nome-caixa-conversao 1.0.0,27,ok
103730,per103730_1914_00342,3,0,0,,,triagem/nome-caixa-conversao 1.0.0,27,ok
103730,per103730_1914_00342,4,0,0,,,triagem/nome-caixa-conversao 1.0.0,27,ok
103730,per103730_1914_00342,5,0,0,,,triagem/nome-caixa-conversao 1.0.0,27,ok
103730,per103730_1914_00342,6,0,0,,,triagem/nome-caixa-conversao 1.0.0,27,ok
103730,per103730_1914_00343,1,0,0,,,triagem/nome-caixa-conversao 1.0.0,27,ok
103730,per103730_1914_00343,2,0,0,,,triagem/nome-caixa-conversao 1.0.0,27,ok
103730,per103730_1914_00343,3,0,0,,,triagem/nome-caixa-conversao 1.0.0,27,ok
103730,per103730_1914_00343,4,0,0,,,triagem/nome-caixa-conversao 1.0.0,27,ok
103730,per103730_1914_00343,5,0,0,,,triagem/nome-caixa-conversao 1.0.0,27,ok
103730,per103730_1914_00343,6,0,0,,,triagem/nome-caixa-conversao 1.0.0,27,ok
103730,per103730_1914_00344,1,1,1,caixa de conver,11906,triagem/nome-caixa-conversao 1.0.0,27,ok
103730,per103730_1914_00344,2,0,0,,,triagem/nome-caixa-conversao 1.0.0,27,ok
103730,per103730_1914_00344,3,0,0,,,triagem/nome-caixa-conversao 1.0.0,27,ok
103730,per103730_1914_00344,4,0,0,,,triagem/nome-caixa-conversao 1.0.0,27,ok
103730,per103730_1914_00344,5,0,0,,,triagem/nome-caixa-conversao 1.0.0,27,ok
103730,per103730_1914_00344,6,0,0,,,triagem/nome-caixa-conversao 1.0.0,27,ok
103730,per103730_1914_00345,1,1,3,caixa de conver,6397,triagem/nome-caixa-conversao 1.0.0,27,ok
103730,per103730_1914_00345,2,1,4,caixa dc conver,1520,triagem/nome-caixa-conversao 1.0.0,27,ok
103730,per103730_1914_00345,3,0,0,,,triagem/nome-caixa-conversao 1.0.0,27,ok
103730,per103730_1914_00345,4,0,0,,,triagem/nome-caixa-conversao 1.0.0,27,ok
103730,per103730_1914_00345,5,0,0,,,triagem/nome-caixa-conversao 1.0.0,27,ok
103730,per103730_1914_00345,6,0,0,,,triagem/nome-caixa-conversao 1.0.0,27,ok
103730,per103730_1914_00345,7,0,0,,,triagem/nome-caixa-conversao 1.0.0,27,ok
103730,per103730_1914_00345,8,0,0,,,triagem/nome-caixa-conversao 1.0.0,27,ok
103730,per103730_1914_00346,1,0,0,,,triagem/nome-caixa-conversao 1.0.0,27,ok
103730,per103730_1914_00346,2,0,0,,,triagem/nome-caixa-conversao 1.0.0,27,ok
103730,per103730_1914_00346,3,0,0,,,triagem/nome-caixa-conversao 1.0.0,27,ok
103730,per103730_1914_00346,4,0,0,,,triagem/nome-caixa-conversao 1.0.0,27,ok
103730,per103730_1914_00346,5,1,1,caixa de conver,4629,triagem/nome-caixa-conversao 1.0.0,27,ok
103730,per103730_1914_00346,6,1,2,caixa deconver,14982,triagem/nome-caixa-conversao 1.0.0,27,ok
103730,per103730_1914_00346,7,0,0,,,triagem/nome-caixa-conversao 1.0.0,27,ok
103730,per103730_1914_00346,8,0,0,,,triagem/nome-caixa-conversao 1.0.0,27,ok
103730,per103730_1914_00346,9,0,0,,,triagem/nome-caixa-conversao 1.0.0,27,ok
103730,per103730_1914_00346,10,0,0,,,triagem/nome-caixa-conversao 1.0.0,27,ok
103730,per103730_1914_00346,11,0,0,,,triagem/nome-caixa-conversao 1.0.0,27,ok
103730,per103730_1914_00346,12,0,0,,,triagem/nome-caixa-conversao 1.0.0,27,ok
103730,per103730_1914_00347,1,0,0,,,triagem/nome-caixa-conversao 1.0.0,27,ok
103730,per103730_1914_00347,2,0,0,,,triagem/nome-caixa-conversao 1.0.0,27,ok
103730,per103730_1914_00347,3,1,2,caixa de conver,31594,triagem/nome-caixa-conversao 1.0.0,27,ok
103730,per103730_1914_00347,4,0,0,,,triagem/nome-caixa-conversao 1.0.0,27,ok
103730,per103730_1914_00347,5,0,0,,,triagem/nome-caixa-conversao 1.0.0,27,ok
103730,per103730_1914_00347,6,0,0,,,triagem/nome-caixa-conversao 1.0.0,27,ok
103730,per103730_1914_00348,1,0,0,,,triagem/nome-caixa-conversao 1.0.0,27,ok
103730,per103730_1914_00348,2,0,0,,,triagem/nome-caixa-conversao 1.0.0,27,ok
103730,per103730_1914_00348,3,0,0,,,triagem/nome-caixa-conversao 1.0.0,27,ok
103730,per103730_1914_00348,4,0,0,,,triagem/nome-caixa-conversao 1.0.0,27,ok
103730,per103730_1914_00348,5,0,0,,,triagem/nome-caixa-conversao 1.0.0,27,ok
103730,per103730_1914_00348,6,0,0,,,triagem/nome-caixa-conversao 1.0.0,27,ok
103730,per103730_1914_00349,1,0,0,,,triagem/nome-caixa-conversao 1.0.0,27,ok
103730,per103730_1914_00349,2,0,0,,,triagem/nome-caixa-conversao 1.0.0,27,ok
103730,per103730_1914_00349,3,0,0,,,triagem/nome-caixa-conversao 1.0.0,27,ok
103730,per103730_1914_00349,4,0,0,,,triagem/nome-caixa-conversao 1.0.0,27,ok
103730,per103730_1914_00349,5,0,0,,,triagem/nome-caixa-conversao 1.0.0,27,ok
103730,per103730_1914_00349,6,0,0,,,triagem/nome-caixa-conversao 1.0.0,27,ok
103730,per103730_1914_00349,7,0,0,,,triagem/nome-caixa-conversao 1.0.0,27,ok
103730,per103730_1914_00349,8,0,0,,,triagem/nome-caixa-conversao 1.0.0,27,ok
103730,per103730_1914_00350,1,0,0,,,triagem/nome-caixa-conversao 1.0.0,27,ok
103730,per103730_1914_00350,2,0,0,,,triagem/nome-caixa-conversao 1.0.0,27,ok
103730,per103730_1914_00350,3,0,0,,,triagem/nome-caixa-conversao 1.0.0,27,ok
103730,per103730_1914_00350,4,0,0,,,triagem/nome-caixa-conversao 1.0.0,27,ok
103730,per103730_1914_00350,5,0,0,,,triagem/nome-caixa-conversao 1.0.0,27,ok
103730,per103730_1914_00350,6,0,0,,,triagem/nome-caixa-conversao 1.0.0,27,ok
103730,per103730_1914_00351,1,0,0,,,triagem/nome-caixa-conversao 1.0.0,27,ok
103730,per103730_1914_00351,2,0,0,,,triagem/nome-caixa-conversao 1.0.0,27,ok
103730,per103730_1914_00351,3,1,1,caixa de conver,38511,triagem/nome-caixa-conversao 1.0.0,27,ok
103730,per103730_1914_00351,4,0,0,,,triagem/nome-caixa-conversao 1.0.0,27,ok
103730,per103730_1914_00351,5,0,0,,,triagem/nome-caixa-conversao 1.0.0,27,ok
103730,per103730_1914_00351,6,0,0,,,triagem/nome-caixa-conversao 1.0.0,27,ok
103730,per103730_1914_00352,1,1,1,caixa de conver,1209,triagem/nome-caixa-conversao 1.0.0,27,ok
103730,per103730_1914_00352,2,0,0,,,triagem/nome-caixa-conversao 1.0.0,27,ok
103730,per103730_1914_00352,3,0,0,,,triagem/nome-caixa-conversao 1.0.0,27,ok
103730,per103730_1914_00352,4,0,0,,,triagem/nome-caixa-conversao 1.0.0,27,ok
103730,per103730_1914_00352,5,0,0,,,triagem/nome-caixa-conversao 1.0.0,27,ok
103730,per103730_1914_00352,6,0,0,,,triagem/nome-caixa-conversao 1.0.0,27,ok
103730,per103730_1914_00352,7,0,0,,,triagem/nome-caixa-conversao 1.0.0,27,ok
103730,per103730_1914_00352,8,0,0,,,triagem/nome-caixa-conversao 1.0.0,27,ok
103730,per103730_1914_00353,1,0,0,,,triagem/nome-caixa-conversao 1.0.0,27,ok
103730,per103730_1914_00353,2,0,0,,,triagem/nome-caixa-conversao 1.0.0,27,ok
103730,per103730_1914_00353,3,0,0,,,triagem/nome-caixa-conversao 1.0.0,27,ok
103730,per103730_1914_00353,4,0,0,,,triagem/nome-caixa-conversao 1.0.0,27,ok
103730,per103730_1914_00353,5,0,0,,,triagem/nome-caixa-conversao 1.0.0,27,ok
103730,per103730_1914_00353,6,0,0,,,triagem/nome-caixa-conversao 1.0.0,27,ok
103730,per103730_1914_00353,7,0,0,,,triagem/nome-caixa-conversao 1.0.0,27,ok
103730,per103730_1914_00353,8,0,0,,,triagem/nome-caixa-conversao 1.0.0,27,ok
103730,per103730_1914_00353,9,0,0,,,triagem/nome-caixa-conversao 1.0.0,27,ok
103730,per103730_1914_00353,10,0,0,,,triagem/nome-caixa-conversao 1.0.0,27,ok
103730,per103730_1914_00353,11,0,0,,,triagem/nome-caixa-conversao 1.0.0,27,ok
103730,per103730_1914_00353,12,0,0,,,triagem/nome-caixa-conversao 1.0.0,27,ok
103730,per103730_1914_00354,1,0,0,,,triagem/nome-caixa-conversao 1.0.0,27,ok
103730,per103730_1914_00354,2,1,1,caixa de conver,7827,triagem/nome-caixa-conversao 1.0.0,27,ok
103730,per103730_1914_00354,3,0,0,,,triagem/nome-caixa-conversao 1.0.0,27,ok
103730,per103730_1914_00354,4,0,0,,,triagem/nome-caixa-conversao 1.0.0,27,ok
103730,per103730_1914_00354,5,0,0,,,triagem/nome-caixa-conversao 1.0.0,27,ok
103730,per103730_1914_00354,6,0,0,,,triagem/nome-caixa-conversao 1.0.0,27,ok
103730,per103730_1914_00355,1,0,0,,,triagem/nome-caixa-conversao 1.0.0,27,ok
103730,per103730_1914_00355,2,0,0,,,triagem/nome-caixa-conversao 1.0.0,27,ok
103730,per103730_1914_00355,3,0,0,,,triagem/nome-caixa-conversao 1.0.0,27,ok
103730,per103730_1914_00355,4,0,0,,,triagem/nome-caixa-conversao 1.0.0,27,ok
103730,per103730_1914_00355,5,0,0,,,triagem/nome-caixa-conversao 1.0.0,27,ok
103730,per103730_1914_00355,6,0,0,,,triagem/nome-caixa-conversao 1.0.0,27,ok
103730,per103730_1914_00355,7,0,0,,,triagem/nome-caixa-conversao 1.0.0,27,ok
103730,per103730_1914_00355,8,0,0,,,triagem/nome-caixa-conversao 1.0.0,27,ok
103730,per103730_1914_00356,1,0,0,,,triagem/nome-caixa-conversao 1.0.0,27,ok
103730,per103730_1914_00356,2,0,0,,,triagem/nome-caixa-conversao 1.0.0,27,ok
103730,per103730_1914_00356,3,0,0,,,triagem/nome-caixa-conversao 1.0.0,27,ok
103730,per103730_1914_00356,4,1,2,caixa de conver,33563,triagem/nome-caixa-conversao 1.0.0,27,ok
103730,per103730_1914_00356,5,0,0,,,triagem/nome-caixa-conversao 1.0.0,27,ok
103730,per103730_1914_00356,6,0,0,,,triagem/nome-caixa-conversao 1.0.0,27,ok
103730,per103730_1914_00356,7,0,0,,,triagem/nome-caixa-conversao 1.0.0,27,ok
103730,per103730_1914_00356,8,0,0,,,triagem/nome-caixa-conversao 1.0.0,27,ok
103730,per103730_1914_00357,1,1,1,caixa de conver,12799,triagem/nome-caixa-conversao 1.0.0,27,ok
103730,per103730_1914_00357,2,0,0,,,triagem/nome-caixa-conversao 1.0.0,27,ok
103730,per103730_1914_00357,3,0,0,,,triagem/nome-caixa-conversao 1.0.0,27,ok
103730,per103730_1914_00357,4,0,0,,,triagem/nome-caixa-conversao 1.0.0,27,ok
103730,per103730_1914_00357,5,0,0,,,triagem/nome-caixa-conversao 1.0.0,27,ok
103730,per103730_1914_00357,6,0,0,,,triagem/nome-caixa-conversao 1.0.0,27,ok
103730,per103730_1914_00357,7,0,0,,,triagem/nome-caixa-conversao 1.0.0,27,ok
103730,per103730_1914_00357,8,0,0,,,triagem/nome-caixa-conversao 1.0.0,27,ok
103730,per103730_1914_00359,1,0,0,,,triagem/nome-caixa-conversao 1.0.0,27,ok
103730,per103730_1914_00359,2,0,0,,,triagem/nome-caixa-conversao 1.0.0,27,ok
103730,per103730_1914_00359,3,0,0,,,triagem/nome-caixa-conversao 1.0.0,27,ok
103730,per103730_1914_00359,4,0,0,,,triagem/nome-caixa-conversao 1.0.0,27,ok
103730,per103730_1914_00359,5,0,0,,,triagem/nome-caixa-conversao 1.0.0,27,ok
103730,per103730_1914_00359,6,0,0,,,triagem/nome-caixa-conversao 1.0.0,27,ok
103730,per103730_1914_00360,1,0,0,,,triagem/nome-caixa-conversao 1.0.0,27,ok
103730,per103730_1914_00360,2,0,0,,,triagem/nome-caixa-conversao 1.0.0,27,ok
103730,per103730_1914_00360,3,0,0,,,triagem/nome-caixa-conversao 1.0.0,27,ok
103730,per103730_1914_00360,4,0,0,,,triagem/nome-caixa-conversao 1.0.0,27,ok
103730,per103730_1914_00360,5,1,2,caixa de conver,38297,triagem/nome-caixa-conversao 1.0.0,27,ok
103730,per103730_1914_00360,6,0,0,,,triagem/nome-caixa-conversao 1.0.0,27,ok
103730,per103730_1914_00360,7,0,0,,,triagem/nome-caixa-conversao 1.0.0,27,ok
103730,per103730_1914_00360,8,0,0,,,triagem/nome-caixa-conversao 1.0.0,27,ok
103730,per103730_1914_00360,9,0,0,,,triagem/nome-caixa-conversao 1.0.0,27,ok
103730,per103730_1914_00360,10,0,0,,,triagem/nome-caixa-conversao 1.0.0,27,ok
103730,per103730_1914_00361,1,0,0,,,triagem/nome-caixa-conversao 1.0.0,27,ok
103730,per103730_1914_00361,2,0,0,,,triagem/nome-caixa-conversao 1.0.0,27,ok
103730,per103730_1914_00361,3,0,0,,,triagem/nome-caixa-conversao 1.0.0,27,ok
103730,per103730_1914_00361,4,0,0,,,triagem/nome-caixa-conversao 1.0.0,27,ok
103730,per103730_1914_00361,5,0,0,,,triagem/nome-caixa-conversao 1.0.0,27,ok
103730,per103730_1914_00361,6,0,0,,,triagem/nome-caixa-conversao 1.0.0,27,ok
103730,per103730_1914_00363,1,0,0,,,triagem/nome-caixa-conversao 1.0.0,27,ok
103730,per103730_1914_00363,2,0,0,,,triagem/nome-caixa-conversao 1.0.0,27,ok
103730,per103730_1914_00363,3,0,0,,,triagem/nome-caixa-conversao 1.0.0,27,ok
103730,per103730_1914_00363,4,0,0,,,triagem/nome-caixa-conversao 1.0.0,27,ok
103730,per103730_1914_00363,5,0,0,,,triagem/nome-caixa-conversao 1.0.0,27,ok
103730,per103730_1914_00363,6,0,0,,,triagem/nome-caixa-conversao 1.0.0,27,ok
103730,per103730_1914_00364,1,0,0,,,triagem/nome-caixa-conversao 1.0.0,27,ok
103730,per103730_1914_00364,2,0,0,,,triagem/nome-caixa-conversao 1.0.0,27,ok
103730,per103730_1914_00364,3,0,0,,,triagem/nome-caixa-conversao 1.0.0,27,ok
103730,per103730_1914_00364,4,0,0,,,triagem/nome-caixa-conversao 1.0.0,27,ok
103730,per103730_1914_00364,5,0,0,,,triagem/nome-caixa-conversao 1.0.0,27,ok
103730,per103730_1914_00364,6,0,0,,,triagem/nome-caixa-conversao 1.0.0,27,ok
103730,per103730_1914_00801,1,0,0,,,triagem/nome-caixa-conversao 1.0.0,27,ok
103730,per103730_1914_00801,2,1,1,caixa dc conver,3716,triagem/nome-caixa-conversao 1.0.0,27,ok
103730,per103730_1914_00801,3,0,0,,,triagem/nome-caixa-conversao 1.0.0,27,ok
103730,per103730_1914_00801,4,0,0,,,triagem/nome-caixa-conversao 1.0.0,27,ok
103730,per103730_1914_00801,5,0,0,,,triagem/nome-caixa-conversao 1.0.0,27,ok
103730,per103730_1914_00801,6,0,0,,,triagem/nome-caixa-conversao 1.0.0,27,ok
103730,per103730_1914_00801,7,0,0,,,triagem/nome-caixa-conversao 1.0.0,27,ok
103730,per103730_1914_00801,8,0,0,,,triagem/nome-caixa-conversao 1.0.0,27,ok
103730,per103730_1914_00801,9,0,0,,,triagem/nome-caixa-conversao 1.0.0,27,ok
103730,per103730_1914_00801,10,0,0,,,triagem/nome-caixa-conversao 1.0.0,27,ok
