bib,source_identifier,page_number,hit,n_matches,primeiro_span_texto,primeiro_span_offset,regra_versao,extraction_run_id,result_status
178691,per178691_1914_10678,1,0,0,,,triagem/nome-caixa-conversao 1.0.0,35,ok
178691,per178691_1914_10678,2,0,0,,,triagem/nome-caixa-conversao 1.0.0,35,ok
178691,per178691_1914_10678,3,0,0,,,triagem/nome-caixa-conversao 1.0.0,35,ok
178691,per178691_1914_10678,4,0,0,,,triagem/nome-caixa-conversao 1.0.0,35,ok
178691,per178691_1914_10678,5,0,0,,,triagem/nome-caixa-conversao 1.0.0,35,ok
178691,per178691_1914_10678,6,0,0,,,triagem/nome-caixa-conversao 1.0.0,35,ok
178691,per178691_1914_10678,7,0,0,,,triagem/nome-caixa-conversao 1.0.0,35,ok
178691,per178691_1914_10678,8,0,0,,,triagem/nome-caixa-conversao 1.0.0,35,ok
178691,per178691_1914_10678,9,0,0,,,triagem/nome-caixa-conversao 1.0.0,35,ok
178691,per178691_1914_10678,10,0,0,,,triagem/nome-caixa-conversao 1.0.0,35,ok
178691,per178691_1914_10678,11,0,0,,,triagem/nome-caixa-conversao 1.0.0,35,ok
178691,per178691_1914_10678,12,0,0,,,triagem/nome-caixa-conversao 1.0.0,35,ok
178691,per178691_1914_10678,13,0,0,,,triagem/nome-caixa-conversao 1.0.0,35,ok
178691,per178691_1914_10678,14,0,0,,,triagem/nome-caixa-conversao 1.0.0,35,ok
178691,per178691_1914_10678,15,0,0,,,triagem/nome-caixa-conversao 1.0.0,35,ok
178691,per178691_1914_10678,16,0,0,,,triagem/nome-caixa-conversao 1.0.0,35,ok
178691,per178691_1914_10678,17,0,0,,,triagem/nome-caixa-conversao 1.0.0,35,ok
178691,per178691_1914_10678,18,0,0,,,triagem/nome-caixa-conversao 1.0.0,35,ok
178691,per178691_1914_10678,19,0,0,,,triagem/nome-caixa-conversao 1.0.0,35,ok
178691,per178691_1914_10678,20,0,0,,,triagem/nome-caixa-conversao 1.0.0,35,ok
178691,per178691_1914_10678,21,0,0,,,triagem/nome-caixa-conversao 1.0.0,35,ok
178691,per178691_1914_10678,22,0,0,,,triagem/nome-caixa-conversao 1.0.0,35,ok
178691,per178691_1914_10678,23,0,0,,,triagem/nome-caixa-conversao 1.0.0,35,ok
178691,per178691_1914_10678,24,0,0,,,triagem/nome-caixa-conversao 1.0.0,35,ok
178691,per178691_1914_10678,25,0,0,,,triagem/nome-caixa-conversao 1.0.0,35,ok
178691,per178691_1914_10678,26,0,0,,,triagem/nome-caixa-conversao 1.0.0,35,ok
178691,per178691_1914_10678,27,0,0,,,triagem/nome-caixa-conversao 1.0.0,35,ok
178691,per178691_1914_10678,28,0,0,,,triagem/nome-caixa-conversao 1.0.0,35,ok
178691,per178691_1914_10679,1,0,0,,,triagem/nome-caixa-conversao 1.0.0,35,ok
178691,per178691_1914_10679,2,0,0,,,triagem/nome-caixa-conversao 1.0.0,35,ok
178691,per178691_1914_10679,3,0,0,,,triagem/nome-caixa-conversao 1.0.0,35,ok
178691,per178691_1914_10679,4,0,0,,,triagem/nome-caixa-conversao 1.0.0,35,ok
178691,per178691_1914_10679,5,0,0,,,triagem/nome-caixa-conversao 1.0.0,35,ok
178691,per178691_1914_10679,6,0,0,,,triagem/nome-caixa-conversao 1.0.0,35,ok
178691,per178691_1914_10679,7,0,0,,,triagem/nome-caixa-conversao 1.0.0,35,ok
178691,per178691_1914_10679,8,1,1,caixa de conver,19331,triagem/nome-caixa-conversao 1.0.0,35,ok
178691,per178691_1914_10679,9,0,0,,,triagem/nome-caixa-conversao 1.0.0,35,ok
178691,per178691_1914_10679,10,0,0,,,triagem/nome-caixa-conversao 1.0.0,35,ok
178691,per178691_1914_10679,11,0,0,,,triagem/nome-caixa-conversao 1.0.0,35,ok
178691,per178691_1914_10679,12,0,0,,,triagem/nome-caixa-conversao 1.0.0,35,ok
178691,per178691_1914_10680,1,0,0,,,triagem/nome-caixa-conversao 1.0.0,35,ok
178691,per178691_1914_10680,2,0,0,,,triagem/nome-caixa-conversao 1.0.0,35,ok
178691,per178691_1914_10680,3,0,0,,,triagem/nome-caixa-conversao 1.0.0,35,ok
178691,per178691_1914_10680,4,0,0,,,triagem/nome-caixa-conversao 1.0.0,35,ok
178691,per178691_1914_10680,5,0,0,,,triagem/nome-caixa-conversao 1.0.0,35,ok
178691,per178691_1914_10680,6,0,0,,,triagem/nome-caixa-conversao 1.0.0,35,ok
178691,per178691_1914_10680,7,0,0,,,triagem/nome-caixa-conversao 1.0.0,35,ok
178691,per178691_1914_10680,8,0,0,,,triagem/nome-caixa-conversao 1.0.0,35,ok
178691,per178691_1914_10680,9,0,0,,,triagem/nome-caixa-conversao 1.0.0,35,ok
178691,per178691_1914_10680,10,1,1,caixade conver,31927,triagem/nome-caixa-conversao 1.0.0,35,ok
178691,per178691_1914_10680,11,0,0,,,triagem/nome-caixa-conversao 1.0.0,35,ok
178691,per178691_1914_10680,12,0,0,,,triagem/nome-caixa-conversao 1.0.0,35,ok
178691,per178691_1914_10680,13,0,0,,,triagem/nome-caixa-conversao 1.0.0,35,ok
178691,per178691_1914_10680,14,0,0,,,triagem/nome-caixa-conversao 1.0.0,35,ok
178691,per178691_1914_10680,15,0,0,,,triagem/nome-caixa-conversao 1.0.0,35,ok
178691,per178691_1914_10680,16,0,0,,,triagem/nome-caixa-conversao 1.0.0,35,ok
178691,per178691_1914_10681,1,0,0,,,triagem/nome-caixa-conversao 1.0.0,35,ok
178691,per178691_1914_10681,2,1,3,caixa de conver,22803,triagem/nome-caixa-conversao 1.0.0,35,ok
178691,per178691_1914_10681,3,0,0,,,triagem/nome-caixa-conversao 1.0.0,35,ok
178691,per178691_1914_10681,4,0,0,,,triagem/nome-caixa-conversao 1.0.0,35,ok
178691,per178691_1914_10681,5,0,0,,,triagem/nome-caixa-conversao 1.0.0,35,ok
178691,per178691_1914_10681,6,0,0,,,triagem/nome-caixa-conversao 1.0.0,35,ok
178691,per178691_1914_10681,7,0,0,,,triagem/nome-caixa-conversao 1.0.0,35,ok
178691,per178691_1914_10681,8,0,0,,,triagem/nome-caixa-conversao 1.0.0,35,ok
178691,per178691_1914_10681,9,0,0,,,triagem/nome-caixa-conversao 1.0.0,35,ok
178691,per178691_1914_10681,10,0,0,,,triagem/nome-caixa-conversao 1.0.0,35,ok
178691,per178691_1914_10681,11,0,0,,,triagem/nome-caixa-conversao 1.0.0,35,ok
178691,per178691_1914_10681,12,0,0,,,triagem/nome-caixa-conversao 1.0.0,35,ok
178691,per178691_1914_10681,13,0,0,,,triagem/nome-caixa-conversao 1.0.0,35,ok
178691,per178691_1914_10681,14,0,0,,,triagem/nome-caixa-conversao 1.0.0,35,ok
178691,per178691_1914_10681,15,0,0,,,triagem/nome-caixa-conversao 1.0.0,35,ok
178691,per178691_1914_10681,16,0,0,,,triagem/nome-caixa-conversao 1.0.0,35,ok
178691,per178691_1914_10681,17,0,0,,,triagem/nome-caixa-conversao 1.0.0,35,ok
178691,per178691_1914_10681,18,0,0,,,triagem/nome-caixa-conversao 1.0.0,35,ok
178691,per178691_1914_10681,19,0,0,,,triagem/nome-caixa-conversao 1.0.0,35,ok
178691,per178691_1914_10681,20,0,0,,,triagem/nome-caixa-conversao 1.0.0,35,ok
178691,per178691_1914_10682,1,0,0,,,triagem/nome-caixa-conversao 1.0.0,35,ok
178691,per178691_1914_10682,2,0,0,,,triagem/nome-caixa-conversao 1.0.0,35,ok
178691,per178691_1914_10682,3,0,0,,,triagem/nome-caixa-conversao 1.0.0,35,ok
178691,per178691_1914_10682,4,0,0,,,triagem/nome-caixa-conversao 1.0.0,35,ok
178691,per178691_1914_10682,5,0,0,,,triagem/nome-caixa-conversao 1.0.0,35,ok
178691,per178691_1914_10682,6,0,0,,,triagem/nome-caixa-conversao 1.0.0,35,ok
178691,per178691_1914_10682,7,1,1,caixade conver,11637,triagem/nome-caixa-conversao 1.0.0,35,ok
178691,per178691_1914_10682,8,0,0,,,triagem/nome-caixa-conversao 1.0.0,35,ok
178691,per178691_1914_10682,9,0,0,,,triagem/nome-caixa-conversao 1.0.0,35,ok
178691,per178691_1914_10682,10,0,0,,,triagem/nome-caixa-conversao 1.0.0,35,ok
178691,per178691_1914_10683,1,0,0,,,triagem/nome-caixa-conversao 1.0.0,35,ok
178691,per178691_1914_10683,2,1,1,caixa de conver,16694,triagem/nome-caixa-conversao 1.0.0,35,ok
178691,per178691_1914_10683,3,1,1,caixa de conver,13586,triagem/nome-caixa-conversao 1.0.0,35,ok
178691,per178691_1914_10683,4,0,0,,,triagem/nome-caixa-conversao 1.0.0,35,ok
178691,per178691_1914_10683,5,1,1,caixa de conver,13423,triagem/nome-caixa-conversao 1.0.0,35,ok
178691,per178691_1914_10683,6,0,0,,,triagem/nome-caixa-conversao 1.0.0,35,ok
178691,per178691_1914_10683,7,1,1,caixa de conver,8409,triagem/nome-caixa-conversao 1.0.0,35,ok
178691,per178691_1914_10683,8,0,0,,,triagem/nome-caixa-conversao 1.0.0,35,ok
178691,per178691_1914_10683,9,0,0,,,triagem/nome-caixa-conversao 1.0.0,35,ok
178691,per178691_1914_10683,10,0,0,,,triagem/nome-caixa-conversao 1.0.0,35,ok
178691,per178691_1914_10683,11,0,0,,,triagem/nome-caixa-conversao 1.0.0,35,ok
178691,per178691_1914_10683,12,0,0,,,triagem/nome-caixa-conversao 1.0.0,35,ok
178691,per178691_1914_10684,1,0,0,,,triagem/nome-caixa-conversao 1.0.0,35,ok
178691,per178691_1914_10684,2,0,0,,,triagem/nome-caixa-conversao 1.0.0,35,ok
178691,per178691_1914_10684,3,0,0,,,triagem/nome-caixa-conversao 1.0.0,35,ok
178691,per178691_1914_10684,4,0,0,,,triagem/nome-caixa-conversao 1.0.0,35,ok
178691,per178691_1914_10684,5,0,0,,,triagem/nome-caixa-conversao 1.0.0,35,ok
178691,per178691_1914_10684,6,0,0,,,triagem/nome-caixa-conversao 1.0.0,35,ok
178691,per178691_1914_10684,7,0,0,,,triagem/nome-caixa-conversao 1.0.0,35,ok
178691,per178691_1914_10684,8,0,0,,,triagem/nome-caixa-conversao 1.0.0,35,ok
178691,per178691_1914_10684,9,0,0,,,triagem/nome-caixa-conversao 1.0.0,35,ok
178691,per178691_1914_10684,10,0,0,,,triagem/nome-caixa-conversao 1.0.0,35,ok
178691,per178691_1914_10685,1,1,1,caixa de conver,14811,triagem/nome-caixa-conversao 1.0.0,35,ok
178691,per178691_1914_10685,2,1,1,caixa de conver,6538,triagem/nome-caixa-conversao 1.0.0,35,ok
178691,per178691_1914_10685,3,0,0,,,triagem/nome-caixa-conversao 1.0.0,35,ok
178691,per178691_1914_10685,4,0,0,,,triagem/nome-caixa-conversao 1.0.0,35,ok
178691,per178691_1914_10685,5,0,0,,,triagem/nome-caixa-conversao 1.0.0,35,ok
178691,per178691_1914_10685,6,0,0,,,triagem/nome-caixa-conversao 1.0.0,35,ok
178691,per178691_1914_10685,7,0,0,,,triagem/nome-caixa-conversao 1.0.0,35,ok
178691,per178691_1914_10685,8,0,0,,,triagem/nome-caixa-conversao 1.0.0,35,ok
178691,per178691_1914_10685,9,0,0,,,triagem/nome-caixa-conversao 1.0.0,35,ok
178691,per178691_1914_10685,10,1,1,caixa dk conver,22606,triagem/nome-caixa-conversao 1.0.0,35,ok
178691,per178691_1914_10685,11,0,0,,,triagem/nome-caixa-conversao 1.0.0,35,ok
178691,per178691_1914_10685,12,0,0,,,triagem/nome-caixa-conversao 1.0.0,35,ok
178691,per178691_1914_10685,13,0,0,,,triagem/nome-caixa-conversao 1.0.0,35,ok
178691,per178691_1914_10685,14,0,0,,,triagem/nome-caixa-conversao 1.0.0,35,ok
178691,per178691_1914_10685,15,0,0,,,triagem/nome-caixa-conversao 1.0.0,35,ok
178691,per178691_1914_10685,16,0,0,,,triagem/nome-caixa-conversao 1.0.0,35,ok
178691,per178691_1914_10686,1,0,0,,,triagem/nome-caixa-conversao 1.0.0,35,ok
178691,per178691_1914_10686,2,0,0,,,triagem/nome-caixa-conversao 1.0.0,35,ok
178691,per178691_1914_10686,3,0,0,,,triagem/nome-caixa-conversao 1.0.0,35,ok
178691,per178691_1914_10686,4,0,0,,,triagem/nome-caixa-conversao 1.0.0,35,ok
178691,per178691_1914_10686,5,0,0,,,triagem/nome-caixa-conversao 1.0.0,35,ok
178691,per178691_1914_10686,6,0,0,,,triagem/nome-caixa-conversao 1.0.0,35,ok
178691,per178691_1914_10686,7,0,0,,,triagem/nome-caixa-conversao 1.0.0,35,ok
178691,per178691_1914_10686,8,0,0,,,triagem/nome-caixa-conversao 1.0.0,35,ok
178691,per178691_1914_10686,9,0,0,,,triagem/nome-caixa-conversao 1.0.0,35,ok
178691,per178691_1914_10686,10,0,0,,,triagem/nome-caixa-conversao 1.0.0,35,ok
178691,per178691_1914_10686,11,0,0,,,triagem/nome-caixa-conversao 1.0.0,35,ok
178691,per178691_1914_10686,12,0,0,,,triagem/nome-caixa-conversao 1.0.0,35,ok
178691,per178691_1914_10687,1,0,0,,,triagem/nome-caixa-conversao 1.0.0,35,ok
178691,per178691_1914_10687,2,0,0,,,triagem/nome-caixa-conversao 1.0.0,35,ok
178691,per178691_1914_10687,3,0,0,,,triagem/nome-caixa-conversao 1.0.0,35,ok
178691,per178691_1914_10687,4,0,0,,,triagem/nome-caixa-conversao 1.0.0,35,ok
178691,per178691_1914_10687,5,0,0,,,triagem/nome-caixa-conversao 1.0.0,35,ok
178691,per178691_1914_10687,6,0,0,,,triagem/nome-caixa-conversao 1.0.0,35,ok
178691,per178691_1914_10687,7,0,0,,,triagem/nome-caixa-conversao 1.0.0,35,ok
178691,per178691_1914_10687,8,0,0,,,triagem/nome-caixa-conversao 1.0.0,35,ok
178691,per178691_1914_10687,9,0,0,,,triagem/nome-caixa-conversao 1.0.0,35,ok
178691,per178691_1914_10687,10,0,0,,,triagem/nome-caixa-conversao 1.0.0,35,ok
178691,per178691_1914_10687,11,0,0,,,triagem/nome-caixa-conversao 1.0.0,35,ok
178691,per178691_1914_10687,12,0,0,,,triagem/nome-caixa-conversao 1.0.0,35,ok
178691,per178691_1914_10687,13,0,0,,,triagem/nome-caixa-conversao 1.0.0,35,ok
178691,per178691_1914_10687,14,0,0,,,triagem/nome-caixa-conversao 1.0.0,35,ok
178691,per178691_1914_10687,15,0,0,,,triagem/nome-caixa-conversao 1.0.0,35,ok
178691,per178691_1914_10687,16,0,0,,,triagem/nome-caixa-conversao 1.0.0,35,ok
178691,per178691_1914_10688,1,0,0,,,triagem/nome-caixa-conversao 1.0.0,35,ok
178691,per178691_1914_10688,2,0,0,,,triagem/nome-caixa-conversao 1.0.0,35,ok
178691,per178691_1914_10688,3,0,0,,,triagem/nome-caixa-conversao 1.0.0,35,ok
178691,per178691_1914_10688,4,0,0,,,triagem/nome-caixa-conversao 1.0.0,35,ok
178691,per178691_1914_10688,5,0,0,,,triagem/nome-caixa-conversao 1.0.0,35,ok
178691,per178691_1914_10688,6,0,0,,,triagem/nome-caixa-conversao 1.0.0,35,ok
178691,per178691_1914_10688,7,0,0,,,triagem/nome-caixa-conversao 1.0.0,35,ok
178691,per178691_1914_10688,8,0,0,,,triagem/nome-caixa-conversao 1.0.0,35,ok
178691,per178691_1914_10688,9,0,0,,,triagem/nome-caixa-conversao 1.0.0,35,ok
178691,per178691_1914_10688,10,0,0,,,triagem/nome-caixa-conversao 1.0.0,35,ok
178691,per178691_1914_10688,11,0,0,,,triagem/nome-caixa-conversao 1.0.0,35,ok
178691,per178691_1914_10688,12,0,0,,,triagem/nome-caixa-conversao 1.0.0,35,ok
178691,per178691_1914_10688,13,0,0,,,triagem/nome-caixa-conversao 1.0.0,35,ok
178691,per178691_1914_10688,14,0,0,,,triagem/nome-caixa-conversao 1.0.0,35,ok
178691,per178691_1914_10688,15,0,0,,,triagem/nome-caixa-conversao 1.0.0,35,ok
178691,per178691_1914_10688,16,0,0,,,triagem/nome-caixa-conversao 1.0.0,35,ok
178691,per178691_1914_10688,17,0,0,,,triagem/nome-caixa-conversao 1.0.0,35,ok
178691,per178691_1914_10688,18,0,0,,,triagem/nome-caixa-conversao 1.0.0,35,ok
178691,per178691_1914_10688,19,0,0,,,triagem/nome-caixa-conversao 1.0.0,35,ok
178691,per178691_1914_10688,20,0,0,,,triagem/nome-caixa-conversao 1.0.0,35,ok
178691,per178691_1914_10689,1,0,0,,,triagem/nome-caixa-conversao 1.0.0,35,ok
178691,per178691_1914_10689,2,1,1,caixa deconver,11954,triagem/nome-caixa-conversao 1.0.0,35,ok
178691,per178691_1914_10689,3,0,0,,,triagem/nome-caixa-conversao 1.0.0,35,ok
178691,per178691_1914_10689,4,0,0,,,triagem/nome-caixa-conversao 1.0.0,35,ok
178691,per178691_1914_10689,5,0,0,,,triagem/nome-caixa-conversao 1.0.0,35,ok
178691,per178691_1914_10689,6,0,0,,,triagem/nome-caixa-conversao 1.0.0,35,ok
178691,per178691_1914_10689,7,0,0,,,triagem/nome-caixa-conversao 1.0.0,35,ok
178691,per178691_1914_10689,8,0,0,,,triagem/nome-caixa-conversao 1.0.0,35,ok
178691,per178691_1914_10689,9,0,0,,,triagem/nome-caixa-conversao 1.0.0,35,ok
178691,per178691_1914_10689,10,0,0,,,triagem/nome-caixa-conversao 1.0.0,35,ok
178691,per178691_1914_10690,1,0,0,,,triagem/nome-caixa-conversao 1.0.0,35,ok
178691,per178691_1914_10690,2,0,0,,,triagem/nome-caixa-conversao 1.0.0,35,ok
178691,per178691_1914_10690,3,0,0,,,triagem/nome-caixa-conversao 1.0.0,35,ok
178691,per178691_1914_10690,4,0,0,,,triagem/nome-caixa-conversao 1.0.0,35,ok
178691,per178691_1914_10690,5,0,0,,,triagem/nome-caixa-conversao 1.0.0,35,ok
178691,per178691_1914_10690,6,0,0,,,triagem/nome-caixa-conversao 1.0.0,35,ok
178691,per178691_1914_10690,7,0,0,,,triagem/nome-caixa-conversao 1.0.0,35,ok
178691,per178691_1914_10690,8,0,0,,,triagem/nome-caixa-conversao 1.0.0,35,ok
178691,per178691_1914_10690,9,0,0,,,triagem/nome-caixa-conversao 1.0.0,35,ok
178691,per178691_1914_10690,10,0,0,,,triagem/nome-caixa-conversao 1.0.0,35,ok
178691,per178691_1914_10690,11,0,0,,,triagem/nome-caixa-conversao 1.0.0,35,ok
178691,per178691_1914_10690,12,0,0,,,triagem/nome-caixa-conversao 1.0.0,35,ok
178691,per178691_1914_10691,1,0,0,,,triagem/nome-caixa-conversao 1.0.0,35,ok
178691,per178691_1914_10691,2,0,0,,,triagem/nome-caixa-conversao 1.0.0,35,ok
178691,per178691_1914_10691,3,0,0,,,triagem/nome-caixa-conversao 1.0.0,35,ok
178691,per178691_1914_10691,4,0,0,,,triagem/nome-caixa-conversao 1.0.0,35,ok
178691,per178691_1914_10691,5,0,0,,,triagem/nome-caixa-conversao 1.0.0,35,ok
178691,per178691_1914_10691,6,0,0,,,triagem/nome-caixa-conversao 1.0.0,35,ok
178691,per178691_1914_10691,7,0,0,,,triagem/nome-caixa-conversao 1.0.0,35,ok
178691,per178691_1914_10691,8,0,0,,,triagem/nome-caixa-conversao 1.0.0,35,ok
178691,per178691_1914_10691,9,0,0,,,triagem/nome-caixa-conversao 1.0.0,35,ok
178691,per178691_1914_10691,10,0,0,,,triagem/nome-caixa-conversao 1.0.0,35,ok
178691,per178691_1914_10691,11,0,0,,,triagem/nome-caixa-conversao 1.0.0,35,ok
178691,per178691_1914_10691,12,0,0,,,triagem/nome-caixa-conversao 1.0.0,35,ok
178691,per178691_1914_10691,13,0,0,,,triagem/nome-caixa-conversao 1.0.0,35,ok
178691,per178691_1914_10691,14,0,0,,,triagem/nome-caixa-conversao 1.0.0,35,ok
178691,per178691_1914_10691,15,0,0,,,triagem/nome-caixa-conversao 1.0.0,35,ok
178691,per178691_1914_10691,16,0,0,,,triagem/nome-caixa-conversao 1.0.0,35,ok
178691,per178691_1914_10692,1,0,0,,,triagem/nome-caixa-conversao 1.0.0,35,ok
178691,per178691_1914_10692,2,0,0,,,triagem/nome-caixa-conversao 1.0.0,35,ok
178691,per178691_1914_10692,3,0,0,,,triagem/nome-caixa-conversao 1.0.0,35,ok
178691,per178691_1914_10692,4,0,0,,,triagem/nome-caixa-conversao 1.0.0,35,ok
178691,per178691_1914_10692,5,0,0,,,triagem/nome-caixa-conversao 1.0.0,35,ok
178691,per178691_1914_10692,6,0,0,,,triagem/nome-caixa-conversao 1.0.0,35,ok
178691,per178691_1914_10692,7,0,0,,,triagem/nome-caixa-conversao 1.0.0,35,ok
178691,per178691_1914_10692,8,0,0,,,triagem/nome-caixa-conversao 1.0.0,35,ok
178691,per178691_1914_10692,9,0,0,,,triagem/nome-caixa-conversao 1.0.0,35,ok
178691,per178691_1914_10692,10,0,0,,,triagem/nome-caixa-conversao 1.0.0,35,ok
178691,per178691_1914_10692,11,0,0,,,triagem/nome-caixa-conversao 1.0.0,35,ok
178691,per178691_1914_10692,12,0,0,,,triagem/nome-caixa-conversao 1.0.0,35,ok
178691,per178691_1914_10692,13,0,0,,,triagem/nome-caixa-conversao 1.0.0,35,ok
178691,per178691_1914_10692,14,0,0,,,triagem/nome-caixa-conversao 1.0.0,35,ok
178691,per178691_1914_10692,15,0,0,,,triagem/nome-caixa-conversao 1.0.0,35,ok
178691,per178691_1914_10692,16,0,0,,,triagem/nome-caixa-conversao 1.0.0,35,ok
178691,per178691_1914_10692,17,0,0,,,triagem/nome-caixa-conversao 1.0.0,35,ok
178691,per178691_1914_10692,18,0,0,,,triagem/nome-caixa-conversao 1.0.0,35,ok
178691,per178691_1914_10692,19,0,0,,,triagem/nome-caixa-conversao 1.0.0,35,ok
178691,per178691_1914_10692,20,0,0,,,triagem/nome-caixa-conversao 1.0.0,35,ok
178691,per178691_1914_10693,1,0,0,,,triagem/nome-caixa-conversao 1.0.0,35,ok
178691,per178691_1914_10693,2,0,0,,,triagem/nome-caixa-conversao 1.0.0,35,ok
178691,per178691_1914_10693,3,0,0,,,triagem/nome-caixa-conversao 1.0.0,35,ok
178691,per178691_1914_10693,4,0,0,,,triagem/nome-caixa-conversao 1.0.0,35,ok
178691,per178691_1914_10693,5,0,0,,,triagem/nome-caixa-conversao 1.0.0,35,ok
178691,per178691_1914_10693,6,0,0,,,triagem/nome-caixa-conversao 1.0.0,35,ok
178691,per178691_1914_10693,7,0,0,,,triagem/nome-caixa-conversao 1.0.0,35,ok
178691,per178691_1914_10693,8,0,0,,,triagem/nome-caixa-conversao 1.0.0,35,ok
178691,per178691_1914_10693,9,0,0,,,triagem/nome-caixa-conversao 1.0.0,35,ok
178691,per178691_1914_10693,10,0,0,,,triagem/nome-caixa-conversao 1.0.0,35,ok
178691,per178691_1914_10693,11,0,0,,,triagem/nome-caixa-conversao 1.0.0,35,ok
178691,per178691_1914_10693,12,0,0,,,triagem/nome-caixa-conversao 1.0.0,35,ok
178691,per178691_1914_10694,1,0,0,,,triagem/nome-caixa-conversao 1.0.0,35,ok
178691,per178691_1914_10694,2,0,0,,,triagem/nome-caixa-conversao 1.0.0,35,ok
178691,per178691_1914_10694,3,0,0,,,triagem/nome-caixa-conversao 1.0.0,35,ok
178691,per178691_1914_10694,4,0,0,,,triagem/nome-caixa-conversao 1.0.0,35,ok
178691,per178691_1914_10694,5,0,0,,,triagem/nome-caixa-conversao 1.0.0,35,ok
178691,per178691_1914_10694,6,0,0,,,triagem/nome-caixa-conversao 1.0.0,35,ok
178691,per178691_1914_10694,7,0,0,,,triagem/nome-caixa-conversao 1.0.0,35,ok
178691,per178691_1914_10694,8,0,0,,,triagem/nome-caixa-conversao 1.0.0,35,ok
178691,per178691_1914_10694,9,0,0,,,triagem/nome-caixa-conversao 1.0.0,35,ok
178691,per178691_1914_10694,10,0,0,,,triagem/nome-caixa-conversao 1.0.0,35,ok
178691,per178691_1914_10694,11,0,0,,,triagem/nome-caixa-conversao 1.0.0,35,ok
178691,per178691_1914_10694,12,0,0,,,triagem/nome-caixa-conversao 1.0.0,35,ok
178691,per178691_1914_10694,13,0,0,,,triagem/nome-caixa-conversao 1.0.0,35,ok
178691,per178691_1914_10694,14,0,0,,,triagem/nome-caixa-conversao 1.0.0,35,ok
178691,per178691_1914_10694,15,0,0,,,triagem/nome-caixa-conversao 1.0.0,35,ok
178691,per178691_1914_10694,16,0,0,,,triagem/nome-caixa-conversao 1.0.0,35,ok
178691,per178691_1914_10695,1,0,0,,,triagem/nome-caixa-conversao 1.0.0,35,ok
178691,per178691_1914_10695,2,0,0,,,triagem/nome-caixa-conversao 1.0.0,35,ok
178691,per178691_1914_10695,3,0,0,,,triagem/nome-caixa-conversao 1.0.0,35,ok
178691,per178691_1914_10695,4,0,0,,,triagem/nome-caixa-conversao 1.0.0,35,ok
178691,per178691_1914_10695,5,0,0,,,triagem/nome-caixa-conversao 1.0.0,35,ok
178691,per178691_1914_10695,6,0,0,,,triagem/nome-caixa-conversao 1.0.0,35,ok
178691,per178691_1914_10695,7,0,0,,,triagem/nome-caixa-conversao 1.0.0,35,ok
178691,per178691_1914_10695,8,0,0,,,triagem/nome-caixa-conversao 1.0.0,35,ok
178691,per178691_1914_10695,9,0,0,,,triagem/nome-caixa-conversao 1.0.0,35,ok
178691,per178691_1914_10695,10,0,0,,,triagem/nome-caixa-conversao 1.0.0,35,ok
178691,per178691_1914_10695,11,0,0,,,triagem/nome-caixa-conversao 1.0.0,35,ok
178691,per178691_1914_10695,12,0,0,,,triagem/nome-caixa-conversao 1.0.0,35,ok
178691,per178691_1914_10695,13,0,0,,,triagem/nome-caixa-conversao 1.0.0,35,ok
178691,per178691_1914_10695,14,0,0,,,triagem/nome-caixa-conversao 1.0.0,35,ok
178691,per178691_1914_10695,15,0,0,,,triagem/nome-caixa-conversao 1.0.0,35,ok
178691,per178691_1914_10695,16,0,0,,,triagem/nome-caixa-conversao 1.0.0,35,ok
178691,per178691_1914_10695,17,0,0,,,triagem/nome-caixa-conversao 1.0.0,35,ok
178691,per178691_1914_10695,18,0,0,,,triagem/nome-caixa-conversao 1.0.0,35,ok
178691,per178691_1914_10695,19,0,0,,,triagem/nome-caixa-conversao 1.0.0,35,ok
178691,per178691_1914_10695,20,0,0,,,triagem/nome-caixa-conversao 1.0.0,35,ok
178691,per178691_1914_10696,1,0,0,,,triagem/nome-caixa-conversao 1.0.0,35,ok
178691,per178691_1914_10696,2,0,0,,,triagem/nome-caixa-conversao 1.0.0,35,ok
178691,per178691_1914_10696,3,0,0,,,triagem/nome-caixa-conversao 1.0.0,35,ok
178691,per178691_1914_10696,4,0,0,,,triagem/nome-caixa-conversao 1.0.0,35,ok
178691,per178691_1914_10696,5,0,0,,,triagem/nome-caixa-conversao 1.0.0,35,ok
178691,per178691_1914_10696,6,0,0,,,triagem/nome-caixa-conversao 1.0.0,35,ok
178691,per178691_1914_10696,7,0,0,,,triagem/nome-caixa-conversao 1.0.0,35,ok
178691,per178691_1914_10696,8,0,0,,,triagem/nome-caixa-conversao 1.0.0,35,ok
178691,per178691_1914_10696,9,0,0,,,triagem/nome-caixa-conversao 1.0.0,35,ok
178691,per178691_1914_10696,10,0,0,,,triagem/nome-caixa-conversao 1.0.0,35,ok
178691,per178691_1914_10697,1,0,0,,,triagem/nome-caixa-conversao 1.0.0,35,ok
178691,per178691_1914_10697,2,1,1,caixa de conver,32314,triagem/nome-caixa-conversao 1.0.0,35,ok
178691,per178691_1914_10697,3,0,0,,,triagem/nome-caixa-conversao 1.0.0,35,ok
178691,per178691_1914_10697,4,0,0,,,triagem/nome-caixa-conversao 1.0.0,35,ok
178691,per178691_1914_10697,5,0,0,,,triagem/nome-caixa-conversao 1.0.0,35,ok
178691,per178691_1914_10697,6,0,0,,,triagem/nome-caixa-conversao 1.0.0,35,ok
178691,per178691_1914_10697,7,0,0,,,triagem/nome-caixa-conversao 1.0.0,35,ok
178691,per178691_1914_10697,8,0,0,,,triagem/nome-caixa-conversao 1.0.0,35,ok
178691,per178691_1914_10697,9,0,0,,,triagem/nome-caixa-conversao 1.0.0,35,ok
178691,per178691_1914_10697,10,0,0,,,triagem/nome-caixa-conversao 1.0.0,35,ok
178691,per178691_1914_10697,11,0,0,,,triagem/nome-caixa-conversao 1.0.0,35,ok
178691,per178691_1914_10697,12,0,0,,,triagem/nome-caixa-conversao 1.0.0,35,ok
178691,per178691_1914_10697,13,0,0,,,triagem/nome-caixa-conversao 1.0.0,35,ok
178691,per178691_1914_10697,14,0,0,,,triagem/nome-caixa-conversao 1.0.0,35,ok
178691,per178691_1914_10697,15,0,0,,,triagem/nome-caixa-conversao 1.0.0,35,ok
178691,per178691_1914_10697,16,0,0,,,triagem/nome-caixa-conversao 1.0.0,35,ok
178691,per178691_1914_10698,1,0,0,,,triagem/nome-caixa-conversao 1.0.0,35,ok
178691,per178691_1914_10698,2,0,0,,,triagem/nome-caixa-conversao 1.0.0,35,ok
178691,per178691_1914_10698,3,0,0,,,triagem/nome-caixa-conversao 1.0.0,35,ok
178691,per178691_1914_10698,4,0,0,,,triagem/nome-caixa-conversao 1.0.0,35,ok
178691,per178691_1914_10698,5,0,0,,,triagem/nome-caixa-conversao 1.0.0,35,ok
178691,per178691_1914_10698,6,0,0,,,triagem/nome-caixa-conversao 1.0.0,35,ok
178691,per178691_1914_10698,7,0,0,,,triagem/nome-caixa-conversao 1.0.0,35,ok
178691,per178691_1914_10698,8,0,0,,,triagem/nome-caixa-conversao 1.0.0,35,ok
178691,per178691_1914_10698,9,0,0,,,triagem/nome-caixa-conversao 1.0.0,35,ok
178691,per178691_1914_10698,10,0,0,,,triagem/nome-caixa-conversao 1.0.0,35,ok
178691,per178691_1914_10699,1,0,0,,,triagem/nome-caixa-conversao 1.0.0,35,ok
178691,per178691_1914_10699,2,1,1,caixa de conver,25778,triagem/nome-caixa-conversao 1.0.0,35,ok
178691,per178691_1914_10699,3,0,0,,,triagem/nome-caixa-conversao 1.0.0,35,ok
178691,per178691_1914_10699,4,0,0,,,triagem/nome-caixa-conversao 1.0.0,35,ok
178691,per178691_1914_10699,5,0,0,,,triagem/nome-caixa-conversao 1.0.0,35,ok
178691,per178691_1914_10699,6,0,0,,,triagem/nome-caixa-conversao 1.0.0,35,ok
178691,per178691_1914_10699,7,0,0,,,triagem/nome-caixa-conversao 1.0.0,35,ok
178691,per178691_1914_10699,8,0,0,,,triagem/nome-caixa-conversao 1.0.0,35,ok
178691,per178691_1914_10699,9,0,0,,,triagem/nome-caixa-conversao 1.0.0,35,ok
178691,per178691_1914_10699,10,0,0,,,triagem/nome-caixa-conversao 1.0.0,35,ok
178691,per178691_1914_10699,11,0,0,,,triagem/nome-caixa-conversao 1.0.0,35,ok
178691,per178691_1914_10699,12,0,0,,,triagem/nome-caixa-conversao 1.0.0,35,ok
178691,per178691_1914_10699,13,0,0,,,triagem/nome-caixa-conversao 1.0.0,35,ok
178691,per178691_1914_10699,14,0,0,,,triagem/nome-caixa-conversao 1.0.0,35,ok
178691,per178691_1914_10699,15,0,0,,,triagem/nome-caixa-conversao 1.0.0,35,ok
178691,per178691_1914_10699,16,0,0,,,triagem/nome-caixa-conversao 1.0.0,35,ok
178691,per178691_1914_10699,17,0,0,,,triagem/nome-caixa-conversao 1.0.0,35,ok
178691,per178691_1914_10699,18,0,0,,,triagem/nome-caixa-conversao 1.0.0,35,ok
178691,per178691_1914_10699,19,0,0,,,triagem/nome-caixa-conversao 1.0.0,35,ok
178691,per178691_1914_10699,20,0,0,,,triagem/nome-caixa-conversao 1.0.0,35,ok
178691,per178691_1914_10700,1,0,0,,,triagem/nome-caixa-conversao 1.0.0,35,ok
178691,per178691_1914_10700,2,0,0,,,triagem/nome-caixa-conversao 1.0.0,35,ok
178691,per178691_1914_10700,3,0,0,,,triagem/nome-caixa-conversao 1.0.0,35,ok
178691,per178691_1914_10700,4,0,0,,,triagem/nome-caixa-conversao 1.0.0,35,ok
178691,per178691_1914_10700,5,0,0,,,triagem/nome-caixa-conversao 1.0.0,35,ok
178691,per178691_1914_10700,6,0,0,,,triagem/nome-caixa-conversao 1.0.0,35,ok
178691,per178691_1914_10700,7,0,0,,,triagem/nome-caixa-conversao 1.0.0,35,ok
178691,per178691_1914_10700,8,0,0,,,triagem/nome-caixa-conversao 1.0.0,35,ok
178691,per178691_1914_10700,9,1,1,caixa de conver,8990,triagem/nome-caixa-conversao 1.0.0,35,ok
178691,per178691_1914_10700,10,0,0,,,triagem/nome-caixa-conversao 1.0.0,35,ok
178691,per178691_1914_10700,11,0,0,,,triagem/nome-caixa-conversao 1.0.0,35,ok
178691,per178691_1914_10700,12,0,0,,,triagem/nome-caixa-conversao 1.0.0,35,ok
178691,per178691_1914_10701,1,0,0,,,triagem/nome-caixa-conversao 1.0.0,35,ok
178691,per178691_1914_10701,2,0,0,,,triagem/nome-caixa-conversao 1.0.0,35,ok
178691,per178691_1914_10701,3,0,0,,,triagem/nome-caixa-conversao 1.0.0,35,ok
178691,per178691_1914_10701,4,0,0,,,triagem/nome-caixa-conversao 1.0.0,35,ok
178691,per178691_1914_10701,5,0,0,,,triagem/nome-caixa-conversao 1.0.0,35,ok
178691,per178691_1914_10701,6,0,0,,,triagem/nome-caixa-conversao 1.0.0,35,ok
178691,per178691_1914_10701,7,0,0,,,triagem/nome-caixa-conversao 1.0.0,35,ok
178691,per178691_1914_10701,8,0,0,,,triagem/nome-caixa-conversao 1.0.0,35,ok
178691,per178691_1914_10701,9,1,1,caixade conver,14181,triagem/nome-caixa-conversao 1.0.0,35,ok
178691,per178691_1914_10701,10,0,0,,,triagem/nome-caixa-conversao 1.0.0,35,ok
178691,per178691_1914_10701,11,0,0,,,triagem/nome-caixa-conversao 1.0.0,35,ok
178691,per178691_1914_10701,12,0,0,,,triagem/nome-caixa-conversao 1.0.0,35,ok
178691,per178691_1914_10701,13,0,0,,,triagem/nome-caixa-conversao 1.0.0,35,ok
178691,per178691_1914_10701,14,0,0,,,triagem/nome-caixa-conversao 1.0.0,35,ok
178691,per178691_1914_10701,15,0,0,,,triagem/nome-caixa-conversao 1.0.0,35,ok
178691,per178691_1914_10701,16,0,0,,,triagem/nome-caixa-conversao 1.0.0,35,ok
178691,per178691_1914_10702,1,0,0,,,triagem/nome-caixa-conversao 1.0.0,35,ok
178691,per178691_1914_10702,2,0,0,,,triagem/nome-caixa-conversao 1.0.0,35,ok
178691,per178691_1914_10702,3,0,0,,,triagem/nome-caixa-conversao 1.0.0,35,ok
178691,per178691_1914_10702,4,0,0,,,triagem/nome-caixa-conversao 1.0.0,35,ok
178691,per178691_1914_10702,5,0,0,,,triagem/nome-caixa-conversao 1.0.0,35,ok
178691,per178691_1914_10702,6,0,0,,,triagem/nome-caixa-conversao 1.0.0,35,ok
178691,per178691_1914_10702,7,0,0,,,triagem/nome-caixa-conversao 1.0.0,35,ok
178691,per178691_1914_10702,8,0,0,,,triagem/nome-caixa-conversao 1.0.0,35,ok
178691,per178691_1914_10702,9,0,0,,,triagem/nome-caixa-conversao 1.0.0,35,ok
178691,per178691_1914_10702,10,0,0,,,triagem/nome-caixa-conversao 1.0.0,35,ok
178691,per178691_1914_10702,11,1,1,caixa db conver,24474,triagem/nome-caixa-conversao 1.0.0,35,ok
178691,per178691_1914_10702,12,0,0,,,triagem/nome-caixa-conversao 1.0.0,35,ok
178691,per178691_1914_10702,13,0,0,,,triagem/nome-caixa-conversao 1.0.0,35,ok
178691,per178691_1914_10702,14,0,0,,,triagem/nome-caixa-conversao 1.0.0,35,ok
178691,per178691_1914_10702,15,0,0,,,triagem/nome-caixa-conversao 1.0.0,35,ok
178691,per178691_1914_10702,16,0,0,,,triagem/nome-caixa-conversao 1.0.0,35,ok
178691,per178691_1914_10703,1,1,1,caixa de conver,20543,triagem/nome-caixa-conversao 1.0.0,35,ok
178691,per178691_1914_10703,2,0,0,,,triagem/nome-caixa-conversao 1.0.0,35,ok
178691,per178691_1914_10703,3,0,0,,,triagem/nome-caixa-conversao 1.0.0,35,ok
178691,per178691_1914_10703,4,0,0,,,triagem/nome-caixa-conversao 1.0.0,35,ok
178691,per178691_1914_10703,5,0,0,,,triagem/nome-caixa-conversao 1.0.0,35,ok
178691,per178691_1914_10703,6,1,1,caixade conver,37634,triagem/nome-caixa-conversao 1.0.0,35,ok
178691,per178691_1914_10703,7,0,0,,,triagem/nome-caixa-conversao 1.0.0,35,ok
178691,per178691_1914_10703,8,0,0,,,triagem/nome-caixa-conversao 1.0.0,35,ok
178691,per178691_1914_10703,9,0,0,,,triagem/nome-caixa-conversao 1.0.0,35,ok
178691,per178691_1914_10703,10,0,0,,,triagem/nome-caixa-conversao 1.0.0,35,ok
178691,per178691_1914_10704,1,0,0,,,triagem/nome-caixa-conversao 1.0.0,35,ok
178691,per178691_1914_10704,2,0,0,,,triagem/nome-caixa-conversao 1.0.0,35,ok
178691,per178691_1914_10704,3,0,0,,,triagem/nome-caixa-conversao 1.0.0,35,ok
178691,per178691_1914_10704,4,0,0,,,triagem/nome-caixa-conversao 1.0.0,35,ok
178691,per178691_1914_10704,5,0,0,,,triagem/nome-caixa-conversao 1.0.0,35,ok
178691,per178691_1914_10704,6,0,0,,,triagem/nome-caixa-conversao 1.0.0,35,ok
178691,per178691_1914_10704,7,0,0,,,triagem/nome-caixa-conversao 1.0.0,35,ok
178691,per178691_1914_10704,8,0,0,,,triagem/nome-caixa-conversao 1.0.0,35,ok
178691,per178691_1914_10704,9,0,0,,,triagem/nome-caixa-conversao 1.0.0,35,ok
178691,per178691_1914_10704,10,0,0,,,triagem/nome-caixa-conversao 1.0.0,35,ok
178691,per178691_1914_10704,11,1,1,caixa deconver,24860,triagem/nome-caixa-conversao 1.0.0,35,ok
178691,per178691_1914_10704,12,0,0,,,triagem/nome-caixa-conversao 1.0.0,35,ok
178691,per178691_1914_10704,13,0,0,,,triagem/nome-caixa-conversao 1.0.0,35,ok
178691,per178691_1914_10704,14,0,0,,,triagem/nome-caixa-conversao 1.0.0,35,ok
178691,per178691_1914_10704,15,0,0,,,triagem/nome-caixa-conversao 1.0.0,35,ok
178691,per178691_1914_10704,16,0,0,,,triagem/nome-caixa-conversao 1.0.0,35,ok
178691,per178691_1914_10705,1,0,0,,,triagem/nome-caixa-conversao 1.0.0,35,ok
178691,per178691_1914_10705,2,0,0,,,triagem/nome-caixa-conversao 1.0.0,35,ok
178691,per178691_1914_10705,3,0,0,,,triagem/nome-caixa-conversao 1.0.0,35,ok
178691,per178691_1914_10705,4,0,0,,,triagem/nome-caixa-conversao 1.0.0,35,ok
178691,per178691_1914_10705,5,0,0,,,triagem/nome-caixa-conversao 1.0.0,35,ok
178691,per178691_1914_10705,6,0,0,,,triagem/nome-caixa-conversao 1.0.0,35,ok
178691,per178691_1914_10705,7,0,0,,,triagem/nome-caixa-conversao 1.0.0,35,ok
178691,per178691_1914_10705,8,0,0,,,triagem/nome-caixa-conversao 1.0.0,35,ok
178691,per178691_1914_10705,9,0,0,,,triagem/nome-caixa-conversao 1.0.0,35,ok
178691,per178691_1914_10705,10,0,0,,,triagem/nome-caixa-conversao 1.0.0,35,ok
178691,per178691_1914_10705,11,0,0,,,triagem/nome-caixa-conversao 1.0.0,35,ok
178691,per178691_1914_10705,12,0,0,,,triagem/nome-caixa-conversao 1.0.0,35,ok
178691,per178691_1914_10705,13,0,0,,,triagem/nome-caixa-conversao 1.0.0,35,ok
178691,per178691_1914_10705,14,0,0,,,triagem/nome-caixa-conversao 1.0.0,35,ok
178691,per178691_1914_10705,15,0,0,,,triagem/nome-caixa-conversao 1.0.0,35,ok
178691,per178691_1914_10705,16,0,0,,,triagem/nome-caixa-conversao 1.0.0,35,ok
178691,per178691_1914_10706,1,0,0,,,triagem/nome-caixa-conversao 1.0.0,35,ok
178691,per178691_1914_10706,2,0,0,,,triagem/nome-caixa-conversao 1.0.0,35,ok
178691,per178691_1914_10706,3,0,0,,,triagem/nome-caixa-conversao 1.0.0,35,ok
178691,per178691_1914_10706,4,0,0,,,triagem/nome-caixa-conversao 1.0.0,35,ok
178691,per178691_1914_10706,5,0,0,,,triagem/nome-caixa-conversao 1.0.0,35,ok
178691,per178691_1914_10706,6,0,0,,,triagem/nome-caixa-conversao 1.0.0,35,ok
178691,per178691_1914_10706,7,0,0,,,triagem/nome-caixa-conversao 1.0.0,35,ok
178691,per178691_1914_10706,8,0,0,,,triagem/nome-caixa-conversao 1.0.0,35,ok
178691,per178691_1914_10706,9,0,0,,,triagem/nome-caixa-conversao 1.0.0,35,ok
178691,per178691_1914_10706,10,0,0,,,triagem/nome-caixa-conversao 1.0.0,35,ok
178691,per178691_1914_10706,11,1,1,caixa deconver,44353,triagem/nome-caixa-conversao 1.0.0,35,ok
178691,per178691_1914_10706,12,0,0,,,triagem/nome-caixa-conversao 1.0.0,35,ok
178691,per178691_1914_10706,13,0,0,,,triagem/nome-caixa-conversao 1.0.0,35,ok
178691,per178691_1914_10706,14,0,0,,,triagem/nome-caixa-conversao 1.0.0,35,ok
178691,per178691_1914_10706,15,0,0,,,triagem/nome-caixa-conversao 1.0.0,35,ok
178691,per178691_1914_10706,16,0,0,,,triagem/nome-caixa-conversao 1.0.0,35,ok
178691,per178691_1914_10706,17,0,0,,,triagem/nome-caixa-conversao 1.0.0,35,ok
178691,per178691_1914_10706,18,0,0,,,triagem/nome-caixa-conversao 1.0.0,35,ok
178691,per178691_1914_10706,19,0,0,,,triagem/nome-caixa-conversao 1.0.0,35,ok
178691,per178691_1914_10706,20,0,0,,,triagem/nome-caixa-conversao 1.0.0,35,ok
178691,per178691_1914_10707,1,0,0,,,triagem/nome-caixa-conversao 1.0.0,35,ok
178691,per178691_1914_10707,2,1,1,caixa de conver,24623,triagem/nome-caixa-conversao 1.0.0,35,ok
178691,per178691_1914_10707,3,0,0,,,triagem/nome-caixa-conversao 1.0.0,35,ok
178691,per178691_1914_10707,4,0,0,,,triagem/nome-caixa-conversao 1.0.0,35,ok
178691,per178691_1914_10707,5,0,0,,,triagem/nome-caixa-conversao 1.0.0,35,ok
178691,per178691_1914_10707,6,0,0,,,triagem/nome-caixa-conversao 1.0.0,35,ok
178691,per178691_1914_10707,7,0,0,,,triagem/nome-caixa-conversao 1.0.0,35,ok
178691,per178691_1914_10707,8,0,0,,,triagem/nome-caixa-conversao 1.0.0,35,ok
178691,per178691_1914_10707,9,0,0,,,triagem/nome-caixa-conversao 1.0.0,35,ok
178691,per178691_1914_10707,10,0,0,,,triagem/nome-caixa-conversao 1.0.0,35,ok
178691,per178691_1914_10707,11,0,0,,,triagem/nome-caixa-conversao 1.0.0,35,ok
178691,per178691_1914_10707,12,0,0,,,triagem/nome-caixa-conversao 1.0.0,35,ok
178691,per178691_1914_10707,13,0,0,,,triagem/nome-caixa-conversao 1.0.0,35,ok
178691,per178691_1914_10707,14,0,0,,,triagem/nome-caixa-conversao 1.0.0,35,ok
178691,per178691_1914_10707,15,0,0,,,triagem/nome-caixa-conversao 1.0.0,35,ok
178691,per178691_1914_10707,16,0,0,,,triagem/nome-caixa-conversao 1.0.0,35,ok
178691,per178691_1914_10708,1,0,0,,,triagem/nome-caixa-conversao 1.0.0,35,ok
178691,per178691_1914_10708,2,0,0,,,triagem/nome-caixa-conversao 1.0.0,35,ok
178691,per178691_1914_10708,3,0,0,,,triagem/nome-caixa-conversao 1.0.0,35,ok
178691,per178691_1914_10708,4,0,0,,,triagem/nome-caixa-conversao 1.0.0,35,ok
178691,per178691_1914_10708,5,0,0,,,triagem/nome-caixa-conversao 1.0.0,35,ok
178691,per178691_1914_10708,6,0,0,,,triagem/nome-caixa-conversao 1.0.0,35,ok
178691,per178691_1914_10708,7,0,0,,,triagem/nome-caixa-conversao 1.0.0,35,ok
178691,per178691_1914_10708,8,0,0,,,triagem/nome-caixa-conversao 1.0.0,35,ok
178691,per178691_1914_10708,9,0,0,,,triagem/nome-caixa-conversao 1.0.0,35,ok
178691,per178691_1914_10708,10,0,0,,,triagem/nome-caixa-conversao 1.0.0,35,ok
178691,per178691_1914_10708,11,0,0,,,triagem/nome-caixa-conversao 1.0.0,35,ok
178691,per178691_1914_10708,12,0,0,,,triagem/nome-caixa-conversao 1.0.0,35,ok
178691,per178691_1914_10708,13,0,0,,,triagem/nome-caixa-conversao 1.0.0,35,ok
178691,per178691_1914_10708,14,0,0,,,triagem/nome-caixa-conversao 1.0.0,35,ok
178691,per178691_1914_10708,15,0,0,,,triagem/nome-caixa-conversao 1.0.0,35,ok
178691,per178691_1914_10708,16,0,0,,,triagem/nome-caixa-conversao 1.0.0,35,ok
178691,per178691_1914_10709,1,0,0,,,triagem/nome-caixa-conversao 1.0.0,35,ok
178691,per178691_1914_10709,2,0,0,,,triagem/nome-caixa-conversao 1.0.0,35,ok
178691,per178691_1914_10709,3,0,0,,,triagem/nome-caixa-conversao 1.0.0,35,ok
178691,per178691_1914_10709,4,0,0,,,triagem/nome-caixa-conversao 1.0.0,35,ok
178691,per178691_1914_10709,5,0,0,,,triagem/nome-caixa-conversao 1.0.0,35,ok
178691,per178691_1914_10709,6,0,0,,,triagem/nome-caixa-conversao 1.0.0,35,ok
178691,per178691_1914_10709,7,0,0,,,triagem/nome-caixa-conversao 1.0.0,35,ok
178691,per178691_1914_10709,8,0,0,,,triagem/nome-caixa-conversao 1.0.0,35,ok
178691,per178691_1914_10709,9,0,0,,,triagem/nome-caixa-conversao 1.0.0,35,ok
178691,per178691_1914_10709,10,0,0,,,triagem/nome-caixa-conversao 1.0.0,35,ok
178691,per178691_1914_10709,11,1,1,caixa de conver,16381,triagem/nome-caixa-conversao 1.0.0,35,ok
178691,per178691_1914_10709,12,0,0,,,triagem/nome-caixa-conversao 1.0.0,35,ok
178691,per178691_1914_10709,13,0,0,,,triagem/nome-caixa-conversao 1.0.0,35,ok
178691,per178691_1914_10709,14,0,0,,,triagem/nome-caixa-conversao 1.0.0,35,ok
178691,per178691_1914_10709,15,0,0,,,triagem/nome-caixa-conversao 1.0.0,35,ok
178691,per178691_1914_10709,16,0,0,,,triagem/nome-caixa-conversao 1.0.0,35,ok
178691,per178691_1914_10710,1,0,0,,,triagem/nome-caixa-conversao 1.0.0,35,ok
178691,per178691_1914_10710,2,0,0,,,triagem/nome-caixa-conversao 1.0.0,35,ok
178691,per178691_1914_10710,3,1,1,caixa dc conver,34822,triagem/nome-caixa-conversao 1.0.0,35,ok
178691,per178691_1914_10710,4,0,0,,,triagem/nome-caixa-conversao 1.0.0,35,ok
178691,per178691_1914_10710,5,0,0,,,triagem/nome-caixa-conversao 1.0.0,35,ok
178691,per178691_1914_10710,6,0,0,,,triagem/nome-caixa-conversao 1.0.0,35,ok
178691,per178691_1914_10710,7,0,0,,,triagem/nome-caixa-conversao 1.0.0,35,ok
178691,per178691_1914_10710,8,1,1,caixa deconver,9615,triagem/nome-caixa-conversao 1.0.0,35,ok
178691,per178691_1914_10710,9,0,0,,,triagem/nome-caixa-conversao 1.0.0,35,ok
178691,per178691_1914_10710,10,0,0,,,triagem/nome-caixa-conversao 1.0.0,35,ok
178691,per178691_1914_10710,11,0,0,,,triagem/nome-caixa-conversao 1.0.0,35,ok
178691,per178691_1914_10710,12,0,0,,,triagem/nome-caixa-conversao 1.0.0,35,ok
178691,per178691_1914_10711,1,0,0,,,triagem/nome-caixa-conversao 1.0.0,35,ok
178691,per178691_1914_10711,2,0,0,,,triagem/nome-caixa-conversao 1.0.0,35,ok
178691,per178691_1914_10711,3,0,0,,,triagem/nome-caixa-conversao 1.0.0,35,ok
178691,per178691_1914_10711,4,0,0,,,triagem/nome-caixa-conversao 1.0.0,35,ok
178691,per178691_1914_10711,5,0,0,,,triagem/nome-caixa-conversao 1.0.0,35,ok
178691,per178691_1914_10711,6,0,0,,,triagem/nome-caixa-conversao 1.0.0,35,ok
178691,per178691_1914_10711,7,0,0,,,triagem/nome-caixa-conversao 1.0.0,35,ok
178691,per178691_1914_10711,8,0,0,,,triagem/nome-caixa-conversao 1.0.0,35,ok
178691,per178691_1914_10711,9,0,0,,,triagem/nome-caixa-conversao 1.0.0,35,ok
178691,per178691_1914_10711,10,0,0,,,triagem/nome-caixa-conversao 1.0.0,35,ok
178691,per178691_1914_10711,11,0,0,,,triagem/nome-caixa-conversao 1.0.0,35,ok
178691,per178691_1914_10711,12,0,0,,,triagem/nome-caixa-conversao 1.0.0,35,ok
178691,per178691_1914_10711,13,0,0,,,triagem/nome-caixa-conversao 1.0.0,35,ok
178691,per178691_1914_10711,14,0,0,,,triagem/nome-caixa-conversao 1.0.0,35,ok
178691,per178691_1914_10711,15,0,0,,,triagem/nome-caixa-conversao 1.0.0,35,ok
178691,per178691_1914_10711,16,0,0,,,triagem/nome-caixa-conversao 1.0.0,35,ok
178691,per178691_1914_10712,1,0,0,,,triagem/nome-caixa-conversao 1.0.0,35,ok
178691,per178691_1914_10712,2,0,0,,,triagem/nome-caixa-conversao 1.0.0,35,ok
178691,per178691_1914_10712,3,0,0,,,triagem/nome-caixa-conversao 1.0.0,35,ok
178691,per178691_1914_10712,4,0,0,,,triagem/nome-caixa-conversao 1.0.0,35,ok
178691,per178691_1914_10712,5,0,0,,,triagem/nome-caixa-conversao 1.0.0,35,ok
178691,per178691_1914_10712,6,0,0,,,triagem/nome-caixa-conversao 1.0.0,35,ok
178691,per178691_1914_10712,7,0,0,,,triagem/nome-caixa-conversao 1.0.0,35,ok
178691,per178691_1914_10712,8,0,0,,,triagem/nome-caixa-conversao 1.0.0,35,ok
178691,per178691_1914_10712,9,0,0,,,triagem/nome-caixa-conversao 1.0.0,35,ok
178691,per178691_1914_10712,10,0,0,,,triagem/nome-caixa-conversao 1.0.0,35,ok
178691,per178691_1914_10712,11,0,0,,,triagem/nome-caixa-conversao 1.0.0,35,ok
178691,per178691_1914_10712,12,0,0,,,triagem/nome-caixa-conversao 1.0.0,35,ok
178691,per178691_1914_10712,13,0,0,,,triagem/nome-caixa-conversao 1.0.0,35,ok
178691,per178691_1914_10712,14,0,0,,,triagem/nome-caixa-conversao 1.0.0,35,ok
178691,per178691_1914_10712,15,0,0,,,triagem/nome-caixa-conversao 1.0.0,35,ok
178691,per178691_1914_10712,16,0,0,,,triagem/nome-caixa-conversao 1.0.0,35,ok
178691,per178691_1914_10713,1,0,0,,,triagem/nome-caixa-conversao 1.0.0,35,ok
178691,per178691_1914_10713,2,0,0,,,triagem/nome-caixa-conversao 1.0.0,35,ok
178691,per178691_1914_10713,3,0,0,,,triagem/nome-caixa-conversao 1.0.0,35,ok
178691,per178691_1914_10713,4,0,0,,,triagem/nome-caixa-conversao 1.0.0,35,ok
178691,per178691_1914_10713,5,0,0,,,triagem/nome-caixa-conversao 1.0.0,35,ok
178691,per178691_1914_10713,6,0,0,,,triagem/nome-caixa-conversao 1.0.0,35,ok
178691,per178691_1914_10713,7,0,0,,,triagem/nome-caixa-conversao 1.0.0,35,ok
178691,per178691_1914_10713,8,0,0,,,triagem/nome-caixa-conversao 1.0.0,35,ok
178691,per178691_1914_10713,9,0,0,,,triagem/nome-caixa-conversao 1.0.0,35,ok
178691,per178691_1914_10713,10,1,1,caixa doconver,37262,triagem/nome-caixa-conversao 1.0.0,35,ok
178691,per178691_1914_10713,11,0,0,,,triagem/nome-caixa-conversao 1.0.0,35,ok
178691,per178691_1914_10713,12,0,0,,,triagem/nome-caixa-conversao 1.0.0,35,ok
178691,per178691_1914_10713,13,0,0,,,triagem/nome-caixa-conversao 1.0.0,35,ok
178691,per178691_1914_10713,14,0,0,,,triagem/nome-caixa-conversao 1.0.0,35,ok
178691,per178691_1914_10713,15,0,0,,,triagem/nome-caixa-conversao 1.0.0,35,ok
178691,per178691_1914_10713,16,0,0,,,triagem/nome-caixa-conversao 1.0.0,35,ok
178691,per178691_1914_10714,1,0,0,,,triagem/nome-caixa-conversao 1.0.0,35,ok
178691,per178691_1914_10714,2,0,0,,,triagem/nome-caixa-conversao 1.0.0,35,ok
178691,per178691_1914_10714,3,0,0,,,triagem/nome-caixa-conversao 1.0.0,35,ok
178691,per178691_1914_10714,4,0,0,,,triagem/nome-caixa-conversao 1.0.0,35,ok
178691,per178691_1914_10714,5,0,0,,,triagem/nome-caixa-conversao 1.0.0,35,ok
178691,per178691_1914_10714,6,0,0,,,triagem/nome-caixa-conversao 1.0.0,35,ok
178691,per178691_1914_10714,7,0,0,,,triagem/nome-caixa-conversao 1.0.0,35,ok
178691,per178691_1914_10714,8,0,0,,,triagem/nome-caixa-conversao 1.0.0,35,ok
178691,per178691_1914_10714,9,0,0,,,triagem/nome-caixa-conversao 1.0.0,35,ok
178691,per178691_1914_10714,10,0,0,,,triagem/nome-caixa-conversao 1.0.0,35,ok
178691,per178691_1914_10714,11,0,0,,,triagem/nome-caixa-conversao 1.0.0,35,ok
178691,per178691_1914_10714,12,0,0,,,triagem/nome-caixa-conversao 1.0.0,35,ok
178691,per178691_1914_10714,13,0,0,,,triagem/nome-caixa-conversao 1.0.0,35,ok
178691,per178691_1914_10714,14,0,0,,,triagem/nome-caixa-conversao 1.0.0,35,ok
178691,per178691_1914_10714,15,0,0,,,triagem/nome-caixa-conversao 1.0.0,35,ok
178691,per178691_1914_10714,16,0,0,,,triagem/nome-caixa-conversao 1.0.0,35,ok
178691,per178691_1914_10715,1,0,0,,,triagem/nome-caixa-conversao 1.0.0,35,ok
178691,per178691_1914_10715,2,0,0,,,triagem/nome-caixa-conversao 1.0.0,35,ok
178691,per178691_1914_10715,3,0,0,,,triagem/nome-caixa-conversao 1.0.0,35,ok
178691,per178691_1914_10715,4,0,0,,,triagem/nome-caixa-conversao 1.0.0,35,ok
178691,per178691_1914_10715,5,0,0,,,triagem/nome-caixa-conversao 1.0.0,35,ok
178691,per178691_1914_10715,6,0,0,,,triagem/nome-caixa-conversao 1.0.0,35,ok
178691,per178691_1914_10715,7,0,0,,,triagem/nome-caixa-conversao 1.0.0,35,ok
178691,per178691_1914_10715,8,0,0,,,triagem/nome-caixa-conversao 1.0.0,35,ok
178691,per178691_1914_10715,9,0,0,,,triagem/nome-caixa-conversao 1.0.0,35,ok
178691,per178691_1914_10715,10,0,0,,,triagem/nome-caixa-conversao 1.0.0,35,ok
178691,per178691_1914_10715,11,0,0,,,triagem/nome-caixa-conversao 1.0.0,35,ok
178691,per178691_1914_10715,12,0,0,,,triagem/nome-caixa-conversao 1.0.0,35,ok
178691,per178691_1914_10716,1,0,0,,,triagem/nome-caixa-conversao 1.0.0,35,ok
178691,per178691_1914_10716,2,0,0,,,triagem/nome-caixa-conversao 1.0.0,35,ok
178691,per178691_1914_10716,3,0,0,,,triagem/nome-caixa-conversao 1.0.0,35,ok
178691,per178691_1914_10716,4,0,0,,,triagem/nome-caixa-conversao 1.0.0,35,ok
178691,per178691_1914_10716,5,0,0,,,triagem/nome-caixa-conversao 1.0.0,35,ok
178691,per178691_1914_10716,6,0,0,,,triagem/nome-caixa-conversao 1.0.0,35,ok
178691,per178691_1914_10716,7,0,0,,,triagem/nome-caixa-conversao 1.0.0,35,ok
178691,per178691_1914_10716,8,0,0,,,triagem/nome-caixa-conversao 1.0.0,35,ok
178691,per178691_1914_10716,9,0,0,,,triagem/nome-caixa-conversao 1.0.0,35,ok
178691,per178691_1914_10716,10,0,0,,,triagem/nome-caixa-conversao 1.0.0,35,ok
178691,per178691_1914_10716,11,0,0,,,triagem/nome-caixa-conversao 1.0.0,35,ok
178691,per178691_1914_10716,12,1,1,caixa de conver,17311,triagem/nome-caixa-conversao 1.0.0,35,ok
178691,per178691_1914_10716,13,0,0,,,triagem/nome-caixa-conversao 1.0.0,35,ok
178691,per178691_1914_10716,14,0,0,,,triagem/nome-caixa-conversao 1.0.0,35,ok
178691,per178691_1914_10716,15,0,0,,,triagem/nome-caixa-conversao 1.0.0,35,ok
178691,per178691_1914_10716,16,0,0,,,triagem/nome-caixa-conversao 1.0.0,35,ok
178691,per178691_1914_10717,1,0,0,,,triagem/nome-caixa-conversao 1.0.0,35,ok
178691,per178691_1914_10717,2,0,0,,,triagem/nome-caixa-conversao 1.0.0,35,ok
178691,per178691_1914_10717,3,0,0,,,triagem/nome-caixa-conversao 1.0.0,35,ok
178691,per178691_1914_10717,4,0,0,,,triagem/nome-caixa-conversao 1.0.0,35,ok
178691,per178691_1914_10717,5,0,0,,,triagem/nome-caixa-conversao 1.0.0,35,ok
178691,per178691_1914_10717,6,0,0,,,triagem/nome-caixa-conversao 1.0.0,35,ok
178691,per178691_1914_10717,7,0,0,,,triagem/nome-caixa-conversao 1.0.0,35,ok
178691,per178691_1914_10717,8,0,0,,,triagem/nome-caixa-conversao 1.0.0,35,ok
178691,per178691_1914_10717,9,0,0,,,triagem/nome-caixa-conversao 1.0.0,35,ok
178691,per178691_1914_10717,10,0,0,,,triagem/nome-caixa-conversao 1.0.0,35,ok
178691,per178691_1914_10718,1,0,0,,,triagem/nome-caixa-conversao 1.0.0,35,ok
178691,per178691_1914_10718,2,1,1,caixade conver,13121,triagem/nome-caixa-conversao 1.0.0,35,ok
178691,per178691_1914_10718,3,0,0,,,triagem/nome-caixa-conversao 1.0.0,35,ok
178691,per178691_1914_10718,4,0,0,,,triagem/nome-caixa-conversao 1.0.0,35,ok
178691,per178691_1914_10718,5,0,0,,,triagem/nome-caixa-conversao 1.0.0,35,ok
178691,per178691_1914_10718,6,0,0,,,triagem/nome-caixa-conversao 1.0.0,35,ok
178691,per178691_1914_10718,7,0,0,,,triagem/nome-caixa-conversao 1.0.0,35,ok
178691,per178691_1914_10718,8,0,0,,,triagem/nome-caixa-conversao 1.0.0,35,ok
178691,per178691_1914_10718,9,0,0,,,triagem/nome-caixa-conversao 1.0.0,35,ok
178691,per178691_1914_10718,10,0,0,,,triagem/nome-caixa-conversao 1.0.0,35,ok
178691,per178691_1914_10718,11,0,0,,,triagem/nome-caixa-conversao 1.0.0,35,ok
178691,per178691_1914_10718,12,0,0,,,triagem/nome-caixa-conversao 1.0.0,35,ok
178691,per178691_1914_10718,13,0,0,,,triagem/nome-caixa-conversao 1.0.0,35,ok
178691,per178691_1914_10718,14,0,0,,,triagem/nome-caixa-conversao 1.0.0,35,ok
178691,per178691_1914_10718,15,0,0,,,triagem/nome-caixa-conversao 1.0.0,35,ok
178691,per178691_1914_10718,16,0,0,,,triagem/nome-caixa-conversao 1.0.0,35,ok
178691,per178691_1914_10719,1,0,0,,,triagem/nome-caixa-conversao 1.0.0,35,ok
178691,per178691_1914_10719,2,0,0,,,triagem/nome-caixa-conversao 1.0.0,35,ok
178691,per178691_1914_10719,3,0,0,,,triagem/nome-caixa-conversao 1.0.0,35,ok
178691,per178691_1914_10719,4,0,0,,,triagem/nome-caixa-conversao 1.0.0,35,ok
178691,per178691_1914_10719,5,0,0,,,triagem/nome-caixa-conversao 1.0.0,35,ok
178691,per178691_1914_10719,6,0,0,,,triagem/nome-caixa-conversao 1.0.0,35,ok
178691,per178691_1914_10719,7,0,0,,,triagem/nome-caixa-conversao 1.0.0,35,ok
178691,per178691_1914_10719,8,0,0,,,triagem/nome-caixa-conversao 1.0.0,35,ok
178691,per178691_1914_10719,9,0,0,,,triagem/nome-caixa-conversao 1.0.0,35,ok
178691,per178691_1914_10719,10,1,1,caixa de conver,29208,triagem/nome-caixa-conversao 1.0.0,35,ok
178691,per178691_1914_10719,11,0,0,,,triagem/nome-caixa-conversao 1.0.0,35,ok
178691,per178691_1914_10719,12,0,0,,,triagem/nome-caixa-conversao 1.0.0,35,ok
178691,per178691_1914_10719,13,0,0,,,triagem/nome-caixa-conversao 1.0.0,35,ok
178691,per178691_1914_10719,14,0,0,,,triagem/nome-caixa-conversao 1.0.0,35,ok
178691,per178691_1914_10719,15,0,0,,,triagem/nome-caixa-conversao 1.0.0,35,ok
178691,per178691_1914_10719,16,0,0,,,triagem/nome-caixa-conversao 1.0.0,35,ok
178691,per178691_1914_10720,1,1,1,caixa de conver,17287,triagem/nome-caixa-conversao 1.0.0,35,ok
178691,per178691_1914_10720,2,0,0,,,triagem/nome-caixa-conversao 1.0.0,35,ok
178691,per178691_1914_10720,3,0,0,,,triagem/nome-caixa-conversao 1.0.0,35,ok
178691,per178691_1914_10720,4,0,0,,,triagem/nome-caixa-conversao 1.0.0,35,ok
178691,per178691_1914_10720,5,0,0,,,triagem/nome-caixa-conversao 1.0.0,35,ok
178691,per178691_1914_10720,6,0,0,,,triagem/nome-caixa-conversao 1.0.0,35,ok
178691,per178691_1914_10720,7,0,0,,,triagem/nome-caixa-conversao 1.0.0,35,ok
178691,per178691_1914_10720,8,0,0,,,triagem/nome-caixa-conversao 1.0.0,35,ok
178691,per178691_1914_10720,9,0,0,,,triagem/nome-caixa-conversao 1.0.0,35,ok
178691,per178691_1914_10720,10,0,0,,,triagem/nome-caixa-conversao 1.0.0,35,ok
178691,per178691_1914_10720,11,0,0,,,triagem/nome-caixa-conversao 1.0.0,35,ok
178691,per178691_1914_10720,12,0,0,,,triagem/nome-caixa-conversao 1.0.0,35,ok
178691,per178691_1914_10720,13,0,0,,,triagem/nome-caixa-conversao 1.0.0,35,ok
178691,per178691_1914_10720,14,0,0,,,triagem/nome-caixa-conversao 1.0.0,35,ok
178691,per178691_1914_10720,15,0,0,,,triagem/nome-caixa-conversao 1.0.0,35,ok
178691,per178691_1914_10720,16,0,0,,,triagem/nome-caixa-conversao 1.0.0,35,ok
178691,per178691_1914_10721,1,0,0,,,triagem/nome-caixa-conversao 1.0.0,35,ok
178691,per178691_1914_10721,2,0,0,,,triagem/nome-caixa-conversao 1.0.0,35,ok
178691,per178691_1914_10721,3,0,0,,,triagem/nome-caixa-conversao 1.0.0,35,ok
178691,per178691_1914_10721,4,0,0,,,triagem/nome-caixa-conversao 1.0.0,35,ok
178691,per178691_1914_10721,5,0,0,,,triagem/nome-caixa-conversao 1.0.0,35,ok
178691,per178691_1914_10721,6,0,0,,,triagem/nome-caixa-conversao 1.0.0,35,ok
178691,per178691_1914_10721,7,1,1,caixa deconver,29171,triagem/nome-caixa-conversao 1.0.0,35,ok
178691,per178691_1914_10721,8,0,0,,,triagem/nome-caixa-conversao 1.0.0,35,ok
178691,per178691_1914_10721,9,0,0,,,triagem/nome-caixa-conversao 1.0.0,35,ok
178691,per178691_1914_10721,10,0,0,,,triagem/nome-caixa-conversao 1.0.0,35,ok
178691,per178691_1914_10721,11,0,0,,,triagem/nome-caixa-conversao 1.0.0,35,ok
178691,per178691_1914_10721,12,0,0,,,triagem/nome-caixa-conversao 1.0.0,35,ok
178691,per178691_1914_10722,1,0,0,,,triagem/nome-caixa-conversao 1.0.0,35,ok
178691,per178691_1914_10722,2,0,0,,,triagem/nome-caixa-conversao 1.0.0,35,ok
178691,per178691_1914_10722,3,0,0,,,triagem/nome-caixa-conversao 1.0.0,35,ok
178691,per178691_1914_10722,4,0,0,,,triagem/nome-caixa-conversao 1.0.0,35,ok
178691,per178691_1914_10722,5,0,0,,,triagem/nome-caixa-conversao 1.0.0,35,ok
178691,per178691_1914_10722,6,0,0,,,triagem/nome-caixa-conversao 1.0.0,35,ok
178691,per178691_1914_10722,7,0,0,,,triagem/nome-caixa-conversao 1.0.0,35,ok
178691,per178691_1914_10722,8,0,0,,,triagem/nome-caixa-conversao 1.0.0,35,ok
178691,per178691_1914_10722,9,0,0,,,triagem/nome-caixa-conversao 1.0.0,35,ok
178691,per178691_1914_10722,10,0,0,,,triagem/nome-caixa-conversao 1.0.0,35,ok
178691,per178691_1914_10722,11,0,0,,,triagem/nome-caixa-conversao 1.0.0,35,ok
178691,per178691_1914_10722,12,0,0,,,triagem/nome-caixa-conversao 1.0.0,35,ok
178691,per178691_1914_10722,13,0,0,,,triagem/nome-caixa-conversao 1.0.0,35,ok
178691,per178691_1914_10722,14,0,0,,,triagem/nome-caixa-conversao 1.0.0,35,ok
178691,per178691_1914_10722,15,0,0,,,triagem/nome-caixa-conversao 1.0.0,35,ok
178691,per178691_1914_10722,16,0,0,,,triagem/nome-caixa-conversao 1.0.0,35,ok
178691,per178691_1914_10723,1,0,0,,,triagem/nome-caixa-conversao 1.0.0,35,ok
178691,per178691_1914_10723,2,0,0,,,triagem/nome-caixa-conversao 1.0.0,35,ok
178691,per178691_1914_10723,3,0,0,,,triagem/nome-caixa-conversao 1.0.0,35,ok
178691,per178691_1914_10723,4,0,0,,,triagem/nome-caixa-conversao 1.0.0,35,ok
178691,per178691_1914_10723,5,0,0,,,triagem/nome-caixa-conversao 1.0.0,35,ok
178691,per178691_1914_10723,6,0,0,,,triagem/nome-caixa-conversao 1.0.0,35,ok
178691,per178691_1914_10723,7,0,0,,,triagem/nome-caixa-conversao 1.0.0,35,ok
178691,per178691_1914_10723,8,0,0,,,triagem/nome-caixa-conversao 1.0.0,35,ok
178691,per178691_1914_10723,9,0,0,,,triagem/nome-caixa-conversao 1.0.0,35,ok
178691,per178691_1914_10723,10,0,0,,,triagem/nome-caixa-conversao 1.0.0,35,ok
178691,per178691_1914_10723,11,1,1,caixa db conver,19608,triagem/nome-caixa-conversao 1.0.0,35,ok
178691,per178691_1914_10723,12,0,0,,,triagem/nome-caixa-conversao 1.0.0,35,ok
178691,per178691_1914_10723,13,0,0,,,triagem/nome-caixa-conversao 1.0.0,35,ok
178691,per178691_1914_10723,14,0,0,,,triagem/nome-caixa-conversao 1.0.0,35,ok
178691,per178691_1914_10723,15,0,0,,,triagem/nome-caixa-conversao 1.0.0,35,ok
178691,per178691_1914_10723,16,0,0,,,triagem/nome-caixa-conversao 1.0.0,35,ok
178691,per178691_1914_10724,1,0,0,,,triagem/nome-caixa-conversao 1.0.0,35,ok
178691,per178691_1914_10724,2,0,0,,,triagem/nome-caixa-conversao 1.0.0,35,ok
178691,per178691_1914_10724,3,0,0,,,triagem/nome-caixa-conversao 1.0.0,35,ok
178691,per178691_1914_10724,4,0,0,,,triagem/nome-caixa-conversao 1.0.0,35,ok
178691,per178691_1914_10724,5,0,0,,,triagem/nome-caixa-conversao 1.0.0,35,ok
178691,per178691_1914_10724,6,0,0,,,triagem/nome-caixa-conversao 1.0.0,35,ok
178691,per178691_1914_10724,7,0,0,,,triagem/nome-caixa-conversao 1.0.0,35,ok
178691,per178691_1914_10724,8,0,0,,,triagem/nome-caixa-conversao 1.0.0,35,ok
178691,per178691_1914_10724,9,0,0,,,triagem/nome-caixa-conversao 1.0.0,35,ok
178691,per178691_1914_10724,10,0,0,,,triagem/nome-caixa-conversao 1.0.0,35,ok
178691,per178691_1914_10724,11,0,0,,,triagem/nome-caixa-conversao 1.0.0,35,ok
178691,per178691_1914_10724,12,0,0,,,triagem/nome-caixa-conversao 1.0.0,35,ok
178691,per178691_1914_10725,1,0,0,,,triagem/nome-caixa-conversao 1.0.0,35,ok
178691,per178691_1914_10725,2,0,0,,,triagem/nome-caixa-conversao 1.0.0,35,ok
178691,per178691_1914_10725,3,0,0,,,triagem/nome-caixa-conversao 1.0.0,35,ok
178691,per178691_1914_10725,4,0,0,,,triagem/nome-caixa-conversao 1.0.0,35,ok
178691,per178691_1914_10725,5,0,0,,,triagem/nome-caixa-conversao 1.0.0,35,ok
178691,per178691_1914_10725,6,0,0,,,triagem/nome-caixa-conversao 1.0.0,35,ok
178691,per178691_1914_10725,7,0,0,,,triagem/nome-caixa-conversao 1.0.0,35,ok
178691,per178691_1914_10725,8,0,0,,,triagem/nome-caixa-conversao 1.0.0,35,ok
178691,per178691_1914_10725,9,0,0,,,triagem/nome-caixa-conversao 1.0.0,35,ok
178691,per178691_1914_10725,10,0,0,,,triagem/nome-caixa-conversao 1.0.0,35,ok
178691,per178691_1914_10725,11,0,0,,,triagem/nome-caixa-conversao 1.0.0,35,ok
178691,per178691_1914_10725,12,0,0,,,triagem/nome-caixa-conversao 1.0.0,35,ok
178691,per178691_1914_10725,13,0,0,,,triagem/nome-caixa-conversao 1.0.0,35,ok
178691,per178691_1914_10725,14,0,0,,,triagem/nome-caixa-conversao 1.0.0,35,ok
178691,per178691_1914_10725,15,0,0,,,triagem/nome-caixa-conversao 1.0.0,35,ok
178691,per178691_1914_10725,16,0,0,,,triagem/nome-caixa-conversao 1.0.0,35,ok
178691,per178691_1914_10726,1,0,0,,,triagem/nome-caixa-conversao 1.0.0,35,ok
178691,per178691_1914_10726,2,0,0,,,triagem/nome-caixa-conversao 1.0.0,35,ok
178691,per178691_1914_10726,3,0,0,,,triagem/nome-caixa-conversao 1.0.0,35,ok
178691,per178691_1914_10726,4,0,0,,,triagem/nome-caixa-conversao 1.0.0,35,ok
178691,per178691_1914_10726,5,0,0,,,triagem/nome-caixa-conversao 1.0.0,35,ok
178691,per178691_1914_10726,6,0,0,,,triagem/nome-caixa-conversao 1.0.0,35,ok
178691,per178691_1914_10726,7,0,0,,,triagem/nome-caixa-conversao 1.0.0,35,ok
178691,per178691_1914_10726,8,0,0,,,triagem/nome-caixa-conversao 1.0.0,35,ok
178691,per178691_1914_10726,9,0,0,,,triagem/nome-caixa-conversao 1.0.0,35,ok
178691,per178691_1914_10726,10,0,0,,,triagem/nome-caixa-conversao 1.0.0,35,ok
178691,per178691_1914_10726,11,0,0,,,triagem/nome-caixa-conversao 1.0.0,35,ok
178691,per178691_1914_10726,12,0,0,,,triagem/nome-caixa-conversao 1.0.0,35,ok
178691,per178691_1914_10727,1,0,0,,,triagem/nome-caixa-conversao 1.0.0,35,ok
178691,per178691_1914_10727,2,0,0,,,triagem/nome-caixa-conversao 1.0.0,35,ok
178691,per178691_1914_10727,3,0,0,,,triagem/nome-caixa-conversao 1.0.0,35,ok
178691,per178691_1914_10727,4,0,0,,,triagem/nome-caixa-conversao 1.0.0,35,ok
178691,per178691_1914_10727,5,0,0,,,triagem/nome-caixa-conversao 1.0.0,35,ok
178691,per178691_1914_10727,6,0,0,,,triagem/nome-caixa-conversao 1.0.0,35,ok
178691,per178691_1914_10727,7,0,0,,,triagem/nome-caixa-conversao 1.0.0,35,ok
178691,per178691_1914_10727,8,1,1,caixa deconver,6381,triagem/nome-caixa-conversao 1.0.0,35,ok
178691,per178691_1914_10727,9,0,0,,,triagem/nome-caixa-conversao 1.0.0,35,ok
178691,per178691_1914_10727,10,1,1,caixa dk conver,17675,triagem/nome-caixa-conversao 1.0.0,35,ok
178691,per178691_1914_10727,11,0,0,,,triagem/nome-caixa-conversao 1.0.0,35,ok
178691,per178691_1914_10727,12,1,1,caixa de conver,4228,triagem/nome-caixa-conversao 1.0.0,35,ok
178691,per178691_1914_10727,13,0,0,,,triagem/nome-caixa-conversao 1.0.0,35,ok
178691,per178691_1914_10727,14,0,0,,,triagem/nome-caixa-conversao 1.0.0,35,ok
178691,per178691_1914_10727,15,0,0,,,triagem/nome-caixa-conversao 1.0.0,35,ok
178691,per178691_1914_10727,16,0,0,,,triagem/nome-caixa-conversao 1.0.0,35,ok
178691,per178691_1914_10728,1,0,0,,,triagem/nome-caixa-conversao 1.0.0,35,ok
178691,per178691_1914_10728,2,0,0,,,triagem/nome-caixa-conversao 1.0.0,35,ok
178691,per178691_1914_10728,3,0,0,,,triagem/nome-caixa-conversao 1.0.0,35,ok
178691,per178691_1914_10728,4,0,0,,,triagem/nome-caixa-conversao 1.0.0,35,ok
178691,per178691_1914_10728,5,0,0,,,triagem/nome-caixa-conversao 1.0.0,35,ok
178691,per178691_1914_10728,6,0,0,,,triagem/nome-caixa-conversao 1.0.0,35,ok
178691,per178691_1914_10728,7,0,0,,,triagem/nome-caixa-conversao 1.0.0,35,ok
178691,per178691_1914_10728,8,0,0,,,triagem/nome-caixa-conversao 1.0.0,35,ok
178691,per178691_1914_10728,9,0,0,,,triagem/nome-caixa-conversao 1.0.0,35,ok
178691,per178691_1914_10728,10,0,0,,,triagem/nome-caixa-conversao 1.0.0,35,ok
178691,per178691_1914_10728,11,0,0,,,triagem/nome-caixa-conversao 1.0.0,35,ok
178691,per178691_1914_10728,12,0,0,,,triagem/nome-caixa-conversao 1.0.0,35,ok
178691,per178691_1914_10728,13,1,1,caixa de conver,31591,triagem/nome-caixa-conversao 1.0.0,35,ok
178691,per178691_1914_10728,14,0,0,,,triagem/nome-caixa-conversao 1.0.0,35,ok
178691,per178691_1914_10728,15,0,0,,,triagem/nome-caixa-conversao 1.0.0,35,ok
178691,per178691_1914_10728,16,1,1,caixa de conver,1125,triagem/nome-caixa-conversao 1.0.0,35,ok
178691,per178691_1914_10728,17,0,0,,,triagem/nome-caixa-conversao 1.0.0,35,ok
178691,per178691_1914_10728,18,0,0,,,triagem/nome-caixa-conversao 1.0.0,35,ok
178691,per178691_1914_10728,19,0,0,,,triagem/nome-caixa-conversao 1.0.0,35,ok
178691,per178691_1914_10728,20,0,0,,,triagem/nome-caixa-conversao 1.0.0,35,ok
178691,per178691_1914_10729,1,1,1,caixa de conver,35934,triagem/nome-caixa-conversao 1.0.0,35,ok
178691,per178691_1914_10729,2,0,0,,,triagem/nome-caixa-conversao 1.0.0,35,ok
178691,per178691_1914_10729,3,0,0,,,triagem/nome-caixa-conversao 1.0.0,35,ok
178691,per178691_1914_10729,4,0,0,,,triagem/nome-caixa-conversao 1.0.0,35,ok
178691,per178691_1914_10729,5,0,0,,,triagem/nome-caixa-conversao 1.0.0,35,ok
178691,per178691_1914_10729,6,1,1,caixa de conver,10738,triagem/nome-caixa-conversao 1.0.0,35,ok
178691,per178691_1914_10729,7,0,0,,,triagem/nome-caixa-conversao 1.0.0,35,ok
178691,per178691_1914_10729,8,0,0,,,triagem/nome-caixa-conversao 1.0.0,35,ok
178691,per178691_1914_10729,9,0,0,,,triagem/nome-caixa-conversao 1.0.0,35,ok
178691,per178691_1914_10729,10,0,0,,,triagem/nome-caixa-conversao 1.0.0,35,ok
178691,per178691_1914_10729,11,1,1,caixa de conver,4189,triagem/nome-caixa-conversao 1.0.0,35,ok
178691,per178691_1914_10729,12,0,0,,,triagem/nome-caixa-conversao 1.0.0,35,ok
178691,per178691_1914_10729,13,1,1,caixa deconver,1060,triagem/nome-caixa-conversao 1.0.0,35,ok
178691,per178691_1914_10729,14,0,0,,,triagem/nome-caixa-conversao 1.0.0,35,ok
178691,per178691_1914_10729,15,0,0,,,triagem/nome-caixa-conversao 1.0.0,35,ok
178691,per178691_1914_10729,16,0,0,,,triagem/nome-caixa-conversao 1.0.0,35,ok
178691,per178691_1914_10730,1,0,0,,,triagem/nome-caixa-conversao 1.0.0,35,ok
178691,per178691_1914_10730,2,0,0,,,triagem/nome-caixa-conversao 1.0.0,35,ok
178691,per178691_1914_10730,3,0,0,,,triagem/nome-caixa-conversao 1.0.0,35,ok
178691,per178691_1914_10730,4,0,0,,,triagem/nome-caixa-conversao 1.0.0,35,ok
178691,per178691_1914_10730,5,0,0,,,triagem/nome-caixa-conversao 1.0.0,35,ok
178691,per178691_1914_10730,6,0,0,,,triagem/nome-caixa-conversao 1.0.0,35,ok
178691,per178691_1914_10730,7,0,0,,,triagem/nome-caixa-conversao 1.0.0,35,ok
178691,per178691_1914_10730,8,0,0,,,triagem/nome-caixa-conversao 1.0.0,35,ok
178691,per178691_1914_10730,9,0,0,,,triagem/nome-caixa-conversao 1.0.0,35,ok
178691,per178691_1914_10730,10,0,0,,,triagem/nome-caixa-conversao 1.0.0,35,ok
178691,per178691_1914_10730,11,0,0,,,triagem/nome-caixa-conversao 1.0.0,35,ok
178691,per178691_1914_10730,12,0,0,,,triagem/nome-caixa-conversao 1.0.0,35,ok
178691,per178691_1914_10730,13,0,0,,,triagem/nome-caixa-conversao 1.0.0,35,ok
178691,per178691_1914_10730,14,0,0,,,triagem/nome-caixa-conversao 1.0.0,35,ok
178691,per178691_1914_10730,15,0,0,,,triagem/nome-caixa-conversao 1.0.0,35,ok
178691,per178691_1914_10730,16,1,1,caixa de conver,4210,triagem/nome-caixa-conversao 1.0.0,35,ok
178691,per178691_1914_10730,17,0,0,,,triagem/nome-caixa-conversao 1.0.0,35,ok
178691,per178691_1914_10730,18,0,0,,,triagem/nome-caixa-conversao 1.0.0,35,ok
178691,per178691_1914_10730,19,0,0,,,triagem/nome-caixa-conversao 1.0.0,35,ok
178691,per178691_1914_10730,20,0,0,,,triagem/nome-caixa-conversao 1.0.0,35,ok
178691,per178691_1914_10731,1,1,1,caixade conver,17391,triagem/nome-caixa-conversao 1.0.0,35,ok
178691,per178691_1914_10731,2,0,0,,,triagem/nome-caixa-conversao 1.0.0,35,ok
178691,per178691_1914_10731,3,0,0,,,triagem/nome-caixa-conversao 1.0.0,35,ok
178691,per178691_1914_10731,4,0,0,,,triagem/nome-caixa-conversao 1.0.0,35,ok
178691,per178691_1914_10731,5,0,0,,,triagem/nome-caixa-conversao 1.0.0,35,ok
178691,per178691_1914_10731,6,0,0,,,triagem/nome-caixa-conversao 1.0.0,35,ok
178691,per178691_1914_10731,7,0,0,,,triagem/nome-caixa-conversao 1.0.0,35,ok
178691,per178691_1914_10731,8,0,0,,,triagem/nome-caixa-conversao 1.0.0,35,ok
178691,per178691_1914_10731,9,1,1,caixa de conver,3761,triagem/nome-caixa-conversao 1.0.0,35,ok
178691,per178691_1914_10731,10,0,0,,,triagem/nome-caixa-conversao 1.0.0,35,ok
178691,per178691_1914_10731,11,0,0,,,triagem/nome-caixa-conversao 1.0.0,35,ok
178691,per178691_1914_10731,12,0,0,,,triagem/nome-caixa-conversao 1.0.0,35,ok
178691,per178691_1914_10732,1,0,0,,,triagem/nome-caixa-conversao 1.0.0,35,ok
178691,per178691_1914_10732,2,0,0,,,triagem/nome-caixa-conversao 1.0.0,35,ok
178691,per178691_1914_10732,3,0,0,,,triagem/nome-caixa-conversao 1.0.0,35,ok
178691,per178691_1914_10732,4,0,0,,,triagem/nome-caixa-conversao 1.0.0,35,ok
178691,per178691_1914_10732,5,0,0,,,triagem/nome-caixa-conversao 1.0.0,35,ok
178691,per178691_1914_10732,6,0,0,,,triagem/nome-caixa-conversao 1.0.0,35,ok
178691,per178691_1914_10732,7,0,0,,,triagem/nome-caixa-conversao 1.0.0,35,ok
178691,per178691_1914_10732,8,0,0,,,triagem/nome-caixa-conversao 1.0.0,35,ok
178691,per178691_1914_10732,9,0,0,,,triagem/nome-caixa-conversao 1.0.0,35,ok
178691,per178691_1914_10732,10,0,0,,,triagem/nome-caixa-conversao 1.0.0,35,ok
178691,per178691_1914_10732,11,0,0,,,triagem/nome-caixa-conversao 1.0.0,35,ok
178691,per178691_1914_10732,12,1,1,caixa de conver,4247,triagem/nome-caixa-conversao 1.0.0,35,ok
178691,per178691_1914_10732,13,0,0,,,triagem/nome-caixa-conversao 1.0.0,35,ok
178691,per178691_1914_10732,14,0,0,,,triagem/nome-caixa-conversao 1.0.0,35,ok
178691,per178691_1914_10732,15,0,0,,,triagem/nome-caixa-conversao 1.0.0,35,ok
178691,per178691_1914_10732,16,0,0,,,triagem/nome-caixa-conversao 1.0.0,35,ok
178691,per178691_1914_10735,1,0,0,,,triagem/nome-caixa-conversao 1.0.0,35,ok
178691,per178691_1914_10735,2,0,0,,,triagem/nome-caixa-conversao 1.0.0,35,ok
178691,per178691_1914_10735,3,0,0,,,triagem/nome-caixa-conversao 1.0.0,35,ok
178691,per178691_1914_10735,4,0,0,,,triagem/nome-caixa-conversao 1.0.0,35,ok
178691,per178691_1914_10735,5,0,0,,,triagem/nome-caixa-conversao 1.0.0,35,ok
178691,per178691_1914_10735,6,0,0,,,triagem/nome-caixa-conversao 1.0.0,35,ok
178691,per178691_1914_10735,7,0,0,,,triagem/nome-caixa-conversao 1.0.0,35,ok
178691,per178691_1914_10735,8,0,0,,,triagem/nome-caixa-conversao 1.0.0,35,ok
178691,per178691_1914_10735,9,0,0,,,triagem/nome-caixa-conversao 1.0.0,35,ok
178691,per178691_1914_10735,10,0,0,,,triagem/nome-caixa-conversao 1.0.0,35,ok
178691,per178691_1914_10735,11,1,1,caixa db conver,15858,triagem/nome-caixa-conversao 1.0.0,35,ok
178691,per178691_1914_10735,12,0,0,,,triagem/nome-caixa-conversao 1.0.0,35,ok
178691,per178691_1914_10735,13,0,0,,,triagem/nome-caixa-conversao 1.0.0,35,ok
178691,per178691_1914_10735,14,0,0,,,triagem/nome-caixa-conversao 1.0.0,35,ok
178691,per178691_1914_10735,15,0,0,,,triagem/nome-caixa-conversao 1.0.0,35,ok
178691,per178691_1914_10735,16,0,0,,,triagem/nome-caixa-conversao 1.0.0,35,ok
178691,per178691_1914_10736,1,0,0,,,triagem/nome-caixa-conversao 1.0.0,35,ok
178691,per178691_1914_10736,2,0,0,,,triagem/nome-caixa-conversao 1.0.0,35,ok
178691,per178691_1914_10736,3,0,0,,,triagem/nome-caixa-conversao 1.0.0,35,ok
178691,per178691_1914_10736,4,0,0,,,triagem/nome-caixa-conversao 1.0.0,35,ok
178691,per178691_1914_10736,5,0,0,,,triagem/nome-caixa-conversao 1.0.0,35,ok
178691,per178691_1914_10736,6,0,0,,,triagem/nome-caixa-conversao 1.0.0,35,ok
178691,per178691_1914_10736,7,0,0,,,triagem/nome-caixa-conversao 1.0.0,35,ok
178691,per178691_1914_10736,8,0,0,,,triagem/nome-caixa-conversao 1.0.0,35,ok
178691,per178691_1914_10736,9,0,0,,,triagem/nome-caixa-conversao 1.0.0,35,ok
178691,per178691_1914_10736,10,0,0,,,triagem/nome-caixa-conversao 1.0.0,35,ok
178691,per178691_1914_10736,11,0,0,,,triagem/nome-caixa-conversao 1.0.0,35,ok
178691,per178691_1914_10736,12,0,0,,,triagem/nome-caixa-conversao 1.0.0,35,ok
178691,per178691_1914_10736,13,0,0,,,triagem/nome-caixa-conversao 1.0.0,35,ok
178691,per178691_1914_10736,14,0,0,,,triagem/nome-caixa-conversao 1.0.0,35,ok
178691,per178691_1914_10736,15,0,0,,,triagem/nome-caixa-conversao 1.0.0,35,ok
178691,per178691_1914_10736,16,0,0,,,triagem/nome-caixa-conversao 1.0.0,35,ok
178691,per178691_1914_10737,1,0,0,,,triagem/nome-caixa-conversao 1.0.0,35,ok
178691,per178691_1914_10737,2,1,1,caixa deconver,36438,triagem/nome-caixa-conversao 1.0.0,35,ok
178691,per178691_1914_10737,3,0,0,,,triagem/nome-caixa-conversao 1.0.0,35,ok
178691,per178691_1914_10737,4,0,0,,,triagem/nome-caixa-conversao 1.0.0,35,ok
178691,per178691_1914_10737,5,0,0,,,triagem/nome-caixa-conversao 1.0.0,35,ok
178691,per178691_1914_10737,6,0,0,,,triagem/nome-caixa-conversao 1.0.0,35,ok
178691,per178691_1914_10737,7,0,0,,,triagem/nome-caixa-conversao 1.0.0,35,ok
178691,per178691_1914_10737,8,0,0,,,triagem/nome-caixa-conversao 1.0.0,35,ok
178691,per178691_1914_10737,9,0,0,,,triagem/nome-caixa-conversao 1.0.0,35,ok
178691,per178691_1914_10737,10,0,0,,,triagem/nome-caixa-conversao 1.0.0,35,ok
178691,per178691_1914_10737,11,0,0,,,triagem/nome-caixa-conversao 1.0.0,35,ok
178691,per178691_1914_10737,12,0,0,,,triagem/nome-caixa-conversao 1.0.0,35,ok
178691,per178691_1914_10737,13,0,0,,,triagem/nome-caixa-conversao 1.0.0,35,ok
178691,per178691_1914_10737,14,0,0,,,triagem/nome-caixa-conversao 1.0.0,35,ok
178691,per178691_1914_10737,15,0,0,,,triagem/nome-caixa-conversao 1.0.0,35,ok
178691,per178691_1914_10737,16,0,0,,,triagem/nome-caixa-conversao 1.0.0,35,ok
178691,per178691_1914_10738,1,0,0,,,triagem/nome-caixa-conversao 1.0.0,35,ok
178691,per178691_1914_10738,2,0,0,,,triagem/nome-caixa-conversao 1.0.0,35,ok
178691,per178691_1914_10738,3,0,0,,,triagem/nome-caixa-conversao 1.0.0,35,ok
178691,per178691_1914_10738,4,0,0,,,triagem/nome-caixa-conversao 1.0.0,35,ok
178691,per178691_1914_10738,5,0,0,,,triagem/nome-caixa-conversao 1.0.0,35,ok
178691,per178691_1914_10738,6,0,0,,,triagem/nome-caixa-conversao 1.0.0,35,ok
178691,per178691_1914_10738,7,0,0,,,triagem/nome-caixa-conversao 1.0.0,35,ok
178691,per178691_1914_10738,8,0,0,,,triagem/nome-caixa-conversao 1.0.0,35,ok
178691,per178691_1914_10738,9,0,0,,,triagem/nome-caixa-conversao 1.0.0,35,ok
178691,per178691_1914_10738,10,0,0,,,triagem/nome-caixa-conversao 1.0.0,35,ok
178691,per178691_1914_10738,11,0,0,,,triagem/nome-caixa-conversao 1.0.0,35,ok
178691,per178691_1914_10738,12,0,0,,,triagem/nome-caixa-conversao 1.0.0,35,ok
178691,per178691_1914_10739,1,0,0,,,triagem/nome-caixa-conversao 1.0.0,35,ok
178691,per178691_1914_10739,2,0,0,,,triagem/nome-caixa-conversao 1.0.0,35,ok
178691,per178691_1914_10739,3,0,0,,,triagem/nome-caixa-conversao 1.0.0,35,ok
178691,per178691_1914_10739,4,0,0,,,triagem/nome-caixa-conversao 1.0.0,35,ok
178691,per178691_1914_10739,5,0,0,,,triagem/nome-caixa-conversao 1.0.0,35,ok
178691,per178691_1914_10739,6,0,0,,,triagem/nome-caixa-conversao 1.0.0,35,ok
178691,per178691_1914_10739,7,1,1,caixade conver,6808,triagem/nome-caixa-conversao 1.0.0,35,ok
178691,per178691_1914_10739,8,0,0,,,triagem/nome-caixa-conversao 1.0.0,35,ok
178691,per178691_1914_10739,9,0,0,,,triagem/nome-caixa-conversao 1.0.0,35,ok
178691,per178691_1914_10739,10,0,0,,,triagem/nome-caixa-conversao 1.0.0,35,ok
178691,per178691_1914_10739,11,0,0,,,triagem/nome-caixa-conversao 1.0.0,35,ok
178691,per178691_1914_10739,12,0,0,,,triagem/nome-caixa-conversao 1.0.0,35,ok
178691,per178691_1914_10740,1,0,0,,,triagem/nome-caixa-conversao 1.0.0,35,ok
178691,per178691_1914_10740,2,0,0,,,triagem/nome-caixa-conversao 1.0.0,35,ok
178691,per178691_1914_10740,3,0,0,,,triagem/nome-caixa-conversao 1.0.0,35,ok
178691,per178691_1914_10740,4,0,0,,,triagem/nome-caixa-conversao 1.0.0,35,ok
178691,per178691_1914_10740,5,0,0,,,triagem/nome-caixa-conversao 1.0.0,35,ok
178691,per178691_1914_10740,6,0,0,,,triagem/nome-caixa-conversao 1.0.0,35,ok
178691,per178691_1914_10740,7,0,0,,,triagem/nome-caixa-conversao 1.0.0,35,ok
178691,per178691_1914_10740,8,0,0,,,triagem/nome-caixa-conversao 1.0.0,35,ok
178691,per178691_1914_10740,9,0,0,,,triagem/nome-caixa-conversao 1.0.0,35,ok
178691,per178691_1914_10740,10,0,0,,,triagem/nome-caixa-conversao 1.0.0,35,ok
178691,per178691_1914_10740,11,0,0,,,triagem/nome-caixa-conversao 1.0.0,35,ok
178691,per178691_1914_10740,12,0,0,,,triagem/nome-caixa-conversao 1.0.0,35,ok
178691,per178691_1914_10740,13,0,0,,,triagem/nome-caixa-conversao 1.0.0,35,ok
178691,per178691_1914_10740,14,0,0,,,triagem/nome-caixa-conversao 1.0.0,35,ok
178691,per178691_1914_10740,15,0,0,,,triagem/nome-caixa-conversao 1.0.0,35,ok
178691,per178691_1914_10740,16,0,0,,,triagem/nome-caixa-conversao 1.0.0,35,ok
178691,per178691_1914_10742,1,0,0,,,triagem/nome-caixa-conversao 1.0.0,35,ok
178691,per178691_1914_10742,2,0,0,,,triagem/nome-caixa-conversao 1.0.0,35,ok
178691,per178691_1914_10742,3,0,0,,,triagem/nome-caixa-conversao 1.0.0,35,ok
178691,per178691_1914_10742,4,0,0,,,triagem/nome-caixa-conversao 1.0.0,35,ok
178691,per178691_1914_10742,5,0,0,,,triagem/nome-caixa-conversao 1.0.0,35,ok
178691,per178691_1914_10742,6,0,0,,,triagem/nome-caixa-conversao 1.0.0,35,ok
178691,per178691_1914_10742,7,0,0,,,triagem/nome-caixa-conversao 1.0.0,35,ok
178691,per178691_1914_10742,8,0,0,,,triagem/nome-caixa-conversao 1.0.0,35,ok
178691,per178691_1914_10742,9,0,0,,,triagem/nome-caixa-conversao 1.0.0,35,ok
178691,per178691_1914_10742,10,0,0,,,triagem/nome-caixa-conversao 1.0.0,35,ok
178691,per178691_1914_10742,11,0,0,,,triagem/nome-caixa-conversao 1.0.0,35,ok
178691,per178691_1914_10742,12,0,0,,,triagem/nome-caixa-conversao 1.0.0,35,ok
178691,per178691_1914_10742,13,0,0,,,triagem/nome-caixa-conversao 1.0.0,35,ok
178691,per178691_1914_10742,14,0,0,,,triagem/nome-caixa-conversao 1.0.0,35,ok
178691,per178691_1914_10742,15,0,0,,,triagem/nome-caixa-conversao 1.0.0,35,ok
178691,per178691_1914_10742,16,0,0,,,triagem/nome-caixa-conversao 1.0.0,35,ok
178691,per178691_1914_10743,1,0,0,,,triagem/nome-caixa-conversao 1.0.0,35,ok
178691,per178691_1914_10743,2,0,0,,,triagem/nome-caixa-conversao 1.0.0,35,ok
178691,per178691_1914_10743,3,0,0,,,triagem/nome-caixa-conversao 1.0.0,35,ok
178691,per178691_1914_10743,4,0,0,,,triagem/nome-caixa-conversao 1.0.0,35,ok
178691,per178691_1914_10743,5,0,0,,,triagem/nome-caixa-conversao 1.0.0,35,ok
178691,per178691_1914_10743,6,0,0,,,triagem/nome-caixa-conversao 1.0.0,35,ok
178691,per178691_1914_10743,7,0,0,,,triagem/nome-caixa-conversao 1.0.0,35,ok
178691,per178691_1914_10743,8,0,0,,,triagem/nome-caixa-conversao 1.0.0,35,ok
178691,per178691_1914_10743,9,0,0,,,triagem/nome-caixa-conversao 1.0.0,35,ok
178691,per178691_1914_10743,10,0,0,,,triagem/nome-caixa-conversao 1.0.0,35,ok
178691,per178691_1914_10743,11,0,0,,,triagem/nome-caixa-conversao 1.0.0,35,ok
178691,per178691_1914_10743,12,0,0,,,triagem/nome-caixa-conversao 1.0.0,35,ok
178691,per178691_1914_10743,13,0,0,,,triagem/nome-caixa-conversao 1.0.0,35,ok
178691,per178691_1914_10743,14,0,0,,,triagem/nome-caixa-conversao 1.0.0,35,ok
178691,per178691_1914_10743,15,0,0,,,triagem/nome-caixa-conversao 1.0.0,35,ok
178691,per178691_1914_10743,16,0,0,,,triagem/nome-caixa-conversao 1.0.0,35,ok
178691,per178691_1914_10745,1,0,0,,,triagem/nome-caixa-conversao 1.0.0,35,ok
178691,per178691_1914_10745,2,0,0,,,triagem/nome-caixa-conversao 1.0.0,35,ok
178691,per178691_1914_10745,3,0,0,,,triagem/nome-caixa-conversao 1.0.0,35,ok
178691,per178691_1914_10745,4,0,0,,,triagem/nome-caixa-conversao 1.0.0,35,ok
178691,per178691_1914_10745,5,0,0,,,triagem/nome-caixa-conversao 1.0.0,35,ok
178691,per178691_1914_10745,6,0,0,,,triagem/nome-caixa-conversao 1.0.0,35,ok
178691,per178691_1914_10745,7,0,0,,,triagem/nome-caixa-conversao 1.0.0,35,ok
178691,per178691_1914_10745,8,0,0,,,triagem/nome-caixa-conversao 1.0.0,35,ok
178691,per178691_1914_10745,9,0,0,,,triagem/nome-caixa-conversao 1.0.0,35,ok
178691,per178691_1914_10745,10,0,0,,,triagem/nome-caixa-conversao 1.0.0,35,ok
178691,per178691_1914_10745,11,0,0,,,triagem/nome-caixa-conversao 1.0.0,35,ok
178691,per178691_1914_10745,12,0,0,,,triagem/nome-caixa-conversao 1.0.0,35,ok
178691,per178691_1914_10746,1,0,0,,,triagem/nome-caixa-conversao 1.0.0,35,ok
178691,per178691_1914_10746,2,0,0,,,triagem/nome-caixa-conversao 1.0.0,35,ok
178691,per178691_1914_10746,3,0,0,,,triagem/nome-caixa-conversao 1.0.0,35,ok
178691,per178691_1914_10746,4,0,0,,,triagem/nome-caixa-conversao 1.0.0,35,ok
178691,per178691_1914_10746,5,0,0,,,triagem/nome-caixa-conversao 1.0.0,35,ok
178691,per178691_1914_10746,6,0,0,,,triagem/nome-caixa-conversao 1.0.0,35,ok
178691,per178691_1914_10746,7,0,0,,,triagem/nome-caixa-conversao 1.0.0,35,ok
178691,per178691_1914_10746,8,0,0,,,triagem/nome-caixa-conversao 1.0.0,35,ok
178691,per178691_1914_10746,9,0,0,,,triagem/nome-caixa-conversao 1.0.0,35,ok
178691,per178691_1914_10746,10,0,0,,,triagem/nome-caixa-conversao 1.0.0,35,ok
178691,per178691_1914_10746,11,0,0,,,triagem/nome-caixa-conversao 1.0.0,35,ok
178691,per178691_1914_10746,12,0,0,,,triagem/nome-caixa-conversao 1.0.0,35,ok
178691,per178691_1914_10746,13,0,0,,,triagem/nome-caixa-conversao 1.0.0,35,ok
178691,per178691_1914_10746,14,0,0,,,triagem/nome-caixa-conversao 1.0.0,35,ok
178691,per178691_1914_10746,15,0,0,,,triagem/nome-caixa-conversao 1.0.0,35,ok
178691,per178691_1914_10746,16,0,0,,,triagem/nome-caixa-conversao 1.0.0,35,ok
178691,per178691_1914_10747,1,0,0,,,triagem/nome-caixa-conversao 1.0.0,35,ok
178691,per178691_1914_10747,2,0,0,,,triagem/nome-caixa-conversao 1.0.0,35,ok
178691,per178691_1914_10747,3,0,0,,,triagem/nome-caixa-conversao 1.0.0,35,ok
178691,per178691_1914_10747,4,0,0,,,triagem/nome-caixa-conversao 1.0.0,35,ok
178691,per178691_1914_10747,5,0,0,,,triagem/nome-caixa-conversao 1.0.0,35,ok
178691,per178691_1914_10747,6,0,0,,,triagem/nome-caixa-conversao 1.0.0,35,ok
178691,per178691_1914_10747,7,0,0,,,triagem/nome-caixa-conversao 1.0.0,35,ok
178691,per178691_1914_10747,8,0,0,,,triagem/nome-caixa-conversao 1.0.0,35,ok
178691,per178691_1914_10747,9,0,0,,,triagem/nome-caixa-conversao 1.0.0,35,ok
178691,per178691_1914_10747,10,0,0,,,triagem/nome-caixa-conversao 1.0.0,35,ok
178691,per178691_1914_10747,11,0,0,,,triagem/nome-caixa-conversao 1.0.0,35,ok
178691,per178691_1914_10747,12,0,0,,,triagem/nome-caixa-conversao 1.0.0,35,ok
178691,per178691_1914_10747,13,0,0,,,triagem/nome-caixa-conversao 1.0.0,35,ok
178691,per178691_1914_10747,14,0,0,,,triagem/nome-caixa-conversao 1.0.0,35,ok
178691,per178691_1914_10747,15,0,0,,,triagem/nome-caixa-conversao 1.0.0,35,ok
178691,per178691_1914_10747,16,0,0,,,triagem/nome-caixa-conversao 1.0.0,35,ok
178691,per178691_1914_10748,1,0,0,,,triagem/nome-caixa-conversao 1.0.0,35,ok
178691,per178691_1914_10748,2,0,0,,,triagem/nome-caixa-conversao 1.0.0,35,ok
178691,per178691_1914_10748,3,0,0,,,triagem/nome-caixa-conversao 1.0.0,35,ok
178691,per178691_1914_10748,4,0,0,,,triagem/nome-caixa-conversao 1.0.0,35,ok
178691,per178691_1914_10748,5,0,0,,,triagem/nome-caixa-conversao 1.0.0,35,ok
178691,per178691_1914_10748,6,0,0,,,triagem/nome-caixa-conversao 1.0.0,35,ok
178691,per178691_1914_10748,7,0,0,,,triagem/nome-caixa-conversao 1.0.0,35,ok
178691,per178691_1914_10748,8,0,0,,,triagem/nome-caixa-conversao 1.0.0,35,ok
178691,per178691_1914_10748,9,0,0,,,triagem/nome-caixa-conversao 1.0.0,35,ok
178691,per178691_1914_10748,10,0,0,,,triagem/nome-caixa-conversao 1.0.0,35,ok
178691,per178691_1914_10748,11,0,0,,,triagem/nome-caixa-conversao 1.0.0,35,ok
178691,per178691_1914_10748,12,0,0,,,triagem/nome-caixa-conversao 1.0.0,35,ok
178691,per178691_1914_10748,13,0,0,,,triagem/nome-caixa-conversao 1.0.0,35,ok
178691,per178691_1914_10748,14,0,0,,,triagem/nome-caixa-conversao 1.0.0,35,ok
178691,per178691_1914_10748,15,0,0,,,triagem/nome-caixa-conversao 1.0.0,35,ok
178691,per178691_1914_10748,16,0,0,,,triagem/nome-caixa-conversao 1.0.0,35,ok
178691,per178691_1914_10749,1,1,1,caixa de conver,18618,triagem/nome-caixa-conversao 1.0.0,35,ok
178691,per178691_1914_10749,2,0,0,,,triagem/nome-caixa-conversao 1.0.0,35,ok
178691,per178691_1914_10749,3,0,0,,,triagem/nome-caixa-conversao 1.0.0,35,ok
178691,per178691_1914_10749,4,0,0,,,triagem/nome-caixa-conversao 1.0.0,35,ok
178691,per178691_1914_10749,5,0,0,,,triagem/nome-caixa-conversao 1.0.0,35,ok
178691,per178691_1914_10749,6,0,0,,,triagem/nome-caixa-conversao 1.0.0,35,ok
178691,per178691_1914_10749,7,0,0,,,triagem/nome-caixa-conversao 1.0.0,35,ok
178691,per178691_1914_10749,8,0,0,,,triagem/nome-caixa-conversao 1.0.0,35,ok
178691,per178691_1914_10749,9,0,0,,,triagem/nome-caixa-conversao 1.0.0,35,ok
178691,per178691_1914_10749,10,0,0,,,triagem/nome-caixa-conversao 1.0.0,35,ok
178691,per178691_1914_10749,11,0,0,,,triagem/nome-caixa-conversao 1.0.0,35,ok
178691,per178691_1914_10749,12,0,0,,,triagem/nome-caixa-conversao 1.0.0,35,ok
178691,per178691_1914_10749,13,0,0,,,triagem/nome-caixa-conversao 1.0.0,35,ok
178691,per178691_1914_10749,14,0,0,,,triagem/nome-caixa-conversao 1.0.0,35,ok
178691,per178691_1914_10749,15,0,0,,,triagem/nome-caixa-conversao 1.0.0,35,ok
178691,per178691_1914_10749,16,0,0,,,triagem/nome-caixa-conversao 1.0.0,35,ok
178691,per178691_1914_10750,1,0,0,,,triagem/nome-caixa-conversao 1.0.0,35,ok
178691,per178691_1914_10750,2,0,0,,,triagem/nome-caixa-conversao 1.0.0,35,ok
178691,per178691_1914_10750,3,0,0,,,triagem/nome-caixa-conversao 1.0.0,35,ok
178691,per178691_1914_10750,4,0,0,,,triagem/nome-caixa-conversao 1.0.0,35,ok
178691,per178691_1914_10750,5,0,0,,,triagem/nome-caixa-conversao 1.0.0,35,ok
178691,per178691_1914_10750,6,0,0,,,triagem/nome-caixa-conversao 1.0.0,35,ok
178691,per178691_1914_10750,7,0,0,,,triagem/nome-caixa-conversao 1.0.0,35,ok
178691,per178691_1914_10750,8,0,0,,,triagem/nome-caixa-conversao 1.0.0,35,ok
178691,per178691_1914_10750,9,0,0,,,triagem/nome-caixa-conversao 1.0.0,35,ok
178691,per178691_1914_10750,10,0,0,,,triagem/nome-caixa-conversao 1.0.0,35,ok
178691,per178691_1914_10750,11,0,0,,,triagem/nome-caixa-conversao 1.0.0,35,ok
178691,per178691_1914_10750,12,0,0,,,triagem/nome-caixa-conversao 1.0.0,35,ok
178691,per178691_1914_10750,13,0,0,,,triagem/nome-caixa-conversao 1.0.0,35,ok
178691,per178691_1914_10750,14,0,0,,,triagem/nome-caixa-conversao 1.0.0,35,ok
178691,per178691_1914_10750,15,0,0,,,triagem/nome-caixa-conversao 1.0.0,35,ok
178691,per178691_1914_10750,16,0,0,,,triagem/nome-caixa-conversao 1.0.0,35,ok
178691,per178691_1914_10751,1,0,0,,,triagem/nome-caixa-conversao 1.0.0,35,ok
178691,per178691_1914_10751,2,0,0,,,triagem/nome-caixa-conversao 1.0.0,35,ok
178691,per178691_1914_10751,3,0,0,,,triagem/nome-caixa-conversao 1.0.0,35,ok
178691,per178691_1914_10751,4,0,0,,,triagem/nome-caixa-conversao 1.0.0,35,ok
178691,per178691_1914_10751,5,0,0,,,triagem/nome-caixa-conversao 1.0.0,35,ok
178691,per178691_1914_10751,6,0,0,,,triagem/nome-caixa-conversao 1.0.0,35,ok
178691,per178691_1914_10751,7,0,0,,,triagem/nome-caixa-conversao 1.0.0,35,ok
178691,per178691_1914_10751,8,0,0,,,triagem/nome-caixa-conversao 1.0.0,35,ok
178691,per178691_1914_10751,9,0,0,,,triagem/nome-caixa-conversao 1.0.0,35,ok
178691,per178691_1914_10751,10,1,1,caixa dcconver,13661,triagem/nome-caixa-conversao 1.0.0,35,ok
178691,per178691_1914_10751,11,0,0,,,triagem/nome-caixa-conversao 1.0.0,35,ok
178691,per178691_1914_10751,12,0,0,,,triagem/nome-caixa-conversao 1.0.0,35,ok
178691,per178691_1914_10751,13,0,0,,,triagem/nome-caixa-conversao 1.0.0,35,ok
178691,per178691_1914_10751,14,0,0,,,triagem/nome-caixa-conversao 1.0.0,35,ok
178691,per178691_1914_10751,15,0,0,,,triagem/nome-caixa-conversao 1.0.0,35,ok
178691,per178691_1914_10751,16,0,0,,,triagem/nome-caixa-conversao 1.0.0,35,ok
178691,per178691_1914_10752,1,0,0,,,triagem/nome-caixa-conversao 1.0.0,35,ok
178691,per178691_1914_10752,2,0,0,,,triagem/nome-caixa-conversao 1.0.0,35,ok
178691,per178691_1914_10752,3,0,0,,,triagem/nome-caixa-conversao 1.0.0,35,ok
178691,per178691_1914_10752,4,0,0,,,triagem/nome-caixa-conversao 1.0.0,35,ok
178691,per178691_1914_10752,5,0,0,,,triagem/nome-caixa-conversao 1.0.0,35,ok
178691,per178691_1914_10752,6,0,0,,,triagem/nome-caixa-conversao 1.0.0,35,ok
178691,per178691_1914_10752,7,0,0,,,triagem/nome-caixa-conversao 1.0.0,35,ok
178691,per178691_1914_10752,8,0,0,,,triagem/nome-caixa-conversao 1.0.0,35,ok
178691,per178691_1914_10752,9,0,0,,,triagem/nome-caixa-conversao 1.0.0,35,ok
178691,per178691_1914_10752,10,0,0,,,triagem/nome-caixa-conversao 1.0.0,35,ok
178691,per178691_1914_10752,11,0,0,,,triagem/nome-caixa-conversao 1.0.0,35,ok
178691,per178691_1914_10752,12,0,0,,,triagem/nome-caixa-conversao 1.0.0,35,ok
178691,per178691_1914_10753,1,0,0,,,triagem/nome-caixa-conversao 1.0.0,35,ok
178691,per178691_1914_10753,2,0,0,,,triagem/nome-caixa-conversao 1.0.0,35,ok
178691,per178691_1914_10753,3,0,0,,,triagem/nome-caixa-conversao 1.0.0,35,ok
178691,per178691_1914_10753,4,0,0,,,triagem/nome-caixa-conversao 1.0.0,35,ok
178691,per178691_1914_10753,5,0,0,,,triagem/nome-caixa-conversao 1.0.0,35,ok
178691,per178691_1914_10753,6,0,0,,,triagem/nome-caixa-conversao 1.0.0,35,ok
178691,per178691_1914_10753,7,0,0,,,triagem/nome-caixa-conversao 1.0.0,35,ok
178691,per178691_1914_10753,8,1,2,caixa de conver,3616,triagem/nome-caixa-conversao 1.0.0,35,ok
178691,per178691_1914_10753,9,0,0,,,triagem/nome-caixa-conversao 1.0.0,35,ok
178691,per178691_1914_10753,10,0,0,,,triagem/nome-caixa-conversao 1.0.0,35,ok
178691,per178691_1914_10753,11,0,0,,,triagem/nome-caixa-conversao 1.0.0,35,ok
178691,per178691_1914_10753,12,0,0,,,triagem/nome-caixa-conversao 1.0.0,35,ok
178691,per178691_1914_10754,1,0,0,,,triagem/nome-caixa-conversao 1.0.0,35,ok
178691,per178691_1914_10754,2,0,0,,,triagem/nome-caixa-conversao 1.0.0,35,ok
178691,per178691_1914_10754,3,0,0,,,triagem/nome-caixa-conversao 1.0.0,35,ok
178691,per178691_1914_10754,4,0,0,,,triagem/nome-caixa-conversao 1.0.0,35,ok
178691,per178691_1914_10754,5,0,0,,,triagem/nome-caixa-conversao 1.0.0,35,ok
178691,per178691_1914_10754,6,0,0,,,triagem/nome-caixa-conversao 1.0.0,35,ok
178691,per178691_1914_10754,7,0,0,,,triagem/nome-caixa-conversao 1.0.0,35,ok
178691,per178691_1914_10754,8,1,2,caixa deconver,9910,triagem/nome-caixa-conversao 1.0.0,35,ok
178691,per178691_1914_10754,9,0,0,,,triagem/nome-caixa-conversao 1.0.0,35,ok
178691,per178691_1914_10754,10,0,0,,,triagem/nome-caixa-conversao 1.0.0,35,ok
178691,per178691_1914_10754,11,1,1,caixa de conver,32485,triagem/nome-caixa-conversao 1.0.0,35,ok
178691,per178691_1914_10754,12,0,0,,,triagem/nome-caixa-conversao 1.0.0,35,ok
178691,per178691_1914_10754,13,0,0,,,triagem/nome-caixa-conversao 1.0.0,35,ok
178691,per178691_1914_10754,14,0,0,,,triagem/nome-caixa-conversao 1.0.0,35,ok
178691,per178691_1914_10754,15,0,0,,,triagem/nome-caixa-conversao 1.0.0,35,ok
178691,per178691_1914_10754,16,0,0,,,triagem/nome-caixa-conversao 1.0.0,35,ok
178691,per178691_1914_10755,1,0,0,,,triagem/nome-caixa-conversao 1.0.0,35,ok
178691,per178691_1914_10755,2,0,0,,,triagem/nome-caixa-conversao 1.0.0,35,ok
178691,per178691_1914_10755,3,0,0,,,triagem/nome-caixa-conversao 1.0.0,35,ok
178691,per178691_1914_10755,4,0,0,,,triagem/nome-caixa-conversao 1.0.0,35,ok
178691,per178691_1914_10755,5,0,0,,,triagem/nome-caixa-conversao 1.0.0,35,ok
178691,per178691_1914_10755,6,0,0,,,triagem/nome-caixa-conversao 1.0.0,35,ok
178691,per178691_1914_10755,7,0,0,,,triagem/nome-caixa-conversao 1.0.0,35,ok
178691,per178691_1914_10755,8,1,1,caixa de conver,26612,triagem/nome-caixa-conversao 1.0.0,35,ok
178691,per178691_1914_10755,9,0,0,,,triagem/nome-caixa-conversao 1.0.0,35,ok
178691,per178691_1914_10755,10,0,0,,,triagem/nome-caixa-conversao 1.0.0,35,ok
178691,per178691_1914_10755,11,0,0,,,triagem/nome-caixa-conversao 1.0.0,35,ok
178691,per178691_1914_10755,12,0,0,,,triagem/nome-caixa-conversao 1.0.0,35,ok
178691,per178691_1914_10755,13,0,0,,,triagem/nome-caixa-conversao 1.0.0,35,ok
178691,per178691_1914_10755,14,0,0,,,triagem/nome-caixa-conversao 1.0.0,35,ok
178691,per178691_1914_10755,15,0,0,,,triagem/nome-caixa-conversao 1.0.0,35,ok
178691,per178691_1914_10755,16,0,0,,,triagem/nome-caixa-conversao 1.0.0,35,ok
178691,per178691_1914_10756,1,0,0,,,triagem/nome-caixa-conversao 1.0.0,35,ok
178691,per178691_1914_10756,2,0,0,,,triagem/nome-caixa-conversao 1.0.0,35,ok
178691,per178691_1914_10756,3,0,0,,,triagem/nome-caixa-conversao 1.0.0,35,ok
178691,per178691_1914_10756,4,0,0,,,triagem/nome-caixa-conversao 1.0.0,35,ok
178691,per178691_1914_10756,5,0,0,,,triagem/nome-caixa-conversao 1.0.0,35,ok
178691,per178691_1914_10756,6,0,0,,,triagem/nome-caixa-conversao 1.0.0,35,ok
178691,per178691_1914_10756,7,0,0,,,triagem/nome-caixa-conversao 1.0.0,35,ok
178691,per178691_1914_10756,8,0,0,,,triagem/nome-caixa-conversao 1.0.0,35,ok
178691,per178691_1914_10756,9,0,0,,,triagem/nome-caixa-conversao 1.0.0,35,ok
178691,per178691_1914_10756,10,0,0,,,triagem/nome-caixa-conversao 1.0.0,35,ok
178691,per178691_1914_10756,11,0,0,,,triagem/nome-caixa-conversao 1.0.0,35,ok
178691,per178691_1914_10756,12,0,0,,,triagem/nome-caixa-conversao 1.0.0,35,ok
178691,per178691_1914_10756,13,0,0,,,triagem/nome-caixa-conversao 1.0.0,35,ok
178691,per178691_1914_10756,14,0,0,,,triagem/nome-caixa-conversao 1.0.0,35,ok
178691,per178691_1914_10756,15,0,0,,,triagem/nome-caixa-conversao 1.0.0,35,ok
178691,per178691_1914_10756,16,0,0,,,triagem/nome-caixa-conversao 1.0.0,35,ok
178691,per178691_1914_10757,1,0,0,,,triagem/nome-caixa-conversao 1.0.0,35,ok
178691,per178691_1914_10757,2,1,1,caixa deconver,5291,triagem/nome-caixa-conversao 1.0.0,35,ok
178691,per178691_1914_10757,3,0,0,,,triagem/nome-caixa-conversao 1.0.0,35,ok
178691,per178691_1914_10757,4,0,0,,,triagem/nome-caixa-conversao 1.0.0,35,ok
178691,per178691_1914_10757,5,0,0,,,triagem/nome-caixa-conversao 1.0.0,35,ok
178691,per178691_1914_10757,6,0,0,,,triagem/nome-caixa-conversao 1.0.0,35,ok
178691,per178691_1914_10757,7,0,0,,,triagem/nome-caixa-conversao 1.0.0,35,ok
178691,per178691_1914_10757,8,0,0,,,triagem/nome-caixa-conversao 1.0.0,35,ok
178691,per178691_1914_10757,9,0,0,,,triagem/nome-caixa-conversao 1.0.0,35,ok
178691,per178691_1914_10757,10,0,0,,,triagem/nome-caixa-conversao 1.0.0,35,ok
178691,per178691_1914_10757,11,0,0,,,triagem/nome-caixa-conversao 1.0.0,35,ok
178691,per178691_1914_10757,12,0,0,,,triagem/nome-caixa-conversao 1.0.0,35,ok
178691,per178691_1914_10757,13,0,0,,,triagem/nome-caixa-conversao 1.0.0,35,ok
178691,per178691_1914_10757,14,0,0,,,triagem/nome-caixa-conversao 1.0.0,35,ok
178691,per178691_1914_10757,15,0,0,,,triagem/nome-caixa-conversao 1.0.0,35,ok
178691,per178691_1914_10757,16,0,0,,,triagem/nome-caixa-conversao 1.0.0,35,ok
178691,per178691_1914_10758,1,0,0,,,triagem/nome-caixa-conversao 1.0.0,35,ok
178691,per178691_1914_10758,2,0,0,,,triagem/nome-caixa-conversao 1.0.0,35,ok
178691,per178691_1914_10758,3,0,0,,,triagem/nome-caixa-conversao 1.0.0,35,ok
178691,per178691_1914_10758,4,0,0,,,triagem/nome-caixa-conversao 1.0.0,35,ok
178691,per178691_1914_10758,5,0,0,,,triagem/nome-caixa-conversao 1.0.0,35,ok
178691,per178691_1914_10758,6,0,0,,,triagem/nome-caixa-conversao 1.0.0,35,ok
178691,per178691_1914_10758,7,0,0,,,triagem/nome-caixa-conversao 1.0.0,35,ok
178691,per178691_1914_10758,8,0,0,,,triagem/nome-caixa-conversao 1.0.0,35,ok
178691,per178691_1914_10758,9,0,0,,,triagem/nome-caixa-conversao 1.0.0,35,ok
178691,per178691_1914_10758,10,0,0,,,triagem/nome-caixa-conversao 1.0.0,35,ok
178691,per178691_1914_10758,11,0,0,,,triagem/nome-caixa-conversao 1.0.0,35,ok
178691,per178691_1914_10758,12,0,0,,,triagem/nome-caixa-conversao 1.0.0,35,ok
178691,per178691_1914_10758,13,1,1,caixa de conver,16257,triagem/nome-caixa-conversao 1.0.0,35,ok
178691,per178691_1914_10758,14,0,0,,,triagem/nome-caixa-conversao 1.0.0,35,ok
178691,per178691_1914_10758,15,0,0,,,triagem/nome-caixa-conversao 1.0.0,35,ok
178691,per178691_1914_10758,16,0,0,,,triagem/nome-caixa-conversao 1.0.0,35,ok
178691,per178691_1914_10758,17,0,0,,,triagem/nome-caixa-conversao 1.0.0,35,ok
178691,per178691_1914_10758,18,0,0,,,triagem/nome-caixa-conversao 1.0.0,35,ok
178691,per178691_1914_10758,19,0,0,,,triagem/nome-caixa-conversao 1.0.0,35,ok
178691,per178691_1914_10758,20,0,0,,,triagem/nome-caixa-conversao 1.0.0,35,ok
178691,per178691_1914_10759,1,0,0,,,triagem/nome-caixa-conversao 1.0.0,35,ok
178691,per178691_1914_10759,2,0,0,,,triagem/nome-caixa-conversao 1.0.0,35,ok
178691,per178691_1914_10759,3,0,0,,,triagem/nome-caixa-conversao 1.0.0,35,ok
178691,per178691_1914_10759,4,0,0,,,triagem/nome-caixa-conversao 1.0.0,35,ok
178691,per178691_1914_10759,5,0,0,,,triagem/nome-caixa-conversao 1.0.0,35,ok
178691,per178691_1914_10759,6,0,0,,,triagem/nome-caixa-conversao 1.0.0,35,ok
178691,per178691_1914_10759,7,0,0,,,triagem/nome-caixa-conversao 1.0.0,35,ok
178691,per178691_1914_10759,8,0,0,,,triagem/nome-caixa-conversao 1.0.0,35,ok
178691,per178691_1914_10759,9,0,0,,,triagem/nome-caixa-conversao 1.0.0,35,ok
178691,per178691_1914_10759,10,0,0,,,triagem/nome-caixa-conversao 1.0.0,35,ok
178691,per178691_1914_10760,1,0,0,,,triagem/nome-caixa-conversao 1.0.0,35,ok
178691,per178691_1914_10760,2,0,0,,,triagem/nome-caixa-conversao 1.0.0,35,ok
178691,per178691_1914_10760,3,0,0,,,triagem/nome-caixa-conversao 1.0.0,35,ok
178691,per178691_1914_10760,4,0,0,,,triagem/nome-caixa-conversao 1.0.0,35,ok
178691,per178691_1914_10760,5,0,0,,,triagem/nome-caixa-conversao 1.0.0,35,ok
178691,per178691_1914_10760,6,0,0,,,triagem/nome-caixa-conversao 1.0.0,35,ok
178691,per178691_1914_10760,7,0,0,,,triagem/nome-caixa-conversao 1.0.0,35,ok
178691,per178691_1914_10760,8,0,0,,,triagem/nome-caixa-conversao 1.0.0,35,ok
178691,per178691_1914_10760,9,0,0,,,triagem/nome-caixa-conversao 1.0.0,35,ok
178691,per178691_1914_10760,10,0,0,,,triagem/nome-caixa-conversao 1.0.0,35,ok
178691,per178691_1914_10760,11,0,0,,,triagem/nome-caixa-conversao 1.0.0,35,ok
178691,per178691_1914_10760,12,0,0,,,triagem/nome-caixa-conversao 1.0.0,35,ok
178691,per178691_1914_10760,13,0,0,,,triagem/nome-caixa-conversao 1.0.0,35,ok
178691,per178691_1914_10760,14,0,0,,,triagem/nome-caixa-conversao 1.0.0,35,ok
178691,per178691_1914_10760,15,0,0,,,triagem/nome-caixa-conversao 1.0.0,35,ok
178691,per178691_1914_10760,16,0,0,,,triagem/nome-caixa-conversao 1.0.0,35,ok
178691,per178691_1914_10761,1,0,0,,,triagem/nome-caixa-conversao 1.0.0,35,ok
178691,per178691_1914_10761,2,0,0,,,triagem/nome-caixa-conversao 1.0.0,35,ok
178691,per178691_1914_10761,3,0,0,,,triagem/nome-caixa-conversao 1.0.0,35,ok
178691,per178691_1914_10761,4,0,0,,,triagem/nome-caixa-conversao 1.0.0,35,ok
178691,per178691_1914_10761,5,0,0,,,triagem/nome-caixa-conversao 1.0.0,35,ok
178691,per178691_1914_10761,6,0,0,,,triagem/nome-caixa-conversao 1.0.0,35,ok
178691,per178691_1914_10761,7,0,0,,,triagem/nome-caixa-conversao 1.0.0,35,ok
178691,per178691_1914_10761,8,0,0,,,triagem/nome-caixa-conversao 1.0.0,35,ok
178691,per178691_1914_10761,9,0,0,,,triagem/nome-caixa-conversao 1.0.0,35,ok
178691,per178691_1914_10761,10,0,0,,,triagem/nome-caixa-conversao 1.0.0,35,ok
178691,per178691_1914_10761,11,0,0,,,triagem/nome-caixa-conversao 1.0.0,35,ok
178691,per178691_1914_10761,12,0,0,,,triagem/nome-caixa-conversao 1.0.0,35,ok
178691,per178691_1914_10762,1,0,0,,,triagem/nome-caixa-conversao 1.0.0,35,ok
178691,per178691_1914_10762,2,0,0,,,triagem/nome-caixa-conversao 1.0.0,35,ok
178691,per178691_1914_10762,3,0,0,,,triagem/nome-caixa-conversao 1.0.0,35,ok
178691,per178691_1914_10762,4,0,0,,,triagem/nome-caixa-conversao 1.0.0,35,ok
178691,per178691_1914_10762,5,0,0,,,triagem/nome-caixa-conversao 1.0.0,35,ok
178691,per178691_1914_10762,6,0,0,,,triagem/nome-caixa-conversao 1.0.0,35,ok
178691,per178691_1914_10762,7,0,0,,,triagem/nome-caixa-conversao 1.0.0,35,ok
178691,per178691_1914_10762,8,0,0,,,triagem/nome-caixa-conversao 1.0.0,35,ok
178691,per178691_1914_10762,9,0,0,,,triagem/nome-caixa-conversao 1.0.0,35,ok
178691,per178691_1914_10762,10,0,0,,,triagem/nome-caixa-conversao 1.0.0,35,ok
178691,per178691_1914_10762,11,0,0,,,triagem/nome-caixa-conversao 1.0.0,35,ok
178691,per178691_1914_10762,12,0,0,,,triagem/nome-caixa-conversao 1.0.0,35,ok
178691,per178691_1914_10762,13,0,0,,,triagem/nome-caixa-conversao 1.0.0,35,ok
178691,per178691_1914_10762,14,0,0,,,triagem/nome-caixa-conversao 1.0.0,35,ok
178691,per178691_1914_10762,15,0,0,,,triagem/nome-caixa-conversao 1.0.0,35,ok
178691,per178691_1914_10762,16,0,0,,,triagem/nome-caixa-conversao 1.0.0,35,ok
178691,per178691_1914_10763,1,0,0,,,triagem/nome-caixa-conversao 1.0.0,35,ok
178691,per178691_1914_10763,2,0,0,,,triagem/nome-caixa-conversao 1.0.0,35,ok
178691,per178691_1914_10763,3,0,0,,,triagem/nome-caixa-conversao 1.0.0,35,ok
178691,per178691_1914_10763,4,0,0,,,triagem/nome-caixa-conversao 1.0.0,35,ok
178691,per178691_1914_10763,5,0,0,,,triagem/nome-caixa-conversao 1.0.0,35,ok
178691,per178691_1914_10763,6,0,0,,,triagem/nome-caixa-conversao 1.0.0,35,ok
178691,per178691_1914_10763,7,0,0,,,triagem/nome-caixa-conversao 1.0.0,35,ok
178691,per178691_1914_10763,8,0,0,,,triagem/nome-caixa-conversao 1.0.0,35,ok
178691,per178691_1914_10763,9,0,0,,,triagem/nome-caixa-conversao 1.0.0,35,ok
178691,per178691_1914_10763,10,0,0,,,triagem/nome-caixa-conversao 1.0.0,35,ok
178691,per178691_1914_10763,11,0,0,,,triagem/nome-caixa-conversao 1.0.0,35,ok
178691,per178691_1914_10763,12,0,0,,,triagem/nome-caixa-conversao 1.0.0,35,ok
178691,per178691_1914_10763,13,0,0,,,triagem/nome-caixa-conversao 1.0.0,35,ok
178691,per178691_1914_10763,14,0,0,,,triagem/nome-caixa-conversao 1.0.0,35,ok
178691,per178691_1914_10763,15,0,0,,,triagem/nome-caixa-conversao 1.0.0,35,ok
178691,per178691_1914_10763,16,0,0,,,triagem/nome-caixa-conversao 1.0.0,35,ok
178691,per178691_1914_10764,1,0,0,,,triagem/nome-caixa-conversao 1.0.0,35,ok
178691,per178691_1914_10764,2,0,0,,,triagem/nome-caixa-conversao 1.0.0,35,ok
178691,per178691_1914_10764,3,0,0,,,triagem/nome-caixa-conversao 1.0.0,35,ok
178691,per178691_1914_10764,4,0,0,,,triagem/nome-caixa-conversao 1.0.0,35,ok
178691,per178691_1914_10764,5,0,0,,,triagem/nome-caixa-conversao 1.0.0,35,ok
178691,per178691_1914_10764,6,0,0,,,triagem/nome-caixa-conversao 1.0.0,35,ok
178691,per178691_1914_10764,7,0,0,,,triagem/nome-caixa-conversao 1.0.0,35,ok
178691,per178691_1914_10764,8,0,0,,,triagem/nome-caixa-conversao 1.0.0,35,ok
178691,per178691_1914_10764,9,0,0,,,triagem/nome-caixa-conversao 1.0.0,35,ok
178691,per178691_1914_10764,10,0,0,,,triagem/nome-caixa-conversao 1.0.0,35,ok
178691,per178691_1914_10764,11,0,0,,,triagem/nome-caixa-conversao 1.0.0,35,ok
178691,per178691_1914_10764,12,0,0,,,triagem/nome-caixa-conversao 1.0.0,35,ok
178691,per178691_1914_10764,13,0,0,,,triagem/nome-caixa-conversao 1.0.0,35,ok
178691,per178691_1914_10764,14,0,0,,,triagem/nome-caixa-conversao 1.0.0,35,ok
178691,per178691_1914_10764,15,0,0,,,triagem/nome-caixa-conversao 1.0.0,35,ok
178691,per178691_1914_10764,16,0,0,,,triagem/nome-caixa-conversao 1.0.0,35,ok
178691,per178691_1914_10765,1,0,0,,,triagem/nome-caixa-conversao 1.0.0,35,ok
178691,per178691_1914_10765,2,0,0,,,triagem/nome-caixa-conversao 1.0.0,35,ok
178691,per178691_1914_10765,3,0,0,,,triagem/nome-caixa-conversao 1.0.0,35,ok
178691,per178691_1914_10765,4,0,0,,,triagem/nome-caixa-conversao 1.0.0,35,ok
178691,per178691_1914_10765,5,0,0,,,triagem/nome-caixa-conversao 1.0.0,35,ok
178691,per178691_1914_10765,6,0,0,,,triagem/nome-caixa-conversao 1.0.0,35,ok
178691,per178691_1914_10765,7,0,0,,,triagem/nome-caixa-conversao 1.0.0,35,ok
178691,per178691_1914_10765,8,0,0,,,triagem/nome-caixa-conversao 1.0.0,35,ok
178691,per178691_1914_10765,9,0,0,,,triagem/nome-caixa-conversao 1.0.0,35,ok
178691,per178691_1914_10765,10,0,0,,,triagem/nome-caixa-conversao 1.0.0,35,ok
178691,per178691_1914_10765,11,0,0,,,triagem/nome-caixa-conversao 1.0.0,35,ok
178691,per178691_1914_10765,12,0,0,,,triagem/nome-caixa-conversao 1.0.0,35,ok
178691,per178691_1914_10765,13,0,0,,,triagem/nome-caixa-conversao 1.0.0,35,ok
178691,per178691_1914_10765,14,0,0,,,triagem/nome-caixa-conversao 1.0.0,35,ok
178691,per178691_1914_10765,15,0,0,,,triagem/nome-caixa-conversao 1.0.0,35,ok
178691,per178691_1914_10765,16,0,0,,,triagem/nome-caixa-conversao 1.0.0,35,ok
178691,per178691_1914_10766,1,0,0,,,triagem/nome-caixa-conversao 1.0.0,35,ok
178691,per178691_1914_10766,2,0,0,,,triagem/nome-caixa-conversao 1.0.0,35,ok
178691,per178691_1914_10766,3,0,0,,,triagem/nome-caixa-conversao 1.0.0,35,ok
178691,per178691_1914_10766,4,0,0,,,triagem/nome-caixa-conversao 1.0.0,35,ok
178691,per178691_1914_10766,5,0,0,,,triagem/nome-caixa-conversao 1.0.0,35,ok
178691,per178691_1914_10766,6,0,0,,,triagem/nome-caixa-conversao 1.0.0,35,ok
178691,per178691_1914_10766,7,0,0,,,triagem/nome-caixa-conversao 1.0.0,35,ok
178691,per178691_1914_10766,8,0,0,,,triagem/nome-caixa-conversao 1.0.0,35,ok
178691,per178691_1914_10766,9,0,0,,,triagem/nome-caixa-conversao 1.0.0,35,ok
178691,per178691_1914_10766,10,0,0,,,triagem/nome-caixa-conversao 1.0.0,35,ok
178691,per178691_1914_10766,11,0,0,,,triagem/nome-caixa-conversao 1.0.0,35,ok
178691,per178691_1914_10766,12,0,0,,,triagem/nome-caixa-conversao 1.0.0,35,ok
178691,per178691_1914_10767,1,0,0,,,triagem/nome-caixa-conversao 1.0.0,35,ok
178691,per178691_1914_10767,2,0,0,,,triagem/nome-caixa-conversao 1.0.0,35,ok
178691,per178691_1914_10767,3,0,0,,,triagem/nome-caixa-conversao 1.0.0,35,ok
178691,per178691_1914_10767,4,0,0,,,triagem/nome-caixa-conversao 1.0.0,35,ok
178691,per178691_1914_10767,5,0,0,,,triagem/nome-caixa-conversao 1.0.0,35,ok
178691,per178691_1914_10767,6,0,0,,,triagem/nome-caixa-conversao 1.0.0,35,ok
178691,per178691_1914_10767,7,0,0,,,triagem/nome-caixa-conversao 1.0.0,35,ok
178691,per178691_1914_10767,8,0,0,,,triagem/nome-caixa-conversao 1.0.0,35,ok
178691,per178691_1914_10767,9,0,0,,,triagem/nome-caixa-conversao 1.0.0,35,ok
178691,per178691_1914_10767,10,0,0,,,triagem/nome-caixa-conversao 1.0.0,35,ok
178691,per178691_1914_10767,11,0,0,,,triagem/nome-caixa-conversao 1.0.0,35,ok
178691,per178691_1914_10767,12,0,0,,,triagem/nome-caixa-conversao 1.0.0,35,ok
178691,per178691_1914_10767,13,0,0,,,triagem/nome-caixa-conversao 1.0.0,35,ok
178691,per178691_1914_10767,14,0,0,,,triagem/nome-caixa-conversao 1.0.0,35,ok
178691,per178691_1914_10767,15,0,0,,,triagem/nome-caixa-conversao 1.0.0,35,ok
178691,per178691_1914_10767,16,0,0,,,triagem/nome-caixa-conversao 1.0.0,35,ok
178691,per178691_1914_10768,1,0,0,,,triagem/nome-caixa-conversao 1.0.0,35,ok
178691,per178691_1914_10768,2,0,0,,,triagem/nome-caixa-conversao 1.0.0,35,ok
178691,per178691_1914_10768,3,0,0,,,triagem/nome-caixa-conversao 1.0.0,35,ok
178691,per178691_1914_10768,4,1,1,caixa de conver,19700,triagem/nome-caixa-conversao 1.0.0,35,ok
178691,per178691_1914_10768,5,0,0,,,triagem/nome-caixa-conversao 1.0.0,35,ok
178691,per178691_1914_10768,6,0,0,,,triagem/nome-caixa-conversao 1.0.0,35,ok
178691,per178691_1914_10768,7,0,0,,,triagem/nome-caixa-conversao 1.0.0,35,ok
178691,per178691_1914_10768,8,0,0,,,triagem/nome-caixa-conversao 1.0.0,35,ok
178691,per178691_1914_10768,9,0,0,,,triagem/nome-caixa-conversao 1.0.0,35,ok
178691,per178691_1914_10768,10,0,0,,,triagem/nome-caixa-conversao 1.0.0,35,ok
178691,per178691_1914_10768,11,0,0,,,triagem/nome-caixa-conversao 1.0.0,35,ok
178691,per178691_1914_10768,12,1,1,caixa de conver,18473,triagem/nome-caixa-conversao 1.0.0,35,ok
178691,per178691_1914_10768,13,0,0,,,triagem/nome-caixa-conversao 1.0.0,35,ok
178691,per178691_1914_10768,14,0,0,,,triagem/nome-caixa-conversao 1.0.0,35,ok
178691,per178691_1914_10768,15,0,0,,,triagem/nome-caixa-conversao 1.0.0,35,ok
178691,per178691_1914_10768,16,0,0,,,triagem/nome-caixa-conversao 1.0.0,35,ok
178691,per178691_1914_10769,1,0,0,,,triagem/nome-caixa-conversao 1.0.0,35,ok
178691,per178691_1914_10769,2,0,0,,,triagem/nome-caixa-conversao 1.0.0,35,ok
178691,per178691_1914_10769,3,1,1,caixa de conver,23484,triagem/nome-caixa-conversao 1.0.0,35,ok
178691,per178691_1914_10769,4,0,0,,,triagem/nome-caixa-conversao 1.0.0,35,ok
178691,per178691_1914_10769,5,0,0,,,triagem/nome-caixa-conversao 1.0.0,35,ok
178691,per178691_1914_10769,6,0,0,,,triagem/nome-caixa-conversao 1.0.0,35,ok
178691,per178691_1914_10769,7,0,0,,,triagem/nome-caixa-conversao 1.0.0,35,ok
178691,per178691_1914_10769,8,0,0,,,triagem/nome-caixa-conversao 1.0.0,35,ok
178691,per178691_1914_10769,9,0,0,,,triagem/nome-caixa-conversao 1.0.0,35,ok
178691,per178691_1914_10769,10,0,0,,,triagem/nome-caixa-conversao 1.0.0,35,ok
178691,per178691_1914_10769,11,0,0,,,triagem/nome-caixa-conversao 1.0.0,35,ok
178691,per178691_1914_10769,12,0,0,,,triagem/nome-caixa-conversao 1.0.0,35,ok
178691,per178691_1914_10769,13,0,0,,,triagem/nome-caixa-conversao 1.0.0,35,ok
178691,per178691_1914_10769,14,0,0,,,triagem/nome-caixa-conversao 1.0.0,35,ok
178691,per178691_1914_10769,15,0,0,,,triagem/nome-caixa-conversao 1.0.0,35,ok
178691,per178691_1914_10769,16,0,0,,,triagem/nome-caixa-conversao 1.0.0,35,ok
178691,per178691_1914_10769,17,0,0,,,triagem/nome-caixa-conversao 1.0.0,35,ok
178691,per178691_1914_10769,18,0,0,,,triagem/nome-caixa-conversao 1.0.0,35,ok
178691,per178691_1914_10769,19,0,0,,,triagem/nome-caixa-conversao 1.0.0,35,ok
178691,per178691_1914_10769,20,0,0,,,triagem/nome-caixa-conversao 1.0.0,35,ok
178691,per178691_1914_10770,1,0,0,,,triagem/nome-caixa-conversao 1.0.0,35,ok
178691,per178691_1914_10770,2,1,1,caixa de conver,6791,triagem/nome-caixa-conversao 1.0.0,35,ok
178691,per178691_1914_10770,3,0,0,,,triagem/nome-caixa-conversao 1.0.0,35,ok
178691,per178691_1914_10770,4,0,0,,,triagem/nome-caixa-conversao 1.0.0,35,ok
178691,per178691_1914_10770,5,0,0,,,triagem/nome-caixa-conversao 1.0.0,35,ok
178691,per178691_1914_10770,6,0,0,,,triagem/nome-caixa-conversao 1.0.0,35,ok
178691,per178691_1914_10770,7,0,0,,,triagem/nome-caixa-conversao 1.0.0,35,ok
178691,per178691_1914_10770,8,0,0,,,triagem/nome-caixa-conversao 1.0.0,35,ok
178691,per178691_1914_10770,9,0,0,,,triagem/nome-caixa-conversao 1.0.0,35,ok
178691,per178691_1914_10770,10,0,0,,,triagem/nome-caixa-conversao 1.0.0,35,ok
178691,per178691_1914_10770,11,0,0,,,triagem/nome-caixa-conversao 1.0.0,35,ok
178691,per178691_1914_10770,12,0,0,,,triagem/nome-caixa-conversao 1.0.0,35,ok
178691,per178691_1914_10770,13,0,0,,,triagem/nome-caixa-conversao 1.0.0,35,ok
178691,per178691_1914_10770,14,0,0,,,triagem/nome-caixa-conversao 1.0.0,35,ok
178691,per178691_1914_10770,15,0,0,,,triagem/nome-caixa-conversao 1.0.0,35,ok
178691,per178691_1914_10770,16,0,0,,,triagem/nome-caixa-conversao 1.0.0,35,ok
178691,per178691_1914_10770,17,0,0,,,triagem/nome-caixa-conversao 1.0.0,35,ok
178691,per178691_1914_10770,18,0,0,,,triagem/nome-caixa-conversao 1.0.0,35,ok
178691,per178691_1914_10770,19,0,0,,,triagem/nome-caixa-conversao 1.0.0,35,ok
178691,per178691_1914_10770,20,0,0,,,triagem/nome-caixa-conversao 1.0.0,35,ok
178691,per178691_1914_10770,21,0,0,,,triagem/nome-caixa-conversao 1.0.0,35,ok
178691,per178691_1914_10770,22,0,0,,,triagem/nome-caixa-conversao 1.0.0,35,ok
178691,per178691_1914_10770,23,0,0,,,triagem/nome-caixa-conversao 1.0.0,35,ok
178691,per178691_1914_10770,24,0,0,,,triagem/nome-caixa-conversao 1.0.0,35,ok
178691,per178691_1914_10770,25,0,0,,,triagem/nome-caixa-conversao 1.0.0,35,ok
178691,per178691_1914_10770,26,0,0,,,triagem/nome-caixa-conversao 1.0.0,35,ok
178691,per178691_1914_10771,1,0,0,,,triagem/nome-caixa-conversao 1.0.0,35,ok
178691,per178691_1914_10771,2,0,0,,,triagem/nome-caixa-conversao 1.0.0,35,ok
178691,per178691_1914_10771,3,0,0,,,triagem/nome-caixa-conversao 1.0.0,35,ok
178691,per178691_1914_10771,4,0,0,,,triagem/nome-caixa-conversao 1.0.0,35,ok
178691,per178691_1914_10771,5,0,0,,,triagem/nome-caixa-conversao 1.0.0,35,ok
178691,per178691_1914_10771,6,0,0,,,triagem/nome-caixa-conversao 1.0.0,35,ok
178691,per178691_1914_10771,7,0,0,,,triagem/nome-caixa-conversao 1.0.0,35,ok
178691,per178691_1914_10771,8,0,0,,,triagem/nome-caixa-conversao 1.0.0,35,ok
178691,per178691_1914_10771,9,0,0,,,triagem/nome-caixa-conversao 1.0.0,35,ok
178691,per178691_1914_10771,10,0,0,,,triagem/nome-caixa-conversao 1.0.0,35,ok
178691,per178691_1914_10771,11,0,0,,,triagem/nome-caixa-conversao 1.0.0,35,ok
178691,per178691_1914_10771,12,0,0,,,triagem/nome-caixa-conversao 1.0.0,35,ok
178691,per178691_1914_10771,13,0,0,,,triagem/nome-caixa-conversao 1.0.0,35,ok
178691,per178691_1914_10771,14,0,0,,,triagem/nome-caixa-conversao 1.0.0,35,ok
178691,per178691_1914_10771,15,0,0,,,triagem/nome-caixa-conversao 1.0.0,35,ok
178691,per178691_1914_10771,16,0,0,,,triagem/nome-caixa-conversao 1.0.0,35,ok
178691,per178691_1914_10772,1,0,0,,,triagem/nome-caixa-conversao 1.0.0,35,ok
178691,per178691_1914_10772,2,0,0,,,triagem/nome-caixa-conversao 1.0.0,35,ok
178691,per178691_1914_10772,3,0,0,,,triagem/nome-caixa-conversao 1.0.0,35,ok
178691,per178691_1914_10772,4,0,0,,,triagem/nome-caixa-conversao 1.0.0,35,ok
178691,per178691_1914_10772,5,0,0,,,triagem/nome-caixa-conversao 1.0.0,35,ok
178691,per178691_1914_10772,6,0,0,,,triagem/nome-caixa-conversao 1.0.0,35,ok
178691,per178691_1914_10772,7,0,0,,,triagem/nome-caixa-conversao 1.0.0,35,ok
178691,per178691_1914_10772,8,1,1,caixa deconver,39569,triagem/nome-caixa-conversao 1.0.0,35,ok
178691,per178691_1914_10772,9,0,0,,,triagem/nome-caixa-conversao 1.0.0,35,ok
178691,per178691_1914_10772,10,0,0,,,triagem/nome-caixa-conversao 1.0.0,35,ok
178691,per178691_1914_10772,11,0,0,,,triagem/nome-caixa-conversao 1.0.0,35,ok
178691,per178691_1914_10772,12,0,0,,,triagem/nome-caixa-conversao 1.0.0,35,ok
178691,per178691_1914_10772,13,0,0,,,triagem/nome-caixa-conversao 1.0.0,35,ok
178691,per178691_1914_10772,14,0,0,,,triagem/nome-caixa-conversao 1.0.0,35,ok
178691,per178691_1914_10772,15,0,0,,,triagem/nome-caixa-conversao 1.0.0,35,ok
178691,per178691_1914_10772,16,0,0,,,triagem/nome-caixa-conversao 1.0.0,35,ok
178691,per178691_1914_10773,1,0,0,,,triagem/nome-caixa-conversao 1.0.0,35,ok
178691,per178691_1914_10773,2,0,0,,,triagem/nome-caixa-conversao 1.0.0,35,ok
178691,per178691_1914_10773,3,0,0,,,triagem/nome-caixa-conversao 1.0.0,35,ok
178691,per178691_1914_10773,4,0,0,,,triagem/nome-caixa-conversao 1.0.0,35,ok
178691,per178691_1914_10773,5,0,0,,,triagem/nome-caixa-conversao 1.0.0,35,ok
178691,per178691_1914_10773,6,0,0,,,triagem/nome-caixa-conversao 1.0.0,35,ok
178691,per178691_1914_10773,7,0,0,,,triagem/nome-caixa-conversao 1.0.0,35,ok
178691,per178691_1914_10773,8,0,0,,,triagem/nome-caixa-conversao 1.0.0,35,ok
178691,per178691_1914_10773,9,0,0,,,triagem/nome-caixa-conversao 1.0.0,35,ok
178691,per178691_1914_10773,10,0,0,,,triagem/nome-caixa-conversao 1.0.0,35,ok
178691,per178691_1914_10773,11,0,0,,,triagem/nome-caixa-conversao 1.0.0,35,ok
178691,per178691_1914_10773,12,0,0,,,triagem/nome-caixa-conversao 1.0.0,35,ok
178691,per178691_1914_10774,1,0,0,,,triagem/nome-caixa-conversao 1.0.0,35,ok
178691,per178691_1914_10774,2,0,0,,,triagem/nome-caixa-conversao 1.0.0,35,ok
178691,per178691_1914_10774,3,0,0,,,triagem/nome-caixa-conversao 1.0.0,35,ok
178691,per178691_1914_10774,4,0,0,,,triagem/nome-caixa-conversao 1.0.0,35,ok
178691,per178691_1914_10774,5,0,0,,,triagem/nome-caixa-conversao 1.0.0,35,ok
178691,per178691_1914_10774,6,0,0,,,triagem/nome-caixa-conversao 1.0.0,35,ok
178691,per178691_1914_10774,7,0,0,,,triagem/nome-caixa-conversao 1.0.0,35,ok
178691,per178691_1914_10774,8,0,0,,,triagem/nome-caixa-conversao 1.0.0,35,ok
178691,per178691_1914_10774,9,0,0,,,triagem/nome-caixa-conversao 1.0.0,35,ok
178691,per178691_1914_10774,10,0,0,,,triagem/nome-caixa-conversao 1.0.0,35,ok
178691,per178691_1914_10774,11,0,0,,,triagem/nome-caixa-conversao 1.0.0,35,ok
178691,per178691_1914_10774,12,0,0,,,triagem/nome-caixa-conversao 1.0.0,35,ok
178691,per178691_1914_10774,13,0,0,,,triagem/nome-caixa-conversao 1.0.0,35,ok
178691,per178691_1914_10774,14,0,0,,,triagem/nome-caixa-conversao 1.0.0,35,ok
178691,per178691_1914_10774,15,0,0,,,triagem/nome-caixa-conversao 1.0.0,35,ok
178691,per178691_1914_10774,16,0,0,,,triagem/nome-caixa-conversao 1.0.0,35,ok
178691,per178691_1914_10775,1,0,0,,,triagem/nome-caixa-conversao 1.0.0,35,ok
178691,per178691_1914_10775,2,0,0,,,triagem/nome-caixa-conversao 1.0.0,35,ok
178691,per178691_1914_10775,3,0,0,,,triagem/nome-caixa-conversao 1.0.0,35,ok
178691,per178691_1914_10775,4,0,0,,,triagem/nome-caixa-conversao 1.0.0,35,ok
178691,per178691_1914_10775,5,0,0,,,triagem/nome-caixa-conversao 1.0.0,35,ok
178691,per178691_1914_10775,6,0,0,,,triagem/nome-caixa-conversao 1.0.0,35,ok
178691,per178691_1914_10775,7,0,0,,,triagem/nome-caixa-conversao 1.0.0,35,ok
178691,per178691_1914_10775,8,0,0,,,triagem/nome-caixa-conversao 1.0.0,35,ok
178691,per178691_1914_10775,9,0,0,,,triagem/nome-caixa-conversao 1.0.0,35,ok
178691,per178691_1914_10775,10,0,0,,,triagem/nome-caixa-conversao 1.0.0,35,ok
178691,per178691_1914_10775,11,0,0,,,triagem/nome-caixa-conversao 1.0.0,35,ok
178691,per178691_1914_10775,12,0,0,,,triagem/nome-caixa-conversao 1.0.0,35,ok
178691,per178691_1914_10775,13,0,0,,,triagem/nome-caixa-conversao 1.0.0,35,ok
178691,per178691_1914_10775,14,0,0,,,triagem/nome-caixa-conversao 1.0.0,35,ok
178691,per178691_1914_10775,15,0,0,,,triagem/nome-caixa-conversao 1.0.0,35,ok
178691,per178691_1914_10775,16,0,0,,,triagem/nome-caixa-conversao 1.0.0,35,ok
178691,per178691_1914_10775,17,0,0,,,triagem/nome-caixa-conversao 1.0.0,35,ok
178691,per178691_1914_10775,18,0,0,,,triagem/nome-caixa-conversao 1.0.0,35,ok
178691,per178691_1914_10775,19,0,0,,,triagem/nome-caixa-conversao 1.0.0,35,ok
178691,per178691_1914_10775,20,0,0,,,triagem/nome-caixa-conversao 1.0.0,35,ok
178691,per178691_1914_10776,1,0,0,,,triagem/nome-caixa-conversao 1.0.0,35,ok
178691,per178691_1914_10776,2,0,0,,,triagem/nome-caixa-conversao 1.0.0,35,ok
178691,per178691_1914_10776,3,0,0,,,triagem/nome-caixa-conversao 1.0.0,35,ok
178691,per178691_1914_10776,4,0,0,,,triagem/nome-caixa-conversao 1.0.0,35,ok
178691,per178691_1914_10776,5,0,0,,,triagem/nome-caixa-conversao 1.0.0,35,ok
178691,per178691_1914_10776,6,0,0,,,triagem/nome-caixa-conversao 1.0.0,35,ok
178691,per178691_1914_10776,7,0,0,,,triagem/nome-caixa-conversao 1.0.0,35,ok
178691,per178691_1914_10776,8,0,0,,,triagem/nome-caixa-conversao 1.0.0,35,ok
178691,per178691_1914_10776,9,0,0,,,triagem/nome-caixa-conversao 1.0.0,35,ok
178691,per178691_1914_10776,10,0,0,,,triagem/nome-caixa-conversao 1.0.0,35,ok
178691,per178691_1914_10776,11,0,0,,,triagem/nome-caixa-conversao 1.0.0,35,ok
178691,per178691_1914_10776,12,0,0,,,triagem/nome-caixa-conversao 1.0.0,35,ok
178691,per178691_1914_10777,1,0,0,,,triagem/nome-caixa-conversao 1.0.0,35,ok
178691,per178691_1914_10777,2,0,0,,,triagem/nome-caixa-conversao 1.0.0,35,ok
178691,per178691_1914_10777,3,0,0,,,triagem/nome-caixa-conversao 1.0.0,35,ok
178691,per178691_1914_10777,4,0,0,,,triagem/nome-caixa-conversao 1.0.0,35,ok
178691,per178691_1914_10777,5,0,0,,,triagem/nome-caixa-conversao 1.0.0,35,ok
178691,per178691_1914_10777,6,0,0,,,triagem/nome-caixa-conversao 1.0.0,35,ok
178691,per178691_1914_10777,7,0,0,,,triagem/nome-caixa-conversao 1.0.0,35,ok
178691,per178691_1914_10777,8,0,0,,,triagem/nome-caixa-conversao 1.0.0,35,ok
178691,per178691_1914_10777,9,0,0,,,triagem/nome-caixa-conversao 1.0.0,35,ok
178691,per178691_1914_10777,10,0,0,,,triagem/nome-caixa-conversao 1.0.0,35,ok
178691,per178691_1914_10777,11,0,0,,,triagem/nome-caixa-conversao 1.0.0,35,ok
178691,per178691_1914_10777,12,0,0,,,triagem/nome-caixa-conversao 1.0.0,35,ok
178691,per178691_1914_10778,1,0,0,,,triagem/nome-caixa-conversao 1.0.0,35,ok
178691,per178691_1914_10778,2,0,0,,,triagem/nome-caixa-conversao 1.0.0,35,ok
178691,per178691_1914_10778,3,0,0,,,triagem/nome-caixa-conversao 1.0.0,35,ok
178691,per178691_1914_10778,4,0,0,,,triagem/nome-caixa-conversao 1.0.0,35,ok
178691,per178691_1914_10778,5,0,0,,,triagem/nome-caixa-conversao 1.0.0,35,ok
178691,per178691_1914_10778,6,1,1,caixa deconver,4608,triagem/nome-caixa-conversao 1.0.0,35,ok
178691,per178691_1914_10778,7,0,0,,,triagem/nome-caixa-conversao 1.0.0,35,ok
178691,per178691_1914_10778,8,0,0,,,triagem/nome-caixa-conversao 1.0.0,35,ok
178691,per178691_1914_10778,9,0,0,,,triagem/nome-caixa-conversao 1.0.0,35,ok
178691,per178691_1914_10778,10,0,0,,,triagem/nome-caixa-conversao 1.0.0,35,ok
178691,per178691_1914_10778,11,0,0,,,triagem/nome-caixa-conversao 1.0.0,35,ok
178691,per178691_1914_10778,12,0,0,,,triagem/nome-caixa-conversao 1.0.0,35,ok
178691,per178691_1914_10780,1,0,0,,,triagem/nome-caixa-conversao 1.0.0,35,ok
178691,per178691_1914_10780,2,0,0,,,triagem/nome-caixa-conversao 1.0.0,35,ok
178691,per178691_1914_10780,3,0,0,,,triagem/nome-caixa-conversao 1.0.0,35,ok
178691,per178691_1914_10780,4,0,0,,,triagem/nome-caixa-conversao 1.0.0,35,ok
178691,per178691_1914_10780,5,0,0,,,triagem/nome-caixa-conversao 1.0.0,35,ok
178691,per178691_1914_10780,6,0,0,,,triagem/nome-caixa-conversao 1.0.0,35,ok
178691,per178691_1914_10780,7,1,1,caixade conver,21233,triagem/nome-caixa-conversao 1.0.0,35,ok
178691,per178691_1914_10780,8,0,0,,,triagem/nome-caixa-conversao 1.0.0,35,ok
178691,per178691_1914_10780,9,0,0,,,triagem/nome-caixa-conversao 1.0.0,35,ok
178691,per178691_1914_10780,10,0,0,,,triagem/nome-caixa-conversao 1.0.0,35,ok
178691,per178691_1914_10780,11,0,0,,,triagem/nome-caixa-conversao 1.0.0,35,ok
178691,per178691_1914_10780,12,0,0,,,triagem/nome-caixa-conversao 1.0.0,35,ok
178691,per178691_1914_10781,1,0,0,,,triagem/nome-caixa-conversao 1.0.0,35,ok
178691,per178691_1914_10781,2,0,0,,,triagem/nome-caixa-conversao 1.0.0,35,ok
178691,per178691_1914_10781,3,0,0,,,triagem/nome-caixa-conversao 1.0.0,35,ok
178691,per178691_1914_10781,4,1,1,caixa de conver,15689,triagem/nome-caixa-conversao 1.0.0,35,ok
178691,per178691_1914_10781,5,0,0,,,triagem/nome-caixa-conversao 1.0.0,35,ok
178691,per178691_1914_10781,6,0,0,,,triagem/nome-caixa-conversao 1.0.0,35,ok
178691,per178691_1914_10781,7,0,0,,,triagem/nome-caixa-conversao 1.0.0,35,ok
178691,per178691_1914_10781,8,0,0,,,triagem/nome-caixa-conversao 1.0.0,35,ok
178691,per178691_1914_10781,9,0,0,,,triagem/nome-caixa-conversao 1.0.0,35,ok
178691,per178691_1914_10781,10,0,0,,,triagem/nome-caixa-conversao 1.0.0,35,ok
178691,per178691_1914_10781,11,0,0,,,triagem/nome-caixa-conversao 1.0.0,35,ok
178691,per178691_1914_10781,12,1,1,caixa deconver,27887,triagem/nome-caixa-conversao 1.0.0,35,ok
178691,per178691_1914_10781,13,0,0,,,triagem/nome-caixa-conversao 1.0.0,35,ok
178691,per178691_1914_10781,14,0,0,,,triagem/nome-caixa-conversao 1.0.0,35,ok
178691,per178691_1914_10781,15,0,0,,,triagem/nome-caixa-conversao 1.0.0,35,ok
178691,per178691_1914_10781,16,0,0,,,triagem/nome-caixa-conversao 1.0.0,35,ok
178691,per178691_1914_10782,1,0,0,,,triagem/nome-caixa-conversao 1.0.0,35,ok
178691,per178691_1914_10782,2,0,0,,,triagem/nome-caixa-conversao 1.0.0,35,ok
178691,per178691_1914_10782,3,0,0,,,triagem/nome-caixa-conversao 1.0.0,35,ok
178691,per178691_1914_10782,4,0,0,,,triagem/nome-caixa-conversao 1.0.0,35,ok
178691,per178691_1914_10782,5,0,0,,,triagem/nome-caixa-conversao 1.0.0,35,ok
178691,per178691_1914_10782,6,0,0,,,triagem/nome-caixa-conversao 1.0.0,35,ok
178691,per178691_1914_10782,7,0,0,,,triagem/nome-caixa-conversao 1.0.0,35,ok
178691,per178691_1914_10782,8,0,0,,,triagem/nome-caixa-conversao 1.0.0,35,ok
178691,per178691_1914_10782,9,1,1,caixade conver,11280,triagem/nome-caixa-conversao 1.0.0,35,ok
178691,per178691_1914_10782,10,0,0,,,triagem/nome-caixa-conversao 1.0.0,35,ok
178691,per178691_1914_10782,11,0,0,,,triagem/nome-caixa-conversao 1.0.0,35,ok
178691,per178691_1914_10782,12,0,0,,,triagem/nome-caixa-conversao 1.0.0,35,ok
178691,per178691_1914_10782,13,0,0,,,triagem/nome-caixa-conversao 1.0.0,35,ok
178691,per178691_1914_10782,14,0,0,,,triagem/nome-caixa-conversao 1.0.0,35,ok
178691,per178691_1914_10782,15,0,0,,,triagem/nome-caixa-conversao 1.0.0,35,ok
178691,per178691_1914_10782,16,0,0,,,triagem/nome-caixa-conversao 1.0.0,35,ok
178691,per178691_1914_10783,1,0,0,,,triagem/nome-caixa-conversao 1.0.0,35,ok
178691,per178691_1914_10783,2,0,0,,,triagem/nome-caixa-conversao 1.0.0,35,ok
178691,per178691_1914_10783,3,0,0,,,triagem/nome-caixa-conversao 1.0.0,35,ok
178691,per178691_1914_10783,4,0,0,,,triagem/nome-caixa-conversao 1.0.0,35,ok
178691,per178691_1914_10783,5,0,0,,,triagem/nome-caixa-conversao 1.0.0,35,ok
178691,per178691_1914_10783,6,0,0,,,triagem/nome-caixa-conversao 1.0.0,35,ok
178691,per178691_1914_10783,7,0,0,,,triagem/nome-caixa-conversao 1.0.0,35,ok
178691,per178691_1914_10783,8,0,0,,,triagem/nome-caixa-conversao 1.0.0,35,ok
178691,per178691_1914_10783,9,0,0,,,triagem/nome-caixa-conversao 1.0.0,35,ok
178691,per178691_1914_10783,10,0,0,,,triagem/nome-caixa-conversao 1.0.0,35,ok
178691,per178691_1914_10783,11,0,0,,,triagem/nome-caixa-conversao 1.0.0,35,ok
178691,per178691_1914_10783,12,1,1,caixa deconver,16183,triagem/nome-caixa-conversao 1.0.0,35,ok
178691,per178691_1914_10783,13,0,0,,,triagem/nome-caixa-conversao 1.0.0,35,ok
178691,per178691_1914_10783,14,0,0,,,triagem/nome-caixa-conversao 1.0.0,35,ok
178691,per178691_1914_10783,15,0,0,,,triagem/nome-caixa-conversao 1.0.0,35,ok
178691,per178691_1914_10783,16,0,0,,,triagem/nome-caixa-conversao 1.0.0,35,ok
178691,per178691_1914_10783,17,0,0,,,triagem/nome-caixa-conversao 1.0.0,35,ok
178691,per178691_1914_10783,18,0,0,,,triagem/nome-caixa-conversao 1.0.0,35,ok
178691,per178691_1914_10783,19,0,0,,,triagem/nome-caixa-conversao 1.0.0,35,ok
178691,per178691_1914_10783,20,0,0,,,triagem/nome-caixa-conversao 1.0.0,35,ok
178691,per178691_1914_10784,1,1,1,caixa de conver,5426,triagem/nome-caixa-conversao 1.0.0,35,ok
178691,per178691_1914_10784,2,0,0,,,triagem/nome-caixa-conversao 1.0.0,35,ok
178691,per178691_1914_10784,3,0,0,,,triagem/nome-caixa-conversao 1.0.0,35,ok
178691,per178691_1914_10784,4,0,0,,,triagem/nome-caixa-conversao 1.0.0,35,ok
178691,per178691_1914_10784,5,0,0,,,triagem/nome-caixa-conversao 1.0.0,35,ok
178691,per178691_1914_10784,6,0,0,,,triagem/nome-caixa-conversao 1.0.0,35,ok
178691,per178691_1914_10784,7,0,0,,,triagem/nome-caixa-conversao 1.0.0,35,ok
178691,per178691_1914_10784,8,0,0,,,triagem/nome-caixa-conversao 1.0.0,35,ok
178691,per178691_1914_10784,9,0,0,,,triagem/nome-caixa-conversao 1.0.0,35,ok
178691,per178691_1914_10784,10,0,0,,,triagem/nome-caixa-conversao 1.0.0,35,ok
178691,per178691_1914_10784,11,0,0,,,triagem/nome-caixa-conversao 1.0.0,35,ok
178691,per178691_1914_10784,12,0,0,,,triagem/nome-caixa-conversao 1.0.0,35,ok
178691,per178691_1914_10784,13,0,0,,,triagem/nome-caixa-conversao 1.0.0,35,ok
178691,per178691_1914_10784,14,0,0,,,triagem/nome-caixa-conversao 1.0.0,35,ok
178691,per178691_1914_10784,15,0,0,,,triagem/nome-caixa-conversao 1.0.0,35,ok
178691,per178691_1914_10784,16,0,0,,,triagem/nome-caixa-conversao 1.0.0,35,ok
178691,per178691_1914_10785,1,0,0,,,triagem/nome-caixa-conversao 1.0.0,35,ok
178691,per178691_1914_10785,2,0,0,,,triagem/nome-caixa-conversao 1.0.0,35,ok
178691,per178691_1914_10785,3,0,0,,,triagem/nome-caixa-conversao 1.0.0,35,ok
178691,per178691_1914_10785,4,0,0,,,triagem/nome-caixa-conversao 1.0.0,35,ok
178691,per178691_1914_10785,5,0,0,,,triagem/nome-caixa-conversao 1.0.0,35,ok
178691,per178691_1914_10785,6,0,0,,,triagem/nome-caixa-conversao 1.0.0,35,ok
178691,per178691_1914_10785,7,0,0,,,triagem/nome-caixa-conversao 1.0.0,35,ok
178691,per178691_1914_10785,8,0,0,,,triagem/nome-caixa-conversao 1.0.0,35,ok
178691,per178691_1914_10785,9,0,0,,,triagem/nome-caixa-conversao 1.0.0,35,ok
178691,per178691_1914_10785,10,0,0,,,triagem/nome-caixa-conversao 1.0.0,35,ok
178691,per178691_1914_10785,11,0,0,,,triagem/nome-caixa-conversao 1.0.0,35,ok
178691,per178691_1914_10785,12,0,0,,,triagem/nome-caixa-conversao 1.0.0,35,ok
178691,per178691_1914_10786,1,0,0,,,triagem/nome-caixa-conversao 1.0.0,35,ok
178691,per178691_1914_10786,2,0,0,,,triagem/nome-caixa-conversao 1.0.0,35,ok
178691,per178691_1914_10786,3,0,0,,,triagem/nome-caixa-conversao 1.0.0,35,ok
178691,per178691_1914_10786,4,0,0,,,triagem/nome-caixa-conversao 1.0.0,35,ok
178691,per178691_1914_10786,5,0,0,,,triagem/nome-caixa-conversao 1.0.0,35,ok
178691,per178691_1914_10786,6,0,0,,,triagem/nome-caixa-conversao 1.0.0,35,ok
178691,per178691_1914_10786,7,0,0,,,triagem/nome-caixa-conversao 1.0.0,35,ok
178691,per178691_1914_10786,8,0,0,,,triagem/nome-caixa-conversao 1.0.0,35,ok
178691,per178691_1914_10786,9,0,0,,,triagem/nome-caixa-conversao 1.0.0,35,ok
178691,per178691_1914_10786,10,0,0,,,triagem/nome-caixa-conversao 1.0.0,35,ok
178691,per178691_1914_10786,11,0,0,,,triagem/nome-caixa-conversao 1.0.0,35,ok
178691,per178691_1914_10786,12,1,1,caixa db conver,22854,triagem/nome-caixa-conversao 1.0.0,35,ok
178691,per178691_1914_10786,13,0,0,,,triagem/nome-caixa-conversao 1.0.0,35,ok
178691,per178691_1914_10786,14,0,0,,,triagem/nome-caixa-conversao 1.0.0,35,ok
178691,per178691_1914_10786,15,0,0,,,triagem/nome-caixa-conversao 1.0.0,35,ok
178691,per178691_1914_10786,16,0,0,,,triagem/nome-caixa-conversao 1.0.0,35,ok
178691,per178691_1914_10787,1,1,1,caixade conver,34069,triagem/nome-caixa-conversao 1.0.0,35,ok
178691,per178691_1914_10787,2,1,1,caixa de conver,7022,triagem/nome-caixa-conversao 1.0.0,35,ok
178691,per178691_1914_10787,3,0,0,,,triagem/nome-caixa-conversao 1.0.0,35,ok
178691,per178691_1914_10787,4,0,0,,,triagem/nome-caixa-conversao 1.0.0,35,ok
178691,per178691_1914_10787,5,0,0,,,triagem/nome-caixa-conversao 1.0.0,35,ok
178691,per178691_1914_10787,6,0,0,,,triagem/nome-caixa-conversao 1.0.0,35,ok
178691,per178691_1914_10787,7,0,0,,,triagem/nome-caixa-conversao 1.0.0,35,ok
178691,per178691_1914_10787,8,1,1,caixa de conver,4772,triagem/nome-caixa-conversao 1.0.0,35,ok
178691,per178691_1914_10787,9,0,0,,,triagem/nome-caixa-conversao 1.0.0,35,ok
178691,per178691_1914_10787,10,0,0,,,triagem/nome-caixa-conversao 1.0.0,35,ok
178691,per178691_1914_10787,11,0,0,,,triagem/nome-caixa-conversao 1.0.0,35,ok
178691,per178691_1914_10787,12,0,0,,,triagem/nome-caixa-conversao 1.0.0,35,ok
178691,per178691_1914_10788,1,0,0,,,triagem/nome-caixa-conversao 1.0.0,35,ok
178691,per178691_1914_10788,2,0,0,,,triagem/nome-caixa-conversao 1.0.0,35,ok
178691,per178691_1914_10788,3,0,0,,,triagem/nome-caixa-conversao 1.0.0,35,ok
178691,per178691_1914_10788,4,0,0,,,triagem/nome-caixa-conversao 1.0.0,35,ok
178691,per178691_1914_10788,5,0,0,,,triagem/nome-caixa-conversao 1.0.0,35,ok
178691,per178691_1914_10788,6,0,0,,,triagem/nome-caixa-conversao 1.0.0,35,ok
178691,per178691_1914_10788,7,0,0,,,triagem/nome-caixa-conversao 1.0.0,35,ok
178691,per178691_1914_10788,8,0,0,,,triagem/nome-caixa-conversao 1.0.0,35,ok
178691,per178691_1914_10788,9,0,0,,,triagem/nome-caixa-conversao 1.0.0,35,ok
178691,per178691_1914_10788,10,0,0,,,triagem/nome-caixa-conversao 1.0.0,35,ok
178691,per178691_1914_10788,11,0,0,,,triagem/nome-caixa-conversao 1.0.0,35,ok
178691,per178691_1914_10788,12,0,0,,,triagem/nome-caixa-conversao 1.0.0,35,ok
178691,per178691_1914_10788,13,0,0,,,triagem/nome-caixa-conversao 1.0.0,35,ok
178691,per178691_1914_10788,14,0,0,,,triagem/nome-caixa-conversao 1.0.0,35,ok
178691,per178691_1914_10788,15,0,0,,,triagem/nome-caixa-conversao 1.0.0,35,ok
178691,per178691_1914_10788,16,0,0,,,triagem/nome-caixa-conversao 1.0.0,35,ok
178691,per178691_1914_10789,1,0,0,,,triagem/nome-caixa-conversao 1.0.0,35,ok
178691,per178691_1914_10789,2,0,0,,,triagem/nome-caixa-conversao 1.0.0,35,ok
178691,per178691_1914_10789,3,0,0,,,triagem/nome-caixa-conversao 1.0.0,35,ok
178691,per178691_1914_10789,4,0,0,,,triagem/nome-caixa-conversao 1.0.0,35,ok
178691,per178691_1914_10789,5,0,0,,,triagem/nome-caixa-conversao 1.0.0,35,ok
178691,per178691_1914_10789,6,0,0,,,triagem/nome-caixa-conversao 1.0.0,35,ok
178691,per178691_1914_10789,7,0,0,,,triagem/nome-caixa-conversao 1.0.0,35,ok
178691,per178691_1914_10789,8,0,0,,,triagem/nome-caixa-conversao 1.0.0,35,ok
178691,per178691_1914_10789,9,0,0,,,triagem/nome-caixa-conversao 1.0.0,35,ok
178691,per178691_1914_10789,10,0,0,,,triagem/nome-caixa-conversao 1.0.0,35,ok
178691,per178691_1914_10789,11,0,0,,,triagem/nome-caixa-conversao 1.0.0,35,ok
178691,per178691_1914_10789,12,0,0,,,triagem/nome-caixa-conversao 1.0.0,35,ok
178691,per178691_1914_10790,1,0,0,,,triagem/nome-caixa-conversao 1.0.0,35,ok
178691,per178691_1914_10790,2,0,0,,,triagem/nome-caixa-conversao 1.0.0,35,ok
178691,per178691_1914_10790,3,0,0,,,triagem/nome-caixa-conversao 1.0.0,35,ok
178691,per178691_1914_10790,4,0,0,,,triagem/nome-caixa-conversao 1.0.0,35,ok
178691,per178691_1914_10790,5,0,0,,,triagem/nome-caixa-conversao 1.0.0,35,ok
178691,per178691_1914_10790,6,0,0,,,triagem/nome-caixa-conversao 1.0.0,35,ok
178691,per178691_1914_10790,7,0,0,,,triagem/nome-caixa-conversao 1.0.0,35,ok
178691,per178691_1914_10790,8,0,0,,,triagem/nome-caixa-conversao 1.0.0,35,ok
178691,per178691_1914_10790,9,0,0,,,triagem/nome-caixa-conversao 1.0.0,35,ok
178691,per178691_1914_10790,10,0,0,,,triagem/nome-caixa-conversao 1.0.0,35,ok
178691,per178691_1914_10790,11,0,0,,,triagem/nome-caixa-conversao 1.0.0,35,ok
178691,per178691_1914_10790,12,0,0,,,triagem/nome-caixa-conversao 1.0.0,35,ok
178691,per178691_1914_10791,1,0,0,,,triagem/nome-caixa-conversao 1.0.0,35,ok
178691,per178691_1914_10791,2,0,0,,,triagem/nome-caixa-conversao 1.0.0,35,ok
178691,per178691_1914_10791,3,0,0,,,triagem/nome-caixa-conversao 1.0.0,35,ok
178691,per178691_1914_10791,4,0,0,,,triagem/nome-caixa-conversao 1.0.0,35,ok
178691,per178691_1914_10791,5,0,0,,,triagem/nome-caixa-conversao 1.0.0,35,ok
178691,per178691_1914_10791,6,0,0,,,triagem/nome-caixa-conversao 1.0.0,35,ok
178691,per178691_1914_10791,7,0,0,,,triagem/nome-caixa-conversao 1.0.0,35,ok
178691,per178691_1914_10791,8,0,0,,,triagem/nome-caixa-conversao 1.0.0,35,ok
178691,per178691_1914_10791,9,0,0,,,triagem/nome-caixa-conversao 1.0.0,35,ok
178691,per178691_1914_10791,10,0,0,,,triagem/nome-caixa-conversao 1.0.0,35,ok
178691,per178691_1914_10791,11,0,0,,,triagem/nome-caixa-conversao 1.0.0,35,ok
178691,per178691_1914_10791,12,0,0,,,triagem/nome-caixa-conversao 1.0.0,35,ok
178691,per178691_1914_10792,1,0,0,,,triagem/nome-caixa-conversao 1.0.0,35,ok
178691,per178691_1914_10792,2,0,0,,,triagem/nome-caixa-conversao 1.0.0,35,ok
178691,per178691_1914_10792,3,0,0,,,triagem/nome-caixa-conversao 1.0.0,35,ok
178691,per178691_1914_10792,4,0,0,,,triagem/nome-caixa-conversao 1.0.0,35,ok
178691,per178691_1914_10792,5,0,0,,,triagem/nome-caixa-conversao 1.0.0,35,ok
178691,per178691_1914_10792,6,0,0,,,triagem/nome-caixa-conversao 1.0.0,35,ok
178691,per178691_1914_10792,7,0,0,,,triagem/nome-caixa-conversao 1.0.0,35,ok
178691,per178691_1914_10792,8,0,0,,,triagem/nome-caixa-conversao 1.0.0,35,ok
178691,per178691_1914_10792,9,0,0,,,triagem/nome-caixa-conversao 1.0.0,35,ok
178691,per178691_1914_10792,10,0,0,,,triagem/nome-caixa-conversao 1.0.0,35,ok
178691,per178691_1914_10792,11,0,0,,,triagem/nome-caixa-conversao 1.0.0,35,ok
178691,per178691_1914_10792,12,0,0,,,triagem/nome-caixa-conversao 1.0.0,35,ok
178691,per178691_1914_10793,1,0,0,,,triagem/nome-caixa-conversao 1.0.0,35,ok
178691,per178691_1914_10793,2,0,0,,,triagem/nome-caixa-conversao 1.0.0,35,ok
178691,per178691_1914_10793,3,0,0,,,triagem/nome-caixa-conversao 1.0.0,35,ok
178691,per178691_1914_10793,4,0,0,,,triagem/nome-caixa-conversao 1.0.0,35,ok
178691,per178691_1914_10793,5,0,0,,,triagem/nome-caixa-conversao 1.0.0,35,ok
178691,per178691_1914_10793,6,0,0,,,triagem/nome-caixa-conversao 1.0.0,35,ok
178691,per178691_1914_10793,7,0,0,,,triagem/nome-caixa-conversao 1.0.0,35,ok
178691,per178691_1914_10793,8,0,0,,,triagem/nome-caixa-conversao 1.0.0,35,ok
178691,per178691_1914_10793,9,0,0,,,triagem/nome-caixa-conversao 1.0.0,35,ok
178691,per178691_1914_10793,10,0,0,,,triagem/nome-caixa-conversao 1.0.0,35,ok
178691,per178691_1914_10793,11,0,0,,,triagem/nome-caixa-conversao 1.0.0,35,ok
178691,per178691_1914_10793,12,0,0,,,triagem/nome-caixa-conversao 1.0.0,35,ok
178691,per178691_1914_10793,13,0,0,,,triagem/nome-caixa-conversao 1.0.0,35,ok
178691,per178691_1914_10793,14,0,0,,,triagem/nome-caixa-conversao 1.0.0,35,ok
178691,per178691_1914_10793,15,0,0,,,triagem/nome-caixa-conversao 1.0.0,35,ok
178691,per178691_1914_10793,16,0,0,,,triagem/nome-caixa-conversao 1.0.0,35,ok
178691,per178691_1914_10793,17,0,0,,,triagem/nome-caixa-conversao 1.0.0,35,ok
178691,per178691_1914_10793,18,0,0,,,triagem/nome-caixa-conversao 1.0.0,35,ok
178691,per178691_1914_10793,19,0,0,,,triagem/nome-caixa-conversao 1.0.0,35,ok
178691,per178691_1914_10793,20,0,0,,,triagem/nome-caixa-conversao 1.0.0,35,ok
178691,per178691_1914_10794,1,1,1,caixade conver,7196,triagem/nome-caixa-conversao 1.0.0,35,ok
178691,per178691_1914_10794,2,0,0,,,triagem/nome-caixa-conversao 1.0.0,35,ok
178691,per178691_1914_10794,3,0,0,,,triagem/nome-caixa-conversao 1.0.0,35,ok
178691,per178691_1914_10794,4,0,0,,,triagem/nome-caixa-conversao 1.0.0,35,ok
178691,per178691_1914_10794,5,1,1,caixade conver,18546,triagem/nome-caixa-conversao 1.0.0,35,ok
178691,per178691_1914_10794,6,0,0,,,triagem/nome-caixa-conversao 1.0.0,35,ok
178691,per178691_1914_10794,7,0,0,,,triagem/nome-caixa-conversao 1.0.0,35,ok
178691,per178691_1914_10794,8,0,0,,,triagem/nome-caixa-conversao 1.0.0,35,ok
178691,per178691_1914_10794,9,0,0,,,triagem/nome-caixa-conversao 1.0.0,35,ok
178691,per178691_1914_10794,10,0,0,,,triagem/nome-caixa-conversao 1.0.0,35,ok
178691,per178691_1914_10794,11,0,0,,,triagem/nome-caixa-conversao 1.0.0,35,ok
178691,per178691_1914_10794,12,0,0,,,triagem/nome-caixa-conversao 1.0.0,35,ok
178691,per178691_1914_10795,1,0,0,,,triagem/nome-caixa-conversao 1.0.0,35,ok
178691,per178691_1914_10795,2,0,0,,,triagem/nome-caixa-conversao 1.0.0,35,ok
178691,per178691_1914_10795,3,0,0,,,triagem/nome-caixa-conversao 1.0.0,35,ok
178691,per178691_1914_10795,4,0,0,,,triagem/nome-caixa-conversao 1.0.0,35,ok
178691,per178691_1914_10795,5,0,0,,,triagem/nome-caixa-conversao 1.0.0,35,ok
178691,per178691_1914_10795,6,1,1,caixade conver,35367,triagem/nome-caixa-conversao 1.0.0,35,ok
178691,per178691_1914_10795,7,0,0,,,triagem/nome-caixa-conversao 1.0.0,35,ok
178691,per178691_1914_10795,8,0,0,,,triagem/nome-caixa-conversao 1.0.0,35,ok
178691,per178691_1914_10795,9,0,0,,,triagem/nome-caixa-conversao 1.0.0,35,ok
178691,per178691_1914_10795,10,0,0,,,triagem/nome-caixa-conversao 1.0.0,35,ok
178691,per178691_1914_10795,11,0,0,,,triagem/nome-caixa-conversao 1.0.0,35,ok
178691,per178691_1914_10795,12,0,0,,,triagem/nome-caixa-conversao 1.0.0,35,ok
178691,per178691_1914_10796,1,0,0,,,triagem/nome-caixa-conversao 1.0.0,35,ok
178691,per178691_1914_10796,2,0,0,,,triagem/nome-caixa-conversao 1.0.0,35,ok
178691,per178691_1914_10796,3,0,0,,,triagem/nome-caixa-conversao 1.0.0,35,ok
178691,per178691_1914_10796,4,0,0,,,triagem/nome-caixa-conversao 1.0.0,35,ok
178691,per178691_1914_10796,5,0,0,,,triagem/nome-caixa-conversao 1.0.0,35,ok
178691,per178691_1914_10796,6,0,0,,,triagem/nome-caixa-conversao 1.0.0,35,ok
178691,per178691_1914_10796,7,0,0,,,triagem/nome-caixa-conversao 1.0.0,35,ok
178691,per178691_1914_10796,8,0,0,,,triagem/nome-caixa-conversao 1.0.0,35,ok
178691,per178691_1914_10796,9,0,0,,,triagem/nome-caixa-conversao 1.0.0,35,ok
178691,per178691_1914_10796,10,0,0,,,triagem/nome-caixa-conversao 1.0.0,35,ok
178691,per178691_1914_10796,11,0,0,,,triagem/nome-caixa-conversao 1.0.0,35,ok
178691,per178691_1914_10796,12,0,0,,,triagem/nome-caixa-conversao 1.0.0,35,ok
178691,per178691_1914_10797,1,0,0,,,triagem/nome-caixa-conversao 1.0.0,35,ok
178691,per178691_1914_10797,2,0,0,,,triagem/nome-caixa-conversao 1.0.0,35,ok
178691,per178691_1914_10797,3,0,0,,,triagem/nome-caixa-conversao 1.0.0,35,ok
178691,per178691_1914_10797,4,0,0,,,triagem/nome-caixa-conversao 1.0.0,35,ok
178691,per178691_1914_10797,5,0,0,,,triagem/nome-caixa-conversao 1.0.0,35,ok
178691,per178691_1914_10797,6,0,0,,,triagem/nome-caixa-conversao 1.0.0,35,ok
178691,per178691_1914_10797,7,0,0,,,triagem/nome-caixa-conversao 1.0.0,35,ok
178691,per178691_1914_10797,8,0,0,,,triagem/nome-caixa-conversao 1.0.0,35,ok
178691,per178691_1914_10797,9,0,0,,,triagem/nome-caixa-conversao 1.0.0,35,ok
178691,per178691_1914_10797,10,1,1,caixa de conver,30338,triagem/nome-caixa-conversao 1.0.0,35,ok
178691,per178691_1914_10797,11,0,0,,,triagem/nome-caixa-conversao 1.0.0,35,ok
178691,per178691_1914_10797,12,0,0,,,triagem/nome-caixa-conversao 1.0.0,35,ok
178691,per178691_1914_10797,13,0,0,,,triagem/nome-caixa-conversao 1.0.0,35,ok
178691,per178691_1914_10797,14,0,0,,,triagem/nome-caixa-conversao 1.0.0,35,ok
178691,per178691_1914_10798,1,0,0,,,triagem/nome-caixa-conversao 1.0.0,35,ok
178691,per178691_1914_10798,2,1,1,caixa deconver,18370,triagem/nome-caixa-conversao 1.0.0,35,ok
178691,per178691_1914_10798,3,0,0,,,triagem/nome-caixa-conversao 1.0.0,35,ok
178691,per178691_1914_10798,4,0,0,,,triagem/nome-caixa-conversao 1.0.0,35,ok
178691,per178691_1914_10798,5,0,0,,,triagem/nome-caixa-conversao 1.0.0,35,ok
178691,per178691_1914_10798,6,0,0,,,triagem/nome-caixa-conversao 1.0.0,35,ok
178691,per178691_1914_10798,7,0,0,,,triagem/nome-caixa-conversao 1.0.0,35,ok
178691,per178691_1914_10798,8,0,0,,,triagem/nome-caixa-conversao 1.0.0,35,ok
178691,per178691_1914_10798,9,0,0,,,triagem/nome-caixa-conversao 1.0.0,35,ok
178691,per178691_1914_10798,10,0,0,,,triagem/nome-caixa-conversao 1.0.0,35,ok
178691,per178691_1914_10798,11,0,0,,,triagem/nome-caixa-conversao 1.0.0,35,ok
178691,per178691_1914_10798,12,0,0,,,triagem/nome-caixa-conversao 1.0.0,35,ok
178691,per178691_1914_10799,1,0,0,,,triagem/nome-caixa-conversao 1.0.0,35,ok
178691,per178691_1914_10799,2,0,0,,,triagem/nome-caixa-conversao 1.0.0,35,ok
178691,per178691_1914_10799,3,0,0,,,triagem/nome-caixa-conversao 1.0.0,35,ok
178691,per178691_1914_10799,4,0,0,,,triagem/nome-caixa-conversao 1.0.0,35,ok
178691,per178691_1914_10799,5,0,0,,,triagem/nome-caixa-conversao 1.0.0,35,ok
178691,per178691_1914_10799,6,0,0,,,triagem/nome-caixa-conversao 1.0.0,35,ok
178691,per178691_1914_10799,7,0,0,,,triagem/nome-caixa-conversao 1.0.0,35,ok
178691,per178691_1914_10799,8,1,1,caixa deconver,7580,triagem/nome-caixa-conversao 1.0.0,35,ok
178691,per178691_1914_10799,9,0,0,,,triagem/nome-caixa-conversao 1.0.0,35,ok
178691,per178691_1914_10799,10,0,0,,,triagem/nome-caixa-conversao 1.0.0,35,ok
178691,per178691_1914_10799,11,0,0,,,triagem/nome-caixa-conversao 1.0.0,35,ok
178691,per178691_1914_10799,12,0,0,,,triagem/nome-caixa-conversao 1.0.0,35,ok
178691,per178691_1914_10800,1,0,0,,,triagem/nome-caixa-conversao 1.0.0,35,ok
178691,per178691_1914_10800,2,0,0,,,triagem/nome-caixa-conversao 1.0.0,35,ok
178691,per178691_1914_10800,3,0,0,,,triagem/nome-caixa-conversao 1.0.0,35,ok
178691,per178691_1914_10800,4,0,0,,,triagem/nome-caixa-conversao 1.0.0,35,ok
178691,per178691_1914_10800,5,0,0,,,triagem/nome-caixa-conversao 1.0.0,35,ok
178691,per178691_1914_10800,6,0,0,,,triagem/nome-caixa-conversao 1.0.0,35,ok
178691,per178691_1914_10800,7,0,0,,,triagem/nome-caixa-conversao 1.0.0,35,ok
178691,per178691_1914_10800,8,0,0,,,triagem/nome-caixa-conversao 1.0.0,35,ok
178691,per178691_1914_10800,9,0,0,,,triagem/nome-caixa-conversao 1.0.0,35,ok
178691,per178691_1914_10800,10,0,0,,,triagem/nome-caixa-conversao 1.0.0,35,ok
178691,per178691_1914_10800,11,0,0,,,triagem/nome-caixa-conversao 1.0.0,35,ok
178691,per178691_1914_10800,12,0,0,,,triagem/nome-caixa-conversao 1.0.0,35,ok
178691,per178691_1914_10800,13,0,0,,,triagem/nome-caixa-conversao 1.0.0,35,ok
178691,per178691_1914_10800,14,0,0,,,triagem/nome-caixa-conversao 1.0.0,35,ok
178691,per178691_1914_10800,15,0,0,,,triagem/nome-caixa-conversao 1.0.0,35,ok
178691,per178691_1914_10800,16,0,0,,,triagem/nome-caixa-conversao 1.0.0,35,ok
178691,per178691_1914_10800,17,0,0,,,triagem/nome-caixa-conversao 1.0.0,35,ok
178691,per178691_1914_10800,18,0,0,,,triagem/nome-caixa-conversao 1.0.0,35,ok
178691,per178691_1914_10800,19,0,0,,,triagem/nome-caixa-conversao 1.0.0,35,ok
178691,per178691_1914_10800,20,0,0,,,triagem/nome-caixa-conversao 1.0.0,35,ok
178691,per178691_1914_10801,1,0,0,,,triagem/nome-caixa-conversao 1.0.0,35,ok
178691,per178691_1914_10801,2,0,0,,,triagem/nome-caixa-conversao 1.0.0,35,ok
178691,per178691_1914_10801,3,0,0,,,triagem/nome-caixa-conversao 1.0.0,35,ok
178691,per178691_1914_10801,4,0,0,,,triagem/nome-caixa-conversao 1.0.0,35,ok
178691,per178691_1914_10801,5,0,0,,,triagem/nome-caixa-conversao 1.0.0,35,ok
178691,per178691_1914_10801,6,0,0,,,triagem/nome-caixa-conversao 1.0.0,35,ok
178691,per178691_1914_10801,7,0,0,,,triagem/nome-caixa-conversao 1.0.0,35,ok
178691,per178691_1914_10801,8,0,0,,,triagem/nome-caixa-conversao 1.0.0,35,ok
178691,per178691_1914_10801,9,0,0,,,triagem/nome-caixa-conversao 1.0.0,35,ok
178691,per178691_1914_10801,10,0,0,,,triagem/nome-caixa-conversao 1.0.0,35,ok
178691,per178691_1914_10801,11,0,0,,,triagem/nome-caixa-conversao 1.0.0,35,ok
178691,per178691_1914_10801,12,0,0,,,triagem/nome-caixa-conversao 1.0.0,35,ok
178691,per178691_1914_10801,13,0,0,,,triagem/nome-caixa-conversao 1.0.0,35,ok
178691,per178691_1914_10801,14,0,0,,,triagem/nome-caixa-conversao 1.0.0,35,ok
178691,per178691_1914_10801,15,0,0,,,triagem/nome-caixa-conversao 1.0.0,35,ok
178691,per178691_1914_10801,16,0,0,,,triagem/nome-caixa-conversao 1.0.0,35,ok
178691,per178691_1914_10802,1,0,0,,,triagem/nome-caixa-conversao 1.0.0,35,ok
178691,per178691_1914_10802,2,1,2,caixa de conver,20543,triagem/nome-caixa-conversao 1.0.0,35,ok
178691,per178691_1914_10802,3,0,0,,,triagem/nome-caixa-conversao 1.0.0,35,ok
178691,per178691_1914_10802,4,0,0,,,triagem/nome-caixa-conversao 1.0.0,35,ok
178691,per178691_1914_10802,5,0,0,,,triagem/nome-caixa-conversao 1.0.0,35,ok
178691,per178691_1914_10802,6,1,1,caixa de conver,23356,triagem/nome-caixa-conversao 1.0.0,35,ok
178691,per178691_1914_10802,7,1,1,caixade conver,36048,triagem/nome-caixa-conversao 1.0.0,35,ok
178691,per178691_1914_10802,8,0,0,,,triagem/nome-caixa-conversao 1.0.0,35,ok
178691,per178691_1914_10802,9,0,0,,,triagem/nome-caixa-conversao 1.0.0,35,ok
178691,per178691_1914_10802,10,0,0,,,triagem/nome-caixa-conversao 1.0.0,35,ok
178691,per178691_1914_10802,11,0,0,,,triagem/nome-caixa-conversao 1.0.0,35,ok
178691,per178691_1914_10802,12,0,0,,,triagem/nome-caixa-conversao 1.0.0,35,ok
178691,per178691_1914_10803,1,0,0,,,triagem/nome-caixa-conversao 1.0.0,35,ok
178691,per178691_1914_10803,2,0,0,,,triagem/nome-caixa-conversao 1.0.0,35,ok
178691,per178691_1914_10803,3,0,0,,,triagem/nome-caixa-conversao 1.0.0,35,ok
178691,per178691_1914_10803,4,0,0,,,triagem/nome-caixa-conversao 1.0.0,35,ok
178691,per178691_1914_10803,5,0,0,,,triagem/nome-caixa-conversao 1.0.0,35,ok
178691,per178691_1914_10803,6,0,0,,,triagem/nome-caixa-conversao 1.0.0,35,ok
178691,per178691_1914_10803,7,0,0,,,triagem/nome-caixa-conversao 1.0.0,35,ok
178691,per178691_1914_10803,8,0,0,,,triagem/nome-caixa-conversao 1.0.0,35,ok
178691,per178691_1914_10803,9,0,0,,,triagem/nome-caixa-conversao 1.0.0,35,ok
178691,per178691_1914_10803,10,0,0,,,triagem/nome-caixa-conversao 1.0.0,35,ok
178691,per178691_1914_10803,11,0,0,,,triagem/nome-caixa-conversao 1.0.0,35,ok
178691,per178691_1914_10803,12,0,0,,,triagem/nome-caixa-conversao 1.0.0,35,ok
178691,per178691_1914_10803,13,0,0,,,triagem/nome-caixa-conversao 1.0.0,35,ok
178691,per178691_1914_10803,14,0,0,,,triagem/nome-caixa-conversao 1.0.0,35,ok
178691,per178691_1914_10803,15,0,0,,,triagem/nome-caixa-conversao 1.0.0,35,ok
178691,per178691_1914_10803,16,0,0,,,triagem/nome-caixa-conversao 1.0.0,35,ok
178691,per178691_1914_10804,1,0,0,,,triagem/nome-caixa-conversao 1.0.0,35,ok
178691,per178691_1914_10804,2,0,0,,,triagem/nome-caixa-conversao 1.0.0,35,ok
178691,per178691_1914_10804,3,0,0,,,triagem/nome-caixa-conversao 1.0.0,35,ok
178691,per178691_1914_10804,4,0,0,,,triagem/nome-caixa-conversao 1.0.0,35,ok
178691,per178691_1914_10804,5,0,0,,,triagem/nome-caixa-conversao 1.0.0,35,ok
178691,per178691_1914_10804,6,0,0,,,triagem/nome-caixa-conversao 1.0.0,35,ok
178691,per178691_1914_10804,7,0,0,,,triagem/nome-caixa-conversao 1.0.0,35,ok
178691,per178691_1914_10804,8,0,0,,,triagem/nome-caixa-conversao 1.0.0,35,ok
178691,per178691_1914_10804,9,0,0,,,triagem/nome-caixa-conversao 1.0.0,35,ok
178691,per178691_1914_10804,10,0,0,,,triagem/nome-caixa-conversao 1.0.0,35,ok
178691,per178691_1914_10804,11,0,0,,,triagem/nome-caixa-conversao 1.0.0,35,ok
178691,per178691_1914_10804,12,0,0,,,triagem/nome-caixa-conversao 1.0.0,35,ok
178691,per178691_1914_10804,13,0,0,,,triagem/nome-caixa-conversao 1.0.0,35,ok
178691,per178691_1914_10804,14,0,0,,,triagem/nome-caixa-conversao 1.0.0,35,ok
178691,per178691_1914_10804,15,0,0,,,triagem/nome-caixa-conversao 1.0.0,35,ok
178691,per178691_1914_10804,16,0,0,,,triagem/nome-caixa-conversao 1.0.0,35,ok
178691,per178691_1914_10805,1,0,0,,,triagem/nome-caixa-conversao 1.0.0,35,ok
178691,per178691_1914_10805,2,0,0,,,triagem/nome-caixa-conversao 1.0.0,35,ok
178691,per178691_1914_10805,3,0,0,,,triagem/nome-caixa-conversao 1.0.0,35,ok
178691,per178691_1914_10805,4,0,0,,,triagem/nome-caixa-conversao 1.0.0,35,ok
178691,per178691_1914_10805,5,0,0,,,triagem/nome-caixa-conversao 1.0.0,35,ok
178691,per178691_1914_10805,6,0,0,,,triagem/nome-caixa-conversao 1.0.0,35,ok
178691,per178691_1914_10805,7,0,0,,,triagem/nome-caixa-conversao 1.0.0,35,ok
178691,per178691_1914_10805,8,0,0,,,triagem/nome-caixa-conversao 1.0.0,35,ok
178691,per178691_1914_10805,9,0,0,,,triagem/nome-caixa-conversao 1.0.0,35,ok
178691,per178691_1914_10805,10,0,0,,,triagem/nome-caixa-conversao 1.0.0,35,ok
178691,per178691_1914_10805,11,1,1,caixa deconver,8383,triagem/nome-caixa-conversao 1.0.0,35,ok
178691,per178691_1914_10805,12,0,0,,,triagem/nome-caixa-conversao 1.0.0,35,ok
178691,per178691_1914_10805,13,0,0,,,triagem/nome-caixa-conversao 1.0.0,35,ok
178691,per178691_1914_10805,14,0,0,,,triagem/nome-caixa-conversao 1.0.0,35,ok
178691,per178691_1914_10805,15,0,0,,,triagem/nome-caixa-conversao 1.0.0,35,ok
178691,per178691_1914_10805,16,0,0,,,triagem/nome-caixa-conversao 1.0.0,35,ok
178691,per178691_1914_10806,1,0,0,,,triagem/nome-caixa-conversao 1.0.0,35,ok
178691,per178691_1914_10806,2,0,0,,,triagem/nome-caixa-conversao 1.0.0,35,ok
178691,per178691_1914_10806,3,0,0,,,triagem/nome-caixa-conversao 1.0.0,35,ok
178691,per178691_1914_10806,4,0,0,,,triagem/nome-caixa-conversao 1.0.0,35,ok
178691,per178691_1914_10806,5,0,0,,,triagem/nome-caixa-conversao 1.0.0,35,ok
178691,per178691_1914_10806,6,0,0,,,triagem/nome-caixa-conversao 1.0.0,35,ok
178691,per178691_1914_10806,7,0,0,,,triagem/nome-caixa-conversao 1.0.0,35,ok
178691,per178691_1914_10806,8,0,0,,,triagem/nome-caixa-conversao 1.0.0,35,ok
178691,per178691_1914_10806,9,0,0,,,triagem/nome-caixa-conversao 1.0.0,35,ok
178691,per178691_1914_10806,10,1,1,caixa deconver,23270,triagem/nome-caixa-conversao 1.0.0,35,ok
178691,per178691_1914_10806,11,0,0,,,triagem/nome-caixa-conversao 1.0.0,35,ok
178691,per178691_1914_10806,12,0,0,,,triagem/nome-caixa-conversao 1.0.0,35,ok
178691,per178691_1914_10806,13,0,0,,,triagem/nome-caixa-conversao 1.0.0,35,ok
178691,per178691_1914_10806,14,0,0,,,triagem/nome-caixa-conversao 1.0.0,35,ok
178691,per178691_1914_10806,15,0,0,,,triagem/nome-caixa-conversao 1.0.0,35,ok
178691,per178691_1914_10806,16,0,0,,,triagem/nome-caixa-conversao 1.0.0,35,ok
178691,per178691_1914_10807,1,0,0,,,triagem/nome-caixa-conversao 1.0.0,35,ok
178691,per178691_1914_10807,2,0,0,,,triagem/nome-caixa-conversao 1.0.0,35,ok
178691,per178691_1914_10807,3,0,0,,,triagem/nome-caixa-conversao 1.0.0,35,ok
178691,per178691_1914_10807,4,0,0,,,triagem/nome-caixa-conversao 1.0.0,35,ok
178691,per178691_1914_10807,5,0,0,,,triagem/nome-caixa-conversao 1.0.0,35,ok
178691,per178691_1914_10807,6,0,0,,,triagem/nome-caixa-conversao 1.0.0,35,ok
178691,per178691_1914_10807,7,0,0,,,triagem/nome-caixa-conversao 1.0.0,35,ok
178691,per178691_1914_10807,8,0,0,,,triagem/nome-caixa-conversao 1.0.0,35,ok
178691,per178691_1914_10807,9,0,0,,,triagem/nome-caixa-conversao 1.0.0,35,ok
178691,per178691_1914_10807,10,0,0,,,triagem/nome-caixa-conversao 1.0.0,35,ok
178691,per178691_1914_10807,11,0,0,,,triagem/nome-caixa-conversao 1.0.0,35,ok
178691,per178691_1914_10807,12,0,0,,,triagem/nome-caixa-conversao 1.0.0,35,ok
178691,per178691_1914_10807,13,0,0,,,triagem/nome-caixa-conversao 1.0.0,35,ok
178691,per178691_1914_10807,14,0,0,,,triagem/nome-caixa-conversao 1.0.0,35,ok
178691,per178691_1914_10807,15,0,0,,,triagem/nome-caixa-conversao 1.0.0,35,ok
178691,per178691_1914_10807,16,0,0,,,triagem/nome-caixa-conversao 1.0.0,35,ok
178691,per178691_1914_10808,1,0,0,,,triagem/nome-caixa-conversao 1.0.0,35,ok
178691,per178691_1914_10808,2,0,0,,,triagem/nome-caixa-conversao 1.0.0,35,ok
178691,per178691_1914_10808,3,0,0,,,triagem/nome-caixa-conversao 1.0.0,35,ok
178691,per178691_1914_10808,4,0,0,,,triagem/nome-caixa-conversao 1.0.0,35,ok
178691,per178691_1914_10808,5,0,0,,,triagem/nome-caixa-conversao 1.0.0,35,ok
178691,per178691_1914_10808,6,0,0,,,triagem/nome-caixa-conversao 1.0.0,35,ok
178691,per178691_1914_10808,7,0,0,,,triagem/nome-caixa-conversao 1.0.0,35,ok
178691,per178691_1914_10808,8,0,0,,,triagem/nome-caixa-conversao 1.0.0,35,ok
178691,per178691_1914_10808,9,0,0,,,triagem/nome-caixa-conversao 1.0.0,35,ok
178691,per178691_1914_10808,10,0,0,,,triagem/nome-caixa-conversao 1.0.0,35,ok
178691,per178691_1914_10808,11,0,0,,,triagem/nome-caixa-conversao 1.0.0,35,ok
178691,per178691_1914_10808,12,0,0,,,triagem/nome-caixa-conversao 1.0.0,35,ok
178691,per178691_1914_10809,1,0,0,,,triagem/nome-caixa-conversao 1.0.0,35,ok
178691,per178691_1914_10809,2,0,0,,,triagem/nome-caixa-conversao 1.0.0,35,ok
178691,per178691_1914_10809,3,0,0,,,triagem/nome-caixa-conversao 1.0.0,35,ok
178691,per178691_1914_10809,4,0,0,,,triagem/nome-caixa-conversao 1.0.0,35,ok
178691,per178691_1914_10809,5,0,0,,,triagem/nome-caixa-conversao 1.0.0,35,ok
178691,per178691_1914_10809,6,0,0,,,triagem/nome-caixa-conversao 1.0.0,35,ok
178691,per178691_1914_10809,7,0,0,,,triagem/nome-caixa-conversao 1.0.0,35,ok
178691,per178691_1914_10809,8,0,0,,,triagem/nome-caixa-conversao 1.0.0,35,ok
178691,per178691_1914_10809,9,0,0,,,triagem/nome-caixa-conversao 1.0.0,35,ok
178691,per178691_1914_10809,10,0,0,,,triagem/nome-caixa-conversao 1.0.0,35,ok
178691,per178691_1914_10809,11,0,0,,,triagem/nome-caixa-conversao 1.0.0,35,ok
178691,per178691_1914_10809,12,0,0,,,triagem/nome-caixa-conversao 1.0.0,35,ok
178691,per178691_1914_10809,13,0,0,,,triagem/nome-caixa-conversao 1.0.0,35,ok
178691,per178691_1914_10809,14,0,0,,,triagem/nome-caixa-conversao 1.0.0,35,ok
178691,per178691_1914_10809,15,0,0,,,triagem/nome-caixa-conversao 1.0.0,35,ok
178691,per178691_1914_10809,16,0,0,,,triagem/nome-caixa-conversao 1.0.0,35,ok
178691,per178691_1914_10810,1,0,0,,,triagem/nome-caixa-conversao 1.0.0,35,ok
178691,per178691_1914_10810,2,1,1,caixa de conver,26631,triagem/nome-caixa-conversao 1.0.0,35,ok
178691,per178691_1914_10810,3,0,0,,,triagem/nome-caixa-conversao 1.0.0,35,ok
178691,per178691_1914_10810,4,0,0,,,triagem/nome-caixa-conversao 1.0.0,35,ok
178691,per178691_1914_10810,5,0,0,,,triagem/nome-caixa-conversao 1.0.0,35,ok
178691,per178691_1914_10810,6,0,0,,,triagem/nome-caixa-conversao 1.0.0,35,ok
178691,per178691_1914_10810,7,0,0,,,triagem/nome-caixa-conversao 1.0.0,35,ok
178691,per178691_1914_10810,8,0,0,,,triagem/nome-caixa-conversao 1.0.0,35,ok
178691,per178691_1914_10810,9,0,0,,,triagem/nome-caixa-conversao 1.0.0,35,ok
178691,per178691_1914_10810,10,0,0,,,triagem/nome-caixa-conversao 1.0.0,35,ok
178691,per178691_1914_10810,11,0,0,,,triagem/nome-caixa-conversao 1.0.0,35,ok
178691,per178691_1914_10810,12,0,0,,,triagem/nome-caixa-conversao 1.0.0,35,ok
178691,per178691_1914_10810,13,0,0,,,triagem/nome-caixa-conversao 1.0.0,35,ok
178691,per178691_1914_10810,14,0,0,,,triagem/nome-caixa-conversao 1.0.0,35,ok
178691,per178691_1914_10810,15,0,0,,,triagem/nome-caixa-conversao 1.0.0,35,ok
178691,per178691_1914_10810,16,0,0,,,triagem/nome-caixa-conversao 1.0.0,35,ok
178691,per178691_1914_10811,1,0,0,,,triagem/nome-caixa-conversao 1.0.0,35,ok
178691,per178691_1914_10811,2,0,0,,,triagem/nome-caixa-conversao 1.0.0,35,ok
178691,per178691_1914_10811,3,0,0,,,triagem/nome-caixa-conversao 1.0.0,35,ok
178691,per178691_1914_10811,4,0,0,,,triagem/nome-caixa-conversao 1.0.0,35,ok
178691,per178691_1914_10811,5,0,0,,,triagem/nome-caixa-conversao 1.0.0,35,ok
178691,per178691_1914_10811,6,0,0,,,triagem/nome-caixa-conversao 1.0.0,35,ok
178691,per178691_1914_10811,7,0,0,,,triagem/nome-caixa-conversao 1.0.0,35,ok
178691,per178691_1914_10811,8,0,0,,,triagem/nome-caixa-conversao 1.0.0,35,ok
178691,per178691_1914_10811,9,0,0,,,triagem/nome-caixa-conversao 1.0.0,35,ok
178691,per178691_1914_10811,10,0,0,,,triagem/nome-caixa-conversao 1.0.0,35,ok
178691,per178691_1914_10812,1,0,0,,,triagem/nome-caixa-conversao 1.0.0,35,ok
178691,per178691_1914_10812,2,0,0,,,triagem/nome-caixa-conversao 1.0.0,35,ok
178691,per178691_1914_10812,3,0,0,,,triagem/nome-caixa-conversao 1.0.0,35,ok
178691,per178691_1914_10812,4,0,0,,,triagem/nome-caixa-conversao 1.0.0,35,ok
178691,per178691_1914_10812,5,0,0,,,triagem/nome-caixa-conversao 1.0.0,35,ok
178691,per178691_1914_10812,6,0,0,,,triagem/nome-caixa-conversao 1.0.0,35,ok
178691,per178691_1914_10812,7,0,0,,,triagem/nome-caixa-conversao 1.0.0,35,ok
178691,per178691_1914_10812,8,0,0,,,triagem/nome-caixa-conversao 1.0.0,35,ok
178691,per178691_1914_10812,9,0,0,,,triagem/nome-caixa-conversao 1.0.0,35,ok
178691,per178691_1914_10812,10,0,0,,,triagem/nome-caixa-conversao 1.0.0,35,ok
178691,per178691_1914_10812,11,0,0,,,triagem/nome-caixa-conversao 1.0.0,35,ok
178691,per178691_1914_10812,12,0,0,,,triagem/nome-caixa-conversao 1.0.0,35,ok
178691,per178691_1914_10812,13,0,0,,,triagem/nome-caixa-conversao 1.0.0,35,ok
178691,per178691_1914_10812,14,0,0,,,triagem/nome-caixa-conversao 1.0.0,35,ok
178691,per178691_1914_10812,15,0,0,,,triagem/nome-caixa-conversao 1.0.0,35,ok
178691,per178691_1914_10812,16,0,0,,,triagem/nome-caixa-conversao 1.0.0,35,ok
178691,per178691_1914_10813,1,0,0,,,triagem/nome-caixa-conversao 1.0.0,35,ok
178691,per178691_1914_10813,2,0,0,,,triagem/nome-caixa-conversao 1.0.0,35,ok
178691,per178691_1914_10813,3,0,0,,,triagem/nome-caixa-conversao 1.0.0,35,ok
178691,per178691_1914_10813,4,0,0,,,triagem/nome-caixa-conversao 1.0.0,35,ok
178691,per178691_1914_10813,5,0,0,,,triagem/nome-caixa-conversao 1.0.0,35,ok
178691,per178691_1914_10813,6,0,0,,,triagem/nome-caixa-conversao 1.0.0,35,ok
178691,per178691_1914_10813,7,0,0,,,triagem/nome-caixa-conversao 1.0.0,35,ok
178691,per178691_1914_10813,8,0,0,,,triagem/nome-caixa-conversao 1.0.0,35,ok
178691,per178691_1914_10813,9,0,0,,,triagem/nome-caixa-conversao 1.0.0,35,ok
178691,per178691_1914_10813,10,0,0,,,triagem/nome-caixa-conversao 1.0.0,35,ok
178691,per178691_1914_10813,11,0,0,,,triagem/nome-caixa-conversao 1.0.0,35,ok
178691,per178691_1914_10813,12,0,0,,,triagem/nome-caixa-conversao 1.0.0,35,ok
178691,per178691_1914_10813,13,0,0,,,triagem/nome-caixa-conversao 1.0.0,35,ok
178691,per178691_1914_10813,14,0,0,,,triagem/nome-caixa-conversao 1.0.0,35,ok
178691,per178691_1914_10813,15,0,0,,,triagem/nome-caixa-conversao 1.0.0,35,ok
178691,per178691_1914_10813,16,0,0,,,triagem/nome-caixa-conversao 1.0.0,35,ok
178691,per178691_1914_10814,1,0,0,,,triagem/nome-caixa-conversao 1.0.0,35,ok
178691,per178691_1914_10814,2,0,0,,,triagem/nome-caixa-conversao 1.0.0,35,ok
178691,per178691_1914_10814,3,0,0,,,triagem/nome-caixa-conversao 1.0.0,35,ok
178691,per178691_1914_10814,4,0,0,,,triagem/nome-caixa-conversao 1.0.0,35,ok
178691,per178691_1914_10814,5,0,0,,,triagem/nome-caixa-conversao 1.0.0,35,ok
178691,per178691_1914_10814,6,0,0,,,triagem/nome-caixa-conversao 1.0.0,35,ok
178691,per178691_1914_10814,7,0,0,,,triagem/nome-caixa-conversao 1.0.0,35,ok
178691,per178691_1914_10814,8,0,0,,,triagem/nome-caixa-conversao 1.0.0,35,ok
178691,per178691_1914_10814,9,0,0,,,triagem/nome-caixa-conversao 1.0.0,35,ok
178691,per178691_1914_10814,10,0,0,,,triagem/nome-caixa-conversao 1.0.0,35,ok
178691,per178691_1914_10814,11,0,0,,,triagem/nome-caixa-conversao 1.0.0,35,ok
178691,per178691_1914_10814,12,0,0,,,triagem/nome-caixa-conversao 1.0.0,35,ok
178691,per178691_1914_10814,13,0,0,,,triagem/nome-caixa-conversao 1.0.0,35,ok
178691,per178691_1914_10814,14,0,0,,,triagem/nome-caixa-conversao 1.0.0,35,ok
178691,per178691_1914_10814,15,0,0,,,triagem/nome-caixa-conversao 1.0.0,35,ok
178691,per178691_1914_10814,16,0,0,,,triagem/nome-caixa-conversao 1.0.0,35,ok
178691,per178691_1914_10815,1,1,1,caixa de conver,11796,triagem/nome-caixa-conversao 1.0.0,35,ok
178691,per178691_1914_10815,2,0,0,,,triagem/nome-caixa-conversao 1.0.0,35,ok
178691,per178691_1914_10815,3,0,0,,,triagem/nome-caixa-conversao 1.0.0,35,ok
178691,per178691_1914_10815,4,1,1,caixa de conver,14852,triagem/nome-caixa-conversao 1.0.0,35,ok
178691,per178691_1914_10815,5,0,0,,,triagem/nome-caixa-conversao 1.0.0,35,ok
178691,per178691_1914_10815,6,0,0,,,triagem/nome-caixa-conversao 1.0.0,35,ok
178691,per178691_1914_10815,7,0,0,,,triagem/nome-caixa-conversao 1.0.0,35,ok
178691,per178691_1914_10815,8,0,0,,,triagem/nome-caixa-conversao 1.0.0,35,ok
178691,per178691_1914_10815,9,0,0,,,triagem/nome-caixa-conversao 1.0.0,35,ok
178691,per178691_1914_10815,10,0,0,,,triagem/nome-caixa-conversao 1.0.0,35,ok
178691,per178691_1914_10815,11,0,0,,,triagem/nome-caixa-conversao 1.0.0,35,ok
178691,per178691_1914_10815,12,0,0,,,triagem/nome-caixa-conversao 1.0.0,35,ok
178691,per178691_1914_10816,1,0,0,,,triagem/nome-caixa-conversao 1.0.0,35,ok
178691,per178691_1914_10816,2,1,1,caixa deconver,23310,triagem/nome-caixa-conversao 1.0.0,35,ok
178691,per178691_1914_10816,3,0,0,,,triagem/nome-caixa-conversao 1.0.0,35,ok
178691,per178691_1914_10816,4,0,0,,,triagem/nome-caixa-conversao 1.0.0,35,ok
178691,per178691_1914_10816,5,0,0,,,triagem/nome-caixa-conversao 1.0.0,35,ok
178691,per178691_1914_10816,6,0,0,,,triagem/nome-caixa-conversao 1.0.0,35,ok
178691,per178691_1914_10816,7,0,0,,,triagem/nome-caixa-conversao 1.0.0,35,ok
178691,per178691_1914_10816,8,0,0,,,triagem/nome-caixa-conversao 1.0.0,35,ok
178691,per178691_1914_10816,9,1,1,caixade conver,40645,triagem/nome-caixa-conversao 1.0.0,35,ok
178691,per178691_1914_10816,10,0,0,,,triagem/nome-caixa-conversao 1.0.0,35,ok
178691,per178691_1914_10816,11,0,0,,,triagem/nome-caixa-conversao 1.0.0,35,ok
178691,per178691_1914_10816,12,0,0,,,triagem/nome-caixa-conversao 1.0.0,35,ok
178691,per178691_1914_10816,13,0,0,,,triagem/nome-caixa-conversao 1.0.0,35,ok
178691,per178691_1914_10816,14,0,0,,,triagem/nome-caixa-conversao 1.0.0,35,ok
178691,per178691_1914_10816,15,0,0,,,triagem/nome-caixa-conversao 1.0.0,35,ok
178691,per178691_1914_10816,16,0,0,,,triagem/nome-caixa-conversao 1.0.0,35,ok
178691,per178691_1914_10817,1,0,0,,,triagem/nome-caixa-conversao 1.0.0,35,ok
178691,per178691_1914_10817,2,0,0,,,triagem/nome-caixa-conversao 1.0.0,35,ok
178691,per178691_1914_10817,3,0,0,,,triagem/nome-caixa-conversao 1.0.0,35,ok
178691,per178691_1914_10817,4,0,0,,,triagem/nome-caixa-conversao 1.0.0,35,ok
178691,per178691_1914_10817,5,1,1,caixa dc conver,12265,triagem/nome-caixa-conversao 1.0.0,35,ok
178691,per178691_1914_10817,6,0,0,,,triagem/nome-caixa-conversao 1.0.0,35,ok
178691,per178691_1914_10817,7,0,0,,,triagem/nome-caixa-conversao 1.0.0,35,ok
178691,per178691_1914_10817,8,0,0,,,triagem/nome-caixa-conversao 1.0.0,35,ok
178691,per178691_1914_10817,9,1,1,caixa deconver,2073,triagem/nome-caixa-conversao 1.0.0,35,ok
178691,per178691_1914_10817,10,0,0,,,triagem/nome-caixa-conversao 1.0.0,35,ok
178691,per178691_1914_10817,11,0,0,,,triagem/nome-caixa-conversao 1.0.0,35,ok
178691,per178691_1914_10817,12,0,0,,,triagem/nome-caixa-conversao 1.0.0,35,ok
178691,per178691_1914_10817,13,0,0,,,triagem/nome-caixa-conversao 1.0.0,35,ok
178691,per178691_1914_10817,14,0,0,,,triagem/nome-caixa-conversao 1.0.0,35,ok
178691,per178691_1914_10817,15,0,0,,,triagem/nome-caixa-conversao 1.0.0,35,ok
178691,per178691_1914_10817,16,0,0,,,triagem/nome-caixa-conversao 1.0.0,35,ok
178691,per178691_1914_10818,1,0,0,,,triagem/nome-caixa-conversao 1.0.0,35,ok
178691,per178691_1914_10818,2,1,1,caixa de conver,15760,triagem/nome-caixa-conversao 1.0.0,35,ok
178691,per178691_1914_10818,3,0,0,,,triagem/nome-caixa-conversao 1.0.0,35,ok
178691,per178691_1914_10818,4,1,3,caixa deconver,10019,triagem/nome-caixa-conversao 1.0.0,35,ok
178691,per178691_1914_10818,5,0,0,,,triagem/nome-caixa-conversao 1.0.0,35,ok
178691,per178691_1914_10818,6,0,0,,,triagem/nome-caixa-conversao 1.0.0,35,ok
178691,per178691_1914_10818,7,0,0,,,triagem/nome-caixa-conversao 1.0.0,35,ok
178691,per178691_1914_10818,8,0,0,,,triagem/nome-caixa-conversao 1.0.0,35,ok
178691,per178691_1914_10818,9,0,0,,,triagem/nome-caixa-conversao 1.0.0,35,ok
178691,per178691_1914_10818,10,0,0,,,triagem/nome-caixa-conversao 1.0.0,35,ok
178691,per178691_1914_10818,11,1,1,caixa do conver,33073,triagem/nome-caixa-conversao 1.0.0,35,ok
178691,per178691_1914_10818,12,0,0,,,triagem/nome-caixa-conversao 1.0.0,35,ok
178691,per178691_1914_10818,13,0,0,,,triagem/nome-caixa-conversao 1.0.0,35,ok
178691,per178691_1914_10818,14,0,0,,,triagem/nome-caixa-conversao 1.0.0,35,ok
178691,per178691_1914_10818,15,0,0,,,triagem/nome-caixa-conversao 1.0.0,35,ok
178691,per178691_1914_10818,16,0,0,,,triagem/nome-caixa-conversao 1.0.0,35,ok
178691,per178691_1914_10819,1,0,0,,,triagem/nome-caixa-conversao 1.0.0,35,ok
178691,per178691_1914_10819,2,0,0,,,triagem/nome-caixa-conversao 1.0.0,35,ok
178691,per178691_1914_10819,3,0,0,,,triagem/nome-caixa-conversao 1.0.0,35,ok
178691,per178691_1914_10819,4,0,0,,,triagem/nome-caixa-conversao 1.0.0,35,ok
178691,per178691_1914_10819,5,0,0,,,triagem/nome-caixa-conversao 1.0.0,35,ok
178691,per178691_1914_10819,6,0,0,,,triagem/nome-caixa-conversao 1.0.0,35,ok
178691,per178691_1914_10819,7,0,0,,,triagem/nome-caixa-conversao 1.0.0,35,ok
178691,per178691_1914_10819,8,1,1,caixa deconver,16662,triagem/nome-caixa-conversao 1.0.0,35,ok
178691,per178691_1914_10819,9,0,0,,,triagem/nome-caixa-conversao 1.0.0,35,ok
178691,per178691_1914_10819,10,0,0,,,triagem/nome-caixa-conversao 1.0.0,35,ok
178691,per178691_1914_10819,11,0,0,,,triagem/nome-caixa-conversao 1.0.0,35,ok
178691,per178691_1914_10819,12,0,0,,,triagem/nome-caixa-conversao 1.0.0,35,ok
178691,per178691_1914_10820,1,0,0,,,triagem/nome-caixa-conversao 1.0.0,35,ok
178691,per178691_1914_10820,2,0,0,,,triagem/nome-caixa-conversao 1.0.0,35,ok
178691,per178691_1914_10820,3,0,0,,,triagem/nome-caixa-conversao 1.0.0,35,ok
178691,per178691_1914_10820,4,0,0,,,triagem/nome-caixa-conversao 1.0.0,35,ok
178691,per178691_1914_10820,5,0,0,,,triagem/nome-caixa-conversao 1.0.0,35,ok
178691,per178691_1914_10820,6,0,0,,,triagem/nome-caixa-conversao 1.0.0,35,ok
178691,per178691_1914_10820,7,0,0,,,triagem/nome-caixa-conversao 1.0.0,35,ok
178691,per178691_1914_10820,8,0,0,,,triagem/nome-caixa-conversao 1.0.0,35,ok
178691,per178691_1914_10820,9,0,0,,,triagem/nome-caixa-conversao 1.0.0,35,ok
178691,per178691_1914_10820,10,0,0,,,triagem/nome-caixa-conversao 1.0.0,35,ok
178691,per178691_1914_10820,11,0,0,,,triagem/nome-caixa-conversao 1.0.0,35,ok
178691,per178691_1914_10820,12,0,0,,,triagem/nome-caixa-conversao 1.0.0,35,ok
178691,per178691_1914_10820,13,0,0,,,triagem/nome-caixa-conversao 1.0.0,35,ok
178691,per178691_1914_10820,14,0,0,,,triagem/nome-caixa-conversao 1.0.0,35,ok
178691,per178691_1914_10820,15,0,0,,,triagem/nome-caixa-conversao 1.0.0,35,ok
178691,per178691_1914_10820,16,0,0,,,triagem/nome-caixa-conversao 1.0.0,35,ok
178691,per178691_1914_10821,1,0,0,,,triagem/nome-caixa-conversao 1.0.0,35,ok
178691,per178691_1914_10821,2,0,0,,,triagem/nome-caixa-conversao 1.0.0,35,ok
178691,per178691_1914_10821,3,0,0,,,triagem/nome-caixa-conversao 1.0.0,35,ok
178691,per178691_1914_10821,4,0,0,,,triagem/nome-caixa-conversao 1.0.0,35,ok
178691,per178691_1914_10821,5,1,1,caixade conver,11310,triagem/nome-caixa-conversao 1.0.0,35,ok
178691,per178691_1914_10821,6,0,0,,,triagem/nome-caixa-conversao 1.0.0,35,ok
178691,per178691_1914_10821,7,0,0,,,triagem/nome-caixa-conversao 1.0.0,35,ok
178691,per178691_1914_10821,8,1,1,caixa deconver,10470,triagem/nome-caixa-conversao 1.0.0,35,ok
178691,per178691_1914_10821,9,0,0,,,triagem/nome-caixa-conversao 1.0.0,35,ok
178691,per178691_1914_10821,10,0,0,,,triagem/nome-caixa-conversao 1.0.0,35,ok
178691,per178691_1914_10821,11,0,0,,,triagem/nome-caixa-conversao 1.0.0,35,ok
178691,per178691_1914_10821,12,0,0,,,triagem/nome-caixa-conversao 1.0.0,35,ok
178691,per178691_1914_10821,13,0,0,,,triagem/nome-caixa-conversao 1.0.0,35,ok
178691,per178691_1914_10821,14,0,0,,,triagem/nome-caixa-conversao 1.0.0,35,ok
178691,per178691_1914_10821,15,0,0,,,triagem/nome-caixa-conversao 1.0.0,35,ok
178691,per178691_1914_10821,16,0,0,,,triagem/nome-caixa-conversao 1.0.0,35,ok
178691,per178691_1914_10822,1,0,0,,,triagem/nome-caixa-conversao 1.0.0,35,ok
178691,per178691_1914_10822,2,0,0,,,triagem/nome-caixa-conversao 1.0.0,35,ok
178691,per178691_1914_10822,3,0,0,,,triagem/nome-caixa-conversao 1.0.0,35,ok
178691,per178691_1914_10822,4,0,0,,,triagem/nome-caixa-conversao 1.0.0,35,ok
178691,per178691_1914_10822,5,0,0,,,triagem/nome-caixa-conversao 1.0.0,35,ok
178691,per178691_1914_10822,6,0,0,,,triagem/nome-caixa-conversao 1.0.0,35,ok
178691,per178691_1914_10822,7,0,0,,,triagem/nome-caixa-conversao 1.0.0,35,ok
178691,per178691_1914_10822,8,0,0,,,triagem/nome-caixa-conversao 1.0.0,35,ok
178691,per178691_1914_10822,9,0,0,,,triagem/nome-caixa-conversao 1.0.0,35,ok
178691,per178691_1914_10822,10,0,0,,,triagem/nome-caixa-conversao 1.0.0,35,ok
178691,per178691_1914_10822,11,0,0,,,triagem/nome-caixa-conversao 1.0.0,35,ok
178691,per178691_1914_10822,12,0,0,,,triagem/nome-caixa-conversao 1.0.0,35,ok
178691,per178691_1914_10823,1,0,0,,,triagem/nome-caixa-conversao 1.0.0,35,ok
178691,per178691_1914_10823,2,1,1,caixa de conver,2601,triagem/nome-caixa-conversao 1.0.0,35,ok
178691,per178691_1914_10823,3,0,0,,,triagem/nome-caixa-conversao 1.0.0,35,ok
178691,per178691_1914_10823,4,0,0,,,triagem/nome-caixa-conversao 1.0.0,35,ok
178691,per178691_1914_10823,5,0,0,,,triagem/nome-caixa-conversao 1.0.0,35,ok
178691,per178691_1914_10823,6,0,0,,,triagem/nome-caixa-conversao 1.0.0,35,ok
178691,per178691_1914_10823,7,0,0,,,triagem/nome-caixa-conversao 1.0.0,35,ok
178691,per178691_1914_10823,8,0,0,,,triagem/nome-caixa-conversao 1.0.0,35,ok
178691,per178691_1914_10823,9,0,0,,,triagem/nome-caixa-conversao 1.0.0,35,ok
178691,per178691_1914_10823,10,0,0,,,triagem/nome-caixa-conversao 1.0.0,35,ok
178691,per178691_1914_10823,11,0,0,,,triagem/nome-caixa-conversao 1.0.0,35,ok
178691,per178691_1914_10823,12,0,0,,,triagem/nome-caixa-conversao 1.0.0,35,ok
178691,per178691_1914_10823,13,0,0,,,triagem/nome-caixa-conversao 1.0.0,35,ok
178691,per178691_1914_10823,14,0,0,,,triagem/nome-caixa-conversao 1.0.0,35,ok
178691,per178691_1914_10823,15,0,0,,,triagem/nome-caixa-conversao 1.0.0,35,ok
178691,per178691_1914_10823,16,0,0,,,triagem/nome-caixa-conversao 1.0.0,35,ok
178691,per178691_1914_10824,1,0,0,,,triagem/nome-caixa-conversao 1.0.0,35,ok
178691,per178691_1914_10824,2,0,0,,,triagem/nome-caixa-conversao 1.0.0,35,ok
178691,per178691_1914_10824,3,0,0,,,triagem/nome-caixa-conversao 1.0.0,35,ok
178691,per178691_1914_10824,4,0,0,,,triagem/nome-caixa-conversao 1.0.0,35,ok
178691,per178691_1914_10824,5,0,0,,,triagem/nome-caixa-conversao 1.0.0,35,ok
178691,per178691_1914_10824,6,0,0,,,triagem/nome-caixa-conversao 1.0.0,35,ok
178691,per178691_1914_10824,7,0,0,,,triagem/nome-caixa-conversao 1.0.0,35,ok
178691,per178691_1914_10824,8,0,0,,,triagem/nome-caixa-conversao 1.0.0,35,ok
178691,per178691_1914_10824,9,1,1,caixa deconver,45002,triagem/nome-caixa-conversao 1.0.0,35,ok
178691,per178691_1914_10824,10,0,0,,,triagem/nome-caixa-conversao 1.0.0,35,ok
178691,per178691_1914_10824,11,0,0,,,triagem/nome-caixa-conversao 1.0.0,35,ok
178691,per178691_1914_10824,12,0,0,,,triagem/nome-caixa-conversao 1.0.0,35,ok
178691,per178691_1914_10824,13,0,0,,,triagem/nome-caixa-conversao 1.0.0,35,ok
178691,per178691_1914_10824,14,0,0,,,triagem/nome-caixa-conversao 1.0.0,35,ok
178691,per178691_1914_10824,15,0,0,,,triagem/nome-caixa-conversao 1.0.0,35,ok
178691,per178691_1914_10824,16,0,0,,,triagem/nome-caixa-conversao 1.0.0,35,ok
178691,per178691_1914_10825,1,0,0,,,triagem/nome-caixa-conversao 1.0.0,35,ok
178691,per178691_1914_10825,2,0,0,,,triagem/nome-caixa-conversao 1.0.0,35,ok
178691,per178691_1914_10825,3,0,0,,,triagem/nome-caixa-conversao 1.0.0,35,ok
178691,per178691_1914_10825,4,0,0,,,triagem/nome-caixa-conversao 1.0.0,35,ok
178691,per178691_1914_10825,5,0,0,,,triagem/nome-caixa-conversao 1.0.0,35,ok
178691,per178691_1914_10825,6,0,0,,,triagem/nome-caixa-conversao 1.0.0,35,ok
178691,per178691_1914_10825,7,0,0,,,triagem/nome-caixa-conversao 1.0.0,35,ok
178691,per178691_1914_10825,8,0,0,,,triagem/nome-caixa-conversao 1.0.0,35,ok
178691,per178691_1914_10825,9,0,0,,,triagem/nome-caixa-conversao 1.0.0,35,ok
178691,per178691_1914_10825,10,0,0,,,triagem/nome-caixa-conversao 1.0.0,35,ok
178691,per178691_1914_10825,11,0,0,,,triagem/nome-caixa-conversao 1.0.0,35,ok
178691,per178691_1914_10825,12,1,1,caixa db conver,23653,triagem/nome-caixa-conversao 1.0.0,35,ok
178691,per178691_1914_10825,13,0,0,,,triagem/nome-caixa-conversao 1.0.0,35,ok
178691,per178691_1914_10825,14,0,0,,,triagem/nome-caixa-conversao 1.0.0,35,ok
178691,per178691_1914_10825,15,0,0,,,triagem/nome-caixa-conversao 1.0.0,35,ok
178691,per178691_1914_10825,16,0,0,,,triagem/nome-caixa-conversao 1.0.0,35,ok
178691,per178691_1914_10826,1,1,1,caixa de conver,36319,triagem/nome-caixa-conversao 1.0.0,35,ok
178691,per178691_1914_10826,2,1,1,caixa de conver,2356,triagem/nome-caixa-conversao 1.0.0,35,ok
178691,per178691_1914_10826,3,0,0,,,triagem/nome-caixa-conversao 1.0.0,35,ok
178691,per178691_1914_10826,4,1,1,caixa deconver,10764,triagem/nome-caixa-conversao 1.0.0,35,ok
178691,per178691_1914_10826,5,0,0,,,triagem/nome-caixa-conversao 1.0.0,35,ok
178691,per178691_1914_10826,6,0,0,,,triagem/nome-caixa-conversao 1.0.0,35,ok
178691,per178691_1914_10826,7,0,0,,,triagem/nome-caixa-conversao 1.0.0,35,ok
178691,per178691_1914_10826,8,0,0,,,triagem/nome-caixa-conversao 1.0.0,35,ok
178691,per178691_1914_10826,9,0,0,,,triagem/nome-caixa-conversao 1.0.0,35,ok
178691,per178691_1914_10826,10,0,0,,,triagem/nome-caixa-conversao 1.0.0,35,ok
178691,per178691_1914_10826,11,0,0,,,triagem/nome-caixa-conversao 1.0.0,35,ok
178691,per178691_1914_10826,12,0,0,,,triagem/nome-caixa-conversao 1.0.0,35,ok
178691,per178691_1914_10826,13,0,0,,,triagem/nome-caixa-conversao 1.0.0,35,ok
178691,per178691_1914_10826,14,0,0,,,triagem/nome-caixa-conversao 1.0.0,35,ok
178691,per178691_1914_10826,15,0,0,,,triagem/nome-caixa-conversao 1.0.0,35,ok
178691,per178691_1914_10826,16,0,0,,,triagem/nome-caixa-conversao 1.0.0,35,ok
178691,per178691_1914_10827,1,1,3,caixa de conver,17016,triagem/nome-caixa-conversao 1.0.0,35,ok
178691,per178691_1914_10827,2,0,0,,,triagem/nome-caixa-conversao 1.0.0,35,ok
178691,per178691_1914_10827,3,0,0,,,triagem/nome-caixa-conversao 1.0.0,35,ok
178691,per178691_1914_10827,4,0,0,,,triagem/nome-caixa-conversao 1.0.0,35,ok
178691,per178691_1914_10827,5,0,0,,,triagem/nome-caixa-conversao 1.0.0,35,ok
178691,per178691_1914_10827,6,0,0,,,triagem/nome-caixa-conversao 1.0.0,35,ok
178691,per178691_1914_10827,7,0,0,,,triagem/nome-caixa-conversao 1.0.0,35,ok
178691,per178691_1914_10827,8,0,0,,,triagem/nome-caixa-conversao 1.0.0,35,ok
178691,per178691_1914_10827,9,0,0,,,triagem/nome-caixa-conversao 1.0.0,35,ok
178691,per178691_1914_10827,10,0,0,,,triagem/nome-caixa-conversao 1.0.0,35,ok
178691,per178691_1914_10827,11,0,0,,,triagem/nome-caixa-conversao 1.0.0,35,ok
178691,per178691_1914_10827,12,0,0,,,triagem/nome-caixa-conversao 1.0.0,35,ok
178691,per178691_1914_10827,13,0,0,,,triagem/nome-caixa-conversao 1.0.0,35,ok
178691,per178691_1914_10827,14,0,0,,,triagem/nome-caixa-conversao 1.0.0,35,ok
178691,per178691_1914_10827,15,1,1,caixa de conver,28870,triagem/nome-caixa-conversao 1.0.0,35,ok
178691,per178691_1914_10827,16,0,0,,,triagem/nome-caixa-conversao 1.0.0,35,ok
178691,per178691_1914_10827,17,0,0,,,triagem/nome-caixa-conversao 1.0.0,35,ok
178691,per178691_1914_10827,18,0,0,,,triagem/nome-caixa-conversao 1.0.0,35,ok
178691,per178691_1914_10827,19,0,0,,,triagem/nome-caixa-conversao 1.0.0,35,ok
178691,per178691_1914_10827,20,0,0,,,triagem/nome-caixa-conversao 1.0.0,35,ok
178691,per178691_1914_10828,1,0,0,,,triagem/nome-caixa-conversao 1.0.0,35,ok
178691,per178691_1914_10828,2,1,1,caixa de conver,23567,triagem/nome-caixa-conversao 1.0.0,35,ok
178691,per178691_1914_10828,3,0,0,,,triagem/nome-caixa-conversao 1.0.0,35,ok
178691,per178691_1914_10828,4,0,0,,,triagem/nome-caixa-conversao 1.0.0,35,ok
178691,per178691_1914_10828,5,0,0,,,triagem/nome-caixa-conversao 1.0.0,35,ok
178691,per178691_1914_10828,6,0,0,,,triagem/nome-caixa-conversao 1.0.0,35,ok
178691,per178691_1914_10828,7,0,0,,,triagem/nome-caixa-conversao 1.0.0,35,ok
178691,per178691_1914_10828,8,0,0,,,triagem/nome-caixa-conversao 1.0.0,35,ok
178691,per178691_1914_10828,9,0,0,,,triagem/nome-caixa-conversao 1.0.0,35,ok
178691,per178691_1914_10828,10,0,0,,,triagem/nome-caixa-conversao 1.0.0,35,ok
178691,per178691_1914_10828,11,0,0,,,triagem/nome-caixa-conversao 1.0.0,35,ok
178691,per178691_1914_10828,12,0,0,,,triagem/nome-caixa-conversao 1.0.0,35,ok
178691,per178691_1914_10828,13,0,0,,,triagem/nome-caixa-conversao 1.0.0,35,ok
178691,per178691_1914_10828,14,0,0,,,triagem/nome-caixa-conversao 1.0.0,35,ok
178691,per178691_1914_10828,15,0,0,,,triagem/nome-caixa-conversao 1.0.0,35,ok
178691,per178691_1914_10828,16,0,0,,,triagem/nome-caixa-conversao 1.0.0,35,ok
178691,per178691_1914_10828,17,0,0,,,triagem/nome-caixa-conversao 1.0.0,35,ok
178691,per178691_1914_10828,18,0,0,,,triagem/nome-caixa-conversao 1.0.0,35,ok
178691,per178691_1914_10828,19,0,0,,,triagem/nome-caixa-conversao 1.0.0,35,ok
178691,per178691_1914_10828,20,0,0,,,triagem/nome-caixa-conversao 1.0.0,35,ok
178691,per178691_1914_10829,1,0,0,,,triagem/nome-caixa-conversao 1.0.0,35,ok
178691,per178691_1914_10829,2,0,0,,,triagem/nome-caixa-conversao 1.0.0,35,ok
178691,per178691_1914_10829,3,0,0,,,triagem/nome-caixa-conversao 1.0.0,35,ok
178691,per178691_1914_10829,4,0,0,,,triagem/nome-caixa-conversao 1.0.0,35,ok
178691,per178691_1914_10829,5,0,0,,,triagem/nome-caixa-conversao 1.0.0,35,ok
178691,per178691_1914_10829,6,0,0,,,triagem/nome-caixa-conversao 1.0.0,35,ok
178691,per178691_1914_10829,7,0,0,,,triagem/nome-caixa-conversao 1.0.0,35,ok
178691,per178691_1914_10829,8,0,0,,,triagem/nome-caixa-conversao 1.0.0,35,ok
178691,per178691_1914_10829,9,0,0,,,triagem/nome-caixa-conversao 1.0.0,35,ok
178691,per178691_1914_10829,10,0,0,,,triagem/nome-caixa-conversao 1.0.0,35,ok
178691,per178691_1914_10829,11,0,0,,,triagem/nome-caixa-conversao 1.0.0,35,ok
178691,per178691_1914_10829,12,0,0,,,triagem/nome-caixa-conversao 1.0.0,35,ok
178691,per178691_1914_10830,1,0,0,,,triagem/nome-caixa-conversao 1.0.0,35,ok
178691,per178691_1914_10830,2,0,0,,,triagem/nome-caixa-conversao 1.0.0,35,ok
178691,per178691_1914_10830,3,0,0,,,triagem/nome-caixa-conversao 1.0.0,35,ok
178691,per178691_1914_10830,4,0,0,,,triagem/nome-caixa-conversao 1.0.0,35,ok
178691,per178691_1914_10830,5,0,0,,,triagem/nome-caixa-conversao 1.0.0,35,ok
178691,per178691_1914_10830,6,0,0,,,triagem/nome-caixa-conversao 1.0.0,35,ok
178691,per178691_1914_10830,7,0,0,,,triagem/nome-caixa-conversao 1.0.0,35,ok
178691,per178691_1914_10830,8,0,0,,,triagem/nome-caixa-conversao 1.0.0,35,ok
178691,per178691_1914_10830,9,0,0,,,triagem/nome-caixa-conversao 1.0.0,35,ok
178691,per178691_1914_10830,10,0,0,,,triagem/nome-caixa-conversao 1.0.0,35,ok
178691,per178691_1914_10830,11,0,0,,,triagem/nome-caixa-conversao 1.0.0,35,ok
178691,per178691_1914_10830,12,0,0,,,triagem/nome-caixa-conversao 1.0.0,35,ok
178691,per178691_1914_10830,13,0,0,,,triagem/nome-caixa-conversao 1.0.0,35,ok
178691,per178691_1914_10830,14,0,0,,,triagem/nome-caixa-conversao 1.0.0,35,ok
178691,per178691_1914_10830,15,0,0,,,triagem/nome-caixa-conversao 1.0.0,35,ok
178691,per178691_1914_10830,16,0,0,,,triagem/nome-caixa-conversao 1.0.0,35,ok
178691,per178691_1914_10831,1,1,1,caixa de conver,20655,triagem/nome-caixa-conversao 1.0.0,35,ok
178691,per178691_1914_10831,2,1,1,caixa de conver,195,triagem/nome-caixa-conversao 1.0.0,35,ok
178691,per178691_1914_10831,3,0,0,,,triagem/nome-caixa-conversao 1.0.0,35,ok
178691,per178691_1914_10831,4,0,0,,,triagem/nome-caixa-conversao 1.0.0,35,ok
178691,per178691_1914_10831,5,0,0,,,triagem/nome-caixa-conversao 1.0.0,35,ok
178691,per178691_1914_10831,6,0,0,,,triagem/nome-caixa-conversao 1.0.0,35,ok
178691,per178691_1914_10831,7,0,0,,,triagem/nome-caixa-conversao 1.0.0,35,ok
178691,per178691_1914_10831,8,0,0,,,triagem/nome-caixa-conversao 1.0.0,35,ok
178691,per178691_1914_10831,9,0,0,,,triagem/nome-caixa-conversao 1.0.0,35,ok
178691,per178691_1914_10831,10,0,0,,,triagem/nome-caixa-conversao 1.0.0,35,ok
178691,per178691_1914_10831,11,0,0,,,triagem/nome-caixa-conversao 1.0.0,35,ok
178691,per178691_1914_10831,12,0,0,,,triagem/nome-caixa-conversao 1.0.0,35,ok
178691,per178691_1914_10831,13,0,0,,,triagem/nome-caixa-conversao 1.0.0,35,ok
178691,per178691_1914_10831,14,0,0,,,triagem/nome-caixa-conversao 1.0.0,35,ok
178691,per178691_1914_10831,15,0,0,,,triagem/nome-caixa-conversao 1.0.0,35,ok
178691,per178691_1914_10831,16,0,0,,,triagem/nome-caixa-conversao 1.0.0,35,ok
178691,per178691_1914_10832,1,1,2,caixa de conver,20167,triagem/nome-caixa-conversao 1.0.0,35,ok
178691,per178691_1914_10832,2,0,0,,,triagem/nome-caixa-conversao 1.0.0,35,ok
178691,per178691_1914_10832,3,0,0,,,triagem/nome-caixa-conversao 1.0.0,35,ok
178691,per178691_1914_10832,4,0,0,,,triagem/nome-caixa-conversao 1.0.0,35,ok
178691,per178691_1914_10832,5,0,0,,,triagem/nome-caixa-conversao 1.0.0,35,ok
178691,per178691_1914_10832,6,0,0,,,triagem/nome-caixa-conversao 1.0.0,35,ok
178691,per178691_1914_10832,7,0,0,,,triagem/nome-caixa-conversao 1.0.0,35,ok
178691,per178691_1914_10832,8,0,0,,,triagem/nome-caixa-conversao 1.0.0,35,ok
178691,per178691_1914_10832,9,0,0,,,triagem/nome-caixa-conversao 1.0.0,35,ok
178691,per178691_1914_10832,10,0,0,,,triagem/nome-caixa-conversao 1.0.0,35,ok
178691,per178691_1914_10832,11,0,0,,,triagem/nome-caixa-conversao 1.0.0,35,ok
178691,per178691_1914_10832,12,0,0,,,triagem/nome-caixa-conversao 1.0.0,35,ok
178691,per178691_1914_10833,1,1,1,caixa de conver,21906,triagem/nome-caixa-conversao 1.0.0,35,ok
178691,per178691_1914_10833,2,0,0,,,triagem/nome-caixa-conversao 1.0.0,35,ok
178691,per178691_1914_10833,3,0,0,,,triagem/nome-caixa-conversao 1.0.0,35,ok
178691,per178691_1914_10833,4,0,0,,,triagem/nome-caixa-conversao 1.0.0,35,ok
178691,per178691_1914_10833,5,0,0,,,triagem/nome-caixa-conversao 1.0.0,35,ok
178691,per178691_1914_10833,6,0,0,,,triagem/nome-caixa-conversao 1.0.0,35,ok
178691,per178691_1914_10833,7,0,0,,,triagem/nome-caixa-conversao 1.0.0,35,ok
178691,per178691_1914_10833,8,0,0,,,triagem/nome-caixa-conversao 1.0.0,35,ok
178691,per178691_1914_10833,9,0,0,,,triagem/nome-caixa-conversao 1.0.0,35,ok
178691,per178691_1914_10833,10,0,0,,,triagem/nome-caixa-conversao 1.0.0,35,ok
178691,per178691_1914_10833,11,0,0,,,triagem/nome-caixa-conversao 1.0.0,35,ok
178691,per178691_1914_10833,12,0,0,,,triagem/nome-caixa-conversao 1.0.0,35,ok
178691,per178691_1914_10834,1,0,0,,,triagem/nome-caixa-conversao 1.0.0,35,ok
178691,per178691_1914_10834,2,0,0,,,triagem/nome-caixa-conversao 1.0.0,35,ok
178691,per178691_1914_10834,3,0,0,,,triagem/nome-caixa-conversao 1.0.0,35,ok
178691,per178691_1914_10834,4,0,0,,,triagem/nome-caixa-conversao 1.0.0,35,ok
178691,per178691_1914_10834,5,0,0,,,triagem/nome-caixa-conversao 1.0.0,35,ok
178691,per178691_1914_10834,6,0,0,,,triagem/nome-caixa-conversao 1.0.0,35,ok
178691,per178691_1914_10834,7,0,0,,,triagem/nome-caixa-conversao 1.0.0,35,ok
178691,per178691_1914_10834,8,1,1,caixade conver,44109,triagem/nome-caixa-conversao 1.0.0,35,ok
178691,per178691_1914_10834,9,0,0,,,triagem/nome-caixa-conversao 1.0.0,35,ok
178691,per178691_1914_10834,10,0,0,,,triagem/nome-caixa-conversao 1.0.0,35,ok
178691,per178691_1914_10834,11,0,0,,,triagem/nome-caixa-conversao 1.0.0,35,ok
178691,per178691_1914_10834,12,0,0,,,triagem/nome-caixa-conversao 1.0.0,35,ok
178691,per178691_1914_10834,13,0,0,,,triagem/nome-caixa-conversao 1.0.0,35,ok
178691,per178691_1914_10834,14,0,0,,,triagem/nome-caixa-conversao 1.0.0,35,ok
178691,per178691_1914_10834,15,0,0,,,triagem/nome-caixa-conversao 1.0.0,35,ok
178691,per178691_1914_10834,16,0,0,,,triagem/nome-caixa-conversao 1.0.0,35,ok
178691,per178691_1914_10835,1,0,0,,,triagem/nome-caixa-conversao 1.0.0,35,ok
178691,per178691_1914_10835,2,0,0,,,triagem/nome-caixa-conversao 1.0.0,35,ok
178691,per178691_1914_10835,3,0,0,,,triagem/nome-caixa-conversao 1.0.0,35,ok
178691,per178691_1914_10835,4,0,0,,,triagem/nome-caixa-conversao 1.0.0,35,ok
178691,per178691_1914_10835,5,0,0,,,triagem/nome-caixa-conversao 1.0.0,35,ok
178691,per178691_1914_10835,6,0,0,,,triagem/nome-caixa-conversao 1.0.0,35,ok
178691,per178691_1914_10835,7,0,0,,,triagem/nome-caixa-conversao 1.0.0,35,ok
178691,per178691_1914_10835,8,0,0,,,triagem/nome-caixa-conversao 1.0.0,35,ok
178691,per178691_1914_10835,9,0,0,,,triagem/nome-caixa-conversao 1.0.0,35,ok
178691,per178691_1914_10835,10,0,0,,,triagem/nome-caixa-conversao 1.0.0,35,ok
178691,per178691_1914_10835,11,0,0,,,triagem/nome-caixa-conversao 1.0.0,35,ok
178691,per178691_1914_10835,12,0,0,,,triagem/nome-caixa-conversao 1.0.0,35,ok
178691,per178691_1914_10835,13,0,0,,,triagem/nome-caixa-conversao 1.0.0,35,ok
178691,per178691_1914_10835,14,0,0,,,triagem/nome-caixa-conversao 1.0.0,35,ok
178691,per178691_1914_10835,15,0,0,,,triagem/nome-caixa-conversao 1.0.0,35,ok
178691,per178691_1914_10835,16,0,0,,,triagem/nome-caixa-conversao 1.0.0,35,ok
178691,per178691_1914_10836,1,0,0,,,triagem/nome-caixa-conversao 1.0.0,35,ok
178691,per178691_1914_10836,2,0,0,,,triagem/nome-caixa-conversao 1.0.0,35,ok
178691,per178691_1914_10836,3,0,0,,,triagem/nome-caixa-conversao 1.0.0,35,ok
178691,per178691_1914_10836,4,0,0,,,triagem/nome-caixa-conversao 1.0.0,35,ok
178691,per178691_1914_10836,5,0,0,,,triagem/nome-caixa-conversao 1.0.0,35,ok
178691,per178691_1914_10836,6,0,0,,,triagem/nome-caixa-conversao 1.0.0,35,ok
178691,per178691_1914_10836,7,0,0,,,triagem/nome-caixa-conversao 1.0.0,35,ok
178691,per178691_1914_10836,8,0,0,,,triagem/nome-caixa-conversao 1.0.0,35,ok
178691,per178691_1914_10836,9,0,0,,,triagem/nome-caixa-conversao 1.0.0,35,ok
178691,per178691_1914_10836,10,0,0,,,triagem/nome-caixa-conversao 1.0.0,35,ok
178691,per178691_1914_10836,11,0,0,,,triagem/nome-caixa-conversao 1.0.0,35,ok
178691,per178691_1914_10836,12,0,0,,,triagem/nome-caixa-conversao 1.0.0,35,ok
178691,per178691_1914_10837,1,0,0,,,triagem/nome-caixa-conversao 1.0.0,35,ok
178691,per178691_1914_10837,2,0,0,,,triagem/nome-caixa-conversao 1.0.0,35,ok
178691,per178691_1914_10837,3,0,0,,,triagem/nome-caixa-conversao 1.0.0,35,ok
178691,per178691_1914_10837,4,0,0,,,triagem/nome-caixa-conversao 1.0.0,35,ok
178691,per178691_1914_10837,5,0,0,,,triagem/nome-caixa-conversao 1.0.0,35,ok
178691,per178691_1914_10837,6,0,0,,,triagem/nome-caixa-conversao 1.0.0,35,ok
178691,per178691_1914_10837,7,0,0,,,triagem/nome-caixa-conversao 1.0.0,35,ok
178691,per178691_1914_10837,8,0,0,,,triagem/nome-caixa-conversao 1.0.0,35,ok
178691,per178691_1914_10837,9,0,0,,,triagem/nome-caixa-conversao 1.0.0,35,ok
178691,per178691_1914_10837,10,0,0,,,triagem/nome-caixa-conversao 1.0.0,35,ok
178691,per178691_1914_10837,11,1,1,caixa de conver,29405,triagem/nome-caixa-conversao 1.0.0,35,ok
178691,per178691_1914_10837,12,0,0,,,triagem/nome-caixa-conversao 1.0.0,35,ok
178691,per178691_1914_10837,13,0,0,,,triagem/nome-caixa-conversao 1.0.0,35,ok
178691,per178691_1914_10837,14,0,0,,,triagem/nome-caixa-conversao 1.0.0,35,ok
178691,per178691_1914_10837,15,0,0,,,triagem/nome-caixa-conversao 1.0.0,35,ok
178691,per178691_1914_10837,16,0,0,,,triagem/nome-caixa-conversao 1.0.0,35,ok
178691,per178691_1914_10838,1,1,1,caixa de conver,32294,triagem/nome-caixa-conversao 1.0.0,35,ok
178691,per178691_1914_10838,2,1,2,caixa de conver,2080,triagem/nome-caixa-conversao 1.0.0,35,ok
178691,per178691_1914_10838,3,0,0,,,triagem/nome-caixa-conversao 1.0.0,35,ok
178691,per178691_1914_10838,4,0,0,,,triagem/nome-caixa-conversao 1.0.0,35,ok
178691,per178691_1914_10838,5,0,0,,,triagem/nome-caixa-conversao 1.0.0,35,ok
178691,per178691_1914_10838,6,0,0,,,triagem/nome-caixa-conversao 1.0.0,35,ok
178691,per178691_1914_10838,7,0,0,,,triagem/nome-caixa-conversao 1.0.0,35,ok
178691,per178691_1914_10838,8,1,1,caixa deconver,20032,triagem/nome-caixa-conversao 1.0.0,35,ok
178691,per178691_1914_10838,9,0,0,,,triagem/nome-caixa-conversao 1.0.0,35,ok
178691,per178691_1914_10838,10,0,0,,,triagem/nome-caixa-conversao 1.0.0,35,ok
178691,per178691_1914_10838,11,0,0,,,triagem/nome-caixa-conversao 1.0.0,35,ok
178691,per178691_1914_10838,12,0,0,,,triagem/nome-caixa-conversao 1.0.0,35,ok
178691,per178691_1914_10838,13,0,0,,,triagem/nome-caixa-conversao 1.0.0,35,ok
178691,per178691_1914_10838,14,0,0,,,triagem/nome-caixa-conversao 1.0.0,35,ok
178691,per178691_1914_10838,15,0,0,,,triagem/nome-caixa-conversao 1.0.0,35,ok
178691,per178691_1914_10838,16,0,0,,,triagem/nome-caixa-conversao 1.0.0,35,ok
178691,per178691_1914_10839,1,0,0,,,triagem/nome-caixa-conversao 1.0.0,35,ok
178691,per178691_1914_10839,2,0,0,,,triagem/nome-caixa-conversao 1.0.0,35,ok
178691,per178691_1914_10839,3,0,0,,,triagem/nome-caixa-conversao 1.0.0,35,ok
178691,per178691_1914_10839,4,0,0,,,triagem/nome-caixa-conversao 1.0.0,35,ok
178691,per178691_1914_10839,5,0,0,,,triagem/nome-caixa-conversao 1.0.0,35,ok
178691,per178691_1914_10839,6,0,0,,,triagem/nome-caixa-conversao 1.0.0,35,ok
178691,per178691_1914_10839,7,0,0,,,triagem/nome-caixa-conversao 1.0.0,35,ok
178691,per178691_1914_10839,8,0,0,,,triagem/nome-caixa-conversao 1.0.0,35,ok
178691,per178691_1914_10839,9,0,0,,,triagem/nome-caixa-conversao 1.0.0,35,ok
178691,per178691_1914_10839,10,0,0,,,triagem/nome-caixa-conversao 1.0.0,35,ok
178691,per178691_1914_10839,11,0,0,,,triagem/nome-caixa-conversao 1.0.0,35,ok
178691,per178691_1914_10839,12,0,0,,,triagem/nome-caixa-conversao 1.0.0,35,ok
178691,per178691_1914_10840,1,1,1,caixa de conver,23577,triagem/nome-caixa-conversao 1.0.0,35,ok
178691,per178691_1914_10840,2,0,0,,,triagem/nome-caixa-conversao 1.0.0,35,ok
178691,per178691_1914_10840,3,0,0,,,triagem/nome-caixa-conversao 1.0.0,35,ok
178691,per178691_1914_10840,4,0,0,,,triagem/nome-caixa-conversao 1.0.0,35,ok
178691,per178691_1914_10840,5,0,0,,,triagem/nome-caixa-conversao 1.0.0,35,ok
178691,per178691_1914_10840,6,0,0,,,triagem/nome-caixa-conversao 1.0.0,35,ok
178691,per178691_1914_10840,7,0,0,,,triagem/nome-caixa-conversao 1.0.0,35,ok
178691,per178691_1914_10840,8,0,0,,,triagem/nome-caixa-conversao 1.0.0,35,ok
178691,per178691_1914_10840,9,0,0,,,triagem/nome-caixa-conversao 1.0.0,35,ok
178691,per178691_1914_10840,10,0,0,,,triagem/nome-caixa-conversao 1.0.0,35,ok
178691,per178691_1914_10840,11,0,0,,,triagem/nome-caixa-conversao 1.0.0,35,ok
178691,per178691_1914_10840,12,0,0,,,triagem/nome-caixa-conversao 1.0.0,35,ok
178691,per178691_1914_10840,13,0,0,,,triagem/nome-caixa-conversao 1.0.0,35,ok
178691,per178691_1914_10840,14,0,0,,,triagem/nome-caixa-conversao 1.0.0,35,ok
178691,per178691_1914_10840,15,0,0,,,triagem/nome-caixa-conversao 1.0.0,35,ok
178691,per178691_1914_10840,16,0,0,,,triagem/nome-caixa-conversao 1.0.0,35,ok
178691,per178691_1914_10841,1,0,0,,,triagem/nome-caixa-conversao 1.0.0,35,ok
178691,per178691_1914_10841,2,0,0,,,triagem/nome-caixa-conversao 1.0.0,35,ok
178691,per178691_1914_10841,3,0,0,,,triagem/nome-caixa-conversao 1.0.0,35,ok
178691,per178691_1914_10841,4,0,0,,,triagem/nome-caixa-conversao 1.0.0,35,ok
178691,per178691_1914_10841,5,0,0,,,triagem/nome-caixa-conversao 1.0.0,35,ok
178691,per178691_1914_10841,6,0,0,,,triagem/nome-caixa-conversao 1.0.0,35,ok
178691,per178691_1914_10841,7,0,0,,,triagem/nome-caixa-conversao 1.0.0,35,ok
178691,per178691_1914_10841,8,1,1,caixade conver,42135,triagem/nome-caixa-conversao 1.0.0,35,ok
178691,per178691_1914_10841,9,0,0,,,triagem/nome-caixa-conversao 1.0.0,35,ok
178691,per178691_1914_10841,10,0,0,,,triagem/nome-caixa-conversao 1.0.0,35,ok
178691,per178691_1914_10841,11,0,0,,,triagem/nome-caixa-conversao 1.0.0,35,ok
178691,per178691_1914_10841,12,0,0,,,triagem/nome-caixa-conversao 1.0.0,35,ok
178691,per178691_1914_10841,13,0,0,,,triagem/nome-caixa-conversao 1.0.0,35,ok
178691,per178691_1914_10841,14,0,0,,,triagem/nome-caixa-conversao 1.0.0,35,ok
178691,per178691_1914_10841,15,0,0,,,triagem/nome-caixa-conversao 1.0.0,35,ok
178691,per178691_1914_10841,16,0,0,,,triagem/nome-caixa-conversao 1.0.0,35,ok
178691,per178691_1914_10842,1,0,0,,,triagem/nome-caixa-conversao 1.0.0,35,ok
178691,per178691_1914_10842,2,0,0,,,triagem/nome-caixa-conversao 1.0.0,35,ok
178691,per178691_1914_10842,3,0,0,,,triagem/nome-caixa-conversao 1.0.0,35,ok
178691,per178691_1914_10842,4,0,0,,,triagem/nome-caixa-conversao 1.0.0,35,ok
178691,per178691_1914_10842,5,0,0,,,triagem/nome-caixa-conversao 1.0.0,35,ok
178691,per178691_1914_10842,6,0,0,,,triagem/nome-caixa-conversao 1.0.0,35,ok
178691,per178691_1914_10842,7,0,0,,,triagem/nome-caixa-conversao 1.0.0,35,ok
178691,per178691_1914_10842,8,0,0,,,triagem/nome-caixa-conversao 1.0.0,35,ok
178691,per178691_1914_10842,9,0,0,,,triagem/nome-caixa-conversao 1.0.0,35,ok
178691,per178691_1914_10842,10,0,0,,,triagem/nome-caixa-conversao 1.0.0,35,ok
178691,per178691_1914_10842,11,0,0,,,triagem/nome-caixa-conversao 1.0.0,35,ok
178691,per178691_1914_10842,12,0,0,,,triagem/nome-caixa-conversao 1.0.0,35,ok
178691,per178691_1914_10842,13,0,0,,,triagem/nome-caixa-conversao 1.0.0,35,ok
178691,per178691_1914_10842,14,0,0,,,triagem/nome-caixa-conversao 1.0.0,35,ok
178691,per178691_1914_10842,15,0,0,,,triagem/nome-caixa-conversao 1.0.0,35,ok
178691,per178691_1914_10842,16,0,0,,,triagem/nome-caixa-conversao 1.0.0,35,ok
178691,per178691_1914_10842,17,0,0,,,triagem/nome-caixa-conversao 1.0.0,35,ok
178691,per178691_1914_10842,18,0,0,,,triagem/nome-caixa-conversao 1.0.0,35,ok
178691,per178691_1914_10842,19,0,0,,,triagem/nome-caixa-conversao 1.0.0,35,ok
178691,per178691_1914_10842,20,0,0,,,triagem/nome-caixa-conversao 1.0.0,35,ok
178691,per178691_1914_10843,1,0,0,,,triagem/nome-caixa-conversao 1.0.0,35,ok
178691,per178691_1914_10843,2,0,0,,,triagem/nome-caixa-conversao 1.0.0,35,ok
178691,per178691_1914_10843,3,0,0,,,triagem/nome-caixa-conversao 1.0.0,35,ok
178691,per178691_1914_10843,4,0,0,,,triagem/nome-caixa-conversao 1.0.0,35,ok
178691,per178691_1914_10843,5,0,0,,,triagem/nome-caixa-conversao 1.0.0,35,ok
178691,per178691_1914_10843,6,0,0,,,triagem/nome-caixa-conversao 1.0.0,35,ok
178691,per178691_1914_10843,7,0,0,,,triagem/nome-caixa-conversao 1.0.0,35,ok
178691,per178691_1914_10843,8,0,0,,,triagem/nome-caixa-conversao 1.0.0,35,ok
178691,per178691_1914_10843,9,0,0,,,triagem/nome-caixa-conversao 1.0.0,35,ok
178691,per178691_1914_10843,10,0,0,,,triagem/nome-caixa-conversao 1.0.0,35,ok
178691,per178691_1914_10843,11,0,0,,,triagem/nome-caixa-conversao 1.0.0,35,ok
178691,per178691_1914_10843,12,0,0,,,triagem/nome-caixa-conversao 1.0.0,35,ok
178691,per178691_1914_10844,1,0,0,,,triagem/nome-caixa-conversao 1.0.0,35,ok
178691,per178691_1914_10844,2,0,0,,,triagem/nome-caixa-conversao 1.0.0,35,ok
178691,per178691_1914_10844,3,0,0,,,triagem/nome-caixa-conversao 1.0.0,35,ok
178691,per178691_1914_10844,4,0,0,,,triagem/nome-caixa-conversao 1.0.0,35,ok
178691,per178691_1914_10844,5,0,0,,,triagem/nome-caixa-conversao 1.0.0,35,ok
178691,per178691_1914_10844,6,1,2,caixa do conver,12907,triagem/nome-caixa-conversao 1.0.0,35,ok
178691,per178691_1914_10844,7,0,0,,,triagem/nome-caixa-conversao 1.0.0,35,ok
178691,per178691_1914_10844,8,1,1,caixa daconver,3756,triagem/nome-caixa-conversao 1.0.0,35,ok
178691,per178691_1914_10844,9,0,0,,,triagem/nome-caixa-conversao 1.0.0,35,ok
178691,per178691_1914_10844,10,0,0,,,triagem/nome-caixa-conversao 1.0.0,35,ok
178691,per178691_1914_10844,11,0,0,,,triagem/nome-caixa-conversao 1.0.0,35,ok
178691,per178691_1914_10844,12,0,0,,,triagem/nome-caixa-conversao 1.0.0,35,ok
178691,per178691_1914_10844,13,0,0,,,triagem/nome-caixa-conversao 1.0.0,35,ok
178691,per178691_1914_10844,14,0,0,,,triagem/nome-caixa-conversao 1.0.0,35,ok
178691,per178691_1914_10844,15,0,0,,,triagem/nome-caixa-conversao 1.0.0,35,ok
178691,per178691_1914_10844,16,0,0,,,triagem/nome-caixa-conversao 1.0.0,35,ok
178691,per178691_1914_10845,1,0,0,,,triagem/nome-caixa-conversao 1.0.0,35,ok
178691,per178691_1914_10845,2,0,0,,,triagem/nome-caixa-conversao 1.0.0,35,ok
178691,per178691_1914_10845,3,0,0,,,triagem/nome-caixa-conversao 1.0.0,35,ok
178691,per178691_1914_10845,4,0,0,,,triagem/nome-caixa-conversao 1.0.0,35,ok
178691,per178691_1914_10845,5,0,0,,,triagem/nome-caixa-conversao 1.0.0,35,ok
178691,per178691_1914_10845,6,0,0,,,triagem/nome-caixa-conversao 1.0.0,35,ok
178691,per178691_1914_10845,7,0,0,,,triagem/nome-caixa-conversao 1.0.0,35,ok
178691,per178691_1914_10845,8,0,0,,,triagem/nome-caixa-conversao 1.0.0,35,ok
178691,per178691_1914_10845,9,0,0,,,triagem/nome-caixa-conversao 1.0.0,35,ok
178691,per178691_1914_10845,10,0,0,,,triagem/nome-caixa-conversao 1.0.0,35,ok
178691,per178691_1914_10845,11,0,0,,,triagem/nome-caixa-conversao 1.0.0,35,ok
178691,per178691_1914_10845,12,0,0,,,triagem/nome-caixa-conversao 1.0.0,35,ok
178691,per178691_1914_10845,13,0,0,,,triagem/nome-caixa-conversao 1.0.0,35,ok
178691,per178691_1914_10845,14,0,0,,,triagem/nome-caixa-conversao 1.0.0,35,ok
178691,per178691_1914_10845,15,0,0,,,triagem/nome-caixa-conversao 1.0.0,35,ok
178691,per178691_1914_10845,16,0,0,,,triagem/nome-caixa-conversao 1.0.0,35,ok
178691,per178691_1914_10846,1,0,0,,,triagem/nome-caixa-conversao 1.0.0,35,ok
178691,per178691_1914_10846,2,0,0,,,triagem/nome-caixa-conversao 1.0.0,35,ok
178691,per178691_1914_10846,3,0,0,,,triagem/nome-caixa-conversao 1.0.0,35,ok
178691,per178691_1914_10846,4,0,0,,,triagem/nome-caixa-conversao 1.0.0,35,ok
178691,per178691_1914_10846,5,0,0,,,triagem/nome-caixa-conversao 1.0.0,35,ok
178691,per178691_1914_10846,6,0,0,,,triagem/nome-caixa-conversao 1.0.0,35,ok
178691,per178691_1914_10846,7,1,1,caixa de conver,13781,triagem/nome-caixa-conversao 1.0.0,35,ok
178691,per178691_1914_10846,8,0,0,,,triagem/nome-caixa-conversao 1.0.0,35,ok
178691,per178691_1914_10846,9,0,0,,,triagem/nome-caixa-conversao 1.0.0,35,ok
178691,per178691_1914_10846,10,0,0,,,triagem/nome-caixa-conversao 1.0.0,35,ok
178691,per178691_1914_10846,11,0,0,,,triagem/nome-caixa-conversao 1.0.0,35,ok
178691,per178691_1914_10846,12,0,0,,,triagem/nome-caixa-conversao 1.0.0,35,ok
178691,per178691_1914_10846,13,0,0,,,triagem/nome-caixa-conversao 1.0.0,35,ok
178691,per178691_1914_10846,14,0,0,,,triagem/nome-caixa-conversao 1.0.0,35,ok
178691,per178691_1914_10847,1,0,0,,,triagem/nome-caixa-conversao 1.0.0,35,ok
178691,per178691_1914_10847,2,0,0,,,triagem/nome-caixa-conversao 1.0.0,35,ok
178691,per178691_1914_10847,3,0,0,,,triagem/nome-caixa-conversao 1.0.0,35,ok
178691,per178691_1914_10847,4,0,0,,,triagem/nome-caixa-conversao 1.0.0,35,ok
178691,per178691_1914_10847,5,0,0,,,triagem/nome-caixa-conversao 1.0.0,35,ok
178691,per178691_1914_10847,6,0,0,,,triagem/nome-caixa-conversao 1.0.0,35,ok
178691,per178691_1914_10847,7,0,0,,,triagem/nome-caixa-conversao 1.0.0,35,ok
178691,per178691_1914_10847,8,0,0,,,triagem/nome-caixa-conversao 1.0.0,35,ok
178691,per178691_1914_10847,9,0,0,,,triagem/nome-caixa-conversao 1.0.0,35,ok
178691,per178691_1914_10847,10,0,0,,,triagem/nome-caixa-conversao 1.0.0,35,ok
178691,per178691_1914_10847,11,0,0,,,triagem/nome-caixa-conversao 1.0.0,35,ok
178691,per178691_1914_10847,12,0,0,,,triagem/nome-caixa-conversao 1.0.0,35,ok
178691,per178691_1914_10847,13,0,0,,,triagem/nome-caixa-conversao 1.0.0,35,ok
178691,per178691_1914_10847,14,0,0,,,triagem/nome-caixa-conversao 1.0.0,35,ok
178691,per178691_1914_10848,1,0,0,,,triagem/nome-caixa-conversao 1.0.0,35,ok
178691,per178691_1914_10848,2,0,0,,,triagem/nome-caixa-conversao 1.0.0,35,ok
178691,per178691_1914_10848,3,0,0,,,triagem/nome-caixa-conversao 1.0.0,35,ok
178691,per178691_1914_10848,4,0,0,,,triagem/nome-caixa-conversao 1.0.0,35,ok
178691,per178691_1914_10848,5,0,0,,,triagem/nome-caixa-conversao 1.0.0,35,ok
178691,per178691_1914_10848,6,0,0,,,triagem/nome-caixa-conversao 1.0.0,35,ok
178691,per178691_1914_10848,7,0,0,,,triagem/nome-caixa-conversao 1.0.0,35,ok
178691,per178691_1914_10848,8,0,0,,,triagem/nome-caixa-conversao 1.0.0,35,ok
178691,per178691_1914_10848,9,0,0,,,triagem/nome-caixa-conversao 1.0.0,35,ok
178691,per178691_1914_10848,10,0,0,,,triagem/nome-caixa-conversao 1.0.0,35,ok
178691,per178691_1914_10848,11,0,0,,,triagem/nome-caixa-conversao 1.0.0,35,ok
178691,per178691_1914_10848,12,0,0,,,triagem/nome-caixa-conversao 1.0.0,35,ok
178691,per178691_1914_10848,13,0,0,,,triagem/nome-caixa-conversao 1.0.0,35,ok
178691,per178691_1914_10848,14,0,0,,,triagem/nome-caixa-conversao 1.0.0,35,ok
178691,per178691_1914_10848,15,0,0,,,triagem/nome-caixa-conversao 1.0.0,35,ok
178691,per178691_1914_10848,16,0,0,,,triagem/nome-caixa-conversao 1.0.0,35,ok
178691,per178691_1914_10849,1,0,0,,,triagem/nome-caixa-conversao 1.0.0,35,ok
178691,per178691_1914_10849,2,0,0,,,triagem/nome-caixa-conversao 1.0.0,35,ok
178691,per178691_1914_10849,3,0,0,,,triagem/nome-caixa-conversao 1.0.0,35,ok
178691,per178691_1914_10849,4,0,0,,,triagem/nome-caixa-conversao 1.0.0,35,ok
178691,per178691_1914_10849,5,0,0,,,triagem/nome-caixa-conversao 1.0.0,35,ok
178691,per178691_1914_10849,6,0,0,,,triagem/nome-caixa-conversao 1.0.0,35,ok
178691,per178691_1914_10849,7,0,0,,,triagem/nome-caixa-conversao 1.0.0,35,ok
178691,per178691_1914_10849,8,0,0,,,triagem/nome-caixa-conversao 1.0.0,35,ok
178691,per178691_1914_10849,9,0,0,,,triagem/nome-caixa-conversao 1.0.0,35,ok
178691,per178691_1914_10849,10,0,0,,,triagem/nome-caixa-conversao 1.0.0,35,ok
178691,per178691_1914_10849,11,0,0,,,triagem/nome-caixa-conversao 1.0.0,35,ok
178691,per178691_1914_10849,12,0,0,,,triagem/nome-caixa-conversao 1.0.0,35,ok
178691,per178691_1914_10849,13,0,0,,,triagem/nome-caixa-conversao 1.0.0,35,ok
178691,per178691_1914_10849,14,0,0,,,triagem/nome-caixa-conversao 1.0.0,35,ok
178691,per178691_1914_10849,15,0,0,,,triagem/nome-caixa-conversao 1.0.0,35,ok
178691,per178691_1914_10849,16,0,0,,,triagem/nome-caixa-conversao 1.0.0,35,ok
178691,per178691_1914_10850,1,0,0,,,triagem/nome-caixa-conversao 1.0.0,35,ok
178691,per178691_1914_10850,2,0,0,,,triagem/nome-caixa-conversao 1.0.0,35,ok
178691,per178691_1914_10850,3,0,0,,,triagem/nome-caixa-conversao 1.0.0,35,ok
178691,per178691_1914_10850,4,0,0,,,triagem/nome-caixa-conversao 1.0.0,35,ok
178691,per178691_1914_10850,5,0,0,,,triagem/nome-caixa-conversao 1.0.0,35,ok
178691,per178691_1914_10850,6,0,0,,,triagem/nome-caixa-conversao 1.0.0,35,ok
178691,per178691_1914_10850,7,1,1,caixa deconver,8327,triagem/nome-caixa-conversao 1.0.0,35,ok
178691,per178691_1914_10850,8,0,0,,,triagem/nome-caixa-conversao 1.0.0,35,ok
178691,per178691_1914_10850,9,0,0,,,triagem/nome-caixa-conversao 1.0.0,35,ok
178691,per178691_1914_10850,10,0,0,,,triagem/nome-caixa-conversao 1.0.0,35,ok
178691,per178691_1914_10850,11,0,0,,,triagem/nome-caixa-conversao 1.0.0,35,ok
178691,per178691_1914_10850,12,0,0,,,triagem/nome-caixa-conversao 1.0.0,35,ok
178691,per178691_1914_10851,1,0,0,,,triagem/nome-caixa-conversao 1.0.0,35,ok
178691,per178691_1914_10851,2,0,0,,,triagem/nome-caixa-conversao 1.0.0,35,ok
178691,per178691_1914_10851,3,0,0,,,triagem/nome-caixa-conversao 1.0.0,35,ok
178691,per178691_1914_10851,4,0,0,,,triagem/nome-caixa-conversao 1.0.0,35,ok
178691,per178691_1914_10851,5,0,0,,,triagem/nome-caixa-conversao 1.0.0,35,ok
178691,per178691_1914_10851,6,0,0,,,triagem/nome-caixa-conversao 1.0.0,35,ok
178691,per178691_1914_10851,7,0,0,,,triagem/nome-caixa-conversao 1.0.0,35,ok
178691,per178691_1914_10851,8,0,0,,,triagem/nome-caixa-conversao 1.0.0,35,ok
178691,per178691_1914_10851,9,0,0,,,triagem/nome-caixa-conversao 1.0.0,35,ok
178691,per178691_1914_10851,10,0,0,,,triagem/nome-caixa-conversao 1.0.0,35,ok
178691,per178691_1914_10851,11,0,0,,,triagem/nome-caixa-conversao 1.0.0,35,ok
178691,per178691_1914_10851,12,0,0,,,triagem/nome-caixa-conversao 1.0.0,35,ok
178691,per178691_1914_10852,1,0,0,,,triagem/nome-caixa-conversao 1.0.0,35,ok
178691,per178691_1914_10852,2,0,0,,,triagem/nome-caixa-conversao 1.0.0,35,ok
178691,per178691_1914_10852,3,0,0,,,triagem/nome-caixa-conversao 1.0.0,35,ok
178691,per178691_1914_10852,4,0,0,,,triagem/nome-caixa-conversao 1.0.0,35,ok
178691,per178691_1914_10852,5,0,0,,,triagem/nome-caixa-conversao 1.0.0,35,ok
178691,per178691_1914_10852,6,0,0,,,triagem/nome-caixa-conversao 1.0.0,35,ok
178691,per178691_1914_10852,7,1,1,caixa deconver,22608,triagem/nome-caixa-conversao 1.0.0,35,ok
178691,per178691_1914_10852,8,0,0,,,triagem/nome-caixa-conversao 1.0.0,35,ok
178691,per178691_1914_10852,9,0,0,,,triagem/nome-caixa-conversao 1.0.0,35,ok
178691,per178691_1914_10852,10,0,0,,,triagem/nome-caixa-conversao 1.0.0,35,ok
178691,per178691_1914_10852,11,0,0,,,triagem/nome-caixa-conversao 1.0.0,35,ok
178691,per178691_1914_10852,12,0,0,,,triagem/nome-caixa-conversao 1.0.0,35,ok
178691,per178691_1914_10853,1,0,0,,,triagem/nome-caixa-conversao 1.0.0,35,ok
178691,per178691_1914_10853,2,0,0,,,triagem/nome-caixa-conversao 1.0.0,35,ok
178691,per178691_1914_10853,3,0,0,,,triagem/nome-caixa-conversao 1.0.0,35,ok
178691,per178691_1914_10853,4,0,0,,,triagem/nome-caixa-conversao 1.0.0,35,ok
178691,per178691_1914_10853,5,0,0,,,triagem/nome-caixa-conversao 1.0.0,35,ok
178691,per178691_1914_10853,6,0,0,,,triagem/nome-caixa-conversao 1.0.0,35,ok
178691,per178691_1914_10853,7,0,0,,,triagem/nome-caixa-conversao 1.0.0,35,ok
178691,per178691_1914_10853,8,0,0,,,triagem/nome-caixa-conversao 1.0.0,35,ok
178691,per178691_1914_10853,9,0,0,,,triagem/nome-caixa-conversao 1.0.0,35,ok
178691,per178691_1914_10853,10,0,0,,,triagem/nome-caixa-conversao 1.0.0,35,ok
178691,per178691_1914_10853,11,0,0,,,triagem/nome-caixa-conversao 1.0.0,35,ok
178691,per178691_1914_10853,12,0,0,,,triagem/nome-caixa-conversao 1.0.0,35,ok
178691,per178691_1914_10853,13,0,0,,,triagem/nome-caixa-conversao 1.0.0,35,ok
178691,per178691_1914_10853,14,0,0,,,triagem/nome-caixa-conversao 1.0.0,35,ok
178691,per178691_1914_10854,1,0,0,,,triagem/nome-caixa-conversao 1.0.0,35,ok
178691,per178691_1914_10854,2,0,0,,,triagem/nome-caixa-conversao 1.0.0,35,ok
178691,per178691_1914_10854,3,0,0,,,triagem/nome-caixa-conversao 1.0.0,35,ok
178691,per178691_1914_10854,4,0,0,,,triagem/nome-caixa-conversao 1.0.0,35,ok
178691,per178691_1914_10854,5,1,1,caixa de conver,15514,triagem/nome-caixa-conversao 1.0.0,35,ok
178691,per178691_1914_10854,6,0,0,,,triagem/nome-caixa-conversao 1.0.0,35,ok
178691,per178691_1914_10854,7,0,0,,,triagem/nome-caixa-conversao 1.0.0,35,ok
178691,per178691_1914_10854,8,0,0,,,triagem/nome-caixa-conversao 1.0.0,35,ok
178691,per178691_1914_10854,9,0,0,,,triagem/nome-caixa-conversao 1.0.0,35,ok
178691,per178691_1914_10854,10,0,0,,,triagem/nome-caixa-conversao 1.0.0,35,ok
178691,per178691_1914_10854,11,0,0,,,triagem/nome-caixa-conversao 1.0.0,35,ok
178691,per178691_1914_10854,12,0,0,,,triagem/nome-caixa-conversao 1.0.0,35,ok
178691,per178691_1914_10854,13,0,0,,,triagem/nome-caixa-conversao 1.0.0,35,ok
178691,per178691_1914_10854,14,0,0,,,triagem/nome-caixa-conversao 1.0.0,35,ok
178691,per178691_1914_10855,1,0,0,,,triagem/nome-caixa-conversao 1.0.0,35,ok
178691,per178691_1914_10855,2,0,0,,,triagem/nome-caixa-conversao 1.0.0,35,ok
178691,per178691_1914_10855,3,0,0,,,triagem/nome-caixa-conversao 1.0.0,35,ok
178691,per178691_1914_10855,4,0,0,,,triagem/nome-caixa-conversao 1.0.0,35,ok
178691,per178691_1914_10855,5,0,0,,,triagem/nome-caixa-conversao 1.0.0,35,ok
178691,per178691_1914_10855,6,0,0,,,triagem/nome-caixa-conversao 1.0.0,35,ok
178691,per178691_1914_10855,7,0,0,,,triagem/nome-caixa-conversao 1.0.0,35,ok
178691,per178691_1914_10855,8,0,0,,,triagem/nome-caixa-conversao 1.0.0,35,ok
178691,per178691_1914_10855,9,0,0,,,triagem/nome-caixa-conversao 1.0.0,35,ok
178691,per178691_1914_10855,10,0,0,,,triagem/nome-caixa-conversao 1.0.0,35,ok
178691,per178691_1914_10855,11,0,0,,,triagem/nome-caixa-conversao 1.0.0,35,ok
178691,per178691_1914_10855,12,0,0,,,triagem/nome-caixa-conversao 1.0.0,35,ok
178691,per178691_1914_10855,13,0,0,,,triagem/nome-caixa-conversao 1.0.0,35,ok
178691,per178691_1914_10855,14,0,0,,,triagem/nome-caixa-conversao 1.0.0,35,ok
178691,per178691_1914_10855,15,0,0,,,triagem/nome-caixa-conversao 1.0.0,35,ok
178691,per178691_1914_10855,16,0,0,,,triagem/nome-caixa-conversao 1.0.0,35,ok
178691,per178691_1914_10856,1,0,0,,,triagem/nome-caixa-conversao 1.0.0,35,ok
178691,per178691_1914_10856,2,0,0,,,triagem/nome-caixa-conversao 1.0.0,35,ok
178691,per178691_1914_10856,3,0,0,,,triagem/nome-caixa-conversao 1.0.0,35,ok
178691,per178691_1914_10856,4,0,0,,,triagem/nome-caixa-conversao 1.0.0,35,ok
178691,per178691_1914_10856,5,0,0,,,triagem/nome-caixa-conversao 1.0.0,35,ok
178691,per178691_1914_10856,6,0,0,,,triagem/nome-caixa-conversao 1.0.0,35,ok
178691,per178691_1914_10856,7,0,0,,,triagem/nome-caixa-conversao 1.0.0,35,ok
178691,per178691_1914_10856,8,0,0,,,triagem/nome-caixa-conversao 1.0.0,35,ok
178691,per178691_1914_10856,9,0,0,,,triagem/nome-caixa-conversao 1.0.0,35,ok
178691,per178691_1914_10856,10,0,0,,,triagem/nome-caixa-conversao 1.0.0,35,ok
178691,per178691_1914_10856,11,0,0,,,triagem/nome-caixa-conversao 1.0.0,35,ok
178691,per178691_1914_10856,12,0,0,,,triagem/nome-caixa-conversao 1.0.0,35,ok
178691,per178691_1914_10856,13,0,0,,,triagem/nome-caixa-conversao 1.0.0,35,ok
178691,per178691_1914_10856,14,0,0,,,triagem/nome-caixa-conversao 1.0.0,35,ok
178691,per178691_1914_10856,15,0,0,,,triagem/nome-caixa-conversao 1.0.0,35,ok
178691,per178691_1914_10856,16,0,0,,,triagem/nome-caixa-conversao 1.0.0,35,ok
178691,per178691_1914_10857,1,0,0,,,triagem/nome-caixa-conversao 1.0.0,35,ok
178691,per178691_1914_10857,2,0,0,,,triagem/nome-caixa-conversao 1.0.0,35,ok
178691,per178691_1914_10857,3,0,0,,,triagem/nome-caixa-conversao 1.0.0,35,ok
178691,per178691_1914_10857,4,0,0,,,triagem/nome-caixa-conversao 1.0.0,35,ok
178691,per178691_1914_10857,5,0,0,,,triagem/nome-caixa-conversao 1.0.0,35,ok
178691,per178691_1914_10857,6,0,0,,,triagem/nome-caixa-conversao 1.0.0,35,ok
178691,per178691_1914_10857,7,0,0,,,triagem/nome-caixa-conversao 1.0.0,35,ok
178691,per178691_1914_10857,8,0,0,,,triagem/nome-caixa-conversao 1.0.0,35,ok
178691,per178691_1914_10857,9,0,0,,,triagem/nome-caixa-conversao 1.0.0,35,ok
178691,per178691_1914_10857,10,0,0,,,triagem/nome-caixa-conversao 1.0.0,35,ok
178691,per178691_1914_10857,11,0,0,,,triagem/nome-caixa-conversao 1.0.0,35,ok
178691,per178691_1914_10857,12,0,0,,,triagem/nome-caixa-conversao 1.0.0,35,ok
178691,per178691_1914_10857,13,0,0,,,triagem/nome-caixa-conversao 1.0.0,35,ok
178691,per178691_1914_10857,14,0,0,,,triagem/nome-caixa-conversao 1.0.0,35,ok
178691,per178691_1914_10858,1,0,0,,,triagem/nome-caixa-conversao 1.0.0,35,ok
178691,per178691_1914_10858,2,0,0,,,triagem/nome-caixa-conversao 1.0.0,35,ok
178691,per178691_1914_10858,3,0,0,,,triagem/nome-caixa-conversao 1.0.0,35,ok
178691,per178691_1914_10858,4,0,0,,,triagem/nome-caixa-conversao 1.0.0,35,ok
178691,per178691_1914_10858,5,0,0,,,triagem/nome-caixa-conversao 1.0.0,35,ok
178691,per178691_1914_10858,6,0,0,,,triagem/nome-caixa-conversao 1.0.0,35,ok
178691,per178691_1914_10858,7,0,0,,,triagem/nome-caixa-conversao 1.0.0,35,ok
178691,per178691_1914_10858,8,0,0,,,triagem/nome-caixa-conversao 1.0.0,35,ok
178691,per178691_1914_10858,9,0,0,,,triagem/nome-caixa-conversao 1.0.0,35,ok
178691,per178691_1914_10858,10,0,0,,,triagem/nome-caixa-conversao 1.0.0,35,ok
178691,per178691_1914_10858,11,1,1,caixa deconver,26556,triagem/nome-caixa-conversao 1.0.0,35,ok
178691,per178691_1914_10858,12,0,0,,,triagem/nome-caixa-conversao 1.0.0,35,ok
178691,per178691_1914_10858,13,0,0,,,triagem/nome-caixa-conversao 1.0.0,35,ok
178691,per178691_1914_10858,14,0,0,,,triagem/nome-caixa-conversao 1.0.0,35,ok
178691,per178691_1914_10858,15,0,0,,,triagem/nome-caixa-conversao 1.0.0,35,ok
178691,per178691_1914_10858,16,0,0,,,triagem/nome-caixa-conversao 1.0.0,35,ok
178691,per178691_1914_10859,1,0,0,,,triagem/nome-caixa-conversao 1.0.0,35,ok
178691,per178691_1914_10859,2,0,0,,,triagem/nome-caixa-conversao 1.0.0,35,ok
178691,per178691_1914_10859,3,0,0,,,triagem/nome-caixa-conversao 1.0.0,35,ok
178691,per178691_1914_10859,4,0,0,,,triagem/nome-caixa-conversao 1.0.0,35,ok
178691,per178691_1914_10859,5,0,0,,,triagem/nome-caixa-conversao 1.0.0,35,ok
178691,per178691_1914_10859,6,0,0,,,triagem/nome-caixa-conversao 1.0.0,35,ok
178691,per178691_1914_10859,7,0,0,,,triagem/nome-caixa-conversao 1.0.0,35,ok
178691,per178691_1914_10859,8,0,0,,,triagem/nome-caixa-conversao 1.0.0,35,ok
178691,per178691_1914_10859,9,0,0,,,triagem/nome-caixa-conversao 1.0.0,35,ok
178691,per178691_1914_10859,10,0,0,,,triagem/nome-caixa-conversao 1.0.0,35,ok
178691,per178691_1914_10859,11,0,0,,,triagem/nome-caixa-conversao 1.0.0,35,ok
178691,per178691_1914_10859,12,1,1,caixa db conver,21302,triagem/nome-caixa-conversao 1.0.0,35,ok
178691,per178691_1914_10859,13,0,0,,,triagem/nome-caixa-conversao 1.0.0,35,ok
178691,per178691_1914_10859,14,0,0,,,triagem/nome-caixa-conversao 1.0.0,35,ok
178691,per178691_1914_10859,15,0,0,,,triagem/nome-caixa-conversao 1.0.0,35,ok
178691,per178691_1914_10859,16,0,0,,,triagem/nome-caixa-conversao 1.0.0,35,ok
178691,per178691_1914_10860,1,0,0,,,triagem/nome-caixa-conversao 1.0.0,35,ok
178691,per178691_1914_10860,2,0,0,,,triagem/nome-caixa-conversao 1.0.0,35,ok
178691,per178691_1914_10860,3,0,0,,,triagem/nome-caixa-conversao 1.0.0,35,ok
178691,per178691_1914_10860,4,0,0,,,triagem/nome-caixa-conversao 1.0.0,35,ok
178691,per178691_1914_10860,5,0,0,,,triagem/nome-caixa-conversao 1.0.0,35,ok
178691,per178691_1914_10860,6,0,0,,,triagem/nome-caixa-conversao 1.0.0,35,ok
178691,per178691_1914_10860,7,0,0,,,triagem/nome-caixa-conversao 1.0.0,35,ok
178691,per178691_1914_10860,8,0,0,,,triagem/nome-caixa-conversao 1.0.0,35,ok
178691,per178691_1914_10860,9,0,0,,,triagem/nome-caixa-conversao 1.0.0,35,ok
178691,per178691_1914_10860,10,0,0,,,triagem/nome-caixa-conversao 1.0.0,35,ok
178691,per178691_1914_10860,11,0,0,,,triagem/nome-caixa-conversao 1.0.0,35,ok
178691,per178691_1914_10860,12,0,0,,,triagem/nome-caixa-conversao 1.0.0,35,ok
178691,per178691_1914_10860,13,0,0,,,triagem/nome-caixa-conversao 1.0.0,35,ok
178691,per178691_1914_10860,14,0,0,,,triagem/nome-caixa-conversao 1.0.0,35,ok
178691,per178691_1914_10860,15,0,0,,,triagem/nome-caixa-conversao 1.0.0,35,ok
178691,per178691_1914_10860,16,0,0,,,triagem/nome-caixa-conversao 1.0.0,35,ok
178691,per178691_1914_10861,1,0,0,,,triagem/nome-caixa-conversao 1.0.0,35,ok
178691,per178691_1914_10861,2,0,0,,,triagem/nome-caixa-conversao 1.0.0,35,ok
178691,per178691_1914_10861,3,0,0,,,triagem/nome-caixa-conversao 1.0.0,35,ok
178691,per178691_1914_10861,4,1,1,caixa de conver,18840,triagem/nome-caixa-conversao 1.0.0,35,ok
178691,per178691_1914_10861,5,1,1,caixa deconver,16935,triagem/nome-caixa-conversao 1.0.0,35,ok
178691,per178691_1914_10861,6,1,1,caixa de conver,20004,triagem/nome-caixa-conversao 1.0.0,35,ok
178691,per178691_1914_10861,7,0,0,,,triagem/nome-caixa-conversao 1.0.0,35,ok
178691,per178691_1914_10861,8,0,0,,,triagem/nome-caixa-conversao 1.0.0,35,ok
178691,per178691_1914_10861,9,0,0,,,triagem/nome-caixa-conversao 1.0.0,35,ok
178691,per178691_1914_10861,10,0,0,,,triagem/nome-caixa-conversao 1.0.0,35,ok
178691,per178691_1914_10861,11,0,0,,,triagem/nome-caixa-conversao 1.0.0,35,ok
178691,per178691_1914_10861,12,0,0,,,triagem/nome-caixa-conversao 1.0.0,35,ok
178691,per178691_1914_10862,1,0,0,,,triagem/nome-caixa-conversao 1.0.0,35,ok
178691,per178691_1914_10862,2,0,0,,,triagem/nome-caixa-conversao 1.0.0,35,ok
178691,per178691_1914_10862,3,0,0,,,triagem/nome-caixa-conversao 1.0.0,35,ok
178691,per178691_1914_10862,4,0,0,,,triagem/nome-caixa-conversao 1.0.0,35,ok
178691,per178691_1914_10862,5,0,0,,,triagem/nome-caixa-conversao 1.0.0,35,ok
178691,per178691_1914_10862,6,0,0,,,triagem/nome-caixa-conversao 1.0.0,35,ok
178691,per178691_1914_10862,7,0,0,,,triagem/nome-caixa-conversao 1.0.0,35,ok
178691,per178691_1914_10862,8,0,0,,,triagem/nome-caixa-conversao 1.0.0,35,ok
178691,per178691_1914_10862,9,0,0,,,triagem/nome-caixa-conversao 1.0.0,35,ok
178691,per178691_1914_10862,10,0,0,,,triagem/nome-caixa-conversao 1.0.0,35,ok
178691,per178691_1914_10862,11,0,0,,,triagem/nome-caixa-conversao 1.0.0,35,ok
178691,per178691_1914_10862,12,0,0,,,triagem/nome-caixa-conversao 1.0.0,35,ok
178691,per178691_1914_10862,13,0,0,,,triagem/nome-caixa-conversao 1.0.0,35,ok
178691,per178691_1914_10862,14,0,0,,,triagem/nome-caixa-conversao 1.0.0,35,ok
178691,per178691_1914_10862,15,0,0,,,triagem/nome-caixa-conversao 1.0.0,35,ok
178691,per178691_1914_10862,16,0,0,,,triagem/nome-caixa-conversao 1.0.0,35,ok
178691,per178691_1914_10863,1,0,0,,,triagem/nome-caixa-conversao 1.0.0,35,ok
178691,per178691_1914_10863,2,0,0,,,triagem/nome-caixa-conversao 1.0.0,35,ok
178691,per178691_1914_10863,3,0,0,,,triagem/nome-caixa-conversao 1.0.0,35,ok
178691,per178691_1914_10863,4,0,0,,,triagem/nome-caixa-conversao 1.0.0,35,ok
178691,per178691_1914_10863,5,0,0,,,triagem/nome-caixa-conversao 1.0.0,35,ok
178691,per178691_1914_10863,6,0,0,,,triagem/nome-caixa-conversao 1.0.0,35,ok
178691,per178691_1914_10863,7,0,0,,,triagem/nome-caixa-conversao 1.0.0,35,ok
178691,per178691_1914_10863,8,0,0,,,triagem/nome-caixa-conversao 1.0.0,35,ok
178691,per178691_1914_10863,9,0,0,,,triagem/nome-caixa-conversao 1.0.0,35,ok
178691,per178691_1914_10863,10,0,0,,,triagem/nome-caixa-conversao 1.0.0,35,ok
178691,per178691_1914_10863,11,0,0,,,triagem/nome-caixa-conversao 1.0.0,35,ok
178691,per178691_1914_10863,12,0,0,,,triagem/nome-caixa-conversao 1.0.0,35,ok
178691,per178691_1914_10863,13,0,0,,,triagem/nome-caixa-conversao 1.0.0,35,ok
178691,per178691_1914_10863,14,0,0,,,triagem/nome-caixa-conversao 1.0.0,35,ok
178691,per178691_1914_10863,15,0,0,,,triagem/nome-caixa-conversao 1.0.0,35,ok
178691,per178691_1914_10863,16,0,0,,,triagem/nome-caixa-conversao 1.0.0,35,ok
178691,per178691_1914_10864,1,0,0,,,triagem/nome-caixa-conversao 1.0.0,35,ok
178691,per178691_1914_10864,2,0,0,,,triagem/nome-caixa-conversao 1.0.0,35,ok
178691,per178691_1914_10864,3,0,0,,,triagem/nome-caixa-conversao 1.0.0,35,ok
178691,per178691_1914_10864,4,0,0,,,triagem/nome-caixa-conversao 1.0.0,35,ok
178691,per178691_1914_10864,5,0,0,,,triagem/nome-caixa-conversao 1.0.0,35,ok
178691,per178691_1914_10864,6,0,0,,,triagem/nome-caixa-conversao 1.0.0,35,ok
178691,per178691_1914_10864,7,0,0,,,triagem/nome-caixa-conversao 1.0.0,35,ok
178691,per178691_1914_10864,8,0,0,,,triagem/nome-caixa-conversao 1.0.0,35,ok
178691,per178691_1914_10864,9,0,0,,,triagem/nome-caixa-conversao 1.0.0,35,ok
178691,per178691_1914_10864,10,0,0,,,triagem/nome-caixa-conversao 1.0.0,35,ok
178691,per178691_1914_10864,11,0,0,,,triagem/nome-caixa-conversao 1.0.0,35,ok
178691,per178691_1914_10864,12,0,0,,,triagem/nome-caixa-conversao 1.0.0,35,ok
178691,per178691_1914_10864,13,0,0,,,triagem/nome-caixa-conversao 1.0.0,35,ok
178691,per178691_1914_10864,14,0,0,,,triagem/nome-caixa-conversao 1.0.0,35,ok
178691,per178691_1914_10865,1,0,0,,,triagem/nome-caixa-conversao 1.0.0,35,ok
178691,per178691_1914_10865,2,0,0,,,triagem/nome-caixa-conversao 1.0.0,35,ok
178691,per178691_1914_10865,3,0,0,,,triagem/nome-caixa-conversao 1.0.0,35,ok
178691,per178691_1914_10865,4,0,0,,,triagem/nome-caixa-conversao 1.0.0,35,ok
178691,per178691_1914_10865,5,0,0,,,triagem/nome-caixa-conversao 1.0.0,35,ok
178691,per178691_1914_10865,6,0,0,,,triagem/nome-caixa-conversao 1.0.0,35,ok
178691,per178691_1914_10865,7,0,0,,,triagem/nome-caixa-conversao 1.0.0,35,ok
178691,per178691_1914_10865,8,0,0,,,triagem/nome-caixa-conversao 1.0.0,35,ok
178691,per178691_1914_10865,9,0,0,,,triagem/nome-caixa-conversao 1.0.0,35,ok
178691,per178691_1914_10865,10,0,0,,,triagem/nome-caixa-conversao 1.0.0,35,ok
178691,per178691_1914_10865,11,0,0,,,triagem/nome-caixa-conversao 1.0.0,35,ok
178691,per178691_1914_10865,12,0,0,,,triagem/nome-caixa-conversao 1.0.0,35,ok
178691,per178691_1914_10865,13,0,0,,,triagem/nome-caixa-conversao 1.0.0,35,ok
178691,per178691_1914_10865,14,0,0,,,triagem/nome-caixa-conversao 1.0.0,35,ok
178691,per178691_1914_10866,1,0,0,,,triagem/nome-caixa-conversao 1.0.0,35,ok
178691,per178691_1914_10866,2,0,0,,,triagem/nome-caixa-conversao 1.0.0,35,ok
178691,per178691_1914_10866,3,1,1,caixa de conver,11486,triagem/nome-caixa-conversao 1.0.0,35,ok
178691,per178691_1914_10866,4,0,0,,,triagem/nome-caixa-conversao 1.0.0,35,ok
178691,per178691_1914_10866,5,0,0,,,triagem/nome-caixa-conversao 1.0.0,35,ok
178691,per178691_1914_10866,6,0,0,,,triagem/nome-caixa-conversao 1.0.0,35,ok
178691,per178691_1914_10866,7,0,0,,,triagem/nome-caixa-conversao 1.0.0,35,ok
178691,per178691_1914_10866,8,0,0,,,triagem/nome-caixa-conversao 1.0.0,35,ok
178691,per178691_1914_10866,9,0,0,,,triagem/nome-caixa-conversao 1.0.0,35,ok
178691,per178691_1914_10866,10,0,0,,,triagem/nome-caixa-conversao 1.0.0,35,ok
178691,per178691_1914_10866,11,0,0,,,triagem/nome-caixa-conversao 1.0.0,35,ok
178691,per178691_1914_10866,12,0,0,,,triagem/nome-caixa-conversao 1.0.0,35,ok
178691,per178691_1914_10866,13,0,0,,,triagem/nome-caixa-conversao 1.0.0,35,ok
178691,per178691_1914_10866,14,0,0,,,triagem/nome-caixa-conversao 1.0.0,35,ok
178691,per178691_1914_10867,1,0,0,,,triagem/nome-caixa-conversao 1.0.0,35,ok
178691,per178691_1914_10867,2,0,0,,,triagem/nome-caixa-conversao 1.0.0,35,ok
178691,per178691_1914_10867,3,0,0,,,triagem/nome-caixa-conversao 1.0.0,35,ok
178691,per178691_1914_10867,4,0,0,,,triagem/nome-caixa-conversao 1.0.0,35,ok
178691,per178691_1914_10867,5,0,0,,,triagem/nome-caixa-conversao 1.0.0,35,ok
178691,per178691_1914_10867,6,0,0,,,triagem/nome-caixa-conversao 1.0.0,35,ok
178691,per178691_1914_10867,7,0,0,,,triagem/nome-caixa-conversao 1.0.0,35,ok
178691,per178691_1914_10867,8,0,0,,,triagem/nome-caixa-conversao 1.0.0,35,ok
178691,per178691_1914_10867,9,0,0,,,triagem/nome-caixa-conversao 1.0.0,35,ok
178691,per178691_1914_10867,10,0,0,,,triagem/nome-caixa-conversao 1.0.0,35,ok
178691,per178691_1914_10867,11,0,0,,,triagem/nome-caixa-conversao 1.0.0,35,ok
178691,per178691_1914_10867,12,0,0,,,triagem/nome-caixa-conversao 1.0.0,35,ok
178691,per178691_1914_10867,13,0,0,,,triagem/nome-caixa-conversao 1.0.0,35,ok
178691,per178691_1914_10867,14,0,0,,,triagem/nome-caixa-conversao 1.0.0,35,ok
178691,per178691_1914_10868,1,0,0,,,triagem/nome-caixa-conversao 1.0.0,35,ok
178691,per178691_1914_10868,2,0,0,,,triagem/nome-caixa-conversao 1.0.0,35,ok
178691,per178691_1914_10868,3,0,0,,,triagem/nome-caixa-conversao 1.0.0,35,ok
178691,per178691_1914_10868,4,0,0,,,triagem/nome-caixa-conversao 1.0.0,35,ok
178691,per178691_1914_10868,5,0,0,,,triagem/nome-caixa-conversao 1.0.0,35,ok
178691,per178691_1914_10868,6,0,0,,,triagem/nome-caixa-conversao 1.0.0,35,ok
178691,per178691_1914_10868,7,0,0,,,triagem/nome-caixa-conversao 1.0.0,35,ok
178691,per178691_1914_10868,8,0,0,,,triagem/nome-caixa-conversao 1.0.0,35,ok
178691,per178691_1914_10868,9,0,0,,,triagem/nome-caixa-conversao 1.0.0,35,ok
178691,per178691_1914_10868,10,0,0,,,triagem/nome-caixa-conversao 1.0.0,35,ok
178691,per178691_1914_10868,11,0,0,,,triagem/nome-caixa-conversao 1.0.0,35,ok
178691,per178691_1914_10868,12,0,0,,,triagem/nome-caixa-conversao 1.0.0,35,ok
178691,per178691_1914_10868,13,0,0,,,triagem/nome-caixa-conversao 1.0.0,35,ok
178691,per178691_1914_10868,14,0,0,,,triagem/nome-caixa-conversao 1.0.0,35,ok
178691,per178691_1914_10869,1,0,0,,,triagem/nome-caixa-conversao 1.0.0,35,ok
178691,per178691_1914_10869,2,0,0,,,triagem/nome-caixa-conversao 1.0.0,35,ok
178691,per178691_1914_10869,3,0,0,,,triagem/nome-caixa-conversao 1.0.0,35,ok
178691,per178691_1914_10869,4,0,0,,,triagem/nome-caixa-conversao 1.0.0,35,ok
178691,per178691_1914_10869,5,0,0,,,triagem/nome-caixa-conversao 1.0.0,35,ok
178691,per178691_1914_10869,6,0,0,,,triagem/nome-caixa-conversao 1.0.0,35,ok
178691,per178691_1914_10869,7,0,0,,,triagem/nome-caixa-conversao 1.0.0,35,ok
178691,per178691_1914_10869,8,0,0,,,triagem/nome-caixa-conversao 1.0.0,35,ok
178691,per178691_1914_10869,9,0,0,,,triagem/nome-caixa-conversao 1.0.0,35,ok
178691,per178691_1914_10869,10,0,0,,,triagem/nome-caixa-conversao 1.0.0,35,ok
178691,per178691_1914_10869,11,0,0,,,triagem/nome-caixa-conversao 1.0.0,35,ok
178691,per178691_1914_10869,12,0,0,,,triagem/nome-caixa-conversao 1.0.0,35,ok
178691,per178691_1914_10869,13,0,0,,,triagem/nome-caixa-conversao 1.0.0,35,ok
178691,per178691_1914_10869,14,0,0,,,triagem/nome-caixa-conversao 1.0.0,35,ok
178691,per178691_1914_10870,1,0,0,,,triagem/nome-caixa-conversao 1.0.0,35,ok
178691,per178691_1914_10870,2,0,0,,,triagem/nome-caixa-conversao 1.0.0,35,ok
178691,per178691_1914_10870,3,0,0,,,triagem/nome-caixa-conversao 1.0.0,35,ok
178691,per178691_1914_10870,4,0,0,,,triagem/nome-caixa-conversao 1.0.0,35,ok
178691,per178691_1914_10870,5,0,0,,,triagem/nome-caixa-conversao 1.0.0,35,ok
178691,per178691_1914_10870,6,0,0,,,triagem/nome-caixa-conversao 1.0.0,35,ok
178691,per178691_1914_10870,7,0,0,,,triagem/nome-caixa-conversao 1.0.0,35,ok
178691,per178691_1914_10870,8,0,0,,,triagem/nome-caixa-conversao 1.0.0,35,ok
178691,per178691_1914_10870,9,0,0,,,triagem/nome-caixa-conversao 1.0.0,35,ok
178691,per178691_1914_10870,10,0,0,,,triagem/nome-caixa-conversao 1.0.0,35,ok
178691,per178691_1914_10870,11,0,0,,,triagem/nome-caixa-conversao 1.0.0,35,ok
178691,per178691_1914_10870,12,0,0,,,triagem/nome-caixa-conversao 1.0.0,35,ok
178691,per178691_1914_10870,13,0,0,,,triagem/nome-caixa-conversao 1.0.0,35,ok
178691,per178691_1914_10870,14,0,0,,,triagem/nome-caixa-conversao 1.0.0,35,ok
178691,per178691_1914_10870,15,0,0,,,triagem/nome-caixa-conversao 1.0.0,35,ok
178691,per178691_1914_10870,16,0,0,,,triagem/nome-caixa-conversao 1.0.0,35,ok
178691,per178691_1914_10871,1,0,0,,,triagem/nome-caixa-conversao 1.0.0,35,ok
178691,per178691_1914_10871,2,0,0,,,triagem/nome-caixa-conversao 1.0.0,35,ok
178691,per178691_1914_10871,3,0,0,,,triagem/nome-caixa-conversao 1.0.0,35,ok
178691,per178691_1914_10871,4,0,0,,,triagem/nome-caixa-conversao 1.0.0,35,ok
178691,per178691_1914_10871,5,0,0,,,triagem/nome-caixa-conversao 1.0.0,35,ok
178691,per178691_1914_10871,6,0,0,,,triagem/nome-caixa-conversao 1.0.0,35,ok
178691,per178691_1914_10871,7,0,0,,,triagem/nome-caixa-conversao 1.0.0,35,ok
178691,per178691_1914_10871,8,0,0,,,triagem/nome-caixa-conversao 1.0.0,35,ok
178691,per178691_1914_10871,9,0,0,,,triagem/nome-caixa-conversao 1.0.0,35,ok
178691,per178691_1914_10871,10,0,0,,,triagem/nome-caixa-conversao 1.0.0,35,ok
178691,per178691_1914_10871,11,0,0,,,triagem/nome-caixa-conversao 1.0.0,35,ok
178691,per178691_1914_10871,12,0,0,,,triagem/nome-caixa-conversao 1.0.0,35,ok
178691,per178691_1914_10872,1,0,0,,,triagem/nome-caixa-conversao 1.0.0,35,ok
178691,per178691_1914_10872,2,0,0,,,triagem/nome-caixa-conversao 1.0.0,35,ok
178691,per178691_1914_10872,3,0,0,,,triagem/nome-caixa-conversao 1.0.0,35,ok
178691,per178691_1914_10872,4,0,0,,,triagem/nome-caixa-conversao 1.0.0,35,ok
178691,per178691_1914_10872,5,0,0,,,triagem/nome-caixa-conversao 1.0.0,35,ok
178691,per178691_1914_10872,6,0,0,,,triagem/nome-caixa-conversao 1.0.0,35,ok
178691,per178691_1914_10872,7,0,0,,,triagem/nome-caixa-conversao 1.0.0,35,ok
178691,per178691_1914_10872,8,0,0,,,triagem/nome-caixa-conversao 1.0.0,35,ok
178691,per178691_1914_10872,9,0,0,,,triagem/nome-caixa-conversao 1.0.0,35,ok
178691,per178691_1914_10872,10,0,0,,,triagem/nome-caixa-conversao 1.0.0,35,ok
178691,per178691_1914_10872,11,0,0,,,triagem/nome-caixa-conversao 1.0.0,35,ok
178691,per178691_1914_10872,12,0,0,,,triagem/nome-caixa-conversao 1.0.0,35,ok
178691,per178691_1914_10872,13,0,0,,,triagem/nome-caixa-conversao 1.0.0,35,ok
178691,per178691_1914_10872,14,0,0,,,triagem/nome-caixa-conversao 1.0.0,35,ok
178691,per178691_1914_10872,15,0,0,,,triagem/nome-caixa-conversao 1.0.0,35,ok
178691,per178691_1914_10872,16,0,0,,,triagem/nome-caixa-conversao 1.0.0,35,ok
178691,per178691_1914_10873,1,0,0,,,triagem/nome-caixa-conversao 1.0.0,35,ok
178691,per178691_1914_10873,2,0,0,,,triagem/nome-caixa-conversao 1.0.0,35,ok
178691,per178691_1914_10873,3,0,0,,,triagem/nome-caixa-conversao 1.0.0,35,ok
178691,per178691_1914_10873,4,0,0,,,triagem/nome-caixa-conversao 1.0.0,35,ok
178691,per178691_1914_10873,5,0,0,,,triagem/nome-caixa-conversao 1.0.0,35,ok
178691,per178691_1914_10873,6,1,1,caixa dc conver,37298,triagem/nome-caixa-conversao 1.0.0,35,ok
178691,per178691_1914_10873,7,0,0,,,triagem/nome-caixa-conversao 1.0.0,35,ok
178691,per178691_1914_10873,8,0,0,,,triagem/nome-caixa-conversao 1.0.0,35,ok
178691,per178691_1914_10873,9,0,0,,,triagem/nome-caixa-conversao 1.0.0,35,ok
178691,per178691_1914_10873,10,0,0,,,triagem/nome-caixa-conversao 1.0.0,35,ok
178691,per178691_1914_10873,11,0,0,,,triagem/nome-caixa-conversao 1.0.0,35,ok
178691,per178691_1914_10873,12,0,0,,,triagem/nome-caixa-conversao 1.0.0,35,ok
178691,per178691_1914_10873,13,0,0,,,triagem/nome-caixa-conversao 1.0.0,35,ok
178691,per178691_1914_10873,14,0,0,,,triagem/nome-caixa-conversao 1.0.0,35,ok
178691,per178691_1914_10873,15,0,0,,,triagem/nome-caixa-conversao 1.0.0,35,ok
178691,per178691_1914_10873,16,0,0,,,triagem/nome-caixa-conversao 1.0.0,35,ok
178691,per178691_1914_10874,1,0,0,,,triagem/nome-caixa-conversao 1.0.0,35,ok
178691,per178691_1914_10874,2,0,0,,,triagem/nome-caixa-conversao 1.0.0,35,ok
178691,per178691_1914_10874,3,0,0,,,triagem/nome-caixa-conversao 1.0.0,35,ok
178691,per178691_1914_10874,4,0,0,,,triagem/nome-caixa-conversao 1.0.0,35,ok
178691,per178691_1914_10874,5,1,1,caixa de conver,19475,triagem/nome-caixa-conversao 1.0.0,35,ok
178691,per178691_1914_10874,6,0,0,,,triagem/nome-caixa-conversao 1.0.0,35,ok
178691,per178691_1914_10874,7,0,0,,,triagem/nome-caixa-conversao 1.0.0,35,ok
178691,per178691_1914_10874,8,0,0,,,triagem/nome-caixa-conversao 1.0.0,35,ok
178691,per178691_1914_10874,9,0,0,,,triagem/nome-caixa-conversao 1.0.0,35,ok
178691,per178691_1914_10874,10,0,0,,,triagem/nome-caixa-conversao 1.0.0,35,ok
178691,per178691_1914_10874,11,0,0,,,triagem/nome-caixa-conversao 1.0.0,35,ok
178691,per178691_1914_10874,12,0,0,,,triagem/nome-caixa-conversao 1.0.0,35,ok
178691,per178691_1914_10875,1,1,1,caixa dc conver,33406,triagem/nome-caixa-conversao 1.0.0,35,ok
178691,per178691_1914_10875,2,0,0,,,triagem/nome-caixa-conversao 1.0.0,35,ok
178691,per178691_1914_10875,3,0,0,,,triagem/nome-caixa-conversao 1.0.0,35,ok
178691,per178691_1914_10875,4,0,0,,,triagem/nome-caixa-conversao 1.0.0,35,ok
178691,per178691_1914_10875,5,0,0,,,triagem/nome-caixa-conversao 1.0.0,35,ok
178691,per178691_1914_10875,6,0,0,,,triagem/nome-caixa-conversao 1.0.0,35,ok
178691,per178691_1914_10875,7,0,0,,,triagem/nome-caixa-conversao 1.0.0,35,ok
178691,per178691_1914_10875,8,0,0,,,triagem/nome-caixa-conversao 1.0.0,35,ok
178691,per178691_1914_10875,9,0,0,,,triagem/nome-caixa-conversao 1.0.0,35,ok
178691,per178691_1914_10875,10,0,0,,,triagem/nome-caixa-conversao 1.0.0,35,ok
178691,per178691_1914_10875,11,0,0,,,triagem/nome-caixa-conversao 1.0.0,35,ok
178691,per178691_1914_10875,12,0,0,,,triagem/nome-caixa-conversao 1.0.0,35,ok
178691,per178691_1914_10875,13,0,0,,,triagem/nome-caixa-conversao 1.0.0,35,ok
178691,per178691_1914_10875,14,0,0,,,triagem/nome-caixa-conversao 1.0.0,35,ok
178691,per178691_1914_10875,15,0,0,,,triagem/nome-caixa-conversao 1.0.0,35,ok
178691,per178691_1914_10875,16,0,0,,,triagem/nome-caixa-conversao 1.0.0,35,ok
178691,per178691_1914_10876,1,0,0,,,triagem/nome-caixa-conversao 1.0.0,35,ok
178691,per178691_1914_10876,2,1,1,caixa de conver,16448,triagem/nome-caixa-conversao 1.0.0,35,ok
178691,per178691_1914_10876,3,0,0,,,triagem/nome-caixa-conversao 1.0.0,35,ok
178691,per178691_1914_10876,4,0,0,,,triagem/nome-caixa-conversao 1.0.0,35,ok
178691,per178691_1914_10876,5,0,0,,,triagem/nome-caixa-conversao 1.0.0,35,ok
178691,per178691_1914_10876,6,0,0,,,triagem/nome-caixa-conversao 1.0.0,35,ok
178691,per178691_1914_10876,7,0,0,,,triagem/nome-caixa-conversao 1.0.0,35,ok
178691,per178691_1914_10876,8,0,0,,,triagem/nome-caixa-conversao 1.0.0,35,ok
178691,per178691_1914_10876,9,0,0,,,triagem/nome-caixa-conversao 1.0.0,35,ok
178691,per178691_1914_10876,10,0,0,,,triagem/nome-caixa-conversao 1.0.0,35,ok
178691,per178691_1914_10876,11,0,0,,,triagem/nome-caixa-conversao 1.0.0,35,ok
178691,per178691_1914_10876,12,0,0,,,triagem/nome-caixa-conversao 1.0.0,35,ok
178691,per178691_1914_10876,13,0,0,,,triagem/nome-caixa-conversao 1.0.0,35,ok
178691,per178691_1914_10876,14,0,0,,,triagem/nome-caixa-conversao 1.0.0,35,ok
178691,per178691_1914_10877,1,1,1,caixa de conver,14228,triagem/nome-caixa-conversao 1.0.0,35,ok
178691,per178691_1914_10877,2,0,0,,,triagem/nome-caixa-conversao 1.0.0,35,ok
178691,per178691_1914_10877,3,0,0,,,triagem/nome-caixa-conversao 1.0.0,35,ok
178691,per178691_1914_10877,4,1,1,caixa de conver,13369,triagem/nome-caixa-conversao 1.0.0,35,ok
178691,per178691_1914_10877,5,0,0,,,triagem/nome-caixa-conversao 1.0.0,35,ok
178691,per178691_1914_10877,6,0,0,,,triagem/nome-caixa-conversao 1.0.0,35,ok
178691,per178691_1914_10877,7,0,0,,,triagem/nome-caixa-conversao 1.0.0,35,ok
178691,per178691_1914_10877,8,0,0,,,triagem/nome-caixa-conversao 1.0.0,35,ok
178691,per178691_1914_10877,9,0,0,,,triagem/nome-caixa-conversao 1.0.0,35,ok
178691,per178691_1914_10877,10,0,0,,,triagem/nome-caixa-conversao 1.0.0,35,ok
178691,per178691_1914_10877,11,0,0,,,triagem/nome-caixa-conversao 1.0.0,35,ok
178691,per178691_1914_10877,12,0,0,,,triagem/nome-caixa-conversao 1.0.0,35,ok
178691,per178691_1914_10877,13,0,0,,,triagem/nome-caixa-conversao 1.0.0,35,ok
178691,per178691_1914_10877,14,0,0,,,triagem/nome-caixa-conversao 1.0.0,35,ok
178691,per178691_1914_10877,15,0,0,,,triagem/nome-caixa-conversao 1.0.0,35,ok
178691,per178691_1914_10877,16,0,0,,,triagem/nome-caixa-conversao 1.0.0,35,ok
178691,per178691_1914_10878,1,0,0,,,triagem/nome-caixa-conversao 1.0.0,35,ok
178691,per178691_1914_10878,2,0,0,,,triagem/nome-caixa-conversao 1.0.0,35,ok
178691,per178691_1914_10878,3,0,0,,,triagem/nome-caixa-conversao 1.0.0,35,ok
178691,per178691_1914_10878,4,0,0,,,triagem/nome-caixa-conversao 1.0.0,35,ok
178691,per178691_1914_10878,5,0,0,,,triagem/nome-caixa-conversao 1.0.0,35,ok
178691,per178691_1914_10878,6,0,0,,,triagem/nome-caixa-conversao 1.0.0,35,ok
178691,per178691_1914_10878,7,0,0,,,triagem/nome-caixa-conversao 1.0.0,35,ok
178691,per178691_1914_10878,8,0,0,,,triagem/nome-caixa-conversao 1.0.0,35,ok
178691,per178691_1914_10878,9,0,0,,,triagem/nome-caixa-conversao 1.0.0,35,ok
178691,per178691_1914_10878,10,0,0,,,triagem/nome-caixa-conversao 1.0.0,35,ok
178691,per178691_1914_10878,11,0,0,,,triagem/nome-caixa-conversao 1.0.0,35,ok
178691,per178691_1914_10878,12,0,0,,,triagem/nome-caixa-conversao 1.0.0,35,ok
178691,per178691_1914_10879,1,0,0,,,triagem/nome-caixa-conversao 1.0.0,35,ok
178691,per178691_1914_10879,2,0,0,,,triagem/nome-caixa-conversao 1.0.0,35,ok
178691,per178691_1914_10879,3,0,0,,,triagem/nome-caixa-conversao 1.0.0,35,ok
178691,per178691_1914_10879,4,0,0,,,triagem/nome-caixa-conversao 1.0.0,35,ok
178691,per178691_1914_10879,5,0,0,,,triagem/nome-caixa-conversao 1.0.0,35,ok
178691,per178691_1914_10879,6,0,0,,,triagem/nome-caixa-conversao 1.0.0,35,ok
178691,per178691_1914_10879,7,0,0,,,triagem/nome-caixa-conversao 1.0.0,35,ok
178691,per178691_1914_10879,8,0,0,,,triagem/nome-caixa-conversao 1.0.0,35,ok
178691,per178691_1914_10879,9,0,0,,,triagem/nome-caixa-conversao 1.0.0,35,ok
178691,per178691_1914_10879,10,0,0,,,triagem/nome-caixa-conversao 1.0.0,35,ok
178691,per178691_1914_10879,11,0,0,,,triagem/nome-caixa-conversao 1.0.0,35,ok
178691,per178691_1914_10879,12,0,0,,,triagem/nome-caixa-conversao 1.0.0,35,ok
178691,per178691_1914_10879,13,0,0,,,triagem/nome-caixa-conversao 1.0.0,35,ok
178691,per178691_1914_10879,14,0,0,,,triagem/nome-caixa-conversao 1.0.0,35,ok
178691,per178691_1914_10879,15,0,0,,,triagem/nome-caixa-conversao 1.0.0,35,ok
178691,per178691_1914_10879,16,0,0,,,triagem/nome-caixa-conversao 1.0.0,35,ok
178691,per178691_1914_10880,1,0,0,,,triagem/nome-caixa-conversao 1.0.0,35,ok
178691,per178691_1914_10880,2,0,0,,,triagem/nome-caixa-conversao 1.0.0,35,ok
178691,per178691_1914_10880,3,0,0,,,triagem/nome-caixa-conversao 1.0.0,35,ok
178691,per178691_1914_10880,4,0,0,,,triagem/nome-caixa-conversao 1.0.0,35,ok
178691,per178691_1914_10880,5,0,0,,,triagem/nome-caixa-conversao 1.0.0,35,ok
178691,per178691_1914_10880,6,0,0,,,triagem/nome-caixa-conversao 1.0.0,35,ok
178691,per178691_1914_10880,7,0,0,,,triagem/nome-caixa-conversao 1.0.0,35,ok
178691,per178691_1914_10880,8,0,0,,,triagem/nome-caixa-conversao 1.0.0,35,ok
178691,per178691_1914_10880,9,0,0,,,triagem/nome-caixa-conversao 1.0.0,35,ok
178691,per178691_1914_10880,10,0,0,,,triagem/nome-caixa-conversao 1.0.0,35,ok
178691,per178691_1914_10880,11,0,0,,,triagem/nome-caixa-conversao 1.0.0,35,ok
178691,per178691_1914_10880,12,0,0,,,triagem/nome-caixa-conversao 1.0.0,35,ok
178691,per178691_1914_10880,13,0,0,,,triagem/nome-caixa-conversao 1.0.0,35,ok
178691,per178691_1914_10880,14,0,0,,,triagem/nome-caixa-conversao 1.0.0,35,ok
178691,per178691_1914_10880,15,0,0,,,triagem/nome-caixa-conversao 1.0.0,35,ok
178691,per178691_1914_10880,16,0,0,,,triagem/nome-caixa-conversao 1.0.0,35,ok
178691,per178691_1914_10881,1,0,0,,,triagem/nome-caixa-conversao 1.0.0,35,ok
178691,per178691_1914_10881,2,0,0,,,triagem/nome-caixa-conversao 1.0.0,35,ok
178691,per178691_1914_10881,3,0,0,,,triagem/nome-caixa-conversao 1.0.0,35,ok
178691,per178691_1914_10881,4,0,0,,,triagem/nome-caixa-conversao 1.0.0,35,ok
178691,per178691_1914_10881,5,0,0,,,triagem/nome-caixa-conversao 1.0.0,35,ok
178691,per178691_1914_10881,6,0,0,,,triagem/nome-caixa-conversao 1.0.0,35,ok
178691,per178691_1914_10881,7,0,0,,,triagem/nome-caixa-conversao 1.0.0,35,ok
178691,per178691_1914_10881,8,0,0,,,triagem/nome-caixa-conversao 1.0.0,35,ok
178691,per178691_1914_10881,9,0,0,,,triagem/nome-caixa-conversao 1.0.0,35,ok
178691,per178691_1914_10881,10,0,0,,,triagem/nome-caixa-conversao 1.0.0,35,ok
178691,per178691_1914_10881,11,0,0,,,triagem/nome-caixa-conversao 1.0.0,35,ok
178691,per178691_1914_10881,12,0,0,,,triagem/nome-caixa-conversao 1.0.0,35,ok
178691,per178691_1914_10881,13,0,0,,,triagem/nome-caixa-conversao 1.0.0,35,ok
178691,per178691_1914_10881,14,0,0,,,triagem/nome-caixa-conversao 1.0.0,35,ok
178691,per178691_1914_10881,15,0,0,,,triagem/nome-caixa-conversao 1.0.0,35,ok
178691,per178691_1914_10881,16,0,0,,,triagem/nome-caixa-conversao 1.0.0,35,ok
178691,per178691_1914_10882,1,0,0,,,triagem/nome-caixa-conversao 1.0.0,35,ok
178691,per178691_1914_10882,2,1,1,caixa de conver,17354,triagem/nome-caixa-conversao 1.0.0,35,ok
178691,per178691_1914_10882,3,0,0,,,triagem/nome-caixa-conversao 1.0.0,35,ok
178691,per178691_1914_10882,4,0,0,,,triagem/nome-caixa-conversao 1.0.0,35,ok
178691,per178691_1914_10882,5,0,0,,,triagem/nome-caixa-conversao 1.0.0,35,ok
178691,per178691_1914_10882,6,0,0,,,triagem/nome-caixa-conversao 1.0.0,35,ok
178691,per178691_1914_10882,7,0,0,,,triagem/nome-caixa-conversao 1.0.0,35,ok
178691,per178691_1914_10882,8,0,0,,,triagem/nome-caixa-conversao 1.0.0,35,ok
178691,per178691_1914_10882,9,0,0,,,triagem/nome-caixa-conversao 1.0.0,35,ok
178691,per178691_1914_10882,10,1,1,caixa deconver,32138,triagem/nome-caixa-conversao 1.0.0,35,ok
178691,per178691_1914_10882,11,0,0,,,triagem/nome-caixa-conversao 1.0.0,35,ok
178691,per178691_1914_10882,12,0,0,,,triagem/nome-caixa-conversao 1.0.0,35,ok
178691,per178691_1914_10882,13,0,0,,,triagem/nome-caixa-conversao 1.0.0,35,ok
178691,per178691_1914_10882,14,0,0,,,triagem/nome-caixa-conversao 1.0.0,35,ok
178691,per178691_1914_10882,15,0,0,,,triagem/nome-caixa-conversao 1.0.0,35,ok
178691,per178691_1914_10882,16,0,0,,,triagem/nome-caixa-conversao 1.0.0,35,ok
178691,per178691_1914_10883,1,0,0,,,triagem/nome-caixa-conversao 1.0.0,35,ok
178691,per178691_1914_10883,2,1,1,caixa de conver,40119,triagem/nome-caixa-conversao 1.0.0,35,ok
178691,per178691_1914_10883,3,0,0,,,triagem/nome-caixa-conversao 1.0.0,35,ok
178691,per178691_1914_10883,4,0,0,,,triagem/nome-caixa-conversao 1.0.0,35,ok
178691,per178691_1914_10883,5,0,0,,,triagem/nome-caixa-conversao 1.0.0,35,ok
178691,per178691_1914_10883,6,1,1,caixa de conver,6319,triagem/nome-caixa-conversao 1.0.0,35,ok
178691,per178691_1914_10883,7,0,0,,,triagem/nome-caixa-conversao 1.0.0,35,ok
178691,per178691_1914_10883,8,0,0,,,triagem/nome-caixa-conversao 1.0.0,35,ok
178691,per178691_1914_10883,9,1,1,caixa doconver,31785,triagem/nome-caixa-conversao 1.0.0,35,ok
178691,per178691_1914_10883,10,0,0,,,triagem/nome-caixa-conversao 1.0.0,35,ok
178691,per178691_1914_10883,11,0,0,,,triagem/nome-caixa-conversao 1.0.0,35,ok
178691,per178691_1914_10883,12,0,0,,,triagem/nome-caixa-conversao 1.0.0,35,ok
178691,per178691_1914_10883,13,0,0,,,triagem/nome-caixa-conversao 1.0.0,35,ok
178691,per178691_1914_10883,14,0,0,,,triagem/nome-caixa-conversao 1.0.0,35,ok
178691,per178691_1914_10883,15,0,0,,,triagem/nome-caixa-conversao 1.0.0,35,ok
178691,per178691_1914_10883,16,0,0,,,triagem/nome-caixa-conversao 1.0.0,35,ok
178691,per178691_1914_10884,1,0,0,,,triagem/nome-caixa-conversao 1.0.0,35,ok
178691,per178691_1914_10884,2,0,0,,,triagem/nome-caixa-conversao 1.0.0,35,ok
178691,per178691_1914_10884,3,0,0,,,triagem/nome-caixa-conversao 1.0.0,35,ok
178691,per178691_1914_10884,4,0,0,,,triagem/nome-caixa-conversao 1.0.0,35,ok
178691,per178691_1914_10884,5,0,0,,,triagem/nome-caixa-conversao 1.0.0,35,ok
178691,per178691_1914_10884,6,0,0,,,triagem/nome-caixa-conversao 1.0.0,35,ok
178691,per178691_1914_10884,7,0,0,,,triagem/nome-caixa-conversao 1.0.0,35,ok
178691,per178691_1914_10884,8,0,0,,,triagem/nome-caixa-conversao 1.0.0,35,ok
178691,per178691_1914_10884,9,0,0,,,triagem/nome-caixa-conversao 1.0.0,35,ok
178691,per178691_1914_10884,10,1,1,caixa dr conver,6756,triagem/nome-caixa-conversao 1.0.0,35,ok
178691,per178691_1914_10884,11,0,0,,,triagem/nome-caixa-conversao 1.0.0,35,ok
178691,per178691_1914_10884,12,0,0,,,triagem/nome-caixa-conversao 1.0.0,35,ok
178691,per178691_1914_10884,13,0,0,,,triagem/nome-caixa-conversao 1.0.0,35,ok
178691,per178691_1914_10884,14,0,0,,,triagem/nome-caixa-conversao 1.0.0,35,ok
178691,per178691_1914_10884,15,0,0,,,triagem/nome-caixa-conversao 1.0.0,35,ok
178691,per178691_1914_10884,16,0,0,,,triagem/nome-caixa-conversao 1.0.0,35,ok
178691,per178691_1914_10885,1,0,0,,,triagem/nome-caixa-conversao 1.0.0,35,ok
178691,per178691_1914_10885,2,0,0,,,triagem/nome-caixa-conversao 1.0.0,35,ok
178691,per178691_1914_10885,3,0,0,,,triagem/nome-caixa-conversao 1.0.0,35,ok
178691,per178691_1914_10885,4,0,0,,,triagem/nome-caixa-conversao 1.0.0,35,ok
178691,per178691_1914_10885,5,0,0,,,triagem/nome-caixa-conversao 1.0.0,35,ok
178691,per178691_1914_10885,6,0,0,,,triagem/nome-caixa-conversao 1.0.0,35,ok
178691,per178691_1914_10885,7,0,0,,,triagem/nome-caixa-conversao 1.0.0,35,ok
178691,per178691_1914_10885,8,0,0,,,triagem/nome-caixa-conversao 1.0.0,35,ok
178691,per178691_1914_10885,9,0,0,,,triagem/nome-caixa-conversao 1.0.0,35,ok
178691,per178691_1914_10885,10,0,0,,,triagem/nome-caixa-conversao 1.0.0,35,ok
178691,per178691_1914_10885,11,0,0,,,triagem/nome-caixa-conversao 1.0.0,35,ok
178691,per178691_1914_10885,12,0,0,,,triagem/nome-caixa-conversao 1.0.0,35,ok
178691,per178691_1914_10886,1,0,0,,,triagem/nome-caixa-conversao 1.0.0,35,ok
178691,per178691_1914_10886,2,0,0,,,triagem/nome-caixa-conversao 1.0.0,35,ok
178691,per178691_1914_10886,3,0,0,,,triagem/nome-caixa-conversao 1.0.0,35,ok
178691,per178691_1914_10886,4,1,1,caixa de conver,25105,triagem/nome-caixa-conversao 1.0.0,35,ok
178691,per178691_1914_10886,5,0,0,,,triagem/nome-caixa-conversao 1.0.0,35,ok
178691,per178691_1914_10886,6,1,1,caixa de conver,27692,triagem/nome-caixa-conversao 1.0.0,35,ok
178691,per178691_1914_10886,7,0,0,,,triagem/nome-caixa-conversao 1.0.0,35,ok
178691,per178691_1914_10886,8,0,0,,,triagem/nome-caixa-conversao 1.0.0,35,ok
178691,per178691_1914_10886,9,0,0,,,triagem/nome-caixa-conversao 1.0.0,35,ok
178691,per178691_1914_10886,10,0,0,,,triagem/nome-caixa-conversao 1.0.0,35,ok
178691,per178691_1914_10886,11,0,0,,,triagem/nome-caixa-conversao 1.0.0,35,ok
178691,per178691_1914_10886,12,1,1,caixa db conver,21159,triagem/nome-caixa-conversao 1.0.0,35,ok
178691,per178691_1914_10886,13,0,0,,,triagem/nome-caixa-conversao 1.0.0,35,ok
178691,per178691_1914_10886,14,0,0,,,triagem/nome-caixa-conversao 1.0.0,35,ok
178691,per178691_1914_10886,15,0,0,,,triagem/nome-caixa-conversao 1.0.0,35,ok
178691,per178691_1914_10886,16,0,0,,,triagem/nome-caixa-conversao 1.0.0,35,ok
178691,per178691_1914_10887,1,0,0,,,triagem/nome-caixa-conversao 1.0.0,35,ok
178691,per178691_1914_10887,2,0,0,,,triagem/nome-caixa-conversao 1.0.0,35,ok
178691,per178691_1914_10887,3,0,0,,,triagem/nome-caixa-conversao 1.0.0,35,ok
178691,per178691_1914_10887,4,0,0,,,triagem/nome-caixa-conversao 1.0.0,35,ok
178691,per178691_1914_10887,5,0,0,,,triagem/nome-caixa-conversao 1.0.0,35,ok
178691,per178691_1914_10887,6,0,0,,,triagem/nome-caixa-conversao 1.0.0,35,ok
178691,per178691_1914_10887,7,0,0,,,triagem/nome-caixa-conversao 1.0.0,35,ok
178691,per178691_1914_10887,8,0,0,,,triagem/nome-caixa-conversao 1.0.0,35,ok
178691,per178691_1914_10887,9,1,1,caixade conver,5283,triagem/nome-caixa-conversao 1.0.0,35,ok
178691,per178691_1914_10887,10,0,0,,,triagem/nome-caixa-conversao 1.0.0,35,ok
178691,per178691_1914_10887,11,0,0,,,triagem/nome-caixa-conversao 1.0.0,35,ok
178691,per178691_1914_10887,12,1,1,caixa deconver,27088,triagem/nome-caixa-conversao 1.0.0,35,ok
178691,per178691_1914_10887,13,0,0,,,triagem/nome-caixa-conversao 1.0.0,35,ok
178691,per178691_1914_10887,14,0,0,,,triagem/nome-caixa-conversao 1.0.0,35,ok
178691,per178691_1914_10887,15,0,0,,,triagem/nome-caixa-conversao 1.0.0,35,ok
178691,per178691_1914_10887,16,0,0,,,triagem/nome-caixa-conversao 1.0.0,35,ok
178691,per178691_1914_10888,1,0,0,,,triagem/nome-caixa-conversao 1.0.0,35,ok
178691,per178691_1914_10888,2,1,1,caixa de conver,31197,triagem/nome-caixa-conversao 1.0.0,35,ok
178691,per178691_1914_10888,3,1,2,caixa de conver,5096,triagem/nome-caixa-conversao 1.0.0,35,ok
178691,per178691_1914_10888,4,0,0,,,triagem/nome-caixa-conversao 1.0.0,35,ok
178691,per178691_1914_10888,5,0,0,,,triagem/nome-caixa-conversao 1.0.0,35,ok
178691,per178691_1914_10888,6,0,0,,,triagem/nome-caixa-conversao 1.0.0,35,ok
178691,per178691_1914_10888,7,0,0,,,triagem/nome-caixa-conversao 1.0.0,35,ok
178691,per178691_1914_10888,8,0,0,,,triagem/nome-caixa-conversao 1.0.0,35,ok
178691,per178691_1914_10888,9,0,0,,,triagem/nome-caixa-conversao 1.0.0,35,ok
178691,per178691_1914_10888,10,0,0,,,triagem/nome-caixa-conversao 1.0.0,35,ok
178691,per178691_1914_10888,11,0,0,,,triagem/nome-caixa-conversao 1.0.0,35,ok
178691,per178691_1914_10888,12,0,0,,,triagem/nome-caixa-conversao 1.0.0,35,ok
178691,per178691_1914_10888,13,0,0,,,triagem/nome-caixa-conversao 1.0.0,35,ok
178691,per178691_1914_10888,14,0,0,,,triagem/nome-caixa-conversao 1.0.0,35,ok
178691,per178691_1914_10888,15,0,0,,,triagem/nome-caixa-conversao 1.0.0,35,ok
178691,per178691_1914_10888,16,0,0,,,triagem/nome-caixa-conversao 1.0.0,35,ok
178691,per178691_1914_10889,1,0,0,,,triagem/nome-caixa-conversao 1.0.0,35,ok
178691,per178691_1914_10889,2,1,2,caixa de conver,20833,triagem/nome-caixa-conversao 1.0.0,35,ok
178691,per178691_1914_10889,3,0,0,,,triagem/nome-caixa-conversao 1.0.0,35,ok
178691,per178691_1914_10889,4,0,0,,,triagem/nome-caixa-conversao 1.0.0,35,ok
178691,per178691_1914_10889,5,0,0,,,triagem/nome-caixa-conversao 1.0.0,35,ok
178691,per178691_1914_10889,6,0,0,,,triagem/nome-caixa-conversao 1.0.0,35,ok
178691,per178691_1914_10889,7,0,0,,,triagem/nome-caixa-conversao 1.0.0,35,ok
178691,per178691_1914_10889,8,0,0,,,triagem/nome-caixa-conversao 1.0.0,35,ok
178691,per178691_1914_10889,9,0,0,,,triagem/nome-caixa-conversao 1.0.0,35,ok
178691,per178691_1914_10889,10,0,0,,,triagem/nome-caixa-conversao 1.0.0,35,ok
178691,per178691_1914_10889,11,0,0,,,triagem/nome-caixa-conversao 1.0.0,35,ok
178691,per178691_1914_10889,12,0,0,,,triagem/nome-caixa-conversao 1.0.0,35,ok
178691,per178691_1914_10889,13,0,0,,,triagem/nome-caixa-conversao 1.0.0,35,ok
178691,per178691_1914_10889,14,0,0,,,triagem/nome-caixa-conversao 1.0.0,35,ok
178691,per178691_1914_10889,15,0,0,,,triagem/nome-caixa-conversao 1.0.0,35,ok
178691,per178691_1914_10889,16,0,0,,,triagem/nome-caixa-conversao 1.0.0,35,ok
178691,per178691_1914_10890,1,0,0,,,triagem/nome-caixa-conversao 1.0.0,35,ok
178691,per178691_1914_10890,2,1,1,caixa dc conver,18205,triagem/nome-caixa-conversao 1.0.0,35,ok
178691,per178691_1914_10890,3,1,3,caixa de conver,3274,triagem/nome-caixa-conversao 1.0.0,35,ok
178691,per178691_1914_10890,4,0,0,,,triagem/nome-caixa-conversao 1.0.0,35,ok
178691,per178691_1914_10890,5,0,0,,,triagem/nome-caixa-conversao 1.0.0,35,ok
178691,per178691_1914_10890,6,1,1,caixa dc conver,4369,triagem/nome-caixa-conversao 1.0.0,35,ok
178691,per178691_1914_10890,7,0,0,,,triagem/nome-caixa-conversao 1.0.0,35,ok
178691,per178691_1914_10890,8,0,0,,,triagem/nome-caixa-conversao 1.0.0,35,ok
178691,per178691_1914_10890,9,0,0,,,triagem/nome-caixa-conversao 1.0.0,35,ok
178691,per178691_1914_10890,10,0,0,,,triagem/nome-caixa-conversao 1.0.0,35,ok
178691,per178691_1914_10890,11,0,0,,,triagem/nome-caixa-conversao 1.0.0,35,ok
178691,per178691_1914_10890,12,0,0,,,triagem/nome-caixa-conversao 1.0.0,35,ok
178691,per178691_1914_10890,13,0,0,,,triagem/nome-caixa-conversao 1.0.0,35,ok
178691,per178691_1914_10890,14,0,0,,,triagem/nome-caixa-conversao 1.0.0,35,ok
178691,per178691_1914_10890,15,0,0,,,triagem/nome-caixa-conversao 1.0.0,35,ok
178691,per178691_1914_10890,16,0,0,,,triagem/nome-caixa-conversao 1.0.0,35,ok
178691,per178691_1914_10890,17,0,0,,,triagem/nome-caixa-conversao 1.0.0,35,ok
178691,per178691_1914_10890,18,0,0,,,triagem/nome-caixa-conversao 1.0.0,35,ok
178691,per178691_1914_10890,19,0,0,,,triagem/nome-caixa-conversao 1.0.0,35,ok
178691,per178691_1914_10890,20,0,0,,,triagem/nome-caixa-conversao 1.0.0,35,ok
178691,per178691_1914_10891,1,0,0,,,triagem/nome-caixa-conversao 1.0.0,35,ok
178691,per178691_1914_10891,2,0,0,,,triagem/nome-caixa-conversao 1.0.0,35,ok
178691,per178691_1914_10891,3,1,1,caixa deconver,17244,triagem/nome-caixa-conversao 1.0.0,35,ok
178691,per178691_1914_10891,4,0,0,,,triagem/nome-caixa-conversao 1.0.0,35,ok
178691,per178691_1914_10891,5,0,0,,,triagem/nome-caixa-conversao 1.0.0,35,ok
178691,per178691_1914_10891,6,0,0,,,triagem/nome-caixa-conversao 1.0.0,35,ok
178691,per178691_1914_10891,7,1,1,caixa de conver,14179,triagem/nome-caixa-conversao 1.0.0,35,ok
178691,per178691_1914_10891,8,0,0,,,triagem/nome-caixa-conversao 1.0.0,35,ok
178691,per178691_1914_10891,9,0,0,,,triagem/nome-caixa-conversao 1.0.0,35,ok
178691,per178691_1914_10891,10,0,0,,,triagem/nome-caixa-conversao 1.0.0,35,ok
178691,per178691_1914_10891,11,0,0,,,triagem/nome-caixa-conversao 1.0.0,35,ok
178691,per178691_1914_10891,12,0,0,,,triagem/nome-caixa-conversao 1.0.0,35,ok
178691,per178691_1914_10891,13,0,0,,,triagem/nome-caixa-conversao 1.0.0,35,ok
178691,per178691_1914_10891,14,0,0,,,triagem/nome-caixa-conversao 1.0.0,35,ok
178691,per178691_1914_10891,15,0,0,,,triagem/nome-caixa-conversao 1.0.0,35,ok
178691,per178691_1914_10891,16,0,0,,,triagem/nome-caixa-conversao 1.0.0,35,ok
178691,per178691_1914_10892,1,0,0,,,triagem/nome-caixa-conversao 1.0.0,35,ok
178691,per178691_1914_10892,2,0,0,,,triagem/nome-caixa-conversao 1.0.0,35,ok
178691,per178691_1914_10892,3,0,0,,,triagem/nome-caixa-conversao 1.0.0,35,ok
178691,per178691_1914_10892,4,1,3,caixa de conver,525,triagem/nome-caixa-conversao 1.0.0,35,ok
178691,per178691_1914_10892,5,0,0,,,triagem/nome-caixa-conversao 1.0.0,35,ok
178691,per178691_1914_10892,6,0,0,,,triagem/nome-caixa-conversao 1.0.0,35,ok
178691,per178691_1914_10892,7,0,0,,,triagem/nome-caixa-conversao 1.0.0,35,ok
178691,per178691_1914_10892,8,0,0,,,triagem/nome-caixa-conversao 1.0.0,35,ok
178691,per178691_1914_10892,9,0,0,,,triagem/nome-caixa-conversao 1.0.0,35,ok
178691,per178691_1914_10892,10,0,0,,,triagem/nome-caixa-conversao 1.0.0,35,ok
178691,per178691_1914_10892,11,0,0,,,triagem/nome-caixa-conversao 1.0.0,35,ok
178691,per178691_1914_10892,12,0,0,,,triagem/nome-caixa-conversao 1.0.0,35,ok
178691,per178691_1914_10892,13,0,0,,,triagem/nome-caixa-conversao 1.0.0,35,ok
178691,per178691_1914_10892,14,0,0,,,triagem/nome-caixa-conversao 1.0.0,35,ok
178691,per178691_1914_10892,15,0,0,,,triagem/nome-caixa-conversao 1.0.0,35,ok
178691,per178691_1914_10892,16,0,0,,,triagem/nome-caixa-conversao 1.0.0,35,ok
178691,per178691_1914_10892,17,0,0,,,triagem/nome-caixa-conversao 1.0.0,35,ok
178691,per178691_1914_10892,18,0,0,,,triagem/nome-caixa-conversao 1.0.0,35,ok
178691,per178691_1914_10892,19,0,0,,,triagem/nome-caixa-conversao 1.0.0,35,ok
178691,per178691_1914_10892,20,0,0,,,triagem/nome-caixa-conversao 1.0.0,35,ok
178691,per178691_1914_10893,1,0,0,,,triagem/nome-caixa-conversao 1.0.0,35,ok
178691,per178691_1914_10893,2,1,3,caixa de conver,6178,triagem/nome-caixa-conversao 1.0.0,35,ok
178691,per178691_1914_10893,3,1,2,caixa de conver,20107,triagem/nome-caixa-conversao 1.0.0,35,ok
178691,per178691_1914_10893,4,1,1,caixa de conver,6159,triagem/nome-caixa-conversao 1.0.0,35,ok
178691,per178691_1914_10893,5,0,0,,,triagem/nome-caixa-conversao 1.0.0,35,ok
178691,per178691_1914_10893,6,0,0,,,triagem/nome-caixa-conversao 1.0.0,35,ok
178691,per178691_1914_10893,7,0,0,,,triagem/nome-caixa-conversao 1.0.0,35,ok
178691,per178691_1914_10893,8,0,0,,,triagem/nome-caixa-conversao 1.0.0,35,ok
178691,per178691_1914_10893,9,0,0,,,triagem/nome-caixa-conversao 1.0.0,35,ok
178691,per178691_1914_10893,10,0,0,,,triagem/nome-caixa-conversao 1.0.0,35,ok
178691,per178691_1914_10893,11,0,0,,,triagem/nome-caixa-conversao 1.0.0,35,ok
178691,per178691_1914_10893,12,1,1,caixa deconver,4155,triagem/nome-caixa-conversao 1.0.0,35,ok
178691,per178691_1914_10895,1,0,0,,,triagem/nome-caixa-conversao 1.0.0,35,ok
178691,per178691_1914_10895,2,1,1,caixa de conver,27761,triagem/nome-caixa-conversao 1.0.0,35,ok
178691,per178691_1914_10895,3,1,3,caixa de conver,11845,triagem/nome-caixa-conversao 1.0.0,35,ok
178691,per178691_1914_10895,4,1,1,caixade conver,6454,triagem/nome-caixa-conversao 1.0.0,35,ok
178691,per178691_1914_10895,5,0,0,,,triagem/nome-caixa-conversao 1.0.0,35,ok
178691,per178691_1914_10895,6,1,1,caixa de conver,25602,triagem/nome-caixa-conversao 1.0.0,35,ok
178691,per178691_1914_10895,7,0,0,,,triagem/nome-caixa-conversao 1.0.0,35,ok
178691,per178691_1914_10895,8,0,0,,,triagem/nome-caixa-conversao 1.0.0,35,ok
178691,per178691_1914_10895,9,0,0,,,triagem/nome-caixa-conversao 1.0.0,35,ok
178691,per178691_1914_10895,10,0,0,,,triagem/nome-caixa-conversao 1.0.0,35,ok
178691,per178691_1914_10895,11,0,0,,,triagem/nome-caixa-conversao 1.0.0,35,ok
178691,per178691_1914_10895,12,0,0,,,triagem/nome-caixa-conversao 1.0.0,35,ok
178691,per178691_1914_10896,1,0,0,,,triagem/nome-caixa-conversao 1.0.0,35,ok
178691,per178691_1914_10896,2,0,0,,,triagem/nome-caixa-conversao 1.0.0,35,ok
178691,per178691_1914_10896,3,1,1,caixa deconver,14776,triagem/nome-caixa-conversao 1.0.0,35,ok
178691,per178691_1914_10896,4,0,0,,,triagem/nome-caixa-conversao 1.0.0,35,ok
178691,per178691_1914_10896,5,1,1,caixa de conver,23516,triagem/nome-caixa-conversao 1.0.0,35,ok
178691,per178691_1914_10896,6,0,0,,,triagem/nome-caixa-conversao 1.0.0,35,ok
178691,per178691_1914_10896,7,1,2,caixa de conver,40481,triagem/nome-caixa-conversao 1.0.0,35,ok
178691,per178691_1914_10896,8,0,0,,,triagem/nome-caixa-conversao 1.0.0,35,ok
178691,per178691_1914_10896,9,0,0,,,triagem/nome-caixa-conversao 1.0.0,35,ok
178691,per178691_1914_10896,10,0,0,,,triagem/nome-caixa-conversao 1.0.0,35,ok
178691,per178691_1914_10896,11,0,0,,,triagem/nome-caixa-conversao 1.0.0,35,ok
178691,per178691_1914_10896,12,0,0,,,triagem/nome-caixa-conversao 1.0.0,35,ok
178691,per178691_1914_10897,1,0,0,,,triagem/nome-caixa-conversao 1.0.0,35,ok
178691,per178691_1914_10897,2,0,0,,,triagem/nome-caixa-conversao 1.0.0,35,ok
178691,per178691_1914_10897,3,1,6,caixade conver,6873,triagem/nome-caixa-conversao 1.0.0,35,ok
178691,per178691_1914_10897,4,0,0,,,triagem/nome-caixa-conversao 1.0.0,35,ok
178691,per178691_1914_10897,5,0,0,,,triagem/nome-caixa-conversao 1.0.0,35,ok
178691,per178691_1914_10897,6,0,0,,,triagem/nome-caixa-conversao 1.0.0,35,ok
178691,per178691_1914_10897,7,0,0,,,triagem/nome-caixa-conversao 1.0.0,35,ok
178691,per178691_1914_10897,8,0,0,,,triagem/nome-caixa-conversao 1.0.0,35,ok
178691,per178691_1914_10897,9,0,0,,,triagem/nome-caixa-conversao 1.0.0,35,ok
178691,per178691_1914_10897,10,0,0,,,triagem/nome-caixa-conversao 1.0.0,35,ok
178691,per178691_1914_10897,11,0,0,,,triagem/nome-caixa-conversao 1.0.0,35,ok
178691,per178691_1914_10897,12,0,0,,,triagem/nome-caixa-conversao 1.0.0,35,ok
178691,per178691_1914_10898,1,0,0,,,triagem/nome-caixa-conversao 1.0.0,35,ok
178691,per178691_1914_10898,2,0,0,,,triagem/nome-caixa-conversao 1.0.0,35,ok
178691,per178691_1914_10898,3,1,2,caixa deconver,3258,triagem/nome-caixa-conversao 1.0.0,35,ok
178691,per178691_1914_10898,4,0,0,,,triagem/nome-caixa-conversao 1.0.0,35,ok
178691,per178691_1914_10898,5,0,0,,,triagem/nome-caixa-conversao 1.0.0,35,ok
178691,per178691_1914_10898,6,0,0,,,triagem/nome-caixa-conversao 1.0.0,35,ok
178691,per178691_1914_10898,7,0,0,,,triagem/nome-caixa-conversao 1.0.0,35,ok
178691,per178691_1914_10898,8,0,0,,,triagem/nome-caixa-conversao 1.0.0,35,ok
178691,per178691_1914_10898,9,0,0,,,triagem/nome-caixa-conversao 1.0.0,35,ok
178691,per178691_1914_10898,10,0,0,,,triagem/nome-caixa-conversao 1.0.0,35,ok
178691,per178691_1914_10898,11,0,0,,,triagem/nome-caixa-conversao 1.0.0,35,ok
178691,per178691_1914_10898,12,0,0,,,triagem/nome-caixa-conversao 1.0.0,35,ok
178691,per178691_1914_10899,1,0,0,,,triagem/nome-caixa-conversao 1.0.0,35,ok
178691,per178691_1914_10899,2,0,0,,,triagem/nome-caixa-conversao 1.0.0,35,ok
178691,per178691_1914_10899,3,0,0,,,triagem/nome-caixa-conversao 1.0.0,35,ok
178691,per178691_1914_10899,4,0,0,,,triagem/nome-caixa-conversao 1.0.0,35,ok
178691,per178691_1914_10899,5,0,0,,,triagem/nome-caixa-conversao 1.0.0,35,ok
178691,per178691_1914_10899,6,0,0,,,triagem/nome-caixa-conversao 1.0.0,35,ok
178691,per178691_1914_10899,7,0,0,,,triagem/nome-caixa-conversao 1.0.0,35,ok
178691,per178691_1914_10899,8,0,0,,,triagem/nome-caixa-conversao 1.0.0,35,ok
178691,per178691_1914_10899,9,0,0,,,triagem/nome-caixa-conversao 1.0.0,35,ok
178691,per178691_1914_10899,10,0,0,,,triagem/nome-caixa-conversao 1.0.0,35,ok
178691,per178691_1914_10900,1,0,0,,,triagem/nome-caixa-conversao 1.0.0,35,ok
178691,per178691_1914_10900,2,0,0,,,triagem/nome-caixa-conversao 1.0.0,35,ok
178691,per178691_1914_10900,3,0,0,,,triagem/nome-caixa-conversao 1.0.0,35,ok
178691,per178691_1914_10900,4,1,8,caixa de conver,24519,triagem/nome-caixa-conversao 1.0.0,35,ok
178691,per178691_1914_10900,5,0,0,,,triagem/nome-caixa-conversao 1.0.0,35,ok
178691,per178691_1914_10900,6,0,0,,,triagem/nome-caixa-conversao 1.0.0,35,ok
178691,per178691_1914_10900,7,0,0,,,triagem/nome-caixa-conversao 1.0.0,35,ok
178691,per178691_1914_10900,8,0,0,,,triagem/nome-caixa-conversao 1.0.0,35,ok
178691,per178691_1914_10900,9,0,0,,,triagem/nome-caixa-conversao 1.0.0,35,ok
178691,per178691_1914_10900,10,0,0,,,triagem/nome-caixa-conversao 1.0.0,35,ok
178691,per178691_1914_10900,11,0,0,,,triagem/nome-caixa-conversao 1.0.0,35,ok
178691,per178691_1914_10900,12,0,0,,,triagem/nome-caixa-conversao 1.0.0,35,ok
178691,per178691_1914_10901,1,0,0,,,triagem/nome-caixa-conversao 1.0.0,35,ok
178691,per178691_1914_10901,2,0,0,,,triagem/nome-caixa-conversao 1.0.0,35,ok
178691,per178691_1914_10901,3,1,15,caixa de conver,2571,triagem/nome-caixa-conversao 1.0.0,35,ok
178691,per178691_1914_10901,4,1,6,caixa deconver,19059,triagem/nome-caixa-conversao 1.0.0,35,ok
178691,per178691_1914_10901,5,0,0,,,triagem/nome-caixa-conversao 1.0.0,35,ok
178691,per178691_1914_10901,6,0,0,,,triagem/nome-caixa-conversao 1.0.0,35,ok
178691,per178691_1914_10901,7,0,0,,,triagem/nome-caixa-conversao 1.0.0,35,ok
178691,per178691_1914_10901,8,0,0,,,triagem/nome-caixa-conversao 1.0.0,35,ok
178691,per178691_1914_10901,9,0,0,,,triagem/nome-caixa-conversao 1.0.0,35,ok
178691,per178691_1914_10901,10,0,0,,,triagem/nome-caixa-conversao 1.0.0,35,ok
178691,per178691_1914_10901,11,0,0,,,triagem/nome-caixa-conversao 1.0.0,35,ok
178691,per178691_1914_10901,12,0,0,,,triagem/nome-caixa-conversao 1.0.0,35,ok
178691,per178691_1914_10902,1,0,0,,,triagem/nome-caixa-conversao 1.0.0,35,ok
178691,per178691_1914_10902,2,0,0,,,triagem/nome-caixa-conversao 1.0.0,35,ok
178691,per178691_1914_10902,3,1,1,caixa de conver,14177,triagem/nome-caixa-conversao 1.0.0,35,ok
178691,per178691_1914_10902,4,0,0,,,triagem/nome-caixa-conversao 1.0.0,35,ok
178691,per178691_1914_10902,5,0,0,,,triagem/nome-caixa-conversao 1.0.0,35,ok
178691,per178691_1914_10902,6,1,6,caixa de conver,2405,triagem/nome-caixa-conversao 1.0.0,35,ok
178691,per178691_1914_10902,7,0,0,,,triagem/nome-caixa-conversao 1.0.0,35,ok
178691,per178691_1914_10902,8,0,0,,,triagem/nome-caixa-conversao 1.0.0,35,ok
178691,per178691_1914_10902,9,0,0,,,triagem/nome-caixa-conversao 1.0.0,35,ok
178691,per178691_1914_10902,10,0,0,,,triagem/nome-caixa-conversao 1.0.0,35,ok
178691,per178691_1914_10903,1,0,0,,,triagem/nome-caixa-conversao 1.0.0,35,ok
178691,per178691_1914_10903,2,0,0,,,triagem/nome-caixa-conversao 1.0.0,35,ok
178691,per178691_1914_10903,3,1,1,caixa deconver,9660,triagem/nome-caixa-conversao 1.0.0,35,ok
178691,per178691_1914_10903,4,0,0,,,triagem/nome-caixa-conversao 1.0.0,35,ok
178691,per178691_1914_10903,5,0,0,,,triagem/nome-caixa-conversao 1.0.0,35,ok
178691,per178691_1914_10903,6,0,0,,,triagem/nome-caixa-conversao 1.0.0,35,ok
178691,per178691_1914_10903,7,0,0,,,triagem/nome-caixa-conversao 1.0.0,35,ok
178691,per178691_1914_10903,8,0,0,,,triagem/nome-caixa-conversao 1.0.0,35,ok
178691,per178691_1914_10903,9,0,0,,,triagem/nome-caixa-conversao 1.0.0,35,ok
178691,per178691_1914_10903,10,0,0,,,triagem/nome-caixa-conversao 1.0.0,35,ok
178691,per178691_1914_10904,1,0,0,,,triagem/nome-caixa-conversao 1.0.0,35,ok
178691,per178691_1914_10904,2,1,4,caixa de conver,24030,triagem/nome-caixa-conversao 1.0.0,35,ok
178691,per178691_1914_10904,3,0,0,,,triagem/nome-caixa-conversao 1.0.0,35,ok
178691,per178691_1914_10904,4,0,0,,,triagem/nome-caixa-conversao 1.0.0,35,ok
178691,per178691_1914_10904,5,0,0,,,triagem/nome-caixa-conversao 1.0.0,35,ok
178691,per178691_1914_10904,6,0,0,,,triagem/nome-caixa-conversao 1.0.0,35,ok
178691,per178691_1914_10904,7,0,0,,,triagem/nome-caixa-conversao 1.0.0,35,ok
178691,per178691_1914_10904,8,0,0,,,triagem/nome-caixa-conversao 1.0.0,35,ok
178691,per178691_1914_10904,9,0,0,,,triagem/nome-caixa-conversao 1.0.0,35,ok
178691,per178691_1914_10904,10,0,0,,,triagem/nome-caixa-conversao 1.0.0,35,ok
178691,per178691_1914_10905,1,0,0,,,triagem/nome-caixa-conversao 1.0.0,35,ok
178691,per178691_1914_10905,2,0,0,,,triagem/nome-caixa-conversao 1.0.0,35,ok
178691,per178691_1914_10905,3,0,0,,,triagem/nome-caixa-conversao 1.0.0,35,ok
178691,per178691_1914_10905,4,0,0,,,triagem/nome-caixa-conversao 1.0.0,35,ok
178691,per178691_1914_10905,5,1,2,caixa deconver,20934,triagem/nome-caixa-conversao 1.0.0,35,ok
178691,per178691_1914_10905,6,0,0,,,triagem/nome-caixa-conversao 1.0.0,35,ok
178691,per178691_1914_10905,7,0,0,,,triagem/nome-caixa-conversao 1.0.0,35,ok
178691,per178691_1914_10905,8,0,0,,,triagem/nome-caixa-conversao 1.0.0,35,ok
178691,per178691_1914_10905,9,0,0,,,triagem/nome-caixa-conversao 1.0.0,35,ok
178691,per178691_1914_10905,10,0,0,,,triagem/nome-caixa-conversao 1.0.0,35,ok
178691,per178691_1914_10905,11,0,0,,,triagem/nome-caixa-conversao 1.0.0,35,ok
178691,per178691_1914_10905,12,0,0,,,triagem/nome-caixa-conversao 1.0.0,35,ok
178691,per178691_1914_10906,1,0,0,,,triagem/nome-caixa-conversao 1.0.0,35,ok
178691,per178691_1914_10906,2,0,0,,,triagem/nome-caixa-conversao 1.0.0,35,ok
178691,per178691_1914_10906,3,0,0,,,triagem/nome-caixa-conversao 1.0.0,35,ok
178691,per178691_1914_10906,4,0,0,,,triagem/nome-caixa-conversao 1.0.0,35,ok
178691,per178691_1914_10906,5,0,0,,,triagem/nome-caixa-conversao 1.0.0,35,ok
178691,per178691_1914_10906,6,0,0,,,triagem/nome-caixa-conversao 1.0.0,35,ok
178691,per178691_1914_10906,7,0,0,,,triagem/nome-caixa-conversao 1.0.0,35,ok
178691,per178691_1914_10906,8,0,0,,,triagem/nome-caixa-conversao 1.0.0,35,ok
178691,per178691_1914_10906,9,0,0,,,triagem/nome-caixa-conversao 1.0.0,35,ok
178691,per178691_1914_10906,10,0,0,,,triagem/nome-caixa-conversao 1.0.0,35,ok
178691,per178691_1914_10907,1,0,0,,,triagem/nome-caixa-conversao 1.0.0,35,ok
178691,per178691_1914_10907,2,1,5,caixa de conver,7879,triagem/nome-caixa-conversao 1.0.0,35,ok
178691,per178691_1914_10907,3,1,3,caixa de conver,4914,triagem/nome-caixa-conversao 1.0.0,35,ok
178691,per178691_1914_10907,4,1,2,caixa de conver,24160,triagem/nome-caixa-conversao 1.0.0,35,ok
178691,per178691_1914_10907,5,0,0,,,triagem/nome-caixa-conversao 1.0.0,35,ok
178691,per178691_1914_10907,6,0,0,,,triagem/nome-caixa-conversao 1.0.0,35,ok
178691,per178691_1914_10907,7,1,1,caixa de conver,32909,triagem/nome-caixa-conversao 1.0.0,35,ok
178691,per178691_1914_10907,8,0,0,,,triagem/nome-caixa-conversao 1.0.0,35,ok
178691,per178691_1914_10907,9,0,0,,,triagem/nome-caixa-conversao 1.0.0,35,ok
178691,per178691_1914_10907,10,0,0,,,triagem/nome-caixa-conversao 1.0.0,35,ok
178691,per178691_1914_10908,1,0,0,,,triagem/nome-caixa-conversao 1.0.0,35,ok
178691,per178691_1914_10908,2,1,2,caixa de conver,29269,triagem/nome-caixa-conversao 1.0.0,35,ok
178691,per178691_1914_10908,3,1,2,caixa de conver,29383,triagem/nome-caixa-conversao 1.0.0,35,ok
178691,per178691_1914_10908,4,0,0,,,triagem/nome-caixa-conversao 1.0.0,35,ok
178691,per178691_1914_10908,5,0,0,,,triagem/nome-caixa-conversao 1.0.0,35,ok
178691,per178691_1914_10908,6,0,0,,,triagem/nome-caixa-conversao 1.0.0,35,ok
178691,per178691_1914_10908,7,0,0,,,triagem/nome-caixa-conversao 1.0.0,35,ok
178691,per178691_1914_10908,8,0,0,,,triagem/nome-caixa-conversao 1.0.0,35,ok
178691,per178691_1914_10908,9,0,0,,,triagem/nome-caixa-conversao 1.0.0,35,ok
178691,per178691_1914_10908,10,0,0,,,triagem/nome-caixa-conversao 1.0.0,35,ok
178691,per178691_1914_10909,1,1,2,caixa de conver,18126,triagem/nome-caixa-conversao 1.0.0,35,ok
178691,per178691_1914_10909,2,0,0,,,triagem/nome-caixa-conversao 1.0.0,35,ok
178691,per178691_1914_10909,3,1,1,caixa deconver,1067,triagem/nome-caixa-conversao 1.0.0,35,ok
178691,per178691_1914_10909,4,0,0,,,triagem/nome-caixa-conversao 1.0.0,35,ok
178691,per178691_1914_10909,5,0,0,,,triagem/nome-caixa-conversao 1.0.0,35,ok
178691,per178691_1914_10909,6,1,1,caixa deconver,10746,triagem/nome-caixa-conversao 1.0.0,35,ok
178691,per178691_1914_10909,7,0,0,,,triagem/nome-caixa-conversao 1.0.0,35,ok
178691,per178691_1914_10909,8,0,0,,,triagem/nome-caixa-conversao 1.0.0,35,ok
178691,per178691_1914_10909,9,0,0,,,triagem/nome-caixa-conversao 1.0.0,35,ok
178691,per178691_1914_10909,10,0,0,,,triagem/nome-caixa-conversao 1.0.0,35,ok
178691,per178691_1914_10910,1,0,0,,,triagem/nome-caixa-conversao 1.0.0,35,ok
178691,per178691_1914_10910,2,0,0,,,triagem/nome-caixa-conversao 1.0.0,35,ok
178691,per178691_1914_10910,3,0,0,,,triagem/nome-caixa-conversao 1.0.0,35,ok
178691,per178691_1914_10910,4,0,0,,,triagem/nome-caixa-conversao 1.0.0,35,ok
178691,per178691_1914_10910,5,0,0,,,triagem/nome-caixa-conversao 1.0.0,35,ok
178691,per178691_1914_10910,6,1,2,caixade conver,5078,triagem/nome-caixa-conversao 1.0.0,35,ok
178691,per178691_1914_10910,7,0,0,,,triagem/nome-caixa-conversao 1.0.0,35,ok
178691,per178691_1914_10910,8,0,0,,,triagem/nome-caixa-conversao 1.0.0,35,ok
178691,per178691_1914_10910,9,0,0,,,triagem/nome-caixa-conversao 1.0.0,35,ok
178691,per178691_1914_10910,10,0,0,,,triagem/nome-caixa-conversao 1.0.0,35,ok
178691,per178691_1914_10910,11,0,0,,,triagem/nome-caixa-conversao 1.0.0,35,ok
178691,per178691_1914_10910,12,0,0,,,triagem/nome-caixa-conversao 1.0.0,35,ok
178691,per178691_1914_10910,13,0,0,,,triagem/nome-caixa-conversao 1.0.0,35,ok
178691,per178691_1914_10910,14,0,0,,,triagem/nome-caixa-conversao 1.0.0,35,ok
178691,per178691_1914_10910,15,0,0,,,triagem/nome-caixa-conversao 1.0.0,35,ok
178691,per178691_1914_10910,16,0,0,,,triagem/nome-caixa-conversao 1.0.0,35,ok
178691,per178691_1914_10911,1,0,0,,,triagem/nome-caixa-conversao 1.0.0,35,ok
178691,per178691_1914_10911,2,0,0,,,triagem/nome-caixa-conversao 1.0.0,35,ok
178691,per178691_1914_10911,3,0,0,,,triagem/nome-caixa-conversao 1.0.0,35,ok
178691,per178691_1914_10911,4,0,0,,,triagem/nome-caixa-conversao 1.0.0,35,ok
178691,per178691_1914_10911,5,0,0,,,triagem/nome-caixa-conversao 1.0.0,35,ok
178691,per178691_1914_10911,6,0,0,,,triagem/nome-caixa-conversao 1.0.0,35,ok
178691,per178691_1914_10911,7,0,0,,,triagem/nome-caixa-conversao 1.0.0,35,ok
178691,per178691_1914_10911,8,0,0,,,triagem/nome-caixa-conversao 1.0.0,35,ok
178691,per178691_1914_10911,9,0,0,,,triagem/nome-caixa-conversao 1.0.0,35,ok
178691,per178691_1914_10911,10,0,0,,,triagem/nome-caixa-conversao 1.0.0,35,ok
178691,per178691_1914_10911,11,0,0,,,triagem/nome-caixa-conversao 1.0.0,35,ok
178691,per178691_1914_10911,12,0,0,,,triagem/nome-caixa-conversao 1.0.0,35,ok
178691,per178691_1914_10912,1,0,0,,,triagem/nome-caixa-conversao 1.0.0,35,ok
178691,per178691_1914_10912,2,0,0,,,triagem/nome-caixa-conversao 1.0.0,35,ok
178691,per178691_1914_10912,3,0,0,,,triagem/nome-caixa-conversao 1.0.0,35,ok
178691,per178691_1914_10912,4,1,1,caixa de conver,30146,triagem/nome-caixa-conversao 1.0.0,35,ok
178691,per178691_1914_10912,5,0,0,,,triagem/nome-caixa-conversao 1.0.0,35,ok
178691,per178691_1914_10912,6,0,0,,,triagem/nome-caixa-conversao 1.0.0,35,ok
178691,per178691_1914_10912,7,0,0,,,triagem/nome-caixa-conversao 1.0.0,35,ok
178691,per178691_1914_10912,8,0,0,,,triagem/nome-caixa-conversao 1.0.0,35,ok
178691,per178691_1914_10912,9,1,1,caixa deconver,4371,triagem/nome-caixa-conversao 1.0.0,35,ok
178691,per178691_1914_10912,10,0,0,,,triagem/nome-caixa-conversao 1.0.0,35,ok
178691,per178691_1914_10912,11,0,0,,,triagem/nome-caixa-conversao 1.0.0,35,ok
178691,per178691_1914_10912,12,0,0,,,triagem/nome-caixa-conversao 1.0.0,35,ok
178691,per178691_1914_10913,1,0,0,,,triagem/nome-caixa-conversao 1.0.0,35,ok
178691,per178691_1914_10913,2,0,0,,,triagem/nome-caixa-conversao 1.0.0,35,ok
178691,per178691_1914_10913,3,0,0,,,triagem/nome-caixa-conversao 1.0.0,35,ok
178691,per178691_1914_10913,4,0,0,,,triagem/nome-caixa-conversao 1.0.0,35,ok
178691,per178691_1914_10913,5,0,0,,,triagem/nome-caixa-conversao 1.0.0,35,ok
178691,per178691_1914_10913,6,0,0,,,triagem/nome-caixa-conversao 1.0.0,35,ok
178691,per178691_1914_10913,7,0,0,,,triagem/nome-caixa-conversao 1.0.0,35,ok
178691,per178691_1914_10913,8,0,0,,,triagem/nome-caixa-conversao 1.0.0,35,ok
178691,per178691_1914_10913,9,0,0,,,triagem/nome-caixa-conversao 1.0.0,35,ok
178691,per178691_1914_10913,10,0,0,,,triagem/nome-caixa-conversao 1.0.0,35,ok
178691,per178691_1914_10914,1,0,0,,,triagem/nome-caixa-conversao 1.0.0,35,ok
178691,per178691_1914_10914,2,0,0,,,triagem/nome-caixa-conversao 1.0.0,35,ok
178691,per178691_1914_10914,3,1,1,caixa de conver,36496,triagem/nome-caixa-conversao 1.0.0,35,ok
178691,per178691_1914_10914,4,1,1,caixa de conver,31744,triagem/nome-caixa-conversao 1.0.0,35,ok
178691,per178691_1914_10914,5,0,0,,,triagem/nome-caixa-conversao 1.0.0,35,ok
178691,per178691_1914_10914,6,0,0,,,triagem/nome-caixa-conversao 1.0.0,35,ok
178691,per178691_1914_10914,7,0,0,,,triagem/nome-caixa-conversao 1.0.0,35,ok
178691,per178691_1914_10914,8,1,1,caixa deconver,2378,triagem/nome-caixa-conversao 1.0.0,35,ok
178691,per178691_1914_10914,9,0,0,,,triagem/nome-caixa-conversao 1.0.0,35,ok
178691,per178691_1914_10914,10,0,0,,,triagem/nome-caixa-conversao 1.0.0,35,ok
178691,per178691_1914_10915,1,0,0,,,triagem/nome-caixa-conversao 1.0.0,35,ok
178691,per178691_1914_10915,2,0,0,,,triagem/nome-caixa-conversao 1.0.0,35,ok
178691,per178691_1914_10915,3,0,0,,,triagem/nome-caixa-conversao 1.0.0,35,ok
178691,per178691_1914_10915,4,0,0,,,triagem/nome-caixa-conversao 1.0.0,35,ok
178691,per178691_1914_10915,5,1,1,caixa deconver,27875,triagem/nome-caixa-conversao 1.0.0,35,ok
178691,per178691_1914_10915,6,0,0,,,triagem/nome-caixa-conversao 1.0.0,35,ok
178691,per178691_1914_10915,7,0,0,,,triagem/nome-caixa-conversao 1.0.0,35,ok
178691,per178691_1914_10915,8,0,0,,,triagem/nome-caixa-conversao 1.0.0,35,ok
178691,per178691_1914_10915,9,0,0,,,triagem/nome-caixa-conversao 1.0.0,35,ok
178691,per178691_1914_10915,10,0,0,,,triagem/nome-caixa-conversao 1.0.0,35,ok
178691,per178691_1914_10916,1,0,0,,,triagem/nome-caixa-conversao 1.0.0,35,ok
178691,per178691_1914_10916,2,0,0,,,triagem/nome-caixa-conversao 1.0.0,35,ok
178691,per178691_1914_10916,3,1,2,caixa de conver,5261,triagem/nome-caixa-conversao 1.0.0,35,ok
178691,per178691_1914_10916,4,0,0,,,triagem/nome-caixa-conversao 1.0.0,35,ok
178691,per178691_1914_10916,5,0,0,,,triagem/nome-caixa-conversao 1.0.0,35,ok
178691,per178691_1914_10916,6,0,0,,,triagem/nome-caixa-conversao 1.0.0,35,ok
178691,per178691_1914_10916,7,0,0,,,triagem/nome-caixa-conversao 1.0.0,35,ok
178691,per178691_1914_10916,8,0,0,,,triagem/nome-caixa-conversao 1.0.0,35,ok
178691,per178691_1914_10916,9,0,0,,,triagem/nome-caixa-conversao 1.0.0,35,ok
178691,per178691_1914_10916,10,0,0,,,triagem/nome-caixa-conversao 1.0.0,35,ok
178691,per178691_1914_10916,11,0,0,,,triagem/nome-caixa-conversao 1.0.0,35,ok
178691,per178691_1914_10916,12,0,0,,,triagem/nome-caixa-conversao 1.0.0,35,ok
178691,per178691_1914_10917,1,0,0,,,triagem/nome-caixa-conversao 1.0.0,35,ok
178691,per178691_1914_10917,2,0,0,,,triagem/nome-caixa-conversao 1.0.0,35,ok
178691,per178691_1914_10917,3,0,0,,,triagem/nome-caixa-conversao 1.0.0,35,ok
178691,per178691_1914_10917,4,0,0,,,triagem/nome-caixa-conversao 1.0.0,35,ok
178691,per178691_1914_10917,5,0,0,,,triagem/nome-caixa-conversao 1.0.0,35,ok
178691,per178691_1914_10917,6,0,0,,,triagem/nome-caixa-conversao 1.0.0,35,ok
178691,per178691_1914_10917,7,0,0,,,triagem/nome-caixa-conversao 1.0.0,35,ok
178691,per178691_1914_10917,8,0,0,,,triagem/nome-caixa-conversao 1.0.0,35,ok
178691,per178691_1914_10917,9,0,0,,,triagem/nome-caixa-conversao 1.0.0,35,ok
178691,per178691_1914_10917,10,0,0,,,triagem/nome-caixa-conversao 1.0.0,35,ok
178691,per178691_1914_10918,1,0,0,,,triagem/nome-caixa-conversao 1.0.0,35,ok
178691,per178691_1914_10918,2,0,0,,,triagem/nome-caixa-conversao 1.0.0,35,ok
178691,per178691_1914_10918,3,0,0,,,triagem/nome-caixa-conversao 1.0.0,35,ok
178691,per178691_1914_10918,4,0,0,,,triagem/nome-caixa-conversao 1.0.0,35,ok
178691,per178691_1914_10918,5,0,0,,,triagem/nome-caixa-conversao 1.0.0,35,ok
178691,per178691_1914_10918,6,0,0,,,triagem/nome-caixa-conversao 1.0.0,35,ok
178691,per178691_1914_10918,7,0,0,,,triagem/nome-caixa-conversao 1.0.0,35,ok
178691,per178691_1914_10918,8,0,0,,,triagem/nome-caixa-conversao 1.0.0,35,ok
178691,per178691_1914_10918,9,0,0,,,triagem/nome-caixa-conversao 1.0.0,35,ok
178691,per178691_1914_10918,10,0,0,,,triagem/nome-caixa-conversao 1.0.0,35,ok
178691,per178691_1914_10919,1,0,0,,,triagem/nome-caixa-conversao 1.0.0,35,ok
178691,per178691_1914_10919,2,0,0,,,triagem/nome-caixa-conversao 1.0.0,35,ok
178691,per178691_1914_10919,3,0,0,,,triagem/nome-caixa-conversao 1.0.0,35,ok
178691,per178691_1914_10919,4,0,0,,,triagem/nome-caixa-conversao 1.0.0,35,ok
178691,per178691_1914_10919,5,0,0,,,triagem/nome-caixa-conversao 1.0.0,35,ok
178691,per178691_1914_10919,6,0,0,,,triagem/nome-caixa-conversao 1.0.0,35,ok
178691,per178691_1914_10919,7,0,0,,,triagem/nome-caixa-conversao 1.0.0,35,ok
178691,per178691_1914_10919,8,1,1,caixa de conver,12852,triagem/nome-caixa-conversao 1.0.0,35,ok
178691,per178691_1914_10919,9,0,0,,,triagem/nome-caixa-conversao 1.0.0,35,ok
178691,per178691_1914_10919,10,0,0,,,triagem/nome-caixa-conversao 1.0.0,35,ok
178691,per178691_1914_10920,1,0,0,,,triagem/nome-caixa-conversao 1.0.0,35,ok
178691,per178691_1914_10920,2,0,0,,,triagem/nome-caixa-conversao 1.0.0,35,ok
178691,per178691_1914_10920,3,1,1,caixa dc conver,9885,triagem/nome-caixa-conversao 1.0.0,35,ok
178691,per178691_1914_10920,4,0,0,,,triagem/nome-caixa-conversao 1.0.0,35,ok
178691,per178691_1914_10920,5,0,0,,,triagem/nome-caixa-conversao 1.0.0,35,ok
178691,per178691_1914_10920,6,0,0,,,triagem/nome-caixa-conversao 1.0.0,35,ok
178691,per178691_1914_10920,7,0,0,,,triagem/nome-caixa-conversao 1.0.0,35,ok
178691,per178691_1914_10920,8,0,0,,,triagem/nome-caixa-conversao 1.0.0,35,ok
178691,per178691_1914_10920,9,0,0,,,triagem/nome-caixa-conversao 1.0.0,35,ok
178691,per178691_1914_10920,10,0,0,,,triagem/nome-caixa-conversao 1.0.0,35,ok
178691,per178691_1914_10921,1,0,0,,,triagem/nome-caixa-conversao 1.0.0,35,ok
178691,per178691_1914_10921,2,1,1,caixade conver,43142,triagem/nome-caixa-conversao 1.0.0,35,ok
178691,per178691_1914_10921,3,1,3,caixa de conver,14157,triagem/nome-caixa-conversao 1.0.0,35,ok
178691,per178691_1914_10921,4,0,0,,,triagem/nome-caixa-conversao 1.0.0,35,ok
178691,per178691_1914_10921,5,0,0,,,triagem/nome-caixa-conversao 1.0.0,35,ok
178691,per178691_1914_10921,6,0,0,,,triagem/nome-caixa-conversao 1.0.0,35,ok
178691,per178691_1914_10921,7,0,0,,,triagem/nome-caixa-conversao 1.0.0,35,ok
178691,per178691_1914_10921,8,0,0,,,triagem/nome-caixa-conversao 1.0.0,35,ok
178691,per178691_1914_10921,9,0,0,,,triagem/nome-caixa-conversao 1.0.0,35,ok
178691,per178691_1914_10921,10,0,0,,,triagem/nome-caixa-conversao 1.0.0,35,ok
178691,per178691_1914_10921,11,0,0,,,triagem/nome-caixa-conversao 1.0.0,35,ok
178691,per178691_1914_10921,12,0,0,,,triagem/nome-caixa-conversao 1.0.0,35,ok
178691,per178691_1914_10922,1,0,0,,,triagem/nome-caixa-conversao 1.0.0,35,ok
178691,per178691_1914_10922,2,1,1,caixa de conver,28867,triagem/nome-caixa-conversao 1.0.0,35,ok
178691,per178691_1914_10922,3,0,0,,,triagem/nome-caixa-conversao 1.0.0,35,ok
178691,per178691_1914_10922,4,0,0,,,triagem/nome-caixa-conversao 1.0.0,35,ok
178691,per178691_1914_10922,5,0,0,,,triagem/nome-caixa-conversao 1.0.0,35,ok
178691,per178691_1914_10922,6,1,1,caixa de conver,28427,triagem/nome-caixa-conversao 1.0.0,35,ok
178691,per178691_1914_10922,7,0,0,,,triagem/nome-caixa-conversao 1.0.0,35,ok
178691,per178691_1914_10922,8,0,0,,,triagem/nome-caixa-conversao 1.0.0,35,ok
178691,per178691_1914_10922,9,0,0,,,triagem/nome-caixa-conversao 1.0.0,35,ok
178691,per178691_1914_10922,10,0,0,,,triagem/nome-caixa-conversao 1.0.0,35,ok
178691,per178691_1914_10922,11,0,0,,,triagem/nome-caixa-conversao 1.0.0,35,ok
178691,per178691_1914_10922,12,0,0,,,triagem/nome-caixa-conversao 1.0.0,35,ok
178691,per178691_1914_10922,13,0,0,,,triagem/nome-caixa-conversao 1.0.0,35,ok
178691,per178691_1914_10922,14,0,0,,,triagem/nome-caixa-conversao 1.0.0,35,ok
178691,per178691_1914_10922,15,0,0,,,triagem/nome-caixa-conversao 1.0.0,35,ok
178691,per178691_1914_10922,16,0,0,,,triagem/nome-caixa-conversao 1.0.0,35,ok
178691,per178691_1914_10922,17,0,0,,,triagem/nome-caixa-conversao 1.0.0,35,ok
178691,per178691_1914_10922,18,0,0,,,triagem/nome-caixa-conversao 1.0.0,35,ok
178691,per178691_1914_10922,19,0,0,,,triagem/nome-caixa-conversao 1.0.0,35,ok
178691,per178691_1914_10922,20,0,0,,,triagem/nome-caixa-conversao 1.0.0,35,ok
178691,per178691_1914_10922,21,1,1,caixa de conver,38476,triagem/nome-caixa-conversao 1.0.0,35,ok
178691,per178691_1914_10922,22,0,0,,,triagem/nome-caixa-conversao 1.0.0,35,ok
178691,per178691_1914_10922,23,0,0,,,triagem/nome-caixa-conversao 1.0.0,35,ok
178691,per178691_1914_10922,24,0,0,,,triagem/nome-caixa-conversao 1.0.0,35,ok
178691,per178691_1914_10923,1,0,0,,,triagem/nome-caixa-conversao 1.0.0,35,ok
178691,per178691_1914_10923,2,0,0,,,triagem/nome-caixa-conversao 1.0.0,35,ok
178691,per178691_1914_10923,3,1,4,caixa de conver,19972,triagem/nome-caixa-conversao 1.0.0,35,ok
178691,per178691_1914_10923,4,0,0,,,triagem/nome-caixa-conversao 1.0.0,35,ok
178691,per178691_1914_10923,5,0,0,,,triagem/nome-caixa-conversao 1.0.0,35,ok
178691,per178691_1914_10923,6,0,0,,,triagem/nome-caixa-conversao 1.0.0,35,ok
178691,per178691_1914_10923,7,0,0,,,triagem/nome-caixa-conversao 1.0.0,35,ok
178691,per178691_1914_10923,8,0,0,,,triagem/nome-caixa-conversao 1.0.0,35,ok
178691,per178691_1914_10923,9,0,0,,,triagem/nome-caixa-conversao 1.0.0,35,ok
178691,per178691_1914_10923,10,0,0,,,triagem/nome-caixa-conversao 1.0.0,35,ok
178691,per178691_1914_10924,1,0,0,,,triagem/nome-caixa-conversao 1.0.0,35,ok
178691,per178691_1914_10924,2,0,0,,,triagem/nome-caixa-conversao 1.0.0,35,ok
178691,per178691_1914_10924,3,0,0,,,triagem/nome-caixa-conversao 1.0.0,35,ok
178691,per178691_1914_10924,4,0,0,,,triagem/nome-caixa-conversao 1.0.0,35,ok
178691,per178691_1914_10924,5,0,0,,,triagem/nome-caixa-conversao 1.0.0,35,ok
178691,per178691_1914_10924,6,0,0,,,triagem/nome-caixa-conversao 1.0.0,35,ok
178691,per178691_1914_10924,7,0,0,,,triagem/nome-caixa-conversao 1.0.0,35,ok
178691,per178691_1914_10924,8,0,0,,,triagem/nome-caixa-conversao 1.0.0,35,ok
178691,per178691_1914_10924,9,0,0,,,triagem/nome-caixa-conversao 1.0.0,35,ok
178691,per178691_1914_10924,10,0,0,,,triagem/nome-caixa-conversao 1.0.0,35,ok
178691,per178691_1914_10924,11,0,0,,,triagem/nome-caixa-conversao 1.0.0,35,ok
178691,per178691_1914_10924,12,0,0,,,triagem/nome-caixa-conversao 1.0.0,35,ok
178691,per178691_1914_10924,13,0,0,,,triagem/nome-caixa-conversao 1.0.0,35,ok
178691,per178691_1914_10924,14,0,0,,,triagem/nome-caixa-conversao 1.0.0,35,ok
178691,per178691_1914_10924,15,0,0,,,triagem/nome-caixa-conversao 1.0.0,35,ok
178691,per178691_1914_10924,16,0,0,,,triagem/nome-caixa-conversao 1.0.0,35,ok
178691,per178691_1914_10925,1,0,0,,,triagem/nome-caixa-conversao 1.0.0,35,ok
178691,per178691_1914_10925,2,0,0,,,triagem/nome-caixa-conversao 1.0.0,35,ok
178691,per178691_1914_10925,3,0,0,,,triagem/nome-caixa-conversao 1.0.0,35,ok
178691,per178691_1914_10925,4,0,0,,,triagem/nome-caixa-conversao 1.0.0,35,ok
178691,per178691_1914_10925,5,0,0,,,triagem/nome-caixa-conversao 1.0.0,35,ok
178691,per178691_1914_10925,6,1,1,caixa de conver,31899,triagem/nome-caixa-conversao 1.0.0,35,ok
178691,per178691_1914_10925,7,0,0,,,triagem/nome-caixa-conversao 1.0.0,35,ok
178691,per178691_1914_10925,8,0,0,,,triagem/nome-caixa-conversao 1.0.0,35,ok
178691,per178691_1914_10925,9,0,0,,,triagem/nome-caixa-conversao 1.0.0,35,ok
178691,per178691_1914_10925,10,0,0,,,triagem/nome-caixa-conversao 1.0.0,35,ok
178691,per178691_1914_10925,11,0,0,,,triagem/nome-caixa-conversao 1.0.0,35,ok
178691,per178691_1914_10925,12,0,0,,,triagem/nome-caixa-conversao 1.0.0,35,ok
178691,per178691_1914_10925,13,0,0,,,triagem/nome-caixa-conversao 1.0.0,35,ok
178691,per178691_1914_10925,14,0,0,,,triagem/nome-caixa-conversao 1.0.0,35,ok
178691,per178691_1914_10925,15,0,0,,,triagem/nome-caixa-conversao 1.0.0,35,ok
178691,per178691_1914_10925,16,0,0,,,triagem/nome-caixa-conversao 1.0.0,35,ok
178691,per178691_1914_10925,17,0,0,,,triagem/nome-caixa-conversao 1.0.0,35,ok
178691,per178691_1914_10925,18,0,0,,,triagem/nome-caixa-conversao 1.0.0,35,ok
178691,per178691_1914_10926,1,0,0,,,triagem/nome-caixa-conversao 1.0.0,35,ok
178691,per178691_1914_10926,2,0,0,,,triagem/nome-caixa-conversao 1.0.0,35,ok
178691,per178691_1914_10926,3,0,0,,,triagem/nome-caixa-conversao 1.0.0,35,ok
178691,per178691_1914_10926,4,0,0,,,triagem/nome-caixa-conversao 1.0.0,35,ok
178691,per178691_1914_10926,5,0,0,,,triagem/nome-caixa-conversao 1.0.0,35,ok
178691,per178691_1914_10926,6,0,0,,,triagem/nome-caixa-conversao 1.0.0,35,ok
178691,per178691_1914_10926,7,0,0,,,triagem/nome-caixa-conversao 1.0.0,35,ok
178691,per178691_1914_10926,8,0,0,,,triagem/nome-caixa-conversao 1.0.0,35,ok
178691,per178691_1914_10926,9,0,0,,,triagem/nome-caixa-conversao 1.0.0,35,ok
178691,per178691_1914_10926,10,0,0,,,triagem/nome-caixa-conversao 1.0.0,35,ok
178691,per178691_1914_10926,11,0,0,,,triagem/nome-caixa-conversao 1.0.0,35,ok
178691,per178691_1914_10926,12,0,0,,,triagem/nome-caixa-conversao 1.0.0,35,ok
178691,per178691_1914_10927,1,0,0,,,triagem/nome-caixa-conversao 1.0.0,35,ok
178691,per178691_1914_10927,2,0,0,,,triagem/nome-caixa-conversao 1.0.0,35,ok
178691,per178691_1914_10927,3,0,0,,,triagem/nome-caixa-conversao 1.0.0,35,ok
178691,per178691_1914_10927,4,0,0,,,triagem/nome-caixa-conversao 1.0.0,35,ok
178691,per178691_1914_10927,5,0,0,,,triagem/nome-caixa-conversao 1.0.0,35,ok
178691,per178691_1914_10927,6,0,0,,,triagem/nome-caixa-conversao 1.0.0,35,ok
178691,per178691_1914_10927,7,0,0,,,triagem/nome-caixa-conversao 1.0.0,35,ok
178691,per178691_1914_10927,8,0,0,,,triagem/nome-caixa-conversao 1.0.0,35,ok
178691,per178691_1914_10927,9,0,0,,,triagem/nome-caixa-conversao 1.0.0,35,ok
178691,per178691_1914_10927,10,0,0,,,triagem/nome-caixa-conversao 1.0.0,35,ok
178691,per178691_1914_10927,11,0,0,,,triagem/nome-caixa-conversao 1.0.0,35,ok
178691,per178691_1914_10927,12,0,0,,,triagem/nome-caixa-conversao 1.0.0,35,ok
178691,per178691_1914_10928,1,0,0,,,triagem/nome-caixa-conversao 1.0.0,35,ok
178691,per178691_1914_10928,2,0,0,,,triagem/nome-caixa-conversao 1.0.0,35,ok
178691,per178691_1914_10928,3,0,0,,,triagem/nome-caixa-conversao 1.0.0,35,ok
178691,per178691_1914_10928,4,0,0,,,triagem/nome-caixa-conversao 1.0.0,35,ok
178691,per178691_1914_10928,5,0,0,,,triagem/nome-caixa-conversao 1.0.0,35,ok
178691,per178691_1914_10928,6,0,0,,,triagem/nome-caixa-conversao 1.0.0,35,ok
178691,per178691_1914_10928,7,0,0,,,triagem/nome-caixa-conversao 1.0.0,35,ok
178691,per178691_1914_10928,8,0,0,,,triagem/nome-caixa-conversao 1.0.0,35,ok
178691,per178691_1914_10928,9,0,0,,,triagem/nome-caixa-conversao 1.0.0,35,ok
178691,per178691_1914_10928,10,0,0,,,triagem/nome-caixa-conversao 1.0.0,35,ok
178691,per178691_1914_10929,1,0,0,,,triagem/nome-caixa-conversao 1.0.0,35,ok
178691,per178691_1914_10929,2,0,0,,,triagem/nome-caixa-conversao 1.0.0,35,ok
178691,per178691_1914_10929,3,0,0,,,triagem/nome-caixa-conversao 1.0.0,35,ok
178691,per178691_1914_10929,4,0,0,,,triagem/nome-caixa-conversao 1.0.0,35,ok
178691,per178691_1914_10929,5,0,0,,,triagem/nome-caixa-conversao 1.0.0,35,ok
178691,per178691_1914_10929,6,0,0,,,triagem/nome-caixa-conversao 1.0.0,35,ok
178691,per178691_1914_10929,7,0,0,,,triagem/nome-caixa-conversao 1.0.0,35,ok
178691,per178691_1914_10929,8,0,0,,,triagem/nome-caixa-conversao 1.0.0,35,ok
178691,per178691_1914_10929,9,0,0,,,triagem/nome-caixa-conversao 1.0.0,35,ok
178691,per178691_1914_10929,10,0,0,,,triagem/nome-caixa-conversao 1.0.0,35,ok
178691,per178691_1914_10930,1,0,0,,,triagem/nome-caixa-conversao 1.0.0,35,ok
178691,per178691_1914_10930,2,0,0,,,triagem/nome-caixa-conversao 1.0.0,35,ok
178691,per178691_1914_10930,3,1,1,caixa de conver,18222,triagem/nome-caixa-conversao 1.0.0,35,ok
178691,per178691_1914_10930,4,0,0,,,triagem/nome-caixa-conversao 1.0.0,35,ok
178691,per178691_1914_10930,5,0,0,,,triagem/nome-caixa-conversao 1.0.0,35,ok
178691,per178691_1914_10930,6,0,0,,,triagem/nome-caixa-conversao 1.0.0,35,ok
178691,per178691_1914_10930,7,0,0,,,triagem/nome-caixa-conversao 1.0.0,35,ok
178691,per178691_1914_10930,8,0,0,,,triagem/nome-caixa-conversao 1.0.0,35,ok
178691,per178691_1914_10930,9,0,0,,,triagem/nome-caixa-conversao 1.0.0,35,ok
178691,per178691_1914_10930,10,0,0,,,triagem/nome-caixa-conversao 1.0.0,35,ok
178691,per178691_1914_10930,11,0,0,,,triagem/nome-caixa-conversao 1.0.0,35,ok
178691,per178691_1914_10930,12,0,0,,,triagem/nome-caixa-conversao 1.0.0,35,ok
178691,per178691_1914_10931,1,0,0,,,triagem/nome-caixa-conversao 1.0.0,35,ok
178691,per178691_1914_10931,2,0,0,,,triagem/nome-caixa-conversao 1.0.0,35,ok
178691,per178691_1914_10931,3,0,0,,,triagem/nome-caixa-conversao 1.0.0,35,ok
178691,per178691_1914_10931,4,0,0,,,triagem/nome-caixa-conversao 1.0.0,35,ok
178691,per178691_1914_10931,5,0,0,,,triagem/nome-caixa-conversao 1.0.0,35,ok
178691,per178691_1914_10931,6,1,1,caixa de conver,16848,triagem/nome-caixa-conversao 1.0.0,35,ok
178691,per178691_1914_10931,7,0,0,,,triagem/nome-caixa-conversao 1.0.0,35,ok
178691,per178691_1914_10931,8,0,0,,,triagem/nome-caixa-conversao 1.0.0,35,ok
178691,per178691_1914_10931,9,0,0,,,triagem/nome-caixa-conversao 1.0.0,35,ok
178691,per178691_1914_10931,10,0,0,,,triagem/nome-caixa-conversao 1.0.0,35,ok
178691,per178691_1914_10932,1,0,0,,,triagem/nome-caixa-conversao 1.0.0,35,ok
178691,per178691_1914_10932,2,0,0,,,triagem/nome-caixa-conversao 1.0.0,35,ok
178691,per178691_1914_10932,3,0,0,,,triagem/nome-caixa-conversao 1.0.0,35,ok
178691,per178691_1914_10932,4,0,0,,,triagem/nome-caixa-conversao 1.0.0,35,ok
178691,per178691_1914_10932,5,0,0,,,triagem/nome-caixa-conversao 1.0.0,35,ok
178691,per178691_1914_10932,6,0,0,,,triagem/nome-caixa-conversao 1.0.0,35,ok
178691,per178691_1914_10932,7,0,0,,,triagem/nome-caixa-conversao 1.0.0,35,ok
178691,per178691_1914_10932,8,0,0,,,triagem/nome-caixa-conversao 1.0.0,35,ok
178691,per178691_1914_10932,9,0,0,,,triagem/nome-caixa-conversao 1.0.0,35,ok
178691,per178691_1914_10932,10,0,0,,,triagem/nome-caixa-conversao 1.0.0,35,ok
178691,per178691_1914_10933,1,0,0,,,triagem/nome-caixa-conversao 1.0.0,35,ok
178691,per178691_1914_10933,2,0,0,,,triagem/nome-caixa-conversao 1.0.0,35,ok
178691,per178691_1914_10933,3,0,0,,,triagem/nome-caixa-conversao 1.0.0,35,ok
178691,per178691_1914_10933,4,0,0,,,triagem/nome-caixa-conversao 1.0.0,35,ok
178691,per178691_1914_10933,5,0,0,,,triagem/nome-caixa-conversao 1.0.0,35,ok
178691,per178691_1914_10933,6,0,0,,,triagem/nome-caixa-conversao 1.0.0,35,ok
178691,per178691_1914_10933,7,0,0,,,triagem/nome-caixa-conversao 1.0.0,35,ok
178691,per178691_1914_10933,8,0,0,,,triagem/nome-caixa-conversao 1.0.0,35,ok
178691,per178691_1914_10933,9,0,0,,,triagem/nome-caixa-conversao 1.0.0,35,ok
178691,per178691_1914_10933,10,0,0,,,triagem/nome-caixa-conversao 1.0.0,35,ok
178691,per178691_1914_10933,11,0,0,,,triagem/nome-caixa-conversao 1.0.0,35,ok
178691,per178691_1914_10933,12,0,0,,,triagem/nome-caixa-conversao 1.0.0,35,ok
178691,per178691_1914_10933,13,0,0,,,triagem/nome-caixa-conversao 1.0.0,35,ok
178691,per178691_1914_10933,14,0,0,,,triagem/nome-caixa-conversao 1.0.0,35,ok
178691,per178691_1914_10933,15,0,0,,,triagem/nome-caixa-conversao 1.0.0,35,ok
178691,per178691_1914_10933,16,0,0,,,triagem/nome-caixa-conversao 1.0.0,35,ok
178691,per178691_1914_10934,1,0,0,,,triagem/nome-caixa-conversao 1.0.0,35,ok
178691,per178691_1914_10934,2,0,0,,,triagem/nome-caixa-conversao 1.0.0,35,ok
178691,per178691_1914_10934,3,0,0,,,triagem/nome-caixa-conversao 1.0.0,35,ok
178691,per178691_1914_10934,4,0,0,,,triagem/nome-caixa-conversao 1.0.0,35,ok
178691,per178691_1914_10934,5,1,1,caixa deconver,17606,triagem/nome-caixa-conversao 1.0.0,35,ok
178691,per178691_1914_10934,6,0,0,,,triagem/nome-caixa-conversao 1.0.0,35,ok
178691,per178691_1914_10934,7,0,0,,,triagem/nome-caixa-conversao 1.0.0,35,ok
178691,per178691_1914_10934,8,0,0,,,triagem/nome-caixa-conversao 1.0.0,35,ok
178691,per178691_1914_10934,9,0,0,,,triagem/nome-caixa-conversao 1.0.0,35,ok
178691,per178691_1914_10934,10,0,0,,,triagem/nome-caixa-conversao 1.0.0,35,ok
178691,per178691_1914_10934,11,0,0,,,triagem/nome-caixa-conversao 1.0.0,35,ok
178691,per178691_1914_10934,12,0,0,,,triagem/nome-caixa-conversao 1.0.0,35,ok
178691,per178691_1914_10934,13,0,0,,,triagem/nome-caixa-conversao 1.0.0,35,ok
178691,per178691_1914_10934,14,0,0,,,triagem/nome-caixa-conversao 1.0.0,35,ok
178691,per178691_1914_10934,15,0,0,,,triagem/nome-caixa-conversao 1.0.0,35,ok
178691,per178691_1914_10934,16,0,0,,,triagem/nome-caixa-conversao 1.0.0,35,ok
178691,per178691_1914_10934,17,0,0,,,triagem/nome-caixa-conversao 1.0.0,35,ok
178691,per178691_1914_10934,18,0,0,,,triagem/nome-caixa-conversao 1.0.0,35,ok
178691,per178691_1914_10934,19,0,0,,,triagem/nome-caixa-conversao 1.0.0,35,ok
178691,per178691_1914_10934,20,0,0,,,triagem/nome-caixa-conversao 1.0.0,35,ok
178691,per178691_1914_10934,21,0,0,,,triagem/nome-caixa-conversao 1.0.0,35,ok
178691,per178691_1914_10934,22,0,0,,,triagem/nome-caixa-conversao 1.0.0,35,ok
178691,per178691_1914_10934,23,0,0,,,triagem/nome-caixa-conversao 1.0.0,35,ok
178691,per178691_1914_10934,24,0,0,,,triagem/nome-caixa-conversao 1.0.0,35,ok
178691,per178691_1914_10934,25,0,0,,,triagem/nome-caixa-conversao 1.0.0,35,ok
178691,per178691_1914_10934,26,0,0,,,triagem/nome-caixa-conversao 1.0.0,35,ok
178691,per178691_1914_10934,27,0,0,,,triagem/nome-caixa-conversao 1.0.0,35,ok
178691,per178691_1914_10934,28,0,0,,,triagem/nome-caixa-conversao 1.0.0,35,ok
178691,per178691_1914_10934,29,0,0,,,triagem/nome-caixa-conversao 1.0.0,35,ok
178691,per178691_1914_10934,30,0,0,,,triagem/nome-caixa-conversao 1.0.0,35,ok
178691,per178691_1914_10934,31,0,0,,,triagem/nome-caixa-conversao 1.0.0,35,ok
178691,per178691_1914_10934,32,0,0,,,triagem/nome-caixa-conversao 1.0.0,35,ok
178691,per178691_1914_10934,33,0,0,,,triagem/nome-caixa-conversao 1.0.0,35,ok
178691,per178691_1914_10934,34,0,0,,,triagem/nome-caixa-conversao 1.0.0,35,ok
178691,per178691_1914_10934,35,0,0,,,triagem/nome-caixa-conversao 1.0.0,35,ok
178691,per178691_1914_10934,36,0,0,,,triagem/nome-caixa-conversao 1.0.0,35,ok
178691,per178691_1914_10934,37,1,1,caixa de conver,35991,triagem/nome-caixa-conversao 1.0.0,35,ok
178691,per178691_1914_10934,38,0,0,,,triagem/nome-caixa-conversao 1.0.0,35,ok
178691,per178691_1914_10934,39,0,0,,,triagem/nome-caixa-conversao 1.0.0,35,ok
178691,per178691_1914_10934,40,0,0,,,triagem/nome-caixa-conversao 1.0.0,35,ok
178691,per178691_1914_10935,1,0,0,,,triagem/nome-caixa-conversao 1.0.0,35,ok
178691,per178691_1914_10935,2,0,0,,,triagem/nome-caixa-conversao 1.0.0,35,ok
178691,per178691_1914_10935,3,0,0,,,triagem/nome-caixa-conversao 1.0.0,35,ok
178691,per178691_1914_10935,4,0,0,,,triagem/nome-caixa-conversao 1.0.0,35,ok
178691,per178691_1914_10935,5,0,0,,,triagem/nome-caixa-conversao 1.0.0,35,ok
178691,per178691_1914_10935,6,0,0,,,triagem/nome-caixa-conversao 1.0.0,35,ok
178691,per178691_1914_10935,7,0,0,,,triagem/nome-caixa-conversao 1.0.0,35,ok
178691,per178691_1914_10935,8,0,0,,,triagem/nome-caixa-conversao 1.0.0,35,ok
178691,per178691_1914_10935,9,0,0,,,triagem/nome-caixa-conversao 1.0.0,35,ok
178691,per178691_1914_10935,10,0,0,,,triagem/nome-caixa-conversao 1.0.0,35,ok
178691,per178691_1914_10935,11,0,0,,,triagem/nome-caixa-conversao 1.0.0,35,ok
178691,per178691_1914_10935,12,0,0,,,triagem/nome-caixa-conversao 1.0.0,35,ok
178691,per178691_1914_10936,1,0,0,,,triagem/nome-caixa-conversao 1.0.0,35,ok
178691,per178691_1914_10936,2,0,0,,,triagem/nome-caixa-conversao 1.0.0,35,ok
178691,per178691_1914_10936,3,0,0,,,triagem/nome-caixa-conversao 1.0.0,35,ok
178691,per178691_1914_10936,4,0,0,,,triagem/nome-caixa-conversao 1.0.0,35,ok
178691,per178691_1914_10936,5,0,0,,,triagem/nome-caixa-conversao 1.0.0,35,ok
178691,per178691_1914_10936,6,0,0,,,triagem/nome-caixa-conversao 1.0.0,35,ok
178691,per178691_1914_10936,7,0,0,,,triagem/nome-caixa-conversao 1.0.0,35,ok
178691,per178691_1914_10936,8,0,0,,,triagem/nome-caixa-conversao 1.0.0,35,ok
178691,per178691_1914_10936,9,0,0,,,triagem/nome-caixa-conversao 1.0.0,35,ok
178691,per178691_1914_10936,10,0,0,,,triagem/nome-caixa-conversao 1.0.0,35,ok
178691,per178691_1914_10936,11,0,0,,,triagem/nome-caixa-conversao 1.0.0,35,ok
178691,per178691_1914_10936,12,0,0,,,triagem/nome-caixa-conversao 1.0.0,35,ok
178691,per178691_1914_10936,13,0,0,,,triagem/nome-caixa-conversao 1.0.0,35,ok
178691,per178691_1914_10936,14,0,0,,,triagem/nome-caixa-conversao 1.0.0,35,ok
178691,per178691_1914_10936,15,0,0,,,triagem/nome-caixa-conversao 1.0.0,35,ok
178691,per178691_1914_10936,16,0,0,,,triagem/nome-caixa-conversao 1.0.0,35,ok
178691,per178691_1914_10937,1,0,0,,,triagem/nome-caixa-conversao 1.0.0,35,ok
178691,per178691_1914_10937,2,0,0,,,triagem/nome-caixa-conversao 1.0.0,35,ok
178691,per178691_1914_10937,3,0,0,,,triagem/nome-caixa-conversao 1.0.0,35,ok
178691,per178691_1914_10937,4,0,0,,,triagem/nome-caixa-conversao 1.0.0,35,ok
178691,per178691_1914_10937,5,0,0,,,triagem/nome-caixa-conversao 1.0.0,35,ok
178691,per178691_1914_10937,6,1,1,caixade conver,37063,triagem/nome-caixa-conversao 1.0.0,35,ok
178691,per178691_1914_10937,7,0,0,,,triagem/nome-caixa-conversao 1.0.0,35,ok
178691,per178691_1914_10937,8,0,0,,,triagem/nome-caixa-conversao 1.0.0,35,ok
178691,per178691_1914_10937,9,0,0,,,triagem/nome-caixa-conversao 1.0.0,35,ok
178691,per178691_1914_10937,10,0,0,,,triagem/nome-caixa-conversao 1.0.0,35,ok
178691,per178691_1914_10937,11,0,0,,,triagem/nome-caixa-conversao 1.0.0,35,ok
178691,per178691_1914_10937,12,0,0,,,triagem/nome-caixa-conversao 1.0.0,35,ok
178691,per178691_1914_10938,1,0,0,,,triagem/nome-caixa-conversao 1.0.0,35,ok
178691,per178691_1914_10938,2,0,0,,,triagem/nome-caixa-conversao 1.0.0,35,ok
178691,per178691_1914_10938,3,1,1,caixa de conver,5344,triagem/nome-caixa-conversao 1.0.0,35,ok
178691,per178691_1914_10938,4,0,0,,,triagem/nome-caixa-conversao 1.0.0,35,ok
178691,per178691_1914_10938,5,0,0,,,triagem/nome-caixa-conversao 1.0.0,35,ok
178691,per178691_1914_10938,6,0,0,,,triagem/nome-caixa-conversao 1.0.0,35,ok
178691,per178691_1914_10938,7,0,0,,,triagem/nome-caixa-conversao 1.0.0,35,ok
178691,per178691_1914_10938,8,0,0,,,triagem/nome-caixa-conversao 1.0.0,35,ok
178691,per178691_1914_10938,9,1,1,caixa deconver,26654,triagem/nome-caixa-conversao 1.0.0,35,ok
178691,per178691_1914_10938,10,0,0,,,triagem/nome-caixa-conversao 1.0.0,35,ok
178691,per178691_1914_10938,11,0,0,,,triagem/nome-caixa-conversao 1.0.0,35,ok
178691,per178691_1914_10938,12,0,0,,,triagem/nome-caixa-conversao 1.0.0,35,ok
178691,per178691_1914_10939,1,0,0,,,triagem/nome-caixa-conversao 1.0.0,35,ok
178691,per178691_1914_10939,2,0,0,,,triagem/nome-caixa-conversao 1.0.0,35,ok
178691,per178691_1914_10939,3,0,0,,,triagem/nome-caixa-conversao 1.0.0,35,ok
178691,per178691_1914_10939,4,0,0,,,triagem/nome-caixa-conversao 1.0.0,35,ok
178691,per178691_1914_10939,5,0,0,,,triagem/nome-caixa-conversao 1.0.0,35,ok
178691,per178691_1914_10939,6,0,0,,,triagem/nome-caixa-conversao 1.0.0,35,ok
178691,per178691_1914_10939,7,0,0,,,triagem/nome-caixa-conversao 1.0.0,35,ok
178691,per178691_1914_10939,8,0,0,,,triagem/nome-caixa-conversao 1.0.0,35,ok
178691,per178691_1914_10939,9,0,0,,,triagem/nome-caixa-conversao 1.0.0,35,ok
178691,per178691_1914_10939,10,0,0,,,triagem/nome-caixa-conversao 1.0.0,35,ok
178691,per178691_1914_10940,1,0,0,,,triagem/nome-caixa-conversao 1.0.0,35,ok
178691,per178691_1914_10940,2,0,0,,,triagem/nome-caixa-conversao 1.0.0,35,ok
178691,per178691_1914_10940,3,0,0,,,triagem/nome-caixa-conversao 1.0.0,35,ok
178691,per178691_1914_10940,4,0,0,,,triagem/nome-caixa-conversao 1.0.0,35,ok
178691,per178691_1914_10940,5,0,0,,,triagem/nome-caixa-conversao 1.0.0,35,ok
178691,per178691_1914_10940,6,0,0,,,triagem/nome-caixa-conversao 1.0.0,35,ok
178691,per178691_1914_10940,7,0,0,,,triagem/nome-caixa-conversao 1.0.0,35,ok
178691,per178691_1914_10940,8,0,0,,,triagem/nome-caixa-conversao 1.0.0,35,ok
178691,per178691_1914_10940,9,0,0,,,triagem/nome-caixa-conversao 1.0.0,35,ok
178691,per178691_1914_10940,10,0,0,,,triagem/nome-caixa-conversao 1.0.0,35,ok
178691,per178691_1914_10940,11,0,0,,,triagem/nome-caixa-conversao 1.0.0,35,ok
178691,per178691_1914_10940,12,0,0,,,triagem/nome-caixa-conversao 1.0.0,35,ok
178691,per178691_1914_10940,13,0,0,,,triagem/nome-caixa-conversao 1.0.0,35,ok
178691,per178691_1914_10940,14,0,0,,,triagem/nome-caixa-conversao 1.0.0,35,ok
178691,per178691_1914_10941,1,0,0,,,triagem/nome-caixa-conversao 1.0.0,35,ok
178691,per178691_1914_10941,2,0,0,,,triagem/nome-caixa-conversao 1.0.0,35,ok
178691,per178691_1914_10941,3,0,0,,,triagem/nome-caixa-conversao 1.0.0,35,ok
178691,per178691_1914_10941,4,0,0,,,triagem/nome-caixa-conversao 1.0.0,35,ok
178691,per178691_1914_10941,5,0,0,,,triagem/nome-caixa-conversao 1.0.0,35,ok
178691,per178691_1914_10941,6,1,1,caixa de conver,4081,triagem/nome-caixa-conversao 1.0.0,35,ok
178691,per178691_1914_10941,7,0,0,,,triagem/nome-caixa-conversao 1.0.0,35,ok
178691,per178691_1914_10941,8,0,0,,,triagem/nome-caixa-conversao 1.0.0,35,ok
178691,per178691_1914_10942,1,0,0,,,triagem/nome-caixa-conversao 1.0.0,35,ok
178691,per178691_1914_10942,2,0,0,,,triagem/nome-caixa-conversao 1.0.0,35,ok
178691,per178691_1914_10942,3,1,1,caixa de conver,13083,triagem/nome-caixa-conversao 1.0.0,35,ok
178691,per178691_1914_10942,4,0,0,,,triagem/nome-caixa-conversao 1.0.0,35,ok
178691,per178691_1914_10942,5,0,0,,,triagem/nome-caixa-conversao 1.0.0,35,ok
178691,per178691_1914_10942,6,0,0,,,triagem/nome-caixa-conversao 1.0.0,35,ok
178691,per178691_1914_10942,7,0,0,,,triagem/nome-caixa-conversao 1.0.0,35,ok
178691,per178691_1914_10942,8,0,0,,,triagem/nome-caixa-conversao 1.0.0,35,ok
178691,per178691_1914_10942,9,0,0,,,triagem/nome-caixa-conversao 1.0.0,35,ok
178691,per178691_1914_10942,10,0,0,,,triagem/nome-caixa-conversao 1.0.0,35,ok
178691,per178691_1914_10943,1,0,0,,,triagem/nome-caixa-conversao 1.0.0,35,ok
178691,per178691_1914_10943,2,1,1,caixa de conver,25611,triagem/nome-caixa-conversao 1.0.0,35,ok
178691,per178691_1914_10943,3,0,0,,,triagem/nome-caixa-conversao 1.0.0,35,ok
178691,per178691_1914_10943,4,0,0,,,triagem/nome-caixa-conversao 1.0.0,35,ok
178691,per178691_1914_10943,5,0,0,,,triagem/nome-caixa-conversao 1.0.0,35,ok
178691,per178691_1914_10943,6,0,0,,,triagem/nome-caixa-conversao 1.0.0,35,ok
178691,per178691_1914_10943,7,0,0,,,triagem/nome-caixa-conversao 1.0.0,35,ok
178691,per178691_1914_10943,8,0,0,,,triagem/nome-caixa-conversao 1.0.0,35,ok
178691,per178691_1914_10943,9,0,0,,,triagem/nome-caixa-conversao 1.0.0,35,ok
178691,per178691_1914_10943,10,0,0,,,triagem/nome-caixa-conversao 1.0.0,35,ok
178691,per178691_1914_10944,1,0,0,,,triagem/nome-caixa-conversao 1.0.0,35,ok
178691,per178691_1914_10944,2,0,0,,,triagem/nome-caixa-conversao 1.0.0,35,ok
178691,per178691_1914_10944,3,0,0,,,triagem/nome-caixa-conversao 1.0.0,35,ok
178691,per178691_1914_10944,4,0,0,,,triagem/nome-caixa-conversao 1.0.0,35,ok
178691,per178691_1914_10944,5,0,0,,,triagem/nome-caixa-conversao 1.0.0,35,ok
178691,per178691_1914_10944,6,0,0,,,triagem/nome-caixa-conversao 1.0.0,35,ok
178691,per178691_1914_10944,7,0,0,,,triagem/nome-caixa-conversao 1.0.0,35,ok
178691,per178691_1914_10944,8,0,0,,,triagem/nome-caixa-conversao 1.0.0,35,ok
178691,per178691_1914_10944,9,0,0,,,triagem/nome-caixa-conversao 1.0.0,35,ok
178691,per178691_1914_10944,10,0,0,,,triagem/nome-caixa-conversao 1.0.0,35,ok
178691,per178691_1914_10944,11,0,0,,,triagem/nome-caixa-conversao 1.0.0,35,ok
178691,per178691_1914_10944,12,0,0,,,triagem/nome-caixa-conversao 1.0.0,35,ok
178691,per178691_1914_10945,1,0,0,,,triagem/nome-caixa-conversao 1.0.0,35,ok
178691,per178691_1914_10945,2,0,0,,,triagem/nome-caixa-conversao 1.0.0,35,ok
178691,per178691_1914_10945,3,0,0,,,triagem/nome-caixa-conversao 1.0.0,35,ok
178691,per178691_1914_10945,4,0,0,,,triagem/nome-caixa-conversao 1.0.0,35,ok
178691,per178691_1914_10945,5,0,0,,,triagem/nome-caixa-conversao 1.0.0,35,ok
178691,per178691_1914_10945,6,0,0,,,triagem/nome-caixa-conversao 1.0.0,35,ok
178691,per178691_1914_10945,7,0,0,,,triagem/nome-caixa-conversao 1.0.0,35,ok
178691,per178691_1914_10945,8,0,0,,,triagem/nome-caixa-conversao 1.0.0,35,ok
178691,per178691_1914_10945,9,0,0,,,triagem/nome-caixa-conversao 1.0.0,35,ok
178691,per178691_1914_10945,10,0,0,,,triagem/nome-caixa-conversao 1.0.0,35,ok
178691,per178691_1914_10946,1,0,0,,,triagem/nome-caixa-conversao 1.0.0,35,ok
178691,per178691_1914_10946,2,0,0,,,triagem/nome-caixa-conversao 1.0.0,35,ok
178691,per178691_1914_10946,3,0,0,,,triagem/nome-caixa-conversao 1.0.0,35,ok
178691,per178691_1914_10946,4,0,0,,,triagem/nome-caixa-conversao 1.0.0,35,ok
178691,per178691_1914_10946,5,0,0,,,triagem/nome-caixa-conversao 1.0.0,35,ok
178691,per178691_1914_10946,6,0,0,,,triagem/nome-caixa-conversao 1.0.0,35,ok
178691,per178691_1914_10946,7,0,0,,,triagem/nome-caixa-conversao 1.0.0,35,ok
178691,per178691_1914_10946,8,0,0,,,triagem/nome-caixa-conversao 1.0.0,35,ok
178691,per178691_1914_10946,9,0,0,,,triagem/nome-caixa-conversao 1.0.0,35,ok
178691,per178691_1914_10946,10,0,0,,,triagem/nome-caixa-conversao 1.0.0,35,ok
178691,per178691_1914_10947,1,0,0,,,triagem/nome-caixa-conversao 1.0.0,35,ok
178691,per178691_1914_10947,2,0,0,,,triagem/nome-caixa-conversao 1.0.0,35,ok
178691,per178691_1914_10947,3,0,0,,,triagem/nome-caixa-conversao 1.0.0,35,ok
178691,per178691_1914_10947,4,0,0,,,triagem/nome-caixa-conversao 1.0.0,35,ok
178691,per178691_1914_10947,5,1,1,caixa deconver,5938,triagem/nome-caixa-conversao 1.0.0,35,ok
178691,per178691_1914_10947,6,0,0,,,triagem/nome-caixa-conversao 1.0.0,35,ok
178691,per178691_1914_10947,7,0,0,,,triagem/nome-caixa-conversao 1.0.0,35,ok
178691,per178691_1914_10947,8,0,0,,,triagem/nome-caixa-conversao 1.0.0,35,ok
178691,per178691_1914_10947,9,0,0,,,triagem/nome-caixa-conversao 1.0.0,35,ok
178691,per178691_1914_10947,10,0,0,,,triagem/nome-caixa-conversao 1.0.0,35,ok
178691,per178691_1914_10947,11,0,0,,,triagem/nome-caixa-conversao 1.0.0,35,ok
178691,per178691_1914_10947,12,0,0,,,triagem/nome-caixa-conversao 1.0.0,35,ok
178691,per178691_1914_10947,13,0,0,,,triagem/nome-caixa-conversao 1.0.0,35,ok
178691,per178691_1914_10947,14,0,0,,,triagem/nome-caixa-conversao 1.0.0,35,ok
178691,per178691_1914_10948,1,0,0,,,triagem/nome-caixa-conversao 1.0.0,35,ok
178691,per178691_1914_10948,2,0,0,,,triagem/nome-caixa-conversao 1.0.0,35,ok
178691,per178691_1914_10948,3,0,0,,,triagem/nome-caixa-conversao 1.0.0,35,ok
178691,per178691_1914_10948,4,0,0,,,triagem/nome-caixa-conversao 1.0.0,35,ok
178691,per178691_1914_10948,5,0,0,,,triagem/nome-caixa-conversao 1.0.0,35,ok
178691,per178691_1914_10948,6,0,0,,,triagem/nome-caixa-conversao 1.0.0,35,ok
178691,per178691_1914_10948,7,0,0,,,triagem/nome-caixa-conversao 1.0.0,35,ok
178691,per178691_1914_10948,8,0,0,,,triagem/nome-caixa-conversao 1.0.0,35,ok
178691,per178691_1914_10949,1,0,0,,,triagem/nome-caixa-conversao 1.0.0,35,ok
178691,per178691_1914_10949,2,0,0,,,triagem/nome-caixa-conversao 1.0.0,35,ok
178691,per178691_1914_10949,3,0,0,,,triagem/nome-caixa-conversao 1.0.0,35,ok
178691,per178691_1914_10949,4,0,0,,,triagem/nome-caixa-conversao 1.0.0,35,ok
178691,per178691_1914_10949,5,0,0,,,triagem/nome-caixa-conversao 1.0.0,35,ok
178691,per178691_1914_10949,6,0,0,,,triagem/nome-caixa-conversao 1.0.0,35,ok
178691,per178691_1914_10949,7,0,0,,,triagem/nome-caixa-conversao 1.0.0,35,ok
178691,per178691_1914_10949,8,0,0,,,triagem/nome-caixa-conversao 1.0.0,35,ok
178691,per178691_1914_10949,9,0,0,,,triagem/nome-caixa-conversao 1.0.0,35,ok
178691,per178691_1914_10949,10,0,0,,,triagem/nome-caixa-conversao 1.0.0,35,ok
178691,per178691_1914_10950,1,0,0,,,triagem/nome-caixa-conversao 1.0.0,35,ok
178691,per178691_1914_10950,2,0,0,,,triagem/nome-caixa-conversao 1.0.0,35,ok
178691,per178691_1914_10950,3,0,0,,,triagem/nome-caixa-conversao 1.0.0,35,ok
178691,per178691_1914_10950,4,0,0,,,triagem/nome-caixa-conversao 1.0.0,35,ok
178691,per178691_1914_10950,5,0,0,,,triagem/nome-caixa-conversao 1.0.0,35,ok
178691,per178691_1914_10950,6,0,0,,,triagem/nome-caixa-conversao 1.0.0,35,ok
178691,per178691_1914_10950,7,0,0,,,triagem/nome-caixa-conversao 1.0.0,35,ok
178691,per178691_1914_10950,8,0,0,,,triagem/nome-caixa-conversao 1.0.0,35,ok
178691,per178691_1914_10950,9,0,0,,,triagem/nome-caixa-conversao 1.0.0,35,ok
178691,per178691_1914_10950,10,0,0,,,triagem/nome-caixa-conversao 1.0.0,35,ok
178691,per178691_1914_10950,11,0,0,,,triagem/nome-caixa-conversao 1.0.0,35,ok
178691,per178691_1914_10950,12,0,0,,,triagem/nome-caixa-conversao 1.0.0,35,ok
178691,per178691_1914_10952,1,0,0,,,triagem/nome-caixa-conversao 1.0.0,35,ok
178691,per178691_1914_10952,2,0,0,,,triagem/nome-caixa-conversao 1.0.0,35,ok
178691,per178691_1914_10952,3,0,0,,,triagem/nome-caixa-conversao 1.0.0,35,ok
178691,per178691_1914_10952,4,0,0,,,triagem/nome-caixa-conversao 1.0.0,35,ok
178691,per178691_1914_10952,5,0,0,,,triagem/nome-caixa-conversao 1.0.0,35,ok
178691,per178691_1914_10952,6,0,0,,,triagem/nome-caixa-conversao 1.0.0,35,ok
178691,per178691_1914_10952,7,0,0,,,triagem/nome-caixa-conversao 1.0.0,35,ok
178691,per178691_1914_10952,8,0,0,,,triagem/nome-caixa-conversao 1.0.0,35,ok
178691,per178691_1914_10952,9,0,0,,,triagem/nome-caixa-conversao 1.0.0,35,ok
178691,per178691_1914_10952,10,0,0,,,triagem/nome-caixa-conversao 1.0.0,35,ok
178691,per178691_1914_10952,11,0,0,,,triagem/nome-caixa-conversao 1.0.0,35,ok
178691,per178691_1914_10952,12,0,0,,,triagem/nome-caixa-conversao 1.0.0,35,ok
178691,per178691_1914_10953,1,0,0,,,triagem/nome-caixa-conversao 1.0.0,35,ok
178691,per178691_1914_10953,2,1,2,caixa deconver,24154,triagem/nome-caixa-conversao 1.0.0,35,ok
178691,per178691_1914_10953,3,0,0,,,triagem/nome-caixa-conversao 1.0.0,35,ok
178691,per178691_1914_10953,4,0,0,,,triagem/nome-caixa-conversao 1.0.0,35,ok
178691,per178691_1914_10953,5,0,0,,,triagem/nome-caixa-conversao 1.0.0,35,ok
178691,per178691_1914_10953,6,0,0,,,triagem/nome-caixa-conversao 1.0.0,35,ok
178691,per178691_1914_10953,7,0,0,,,triagem/nome-caixa-conversao 1.0.0,35,ok
178691,per178691_1914_10953,8,0,0,,,triagem/nome-caixa-conversao 1.0.0,35,ok
178691,per178691_1914_10953,9,0,0,,,triagem/nome-caixa-conversao 1.0.0,35,ok
178691,per178691_1914_10953,10,0,0,,,triagem/nome-caixa-conversao 1.0.0,35,ok
178691,per178691_1914_10954,1,0,0,,,triagem/nome-caixa-conversao 1.0.0,35,ok
178691,per178691_1914_10954,2,0,0,,,triagem/nome-caixa-conversao 1.0.0,35,ok
178691,per178691_1914_10954,3,0,0,,,triagem/nome-caixa-conversao 1.0.0,35,ok
178691,per178691_1914_10954,4,0,0,,,triagem/nome-caixa-conversao 1.0.0,35,ok
178691,per178691_1914_10954,5,0,0,,,triagem/nome-caixa-conversao 1.0.0,35,ok
178691,per178691_1914_10954,6,0,0,,,triagem/nome-caixa-conversao 1.0.0,35,ok
178691,per178691_1914_10954,7,0,0,,,triagem/nome-caixa-conversao 1.0.0,35,ok
178691,per178691_1914_10954,8,0,0,,,triagem/nome-caixa-conversao 1.0.0,35,ok
178691,per178691_1914_10954,9,0,0,,,triagem/nome-caixa-conversao 1.0.0,35,ok
178691,per178691_1914_10954,10,0,0,,,triagem/nome-caixa-conversao 1.0.0,35,ok
178691,per178691_1914_10954,11,0,0,,,triagem/nome-caixa-conversao 1.0.0,35,ok
178691,per178691_1914_10954,12,0,0,,,triagem/nome-caixa-conversao 1.0.0,35,ok
178691,per178691_1914_10954,13,0,0,,,triagem/nome-caixa-conversao 1.0.0,35,ok
178691,per178691_1914_10954,14,0,0,,,triagem/nome-caixa-conversao 1.0.0,35,ok
178691,per178691_1914_10954,15,0,0,,,triagem/nome-caixa-conversao 1.0.0,35,ok
178691,per178691_1914_10954,16,0,0,,,triagem/nome-caixa-conversao 1.0.0,35,ok
178691,per178691_1914_10955,1,0,0,,,triagem/nome-caixa-conversao 1.0.0,35,ok
178691,per178691_1914_10955,2,0,0,,,triagem/nome-caixa-conversao 1.0.0,35,ok
178691,per178691_1914_10955,3,0,0,,,triagem/nome-caixa-conversao 1.0.0,35,ok
178691,per178691_1914_10955,4,0,0,,,triagem/nome-caixa-conversao 1.0.0,35,ok
178691,per178691_1914_10955,5,0,0,,,triagem/nome-caixa-conversao 1.0.0,35,ok
178691,per178691_1914_10955,6,0,0,,,triagem/nome-caixa-conversao 1.0.0,35,ok
178691,per178691_1914_10955,7,0,0,,,triagem/nome-caixa-conversao 1.0.0,35,ok
178691,per178691_1914_10955,8,0,0,,,triagem/nome-caixa-conversao 1.0.0,35,ok
178691,per178691_1914_10955,9,0,0,,,triagem/nome-caixa-conversao 1.0.0,35,ok
178691,per178691_1914_10955,10,0,0,,,triagem/nome-caixa-conversao 1.0.0,35,ok
178691,per178691_1914_10956,1,0,0,,,triagem/nome-caixa-conversao 1.0.0,35,ok
178691,per178691_1914_10956,2,0,0,,,triagem/nome-caixa-conversao 1.0.0,35,ok
178691,per178691_1914_10956,3,0,0,,,triagem/nome-caixa-conversao 1.0.0,35,ok
178691,per178691_1914_10956,4,0,0,,,triagem/nome-caixa-conversao 1.0.0,35,ok
178691,per178691_1914_10956,5,0,0,,,triagem/nome-caixa-conversao 1.0.0,35,ok
178691,per178691_1914_10956,6,0,0,,,triagem/nome-caixa-conversao 1.0.0,35,ok
178691,per178691_1914_10956,7,0,0,,,triagem/nome-caixa-conversao 1.0.0,35,ok
178691,per178691_1914_10956,8,0,0,,,triagem/nome-caixa-conversao 1.0.0,35,ok
178691,per178691_1914_10956,9,0,0,,,triagem/nome-caixa-conversao 1.0.0,35,ok
178691,per178691_1914_10956,10,0,0,,,triagem/nome-caixa-conversao 1.0.0,35,ok
178691,per178691_1914_10956,11,0,0,,,triagem/nome-caixa-conversao 1.0.0,35,ok
178691,per178691_1914_10956,12,0,0,,,triagem/nome-caixa-conversao 1.0.0,35,ok
178691,per178691_1914_10957,1,0,0,,,triagem/nome-caixa-conversao 1.0.0,35,ok
178691,per178691_1914_10957,2,0,0,,,triagem/nome-caixa-conversao 1.0.0,35,ok
178691,per178691_1914_10957,3,0,0,,,triagem/nome-caixa-conversao 1.0.0,35,ok
178691,per178691_1914_10957,4,1,1,caixade conver,22064,triagem/nome-caixa-conversao 1.0.0,35,ok
178691,per178691_1914_10957,5,1,2,caixa deconver,18277,triagem/nome-caixa-conversao 1.0.0,35,ok
178691,per178691_1914_10957,6,0,0,,,triagem/nome-caixa-conversao 1.0.0,35,ok
178691,per178691_1914_10957,7,0,0,,,triagem/nome-caixa-conversao 1.0.0,35,ok
178691,per178691_1914_10957,8,0,0,,,triagem/nome-caixa-conversao 1.0.0,35,ok
178691,per178691_1914_10957,9,0,0,,,triagem/nome-caixa-conversao 1.0.0,35,ok
178691,per178691_1914_10957,10,0,0,,,triagem/nome-caixa-conversao 1.0.0,35,ok
178691,per178691_1914_10957,11,0,0,,,triagem/nome-caixa-conversao 1.0.0,35,ok
178691,per178691_1914_10957,12,0,0,,,triagem/nome-caixa-conversao 1.0.0,35,ok
178691,per178691_1914_10958,1,0,0,,,triagem/nome-caixa-conversao 1.0.0,35,ok
178691,per178691_1914_10958,2,0,0,,,triagem/nome-caixa-conversao 1.0.0,35,ok
178691,per178691_1914_10958,3,0,0,,,triagem/nome-caixa-conversao 1.0.0,35,ok
178691,per178691_1914_10958,4,0,0,,,triagem/nome-caixa-conversao 1.0.0,35,ok
178691,per178691_1914_10958,5,0,0,,,triagem/nome-caixa-conversao 1.0.0,35,ok
178691,per178691_1914_10958,6,0,0,,,triagem/nome-caixa-conversao 1.0.0,35,ok
178691,per178691_1914_10958,7,0,0,,,triagem/nome-caixa-conversao 1.0.0,35,ok
178691,per178691_1914_10958,8,0,0,,,triagem/nome-caixa-conversao 1.0.0,35,ok
178691,per178691_1914_10958,9,0,0,,,triagem/nome-caixa-conversao 1.0.0,35,ok
178691,per178691_1914_10958,10,0,0,,,triagem/nome-caixa-conversao 1.0.0,35,ok
178691,per178691_1914_10958,11,0,0,,,triagem/nome-caixa-conversao 1.0.0,35,ok
178691,per178691_1914_10958,12,0,0,,,triagem/nome-caixa-conversao 1.0.0,35,ok
178691,per178691_1914_10958,13,0,0,,,triagem/nome-caixa-conversao 1.0.0,35,ok
178691,per178691_1914_10958,14,0,0,,,triagem/nome-caixa-conversao 1.0.0,35,ok
178691,per178691_1914_10958,15,0,0,,,triagem/nome-caixa-conversao 1.0.0,35,ok
178691,per178691_1914_10958,16,0,0,,,triagem/nome-caixa-conversao 1.0.0,35,ok
178691,per178691_1914_10958,17,0,0,,,triagem/nome-caixa-conversao 1.0.0,35,ok
178691,per178691_1914_10958,18,0,0,,,triagem/nome-caixa-conversao 1.0.0,35,ok
178691,per178691_1914_10958,19,0,0,,,triagem/nome-caixa-conversao 1.0.0,35,ok
178691,per178691_1914_10958,20,0,0,,,triagem/nome-caixa-conversao 1.0.0,35,ok
178691,per178691_1914_10958,21,0,0,,,triagem/nome-caixa-conversao 1.0.0,35,ok
178691,per178691_1914_10958,22,0,0,,,triagem/nome-caixa-conversao 1.0.0,35,ok
178691,per178691_1914_10959,1,0,0,,,triagem/nome-caixa-conversao 1.0.0,35,ok
178691,per178691_1914_10959,2,0,0,,,triagem/nome-caixa-conversao 1.0.0,35,ok
178691,per178691_1914_10959,3,0,0,,,triagem/nome-caixa-conversao 1.0.0,35,ok
178691,per178691_1914_10959,4,0,0,,,triagem/nome-caixa-conversao 1.0.0,35,ok
178691,per178691_1914_10959,5,0,0,,,triagem/nome-caixa-conversao 1.0.0,35,ok
178691,per178691_1914_10959,6,1,1,caixade conver,4361,triagem/nome-caixa-conversao 1.0.0,35,ok
178691,per178691_1914_10959,7,0,0,,,triagem/nome-caixa-conversao 1.0.0,35,ok
178691,per178691_1914_10959,8,0,0,,,triagem/nome-caixa-conversao 1.0.0,35,ok
178691,per178691_1914_10959,9,0,0,,,triagem/nome-caixa-conversao 1.0.0,35,ok
178691,per178691_1914_10959,10,0,0,,,triagem/nome-caixa-conversao 1.0.0,35,ok
178691,per178691_1914_10959,11,0,0,,,triagem/nome-caixa-conversao 1.0.0,35,ok
178691,per178691_1914_10959,12,0,0,,,triagem/nome-caixa-conversao 1.0.0,35,ok
178691,per178691_1914_10959,13,0,0,,,triagem/nome-caixa-conversao 1.0.0,35,ok
178691,per178691_1914_10959,14,0,0,,,triagem/nome-caixa-conversao 1.0.0,35,ok
178691,per178691_1914_10959,15,0,0,,,triagem/nome-caixa-conversao 1.0.0,35,ok
178691,per178691_1914_10959,16,0,0,,,triagem/nome-caixa-conversao 1.0.0,35,ok
178691,per178691_1914_10959,17,0,0,,,triagem/nome-caixa-conversao 1.0.0,35,ok
178691,per178691_1914_10959,18,0,0,,,triagem/nome-caixa-conversao 1.0.0,35,ok
178691,per178691_1914_10959,19,0,0,,,triagem/nome-caixa-conversao 1.0.0,35,ok
178691,per178691_1914_10959,20,0,0,,,triagem/nome-caixa-conversao 1.0.0,35,ok
178691,per178691_1914_10959,21,0,0,,,triagem/nome-caixa-conversao 1.0.0,35,ok
178691,per178691_1914_10959,22,0,0,,,triagem/nome-caixa-conversao 1.0.0,35,ok
178691,per178691_1914_10960,1,0,0,,,triagem/nome-caixa-conversao 1.0.0,35,ok
178691,per178691_1914_10960,2,0,0,,,triagem/nome-caixa-conversao 1.0.0,35,ok
178691,per178691_1914_10960,3,0,0,,,triagem/nome-caixa-conversao 1.0.0,35,ok
178691,per178691_1914_10960,4,0,0,,,triagem/nome-caixa-conversao 1.0.0,35,ok
178691,per178691_1914_10960,5,0,0,,,triagem/nome-caixa-conversao 1.0.0,35,ok
178691,per178691_1914_10960,6,0,0,,,triagem/nome-caixa-conversao 1.0.0,35,ok
178691,per178691_1914_10960,7,0,0,,,triagem/nome-caixa-conversao 1.0.0,35,ok
178691,per178691_1914_10960,8,0,0,,,triagem/nome-caixa-conversao 1.0.0,35,ok
178691,per178691_1914_10960,9,0,0,,,triagem/nome-caixa-conversao 1.0.0,35,ok
178691,per178691_1914_10960,10,0,0,,,triagem/nome-caixa-conversao 1.0.0,35,ok
178691,per178691_1914_10960,11,0,0,,,triagem/nome-caixa-conversao 1.0.0,35,ok
178691,per178691_1914_10960,12,0,0,,,triagem/nome-caixa-conversao 1.0.0,35,ok
178691,per178691_1914_10960,13,0,0,,,triagem/nome-caixa-conversao 1.0.0,35,ok
178691,per178691_1914_10960,14,0,0,,,triagem/nome-caixa-conversao 1.0.0,35,ok
178691,per178691_1914_10960,15,0,0,,,triagem/nome-caixa-conversao 1.0.0,35,ok
178691,per178691_1914_10960,16,0,0,,,triagem/nome-caixa-conversao 1.0.0,35,ok
178691,per178691_1914_10960,17,0,0,,,triagem/nome-caixa-conversao 1.0.0,35,ok
178691,per178691_1914_10960,18,0,0,,,triagem/nome-caixa-conversao 1.0.0,35,ok
178691,per178691_1914_10960,19,0,0,,,triagem/nome-caixa-conversao 1.0.0,35,ok
178691,per178691_1914_10960,20,0,0,,,triagem/nome-caixa-conversao 1.0.0,35,ok
178691,per178691_1914_10960,21,0,0,,,triagem/nome-caixa-conversao 1.0.0,35,ok
178691,per178691_1914_10960,22,0,0,,,triagem/nome-caixa-conversao 1.0.0,35,ok
178691,per178691_1914_10961,1,0,0,,,triagem/nome-caixa-conversao 1.0.0,35,ok
178691,per178691_1914_10961,2,0,0,,,triagem/nome-caixa-conversao 1.0.0,35,ok
178691,per178691_1914_10961,3,0,0,,,triagem/nome-caixa-conversao 1.0.0,35,ok
178691,per178691_1914_10961,4,0,0,,,triagem/nome-caixa-conversao 1.0.0,35,ok
178691,per178691_1914_10961,5,0,0,,,triagem/nome-caixa-conversao 1.0.0,35,ok
178691,per178691_1914_10961,6,0,0,,,triagem/nome-caixa-conversao 1.0.0,35,ok
178691,per178691_1914_10961,7,0,0,,,triagem/nome-caixa-conversao 1.0.0,35,ok
178691,per178691_1914_10961,8,0,0,,,triagem/nome-caixa-conversao 1.0.0,35,ok
178691,per178691_1914_10961,9,0,0,,,triagem/nome-caixa-conversao 1.0.0,35,ok
178691,per178691_1914_10961,10,0,0,,,triagem/nome-caixa-conversao 1.0.0,35,ok
178691,per178691_1914_10961,11,0,0,,,triagem/nome-caixa-conversao 1.0.0,35,ok
178691,per178691_1914_10961,12,0,0,,,triagem/nome-caixa-conversao 1.0.0,35,ok
178691,per178691_1914_10961,13,0,0,,,triagem/nome-caixa-conversao 1.0.0,35,ok
178691,per178691_1914_10961,14,0,0,,,triagem/nome-caixa-conversao 1.0.0,35,ok
178691,per178691_1914_10961,15,0,0,,,triagem/nome-caixa-conversao 1.0.0,35,ok
178691,per178691_1914_10961,16,0,0,,,triagem/nome-caixa-conversao 1.0.0,35,ok
178691,per178691_1914_10962,1,0,0,,,triagem/nome-caixa-conversao 1.0.0,35,ok
178691,per178691_1914_10962,2,0,0,,,triagem/nome-caixa-conversao 1.0.0,35,ok
178691,per178691_1914_10962,3,0,0,,,triagem/nome-caixa-conversao 1.0.0,35,ok
178691,per178691_1914_10962,4,0,0,,,triagem/nome-caixa-conversao 1.0.0,35,ok
178691,per178691_1914_10962,5,1,1,caixade conver,3066,triagem/nome-caixa-conversao 1.0.0,35,ok
178691,per178691_1914_10962,6,0,0,,,triagem/nome-caixa-conversao 1.0.0,35,ok
178691,per178691_1914_10962,7,0,0,,,triagem/nome-caixa-conversao 1.0.0,35,ok
178691,per178691_1914_10962,8,0,0,,,triagem/nome-caixa-conversao 1.0.0,35,ok
178691,per178691_1914_10962,9,0,0,,,triagem/nome-caixa-conversao 1.0.0,35,ok
178691,per178691_1914_10962,10,0,0,,,triagem/nome-caixa-conversao 1.0.0,35,ok
178691,per178691_1914_10963,1,0,0,,,triagem/nome-caixa-conversao 1.0.0,35,ok
178691,per178691_1914_10963,2,1,1,caixa deconver,24603,triagem/nome-caixa-conversao 1.0.0,35,ok
178691,per178691_1914_10963,3,0,0,,,triagem/nome-caixa-conversao 1.0.0,35,ok
178691,per178691_1914_10963,4,1,1,caixa de conver,2202,triagem/nome-caixa-conversao 1.0.0,35,ok
178691,per178691_1914_10963,5,1,1,caixa deconver,22008,triagem/nome-caixa-conversao 1.0.0,35,ok
178691,per178691_1914_10963,6,0,0,,,triagem/nome-caixa-conversao 1.0.0,35,ok
178691,per178691_1914_10963,7,1,1,caixa deconver,2374,triagem/nome-caixa-conversao 1.0.0,35,ok
178691,per178691_1914_10963,8,0,0,,,triagem/nome-caixa-conversao 1.0.0,35,ok
178691,per178691_1914_10963,9,0,0,,,triagem/nome-caixa-conversao 1.0.0,35,ok
178691,per178691_1914_10963,10,0,0,,,triagem/nome-caixa-conversao 1.0.0,35,ok
178691,per178691_1914_10963,11,0,0,,,triagem/nome-caixa-conversao 1.0.0,35,ok
178691,per178691_1914_10963,12,0,0,,,triagem/nome-caixa-conversao 1.0.0,35,ok
178691,per178691_1914_10964,1,0,0,,,triagem/nome-caixa-conversao 1.0.0,35,ok
178691,per178691_1914_10964,2,0,0,,,triagem/nome-caixa-conversao 1.0.0,35,ok
178691,per178691_1914_10964,3,0,0,,,triagem/nome-caixa-conversao 1.0.0,35,ok
178691,per178691_1914_10964,4,0,0,,,triagem/nome-caixa-conversao 1.0.0,35,ok
178691,per178691_1914_10964,5,0,0,,,triagem/nome-caixa-conversao 1.0.0,35,ok
178691,per178691_1914_10964,6,0,0,,,triagem/nome-caixa-conversao 1.0.0,35,ok
178691,per178691_1914_10964,7,0,0,,,triagem/nome-caixa-conversao 1.0.0,35,ok
178691,per178691_1914_10964,8,0,0,,,triagem/nome-caixa-conversao 1.0.0,35,ok
178691,per178691_1914_10964,9,0,0,,,triagem/nome-caixa-conversao 1.0.0,35,ok
178691,per178691_1914_10964,10,0,0,,,triagem/nome-caixa-conversao 1.0.0,35,ok
178691,per178691_1914_10964,11,0,0,,,triagem/nome-caixa-conversao 1.0.0,35,ok
178691,per178691_1914_10964,12,0,0,,,triagem/nome-caixa-conversao 1.0.0,35,ok
178691,per178691_1914_10964,13,0,0,,,triagem/nome-caixa-conversao 1.0.0,35,ok
178691,per178691_1914_10964,14,0,0,,,triagem/nome-caixa-conversao 1.0.0,35,ok
178691,per178691_1914_10964,15,0,0,,,triagem/nome-caixa-conversao 1.0.0,35,ok
178691,per178691_1914_10964,16,0,0,,,triagem/nome-caixa-conversao 1.0.0,35,ok
178691,per178691_1914_10964,17,0,0,,,triagem/nome-caixa-conversao 1.0.0,35,ok
178691,per178691_1914_10964,18,0,0,,,triagem/nome-caixa-conversao 1.0.0,35,ok
178691,per178691_1914_10964,19,0,0,,,triagem/nome-caixa-conversao 1.0.0,35,ok
178691,per178691_1914_10964,20,0,0,,,triagem/nome-caixa-conversao 1.0.0,35,ok
178691,per178691_1914_10964,21,0,0,,,triagem/nome-caixa-conversao 1.0.0,35,ok
178691,per178691_1914_10964,22,0,0,,,triagem/nome-caixa-conversao 1.0.0,35,ok
178691,per178691_1914_10965,1,0,0,,,triagem/nome-caixa-conversao 1.0.0,35,ok
178691,per178691_1914_10965,2,0,0,,,triagem/nome-caixa-conversao 1.0.0,35,ok
178691,per178691_1914_10965,3,0,0,,,triagem/nome-caixa-conversao 1.0.0,35,ok
178691,per178691_1914_10965,4,0,0,,,triagem/nome-caixa-conversao 1.0.0,35,ok
178691,per178691_1914_10965,5,0,0,,,triagem/nome-caixa-conversao 1.0.0,35,ok
178691,per178691_1914_10965,6,0,0,,,triagem/nome-caixa-conversao 1.0.0,35,ok
178691,per178691_1914_10965,7,0,0,,,triagem/nome-caixa-conversao 1.0.0,35,ok
178691,per178691_1914_10965,8,0,0,,,triagem/nome-caixa-conversao 1.0.0,35,ok
178691,per178691_1914_10965,9,0,0,,,triagem/nome-caixa-conversao 1.0.0,35,ok
178691,per178691_1914_10965,10,0,0,,,triagem/nome-caixa-conversao 1.0.0,35,ok
178691,per178691_1914_10965,11,0,0,,,triagem/nome-caixa-conversao 1.0.0,35,ok
178691,per178691_1914_10965,12,0,0,,,triagem/nome-caixa-conversao 1.0.0,35,ok
178691,per178691_1914_10965,13,0,0,,,triagem/nome-caixa-conversao 1.0.0,35,ok
178691,per178691_1914_10965,14,0,0,,,triagem/nome-caixa-conversao 1.0.0,35,ok
178691,per178691_1914_10965,15,0,0,,,triagem/nome-caixa-conversao 1.0.0,35,ok
178691,per178691_1914_10965,16,0,0,,,triagem/nome-caixa-conversao 1.0.0,35,ok
178691,per178691_1914_10965,17,1,1,caixa de conver,7456,triagem/nome-caixa-conversao 1.0.0,35,ok
178691,per178691_1914_10965,18,0,0,,,triagem/nome-caixa-conversao 1.0.0,35,ok
178691,per178691_1914_10965,19,0,0,,,triagem/nome-caixa-conversao 1.0.0,35,ok
178691,per178691_1914_10965,20,0,0,,,triagem/nome-caixa-conversao 1.0.0,35,ok
178691,per178691_1914_10966,1,0,0,,,triagem/nome-caixa-conversao 1.0.0,35,ok
178691,per178691_1914_10966,2,0,0,,,triagem/nome-caixa-conversao 1.0.0,35,ok
178691,per178691_1914_10966,3,0,0,,,triagem/nome-caixa-conversao 1.0.0,35,ok
178691,per178691_1914_10966,4,0,0,,,triagem/nome-caixa-conversao 1.0.0,35,ok
178691,per178691_1914_10966,5,0,0,,,triagem/nome-caixa-conversao 1.0.0,35,ok
178691,per178691_1914_10966,6,1,1,caixa de conver,14761,triagem/nome-caixa-conversao 1.0.0,35,ok
178691,per178691_1914_10966,7,0,0,,,triagem/nome-caixa-conversao 1.0.0,35,ok
178691,per178691_1914_10966,8,0,0,,,triagem/nome-caixa-conversao 1.0.0,35,ok
178691,per178691_1914_10966,9,0,0,,,triagem/nome-caixa-conversao 1.0.0,35,ok
178691,per178691_1914_10966,10,0,0,,,triagem/nome-caixa-conversao 1.0.0,35,ok
178691,per178691_1914_10966,11,0,0,,,triagem/nome-caixa-conversao 1.0.0,35,ok
178691,per178691_1914_10966,12,0,0,,,triagem/nome-caixa-conversao 1.0.0,35,ok
178691,per178691_1914_10966,13,0,0,,,triagem/nome-caixa-conversao 1.0.0,35,ok
178691,per178691_1914_10966,14,0,0,,,triagem/nome-caixa-conversao 1.0.0,35,ok
178691,per178691_1914_10966,15,0,0,,,triagem/nome-caixa-conversao 1.0.0,35,ok
178691,per178691_1914_10966,16,0,0,,,triagem/nome-caixa-conversao 1.0.0,35,ok
178691,per178691_1914_10966,17,0,0,,,triagem/nome-caixa-conversao 1.0.0,35,ok
178691,per178691_1914_10966,18,1,1,caixa de conver,7326,triagem/nome-caixa-conversao 1.0.0,35,ok
178691,per178691_1914_10966,19,0,0,,,triagem/nome-caixa-conversao 1.0.0,35,ok
178691,per178691_1914_10966,20,0,0,,,triagem/nome-caixa-conversao 1.0.0,35,ok
178691,per178691_1914_10966,21,0,0,,,triagem/nome-caixa-conversao 1.0.0,35,ok
178691,per178691_1914_10966,22,0,0,,,triagem/nome-caixa-conversao 1.0.0,35,ok
178691,per178691_1914_10967,1,0,0,,,triagem/nome-caixa-conversao 1.0.0,35,ok
178691,per178691_1914_10967,2,1,1,caixa de conver,616,triagem/nome-caixa-conversao 1.0.0,35,ok
178691,per178691_1914_10967,3,0,0,,,triagem/nome-caixa-conversao 1.0.0,35,ok
178691,per178691_1914_10967,4,1,1,caixa de conver,11345,triagem/nome-caixa-conversao 1.0.0,35,ok
178691,per178691_1914_10967,5,0,0,,,triagem/nome-caixa-conversao 1.0.0,35,ok
178691,per178691_1914_10967,6,0,0,,,triagem/nome-caixa-conversao 1.0.0,35,ok
178691,per178691_1914_10967,7,0,0,,,triagem/nome-caixa-conversao 1.0.0,35,ok
178691,per178691_1914_10967,8,0,0,,,triagem/nome-caixa-conversao 1.0.0,35,ok
178691,per178691_1914_10967,9,0,0,,,triagem/nome-caixa-conversao 1.0.0,35,ok
178691,per178691_1914_10967,10,0,0,,,triagem/nome-caixa-conversao 1.0.0,35,ok
178691,per178691_1914_10967,11,0,0,,,triagem/nome-caixa-conversao 1.0.0,35,ok
178691,per178691_1914_10967,12,0,0,,,triagem/nome-caixa-conversao 1.0.0,35,ok
178691,per178691_1914_10967,13,0,0,,,triagem/nome-caixa-conversao 1.0.0,35,ok
178691,per178691_1914_10967,14,0,0,,,triagem/nome-caixa-conversao 1.0.0,35,ok
178691,per178691_1914_10967,15,0,0,,,triagem/nome-caixa-conversao 1.0.0,35,ok
178691,per178691_1914_10967,16,0,0,,,triagem/nome-caixa-conversao 1.0.0,35,ok
178691,per178691_1914_10967,17,0,0,,,triagem/nome-caixa-conversao 1.0.0,35,ok
178691,per178691_1914_10967,18,0,0,,,triagem/nome-caixa-conversao 1.0.0,35,ok
178691,per178691_1914_10967,19,0,0,,,triagem/nome-caixa-conversao 1.0.0,35,ok
178691,per178691_1914_10967,20,0,0,,,triagem/nome-caixa-conversao 1.0.0,35,ok
178691,per178691_1914_10968,1,0,0,,,triagem/nome-caixa-conversao 1.0.0,35,ok
178691,per178691_1914_10968,2,0,0,,,triagem/nome-caixa-conversao 1.0.0,35,ok
178691,per178691_1914_10968,3,0,0,,,triagem/nome-caixa-conversao 1.0.0,35,ok
178691,per178691_1914_10968,4,0,0,,,triagem/nome-caixa-conversao 1.0.0,35,ok
178691,per178691_1914_10968,5,0,0,,,triagem/nome-caixa-conversao 1.0.0,35,ok
178691,per178691_1914_10968,6,0,0,,,triagem/nome-caixa-conversao 1.0.0,35,ok
178691,per178691_1914_10968,7,0,0,,,triagem/nome-caixa-conversao 1.0.0,35,ok
178691,per178691_1914_10968,8,0,0,,,triagem/nome-caixa-conversao 1.0.0,35,ok
178691,per178691_1914_10968,9,0,0,,,triagem/nome-caixa-conversao 1.0.0,35,ok
178691,per178691_1914_10968,10,0,0,,,triagem/nome-caixa-conversao 1.0.0,35,ok
178691,per178691_1914_10968,11,0,0,,,triagem/nome-caixa-conversao 1.0.0,35,ok
178691,per178691_1914_10968,12,0,0,,,triagem/nome-caixa-conversao 1.0.0,35,ok
178691,per178691_1914_10968,13,0,0,,,triagem/nome-caixa-conversao 1.0.0,35,ok
178691,per178691_1914_10968,14,0,0,,,triagem/nome-caixa-conversao 1.0.0,35,ok
178691,per178691_1914_10968,15,0,0,,,triagem/nome-caixa-conversao 1.0.0,35,ok
178691,per178691_1914_10968,16,0,0,,,triagem/nome-caixa-conversao 1.0.0,35,ok
178691,per178691_1914_10968,17,0,0,,,triagem/nome-caixa-conversao 1.0.0,35,ok
178691,per178691_1914_10968,18,0,0,,,triagem/nome-caixa-conversao 1.0.0,35,ok
178691,per178691_1914_10968,19,0,0,,,triagem/nome-caixa-conversao 1.0.0,35,ok
178691,per178691_1914_10968,20,0,0,,,triagem/nome-caixa-conversao 1.0.0,35,ok
178691,per178691_1914_10968,21,0,0,,,triagem/nome-caixa-conversao 1.0.0,35,ok
178691,per178691_1914_10968,22,0,0,,,triagem/nome-caixa-conversao 1.0.0,35,ok
178691,per178691_1914_10968,23,0,0,,,triagem/nome-caixa-conversao 1.0.0,35,ok
178691,per178691_1914_10968,24,0,0,,,triagem/nome-caixa-conversao 1.0.0,35,ok
178691,per178691_1914_10968,25,0,0,,,triagem/nome-caixa-conversao 1.0.0,35,ok
178691,per178691_1914_10968,26,0,0,,,triagem/nome-caixa-conversao 1.0.0,35,ok
178691,per178691_1914_10969,1,0,0,,,triagem/nome-caixa-conversao 1.0.0,35,ok
178691,per178691_1914_10969,2,0,0,,,triagem/nome-caixa-conversao 1.0.0,35,ok
178691,per178691_1914_10969,3,0,0,,,triagem/nome-caixa-conversao 1.0.0,35,ok
178691,per178691_1914_10969,4,0,0,,,triagem/nome-caixa-conversao 1.0.0,35,ok
178691,per178691_1914_10969,5,0,0,,,triagem/nome-caixa-conversao 1.0.0,35,ok
178691,per178691_1914_10969,6,0,0,,,triagem/nome-caixa-conversao 1.0.0,35,ok
178691,per178691_1914_10969,7,0,0,,,triagem/nome-caixa-conversao 1.0.0,35,ok
178691,per178691_1914_10969,8,0,0,,,triagem/nome-caixa-conversao 1.0.0,35,ok
178691,per178691_1914_10970,1,0,0,,,triagem/nome-caixa-conversao 1.0.0,35,ok
178691,per178691_1914_10970,2,0,0,,,triagem/nome-caixa-conversao 1.0.0,35,ok
178691,per178691_1914_10970,3,0,0,,,triagem/nome-caixa-conversao 1.0.0,35,ok
178691,per178691_1914_10970,4,0,0,,,triagem/nome-caixa-conversao 1.0.0,35,ok
178691,per178691_1914_10970,5,0,0,,,triagem/nome-caixa-conversao 1.0.0,35,ok
178691,per178691_1914_10970,6,0,0,,,triagem/nome-caixa-conversao 1.0.0,35,ok
178691,per178691_1914_10970,7,0,0,,,triagem/nome-caixa-conversao 1.0.0,35,ok
178691,per178691_1914_10970,8,0,0,,,triagem/nome-caixa-conversao 1.0.0,35,ok
178691,per178691_1914_10970,9,0,0,,,triagem/nome-caixa-conversao 1.0.0,35,ok
178691,per178691_1914_10970,10,0,0,,,triagem/nome-caixa-conversao 1.0.0,35,ok
178691,per178691_1914_10970,11,0,0,,,triagem/nome-caixa-conversao 1.0.0,35,ok
178691,per178691_1914_10970,12,0,0,,,triagem/nome-caixa-conversao 1.0.0,35,ok
178691,per178691_1914_10970,13,0,0,,,triagem/nome-caixa-conversao 1.0.0,35,ok
178691,per178691_1914_10970,14,0,0,,,triagem/nome-caixa-conversao 1.0.0,35,ok
178691,per178691_1914_10970,15,0,0,,,triagem/nome-caixa-conversao 1.0.0,35,ok
178691,per178691_1914_10970,16,0,0,,,triagem/nome-caixa-conversao 1.0.0,35,ok
178691,per178691_1914_10970,17,0,0,,,triagem/nome-caixa-conversao 1.0.0,35,ok
178691,per178691_1914_10970,18,0,0,,,triagem/nome-caixa-conversao 1.0.0,35,ok
178691,per178691_1914_10970,19,0,0,,,triagem/nome-caixa-conversao 1.0.0,35,ok
178691,per178691_1914_10970,20,0,0,,,triagem/nome-caixa-conversao 1.0.0,35,ok
178691,per178691_1914_10970,21,0,0,,,triagem/nome-caixa-conversao 1.0.0,35,ok
178691,per178691_1914_10970,22,0,0,,,triagem/nome-caixa-conversao 1.0.0,35,ok
178691,per178691_1914_10970,23,0,0,,,triagem/nome-caixa-conversao 1.0.0,35,ok
178691,per178691_1914_10970,24,0,0,,,triagem/nome-caixa-conversao 1.0.0,35,ok
178691,per178691_1914_10970,25,0,0,,,triagem/nome-caixa-conversao 1.0.0,35,ok
178691,per178691_1914_10970,26,0,0,,,triagem/nome-caixa-conversao 1.0.0,35,ok
178691,per178691_1914_10971,1,0,0,,,triagem/nome-caixa-conversao 1.0.0,35,ok
178691,per178691_1914_10971,2,0,0,,,triagem/nome-caixa-conversao 1.0.0,35,ok
178691,per178691_1914_10971,3,0,0,,,triagem/nome-caixa-conversao 1.0.0,35,ok
178691,per178691_1914_10971,4,0,0,,,triagem/nome-caixa-conversao 1.0.0,35,ok
178691,per178691_1914_10971,5,0,0,,,triagem/nome-caixa-conversao 1.0.0,35,ok
178691,per178691_1914_10971,6,0,0,,,triagem/nome-caixa-conversao 1.0.0,35,ok
178691,per178691_1914_10971,7,0,0,,,triagem/nome-caixa-conversao 1.0.0,35,ok
178691,per178691_1914_10971,8,0,0,,,triagem/nome-caixa-conversao 1.0.0,35,ok
178691,per178691_1914_10971,9,0,0,,,triagem/nome-caixa-conversao 1.0.0,35,ok
178691,per178691_1914_10971,10,0,0,,,triagem/nome-caixa-conversao 1.0.0,35,ok
178691,per178691_1914_10971,11,0,0,,,triagem/nome-caixa-conversao 1.0.0,35,ok
178691,per178691_1914_10971,12,0,0,,,triagem/nome-caixa-conversao 1.0.0,35,ok
178691,per178691_1914_10971,13,0,0,,,triagem/nome-caixa-conversao 1.0.0,35,ok
178691,per178691_1914_10971,14,0,0,,,triagem/nome-caixa-conversao 1.0.0,35,ok
178691,per178691_1914_10971,15,0,0,,,triagem/nome-caixa-conversao 1.0.0,35,ok
178691,per178691_1914_10971,16,0,0,,,triagem/nome-caixa-conversao 1.0.0,35,ok
178691,per178691_1914_10971,17,0,0,,,triagem/nome-caixa-conversao 1.0.0,35,ok
178691,per178691_1914_10971,18,0,0,,,triagem/nome-caixa-conversao 1.0.0,35,ok
178691,per178691_1914_10971,19,0,0,,,triagem/nome-caixa-conversao 1.0.0,35,ok
178691,per178691_1914_10971,20,0,0,,,triagem/nome-caixa-conversao 1.0.0,35,ok
178691,per178691_1914_10972,1,0,0,,,triagem/nome-caixa-conversao 1.0.0,35,ok
178691,per178691_1914_10972,2,0,0,,,triagem/nome-caixa-conversao 1.0.0,35,ok
178691,per178691_1914_10972,3,0,0,,,triagem/nome-caixa-conversao 1.0.0,35,ok
178691,per178691_1914_10972,4,0,0,,,triagem/nome-caixa-conversao 1.0.0,35,ok
178691,per178691_1914_10972,5,0,0,,,triagem/nome-caixa-conversao 1.0.0,35,ok
178691,per178691_1914_10972,6,0,0,,,triagem/nome-caixa-conversao 1.0.0,35,ok
178691,per178691_1914_10972,7,0,0,,,triagem/nome-caixa-conversao 1.0.0,35,ok
178691,per178691_1914_10972,8,0,0,,,triagem/nome-caixa-conversao 1.0.0,35,ok
178691,per178691_1914_10972,9,0,0,,,triagem/nome-caixa-conversao 1.0.0,35,ok
178691,per178691_1914_10972,10,0,0,,,triagem/nome-caixa-conversao 1.0.0,35,ok
178691,per178691_1914_10972,11,0,0,,,triagem/nome-caixa-conversao 1.0.0,35,ok
178691,per178691_1914_10972,12,0,0,,,triagem/nome-caixa-conversao 1.0.0,35,ok
178691,per178691_1914_10972,13,0,0,,,triagem/nome-caixa-conversao 1.0.0,35,ok
178691,per178691_1914_10972,14,0,0,,,triagem/nome-caixa-conversao 1.0.0,35,ok
178691,per178691_1914_10972,15,0,0,,,triagem/nome-caixa-conversao 1.0.0,35,ok
178691,per178691_1914_10972,16,0,0,,,triagem/nome-caixa-conversao 1.0.0,35,ok
178691,per178691_1914_10973,1,0,0,,,triagem/nome-caixa-conversao 1.0.0,35,ok
178691,per178691_1914_10973,2,0,0,,,triagem/nome-caixa-conversao 1.0.0,35,ok
178691,per178691_1914_10973,3,0,0,,,triagem/nome-caixa-conversao 1.0.0,35,ok
178691,per178691_1914_10973,4,0,0,,,triagem/nome-caixa-conversao 1.0.0,35,ok
178691,per178691_1914_10973,5,0,0,,,triagem/nome-caixa-conversao 1.0.0,35,ok
178691,per178691_1914_10973,6,0,0,,,triagem/nome-caixa-conversao 1.0.0,35,ok
178691,per178691_1914_10973,7,0,0,,,triagem/nome-caixa-conversao 1.0.0,35,ok
178691,per178691_1914_10973,8,0,0,,,triagem/nome-caixa-conversao 1.0.0,35,ok
178691,per178691_1914_10973,9,0,0,,,triagem/nome-caixa-conversao 1.0.0,35,ok
178691,per178691_1914_10973,10,0,0,,,triagem/nome-caixa-conversao 1.0.0,35,ok
178691,per178691_1914_10973,11,0,0,,,triagem/nome-caixa-conversao 1.0.0,35,ok
178691,per178691_1914_10973,12,0,0,,,triagem/nome-caixa-conversao 1.0.0,35,ok
178691,per178691_1914_10973,13,0,0,,,triagem/nome-caixa-conversao 1.0.0,35,ok
178691,per178691_1914_10973,14,0,0,,,triagem/nome-caixa-conversao 1.0.0,35,ok
178691,per178691_1914_10973,15,0,0,,,triagem/nome-caixa-conversao 1.0.0,35,ok
178691,per178691_1914_10973,16,0,0,,,triagem/nome-caixa-conversao 1.0.0,35,ok
178691,per178691_1914_10973,17,0,0,,,triagem/nome-caixa-conversao 1.0.0,35,ok
178691,per178691_1914_10973,18,0,0,,,triagem/nome-caixa-conversao 1.0.0,35,ok
178691,per178691_1914_10973,19,0,0,,,triagem/nome-caixa-conversao 1.0.0,35,ok
178691,per178691_1914_10973,20,0,0,,,triagem/nome-caixa-conversao 1.0.0,35,ok
178691,per178691_1914_10974,1,0,0,,,triagem/nome-caixa-conversao 1.0.0,35,ok
178691,per178691_1914_10974,2,0,0,,,triagem/nome-caixa-conversao 1.0.0,35,ok
178691,per178691_1914_10974,3,0,0,,,triagem/nome-caixa-conversao 1.0.0,35,ok
178691,per178691_1914_10974,4,0,0,,,triagem/nome-caixa-conversao 1.0.0,35,ok
178691,per178691_1914_10974,5,0,0,,,triagem/nome-caixa-conversao 1.0.0,35,ok
178691,per178691_1914_10974,6,0,0,,,triagem/nome-caixa-conversao 1.0.0,35,ok
178691,per178691_1914_10974,7,0,0,,,triagem/nome-caixa-conversao 1.0.0,35,ok
178691,per178691_1914_10974,8,0,0,,,triagem/nome-caixa-conversao 1.0.0,35,ok
178691,per178691_1914_10974,9,0,0,,,triagem/nome-caixa-conversao 1.0.0,35,ok
178691,per178691_1914_10974,10,0,0,,,triagem/nome-caixa-conversao 1.0.0,35,ok
178691,per178691_1914_10975,1,0,0,,,triagem/nome-caixa-conversao 1.0.0,35,ok
178691,per178691_1914_10975,2,0,0,,,triagem/nome-caixa-conversao 1.0.0,35,ok
178691,per178691_1914_10975,3,0,0,,,triagem/nome-caixa-conversao 1.0.0,35,ok
178691,per178691_1914_10975,4,0,0,,,triagem/nome-caixa-conversao 1.0.0,35,ok
178691,per178691_1914_10975,5,0,0,,,triagem/nome-caixa-conversao 1.0.0,35,ok
178691,per178691_1914_10975,6,0,0,,,triagem/nome-caixa-conversao 1.0.0,35,ok
178691,per178691_1914_10975,7,0,0,,,triagem/nome-caixa-conversao 1.0.0,35,ok
178691,per178691_1914_10975,8,0,0,,,triagem/nome-caixa-conversao 1.0.0,35,ok
178691,per178691_1914_10975,9,0,0,,,triagem/nome-caixa-conversao 1.0.0,35,ok
178691,per178691_1914_10975,10,0,0,,,triagem/nome-caixa-conversao 1.0.0,35,ok
178691,per178691_1914_10975,11,0,0,,,triagem/nome-caixa-conversao 1.0.0,35,ok
178691,per178691_1914_10975,12,0,0,,,triagem/nome-caixa-conversao 1.0.0,35,ok
178691,per178691_1914_10976,1,0,0,,,triagem/nome-caixa-conversao 1.0.0,35,ok
178691,per178691_1914_10976,2,0,0,,,triagem/nome-caixa-conversao 1.0.0,35,ok
178691,per178691_1914_10976,3,0,0,,,triagem/nome-caixa-conversao 1.0.0,35,ok
178691,per178691_1914_10976,4,0,0,,,triagem/nome-caixa-conversao 1.0.0,35,ok
178691,per178691_1914_10976,5,1,1,caixa de conver,34626,triagem/nome-caixa-conversao 1.0.0,35,ok
178691,per178691_1914_10976,6,0,0,,,triagem/nome-caixa-conversao 1.0.0,35,ok
178691,per178691_1914_10976,7,0,0,,,triagem/nome-caixa-conversao 1.0.0,35,ok
178691,per178691_1914_10976,8,0,0,,,triagem/nome-caixa-conversao 1.0.0,35,ok
178691,per178691_1914_10977,1,0,0,,,triagem/nome-caixa-conversao 1.0.0,35,ok
178691,per178691_1914_10977,2,1,1,caixa de conver,21579,triagem/nome-caixa-conversao 1.0.0,35,ok
178691,per178691_1914_10977,3,0,0,,,triagem/nome-caixa-conversao 1.0.0,35,ok
178691,per178691_1914_10977,4,0,0,,,triagem/nome-caixa-conversao 1.0.0,35,ok
178691,per178691_1914_10977,5,0,0,,,triagem/nome-caixa-conversao 1.0.0,35,ok
178691,per178691_1914_10977,6,0,0,,,triagem/nome-caixa-conversao 1.0.0,35,ok
178691,per178691_1914_10977,7,0,0,,,triagem/nome-caixa-conversao 1.0.0,35,ok
178691,per178691_1914_10977,8,0,0,,,triagem/nome-caixa-conversao 1.0.0,35,ok
178691,per178691_1914_10977,9,0,0,,,triagem/nome-caixa-conversao 1.0.0,35,ok
178691,per178691_1914_10977,10,0,0,,,triagem/nome-caixa-conversao 1.0.0,35,ok
178691,per178691_1914_10978,1,0,0,,,triagem/nome-caixa-conversao 1.0.0,35,ok
178691,per178691_1914_10978,2,0,0,,,triagem/nome-caixa-conversao 1.0.0,35,ok
178691,per178691_1914_10978,3,0,0,,,triagem/nome-caixa-conversao 1.0.0,35,ok
178691,per178691_1914_10978,4,0,0,,,triagem/nome-caixa-conversao 1.0.0,35,ok
178691,per178691_1914_10978,5,0,0,,,triagem/nome-caixa-conversao 1.0.0,35,ok
178691,per178691_1914_10978,6,0,0,,,triagem/nome-caixa-conversao 1.0.0,35,ok
178691,per178691_1914_10978,7,0,0,,,triagem/nome-caixa-conversao 1.0.0,35,ok
178691,per178691_1914_10978,8,0,0,,,triagem/nome-caixa-conversao 1.0.0,35,ok
178691,per178691_1914_10978,9,0,0,,,triagem/nome-caixa-conversao 1.0.0,35,ok
178691,per178691_1914_10978,10,0,0,,,triagem/nome-caixa-conversao 1.0.0,35,ok
178691,per178691_1914_10979,1,0,0,,,triagem/nome-caixa-conversao 1.0.0,35,ok
178691,per178691_1914_10979,2,0,0,,,triagem/nome-caixa-conversao 1.0.0,35,ok
178691,per178691_1914_10979,3,0,0,,,triagem/nome-caixa-conversao 1.0.0,35,ok
178691,per178691_1914_10979,4,0,0,,,triagem/nome-caixa-conversao 1.0.0,35,ok
178691,per178691_1914_10979,5,0,0,,,triagem/nome-caixa-conversao 1.0.0,35,ok
178691,per178691_1914_10979,6,0,0,,,triagem/nome-caixa-conversao 1.0.0,35,ok
178691,per178691_1914_10979,7,0,0,,,triagem/nome-caixa-conversao 1.0.0,35,ok
178691,per178691_1914_10979,8,0,0,,,triagem/nome-caixa-conversao 1.0.0,35,ok
178691,per178691_1914_10979,9,0,0,,,triagem/nome-caixa-conversao 1.0.0,35,ok
178691,per178691_1914_10979,10,0,0,,,triagem/nome-caixa-conversao 1.0.0,35,ok
178691,per178691_1914_10979,11,0,0,,,triagem/nome-caixa-conversao 1.0.0,35,ok
178691,per178691_1914_10979,12,0,0,,,triagem/nome-caixa-conversao 1.0.0,35,ok
178691,per178691_1914_10980,1,0,0,,,triagem/nome-caixa-conversao 1.0.0,35,ok
178691,per178691_1914_10980,2,0,0,,,triagem/nome-caixa-conversao 1.0.0,35,ok
178691,per178691_1914_10980,3,0,0,,,triagem/nome-caixa-conversao 1.0.0,35,ok
178691,per178691_1914_10980,4,0,0,,,triagem/nome-caixa-conversao 1.0.0,35,ok
178691,per178691_1914_10980,5,0,0,,,triagem/nome-caixa-conversao 1.0.0,35,ok
178691,per178691_1914_10980,6,1,2,caixa de conver,39173,triagem/nome-caixa-conversao 1.0.0,35,ok
178691,per178691_1914_10980,7,0,0,,,triagem/nome-caixa-conversao 1.0.0,35,ok
178691,per178691_1914_10980,8,0,0,,,triagem/nome-caixa-conversao 1.0.0,35,ok
178691,per178691_1914_10980,9,0,0,,,triagem/nome-caixa-conversao 1.0.0,35,ok
178691,per178691_1914_10980,10,0,0,,,triagem/nome-caixa-conversao 1.0.0,35,ok
178691,per178691_1914_10981,1,0,0,,,triagem/nome-caixa-conversao 1.0.0,35,ok
178691,per178691_1914_10981,2,0,0,,,triagem/nome-caixa-conversao 1.0.0,35,ok
178691,per178691_1914_10981,3,0,0,,,triagem/nome-caixa-conversao 1.0.0,35,ok
178691,per178691_1914_10981,4,0,0,,,triagem/nome-caixa-conversao 1.0.0,35,ok
178691,per178691_1914_10981,5,0,0,,,triagem/nome-caixa-conversao 1.0.0,35,ok
178691,per178691_1914_10981,6,0,0,,,triagem/nome-caixa-conversao 1.0.0,35,ok
178691,per178691_1914_10981,7,0,0,,,triagem/nome-caixa-conversao 1.0.0,35,ok
178691,per178691_1914_10981,8,0,0,,,triagem/nome-caixa-conversao 1.0.0,35,ok
178691,per178691_1914_10981,9,0,0,,,triagem/nome-caixa-conversao 1.0.0,35,ok
178691,per178691_1914_10981,10,0,0,,,triagem/nome-caixa-conversao 1.0.0,35,ok
178691,per178691_1914_10981,11,0,0,,,triagem/nome-caixa-conversao 1.0.0,35,ok
178691,per178691_1914_10982,1,0,0,,,triagem/nome-caixa-conversao 1.0.0,35,ok
178691,per178691_1914_10982,2,0,0,,,triagem/nome-caixa-conversao 1.0.0,35,ok
178691,per178691_1914_10982,3,0,0,,,triagem/nome-caixa-conversao 1.0.0,35,ok
178691,per178691_1914_10982,4,0,0,,,triagem/nome-caixa-conversao 1.0.0,35,ok
178691,per178691_1914_10982,5,0,0,,,triagem/nome-caixa-conversao 1.0.0,35,ok
178691,per178691_1914_10982,6,0,0,,,triagem/nome-caixa-conversao 1.0.0,35,ok
178691,per178691_1914_10982,7,0,0,,,triagem/nome-caixa-conversao 1.0.0,35,ok
178691,per178691_1914_10982,8,0,0,,,triagem/nome-caixa-conversao 1.0.0,35,ok
178691,per178691_1914_10982,9,0,0,,,triagem/nome-caixa-conversao 1.0.0,35,ok
178691,per178691_1914_10982,10,0,0,,,triagem/nome-caixa-conversao 1.0.0,35,ok
178691,per178691_1914_10982,11,0,0,,,triagem/nome-caixa-conversao 1.0.0,35,ok
178691,per178691_1914_10982,12,0,0,,,triagem/nome-caixa-conversao 1.0.0,35,ok
178691,per178691_1914_10983,1,0,0,,,triagem/nome-caixa-conversao 1.0.0,35,ok
178691,per178691_1914_10983,2,1,1,caixa dc conver,9217,triagem/nome-caixa-conversao 1.0.0,35,ok
178691,per178691_1914_10983,3,0,0,,,triagem/nome-caixa-conversao 1.0.0,35,ok
178691,per178691_1914_10983,4,0,0,,,triagem/nome-caixa-conversao 1.0.0,35,ok
178691,per178691_1914_10983,5,0,0,,,triagem/nome-caixa-conversao 1.0.0,35,ok
178691,per178691_1914_10983,6,0,0,,,triagem/nome-caixa-conversao 1.0.0,35,ok
178691,per178691_1914_10983,7,0,0,,,triagem/nome-caixa-conversao 1.0.0,35,ok
178691,per178691_1914_10983,8,0,0,,,triagem/nome-caixa-conversao 1.0.0,35,ok
178691,per178691_1914_10983,9,0,0,,,triagem/nome-caixa-conversao 1.0.0,35,ok
178691,per178691_1914_10983,10,0,0,,,triagem/nome-caixa-conversao 1.0.0,35,ok
178691,per178691_1914_10984,1,0,0,,,triagem/nome-caixa-conversao 1.0.0,35,ok
178691,per178691_1914_10984,2,0,0,,,triagem/nome-caixa-conversao 1.0.0,35,ok
178691,per178691_1914_10984,3,0,0,,,triagem/nome-caixa-conversao 1.0.0,35,ok
178691,per178691_1914_10984,4,0,0,,,triagem/nome-caixa-conversao 1.0.0,35,ok
178691,per178691_1914_10984,5,0,0,,,triagem/nome-caixa-conversao 1.0.0,35,ok
178691,per178691_1914_10984,6,0,0,,,triagem/nome-caixa-conversao 1.0.0,35,ok
178691,per178691_1914_10984,7,0,0,,,triagem/nome-caixa-conversao 1.0.0,35,ok
178691,per178691_1914_10984,8,0,0,,,triagem/nome-caixa-conversao 1.0.0,35,ok
178691,per178691_1914_10985,1,0,0,,,triagem/nome-caixa-conversao 1.0.0,35,ok
178691,per178691_1914_10985,2,0,0,,,triagem/nome-caixa-conversao 1.0.0,35,ok
178691,per178691_1914_10985,3,0,0,,,triagem/nome-caixa-conversao 1.0.0,35,ok
178691,per178691_1914_10985,4,0,0,,,triagem/nome-caixa-conversao 1.0.0,35,ok
178691,per178691_1914_10985,5,0,0,,,triagem/nome-caixa-conversao 1.0.0,35,ok
178691,per178691_1914_10985,6,0,0,,,triagem/nome-caixa-conversao 1.0.0,35,ok
178691,per178691_1914_10985,7,0,0,,,triagem/nome-caixa-conversao 1.0.0,35,ok
178691,per178691_1914_10985,8,0,0,,,triagem/nome-caixa-conversao 1.0.0,35,ok
178691,per178691_1914_10985,9,0,0,,,triagem/nome-caixa-conversao 1.0.0,35,ok
178691,per178691_1914_10985,10,0,0,,,triagem/nome-caixa-conversao 1.0.0,35,ok
178691,per178691_1914_10985,11,0,0,,,triagem/nome-caixa-conversao 1.0.0,35,ok
178691,per178691_1914_10985,12,0,0,,,triagem/nome-caixa-conversao 1.0.0,35,ok
178691,per178691_1914_10986,1,0,0,,,triagem/nome-caixa-conversao 1.0.0,35,ok
178691,per178691_1914_10986,2,0,0,,,triagem/nome-caixa-conversao 1.0.0,35,ok
178691,per178691_1914_10986,3,0,0,,,triagem/nome-caixa-conversao 1.0.0,35,ok
178691,per178691_1914_10986,4,0,0,,,triagem/nome-caixa-conversao 1.0.0,35,ok
178691,per178691_1914_10986,5,0,0,,,triagem/nome-caixa-conversao 1.0.0,35,ok
178691,per178691_1914_10986,6,0,0,,,triagem/nome-caixa-conversao 1.0.0,35,ok
178691,per178691_1914_10986,7,1,1,caixa de conver,23146,triagem/nome-caixa-conversao 1.0.0,35,ok
178691,per178691_1914_10986,8,0,0,,,triagem/nome-caixa-conversao 1.0.0,35,ok
178691,per178691_1914_10986,9,0,0,,,triagem/nome-caixa-conversao 1.0.0,35,ok
178691,per178691_1914_10986,10,0,0,,,triagem/nome-caixa-conversao 1.0.0,35,ok
178691,per178691_1914_10987,1,0,0,,,triagem/nome-caixa-conversao 1.0.0,35,ok
178691,per178691_1914_10987,2,0,0,,,triagem/nome-caixa-conversao 1.0.0,35,ok
178691,per178691_1914_10987,3,0,0,,,triagem/nome-caixa-conversao 1.0.0,35,ok
178691,per178691_1914_10987,4,0,0,,,triagem/nome-caixa-conversao 1.0.0,35,ok
178691,per178691_1914_10987,5,0,0,,,triagem/nome-caixa-conversao 1.0.0,35,ok
178691,per178691_1914_10987,6,0,0,,,triagem/nome-caixa-conversao 1.0.0,35,ok
178691,per178691_1914_10987,7,0,0,,,triagem/nome-caixa-conversao 1.0.0,35,ok
178691,per178691_1914_10987,8,0,0,,,triagem/nome-caixa-conversao 1.0.0,35,ok
178691,per178691_1914_10987,9,0,0,,,triagem/nome-caixa-conversao 1.0.0,35,ok
178691,per178691_1914_10987,10,0,0,,,triagem/nome-caixa-conversao 1.0.0,35,ok
178691,per178691_1914_10988,1,0,0,,,triagem/nome-caixa-conversao 1.0.0,35,ok
178691,per178691_1914_10988,2,0,0,,,triagem/nome-caixa-conversao 1.0.0,35,ok
178691,per178691_1914_10988,3,0,0,,,triagem/nome-caixa-conversao 1.0.0,35,ok
178691,per178691_1914_10988,4,0,0,,,triagem/nome-caixa-conversao 1.0.0,35,ok
178691,per178691_1914_10988,5,0,0,,,triagem/nome-caixa-conversao 1.0.0,35,ok
178691,per178691_1914_10988,6,0,0,,,triagem/nome-caixa-conversao 1.0.0,35,ok
178691,per178691_1914_10988,7,0,0,,,triagem/nome-caixa-conversao 1.0.0,35,ok
178691,per178691_1914_10988,8,0,0,,,triagem/nome-caixa-conversao 1.0.0,35,ok
178691,per178691_1914_10988,9,0,0,,,triagem/nome-caixa-conversao 1.0.0,35,ok
178691,per178691_1914_10988,10,0,0,,,triagem/nome-caixa-conversao 1.0.0,35,ok
178691,per178691_1914_10989,1,0,0,,,triagem/nome-caixa-conversao 1.0.0,35,ok
178691,per178691_1914_10989,2,0,0,,,triagem/nome-caixa-conversao 1.0.0,35,ok
178691,per178691_1914_10989,3,0,0,,,triagem/nome-caixa-conversao 1.0.0,35,ok
178691,per178691_1914_10989,4,0,0,,,triagem/nome-caixa-conversao 1.0.0,35,ok
178691,per178691_1914_10989,5,0,0,,,triagem/nome-caixa-conversao 1.0.0,35,ok
178691,per178691_1914_10989,6,0,0,,,triagem/nome-caixa-conversao 1.0.0,35,ok
178691,per178691_1914_10989,7,0,0,,,triagem/nome-caixa-conversao 1.0.0,35,ok
178691,per178691_1914_10989,8,0,0,,,triagem/nome-caixa-conversao 1.0.0,35,ok
178691,per178691_1914_10989,9,0,0,,,triagem/nome-caixa-conversao 1.0.0,35,ok
178691,per178691_1914_10989,10,0,0,,,triagem/nome-caixa-conversao 1.0.0,35,ok
178691,per178691_1914_10989,11,0,0,,,triagem/nome-caixa-conversao 1.0.0,35,ok
178691,per178691_1914_10989,12,0,0,,,triagem/nome-caixa-conversao 1.0.0,35,ok
178691,per178691_1914_10989,13,0,0,,,triagem/nome-caixa-conversao 1.0.0,35,ok
178691,per178691_1914_10989,14,0,0,,,triagem/nome-caixa-conversao 1.0.0,35,ok
178691,per178691_1914_10989,15,0,0,,,triagem/nome-caixa-conversao 1.0.0,35,ok
178691,per178691_1914_10989,16,0,0,,,triagem/nome-caixa-conversao 1.0.0,35,ok
178691,per178691_1914_10990,1,0,0,,,triagem/nome-caixa-conversao 1.0.0,35,ok
178691,per178691_1914_10990,2,0,0,,,triagem/nome-caixa-conversao 1.0.0,35,ok
178691,per178691_1914_10990,3,0,0,,,triagem/nome-caixa-conversao 1.0.0,35,ok
178691,per178691_1914_10990,4,0,0,,,triagem/nome-caixa-conversao 1.0.0,35,ok
178691,per178691_1914_10990,5,1,1,caixa dc conver,29998,triagem/nome-caixa-conversao 1.0.0,35,ok
178691,per178691_1914_10990,6,0,0,,,triagem/nome-caixa-conversao 1.0.0,35,ok
178691,per178691_1914_10990,7,0,0,,,triagem/nome-caixa-conversao 1.0.0,35,ok
178691,per178691_1914_10990,8,0,0,,,triagem/nome-caixa-conversao 1.0.0,35,ok
178691,per178691_1914_10991,1,0,0,,,triagem/nome-caixa-conversao 1.0.0,35,ok
178691,per178691_1914_10991,2,0,0,,,triagem/nome-caixa-conversao 1.0.0,35,ok
178691,per178691_1914_10991,3,0,0,,,triagem/nome-caixa-conversao 1.0.0,35,ok
178691,per178691_1914_10991,4,0,0,,,triagem/nome-caixa-conversao 1.0.0,35,ok
178691,per178691_1914_10991,5,1,1,caixa dc conver,24436,triagem/nome-caixa-conversao 1.0.0,35,ok
178691,per178691_1914_10991,6,0,0,,,triagem/nome-caixa-conversao 1.0.0,35,ok
178691,per178691_1914_10991,7,0,0,,,triagem/nome-caixa-conversao 1.0.0,35,ok
178691,per178691_1914_10991,8,0,0,,,triagem/nome-caixa-conversao 1.0.0,35,ok
178691,per178691_1914_10991,9,0,0,,,triagem/nome-caixa-conversao 1.0.0,35,ok
178691,per178691_1914_10991,10,0,0,,,triagem/nome-caixa-conversao 1.0.0,35,ok
178691,per178691_1914_10991,11,0,0,,,triagem/nome-caixa-conversao 1.0.0,35,ok
178691,per178691_1914_10991,12,0,0,,,triagem/nome-caixa-conversao 1.0.0,35,ok
178691,per178691_1914_10992,1,0,0,,,triagem/nome-caixa-conversao 1.0.0,35,ok
178691,per178691_1914_10992,2,0,0,,,triagem/nome-caixa-conversao 1.0.0,35,ok
178691,per178691_1914_10992,3,0,0,,,triagem/nome-caixa-conversao 1.0.0,35,ok
178691,per178691_1914_10992,4,0,0,,,triagem/nome-caixa-conversao 1.0.0,35,ok
178691,per178691_1914_10992,5,0,0,,,triagem/nome-caixa-conversao 1.0.0,35,ok
178691,per178691_1914_10992,6,0,0,,,triagem/nome-caixa-conversao 1.0.0,35,ok
178691,per178691_1914_10992,7,0,0,,,triagem/nome-caixa-conversao 1.0.0,35,ok
178691,per178691_1914_10992,8,0,0,,,triagem/nome-caixa-conversao 1.0.0,35,ok
178691,per178691_1914_10992,9,0,0,,,triagem/nome-caixa-conversao 1.0.0,35,ok
178691,per178691_1914_10992,10,0,0,,,triagem/nome-caixa-conversao 1.0.0,35,ok
178691,per178691_1914_10993,1,0,0,,,triagem/nome-caixa-conversao 1.0.0,35,ok
178691,per178691_1914_10993,2,0,0,,,triagem/nome-caixa-conversao 1.0.0,35,ok
178691,per178691_1914_10993,3,0,0,,,triagem/nome-caixa-conversao 1.0.0,35,ok
178691,per178691_1914_10993,4,0,0,,,triagem/nome-caixa-conversao 1.0.0,35,ok
178691,per178691_1914_10993,5,0,0,,,triagem/nome-caixa-conversao 1.0.0,35,ok
178691,per178691_1914_10993,6,0,0,,,triagem/nome-caixa-conversao 1.0.0,35,ok
178691,per178691_1914_10993,7,0,0,,,triagem/nome-caixa-conversao 1.0.0,35,ok
178691,per178691_1914_10993,8,0,0,,,triagem/nome-caixa-conversao 1.0.0,35,ok
178691,per178691_1914_10993,9,0,0,,,triagem/nome-caixa-conversao 1.0.0,35,ok
178691,per178691_1914_10993,10,0,0,,,triagem/nome-caixa-conversao 1.0.0,35,ok
178691,per178691_1914_10993,11,0,0,,,triagem/nome-caixa-conversao 1.0.0,35,ok
178691,per178691_1914_10993,12,0,0,,,triagem/nome-caixa-conversao 1.0.0,35,ok
178691,per178691_1914_10994,1,0,0,,,triagem/nome-caixa-conversao 1.0.0,35,ok
178691,per178691_1914_10994,2,0,0,,,triagem/nome-caixa-conversao 1.0.0,35,ok
178691,per178691_1914_10994,3,0,0,,,triagem/nome-caixa-conversao 1.0.0,35,ok
178691,per178691_1914_10994,4,0,0,,,triagem/nome-caixa-conversao 1.0.0,35,ok
178691,per178691_1914_10994,5,0,0,,,triagem/nome-caixa-conversao 1.0.0,35,ok
178691,per178691_1914_10994,6,0,0,,,triagem/nome-caixa-conversao 1.0.0,35,ok
178691,per178691_1914_10994,7,0,0,,,triagem/nome-caixa-conversao 1.0.0,35,ok
178691,per178691_1914_10994,8,0,0,,,triagem/nome-caixa-conversao 1.0.0,35,ok
178691,per178691_1914_10994,9,0,0,,,triagem/nome-caixa-conversao 1.0.0,35,ok
178691,per178691_1914_10994,10,1,1,caixa deconver,855,triagem/nome-caixa-conversao 1.0.0,35,ok
178691,per178691_1914_10994,11,0,0,,,triagem/nome-caixa-conversao 1.0.0,35,ok
178691,per178691_1914_10994,12,0,0,,,triagem/nome-caixa-conversao 1.0.0,35,ok
178691,per178691_1914_10995,1,0,0,,,triagem/nome-caixa-conversao 1.0.0,35,ok
178691,per178691_1914_10995,2,0,0,,,triagem/nome-caixa-conversao 1.0.0,35,ok
178691,per178691_1914_10995,3,0,0,,,triagem/nome-caixa-conversao 1.0.0,35,ok
178691,per178691_1914_10995,4,0,0,,,triagem/nome-caixa-conversao 1.0.0,35,ok
178691,per178691_1914_10995,5,0,0,,,triagem/nome-caixa-conversao 1.0.0,35,ok
178691,per178691_1914_10995,6,0,0,,,triagem/nome-caixa-conversao 1.0.0,35,ok
178691,per178691_1914_10995,7,0,0,,,triagem/nome-caixa-conversao 1.0.0,35,ok
178691,per178691_1914_10995,8,1,1,caixado conver,12501,triagem/nome-caixa-conversao 1.0.0,35,ok
178691,per178691_1914_10995,9,0,0,,,triagem/nome-caixa-conversao 1.0.0,35,ok
178691,per178691_1914_10995,10,0,0,,,triagem/nome-caixa-conversao 1.0.0,35,ok
178691,per178691_1914_10996,1,0,0,,,triagem/nome-caixa-conversao 1.0.0,35,ok
178691,per178691_1914_10996,2,0,0,,,triagem/nome-caixa-conversao 1.0.0,35,ok
178691,per178691_1914_10996,3,0,0,,,triagem/nome-caixa-conversao 1.0.0,35,ok
178691,per178691_1914_10996,4,0,0,,,triagem/nome-caixa-conversao 1.0.0,35,ok
178691,per178691_1914_10996,5,0,0,,,triagem/nome-caixa-conversao 1.0.0,35,ok
178691,per178691_1914_10996,6,0,0,,,triagem/nome-caixa-conversao 1.0.0,35,ok
178691,per178691_1914_10996,7,0,0,,,triagem/nome-caixa-conversao 1.0.0,35,ok
178691,per178691_1914_10996,8,0,0,,,triagem/nome-caixa-conversao 1.0.0,35,ok
178691,per178691_1914_10996,9,0,0,,,triagem/nome-caixa-conversao 1.0.0,35,ok
178691,per178691_1914_10996,10,0,0,,,triagem/nome-caixa-conversao 1.0.0,35,ok
178691,per178691_1914_10996,11,0,0,,,triagem/nome-caixa-conversao 1.0.0,35,ok
178691,per178691_1914_10996,12,0,0,,,triagem/nome-caixa-conversao 1.0.0,35,ok
178691,per178691_1914_10996,13,0,0,,,triagem/nome-caixa-conversao 1.0.0,35,ok
178691,per178691_1914_10996,14,0,0,,,triagem/nome-caixa-conversao 1.0.0,35,ok
178691,per178691_1914_10996,15,0,0,,,triagem/nome-caixa-conversao 1.0.0,35,ok
178691,per178691_1914_10996,16,0,0,,,triagem/nome-caixa-conversao 1.0.0,35,ok
178691,per178691_1914_10997,1,0,0,,,triagem/nome-caixa-conversao 1.0.0,35,ok
178691,per178691_1914_10997,2,0,0,,,triagem/nome-caixa-conversao 1.0.0,35,ok
178691,per178691_1914_10997,3,1,1,caixa de conver,31815,triagem/nome-caixa-conversao 1.0.0,35,ok
178691,per178691_1914_10997,4,0,0,,,triagem/nome-caixa-conversao 1.0.0,35,ok
178691,per178691_1914_10997,5,0,0,,,triagem/nome-caixa-conversao 1.0.0,35,ok
178691,per178691_1914_10997,6,0,0,,,triagem/nome-caixa-conversao 1.0.0,35,ok
178691,per178691_1914_10997,7,0,0,,,triagem/nome-caixa-conversao 1.0.0,35,ok
178691,per178691_1914_10997,8,0,0,,,triagem/nome-caixa-conversao 1.0.0,35,ok
178691,per178691_1914_10997,9,0,0,,,triagem/nome-caixa-conversao 1.0.0,35,ok
178691,per178691_1914_10997,10,0,0,,,triagem/nome-caixa-conversao 1.0.0,35,ok
178691,per178691_1914_10998,1,0,0,,,triagem/nome-caixa-conversao 1.0.0,35,ok
178691,per178691_1914_10998,2,0,0,,,triagem/nome-caixa-conversao 1.0.0,35,ok
178691,per178691_1914_10998,3,0,0,,,triagem/nome-caixa-conversao 1.0.0,35,ok
178691,per178691_1914_10998,4,0,0,,,triagem/nome-caixa-conversao 1.0.0,35,ok
178691,per178691_1914_10998,5,0,0,,,triagem/nome-caixa-conversao 1.0.0,35,ok
178691,per178691_1914_10998,6,0,0,,,triagem/nome-caixa-conversao 1.0.0,35,ok
178691,per178691_1914_10998,7,0,0,,,triagem/nome-caixa-conversao 1.0.0,35,ok
178691,per178691_1914_10998,8,0,0,,,triagem/nome-caixa-conversao 1.0.0,35,ok
178691,per178691_1914_10998,9,0,0,,,triagem/nome-caixa-conversao 1.0.0,35,ok
178691,per178691_1914_10998,10,0,0,,,triagem/nome-caixa-conversao 1.0.0,35,ok
178691,per178691_1914_10999,1,0,0,,,triagem/nome-caixa-conversao 1.0.0,35,ok
178691,per178691_1914_10999,2,0,0,,,triagem/nome-caixa-conversao 1.0.0,35,ok
178691,per178691_1914_10999,3,0,0,,,triagem/nome-caixa-conversao 1.0.0,35,ok
178691,per178691_1914_10999,4,0,0,,,triagem/nome-caixa-conversao 1.0.0,35,ok
178691,per178691_1914_10999,5,0,0,,,triagem/nome-caixa-conversao 1.0.0,35,ok
178691,per178691_1914_10999,6,0,0,,,triagem/nome-caixa-conversao 1.0.0,35,ok
178691,per178691_1914_10999,7,0,0,,,triagem/nome-caixa-conversao 1.0.0,35,ok
178691,per178691_1914_10999,8,1,1,caixa doconver,14945,triagem/nome-caixa-conversao 1.0.0,35,ok
178691,per178691_1914_10999,9,0,0,,,triagem/nome-caixa-conversao 1.0.0,35,ok
178691,per178691_1914_10999,10,0,0,,,triagem/nome-caixa-conversao 1.0.0,35,ok
178691,per178691_1914_11000,1,0,0,,,triagem/nome-caixa-conversao 1.0.0,35,ok
178691,per178691_1914_11000,2,0,0,,,triagem/nome-caixa-conversao 1.0.0,35,ok
178691,per178691_1914_11000,3,0,0,,,triagem/nome-caixa-conversao 1.0.0,35,ok
178691,per178691_1914_11000,4,0,0,,,triagem/nome-caixa-conversao 1.0.0,35,ok
178691,per178691_1914_11000,5,0,0,,,triagem/nome-caixa-conversao 1.0.0,35,ok
178691,per178691_1914_11000,6,0,0,,,triagem/nome-caixa-conversao 1.0.0,35,ok
178691,per178691_1914_11000,7,0,0,,,triagem/nome-caixa-conversao 1.0.0,35,ok
178691,per178691_1914_11000,8,1,1,caixa de conver,9473,triagem/nome-caixa-conversao 1.0.0,35,ok
178691,per178691_1914_11000,9,0,0,,,triagem/nome-caixa-conversao 1.0.0,35,ok
178691,per178691_1914_11000,10,0,0,,,triagem/nome-caixa-conversao 1.0.0,35,ok
178691,per178691_1914_11001,1,0,0,,,triagem/nome-caixa-conversao 1.0.0,35,ok
178691,per178691_1914_11001,2,0,0,,,triagem/nome-caixa-conversao 1.0.0,35,ok
178691,per178691_1914_11001,3,0,0,,,triagem/nome-caixa-conversao 1.0.0,35,ok
178691,per178691_1914_11001,4,0,0,,,triagem/nome-caixa-conversao 1.0.0,35,ok
178691,per178691_1914_11001,5,0,0,,,triagem/nome-caixa-conversao 1.0.0,35,ok
178691,per178691_1914_11001,6,0,0,,,triagem/nome-caixa-conversao 1.0.0,35,ok
178691,per178691_1914_11001,7,0,0,,,triagem/nome-caixa-conversao 1.0.0,35,ok
178691,per178691_1914_11001,8,0,0,,,triagem/nome-caixa-conversao 1.0.0,35,ok
178691,per178691_1914_11001,9,0,0,,,triagem/nome-caixa-conversao 1.0.0,35,ok
178691,per178691_1914_11001,10,0,0,,,triagem/nome-caixa-conversao 1.0.0,35,ok
178691,per178691_1914_11002,1,0,0,,,triagem/nome-caixa-conversao 1.0.0,35,ok
178691,per178691_1914_11002,2,0,0,,,triagem/nome-caixa-conversao 1.0.0,35,ok
178691,per178691_1914_11002,3,0,0,,,triagem/nome-caixa-conversao 1.0.0,35,ok
178691,per178691_1914_11002,4,0,0,,,triagem/nome-caixa-conversao 1.0.0,35,ok
178691,per178691_1914_11002,5,0,0,,,triagem/nome-caixa-conversao 1.0.0,35,ok
178691,per178691_1914_11002,6,0,0,,,triagem/nome-caixa-conversao 1.0.0,35,ok
178691,per178691_1914_11002,7,0,0,,,triagem/nome-caixa-conversao 1.0.0,35,ok
178691,per178691_1914_11002,8,0,0,,,triagem/nome-caixa-conversao 1.0.0,35,ok
178691,per178691_1914_11002,9,0,0,,,triagem/nome-caixa-conversao 1.0.0,35,ok
178691,per178691_1914_11002,10,0,0,,,triagem/nome-caixa-conversao 1.0.0,35,ok
178691,per178691_1914_11003,1,0,0,,,triagem/nome-caixa-conversao 1.0.0,35,ok
178691,per178691_1914_11003,2,0,0,,,triagem/nome-caixa-conversao 1.0.0,35,ok
178691,per178691_1914_11003,3,0,0,,,triagem/nome-caixa-conversao 1.0.0,35,ok
178691,per178691_1914_11003,4,0,0,,,triagem/nome-caixa-conversao 1.0.0,35,ok
178691,per178691_1914_11003,5,1,1,caixa de conver,2556,triagem/nome-caixa-conversao 1.0.0,35,ok
178691,per178691_1914_11003,6,0,0,,,triagem/nome-caixa-conversao 1.0.0,35,ok
178691,per178691_1914_11003,7,0,0,,,triagem/nome-caixa-conversao 1.0.0,35,ok
178691,per178691_1914_11003,8,0,0,,,triagem/nome-caixa-conversao 1.0.0,35,ok
178691,per178691_1914_11003,9,0,0,,,triagem/nome-caixa-conversao 1.0.0,35,ok
178691,per178691_1914_11003,10,0,0,,,triagem/nome-caixa-conversao 1.0.0,35,ok
178691,per178691_1914_11003,11,0,0,,,triagem/nome-caixa-conversao 1.0.0,35,ok
178691,per178691_1914_11003,12,0,0,,,triagem/nome-caixa-conversao 1.0.0,35,ok
178691,per178691_1914_11004,1,0,0,,,triagem/nome-caixa-conversao 1.0.0,35,ok
178691,per178691_1914_11004,2,0,0,,,triagem/nome-caixa-conversao 1.0.0,35,ok
178691,per178691_1914_11004,3,0,0,,,triagem/nome-caixa-conversao 1.0.0,35,ok
178691,per178691_1914_11004,4,0,0,,,triagem/nome-caixa-conversao 1.0.0,35,ok
178691,per178691_1914_11004,5,0,0,,,triagem/nome-caixa-conversao 1.0.0,35,ok
178691,per178691_1914_11004,6,0,0,,,triagem/nome-caixa-conversao 1.0.0,35,ok
178691,per178691_1914_11004,7,0,0,,,triagem/nome-caixa-conversao 1.0.0,35,ok
178691,per178691_1914_11004,8,0,0,,,triagem/nome-caixa-conversao 1.0.0,35,ok
178691,per178691_1914_11005,1,0,0,,,triagem/nome-caixa-conversao 1.0.0,35,ok
178691,per178691_1914_11005,2,0,0,,,triagem/nome-caixa-conversao 1.0.0,35,ok
178691,per178691_1914_11005,3,0,0,,,triagem/nome-caixa-conversao 1.0.0,35,ok
178691,per178691_1914_11005,4,0,0,,,triagem/nome-caixa-conversao 1.0.0,35,ok
178691,per178691_1914_11005,5,0,0,,,triagem/nome-caixa-conversao 1.0.0,35,ok
178691,per178691_1914_11005,6,0,0,,,triagem/nome-caixa-conversao 1.0.0,35,ok
178691,per178691_1914_11005,7,0,0,,,triagem/nome-caixa-conversao 1.0.0,35,ok
178691,per178691_1914_11005,8,0,0,,,triagem/nome-caixa-conversao 1.0.0,35,ok
178691,per178691_1914_11005,9,0,0,,,triagem/nome-caixa-conversao 1.0.0,35,ok
178691,per178691_1914_11005,10,0,0,,,triagem/nome-caixa-conversao 1.0.0,35,ok
178691,per178691_1914_11006,1,0,0,,,triagem/nome-caixa-conversao 1.0.0,35,ok
178691,per178691_1914_11006,2,0,0,,,triagem/nome-caixa-conversao 1.0.0,35,ok
178691,per178691_1914_11006,3,0,0,,,triagem/nome-caixa-conversao 1.0.0,35,ok
178691,per178691_1914_11006,4,1,1,caixa de conver,19355,triagem/nome-caixa-conversao 1.0.0,35,ok
178691,per178691_1914_11006,5,0,0,,,triagem/nome-caixa-conversao 1.0.0,35,ok
178691,per178691_1914_11006,6,0,0,,,triagem/nome-caixa-conversao 1.0.0,35,ok
178691,per178691_1914_11006,7,0,0,,,triagem/nome-caixa-conversao 1.0.0,35,ok
178691,per178691_1914_11006,8,1,1,caixa de conver,3822,triagem/nome-caixa-conversao 1.0.0,35,ok
178691,per178691_1914_11006,9,0,0,,,triagem/nome-caixa-conversao 1.0.0,35,ok
178691,per178691_1914_11006,10,0,0,,,triagem/nome-caixa-conversao 1.0.0,35,ok
178691,per178691_1914_11007,1,0,0,,,triagem/nome-caixa-conversao 1.0.0,35,ok
178691,per178691_1914_11007,2,0,0,,,triagem/nome-caixa-conversao 1.0.0,35,ok
178691,per178691_1914_11007,3,0,0,,,triagem/nome-caixa-conversao 1.0.0,35,ok
178691,per178691_1914_11007,4,0,0,,,triagem/nome-caixa-conversao 1.0.0,35,ok
178691,per178691_1914_11007,5,0,0,,,triagem/nome-caixa-conversao 1.0.0,35,ok
178691,per178691_1914_11007,6,0,0,,,triagem/nome-caixa-conversao 1.0.0,35,ok
178691,per178691_1914_11007,7,0,0,,,triagem/nome-caixa-conversao 1.0.0,35,ok
178691,per178691_1914_11007,8,0,0,,,triagem/nome-caixa-conversao 1.0.0,35,ok
178691,per178691_1914_11007,9,0,0,,,triagem/nome-caixa-conversao 1.0.0,35,ok
178691,per178691_1914_11007,10,0,0,,,triagem/nome-caixa-conversao 1.0.0,35,ok
178691,per178691_1914_11008,1,1,2,caixa de conver,13860,triagem/nome-caixa-conversao 1.0.0,35,ok
178691,per178691_1914_11008,2,0,0,,,triagem/nome-caixa-conversao 1.0.0,35,ok
178691,per178691_1914_11008,3,0,0,,,triagem/nome-caixa-conversao 1.0.0,35,ok
178691,per178691_1914_11008,4,0,0,,,triagem/nome-caixa-conversao 1.0.0,35,ok
178691,per178691_1914_11008,5,0,0,,,triagem/nome-caixa-conversao 1.0.0,35,ok
178691,per178691_1914_11008,6,0,0,,,triagem/nome-caixa-conversao 1.0.0,35,ok
178691,per178691_1914_11008,7,1,2,caixa de conver,32283,triagem/nome-caixa-conversao 1.0.0,35,ok
178691,per178691_1914_11008,8,0,0,,,triagem/nome-caixa-conversao 1.0.0,35,ok
178691,per178691_1914_11008,9,0,0,,,triagem/nome-caixa-conversao 1.0.0,35,ok
178691,per178691_1914_11008,10,0,0,,,triagem/nome-caixa-conversao 1.0.0,35,ok
178691,per178691_1914_11009,1,0,0,,,triagem/nome-caixa-conversao 1.0.0,35,ok
178691,per178691_1914_11009,2,1,4,caixa de conver,15236,triagem/nome-caixa-conversao 1.0.0,35,ok
178691,per178691_1914_11009,3,0,0,,,triagem/nome-caixa-conversao 1.0.0,35,ok
178691,per178691_1914_11009,4,1,6,caixa de conver,11468,triagem/nome-caixa-conversao 1.0.0,35,ok
178691,per178691_1914_11009,5,0,0,,,triagem/nome-caixa-conversao 1.0.0,35,ok
178691,per178691_1914_11009,6,0,0,,,triagem/nome-caixa-conversao 1.0.0,35,ok
178691,per178691_1914_11009,7,0,0,,,triagem/nome-caixa-conversao 1.0.0,35,ok
178691,per178691_1914_11009,8,0,0,,,triagem/nome-caixa-conversao 1.0.0,35,ok
178691,per178691_1914_11009,9,0,0,,,triagem/nome-caixa-conversao 1.0.0,35,ok
178691,per178691_1914_11009,10,0,0,,,triagem/nome-caixa-conversao 1.0.0,35,ok
178691,per178691_1914_11010,1,0,0,,,triagem/nome-caixa-conversao 1.0.0,35,ok
178691,per178691_1914_11010,2,0,0,,,triagem/nome-caixa-conversao 1.0.0,35,ok
178691,per178691_1914_11010,3,0,0,,,triagem/nome-caixa-conversao 1.0.0,35,ok
178691,per178691_1914_11010,4,0,0,,,triagem/nome-caixa-conversao 1.0.0,35,ok
178691,per178691_1914_11010,5,0,0,,,triagem/nome-caixa-conversao 1.0.0,35,ok
178691,per178691_1914_11010,6,1,1,caixa de conver,29324,triagem/nome-caixa-conversao 1.0.0,35,ok
178691,per178691_1914_11010,7,0,0,,,triagem/nome-caixa-conversao 1.0.0,35,ok
178691,per178691_1914_11010,8,0,0,,,triagem/nome-caixa-conversao 1.0.0,35,ok
178691,per178691_1914_11010,9,0,0,,,triagem/nome-caixa-conversao 1.0.0,35,ok
178691,per178691_1914_11010,10,0,0,,,triagem/nome-caixa-conversao 1.0.0,35,ok
178691,per178691_1914_11010,11,0,0,,,triagem/nome-caixa-conversao 1.0.0,35,ok
178691,per178691_1914_11010,12,0,0,,,triagem/nome-caixa-conversao 1.0.0,35,ok
178691,per178691_1914_11010,13,0,0,,,triagem/nome-caixa-conversao 1.0.0,35,ok
178691,per178691_1914_11010,14,0,0,,,triagem/nome-caixa-conversao 1.0.0,35,ok
178691,per178691_1914_11010,15,0,0,,,triagem/nome-caixa-conversao 1.0.0,35,ok
178691,per178691_1914_11010,16,0,0,,,triagem/nome-caixa-conversao 1.0.0,35,ok
178691,per178691_1914_11011,1,0,0,,,triagem/nome-caixa-conversao 1.0.0,35,ok
178691,per178691_1914_11011,2,0,0,,,triagem/nome-caixa-conversao 1.0.0,35,ok
178691,per178691_1914_11011,3,0,0,,,triagem/nome-caixa-conversao 1.0.0,35,ok
178691,per178691_1914_11011,4,0,0,,,triagem/nome-caixa-conversao 1.0.0,35,ok
178691,per178691_1914_11011,5,0,0,,,triagem/nome-caixa-conversao 1.0.0,35,ok
178691,per178691_1914_11011,6,0,0,,,triagem/nome-caixa-conversao 1.0.0,35,ok
178691,per178691_1914_11011,7,0,0,,,triagem/nome-caixa-conversao 1.0.0,35,ok
178691,per178691_1914_11011,8,0,0,,,triagem/nome-caixa-conversao 1.0.0,35,ok
178691,per178691_1914_11012,1,0,0,,,triagem/nome-caixa-conversao 1.0.0,35,ok
178691,per178691_1914_11012,2,1,1,caixa de conver,28889,triagem/nome-caixa-conversao 1.0.0,35,ok
178691,per178691_1914_11012,3,0,0,,,triagem/nome-caixa-conversao 1.0.0,35,ok
178691,per178691_1914_11012,4,0,0,,,triagem/nome-caixa-conversao 1.0.0,35,ok
178691,per178691_1914_11012,5,0,0,,,triagem/nome-caixa-conversao 1.0.0,35,ok
178691,per178691_1914_11012,6,0,0,,,triagem/nome-caixa-conversao 1.0.0,35,ok
178691,per178691_1914_11012,7,0,0,,,triagem/nome-caixa-conversao 1.0.0,35,ok
178691,per178691_1914_11012,8,0,0,,,triagem/nome-caixa-conversao 1.0.0,35,ok
178691,per178691_1914_11012,9,0,0,,,triagem/nome-caixa-conversao 1.0.0,35,ok
178691,per178691_1914_11012,10,0,0,,,triagem/nome-caixa-conversao 1.0.0,35,ok
178691,per178691_1914_11012,11,0,0,,,triagem/nome-caixa-conversao 1.0.0,35,ok
178691,per178691_1914_11012,12,0,0,,,triagem/nome-caixa-conversao 1.0.0,35,ok
178691,per178691_1914_11013,1,0,0,,,triagem/nome-caixa-conversao 1.0.0,35,ok
178691,per178691_1914_11013,2,0,0,,,triagem/nome-caixa-conversao 1.0.0,35,ok
178691,per178691_1914_11013,3,0,0,,,triagem/nome-caixa-conversao 1.0.0,35,ok
178691,per178691_1914_11013,4,1,1,caixa de conver,3965,triagem/nome-caixa-conversao 1.0.0,35,ok
178691,per178691_1914_11013,5,0,0,,,triagem/nome-caixa-conversao 1.0.0,35,ok
178691,per178691_1914_11013,6,0,0,,,triagem/nome-caixa-conversao 1.0.0,35,ok
178691,per178691_1914_11013,7,0,0,,,triagem/nome-caixa-conversao 1.0.0,35,ok
178691,per178691_1914_11013,8,0,0,,,triagem/nome-caixa-conversao 1.0.0,35,ok
178691,per178691_1914_11013,9,0,0,,,triagem/nome-caixa-conversao 1.0.0,35,ok
178691,per178691_1914_11013,10,0,0,,,triagem/nome-caixa-conversao 1.0.0,35,ok
178691,per178691_1914_11013,11,0,0,,,triagem/nome-caixa-conversao 1.0.0,35,ok
178691,per178691_1914_11013,12,0,0,,,triagem/nome-caixa-conversao 1.0.0,35,ok
178691,per178691_1914_11014,1,0,0,,,triagem/nome-caixa-conversao 1.0.0,35,ok
178691,per178691_1914_11014,2,0,0,,,triagem/nome-caixa-conversao 1.0.0,35,ok
178691,per178691_1914_11014,3,0,0,,,triagem/nome-caixa-conversao 1.0.0,35,ok
178691,per178691_1914_11014,4,0,0,,,triagem/nome-caixa-conversao 1.0.0,35,ok
178691,per178691_1914_11014,5,1,1,caixa de conver,17411,triagem/nome-caixa-conversao 1.0.0,35,ok
178691,per178691_1914_11014,6,0,0,,,triagem/nome-caixa-conversao 1.0.0,35,ok
178691,per178691_1914_11014,7,0,0,,,triagem/nome-caixa-conversao 1.0.0,35,ok
178691,per178691_1914_11014,8,0,0,,,triagem/nome-caixa-conversao 1.0.0,35,ok
178691,per178691_1914_11014,9,0,0,,,triagem/nome-caixa-conversao 1.0.0,35,ok
178691,per178691_1914_11014,10,0,0,,,triagem/nome-caixa-conversao 1.0.0,35,ok
178691,per178691_1914_11015,1,0,0,,,triagem/nome-caixa-conversao 1.0.0,35,ok
178691,per178691_1914_11015,2,1,2,caixa de conver,855,triagem/nome-caixa-conversao 1.0.0,35,ok
178691,per178691_1914_11015,3,0,0,,,triagem/nome-caixa-conversao 1.0.0,35,ok
178691,per178691_1914_11015,4,0,0,,,triagem/nome-caixa-conversao 1.0.0,35,ok
178691,per178691_1914_11015,5,1,1,caixa deconver,8097,triagem/nome-caixa-conversao 1.0.0,35,ok
178691,per178691_1914_11015,6,0,0,,,triagem/nome-caixa-conversao 1.0.0,35,ok
178691,per178691_1914_11015,7,0,0,,,triagem/nome-caixa-conversao 1.0.0,35,ok
178691,per178691_1914_11015,8,0,0,,,triagem/nome-caixa-conversao 1.0.0,35,ok
178691,per178691_1914_11015,9,0,0,,,triagem/nome-caixa-conversao 1.0.0,35,ok
178691,per178691_1914_11015,10,0,0,,,triagem/nome-caixa-conversao 1.0.0,35,ok
178691,per178691_1914_11015,11,0,0,,,triagem/nome-caixa-conversao 1.0.0,35,ok
178691,per178691_1914_11015,12,0,0,,,triagem/nome-caixa-conversao 1.0.0,35,ok
178691,per178691_1914_11016,1,1,1,caixa dc conver,14485,triagem/nome-caixa-conversao 1.0.0,35,ok
178691,per178691_1914_11016,2,0,0,,,triagem/nome-caixa-conversao 1.0.0,35,ok
178691,per178691_1914_11016,3,0,0,,,triagem/nome-caixa-conversao 1.0.0,35,ok
178691,per178691_1914_11016,4,0,0,,,triagem/nome-caixa-conversao 1.0.0,35,ok
178691,per178691_1914_11016,5,0,0,,,triagem/nome-caixa-conversao 1.0.0,35,ok
178691,per178691_1914_11016,6,0,0,,,triagem/nome-caixa-conversao 1.0.0,35,ok
178691,per178691_1914_11016,7,0,0,,,triagem/nome-caixa-conversao 1.0.0,35,ok
178691,per178691_1914_11016,8,0,0,,,triagem/nome-caixa-conversao 1.0.0,35,ok
178691,per178691_1914_11016,9,0,0,,,triagem/nome-caixa-conversao 1.0.0,35,ok
178691,per178691_1914_11016,10,0,0,,,triagem/nome-caixa-conversao 1.0.0,35,ok
178691,per178691_1914_11017,1,0,0,,,triagem/nome-caixa-conversao 1.0.0,35,ok
178691,per178691_1914_11017,2,0,0,,,triagem/nome-caixa-conversao 1.0.0,35,ok
178691,per178691_1914_11017,3,0,0,,,triagem/nome-caixa-conversao 1.0.0,35,ok
178691,per178691_1914_11017,4,0,0,,,triagem/nome-caixa-conversao 1.0.0,35,ok
178691,per178691_1914_11017,5,0,0,,,triagem/nome-caixa-conversao 1.0.0,35,ok
178691,per178691_1914_11017,6,0,0,,,triagem/nome-caixa-conversao 1.0.0,35,ok
178691,per178691_1914_11017,7,0,0,,,triagem/nome-caixa-conversao 1.0.0,35,ok
178691,per178691_1914_11017,8,0,0,,,triagem/nome-caixa-conversao 1.0.0,35,ok
178691,per178691_1914_11017,9,0,0,,,triagem/nome-caixa-conversao 1.0.0,35,ok
178691,per178691_1914_11017,10,0,0,,,triagem/nome-caixa-conversao 1.0.0,35,ok
178691,per178691_1914_11017,11,0,0,,,triagem/nome-caixa-conversao 1.0.0,35,ok
178691,per178691_1914_11017,12,0,0,,,triagem/nome-caixa-conversao 1.0.0,35,ok
178691,per178691_1914_11017,13,0,0,,,triagem/nome-caixa-conversao 1.0.0,35,ok
178691,per178691_1914_11017,14,0,0,,,triagem/nome-caixa-conversao 1.0.0,35,ok
178691,per178691_1914_11017,15,0,0,,,triagem/nome-caixa-conversao 1.0.0,35,ok
178691,per178691_1914_11017,16,0,0,,,triagem/nome-caixa-conversao 1.0.0,35,ok
178691,per178691_1914_11018,1,0,0,,,triagem/nome-caixa-conversao 1.0.0,35,ok
178691,per178691_1914_11018,2,0,0,,,triagem/nome-caixa-conversao 1.0.0,35,ok
178691,per178691_1914_11018,3,0,0,,,triagem/nome-caixa-conversao 1.0.0,35,ok
178691,per178691_1914_11018,4,0,0,,,triagem/nome-caixa-conversao 1.0.0,35,ok
178691,per178691_1914_11018,5,0,0,,,triagem/nome-caixa-conversao 1.0.0,35,ok
178691,per178691_1914_11018,6,0,0,,,triagem/nome-caixa-conversao 1.0.0,35,ok
178691,per178691_1914_11018,7,0,0,,,triagem/nome-caixa-conversao 1.0.0,35,ok
178691,per178691_1914_11018,8,0,0,,,triagem/nome-caixa-conversao 1.0.0,35,ok
178691,per178691_1914_11019,1,0,0,,,triagem/nome-caixa-conversao 1.0.0,35,ok
178691,per178691_1914_11019,2,0,0,,,triagem/nome-caixa-conversao 1.0.0,35,ok
178691,per178691_1914_11019,3,0,0,,,triagem/nome-caixa-conversao 1.0.0,35,ok
178691,per178691_1914_11019,4,0,0,,,triagem/nome-caixa-conversao 1.0.0,35,ok
178691,per178691_1914_11019,5,0,0,,,triagem/nome-caixa-conversao 1.0.0,35,ok
178691,per178691_1914_11019,6,1,1,caixa do conver,37696,triagem/nome-caixa-conversao 1.0.0,35,ok
178691,per178691_1914_11019,7,0,0,,,triagem/nome-caixa-conversao 1.0.0,35,ok
178691,per178691_1914_11019,8,0,0,,,triagem/nome-caixa-conversao 1.0.0,35,ok
178691,per178691_1914_11019,9,0,0,,,triagem/nome-caixa-conversao 1.0.0,35,ok
178691,per178691_1914_11019,10,0,0,,,triagem/nome-caixa-conversao 1.0.0,35,ok
178691,per178691_1914_11019,11,0,0,,,triagem/nome-caixa-conversao 1.0.0,35,ok
178691,per178691_1914_11019,12,0,0,,,triagem/nome-caixa-conversao 1.0.0,35,ok
178691,per178691_1914_11020,1,0,0,,,triagem/nome-caixa-conversao 1.0.0,35,ok
178691,per178691_1914_11020,2,0,0,,,triagem/nome-caixa-conversao 1.0.0,35,ok
178691,per178691_1914_11020,3,0,0,,,triagem/nome-caixa-conversao 1.0.0,35,ok
178691,per178691_1914_11020,4,0,0,,,triagem/nome-caixa-conversao 1.0.0,35,ok
178691,per178691_1914_11020,5,0,0,,,triagem/nome-caixa-conversao 1.0.0,35,ok
178691,per178691_1914_11020,6,0,0,,,triagem/nome-caixa-conversao 1.0.0,35,ok
178691,per178691_1914_11020,7,0,0,,,triagem/nome-caixa-conversao 1.0.0,35,ok
178691,per178691_1914_11020,8,0,0,,,triagem/nome-caixa-conversao 1.0.0,35,ok
178691,per178691_1914_11020,9,0,0,,,triagem/nome-caixa-conversao 1.0.0,35,ok
178691,per178691_1914_11020,10,0,0,,,triagem/nome-caixa-conversao 1.0.0,35,ok
178691,per178691_1914_11021,1,0,0,,,triagem/nome-caixa-conversao 1.0.0,35,ok
178691,per178691_1914_11021,2,0,0,,,triagem/nome-caixa-conversao 1.0.0,35,ok
178691,per178691_1914_11021,3,0,0,,,triagem/nome-caixa-conversao 1.0.0,35,ok
178691,per178691_1914_11021,4,0,0,,,triagem/nome-caixa-conversao 1.0.0,35,ok
178691,per178691_1914_11021,5,0,0,,,triagem/nome-caixa-conversao 1.0.0,35,ok
178691,per178691_1914_11021,6,0,0,,,triagem/nome-caixa-conversao 1.0.0,35,ok
178691,per178691_1914_11021,7,0,0,,,triagem/nome-caixa-conversao 1.0.0,35,ok
178691,per178691_1914_11021,8,0,0,,,triagem/nome-caixa-conversao 1.0.0,35,ok
178691,per178691_1914_11021,9,0,0,,,triagem/nome-caixa-conversao 1.0.0,35,ok
178691,per178691_1914_11021,10,0,0,,,triagem/nome-caixa-conversao 1.0.0,35,ok
178691,per178691_1914_11022,1,0,0,,,triagem/nome-caixa-conversao 1.0.0,35,ok
178691,per178691_1914_11022,2,0,0,,,triagem/nome-caixa-conversao 1.0.0,35,ok
178691,per178691_1914_11022,3,0,0,,,triagem/nome-caixa-conversao 1.0.0,35,ok
178691,per178691_1914_11022,4,0,0,,,triagem/nome-caixa-conversao 1.0.0,35,ok
178691,per178691_1914_11022,5,0,0,,,triagem/nome-caixa-conversao 1.0.0,35,ok
178691,per178691_1914_11022,6,1,1,caixa deconver,6324,triagem/nome-caixa-conversao 1.0.0,35,ok
178691,per178691_1914_11022,7,0,0,,,triagem/nome-caixa-conversao 1.0.0,35,ok
178691,per178691_1914_11022,8,1,1,caixa de conver,20562,triagem/nome-caixa-conversao 1.0.0,35,ok
178691,per178691_1914_11022,9,0,0,,,triagem/nome-caixa-conversao 1.0.0,35,ok
178691,per178691_1914_11022,10,0,0,,,triagem/nome-caixa-conversao 1.0.0,35,ok
178691,per178691_1914_11022,11,0,0,,,triagem/nome-caixa-conversao 1.0.0,35,ok
178691,per178691_1914_11022,12,0,0,,,triagem/nome-caixa-conversao 1.0.0,35,ok
178691,per178691_1914_11023,1,0,0,,,triagem/nome-caixa-conversao 1.0.0,35,ok
178691,per178691_1914_11023,2,0,0,,,triagem/nome-caixa-conversao 1.0.0,35,ok
178691,per178691_1914_11023,3,0,0,,,triagem/nome-caixa-conversao 1.0.0,35,ok
178691,per178691_1914_11023,4,1,1,caixa de conver,3038,triagem/nome-caixa-conversao 1.0.0,35,ok
178691,per178691_1914_11023,5,0,0,,,triagem/nome-caixa-conversao 1.0.0,35,ok
178691,per178691_1914_11023,6,1,3,caixa de conver,8188,triagem/nome-caixa-conversao 1.0.0,35,ok
178691,per178691_1914_11023,7,0,0,,,triagem/nome-caixa-conversao 1.0.0,35,ok
178691,per178691_1914_11023,8,0,0,,,triagem/nome-caixa-conversao 1.0.0,35,ok
178691,per178691_1914_11023,9,0,0,,,triagem/nome-caixa-conversao 1.0.0,35,ok
178691,per178691_1914_11023,10,0,0,,,triagem/nome-caixa-conversao 1.0.0,35,ok
178691,per178691_1914_11023,11,0,0,,,triagem/nome-caixa-conversao 1.0.0,35,ok
178691,per178691_1914_11023,12,0,0,,,triagem/nome-caixa-conversao 1.0.0,35,ok
178691,per178691_1914_11024,1,0,0,,,triagem/nome-caixa-conversao 1.0.0,35,ok
178691,per178691_1914_11024,2,0,0,,,triagem/nome-caixa-conversao 1.0.0,35,ok
178691,per178691_1914_11024,3,0,0,,,triagem/nome-caixa-conversao 1.0.0,35,ok
178691,per178691_1914_11024,4,0,0,,,triagem/nome-caixa-conversao 1.0.0,35,ok
178691,per178691_1914_11024,5,0,0,,,triagem/nome-caixa-conversao 1.0.0,35,ok
178691,per178691_1914_11024,6,0,0,,,triagem/nome-caixa-conversao 1.0.0,35,ok
178691,per178691_1914_11024,7,0,0,,,triagem/nome-caixa-conversao 1.0.0,35,ok
178691,per178691_1914_11024,8,0,0,,,triagem/nome-caixa-conversao 1.0.0,35,ok
178691,per178691_1914_11024,9,0,0,,,triagem/nome-caixa-conversao 1.0.0,35,ok
178691,per178691_1914_11024,10,0,0,,,triagem/nome-caixa-conversao 1.0.0,35,ok
178691,per178691_1914_11024,11,0,0,,,triagem/nome-caixa-conversao 1.0.0,35,ok
178691,per178691_1914_11024,12,0,0,,,triagem/nome-caixa-conversao 1.0.0,35,ok
178691,per178691_1914_11024,13,0,0,,,triagem/nome-caixa-conversao 1.0.0,35,ok
178691,per178691_1914_11024,14,0,0,,,triagem/nome-caixa-conversao 1.0.0,35,ok
178691,per178691_1914_11024,15,0,0,,,triagem/nome-caixa-conversao 1.0.0,35,ok
178691,per178691_1914_11024,16,0,0,,,triagem/nome-caixa-conversao 1.0.0,35,ok
178691,per178691_1914_11025,1,0,0,,,triagem/nome-caixa-conversao 1.0.0,35,ok
178691,per178691_1914_11025,2,0,0,,,triagem/nome-caixa-conversao 1.0.0,35,ok
178691,per178691_1914_11025,3,0,0,,,triagem/nome-caixa-conversao 1.0.0,35,ok
178691,per178691_1914_11025,4,0,0,,,triagem/nome-caixa-conversao 1.0.0,35,ok
178691,per178691_1914_11025,5,0,0,,,triagem/nome-caixa-conversao 1.0.0,35,ok
178691,per178691_1914_11025,6,0,0,,,triagem/nome-caixa-conversao 1.0.0,35,ok
178691,per178691_1914_11025,7,0,0,,,triagem/nome-caixa-conversao 1.0.0,35,ok
178691,per178691_1914_11025,8,0,0,,,triagem/nome-caixa-conversao 1.0.0,35,ok
178691,per178691_1914_11026,1,0,0,,,triagem/nome-caixa-conversao 1.0.0,35,ok
178691,per178691_1914_11026,2,1,1,caixa de conver,5486,triagem/nome-caixa-conversao 1.0.0,35,ok
178691,per178691_1914_11026,3,0,0,,,triagem/nome-caixa-conversao 1.0.0,35,ok
178691,per178691_1914_11026,4,0,0,,,triagem/nome-caixa-conversao 1.0.0,35,ok
178691,per178691_1914_11026,5,0,0,,,triagem/nome-caixa-conversao 1.0.0,35,ok
178691,per178691_1914_11026,6,0,0,,,triagem/nome-caixa-conversao 1.0.0,35,ok
178691,per178691_1914_11026,7,0,0,,,triagem/nome-caixa-conversao 1.0.0,35,ok
178691,per178691_1914_11026,8,1,1,caixa de conver,1094,triagem/nome-caixa-conversao 1.0.0,35,ok
178691,per178691_1914_11026,9,0,0,,,triagem/nome-caixa-conversao 1.0.0,35,ok
178691,per178691_1914_11026,10,0,0,,,triagem/nome-caixa-conversao 1.0.0,35,ok
178691,per178691_1914_11026,11,0,0,,,triagem/nome-caixa-conversao 1.0.0,35,ok
178691,per178691_1914_11026,12,0,0,,,triagem/nome-caixa-conversao 1.0.0,35,ok
178691,per178691_1914_11027,1,0,0,,,triagem/nome-caixa-conversao 1.0.0,35,ok
178691,per178691_1914_11027,2,0,0,,,triagem/nome-caixa-conversao 1.0.0,35,ok
178691,per178691_1914_11027,3,0,0,,,triagem/nome-caixa-conversao 1.0.0,35,ok
178691,per178691_1914_11027,4,0,0,,,triagem/nome-caixa-conversao 1.0.0,35,ok
178691,per178691_1914_11027,5,0,0,,,triagem/nome-caixa-conversao 1.0.0,35,ok
178691,per178691_1914_11027,6,0,0,,,triagem/nome-caixa-conversao 1.0.0,35,ok
178691,per178691_1914_11027,7,0,0,,,triagem/nome-caixa-conversao 1.0.0,35,ok
178691,per178691_1914_11027,8,0,0,,,triagem/nome-caixa-conversao 1.0.0,35,ok
178691,per178691_1914_11027,9,0,0,,,triagem/nome-caixa-conversao 1.0.0,35,ok
178691,per178691_1914_11027,10,0,0,,,triagem/nome-caixa-conversao 1.0.0,35,ok
178691,per178691_1914_11027,11,0,0,,,triagem/nome-caixa-conversao 1.0.0,35,ok
178691,per178691_1914_11027,12,0,0,,,triagem/nome-caixa-conversao 1.0.0,35,ok
178691,per178691_1914_11028,1,0,0,,,triagem/nome-caixa-conversao 1.0.0,35,ok
178691,per178691_1914_11028,2,0,0,,,triagem/nome-caixa-conversao 1.0.0,35,ok
178691,per178691_1914_11028,3,0,0,,,triagem/nome-caixa-conversao 1.0.0,35,ok
178691,per178691_1914_11028,4,0,0,,,triagem/nome-caixa-conversao 1.0.0,35,ok
178691,per178691_1914_11028,5,0,0,,,triagem/nome-caixa-conversao 1.0.0,35,ok
178691,per178691_1914_11028,6,0,0,,,triagem/nome-caixa-conversao 1.0.0,35,ok
178691,per178691_1914_11028,7,0,0,,,triagem/nome-caixa-conversao 1.0.0,35,ok
178691,per178691_1914_11028,8,0,0,,,triagem/nome-caixa-conversao 1.0.0,35,ok
178691,per178691_1914_11028,9,0,0,,,triagem/nome-caixa-conversao 1.0.0,35,ok
178691,per178691_1914_11028,10,0,0,,,triagem/nome-caixa-conversao 1.0.0,35,ok
178691,per178691_1914_11028,11,0,0,,,triagem/nome-caixa-conversao 1.0.0,35,ok
178691,per178691_1914_11028,12,0,0,,,triagem/nome-caixa-conversao 1.0.0,35,ok
178691,per178691_1914_11028,13,0,0,,,triagem/nome-caixa-conversao 1.0.0,35,ok
178691,per178691_1914_11028,14,0,0,,,triagem/nome-caixa-conversao 1.0.0,35,ok
178691,per178691_1914_11028,15,0,0,,,triagem/nome-caixa-conversao 1.0.0,35,ok
178691,per178691_1914_11028,16,0,0,,,triagem/nome-caixa-conversao 1.0.0,35,ok
178691,per178691_1914_11028,17,0,0,,,triagem/nome-caixa-conversao 1.0.0,35,ok
178691,per178691_1914_11028,18,0,0,,,triagem/nome-caixa-conversao 1.0.0,35,ok
178691,per178691_1914_11028,19,0,0,,,triagem/nome-caixa-conversao 1.0.0,35,ok
178691,per178691_1914_11028,20,0,0,,,triagem/nome-caixa-conversao 1.0.0,35,ok
178691,per178691_1914_11028,21,0,0,,,triagem/nome-caixa-conversao 1.0.0,35,ok
178691,per178691_1914_11028,22,0,0,,,triagem/nome-caixa-conversao 1.0.0,35,ok
178691,per178691_1914_11029,1,0,0,,,triagem/nome-caixa-conversao 1.0.0,35,ok
178691,per178691_1914_11029,2,0,0,,,triagem/nome-caixa-conversao 1.0.0,35,ok
178691,per178691_1914_11029,3,0,0,,,triagem/nome-caixa-conversao 1.0.0,35,ok
178691,per178691_1914_11029,4,0,0,,,triagem/nome-caixa-conversao 1.0.0,35,ok
178691,per178691_1914_11029,5,0,0,,,triagem/nome-caixa-conversao 1.0.0,35,ok
178691,per178691_1914_11029,6,1,1,caixa de conver,16136,triagem/nome-caixa-conversao 1.0.0,35,ok
178691,per178691_1914_11029,7,0,0,,,triagem/nome-caixa-conversao 1.0.0,35,ok
178691,per178691_1914_11029,8,0,0,,,triagem/nome-caixa-conversao 1.0.0,35,ok
178691,per178691_1914_11029,9,0,0,,,triagem/nome-caixa-conversao 1.0.0,35,ok
178691,per178691_1914_11029,10,0,0,,,triagem/nome-caixa-conversao 1.0.0,35,ok
178691,per178691_1914_11029,11,0,0,,,triagem/nome-caixa-conversao 1.0.0,35,ok
178691,per178691_1914_11029,12,0,0,,,triagem/nome-caixa-conversao 1.0.0,35,ok
178691,per178691_1914_11030,1,0,0,,,triagem/nome-caixa-conversao 1.0.0,35,ok
178691,per178691_1914_11030,2,0,0,,,triagem/nome-caixa-conversao 1.0.0,35,ok
178691,per178691_1914_11030,3,0,0,,,triagem/nome-caixa-conversao 1.0.0,35,ok
178691,per178691_1914_11030,4,0,0,,,triagem/nome-caixa-conversao 1.0.0,35,ok
178691,per178691_1914_11030,5,0,0,,,triagem/nome-caixa-conversao 1.0.0,35,ok
178691,per178691_1914_11030,6,0,0,,,triagem/nome-caixa-conversao 1.0.0,35,ok
178691,per178691_1914_11030,7,0,0,,,triagem/nome-caixa-conversao 1.0.0,35,ok
178691,per178691_1914_11030,8,0,0,,,triagem/nome-caixa-conversao 1.0.0,35,ok
178691,per178691_1914_11030,9,0,0,,,triagem/nome-caixa-conversao 1.0.0,35,ok
178691,per178691_1914_11030,10,0,0,,,triagem/nome-caixa-conversao 1.0.0,35,ok
178691,per178691_1914_11030,11,0,0,,,triagem/nome-caixa-conversao 1.0.0,35,ok
178691,per178691_1914_11030,12,0,0,,,triagem/nome-caixa-conversao 1.0.0,35,ok
178691,per178691_1914_11031,1,0,0,,,triagem/nome-caixa-conversao 1.0.0,35,ok
178691,per178691_1914_11031,2,0,0,,,triagem/nome-caixa-conversao 1.0.0,35,ok
178691,per178691_1914_11031,3,0,0,,,triagem/nome-caixa-conversao 1.0.0,35,ok
178691,per178691_1914_11031,4,0,0,,,triagem/nome-caixa-conversao 1.0.0,35,ok
178691,per178691_1914_11031,5,0,0,,,triagem/nome-caixa-conversao 1.0.0,35,ok
178691,per178691_1914_11031,6,0,0,,,triagem/nome-caixa-conversao 1.0.0,35,ok
178691,per178691_1914_11031,7,0,0,,,triagem/nome-caixa-conversao 1.0.0,35,ok
178691,per178691_1914_11031,8,0,0,,,triagem/nome-caixa-conversao 1.0.0,35,ok
178691,per178691_1914_11031,9,0,0,,,triagem/nome-caixa-conversao 1.0.0,35,ok
178691,per178691_1914_11031,10,0,0,,,triagem/nome-caixa-conversao 1.0.0,35,ok
178691,per178691_1914_11031,11,1,1,caixa deconver,8937,triagem/nome-caixa-conversao 1.0.0,35,ok
178691,per178691_1914_11031,12,0,0,,,triagem/nome-caixa-conversao 1.0.0,35,ok
178691,per178691_1914_11031,13,0,0,,,triagem/nome-caixa-conversao 1.0.0,35,ok
178691,per178691_1914_11031,14,0,0,,,triagem/nome-caixa-conversao 1.0.0,35,ok
178691,per178691_1914_11031,15,0,0,,,triagem/nome-caixa-conversao 1.0.0,35,ok
178691,per178691_1914_11031,16,0,0,,,triagem/nome-caixa-conversao 1.0.0,35,ok
178691,per178691_1914_11032,1,0,0,,,triagem/nome-caixa-conversao 1.0.0,35,ok
178691,per178691_1914_11032,2,0,0,,,triagem/nome-caixa-conversao 1.0.0,35,ok
178691,per178691_1914_11032,3,0,0,,,triagem/nome-caixa-conversao 1.0.0,35,ok
178691,per178691_1914_11032,4,0,0,,,triagem/nome-caixa-conversao 1.0.0,35,ok
178691,per178691_1914_11032,5,0,0,,,triagem/nome-caixa-conversao 1.0.0,35,ok
178691,per178691_1914_11032,6,0,0,,,triagem/nome-caixa-conversao 1.0.0,35,ok
178691,per178691_1914_11032,7,0,0,,,triagem/nome-caixa-conversao 1.0.0,35,ok
178691,per178691_1914_11032,8,0,0,,,triagem/nome-caixa-conversao 1.0.0,35,ok
178691,per178691_1914_11032,9,0,0,,,triagem/nome-caixa-conversao 1.0.0,35,ok
178691,per178691_1914_11032,10,0,0,,,triagem/nome-caixa-conversao 1.0.0,35,ok
178691,per178691_1914_11033,1,0,0,,,triagem/nome-caixa-conversao 1.0.0,35,ok
178691,per178691_1914_11033,2,0,0,,,triagem/nome-caixa-conversao 1.0.0,35,ok
178691,per178691_1914_11033,3,0,0,,,triagem/nome-caixa-conversao 1.0.0,35,ok
178691,per178691_1914_11033,4,0,0,,,triagem/nome-caixa-conversao 1.0.0,35,ok
178691,per178691_1914_11033,5,0,0,,,triagem/nome-caixa-conversao 1.0.0,35,ok
178691,per178691_1914_11033,6,0,0,,,triagem/nome-caixa-conversao 1.0.0,35,ok
178691,per178691_1914_11033,7,0,0,,,triagem/nome-caixa-conversao 1.0.0,35,ok
178691,per178691_1914_11033,8,0,0,,,triagem/nome-caixa-conversao 1.0.0,35,ok
178691,per178691_1914_11033,9,0,0,,,triagem/nome-caixa-conversao 1.0.0,35,ok
178691,per178691_1914_11033,10,0,0,,,triagem/nome-caixa-conversao 1.0.0,35,ok
178691,per178691_1914_11033,11,0,0,,,triagem/nome-caixa-conversao 1.0.0,35,ok
178691,per178691_1914_11033,12,0,0,,,triagem/nome-caixa-conversao 1.0.0,35,ok
178691,per178691_1914_11034,1,0,0,,,triagem/nome-caixa-conversao 1.0.0,35,ok
178691,per178691_1914_11034,2,0,0,,,triagem/nome-caixa-conversao 1.0.0,35,ok
178691,per178691_1914_11034,3,0,0,,,triagem/nome-caixa-conversao 1.0.0,35,ok
178691,per178691_1914_11034,4,0,0,,,triagem/nome-caixa-conversao 1.0.0,35,ok
178691,per178691_1914_11034,5,0,0,,,triagem/nome-caixa-conversao 1.0.0,35,ok
178691,per178691_1914_11034,6,0,0,,,triagem/nome-caixa-conversao 1.0.0,35,ok
178691,per178691_1914_11034,7,0,0,,,triagem/nome-caixa-conversao 1.0.0,35,ok
178691,per178691_1914_11034,8,0,0,,,triagem/nome-caixa-conversao 1.0.0,35,ok
178691,per178691_1914_11034,9,0,0,,,triagem/nome-caixa-conversao 1.0.0,35,ok
178691,per178691_1914_11034,10,0,0,,,triagem/nome-caixa-conversao 1.0.0,35,ok
178691,per178691_1914_11034,11,0,0,,,triagem/nome-caixa-conversao 1.0.0,35,ok
178691,per178691_1914_11034,12,0,0,,,triagem/nome-caixa-conversao 1.0.0,35,ok
178691,per178691_1914_11035,1,0,0,,,triagem/nome-caixa-conversao 1.0.0,35,ok
178691,per178691_1914_11035,2,0,0,,,triagem/nome-caixa-conversao 1.0.0,35,ok
178691,per178691_1914_11035,3,0,0,,,triagem/nome-caixa-conversao 1.0.0,35,ok
178691,per178691_1914_11035,4,0,0,,,triagem/nome-caixa-conversao 1.0.0,35,ok
178691,per178691_1914_11035,5,0,0,,,triagem/nome-caixa-conversao 1.0.0,35,ok
178691,per178691_1914_11035,6,0,0,,,triagem/nome-caixa-conversao 1.0.0,35,ok
178691,per178691_1914_11035,7,0,0,,,triagem/nome-caixa-conversao 1.0.0,35,ok
178691,per178691_1914_11035,8,0,0,,,triagem/nome-caixa-conversao 1.0.0,35,ok
178691,per178691_1914_11035,9,0,0,,,triagem/nome-caixa-conversao 1.0.0,35,ok
178691,per178691_1914_11035,10,0,0,,,triagem/nome-caixa-conversao 1.0.0,35,ok
178691,per178691_1914_11035,11,0,0,,,triagem/nome-caixa-conversao 1.0.0,35,ok
178691,per178691_1914_11035,12,0,0,,,triagem/nome-caixa-conversao 1.0.0,35,ok
178691,per178691_1914_11036,1,0,0,,,triagem/nome-caixa-conversao 1.0.0,35,ok
178691,per178691_1914_11036,2,0,0,,,triagem/nome-caixa-conversao 1.0.0,35,ok
178691,per178691_1914_11036,3,0,0,,,triagem/nome-caixa-conversao 1.0.0,35,ok
178691,per178691_1914_11036,4,0,0,,,triagem/nome-caixa-conversao 1.0.0,35,ok
178691,per178691_1914_11036,5,0,0,,,triagem/nome-caixa-conversao 1.0.0,35,ok
178691,per178691_1914_11036,6,0,0,,,triagem/nome-caixa-conversao 1.0.0,35,ok
178691,per178691_1914_11036,7,0,0,,,triagem/nome-caixa-conversao 1.0.0,35,ok
178691,per178691_1914_11036,8,0,0,,,triagem/nome-caixa-conversao 1.0.0,35,ok
178691,per178691_1914_11036,9,1,1,caixa de conver,23260,triagem/nome-caixa-conversao 1.0.0,35,ok
178691,per178691_1914_11036,10,0,0,,,triagem/nome-caixa-conversao 1.0.0,35,ok
178691,per178691_1914_11036,11,0,0,,,triagem/nome-caixa-conversao 1.0.0,35,ok
178691,per178691_1914_11036,12,0,0,,,triagem/nome-caixa-conversao 1.0.0,35,ok
178691,per178691_1914_11037,1,0,0,,,triagem/nome-caixa-conversao 1.0.0,35,ok
178691,per178691_1914_11037,2,0,0,,,triagem/nome-caixa-conversao 1.0.0,35,ok
178691,per178691_1914_11037,3,0,0,,,triagem/nome-caixa-conversao 1.0.0,35,ok
178691,per178691_1914_11037,4,0,0,,,triagem/nome-caixa-conversao 1.0.0,35,ok
178691,per178691_1914_11037,5,0,0,,,triagem/nome-caixa-conversao 1.0.0,35,ok
178691,per178691_1914_11037,6,0,0,,,triagem/nome-caixa-conversao 1.0.0,35,ok
178691,per178691_1914_11037,7,0,0,,,triagem/nome-caixa-conversao 1.0.0,35,ok
178691,per178691_1914_11037,8,0,0,,,triagem/nome-caixa-conversao 1.0.0,35,ok
178691,per178691_1914_11038,1,0,0,,,triagem/nome-caixa-conversao 1.0.0,35,ok
178691,per178691_1914_11038,2,0,0,,,triagem/nome-caixa-conversao 1.0.0,35,ok
178691,per178691_1914_11038,3,0,0,,,triagem/nome-caixa-conversao 1.0.0,35,ok
178691,per178691_1914_11038,4,0,0,,,triagem/nome-caixa-conversao 1.0.0,35,ok
178691,per178691_1914_11038,5,0,0,,,triagem/nome-caixa-conversao 1.0.0,35,ok
178691,per178691_1914_11038,6,0,0,,,triagem/nome-caixa-conversao 1.0.0,35,ok
178691,per178691_1914_11038,7,0,0,,,triagem/nome-caixa-conversao 1.0.0,35,ok
178691,per178691_1914_11038,8,0,0,,,triagem/nome-caixa-conversao 1.0.0,35,ok
178691,per178691_1914_11038,9,0,0,,,triagem/nome-caixa-conversao 1.0.0,35,ok
178691,per178691_1914_11038,10,0,0,,,triagem/nome-caixa-conversao 1.0.0,35,ok
178691,per178691_1914_11038,11,0,0,,,triagem/nome-caixa-conversao 1.0.0,35,ok
178691,per178691_1914_11038,12,0,0,,,triagem/nome-caixa-conversao 1.0.0,35,ok
178691,per178691_1914_11038,13,0,0,,,triagem/nome-caixa-conversao 1.0.0,35,ok
178691,per178691_1914_11038,14,0,0,,,triagem/nome-caixa-conversao 1.0.0,35,ok
178691,per178691_1914_11038,15,0,0,,,triagem/nome-caixa-conversao 1.0.0,35,ok
178691,per178691_1914_11038,16,0,0,,,triagem/nome-caixa-conversao 1.0.0,35,ok
178691,per178691_1914_11039,1,0,0,,,triagem/nome-caixa-conversao 1.0.0,35,ok
178691,per178691_1914_11039,2,0,0,,,triagem/nome-caixa-conversao 1.0.0,35,ok
178691,per178691_1914_11039,3,0,0,,,triagem/nome-caixa-conversao 1.0.0,35,ok
178691,per178691_1914_11039,4,0,0,,,triagem/nome-caixa-conversao 1.0.0,35,ok
178691,per178691_1914_11039,5,0,0,,,triagem/nome-caixa-conversao 1.0.0,35,ok
178691,per178691_1914_11039,6,0,0,,,triagem/nome-caixa-conversao 1.0.0,35,ok
178691,per178691_1914_11039,7,0,0,,,triagem/nome-caixa-conversao 1.0.0,35,ok
178691,per178691_1914_11039,8,0,0,,,triagem/nome-caixa-conversao 1.0.0,35,ok
178691,per178691_1914_11039,9,0,0,,,triagem/nome-caixa-conversao 1.0.0,35,ok
178691,per178691_1914_11039,10,0,0,,,triagem/nome-caixa-conversao 1.0.0,35,ok
178691,per178691_1914_11039,11,0,0,,,triagem/nome-caixa-conversao 1.0.0,35,ok
178691,per178691_1914_11039,12,0,0,,,triagem/nome-caixa-conversao 1.0.0,35,ok
178691,per178691_1914_11039,13,0,0,,,triagem/nome-caixa-conversao 1.0.0,35,ok
178691,per178691_1914_11039,14,0,0,,,triagem/nome-caixa-conversao 1.0.0,35,ok
178691,per178691_1914_11039,15,0,0,,,triagem/nome-caixa-conversao 1.0.0,35,ok
178691,per178691_1914_11039,16,0,0,,,triagem/nome-caixa-conversao 1.0.0,35,ok
178691,per178691_1914_11040,1,0,0,,,triagem/nome-caixa-conversao 1.0.0,35,ok
178691,per178691_1914_11040,2,1,1,caixa de conver,23099,triagem/nome-caixa-conversao 1.0.0,35,ok
178691,per178691_1914_11040,3,0,0,,,triagem/nome-caixa-conversao 1.0.0,35,ok
178691,per178691_1914_11040,4,1,2,caixa de conver,24369,triagem/nome-caixa-conversao 1.0.0,35,ok
178691,per178691_1914_11040,5,0,0,,,triagem/nome-caixa-conversao 1.0.0,35,ok
178691,per178691_1914_11040,6,0,0,,,triagem/nome-caixa-conversao 1.0.0,35,ok
178691,per178691_1914_11040,7,0,0,,,triagem/nome-caixa-conversao 1.0.0,35,ok
178691,per178691_1914_11040,8,0,0,,,triagem/nome-caixa-conversao 1.0.0,35,ok
178691,per178691_1914_11040,9,0,0,,,triagem/nome-caixa-conversao 1.0.0,35,ok
178691,per178691_1914_11040,10,0,0,,,triagem/nome-caixa-conversao 1.0.0,35,ok
178691,per178691_1914_11040,11,0,0,,,triagem/nome-caixa-conversao 1.0.0,35,ok
178691,per178691_1914_11040,12,0,0,,,triagem/nome-caixa-conversao 1.0.0,35,ok
178691,per178691_1914_11040,13,0,0,,,triagem/nome-caixa-conversao 1.0.0,35,ok
178691,per178691_1914_11040,14,0,0,,,triagem/nome-caixa-conversao 1.0.0,35,ok
178691,per178691_1914_11040,15,0,0,,,triagem/nome-caixa-conversao 1.0.0,35,ok
178691,per178691_1914_11040,16,0,0,,,triagem/nome-caixa-conversao 1.0.0,35,ok
178691,per178691_1914_11041,1,0,0,,,triagem/nome-caixa-conversao 1.0.0,35,ok
178691,per178691_1914_11041,2,0,0,,,triagem/nome-caixa-conversao 1.0.0,35,ok
178691,per178691_1914_11041,3,0,0,,,triagem/nome-caixa-conversao 1.0.0,35,ok
178691,per178691_1914_11041,4,0,0,,,triagem/nome-caixa-conversao 1.0.0,35,ok
178691,per178691_1914_11041,5,0,0,,,triagem/nome-caixa-conversao 1.0.0,35,ok
178691,per178691_1914_11041,6,0,0,,,triagem/nome-caixa-conversao 1.0.0,35,ok
178691,per178691_1914_11041,7,0,0,,,triagem/nome-caixa-conversao 1.0.0,35,ok
178691,per178691_1914_11041,8,0,0,,,triagem/nome-caixa-conversao 1.0.0,35,ok
178691,per178691_1914_11041,9,0,0,,,triagem/nome-caixa-conversao 1.0.0,35,ok
178691,per178691_1914_11041,10,0,0,,,triagem/nome-caixa-conversao 1.0.0,35,ok
178691,per178691_1914_11041,11,0,0,,,triagem/nome-caixa-conversao 1.0.0,35,ok
178691,per178691_1914_11041,12,0,0,,,triagem/nome-caixa-conversao 1.0.0,35,ok
178691,per178691_1914_11041,13,0,0,,,triagem/nome-caixa-conversao 1.0.0,35,ok
178691,per178691_1914_11041,14,0,0,,,triagem/nome-caixa-conversao 1.0.0,35,ok
178691,per178691_1914_11041,15,0,0,,,triagem/nome-caixa-conversao 1.0.0,35,ok
178691,per178691_1914_11041,16,0,0,,,triagem/nome-caixa-conversao 1.0.0,35,ok
178691,per178691_1914_11041,17,0,0,,,triagem/nome-caixa-conversao 1.0.0,35,ok
178691,per178691_1914_11041,18,0,0,,,triagem/nome-caixa-conversao 1.0.0,35,ok
178691,per178691_1914_11041,19,0,0,,,triagem/nome-caixa-conversao 1.0.0,35,ok
178691,per178691_1914_11041,20,0,0,,,triagem/nome-caixa-conversao 1.0.0,35,ok
178691,per178691_1914_11041,21,0,0,,,triagem/nome-caixa-conversao 1.0.0,35,ok
178691,per178691_1914_11041,22,0,0,,,triagem/nome-caixa-conversao 1.0.0,35,ok
178691,per178691_1914_11041,23,0,0,,,triagem/nome-caixa-conversao 1.0.0,35,ok
178691,per178691_1914_11041,24,0,0,,,triagem/nome-caixa-conversao 1.0.0,35,ok
178691,per178691_1914_11042,1,0,0,,,triagem/nome-caixa-conversao 1.0.0,35,ok
178691,per178691_1914_11042,2,0,0,,,triagem/nome-caixa-conversao 1.0.0,35,ok
178691,per178691_1914_11042,3,0,0,,,triagem/nome-caixa-conversao 1.0.0,35,ok
178691,per178691_1914_11042,4,0,0,,,triagem/nome-caixa-conversao 1.0.0,35,ok
178691,per178691_1914_11042,5,0,0,,,triagem/nome-caixa-conversao 1.0.0,35,ok
178691,per178691_1914_11042,6,1,1,caixa de conver,7106,triagem/nome-caixa-conversao 1.0.0,35,ok
178691,per178691_1914_11042,7,0,0,,,triagem/nome-caixa-conversao 1.0.0,35,ok
178691,per178691_1914_11042,8,0,0,,,triagem/nome-caixa-conversao 1.0.0,35,ok
178691,per178691_1914_11042,9,0,0,,,triagem/nome-caixa-conversao 1.0.0,35,ok
178691,per178691_1914_11042,10,0,0,,,triagem/nome-caixa-conversao 1.0.0,35,ok
178691,per178691_1914_11042,11,0,0,,,triagem/nome-caixa-conversao 1.0.0,35,ok
178691,per178691_1914_11042,12,0,0,,,triagem/nome-caixa-conversao 1.0.0,35,ok
178691,per178691_1914_11042,13,0,0,,,triagem/nome-caixa-conversao 1.0.0,35,ok
178691,per178691_1914_11042,14,0,0,,,triagem/nome-caixa-conversao 1.0.0,35,ok
178691,per178691_1914_11042,15,0,0,,,triagem/nome-caixa-conversao 1.0.0,35,ok
178691,per178691_1914_11042,16,0,0,,,triagem/nome-caixa-conversao 1.0.0,35,ok
178691,per178691_1914_11042,17,0,0,,,triagem/nome-caixa-conversao 1.0.0,35,ok
178691,per178691_1914_11042,18,0,0,,,triagem/nome-caixa-conversao 1.0.0,35,ok
178691,per178691_1914_11042,19,0,0,,,triagem/nome-caixa-conversao 1.0.0,35,ok
178691,per178691_1914_11042,20,0,0,,,triagem/nome-caixa-conversao 1.0.0,35,ok
178691,per178691_1914_11042,21,1,1,caixa de conver,31880,triagem/nome-caixa-conversao 1.0.0,35,ok
178691,per178691_1914_11042,22,0,0,,,triagem/nome-caixa-conversao 1.0.0,35,ok
178691,per178691_1914_11042,23,0,0,,,triagem/nome-caixa-conversao 1.0.0,35,ok
178691,per178691_1914_11042,24,0,0,,,triagem/nome-caixa-conversao 1.0.0,35,ok
