bib,source_identifier,page_number,hit,n_matches,primeiro_span_texto,primeiro_span_offset,regra_versao,extraction_run_id,result_status
089842,per089842_1911_03454,1,0,0,,,triagem/nome-caixa-conversao 1.0.0,7,ok
089842,per089842_1911_03454,2,0,0,,,triagem/nome-caixa-conversao 1.0.0,7,ok
089842,per089842_1911_03454,3,0,0,,,triagem/nome-caixa-conversao 1.0.0,7,ok
089842,per089842_1911_03454,4,0,0,,,triagem/nome-caixa-conversao 1.0.0,7,ok
089842,per089842_1911_03454,5,1,1,caixade conver,13870,triagem/nome-caixa-conversao 1.0.0,7,ok
089842,per089842_1911_03454,6,0,0,,,triagem/nome-caixa-conversao 1.0.0,7,ok
089842,per089842_1911_03454,7,0,0,,,triagem/nome-caixa-conversao 1.0.0,7,ok
089842,per089842_1911_03454,8,0,0,,,triagem/nome-caixa-conversao 1.0.0,7,ok
089842,per089842_1911_03454,9,0,0,,,triagem/nome-caixa-conversao 1.0.0,7,ok
089842,per089842_1911_03454,10,0,0,,,triagem/nome-caixa-conversao 1.0.0,7,ok
089842,per089842_1911_03454,11,0,0,,,triagem/nome-caixa-conversao 1.0.0,7,ok
089842,per089842_1911_03454,12,0,0,,,triagem/nome-caixa-conversao 1.0.0,7,ok
089842,per089842_1911_03454,13,0,0,,,triagem/nome-caixa-conversao 1.0.0,7,ok
089842,per089842_1911_03454,14,0,0,,,triagem/nome-caixa-conversao 1.0.0,7,ok
089842,per089842_1911_03454,15,0,0,,,triagem/nome-caixa-conversao 1.0.0,7,ok
089842,per089842_1911_03454,16,0,0,,,triagem/nome-caixa-conversao 1.0.0,7,ok
089842,per089842_1911_03455,1,0,0,,,triagem/nome-caixa-conversao 1.0.0,7,ok
089842,per089842_1911_03455,2,0,0,,,triagem/nome-caixa-conversao 1.0.0,7,ok
089842,per089842_1911_03455,3,0,0,,,triagem/nome-caixa-conversao 1.0.0,7,ok
089842,per089842_1911_03455,4,0,0,,,triagem/nome-caixa-conversao 1.0.0,7,ok
089842,per089842_1911_03455,5,0,0,,,triagem/nome-caixa-conversao 1.0.0,7,ok
089842,per089842_1911_03455,6,0,0,,,triagem/nome-caixa-conversao 1.0.0,7,ok
089842,per089842_1911_03455,7,0,0,,,triagem/nome-caixa-conversao 1.0.0,7,ok
089842,per089842_1911_03455,8,0,0,,,triagem/nome-caixa-conversao 1.0.0,7,ok
089842,per089842_1911_03456,1,0,0,,,triagem/nome-caixa-conversao 1.0.0,7,ok
089842,per089842_1911_03456,2,0,0,,,triagem/nome-caixa-conversao 1.0.0,7,ok
089842,per089842_1911_03456,3,0,0,,,triagem/nome-caixa-conversao 1.0.0,7,ok
089842,per089842_1911_03456,4,0,0,,,triagem/nome-caixa-conversao 1.0.0,7,ok
089842,per089842_1911_03456,5,0,0,,,triagem/nome-caixa-conversao 1.0.0,7,ok
089842,per089842_1911_03456,6,0,0,,,triagem/nome-caixa-conversao 1.0.0,7,ok
089842,per089842_1911_03456,7,0,0,,,triagem/nome-caixa-conversao 1.0.0,7,ok
089842,per089842_1911_03456,8,0,0,,,triagem/nome-caixa-conversao 1.0.0,7,ok
089842,per089842_1911_03456,9,0,0,,,triagem/nome-caixa-conversao 1.0.0,7,ok
089842,per089842_1911_03456,10,0,0,,,triagem/nome-caixa-conversao 1.0.0,7,ok
089842,per089842_1911_03457,1,0,0,,,triagem/nome-caixa-conversao 1.0.0,7,ok
089842,per089842_1911_03457,2,0,0,,,triagem/nome-caixa-conversao 1.0.0,7,ok
089842,per089842_1911_03457,3,0,0,,,triagem/nome-caixa-conversao 1.0.0,7,ok
089842,per089842_1911_03457,4,0,0,,,triagem/nome-caixa-conversao 1.0.0,7,ok
089842,per089842_1911_03457,5,0,0,,,triagem/nome-caixa-conversao 1.0.0,7,ok
089842,per089842_1911_03457,6,0,0,,,triagem/nome-caixa-conversao 1.0.0,7,ok
089842,per089842_1911_03457,7,0,0,,,triagem/nome-caixa-conversao 1.0.0,7,ok
089842,per089842_1911_03457,8,0,0,,,triagem/nome-caixa-conversao 1.0.0,7,ok
089842,per089842_1911_03458,1,0,0,,,triagem/nome-caixa-conversao 1.0.0,7,ok
089842,per089842_1911_03458,2,0,0,,,triagem/nome-caixa-conversao 1.0.0,7,ok
089842,per089842_1911_03458,3,0,0,,,triagem/nome-caixa-conversao 1.0.0,7,ok
089842,per089842_1911_03458,4,0,0,,,triagem/nome-caixa-conversao 1.0.0,7,ok
089842,per089842_1911_03458,5,0,0,,,triagem/nome-caixa-conversao 1.0.0,7,ok
089842,per089842_1911_03458,6,0,0,,,triagem/nome-caixa-conversao 1.0.0,7,ok
089842,per089842_1911_03458,7,0,0,,,triagem/nome-caixa-conversao 1.0.0,7,ok
089842,per089842_1911_03458,8,0,0,,,triagem/nome-caixa-conversao 1.0.0,7,ok
089842,per089842_1911_03458,9,0,0,,,triagem/nome-caixa-conversao 1.0.0,7,ok
089842,per089842_1911_03458,10,0,0,,,triagem/nome-caixa-conversao 1.0.0,7,ok
089842,per089842_1911_03459,1,1,2,caixa de conver,5960,triagem/nome-caixa-conversao 1.0.0,7,ok
089842,per089842_1911_03459,2,0,0,,,triagem/nome-caixa-conversao 1.0.0,7,ok
089842,per089842_1911_03459,3,0,0,,,triagem/nome-caixa-conversao 1.0.0,7,ok
089842,per089842_1911_03459,4,1,1,caixade conver,19299,triagem/nome-caixa-conversao 1.0.0,7,ok
089842,per089842_1911_03459,5,0,0,,,triagem/nome-caixa-conversao 1.0.0,7,ok
089842,per089842_1911_03459,6,0,0,,,triagem/nome-caixa-conversao 1.0.0,7,ok
089842,per089842_1911_03459,7,0,0,,,triagem/nome-caixa-conversao 1.0.0,7,ok
089842,per089842_1911_03459,8,0,0,,,triagem/nome-caixa-conversao 1.0.0,7,ok
089842,per089842_1911_03459,9,0,0,,,triagem/nome-caixa-conversao 1.0.0,7,ok
089842,per089842_1911_03459,10,0,0,,,triagem/nome-caixa-conversao 1.0.0,7,ok
089842,per089842_1911_03459,11,0,0,,,triagem/nome-caixa-conversao 1.0.0,7,ok
089842,per089842_1911_03459,12,0,0,,,triagem/nome-caixa-conversao 1.0.0,7,ok
089842,per089842_1911_03459,13,0,0,,,triagem/nome-caixa-conversao 1.0.0,7,ok
089842,per089842_1911_03459,14,0,0,,,triagem/nome-caixa-conversao 1.0.0,7,ok
089842,per089842_1911_03460,1,0,0,,,triagem/nome-caixa-conversao 1.0.0,7,ok
089842,per089842_1911_03460,2,0,0,,,triagem/nome-caixa-conversao 1.0.0,7,ok
089842,per089842_1911_03460,3,0,0,,,triagem/nome-caixa-conversao 1.0.0,7,ok
089842,per089842_1911_03460,4,0,0,,,triagem/nome-caixa-conversao 1.0.0,7,ok
089842,per089842_1911_03460,5,0,0,,,triagem/nome-caixa-conversao 1.0.0,7,ok
089842,per089842_1911_03460,6,0,0,,,triagem/nome-caixa-conversao 1.0.0,7,ok
089842,per089842_1911_03460,7,0,0,,,triagem/nome-caixa-conversao 1.0.0,7,ok
089842,per089842_1911_03460,8,0,0,,,triagem/nome-caixa-conversao 1.0.0,7,ok
089842,per089842_1911_03460,9,0,0,,,triagem/nome-caixa-conversao 1.0.0,7,ok
089842,per089842_1911_03460,10,0,0,,,triagem/nome-caixa-conversao 1.0.0,7,ok
089842,per089842_1911_03461,1,0,0,,,triagem/nome-caixa-conversao 1.0.0,7,ok
089842,per089842_1911_03461,2,0,0,,,triagem/nome-caixa-conversao 1.0.0,7,ok
089842,per089842_1911_03461,3,0,0,,,triagem/nome-caixa-conversao 1.0.0,7,ok
089842,per089842_1911_03461,4,0,0,,,triagem/nome-caixa-conversao 1.0.0,7,ok
089842,per089842_1911_03461,5,0,0,,,triagem/nome-caixa-conversao 1.0.0,7,ok
089842,per089842_1911_03461,6,0,0,,,triagem/nome-caixa-conversao 1.0.0,7,ok
089842,per089842_1911_03461,7,0,0,,,triagem/nome-caixa-conversao 1.0.0,7,ok
089842,per089842_1911_03461,8,0,0,,,triagem/nome-caixa-conversao 1.0.0,7,ok
089842,per089842_1911_03461,9,0,0,,,triagem/nome-caixa-conversao 1.0.0,7,ok
089842,per089842_1911_03461,10,0,0,,,triagem/nome-caixa-conversao 1.0.0,7,ok
089842,per089842_1911_03461,11,0,0,,,triagem/nome-caixa-conversao 1.0.0,7,ok
089842,per089842_1911_03461,12,0,0,,,triagem/nome-caixa-conversao 1.0.0,7,ok
089842,per089842_1911_03462,1,0,0,,,triagem/nome-caixa-conversao 1.0.0,7,ok
089842,per089842_1911_03462,2,0,0,,,triagem/nome-caixa-conversao 1.0.0,7,ok
089842,per089842_1911_03462,3,0,0,,,triagem/nome-caixa-conversao 1.0.0,7,ok
089842,per089842_1911_03462,4,0,0,,,triagem/nome-caixa-conversao 1.0.0,7,ok
089842,per089842_1911_03462,5,0,0,,,triagem/nome-caixa-conversao 1.0.0,7,ok
089842,per089842_1911_03462,6,0,0,,,triagem/nome-caixa-conversao 1.0.0,7,ok
089842,per089842_1911_03462,7,0,0,,,triagem/nome-caixa-conversao 1.0.0,7,ok
089842,per089842_1911_03462,8,0,0,,,triagem/nome-caixa-conversao 1.0.0,7,ok
089842,per089842_1911_03463,1,0,0,,,triagem/nome-caixa-conversao 1.0.0,7,ok
089842,per089842_1911_03463,2,0,0,,,triagem/nome-caixa-conversao 1.0.0,7,ok
089842,per089842_1911_03463,3,0,0,,,triagem/nome-caixa-conversao 1.0.0,7,ok
089842,per089842_1911_03463,4,0,0,,,triagem/nome-caixa-conversao 1.0.0,7,ok
089842,per089842_1911_03463,5,0,0,,,triagem/nome-caixa-conversao 1.0.0,7,ok
089842,per089842_1911_03463,6,0,0,,,triagem/nome-caixa-conversao 1.0.0,7,ok
089842,per089842_1911_03463,7,0,0,,,triagem/nome-caixa-conversao 1.0.0,7,ok
089842,per089842_1911_03463,8,0,0,,,triagem/nome-caixa-conversao 1.0.0,7,ok
089842,per089842_1911_03463,9,0,0,,,triagem/nome-caixa-conversao 1.0.0,7,ok
089842,per089842_1911_03463,10,0,0,,,triagem/nome-caixa-conversao 1.0.0,7,ok
089842,per089842_1911_03464,1,0,0,,,triagem/nome-caixa-conversao 1.0.0,7,ok
089842,per089842_1911_03464,2,0,0,,,triagem/nome-caixa-conversao 1.0.0,7,ok
089842,per089842_1911_03464,3,0,0,,,triagem/nome-caixa-conversao 1.0.0,7,ok
089842,per089842_1911_03464,4,1,1,caixade conver,18650,triagem/nome-caixa-conversao 1.0.0,7,ok
089842,per089842_1911_03464,5,0,0,,,triagem/nome-caixa-conversao 1.0.0,7,ok
089842,per089842_1911_03464,6,0,0,,,triagem/nome-caixa-conversao 1.0.0,7,ok
089842,per089842_1911_03464,7,0,0,,,triagem/nome-caixa-conversao 1.0.0,7,ok
089842,per089842_1911_03464,8,0,0,,,triagem/nome-caixa-conversao 1.0.0,7,ok
089842,per089842_1911_03465,1,0,0,,,triagem/nome-caixa-conversao 1.0.0,7,ok
089842,per089842_1911_03465,2,1,1,caixa de conver,20416,triagem/nome-caixa-conversao 1.0.0,7,ok
089842,per089842_1911_03465,3,0,0,,,triagem/nome-caixa-conversao 1.0.0,7,ok
089842,per089842_1911_03465,4,1,1,caixa de conver,24581,triagem/nome-caixa-conversao 1.0.0,7,ok
089842,per089842_1911_03465,5,0,0,,,triagem/nome-caixa-conversao 1.0.0,7,ok
089842,per089842_1911_03465,6,0,0,,,triagem/nome-caixa-conversao 1.0.0,7,ok
089842,per089842_1911_03465,7,0,0,,,triagem/nome-caixa-conversao 1.0.0,7,ok
089842,per089842_1911_03465,8,0,0,,,triagem/nome-caixa-conversao 1.0.0,7,ok
089842,per089842_1911_03465,9,0,0,,,triagem/nome-caixa-conversao 1.0.0,7,ok
089842,per089842_1911_03465,10,0,0,,,triagem/nome-caixa-conversao 1.0.0,7,ok
089842,per089842_1911_03466,1,0,0,,,triagem/nome-caixa-conversao 1.0.0,7,ok
089842,per089842_1911_03466,2,0,0,,,triagem/nome-caixa-conversao 1.0.0,7,ok
089842,per089842_1911_03466,3,0,0,,,triagem/nome-caixa-conversao 1.0.0,7,ok
089842,per089842_1911_03466,4,0,0,,,triagem/nome-caixa-conversao 1.0.0,7,ok
089842,per089842_1911_03466,5,1,1,caixa de conver,25831,triagem/nome-caixa-conversao 1.0.0,7,ok
089842,per089842_1911_03466,6,0,0,,,triagem/nome-caixa-conversao 1.0.0,7,ok
089842,per089842_1911_03466,7,0,0,,,triagem/nome-caixa-conversao 1.0.0,7,ok
089842,per089842_1911_03466,8,0,0,,,triagem/nome-caixa-conversao 1.0.0,7,ok
089842,per089842_1911_03466,9,0,0,,,triagem/nome-caixa-conversao 1.0.0,7,ok
089842,per089842_1911_03466,10,0,0,,,triagem/nome-caixa-conversao 1.0.0,7,ok
089842,per089842_1911_03467,1,0,0,,,triagem/nome-caixa-conversao 1.0.0,7,ok
089842,per089842_1911_03467,2,0,0,,,triagem/nome-caixa-conversao 1.0.0,7,ok
089842,per089842_1911_03467,3,0,0,,,triagem/nome-caixa-conversao 1.0.0,7,ok
089842,per089842_1911_03467,4,0,0,,,triagem/nome-caixa-conversao 1.0.0,7,ok
089842,per089842_1911_03467,5,1,1,caixa de conver,15653,triagem/nome-caixa-conversao 1.0.0,7,ok
089842,per089842_1911_03467,6,0,0,,,triagem/nome-caixa-conversao 1.0.0,7,ok
089842,per089842_1911_03467,7,0,0,,,triagem/nome-caixa-conversao 1.0.0,7,ok
089842,per089842_1911_03467,8,0,0,,,triagem/nome-caixa-conversao 1.0.0,7,ok
089842,per089842_1911_03467,9,0,0,,,triagem/nome-caixa-conversao 1.0.0,7,ok
089842,per089842_1911_03467,10,0,0,,,triagem/nome-caixa-conversao 1.0.0,7,ok
089842,per089842_1911_03468,1,0,0,,,triagem/nome-caixa-conversao 1.0.0,7,ok
089842,per089842_1911_03468,2,1,1,caixa deconver,8811,triagem/nome-caixa-conversao 1.0.0,7,ok
089842,per089842_1911_03468,3,1,2,caixa dc conver,3399,triagem/nome-caixa-conversao 1.0.0,7,ok
089842,per089842_1911_03468,4,1,2,caixa deconver,4271,triagem/nome-caixa-conversao 1.0.0,7,ok
089842,per089842_1911_03468,5,1,2,caixa dc conver,3025,triagem/nome-caixa-conversao 1.0.0,7,ok
089842,per089842_1911_03468,6,0,0,,,triagem/nome-caixa-conversao 1.0.0,7,ok
089842,per089842_1911_03468,7,0,0,,,triagem/nome-caixa-conversao 1.0.0,7,ok
089842,per089842_1911_03468,8,0,0,,,triagem/nome-caixa-conversao 1.0.0,7,ok
089842,per089842_1911_03468,9,0,0,,,triagem/nome-caixa-conversao 1.0.0,7,ok
089842,per089842_1911_03468,10,0,0,,,triagem/nome-caixa-conversao 1.0.0,7,ok
089842,per089842_1911_03468,11,0,0,,,triagem/nome-caixa-conversao 1.0.0,7,ok
089842,per089842_1911_03468,12,0,0,,,triagem/nome-caixa-conversao 1.0.0,7,ok
089842,per089842_1911_03469,1,0,0,,,triagem/nome-caixa-conversao 1.0.0,7,ok
089842,per089842_1911_03469,2,0,0,,,triagem/nome-caixa-conversao 1.0.0,7,ok
089842,per089842_1911_03469,3,0,0,,,triagem/nome-caixa-conversao 1.0.0,7,ok
089842,per089842_1911_03469,4,0,0,,,triagem/nome-caixa-conversao 1.0.0,7,ok
089842,per089842_1911_03469,5,0,0,,,triagem/nome-caixa-conversao 1.0.0,7,ok
089842,per089842_1911_03469,6,0,0,,,triagem/nome-caixa-conversao 1.0.0,7,ok
089842,per089842_1911_03469,7,0,0,,,triagem/nome-caixa-conversao 1.0.0,7,ok
089842,per089842_1911_03469,8,0,0,,,triagem/nome-caixa-conversao 1.0.0,7,ok
089842,per089842_1911_03470,1,0,0,,,triagem/nome-caixa-conversao 1.0.0,7,ok
089842,per089842_1911_03470,2,0,0,,,triagem/nome-caixa-conversao 1.0.0,7,ok
089842,per089842_1911_03470,3,0,0,,,triagem/nome-caixa-conversao 1.0.0,7,ok
089842,per089842_1911_03470,4,0,0,,,triagem/nome-caixa-conversao 1.0.0,7,ok
089842,per089842_1911_03470,5,0,0,,,triagem/nome-caixa-conversao 1.0.0,7,ok
089842,per089842_1911_03470,6,0,0,,,triagem/nome-caixa-conversao 1.0.0,7,ok
089842,per089842_1911_03470,7,0,0,,,triagem/nome-caixa-conversao 1.0.0,7,ok
089842,per089842_1911_03470,8,0,0,,,triagem/nome-caixa-conversao 1.0.0,7,ok
089842,per089842_1911_03470,9,0,0,,,triagem/nome-caixa-conversao 1.0.0,7,ok
089842,per089842_1911_03470,10,0,0,,,triagem/nome-caixa-conversao 1.0.0,7,ok
089842,per089842_1911_03471,1,0,0,,,triagem/nome-caixa-conversao 1.0.0,7,ok
089842,per089842_1911_03471,2,0,0,,,triagem/nome-caixa-conversao 1.0.0,7,ok
089842,per089842_1911_03471,3,0,0,,,triagem/nome-caixa-conversao 1.0.0,7,ok
089842,per089842_1911_03471,4,0,0,,,triagem/nome-caixa-conversao 1.0.0,7,ok
089842,per089842_1911_03471,5,1,2,caixa de conver,28117,triagem/nome-caixa-conversao 1.0.0,7,ok
089842,per089842_1911_03471,6,0,0,,,triagem/nome-caixa-conversao 1.0.0,7,ok
089842,per089842_1911_03471,7,0,0,,,triagem/nome-caixa-conversao 1.0.0,7,ok
089842,per089842_1911_03471,8,0,0,,,triagem/nome-caixa-conversao 1.0.0,7,ok
089842,per089842_1911_03471,9,0,0,,,triagem/nome-caixa-conversao 1.0.0,7,ok
089842,per089842_1911_03471,10,0,0,,,triagem/nome-caixa-conversao 1.0.0,7,ok
089842,per089842_1911_03472,1,0,0,,,triagem/nome-caixa-conversao 1.0.0,7,ok
089842,per089842_1911_03472,2,0,0,,,triagem/nome-caixa-conversao 1.0.0,7,ok
089842,per089842_1911_03472,3,0,0,,,triagem/nome-caixa-conversao 1.0.0,7,ok
089842,per089842_1911_03472,4,0,0,,,triagem/nome-caixa-conversao 1.0.0,7,ok
089842,per089842_1911_03472,5,0,0,,,triagem/nome-caixa-conversao 1.0.0,7,ok
089842,per089842_1911_03472,6,0,0,,,triagem/nome-caixa-conversao 1.0.0,7,ok
089842,per089842_1911_03472,7,0,0,,,triagem/nome-caixa-conversao 1.0.0,7,ok
089842,per089842_1911_03472,8,0,0,,,triagem/nome-caixa-conversao 1.0.0,7,ok
089842,per089842_1911_03472,9,0,0,,,triagem/nome-caixa-conversao 1.0.0,7,ok
089842,per089842_1911_03472,10,0,0,,,triagem/nome-caixa-conversao 1.0.0,7,ok
089842,per089842_1911_03473,1,0,0,,,triagem/nome-caixa-conversao 1.0.0,7,ok
089842,per089842_1911_03473,2,0,0,,,triagem/nome-caixa-conversao 1.0.0,7,ok
089842,per089842_1911_03473,3,1,1,caixa de conver,48881,triagem/nome-caixa-conversao 1.0.0,7,ok
089842,per089842_1911_03473,4,0,0,,,triagem/nome-caixa-conversao 1.0.0,7,ok
089842,per089842_1911_03473,5,0,0,,,triagem/nome-caixa-conversao 1.0.0,7,ok
089842,per089842_1911_03473,6,0,0,,,triagem/nome-caixa-conversao 1.0.0,7,ok
089842,per089842_1911_03473,7,0,0,,,triagem/nome-caixa-conversao 1.0.0,7,ok
089842,per089842_1911_03473,8,0,0,,,triagem/nome-caixa-conversao 1.0.0,7,ok
089842,per089842_1911_03474,1,0,0,,,triagem/nome-caixa-conversao 1.0.0,7,ok
089842,per089842_1911_03474,2,0,0,,,triagem/nome-caixa-conversao 1.0.0,7,ok
089842,per089842_1911_03474,3,0,0,,,triagem/nome-caixa-conversao 1.0.0,7,ok
089842,per089842_1911_03474,4,0,0,,,triagem/nome-caixa-conversao 1.0.0,7,ok
089842,per089842_1911_03474,5,0,0,,,triagem/nome-caixa-conversao 1.0.0,7,ok
089842,per089842_1911_03474,6,0,0,,,triagem/nome-caixa-conversao 1.0.0,7,ok
089842,per089842_1911_03474,7,0,0,,,triagem/nome-caixa-conversao 1.0.0,7,ok
089842,per089842_1911_03474,8,0,0,,,triagem/nome-caixa-conversao 1.0.0,7,ok
089842,per089842_1911_03474,9,0,0,,,triagem/nome-caixa-conversao 1.0.0,7,ok
089842,per089842_1911_03474,10,0,0,,,triagem/nome-caixa-conversao 1.0.0,7,ok
089842,per089842_1911_03475,1,0,0,,,triagem/nome-caixa-conversao 1.0.0,7,ok
089842,per089842_1911_03475,2,0,0,,,triagem/nome-caixa-conversao 1.0.0,7,ok
089842,per089842_1911_03475,3,0,0,,,triagem/nome-caixa-conversao 1.0.0,7,ok
089842,per089842_1911_03475,4,0,0,,,triagem/nome-caixa-conversao 1.0.0,7,ok
089842,per089842_1911_03475,5,0,0,,,triagem/nome-caixa-conversao 1.0.0,7,ok
089842,per089842_1911_03475,6,0,0,,,triagem/nome-caixa-conversao 1.0.0,7,ok
089842,per089842_1911_03475,7,0,0,,,triagem/nome-caixa-conversao 1.0.0,7,ok
089842,per089842_1911_03475,8,0,0,,,triagem/nome-caixa-conversao 1.0.0,7,ok
089842,per089842_1911_03475,9,0,0,,,triagem/nome-caixa-conversao 1.0.0,7,ok
089842,per089842_1911_03475,10,0,0,,,triagem/nome-caixa-conversao 1.0.0,7,ok
089842,per089842_1911_03475,11,0,0,,,triagem/nome-caixa-conversao 1.0.0,7,ok
089842,per089842_1911_03475,12,0,0,,,triagem/nome-caixa-conversao 1.0.0,7,ok
089842,per089842_1911_03476,1,1,1,caixa de conver,33391,triagem/nome-caixa-conversao 1.0.0,7,ok
089842,per089842_1911_03476,2,0,0,,,triagem/nome-caixa-conversao 1.0.0,7,ok
089842,per089842_1911_03476,3,0,0,,,triagem/nome-caixa-conversao 1.0.0,7,ok
089842,per089842_1911_03476,4,0,0,,,triagem/nome-caixa-conversao 1.0.0,7,ok
089842,per089842_1911_03476,5,0,0,,,triagem/nome-caixa-conversao 1.0.0,7,ok
089842,per089842_1911_03476,6,0,0,,,triagem/nome-caixa-conversao 1.0.0,7,ok
089842,per089842_1911_03476,7,0,0,,,triagem/nome-caixa-conversao 1.0.0,7,ok
089842,per089842_1911_03476,8,0,0,,,triagem/nome-caixa-conversao 1.0.0,7,ok
089842,per089842_1911_03477,1,1,1,caixade conver,23159,triagem/nome-caixa-conversao 1.0.0,7,ok
089842,per089842_1911_03477,2,0,0,,,triagem/nome-caixa-conversao 1.0.0,7,ok
089842,per089842_1911_03477,3,0,0,,,triagem/nome-caixa-conversao 1.0.0,7,ok
089842,per089842_1911_03477,4,0,0,,,triagem/nome-caixa-conversao 1.0.0,7,ok
089842,per089842_1911_03477,5,0,0,,,triagem/nome-caixa-conversao 1.0.0,7,ok
089842,per089842_1911_03477,6,0,0,,,triagem/nome-caixa-conversao 1.0.0,7,ok
089842,per089842_1911_03477,7,0,0,,,triagem/nome-caixa-conversao 1.0.0,7,ok
089842,per089842_1911_03477,8,0,0,,,triagem/nome-caixa-conversao 1.0.0,7,ok
089842,per089842_1911_03477,9,0,0,,,triagem/nome-caixa-conversao 1.0.0,7,ok
089842,per089842_1911_03477,10,0,0,,,triagem/nome-caixa-conversao 1.0.0,7,ok
089842,per089842_1911_03478,1,0,0,,,triagem/nome-caixa-conversao 1.0.0,7,ok
089842,per089842_1911_03478,2,0,0,,,triagem/nome-caixa-conversao 1.0.0,7,ok
089842,per089842_1911_03478,3,0,0,,,triagem/nome-caixa-conversao 1.0.0,7,ok
089842,per089842_1911_03478,4,0,0,,,triagem/nome-caixa-conversao 1.0.0,7,ok
089842,per089842_1911_03478,5,0,0,,,triagem/nome-caixa-conversao 1.0.0,7,ok
089842,per089842_1911_03478,6,0,0,,,triagem/nome-caixa-conversao 1.0.0,7,ok
089842,per089842_1911_03478,7,0,0,,,triagem/nome-caixa-conversao 1.0.0,7,ok
089842,per089842_1911_03478,8,0,0,,,triagem/nome-caixa-conversao 1.0.0,7,ok
089842,per089842_1911_03478,9,0,0,,,triagem/nome-caixa-conversao 1.0.0,7,ok
089842,per089842_1911_03478,10,0,0,,,triagem/nome-caixa-conversao 1.0.0,7,ok
089842,per089842_1911_03479,1,0,0,,,triagem/nome-caixa-conversao 1.0.0,7,ok
089842,per089842_1911_03479,2,0,0,,,triagem/nome-caixa-conversao 1.0.0,7,ok
089842,per089842_1911_03479,3,0,0,,,triagem/nome-caixa-conversao 1.0.0,7,ok
089842,per089842_1911_03479,4,0,0,,,triagem/nome-caixa-conversao 1.0.0,7,ok
089842,per089842_1911_03479,5,0,0,,,triagem/nome-caixa-conversao 1.0.0,7,ok
089842,per089842_1911_03479,6,0,0,,,triagem/nome-caixa-conversao 1.0.0,7,ok
089842,per089842_1911_03479,7,0,0,,,triagem/nome-caixa-conversao 1.0.0,7,ok
089842,per089842_1911_03479,8,0,0,,,triagem/nome-caixa-conversao 1.0.0,7,ok
089842,per089842_1911_03479,9,0,0,,,triagem/nome-caixa-conversao 1.0.0,7,ok
089842,per089842_1911_03479,10,0,0,,,triagem/nome-caixa-conversao 1.0.0,7,ok
089842,per089842_1911_03480,1,0,0,,,triagem/nome-caixa-conversao 1.0.0,7,ok
089842,per089842_1911_03480,2,0,0,,,triagem/nome-caixa-conversao 1.0.0,7,ok
089842,per089842_1911_03480,3,0,0,,,triagem/nome-caixa-conversao 1.0.0,7,ok
089842,per089842_1911_03480,4,0,0,,,triagem/nome-caixa-conversao 1.0.0,7,ok
089842,per089842_1911_03480,5,0,0,,,triagem/nome-caixa-conversao 1.0.0,7,ok
089842,per089842_1911_03480,6,0,0,,,triagem/nome-caixa-conversao 1.0.0,7,ok
089842,per089842_1911_03480,7,0,0,,,triagem/nome-caixa-conversao 1.0.0,7,ok
089842,per089842_1911_03480,8,0,0,,,triagem/nome-caixa-conversao 1.0.0,7,ok
089842,per089842_1911_03480,9,0,0,,,triagem/nome-caixa-conversao 1.0.0,7,ok
089842,per089842_1911_03480,10,0,0,,,triagem/nome-caixa-conversao 1.0.0,7,ok
089842,per089842_1911_03481,1,0,0,,,triagem/nome-caixa-conversao 1.0.0,7,ok
089842,per089842_1911_03481,2,0,0,,,triagem/nome-caixa-conversao 1.0.0,7,ok
089842,per089842_1911_03481,3,0,0,,,triagem/nome-caixa-conversao 1.0.0,7,ok
089842,per089842_1911_03481,4,0,0,,,triagem/nome-caixa-conversao 1.0.0,7,ok
089842,per089842_1911_03481,5,0,0,,,triagem/nome-caixa-conversao 1.0.0,7,ok
089842,per089842_1911_03481,6,0,0,,,triagem/nome-caixa-conversao 1.0.0,7,ok
089842,per089842_1911_03481,7,0,0,,,triagem/nome-caixa-conversao 1.0.0,7,ok
089842,per089842_1911_03481,8,0,0,,,triagem/nome-caixa-conversao 1.0.0,7,ok
089842,per089842_1911_03481,9,0,0,,,triagem/nome-caixa-conversao 1.0.0,7,ok
089842,per089842_1911_03481,10,0,0,,,triagem/nome-caixa-conversao 1.0.0,7,ok
089842,per089842_1911_03482,1,0,0,,,triagem/nome-caixa-conversao 1.0.0,7,ok
089842,per089842_1911_03482,2,0,0,,,triagem/nome-caixa-conversao 1.0.0,7,ok
089842,per089842_1911_03482,3,1,1,caixa dc conver,7186,triagem/nome-caixa-conversao 1.0.0,7,ok
089842,per089842_1911_03482,4,0,0,,,triagem/nome-caixa-conversao 1.0.0,7,ok
089842,per089842_1911_03482,5,0,0,,,triagem/nome-caixa-conversao 1.0.0,7,ok
089842,per089842_1911_03482,6,0,0,,,triagem/nome-caixa-conversao 1.0.0,7,ok
089842,per089842_1911_03482,7,0,0,,,triagem/nome-caixa-conversao 1.0.0,7,ok
089842,per089842_1911_03482,8,0,0,,,triagem/nome-caixa-conversao 1.0.0,7,ok
089842,per089842_1911_03482,9,0,0,,,triagem/nome-caixa-conversao 1.0.0,7,ok
089842,per089842_1911_03482,10,0,0,,,triagem/nome-caixa-conversao 1.0.0,7,ok
089842,per089842_1911_03482,11,0,0,,,triagem/nome-caixa-conversao 1.0.0,7,ok
089842,per089842_1911_03482,12,0,0,,,triagem/nome-caixa-conversao 1.0.0,7,ok
089842,per089842_1911_03482,13,0,0,,,triagem/nome-caixa-conversao 1.0.0,7,ok
089842,per089842_1911_03482,14,0,0,,,triagem/nome-caixa-conversao 1.0.0,7,ok
089842,per089842_1911_03483,1,0,0,,,triagem/nome-caixa-conversao 1.0.0,7,ok
089842,per089842_1911_03483,2,0,0,,,triagem/nome-caixa-conversao 1.0.0,7,ok
089842,per089842_1911_03483,3,0,0,,,triagem/nome-caixa-conversao 1.0.0,7,ok
089842,per089842_1911_03483,4,0,0,,,triagem/nome-caixa-conversao 1.0.0,7,ok
089842,per089842_1911_03483,5,0,0,,,triagem/nome-caixa-conversao 1.0.0,7,ok
089842,per089842_1911_03483,6,0,0,,,triagem/nome-caixa-conversao 1.0.0,7,ok
089842,per089842_1911_03483,7,0,0,,,triagem/nome-caixa-conversao 1.0.0,7,ok
089842,per089842_1911_03483,8,0,0,,,triagem/nome-caixa-conversao 1.0.0,7,ok
089842,per089842_1911_03484,1,1,2,caixa de conver,8532,triagem/nome-caixa-conversao 1.0.0,7,ok
089842,per089842_1911_03484,2,0,0,,,triagem/nome-caixa-conversao 1.0.0,7,ok
089842,per089842_1911_03484,3,1,1,caixa de conver,41893,triagem/nome-caixa-conversao 1.0.0,7,ok
089842,per089842_1911_03484,4,0,0,,,triagem/nome-caixa-conversao 1.0.0,7,ok
089842,per089842_1911_03484,5,0,0,,,triagem/nome-caixa-conversao 1.0.0,7,ok
089842,per089842_1911_03484,6,0,0,,,triagem/nome-caixa-conversao 1.0.0,7,ok
089842,per089842_1911_03484,7,0,0,,,triagem/nome-caixa-conversao 1.0.0,7,ok
089842,per089842_1911_03484,8,0,0,,,triagem/nome-caixa-conversao 1.0.0,7,ok
089842,per089842_1911_03485,1,0,0,,,triagem/nome-caixa-conversao 1.0.0,7,ok
089842,per089842_1911_03485,2,0,0,,,triagem/nome-caixa-conversao 1.0.0,7,ok
089842,per089842_1911_03485,3,0,0,,,triagem/nome-caixa-conversao 1.0.0,7,ok
089842,per089842_1911_03485,4,0,0,,,triagem/nome-caixa-conversao 1.0.0,7,ok
089842,per089842_1911_03485,5,0,0,,,triagem/nome-caixa-conversao 1.0.0,7,ok
089842,per089842_1911_03485,6,0,0,,,triagem/nome-caixa-conversao 1.0.0,7,ok
089842,per089842_1911_03485,7,0,0,,,triagem/nome-caixa-conversao 1.0.0,7,ok
089842,per089842_1911_03485,8,0,0,,,triagem/nome-caixa-conversao 1.0.0,7,ok
089842,per089842_1911_03485,9,0,0,,,triagem/nome-caixa-conversao 1.0.0,7,ok
089842,per089842_1911_03485,10,0,0,,,triagem/nome-caixa-conversao 1.0.0,7,ok
089842,per089842_1911_03486,1,0,0,,,triagem/nome-caixa-conversao 1.0.0,7,ok
089842,per089842_1911_03486,2,0,0,,,triagem/nome-caixa-conversao 1.0.0,7,ok
089842,per089842_1911_03486,3,0,0,,,triagem/nome-caixa-conversao 1.0.0,7,ok
089842,per089842_1911_03486,4,1,1,caixa dcconver,45561,triagem/nome-caixa-conversao 1.0.0,7,ok
089842,per089842_1911_03486,5,0,0,,,triagem/nome-caixa-conversao 1.0.0,7,ok
089842,per089842_1911_03486,6,0,0,,,triagem/nome-caixa-conversao 1.0.0,7,ok
089842,per089842_1911_03486,7,0,0,,,triagem/nome-caixa-conversao 1.0.0,7,ok
089842,per089842_1911_03486,8,0,0,,,triagem/nome-caixa-conversao 1.0.0,7,ok
089842,per089842_1911_03486,9,0,0,,,triagem/nome-caixa-conversao 1.0.0,7,ok
089842,per089842_1911_03486,10,0,0,,,triagem/nome-caixa-conversao 1.0.0,7,ok
089842,per089842_1911_03487,1,1,2,caixa de conver,6170,triagem/nome-caixa-conversao 1.0.0,7,ok
089842,per089842_1911_03487,2,0,0,,,triagem/nome-caixa-conversao 1.0.0,7,ok
089842,per089842_1911_03487,3,0,0,,,triagem/nome-caixa-conversao 1.0.0,7,ok
089842,per089842_1911_03487,4,0,0,,,triagem/nome-caixa-conversao 1.0.0,7,ok
089842,per089842_1911_03487,5,0,0,,,triagem/nome-caixa-conversao 1.0.0,7,ok
089842,per089842_1911_03487,6,0,0,,,triagem/nome-caixa-conversao 1.0.0,7,ok
089842,per089842_1911_03487,7,0,0,,,triagem/nome-caixa-conversao 1.0.0,7,ok
089842,per089842_1911_03487,8,0,0,,,triagem/nome-caixa-conversao 1.0.0,7,ok
089842,per089842_1911_03487,9,0,0,,,triagem/nome-caixa-conversao 1.0.0,7,ok
089842,per089842_1911_03487,10,0,0,,,triagem/nome-caixa-conversao 1.0.0,7,ok
089842,per089842_1911_03488,1,1,1,caixa de conver,19554,triagem/nome-caixa-conversao 1.0.0,7,ok
089842,per089842_1911_03488,2,0,0,,,triagem/nome-caixa-conversao 1.0.0,7,ok
089842,per089842_1911_03488,3,0,0,,,triagem/nome-caixa-conversao 1.0.0,7,ok
089842,per089842_1911_03488,4,0,0,,,triagem/nome-caixa-conversao 1.0.0,7,ok
089842,per089842_1911_03488,5,0,0,,,triagem/nome-caixa-conversao 1.0.0,7,ok
089842,per089842_1911_03488,6,0,0,,,triagem/nome-caixa-conversao 1.0.0,7,ok
089842,per089842_1911_03488,7,0,0,,,triagem/nome-caixa-conversao 1.0.0,7,ok
089842,per089842_1911_03488,8,0,0,,,triagem/nome-caixa-conversao 1.0.0,7,ok
089842,per089842_1911_03488,9,0,0,,,triagem/nome-caixa-conversao 1.0.0,7,ok
089842,per089842_1911_03488,10,0,0,,,triagem/nome-caixa-conversao 1.0.0,7,ok
089842,per089842_1911_03489,1,0,0,,,triagem/nome-caixa-conversao 1.0.0,7,ok
089842,per089842_1911_03489,2,1,1,caixa de conver,20660,triagem/nome-caixa-conversao 1.0.0,7,ok
089842,per089842_1911_03489,3,0,0,,,triagem/nome-caixa-conversao 1.0.0,7,ok
089842,per089842_1911_03489,4,0,0,,,triagem/nome-caixa-conversao 1.0.0,7,ok
089842,per089842_1911_03489,5,1,1,caixa deconver,21194,triagem/nome-caixa-conversao 1.0.0,7,ok
089842,per089842_1911_03489,6,0,0,,,triagem/nome-caixa-conversao 1.0.0,7,ok
089842,per089842_1911_03489,7,0,0,,,triagem/nome-caixa-conversao 1.0.0,7,ok
089842,per089842_1911_03489,8,0,0,,,triagem/nome-caixa-conversao 1.0.0,7,ok
089842,per089842_1911_03489,9,0,0,,,triagem/nome-caixa-conversao 1.0.0,7,ok
089842,per089842_1911_03489,10,0,0,,,triagem/nome-caixa-conversao 1.0.0,7,ok
089842,per089842_1911_03489,11,0,0,,,triagem/nome-caixa-conversao 1.0.0,7,ok
089842,per089842_1911_03489,12,0,0,,,triagem/nome-caixa-conversao 1.0.0,7,ok
089842,per089842_1911_03489,13,0,0,,,triagem/nome-caixa-conversao 1.0.0,7,ok
089842,per089842_1911_03489,14,0,0,,,triagem/nome-caixa-conversao 1.0.0,7,ok
089842,per089842_1911_03490,1,0,0,,,triagem/nome-caixa-conversao 1.0.0,7,ok
089842,per089842_1911_03490,2,0,0,,,triagem/nome-caixa-conversao 1.0.0,7,ok
089842,per089842_1911_03490,3,0,0,,,triagem/nome-caixa-conversao 1.0.0,7,ok
089842,per089842_1911_03490,4,0,0,,,triagem/nome-caixa-conversao 1.0.0,7,ok
089842,per089842_1911_03490,5,0,0,,,triagem/nome-caixa-conversao 1.0.0,7,ok
089842,per089842_1911_03490,6,0,0,,,triagem/nome-caixa-conversao 1.0.0,7,ok
089842,per089842_1911_03490,7,0,0,,,triagem/nome-caixa-conversao 1.0.0,7,ok
089842,per089842_1911_03490,8,0,0,,,triagem/nome-caixa-conversao 1.0.0,7,ok
089842,per089842_1911_03491,1,0,0,,,triagem/nome-caixa-conversao 1.0.0,7,ok
089842,per089842_1911_03491,2,0,0,,,triagem/nome-caixa-conversao 1.0.0,7,ok
089842,per089842_1911_03491,3,0,0,,,triagem/nome-caixa-conversao 1.0.0,7,ok
089842,per089842_1911_03491,4,0,0,,,triagem/nome-caixa-conversao 1.0.0,7,ok
089842,per089842_1911_03491,5,0,0,,,triagem/nome-caixa-conversao 1.0.0,7,ok
089842,per089842_1911_03491,6,0,0,,,triagem/nome-caixa-conversao 1.0.0,7,ok
089842,per089842_1911_03491,7,0,0,,,triagem/nome-caixa-conversao 1.0.0,7,ok
089842,per089842_1911_03491,8,0,0,,,triagem/nome-caixa-conversao 1.0.0,7,ok
089842,per089842_1911_03491,9,0,0,,,triagem/nome-caixa-conversao 1.0.0,7,ok
089842,per089842_1911_03491,10,0,0,,,triagem/nome-caixa-conversao 1.0.0,7,ok
089842,per089842_1911_03492,1,1,2,caixa de conver,5075,triagem/nome-caixa-conversao 1.0.0,7,ok
089842,per089842_1911_03492,2,0,0,,,triagem/nome-caixa-conversao 1.0.0,7,ok
089842,per089842_1911_03492,3,0,0,,,triagem/nome-caixa-conversao 1.0.0,7,ok
089842,per089842_1911_03492,4,0,0,,,triagem/nome-caixa-conversao 1.0.0,7,ok
089842,per089842_1911_03492,5,0,0,,,triagem/nome-caixa-conversao 1.0.0,7,ok
089842,per089842_1911_03492,6,0,0,,,triagem/nome-caixa-conversao 1.0.0,7,ok
089842,per089842_1911_03492,7,0,0,,,triagem/nome-caixa-conversao 1.0.0,7,ok
089842,per089842_1911_03492,8,0,0,,,triagem/nome-caixa-conversao 1.0.0,7,ok
089842,per089842_1911_03492,9,0,0,,,triagem/nome-caixa-conversao 1.0.0,7,ok
089842,per089842_1911_03492,10,0,0,,,triagem/nome-caixa-conversao 1.0.0,7,ok
089842,per089842_1911_03493,1,0,0,,,triagem/nome-caixa-conversao 1.0.0,7,ok
089842,per089842_1911_03493,2,0,0,,,triagem/nome-caixa-conversao 1.0.0,7,ok
089842,per089842_1911_03493,3,0,0,,,triagem/nome-caixa-conversao 1.0.0,7,ok
089842,per089842_1911_03493,4,0,0,,,triagem/nome-caixa-conversao 1.0.0,7,ok
089842,per089842_1911_03493,5,0,0,,,triagem/nome-caixa-conversao 1.0.0,7,ok
089842,per089842_1911_03493,6,0,0,,,triagem/nome-caixa-conversao 1.0.0,7,ok
089842,per089842_1911_03493,7,0,0,,,triagem/nome-caixa-conversao 1.0.0,7,ok
089842,per089842_1911_03493,8,0,0,,,triagem/nome-caixa-conversao 1.0.0,7,ok
089842,per089842_1911_03493,9,0,0,,,triagem/nome-caixa-conversao 1.0.0,7,ok
089842,per089842_1911_03493,10,0,0,,,triagem/nome-caixa-conversao 1.0.0,7,ok
089842,per089842_1911_03494,1,1,1,caixa de conver,11947,triagem/nome-caixa-conversao 1.0.0,7,ok
089842,per089842_1911_03494,2,0,0,,,triagem/nome-caixa-conversao 1.0.0,7,ok
089842,per089842_1911_03494,3,0,0,,,triagem/nome-caixa-conversao 1.0.0,7,ok
089842,per089842_1911_03494,4,0,0,,,triagem/nome-caixa-conversao 1.0.0,7,ok
089842,per089842_1911_03494,5,0,0,,,triagem/nome-caixa-conversao 1.0.0,7,ok
089842,per089842_1911_03494,6,0,0,,,triagem/nome-caixa-conversao 1.0.0,7,ok
089842,per089842_1911_03494,7,0,0,,,triagem/nome-caixa-conversao 1.0.0,7,ok
089842,per089842_1911_03494,8,0,0,,,triagem/nome-caixa-conversao 1.0.0,7,ok
089842,per089842_1911_03495,1,1,1,caixa de conver,11267,triagem/nome-caixa-conversao 1.0.0,7,ok
089842,per089842_1911_03495,2,0,0,,,triagem/nome-caixa-conversao 1.0.0,7,ok
089842,per089842_1911_03495,3,0,0,,,triagem/nome-caixa-conversao 1.0.0,7,ok
089842,per089842_1911_03495,4,0,0,,,triagem/nome-caixa-conversao 1.0.0,7,ok
089842,per089842_1911_03495,5,0,0,,,triagem/nome-caixa-conversao 1.0.0,7,ok
089842,per089842_1911_03495,6,0,0,,,triagem/nome-caixa-conversao 1.0.0,7,ok
089842,per089842_1911_03495,7,0,0,,,triagem/nome-caixa-conversao 1.0.0,7,ok
089842,per089842_1911_03495,8,0,0,,,triagem/nome-caixa-conversao 1.0.0,7,ok
089842,per089842_1911_03495,9,0,0,,,triagem/nome-caixa-conversao 1.0.0,7,ok
089842,per089842_1911_03495,10,0,0,,,triagem/nome-caixa-conversao 1.0.0,7,ok
089842,per089842_1911_03496,1,0,0,,,triagem/nome-caixa-conversao 1.0.0,7,ok
089842,per089842_1911_03496,2,0,0,,,triagem/nome-caixa-conversao 1.0.0,7,ok
089842,per089842_1911_03496,3,0,0,,,triagem/nome-caixa-conversao 1.0.0,7,ok
089842,per089842_1911_03496,4,0,0,,,triagem/nome-caixa-conversao 1.0.0,7,ok
089842,per089842_1911_03496,5,0,0,,,triagem/nome-caixa-conversao 1.0.0,7,ok
089842,per089842_1911_03496,6,0,0,,,triagem/nome-caixa-conversao 1.0.0,7,ok
089842,per089842_1911_03496,7,0,0,,,triagem/nome-caixa-conversao 1.0.0,7,ok
089842,per089842_1911_03496,8,0,0,,,triagem/nome-caixa-conversao 1.0.0,7,ok
089842,per089842_1911_03496,9,0,0,,,triagem/nome-caixa-conversao 1.0.0,7,ok
089842,per089842_1911_03496,10,0,0,,,triagem/nome-caixa-conversao 1.0.0,7,ok
089842,per089842_1911_03496,11,0,0,,,triagem/nome-caixa-conversao 1.0.0,7,ok
089842,per089842_1911_03496,12,0,0,,,triagem/nome-caixa-conversao 1.0.0,7,ok
089842,per089842_1911_03496,13,0,0,,,triagem/nome-caixa-conversao 1.0.0,7,ok
089842,per089842_1911_03496,14,0,0,,,triagem/nome-caixa-conversao 1.0.0,7,ok
089842,per089842_1911_03497,1,0,0,,,triagem/nome-caixa-conversao 1.0.0,7,ok
089842,per089842_1911_03497,2,0,0,,,triagem/nome-caixa-conversao 1.0.0,7,ok
089842,per089842_1911_03497,3,0,0,,,triagem/nome-caixa-conversao 1.0.0,7,ok
089842,per089842_1911_03497,4,0,0,,,triagem/nome-caixa-conversao 1.0.0,7,ok
089842,per089842_1911_03497,5,0,0,,,triagem/nome-caixa-conversao 1.0.0,7,ok
089842,per089842_1911_03497,6,0,0,,,triagem/nome-caixa-conversao 1.0.0,7,ok
089842,per089842_1911_03497,7,0,0,,,triagem/nome-caixa-conversao 1.0.0,7,ok
089842,per089842_1911_03497,8,0,0,,,triagem/nome-caixa-conversao 1.0.0,7,ok
089842,per089842_1911_03498,1,1,1,caixa dc conver,7679,triagem/nome-caixa-conversao 1.0.0,7,ok
089842,per089842_1911_03498,2,0,0,,,triagem/nome-caixa-conversao 1.0.0,7,ok
089842,per089842_1911_03498,3,0,0,,,triagem/nome-caixa-conversao 1.0.0,7,ok
089842,per089842_1911_03498,4,0,0,,,triagem/nome-caixa-conversao 1.0.0,7,ok
089842,per089842_1911_03498,5,1,1,caixa dn conver,13846,triagem/nome-caixa-conversao 1.0.0,7,ok
089842,per089842_1911_03498,6,0,0,,,triagem/nome-caixa-conversao 1.0.0,7,ok
089842,per089842_1911_03498,7,0,0,,,triagem/nome-caixa-conversao 1.0.0,7,ok
089842,per089842_1911_03498,8,0,0,,,triagem/nome-caixa-conversao 1.0.0,7,ok
089842,per089842_1911_03498,9,0,0,,,triagem/nome-caixa-conversao 1.0.0,7,ok
089842,per089842_1911_03498,10,0,0,,,triagem/nome-caixa-conversao 1.0.0,7,ok
089842,per089842_1911_03499,1,0,0,,,triagem/nome-caixa-conversao 1.0.0,7,ok
089842,per089842_1911_03499,2,0,0,,,triagem/nome-caixa-conversao 1.0.0,7,ok
089842,per089842_1911_03499,3,0,0,,,triagem/nome-caixa-conversao 1.0.0,7,ok
089842,per089842_1911_03499,4,0,0,,,triagem/nome-caixa-conversao 1.0.0,7,ok
089842,per089842_1911_03499,5,1,1,caixa de conver,19170,triagem/nome-caixa-conversao 1.0.0,7,ok
089842,per089842_1911_03499,6,0,0,,,triagem/nome-caixa-conversao 1.0.0,7,ok
089842,per089842_1911_03499,7,0,0,,,triagem/nome-caixa-conversao 1.0.0,7,ok
089842,per089842_1911_03499,8,0,0,,,triagem/nome-caixa-conversao 1.0.0,7,ok
089842,per089842_1911_03499,9,0,0,,,triagem/nome-caixa-conversao 1.0.0,7,ok
089842,per089842_1911_03499,10,0,0,,,triagem/nome-caixa-conversao 1.0.0,7,ok
089842,per089842_1911_03500,1,0,0,,,triagem/nome-caixa-conversao 1.0.0,7,ok
089842,per089842_1911_03500,2,0,0,,,triagem/nome-caixa-conversao 1.0.0,7,ok
089842,per089842_1911_03500,3,0,0,,,triagem/nome-caixa-conversao 1.0.0,7,ok
089842,per089842_1911_03500,4,0,0,,,triagem/nome-caixa-conversao 1.0.0,7,ok
089842,per089842_1911_03500,5,1,1,caixa de conver,10091,triagem/nome-caixa-conversao 1.0.0,7,ok
089842,per089842_1911_03500,6,0,0,,,triagem/nome-caixa-conversao 1.0.0,7,ok
089842,per089842_1911_03500,7,0,0,,,triagem/nome-caixa-conversao 1.0.0,7,ok
089842,per089842_1911_03500,8,0,0,,,triagem/nome-caixa-conversao 1.0.0,7,ok
089842,per089842_1911_03500,9,0,0,,,triagem/nome-caixa-conversao 1.0.0,7,ok
089842,per089842_1911_03500,10,0,0,,,triagem/nome-caixa-conversao 1.0.0,7,ok
089842,per089842_1911_03501,1,0,0,,,triagem/nome-caixa-conversao 1.0.0,7,ok
089842,per089842_1911_03501,2,0,0,,,triagem/nome-caixa-conversao 1.0.0,7,ok
089842,per089842_1911_03501,3,0,0,,,triagem/nome-caixa-conversao 1.0.0,7,ok
089842,per089842_1911_03501,4,0,0,,,triagem/nome-caixa-conversao 1.0.0,7,ok
089842,per089842_1911_03501,5,0,0,,,triagem/nome-caixa-conversao 1.0.0,7,ok
089842,per089842_1911_03501,6,0,0,,,triagem/nome-caixa-conversao 1.0.0,7,ok
089842,per089842_1911_03501,7,0,0,,,triagem/nome-caixa-conversao 1.0.0,7,ok
089842,per089842_1911_03501,8,0,0,,,triagem/nome-caixa-conversao 1.0.0,7,ok
089842,per089842_1911_03501,9,0,0,,,triagem/nome-caixa-conversao 1.0.0,7,ok
089842,per089842_1911_03501,10,0,0,,,triagem/nome-caixa-conversao 1.0.0,7,ok
089842,per089842_1911_03502,1,1,1,caixa do conver,4622,triagem/nome-caixa-conversao 1.0.0,7,ok
089842,per089842_1911_03502,2,0,0,,,triagem/nome-caixa-conversao 1.0.0,7,ok
089842,per089842_1911_03502,3,0,0,,,triagem/nome-caixa-conversao 1.0.0,7,ok
089842,per089842_1911_03502,4,0,0,,,triagem/nome-caixa-conversao 1.0.0,7,ok
089842,per089842_1911_03502,5,0,0,,,triagem/nome-caixa-conversao 1.0.0,7,ok
089842,per089842_1911_03502,6,0,0,,,triagem/nome-caixa-conversao 1.0.0,7,ok
089842,per089842_1911_03502,7,0,0,,,triagem/nome-caixa-conversao 1.0.0,7,ok
089842,per089842_1911_03502,8,0,0,,,triagem/nome-caixa-conversao 1.0.0,7,ok
089842,per089842_1911_03502,9,0,0,,,triagem/nome-caixa-conversao 1.0.0,7,ok
089842,per089842_1911_03502,10,0,0,,,triagem/nome-caixa-conversao 1.0.0,7,ok
089842,per089842_1911_03503,1,0,0,,,triagem/nome-caixa-conversao 1.0.0,7,ok
089842,per089842_1911_03503,2,1,2,caixa dc conver,7903,triagem/nome-caixa-conversao 1.0.0,7,ok
089842,per089842_1911_03503,3,0,0,,,triagem/nome-caixa-conversao 1.0.0,7,ok
089842,per089842_1911_03503,4,0,0,,,triagem/nome-caixa-conversao 1.0.0,7,ok
089842,per089842_1911_03503,5,0,0,,,triagem/nome-caixa-conversao 1.0.0,7,ok
089842,per089842_1911_03503,6,0,0,,,triagem/nome-caixa-conversao 1.0.0,7,ok
089842,per089842_1911_03503,7,0,0,,,triagem/nome-caixa-conversao 1.0.0,7,ok
089842,per089842_1911_03503,8,0,0,,,triagem/nome-caixa-conversao 1.0.0,7,ok
089842,per089842_1911_03503,9,0,0,,,triagem/nome-caixa-conversao 1.0.0,7,ok
089842,per089842_1911_03503,10,0,0,,,triagem/nome-caixa-conversao 1.0.0,7,ok
089842,per089842_1911_03503,11,0,0,,,triagem/nome-caixa-conversao 1.0.0,7,ok
089842,per089842_1911_03503,12,0,0,,,triagem/nome-caixa-conversao 1.0.0,7,ok
089842,per089842_1911_03504,1,0,0,,,triagem/nome-caixa-conversao 1.0.0,7,ok
089842,per089842_1911_03504,2,0,0,,,triagem/nome-caixa-conversao 1.0.0,7,ok
089842,per089842_1911_03504,3,0,0,,,triagem/nome-caixa-conversao 1.0.0,7,ok
089842,per089842_1911_03504,4,0,0,,,triagem/nome-caixa-conversao 1.0.0,7,ok
089842,per089842_1911_03504,5,0,0,,,triagem/nome-caixa-conversao 1.0.0,7,ok
089842,per089842_1911_03504,6,0,0,,,triagem/nome-caixa-conversao 1.0.0,7,ok
089842,per089842_1911_03504,7,0,0,,,triagem/nome-caixa-conversao 1.0.0,7,ok
089842,per089842_1911_03504,8,0,0,,,triagem/nome-caixa-conversao 1.0.0,7,ok
089842,per089842_1911_03505,1,1,1,caixa dc conver,7777,triagem/nome-caixa-conversao 1.0.0,7,ok
089842,per089842_1911_03505,2,0,0,,,triagem/nome-caixa-conversao 1.0.0,7,ok
089842,per089842_1911_03505,3,0,0,,,triagem/nome-caixa-conversao 1.0.0,7,ok
089842,per089842_1911_03505,4,0,0,,,triagem/nome-caixa-conversao 1.0.0,7,ok
089842,per089842_1911_03505,5,0,0,,,triagem/nome-caixa-conversao 1.0.0,7,ok
089842,per089842_1911_03505,6,0,0,,,triagem/nome-caixa-conversao 1.0.0,7,ok
089842,per089842_1911_03505,7,0,0,,,triagem/nome-caixa-conversao 1.0.0,7,ok
089842,per089842_1911_03505,8,0,0,,,triagem/nome-caixa-conversao 1.0.0,7,ok
089842,per089842_1911_03505,9,0,0,,,triagem/nome-caixa-conversao 1.0.0,7,ok
089842,per089842_1911_03505,10,0,0,,,triagem/nome-caixa-conversao 1.0.0,7,ok
089842,per089842_1911_03506,1,1,1,caixa de conver,8257,triagem/nome-caixa-conversao 1.0.0,7,ok
089842,per089842_1911_03506,2,0,0,,,triagem/nome-caixa-conversao 1.0.0,7,ok
089842,per089842_1911_03506,3,0,0,,,triagem/nome-caixa-conversao 1.0.0,7,ok
089842,per089842_1911_03506,4,0,0,,,triagem/nome-caixa-conversao 1.0.0,7,ok
089842,per089842_1911_03506,5,0,0,,,triagem/nome-caixa-conversao 1.0.0,7,ok
089842,per089842_1911_03506,6,0,0,,,triagem/nome-caixa-conversao 1.0.0,7,ok
089842,per089842_1911_03506,7,0,0,,,triagem/nome-caixa-conversao 1.0.0,7,ok
089842,per089842_1911_03506,8,0,0,,,triagem/nome-caixa-conversao 1.0.0,7,ok
089842,per089842_1911_03506,9,0,0,,,triagem/nome-caixa-conversao 1.0.0,7,ok
089842,per089842_1911_03506,10,0,0,,,triagem/nome-caixa-conversao 1.0.0,7,ok
089842,per089842_1911_03507,1,0,0,,,triagem/nome-caixa-conversao 1.0.0,7,ok
089842,per089842_1911_03507,2,0,0,,,triagem/nome-caixa-conversao 1.0.0,7,ok
089842,per089842_1911_03507,3,0,0,,,triagem/nome-caixa-conversao 1.0.0,7,ok
089842,per089842_1911_03507,4,0,0,,,triagem/nome-caixa-conversao 1.0.0,7,ok
089842,per089842_1911_03507,5,0,0,,,triagem/nome-caixa-conversao 1.0.0,7,ok
089842,per089842_1911_03507,6,0,0,,,triagem/nome-caixa-conversao 1.0.0,7,ok
089842,per089842_1911_03507,7,0,0,,,triagem/nome-caixa-conversao 1.0.0,7,ok
089842,per089842_1911_03507,8,0,0,,,triagem/nome-caixa-conversao 1.0.0,7,ok
089842,per089842_1911_03507,9,0,0,,,triagem/nome-caixa-conversao 1.0.0,7,ok
089842,per089842_1911_03507,10,0,0,,,triagem/nome-caixa-conversao 1.0.0,7,ok
089842,per089842_1911_03508,1,1,1,caixa de conver,6390,triagem/nome-caixa-conversao 1.0.0,7,ok
089842,per089842_1911_03508,2,0,0,,,triagem/nome-caixa-conversao 1.0.0,7,ok
089842,per089842_1911_03508,3,0,0,,,triagem/nome-caixa-conversao 1.0.0,7,ok
089842,per089842_1911_03508,4,0,0,,,triagem/nome-caixa-conversao 1.0.0,7,ok
089842,per089842_1911_03508,5,0,0,,,triagem/nome-caixa-conversao 1.0.0,7,ok
089842,per089842_1911_03508,6,0,0,,,triagem/nome-caixa-conversao 1.0.0,7,ok
089842,per089842_1911_03508,7,0,0,,,triagem/nome-caixa-conversao 1.0.0,7,ok
089842,per089842_1911_03508,8,0,0,,,triagem/nome-caixa-conversao 1.0.0,7,ok
089842,per089842_1911_03508,9,0,0,,,triagem/nome-caixa-conversao 1.0.0,7,ok
089842,per089842_1911_03508,10,0,0,,,triagem/nome-caixa-conversao 1.0.0,7,ok
089842,per089842_1911_03509,1,0,0,,,triagem/nome-caixa-conversao 1.0.0,7,ok
089842,per089842_1911_03509,2,0,0,,,triagem/nome-caixa-conversao 1.0.0,7,ok
089842,per089842_1911_03509,3,0,0,,,triagem/nome-caixa-conversao 1.0.0,7,ok
089842,per089842_1911_03509,4,0,0,,,triagem/nome-caixa-conversao 1.0.0,7,ok
089842,per089842_1911_03509,5,1,1,caixa de conver,1662,triagem/nome-caixa-conversao 1.0.0,7,ok
089842,per089842_1911_03509,6,0,0,,,triagem/nome-caixa-conversao 1.0.0,7,ok
089842,per089842_1911_03509,7,0,0,,,triagem/nome-caixa-conversao 1.0.0,7,ok
089842,per089842_1911_03509,8,0,0,,,triagem/nome-caixa-conversao 1.0.0,7,ok
089842,per089842_1911_03509,9,0,0,,,triagem/nome-caixa-conversao 1.0.0,7,ok
089842,per089842_1911_03509,10,0,0,,,triagem/nome-caixa-conversao 1.0.0,7,ok
089842,per089842_1911_03510,1,0,0,,,triagem/nome-caixa-conversao 1.0.0,7,ok
089842,per089842_1911_03510,2,0,0,,,triagem/nome-caixa-conversao 1.0.0,7,ok
089842,per089842_1911_03510,3,0,0,,,triagem/nome-caixa-conversao 1.0.0,7,ok
089842,per089842_1911_03510,4,1,1,caixa de conver,7024,triagem/nome-caixa-conversao 1.0.0,7,ok
089842,per089842_1911_03510,5,0,0,,,triagem/nome-caixa-conversao 1.0.0,7,ok
089842,per089842_1911_03510,6,0,0,,,triagem/nome-caixa-conversao 1.0.0,7,ok
089842,per089842_1911_03510,7,0,0,,,triagem/nome-caixa-conversao 1.0.0,7,ok
089842,per089842_1911_03510,8,0,0,,,triagem/nome-caixa-conversao 1.0.0,7,ok
089842,per089842_1911_03510,9,0,0,,,triagem/nome-caixa-conversao 1.0.0,7,ok
089842,per089842_1911_03510,10,0,0,,,triagem/nome-caixa-conversao 1.0.0,7,ok
089842,per089842_1911_03510,11,0,0,,,triagem/nome-caixa-conversao 1.0.0,7,ok
089842,per089842_1911_03510,12,0,0,,,triagem/nome-caixa-conversao 1.0.0,7,ok
089842,per089842_1911_03511,1,0,0,,,triagem/nome-caixa-conversao 1.0.0,7,ok
089842,per089842_1911_03511,2,0,0,,,triagem/nome-caixa-conversao 1.0.0,7,ok
089842,per089842_1911_03511,3,0,0,,,triagem/nome-caixa-conversao 1.0.0,7,ok
089842,per089842_1911_03511,4,0,0,,,triagem/nome-caixa-conversao 1.0.0,7,ok
089842,per089842_1911_03511,5,0,0,,,triagem/nome-caixa-conversao 1.0.0,7,ok
089842,per089842_1911_03511,6,0,0,,,triagem/nome-caixa-conversao 1.0.0,7,ok
089842,per089842_1911_03512,1,0,0,,,triagem/nome-caixa-conversao 1.0.0,7,ok
089842,per089842_1911_03512,2,0,0,,,triagem/nome-caixa-conversao 1.0.0,7,ok
089842,per089842_1911_03512,3,1,1,caixa de conver,21489,triagem/nome-caixa-conversao 1.0.0,7,ok
089842,per089842_1911_03512,4,0,0,,,triagem/nome-caixa-conversao 1.0.0,7,ok
089842,per089842_1911_03512,5,0,0,,,triagem/nome-caixa-conversao 1.0.0,7,ok
089842,per089842_1911_03512,6,0,0,,,triagem/nome-caixa-conversao 1.0.0,7,ok
089842,per089842_1911_03512,7,0,0,,,triagem/nome-caixa-conversao 1.0.0,7,ok
089842,per089842_1911_03512,8,0,0,,,triagem/nome-caixa-conversao 1.0.0,7,ok
089842,per089842_1911_03512,9,0,0,,,triagem/nome-caixa-conversao 1.0.0,7,ok
089842,per089842_1911_03512,10,0,0,,,triagem/nome-caixa-conversao 1.0.0,7,ok
089842,per089842_1911_03513,1,0,0,,,triagem/nome-caixa-conversao 1.0.0,7,ok
089842,per089842_1911_03513,2,0,0,,,triagem/nome-caixa-conversao 1.0.0,7,ok
089842,per089842_1911_03513,3,0,0,,,triagem/nome-caixa-conversao 1.0.0,7,ok
089842,per089842_1911_03513,4,0,0,,,triagem/nome-caixa-conversao 1.0.0,7,ok
089842,per089842_1911_03513,5,0,0,,,triagem/nome-caixa-conversao 1.0.0,7,ok
089842,per089842_1911_03513,6,0,0,,,triagem/nome-caixa-conversao 1.0.0,7,ok
089842,per089842_1911_03514,1,0,0,,,triagem/nome-caixa-conversao 1.0.0,7,ok
089842,per089842_1911_03514,2,0,0,,,triagem/nome-caixa-conversao 1.0.0,7,ok
089842,per089842_1911_03514,3,0,0,,,triagem/nome-caixa-conversao 1.0.0,7,ok
089842,per089842_1911_03514,4,0,0,,,triagem/nome-caixa-conversao 1.0.0,7,ok
089842,per089842_1911_03514,5,0,0,,,triagem/nome-caixa-conversao 1.0.0,7,ok
089842,per089842_1911_03514,6,0,0,,,triagem/nome-caixa-conversao 1.0.0,7,ok
089842,per089842_1911_03514,7,0,0,,,triagem/nome-caixa-conversao 1.0.0,7,ok
089842,per089842_1911_03514,8,0,0,,,triagem/nome-caixa-conversao 1.0.0,7,ok
089842,per089842_1911_03514,9,0,0,,,triagem/nome-caixa-conversao 1.0.0,7,ok
089842,per089842_1911_03514,10,0,0,,,triagem/nome-caixa-conversao 1.0.0,7,ok
089842,per089842_1911_03515,1,1,1,caixa de conver,3833,triagem/nome-caixa-conversao 1.0.0,7,ok
089842,per089842_1911_03515,2,0,0,,,triagem/nome-caixa-conversao 1.0.0,7,ok
089842,per089842_1911_03515,3,1,1,caixa de conver,13133,triagem/nome-caixa-conversao 1.0.0,7,ok
089842,per089842_1911_03515,4,0,0,,,triagem/nome-caixa-conversao 1.0.0,7,ok
089842,per089842_1911_03515,5,0,0,,,triagem/nome-caixa-conversao 1.0.0,7,ok
089842,per089842_1911_03515,6,0,0,,,triagem/nome-caixa-conversao 1.0.0,7,ok
089842,per089842_1911_03515,7,0,0,,,triagem/nome-caixa-conversao 1.0.0,7,ok
089842,per089842_1911_03515,8,0,0,,,triagem/nome-caixa-conversao 1.0.0,7,ok
089842,per089842_1911_03515,9,0,0,,,triagem/nome-caixa-conversao 1.0.0,7,ok
089842,per089842_1911_03515,10,0,0,,,triagem/nome-caixa-conversao 1.0.0,7,ok
089842,per089842_1911_03516,1,0,0,,,triagem/nome-caixa-conversao 1.0.0,7,ok
089842,per089842_1911_03516,2,0,0,,,triagem/nome-caixa-conversao 1.0.0,7,ok
089842,per089842_1911_03516,3,0,0,,,triagem/nome-caixa-conversao 1.0.0,7,ok
089842,per089842_1911_03516,4,0,0,,,triagem/nome-caixa-conversao 1.0.0,7,ok
089842,per089842_1911_03516,5,0,0,,,triagem/nome-caixa-conversao 1.0.0,7,ok
089842,per089842_1911_03516,6,0,0,,,triagem/nome-caixa-conversao 1.0.0,7,ok
089842,per089842_1911_03516,7,0,0,,,triagem/nome-caixa-conversao 1.0.0,7,ok
089842,per089842_1911_03516,8,0,0,,,triagem/nome-caixa-conversao 1.0.0,7,ok
089842,per089842_1911_03516,9,0,0,,,triagem/nome-caixa-conversao 1.0.0,7,ok
089842,per089842_1911_03516,10,0,0,,,triagem/nome-caixa-conversao 1.0.0,7,ok
089842,per089842_1911_03517,1,0,0,,,triagem/nome-caixa-conversao 1.0.0,7,ok
089842,per089842_1911_03517,2,0,0,,,triagem/nome-caixa-conversao 1.0.0,7,ok
089842,per089842_1911_03517,3,0,0,,,triagem/nome-caixa-conversao 1.0.0,7,ok
089842,per089842_1911_03517,4,0,0,,,triagem/nome-caixa-conversao 1.0.0,7,ok
089842,per089842_1911_03517,5,0,0,,,triagem/nome-caixa-conversao 1.0.0,7,ok
089842,per089842_1911_03517,6,0,0,,,triagem/nome-caixa-conversao 1.0.0,7,ok
089842,per089842_1911_03517,7,0,0,,,triagem/nome-caixa-conversao 1.0.0,7,ok
089842,per089842_1911_03517,8,0,0,,,triagem/nome-caixa-conversao 1.0.0,7,ok
089842,per089842_1911_03517,9,0,0,,,triagem/nome-caixa-conversao 1.0.0,7,ok
089842,per089842_1911_03517,10,0,0,,,triagem/nome-caixa-conversao 1.0.0,7,ok
089842,per089842_1911_03517,11,0,0,,,triagem/nome-caixa-conversao 1.0.0,7,ok
089842,per089842_1911_03517,12,0,0,,,triagem/nome-caixa-conversao 1.0.0,7,ok
089842,per089842_1911_03518,1,1,1,caixa dc conver,10967,triagem/nome-caixa-conversao 1.0.0,7,ok
089842,per089842_1911_03518,2,0,0,,,triagem/nome-caixa-conversao 1.0.0,7,ok
089842,per089842_1911_03518,3,0,0,,,triagem/nome-caixa-conversao 1.0.0,7,ok
089842,per089842_1911_03518,4,0,0,,,triagem/nome-caixa-conversao 1.0.0,7,ok
089842,per089842_1911_03518,5,0,0,,,triagem/nome-caixa-conversao 1.0.0,7,ok
089842,per089842_1911_03518,6,0,0,,,triagem/nome-caixa-conversao 1.0.0,7,ok
089842,per089842_1911_03518,7,0,0,,,triagem/nome-caixa-conversao 1.0.0,7,ok
089842,per089842_1911_03518,8,0,0,,,triagem/nome-caixa-conversao 1.0.0,7,ok
089842,per089842_1911_03519,1,0,0,,,triagem/nome-caixa-conversao 1.0.0,7,ok
089842,per089842_1911_03519,2,0,0,,,triagem/nome-caixa-conversao 1.0.0,7,ok
089842,per089842_1911_03519,3,0,0,,,triagem/nome-caixa-conversao 1.0.0,7,ok
089842,per089842_1911_03519,4,0,0,,,triagem/nome-caixa-conversao 1.0.0,7,ok
089842,per089842_1911_03519,5,0,0,,,triagem/nome-caixa-conversao 1.0.0,7,ok
089842,per089842_1911_03519,6,0,0,,,triagem/nome-caixa-conversao 1.0.0,7,ok
089842,per089842_1911_03519,7,0,0,,,triagem/nome-caixa-conversao 1.0.0,7,ok
089842,per089842_1911_03519,8,0,0,,,triagem/nome-caixa-conversao 1.0.0,7,ok
089842,per089842_1911_03519,9,0,0,,,triagem/nome-caixa-conversao 1.0.0,7,ok
089842,per089842_1911_03519,10,0,0,,,triagem/nome-caixa-conversao 1.0.0,7,ok
089842,per089842_1911_03520,1,0,0,,,triagem/nome-caixa-conversao 1.0.0,7,ok
089842,per089842_1911_03520,2,0,0,,,triagem/nome-caixa-conversao 1.0.0,7,ok
089842,per089842_1911_03520,3,0,0,,,triagem/nome-caixa-conversao 1.0.0,7,ok
089842,per089842_1911_03520,4,0,0,,,triagem/nome-caixa-conversao 1.0.0,7,ok
089842,per089842_1911_03520,5,0,0,,,triagem/nome-caixa-conversao 1.0.0,7,ok
089842,per089842_1911_03520,6,0,0,,,triagem/nome-caixa-conversao 1.0.0,7,ok
089842,per089842_1911_03520,7,0,0,,,triagem/nome-caixa-conversao 1.0.0,7,ok
089842,per089842_1911_03520,8,0,0,,,triagem/nome-caixa-conversao 1.0.0,7,ok
089842,per089842_1911_03520,9,0,0,,,triagem/nome-caixa-conversao 1.0.0,7,ok
089842,per089842_1911_03520,10,0,0,,,triagem/nome-caixa-conversao 1.0.0,7,ok
089842,per089842_1911_03521,1,1,1,caixa dc conver,23833,triagem/nome-caixa-conversao 1.0.0,7,ok
089842,per089842_1911_03521,2,0,0,,,triagem/nome-caixa-conversao 1.0.0,7,ok
089842,per089842_1911_03521,3,0,0,,,triagem/nome-caixa-conversao 1.0.0,7,ok
089842,per089842_1911_03521,4,0,0,,,triagem/nome-caixa-conversao 1.0.0,7,ok
089842,per089842_1911_03521,5,1,1,caixa de conver,24617,triagem/nome-caixa-conversao 1.0.0,7,ok
089842,per089842_1911_03521,6,0,0,,,triagem/nome-caixa-conversao 1.0.0,7,ok
089842,per089842_1911_03521,7,0,0,,,triagem/nome-caixa-conversao 1.0.0,7,ok
089842,per089842_1911_03521,8,0,0,,,triagem/nome-caixa-conversao 1.0.0,7,ok
089842,per089842_1911_03521,9,0,0,,,triagem/nome-caixa-conversao 1.0.0,7,ok
089842,per089842_1911_03521,10,0,0,,,triagem/nome-caixa-conversao 1.0.0,7,ok
089842,per089842_1911_03522,1,1,1,caixa de conver,5324,triagem/nome-caixa-conversao 1.0.0,7,ok
089842,per089842_1911_03522,2,0,0,,,triagem/nome-caixa-conversao 1.0.0,7,ok
089842,per089842_1911_03522,3,0,0,,,triagem/nome-caixa-conversao 1.0.0,7,ok
089842,per089842_1911_03522,4,0,0,,,triagem/nome-caixa-conversao 1.0.0,7,ok
089842,per089842_1911_03522,5,0,0,,,triagem/nome-caixa-conversao 1.0.0,7,ok
089842,per089842_1911_03522,6,0,0,,,triagem/nome-caixa-conversao 1.0.0,7,ok
089842,per089842_1911_03522,7,0,0,,,triagem/nome-caixa-conversao 1.0.0,7,ok
089842,per089842_1911_03522,8,0,0,,,triagem/nome-caixa-conversao 1.0.0,7,ok
089842,per089842_1911_03522,9,0,0,,,triagem/nome-caixa-conversao 1.0.0,7,ok
089842,per089842_1911_03522,10,0,0,,,triagem/nome-caixa-conversao 1.0.0,7,ok
089842,per089842_1911_03523,1,1,1,caixa de conver,9704,triagem/nome-caixa-conversao 1.0.0,7,ok
089842,per089842_1911_03523,2,0,0,,,triagem/nome-caixa-conversao 1.0.0,7,ok
089842,per089842_1911_03523,3,0,0,,,triagem/nome-caixa-conversao 1.0.0,7,ok
089842,per089842_1911_03523,4,0,0,,,triagem/nome-caixa-conversao 1.0.0,7,ok
089842,per089842_1911_03523,5,0,0,,,triagem/nome-caixa-conversao 1.0.0,7,ok
089842,per089842_1911_03523,6,0,0,,,triagem/nome-caixa-conversao 1.0.0,7,ok
089842,per089842_1911_03523,7,0,0,,,triagem/nome-caixa-conversao 1.0.0,7,ok
089842,per089842_1911_03523,8,0,0,,,triagem/nome-caixa-conversao 1.0.0,7,ok
089842,per089842_1911_03523,9,0,0,,,triagem/nome-caixa-conversao 1.0.0,7,ok
089842,per089842_1911_03523,10,0,0,,,triagem/nome-caixa-conversao 1.0.0,7,ok
089842,per089842_1911_03524,1,0,0,,,triagem/nome-caixa-conversao 1.0.0,7,ok
089842,per089842_1911_03524,2,0,0,,,triagem/nome-caixa-conversao 1.0.0,7,ok
089842,per089842_1911_03524,3,0,0,,,triagem/nome-caixa-conversao 1.0.0,7,ok
089842,per089842_1911_03524,4,0,0,,,triagem/nome-caixa-conversao 1.0.0,7,ok
089842,per089842_1911_03524,5,0,0,,,triagem/nome-caixa-conversao 1.0.0,7,ok
089842,per089842_1911_03524,6,0,0,,,triagem/nome-caixa-conversao 1.0.0,7,ok
089842,per089842_1911_03524,7,0,0,,,triagem/nome-caixa-conversao 1.0.0,7,ok
089842,per089842_1911_03524,8,0,0,,,triagem/nome-caixa-conversao 1.0.0,7,ok
089842,per089842_1911_03524,9,0,0,,,triagem/nome-caixa-conversao 1.0.0,7,ok
089842,per089842_1911_03524,10,0,0,,,triagem/nome-caixa-conversao 1.0.0,7,ok
089842,per089842_1911_03524,11,0,0,,,triagem/nome-caixa-conversao 1.0.0,7,ok
089842,per089842_1911_03524,12,0,0,,,triagem/nome-caixa-conversao 1.0.0,7,ok
089842,per089842_1911_03524,13,0,0,,,triagem/nome-caixa-conversao 1.0.0,7,ok
089842,per089842_1911_03524,14,0,0,,,triagem/nome-caixa-conversao 1.0.0,7,ok
089842,per089842_1911_03525,1,0,0,,,triagem/nome-caixa-conversao 1.0.0,7,ok
089842,per089842_1911_03525,2,0,0,,,triagem/nome-caixa-conversao 1.0.0,7,ok
089842,per089842_1911_03525,3,0,0,,,triagem/nome-caixa-conversao 1.0.0,7,ok
089842,per089842_1911_03525,4,1,1,caixa deconver,22101,triagem/nome-caixa-conversao 1.0.0,7,ok
089842,per089842_1911_03525,5,0,0,,,triagem/nome-caixa-conversao 1.0.0,7,ok
089842,per089842_1911_03525,6,0,0,,,triagem/nome-caixa-conversao 1.0.0,7,ok
089842,per089842_1911_03525,7,0,0,,,triagem/nome-caixa-conversao 1.0.0,7,ok
089842,per089842_1911_03525,8,0,0,,,triagem/nome-caixa-conversao 1.0.0,7,ok
089842,per089842_1911_03526,1,0,0,,,triagem/nome-caixa-conversao 1.0.0,7,ok
089842,per089842_1911_03526,2,0,0,,,triagem/nome-caixa-conversao 1.0.0,7,ok
089842,per089842_1911_03526,3,0,0,,,triagem/nome-caixa-conversao 1.0.0,7,ok
089842,per089842_1911_03526,4,0,0,,,triagem/nome-caixa-conversao 1.0.0,7,ok
089842,per089842_1911_03526,5,0,0,,,triagem/nome-caixa-conversao 1.0.0,7,ok
089842,per089842_1911_03526,6,0,0,,,triagem/nome-caixa-conversao 1.0.0,7,ok
089842,per089842_1911_03526,7,0,0,,,triagem/nome-caixa-conversao 1.0.0,7,ok
089842,per089842_1911_03526,8,0,0,,,triagem/nome-caixa-conversao 1.0.0,7,ok
089842,per089842_1911_03526,9,0,0,,,triagem/nome-caixa-conversao 1.0.0,7,ok
089842,per089842_1911_03526,10,0,0,,,triagem/nome-caixa-conversao 1.0.0,7,ok
089842,per089842_1911_03527,1,0,0,,,triagem/nome-caixa-conversao 1.0.0,7,ok
089842,per089842_1911_03527,2,0,0,,,triagem/nome-caixa-conversao 1.0.0,7,ok
089842,per089842_1911_03527,3,0,0,,,triagem/nome-caixa-conversao 1.0.0,7,ok
089842,per089842_1911_03527,4,0,0,,,triagem/nome-caixa-conversao 1.0.0,7,ok
089842,per089842_1911_03527,5,0,0,,,triagem/nome-caixa-conversao 1.0.0,7,ok
089842,per089842_1911_03527,6,0,0,,,triagem/nome-caixa-conversao 1.0.0,7,ok
089842,per089842_1911_03527,7,0,0,,,triagem/nome-caixa-conversao 1.0.0,7,ok
089842,per089842_1911_03527,8,0,0,,,triagem/nome-caixa-conversao 1.0.0,7,ok
089842,per089842_1911_03527,9,0,0,,,triagem/nome-caixa-conversao 1.0.0,7,ok
089842,per089842_1911_03527,10,0,0,,,triagem/nome-caixa-conversao 1.0.0,7,ok
089842,per089842_1911_03528,1,1,1,caixa dc conver,9227,triagem/nome-caixa-conversao 1.0.0,7,ok
089842,per089842_1911_03528,2,0,0,,,triagem/nome-caixa-conversao 1.0.0,7,ok
089842,per089842_1911_03528,3,0,0,,,triagem/nome-caixa-conversao 1.0.0,7,ok
089842,per089842_1911_03528,4,0,0,,,triagem/nome-caixa-conversao 1.0.0,7,ok
089842,per089842_1911_03528,5,1,1,caixa de conver,13010,triagem/nome-caixa-conversao 1.0.0,7,ok
089842,per089842_1911_03528,6,0,0,,,triagem/nome-caixa-conversao 1.0.0,7,ok
089842,per089842_1911_03528,7,0,0,,,triagem/nome-caixa-conversao 1.0.0,7,ok
089842,per089842_1911_03528,8,0,0,,,triagem/nome-caixa-conversao 1.0.0,7,ok
089842,per089842_1911_03528,9,0,0,,,triagem/nome-caixa-conversao 1.0.0,7,ok
089842,per089842_1911_03528,10,0,0,,,triagem/nome-caixa-conversao 1.0.0,7,ok
089842,per089842_1911_03529,1,0,0,,,triagem/nome-caixa-conversao 1.0.0,7,ok
089842,per089842_1911_03529,2,0,0,,,triagem/nome-caixa-conversao 1.0.0,7,ok
089842,per089842_1911_03529,3,0,0,,,triagem/nome-caixa-conversao 1.0.0,7,ok
089842,per089842_1911_03529,4,1,1,caixa de conver,11780,triagem/nome-caixa-conversao 1.0.0,7,ok
089842,per089842_1911_03529,5,0,0,,,triagem/nome-caixa-conversao 1.0.0,7,ok
089842,per089842_1911_03529,6,0,0,,,triagem/nome-caixa-conversao 1.0.0,7,ok
089842,per089842_1911_03529,7,0,0,,,triagem/nome-caixa-conversao 1.0.0,7,ok
089842,per089842_1911_03529,8,0,0,,,triagem/nome-caixa-conversao 1.0.0,7,ok
089842,per089842_1911_03530,1,0,0,,,triagem/nome-caixa-conversao 1.0.0,7,ok
089842,per089842_1911_03530,2,0,0,,,triagem/nome-caixa-conversao 1.0.0,7,ok
089842,per089842_1911_03530,3,0,0,,,triagem/nome-caixa-conversao 1.0.0,7,ok
089842,per089842_1911_03530,4,0,0,,,triagem/nome-caixa-conversao 1.0.0,7,ok
089842,per089842_1911_03530,5,0,0,,,triagem/nome-caixa-conversao 1.0.0,7,ok
089842,per089842_1911_03530,6,0,0,,,triagem/nome-caixa-conversao 1.0.0,7,ok
089842,per089842_1911_03530,7,0,0,,,triagem/nome-caixa-conversao 1.0.0,7,ok
089842,per089842_1911_03530,8,0,0,,,triagem/nome-caixa-conversao 1.0.0,7,ok
089842,per089842_1911_03530,9,0,0,,,triagem/nome-caixa-conversao 1.0.0,7,ok
089842,per089842_1911_03530,10,0,0,,,triagem/nome-caixa-conversao 1.0.0,7,ok
089842,per089842_1911_03531,1,0,0,,,triagem/nome-caixa-conversao 1.0.0,7,empty
089842,per089842_1911_03531,2,0,0,,,triagem/nome-caixa-conversao 1.0.0,7,ok
089842,per089842_1911_03531,3,0,0,,,triagem/nome-caixa-conversao 1.0.0,7,ok
089842,per089842_1911_03531,4,0,0,,,triagem/nome-caixa-conversao 1.0.0,7,ok
089842,per089842_1911_03531,5,0,0,,,triagem/nome-caixa-conversao 1.0.0,7,ok
089842,per089842_1911_03531,6,0,0,,,triagem/nome-caixa-conversao 1.0.0,7,ok
089842,per089842_1911_03531,7,0,0,,,triagem/nome-caixa-conversao 1.0.0,7,ok
089842,per089842_1911_03531,8,0,0,,,triagem/nome-caixa-conversao 1.0.0,7,ok
089842,per089842_1911_03531,9,0,0,,,triagem/nome-caixa-conversao 1.0.0,7,ok
089842,per089842_1911_03531,10,0,0,,,triagem/nome-caixa-conversao 1.0.0,7,ok
089842,per089842_1911_03531,11,0,0,,,triagem/nome-caixa-conversao 1.0.0,7,ok
089842,per089842_1911_03531,12,0,0,,,triagem/nome-caixa-conversao 1.0.0,7,ok
089842,per089842_1911_03531,13,0,0,,,triagem/nome-caixa-conversao 1.0.0,7,ok
089842,per089842_1911_03531,14,0,0,,,triagem/nome-caixa-conversao 1.0.0,7,ok
089842,per089842_1911_03532,1,0,0,,,triagem/nome-caixa-conversao 1.0.0,7,ok
089842,per089842_1911_03532,2,0,0,,,triagem/nome-caixa-conversao 1.0.0,7,ok
089842,per089842_1911_03532,3,0,0,,,triagem/nome-caixa-conversao 1.0.0,7,ok
089842,per089842_1911_03532,4,0,0,,,triagem/nome-caixa-conversao 1.0.0,7,ok
089842,per089842_1911_03532,5,0,0,,,triagem/nome-caixa-conversao 1.0.0,7,ok
089842,per089842_1911_03532,6,0,0,,,triagem/nome-caixa-conversao 1.0.0,7,ok
089842,per089842_1911_03532,7,0,0,,,triagem/nome-caixa-conversao 1.0.0,7,ok
089842,per089842_1911_03532,8,0,0,,,triagem/nome-caixa-conversao 1.0.0,7,ok
089842,per089842_1911_03533,1,1,1,caixa de conver,8354,triagem/nome-caixa-conversao 1.0.0,7,ok
089842,per089842_1911_03533,2,0,0,,,triagem/nome-caixa-conversao 1.0.0,7,ok
089842,per089842_1911_03533,3,0,0,,,triagem/nome-caixa-conversao 1.0.0,7,ok
089842,per089842_1911_03533,4,0,0,,,triagem/nome-caixa-conversao 1.0.0,7,ok
089842,per089842_1911_03533,5,0,0,,,triagem/nome-caixa-conversao 1.0.0,7,ok
089842,per089842_1911_03533,6,0,0,,,triagem/nome-caixa-conversao 1.0.0,7,ok
089842,per089842_1911_03533,7,0,0,,,triagem/nome-caixa-conversao 1.0.0,7,ok
089842,per089842_1911_03533,8,0,0,,,triagem/nome-caixa-conversao 1.0.0,7,ok
089842,per089842_1911_03533,9,0,0,,,triagem/nome-caixa-conversao 1.0.0,7,ok
089842,per089842_1911_03533,10,0,0,,,triagem/nome-caixa-conversao 1.0.0,7,ok
089842,per089842_1911_03534,1,0,0,,,triagem/nome-caixa-conversao 1.0.0,7,ok
089842,per089842_1911_03534,2,0,0,,,triagem/nome-caixa-conversao 1.0.0,7,ok
089842,per089842_1911_03534,3,0,0,,,triagem/nome-caixa-conversao 1.0.0,7,ok
089842,per089842_1911_03534,4,0,0,,,triagem/nome-caixa-conversao 1.0.0,7,ok
089842,per089842_1911_03534,5,0,0,,,triagem/nome-caixa-conversao 1.0.0,7,ok
089842,per089842_1911_03534,6,0,0,,,triagem/nome-caixa-conversao 1.0.0,7,ok
089842,per089842_1911_03534,7,0,0,,,triagem/nome-caixa-conversao 1.0.0,7,ok
089842,per089842_1911_03534,8,0,0,,,triagem/nome-caixa-conversao 1.0.0,7,ok
089842,per089842_1911_03534,9,0,0,,,triagem/nome-caixa-conversao 1.0.0,7,ok
089842,per089842_1911_03534,10,0,0,,,triagem/nome-caixa-conversao 1.0.0,7,ok
089842,per089842_1911_03535,1,1,1,caixade conver,29194,triagem/nome-caixa-conversao 1.0.0,7,ok
089842,per089842_1911_03535,2,0,0,,,triagem/nome-caixa-conversao 1.0.0,7,ok
089842,per089842_1911_03535,3,0,0,,,triagem/nome-caixa-conversao 1.0.0,7,ok
089842,per089842_1911_03535,4,0,0,,,triagem/nome-caixa-conversao 1.0.0,7,ok
089842,per089842_1911_03535,5,1,1,caixa de conver,17818,triagem/nome-caixa-conversao 1.0.0,7,ok
089842,per089842_1911_03535,6,0,0,,,triagem/nome-caixa-conversao 1.0.0,7,ok
089842,per089842_1911_03535,7,0,0,,,triagem/nome-caixa-conversao 1.0.0,7,ok
089842,per089842_1911_03535,8,0,0,,,triagem/nome-caixa-conversao 1.0.0,7,ok
089842,per089842_1911_03535,9,0,0,,,triagem/nome-caixa-conversao 1.0.0,7,ok
089842,per089842_1911_03535,10,0,0,,,triagem/nome-caixa-conversao 1.0.0,7,ok
089842,per089842_1911_03536,1,1,2,caixa de conver,5699,triagem/nome-caixa-conversao 1.0.0,7,ok
089842,per089842_1911_03536,2,0,0,,,triagem/nome-caixa-conversao 1.0.0,7,ok
089842,per089842_1911_03536,3,0,0,,,triagem/nome-caixa-conversao 1.0.0,7,ok
089842,per089842_1911_03536,4,0,0,,,triagem/nome-caixa-conversao 1.0.0,7,ok
089842,per089842_1911_03536,5,0,0,,,triagem/nome-caixa-conversao 1.0.0,7,ok
089842,per089842_1911_03536,6,0,0,,,triagem/nome-caixa-conversao 1.0.0,7,ok
089842,per089842_1911_03536,7,0,0,,,triagem/nome-caixa-conversao 1.0.0,7,ok
089842,per089842_1911_03536,8,0,0,,,triagem/nome-caixa-conversao 1.0.0,7,ok
089842,per089842_1911_03537,1,0,0,,,triagem/nome-caixa-conversao 1.0.0,7,ok
089842,per089842_1911_03537,2,0,0,,,triagem/nome-caixa-conversao 1.0.0,7,ok
089842,per089842_1911_03537,3,0,0,,,triagem/nome-caixa-conversao 1.0.0,7,ok
089842,per089842_1911_03537,4,0,0,,,triagem/nome-caixa-conversao 1.0.0,7,ok
089842,per089842_1911_03537,5,0,0,,,triagem/nome-caixa-conversao 1.0.0,7,ok
089842,per089842_1911_03537,6,0,0,,,triagem/nome-caixa-conversao 1.0.0,7,ok
089842,per089842_1911_03537,7,0,0,,,triagem/nome-caixa-conversao 1.0.0,7,ok
089842,per089842_1911_03537,8,0,0,,,triagem/nome-caixa-conversao 1.0.0,7,ok
089842,per089842_1911_03537,9,0,0,,,triagem/nome-caixa-conversao 1.0.0,7,ok
089842,per089842_1911_03537,10,0,0,,,triagem/nome-caixa-conversao 1.0.0,7,ok
089842,per089842_1911_03538,1,0,0,,,triagem/nome-caixa-conversao 1.0.0,7,ok
089842,per089842_1911_03538,2,0,0,,,triagem/nome-caixa-conversao 1.0.0,7,ok
089842,per089842_1911_03538,3,0,0,,,triagem/nome-caixa-conversao 1.0.0,7,ok
089842,per089842_1911_03538,4,0,0,,,triagem/nome-caixa-conversao 1.0.0,7,ok
089842,per089842_1911_03538,5,1,1,caixa de conver,37371,triagem/nome-caixa-conversao 1.0.0,7,ok
089842,per089842_1911_03538,6,0,0,,,triagem/nome-caixa-conversao 1.0.0,7,ok
089842,per089842_1911_03538,7,0,0,,,triagem/nome-caixa-conversao 1.0.0,7,ok
089842,per089842_1911_03538,8,0,0,,,triagem/nome-caixa-conversao 1.0.0,7,ok
089842,per089842_1911_03538,9,0,0,,,triagem/nome-caixa-conversao 1.0.0,7,ok
089842,per089842_1911_03538,10,0,0,,,triagem/nome-caixa-conversao 1.0.0,7,ok
089842,per089842_1911_03538,11,0,0,,,triagem/nome-caixa-conversao 1.0.0,7,ok
089842,per089842_1911_03538,12,0,0,,,triagem/nome-caixa-conversao 1.0.0,7,ok
089842,per089842_1911_03539,1,0,0,,,triagem/nome-caixa-conversao 1.0.0,7,ok
089842,per089842_1911_03539,2,0,0,,,triagem/nome-caixa-conversao 1.0.0,7,ok
089842,per089842_1911_03539,3,1,1,caixa de conver,4089,triagem/nome-caixa-conversao 1.0.0,7,ok
089842,per089842_1911_03539,4,0,0,,,triagem/nome-caixa-conversao 1.0.0,7,ok
089842,per089842_1911_03539,5,0,0,,,triagem/nome-caixa-conversao 1.0.0,7,ok
089842,per089842_1911_03539,6,0,0,,,triagem/nome-caixa-conversao 1.0.0,7,ok
089842,per089842_1911_03539,7,0,0,,,triagem/nome-caixa-conversao 1.0.0,7,ok
089842,per089842_1911_03539,8,0,0,,,triagem/nome-caixa-conversao 1.0.0,7,ok
089842,per089842_1911_03540,1,0,0,,,triagem/nome-caixa-conversao 1.0.0,7,ok
089842,per089842_1911_03540,2,0,0,,,triagem/nome-caixa-conversao 1.0.0,7,ok
089842,per089842_1911_03540,3,0,0,,,triagem/nome-caixa-conversao 1.0.0,7,ok
089842,per089842_1911_03540,4,0,0,,,triagem/nome-caixa-conversao 1.0.0,7,ok
089842,per089842_1911_03540,5,0,0,,,triagem/nome-caixa-conversao 1.0.0,7,ok
089842,per089842_1911_03540,6,0,0,,,triagem/nome-caixa-conversao 1.0.0,7,ok
089842,per089842_1911_03540,7,0,0,,,triagem/nome-caixa-conversao 1.0.0,7,ok
089842,per089842_1911_03540,8,0,0,,,triagem/nome-caixa-conversao 1.0.0,7,ok
089842,per089842_1911_03540,9,0,0,,,triagem/nome-caixa-conversao 1.0.0,7,ok
089842,per089842_1911_03540,10,0,0,,,triagem/nome-caixa-conversao 1.0.0,7,ok
089842,per089842_1911_03541,1,0,0,,,triagem/nome-caixa-conversao 1.0.0,7,ok
089842,per089842_1911_03541,2,0,0,,,triagem/nome-caixa-conversao 1.0.0,7,ok
089842,per089842_1911_03541,3,0,0,,,triagem/nome-caixa-conversao 1.0.0,7,ok
089842,per089842_1911_03541,4,0,0,,,triagem/nome-caixa-conversao 1.0.0,7,ok
089842,per089842_1911_03541,5,0,0,,,triagem/nome-caixa-conversao 1.0.0,7,ok
089842,per089842_1911_03541,6,1,1,caixa de conver,20453,triagem/nome-caixa-conversao 1.0.0,7,ok
089842,per089842_1911_03541,7,0,0,,,triagem/nome-caixa-conversao 1.0.0,7,ok
089842,per089842_1911_03541,8,0,0,,,triagem/nome-caixa-conversao 1.0.0,7,ok
089842,per089842_1911_03541,9,0,0,,,triagem/nome-caixa-conversao 1.0.0,7,ok
089842,per089842_1911_03541,10,0,0,,,triagem/nome-caixa-conversao 1.0.0,7,ok
089842,per089842_1911_03542,1,0,0,,,triagem/nome-caixa-conversao 1.0.0,7,ok
089842,per089842_1911_03542,2,0,0,,,triagem/nome-caixa-conversao 1.0.0,7,ok
089842,per089842_1911_03542,3,0,0,,,triagem/nome-caixa-conversao 1.0.0,7,ok
089842,per089842_1911_03542,4,0,0,,,triagem/nome-caixa-conversao 1.0.0,7,ok
089842,per089842_1911_03542,5,0,0,,,triagem/nome-caixa-conversao 1.0.0,7,ok
089842,per089842_1911_03542,6,0,0,,,triagem/nome-caixa-conversao 1.0.0,7,ok
089842,per089842_1911_03542,7,0,0,,,triagem/nome-caixa-conversao 1.0.0,7,ok
089842,per089842_1911_03542,8,0,0,,,triagem/nome-caixa-conversao 1.0.0,7,ok
089842,per089842_1911_03542,9,0,0,,,triagem/nome-caixa-conversao 1.0.0,7,ok
089842,per089842_1911_03542,10,0,0,,,triagem/nome-caixa-conversao 1.0.0,7,ok
089842,per089842_1911_03543,1,0,0,,,triagem/nome-caixa-conversao 1.0.0,7,ok
089842,per089842_1911_03543,2,0,0,,,triagem/nome-caixa-conversao 1.0.0,7,ok
089842,per089842_1911_03543,3,0,0,,,triagem/nome-caixa-conversao 1.0.0,7,ok
089842,per089842_1911_03543,4,0,0,,,triagem/nome-caixa-conversao 1.0.0,7,ok
089842,per089842_1911_03543,5,0,0,,,triagem/nome-caixa-conversao 1.0.0,7,ok
089842,per089842_1911_03543,6,1,1,caixa de conver,13465,triagem/nome-caixa-conversao 1.0.0,7,ok
089842,per089842_1911_03543,7,0,0,,,triagem/nome-caixa-conversao 1.0.0,7,ok
089842,per089842_1911_03543,8,0,0,,,triagem/nome-caixa-conversao 1.0.0,7,ok
089842,per089842_1911_03543,9,0,0,,,triagem/nome-caixa-conversao 1.0.0,7,ok
089842,per089842_1911_03543,10,0,0,,,triagem/nome-caixa-conversao 1.0.0,7,ok
089842,per089842_1911_03544,1,1,2,caixa do conver,7731,triagem/nome-caixa-conversao 1.0.0,7,ok
089842,per089842_1911_03544,2,0,0,,,triagem/nome-caixa-conversao 1.0.0,7,ok
089842,per089842_1911_03544,3,0,0,,,triagem/nome-caixa-conversao 1.0.0,7,ok
089842,per089842_1911_03544,4,0,0,,,triagem/nome-caixa-conversao 1.0.0,7,ok
089842,per089842_1911_03544,5,0,0,,,triagem/nome-caixa-conversao 1.0.0,7,ok
089842,per089842_1911_03544,6,0,0,,,triagem/nome-caixa-conversao 1.0.0,7,ok
089842,per089842_1911_03544,7,0,0,,,triagem/nome-caixa-conversao 1.0.0,7,ok
089842,per089842_1911_03544,8,0,0,,,triagem/nome-caixa-conversao 1.0.0,7,ok
089842,per089842_1911_03544,9,0,0,,,triagem/nome-caixa-conversao 1.0.0,7,ok
089842,per089842_1911_03544,10,0,0,,,triagem/nome-caixa-conversao 1.0.0,7,ok
089842,per089842_1911_03545,1,0,0,,,triagem/nome-caixa-conversao 1.0.0,7,ok
089842,per089842_1911_03545,2,0,0,,,triagem/nome-caixa-conversao 1.0.0,7,ok
089842,per089842_1911_03545,3,0,0,,,triagem/nome-caixa-conversao 1.0.0,7,ok
089842,per089842_1911_03545,4,0,0,,,triagem/nome-caixa-conversao 1.0.0,7,ok
089842,per089842_1911_03545,5,0,0,,,triagem/nome-caixa-conversao 1.0.0,7,ok
089842,per089842_1911_03545,6,0,0,,,triagem/nome-caixa-conversao 1.0.0,7,ok
089842,per089842_1911_03545,7,0,0,,,triagem/nome-caixa-conversao 1.0.0,7,ok
089842,per089842_1911_03545,8,0,0,,,triagem/nome-caixa-conversao 1.0.0,7,ok
089842,per089842_1911_03545,9,0,0,,,triagem/nome-caixa-conversao 1.0.0,7,ok
089842,per089842_1911_03545,10,0,0,,,triagem/nome-caixa-conversao 1.0.0,7,ok
089842,per089842_1911_03545,11,0,0,,,triagem/nome-caixa-conversao 1.0.0,7,ok
089842,per089842_1911_03545,12,0,0,,,triagem/nome-caixa-conversao 1.0.0,7,ok
089842,per089842_1911_03545,13,0,0,,,triagem/nome-caixa-conversao 1.0.0,7,ok
089842,per089842_1911_03545,14,0,0,,,triagem/nome-caixa-conversao 1.0.0,7,ok
089842,per089842_1911_03546,1,1,1,caixa de conver,18691,triagem/nome-caixa-conversao 1.0.0,7,ok
089842,per089842_1911_03546,2,0,0,,,triagem/nome-caixa-conversao 1.0.0,7,ok
089842,per089842_1911_03546,3,0,0,,,triagem/nome-caixa-conversao 1.0.0,7,ok
089842,per089842_1911_03546,4,0,0,,,triagem/nome-caixa-conversao 1.0.0,7,ok
089842,per089842_1911_03546,5,0,0,,,triagem/nome-caixa-conversao 1.0.0,7,ok
089842,per089842_1911_03546,6,0,0,,,triagem/nome-caixa-conversao 1.0.0,7,ok
089842,per089842_1911_03546,7,0,0,,,triagem/nome-caixa-conversao 1.0.0,7,ok
089842,per089842_1911_03546,8,0,0,,,triagem/nome-caixa-conversao 1.0.0,7,ok
089842,per089842_1911_03546,9,0,0,,,triagem/nome-caixa-conversao 1.0.0,7,ok
089842,per089842_1911_03546,10,0,0,,,triagem/nome-caixa-conversao 1.0.0,7,ok
089842,per089842_1911_03547,1,1,2,caixa do conver,6640,triagem/nome-caixa-conversao 1.0.0,7,ok
089842,per089842_1911_03547,2,1,1,caixa de conver,6242,triagem/nome-caixa-conversao 1.0.0,7,ok
089842,per089842_1911_03547,3,0,0,,,triagem/nome-caixa-conversao 1.0.0,7,ok
089842,per089842_1911_03547,4,0,0,,,triagem/nome-caixa-conversao 1.0.0,7,ok
089842,per089842_1911_03547,5,0,0,,,triagem/nome-caixa-conversao 1.0.0,7,ok
089842,per089842_1911_03547,6,0,0,,,triagem/nome-caixa-conversao 1.0.0,7,ok
089842,per089842_1911_03547,7,0,0,,,triagem/nome-caixa-conversao 1.0.0,7,ok
089842,per089842_1911_03547,8,0,0,,,triagem/nome-caixa-conversao 1.0.0,7,ok
089842,per089842_1911_03547,9,0,0,,,triagem/nome-caixa-conversao 1.0.0,7,ok
089842,per089842_1911_03547,10,0,0,,,triagem/nome-caixa-conversao 1.0.0,7,ok
089842,per089842_1911_03547,11,0,0,,,triagem/nome-caixa-conversao 1.0.0,7,ok
089842,per089842_1911_03547,12,0,0,,,triagem/nome-caixa-conversao 1.0.0,7,ok
089842,per089842_1911_03548,1,1,1,caixa de conver,5977,triagem/nome-caixa-conversao 1.0.0,7,ok
089842,per089842_1911_03548,2,0,0,,,triagem/nome-caixa-conversao 1.0.0,7,ok
089842,per089842_1911_03548,3,0,0,,,triagem/nome-caixa-conversao 1.0.0,7,ok
089842,per089842_1911_03548,4,1,1,caixa dc conver,11936,triagem/nome-caixa-conversao 1.0.0,7,ok
089842,per089842_1911_03548,5,0,0,,,triagem/nome-caixa-conversao 1.0.0,7,ok
089842,per089842_1911_03548,6,0,0,,,triagem/nome-caixa-conversao 1.0.0,7,ok
089842,per089842_1911_03548,7,0,0,,,triagem/nome-caixa-conversao 1.0.0,7,ok
089842,per089842_1911_03548,8,0,0,,,triagem/nome-caixa-conversao 1.0.0,7,ok
089842,per089842_1911_03548,9,0,0,,,triagem/nome-caixa-conversao 1.0.0,7,ok
089842,per089842_1911_03548,10,0,0,,,triagem/nome-caixa-conversao 1.0.0,7,ok
089842,per089842_1911_03549,1,0,0,,,triagem/nome-caixa-conversao 1.0.0,7,ok
089842,per089842_1911_03549,2,0,0,,,triagem/nome-caixa-conversao 1.0.0,7,ok
089842,per089842_1911_03549,3,0,0,,,triagem/nome-caixa-conversao 1.0.0,7,ok
089842,per089842_1911_03549,4,0,0,,,triagem/nome-caixa-conversao 1.0.0,7,ok
089842,per089842_1911_03549,5,1,1,caixa dc conver,28398,triagem/nome-caixa-conversao 1.0.0,7,ok
089842,per089842_1911_03549,6,0,0,,,triagem/nome-caixa-conversao 1.0.0,7,ok
089842,per089842_1911_03549,7,0,0,,,triagem/nome-caixa-conversao 1.0.0,7,ok
089842,per089842_1911_03549,8,0,0,,,triagem/nome-caixa-conversao 1.0.0,7,ok
089842,per089842_1911_03549,9,0,0,,,triagem/nome-caixa-conversao 1.0.0,7,ok
089842,per089842_1911_03549,10,0,0,,,triagem/nome-caixa-conversao 1.0.0,7,ok
089842,per089842_1911_03550,1,1,2,caixa de conver,7217,triagem/nome-caixa-conversao 1.0.0,7,ok
089842,per089842_1911_03550,2,0,0,,,triagem/nome-caixa-conversao 1.0.0,7,ok
089842,per089842_1911_03550,3,0,0,,,triagem/nome-caixa-conversao 1.0.0,7,ok
089842,per089842_1911_03550,4,0,0,,,triagem/nome-caixa-conversao 1.0.0,7,ok
089842,per089842_1911_03550,5,1,1,caixa deconver,40967,triagem/nome-caixa-conversao 1.0.0,7,ok
089842,per089842_1911_03550,6,0,0,,,triagem/nome-caixa-conversao 1.0.0,7,ok
089842,per089842_1911_03550,7,0,0,,,triagem/nome-caixa-conversao 1.0.0,7,ok
089842,per089842_1911_03550,8,0,0,,,triagem/nome-caixa-conversao 1.0.0,7,ok
089842,per089842_1911_03550,9,0,0,,,triagem/nome-caixa-conversao 1.0.0,7,ok
089842,per089842_1911_03550,10,0,0,,,triagem/nome-caixa-conversao 1.0.0,7,ok
089842,per089842_1911_03551,1,1,2,caixa de conver,5927,triagem/nome-caixa-conversao 1.0.0,7,ok
089842,per089842_1911_03551,2,0,0,,,triagem/nome-caixa-conversao 1.0.0,7,ok
089842,per089842_1911_03551,3,0,0,,,triagem/nome-caixa-conversao 1.0.0,7,ok
089842,per089842_1911_03551,4,0,0,,,triagem/nome-caixa-conversao 1.0.0,7,ok
089842,per089842_1911_03551,5,0,0,,,triagem/nome-caixa-conversao 1.0.0,7,ok
089842,per089842_1911_03551,6,0,0,,,triagem/nome-caixa-conversao 1.0.0,7,ok
089842,per089842_1911_03551,7,0,0,,,triagem/nome-caixa-conversao 1.0.0,7,ok
089842,per089842_1911_03551,8,0,0,,,triagem/nome-caixa-conversao 1.0.0,7,ok
089842,per089842_1911_03551,9,0,0,,,triagem/nome-caixa-conversao 1.0.0,7,ok
089842,per089842_1911_03551,10,0,0,,,triagem/nome-caixa-conversao 1.0.0,7,ok
089842,per089842_1911_03552,1,0,0,,,triagem/nome-caixa-conversao 1.0.0,7,ok
089842,per089842_1911_03552,2,1,2,caixa de conver,6739,triagem/nome-caixa-conversao 1.0.0,7,ok
089842,per089842_1911_03552,3,0,0,,,triagem/nome-caixa-conversao 1.0.0,7,ok
089842,per089842_1911_03552,4,0,0,,,triagem/nome-caixa-conversao 1.0.0,7,ok
089842,per089842_1911_03552,5,0,0,,,triagem/nome-caixa-conversao 1.0.0,7,ok
089842,per089842_1911_03552,6,0,0,,,triagem/nome-caixa-conversao 1.0.0,7,ok
089842,per089842_1911_03552,7,0,0,,,triagem/nome-caixa-conversao 1.0.0,7,ok
089842,per089842_1911_03552,8,0,0,,,triagem/nome-caixa-conversao 1.0.0,7,ok
089842,per089842_1911_03552,9,0,0,,,triagem/nome-caixa-conversao 1.0.0,7,ok
089842,per089842_1911_03552,10,0,0,,,triagem/nome-caixa-conversao 1.0.0,7,ok
089842,per089842_1911_03552,11,0,0,,,triagem/nome-caixa-conversao 1.0.0,7,ok
089842,per089842_1911_03552,12,0,0,,,triagem/nome-caixa-conversao 1.0.0,7,ok
089842,per089842_1911_03552,13,0,0,,,triagem/nome-caixa-conversao 1.0.0,7,ok
089842,per089842_1911_03552,14,0,0,,,triagem/nome-caixa-conversao 1.0.0,7,ok
089842,per089842_1911_03553,1,0,0,,,triagem/nome-caixa-conversao 1.0.0,7,ok
089842,per089842_1911_03553,2,0,0,,,triagem/nome-caixa-conversao 1.0.0,7,ok
089842,per089842_1911_03553,3,0,0,,,triagem/nome-caixa-conversao 1.0.0,7,ok
089842,per089842_1911_03553,4,0,0,,,triagem/nome-caixa-conversao 1.0.0,7,ok
089842,per089842_1911_03553,5,0,0,,,triagem/nome-caixa-conversao 1.0.0,7,ok
089842,per089842_1911_03553,6,0,0,,,triagem/nome-caixa-conversao 1.0.0,7,ok
089842,per089842_1911_03553,7,0,0,,,triagem/nome-caixa-conversao 1.0.0,7,ok
089842,per089842_1911_03553,8,0,0,,,triagem/nome-caixa-conversao 1.0.0,7,ok
089842,per089842_1911_03554,1,1,3,caixa do conver,5864,triagem/nome-caixa-conversao 1.0.0,7,ok
089842,per089842_1911_03554,2,0,0,,,triagem/nome-caixa-conversao 1.0.0,7,ok
089842,per089842_1911_03554,3,0,0,,,triagem/nome-caixa-conversao 1.0.0,7,ok
089842,per089842_1911_03554,4,0,0,,,triagem/nome-caixa-conversao 1.0.0,7,ok
089842,per089842_1911_03554,5,1,1,caixa de conver,28052,triagem/nome-caixa-conversao 1.0.0,7,ok
089842,per089842_1911_03554,6,0,0,,,triagem/nome-caixa-conversao 1.0.0,7,ok
089842,per089842_1911_03554,7,0,0,,,triagem/nome-caixa-conversao 1.0.0,7,ok
089842,per089842_1911_03554,8,0,0,,,triagem/nome-caixa-conversao 1.0.0,7,ok
089842,per089842_1911_03554,9,0,0,,,triagem/nome-caixa-conversao 1.0.0,7,ok
089842,per089842_1911_03554,10,0,0,,,triagem/nome-caixa-conversao 1.0.0,7,ok
089842,per089842_1911_03555,1,1,2,caixa de conver,4486,triagem/nome-caixa-conversao 1.0.0,7,ok
089842,per089842_1911_03555,2,0,0,,,triagem/nome-caixa-conversao 1.0.0,7,ok
089842,per089842_1911_03555,3,0,0,,,triagem/nome-caixa-conversao 1.0.0,7,ok
089842,per089842_1911_03555,4,0,0,,,triagem/nome-caixa-conversao 1.0.0,7,ok
089842,per089842_1911_03555,5,0,0,,,triagem/nome-caixa-conversao 1.0.0,7,ok
089842,per089842_1911_03555,6,1,1,caixa de conver,19453,triagem/nome-caixa-conversao 1.0.0,7,ok
089842,per089842_1911_03555,7,0,0,,,triagem/nome-caixa-conversao 1.0.0,7,ok
089842,per089842_1911_03555,8,0,0,,,triagem/nome-caixa-conversao 1.0.0,7,ok
089842,per089842_1911_03555,9,0,0,,,triagem/nome-caixa-conversao 1.0.0,7,ok
089842,per089842_1911_03555,10,0,0,,,triagem/nome-caixa-conversao 1.0.0,7,ok
089842,per089842_1911_03556,1,1,2,caixa de conver,8063,triagem/nome-caixa-conversao 1.0.0,7,ok
089842,per089842_1911_03556,2,0,0,,,triagem/nome-caixa-conversao 1.0.0,7,ok
089842,per089842_1911_03556,3,0,0,,,triagem/nome-caixa-conversao 1.0.0,7,ok
089842,per089842_1911_03556,4,0,0,,,triagem/nome-caixa-conversao 1.0.0,7,ok
089842,per089842_1911_03556,5,1,1,caixa de conver,54157,triagem/nome-caixa-conversao 1.0.0,7,ok
089842,per089842_1911_03556,6,0,0,,,triagem/nome-caixa-conversao 1.0.0,7,ok
089842,per089842_1911_03556,7,0,0,,,triagem/nome-caixa-conversao 1.0.0,7,ok
089842,per089842_1911_03556,8,0,0,,,triagem/nome-caixa-conversao 1.0.0,7,ok
089842,per089842_1911_03556,9,0,0,,,triagem/nome-caixa-conversao 1.0.0,7,ok
089842,per089842_1911_03556,10,0,0,,,triagem/nome-caixa-conversao 1.0.0,7,ok
089842,per089842_1911_03557,1,0,0,,,triagem/nome-caixa-conversao 1.0.0,7,ok
089842,per089842_1911_03557,2,0,0,,,triagem/nome-caixa-conversao 1.0.0,7,ok
089842,per089842_1911_03557,3,0,0,,,triagem/nome-caixa-conversao 1.0.0,7,ok
089842,per089842_1911_03557,4,1,1,caixa deconver,18674,triagem/nome-caixa-conversao 1.0.0,7,ok
089842,per089842_1911_03557,5,0,0,,,triagem/nome-caixa-conversao 1.0.0,7,ok
089842,per089842_1911_03557,6,0,0,,,triagem/nome-caixa-conversao 1.0.0,7,ok
089842,per089842_1911_03557,7,0,0,,,triagem/nome-caixa-conversao 1.0.0,7,ok
089842,per089842_1911_03557,8,0,0,,,triagem/nome-caixa-conversao 1.0.0,7,ok
089842,per089842_1911_03558,1,0,0,,,triagem/nome-caixa-conversao 1.0.0,7,ok
089842,per089842_1911_03558,2,0,0,,,triagem/nome-caixa-conversao 1.0.0,7,ok
089842,per089842_1911_03558,3,0,0,,,triagem/nome-caixa-conversao 1.0.0,7,ok
089842,per089842_1911_03558,4,1,1,caixa de conver,24398,triagem/nome-caixa-conversao 1.0.0,7,ok
089842,per089842_1911_03558,5,0,0,,,triagem/nome-caixa-conversao 1.0.0,7,ok
089842,per089842_1911_03558,6,0,0,,,triagem/nome-caixa-conversao 1.0.0,7,ok
089842,per089842_1911_03558,7,0,0,,,triagem/nome-caixa-conversao 1.0.0,7,ok
089842,per089842_1911_03558,8,0,0,,,triagem/nome-caixa-conversao 1.0.0,7,ok
089842,per089842_1911_03558,9,0,0,,,triagem/nome-caixa-conversao 1.0.0,7,ok
089842,per089842_1911_03558,10,0,0,,,triagem/nome-caixa-conversao 1.0.0,7,ok
089842,per089842_1911_03559,1,0,0,,,triagem/nome-caixa-conversao 1.0.0,7,ok
089842,per089842_1911_03559,2,0,0,,,triagem/nome-caixa-conversao 1.0.0,7,ok
089842,per089842_1911_03559,3,0,0,,,triagem/nome-caixa-conversao 1.0.0,7,ok
089842,per089842_1911_03559,4,1,1,caixa de conver,15384,triagem/nome-caixa-conversao 1.0.0,7,ok
089842,per089842_1911_03559,5,0,0,,,triagem/nome-caixa-conversao 1.0.0,7,ok
089842,per089842_1911_03559,6,0,0,,,triagem/nome-caixa-conversao 1.0.0,7,ok
089842,per089842_1911_03559,7,0,0,,,triagem/nome-caixa-conversao 1.0.0,7,ok
089842,per089842_1911_03559,8,0,0,,,triagem/nome-caixa-conversao 1.0.0,7,ok
089842,per089842_1911_03559,9,0,0,,,triagem/nome-caixa-conversao 1.0.0,7,ok
089842,per089842_1911_03559,10,0,0,,,triagem/nome-caixa-conversao 1.0.0,7,ok
089842,per089842_1911_03559,11,0,0,,,triagem/nome-caixa-conversao 1.0.0,7,ok
089842,per089842_1911_03559,12,0,0,,,triagem/nome-caixa-conversao 1.0.0,7,ok
089842,per089842_1911_03559,13,0,0,,,triagem/nome-caixa-conversao 1.0.0,7,ok
089842,per089842_1911_03559,14,0,0,,,triagem/nome-caixa-conversao 1.0.0,7,ok
089842,per089842_1911_03560,1,0,0,,,triagem/nome-caixa-conversao 1.0.0,7,ok
089842,per089842_1911_03560,2,0,0,,,triagem/nome-caixa-conversao 1.0.0,7,ok
089842,per089842_1911_03560,3,0,0,,,triagem/nome-caixa-conversao 1.0.0,7,ok
089842,per089842_1911_03560,4,1,1,caixa de conver,55670,triagem/nome-caixa-conversao 1.0.0,7,ok
089842,per089842_1911_03560,5,0,0,,,triagem/nome-caixa-conversao 1.0.0,7,ok
089842,per089842_1911_03560,6,0,0,,,triagem/nome-caixa-conversao 1.0.0,7,ok
089842,per089842_1911_03560,7,0,0,,,triagem/nome-caixa-conversao 1.0.0,7,ok
089842,per089842_1911_03560,8,0,0,,,triagem/nome-caixa-conversao 1.0.0,7,ok
089842,per089842_1911_03561,1,1,1,caixa do conver,6878,triagem/nome-caixa-conversao 1.0.0,7,ok
089842,per089842_1911_03561,2,0,0,,,triagem/nome-caixa-conversao 1.0.0,7,ok
089842,per089842_1911_03561,3,0,0,,,triagem/nome-caixa-conversao 1.0.0,7,ok
089842,per089842_1911_03561,4,0,0,,,triagem/nome-caixa-conversao 1.0.0,7,ok
089842,per089842_1911_03561,5,1,1,caixa de conver,32207,triagem/nome-caixa-conversao 1.0.0,7,ok
089842,per089842_1911_03561,6,0,0,,,triagem/nome-caixa-conversao 1.0.0,7,ok
089842,per089842_1911_03561,7,0,0,,,triagem/nome-caixa-conversao 1.0.0,7,ok
089842,per089842_1911_03561,8,0,0,,,triagem/nome-caixa-conversao 1.0.0,7,ok
089842,per089842_1911_03561,9,0,0,,,triagem/nome-caixa-conversao 1.0.0,7,ok
089842,per089842_1911_03561,10,0,0,,,triagem/nome-caixa-conversao 1.0.0,7,ok
089842,per089842_1911_03562,1,0,0,,,triagem/nome-caixa-conversao 1.0.0,7,ok
089842,per089842_1911_03562,2,0,0,,,triagem/nome-caixa-conversao 1.0.0,7,ok
089842,per089842_1911_03562,3,0,0,,,triagem/nome-caixa-conversao 1.0.0,7,ok
089842,per089842_1911_03562,4,0,0,,,triagem/nome-caixa-conversao 1.0.0,7,ok
089842,per089842_1911_03562,5,0,0,,,triagem/nome-caixa-conversao 1.0.0,7,ok
089842,per089842_1911_03562,6,0,0,,,triagem/nome-caixa-conversao 1.0.0,7,ok
089842,per089842_1911_03562,7,0,0,,,triagem/nome-caixa-conversao 1.0.0,7,ok
089842,per089842_1911_03562,8,0,0,,,triagem/nome-caixa-conversao 1.0.0,7,ok
089842,per089842_1911_03562,9,0,0,,,triagem/nome-caixa-conversao 1.0.0,7,ok
089842,per089842_1911_03562,10,0,0,,,triagem/nome-caixa-conversao 1.0.0,7,ok
089842,per089842_1911_03563,1,1,1,caixade conver,18903,triagem/nome-caixa-conversao 1.0.0,7,ok
089842,per089842_1911_03563,2,1,1,caixa dc conver,14837,triagem/nome-caixa-conversao 1.0.0,7,ok
089842,per089842_1911_03563,3,0,0,,,triagem/nome-caixa-conversao 1.0.0,7,ok
089842,per089842_1911_03563,4,0,0,,,triagem/nome-caixa-conversao 1.0.0,7,ok
089842,per089842_1911_03563,5,1,1,caixa de conver,26137,triagem/nome-caixa-conversao 1.0.0,7,ok
089842,per089842_1911_03563,6,0,0,,,triagem/nome-caixa-conversao 1.0.0,7,ok
089842,per089842_1911_03563,7,0,0,,,triagem/nome-caixa-conversao 1.0.0,7,ok
089842,per089842_1911_03563,8,0,0,,,triagem/nome-caixa-conversao 1.0.0,7,ok
089842,per089842_1911_03563,9,0,0,,,triagem/nome-caixa-conversao 1.0.0,7,ok
089842,per089842_1911_03563,10,0,0,,,triagem/nome-caixa-conversao 1.0.0,7,ok
089842,per089842_1911_03564,1,1,1,caixa de conver,13769,triagem/nome-caixa-conversao 1.0.0,7,ok
089842,per089842_1911_03564,2,0,0,,,triagem/nome-caixa-conversao 1.0.0,7,ok
089842,per089842_1911_03564,3,0,0,,,triagem/nome-caixa-conversao 1.0.0,7,ok
089842,per089842_1911_03564,4,0,0,,,triagem/nome-caixa-conversao 1.0.0,7,ok
089842,per089842_1911_03564,5,1,2,caixa dc conver,8881,triagem/nome-caixa-conversao 1.0.0,7,ok
089842,per089842_1911_03564,6,0,0,,,triagem/nome-caixa-conversao 1.0.0,7,ok
089842,per089842_1911_03564,7,0,0,,,triagem/nome-caixa-conversao 1.0.0,7,ok
089842,per089842_1911_03564,8,0,0,,,triagem/nome-caixa-conversao 1.0.0,7,ok
089842,per089842_1911_03564,9,0,0,,,triagem/nome-caixa-conversao 1.0.0,7,ok
089842,per089842_1911_03564,10,0,0,,,triagem/nome-caixa-conversao 1.0.0,7,ok
089842,per089842_1911_03565,1,0,0,,,triagem/nome-caixa-conversao 1.0.0,7,ok
089842,per089842_1911_03565,2,0,0,,,triagem/nome-caixa-conversao 1.0.0,7,ok
089842,per089842_1911_03565,3,0,0,,,triagem/nome-caixa-conversao 1.0.0,7,ok
089842,per089842_1911_03565,4,0,0,,,triagem/nome-caixa-conversao 1.0.0,7,ok
089842,per089842_1911_03565,5,0,0,,,triagem/nome-caixa-conversao 1.0.0,7,ok
089842,per089842_1911_03565,6,0,0,,,triagem/nome-caixa-conversao 1.0.0,7,ok
089842,per089842_1911_03565,7,0,0,,,triagem/nome-caixa-conversao 1.0.0,7,ok
089842,per089842_1911_03565,8,0,0,,,triagem/nome-caixa-conversao 1.0.0,7,ok
089842,per089842_1911_03566,1,0,0,,,triagem/nome-caixa-conversao 1.0.0,7,ok
089842,per089842_1911_03566,2,1,1,caixa de conver,7833,triagem/nome-caixa-conversao 1.0.0,7,ok
089842,per089842_1911_03566,3,0,0,,,triagem/nome-caixa-conversao 1.0.0,7,ok
089842,per089842_1911_03566,4,0,0,,,triagem/nome-caixa-conversao 1.0.0,7,ok
089842,per089842_1911_03566,5,0,0,,,triagem/nome-caixa-conversao 1.0.0,7,ok
089842,per089842_1911_03566,6,0,0,,,triagem/nome-caixa-conversao 1.0.0,7,ok
089842,per089842_1911_03566,7,0,0,,,triagem/nome-caixa-conversao 1.0.0,7,ok
089842,per089842_1911_03566,8,0,0,,,triagem/nome-caixa-conversao 1.0.0,7,ok
089842,per089842_1911_03566,9,0,0,,,triagem/nome-caixa-conversao 1.0.0,7,ok
089842,per089842_1911_03566,10,0,0,,,triagem/nome-caixa-conversao 1.0.0,7,ok
089842,per089842_1911_03566,11,0,0,,,triagem/nome-caixa-conversao 1.0.0,7,ok
089842,per089842_1911_03566,12,0,0,,,triagem/nome-caixa-conversao 1.0.0,7,ok
089842,per089842_1911_03566,13,0,0,,,triagem/nome-caixa-conversao 1.0.0,7,ok
089842,per089842_1911_03566,14,0,0,,,triagem/nome-caixa-conversao 1.0.0,7,ok
089842,per089842_1911_03567,1,0,0,,,triagem/nome-caixa-conversao 1.0.0,7,ok
089842,per089842_1911_03567,2,0,0,,,triagem/nome-caixa-conversao 1.0.0,7,ok
089842,per089842_1911_03567,3,0,0,,,triagem/nome-caixa-conversao 1.0.0,7,ok
089842,per089842_1911_03567,4,0,0,,,triagem/nome-caixa-conversao 1.0.0,7,ok
089842,per089842_1911_03567,5,0,0,,,triagem/nome-caixa-conversao 1.0.0,7,ok
089842,per089842_1911_03567,6,0,0,,,triagem/nome-caixa-conversao 1.0.0,7,ok
089842,per089842_1911_03567,7,0,0,,,triagem/nome-caixa-conversao 1.0.0,7,ok
089842,per089842_1911_03567,8,0,0,,,triagem/nome-caixa-conversao 1.0.0,7,ok
089842,per089842_1911_03568,1,0,0,,,triagem/nome-caixa-conversao 1.0.0,7,ok
089842,per089842_1911_03568,2,0,0,,,triagem/nome-caixa-conversao 1.0.0,7,ok
089842,per089842_1911_03568,3,0,0,,,triagem/nome-caixa-conversao 1.0.0,7,ok
089842,per089842_1911_03568,4,1,1,caixa dc conver,22985,triagem/nome-caixa-conversao 1.0.0,7,ok
089842,per089842_1911_03568,5,1,1,caixa de conver,25630,triagem/nome-caixa-conversao 1.0.0,7,ok
089842,per089842_1911_03568,6,0,0,,,triagem/nome-caixa-conversao 1.0.0,7,ok
089842,per089842_1911_03568,7,0,0,,,triagem/nome-caixa-conversao 1.0.0,7,ok
089842,per089842_1911_03568,8,0,0,,,triagem/nome-caixa-conversao 1.0.0,7,ok
089842,per089842_1911_03568,9,0,0,,,triagem/nome-caixa-conversao 1.0.0,7,ok
089842,per089842_1911_03568,10,0,0,,,triagem/nome-caixa-conversao 1.0.0,7,ok
089842,per089842_1911_03569,1,0,0,,,triagem/nome-caixa-conversao 1.0.0,7,ok
089842,per089842_1911_03569,2,0,0,,,triagem/nome-caixa-conversao 1.0.0,7,ok
089842,per089842_1911_03569,3,0,0,,,triagem/nome-caixa-conversao 1.0.0,7,ok
089842,per089842_1911_03569,4,0,0,,,triagem/nome-caixa-conversao 1.0.0,7,ok
089842,per089842_1911_03569,5,0,0,,,triagem/nome-caixa-conversao 1.0.0,7,ok
089842,per089842_1911_03569,6,1,1,caixa de conver,13641,triagem/nome-caixa-conversao 1.0.0,7,ok
089842,per089842_1911_03569,7,0,0,,,triagem/nome-caixa-conversao 1.0.0,7,ok
089842,per089842_1911_03569,8,0,0,,,triagem/nome-caixa-conversao 1.0.0,7,ok
089842,per089842_1911_03569,9,0,0,,,triagem/nome-caixa-conversao 1.0.0,7,ok
089842,per089842_1911_03569,10,0,0,,,triagem/nome-caixa-conversao 1.0.0,7,ok
089842,per089842_1911_03570,1,1,1,caixa de conver,8212,triagem/nome-caixa-conversao 1.0.0,7,ok
089842,per089842_1911_03570,2,0,0,,,triagem/nome-caixa-conversao 1.0.0,7,ok
089842,per089842_1911_03570,3,0,0,,,triagem/nome-caixa-conversao 1.0.0,7,ok
089842,per089842_1911_03570,4,0,0,,,triagem/nome-caixa-conversao 1.0.0,7,ok
089842,per089842_1911_03570,5,0,0,,,triagem/nome-caixa-conversao 1.0.0,7,ok
089842,per089842_1911_03570,6,0,0,,,triagem/nome-caixa-conversao 1.0.0,7,ok
089842,per089842_1911_03570,7,0,0,,,triagem/nome-caixa-conversao 1.0.0,7,ok
089842,per089842_1911_03570,8,0,0,,,triagem/nome-caixa-conversao 1.0.0,7,ok
089842,per089842_1911_03570,9,0,0,,,triagem/nome-caixa-conversao 1.0.0,7,ok
089842,per089842_1911_03570,10,0,0,,,triagem/nome-caixa-conversao 1.0.0,7,ok
089842,per089842_1911_03571,1,1,1,caixa de conver,17862,triagem/nome-caixa-conversao 1.0.0,7,ok
089842,per089842_1911_03571,2,0,0,,,triagem/nome-caixa-conversao 1.0.0,7,ok
089842,per089842_1911_03571,3,0,0,,,triagem/nome-caixa-conversao 1.0.0,7,ok
089842,per089842_1911_03571,4,0,0,,,triagem/nome-caixa-conversao 1.0.0,7,ok
089842,per089842_1911_03571,5,1,1,caixa de conver,32486,triagem/nome-caixa-conversao 1.0.0,7,ok
089842,per089842_1911_03571,6,0,0,,,triagem/nome-caixa-conversao 1.0.0,7,ok
089842,per089842_1911_03571,7,0,0,,,triagem/nome-caixa-conversao 1.0.0,7,ok
089842,per089842_1911_03571,8,0,0,,,triagem/nome-caixa-conversao 1.0.0,7,ok
089842,per089842_1911_03571,9,0,0,,,triagem/nome-caixa-conversao 1.0.0,7,ok
089842,per089842_1911_03571,10,0,0,,,triagem/nome-caixa-conversao 1.0.0,7,ok
089842,per089842_1911_03572,1,0,0,,,triagem/nome-caixa-conversao 1.0.0,7,ok
089842,per089842_1911_03572,2,0,0,,,triagem/nome-caixa-conversao 1.0.0,7,ok
089842,per089842_1911_03572,3,0,0,,,triagem/nome-caixa-conversao 1.0.0,7,ok
089842,per089842_1911_03572,4,0,0,,,triagem/nome-caixa-conversao 1.0.0,7,ok
089842,per089842_1911_03572,5,0,0,,,triagem/nome-caixa-conversao 1.0.0,7,ok
089842,per089842_1911_03572,6,0,0,,,triagem/nome-caixa-conversao 1.0.0,7,ok
089842,per089842_1911_03572,7,0,0,,,triagem/nome-caixa-conversao 1.0.0,7,ok
089842,per089842_1911_03572,8,0,0,,,triagem/nome-caixa-conversao 1.0.0,7,ok
089842,per089842_1911_03572,9,0,0,,,triagem/nome-caixa-conversao 1.0.0,7,ok
089842,per089842_1911_03572,10,0,0,,,triagem/nome-caixa-conversao 1.0.0,7,ok
089842,per089842_1911_03572,11,0,0,,,triagem/nome-caixa-conversao 1.0.0,7,ok
089842,per089842_1911_03572,12,0,0,,,triagem/nome-caixa-conversao 1.0.0,7,ok
089842,per089842_1911_03573,1,0,0,,,triagem/nome-caixa-conversao 1.0.0,7,ok
089842,per089842_1911_03573,2,1,1,caixa ds conver,5288,triagem/nome-caixa-conversao 1.0.0,7,ok
089842,per089842_1911_03573,3,0,0,,,triagem/nome-caixa-conversao 1.0.0,7,ok
089842,per089842_1911_03573,4,0,0,,,triagem/nome-caixa-conversao 1.0.0,7,ok
089842,per089842_1911_03573,5,0,0,,,triagem/nome-caixa-conversao 1.0.0,7,ok
089842,per089842_1911_03573,6,0,0,,,triagem/nome-caixa-conversao 1.0.0,7,ok
089842,per089842_1911_03573,7,0,0,,,triagem/nome-caixa-conversao 1.0.0,7,ok
089842,per089842_1911_03573,8,0,0,,,triagem/nome-caixa-conversao 1.0.0,7,ok
089842,per089842_1911_03573,9,0,0,,,triagem/nome-caixa-conversao 1.0.0,7,ok
089842,per089842_1911_03573,10,0,0,,,triagem/nome-caixa-conversao 1.0.0,7,ok
089842,per089842_1911_03573,11,0,0,,,triagem/nome-caixa-conversao 1.0.0,7,ok
089842,per089842_1911_03573,12,0,0,,,triagem/nome-caixa-conversao 1.0.0,7,ok
089842,per089842_1911_03573,13,0,0,,,triagem/nome-caixa-conversao 1.0.0,7,ok
089842,per089842_1911_03573,14,0,0,,,triagem/nome-caixa-conversao 1.0.0,7,ok
089842,per089842_1911_03574,1,0,0,,,triagem/nome-caixa-conversao 1.0.0,7,ok
089842,per089842_1911_03574,2,0,0,,,triagem/nome-caixa-conversao 1.0.0,7,ok
089842,per089842_1911_03574,3,0,0,,,triagem/nome-caixa-conversao 1.0.0,7,ok
089842,per089842_1911_03574,4,0,0,,,triagem/nome-caixa-conversao 1.0.0,7,ok
089842,per089842_1911_03574,5,0,0,,,triagem/nome-caixa-conversao 1.0.0,7,ok
089842,per089842_1911_03574,6,0,0,,,triagem/nome-caixa-conversao 1.0.0,7,ok
089842,per089842_1911_03574,7,0,0,,,triagem/nome-caixa-conversao 1.0.0,7,ok
089842,per089842_1911_03574,8,0,0,,,triagem/nome-caixa-conversao 1.0.0,7,ok
089842,per089842_1911_03574,9,0,0,,,triagem/nome-caixa-conversao 1.0.0,7,ok
089842,per089842_1911_03574,10,0,0,,,triagem/nome-caixa-conversao 1.0.0,7,ok
089842,per089842_1911_03574,11,0,0,,,triagem/nome-caixa-conversao 1.0.0,7,ok
089842,per089842_1911_03574,12,0,0,,,triagem/nome-caixa-conversao 1.0.0,7,ok
089842,per089842_1911_03575,1,0,0,,,triagem/nome-caixa-conversao 1.0.0,7,ok
089842,per089842_1911_03575,2,0,0,,,triagem/nome-caixa-conversao 1.0.0,7,ok
089842,per089842_1911_03575,3,0,0,,,triagem/nome-caixa-conversao 1.0.0,7,ok
089842,per089842_1911_03575,4,0,0,,,triagem/nome-caixa-conversao 1.0.0,7,ok
089842,per089842_1911_03575,5,0,0,,,triagem/nome-caixa-conversao 1.0.0,7,ok
089842,per089842_1911_03575,6,1,1,caixa dc conver,2500,triagem/nome-caixa-conversao 1.0.0,7,ok
089842,per089842_1911_03575,7,0,0,,,triagem/nome-caixa-conversao 1.0.0,7,ok
089842,per089842_1911_03575,8,0,0,,,triagem/nome-caixa-conversao 1.0.0,7,ok
089842,per089842_1911_03575,9,0,0,,,triagem/nome-caixa-conversao 1.0.0,7,ok
089842,per089842_1911_03575,10,0,0,,,triagem/nome-caixa-conversao 1.0.0,7,ok
089842,per089842_1911_03576,1,0,0,,,triagem/nome-caixa-conversao 1.0.0,7,ok
089842,per089842_1911_03576,2,0,0,,,triagem/nome-caixa-conversao 1.0.0,7,ok
089842,per089842_1911_03576,3,0,0,,,triagem/nome-caixa-conversao 1.0.0,7,ok
089842,per089842_1911_03576,4,1,1,caixa dc conver,38355,triagem/nome-caixa-conversao 1.0.0,7,ok
089842,per089842_1911_03576,5,0,0,,,triagem/nome-caixa-conversao 1.0.0,7,ok
089842,per089842_1911_03576,6,0,0,,,triagem/nome-caixa-conversao 1.0.0,7,ok
089842,per089842_1911_03576,7,0,0,,,triagem/nome-caixa-conversao 1.0.0,7,ok
089842,per089842_1911_03576,8,0,0,,,triagem/nome-caixa-conversao 1.0.0,7,ok
089842,per089842_1911_03576,9,0,0,,,triagem/nome-caixa-conversao 1.0.0,7,ok
089842,per089842_1911_03576,10,0,0,,,triagem/nome-caixa-conversao 1.0.0,7,ok
089842,per089842_1911_03577,1,1,1,caixa de conver,5582,triagem/nome-caixa-conversao 1.0.0,7,ok
089842,per089842_1911_03577,2,0,0,,,triagem/nome-caixa-conversao 1.0.0,7,ok
089842,per089842_1911_03577,3,0,0,,,triagem/nome-caixa-conversao 1.0.0,7,ok
089842,per089842_1911_03577,4,0,0,,,triagem/nome-caixa-conversao 1.0.0,7,ok
089842,per089842_1911_03577,5,1,4,caixa de conver,5799,triagem/nome-caixa-conversao 1.0.0,7,ok
089842,per089842_1911_03577,6,0,0,,,triagem/nome-caixa-conversao 1.0.0,7,ok
089842,per089842_1911_03577,7,0,0,,,triagem/nome-caixa-conversao 1.0.0,7,ok
089842,per089842_1911_03577,8,0,0,,,triagem/nome-caixa-conversao 1.0.0,7,ok
089842,per089842_1911_03577,9,0,0,,,triagem/nome-caixa-conversao 1.0.0,7,ok
089842,per089842_1911_03577,10,0,0,,,triagem/nome-caixa-conversao 1.0.0,7,ok
089842,per089842_1911_03578,1,0,0,,,triagem/nome-caixa-conversao 1.0.0,7,ok
089842,per089842_1911_03578,2,0,0,,,triagem/nome-caixa-conversao 1.0.0,7,ok
089842,per089842_1911_03578,3,0,0,,,triagem/nome-caixa-conversao 1.0.0,7,ok
089842,per089842_1911_03578,4,0,0,,,triagem/nome-caixa-conversao 1.0.0,7,ok
089842,per089842_1911_03578,5,0,0,,,triagem/nome-caixa-conversao 1.0.0,7,ok
089842,per089842_1911_03578,6,0,0,,,triagem/nome-caixa-conversao 1.0.0,7,ok
089842,per089842_1911_03578,7,0,0,,,triagem/nome-caixa-conversao 1.0.0,7,ok
089842,per089842_1911_03578,8,0,0,,,triagem/nome-caixa-conversao 1.0.0,7,ok
089842,per089842_1911_03578,9,0,0,,,triagem/nome-caixa-conversao 1.0.0,7,ok
089842,per089842_1911_03578,10,0,0,,,triagem/nome-caixa-conversao 1.0.0,7,ok
089842,per089842_1911_03579,1,1,1,caixa de conver,6164,triagem/nome-caixa-conversao 1.0.0,7,ok
089842,per089842_1911_03579,2,0,0,,,triagem/nome-caixa-conversao 1.0.0,7,ok
089842,per089842_1911_03579,3,0,0,,,triagem/nome-caixa-conversao 1.0.0,7,ok
089842,per089842_1911_03579,4,0,0,,,triagem/nome-caixa-conversao 1.0.0,7,ok
089842,per089842_1911_03579,5,1,1,caixa de conver,16454,triagem/nome-caixa-conversao 1.0.0,7,ok
089842,per089842_1911_03579,6,0,0,,,triagem/nome-caixa-conversao 1.0.0,7,ok
089842,per089842_1911_03579,7,0,0,,,triagem/nome-caixa-conversao 1.0.0,7,ok
089842,per089842_1911_03579,8,0,0,,,triagem/nome-caixa-conversao 1.0.0,7,ok
089842,per089842_1911_03579,9,0,0,,,triagem/nome-caixa-conversao 1.0.0,7,ok
089842,per089842_1911_03579,10,0,0,,,triagem/nome-caixa-conversao 1.0.0,7,ok
089842,per089842_1911_03580,1,0,0,,,triagem/nome-caixa-conversao 1.0.0,7,ok
089842,per089842_1911_03580,2,1,1,caixa de conver,7106,triagem/nome-caixa-conversao 1.0.0,7,ok
089842,per089842_1911_03580,3,0,0,,,triagem/nome-caixa-conversao 1.0.0,7,ok
089842,per089842_1911_03580,4,0,0,,,triagem/nome-caixa-conversao 1.0.0,7,ok
089842,per089842_1911_03580,5,0,0,,,triagem/nome-caixa-conversao 1.0.0,7,ok
089842,per089842_1911_03580,6,0,0,,,triagem/nome-caixa-conversao 1.0.0,7,ok
089842,per089842_1911_03580,7,0,0,,,triagem/nome-caixa-conversao 1.0.0,7,ok
089842,per089842_1911_03580,8,0,0,,,triagem/nome-caixa-conversao 1.0.0,7,ok
089842,per089842_1911_03580,9,0,0,,,triagem/nome-caixa-conversao 1.0.0,7,ok
089842,per089842_1911_03580,10,0,0,,,triagem/nome-caixa-conversao 1.0.0,7,ok
089842,per089842_1911_03580,11,0,0,,,triagem/nome-caixa-conversao 1.0.0,7,ok
089842,per089842_1911_03580,12,0,0,,,triagem/nome-caixa-conversao 1.0.0,7,ok
089842,per089842_1911_03580,13,0,0,,,triagem/nome-caixa-conversao 1.0.0,7,ok
089842,per089842_1911_03580,14,0,0,,,triagem/nome-caixa-conversao 1.0.0,7,ok
089842,per089842_1911_03580,15,0,0,,,triagem/nome-caixa-conversao 1.0.0,7,ok
089842,per089842_1911_03580,16,0,0,,,triagem/nome-caixa-conversao 1.0.0,7,ok
089842,per089842_1911_03581,1,0,0,,,triagem/nome-caixa-conversao 1.0.0,7,ok
089842,per089842_1911_03581,2,0,0,,,triagem/nome-caixa-conversao 1.0.0,7,ok
089842,per089842_1911_03581,3,0,0,,,triagem/nome-caixa-conversao 1.0.0,7,ok
089842,per089842_1911_03581,4,0,0,,,triagem/nome-caixa-conversao 1.0.0,7,ok
089842,per089842_1911_03581,5,1,1,caixa de conver,11899,triagem/nome-caixa-conversao 1.0.0,7,ok
089842,per089842_1911_03581,6,0,0,,,triagem/nome-caixa-conversao 1.0.0,7,ok
089842,per089842_1911_03581,7,0,0,,,triagem/nome-caixa-conversao 1.0.0,7,ok
089842,per089842_1911_03581,8,0,0,,,triagem/nome-caixa-conversao 1.0.0,7,ok
089842,per089842_1911_03582,1,0,0,,,triagem/nome-caixa-conversao 1.0.0,7,ok
089842,per089842_1911_03582,2,0,0,,,triagem/nome-caixa-conversao 1.0.0,7,ok
089842,per089842_1911_03582,3,0,0,,,triagem/nome-caixa-conversao 1.0.0,7,ok
089842,per089842_1911_03582,4,0,0,,,triagem/nome-caixa-conversao 1.0.0,7,ok
089842,per089842_1911_03582,5,0,0,,,triagem/nome-caixa-conversao 1.0.0,7,ok
089842,per089842_1911_03582,6,0,0,,,triagem/nome-caixa-conversao 1.0.0,7,ok
089842,per089842_1911_03582,7,0,0,,,triagem/nome-caixa-conversao 1.0.0,7,ok
089842,per089842_1911_03582,8,0,0,,,triagem/nome-caixa-conversao 1.0.0,7,ok
089842,per089842_1911_03582,9,0,0,,,triagem/nome-caixa-conversao 1.0.0,7,ok
089842,per089842_1911_03582,10,0,0,,,triagem/nome-caixa-conversao 1.0.0,7,ok
089842,per089842_1911_03583,1,0,0,,,triagem/nome-caixa-conversao 1.0.0,7,ok
089842,per089842_1911_03583,2,0,0,,,triagem/nome-caixa-conversao 1.0.0,7,ok
089842,per089842_1911_03583,3,0,0,,,triagem/nome-caixa-conversao 1.0.0,7,ok
089842,per089842_1911_03583,4,0,0,,,triagem/nome-caixa-conversao 1.0.0,7,ok
089842,per089842_1911_03583,5,1,1,caixa de conver,9101,triagem/nome-caixa-conversao 1.0.0,7,ok
089842,per089842_1911_03583,6,0,0,,,triagem/nome-caixa-conversao 1.0.0,7,ok
089842,per089842_1911_03583,7,0,0,,,triagem/nome-caixa-conversao 1.0.0,7,ok
089842,per089842_1911_03583,8,0,0,,,triagem/nome-caixa-conversao 1.0.0,7,ok
089842,per089842_1911_03583,9,0,0,,,triagem/nome-caixa-conversao 1.0.0,7,ok
089842,per089842_1911_03583,10,0,0,,,triagem/nome-caixa-conversao 1.0.0,7,ok
089842,per089842_1911_03584,1,1,1,caixa do conver,7040,triagem/nome-caixa-conversao 1.0.0,7,ok
089842,per089842_1911_03584,2,0,0,,,triagem/nome-caixa-conversao 1.0.0,7,ok
089842,per089842_1911_03584,3,0,0,,,triagem/nome-caixa-conversao 1.0.0,7,ok
089842,per089842_1911_03584,4,0,0,,,triagem/nome-caixa-conversao 1.0.0,7,ok
089842,per089842_1911_03584,5,0,0,,,triagem/nome-caixa-conversao 1.0.0,7,ok
089842,per089842_1911_03584,6,0,0,,,triagem/nome-caixa-conversao 1.0.0,7,ok
089842,per089842_1911_03584,7,0,0,,,triagem/nome-caixa-conversao 1.0.0,7,ok
089842,per089842_1911_03584,8,0,0,,,triagem/nome-caixa-conversao 1.0.0,7,ok
089842,per089842_1911_03584,9,0,0,,,triagem/nome-caixa-conversao 1.0.0,7,ok
089842,per089842_1911_03584,10,0,0,,,triagem/nome-caixa-conversao 1.0.0,7,ok
089842,per089842_1911_03585,1,0,0,,,triagem/nome-caixa-conversao 1.0.0,7,ok
089842,per089842_1911_03585,2,0,0,,,triagem/nome-caixa-conversao 1.0.0,7,ok
089842,per089842_1911_03585,3,0,0,,,triagem/nome-caixa-conversao 1.0.0,7,ok
089842,per089842_1911_03585,4,0,0,,,triagem/nome-caixa-conversao 1.0.0,7,ok
089842,per089842_1911_03585,5,0,0,,,triagem/nome-caixa-conversao 1.0.0,7,ok
089842,per089842_1911_03585,6,0,0,,,triagem/nome-caixa-conversao 1.0.0,7,ok
089842,per089842_1911_03585,7,0,0,,,triagem/nome-caixa-conversao 1.0.0,7,ok
089842,per089842_1911_03585,8,0,0,,,triagem/nome-caixa-conversao 1.0.0,7,ok
089842,per089842_1911_03585,9,0,0,,,triagem/nome-caixa-conversao 1.0.0,7,ok
089842,per089842_1911_03585,10,0,0,,,triagem/nome-caixa-conversao 1.0.0,7,ok
089842,per089842_1911_03586,1,0,0,,,triagem/nome-caixa-conversao 1.0.0,7,ok
089842,per089842_1911_03586,2,0,0,,,triagem/nome-caixa-conversao 1.0.0,7,ok
089842,per089842_1911_03586,3,0,0,,,triagem/nome-caixa-conversao 1.0.0,7,ok
089842,per089842_1911_03586,4,0,0,,,triagem/nome-caixa-conversao 1.0.0,7,ok
089842,per089842_1911_03586,5,0,0,,,triagem/nome-caixa-conversao 1.0.0,7,ok
089842,per089842_1911_03586,6,0,0,,,triagem/nome-caixa-conversao 1.0.0,7,ok
089842,per089842_1911_03586,7,0,0,,,triagem/nome-caixa-conversao 1.0.0,7,ok
089842,per089842_1911_03586,8,0,0,,,triagem/nome-caixa-conversao 1.0.0,7,ok
089842,per089842_1911_03586,9,0,0,,,triagem/nome-caixa-conversao 1.0.0,7,ok
089842,per089842_1911_03586,10,0,0,,,triagem/nome-caixa-conversao 1.0.0,7,ok
089842,per089842_1911_03586,11,0,0,,,triagem/nome-caixa-conversao 1.0.0,7,ok
089842,per089842_1911_03586,12,0,0,,,triagem/nome-caixa-conversao 1.0.0,7,ok
089842,per089842_1911_03587,1,0,0,,,triagem/nome-caixa-conversao 1.0.0,7,ok
089842,per089842_1911_03587,2,0,0,,,triagem/nome-caixa-conversao 1.0.0,7,ok
089842,per089842_1911_03587,3,0,0,,,triagem/nome-caixa-conversao 1.0.0,7,ok
089842,per089842_1911_03587,4,0,0,,,triagem/nome-caixa-conversao 1.0.0,7,ok
089842,per089842_1911_03587,5,1,1,caixa de conver,7079,triagem/nome-caixa-conversao 1.0.0,7,ok
089842,per089842_1911_03587,6,0,0,,,triagem/nome-caixa-conversao 1.0.0,7,ok
089842,per089842_1911_03587,7,0,0,,,triagem/nome-caixa-conversao 1.0.0,7,ok
089842,per089842_1911_03587,8,0,0,,,triagem/nome-caixa-conversao 1.0.0,7,ok
089842,per089842_1911_03587,9,0,0,,,triagem/nome-caixa-conversao 1.0.0,7,ok
089842,per089842_1911_03587,10,0,0,,,triagem/nome-caixa-conversao 1.0.0,7,ok
089842,per089842_1911_03587,11,0,0,,,triagem/nome-caixa-conversao 1.0.0,7,ok
089842,per089842_1911_03587,12,0,0,,,triagem/nome-caixa-conversao 1.0.0,7,ok
089842,per089842_1911_03588,1,0,0,,,triagem/nome-caixa-conversao 1.0.0,7,ok
089842,per089842_1911_03588,2,0,0,,,triagem/nome-caixa-conversao 1.0.0,7,ok
089842,per089842_1911_03588,3,1,1,caixa de conver,33258,triagem/nome-caixa-conversao 1.0.0,7,ok
089842,per089842_1911_03588,4,0,0,,,triagem/nome-caixa-conversao 1.0.0,7,ok
089842,per089842_1911_03588,5,0,0,,,triagem/nome-caixa-conversao 1.0.0,7,ok
089842,per089842_1911_03588,6,0,0,,,triagem/nome-caixa-conversao 1.0.0,7,ok
089842,per089842_1911_03588,7,0,0,,,triagem/nome-caixa-conversao 1.0.0,7,ok
089842,per089842_1911_03588,8,0,0,,,triagem/nome-caixa-conversao 1.0.0,7,ok
089842,per089842_1911_03588,9,0,0,,,triagem/nome-caixa-conversao 1.0.0,7,ok
089842,per089842_1911_03588,10,0,0,,,triagem/nome-caixa-conversao 1.0.0,7,ok
089842,per089842_1911_03589,1,1,1,caixa dc conver,7330,triagem/nome-caixa-conversao 1.0.0,7,ok
089842,per089842_1911_03589,2,0,0,,,triagem/nome-caixa-conversao 1.0.0,7,ok
089842,per089842_1911_03589,3,0,0,,,triagem/nome-caixa-conversao 1.0.0,7,ok
089842,per089842_1911_03589,4,0,0,,,triagem/nome-caixa-conversao 1.0.0,7,ok
089842,per089842_1911_03589,5,1,2,caixa de conver,8164,triagem/nome-caixa-conversao 1.0.0,7,ok
089842,per089842_1911_03589,6,0,0,,,triagem/nome-caixa-conversao 1.0.0,7,ok
089842,per089842_1911_03589,7,0,0,,,triagem/nome-caixa-conversao 1.0.0,7,ok
089842,per089842_1911_03589,8,0,0,,,triagem/nome-caixa-conversao 1.0.0,7,ok
089842,per089842_1911_03589,9,0,0,,,triagem/nome-caixa-conversao 1.0.0,7,ok
089842,per089842_1911_03589,10,0,0,,,triagem/nome-caixa-conversao 1.0.0,7,ok
089842,per089842_1911_03590,1,0,0,,,triagem/nome-caixa-conversao 1.0.0,7,ok
089842,per089842_1911_03590,2,0,0,,,triagem/nome-caixa-conversao 1.0.0,7,ok
089842,per089842_1911_03590,3,0,0,,,triagem/nome-caixa-conversao 1.0.0,7,ok
089842,per089842_1911_03590,4,0,0,,,triagem/nome-caixa-conversao 1.0.0,7,ok
089842,per089842_1911_03590,5,1,1,caixa do conver,35750,triagem/nome-caixa-conversao 1.0.0,7,ok
089842,per089842_1911_03590,6,0,0,,,triagem/nome-caixa-conversao 1.0.0,7,ok
089842,per089842_1911_03590,7,0,0,,,triagem/nome-caixa-conversao 1.0.0,7,ok
089842,per089842_1911_03590,8,0,0,,,triagem/nome-caixa-conversao 1.0.0,7,ok
089842,per089842_1911_03590,9,0,0,,,triagem/nome-caixa-conversao 1.0.0,7,ok
089842,per089842_1911_03590,10,0,0,,,triagem/nome-caixa-conversao 1.0.0,7,ok
089842,per089842_1911_03591,1,1,2,caixa dc conver,6980,triagem/nome-caixa-conversao 1.0.0,7,ok
089842,per089842_1911_03591,2,0,0,,,triagem/nome-caixa-conversao 1.0.0,7,ok
089842,per089842_1911_03591,3,0,0,,,triagem/nome-caixa-conversao 1.0.0,7,ok
089842,per089842_1911_03591,4,0,0,,,triagem/nome-caixa-conversao 1.0.0,7,ok
089842,per089842_1911_03591,5,0,0,,,triagem/nome-caixa-conversao 1.0.0,7,ok
089842,per089842_1911_03591,6,0,0,,,triagem/nome-caixa-conversao 1.0.0,7,ok
089842,per089842_1911_03591,7,0,0,,,triagem/nome-caixa-conversao 1.0.0,7,ok
089842,per089842_1911_03591,8,0,0,,,triagem/nome-caixa-conversao 1.0.0,7,ok
089842,per089842_1911_03591,9,0,0,,,triagem/nome-caixa-conversao 1.0.0,7,ok
089842,per089842_1911_03591,10,0,0,,,triagem/nome-caixa-conversao 1.0.0,7,ok
089842,per089842_1911_03592,1,0,0,,,triagem/nome-caixa-conversao 1.0.0,7,ok
089842,per089842_1911_03592,2,0,0,,,triagem/nome-caixa-conversao 1.0.0,7,ok
089842,per089842_1911_03592,3,0,0,,,triagem/nome-caixa-conversao 1.0.0,7,ok
089842,per089842_1911_03592,4,0,0,,,triagem/nome-caixa-conversao 1.0.0,7,ok
089842,per089842_1911_03592,5,0,0,,,triagem/nome-caixa-conversao 1.0.0,7,ok
089842,per089842_1911_03592,6,1,1,caixa dc conver,34995,triagem/nome-caixa-conversao 1.0.0,7,ok
089842,per089842_1911_03592,7,0,0,,,triagem/nome-caixa-conversao 1.0.0,7,ok
089842,per089842_1911_03592,8,0,0,,,triagem/nome-caixa-conversao 1.0.0,7,ok
089842,per089842_1911_03592,9,0,0,,,triagem/nome-caixa-conversao 1.0.0,7,ok
089842,per089842_1911_03592,10,0,0,,,triagem/nome-caixa-conversao 1.0.0,7,ok
089842,per089842_1911_03592,11,0,0,,,triagem/nome-caixa-conversao 1.0.0,7,ok
089842,per089842_1911_03592,12,0,0,,,triagem/nome-caixa-conversao 1.0.0,7,ok
089842,per089842_1911_03593,1,1,3,caixa dr conver,40132,triagem/nome-caixa-conversao 1.0.0,7,ok
089842,per089842_1911_03593,2,0,0,,,triagem/nome-caixa-conversao 1.0.0,7,ok
089842,per089842_1911_03593,3,0,0,,,triagem/nome-caixa-conversao 1.0.0,7,ok
089842,per089842_1911_03593,4,0,0,,,triagem/nome-caixa-conversao 1.0.0,7,ok
089842,per089842_1911_03593,5,0,0,,,triagem/nome-caixa-conversao 1.0.0,7,ok
089842,per089842_1911_03593,6,0,0,,,triagem/nome-caixa-conversao 1.0.0,7,ok
089842,per089842_1911_03593,7,0,0,,,triagem/nome-caixa-conversao 1.0.0,7,ok
089842,per089842_1911_03593,8,0,0,,,triagem/nome-caixa-conversao 1.0.0,7,ok
089842,per089842_1911_03593,9,0,0,,,triagem/nome-caixa-conversao 1.0.0,7,ok
089842,per089842_1911_03593,10,0,0,,,triagem/nome-caixa-conversao 1.0.0,7,ok
089842,per089842_1911_03594,1,0,0,,,triagem/nome-caixa-conversao 1.0.0,7,ok
089842,per089842_1911_03594,2,1,2,caixa do conver,7798,triagem/nome-caixa-conversao 1.0.0,7,ok
089842,per089842_1911_03594,3,0,0,,,triagem/nome-caixa-conversao 1.0.0,7,ok
089842,per089842_1911_03594,4,0,0,,,triagem/nome-caixa-conversao 1.0.0,7,ok
089842,per089842_1911_03594,5,0,0,,,triagem/nome-caixa-conversao 1.0.0,7,ok
089842,per089842_1911_03594,6,0,0,,,triagem/nome-caixa-conversao 1.0.0,7,ok
089842,per089842_1911_03594,7,0,0,,,triagem/nome-caixa-conversao 1.0.0,7,ok
089842,per089842_1911_03594,8,0,0,,,triagem/nome-caixa-conversao 1.0.0,7,ok
089842,per089842_1911_03594,9,0,0,,,triagem/nome-caixa-conversao 1.0.0,7,ok
089842,per089842_1911_03594,10,0,0,,,triagem/nome-caixa-conversao 1.0.0,7,ok
089842,per089842_1911_03594,11,0,0,,,triagem/nome-caixa-conversao 1.0.0,7,ok
089842,per089842_1911_03594,12,0,0,,,triagem/nome-caixa-conversao 1.0.0,7,ok
089842,per089842_1911_03594,13,0,0,,,triagem/nome-caixa-conversao 1.0.0,7,ok
089842,per089842_1911_03594,14,0,0,,,triagem/nome-caixa-conversao 1.0.0,7,ok
089842,per089842_1911_03595,1,0,0,,,triagem/nome-caixa-conversao 1.0.0,7,ok
089842,per089842_1911_03595,2,0,0,,,triagem/nome-caixa-conversao 1.0.0,7,ok
089842,per089842_1911_03595,3,0,0,,,triagem/nome-caixa-conversao 1.0.0,7,ok
089842,per089842_1911_03595,4,0,0,,,triagem/nome-caixa-conversao 1.0.0,7,ok
089842,per089842_1911_03595,5,0,0,,,triagem/nome-caixa-conversao 1.0.0,7,ok
089842,per089842_1911_03595,6,1,1,caixadc conver,8324,triagem/nome-caixa-conversao 1.0.0,7,ok
089842,per089842_1911_03595,7,0,0,,,triagem/nome-caixa-conversao 1.0.0,7,ok
089842,per089842_1911_03595,8,0,0,,,triagem/nome-caixa-conversao 1.0.0,7,ok
089842,per089842_1911_03595,9,0,0,,,triagem/nome-caixa-conversao 1.0.0,7,ok
089842,per089842_1911_03595,10,0,0,,,triagem/nome-caixa-conversao 1.0.0,7,ok
089842,per089842_1911_03596,1,1,1,caixa de conver,7708,triagem/nome-caixa-conversao 1.0.0,7,ok
089842,per089842_1911_03596,2,0,0,,,triagem/nome-caixa-conversao 1.0.0,7,ok
089842,per089842_1911_03596,3,0,0,,,triagem/nome-caixa-conversao 1.0.0,7,ok
089842,per089842_1911_03596,4,0,0,,,triagem/nome-caixa-conversao 1.0.0,7,ok
089842,per089842_1911_03596,5,1,1,caixade conver,9820,triagem/nome-caixa-conversao 1.0.0,7,ok
089842,per089842_1911_03596,6,0,0,,,triagem/nome-caixa-conversao 1.0.0,7,ok
089842,per089842_1911_03596,7,0,0,,,triagem/nome-caixa-conversao 1.0.0,7,ok
089842,per089842_1911_03596,8,0,0,,,triagem/nome-caixa-conversao 1.0.0,7,ok
089842,per089842_1911_03596,9,0,0,,,triagem/nome-caixa-conversao 1.0.0,7,ok
089842,per089842_1911_03596,10,0,0,,,triagem/nome-caixa-conversao 1.0.0,7,ok
089842,per089842_1911_03597,1,1,1,caixa dc conver,15468,triagem/nome-caixa-conversao 1.0.0,7,ok
089842,per089842_1911_03597,2,0,0,,,triagem/nome-caixa-conversao 1.0.0,7,ok
089842,per089842_1911_03597,3,0,0,,,triagem/nome-caixa-conversao 1.0.0,7,ok
089842,per089842_1911_03597,4,0,0,,,triagem/nome-caixa-conversao 1.0.0,7,ok
089842,per089842_1911_03597,5,0,0,,,triagem/nome-caixa-conversao 1.0.0,7,ok
089842,per089842_1911_03597,6,0,0,,,triagem/nome-caixa-conversao 1.0.0,7,ok
089842,per089842_1911_03597,7,0,0,,,triagem/nome-caixa-conversao 1.0.0,7,ok
089842,per089842_1911_03597,8,0,0,,,triagem/nome-caixa-conversao 1.0.0,7,ok
089842,per089842_1911_03597,9,0,0,,,triagem/nome-caixa-conversao 1.0.0,7,ok
089842,per089842_1911_03597,10,0,0,,,triagem/nome-caixa-conversao 1.0.0,7,ok
089842,per089842_1911_03598,1,1,2,caixa do conver,4324,triagem/nome-caixa-conversao 1.0.0,7,ok
089842,per089842_1911_03598,2,0,0,,,triagem/nome-caixa-conversao 1.0.0,7,ok
089842,per089842_1911_03598,3,0,0,,,triagem/nome-caixa-conversao 1.0.0,7,ok
089842,per089842_1911_03598,4,1,1,caixa de conver,5343,triagem/nome-caixa-conversao 1.0.0,7,ok
089842,per089842_1911_03598,5,0,0,,,triagem/nome-caixa-conversao 1.0.0,7,ok
089842,per089842_1911_03598,6,0,0,,,triagem/nome-caixa-conversao 1.0.0,7,ok
089842,per089842_1911_03598,7,0,0,,,triagem/nome-caixa-conversao 1.0.0,7,ok
089842,per089842_1911_03598,8,0,0,,,triagem/nome-caixa-conversao 1.0.0,7,ok
089842,per089842_1911_03598,9,0,0,,,triagem/nome-caixa-conversao 1.0.0,7,ok
089842,per089842_1911_03598,10,0,0,,,triagem/nome-caixa-conversao 1.0.0,7,ok
089842,per089842_1911_03599,1,0,0,,,triagem/nome-caixa-conversao 1.0.0,7,ok
089842,per089842_1911_03599,2,1,1,caixa de conver,50939,triagem/nome-caixa-conversao 1.0.0,7,ok
089842,per089842_1911_03599,3,0,0,,,triagem/nome-caixa-conversao 1.0.0,7,ok
089842,per089842_1911_03599,4,0,0,,,triagem/nome-caixa-conversao 1.0.0,7,ok
089842,per089842_1911_03599,5,1,1,caixa de conver,48967,triagem/nome-caixa-conversao 1.0.0,7,ok
089842,per089842_1911_03599,6,0,0,,,triagem/nome-caixa-conversao 1.0.0,7,ok
089842,per089842_1911_03599,7,0,0,,,triagem/nome-caixa-conversao 1.0.0,7,ok
089842,per089842_1911_03599,8,0,0,,,triagem/nome-caixa-conversao 1.0.0,7,ok
089842,per089842_1911_03599,9,0,0,,,triagem/nome-caixa-conversao 1.0.0,7,ok
089842,per089842_1911_03599,10,0,0,,,triagem/nome-caixa-conversao 1.0.0,7,ok
089842,per089842_1911_03600,1,1,1,caixa de conver,18627,triagem/nome-caixa-conversao 1.0.0,7,ok
089842,per089842_1911_03600,2,0,0,,,triagem/nome-caixa-conversao 1.0.0,7,ok
089842,per089842_1911_03600,3,0,0,,,triagem/nome-caixa-conversao 1.0.0,7,ok
089842,per089842_1911_03600,4,0,0,,,triagem/nome-caixa-conversao 1.0.0,7,ok
089842,per089842_1911_03600,5,0,0,,,triagem/nome-caixa-conversao 1.0.0,7,ok
089842,per089842_1911_03600,6,1,1,caixa dc conver,11247,triagem/nome-caixa-conversao 1.0.0,7,ok
089842,per089842_1911_03600,7,0,0,,,triagem/nome-caixa-conversao 1.0.0,7,ok
089842,per089842_1911_03600,8,0,0,,,triagem/nome-caixa-conversao 1.0.0,7,ok
089842,per089842_1911_03600,9,0,0,,,triagem/nome-caixa-conversao 1.0.0,7,ok
089842,per089842_1911_03600,10,0,0,,,triagem/nome-caixa-conversao 1.0.0,7,ok
089842,per089842_1911_03600,11,0,0,,,triagem/nome-caixa-conversao 1.0.0,7,ok
089842,per089842_1911_03600,12,0,0,,,triagem/nome-caixa-conversao 1.0.0,7,ok
089842,per089842_1911_03601,1,0,0,,,triagem/nome-caixa-conversao 1.0.0,7,ok
089842,per089842_1911_03601,2,1,1,caixa de conver,10721,triagem/nome-caixa-conversao 1.0.0,7,ok
089842,per089842_1911_03601,3,0,0,,,triagem/nome-caixa-conversao 1.0.0,7,ok
089842,per089842_1911_03601,4,0,0,,,triagem/nome-caixa-conversao 1.0.0,7,ok
089842,per089842_1911_03601,5,0,0,,,triagem/nome-caixa-conversao 1.0.0,7,ok
089842,per089842_1911_03601,6,0,0,,,triagem/nome-caixa-conversao 1.0.0,7,ok
089842,per089842_1911_03601,7,1,1,caixa dc conver,14002,triagem/nome-caixa-conversao 1.0.0,7,ok
089842,per089842_1911_03601,8,0,0,,,triagem/nome-caixa-conversao 1.0.0,7,ok
089842,per089842_1911_03601,9,0,0,,,triagem/nome-caixa-conversao 1.0.0,7,ok
089842,per089842_1911_03601,10,0,0,,,triagem/nome-caixa-conversao 1.0.0,7,ok
089842,per089842_1911_03601,11,0,0,,,triagem/nome-caixa-conversao 1.0.0,7,ok
089842,per089842_1911_03601,12,0,0,,,triagem/nome-caixa-conversao 1.0.0,7,ok
089842,per089842_1911_03601,13,0,0,,,triagem/nome-caixa-conversao 1.0.0,7,ok
089842,per089842_1911_03601,14,0,0,,,triagem/nome-caixa-conversao 1.0.0,7,ok
089842,per089842_1911_03601,15,0,0,,,triagem/nome-caixa-conversao 1.0.0,7,ok
089842,per089842_1911_03601,16,0,0,,,triagem/nome-caixa-conversao 1.0.0,7,ok
089842,per089842_1911_03602,1,1,1,caixa de conver,33859,triagem/nome-caixa-conversao 1.0.0,7,ok
089842,per089842_1911_03602,2,0,0,,,triagem/nome-caixa-conversao 1.0.0,7,ok
089842,per089842_1911_03602,3,0,0,,,triagem/nome-caixa-conversao 1.0.0,7,ok
089842,per089842_1911_03602,4,1,1,caixa de conver,28444,triagem/nome-caixa-conversao 1.0.0,7,ok
089842,per089842_1911_03602,5,0,0,,,triagem/nome-caixa-conversao 1.0.0,7,ok
089842,per089842_1911_03602,6,0,0,,,triagem/nome-caixa-conversao 1.0.0,7,ok
089842,per089842_1911_03602,7,0,0,,,triagem/nome-caixa-conversao 1.0.0,7,ok
089842,per089842_1911_03602,8,0,0,,,triagem/nome-caixa-conversao 1.0.0,7,ok
089842,per089842_1911_03603,1,0,0,,,triagem/nome-caixa-conversao 1.0.0,7,ok
089842,per089842_1911_03603,2,0,0,,,triagem/nome-caixa-conversao 1.0.0,7,ok
089842,per089842_1911_03603,3,0,0,,,triagem/nome-caixa-conversao 1.0.0,7,ok
089842,per089842_1911_03603,4,0,0,,,triagem/nome-caixa-conversao 1.0.0,7,ok
089842,per089842_1911_03603,5,0,0,,,triagem/nome-caixa-conversao 1.0.0,7,ok
089842,per089842_1911_03603,6,0,0,,,triagem/nome-caixa-conversao 1.0.0,7,ok
089842,per089842_1911_03603,7,0,0,,,triagem/nome-caixa-conversao 1.0.0,7,ok
089842,per089842_1911_03603,8,0,0,,,triagem/nome-caixa-conversao 1.0.0,7,ok
089842,per089842_1911_03603,9,0,0,,,triagem/nome-caixa-conversao 1.0.0,7,ok
089842,per089842_1911_03603,10,0,0,,,triagem/nome-caixa-conversao 1.0.0,7,ok
089842,per089842_1911_03604,1,0,0,,,triagem/nome-caixa-conversao 1.0.0,7,ok
089842,per089842_1911_03604,2,0,0,,,triagem/nome-caixa-conversao 1.0.0,7,ok
089842,per089842_1911_03604,3,0,0,,,triagem/nome-caixa-conversao 1.0.0,7,ok
089842,per089842_1911_03604,4,0,0,,,triagem/nome-caixa-conversao 1.0.0,7,ok
089842,per089842_1911_03604,5,0,0,,,triagem/nome-caixa-conversao 1.0.0,7,ok
089842,per089842_1911_03604,6,0,0,,,triagem/nome-caixa-conversao 1.0.0,7,ok
089842,per089842_1911_03604,7,0,0,,,triagem/nome-caixa-conversao 1.0.0,7,ok
089842,per089842_1911_03604,8,0,0,,,triagem/nome-caixa-conversao 1.0.0,7,ok
089842,per089842_1911_03604,9,0,0,,,triagem/nome-caixa-conversao 1.0.0,7,ok
089842,per089842_1911_03604,10,0,0,,,triagem/nome-caixa-conversao 1.0.0,7,ok
089842,per089842_1911_03604,11,0,0,,,triagem/nome-caixa-conversao 1.0.0,7,ok
089842,per089842_1911_03604,12,0,0,,,triagem/nome-caixa-conversao 1.0.0,7,ok
089842,per089842_1911_03605,1,0,0,,,triagem/nome-caixa-conversao 1.0.0,7,ok
089842,per089842_1911_03605,2,0,0,,,triagem/nome-caixa-conversao 1.0.0,7,ok
089842,per089842_1911_03605,3,1,1,caixa de conver,11955,triagem/nome-caixa-conversao 1.0.0,7,ok
089842,per089842_1911_03605,4,0,0,,,triagem/nome-caixa-conversao 1.0.0,7,ok
089842,per089842_1911_03605,5,0,0,,,triagem/nome-caixa-conversao 1.0.0,7,ok
089842,per089842_1911_03605,6,0,0,,,triagem/nome-caixa-conversao 1.0.0,7,ok
089842,per089842_1911_03605,7,0,0,,,triagem/nome-caixa-conversao 1.0.0,7,ok
089842,per089842_1911_03605,8,0,0,,,triagem/nome-caixa-conversao 1.0.0,7,ok
089842,per089842_1911_03605,9,0,0,,,triagem/nome-caixa-conversao 1.0.0,7,ok
089842,per089842_1911_03605,10,0,0,,,triagem/nome-caixa-conversao 1.0.0,7,ok
089842,per089842_1911_03605,11,0,0,,,triagem/nome-caixa-conversao 1.0.0,7,ok
089842,per089842_1911_03605,12,0,0,,,triagem/nome-caixa-conversao 1.0.0,7,ok
089842,per089842_1911_03606,1,1,1,caixa dc conver,12699,triagem/nome-caixa-conversao 1.0.0,7,ok
089842,per089842_1911_03606,2,0,0,,,triagem/nome-caixa-conversao 1.0.0,7,ok
089842,per089842_1911_03606,3,0,0,,,triagem/nome-caixa-conversao 1.0.0,7,ok
089842,per089842_1911_03606,4,0,0,,,triagem/nome-caixa-conversao 1.0.0,7,ok
089842,per089842_1911_03606,5,0,0,,,triagem/nome-caixa-conversao 1.0.0,7,ok
089842,per089842_1911_03606,6,1,1,caixa ds conver,25425,triagem/nome-caixa-conversao 1.0.0,7,ok
089842,per089842_1911_03606,7,0,0,,,triagem/nome-caixa-conversao 1.0.0,7,ok
089842,per089842_1911_03606,8,0,0,,,triagem/nome-caixa-conversao 1.0.0,7,ok
089842,per089842_1911_03606,9,0,0,,,triagem/nome-caixa-conversao 1.0.0,7,ok
089842,per089842_1911_03606,10,0,0,,,triagem/nome-caixa-conversao 1.0.0,7,ok
089842,per089842_1911_03606,11,0,0,,,triagem/nome-caixa-conversao 1.0.0,7,ok
089842,per089842_1911_03606,12,0,0,,,triagem/nome-caixa-conversao 1.0.0,7,ok
089842,per089842_1911_03607,1,1,1,caixa de conver,1257,triagem/nome-caixa-conversao 1.0.0,7,ok
089842,per089842_1911_03607,2,1,1,caixa dc conver,41606,triagem/nome-caixa-conversao 1.0.0,7,ok
089842,per089842_1911_03607,3,0,0,,,triagem/nome-caixa-conversao 1.0.0,7,ok
089842,per089842_1911_03607,4,0,0,,,triagem/nome-caixa-conversao 1.0.0,7,ok
089842,per089842_1911_03607,5,0,0,,,triagem/nome-caixa-conversao 1.0.0,7,ok
089842,per089842_1911_03607,6,0,0,,,triagem/nome-caixa-conversao 1.0.0,7,ok
089842,per089842_1911_03607,7,0,0,,,triagem/nome-caixa-conversao 1.0.0,7,ok
089842,per089842_1911_03607,8,0,0,,,triagem/nome-caixa-conversao 1.0.0,7,ok
089842,per089842_1911_03607,9,0,0,,,triagem/nome-caixa-conversao 1.0.0,7,ok
089842,per089842_1911_03607,10,0,0,,,triagem/nome-caixa-conversao 1.0.0,7,ok
089842,per089842_1911_03607,11,0,0,,,triagem/nome-caixa-conversao 1.0.0,7,ok
089842,per089842_1911_03607,12,0,0,,,triagem/nome-caixa-conversao 1.0.0,7,ok
089842,per089842_1911_03608,1,0,0,,,triagem/nome-caixa-conversao 1.0.0,7,ok
089842,per089842_1911_03608,2,1,1,caixa de conver,9580,triagem/nome-caixa-conversao 1.0.0,7,ok
089842,per089842_1911_03608,3,1,1,caixa deconver,28887,triagem/nome-caixa-conversao 1.0.0,7,ok
089842,per089842_1911_03608,4,0,0,,,triagem/nome-caixa-conversao 1.0.0,7,ok
089842,per089842_1911_03608,5,0,0,,,triagem/nome-caixa-conversao 1.0.0,7,ok
089842,per089842_1911_03608,6,0,0,,,triagem/nome-caixa-conversao 1.0.0,7,ok
089842,per089842_1911_03608,7,0,0,,,triagem/nome-caixa-conversao 1.0.0,7,ok
089842,per089842_1911_03608,8,0,0,,,triagem/nome-caixa-conversao 1.0.0,7,ok
089842,per089842_1911_03608,9,0,0,,,triagem/nome-caixa-conversao 1.0.0,7,ok
089842,per089842_1911_03608,10,0,0,,,triagem/nome-caixa-conversao 1.0.0,7,ok
089842,per089842_1911_03608,11,0,0,,,triagem/nome-caixa-conversao 1.0.0,7,ok
089842,per089842_1911_03608,12,0,0,,,triagem/nome-caixa-conversao 1.0.0,7,ok
089842,per089842_1911_03608,13,0,0,,,triagem/nome-caixa-conversao 1.0.0,7,ok
089842,per089842_1911_03608,14,0,0,,,triagem/nome-caixa-conversao 1.0.0,7,ok
089842,per089842_1911_03609,1,1,1,caixade conver,24309,triagem/nome-caixa-conversao 1.0.0,7,ok
089842,per089842_1911_03609,2,0,0,,,triagem/nome-caixa-conversao 1.0.0,7,ok
089842,per089842_1911_03609,3,0,0,,,triagem/nome-caixa-conversao 1.0.0,7,ok
089842,per089842_1911_03609,4,0,0,,,triagem/nome-caixa-conversao 1.0.0,7,ok
089842,per089842_1911_03609,5,0,0,,,triagem/nome-caixa-conversao 1.0.0,7,ok
089842,per089842_1911_03609,6,0,0,,,triagem/nome-caixa-conversao 1.0.0,7,ok
089842,per089842_1911_03609,7,0,0,,,triagem/nome-caixa-conversao 1.0.0,7,ok
089842,per089842_1911_03609,8,0,0,,,triagem/nome-caixa-conversao 1.0.0,7,ok
089842,per089842_1911_03609,9,0,0,,,triagem/nome-caixa-conversao 1.0.0,7,ok
089842,per089842_1911_03609,10,0,0,,,triagem/nome-caixa-conversao 1.0.0,7,ok
089842,per089842_1911_03610,1,0,0,,,triagem/nome-caixa-conversao 1.0.0,7,ok
089842,per089842_1911_03610,2,0,0,,,triagem/nome-caixa-conversao 1.0.0,7,ok
089842,per089842_1911_03610,3,0,0,,,triagem/nome-caixa-conversao 1.0.0,7,ok
089842,per089842_1911_03610,4,0,0,,,triagem/nome-caixa-conversao 1.0.0,7,ok
089842,per089842_1911_03610,5,0,0,,,triagem/nome-caixa-conversao 1.0.0,7,ok
089842,per089842_1911_03610,6,0,0,,,triagem/nome-caixa-conversao 1.0.0,7,ok
089842,per089842_1911_03610,7,0,0,,,triagem/nome-caixa-conversao 1.0.0,7,ok
089842,per089842_1911_03610,8,0,0,,,triagem/nome-caixa-conversao 1.0.0,7,ok
089842,per089842_1911_03610,9,0,0,,,triagem/nome-caixa-conversao 1.0.0,7,ok
089842,per089842_1911_03610,10,0,0,,,triagem/nome-caixa-conversao 1.0.0,7,ok
089842,per089842_1911_03610,11,0,0,,,triagem/nome-caixa-conversao 1.0.0,7,ok
089842,per089842_1911_03610,12,0,0,,,triagem/nome-caixa-conversao 1.0.0,7,ok
089842,per089842_1911_03611,1,0,0,,,triagem/nome-caixa-conversao 1.0.0,7,ok
089842,per089842_1911_03611,2,0,0,,,triagem/nome-caixa-conversao 1.0.0,7,ok
089842,per089842_1911_03611,3,0,0,,,triagem/nome-caixa-conversao 1.0.0,7,ok
089842,per089842_1911_03611,4,0,0,,,triagem/nome-caixa-conversao 1.0.0,7,ok
089842,per089842_1911_03611,5,0,0,,,triagem/nome-caixa-conversao 1.0.0,7,ok
089842,per089842_1911_03611,6,0,0,,,triagem/nome-caixa-conversao 1.0.0,7,ok
089842,per089842_1911_03611,7,0,0,,,triagem/nome-caixa-conversao 1.0.0,7,ok
089842,per089842_1911_03611,8,0,0,,,triagem/nome-caixa-conversao 1.0.0,7,ok
089842,per089842_1911_03611,9,0,0,,,triagem/nome-caixa-conversao 1.0.0,7,ok
089842,per089842_1911_03611,10,0,0,,,triagem/nome-caixa-conversao 1.0.0,7,ok
089842,per089842_1911_03612,1,1,1,caixa de conver,25959,triagem/nome-caixa-conversao 1.0.0,7,ok
089842,per089842_1911_03612,2,0,0,,,triagem/nome-caixa-conversao 1.0.0,7,ok
089842,per089842_1911_03612,3,0,0,,,triagem/nome-caixa-conversao 1.0.0,7,ok
089842,per089842_1911_03612,4,0,0,,,triagem/nome-caixa-conversao 1.0.0,7,ok
089842,per089842_1911_03612,5,0,0,,,triagem/nome-caixa-conversao 1.0.0,7,ok
089842,per089842_1911_03612,6,0,0,,,triagem/nome-caixa-conversao 1.0.0,7,ok
089842,per089842_1911_03612,7,0,0,,,triagem/nome-caixa-conversao 1.0.0,7,ok
089842,per089842_1911_03612,8,0,0,,,triagem/nome-caixa-conversao 1.0.0,7,ok
089842,per089842_1911_03612,9,0,0,,,triagem/nome-caixa-conversao 1.0.0,7,ok
089842,per089842_1911_03612,10,0,0,,,triagem/nome-caixa-conversao 1.0.0,7,ok
089842,per089842_1911_03612,11,0,0,,,triagem/nome-caixa-conversao 1.0.0,7,ok
089842,per089842_1911_03612,12,0,0,,,triagem/nome-caixa-conversao 1.0.0,7,ok
089842,per089842_1911_03613,1,0,0,,,triagem/nome-caixa-conversao 1.0.0,7,ok
089842,per089842_1911_03613,2,0,0,,,triagem/nome-caixa-conversao 1.0.0,7,ok
089842,per089842_1911_03613,3,1,1,caixa de conver,24360,triagem/nome-caixa-conversao 1.0.0,7,ok
089842,per089842_1911_03613,4,1,1,caixa de conver,37853,triagem/nome-caixa-conversao 1.0.0,7,ok
089842,per089842_1911_03613,5,0,0,,,triagem/nome-caixa-conversao 1.0.0,7,ok
089842,per089842_1911_03613,6,1,1,caixa de conver,24412,triagem/nome-caixa-conversao 1.0.0,7,ok
089842,per089842_1911_03613,7,0,0,,,triagem/nome-caixa-conversao 1.0.0,7,ok
089842,per089842_1911_03613,8,0,0,,,triagem/nome-caixa-conversao 1.0.0,7,ok
089842,per089842_1911_03613,9,0,0,,,triagem/nome-caixa-conversao 1.0.0,7,ok
089842,per089842_1911_03613,10,0,0,,,triagem/nome-caixa-conversao 1.0.0,7,ok
089842,per089842_1911_03613,11,0,0,,,triagem/nome-caixa-conversao 1.0.0,7,ok
089842,per089842_1911_03613,12,0,0,,,triagem/nome-caixa-conversao 1.0.0,7,ok
089842,per089842_1911_03614,1,1,2,caixa de conver,11230,triagem/nome-caixa-conversao 1.0.0,7,ok
089842,per089842_1911_03614,2,1,1,caixa de conver,44110,triagem/nome-caixa-conversao 1.0.0,7,ok
089842,per089842_1911_03614,3,0,0,,,triagem/nome-caixa-conversao 1.0.0,7,ok
089842,per089842_1911_03614,4,0,0,,,triagem/nome-caixa-conversao 1.0.0,7,ok
089842,per089842_1911_03614,5,0,0,,,triagem/nome-caixa-conversao 1.0.0,7,ok
089842,per089842_1911_03614,6,0,0,,,triagem/nome-caixa-conversao 1.0.0,7,ok
089842,per089842_1911_03614,7,0,0,,,triagem/nome-caixa-conversao 1.0.0,7,ok
089842,per089842_1911_03614,8,0,0,,,triagem/nome-caixa-conversao 1.0.0,7,ok
089842,per089842_1911_03614,9,0,0,,,triagem/nome-caixa-conversao 1.0.0,7,ok
089842,per089842_1911_03614,10,0,0,,,triagem/nome-caixa-conversao 1.0.0,7,ok
089842,per089842_1911_03614,11,0,0,,,triagem/nome-caixa-conversao 1.0.0,7,ok
089842,per089842_1911_03614,12,0,0,,,triagem/nome-caixa-conversao 1.0.0,7,ok
089842,per089842_1911_03615,1,0,0,,,triagem/nome-caixa-conversao 1.0.0,7,ok
089842,per089842_1911_03615,2,0,0,,,triagem/nome-caixa-conversao 1.0.0,7,ok
089842,per089842_1911_03615,3,0,0,,,triagem/nome-caixa-conversao 1.0.0,7,ok
089842,per089842_1911_03615,4,0,0,,,triagem/nome-caixa-conversao 1.0.0,7,ok
089842,per089842_1911_03615,5,0,0,,,triagem/nome-caixa-conversao 1.0.0,7,ok
089842,per089842_1911_03615,6,0,0,,,triagem/nome-caixa-conversao 1.0.0,7,ok
089842,per089842_1911_03615,7,0,0,,,triagem/nome-caixa-conversao 1.0.0,7,ok
089842,per089842_1911_03615,8,0,0,,,triagem/nome-caixa-conversao 1.0.0,7,ok
089842,per089842_1911_03615,9,0,0,,,triagem/nome-caixa-conversao 1.0.0,7,ok
089842,per089842_1911_03615,10,0,0,,,triagem/nome-caixa-conversao 1.0.0,7,ok
089842,per089842_1911_03615,11,0,0,,,triagem/nome-caixa-conversao 1.0.0,7,ok
089842,per089842_1911_03615,12,0,0,,,triagem/nome-caixa-conversao 1.0.0,7,ok
089842,per089842_1911_03615,13,0,0,,,triagem/nome-caixa-conversao 1.0.0,7,ok
089842,per089842_1911_03615,14,0,0,,,triagem/nome-caixa-conversao 1.0.0,7,ok
089842,per089842_1911_03615,15,0,0,,,triagem/nome-caixa-conversao 1.0.0,7,ok
089842,per089842_1911_03615,16,0,0,,,triagem/nome-caixa-conversao 1.0.0,7,ok
089842,per089842_1911_03616,1,1,1,caixa de conver,24294,triagem/nome-caixa-conversao 1.0.0,7,ok
089842,per089842_1911_03616,2,0,0,,,triagem/nome-caixa-conversao 1.0.0,7,ok
089842,per089842_1911_03616,3,0,0,,,triagem/nome-caixa-conversao 1.0.0,7,ok
089842,per089842_1911_03616,4,0,0,,,triagem/nome-caixa-conversao 1.0.0,7,ok
089842,per089842_1911_03616,5,0,0,,,triagem/nome-caixa-conversao 1.0.0,7,ok
089842,per089842_1911_03616,6,0,0,,,triagem/nome-caixa-conversao 1.0.0,7,ok
089842,per089842_1911_03616,7,0,0,,,triagem/nome-caixa-conversao 1.0.0,7,ok
089842,per089842_1911_03616,8,0,0,,,triagem/nome-caixa-conversao 1.0.0,7,ok
089842,per089842_1911_03616,9,0,0,,,triagem/nome-caixa-conversao 1.0.0,7,ok
089842,per089842_1911_03616,10,0,0,,,triagem/nome-caixa-conversao 1.0.0,7,ok
089842,per089842_1911_03617,1,1,1,caixa de conver,33739,triagem/nome-caixa-conversao 1.0.0,7,ok
089842,per089842_1911_03617,2,0,0,,,triagem/nome-caixa-conversao 1.0.0,7,ok
089842,per089842_1911_03617,3,0,0,,,triagem/nome-caixa-conversao 1.0.0,7,ok
089842,per089842_1911_03617,4,0,0,,,triagem/nome-caixa-conversao 1.0.0,7,ok
089842,per089842_1911_03617,5,0,0,,,triagem/nome-caixa-conversao 1.0.0,7,ok
089842,per089842_1911_03617,6,0,0,,,triagem/nome-caixa-conversao 1.0.0,7,ok
089842,per089842_1911_03617,7,0,0,,,triagem/nome-caixa-conversao 1.0.0,7,ok
089842,per089842_1911_03617,8,0,0,,,triagem/nome-caixa-conversao 1.0.0,7,ok
089842,per089842_1911_03617,9,0,0,,,triagem/nome-caixa-conversao 1.0.0,7,ok
089842,per089842_1911_03617,10,0,0,,,triagem/nome-caixa-conversao 1.0.0,7,ok
089842,per089842_1911_03617,11,0,0,,,triagem/nome-caixa-conversao 1.0.0,7,ok
089842,per089842_1911_03617,12,0,0,,,triagem/nome-caixa-conversao 1.0.0,7,ok
089842,per089842_1911_03618,1,0,0,,,triagem/nome-caixa-conversao 1.0.0,7,ok
089842,per089842_1911_03618,2,0,0,,,triagem/nome-caixa-conversao 1.0.0,7,ok
089842,per089842_1911_03618,3,0,0,,,triagem/nome-caixa-conversao 1.0.0,7,ok
089842,per089842_1911_03618,4,0,0,,,triagem/nome-caixa-conversao 1.0.0,7,ok
089842,per089842_1911_03618,5,0,0,,,triagem/nome-caixa-conversao 1.0.0,7,ok
089842,per089842_1911_03618,6,1,2,caixa de conver,7611,triagem/nome-caixa-conversao 1.0.0,7,ok
089842,per089842_1911_03618,7,0,0,,,triagem/nome-caixa-conversao 1.0.0,7,ok
089842,per089842_1911_03618,8,0,0,,,triagem/nome-caixa-conversao 1.0.0,7,ok
089842,per089842_1911_03618,9,0,0,,,triagem/nome-caixa-conversao 1.0.0,7,ok
089842,per089842_1911_03618,10,0,0,,,triagem/nome-caixa-conversao 1.0.0,7,ok
089842,per089842_1911_03618,11,0,0,,,triagem/nome-caixa-conversao 1.0.0,7,ok
089842,per089842_1911_03618,12,0,0,,,triagem/nome-caixa-conversao 1.0.0,7,ok
089842,per089842_1911_03619,1,0,0,,,triagem/nome-caixa-conversao 1.0.0,7,ok
089842,per089842_1911_03619,2,0,0,,,triagem/nome-caixa-conversao 1.0.0,7,ok
089842,per089842_1911_03619,3,0,0,,,triagem/nome-caixa-conversao 1.0.0,7,ok
089842,per089842_1911_03619,4,1,1,caixa de conver,10537,triagem/nome-caixa-conversao 1.0.0,7,ok
089842,per089842_1911_03619,5,0,0,,,triagem/nome-caixa-conversao 1.0.0,7,ok
089842,per089842_1911_03619,6,0,0,,,triagem/nome-caixa-conversao 1.0.0,7,ok
089842,per089842_1911_03619,7,0,0,,,triagem/nome-caixa-conversao 1.0.0,7,ok
089842,per089842_1911_03619,8,1,1,caixa de conver,3913,triagem/nome-caixa-conversao 1.0.0,7,ok
089842,per089842_1911_03619,9,0,0,,,triagem/nome-caixa-conversao 1.0.0,7,ok
089842,per089842_1911_03619,10,0,0,,,triagem/nome-caixa-conversao 1.0.0,7,ok
089842,per089842_1911_03619,11,0,0,,,triagem/nome-caixa-conversao 1.0.0,7,ok
089842,per089842_1911_03619,12,0,0,,,triagem/nome-caixa-conversao 1.0.0,7,ok
089842,per089842_1911_03619,13,0,0,,,triagem/nome-caixa-conversao 1.0.0,7,ok
089842,per089842_1911_03619,14,0,0,,,triagem/nome-caixa-conversao 1.0.0,7,ok
089842,per089842_1911_03619,15,0,0,,,triagem/nome-caixa-conversao 1.0.0,7,ok
089842,per089842_1911_03619,16,0,0,,,triagem/nome-caixa-conversao 1.0.0,7,ok
089842,per089842_1911_03619,17,0,0,,,triagem/nome-caixa-conversao 1.0.0,7,ok
089842,per089842_1911_03619,18,0,0,,,triagem/nome-caixa-conversao 1.0.0,7,ok
089842,per089842_1911_03619,19,0,0,,,triagem/nome-caixa-conversao 1.0.0,7,ok
089842,per089842_1911_03619,20,0,0,,,triagem/nome-caixa-conversao 1.0.0,7,ok
089842,per089842_1911_03619,21,0,0,,,triagem/nome-caixa-conversao 1.0.0,7,ok
089842,per089842_1911_03619,22,0,0,,,triagem/nome-caixa-conversao 1.0.0,7,ok
089842,per089842_1911_03619,23,0,0,,,triagem/nome-caixa-conversao 1.0.0,7,ok
089842,per089842_1911_03619,24,0,0,,,triagem/nome-caixa-conversao 1.0.0,7,ok
089842,per089842_1911_03619,25,0,0,,,triagem/nome-caixa-conversao 1.0.0,7,ok
089842,per089842_1911_03619,26,0,0,,,triagem/nome-caixa-conversao 1.0.0,7,ok
089842,per089842_1911_03619,27,0,0,,,triagem/nome-caixa-conversao 1.0.0,7,ok
089842,per089842_1911_03619,28,0,0,,,triagem/nome-caixa-conversao 1.0.0,7,ok
089842,per089842_1911_03619,29,0,0,,,triagem/nome-caixa-conversao 1.0.0,7,ok
089842,per089842_1911_03619,30,0,0,,,triagem/nome-caixa-conversao 1.0.0,7,ok
089842,per089842_1911_03619,31,0,0,,,triagem/nome-caixa-conversao 1.0.0,7,ok
089842,per089842_1911_03619,32,0,0,,,triagem/nome-caixa-conversao 1.0.0,7,ok
089842,per089842_1911_03619,33,0,0,,,triagem/nome-caixa-conversao 1.0.0,7,ok
089842,per089842_1911_03619,34,0,0,,,triagem/nome-caixa-conversao 1.0.0,7,ok
089842,per089842_1911_03619,35,0,0,,,triagem/nome-caixa-conversao 1.0.0,7,ok
089842,per089842_1911_03619,36,0,0,,,triagem/nome-caixa-conversao 1.0.0,7,ok
089842,per089842_1911_03619,37,0,0,,,triagem/nome-caixa-conversao 1.0.0,7,ok
089842,per089842_1911_03619,38,0,0,,,triagem/nome-caixa-conversao 1.0.0,7,ok
089842,per089842_1911_03619,39,0,0,,,triagem/nome-caixa-conversao 1.0.0,7,ok
089842,per089842_1911_03619,40,0,0,,,triagem/nome-caixa-conversao 1.0.0,7,ok
089842,per089842_1911_03619,41,0,0,,,triagem/nome-caixa-conversao 1.0.0,7,ok
089842,per089842_1911_03619,42,0,0,,,triagem/nome-caixa-conversao 1.0.0,7,ok
089842,per089842_1911_03619,43,0,0,,,triagem/nome-caixa-conversao 1.0.0,7,ok
089842,per089842_1911_03619,44,0,0,,,triagem/nome-caixa-conversao 1.0.0,7,ok
089842,per089842_1911_03619,45,0,0,,,triagem/nome-caixa-conversao 1.0.0,7,ok
089842,per089842_1911_03619,46,0,0,,,triagem/nome-caixa-conversao 1.0.0,7,ok
089842,per089842_1911_03619,47,1,1,caixa de conver,26153,triagem/nome-caixa-conversao 1.0.0,7,ok
089842,per089842_1911_03619,48,0,0,,,triagem/nome-caixa-conversao 1.0.0,7,ok
089842,per089842_1911_03619,49,0,0,,,triagem/nome-caixa-conversao 1.0.0,7,ok
089842,per089842_1911_03619,50,0,0,,,triagem/nome-caixa-conversao 1.0.0,7,ok
089842,per089842_1911_03619,51,0,0,,,triagem/nome-caixa-conversao 1.0.0,7,ok
089842,per089842_1911_03619,52,0,0,,,triagem/nome-caixa-conversao 1.0.0,7,ok
089842,per089842_1911_03619,53,0,0,,,triagem/nome-caixa-conversao 1.0.0,7,ok
089842,per089842_1911_03620,1,0,0,,,triagem/nome-caixa-conversao 1.0.0,7,ok
089842,per089842_1911_03620,2,0,0,,,triagem/nome-caixa-conversao 1.0.0,7,ok
089842,per089842_1911_03620,3,1,1,caixa de conver,19262,triagem/nome-caixa-conversao 1.0.0,7,ok
089842,per089842_1911_03620,4,1,1,caixa de conver,4474,triagem/nome-caixa-conversao 1.0.0,7,ok
089842,per089842_1911_03620,5,0,0,,,triagem/nome-caixa-conversao 1.0.0,7,ok
089842,per089842_1911_03620,6,0,0,,,triagem/nome-caixa-conversao 1.0.0,7,ok
089842,per089842_1911_03620,7,0,0,,,triagem/nome-caixa-conversao 1.0.0,7,ok
089842,per089842_1911_03620,8,0,0,,,triagem/nome-caixa-conversao 1.0.0,7,ok
089842,per089842_1911_03620,9,0,0,,,triagem/nome-caixa-conversao 1.0.0,7,ok
089842,per089842_1911_03620,10,0,0,,,triagem/nome-caixa-conversao 1.0.0,7,ok
089842,per089842_1911_03621,1,1,1,caixa de conver,14804,triagem/nome-caixa-conversao 1.0.0,7,ok
089842,per089842_1911_03621,2,0,0,,,triagem/nome-caixa-conversao 1.0.0,7,ok
089842,per089842_1911_03621,3,0,0,,,triagem/nome-caixa-conversao 1.0.0,7,ok
089842,per089842_1911_03621,4,0,0,,,triagem/nome-caixa-conversao 1.0.0,7,ok
089842,per089842_1911_03621,5,0,0,,,triagem/nome-caixa-conversao 1.0.0,7,ok
089842,per089842_1911_03621,6,0,0,,,triagem/nome-caixa-conversao 1.0.0,7,ok
089842,per089842_1911_03621,7,1,1,caixa dc conver,12189,triagem/nome-caixa-conversao 1.0.0,7,ok
089842,per089842_1911_03621,8,0,0,,,triagem/nome-caixa-conversao 1.0.0,7,ok
089842,per089842_1911_03621,9,0,0,,,triagem/nome-caixa-conversao 1.0.0,7,ok
089842,per089842_1911_03621,10,0,0,,,triagem/nome-caixa-conversao 1.0.0,7,ok
089842,per089842_1911_03621,11,0,0,,,triagem/nome-caixa-conversao 1.0.0,7,ok
089842,per089842_1911_03621,12,0,0,,,triagem/nome-caixa-conversao 1.0.0,7,ok
089842,per089842_1911_03621,13,0,0,,,triagem/nome-caixa-conversao 1.0.0,7,ok
089842,per089842_1911_03621,14,0,0,,,triagem/nome-caixa-conversao 1.0.0,7,ok
089842,per089842_1911_03622,1,0,0,,,triagem/nome-caixa-conversao 1.0.0,7,ok
089842,per089842_1911_03622,2,0,0,,,triagem/nome-caixa-conversao 1.0.0,7,ok
089842,per089842_1911_03622,3,0,0,,,triagem/nome-caixa-conversao 1.0.0,7,ok
089842,per089842_1911_03622,4,0,0,,,triagem/nome-caixa-conversao 1.0.0,7,ok
089842,per089842_1911_03622,5,0,0,,,triagem/nome-caixa-conversao 1.0.0,7,ok
089842,per089842_1911_03622,6,1,1,caixa de conver,22057,triagem/nome-caixa-conversao 1.0.0,7,ok
089842,per089842_1911_03622,7,0,0,,,triagem/nome-caixa-conversao 1.0.0,7,ok
089842,per089842_1911_03622,8,0,0,,,triagem/nome-caixa-conversao 1.0.0,7,ok
089842,per089842_1911_03622,9,0,0,,,triagem/nome-caixa-conversao 1.0.0,7,ok
089842,per089842_1911_03622,10,0,0,,,triagem/nome-caixa-conversao 1.0.0,7,ok
089842,per089842_1911_03622,11,0,0,,,triagem/nome-caixa-conversao 1.0.0,7,ok
089842,per089842_1911_03622,12,0,0,,,triagem/nome-caixa-conversao 1.0.0,7,ok
089842,per089842_1911_03622,13,0,0,,,triagem/nome-caixa-conversao 1.0.0,7,ok
089842,per089842_1911_03622,14,0,0,,,triagem/nome-caixa-conversao 1.0.0,7,ok
089842,per089842_1911_03622,15,0,0,,,triagem/nome-caixa-conversao 1.0.0,7,ok
089842,per089842_1911_03622,16,0,0,,,triagem/nome-caixa-conversao 1.0.0,7,ok
089842,per089842_1911_03623,1,0,0,,,triagem/nome-caixa-conversao 1.0.0,7,ok
089842,per089842_1911_03623,2,0,0,,,triagem/nome-caixa-conversao 1.0.0,7,ok
089842,per089842_1911_03623,3,0,0,,,triagem/nome-caixa-conversao 1.0.0,7,ok
089842,per089842_1911_03623,4,0,0,,,triagem/nome-caixa-conversao 1.0.0,7,ok
089842,per089842_1911_03623,5,0,0,,,triagem/nome-caixa-conversao 1.0.0,7,ok
089842,per089842_1911_03623,6,0,0,,,triagem/nome-caixa-conversao 1.0.0,7,ok
089842,per089842_1911_03623,7,0,0,,,triagem/nome-caixa-conversao 1.0.0,7,ok
089842,per089842_1911_03623,8,0,0,,,triagem/nome-caixa-conversao 1.0.0,7,ok
089842,per089842_1911_03623,9,0,0,,,triagem/nome-caixa-conversao 1.0.0,7,ok
089842,per089842_1911_03623,10,0,0,,,triagem/nome-caixa-conversao 1.0.0,7,ok
089842,per089842_1911_03624,1,0,0,,,triagem/nome-caixa-conversao 1.0.0,7,ok
089842,per089842_1911_03624,2,0,0,,,triagem/nome-caixa-conversao 1.0.0,7,ok
089842,per089842_1911_03624,3,0,0,,,triagem/nome-caixa-conversao 1.0.0,7,ok
089842,per089842_1911_03624,4,0,0,,,triagem/nome-caixa-conversao 1.0.0,7,ok
089842,per089842_1911_03624,5,1,1,caixa de conver,31973,triagem/nome-caixa-conversao 1.0.0,7,ok
089842,per089842_1911_03624,6,0,0,,,triagem/nome-caixa-conversao 1.0.0,7,ok
089842,per089842_1911_03624,7,0,0,,,triagem/nome-caixa-conversao 1.0.0,7,ok
089842,per089842_1911_03624,8,0,0,,,triagem/nome-caixa-conversao 1.0.0,7,ok
089842,per089842_1911_03624,9,0,0,,,triagem/nome-caixa-conversao 1.0.0,7,ok
089842,per089842_1911_03624,10,0,0,,,triagem/nome-caixa-conversao 1.0.0,7,ok
089842,per089842_1911_03624,11,0,0,,,triagem/nome-caixa-conversao 1.0.0,7,ok
089842,per089842_1911_03624,12,0,0,,,triagem/nome-caixa-conversao 1.0.0,7,ok
089842,per089842_1911_03625,1,0,0,,,triagem/nome-caixa-conversao 1.0.0,7,ok
089842,per089842_1911_03625,2,0,0,,,triagem/nome-caixa-conversao 1.0.0,7,ok
089842,per089842_1911_03625,3,0,0,,,triagem/nome-caixa-conversao 1.0.0,7,ok
089842,per089842_1911_03625,4,0,0,,,triagem/nome-caixa-conversao 1.0.0,7,ok
089842,per089842_1911_03625,5,0,0,,,triagem/nome-caixa-conversao 1.0.0,7,ok
089842,per089842_1911_03625,6,0,0,,,triagem/nome-caixa-conversao 1.0.0,7,ok
089842,per089842_1911_03625,7,0,0,,,triagem/nome-caixa-conversao 1.0.0,7,ok
089842,per089842_1911_03625,8,0,0,,,triagem/nome-caixa-conversao 1.0.0,7,ok
089842,per089842_1911_03625,9,0,0,,,triagem/nome-caixa-conversao 1.0.0,7,ok
089842,per089842_1911_03625,10,0,0,,,triagem/nome-caixa-conversao 1.0.0,7,ok
089842,per089842_1911_03626,1,0,0,,,triagem/nome-caixa-conversao 1.0.0,7,ok
089842,per089842_1911_03626,2,0,0,,,triagem/nome-caixa-conversao 1.0.0,7,ok
089842,per089842_1911_03626,3,0,0,,,triagem/nome-caixa-conversao 1.0.0,7,ok
089842,per089842_1911_03626,4,0,0,,,triagem/nome-caixa-conversao 1.0.0,7,ok
089842,per089842_1911_03626,5,0,0,,,triagem/nome-caixa-conversao 1.0.0,7,ok
089842,per089842_1911_03626,6,0,0,,,triagem/nome-caixa-conversao 1.0.0,7,ok
089842,per089842_1911_03626,7,0,0,,,triagem/nome-caixa-conversao 1.0.0,7,ok
089842,per089842_1911_03626,8,0,0,,,triagem/nome-caixa-conversao 1.0.0,7,ok
089842,per089842_1911_03626,9,0,0,,,triagem/nome-caixa-conversao 1.0.0,7,ok
089842,per089842_1911_03626,10,0,0,,,triagem/nome-caixa-conversao 1.0.0,7,ok
089842,per089842_1911_03626,11,0,0,,,triagem/nome-caixa-conversao 1.0.0,7,ok
089842,per089842_1911_03626,12,0,0,,,triagem/nome-caixa-conversao 1.0.0,7,ok
089842,per089842_1911_03627,1,1,1,caixa dc conver,10781,triagem/nome-caixa-conversao 1.0.0,7,ok
089842,per089842_1911_03627,2,0,0,,,triagem/nome-caixa-conversao 1.0.0,7,ok
089842,per089842_1911_03627,3,0,0,,,triagem/nome-caixa-conversao 1.0.0,7,ok
089842,per089842_1911_03627,4,0,0,,,triagem/nome-caixa-conversao 1.0.0,7,ok
089842,per089842_1911_03627,5,0,0,,,triagem/nome-caixa-conversao 1.0.0,7,ok
089842,per089842_1911_03627,6,1,1,caixa de conver,23441,triagem/nome-caixa-conversao 1.0.0,7,ok
089842,per089842_1911_03627,7,0,0,,,triagem/nome-caixa-conversao 1.0.0,7,ok
089842,per089842_1911_03627,8,0,0,,,triagem/nome-caixa-conversao 1.0.0,7,ok
089842,per089842_1911_03627,9,0,0,,,triagem/nome-caixa-conversao 1.0.0,7,ok
089842,per089842_1911_03627,10,0,0,,,triagem/nome-caixa-conversao 1.0.0,7,ok
089842,per089842_1911_03627,11,0,0,,,triagem/nome-caixa-conversao 1.0.0,7,ok
089842,per089842_1911_03627,12,0,0,,,triagem/nome-caixa-conversao 1.0.0,7,ok
089842,per089842_1911_03628,1,1,1,caixa de conver,7724,triagem/nome-caixa-conversao 1.0.0,7,ok
089842,per089842_1911_03628,2,0,0,,,triagem/nome-caixa-conversao 1.0.0,7,ok
089842,per089842_1911_03628,3,0,0,,,triagem/nome-caixa-conversao 1.0.0,7,ok
089842,per089842_1911_03628,4,0,0,,,triagem/nome-caixa-conversao 1.0.0,7,ok
089842,per089842_1911_03628,5,0,0,,,triagem/nome-caixa-conversao 1.0.0,7,ok
089842,per089842_1911_03628,6,0,0,,,triagem/nome-caixa-conversao 1.0.0,7,ok
089842,per089842_1911_03628,7,0,0,,,triagem/nome-caixa-conversao 1.0.0,7,ok
089842,per089842_1911_03628,8,0,0,,,triagem/nome-caixa-conversao 1.0.0,7,ok
089842,per089842_1911_03628,9,0,0,,,triagem/nome-caixa-conversao 1.0.0,7,ok
089842,per089842_1911_03628,10,0,0,,,triagem/nome-caixa-conversao 1.0.0,7,ok
089842,per089842_1911_03629,1,0,0,,,triagem/nome-caixa-conversao 1.0.0,7,ok
089842,per089842_1911_03629,2,0,0,,,triagem/nome-caixa-conversao 1.0.0,7,ok
089842,per089842_1911_03629,3,0,0,,,triagem/nome-caixa-conversao 1.0.0,7,ok
089842,per089842_1911_03629,4,0,0,,,triagem/nome-caixa-conversao 1.0.0,7,ok
089842,per089842_1911_03629,5,0,0,,,triagem/nome-caixa-conversao 1.0.0,7,ok
089842,per089842_1911_03629,6,0,0,,,triagem/nome-caixa-conversao 1.0.0,7,ok
089842,per089842_1911_03629,7,0,0,,,triagem/nome-caixa-conversao 1.0.0,7,ok
089842,per089842_1911_03629,8,0,0,,,triagem/nome-caixa-conversao 1.0.0,7,ok
089842,per089842_1911_03629,9,0,0,,,triagem/nome-caixa-conversao 1.0.0,7,ok
089842,per089842_1911_03629,10,0,0,,,triagem/nome-caixa-conversao 1.0.0,7,ok
089842,per089842_1911_03629,11,0,0,,,triagem/nome-caixa-conversao 1.0.0,7,ok
089842,per089842_1911_03629,12,0,0,,,triagem/nome-caixa-conversao 1.0.0,7,ok
089842,per089842_1911_03629,13,0,0,,,triagem/nome-caixa-conversao 1.0.0,7,ok
089842,per089842_1911_03629,14,0,0,,,triagem/nome-caixa-conversao 1.0.0,7,ok
089842,per089842_1911_03630,1,1,1,caixa deconver,22841,triagem/nome-caixa-conversao 1.0.0,7,ok
089842,per089842_1911_03630,2,1,1,caixa de conver,35545,triagem/nome-caixa-conversao 1.0.0,7,ok
089842,per089842_1911_03630,3,0,0,,,triagem/nome-caixa-conversao 1.0.0,7,ok
089842,per089842_1911_03630,4,0,0,,,triagem/nome-caixa-conversao 1.0.0,7,ok
089842,per089842_1911_03630,5,0,0,,,triagem/nome-caixa-conversao 1.0.0,7,ok
089842,per089842_1911_03630,6,0,0,,,triagem/nome-caixa-conversao 1.0.0,7,ok
089842,per089842_1911_03630,7,0,0,,,triagem/nome-caixa-conversao 1.0.0,7,ok
089842,per089842_1911_03630,8,0,0,,,triagem/nome-caixa-conversao 1.0.0,7,ok
089842,per089842_1911_03631,1,1,1,caixa dc conver,18355,triagem/nome-caixa-conversao 1.0.0,7,ok
089842,per089842_1911_03631,2,0,0,,,triagem/nome-caixa-conversao 1.0.0,7,ok
089842,per089842_1911_03631,3,0,0,,,triagem/nome-caixa-conversao 1.0.0,7,ok
089842,per089842_1911_03631,4,0,0,,,triagem/nome-caixa-conversao 1.0.0,7,ok
089842,per089842_1911_03631,5,0,0,,,triagem/nome-caixa-conversao 1.0.0,7,ok
089842,per089842_1911_03631,6,0,0,,,triagem/nome-caixa-conversao 1.0.0,7,ok
089842,per089842_1911_03631,7,0,0,,,triagem/nome-caixa-conversao 1.0.0,7,ok
089842,per089842_1911_03631,8,0,0,,,triagem/nome-caixa-conversao 1.0.0,7,ok
089842,per089842_1911_03631,9,0,0,,,triagem/nome-caixa-conversao 1.0.0,7,ok
089842,per089842_1911_03631,10,0,0,,,triagem/nome-caixa-conversao 1.0.0,7,ok
089842,per089842_1911_03632,1,0,0,,,triagem/nome-caixa-conversao 1.0.0,7,ok
089842,per089842_1911_03632,2,1,1,caixa dc conver,3550,triagem/nome-caixa-conversao 1.0.0,7,ok
089842,per089842_1911_03632,3,0,0,,,triagem/nome-caixa-conversao 1.0.0,7,ok
089842,per089842_1911_03632,4,0,0,,,triagem/nome-caixa-conversao 1.0.0,7,ok
089842,per089842_1911_03632,5,0,0,,,triagem/nome-caixa-conversao 1.0.0,7,ok
089842,per089842_1911_03632,6,0,0,,,triagem/nome-caixa-conversao 1.0.0,7,ok
089842,per089842_1911_03632,7,0,0,,,triagem/nome-caixa-conversao 1.0.0,7,ok
089842,per089842_1911_03632,8,0,0,,,triagem/nome-caixa-conversao 1.0.0,7,ok
089842,per089842_1911_03632,9,0,0,,,triagem/nome-caixa-conversao 1.0.0,7,ok
089842,per089842_1911_03632,10,0,0,,,triagem/nome-caixa-conversao 1.0.0,7,ok
089842,per089842_1911_03632,11,0,0,,,triagem/nome-caixa-conversao 1.0.0,7,ok
089842,per089842_1911_03632,12,0,0,,,triagem/nome-caixa-conversao 1.0.0,7,ok
089842,per089842_1911_03633,1,1,3,caixa de conver,4475,triagem/nome-caixa-conversao 1.0.0,7,ok
089842,per089842_1911_03633,2,0,0,,,triagem/nome-caixa-conversao 1.0.0,7,ok
089842,per089842_1911_03633,3,0,0,,,triagem/nome-caixa-conversao 1.0.0,7,ok
089842,per089842_1911_03633,4,0,0,,,triagem/nome-caixa-conversao 1.0.0,7,ok
089842,per089842_1911_03633,5,0,0,,,triagem/nome-caixa-conversao 1.0.0,7,ok
089842,per089842_1911_03633,6,1,1,caixa de conver,18049,triagem/nome-caixa-conversao 1.0.0,7,ok
089842,per089842_1911_03633,7,0,0,,,triagem/nome-caixa-conversao 1.0.0,7,ok
089842,per089842_1911_03633,8,0,0,,,triagem/nome-caixa-conversao 1.0.0,7,ok
089842,per089842_1911_03633,9,0,0,,,triagem/nome-caixa-conversao 1.0.0,7,ok
089842,per089842_1911_03633,10,0,0,,,triagem/nome-caixa-conversao 1.0.0,7,ok
089842,per089842_1911_03633,11,0,0,,,triagem/nome-caixa-conversao 1.0.0,7,ok
089842,per089842_1911_03633,12,0,0,,,triagem/nome-caixa-conversao 1.0.0,7,ok
089842,per089842_1911_03634,1,0,0,,,triagem/nome-caixa-conversao 1.0.0,7,ok
089842,per089842_1911_03634,2,0,0,,,triagem/nome-caixa-conversao 1.0.0,7,ok
089842,per089842_1911_03634,3,0,0,,,triagem/nome-caixa-conversao 1.0.0,7,ok
089842,per089842_1911_03634,4,0,0,,,triagem/nome-caixa-conversao 1.0.0,7,ok
089842,per089842_1911_03634,5,0,0,,,triagem/nome-caixa-conversao 1.0.0,7,ok
089842,per089842_1911_03634,6,0,0,,,triagem/nome-caixa-conversao 1.0.0,7,ok
089842,per089842_1911_03634,7,0,0,,,triagem/nome-caixa-conversao 1.0.0,7,ok
089842,per089842_1911_03634,8,0,0,,,triagem/nome-caixa-conversao 1.0.0,7,ok
089842,per089842_1911_03634,9,0,0,,,triagem/nome-caixa-conversao 1.0.0,7,ok
089842,per089842_1911_03634,10,0,0,,,triagem/nome-caixa-conversao 1.0.0,7,ok
089842,per089842_1911_03635,1,0,0,,,triagem/nome-caixa-conversao 1.0.0,7,ok
089842,per089842_1911_03635,2,0,0,,,triagem/nome-caixa-conversao 1.0.0,7,ok
089842,per089842_1911_03635,3,0,0,,,triagem/nome-caixa-conversao 1.0.0,7,ok
089842,per089842_1911_03635,4,1,1,caixa deconver,3924,triagem/nome-caixa-conversao 1.0.0,7,ok
089842,per089842_1911_03635,5,0,0,,,triagem/nome-caixa-conversao 1.0.0,7,ok
089842,per089842_1911_03635,6,0,0,,,triagem/nome-caixa-conversao 1.0.0,7,ok
089842,per089842_1911_03635,7,0,0,,,triagem/nome-caixa-conversao 1.0.0,7,ok
089842,per089842_1911_03635,8,0,0,,,triagem/nome-caixa-conversao 1.0.0,7,ok
089842,per089842_1911_03635,9,0,0,,,triagem/nome-caixa-conversao 1.0.0,7,ok
089842,per089842_1911_03635,10,0,0,,,triagem/nome-caixa-conversao 1.0.0,7,ok
089842,per089842_1911_03635,11,0,0,,,triagem/nome-caixa-conversao 1.0.0,7,ok
089842,per089842_1911_03635,12,0,0,,,triagem/nome-caixa-conversao 1.0.0,7,ok
089842,per089842_1911_03636,1,0,0,,,triagem/nome-caixa-conversao 1.0.0,7,ok
089842,per089842_1911_03636,2,1,1,caixa de conver,8215,triagem/nome-caixa-conversao 1.0.0,7,ok
089842,per089842_1911_03636,3,0,0,,,triagem/nome-caixa-conversao 1.0.0,7,ok
089842,per089842_1911_03636,4,0,0,,,triagem/nome-caixa-conversao 1.0.0,7,ok
089842,per089842_1911_03636,5,0,0,,,triagem/nome-caixa-conversao 1.0.0,7,ok
089842,per089842_1911_03636,6,0,0,,,triagem/nome-caixa-conversao 1.0.0,7,ok
089842,per089842_1911_03636,7,0,0,,,triagem/nome-caixa-conversao 1.0.0,7,ok
089842,per089842_1911_03636,8,0,0,,,triagem/nome-caixa-conversao 1.0.0,7,ok
089842,per089842_1911_03636,9,0,0,,,triagem/nome-caixa-conversao 1.0.0,7,ok
089842,per089842_1911_03636,10,0,0,,,triagem/nome-caixa-conversao 1.0.0,7,ok
089842,per089842_1911_03636,11,0,0,,,triagem/nome-caixa-conversao 1.0.0,7,ok
089842,per089842_1911_03636,12,0,0,,,triagem/nome-caixa-conversao 1.0.0,7,ok
089842,per089842_1911_03636,13,0,0,,,triagem/nome-caixa-conversao 1.0.0,7,ok
089842,per089842_1911_03636,14,0,0,,,triagem/nome-caixa-conversao 1.0.0,7,ok
089842,per089842_1911_03636,15,0,0,,,triagem/nome-caixa-conversao 1.0.0,7,ok
089842,per089842_1911_03636,16,0,0,,,triagem/nome-caixa-conversao 1.0.0,7,ok
089842,per089842_1911_03637,1,0,0,,,triagem/nome-caixa-conversao 1.0.0,7,ok
089842,per089842_1911_03637,2,0,0,,,triagem/nome-caixa-conversao 1.0.0,7,ok
089842,per089842_1911_03637,3,0,0,,,triagem/nome-caixa-conversao 1.0.0,7,ok
089842,per089842_1911_03637,4,0,0,,,triagem/nome-caixa-conversao 1.0.0,7,ok
089842,per089842_1911_03637,5,0,0,,,triagem/nome-caixa-conversao 1.0.0,7,ok
089842,per089842_1911_03637,6,0,0,,,triagem/nome-caixa-conversao 1.0.0,7,ok
089842,per089842_1911_03637,7,0,0,,,triagem/nome-caixa-conversao 1.0.0,7,ok
089842,per089842_1911_03637,8,0,0,,,triagem/nome-caixa-conversao 1.0.0,7,ok
089842,per089842_1911_03637,9,0,0,,,triagem/nome-caixa-conversao 1.0.0,7,ok
089842,per089842_1911_03637,10,0,0,,,triagem/nome-caixa-conversao 1.0.0,7,ok
089842,per089842_1911_03638,1,1,1,caixa de conver,6565,triagem/nome-caixa-conversao 1.0.0,7,ok
089842,per089842_1911_03638,2,1,2,caixa deconver,24410,triagem/nome-caixa-conversao 1.0.0,7,ok
089842,per089842_1911_03638,3,0,0,,,triagem/nome-caixa-conversao 1.0.0,7,ok
089842,per089842_1911_03638,4,0,0,,,triagem/nome-caixa-conversao 1.0.0,7,ok
089842,per089842_1911_03638,5,0,0,,,triagem/nome-caixa-conversao 1.0.0,7,ok
089842,per089842_1911_03638,6,0,0,,,triagem/nome-caixa-conversao 1.0.0,7,ok
089842,per089842_1911_03638,7,0,0,,,triagem/nome-caixa-conversao 1.0.0,7,ok
089842,per089842_1911_03638,8,0,0,,,triagem/nome-caixa-conversao 1.0.0,7,ok
089842,per089842_1911_03638,9,0,0,,,triagem/nome-caixa-conversao 1.0.0,7,ok
089842,per089842_1911_03638,10,0,0,,,triagem/nome-caixa-conversao 1.0.0,7,ok
089842,per089842_1911_03638,11,0,0,,,triagem/nome-caixa-conversao 1.0.0,7,ok
089842,per089842_1911_03638,12,0,0,,,triagem/nome-caixa-conversao 1.0.0,7,ok
089842,per089842_1911_03639,1,1,1,caixa de conver,6871,triagem/nome-caixa-conversao 1.0.0,7,ok
089842,per089842_1911_03639,2,0,0,,,triagem/nome-caixa-conversao 1.0.0,7,ok
089842,per089842_1911_03639,3,0,0,,,triagem/nome-caixa-conversao 1.0.0,7,ok
089842,per089842_1911_03639,4,0,0,,,triagem/nome-caixa-conversao 1.0.0,7,ok
089842,per089842_1911_03639,5,0,0,,,triagem/nome-caixa-conversao 1.0.0,7,ok
089842,per089842_1911_03639,6,0,0,,,triagem/nome-caixa-conversao 1.0.0,7,ok
089842,per089842_1911_03639,7,0,0,,,triagem/nome-caixa-conversao 1.0.0,7,ok
089842,per089842_1911_03639,8,0,0,,,triagem/nome-caixa-conversao 1.0.0,7,ok
089842,per089842_1911_03639,9,0,0,,,triagem/nome-caixa-conversao 1.0.0,7,ok
089842,per089842_1911_03639,10,0,0,,,triagem/nome-caixa-conversao 1.0.0,7,ok
089842,per089842_1911_03639,11,0,0,,,triagem/nome-caixa-conversao 1.0.0,7,ok
089842,per089842_1911_03639,12,0,0,,,triagem/nome-caixa-conversao 1.0.0,7,ok
089842,per089842_1911_03640,1,1,2,caixa de conver,6537,triagem/nome-caixa-conversao 1.0.0,7,ok
089842,per089842_1911_03640,2,1,1,caixa deconver,21500,triagem/nome-caixa-conversao 1.0.0,7,ok
089842,per089842_1911_03640,3,0,0,,,triagem/nome-caixa-conversao 1.0.0,7,ok
089842,per089842_1911_03640,4,0,0,,,triagem/nome-caixa-conversao 1.0.0,7,ok
089842,per089842_1911_03640,5,0,0,,,triagem/nome-caixa-conversao 1.0.0,7,ok
089842,per089842_1911_03640,6,1,1,caixa de conver,7755,triagem/nome-caixa-conversao 1.0.0,7,ok
089842,per089842_1911_03640,7,0,0,,,triagem/nome-caixa-conversao 1.0.0,7,ok
089842,per089842_1911_03640,8,0,0,,,triagem/nome-caixa-conversao 1.0.0,7,ok
089842,per089842_1911_03640,9,0,0,,,triagem/nome-caixa-conversao 1.0.0,7,ok
089842,per089842_1911_03640,10,0,0,,,triagem/nome-caixa-conversao 1.0.0,7,ok
089842,per089842_1911_03640,11,0,0,,,triagem/nome-caixa-conversao 1.0.0,7,ok
089842,per089842_1911_03640,12,0,0,,,triagem/nome-caixa-conversao 1.0.0,7,ok
089842,per089842_1911_03641,1,1,1,caixa de conver,4383,triagem/nome-caixa-conversao 1.0.0,7,ok
089842,per089842_1911_03641,2,0,0,,,triagem/nome-caixa-conversao 1.0.0,7,ok
089842,per089842_1911_03641,3,0,0,,,triagem/nome-caixa-conversao 1.0.0,7,ok
089842,per089842_1911_03641,4,0,0,,,triagem/nome-caixa-conversao 1.0.0,7,ok
089842,per089842_1911_03641,5,0,0,,,triagem/nome-caixa-conversao 1.0.0,7,ok
089842,per089842_1911_03641,6,0,0,,,triagem/nome-caixa-conversao 1.0.0,7,ok
089842,per089842_1911_03641,7,0,0,,,triagem/nome-caixa-conversao 1.0.0,7,ok
089842,per089842_1911_03641,8,0,0,,,triagem/nome-caixa-conversao 1.0.0,7,ok
089842,per089842_1911_03641,9,0,0,,,triagem/nome-caixa-conversao 1.0.0,7,ok
089842,per089842_1911_03641,10,0,0,,,triagem/nome-caixa-conversao 1.0.0,7,ok
089842,per089842_1911_03642,1,0,0,,,triagem/nome-caixa-conversao 1.0.0,7,ok
089842,per089842_1911_03642,2,0,0,,,triagem/nome-caixa-conversao 1.0.0,7,ok
089842,per089842_1911_03642,3,0,0,,,triagem/nome-caixa-conversao 1.0.0,7,ok
089842,per089842_1911_03642,4,0,0,,,triagem/nome-caixa-conversao 1.0.0,7,ok
089842,per089842_1911_03642,5,0,0,,,triagem/nome-caixa-conversao 1.0.0,7,ok
089842,per089842_1911_03642,6,0,0,,,triagem/nome-caixa-conversao 1.0.0,7,ok
089842,per089842_1911_03642,7,0,0,,,triagem/nome-caixa-conversao 1.0.0,7,ok
089842,per089842_1911_03642,8,0,0,,,triagem/nome-caixa-conversao 1.0.0,7,ok
089842,per089842_1911_03642,9,0,0,,,triagem/nome-caixa-conversao 1.0.0,7,ok
089842,per089842_1911_03642,10,0,0,,,triagem/nome-caixa-conversao 1.0.0,7,ok
089842,per089842_1911_03642,11,0,0,,,triagem/nome-caixa-conversao 1.0.0,7,ok
089842,per089842_1911_03642,12,0,0,,,triagem/nome-caixa-conversao 1.0.0,7,ok
089842,per089842_1911_03642,13,0,0,,,triagem/nome-caixa-conversao 1.0.0,7,ok
089842,per089842_1911_03642,14,0,0,,,triagem/nome-caixa-conversao 1.0.0,7,ok
089842,per089842_1911_03643,1,0,0,,,triagem/nome-caixa-conversao 1.0.0,7,ok
089842,per089842_1911_03643,2,0,0,,,triagem/nome-caixa-conversao 1.0.0,7,ok
089842,per089842_1911_03643,3,0,0,,,triagem/nome-caixa-conversao 1.0.0,7,ok
089842,per089842_1911_03643,4,0,0,,,triagem/nome-caixa-conversao 1.0.0,7,ok
089842,per089842_1911_03643,5,0,0,,,triagem/nome-caixa-conversao 1.0.0,7,ok
089842,per089842_1911_03643,6,1,1,caixa de conver,8099,triagem/nome-caixa-conversao 1.0.0,7,ok
089842,per089842_1911_03643,7,0,0,,,triagem/nome-caixa-conversao 1.0.0,7,ok
089842,per089842_1911_03643,8,0,0,,,triagem/nome-caixa-conversao 1.0.0,7,ok
089842,per089842_1911_03643,9,0,0,,,triagem/nome-caixa-conversao 1.0.0,7,ok
089842,per089842_1911_03643,10,0,0,,,triagem/nome-caixa-conversao 1.0.0,7,ok
089842,per089842_1911_03643,11,0,0,,,triagem/nome-caixa-conversao 1.0.0,7,ok
089842,per089842_1911_03643,12,0,0,,,triagem/nome-caixa-conversao 1.0.0,7,ok
089842,per089842_1911_03643,13,0,0,,,triagem/nome-caixa-conversao 1.0.0,7,ok
089842,per089842_1911_03643,14,0,0,,,triagem/nome-caixa-conversao 1.0.0,7,ok
089842,per089842_1911_03643,15,0,0,,,triagem/nome-caixa-conversao 1.0.0,7,ok
089842,per089842_1911_03643,16,0,0,,,triagem/nome-caixa-conversao 1.0.0,7,ok
089842,per089842_1911_03644,1,0,0,,,triagem/nome-caixa-conversao 1.0.0,7,ok
089842,per089842_1911_03644,2,0,0,,,triagem/nome-caixa-conversao 1.0.0,7,ok
089842,per089842_1911_03644,3,0,0,,,triagem/nome-caixa-conversao 1.0.0,7,ok
089842,per089842_1911_03644,4,0,0,,,triagem/nome-caixa-conversao 1.0.0,7,ok
089842,per089842_1911_03644,5,1,1,caixa de conver,12854,triagem/nome-caixa-conversao 1.0.0,7,ok
089842,per089842_1911_03644,6,0,0,,,triagem/nome-caixa-conversao 1.0.0,7,ok
089842,per089842_1911_03644,7,0,0,,,triagem/nome-caixa-conversao 1.0.0,7,ok
089842,per089842_1911_03644,8,0,0,,,triagem/nome-caixa-conversao 1.0.0,7,ok
089842,per089842_1911_03644,9,0,0,,,triagem/nome-caixa-conversao 1.0.0,7,ok
089842,per089842_1911_03644,10,0,0,,,triagem/nome-caixa-conversao 1.0.0,7,ok
089842,per089842_1911_03645,1,0,0,,,triagem/nome-caixa-conversao 1.0.0,7,ok
089842,per089842_1911_03645,2,0,0,,,triagem/nome-caixa-conversao 1.0.0,7,ok
089842,per089842_1911_03645,3,0,0,,,triagem/nome-caixa-conversao 1.0.0,7,ok
089842,per089842_1911_03645,4,0,0,,,triagem/nome-caixa-conversao 1.0.0,7,ok
089842,per089842_1911_03645,5,0,0,,,triagem/nome-caixa-conversao 1.0.0,7,ok
089842,per089842_1911_03645,6,0,0,,,triagem/nome-caixa-conversao 1.0.0,7,ok
089842,per089842_1911_03645,7,0,0,,,triagem/nome-caixa-conversao 1.0.0,7,ok
089842,per089842_1911_03645,8,0,0,,,triagem/nome-caixa-conversao 1.0.0,7,ok
089842,per089842_1911_03645,9,0,0,,,triagem/nome-caixa-conversao 1.0.0,7,ok
089842,per089842_1911_03645,10,0,0,,,triagem/nome-caixa-conversao 1.0.0,7,ok
089842,per089842_1911_03646,1,1,1,caixa de conver,7259,triagem/nome-caixa-conversao 1.0.0,7,ok
089842,per089842_1911_03646,2,0,0,,,triagem/nome-caixa-conversao 1.0.0,7,ok
089842,per089842_1911_03646,3,0,0,,,triagem/nome-caixa-conversao 1.0.0,7,ok
089842,per089842_1911_03646,4,0,0,,,triagem/nome-caixa-conversao 1.0.0,7,ok
089842,per089842_1911_03646,5,0,0,,,triagem/nome-caixa-conversao 1.0.0,7,ok
089842,per089842_1911_03646,6,0,0,,,triagem/nome-caixa-conversao 1.0.0,7,ok
089842,per089842_1911_03646,7,0,0,,,triagem/nome-caixa-conversao 1.0.0,7,ok
089842,per089842_1911_03646,8,0,0,,,triagem/nome-caixa-conversao 1.0.0,7,ok
089842,per089842_1911_03646,9,0,0,,,triagem/nome-caixa-conversao 1.0.0,7,ok
089842,per089842_1911_03646,10,0,0,,,triagem/nome-caixa-conversao 1.0.0,7,ok
089842,per089842_1911_03646,11,0,0,,,triagem/nome-caixa-conversao 1.0.0,7,ok
089842,per089842_1911_03646,12,0,0,,,triagem/nome-caixa-conversao 1.0.0,7,ok
089842,per089842_1911_03647,1,1,1,caixa de conver,6655,triagem/nome-caixa-conversao 1.0.0,7,ok
089842,per089842_1911_03647,2,0,0,,,triagem/nome-caixa-conversao 1.0.0,7,ok
089842,per089842_1911_03647,3,1,1,caixa de conver,13712,triagem/nome-caixa-conversao 1.0.0,7,ok
089842,per089842_1911_03647,4,0,0,,,triagem/nome-caixa-conversao 1.0.0,7,ok
089842,per089842_1911_03647,5,0,0,,,triagem/nome-caixa-conversao 1.0.0,7,ok
089842,per089842_1911_03647,6,0,0,,,triagem/nome-caixa-conversao 1.0.0,7,ok
089842,per089842_1911_03647,7,0,0,,,triagem/nome-caixa-conversao 1.0.0,7,ok
089842,per089842_1911_03647,8,0,0,,,triagem/nome-caixa-conversao 1.0.0,7,ok
089842,per089842_1911_03647,9,0,0,,,triagem/nome-caixa-conversao 1.0.0,7,ok
089842,per089842_1911_03647,10,0,0,,,triagem/nome-caixa-conversao 1.0.0,7,ok
089842,per089842_1911_03648,1,0,0,,,triagem/nome-caixa-conversao 1.0.0,7,ok
089842,per089842_1911_03648,2,0,0,,,triagem/nome-caixa-conversao 1.0.0,7,ok
089842,per089842_1911_03648,3,0,0,,,triagem/nome-caixa-conversao 1.0.0,7,ok
089842,per089842_1911_03648,4,0,0,,,triagem/nome-caixa-conversao 1.0.0,7,ok
089842,per089842_1911_03648,5,0,0,,,triagem/nome-caixa-conversao 1.0.0,7,ok
089842,per089842_1911_03648,6,0,0,,,triagem/nome-caixa-conversao 1.0.0,7,ok
089842,per089842_1911_03648,7,0,0,,,triagem/nome-caixa-conversao 1.0.0,7,ok
089842,per089842_1911_03648,8,0,0,,,triagem/nome-caixa-conversao 1.0.0,7,ok
089842,per089842_1911_03648,9,0,0,,,triagem/nome-caixa-conversao 1.0.0,7,ok
089842,per089842_1911_03648,10,0,0,,,triagem/nome-caixa-conversao 1.0.0,7,ok
089842,per089842_1911_03648,11,0,0,,,triagem/nome-caixa-conversao 1.0.0,7,ok
089842,per089842_1911_03648,12,0,0,,,triagem/nome-caixa-conversao 1.0.0,7,ok
089842,per089842_1911_03649,1,0,0,,,triagem/nome-caixa-conversao 1.0.0,7,ok
089842,per089842_1911_03649,2,0,0,,,triagem/nome-caixa-conversao 1.0.0,7,ok
089842,per089842_1911_03649,3,0,0,,,triagem/nome-caixa-conversao 1.0.0,7,ok
089842,per089842_1911_03649,4,0,0,,,triagem/nome-caixa-conversao 1.0.0,7,ok
089842,per089842_1911_03649,5,0,0,,,triagem/nome-caixa-conversao 1.0.0,7,ok
089842,per089842_1911_03649,6,0,0,,,triagem/nome-caixa-conversao 1.0.0,7,ok
089842,per089842_1911_03649,7,0,0,,,triagem/nome-caixa-conversao 1.0.0,7,ok
089842,per089842_1911_03649,8,0,0,,,triagem/nome-caixa-conversao 1.0.0,7,ok
089842,per089842_1911_03649,9,0,0,,,triagem/nome-caixa-conversao 1.0.0,7,ok
089842,per089842_1911_03649,10,0,0,,,triagem/nome-caixa-conversao 1.0.0,7,ok
089842,per089842_1911_03650,1,0,0,,,triagem/nome-caixa-conversao 1.0.0,7,ok
089842,per089842_1911_03650,2,0,0,,,triagem/nome-caixa-conversao 1.0.0,7,ok
089842,per089842_1911_03650,3,0,0,,,triagem/nome-caixa-conversao 1.0.0,7,ok
089842,per089842_1911_03650,4,0,0,,,triagem/nome-caixa-conversao 1.0.0,7,ok
089842,per089842_1911_03650,5,0,0,,,triagem/nome-caixa-conversao 1.0.0,7,ok
089842,per089842_1911_03650,6,0,0,,,triagem/nome-caixa-conversao 1.0.0,7,ok
089842,per089842_1911_03650,7,0,0,,,triagem/nome-caixa-conversao 1.0.0,7,ok
089842,per089842_1911_03650,8,0,0,,,triagem/nome-caixa-conversao 1.0.0,7,ok
089842,per089842_1911_03650,9,0,0,,,triagem/nome-caixa-conversao 1.0.0,7,ok
089842,per089842_1911_03650,10,0,0,,,triagem/nome-caixa-conversao 1.0.0,7,ok
089842,per089842_1911_03650,11,0,0,,,triagem/nome-caixa-conversao 1.0.0,7,ok
089842,per089842_1911_03650,12,0,0,,,triagem/nome-caixa-conversao 1.0.0,7,ok
089842,per089842_1911_03650,13,0,0,,,triagem/nome-caixa-conversao 1.0.0,7,ok
089842,per089842_1911_03650,14,0,0,,,triagem/nome-caixa-conversao 1.0.0,7,ok
089842,per089842_1911_03650,15,0,0,,,triagem/nome-caixa-conversao 1.0.0,7,ok
089842,per089842_1911_03650,16,0,0,,,triagem/nome-caixa-conversao 1.0.0,7,ok
089842,per089842_1911_03651,1,0,0,,,triagem/nome-caixa-conversao 1.0.0,7,ok
089842,per089842_1911_03651,2,0,0,,,triagem/nome-caixa-conversao 1.0.0,7,ok
089842,per089842_1911_03651,3,0,0,,,triagem/nome-caixa-conversao 1.0.0,7,ok
089842,per089842_1911_03651,4,0,0,,,triagem/nome-caixa-conversao 1.0.0,7,ok
089842,per089842_1911_03651,5,0,0,,,triagem/nome-caixa-conversao 1.0.0,7,ok
089842,per089842_1911_03651,6,0,0,,,triagem/nome-caixa-conversao 1.0.0,7,ok
089842,per089842_1911_03651,7,0,0,,,triagem/nome-caixa-conversao 1.0.0,7,ok
089842,per089842_1911_03651,8,0,0,,,triagem/nome-caixa-conversao 1.0.0,7,ok
089842,per089842_1911_03651,9,0,0,,,triagem/nome-caixa-conversao 1.0.0,7,ok
089842,per089842_1911_03651,10,0,0,,,triagem/nome-caixa-conversao 1.0.0,7,ok
089842,per089842_1911_03651,11,0,0,,,triagem/nome-caixa-conversao 1.0.0,7,ok
089842,per089842_1911_03651,12,0,0,,,triagem/nome-caixa-conversao 1.0.0,7,ok
089842,per089842_1911_03652,1,0,0,,,triagem/nome-caixa-conversao 1.0.0,7,ok
089842,per089842_1911_03652,2,0,0,,,triagem/nome-caixa-conversao 1.0.0,7,ok
089842,per089842_1911_03652,3,0,0,,,triagem/nome-caixa-conversao 1.0.0,7,ok
089842,per089842_1911_03652,4,0,0,,,triagem/nome-caixa-conversao 1.0.0,7,ok
089842,per089842_1911_03652,5,0,0,,,triagem/nome-caixa-conversao 1.0.0,7,ok
089842,per089842_1911_03652,6,0,0,,,triagem/nome-caixa-conversao 1.0.0,7,ok
089842,per089842_1911_03652,7,0,0,,,triagem/nome-caixa-conversao 1.0.0,7,ok
089842,per089842_1911_03652,8,0,0,,,triagem/nome-caixa-conversao 1.0.0,7,ok
089842,per089842_1911_03652,9,0,0,,,triagem/nome-caixa-conversao 1.0.0,7,ok
089842,per089842_1911_03652,10,0,0,,,triagem/nome-caixa-conversao 1.0.0,7,ok
089842,per089842_1911_03652,11,0,0,,,triagem/nome-caixa-conversao 1.0.0,7,ok
089842,per089842_1911_03652,12,0,0,,,triagem/nome-caixa-conversao 1.0.0,7,ok
089842,per089842_1911_03653,1,0,0,,,triagem/nome-caixa-conversao 1.0.0,7,ok
089842,per089842_1911_03653,2,0,0,,,triagem/nome-caixa-conversao 1.0.0,7,ok
089842,per089842_1911_03653,3,0,0,,,triagem/nome-caixa-conversao 1.0.0,7,ok
089842,per089842_1911_03653,4,0,0,,,triagem/nome-caixa-conversao 1.0.0,7,ok
089842,per089842_1911_03653,5,0,0,,,triagem/nome-caixa-conversao 1.0.0,7,ok
089842,per089842_1911_03653,6,0,0,,,triagem/nome-caixa-conversao 1.0.0,7,ok
089842,per089842_1911_03653,7,0,0,,,triagem/nome-caixa-conversao 1.0.0,7,ok
089842,per089842_1911_03653,8,0,0,,,triagem/nome-caixa-conversao 1.0.0,7,ok
089842,per089842_1911_03653,9,0,0,,,triagem/nome-caixa-conversao 1.0.0,7,ok
089842,per089842_1911_03653,10,0,0,,,triagem/nome-caixa-conversao 1.0.0,7,ok
089842,per089842_1911_03653,11,0,0,,,triagem/nome-caixa-conversao 1.0.0,7,ok
089842,per089842_1911_03653,12,0,0,,,triagem/nome-caixa-conversao 1.0.0,7,ok
089842,per089842_1911_03654,1,0,0,,,triagem/nome-caixa-conversao 1.0.0,7,ok
089842,per089842_1911_03654,2,0,0,,,triagem/nome-caixa-conversao 1.0.0,7,ok
089842,per089842_1911_03654,3,0,0,,,triagem/nome-caixa-conversao 1.0.0,7,ok
089842,per089842_1911_03654,4,0,0,,,triagem/nome-caixa-conversao 1.0.0,7,ok
089842,per089842_1911_03654,5,0,0,,,triagem/nome-caixa-conversao 1.0.0,7,ok
089842,per089842_1911_03654,6,0,0,,,triagem/nome-caixa-conversao 1.0.0,7,ok
089842,per089842_1911_03654,7,0,0,,,triagem/nome-caixa-conversao 1.0.0,7,ok
089842,per089842_1911_03654,8,0,0,,,triagem/nome-caixa-conversao 1.0.0,7,ok
089842,per089842_1911_03654,9,0,0,,,triagem/nome-caixa-conversao 1.0.0,7,ok
089842,per089842_1911_03654,10,0,0,,,triagem/nome-caixa-conversao 1.0.0,7,ok
089842,per089842_1911_03654,11,0,0,,,triagem/nome-caixa-conversao 1.0.0,7,ok
089842,per089842_1911_03654,12,0,0,,,triagem/nome-caixa-conversao 1.0.0,7,ok
089842,per089842_1911_03655,1,1,2,caixa de conver,7938,triagem/nome-caixa-conversao 1.0.0,7,ok
089842,per089842_1911_03655,2,0,0,,,triagem/nome-caixa-conversao 1.0.0,7,ok
089842,per089842_1911_03655,3,0,0,,,triagem/nome-caixa-conversao 1.0.0,7,ok
089842,per089842_1911_03655,4,0,0,,,triagem/nome-caixa-conversao 1.0.0,7,ok
089842,per089842_1911_03655,5,0,0,,,triagem/nome-caixa-conversao 1.0.0,7,ok
089842,per089842_1911_03655,6,0,0,,,triagem/nome-caixa-conversao 1.0.0,7,ok
089842,per089842_1911_03655,7,0,0,,,triagem/nome-caixa-conversao 1.0.0,7,ok
089842,per089842_1911_03655,8,0,0,,,triagem/nome-caixa-conversao 1.0.0,7,ok
089842,per089842_1911_03655,9,0,0,,,triagem/nome-caixa-conversao 1.0.0,7,ok
089842,per089842_1911_03655,10,0,0,,,triagem/nome-caixa-conversao 1.0.0,7,ok
089842,per089842_1911_03655,11,0,0,,,triagem/nome-caixa-conversao 1.0.0,7,ok
089842,per089842_1911_03655,12,0,0,,,triagem/nome-caixa-conversao 1.0.0,7,ok
089842,per089842_1911_03656,1,0,0,,,triagem/nome-caixa-conversao 1.0.0,7,ok
089842,per089842_1911_03656,2,0,0,,,triagem/nome-caixa-conversao 1.0.0,7,ok
089842,per089842_1911_03656,3,0,0,,,triagem/nome-caixa-conversao 1.0.0,7,ok
089842,per089842_1911_03656,4,1,1,caixa de conver,29094,triagem/nome-caixa-conversao 1.0.0,7,ok
089842,per089842_1911_03656,5,0,0,,,triagem/nome-caixa-conversao 1.0.0,7,ok
089842,per089842_1911_03656,6,0,0,,,triagem/nome-caixa-conversao 1.0.0,7,ok
089842,per089842_1911_03656,7,0,0,,,triagem/nome-caixa-conversao 1.0.0,7,ok
089842,per089842_1911_03656,8,0,0,,,triagem/nome-caixa-conversao 1.0.0,7,ok
089842,per089842_1911_03656,9,0,0,,,triagem/nome-caixa-conversao 1.0.0,7,ok
089842,per089842_1911_03656,10,0,0,,,triagem/nome-caixa-conversao 1.0.0,7,ok
089842,per089842_1911_03656,11,0,0,,,triagem/nome-caixa-conversao 1.0.0,7,ok
089842,per089842_1911_03656,12,0,0,,,triagem/nome-caixa-conversao 1.0.0,7,ok
089842,per089842_1911_03657,1,0,0,,,triagem/nome-caixa-conversao 1.0.0,7,ok
089842,per089842_1911_03657,2,0,0,,,triagem/nome-caixa-conversao 1.0.0,7,ok
089842,per089842_1911_03657,3,0,0,,,triagem/nome-caixa-conversao 1.0.0,7,ok
089842,per089842_1911_03657,4,1,1,caixa dc conver,28674,triagem/nome-caixa-conversao 1.0.0,7,ok
089842,per089842_1911_03657,5,0,0,,,triagem/nome-caixa-conversao 1.0.0,7,ok
089842,per089842_1911_03657,6,0,0,,,triagem/nome-caixa-conversao 1.0.0,7,ok
089842,per089842_1911_03657,7,0,0,,,triagem/nome-caixa-conversao 1.0.0,7,ok
089842,per089842_1911_03657,8,0,0,,,triagem/nome-caixa-conversao 1.0.0,7,ok
089842,per089842_1911_03657,9,0,0,,,triagem/nome-caixa-conversao 1.0.0,7,ok
089842,per089842_1911_03657,10,0,0,,,triagem/nome-caixa-conversao 1.0.0,7,ok
089842,per089842_1911_03657,11,0,0,,,triagem/nome-caixa-conversao 1.0.0,7,ok
089842,per089842_1911_03657,12,0,0,,,triagem/nome-caixa-conversao 1.0.0,7,ok
089842,per089842_1911_03657,13,0,0,,,triagem/nome-caixa-conversao 1.0.0,7,ok
089842,per089842_1911_03657,14,0,0,,,triagem/nome-caixa-conversao 1.0.0,7,ok
089842,per089842_1911_03658,1,1,2,caixa de conver,28504,triagem/nome-caixa-conversao 1.0.0,7,ok
089842,per089842_1911_03658,2,0,0,,,triagem/nome-caixa-conversao 1.0.0,7,ok
089842,per089842_1911_03658,3,0,0,,,triagem/nome-caixa-conversao 1.0.0,7,ok
089842,per089842_1911_03658,4,0,0,,,triagem/nome-caixa-conversao 1.0.0,7,ok
089842,per089842_1911_03658,5,0,0,,,triagem/nome-caixa-conversao 1.0.0,7,ok
089842,per089842_1911_03658,6,0,0,,,triagem/nome-caixa-conversao 1.0.0,7,ok
089842,per089842_1911_03658,7,0,0,,,triagem/nome-caixa-conversao 1.0.0,7,ok
089842,per089842_1911_03658,8,0,0,,,triagem/nome-caixa-conversao 1.0.0,7,ok
089842,per089842_1911_03659,1,0,0,,,triagem/nome-caixa-conversao 1.0.0,7,ok
089842,per089842_1911_03659,2,0,0,,,triagem/nome-caixa-conversao 1.0.0,7,ok
089842,per089842_1911_03659,3,0,0,,,triagem/nome-caixa-conversao 1.0.0,7,ok
089842,per089842_1911_03659,4,0,0,,,triagem/nome-caixa-conversao 1.0.0,7,ok
089842,per089842_1911_03659,5,0,0,,,triagem/nome-caixa-conversao 1.0.0,7,ok
089842,per089842_1911_03659,6,0,0,,,triagem/nome-caixa-conversao 1.0.0,7,ok
089842,per089842_1911_03659,7,0,0,,,triagem/nome-caixa-conversao 1.0.0,7,ok
089842,per089842_1911_03659,8,0,0,,,triagem/nome-caixa-conversao 1.0.0,7,ok
089842,per089842_1911_03659,9,0,0,,,triagem/nome-caixa-conversao 1.0.0,7,ok
089842,per089842_1911_03659,10,0,0,,,triagem/nome-caixa-conversao 1.0.0,7,ok
089842,per089842_1911_03659,11,0,0,,,triagem/nome-caixa-conversao 1.0.0,7,ok
089842,per089842_1911_03659,12,0,0,,,triagem/nome-caixa-conversao 1.0.0,7,ok
089842,per089842_1911_03660,1,1,1,caixa de conver,6661,triagem/nome-caixa-conversao 1.0.0,7,ok
089842,per089842_1911_03660,2,0,0,,,triagem/nome-caixa-conversao 1.0.0,7,ok
089842,per089842_1911_03660,3,0,0,,,triagem/nome-caixa-conversao 1.0.0,7,ok
089842,per089842_1911_03660,4,0,0,,,triagem/nome-caixa-conversao 1.0.0,7,ok
089842,per089842_1911_03660,5,0,0,,,triagem/nome-caixa-conversao 1.0.0,7,ok
089842,per089842_1911_03660,6,0,0,,,triagem/nome-caixa-conversao 1.0.0,7,ok
089842,per089842_1911_03660,7,0,0,,,triagem/nome-caixa-conversao 1.0.0,7,ok
089842,per089842_1911_03660,8,0,0,,,triagem/nome-caixa-conversao 1.0.0,7,ok
089842,per089842_1911_03660,9,0,0,,,triagem/nome-caixa-conversao 1.0.0,7,ok
089842,per089842_1911_03660,10,0,0,,,triagem/nome-caixa-conversao 1.0.0,7,ok
089842,per089842_1911_03660,11,0,0,,,triagem/nome-caixa-conversao 1.0.0,7,ok
089842,per089842_1911_03660,12,0,0,,,triagem/nome-caixa-conversao 1.0.0,7,ok
089842,per089842_1911_03661,1,1,1,caixa do conver,5739,triagem/nome-caixa-conversao 1.0.0,7,ok
089842,per089842_1911_03661,2,0,0,,,triagem/nome-caixa-conversao 1.0.0,7,ok
089842,per089842_1911_03661,3,0,0,,,triagem/nome-caixa-conversao 1.0.0,7,ok
089842,per089842_1911_03661,4,0,0,,,triagem/nome-caixa-conversao 1.0.0,7,ok
089842,per089842_1911_03661,5,0,0,,,triagem/nome-caixa-conversao 1.0.0,7,ok
089842,per089842_1911_03661,6,0,0,,,triagem/nome-caixa-conversao 1.0.0,7,ok
089842,per089842_1911_03661,7,0,0,,,triagem/nome-caixa-conversao 1.0.0,7,ok
089842,per089842_1911_03661,8,0,0,,,triagem/nome-caixa-conversao 1.0.0,7,ok
089842,per089842_1911_03661,9,0,0,,,triagem/nome-caixa-conversao 1.0.0,7,ok
089842,per089842_1911_03661,10,0,0,,,triagem/nome-caixa-conversao 1.0.0,7,ok
089842,per089842_1911_03662,1,1,1,caixa dc conver,6922,triagem/nome-caixa-conversao 1.0.0,7,ok
089842,per089842_1911_03662,2,0,0,,,triagem/nome-caixa-conversao 1.0.0,7,ok
089842,per089842_1911_03662,3,0,0,,,triagem/nome-caixa-conversao 1.0.0,7,ok
089842,per089842_1911_03662,4,0,0,,,triagem/nome-caixa-conversao 1.0.0,7,ok
089842,per089842_1911_03662,5,0,0,,,triagem/nome-caixa-conversao 1.0.0,7,ok
089842,per089842_1911_03662,6,0,0,,,triagem/nome-caixa-conversao 1.0.0,7,ok
089842,per089842_1911_03662,7,0,0,,,triagem/nome-caixa-conversao 1.0.0,7,ok
089842,per089842_1911_03662,8,0,0,,,triagem/nome-caixa-conversao 1.0.0,7,ok
089842,per089842_1911_03662,9,0,0,,,triagem/nome-caixa-conversao 1.0.0,7,ok
089842,per089842_1911_03662,10,0,0,,,triagem/nome-caixa-conversao 1.0.0,7,ok
089842,per089842_1911_03662,11,0,0,,,triagem/nome-caixa-conversao 1.0.0,7,ok
089842,per089842_1911_03662,12,0,0,,,triagem/nome-caixa-conversao 1.0.0,7,ok
089842,per089842_1911_03663,1,1,1,caixa do conver,5394,triagem/nome-caixa-conversao 1.0.0,7,ok
089842,per089842_1911_03663,2,0,0,,,triagem/nome-caixa-conversao 1.0.0,7,ok
089842,per089842_1911_03663,3,0,0,,,triagem/nome-caixa-conversao 1.0.0,7,ok
089842,per089842_1911_03663,4,0,0,,,triagem/nome-caixa-conversao 1.0.0,7,ok
089842,per089842_1911_03663,5,0,0,,,triagem/nome-caixa-conversao 1.0.0,7,ok
089842,per089842_1911_03663,6,0,0,,,triagem/nome-caixa-conversao 1.0.0,7,ok
089842,per089842_1911_03663,7,0,0,,,triagem/nome-caixa-conversao 1.0.0,7,ok
089842,per089842_1911_03663,8,0,0,,,triagem/nome-caixa-conversao 1.0.0,7,ok
089842,per089842_1911_03663,9,0,0,,,triagem/nome-caixa-conversao 1.0.0,7,ok
089842,per089842_1911_03663,10,0,0,,,triagem/nome-caixa-conversao 1.0.0,7,ok
089842,per089842_1911_03664,1,0,0,,,triagem/nome-caixa-conversao 1.0.0,7,ok
089842,per089842_1911_03664,2,0,0,,,triagem/nome-caixa-conversao 1.0.0,7,ok
089842,per089842_1911_03664,3,0,0,,,triagem/nome-caixa-conversao 1.0.0,7,ok
089842,per089842_1911_03664,4,0,0,,,triagem/nome-caixa-conversao 1.0.0,7,ok
089842,per089842_1911_03664,5,0,0,,,triagem/nome-caixa-conversao 1.0.0,7,ok
089842,per089842_1911_03664,6,0,0,,,triagem/nome-caixa-conversao 1.0.0,7,ok
089842,per089842_1911_03664,7,0,0,,,triagem/nome-caixa-conversao 1.0.0,7,ok
089842,per089842_1911_03664,8,0,0,,,triagem/nome-caixa-conversao 1.0.0,7,ok
089842,per089842_1911_03664,9,0,0,,,triagem/nome-caixa-conversao 1.0.0,7,ok
089842,per089842_1911_03664,10,0,0,,,triagem/nome-caixa-conversao 1.0.0,7,ok
089842,per089842_1911_03664,11,0,0,,,triagem/nome-caixa-conversao 1.0.0,7,ok
089842,per089842_1911_03664,12,0,0,,,triagem/nome-caixa-conversao 1.0.0,7,ok
089842,per089842_1911_03664,13,0,0,,,triagem/nome-caixa-conversao 1.0.0,7,ok
089842,per089842_1911_03664,14,0,0,,,triagem/nome-caixa-conversao 1.0.0,7,ok
089842,per089842_1911_03664,15,0,0,,,triagem/nome-caixa-conversao 1.0.0,7,ok
089842,per089842_1911_03664,16,0,0,,,triagem/nome-caixa-conversao 1.0.0,7,ok
089842,per089842_1911_03665,1,0,0,,,triagem/nome-caixa-conversao 1.0.0,7,ok
089842,per089842_1911_03665,2,0,0,,,triagem/nome-caixa-conversao 1.0.0,7,ok
089842,per089842_1911_03665,3,0,0,,,triagem/nome-caixa-conversao 1.0.0,7,ok
089842,per089842_1911_03665,4,0,0,,,triagem/nome-caixa-conversao 1.0.0,7,ok
089842,per089842_1911_03665,5,0,0,,,triagem/nome-caixa-conversao 1.0.0,7,ok
089842,per089842_1911_03665,6,0,0,,,triagem/nome-caixa-conversao 1.0.0,7,ok
089842,per089842_1911_03665,7,0,0,,,triagem/nome-caixa-conversao 1.0.0,7,ok
089842,per089842_1911_03665,8,0,0,,,triagem/nome-caixa-conversao 1.0.0,7,ok
089842,per089842_1911_03666,1,0,0,,,triagem/nome-caixa-conversao 1.0.0,7,ok
089842,per089842_1911_03666,2,0,0,,,triagem/nome-caixa-conversao 1.0.0,7,ok
089842,per089842_1911_03666,3,0,0,,,triagem/nome-caixa-conversao 1.0.0,7,ok
089842,per089842_1911_03666,4,0,0,,,triagem/nome-caixa-conversao 1.0.0,7,ok
089842,per089842_1911_03666,5,0,0,,,triagem/nome-caixa-conversao 1.0.0,7,ok
089842,per089842_1911_03666,6,1,1,caixa de conver,14354,triagem/nome-caixa-conversao 1.0.0,7,ok
089842,per089842_1911_03666,7,0,0,,,triagem/nome-caixa-conversao 1.0.0,7,ok
089842,per089842_1911_03666,8,0,0,,,triagem/nome-caixa-conversao 1.0.0,7,ok
089842,per089842_1911_03666,9,0,0,,,triagem/nome-caixa-conversao 1.0.0,7,ok
089842,per089842_1911_03666,10,0,0,,,triagem/nome-caixa-conversao 1.0.0,7,ok
089842,per089842_1911_03666,11,0,0,,,triagem/nome-caixa-conversao 1.0.0,7,ok
089842,per089842_1911_03666,12,0,0,,,triagem/nome-caixa-conversao 1.0.0,7,ok
089842,per089842_1911_03667,1,0,0,,,triagem/nome-caixa-conversao 1.0.0,7,ok
089842,per089842_1911_03667,2,0,0,,,triagem/nome-caixa-conversao 1.0.0,7,ok
089842,per089842_1911_03667,3,0,0,,,triagem/nome-caixa-conversao 1.0.0,7,ok
089842,per089842_1911_03667,4,0,0,,,triagem/nome-caixa-conversao 1.0.0,7,ok
089842,per089842_1911_03667,5,0,0,,,triagem/nome-caixa-conversao 1.0.0,7,ok
089842,per089842_1911_03667,6,1,1,caixa de conver,7575,triagem/nome-caixa-conversao 1.0.0,7,ok
089842,per089842_1911_03667,7,0,0,,,triagem/nome-caixa-conversao 1.0.0,7,ok
089842,per089842_1911_03667,8,0,0,,,triagem/nome-caixa-conversao 1.0.0,7,ok
089842,per089842_1911_03667,9,0,0,,,triagem/nome-caixa-conversao 1.0.0,7,ok
089842,per089842_1911_03667,10,0,0,,,triagem/nome-caixa-conversao 1.0.0,7,ok
089842,per089842_1911_03667,11,0,0,,,triagem/nome-caixa-conversao 1.0.0,7,ok
089842,per089842_1911_03667,12,0,0,,,triagem/nome-caixa-conversao 1.0.0,7,ok
089842,per089842_1911_03668,1,0,0,,,triagem/nome-caixa-conversao 1.0.0,7,ok
089842,per089842_1911_03668,2,0,0,,,triagem/nome-caixa-conversao 1.0.0,7,ok
089842,per089842_1911_03668,3,0,0,,,triagem/nome-caixa-conversao 1.0.0,7,ok
089842,per089842_1911_03668,4,0,0,,,triagem/nome-caixa-conversao 1.0.0,7,ok
089842,per089842_1911_03668,5,1,1,caixa da conver,50754,triagem/nome-caixa-conversao 1.0.0,7,ok
089842,per089842_1911_03668,6,0,0,,,triagem/nome-caixa-conversao 1.0.0,7,ok
089842,per089842_1911_03668,7,0,0,,,triagem/nome-caixa-conversao 1.0.0,7,ok
089842,per089842_1911_03668,8,0,0,,,triagem/nome-caixa-conversao 1.0.0,7,ok
089842,per089842_1911_03668,9,0,0,,,triagem/nome-caixa-conversao 1.0.0,7,ok
089842,per089842_1911_03668,10,0,0,,,triagem/nome-caixa-conversao 1.0.0,7,ok
089842,per089842_1911_03668,11,0,0,,,triagem/nome-caixa-conversao 1.0.0,7,ok
089842,per089842_1911_03668,12,0,0,,,triagem/nome-caixa-conversao 1.0.0,7,ok
089842,per089842_1911_03669,1,0,0,,,triagem/nome-caixa-conversao 1.0.0,7,ok
089842,per089842_1911_03669,2,0,0,,,triagem/nome-caixa-conversao 1.0.0,7,ok
089842,per089842_1911_03669,3,0,0,,,triagem/nome-caixa-conversao 1.0.0,7,ok
089842,per089842_1911_03669,4,0,0,,,triagem/nome-caixa-conversao 1.0.0,7,ok
089842,per089842_1911_03669,5,1,1,caixa de conver,34386,triagem/nome-caixa-conversao 1.0.0,7,ok
089842,per089842_1911_03669,6,0,0,,,triagem/nome-caixa-conversao 1.0.0,7,ok
089842,per089842_1911_03669,7,0,0,,,triagem/nome-caixa-conversao 1.0.0,7,ok
089842,per089842_1911_03669,8,0,0,,,triagem/nome-caixa-conversao 1.0.0,7,ok
089842,per089842_1911_03669,9,0,0,,,triagem/nome-caixa-conversao 1.0.0,7,ok
089842,per089842_1911_03669,10,0,0,,,triagem/nome-caixa-conversao 1.0.0,7,ok
089842,per089842_1911_03670,1,0,0,,,triagem/nome-caixa-conversao 1.0.0,7,ok
089842,per089842_1911_03670,2,0,0,,,triagem/nome-caixa-conversao 1.0.0,7,ok
089842,per089842_1911_03670,3,0,0,,,triagem/nome-caixa-conversao 1.0.0,7,ok
089842,per089842_1911_03670,4,0,0,,,triagem/nome-caixa-conversao 1.0.0,7,ok
089842,per089842_1911_03670,5,0,0,,,triagem/nome-caixa-conversao 1.0.0,7,ok
089842,per089842_1911_03670,6,0,0,,,triagem/nome-caixa-conversao 1.0.0,7,ok
089842,per089842_1911_03670,7,0,0,,,triagem/nome-caixa-conversao 1.0.0,7,ok
089842,per089842_1911_03670,8,0,0,,,triagem/nome-caixa-conversao 1.0.0,7,ok
089842,per089842_1911_03670,9,0,0,,,triagem/nome-caixa-conversao 1.0.0,7,ok
089842,per089842_1911_03670,10,0,0,,,triagem/nome-caixa-conversao 1.0.0,7,ok
089842,per089842_1911_03670,11,0,0,,,triagem/nome-caixa-conversao 1.0.0,7,ok
089842,per089842_1911_03670,12,0,0,,,triagem/nome-caixa-conversao 1.0.0,7,ok
089842,per089842_1911_03670,13,0,0,,,triagem/nome-caixa-conversao 1.0.0,7,ok
089842,per089842_1911_03670,14,0,0,,,triagem/nome-caixa-conversao 1.0.0,7,ok
089842,per089842_1911_03670,15,0,0,,,triagem/nome-caixa-conversao 1.0.0,7,ok
089842,per089842_1911_03670,16,0,0,,,triagem/nome-caixa-conversao 1.0.0,7,ok
089842,per089842_1911_03671,1,0,0,,,triagem/nome-caixa-conversao 1.0.0,7,ok
089842,per089842_1911_03671,2,0,0,,,triagem/nome-caixa-conversao 1.0.0,7,ok
089842,per089842_1911_03671,3,0,0,,,triagem/nome-caixa-conversao 1.0.0,7,ok
089842,per089842_1911_03671,4,0,0,,,triagem/nome-caixa-conversao 1.0.0,7,ok
089842,per089842_1911_03671,5,0,0,,,triagem/nome-caixa-conversao 1.0.0,7,ok
089842,per089842_1911_03671,6,0,0,,,triagem/nome-caixa-conversao 1.0.0,7,ok
089842,per089842_1911_03671,7,0,0,,,triagem/nome-caixa-conversao 1.0.0,7,ok
089842,per089842_1911_03671,8,0,0,,,triagem/nome-caixa-conversao 1.0.0,7,ok
089842,per089842_1911_03671,9,0,0,,,triagem/nome-caixa-conversao 1.0.0,7,ok
089842,per089842_1911_03671,10,0,0,,,triagem/nome-caixa-conversao 1.0.0,7,ok
089842,per089842_1911_03671,11,0,0,,,triagem/nome-caixa-conversao 1.0.0,7,ok
089842,per089842_1911_03671,12,0,0,,,triagem/nome-caixa-conversao 1.0.0,7,ok
089842,per089842_1911_03671,13,0,0,,,triagem/nome-caixa-conversao 1.0.0,7,ok
089842,per089842_1911_03671,14,0,0,,,triagem/nome-caixa-conversao 1.0.0,7,ok
089842,per089842_1911_03671,15,0,0,,,triagem/nome-caixa-conversao 1.0.0,7,ok
089842,per089842_1911_03671,16,0,0,,,triagem/nome-caixa-conversao 1.0.0,7,ok
089842,per089842_1911_03672,1,0,0,,,triagem/nome-caixa-conversao 1.0.0,7,ok
089842,per089842_1911_03672,2,0,0,,,triagem/nome-caixa-conversao 1.0.0,7,ok
089842,per089842_1911_03672,3,0,0,,,triagem/nome-caixa-conversao 1.0.0,7,ok
089842,per089842_1911_03672,4,0,0,,,triagem/nome-caixa-conversao 1.0.0,7,ok
089842,per089842_1911_03672,5,0,0,,,triagem/nome-caixa-conversao 1.0.0,7,ok
089842,per089842_1911_03672,6,0,0,,,triagem/nome-caixa-conversao 1.0.0,7,ok
089842,per089842_1911_03672,7,0,0,,,triagem/nome-caixa-conversao 1.0.0,7,ok
089842,per089842_1911_03672,8,0,0,,,triagem/nome-caixa-conversao 1.0.0,7,ok
089842,per089842_1911_03672,9,0,0,,,triagem/nome-caixa-conversao 1.0.0,7,ok
089842,per089842_1911_03672,10,0,0,,,triagem/nome-caixa-conversao 1.0.0,7,ok
089842,per089842_1911_03673,1,1,1,caixa do conver,6235,triagem/nome-caixa-conversao 1.0.0,7,ok
089842,per089842_1911_03673,2,0,0,,,triagem/nome-caixa-conversao 1.0.0,7,ok
089842,per089842_1911_03673,3,0,0,,,triagem/nome-caixa-conversao 1.0.0,7,ok
089842,per089842_1911_03673,4,0,0,,,triagem/nome-caixa-conversao 1.0.0,7,ok
089842,per089842_1911_03673,5,1,1,caixa de conver,46179,triagem/nome-caixa-conversao 1.0.0,7,ok
089842,per089842_1911_03673,6,0,0,,,triagem/nome-caixa-conversao 1.0.0,7,ok
089842,per089842_1911_03673,7,0,0,,,triagem/nome-caixa-conversao 1.0.0,7,ok
089842,per089842_1911_03673,8,0,0,,,triagem/nome-caixa-conversao 1.0.0,7,ok
089842,per089842_1911_03673,9,0,0,,,triagem/nome-caixa-conversao 1.0.0,7,ok
089842,per089842_1911_03673,10,0,0,,,triagem/nome-caixa-conversao 1.0.0,7,ok
089842,per089842_1911_03673,11,0,0,,,triagem/nome-caixa-conversao 1.0.0,7,ok
089842,per089842_1911_03673,12,0,0,,,triagem/nome-caixa-conversao 1.0.0,7,ok
089842,per089842_1911_03674,1,1,1,caixa do conver,8808,triagem/nome-caixa-conversao 1.0.0,7,ok
089842,per089842_1911_03674,2,0,0,,,triagem/nome-caixa-conversao 1.0.0,7,ok
089842,per089842_1911_03674,3,0,0,,,triagem/nome-caixa-conversao 1.0.0,7,ok
089842,per089842_1911_03674,4,0,0,,,triagem/nome-caixa-conversao 1.0.0,7,ok
089842,per089842_1911_03674,5,0,0,,,triagem/nome-caixa-conversao 1.0.0,7,ok
089842,per089842_1911_03674,6,0,0,,,triagem/nome-caixa-conversao 1.0.0,7,ok
089842,per089842_1911_03674,7,1,1,caixa dc conver,9732,triagem/nome-caixa-conversao 1.0.0,7,ok
089842,per089842_1911_03674,8,0,0,,,triagem/nome-caixa-conversao 1.0.0,7,ok
089842,per089842_1911_03674,9,0,0,,,triagem/nome-caixa-conversao 1.0.0,7,ok
089842,per089842_1911_03674,10,0,0,,,triagem/nome-caixa-conversao 1.0.0,7,ok
089842,per089842_1911_03674,11,0,0,,,triagem/nome-caixa-conversao 1.0.0,7,ok
089842,per089842_1911_03674,12,0,0,,,triagem/nome-caixa-conversao 1.0.0,7,ok
089842,per089842_1911_03675,1,1,1,caixa do conver,6390,triagem/nome-caixa-conversao 1.0.0,7,ok
089842,per089842_1911_03675,2,1,1,caixa deconver,37635,triagem/nome-caixa-conversao 1.0.0,7,ok
089842,per089842_1911_03675,3,0,0,,,triagem/nome-caixa-conversao 1.0.0,7,ok
089842,per089842_1911_03675,4,0,0,,,triagem/nome-caixa-conversao 1.0.0,7,ok
089842,per089842_1911_03675,5,0,0,,,triagem/nome-caixa-conversao 1.0.0,7,ok
089842,per089842_1911_03675,6,0,0,,,triagem/nome-caixa-conversao 1.0.0,7,ok
089842,per089842_1911_03675,7,0,0,,,triagem/nome-caixa-conversao 1.0.0,7,ok
089842,per089842_1911_03675,8,0,0,,,triagem/nome-caixa-conversao 1.0.0,7,ok
089842,per089842_1911_03675,9,0,0,,,triagem/nome-caixa-conversao 1.0.0,7,ok
089842,per089842_1911_03675,10,0,0,,,triagem/nome-caixa-conversao 1.0.0,7,ok
089842,per089842_1911_03675,11,0,0,,,triagem/nome-caixa-conversao 1.0.0,7,ok
089842,per089842_1911_03675,12,0,0,,,triagem/nome-caixa-conversao 1.0.0,7,ok
089842,per089842_1911_03676,1,1,1,caixa do conver,8084,triagem/nome-caixa-conversao 1.0.0,7,ok
089842,per089842_1911_03676,2,1,2,caixa de conver,36778,triagem/nome-caixa-conversao 1.0.0,7,ok
089842,per089842_1911_03676,3,0,0,,,triagem/nome-caixa-conversao 1.0.0,7,ok
089842,per089842_1911_03676,4,0,0,,,triagem/nome-caixa-conversao 1.0.0,7,ok
089842,per089842_1911_03676,5,0,0,,,triagem/nome-caixa-conversao 1.0.0,7,ok
089842,per089842_1911_03676,6,0,0,,,triagem/nome-caixa-conversao 1.0.0,7,ok
089842,per089842_1911_03676,7,0,0,,,triagem/nome-caixa-conversao 1.0.0,7,ok
089842,per089842_1911_03676,8,0,0,,,triagem/nome-caixa-conversao 1.0.0,7,ok
089842,per089842_1911_03676,9,0,0,,,triagem/nome-caixa-conversao 1.0.0,7,ok
089842,per089842_1911_03676,10,0,0,,,triagem/nome-caixa-conversao 1.0.0,7,ok
089842,per089842_1911_03676,11,0,0,,,triagem/nome-caixa-conversao 1.0.0,7,ok
089842,per089842_1911_03676,12,0,0,,,triagem/nome-caixa-conversao 1.0.0,7,ok
089842,per089842_1911_03677,1,1,1,caixa de conver,9857,triagem/nome-caixa-conversao 1.0.0,7,ok
089842,per089842_1911_03677,2,0,0,,,triagem/nome-caixa-conversao 1.0.0,7,ok
089842,per089842_1911_03677,3,0,0,,,triagem/nome-caixa-conversao 1.0.0,7,ok
089842,per089842_1911_03677,4,0,0,,,triagem/nome-caixa-conversao 1.0.0,7,ok
089842,per089842_1911_03677,5,0,0,,,triagem/nome-caixa-conversao 1.0.0,7,ok
089842,per089842_1911_03677,6,1,1,caixa do conver,17590,triagem/nome-caixa-conversao 1.0.0,7,ok
089842,per089842_1911_03677,7,0,0,,,triagem/nome-caixa-conversao 1.0.0,7,ok
089842,per089842_1911_03677,8,0,0,,,triagem/nome-caixa-conversao 1.0.0,7,ok
089842,per089842_1911_03677,9,0,0,,,triagem/nome-caixa-conversao 1.0.0,7,ok
089842,per089842_1911_03677,10,0,0,,,triagem/nome-caixa-conversao 1.0.0,7,ok
089842,per089842_1911_03677,11,0,0,,,triagem/nome-caixa-conversao 1.0.0,7,ok
089842,per089842_1911_03677,12,0,0,,,triagem/nome-caixa-conversao 1.0.0,7,ok
089842,per089842_1911_03678,1,0,0,,,triagem/nome-caixa-conversao 1.0.0,7,ok
089842,per089842_1911_03678,2,1,1,caixa do conver,9425,triagem/nome-caixa-conversao 1.0.0,7,ok
089842,per089842_1911_03678,3,0,0,,,triagem/nome-caixa-conversao 1.0.0,7,ok
089842,per089842_1911_03678,4,0,0,,,triagem/nome-caixa-conversao 1.0.0,7,ok
089842,per089842_1911_03678,5,0,0,,,triagem/nome-caixa-conversao 1.0.0,7,ok
089842,per089842_1911_03678,6,0,0,,,triagem/nome-caixa-conversao 1.0.0,7,ok
089842,per089842_1911_03678,7,0,0,,,triagem/nome-caixa-conversao 1.0.0,7,ok
089842,per089842_1911_03678,8,0,0,,,triagem/nome-caixa-conversao 1.0.0,7,ok
089842,per089842_1911_03678,9,0,0,,,triagem/nome-caixa-conversao 1.0.0,7,ok
089842,per089842_1911_03678,10,0,0,,,triagem/nome-caixa-conversao 1.0.0,7,ok
089842,per089842_1911_03678,11,0,0,,,triagem/nome-caixa-conversao 1.0.0,7,ok
089842,per089842_1911_03678,12,0,0,,,triagem/nome-caixa-conversao 1.0.0,7,ok
089842,per089842_1911_03678,13,0,0,,,triagem/nome-caixa-conversao 1.0.0,7,ok
089842,per089842_1911_03678,14,0,0,,,triagem/nome-caixa-conversao 1.0.0,7,ok
089842,per089842_1911_03678,15,0,0,,,triagem/nome-caixa-conversao 1.0.0,7,ok
089842,per089842_1911_03678,16,0,0,,,triagem/nome-caixa-conversao 1.0.0,7,ok
089842,per089842_1911_03679,1,0,0,,,triagem/nome-caixa-conversao 1.0.0,7,ok
089842,per089842_1911_03679,2,0,0,,,triagem/nome-caixa-conversao 1.0.0,7,ok
089842,per089842_1911_03679,3,0,0,,,triagem/nome-caixa-conversao 1.0.0,7,ok
089842,per089842_1911_03679,4,0,0,,,triagem/nome-caixa-conversao 1.0.0,7,ok
089842,per089842_1911_03679,5,0,0,,,triagem/nome-caixa-conversao 1.0.0,7,ok
089842,per089842_1911_03679,6,0,0,,,triagem/nome-caixa-conversao 1.0.0,7,ok
089842,per089842_1911_03679,7,0,0,,,triagem/nome-caixa-conversao 1.0.0,7,ok
089842,per089842_1911_03679,8,0,0,,,triagem/nome-caixa-conversao 1.0.0,7,ok
089842,per089842_1911_03679,9,0,0,,,triagem/nome-caixa-conversao 1.0.0,7,ok
089842,per089842_1911_03679,10,0,0,,,triagem/nome-caixa-conversao 1.0.0,7,ok
089842,per089842_1911_03680,1,0,0,,,triagem/nome-caixa-conversao 1.0.0,7,ok
089842,per089842_1911_03680,2,0,0,,,triagem/nome-caixa-conversao 1.0.0,7,ok
089842,per089842_1911_03680,3,0,0,,,triagem/nome-caixa-conversao 1.0.0,7,ok
089842,per089842_1911_03680,4,0,0,,,triagem/nome-caixa-conversao 1.0.0,7,ok
089842,per089842_1911_03680,5,0,0,,,triagem/nome-caixa-conversao 1.0.0,7,ok
089842,per089842_1911_03680,6,0,0,,,triagem/nome-caixa-conversao 1.0.0,7,ok
089842,per089842_1911_03680,7,0,0,,,triagem/nome-caixa-conversao 1.0.0,7,ok
089842,per089842_1911_03680,8,0,0,,,triagem/nome-caixa-conversao 1.0.0,7,ok
089842,per089842_1911_03680,9,0,0,,,triagem/nome-caixa-conversao 1.0.0,7,ok
089842,per089842_1911_03680,10,0,0,,,triagem/nome-caixa-conversao 1.0.0,7,ok
089842,per089842_1911_03680,11,0,0,,,triagem/nome-caixa-conversao 1.0.0,7,ok
089842,per089842_1911_03680,12,0,0,,,triagem/nome-caixa-conversao 1.0.0,7,ok
089842,per089842_1911_03680,13,0,0,,,triagem/nome-caixa-conversao 1.0.0,7,ok
089842,per089842_1911_03680,14,0,0,,,triagem/nome-caixa-conversao 1.0.0,7,ok
089842,per089842_1911_03681,1,0,0,,,triagem/nome-caixa-conversao 1.0.0,7,ok
089842,per089842_1911_03681,2,0,0,,,triagem/nome-caixa-conversao 1.0.0,7,ok
089842,per089842_1911_03681,3,0,0,,,triagem/nome-caixa-conversao 1.0.0,7,ok
089842,per089842_1911_03681,4,0,0,,,triagem/nome-caixa-conversao 1.0.0,7,ok
089842,per089842_1911_03681,5,0,0,,,triagem/nome-caixa-conversao 1.0.0,7,ok
089842,per089842_1911_03681,6,0,0,,,triagem/nome-caixa-conversao 1.0.0,7,ok
089842,per089842_1911_03681,7,0,0,,,triagem/nome-caixa-conversao 1.0.0,7,ok
089842,per089842_1911_03681,8,0,0,,,triagem/nome-caixa-conversao 1.0.0,7,ok
089842,per089842_1911_03681,9,0,0,,,triagem/nome-caixa-conversao 1.0.0,7,ok
089842,per089842_1911_03681,10,0,0,,,triagem/nome-caixa-conversao 1.0.0,7,ok
089842,per089842_1911_03682,1,0,0,,,triagem/nome-caixa-conversao 1.0.0,7,ok
089842,per089842_1911_03682,2,0,0,,,triagem/nome-caixa-conversao 1.0.0,7,ok
089842,per089842_1911_03682,3,0,0,,,triagem/nome-caixa-conversao 1.0.0,7,ok
089842,per089842_1911_03682,4,0,0,,,triagem/nome-caixa-conversao 1.0.0,7,ok
089842,per089842_1911_03682,5,0,0,,,triagem/nome-caixa-conversao 1.0.0,7,ok
089842,per089842_1911_03682,6,0,0,,,triagem/nome-caixa-conversao 1.0.0,7,ok
089842,per089842_1911_03682,7,1,1,caixadc conver,19135,triagem/nome-caixa-conversao 1.0.0,7,ok
089842,per089842_1911_03682,8,0,0,,,triagem/nome-caixa-conversao 1.0.0,7,ok
089842,per089842_1911_03682,9,0,0,,,triagem/nome-caixa-conversao 1.0.0,7,ok
089842,per089842_1911_03682,10,0,0,,,triagem/nome-caixa-conversao 1.0.0,7,ok
089842,per089842_1911_03682,11,0,0,,,triagem/nome-caixa-conversao 1.0.0,7,ok
089842,per089842_1911_03682,12,0,0,,,triagem/nome-caixa-conversao 1.0.0,7,ok
089842,per089842_1911_03682,13,0,0,,,triagem/nome-caixa-conversao 1.0.0,7,ok
089842,per089842_1911_03682,14,0,0,,,triagem/nome-caixa-conversao 1.0.0,7,ok
089842,per089842_1911_03683,1,0,0,,,triagem/nome-caixa-conversao 1.0.0,7,ok
089842,per089842_1911_03683,2,0,0,,,triagem/nome-caixa-conversao 1.0.0,7,ok
089842,per089842_1911_03683,3,0,0,,,triagem/nome-caixa-conversao 1.0.0,7,ok
089842,per089842_1911_03683,4,0,0,,,triagem/nome-caixa-conversao 1.0.0,7,ok
089842,per089842_1911_03683,5,0,0,,,triagem/nome-caixa-conversao 1.0.0,7,ok
089842,per089842_1911_03683,6,0,0,,,triagem/nome-caixa-conversao 1.0.0,7,ok
089842,per089842_1911_03683,7,0,0,,,triagem/nome-caixa-conversao 1.0.0,7,ok
089842,per089842_1911_03683,8,0,0,,,triagem/nome-caixa-conversao 1.0.0,7,ok
089842,per089842_1911_03683,9,0,0,,,triagem/nome-caixa-conversao 1.0.0,7,ok
089842,per089842_1911_03683,10,0,0,,,triagem/nome-caixa-conversao 1.0.0,7,ok
089842,per089842_1911_03683,11,0,0,,,triagem/nome-caixa-conversao 1.0.0,7,ok
089842,per089842_1911_03683,12,0,0,,,triagem/nome-caixa-conversao 1.0.0,7,ok
089842,per089842_1911_03684,1,0,0,,,triagem/nome-caixa-conversao 1.0.0,7,ok
089842,per089842_1911_03684,2,0,0,,,triagem/nome-caixa-conversao 1.0.0,7,ok
089842,per089842_1911_03684,3,0,0,,,triagem/nome-caixa-conversao 1.0.0,7,ok
089842,per089842_1911_03684,4,0,0,,,triagem/nome-caixa-conversao 1.0.0,7,ok
089842,per089842_1911_03684,5,0,0,,,triagem/nome-caixa-conversao 1.0.0,7,ok
089842,per089842_1911_03684,6,0,0,,,triagem/nome-caixa-conversao 1.0.0,7,ok
089842,per089842_1911_03684,7,0,0,,,triagem/nome-caixa-conversao 1.0.0,7,ok
089842,per089842_1911_03684,8,0,0,,,triagem/nome-caixa-conversao 1.0.0,7,ok
089842,per089842_1911_03684,9,0,0,,,triagem/nome-caixa-conversao 1.0.0,7,ok
089842,per089842_1911_03684,10,0,0,,,triagem/nome-caixa-conversao 1.0.0,7,ok
089842,per089842_1911_03684,11,0,0,,,triagem/nome-caixa-conversao 1.0.0,7,ok
089842,per089842_1911_03684,12,0,0,,,triagem/nome-caixa-conversao 1.0.0,7,ok
089842,per089842_1911_03685,1,0,0,,,triagem/nome-caixa-conversao 1.0.0,7,ok
089842,per089842_1911_03685,2,0,0,,,triagem/nome-caixa-conversao 1.0.0,7,ok
089842,per089842_1911_03685,3,0,0,,,triagem/nome-caixa-conversao 1.0.0,7,ok
089842,per089842_1911_03685,4,0,0,,,triagem/nome-caixa-conversao 1.0.0,7,ok
089842,per089842_1911_03685,5,0,0,,,triagem/nome-caixa-conversao 1.0.0,7,ok
089842,per089842_1911_03685,6,0,0,,,triagem/nome-caixa-conversao 1.0.0,7,ok
089842,per089842_1911_03685,7,0,0,,,triagem/nome-caixa-conversao 1.0.0,7,ok
089842,per089842_1911_03685,8,0,0,,,triagem/nome-caixa-conversao 1.0.0,7,ok
089842,per089842_1911_03685,9,0,0,,,triagem/nome-caixa-conversao 1.0.0,7,ok
089842,per089842_1911_03685,10,0,0,,,triagem/nome-caixa-conversao 1.0.0,7,ok
089842,per089842_1911_03685,11,0,0,,,triagem/nome-caixa-conversao 1.0.0,7,ok
089842,per089842_1911_03685,12,0,0,,,triagem/nome-caixa-conversao 1.0.0,7,ok
089842,per089842_1911_03685,13,0,0,,,triagem/nome-caixa-conversao 1.0.0,7,ok
089842,per089842_1911_03685,14,0,0,,,triagem/nome-caixa-conversao 1.0.0,7,ok
089842,per089842_1911_03686,1,0,0,,,triagem/nome-caixa-conversao 1.0.0,7,ok
089842,per089842_1911_03686,2,0,0,,,triagem/nome-caixa-conversao 1.0.0,7,ok
089842,per089842_1911_03686,3,0,0,,,triagem/nome-caixa-conversao 1.0.0,7,ok
089842,per089842_1911_03686,4,0,0,,,triagem/nome-caixa-conversao 1.0.0,7,ok
089842,per089842_1911_03686,5,0,0,,,triagem/nome-caixa-conversao 1.0.0,7,ok
089842,per089842_1911_03686,6,0,0,,,triagem/nome-caixa-conversao 1.0.0,7,ok
089842,per089842_1911_03686,7,0,0,,,triagem/nome-caixa-conversao 1.0.0,7,ok
089842,per089842_1911_03686,8,0,0,,,triagem/nome-caixa-conversao 1.0.0,7,ok
089842,per089842_1911_03686,9,0,0,,,triagem/nome-caixa-conversao 1.0.0,7,ok
089842,per089842_1911_03686,10,0,0,,,triagem/nome-caixa-conversao 1.0.0,7,ok
089842,per089842_1911_03687,1,1,1,caixa do conver,1638,triagem/nome-caixa-conversao 1.0.0,7,ok
089842,per089842_1911_03687,2,0,0,,,triagem/nome-caixa-conversao 1.0.0,7,ok
089842,per089842_1911_03687,3,0,0,,,triagem/nome-caixa-conversao 1.0.0,7,ok
089842,per089842_1911_03687,4,0,0,,,triagem/nome-caixa-conversao 1.0.0,7,ok
089842,per089842_1911_03687,5,0,0,,,triagem/nome-caixa-conversao 1.0.0,7,ok
089842,per089842_1911_03687,6,0,0,,,triagem/nome-caixa-conversao 1.0.0,7,ok
089842,per089842_1911_03687,7,0,0,,,triagem/nome-caixa-conversao 1.0.0,7,ok
089842,per089842_1911_03687,8,0,0,,,triagem/nome-caixa-conversao 1.0.0,7,ok
089842,per089842_1911_03687,9,0,0,,,triagem/nome-caixa-conversao 1.0.0,7,ok
089842,per089842_1911_03687,10,0,0,,,triagem/nome-caixa-conversao 1.0.0,7,ok
089842,per089842_1911_03687,11,0,0,,,triagem/nome-caixa-conversao 1.0.0,7,ok
089842,per089842_1911_03687,12,0,0,,,triagem/nome-caixa-conversao 1.0.0,7,ok
089842,per089842_1911_03687,13,0,0,,,triagem/nome-caixa-conversao 1.0.0,7,ok
089842,per089842_1911_03687,14,0,0,,,triagem/nome-caixa-conversao 1.0.0,7,ok
089842,per089842_1911_03688,1,0,0,,,triagem/nome-caixa-conversao 1.0.0,7,ok
089842,per089842_1911_03688,2,0,0,,,triagem/nome-caixa-conversao 1.0.0,7,ok
089842,per089842_1911_03688,3,0,0,,,triagem/nome-caixa-conversao 1.0.0,7,ok
089842,per089842_1911_03688,4,0,0,,,triagem/nome-caixa-conversao 1.0.0,7,ok
089842,per089842_1911_03688,5,0,0,,,triagem/nome-caixa-conversao 1.0.0,7,ok
089842,per089842_1911_03688,6,0,0,,,triagem/nome-caixa-conversao 1.0.0,7,ok
089842,per089842_1911_03688,7,1,1,caixa de conver,10985,triagem/nome-caixa-conversao 1.0.0,7,ok
089842,per089842_1911_03688,8,0,0,,,triagem/nome-caixa-conversao 1.0.0,7,ok
089842,per089842_1911_03688,9,0,0,,,triagem/nome-caixa-conversao 1.0.0,7,ok
089842,per089842_1911_03688,10,0,0,,,triagem/nome-caixa-conversao 1.0.0,7,ok
089842,per089842_1911_03688,11,0,0,,,triagem/nome-caixa-conversao 1.0.0,7,ok
089842,per089842_1911_03688,12,0,0,,,triagem/nome-caixa-conversao 1.0.0,7,ok
089842,per089842_1911_03689,1,0,0,,,triagem/nome-caixa-conversao 1.0.0,7,ok
089842,per089842_1911_03689,2,0,0,,,triagem/nome-caixa-conversao 1.0.0,7,ok
089842,per089842_1911_03689,3,0,0,,,triagem/nome-caixa-conversao 1.0.0,7,ok
089842,per089842_1911_03689,4,0,0,,,triagem/nome-caixa-conversao 1.0.0,7,ok
089842,per089842_1911_03689,5,0,0,,,triagem/nome-caixa-conversao 1.0.0,7,ok
089842,per089842_1911_03689,6,0,0,,,triagem/nome-caixa-conversao 1.0.0,7,ok
089842,per089842_1911_03689,7,0,0,,,triagem/nome-caixa-conversao 1.0.0,7,ok
089842,per089842_1911_03689,8,0,0,,,triagem/nome-caixa-conversao 1.0.0,7,ok
089842,per089842_1911_03689,9,0,0,,,triagem/nome-caixa-conversao 1.0.0,7,ok
089842,per089842_1911_03689,10,0,0,,,triagem/nome-caixa-conversao 1.0.0,7,ok
089842,per089842_1911_03689,11,0,0,,,triagem/nome-caixa-conversao 1.0.0,7,ok
089842,per089842_1911_03690,1,0,0,,,triagem/nome-caixa-conversao 1.0.0,7,ok
089842,per089842_1911_03690,2,0,0,,,triagem/nome-caixa-conversao 1.0.0,7,ok
089842,per089842_1911_03690,3,0,0,,,triagem/nome-caixa-conversao 1.0.0,7,ok
089842,per089842_1911_03690,4,0,0,,,triagem/nome-caixa-conversao 1.0.0,7,ok
089842,per089842_1911_03690,5,0,0,,,triagem/nome-caixa-conversao 1.0.0,7,ok
089842,per089842_1911_03690,6,0,0,,,triagem/nome-caixa-conversao 1.0.0,7,ok
089842,per089842_1911_03690,7,0,0,,,triagem/nome-caixa-conversao 1.0.0,7,ok
089842,per089842_1911_03690,8,0,0,,,triagem/nome-caixa-conversao 1.0.0,7,ok
089842,per089842_1911_03690,9,0,0,,,triagem/nome-caixa-conversao 1.0.0,7,ok
089842,per089842_1911_03690,10,0,0,,,triagem/nome-caixa-conversao 1.0.0,7,ok
089842,per089842_1911_03690,11,0,0,,,triagem/nome-caixa-conversao 1.0.0,7,ok
089842,per089842_1911_03690,12,0,0,,,triagem/nome-caixa-conversao 1.0.0,7,ok
089842,per089842_1911_03691,1,0,0,,,triagem/nome-caixa-conversao 1.0.0,7,ok
089842,per089842_1911_03691,2,0,0,,,triagem/nome-caixa-conversao 1.0.0,7,ok
089842,per089842_1911_03691,3,0,0,,,triagem/nome-caixa-conversao 1.0.0,7,ok
089842,per089842_1911_03691,4,0,0,,,triagem/nome-caixa-conversao 1.0.0,7,ok
089842,per089842_1911_03691,5,0,0,,,triagem/nome-caixa-conversao 1.0.0,7,ok
089842,per089842_1911_03691,6,0,0,,,triagem/nome-caixa-conversao 1.0.0,7,ok
089842,per089842_1911_03691,7,0,0,,,triagem/nome-caixa-conversao 1.0.0,7,ok
089842,per089842_1911_03691,8,0,0,,,triagem/nome-caixa-conversao 1.0.0,7,ok
089842,per089842_1911_03691,9,0,0,,,triagem/nome-caixa-conversao 1.0.0,7,ok
089842,per089842_1911_03691,10,0,0,,,triagem/nome-caixa-conversao 1.0.0,7,ok
089842,per089842_1911_03692,1,0,0,,,triagem/nome-caixa-conversao 1.0.0,7,ok
089842,per089842_1911_03692,2,0,0,,,triagem/nome-caixa-conversao 1.0.0,7,ok
089842,per089842_1911_03692,3,0,0,,,triagem/nome-caixa-conversao 1.0.0,7,ok
089842,per089842_1911_03692,4,0,0,,,triagem/nome-caixa-conversao 1.0.0,7,ok
089842,per089842_1911_03692,5,0,0,,,triagem/nome-caixa-conversao 1.0.0,7,ok
089842,per089842_1911_03692,6,0,0,,,triagem/nome-caixa-conversao 1.0.0,7,ok
089842,per089842_1911_03692,7,0,0,,,triagem/nome-caixa-conversao 1.0.0,7,ok
089842,per089842_1911_03692,8,0,0,,,triagem/nome-caixa-conversao 1.0.0,7,ok
089842,per089842_1911_03692,9,0,0,,,triagem/nome-caixa-conversao 1.0.0,7,ok
089842,per089842_1911_03692,10,0,0,,,triagem/nome-caixa-conversao 1.0.0,7,ok
089842,per089842_1911_03692,11,0,0,,,triagem/nome-caixa-conversao 1.0.0,7,ok
089842,per089842_1911_03692,12,0,0,,,triagem/nome-caixa-conversao 1.0.0,7,ok
089842,per089842_1911_03692,13,0,0,,,triagem/nome-caixa-conversao 1.0.0,7,ok
089842,per089842_1911_03692,14,0,0,,,triagem/nome-caixa-conversao 1.0.0,7,ok
089842,per089842_1911_03692,15,0,0,,,triagem/nome-caixa-conversao 1.0.0,7,ok
089842,per089842_1911_03692,16,0,0,,,triagem/nome-caixa-conversao 1.0.0,7,ok
089842,per089842_1911_03693,1,0,0,,,triagem/nome-caixa-conversao 1.0.0,7,ok
089842,per089842_1911_03693,2,0,0,,,triagem/nome-caixa-conversao 1.0.0,7,ok
089842,per089842_1911_03693,3,0,0,,,triagem/nome-caixa-conversao 1.0.0,7,ok
089842,per089842_1911_03693,4,0,0,,,triagem/nome-caixa-conversao 1.0.0,7,ok
089842,per089842_1911_03693,5,0,0,,,triagem/nome-caixa-conversao 1.0.0,7,ok
089842,per089842_1911_03693,6,0,0,,,triagem/nome-caixa-conversao 1.0.0,7,ok
089842,per089842_1911_03693,7,0,0,,,triagem/nome-caixa-conversao 1.0.0,7,ok
089842,per089842_1911_03693,8,0,0,,,triagem/nome-caixa-conversao 1.0.0,7,ok
089842,per089842_1911_03694,1,0,0,,,triagem/nome-caixa-conversao 1.0.0,7,ok
089842,per089842_1911_03694,2,0,0,,,triagem/nome-caixa-conversao 1.0.0,7,ok
089842,per089842_1911_03694,3,0,0,,,triagem/nome-caixa-conversao 1.0.0,7,ok
089842,per089842_1911_03694,4,0,0,,,triagem/nome-caixa-conversao 1.0.0,7,ok
089842,per089842_1911_03694,5,0,0,,,triagem/nome-caixa-conversao 1.0.0,7,ok
089842,per089842_1911_03694,6,0,0,,,triagem/nome-caixa-conversao 1.0.0,7,ok
089842,per089842_1911_03694,7,0,0,,,triagem/nome-caixa-conversao 1.0.0,7,ok
089842,per089842_1911_03694,8,0,0,,,triagem/nome-caixa-conversao 1.0.0,7,ok
089842,per089842_1911_03694,9,0,0,,,triagem/nome-caixa-conversao 1.0.0,7,ok
089842,per089842_1911_03694,10,0,0,,,triagem/nome-caixa-conversao 1.0.0,7,ok
089842,per089842_1911_03695,1,1,1,caixa do conver,8946,triagem/nome-caixa-conversao 1.0.0,7,ok
089842,per089842_1911_03695,2,0,0,,,triagem/nome-caixa-conversao 1.0.0,7,ok
089842,per089842_1911_03695,3,0,0,,,triagem/nome-caixa-conversao 1.0.0,7,ok
089842,per089842_1911_03695,4,0,0,,,triagem/nome-caixa-conversao 1.0.0,7,ok
089842,per089842_1911_03695,5,0,0,,,triagem/nome-caixa-conversao 1.0.0,7,ok
089842,per089842_1911_03695,6,0,0,,,triagem/nome-caixa-conversao 1.0.0,7,ok
089842,per089842_1911_03695,7,0,0,,,triagem/nome-caixa-conversao 1.0.0,7,ok
089842,per089842_1911_03695,8,0,0,,,triagem/nome-caixa-conversao 1.0.0,7,ok
089842,per089842_1911_03695,9,0,0,,,triagem/nome-caixa-conversao 1.0.0,7,ok
089842,per089842_1911_03695,10,0,0,,,triagem/nome-caixa-conversao 1.0.0,7,ok
089842,per089842_1911_03696,1,1,1,caixa de conver,33097,triagem/nome-caixa-conversao 1.0.0,7,ok
089842,per089842_1911_03696,2,0,0,,,triagem/nome-caixa-conversao 1.0.0,7,ok
089842,per089842_1911_03696,3,0,0,,,triagem/nome-caixa-conversao 1.0.0,7,ok
089842,per089842_1911_03696,4,0,0,,,triagem/nome-caixa-conversao 1.0.0,7,ok
089842,per089842_1911_03696,5,0,0,,,triagem/nome-caixa-conversao 1.0.0,7,ok
089842,per089842_1911_03696,6,0,0,,,triagem/nome-caixa-conversao 1.0.0,7,ok
089842,per089842_1911_03696,7,0,0,,,triagem/nome-caixa-conversao 1.0.0,7,ok
089842,per089842_1911_03696,8,0,0,,,triagem/nome-caixa-conversao 1.0.0,7,ok
089842,per089842_1911_03696,9,0,0,,,triagem/nome-caixa-conversao 1.0.0,7,ok
089842,per089842_1911_03696,10,0,0,,,triagem/nome-caixa-conversao 1.0.0,7,ok
089842,per089842_1911_03696,11,0,0,,,triagem/nome-caixa-conversao 1.0.0,7,ok
089842,per089842_1911_03696,12,0,0,,,triagem/nome-caixa-conversao 1.0.0,7,ok
089842,per089842_1911_03697,1,0,0,,,triagem/nome-caixa-conversao 1.0.0,7,ok
089842,per089842_1911_03697,2,0,0,,,triagem/nome-caixa-conversao 1.0.0,7,ok
089842,per089842_1911_03697,3,0,0,,,triagem/nome-caixa-conversao 1.0.0,7,ok
089842,per089842_1911_03697,4,1,1,caixa de conver,29831,triagem/nome-caixa-conversao 1.0.0,7,ok
089842,per089842_1911_03697,5,0,0,,,triagem/nome-caixa-conversao 1.0.0,7,ok
089842,per089842_1911_03697,6,0,0,,,triagem/nome-caixa-conversao 1.0.0,7,ok
089842,per089842_1911_03697,7,0,0,,,triagem/nome-caixa-conversao 1.0.0,7,ok
089842,per089842_1911_03697,8,0,0,,,triagem/nome-caixa-conversao 1.0.0,7,ok
089842,per089842_1911_03697,9,0,0,,,triagem/nome-caixa-conversao 1.0.0,7,ok
089842,per089842_1911_03697,10,0,0,,,triagem/nome-caixa-conversao 1.0.0,7,ok
089842,per089842_1911_03697,11,0,0,,,triagem/nome-caixa-conversao 1.0.0,7,ok
089842,per089842_1911_03697,12,0,0,,,triagem/nome-caixa-conversao 1.0.0,7,ok
089842,per089842_1911_03698,1,0,0,,,triagem/nome-caixa-conversao 1.0.0,7,ok
089842,per089842_1911_03698,2,0,0,,,triagem/nome-caixa-conversao 1.0.0,7,ok
089842,per089842_1911_03698,3,0,0,,,triagem/nome-caixa-conversao 1.0.0,7,ok
089842,per089842_1911_03698,4,0,0,,,triagem/nome-caixa-conversao 1.0.0,7,ok
089842,per089842_1911_03698,5,0,0,,,triagem/nome-caixa-conversao 1.0.0,7,ok
089842,per089842_1911_03698,6,1,1,caixa de conver,31347,triagem/nome-caixa-conversao 1.0.0,7,ok
089842,per089842_1911_03698,7,0,0,,,triagem/nome-caixa-conversao 1.0.0,7,ok
089842,per089842_1911_03698,8,0,0,,,triagem/nome-caixa-conversao 1.0.0,7,ok
089842,per089842_1911_03698,9,0,0,,,triagem/nome-caixa-conversao 1.0.0,7,ok
089842,per089842_1911_03698,10,0,0,,,triagem/nome-caixa-conversao 1.0.0,7,ok
089842,per089842_1911_03698,11,0,0,,,triagem/nome-caixa-conversao 1.0.0,7,ok
089842,per089842_1911_03698,12,0,0,,,triagem/nome-caixa-conversao 1.0.0,7,ok
089842,per089842_1911_03699,1,0,0,,,triagem/nome-caixa-conversao 1.0.0,7,ok
089842,per089842_1911_03699,2,0,0,,,triagem/nome-caixa-conversao 1.0.0,7,ok
089842,per089842_1911_03699,3,0,0,,,triagem/nome-caixa-conversao 1.0.0,7,ok
089842,per089842_1911_03699,4,0,0,,,triagem/nome-caixa-conversao 1.0.0,7,ok
089842,per089842_1911_03699,5,0,0,,,triagem/nome-caixa-conversao 1.0.0,7,ok
089842,per089842_1911_03699,6,0,0,,,triagem/nome-caixa-conversao 1.0.0,7,ok
089842,per089842_1911_03699,7,0,0,,,triagem/nome-caixa-conversao 1.0.0,7,ok
089842,per089842_1911_03699,8,0,0,,,triagem/nome-caixa-conversao 1.0.0,7,ok
089842,per089842_1911_03699,9,0,0,,,triagem/nome-caixa-conversao 1.0.0,7,ok
089842,per089842_1911_03699,10,0,0,,,triagem/nome-caixa-conversao 1.0.0,7,ok
089842,per089842_1911_03699,11,0,0,,,triagem/nome-caixa-conversao 1.0.0,7,ok
089842,per089842_1911_03699,12,0,0,,,triagem/nome-caixa-conversao 1.0.0,7,ok
089842,per089842_1911_03699,13,0,0,,,triagem/nome-caixa-conversao 1.0.0,7,ok
089842,per089842_1911_03699,14,0,0,,,triagem/nome-caixa-conversao 1.0.0,7,ok
089842,per089842_1911_03700,1,0,0,,,triagem/nome-caixa-conversao 1.0.0,7,ok
089842,per089842_1911_03700,2,0,0,,,triagem/nome-caixa-conversao 1.0.0,7,ok
089842,per089842_1911_03700,3,0,0,,,triagem/nome-caixa-conversao 1.0.0,7,ok
089842,per089842_1911_03700,4,0,0,,,triagem/nome-caixa-conversao 1.0.0,7,ok
089842,per089842_1911_03700,5,1,1,caixa dc conver,30607,triagem/nome-caixa-conversao 1.0.0,7,ok
089842,per089842_1911_03700,6,0,0,,,triagem/nome-caixa-conversao 1.0.0,7,ok
089842,per089842_1911_03700,7,0,0,,,triagem/nome-caixa-conversao 1.0.0,7,ok
089842,per089842_1911_03700,8,0,0,,,triagem/nome-caixa-conversao 1.0.0,7,ok
089842,per089842_1911_03700,9,0,0,,,triagem/nome-caixa-conversao 1.0.0,7,ok
089842,per089842_1911_03700,10,0,0,,,triagem/nome-caixa-conversao 1.0.0,7,ok
089842,per089842_1911_03701,1,0,0,,,triagem/nome-caixa-conversao 1.0.0,7,ok
089842,per089842_1911_03701,2,1,2,caixa deconver,6493,triagem/nome-caixa-conversao 1.0.0,7,ok
089842,per089842_1911_03701,3,0,0,,,triagem/nome-caixa-conversao 1.0.0,7,ok
089842,per089842_1911_03701,4,1,1,caixa dc conver,34147,triagem/nome-caixa-conversao 1.0.0,7,ok
089842,per089842_1911_03701,5,0,0,,,triagem/nome-caixa-conversao 1.0.0,7,ok
089842,per089842_1911_03701,6,0,0,,,triagem/nome-caixa-conversao 1.0.0,7,ok
089842,per089842_1911_03701,7,0,0,,,triagem/nome-caixa-conversao 1.0.0,7,ok
089842,per089842_1911_03701,8,0,0,,,triagem/nome-caixa-conversao 1.0.0,7,ok
089842,per089842_1911_03701,9,0,0,,,triagem/nome-caixa-conversao 1.0.0,7,ok
089842,per089842_1911_03701,10,0,0,,,triagem/nome-caixa-conversao 1.0.0,7,ok
089842,per089842_1911_03701,11,0,0,,,triagem/nome-caixa-conversao 1.0.0,7,ok
089842,per089842_1911_03701,12,0,0,,,triagem/nome-caixa-conversao 1.0.0,7,ok
089842,per089842_1911_03702,1,1,1,caixa de conver,6500,triagem/nome-caixa-conversao 1.0.0,7,ok
089842,per089842_1911_03702,2,0,0,,,triagem/nome-caixa-conversao 1.0.0,7,ok
089842,per089842_1911_03702,3,0,0,,,triagem/nome-caixa-conversao 1.0.0,7,ok
089842,per089842_1911_03702,4,0,0,,,triagem/nome-caixa-conversao 1.0.0,7,ok
089842,per089842_1911_03702,5,0,0,,,triagem/nome-caixa-conversao 1.0.0,7,ok
089842,per089842_1911_03702,6,0,0,,,triagem/nome-caixa-conversao 1.0.0,7,ok
089842,per089842_1911_03702,7,0,0,,,triagem/nome-caixa-conversao 1.0.0,7,ok
089842,per089842_1911_03702,8,0,0,,,triagem/nome-caixa-conversao 1.0.0,7,ok
089842,per089842_1911_03702,9,0,0,,,triagem/nome-caixa-conversao 1.0.0,7,ok
089842,per089842_1911_03702,10,0,0,,,triagem/nome-caixa-conversao 1.0.0,7,ok
089842,per089842_1911_03703,1,1,1,caixa dc conver,11698,triagem/nome-caixa-conversao 1.0.0,7,ok
089842,per089842_1911_03703,2,1,1,caixa de conver,28698,triagem/nome-caixa-conversao 1.0.0,7,ok
089842,per089842_1911_03703,3,0,0,,,triagem/nome-caixa-conversao 1.0.0,7,ok
089842,per089842_1911_03703,4,0,0,,,triagem/nome-caixa-conversao 1.0.0,7,ok
089842,per089842_1911_03703,5,0,0,,,triagem/nome-caixa-conversao 1.0.0,7,ok
089842,per089842_1911_03703,6,1,1,caixa dc conver,5160,triagem/nome-caixa-conversao 1.0.0,7,ok
089842,per089842_1911_03703,7,0,0,,,triagem/nome-caixa-conversao 1.0.0,7,ok
089842,per089842_1911_03703,8,0,0,,,triagem/nome-caixa-conversao 1.0.0,7,ok
089842,per089842_1911_03703,9,0,0,,,triagem/nome-caixa-conversao 1.0.0,7,ok
089842,per089842_1911_03703,10,0,0,,,triagem/nome-caixa-conversao 1.0.0,7,ok
089842,per089842_1911_03703,11,0,0,,,triagem/nome-caixa-conversao 1.0.0,7,ok
089842,per089842_1911_03703,12,0,0,,,triagem/nome-caixa-conversao 1.0.0,7,ok
089842,per089842_1911_03704,1,0,0,,,triagem/nome-caixa-conversao 1.0.0,7,ok
089842,per089842_1911_03704,2,0,0,,,triagem/nome-caixa-conversao 1.0.0,7,ok
089842,per089842_1911_03704,3,0,0,,,triagem/nome-caixa-conversao 1.0.0,7,ok
089842,per089842_1911_03704,4,0,0,,,triagem/nome-caixa-conversao 1.0.0,7,ok
089842,per089842_1911_03704,5,0,0,,,triagem/nome-caixa-conversao 1.0.0,7,ok
089842,per089842_1911_03704,6,0,0,,,triagem/nome-caixa-conversao 1.0.0,7,ok
089842,per089842_1911_03704,7,0,0,,,triagem/nome-caixa-conversao 1.0.0,7,ok
089842,per089842_1911_03704,8,0,0,,,triagem/nome-caixa-conversao 1.0.0,7,ok
089842,per089842_1911_03704,9,0,0,,,triagem/nome-caixa-conversao 1.0.0,7,ok
089842,per089842_1911_03704,10,0,0,,,triagem/nome-caixa-conversao 1.0.0,7,ok
089842,per089842_1911_03705,1,1,1,caixa do conver,4082,triagem/nome-caixa-conversao 1.0.0,7,ok
089842,per089842_1911_03705,2,0,0,,,triagem/nome-caixa-conversao 1.0.0,7,ok
089842,per089842_1911_03705,3,0,0,,,triagem/nome-caixa-conversao 1.0.0,7,ok
089842,per089842_1911_03705,4,0,0,,,triagem/nome-caixa-conversao 1.0.0,7,ok
089842,per089842_1911_03705,5,0,0,,,triagem/nome-caixa-conversao 1.0.0,7,ok
089842,per089842_1911_03705,6,0,0,,,triagem/nome-caixa-conversao 1.0.0,7,ok
089842,per089842_1911_03705,7,0,0,,,triagem/nome-caixa-conversao 1.0.0,7,ok
089842,per089842_1911_03705,8,0,0,,,triagem/nome-caixa-conversao 1.0.0,7,ok
089842,per089842_1911_03705,9,0,0,,,triagem/nome-caixa-conversao 1.0.0,7,ok
089842,per089842_1911_03705,10,0,0,,,triagem/nome-caixa-conversao 1.0.0,7,ok
089842,per089842_1911_03706,1,0,0,,,triagem/nome-caixa-conversao 1.0.0,7,ok
089842,per089842_1911_03706,2,0,0,,,triagem/nome-caixa-conversao 1.0.0,7,ok
089842,per089842_1911_03706,3,0,0,,,triagem/nome-caixa-conversao 1.0.0,7,ok
089842,per089842_1911_03706,4,0,0,,,triagem/nome-caixa-conversao 1.0.0,7,ok
089842,per089842_1911_03706,5,0,0,,,triagem/nome-caixa-conversao 1.0.0,7,ok
089842,per089842_1911_03706,6,0,0,,,triagem/nome-caixa-conversao 1.0.0,7,ok
089842,per089842_1911_03706,7,0,0,,,triagem/nome-caixa-conversao 1.0.0,7,ok
089842,per089842_1911_03706,8,0,0,,,triagem/nome-caixa-conversao 1.0.0,7,ok
089842,per089842_1911_03706,9,0,0,,,triagem/nome-caixa-conversao 1.0.0,7,ok
089842,per089842_1911_03706,10,0,0,,,triagem/nome-caixa-conversao 1.0.0,7,ok
089842,per089842_1911_03706,11,0,0,,,triagem/nome-caixa-conversao 1.0.0,7,ok
089842,per089842_1911_03706,12,0,0,,,triagem/nome-caixa-conversao 1.0.0,7,ok
089842,per089842_1911_03706,13,0,0,,,triagem/nome-caixa-conversao 1.0.0,7,ok
089842,per089842_1911_03706,14,0,0,,,triagem/nome-caixa-conversao 1.0.0,7,ok
089842,per089842_1911_03706,15,0,0,,,triagem/nome-caixa-conversao 1.0.0,7,ok
089842,per089842_1911_03706,16,0,0,,,triagem/nome-caixa-conversao 1.0.0,7,ok
089842,per089842_1911_03707,1,0,0,,,triagem/nome-caixa-conversao 1.0.0,7,ok
089842,per089842_1911_03707,2,1,2,caixa deconver,25848,triagem/nome-caixa-conversao 1.0.0,7,ok
089842,per089842_1911_03707,3,0,0,,,triagem/nome-caixa-conversao 1.0.0,7,ok
089842,per089842_1911_03707,4,0,0,,,triagem/nome-caixa-conversao 1.0.0,7,ok
089842,per089842_1911_03707,5,0,0,,,triagem/nome-caixa-conversao 1.0.0,7,ok
089842,per089842_1911_03707,6,0,0,,,triagem/nome-caixa-conversao 1.0.0,7,ok
089842,per089842_1911_03707,7,0,0,,,triagem/nome-caixa-conversao 1.0.0,7,ok
089842,per089842_1911_03707,8,0,0,,,triagem/nome-caixa-conversao 1.0.0,7,ok
089842,per089842_1911_03707,9,0,0,,,triagem/nome-caixa-conversao 1.0.0,7,ok
089842,per089842_1911_03707,10,0,0,,,triagem/nome-caixa-conversao 1.0.0,7,ok
089842,per089842_1911_03708,1,1,1,caixa de conver,6339,triagem/nome-caixa-conversao 1.0.0,7,ok
089842,per089842_1911_03708,2,0,0,,,triagem/nome-caixa-conversao 1.0.0,7,ok
089842,per089842_1911_03708,3,0,0,,,triagem/nome-caixa-conversao 1.0.0,7,ok
089842,per089842_1911_03708,4,0,0,,,triagem/nome-caixa-conversao 1.0.0,7,ok
089842,per089842_1911_03708,5,0,0,,,triagem/nome-caixa-conversao 1.0.0,7,ok
089842,per089842_1911_03708,6,0,0,,,triagem/nome-caixa-conversao 1.0.0,7,ok
089842,per089842_1911_03708,7,0,0,,,triagem/nome-caixa-conversao 1.0.0,7,ok
089842,per089842_1911_03708,8,0,0,,,triagem/nome-caixa-conversao 1.0.0,7,ok
089842,per089842_1911_03708,9,0,0,,,triagem/nome-caixa-conversao 1.0.0,7,ok
089842,per089842_1911_03708,10,0,0,,,triagem/nome-caixa-conversao 1.0.0,7,ok
089842,per089842_1911_03708,11,0,0,,,triagem/nome-caixa-conversao 1.0.0,7,ok
089842,per089842_1911_03708,12,0,0,,,triagem/nome-caixa-conversao 1.0.0,7,ok
089842,per089842_1911_03709,1,0,0,,,triagem/nome-caixa-conversao 1.0.0,7,ok
089842,per089842_1911_03709,2,0,0,,,triagem/nome-caixa-conversao 1.0.0,7,ok
089842,per089842_1911_03709,3,0,0,,,triagem/nome-caixa-conversao 1.0.0,7,ok
089842,per089842_1911_03709,4,0,0,,,triagem/nome-caixa-conversao 1.0.0,7,ok
089842,per089842_1911_03709,5,1,1,caixa dc conver,11170,triagem/nome-caixa-conversao 1.0.0,7,ok
089842,per089842_1911_03709,6,0,0,,,triagem/nome-caixa-conversao 1.0.0,7,ok
089842,per089842_1911_03709,7,0,0,,,triagem/nome-caixa-conversao 1.0.0,7,ok
089842,per089842_1911_03709,8,0,0,,,triagem/nome-caixa-conversao 1.0.0,7,ok
089842,per089842_1911_03709,9,0,0,,,triagem/nome-caixa-conversao 1.0.0,7,ok
089842,per089842_1911_03709,10,0,0,,,triagem/nome-caixa-conversao 1.0.0,7,ok
089842,per089842_1911_03709,11,0,0,,,triagem/nome-caixa-conversao 1.0.0,7,ok
089842,per089842_1911_03709,12,0,0,,,triagem/nome-caixa-conversao 1.0.0,7,ok
089842,per089842_1911_03710,1,1,1,caixa de conver,5479,triagem/nome-caixa-conversao 1.0.0,7,ok
089842,per089842_1911_03710,2,0,0,,,triagem/nome-caixa-conversao 1.0.0,7,ok
089842,per089842_1911_03710,3,1,2,caixa de conver,13612,triagem/nome-caixa-conversao 1.0.0,7,ok
089842,per089842_1911_03710,4,0,0,,,triagem/nome-caixa-conversao 1.0.0,7,ok
089842,per089842_1911_03710,5,0,0,,,triagem/nome-caixa-conversao 1.0.0,7,ok
089842,per089842_1911_03710,6,0,0,,,triagem/nome-caixa-conversao 1.0.0,7,ok
089842,per089842_1911_03710,7,0,0,,,triagem/nome-caixa-conversao 1.0.0,7,ok
089842,per089842_1911_03710,8,0,0,,,triagem/nome-caixa-conversao 1.0.0,7,ok
089842,per089842_1911_03710,9,0,0,,,triagem/nome-caixa-conversao 1.0.0,7,ok
089842,per089842_1911_03710,10,0,0,,,triagem/nome-caixa-conversao 1.0.0,7,ok
089842,per089842_1911_03710,11,0,0,,,triagem/nome-caixa-conversao 1.0.0,7,ok
089842,per089842_1911_03710,12,0,0,,,triagem/nome-caixa-conversao 1.0.0,7,ok
089842,per089842_1911_03711,1,1,1,caixa de conver,22848,triagem/nome-caixa-conversao 1.0.0,7,ok
089842,per089842_1911_03711,2,0,0,,,triagem/nome-caixa-conversao 1.0.0,7,ok
089842,per089842_1911_03711,3,0,0,,,triagem/nome-caixa-conversao 1.0.0,7,ok
089842,per089842_1911_03711,4,0,0,,,triagem/nome-caixa-conversao 1.0.0,7,ok
089842,per089842_1911_03711,5,0,0,,,triagem/nome-caixa-conversao 1.0.0,7,ok
089842,per089842_1911_03711,6,0,0,,,triagem/nome-caixa-conversao 1.0.0,7,ok
089842,per089842_1911_03711,7,0,0,,,triagem/nome-caixa-conversao 1.0.0,7,ok
089842,per089842_1911_03711,8,0,0,,,triagem/nome-caixa-conversao 1.0.0,7,ok
089842,per089842_1911_03711,9,0,0,,,triagem/nome-caixa-conversao 1.0.0,7,ok
089842,per089842_1911_03711,10,0,0,,,triagem/nome-caixa-conversao 1.0.0,7,ok
089842,per089842_1911_03711,11,0,0,,,triagem/nome-caixa-conversao 1.0.0,7,ok
089842,per089842_1911_03711,12,0,0,,,triagem/nome-caixa-conversao 1.0.0,7,ok
089842,per089842_1911_03712,1,0,0,,,triagem/nome-caixa-conversao 1.0.0,7,ok
089842,per089842_1911_03712,2,0,0,,,triagem/nome-caixa-conversao 1.0.0,7,ok
089842,per089842_1911_03712,3,0,0,,,triagem/nome-caixa-conversao 1.0.0,7,ok
089842,per089842_1911_03712,4,0,0,,,triagem/nome-caixa-conversao 1.0.0,7,ok
089842,per089842_1911_03712,5,0,0,,,triagem/nome-caixa-conversao 1.0.0,7,ok
089842,per089842_1911_03712,6,0,0,,,triagem/nome-caixa-conversao 1.0.0,7,ok
089842,per089842_1911_03712,7,0,0,,,triagem/nome-caixa-conversao 1.0.0,7,ok
089842,per089842_1911_03712,8,0,0,,,triagem/nome-caixa-conversao 1.0.0,7,ok
089842,per089842_1911_03712,9,0,0,,,triagem/nome-caixa-conversao 1.0.0,7,ok
089842,per089842_1911_03712,10,0,0,,,triagem/nome-caixa-conversao 1.0.0,7,ok
089842,per089842_1911_03712,11,0,0,,,triagem/nome-caixa-conversao 1.0.0,7,ok
089842,per089842_1911_03712,12,0,0,,,triagem/nome-caixa-conversao 1.0.0,7,ok
089842,per089842_1911_03713,1,0,0,,,triagem/nome-caixa-conversao 1.0.0,7,ok
089842,per089842_1911_03713,2,0,0,,,triagem/nome-caixa-conversao 1.0.0,7,ok
089842,per089842_1911_03713,3,0,0,,,triagem/nome-caixa-conversao 1.0.0,7,ok
089842,per089842_1911_03713,4,0,0,,,triagem/nome-caixa-conversao 1.0.0,7,ok
089842,per089842_1911_03713,5,0,0,,,triagem/nome-caixa-conversao 1.0.0,7,ok
089842,per089842_1911_03713,6,0,0,,,triagem/nome-caixa-conversao 1.0.0,7,ok
089842,per089842_1911_03713,7,0,0,,,triagem/nome-caixa-conversao 1.0.0,7,ok
089842,per089842_1911_03713,8,0,0,,,triagem/nome-caixa-conversao 1.0.0,7,ok
089842,per089842_1911_03713,9,0,0,,,triagem/nome-caixa-conversao 1.0.0,7,ok
089842,per089842_1911_03713,10,0,0,,,triagem/nome-caixa-conversao 1.0.0,7,ok
089842,per089842_1911_03713,11,0,0,,,triagem/nome-caixa-conversao 1.0.0,7,ok
089842,per089842_1911_03713,12,0,0,,,triagem/nome-caixa-conversao 1.0.0,7,ok
089842,per089842_1911_03713,13,0,0,,,triagem/nome-caixa-conversao 1.0.0,7,ok
089842,per089842_1911_03713,14,0,0,,,triagem/nome-caixa-conversao 1.0.0,7,ok
089842,per089842_1911_03713,15,0,0,,,triagem/nome-caixa-conversao 1.0.0,7,ok
089842,per089842_1911_03713,16,0,0,,,triagem/nome-caixa-conversao 1.0.0,7,ok
089842,per089842_1911_03714,1,0,0,,,triagem/nome-caixa-conversao 1.0.0,7,ok
089842,per089842_1911_03714,2,0,0,,,triagem/nome-caixa-conversao 1.0.0,7,ok
089842,per089842_1911_03714,3,0,0,,,triagem/nome-caixa-conversao 1.0.0,7,ok
089842,per089842_1911_03714,4,0,0,,,triagem/nome-caixa-conversao 1.0.0,7,ok
089842,per089842_1911_03714,5,1,1,caixa de conver,19598,triagem/nome-caixa-conversao 1.0.0,7,ok
089842,per089842_1911_03714,6,0,0,,,triagem/nome-caixa-conversao 1.0.0,7,ok
089842,per089842_1911_03714,7,0,0,,,triagem/nome-caixa-conversao 1.0.0,7,ok
089842,per089842_1911_03714,8,0,0,,,triagem/nome-caixa-conversao 1.0.0,7,ok
089842,per089842_1911_03714,9,0,0,,,triagem/nome-caixa-conversao 1.0.0,7,ok
089842,per089842_1911_03714,10,0,0,,,triagem/nome-caixa-conversao 1.0.0,7,ok
089842,per089842_1911_03715,1,0,0,,,triagem/nome-caixa-conversao 1.0.0,7,ok
089842,per089842_1911_03715,2,1,1,caixa de conver,21435,triagem/nome-caixa-conversao 1.0.0,7,ok
089842,per089842_1911_03715,3,0,0,,,triagem/nome-caixa-conversao 1.0.0,7,ok
089842,per089842_1911_03715,4,0,0,,,triagem/nome-caixa-conversao 1.0.0,7,ok
089842,per089842_1911_03715,5,0,0,,,triagem/nome-caixa-conversao 1.0.0,7,ok
089842,per089842_1911_03715,6,0,0,,,triagem/nome-caixa-conversao 1.0.0,7,ok
089842,per089842_1911_03715,7,0,0,,,triagem/nome-caixa-conversao 1.0.0,7,ok
089842,per089842_1911_03715,8,0,0,,,triagem/nome-caixa-conversao 1.0.0,7,ok
089842,per089842_1911_03715,9,0,0,,,triagem/nome-caixa-conversao 1.0.0,7,ok
089842,per089842_1911_03715,10,0,0,,,triagem/nome-caixa-conversao 1.0.0,7,ok
089842,per089842_1911_03715,11,0,0,,,triagem/nome-caixa-conversao 1.0.0,7,ok
089842,per089842_1911_03715,12,0,0,,,triagem/nome-caixa-conversao 1.0.0,7,ok
089842,per089842_1911_03716,1,1,2,caixa de conver,7560,triagem/nome-caixa-conversao 1.0.0,7,ok
089842,per089842_1911_03716,2,1,2,caixa deconver,31658,triagem/nome-caixa-conversao 1.0.0,7,ok
089842,per089842_1911_03716,3,0,0,,,triagem/nome-caixa-conversao 1.0.0,7,ok
089842,per089842_1911_03716,4,0,0,,,triagem/nome-caixa-conversao 1.0.0,7,ok
089842,per089842_1911_03716,5,0,0,,,triagem/nome-caixa-conversao 1.0.0,7,ok
089842,per089842_1911_03716,6,0,0,,,triagem/nome-caixa-conversao 1.0.0,7,ok
089842,per089842_1911_03716,7,0,0,,,triagem/nome-caixa-conversao 1.0.0,7,ok
089842,per089842_1911_03716,8,0,0,,,triagem/nome-caixa-conversao 1.0.0,7,ok
089842,per089842_1911_03716,9,0,0,,,triagem/nome-caixa-conversao 1.0.0,7,ok
089842,per089842_1911_03716,10,0,0,,,triagem/nome-caixa-conversao 1.0.0,7,ok
089842,per089842_1911_03716,11,0,0,,,triagem/nome-caixa-conversao 1.0.0,7,ok
089842,per089842_1911_03716,12,0,0,,,triagem/nome-caixa-conversao 1.0.0,7,ok
089842,per089842_1911_03717,1,0,0,,,triagem/nome-caixa-conversao 1.0.0,7,ok
089842,per089842_1911_03717,2,0,0,,,triagem/nome-caixa-conversao 1.0.0,7,ok
089842,per089842_1911_03717,3,1,2,caixa de conver,8813,triagem/nome-caixa-conversao 1.0.0,7,ok
089842,per089842_1911_03717,4,0,0,,,triagem/nome-caixa-conversao 1.0.0,7,ok
089842,per089842_1911_03717,5,0,0,,,triagem/nome-caixa-conversao 1.0.0,7,ok
089842,per089842_1911_03717,6,0,0,,,triagem/nome-caixa-conversao 1.0.0,7,ok
089842,per089842_1911_03717,7,0,0,,,triagem/nome-caixa-conversao 1.0.0,7,ok
089842,per089842_1911_03717,8,0,0,,,triagem/nome-caixa-conversao 1.0.0,7,ok
089842,per089842_1911_03717,9,0,0,,,triagem/nome-caixa-conversao 1.0.0,7,ok
089842,per089842_1911_03717,10,0,0,,,triagem/nome-caixa-conversao 1.0.0,7,ok
089842,per089842_1911_03717,11,0,0,,,triagem/nome-caixa-conversao 1.0.0,7,ok
089842,per089842_1911_03717,12,0,0,,,triagem/nome-caixa-conversao 1.0.0,7,ok
089842,per089842_1911_03718,1,0,0,,,triagem/nome-caixa-conversao 1.0.0,7,ok
089842,per089842_1911_03718,2,0,0,,,triagem/nome-caixa-conversao 1.0.0,7,ok
089842,per089842_1911_03718,3,0,0,,,triagem/nome-caixa-conversao 1.0.0,7,ok
089842,per089842_1911_03718,4,0,0,,,triagem/nome-caixa-conversao 1.0.0,7,ok
089842,per089842_1911_03718,5,0,0,,,triagem/nome-caixa-conversao 1.0.0,7,ok
089842,per089842_1911_03718,6,0,0,,,triagem/nome-caixa-conversao 1.0.0,7,ok
089842,per089842_1911_03718,7,0,0,,,triagem/nome-caixa-conversao 1.0.0,7,ok
089842,per089842_1911_03718,8,0,0,,,triagem/nome-caixa-conversao 1.0.0,7,ok
089842,per089842_1911_03718,9,0,0,,,triagem/nome-caixa-conversao 1.0.0,7,ok
089842,per089842_1911_03718,10,0,0,,,triagem/nome-caixa-conversao 1.0.0,7,ok
089842,per089842_1911_03718,11,0,0,,,triagem/nome-caixa-conversao 1.0.0,7,ok
089842,per089842_1911_03718,12,0,0,,,triagem/nome-caixa-conversao 1.0.0,7,ok
089842,per089842_1911_03719,1,1,1,caixa do conver,4074,triagem/nome-caixa-conversao 1.0.0,7,ok
089842,per089842_1911_03719,2,0,0,,,triagem/nome-caixa-conversao 1.0.0,7,ok
089842,per089842_1911_03719,3,0,0,,,triagem/nome-caixa-conversao 1.0.0,7,ok
089842,per089842_1911_03719,4,0,0,,,triagem/nome-caixa-conversao 1.0.0,7,ok
089842,per089842_1911_03719,5,1,2,caixa de conver,12256,triagem/nome-caixa-conversao 1.0.0,7,ok
089842,per089842_1911_03719,6,0,0,,,triagem/nome-caixa-conversao 1.0.0,7,ok
089842,per089842_1911_03719,7,0,0,,,triagem/nome-caixa-conversao 1.0.0,7,ok
089842,per089842_1911_03719,8,0,0,,,triagem/nome-caixa-conversao 1.0.0,7,ok
089842,per089842_1911_03719,9,0,0,,,triagem/nome-caixa-conversao 1.0.0,7,ok
089842,per089842_1911_03719,10,0,0,,,triagem/nome-caixa-conversao 1.0.0,7,ok
089842,per089842_1911_03719,11,0,0,,,triagem/nome-caixa-conversao 1.0.0,7,ok
089842,per089842_1911_03719,12,0,0,,,triagem/nome-caixa-conversao 1.0.0,7,ok
089842,per089842_1911_03720,1,0,0,,,triagem/nome-caixa-conversao 1.0.0,7,ok
089842,per089842_1911_03720,2,1,1,caixa do conver,6316,triagem/nome-caixa-conversao 1.0.0,7,ok
089842,per089842_1911_03720,3,1,2,caixa ds conver,23470,triagem/nome-caixa-conversao 1.0.0,7,ok
089842,per089842_1911_03720,4,0,0,,,triagem/nome-caixa-conversao 1.0.0,7,ok
089842,per089842_1911_03720,5,0,0,,,triagem/nome-caixa-conversao 1.0.0,7,ok
089842,per089842_1911_03720,6,0,0,,,triagem/nome-caixa-conversao 1.0.0,7,ok
089842,per089842_1911_03720,7,0,0,,,triagem/nome-caixa-conversao 1.0.0,7,ok
089842,per089842_1911_03720,8,0,0,,,triagem/nome-caixa-conversao 1.0.0,7,ok
089842,per089842_1911_03720,9,0,0,,,triagem/nome-caixa-conversao 1.0.0,7,ok
089842,per089842_1911_03720,10,0,0,,,triagem/nome-caixa-conversao 1.0.0,7,ok
089842,per089842_1911_03720,11,0,0,,,triagem/nome-caixa-conversao 1.0.0,7,ok
089842,per089842_1911_03720,12,0,0,,,triagem/nome-caixa-conversao 1.0.0,7,ok
089842,per089842_1911_03720,13,0,0,,,triagem/nome-caixa-conversao 1.0.0,7,ok
089842,per089842_1911_03720,14,0,0,,,triagem/nome-caixa-conversao 1.0.0,7,ok
089842,per089842_1911_03720,15,0,0,,,triagem/nome-caixa-conversao 1.0.0,7,ok
089842,per089842_1911_03720,16,0,0,,,triagem/nome-caixa-conversao 1.0.0,7,ok
089842,per089842_1911_03721,1,0,0,,,triagem/nome-caixa-conversao 1.0.0,7,ok
089842,per089842_1911_03721,2,0,0,,,triagem/nome-caixa-conversao 1.0.0,7,ok
089842,per089842_1911_03721,3,0,0,,,triagem/nome-caixa-conversao 1.0.0,7,ok
089842,per089842_1911_03721,4,0,0,,,triagem/nome-caixa-conversao 1.0.0,7,ok
089842,per089842_1911_03721,5,0,0,,,triagem/nome-caixa-conversao 1.0.0,7,ok
089842,per089842_1911_03721,6,0,0,,,triagem/nome-caixa-conversao 1.0.0,7,ok
089842,per089842_1911_03721,7,0,0,,,triagem/nome-caixa-conversao 1.0.0,7,ok
089842,per089842_1911_03721,8,0,0,,,triagem/nome-caixa-conversao 1.0.0,7,ok
089842,per089842_1911_03721,9,0,0,,,triagem/nome-caixa-conversao 1.0.0,7,ok
089842,per089842_1911_03721,10,0,0,,,triagem/nome-caixa-conversao 1.0.0,7,ok
089842,per089842_1911_03722,1,1,3,caixa do conver,7241,triagem/nome-caixa-conversao 1.0.0,7,ok
089842,per089842_1911_03722,2,1,2,caixa de conver,35892,triagem/nome-caixa-conversao 1.0.0,7,ok
089842,per089842_1911_03722,3,0,0,,,triagem/nome-caixa-conversao 1.0.0,7,ok
089842,per089842_1911_03722,4,1,1,caixa de conver,41483,triagem/nome-caixa-conversao 1.0.0,7,ok
089842,per089842_1911_03722,5,0,0,,,triagem/nome-caixa-conversao 1.0.0,7,ok
089842,per089842_1911_03722,6,1,1,caixa de conver,12212,triagem/nome-caixa-conversao 1.0.0,7,ok
089842,per089842_1911_03722,7,0,0,,,triagem/nome-caixa-conversao 1.0.0,7,ok
089842,per089842_1911_03722,8,0,0,,,triagem/nome-caixa-conversao 1.0.0,7,ok
089842,per089842_1911_03722,9,0,0,,,triagem/nome-caixa-conversao 1.0.0,7,ok
089842,per089842_1911_03722,10,0,0,,,triagem/nome-caixa-conversao 1.0.0,7,ok
089842,per089842_1911_03722,11,0,0,,,triagem/nome-caixa-conversao 1.0.0,7,ok
089842,per089842_1911_03722,12,0,0,,,triagem/nome-caixa-conversao 1.0.0,7,ok
089842,per089842_1911_03723,1,0,0,,,triagem/nome-caixa-conversao 1.0.0,7,ok
089842,per089842_1911_03723,2,1,1,caixa de conver,21743,triagem/nome-caixa-conversao 1.0.0,7,ok
089842,per089842_1911_03723,3,0,0,,,triagem/nome-caixa-conversao 1.0.0,7,ok
089842,per089842_1911_03723,4,0,0,,,triagem/nome-caixa-conversao 1.0.0,7,ok
089842,per089842_1911_03723,5,0,0,,,triagem/nome-caixa-conversao 1.0.0,7,ok
089842,per089842_1911_03723,6,0,0,,,triagem/nome-caixa-conversao 1.0.0,7,ok
089842,per089842_1911_03723,7,0,0,,,triagem/nome-caixa-conversao 1.0.0,7,ok
089842,per089842_1911_03723,8,0,0,,,triagem/nome-caixa-conversao 1.0.0,7,ok
089842,per089842_1911_03723,9,0,0,,,triagem/nome-caixa-conversao 1.0.0,7,ok
089842,per089842_1911_03723,10,0,0,,,triagem/nome-caixa-conversao 1.0.0,7,ok
089842,per089842_1911_03724,1,0,0,,,triagem/nome-caixa-conversao 1.0.0,7,ok
089842,per089842_1911_03724,2,0,0,,,triagem/nome-caixa-conversao 1.0.0,7,ok
089842,per089842_1911_03724,3,0,0,,,triagem/nome-caixa-conversao 1.0.0,7,ok
089842,per089842_1911_03724,4,0,0,,,triagem/nome-caixa-conversao 1.0.0,7,ok
089842,per089842_1911_03724,5,0,0,,,triagem/nome-caixa-conversao 1.0.0,7,ok
089842,per089842_1911_03724,6,0,0,,,triagem/nome-caixa-conversao 1.0.0,7,ok
089842,per089842_1911_03724,7,0,0,,,triagem/nome-caixa-conversao 1.0.0,7,ok
089842,per089842_1911_03724,8,0,0,,,triagem/nome-caixa-conversao 1.0.0,7,ok
089842,per089842_1911_03724,9,0,0,,,triagem/nome-caixa-conversao 1.0.0,7,ok
089842,per089842_1911_03724,10,0,0,,,triagem/nome-caixa-conversao 1.0.0,7,ok
089842,per089842_1911_03725,1,0,0,,,triagem/nome-caixa-conversao 1.0.0,7,ok
089842,per089842_1911_03725,2,0,0,,,triagem/nome-caixa-conversao 1.0.0,7,ok
089842,per089842_1911_03725,3,0,0,,,triagem/nome-caixa-conversao 1.0.0,7,ok
089842,per089842_1911_03725,4,0,0,,,triagem/nome-caixa-conversao 1.0.0,7,ok
089842,per089842_1911_03725,5,0,0,,,triagem/nome-caixa-conversao 1.0.0,7,ok
089842,per089842_1911_03725,6,0,0,,,triagem/nome-caixa-conversao 1.0.0,7,ok
089842,per089842_1911_03725,7,0,0,,,triagem/nome-caixa-conversao 1.0.0,7,ok
089842,per089842_1911_03725,8,0,0,,,triagem/nome-caixa-conversao 1.0.0,7,ok
089842,per089842_1911_03725,9,0,0,,,triagem/nome-caixa-conversao 1.0.0,7,ok
089842,per089842_1911_03725,10,0,0,,,triagem/nome-caixa-conversao 1.0.0,7,ok
089842,per089842_1911_03725,11,0,0,,,triagem/nome-caixa-conversao 1.0.0,7,ok
089842,per089842_1911_03725,12,0,0,,,triagem/nome-caixa-conversao 1.0.0,7,ok
089842,per089842_1911_03726,1,0,0,,,triagem/nome-caixa-conversao 1.0.0,7,ok
089842,per089842_1911_03726,2,0,0,,,triagem/nome-caixa-conversao 1.0.0,7,ok
089842,per089842_1911_03726,3,0,0,,,triagem/nome-caixa-conversao 1.0.0,7,ok
089842,per089842_1911_03726,4,1,1,caixa de conver,24432,triagem/nome-caixa-conversao 1.0.0,7,ok
089842,per089842_1911_03726,5,0,0,,,triagem/nome-caixa-conversao 1.0.0,7,ok
089842,per089842_1911_03726,6,0,0,,,triagem/nome-caixa-conversao 1.0.0,7,ok
089842,per089842_1911_03726,7,0,0,,,triagem/nome-caixa-conversao 1.0.0,7,ok
089842,per089842_1911_03726,8,0,0,,,triagem/nome-caixa-conversao 1.0.0,7,ok
089842,per089842_1911_03726,9,0,0,,,triagem/nome-caixa-conversao 1.0.0,7,ok
089842,per089842_1911_03726,10,0,0,,,triagem/nome-caixa-conversao 1.0.0,7,ok
089842,per089842_1911_03727,1,0,0,,,triagem/nome-caixa-conversao 1.0.0,7,ok
089842,per089842_1911_03727,2,1,1,caixa de conver,4984,triagem/nome-caixa-conversao 1.0.0,7,ok
089842,per089842_1911_03727,3,1,1,caixade conver,5082,triagem/nome-caixa-conversao 1.0.0,7,ok
089842,per089842_1911_03727,4,0,0,,,triagem/nome-caixa-conversao 1.0.0,7,ok
089842,per089842_1911_03727,5,0,0,,,triagem/nome-caixa-conversao 1.0.0,7,ok
089842,per089842_1911_03727,6,0,0,,,triagem/nome-caixa-conversao 1.0.0,7,ok
089842,per089842_1911_03727,7,0,0,,,triagem/nome-caixa-conversao 1.0.0,7,ok
089842,per089842_1911_03727,8,0,0,,,triagem/nome-caixa-conversao 1.0.0,7,ok
089842,per089842_1911_03727,9,0,0,,,triagem/nome-caixa-conversao 1.0.0,7,ok
089842,per089842_1911_03727,10,0,0,,,triagem/nome-caixa-conversao 1.0.0,7,ok
089842,per089842_1911_03727,11,0,0,,,triagem/nome-caixa-conversao 1.0.0,7,ok
089842,per089842_1911_03727,12,0,0,,,triagem/nome-caixa-conversao 1.0.0,7,ok
089842,per089842_1911_03727,13,0,0,,,triagem/nome-caixa-conversao 1.0.0,7,ok
089842,per089842_1911_03727,14,0,0,,,triagem/nome-caixa-conversao 1.0.0,7,ok
089842,per089842_1911_03727,15,0,0,,,triagem/nome-caixa-conversao 1.0.0,7,ok
089842,per089842_1911_03727,16,0,0,,,triagem/nome-caixa-conversao 1.0.0,7,ok
089842,per089842_1911_03728,1,0,0,,,triagem/nome-caixa-conversao 1.0.0,7,ok
089842,per089842_1911_03728,2,0,0,,,triagem/nome-caixa-conversao 1.0.0,7,ok
089842,per089842_1911_03728,3,0,0,,,triagem/nome-caixa-conversao 1.0.0,7,ok
089842,per089842_1911_03728,4,0,0,,,triagem/nome-caixa-conversao 1.0.0,7,ok
089842,per089842_1911_03728,5,0,0,,,triagem/nome-caixa-conversao 1.0.0,7,ok
089842,per089842_1911_03728,6,0,0,,,triagem/nome-caixa-conversao 1.0.0,7,ok
089842,per089842_1911_03728,7,0,0,,,triagem/nome-caixa-conversao 1.0.0,7,ok
089842,per089842_1911_03728,8,0,0,,,triagem/nome-caixa-conversao 1.0.0,7,ok
089842,per089842_1911_03728,9,0,0,,,triagem/nome-caixa-conversao 1.0.0,7,ok
089842,per089842_1911_03728,10,0,0,,,triagem/nome-caixa-conversao 1.0.0,7,ok
089842,per089842_1911_03729,1,0,0,,,triagem/nome-caixa-conversao 1.0.0,7,ok
089842,per089842_1911_03729,2,0,0,,,triagem/nome-caixa-conversao 1.0.0,7,ok
089842,per089842_1911_03729,3,0,0,,,triagem/nome-caixa-conversao 1.0.0,7,ok
089842,per089842_1911_03729,4,0,0,,,triagem/nome-caixa-conversao 1.0.0,7,ok
089842,per089842_1911_03729,5,0,0,,,triagem/nome-caixa-conversao 1.0.0,7,ok
089842,per089842_1911_03729,6,0,0,,,triagem/nome-caixa-conversao 1.0.0,7,ok
089842,per089842_1911_03729,7,0,0,,,triagem/nome-caixa-conversao 1.0.0,7,ok
089842,per089842_1911_03729,8,0,0,,,triagem/nome-caixa-conversao 1.0.0,7,ok
089842,per089842_1911_03729,9,0,0,,,triagem/nome-caixa-conversao 1.0.0,7,ok
089842,per089842_1911_03729,10,0,0,,,triagem/nome-caixa-conversao 1.0.0,7,ok
089842,per089842_1911_03730,1,0,0,,,triagem/nome-caixa-conversao 1.0.0,7,ok
089842,per089842_1911_03730,2,0,0,,,triagem/nome-caixa-conversao 1.0.0,7,ok
089842,per089842_1911_03730,3,0,0,,,triagem/nome-caixa-conversao 1.0.0,7,ok
089842,per089842_1911_03730,4,0,0,,,triagem/nome-caixa-conversao 1.0.0,7,ok
089842,per089842_1911_03730,5,0,0,,,triagem/nome-caixa-conversao 1.0.0,7,ok
089842,per089842_1911_03730,6,0,0,,,triagem/nome-caixa-conversao 1.0.0,7,ok
089842,per089842_1911_03730,7,0,0,,,triagem/nome-caixa-conversao 1.0.0,7,ok
089842,per089842_1911_03730,8,0,0,,,triagem/nome-caixa-conversao 1.0.0,7,ok
089842,per089842_1911_03730,9,0,0,,,triagem/nome-caixa-conversao 1.0.0,7,ok
089842,per089842_1911_03730,10,0,0,,,triagem/nome-caixa-conversao 1.0.0,7,ok
089842,per089842_1911_03731,1,0,0,,,triagem/nome-caixa-conversao 1.0.0,7,ok
089842,per089842_1911_03731,2,0,0,,,triagem/nome-caixa-conversao 1.0.0,7,ok
089842,per089842_1911_03731,3,1,1,caixa de conver,15849,triagem/nome-caixa-conversao 1.0.0,7,ok
089842,per089842_1911_03731,4,0,0,,,triagem/nome-caixa-conversao 1.0.0,7,ok
089842,per089842_1911_03731,5,0,0,,,triagem/nome-caixa-conversao 1.0.0,7,ok
089842,per089842_1911_03731,6,0,0,,,triagem/nome-caixa-conversao 1.0.0,7,ok
089842,per089842_1911_03731,7,0,0,,,triagem/nome-caixa-conversao 1.0.0,7,ok
089842,per089842_1911_03731,8,0,0,,,triagem/nome-caixa-conversao 1.0.0,7,ok
089842,per089842_1911_03731,9,0,0,,,triagem/nome-caixa-conversao 1.0.0,7,ok
089842,per089842_1911_03731,10,0,0,,,triagem/nome-caixa-conversao 1.0.0,7,ok
089842,per089842_1911_03731,11,0,0,,,triagem/nome-caixa-conversao 1.0.0,7,ok
089842,per089842_1911_03731,12,0,0,,,triagem/nome-caixa-conversao 1.0.0,7,ok
089842,per089842_1911_03732,1,0,0,,,triagem/nome-caixa-conversao 1.0.0,7,ok
089842,per089842_1911_03732,2,0,0,,,triagem/nome-caixa-conversao 1.0.0,7,ok
089842,per089842_1911_03732,3,0,0,,,triagem/nome-caixa-conversao 1.0.0,7,ok
089842,per089842_1911_03732,4,0,0,,,triagem/nome-caixa-conversao 1.0.0,7,ok
089842,per089842_1911_03732,5,0,0,,,triagem/nome-caixa-conversao 1.0.0,7,ok
089842,per089842_1911_03732,6,0,0,,,triagem/nome-caixa-conversao 1.0.0,7,ok
089842,per089842_1911_03732,7,0,0,,,triagem/nome-caixa-conversao 1.0.0,7,ok
089842,per089842_1911_03732,8,0,0,,,triagem/nome-caixa-conversao 1.0.0,7,ok
089842,per089842_1911_03732,9,0,0,,,triagem/nome-caixa-conversao 1.0.0,7,ok
089842,per089842_1911_03732,10,0,0,,,triagem/nome-caixa-conversao 1.0.0,7,ok
089842,per089842_1911_03733,1,0,0,,,triagem/nome-caixa-conversao 1.0.0,7,ok
089842,per089842_1911_03733,2,0,0,,,triagem/nome-caixa-conversao 1.0.0,7,ok
089842,per089842_1911_03733,3,1,1,caixadc conver,13202,triagem/nome-caixa-conversao 1.0.0,7,ok
089842,per089842_1911_03733,4,0,0,,,triagem/nome-caixa-conversao 1.0.0,7,ok
089842,per089842_1911_03733,5,0,0,,,triagem/nome-caixa-conversao 1.0.0,7,ok
089842,per089842_1911_03733,6,0,0,,,triagem/nome-caixa-conversao 1.0.0,7,ok
089842,per089842_1911_03733,7,0,0,,,triagem/nome-caixa-conversao 1.0.0,7,ok
089842,per089842_1911_03733,8,0,0,,,triagem/nome-caixa-conversao 1.0.0,7,ok
089842,per089842_1911_03733,9,0,0,,,triagem/nome-caixa-conversao 1.0.0,7,ok
089842,per089842_1911_03733,10,0,0,,,triagem/nome-caixa-conversao 1.0.0,7,ok
089842,per089842_1911_03734,1,0,0,,,triagem/nome-caixa-conversao 1.0.0,7,ok
089842,per089842_1911_03734,2,0,0,,,triagem/nome-caixa-conversao 1.0.0,7,ok
089842,per089842_1911_03734,3,0,0,,,triagem/nome-caixa-conversao 1.0.0,7,ok
089842,per089842_1911_03734,4,0,0,,,triagem/nome-caixa-conversao 1.0.0,7,ok
089842,per089842_1911_03734,5,0,0,,,triagem/nome-caixa-conversao 1.0.0,7,ok
089842,per089842_1911_03734,6,0,0,,,triagem/nome-caixa-conversao 1.0.0,7,ok
089842,per089842_1911_03734,7,0,0,,,triagem/nome-caixa-conversao 1.0.0,7,ok
089842,per089842_1911_03734,8,0,0,,,triagem/nome-caixa-conversao 1.0.0,7,ok
089842,per089842_1911_03734,9,0,0,,,triagem/nome-caixa-conversao 1.0.0,7,ok
089842,per089842_1911_03734,10,0,0,,,triagem/nome-caixa-conversao 1.0.0,7,ok
089842,per089842_1911_03734,11,0,0,,,triagem/nome-caixa-conversao 1.0.0,7,ok
089842,per089842_1911_03734,12,0,0,,,triagem/nome-caixa-conversao 1.0.0,7,ok
089842,per089842_1911_03734,13,0,0,,,triagem/nome-caixa-conversao 1.0.0,7,ok
089842,per089842_1911_03734,14,0,0,,,triagem/nome-caixa-conversao 1.0.0,7,ok
089842,per089842_1911_03735,1,0,0,,,triagem/nome-caixa-conversao 1.0.0,7,ok
089842,per089842_1911_03735,2,0,0,,,triagem/nome-caixa-conversao 1.0.0,7,ok
089842,per089842_1911_03735,3,0,0,,,triagem/nome-caixa-conversao 1.0.0,7,ok
089842,per089842_1911_03735,4,0,0,,,triagem/nome-caixa-conversao 1.0.0,7,ok
089842,per089842_1911_03735,5,0,0,,,triagem/nome-caixa-conversao 1.0.0,7,ok
089842,per089842_1911_03735,6,0,0,,,triagem/nome-caixa-conversao 1.0.0,7,ok
089842,per089842_1911_03735,7,0,0,,,triagem/nome-caixa-conversao 1.0.0,7,ok
089842,per089842_1911_03735,8,0,0,,,triagem/nome-caixa-conversao 1.0.0,7,ok
089842,per089842_1911_03735,9,0,0,,,triagem/nome-caixa-conversao 1.0.0,7,ok
089842,per089842_1911_03735,10,0,0,,,triagem/nome-caixa-conversao 1.0.0,7,ok
089842,per089842_1911_03736,1,0,0,,,triagem/nome-caixa-conversao 1.0.0,7,ok
089842,per089842_1911_03736,2,0,0,,,triagem/nome-caixa-conversao 1.0.0,7,ok
089842,per089842_1911_03736,3,0,0,,,triagem/nome-caixa-conversao 1.0.0,7,ok
089842,per089842_1911_03736,4,0,0,,,triagem/nome-caixa-conversao 1.0.0,7,ok
089842,per089842_1911_03736,5,0,0,,,triagem/nome-caixa-conversao 1.0.0,7,ok
089842,per089842_1911_03736,6,0,0,,,triagem/nome-caixa-conversao 1.0.0,7,ok
089842,per089842_1911_03736,7,0,0,,,triagem/nome-caixa-conversao 1.0.0,7,ok
089842,per089842_1911_03736,8,0,0,,,triagem/nome-caixa-conversao 1.0.0,7,ok
089842,per089842_1911_03736,9,0,0,,,triagem/nome-caixa-conversao 1.0.0,7,ok
089842,per089842_1911_03736,10,0,0,,,triagem/nome-caixa-conversao 1.0.0,7,ok
089842,per089842_1911_03737,1,0,0,,,triagem/nome-caixa-conversao 1.0.0,7,ok
089842,per089842_1911_03737,2,1,1,caixa dc conver,34852,triagem/nome-caixa-conversao 1.0.0,7,ok
089842,per089842_1911_03737,3,0,0,,,triagem/nome-caixa-conversao 1.0.0,7,ok
089842,per089842_1911_03737,4,0,0,,,triagem/nome-caixa-conversao 1.0.0,7,ok
089842,per089842_1911_03737,5,0,0,,,triagem/nome-caixa-conversao 1.0.0,7,ok
089842,per089842_1911_03737,6,1,1,caixa de conver,34214,triagem/nome-caixa-conversao 1.0.0,7,ok
089842,per089842_1911_03737,7,0,0,,,triagem/nome-caixa-conversao 1.0.0,7,ok
089842,per089842_1911_03737,8,0,0,,,triagem/nome-caixa-conversao 1.0.0,7,ok
089842,per089842_1911_03737,9,0,0,,,triagem/nome-caixa-conversao 1.0.0,7,ok
089842,per089842_1911_03737,10,0,0,,,triagem/nome-caixa-conversao 1.0.0,7,ok
089842,per089842_1911_03737,11,0,0,,,triagem/nome-caixa-conversao 1.0.0,7,ok
089842,per089842_1911_03737,12,0,0,,,triagem/nome-caixa-conversao 1.0.0,7,ok
089842,per089842_1911_03738,1,1,1,caixa do conver,10890,triagem/nome-caixa-conversao 1.0.0,7,ok
089842,per089842_1911_03738,2,0,0,,,triagem/nome-caixa-conversao 1.0.0,7,ok
089842,per089842_1911_03738,3,0,0,,,triagem/nome-caixa-conversao 1.0.0,7,ok
089842,per089842_1911_03738,4,0,0,,,triagem/nome-caixa-conversao 1.0.0,7,ok
089842,per089842_1911_03738,5,0,0,,,triagem/nome-caixa-conversao 1.0.0,7,ok
089842,per089842_1911_03738,6,0,0,,,triagem/nome-caixa-conversao 1.0.0,7,ok
089842,per089842_1911_03738,7,0,0,,,triagem/nome-caixa-conversao 1.0.0,7,ok
089842,per089842_1911_03738,8,0,0,,,triagem/nome-caixa-conversao 1.0.0,7,ok
089842,per089842_1911_03738,9,0,0,,,triagem/nome-caixa-conversao 1.0.0,7,ok
089842,per089842_1911_03738,10,0,0,,,triagem/nome-caixa-conversao 1.0.0,7,ok
089842,per089842_1911_03738,11,0,0,,,triagem/nome-caixa-conversao 1.0.0,7,ok
089842,per089842_1911_03738,12,0,0,,,triagem/nome-caixa-conversao 1.0.0,7,ok
089842,per089842_1911_03739,1,0,0,,,triagem/nome-caixa-conversao 1.0.0,7,ok
089842,per089842_1911_03739,2,0,0,,,triagem/nome-caixa-conversao 1.0.0,7,ok
089842,per089842_1911_03739,3,0,0,,,triagem/nome-caixa-conversao 1.0.0,7,ok
089842,per089842_1911_03739,4,0,0,,,triagem/nome-caixa-conversao 1.0.0,7,ok
089842,per089842_1911_03739,5,0,0,,,triagem/nome-caixa-conversao 1.0.0,7,ok
089842,per089842_1911_03739,6,0,0,,,triagem/nome-caixa-conversao 1.0.0,7,ok
089842,per089842_1911_03739,7,0,0,,,triagem/nome-caixa-conversao 1.0.0,7,ok
089842,per089842_1911_03739,8,0,0,,,triagem/nome-caixa-conversao 1.0.0,7,ok
089842,per089842_1911_03739,9,0,0,,,triagem/nome-caixa-conversao 1.0.0,7,ok
089842,per089842_1911_03739,10,0,0,,,triagem/nome-caixa-conversao 1.0.0,7,ok
089842,per089842_1911_03740,1,1,2,caixa de conver,29885,triagem/nome-caixa-conversao 1.0.0,7,ok
089842,per089842_1911_03740,2,1,1,caixa de conver,9561,triagem/nome-caixa-conversao 1.0.0,7,ok
089842,per089842_1911_03740,3,0,0,,,triagem/nome-caixa-conversao 1.0.0,7,ok
089842,per089842_1911_03740,4,0,0,,,triagem/nome-caixa-conversao 1.0.0,7,ok
089842,per089842_1911_03740,5,0,0,,,triagem/nome-caixa-conversao 1.0.0,7,ok
089842,per089842_1911_03740,6,0,0,,,triagem/nome-caixa-conversao 1.0.0,7,ok
089842,per089842_1911_03740,7,0,0,,,triagem/nome-caixa-conversao 1.0.0,7,ok
089842,per089842_1911_03740,8,0,0,,,triagem/nome-caixa-conversao 1.0.0,7,ok
089842,per089842_1911_03740,9,0,0,,,triagem/nome-caixa-conversao 1.0.0,7,ok
089842,per089842_1911_03740,10,0,0,,,triagem/nome-caixa-conversao 1.0.0,7,ok
089842,per089842_1911_03740,11,0,0,,,triagem/nome-caixa-conversao 1.0.0,7,ok
089842,per089842_1911_03740,12,0,0,,,triagem/nome-caixa-conversao 1.0.0,7,ok
089842,per089842_1911_03741,1,0,0,,,triagem/nome-caixa-conversao 1.0.0,7,ok
089842,per089842_1911_03741,2,0,0,,,triagem/nome-caixa-conversao 1.0.0,7,ok
089842,per089842_1911_03741,3,0,0,,,triagem/nome-caixa-conversao 1.0.0,7,ok
089842,per089842_1911_03741,4,0,0,,,triagem/nome-caixa-conversao 1.0.0,7,ok
089842,per089842_1911_03741,5,0,0,,,triagem/nome-caixa-conversao 1.0.0,7,ok
089842,per089842_1911_03741,6,0,0,,,triagem/nome-caixa-conversao 1.0.0,7,ok
089842,per089842_1911_03741,7,1,1,caixa de conver,16560,triagem/nome-caixa-conversao 1.0.0,7,ok
089842,per089842_1911_03741,8,0,0,,,triagem/nome-caixa-conversao 1.0.0,7,ok
089842,per089842_1911_03741,9,0,0,,,triagem/nome-caixa-conversao 1.0.0,7,ok
089842,per089842_1911_03741,10,0,0,,,triagem/nome-caixa-conversao 1.0.0,7,ok
089842,per089842_1911_03741,11,0,0,,,triagem/nome-caixa-conversao 1.0.0,7,ok
089842,per089842_1911_03741,12,0,0,,,triagem/nome-caixa-conversao 1.0.0,7,ok
089842,per089842_1911_03741,13,0,0,,,triagem/nome-caixa-conversao 1.0.0,7,ok
089842,per089842_1911_03741,14,0,0,,,triagem/nome-caixa-conversao 1.0.0,7,ok
089842,per089842_1911_03741,15,0,0,,,triagem/nome-caixa-conversao 1.0.0,7,ok
089842,per089842_1911_03741,16,0,0,,,triagem/nome-caixa-conversao 1.0.0,7,ok
089842,per089842_1911_03742,1,0,0,,,triagem/nome-caixa-conversao 1.0.0,7,ok
089842,per089842_1911_03742,2,0,0,,,triagem/nome-caixa-conversao 1.0.0,7,ok
089842,per089842_1911_03742,3,0,0,,,triagem/nome-caixa-conversao 1.0.0,7,ok
089842,per089842_1911_03742,4,0,0,,,triagem/nome-caixa-conversao 1.0.0,7,ok
089842,per089842_1911_03742,5,1,1,caixa de conver,53737,triagem/nome-caixa-conversao 1.0.0,7,ok
089842,per089842_1911_03742,6,0,0,,,triagem/nome-caixa-conversao 1.0.0,7,ok
089842,per089842_1911_03742,7,0,0,,,triagem/nome-caixa-conversao 1.0.0,7,ok
089842,per089842_1911_03742,8,0,0,,,triagem/nome-caixa-conversao 1.0.0,7,ok
089842,per089842_1911_03742,9,0,0,,,triagem/nome-caixa-conversao 1.0.0,7,ok
089842,per089842_1911_03742,10,0,0,,,triagem/nome-caixa-conversao 1.0.0,7,ok
089842,per089842_1911_03743,1,0,0,,,triagem/nome-caixa-conversao 1.0.0,7,ok
089842,per089842_1911_03743,2,0,0,,,triagem/nome-caixa-conversao 1.0.0,7,ok
089842,per089842_1911_03743,3,0,0,,,triagem/nome-caixa-conversao 1.0.0,7,ok
089842,per089842_1911_03743,4,0,0,,,triagem/nome-caixa-conversao 1.0.0,7,ok
089842,per089842_1911_03743,5,1,2,caixa de conver,32027,triagem/nome-caixa-conversao 1.0.0,7,ok
089842,per089842_1911_03743,6,1,1,caixa dc conver,34852,triagem/nome-caixa-conversao 1.0.0,7,ok
089842,per089842_1911_03743,7,0,0,,,triagem/nome-caixa-conversao 1.0.0,7,ok
089842,per089842_1911_03743,8,0,0,,,triagem/nome-caixa-conversao 1.0.0,7,ok
089842,per089842_1911_03743,9,0,0,,,triagem/nome-caixa-conversao 1.0.0,7,ok
089842,per089842_1911_03743,10,0,0,,,triagem/nome-caixa-conversao 1.0.0,7,ok
089842,per089842_1911_03743,11,0,0,,,triagem/nome-caixa-conversao 1.0.0,7,ok
089842,per089842_1911_03743,12,0,0,,,triagem/nome-caixa-conversao 1.0.0,7,ok
089842,per089842_1911_03744,1,0,0,,,triagem/nome-caixa-conversao 1.0.0,7,ok
089842,per089842_1911_03744,2,0,0,,,triagem/nome-caixa-conversao 1.0.0,7,ok
089842,per089842_1911_03744,3,0,0,,,triagem/nome-caixa-conversao 1.0.0,7,ok
089842,per089842_1911_03744,4,0,0,,,triagem/nome-caixa-conversao 1.0.0,7,ok
089842,per089842_1911_03744,5,0,0,,,triagem/nome-caixa-conversao 1.0.0,7,ok
089842,per089842_1911_03744,6,1,1,caixa de conver,47778,triagem/nome-caixa-conversao 1.0.0,7,ok
089842,per089842_1911_03744,7,0,0,,,triagem/nome-caixa-conversao 1.0.0,7,ok
089842,per089842_1911_03744,8,0,0,,,triagem/nome-caixa-conversao 1.0.0,7,ok
089842,per089842_1911_03744,9,0,0,,,triagem/nome-caixa-conversao 1.0.0,7,ok
089842,per089842_1911_03744,10,0,0,,,triagem/nome-caixa-conversao 1.0.0,7,ok
089842,per089842_1911_03744,11,0,0,,,triagem/nome-caixa-conversao 1.0.0,7,ok
089842,per089842_1911_03744,12,0,0,,,triagem/nome-caixa-conversao 1.0.0,7,ok
089842,per089842_1911_03744,13,0,0,,,triagem/nome-caixa-conversao 1.0.0,7,ok
089842,per089842_1911_03744,14,0,0,,,triagem/nome-caixa-conversao 1.0.0,7,ok
089842,per089842_1911_03745,1,0,0,,,triagem/nome-caixa-conversao 1.0.0,7,ok
089842,per089842_1911_03745,2,0,0,,,triagem/nome-caixa-conversao 1.0.0,7,ok
089842,per089842_1911_03745,3,0,0,,,triagem/nome-caixa-conversao 1.0.0,7,ok
089842,per089842_1911_03745,4,0,0,,,triagem/nome-caixa-conversao 1.0.0,7,ok
089842,per089842_1911_03745,5,0,0,,,triagem/nome-caixa-conversao 1.0.0,7,ok
089842,per089842_1911_03745,6,0,0,,,triagem/nome-caixa-conversao 1.0.0,7,ok
089842,per089842_1911_03745,7,0,0,,,triagem/nome-caixa-conversao 1.0.0,7,ok
089842,per089842_1911_03745,8,0,0,,,triagem/nome-caixa-conversao 1.0.0,7,ok
089842,per089842_1911_03745,9,0,0,,,triagem/nome-caixa-conversao 1.0.0,7,ok
089842,per089842_1911_03745,10,0,0,,,triagem/nome-caixa-conversao 1.0.0,7,ok
089842,per089842_1911_03745,11,0,0,,,triagem/nome-caixa-conversao 1.0.0,7,ok
089842,per089842_1911_03745,12,0,0,,,triagem/nome-caixa-conversao 1.0.0,7,ok
089842,per089842_1911_03746,1,1,2,caixa de conver,23467,triagem/nome-caixa-conversao 1.0.0,7,ok
089842,per089842_1911_03746,2,0,0,,,triagem/nome-caixa-conversao 1.0.0,7,ok
089842,per089842_1911_03746,3,0,0,,,triagem/nome-caixa-conversao 1.0.0,7,ok
089842,per089842_1911_03746,4,0,0,,,triagem/nome-caixa-conversao 1.0.0,7,ok
089842,per089842_1911_03746,5,0,0,,,triagem/nome-caixa-conversao 1.0.0,7,ok
089842,per089842_1911_03746,6,0,0,,,triagem/nome-caixa-conversao 1.0.0,7,ok
089842,per089842_1911_03746,7,0,0,,,triagem/nome-caixa-conversao 1.0.0,7,ok
089842,per089842_1911_03746,8,0,0,,,triagem/nome-caixa-conversao 1.0.0,7,ok
089842,per089842_1911_03746,9,0,0,,,triagem/nome-caixa-conversao 1.0.0,7,ok
089842,per089842_1911_03746,10,0,0,,,triagem/nome-caixa-conversao 1.0.0,7,ok
089842,per089842_1911_03746,11,0,0,,,triagem/nome-caixa-conversao 1.0.0,7,ok
089842,per089842_1911_03746,12,0,0,,,triagem/nome-caixa-conversao 1.0.0,7,ok
089842,per089842_1911_03747,1,0,0,,,triagem/nome-caixa-conversao 1.0.0,7,ok
089842,per089842_1911_03747,2,0,0,,,triagem/nome-caixa-conversao 1.0.0,7,ok
089842,per089842_1911_03747,3,0,0,,,triagem/nome-caixa-conversao 1.0.0,7,ok
089842,per089842_1911_03747,4,0,0,,,triagem/nome-caixa-conversao 1.0.0,7,ok
089842,per089842_1911_03747,5,1,1,caixa de conver,37909,triagem/nome-caixa-conversao 1.0.0,7,ok
089842,per089842_1911_03747,6,1,1,caixade conver,49058,triagem/nome-caixa-conversao 1.0.0,7,ok
089842,per089842_1911_03747,7,0,0,,,triagem/nome-caixa-conversao 1.0.0,7,ok
089842,per089842_1911_03747,8,0,0,,,triagem/nome-caixa-conversao 1.0.0,7,ok
089842,per089842_1911_03747,9,0,0,,,triagem/nome-caixa-conversao 1.0.0,7,ok
089842,per089842_1911_03747,10,0,0,,,triagem/nome-caixa-conversao 1.0.0,7,ok
089842,per089842_1911_03747,11,0,0,,,triagem/nome-caixa-conversao 1.0.0,7,ok
089842,per089842_1911_03747,12,0,0,,,triagem/nome-caixa-conversao 1.0.0,7,ok
089842,per089842_1911_03748,1,0,0,,,triagem/nome-caixa-conversao 1.0.0,7,ok
089842,per089842_1911_03748,2,0,0,,,triagem/nome-caixa-conversao 1.0.0,7,ok
089842,per089842_1911_03748,3,1,2,caixa de conver,12339,triagem/nome-caixa-conversao 1.0.0,7,ok
089842,per089842_1911_03748,4,0,0,,,triagem/nome-caixa-conversao 1.0.0,7,ok
089842,per089842_1911_03748,5,0,0,,,triagem/nome-caixa-conversao 1.0.0,7,ok
089842,per089842_1911_03748,6,0,0,,,triagem/nome-caixa-conversao 1.0.0,7,ok
089842,per089842_1911_03748,7,0,0,,,triagem/nome-caixa-conversao 1.0.0,7,ok
089842,per089842_1911_03748,8,0,0,,,triagem/nome-caixa-conversao 1.0.0,7,ok
089842,per089842_1911_03748,9,0,0,,,triagem/nome-caixa-conversao 1.0.0,7,ok
089842,per089842_1911_03748,10,0,0,,,triagem/nome-caixa-conversao 1.0.0,7,ok
089842,per089842_1911_03748,11,0,0,,,triagem/nome-caixa-conversao 1.0.0,7,ok
089842,per089842_1911_03748,12,0,0,,,triagem/nome-caixa-conversao 1.0.0,7,ok
089842,per089842_1911_03748,13,0,0,,,triagem/nome-caixa-conversao 1.0.0,7,ok
089842,per089842_1911_03748,14,0,0,,,triagem/nome-caixa-conversao 1.0.0,7,ok
089842,per089842_1911_03748,15,0,0,,,triagem/nome-caixa-conversao 1.0.0,7,ok
089842,per089842_1911_03748,16,0,0,,,triagem/nome-caixa-conversao 1.0.0,7,ok
089842,per089842_1911_03749,1,0,0,,,triagem/nome-caixa-conversao 1.0.0,7,ok
089842,per089842_1911_03749,2,0,0,,,triagem/nome-caixa-conversao 1.0.0,7,ok
089842,per089842_1911_03749,3,0,0,,,triagem/nome-caixa-conversao 1.0.0,7,ok
089842,per089842_1911_03749,4,0,0,,,triagem/nome-caixa-conversao 1.0.0,7,ok
089842,per089842_1911_03749,5,0,0,,,triagem/nome-caixa-conversao 1.0.0,7,ok
089842,per089842_1911_03749,6,1,1,caixa dc conver,11140,triagem/nome-caixa-conversao 1.0.0,7,ok
089842,per089842_1911_03749,7,0,0,,,triagem/nome-caixa-conversao 1.0.0,7,ok
089842,per089842_1911_03749,8,0,0,,,triagem/nome-caixa-conversao 1.0.0,7,ok
089842,per089842_1911_03749,9,0,0,,,triagem/nome-caixa-conversao 1.0.0,7,ok
089842,per089842_1911_03749,10,0,0,,,triagem/nome-caixa-conversao 1.0.0,7,ok
089842,per089842_1911_03750,1,0,0,,,triagem/nome-caixa-conversao 1.0.0,7,ok
089842,per089842_1911_03750,2,1,2,caixade conver,38342,triagem/nome-caixa-conversao 1.0.0,7,ok
089842,per089842_1911_03750,3,0,0,,,triagem/nome-caixa-conversao 1.0.0,7,ok
089842,per089842_1911_03750,4,0,0,,,triagem/nome-caixa-conversao 1.0.0,7,ok
089842,per089842_1911_03750,5,0,0,,,triagem/nome-caixa-conversao 1.0.0,7,ok
089842,per089842_1911_03750,6,0,0,,,triagem/nome-caixa-conversao 1.0.0,7,ok
089842,per089842_1911_03750,7,0,0,,,triagem/nome-caixa-conversao 1.0.0,7,ok
089842,per089842_1911_03750,8,0,0,,,triagem/nome-caixa-conversao 1.0.0,7,ok
089842,per089842_1911_03750,9,0,0,,,triagem/nome-caixa-conversao 1.0.0,7,ok
089842,per089842_1911_03750,10,0,0,,,triagem/nome-caixa-conversao 1.0.0,7,ok
089842,per089842_1911_03750,11,0,0,,,triagem/nome-caixa-conversao 1.0.0,7,ok
089842,per089842_1911_03750,12,0,0,,,triagem/nome-caixa-conversao 1.0.0,7,ok
089842,per089842_1911_03751,1,1,2,caixa dc conver,2978,triagem/nome-caixa-conversao 1.0.0,7,ok
089842,per089842_1911_03751,2,1,2,caixa de conver,22897,triagem/nome-caixa-conversao 1.0.0,7,ok
089842,per089842_1911_03751,3,0,0,,,triagem/nome-caixa-conversao 1.0.0,7,ok
089842,per089842_1911_03751,4,0,0,,,triagem/nome-caixa-conversao 1.0.0,7,ok
089842,per089842_1911_03751,5,0,0,,,triagem/nome-caixa-conversao 1.0.0,7,ok
089842,per089842_1911_03751,6,0,0,,,triagem/nome-caixa-conversao 1.0.0,7,ok
089842,per089842_1911_03751,7,0,0,,,triagem/nome-caixa-conversao 1.0.0,7,ok
089842,per089842_1911_03751,8,0,0,,,triagem/nome-caixa-conversao 1.0.0,7,ok
089842,per089842_1911_03751,9,0,0,,,triagem/nome-caixa-conversao 1.0.0,7,ok
089842,per089842_1911_03751,10,0,0,,,triagem/nome-caixa-conversao 1.0.0,7,ok
089842,per089842_1911_03751,11,0,0,,,triagem/nome-caixa-conversao 1.0.0,7,ok
089842,per089842_1911_03751,12,0,0,,,triagem/nome-caixa-conversao 1.0.0,7,ok
089842,per089842_1911_03752,1,0,0,,,triagem/nome-caixa-conversao 1.0.0,7,ok
089842,per089842_1911_03752,2,1,2,caixa deconver,967,triagem/nome-caixa-conversao 1.0.0,7,ok
089842,per089842_1911_03752,3,0,0,,,triagem/nome-caixa-conversao 1.0.0,7,ok
089842,per089842_1911_03752,4,0,0,,,triagem/nome-caixa-conversao 1.0.0,7,ok
089842,per089842_1911_03752,5,0,0,,,triagem/nome-caixa-conversao 1.0.0,7,ok
089842,per089842_1911_03752,6,0,0,,,triagem/nome-caixa-conversao 1.0.0,7,ok
089842,per089842_1911_03752,7,0,0,,,triagem/nome-caixa-conversao 1.0.0,7,ok
089842,per089842_1911_03752,8,0,0,,,triagem/nome-caixa-conversao 1.0.0,7,ok
089842,per089842_1911_03752,9,0,0,,,triagem/nome-caixa-conversao 1.0.0,7,ok
089842,per089842_1911_03752,10,0,0,,,triagem/nome-caixa-conversao 1.0.0,7,ok
089842,per089842_1911_03752,11,0,0,,,triagem/nome-caixa-conversao 1.0.0,7,ok
089842,per089842_1911_03752,12,0,0,,,triagem/nome-caixa-conversao 1.0.0,7,ok
089842,per089842_1911_03753,1,0,0,,,triagem/nome-caixa-conversao 1.0.0,7,ok
089842,per089842_1911_03753,2,0,0,,,triagem/nome-caixa-conversao 1.0.0,7,ok
089842,per089842_1911_03753,3,1,1,caixa de conver,21346,triagem/nome-caixa-conversao 1.0.0,7,ok
089842,per089842_1911_03753,4,0,0,,,triagem/nome-caixa-conversao 1.0.0,7,ok
089842,per089842_1911_03753,5,0,0,,,triagem/nome-caixa-conversao 1.0.0,7,ok
089842,per089842_1911_03753,6,0,0,,,triagem/nome-caixa-conversao 1.0.0,7,ok
089842,per089842_1911_03753,7,0,0,,,triagem/nome-caixa-conversao 1.0.0,7,ok
089842,per089842_1911_03753,8,0,0,,,triagem/nome-caixa-conversao 1.0.0,7,ok
089842,per089842_1911_03753,9,0,0,,,triagem/nome-caixa-conversao 1.0.0,7,ok
089842,per089842_1911_03753,10,0,0,,,triagem/nome-caixa-conversao 1.0.0,7,ok
089842,per089842_1911_03753,11,0,0,,,triagem/nome-caixa-conversao 1.0.0,7,ok
089842,per089842_1911_03753,12,0,0,,,triagem/nome-caixa-conversao 1.0.0,7,ok
089842,per089842_1911_03754,1,0,0,,,triagem/nome-caixa-conversao 1.0.0,7,ok
089842,per089842_1911_03754,2,0,0,,,triagem/nome-caixa-conversao 1.0.0,7,ok
089842,per089842_1911_03754,3,0,0,,,triagem/nome-caixa-conversao 1.0.0,7,ok
089842,per089842_1911_03754,4,0,0,,,triagem/nome-caixa-conversao 1.0.0,7,ok
089842,per089842_1911_03754,5,0,0,,,triagem/nome-caixa-conversao 1.0.0,7,ok
089842,per089842_1911_03754,6,1,1,caixa dc conver,31751,triagem/nome-caixa-conversao 1.0.0,7,ok
089842,per089842_1911_03754,7,0,0,,,triagem/nome-caixa-conversao 1.0.0,7,ok
089842,per089842_1911_03754,8,0,0,,,triagem/nome-caixa-conversao 1.0.0,7,ok
089842,per089842_1911_03754,9,0,0,,,triagem/nome-caixa-conversao 1.0.0,7,ok
089842,per089842_1911_03754,10,0,0,,,triagem/nome-caixa-conversao 1.0.0,7,ok
089842,per089842_1911_03754,11,0,0,,,triagem/nome-caixa-conversao 1.0.0,7,ok
089842,per089842_1911_03754,12,0,0,,,triagem/nome-caixa-conversao 1.0.0,7,ok
089842,per089842_1911_03755,1,0,0,,,triagem/nome-caixa-conversao 1.0.0,7,ok
089842,per089842_1911_03755,2,1,1,caixa ds conver,3707,triagem/nome-caixa-conversao 1.0.0,7,ok
089842,per089842_1911_03755,3,0,0,,,triagem/nome-caixa-conversao 1.0.0,7,ok
089842,per089842_1911_03755,4,0,0,,,triagem/nome-caixa-conversao 1.0.0,7,ok
089842,per089842_1911_03755,5,0,0,,,triagem/nome-caixa-conversao 1.0.0,7,ok
089842,per089842_1911_03755,6,1,2,caixa de conver,2847,triagem/nome-caixa-conversao 1.0.0,7,ok
089842,per089842_1911_03755,7,0,0,,,triagem/nome-caixa-conversao 1.0.0,7,ok
089842,per089842_1911_03755,8,0,0,,,triagem/nome-caixa-conversao 1.0.0,7,ok
089842,per089842_1911_03755,9,0,0,,,triagem/nome-caixa-conversao 1.0.0,7,ok
089842,per089842_1911_03755,10,0,0,,,triagem/nome-caixa-conversao 1.0.0,7,ok
089842,per089842_1911_03755,11,0,0,,,triagem/nome-caixa-conversao 1.0.0,7,ok
089842,per089842_1911_03755,12,0,0,,,triagem/nome-caixa-conversao 1.0.0,7,ok
089842,per089842_1911_03755,13,0,0,,,triagem/nome-caixa-conversao 1.0.0,7,ok
089842,per089842_1911_03755,14,0,0,,,triagem/nome-caixa-conversao 1.0.0,7,ok
089842,per089842_1911_03755,15,0,0,,,triagem/nome-caixa-conversao 1.0.0,7,ok
089842,per089842_1911_03755,16,0,0,,,triagem/nome-caixa-conversao 1.0.0,7,ok
089842,per089842_1911_03756,1,1,1,caixa de conver,16921,triagem/nome-caixa-conversao 1.0.0,7,ok
089842,per089842_1911_03756,2,0,0,,,triagem/nome-caixa-conversao 1.0.0,7,ok
089842,per089842_1911_03756,3,0,0,,,triagem/nome-caixa-conversao 1.0.0,7,ok
089842,per089842_1911_03756,4,0,0,,,triagem/nome-caixa-conversao 1.0.0,7,ok
089842,per089842_1911_03756,5,0,0,,,triagem/nome-caixa-conversao 1.0.0,7,ok
089842,per089842_1911_03756,6,0,0,,,triagem/nome-caixa-conversao 1.0.0,7,ok
089842,per089842_1911_03756,7,0,0,,,triagem/nome-caixa-conversao 1.0.0,7,ok
089842,per089842_1911_03756,8,0,0,,,triagem/nome-caixa-conversao 1.0.0,7,ok
089842,per089842_1911_03756,9,0,0,,,triagem/nome-caixa-conversao 1.0.0,7,ok
089842,per089842_1911_03756,10,0,0,,,triagem/nome-caixa-conversao 1.0.0,7,ok
089842,per089842_1911_03757,1,1,1,caixa do conver,478,triagem/nome-caixa-conversao 1.0.0,7,ok
089842,per089842_1911_03757,2,0,0,,,triagem/nome-caixa-conversao 1.0.0,7,ok
089842,per089842_1911_03757,3,0,0,,,triagem/nome-caixa-conversao 1.0.0,7,ok
089842,per089842_1911_03757,4,0,0,,,triagem/nome-caixa-conversao 1.0.0,7,ok
089842,per089842_1911_03757,5,0,0,,,triagem/nome-caixa-conversao 1.0.0,7,ok
089842,per089842_1911_03757,6,0,0,,,triagem/nome-caixa-conversao 1.0.0,7,ok
089842,per089842_1911_03757,7,0,0,,,triagem/nome-caixa-conversao 1.0.0,7,ok
089842,per089842_1911_03757,8,0,0,,,triagem/nome-caixa-conversao 1.0.0,7,ok
089842,per089842_1911_03757,9,0,0,,,triagem/nome-caixa-conversao 1.0.0,7,ok
089842,per089842_1911_03757,10,0,0,,,triagem/nome-caixa-conversao 1.0.0,7,ok
089842,per089842_1911_03757,11,0,0,,,triagem/nome-caixa-conversao 1.0.0,7,ok
089842,per089842_1911_03757,12,0,0,,,triagem/nome-caixa-conversao 1.0.0,7,ok
089842,per089842_1911_03758,1,0,0,,,triagem/nome-caixa-conversao 1.0.0,7,ok
089842,per089842_1911_03758,2,0,0,,,triagem/nome-caixa-conversao 1.0.0,7,ok
089842,per089842_1911_03758,3,0,0,,,triagem/nome-caixa-conversao 1.0.0,7,ok
089842,per089842_1911_03758,4,0,0,,,triagem/nome-caixa-conversao 1.0.0,7,ok
089842,per089842_1911_03758,5,0,0,,,triagem/nome-caixa-conversao 1.0.0,7,ok
089842,per089842_1911_03758,6,0,0,,,triagem/nome-caixa-conversao 1.0.0,7,ok
089842,per089842_1911_03758,7,0,0,,,triagem/nome-caixa-conversao 1.0.0,7,ok
089842,per089842_1911_03758,8,0,0,,,triagem/nome-caixa-conversao 1.0.0,7,ok
089842,per089842_1911_03758,9,0,0,,,triagem/nome-caixa-conversao 1.0.0,7,ok
089842,per089842_1911_03758,10,0,0,,,triagem/nome-caixa-conversao 1.0.0,7,ok
089842,per089842_1911_03758,11,0,0,,,triagem/nome-caixa-conversao 1.0.0,7,ok
089842,per089842_1911_03758,12,0,0,,,triagem/nome-caixa-conversao 1.0.0,7,ok
089842,per089842_1911_03759,1,0,0,,,triagem/nome-caixa-conversao 1.0.0,7,ok
089842,per089842_1911_03759,2,0,0,,,triagem/nome-caixa-conversao 1.0.0,7,ok
089842,per089842_1911_03759,3,0,0,,,triagem/nome-caixa-conversao 1.0.0,7,ok
089842,per089842_1911_03759,4,0,0,,,triagem/nome-caixa-conversao 1.0.0,7,ok
089842,per089842_1911_03759,5,0,0,,,triagem/nome-caixa-conversao 1.0.0,7,ok
089842,per089842_1911_03759,6,1,1,caixa dc conver,32626,triagem/nome-caixa-conversao 1.0.0,7,ok
089842,per089842_1911_03759,7,0,0,,,triagem/nome-caixa-conversao 1.0.0,7,ok
089842,per089842_1911_03759,8,0,0,,,triagem/nome-caixa-conversao 1.0.0,7,ok
089842,per089842_1911_03759,9,0,0,,,triagem/nome-caixa-conversao 1.0.0,7,ok
089842,per089842_1911_03759,10,0,0,,,triagem/nome-caixa-conversao 1.0.0,7,ok
089842,per089842_1911_03759,11,0,0,,,triagem/nome-caixa-conversao 1.0.0,7,ok
089842,per089842_1911_03759,12,0,0,,,triagem/nome-caixa-conversao 1.0.0,7,ok
089842,per089842_1911_03760,1,0,0,,,triagem/nome-caixa-conversao 1.0.0,7,ok
089842,per089842_1911_03760,2,0,0,,,triagem/nome-caixa-conversao 1.0.0,7,ok
089842,per089842_1911_03760,3,0,0,,,triagem/nome-caixa-conversao 1.0.0,7,ok
089842,per089842_1911_03760,4,0,0,,,triagem/nome-caixa-conversao 1.0.0,7,ok
089842,per089842_1911_03760,5,0,0,,,triagem/nome-caixa-conversao 1.0.0,7,ok
089842,per089842_1911_03760,6,0,0,,,triagem/nome-caixa-conversao 1.0.0,7,ok
089842,per089842_1911_03760,7,0,0,,,triagem/nome-caixa-conversao 1.0.0,7,ok
089842,per089842_1911_03760,8,0,0,,,triagem/nome-caixa-conversao 1.0.0,7,ok
089842,per089842_1911_03760,9,0,0,,,triagem/nome-caixa-conversao 1.0.0,7,ok
089842,per089842_1911_03760,10,0,0,,,triagem/nome-caixa-conversao 1.0.0,7,ok
089842,per089842_1911_03760,11,1,1,caixa de conver,4682,triagem/nome-caixa-conversao 1.0.0,7,ok
089842,per089842_1911_03760,12,0,0,,,triagem/nome-caixa-conversao 1.0.0,7,ok
089842,per089842_1911_03760,13,0,0,,,triagem/nome-caixa-conversao 1.0.0,7,ok
089842,per089842_1911_03760,14,0,0,,,triagem/nome-caixa-conversao 1.0.0,7,ok
089842,per089842_1911_03761,1,0,0,,,triagem/nome-caixa-conversao 1.0.0,7,ok
089842,per089842_1911_03761,2,1,2,caixade conver,2871,triagem/nome-caixa-conversao 1.0.0,7,ok
089842,per089842_1911_03761,3,0,0,,,triagem/nome-caixa-conversao 1.0.0,7,ok
089842,per089842_1911_03761,4,0,0,,,triagem/nome-caixa-conversao 1.0.0,7,ok
089842,per089842_1911_03761,5,0,0,,,triagem/nome-caixa-conversao 1.0.0,7,ok
089842,per089842_1911_03761,6,0,0,,,triagem/nome-caixa-conversao 1.0.0,7,ok
089842,per089842_1911_03761,7,0,0,,,triagem/nome-caixa-conversao 1.0.0,7,ok
089842,per089842_1911_03761,8,0,0,,,triagem/nome-caixa-conversao 1.0.0,7,ok
089842,per089842_1911_03761,9,0,0,,,triagem/nome-caixa-conversao 1.0.0,7,ok
089842,per089842_1911_03761,10,0,0,,,triagem/nome-caixa-conversao 1.0.0,7,ok
089842,per089842_1911_03761,11,0,0,,,triagem/nome-caixa-conversao 1.0.0,7,ok
089842,per089842_1911_03761,12,0,0,,,triagem/nome-caixa-conversao 1.0.0,7,ok
089842,per089842_1911_03762,1,0,0,,,triagem/nome-caixa-conversao 1.0.0,7,ok
089842,per089842_1911_03762,2,1,1,caixa do conver,3829,triagem/nome-caixa-conversao 1.0.0,7,ok
089842,per089842_1911_03762,3,0,0,,,triagem/nome-caixa-conversao 1.0.0,7,ok
089842,per089842_1911_03762,4,0,0,,,triagem/nome-caixa-conversao 1.0.0,7,ok
089842,per089842_1911_03762,5,0,0,,,triagem/nome-caixa-conversao 1.0.0,7,ok
089842,per089842_1911_03762,6,1,2,caixa de conver,35313,triagem/nome-caixa-conversao 1.0.0,7,ok
089842,per089842_1911_03762,7,0,0,,,triagem/nome-caixa-conversao 1.0.0,7,ok
089842,per089842_1911_03762,8,0,0,,,triagem/nome-caixa-conversao 1.0.0,7,ok
089842,per089842_1911_03762,9,0,0,,,triagem/nome-caixa-conversao 1.0.0,7,ok
089842,per089842_1911_03762,10,0,0,,,triagem/nome-caixa-conversao 1.0.0,7,ok
089842,per089842_1911_03762,11,0,0,,,triagem/nome-caixa-conversao 1.0.0,7,ok
089842,per089842_1911_03762,12,0,0,,,triagem/nome-caixa-conversao 1.0.0,7,ok
089842,per089842_1911_03762,13,0,0,,,triagem/nome-caixa-conversao 1.0.0,7,ok
089842,per089842_1911_03762,14,0,0,,,triagem/nome-caixa-conversao 1.0.0,7,ok
089842,per089842_1911_03762,15,0,0,,,triagem/nome-caixa-conversao 1.0.0,7,ok
089842,per089842_1911_03762,16,0,0,,,triagem/nome-caixa-conversao 1.0.0,7,ok
089842,per089842_1911_03763,1,0,0,,,triagem/nome-caixa-conversao 1.0.0,7,ok
089842,per089842_1911_03763,2,0,0,,,triagem/nome-caixa-conversao 1.0.0,7,ok
089842,per089842_1911_03763,3,0,0,,,triagem/nome-caixa-conversao 1.0.0,7,ok
089842,per089842_1911_03763,4,0,0,,,triagem/nome-caixa-conversao 1.0.0,7,ok
089842,per089842_1911_03763,5,1,1,caixa dc conver,22539,triagem/nome-caixa-conversao 1.0.0,7,ok
089842,per089842_1911_03763,6,0,0,,,triagem/nome-caixa-conversao 1.0.0,7,ok
089842,per089842_1911_03763,7,0,0,,,triagem/nome-caixa-conversao 1.0.0,7,ok
089842,per089842_1911_03763,8,0,0,,,triagem/nome-caixa-conversao 1.0.0,7,ok
089842,per089842_1911_03763,9,0,0,,,triagem/nome-caixa-conversao 1.0.0,7,ok
089842,per089842_1911_03763,10,0,0,,,triagem/nome-caixa-conversao 1.0.0,7,ok
089842,per089842_1911_03764,1,0,0,,,triagem/nome-caixa-conversao 1.0.0,7,ok
089842,per089842_1911_03764,2,0,0,,,triagem/nome-caixa-conversao 1.0.0,7,ok
089842,per089842_1911_03764,3,1,1,caixa dc conver,35792,triagem/nome-caixa-conversao 1.0.0,7,ok
089842,per089842_1911_03764,4,0,0,,,triagem/nome-caixa-conversao 1.0.0,7,ok
089842,per089842_1911_03764,5,0,0,,,triagem/nome-caixa-conversao 1.0.0,7,ok
089842,per089842_1911_03764,6,0,0,,,triagem/nome-caixa-conversao 1.0.0,7,ok
089842,per089842_1911_03764,7,0,0,,,triagem/nome-caixa-conversao 1.0.0,7,ok
089842,per089842_1911_03764,8,0,0,,,triagem/nome-caixa-conversao 1.0.0,7,ok
089842,per089842_1911_03764,9,0,0,,,triagem/nome-caixa-conversao 1.0.0,7,ok
089842,per089842_1911_03764,10,0,0,,,triagem/nome-caixa-conversao 1.0.0,7,ok
089842,per089842_1911_03764,11,0,0,,,triagem/nome-caixa-conversao 1.0.0,7,ok
089842,per089842_1911_03764,12,0,0,,,triagem/nome-caixa-conversao 1.0.0,7,ok
089842,per089842_1911_03765,1,1,1,caixa do conver,6035,triagem/nome-caixa-conversao 1.0.0,7,ok
089842,per089842_1911_03765,2,0,0,,,triagem/nome-caixa-conversao 1.0.0,7,ok
089842,per089842_1911_03765,3,0,0,,,triagem/nome-caixa-conversao 1.0.0,7,ok
089842,per089842_1911_03765,4,0,0,,,triagem/nome-caixa-conversao 1.0.0,7,ok
089842,per089842_1911_03765,5,0,0,,,triagem/nome-caixa-conversao 1.0.0,7,ok
089842,per089842_1911_03765,6,0,0,,,triagem/nome-caixa-conversao 1.0.0,7,ok
089842,per089842_1911_03765,7,0,0,,,triagem/nome-caixa-conversao 1.0.0,7,ok
089842,per089842_1911_03765,8,0,0,,,triagem/nome-caixa-conversao 1.0.0,7,ok
089842,per089842_1911_03765,9,0,0,,,triagem/nome-caixa-conversao 1.0.0,7,ok
089842,per089842_1911_03765,10,0,0,,,triagem/nome-caixa-conversao 1.0.0,7,ok
089842,per089842_1911_03765,11,0,0,,,triagem/nome-caixa-conversao 1.0.0,7,ok
089842,per089842_1911_03765,12,0,0,,,triagem/nome-caixa-conversao 1.0.0,7,ok
089842,per089842_1911_03766,1,0,0,,,triagem/nome-caixa-conversao 1.0.0,7,ok
089842,per089842_1911_03766,2,1,2,caixa de conver,26281,triagem/nome-caixa-conversao 1.0.0,7,ok
089842,per089842_1911_03766,3,0,0,,,triagem/nome-caixa-conversao 1.0.0,7,ok
089842,per089842_1911_03766,4,0,0,,,triagem/nome-caixa-conversao 1.0.0,7,ok
089842,per089842_1911_03766,5,0,0,,,triagem/nome-caixa-conversao 1.0.0,7,ok
089842,per089842_1911_03766,6,0,0,,,triagem/nome-caixa-conversao 1.0.0,7,ok
089842,per089842_1911_03766,7,0,0,,,triagem/nome-caixa-conversao 1.0.0,7,ok
089842,per089842_1911_03766,8,0,0,,,triagem/nome-caixa-conversao 1.0.0,7,ok
089842,per089842_1911_03766,9,0,0,,,triagem/nome-caixa-conversao 1.0.0,7,ok
089842,per089842_1911_03766,10,0,0,,,triagem/nome-caixa-conversao 1.0.0,7,ok
089842,per089842_1911_03766,11,0,0,,,triagem/nome-caixa-conversao 1.0.0,7,ok
089842,per089842_1911_03766,12,0,0,,,triagem/nome-caixa-conversao 1.0.0,7,ok
089842,per089842_1911_03767,1,0,0,,,triagem/nome-caixa-conversao 1.0.0,7,ok
089842,per089842_1911_03767,2,1,2,caixa deconver,34651,triagem/nome-caixa-conversao 1.0.0,7,ok
089842,per089842_1911_03767,3,0,0,,,triagem/nome-caixa-conversao 1.0.0,7,ok
089842,per089842_1911_03767,4,0,0,,,triagem/nome-caixa-conversao 1.0.0,7,ok
089842,per089842_1911_03767,5,0,0,,,triagem/nome-caixa-conversao 1.0.0,7,ok
089842,per089842_1911_03767,6,0,0,,,triagem/nome-caixa-conversao 1.0.0,7,ok
089842,per089842_1911_03767,7,0,0,,,triagem/nome-caixa-conversao 1.0.0,7,ok
089842,per089842_1911_03767,8,0,0,,,triagem/nome-caixa-conversao 1.0.0,7,ok
089842,per089842_1911_03767,9,0,0,,,triagem/nome-caixa-conversao 1.0.0,7,ok
089842,per089842_1911_03767,10,0,0,,,triagem/nome-caixa-conversao 1.0.0,7,ok
089842,per089842_1911_03767,11,0,0,,,triagem/nome-caixa-conversao 1.0.0,7,ok
089842,per089842_1911_03767,12,0,0,,,triagem/nome-caixa-conversao 1.0.0,7,ok
089842,per089842_1911_03768,1,0,0,,,triagem/nome-caixa-conversao 1.0.0,7,ok
089842,per089842_1911_03768,2,0,0,,,triagem/nome-caixa-conversao 1.0.0,7,ok
089842,per089842_1911_03768,3,0,0,,,triagem/nome-caixa-conversao 1.0.0,7,ok
089842,per089842_1911_03768,4,0,0,,,triagem/nome-caixa-conversao 1.0.0,7,ok
089842,per089842_1911_03768,5,0,0,,,triagem/nome-caixa-conversao 1.0.0,7,ok
089842,per089842_1911_03768,6,0,0,,,triagem/nome-caixa-conversao 1.0.0,7,ok
089842,per089842_1911_03768,7,0,0,,,triagem/nome-caixa-conversao 1.0.0,7,ok
089842,per089842_1911_03768,8,0,0,,,triagem/nome-caixa-conversao 1.0.0,7,ok
089842,per089842_1911_03768,9,0,0,,,triagem/nome-caixa-conversao 1.0.0,7,ok
089842,per089842_1911_03768,10,0,0,,,triagem/nome-caixa-conversao 1.0.0,7,ok
089842,per089842_1911_03768,11,0,0,,,triagem/nome-caixa-conversao 1.0.0,7,ok
089842,per089842_1911_03768,12,0,0,,,triagem/nome-caixa-conversao 1.0.0,7,ok
089842,per089842_1911_03770,1,0,0,,,triagem/nome-caixa-conversao 1.0.0,7,ok
089842,per089842_1911_03770,2,0,0,,,triagem/nome-caixa-conversao 1.0.0,7,ok
089842,per089842_1911_03770,3,0,0,,,triagem/nome-caixa-conversao 1.0.0,7,ok
089842,per089842_1911_03770,4,0,0,,,triagem/nome-caixa-conversao 1.0.0,7,ok
089842,per089842_1911_03770,5,0,0,,,triagem/nome-caixa-conversao 1.0.0,7,ok
089842,per089842_1911_03770,6,0,0,,,triagem/nome-caixa-conversao 1.0.0,7,ok
089842,per089842_1911_03770,7,0,0,,,triagem/nome-caixa-conversao 1.0.0,7,ok
089842,per089842_1911_03770,8,0,0,,,triagem/nome-caixa-conversao 1.0.0,7,ok
089842,per089842_1911_03770,9,0,0,,,triagem/nome-caixa-conversao 1.0.0,7,ok
089842,per089842_1911_03770,10,0,0,,,triagem/nome-caixa-conversao 1.0.0,7,ok
089842,per089842_1911_03770,11,0,0,,,triagem/nome-caixa-conversao 1.0.0,7,ok
089842,per089842_1911_03770,12,0,0,,,triagem/nome-caixa-conversao 1.0.0,7,ok
089842,per089842_1911_03771,1,0,0,,,triagem/nome-caixa-conversao 1.0.0,7,ok
089842,per089842_1911_03771,2,0,0,,,triagem/nome-caixa-conversao 1.0.0,7,ok
089842,per089842_1911_03771,3,0,0,,,triagem/nome-caixa-conversao 1.0.0,7,ok
089842,per089842_1911_03771,4,0,0,,,triagem/nome-caixa-conversao 1.0.0,7,ok
089842,per089842_1911_03771,5,0,0,,,triagem/nome-caixa-conversao 1.0.0,7,ok
089842,per089842_1911_03771,6,0,0,,,triagem/nome-caixa-conversao 1.0.0,7,ok
089842,per089842_1911_03771,7,0,0,,,triagem/nome-caixa-conversao 1.0.0,7,ok
089842,per089842_1911_03771,8,0,0,,,triagem/nome-caixa-conversao 1.0.0,7,ok
089842,per089842_1911_03771,9,0,0,,,triagem/nome-caixa-conversao 1.0.0,7,ok
089842,per089842_1911_03771,10,0,0,,,triagem/nome-caixa-conversao 1.0.0,7,ok
089842,per089842_1911_03771,11,0,0,,,triagem/nome-caixa-conversao 1.0.0,7,ok
089842,per089842_1911_03771,12,0,0,,,triagem/nome-caixa-conversao 1.0.0,7,ok
089842,per089842_1911_03772,1,0,0,,,triagem/nome-caixa-conversao 1.0.0,7,ok
089842,per089842_1911_03772,2,0,0,,,triagem/nome-caixa-conversao 1.0.0,7,ok
089842,per089842_1911_03772,3,0,0,,,triagem/nome-caixa-conversao 1.0.0,7,ok
089842,per089842_1911_03772,4,0,0,,,triagem/nome-caixa-conversao 1.0.0,7,ok
089842,per089842_1911_03772,5,0,0,,,triagem/nome-caixa-conversao 1.0.0,7,ok
089842,per089842_1911_03772,6,0,0,,,triagem/nome-caixa-conversao 1.0.0,7,ok
089842,per089842_1911_03772,7,0,0,,,triagem/nome-caixa-conversao 1.0.0,7,ok
089842,per089842_1911_03772,8,0,0,,,triagem/nome-caixa-conversao 1.0.0,7,ok
089842,per089842_1911_03772,9,0,0,,,triagem/nome-caixa-conversao 1.0.0,7,ok
089842,per089842_1911_03772,10,0,0,,,triagem/nome-caixa-conversao 1.0.0,7,ok
089842,per089842_1911_03773,1,1,1,caixa de conver,21801,triagem/nome-caixa-conversao 1.0.0,7,ok
089842,per089842_1911_03773,2,0,0,,,triagem/nome-caixa-conversao 1.0.0,7,ok
089842,per089842_1911_03773,3,0,0,,,triagem/nome-caixa-conversao 1.0.0,7,ok
089842,per089842_1911_03773,4,0,0,,,triagem/nome-caixa-conversao 1.0.0,7,ok
089842,per089842_1911_03773,5,1,1,caixa dc conver,16538,triagem/nome-caixa-conversao 1.0.0,7,ok
089842,per089842_1911_03773,6,0,0,,,triagem/nome-caixa-conversao 1.0.0,7,ok
089842,per089842_1911_03773,7,0,0,,,triagem/nome-caixa-conversao 1.0.0,7,ok
089842,per089842_1911_03773,8,0,0,,,triagem/nome-caixa-conversao 1.0.0,7,ok
089842,per089842_1911_03773,9,0,0,,,triagem/nome-caixa-conversao 1.0.0,7,ok
089842,per089842_1911_03773,10,0,0,,,triagem/nome-caixa-conversao 1.0.0,7,ok
089842,per089842_1911_03773,11,0,0,,,triagem/nome-caixa-conversao 1.0.0,7,ok
089842,per089842_1911_03773,12,0,0,,,triagem/nome-caixa-conversao 1.0.0,7,ok
089842,per089842_1911_03774,1,0,0,,,triagem/nome-caixa-conversao 1.0.0,7,ok
089842,per089842_1911_03774,2,0,0,,,triagem/nome-caixa-conversao 1.0.0,7,ok
089842,per089842_1911_03774,3,0,0,,,triagem/nome-caixa-conversao 1.0.0,7,ok
089842,per089842_1911_03774,4,0,0,,,triagem/nome-caixa-conversao 1.0.0,7,ok
089842,per089842_1911_03774,5,0,0,,,triagem/nome-caixa-conversao 1.0.0,7,ok
089842,per089842_1911_03774,6,0,0,,,triagem/nome-caixa-conversao 1.0.0,7,ok
089842,per089842_1911_03774,7,0,0,,,triagem/nome-caixa-conversao 1.0.0,7,ok
089842,per089842_1911_03774,8,0,0,,,triagem/nome-caixa-conversao 1.0.0,7,ok
089842,per089842_1911_03774,9,0,0,,,triagem/nome-caixa-conversao 1.0.0,7,ok
089842,per089842_1911_03774,10,0,0,,,triagem/nome-caixa-conversao 1.0.0,7,ok
089842,per089842_1911_03774,11,0,0,,,triagem/nome-caixa-conversao 1.0.0,7,ok
089842,per089842_1911_03774,12,0,0,,,triagem/nome-caixa-conversao 1.0.0,7,ok
089842,per089842_1911_03775,1,0,0,,,triagem/nome-caixa-conversao 1.0.0,7,ok
089842,per089842_1911_03775,2,1,1,caixa de conver,32291,triagem/nome-caixa-conversao 1.0.0,7,ok
089842,per089842_1911_03775,3,1,1,caixa de conver,18469,triagem/nome-caixa-conversao 1.0.0,7,ok
089842,per089842_1911_03775,4,0,0,,,triagem/nome-caixa-conversao 1.0.0,7,ok
089842,per089842_1911_03775,5,0,0,,,triagem/nome-caixa-conversao 1.0.0,7,ok
089842,per089842_1911_03775,6,0,0,,,triagem/nome-caixa-conversao 1.0.0,7,ok
089842,per089842_1911_03775,7,0,0,,,triagem/nome-caixa-conversao 1.0.0,7,ok
089842,per089842_1911_03775,8,0,0,,,triagem/nome-caixa-conversao 1.0.0,7,ok
089842,per089842_1911_03775,9,0,0,,,triagem/nome-caixa-conversao 1.0.0,7,ok
089842,per089842_1911_03775,10,0,0,,,triagem/nome-caixa-conversao 1.0.0,7,ok
089842,per089842_1911_03775,11,0,0,,,triagem/nome-caixa-conversao 1.0.0,7,ok
089842,per089842_1911_03775,12,0,0,,,triagem/nome-caixa-conversao 1.0.0,7,ok
089842,per089842_1911_03775,13,0,0,,,triagem/nome-caixa-conversao 1.0.0,7,ok
089842,per089842_1911_03775,14,0,0,,,triagem/nome-caixa-conversao 1.0.0,7,ok
089842,per089842_1911_03775,15,0,0,,,triagem/nome-caixa-conversao 1.0.0,7,ok
089842,per089842_1911_03775,16,0,0,,,triagem/nome-caixa-conversao 1.0.0,7,ok
089842,per089842_1911_03776,1,0,0,,,triagem/nome-caixa-conversao 1.0.0,7,ok
089842,per089842_1911_03776,2,0,0,,,triagem/nome-caixa-conversao 1.0.0,7,ok
089842,per089842_1911_03776,3,0,0,,,triagem/nome-caixa-conversao 1.0.0,7,ok
089842,per089842_1911_03776,4,0,0,,,triagem/nome-caixa-conversao 1.0.0,7,ok
089842,per089842_1911_03776,5,0,0,,,triagem/nome-caixa-conversao 1.0.0,7,ok
089842,per089842_1911_03776,6,0,0,,,triagem/nome-caixa-conversao 1.0.0,7,ok
089842,per089842_1911_03776,7,0,0,,,triagem/nome-caixa-conversao 1.0.0,7,ok
089842,per089842_1911_03776,8,0,0,,,triagem/nome-caixa-conversao 1.0.0,7,ok
089842,per089842_1911_03776,9,0,0,,,triagem/nome-caixa-conversao 1.0.0,7,ok
089842,per089842_1911_03776,10,0,0,,,triagem/nome-caixa-conversao 1.0.0,7,ok
089842,per089842_1911_03777,1,1,1,caixa dc conver,995,triagem/nome-caixa-conversao 1.0.0,7,ok
089842,per089842_1911_03777,2,0,0,,,triagem/nome-caixa-conversao 1.0.0,7,ok
089842,per089842_1911_03777,3,1,1,caixa de conver,21803,triagem/nome-caixa-conversao 1.0.0,7,ok
089842,per089842_1911_03777,4,0,0,,,triagem/nome-caixa-conversao 1.0.0,7,ok
089842,per089842_1911_03777,5,0,0,,,triagem/nome-caixa-conversao 1.0.0,7,ok
089842,per089842_1911_03777,6,0,0,,,triagem/nome-caixa-conversao 1.0.0,7,ok
089842,per089842_1911_03777,7,0,0,,,triagem/nome-caixa-conversao 1.0.0,7,ok
089842,per089842_1911_03777,8,0,0,,,triagem/nome-caixa-conversao 1.0.0,7,ok
089842,per089842_1911_03777,9,0,0,,,triagem/nome-caixa-conversao 1.0.0,7,ok
089842,per089842_1911_03777,10,0,0,,,triagem/nome-caixa-conversao 1.0.0,7,ok
089842,per089842_1911_03777,11,0,0,,,triagem/nome-caixa-conversao 1.0.0,7,ok
089842,per089842_1911_03777,12,0,0,,,triagem/nome-caixa-conversao 1.0.0,7,ok
089842,per089842_1911_03778,1,0,0,,,triagem/nome-caixa-conversao 1.0.0,7,ok
089842,per089842_1911_03778,2,0,0,,,triagem/nome-caixa-conversao 1.0.0,7,ok
089842,per089842_1911_03778,3,0,0,,,triagem/nome-caixa-conversao 1.0.0,7,ok
089842,per089842_1911_03778,4,0,0,,,triagem/nome-caixa-conversao 1.0.0,7,ok
089842,per089842_1911_03778,5,0,0,,,triagem/nome-caixa-conversao 1.0.0,7,ok
089842,per089842_1911_03778,6,0,0,,,triagem/nome-caixa-conversao 1.0.0,7,ok
089842,per089842_1911_03778,7,0,0,,,triagem/nome-caixa-conversao 1.0.0,7,ok
089842,per089842_1911_03778,8,0,0,,,triagem/nome-caixa-conversao 1.0.0,7,ok
089842,per089842_1911_03778,9,0,0,,,triagem/nome-caixa-conversao 1.0.0,7,ok
089842,per089842_1911_03778,10,0,0,,,triagem/nome-caixa-conversao 1.0.0,7,ok
089842,per089842_1911_03778,11,0,0,,,triagem/nome-caixa-conversao 1.0.0,7,ok
089842,per089842_1911_03778,12,0,0,,,triagem/nome-caixa-conversao 1.0.0,7,ok
089842,per089842_1911_03779,1,0,0,,,triagem/nome-caixa-conversao 1.0.0,7,ok
089842,per089842_1911_03779,2,0,0,,,triagem/nome-caixa-conversao 1.0.0,7,ok
089842,per089842_1911_03779,3,0,0,,,triagem/nome-caixa-conversao 1.0.0,7,ok
089842,per089842_1911_03779,4,0,0,,,triagem/nome-caixa-conversao 1.0.0,7,ok
089842,per089842_1911_03779,5,0,0,,,triagem/nome-caixa-conversao 1.0.0,7,ok
089842,per089842_1911_03779,6,0,0,,,triagem/nome-caixa-conversao 1.0.0,7,ok
089842,per089842_1911_03779,7,0,0,,,triagem/nome-caixa-conversao 1.0.0,7,ok
089842,per089842_1911_03779,8,0,0,,,triagem/nome-caixa-conversao 1.0.0,7,ok
089842,per089842_1911_03779,9,0,0,,,triagem/nome-caixa-conversao 1.0.0,7,ok
089842,per089842_1911_03779,10,0,0,,,triagem/nome-caixa-conversao 1.0.0,7,ok
089842,per089842_1911_03779,11,0,0,,,triagem/nome-caixa-conversao 1.0.0,7,ok
089842,per089842_1911_03779,12,0,0,,,triagem/nome-caixa-conversao 1.0.0,7,ok
089842,per089842_1911_03780,1,0,0,,,triagem/nome-caixa-conversao 1.0.0,7,ok
089842,per089842_1911_03780,2,0,0,,,triagem/nome-caixa-conversao 1.0.0,7,ok
089842,per089842_1911_03780,3,0,0,,,triagem/nome-caixa-conversao 1.0.0,7,ok
089842,per089842_1911_03780,4,0,0,,,triagem/nome-caixa-conversao 1.0.0,7,ok
089842,per089842_1911_03780,5,0,0,,,triagem/nome-caixa-conversao 1.0.0,7,ok
089842,per089842_1911_03780,6,0,0,,,triagem/nome-caixa-conversao 1.0.0,7,ok
089842,per089842_1911_03780,7,0,0,,,triagem/nome-caixa-conversao 1.0.0,7,ok
089842,per089842_1911_03780,8,0,0,,,triagem/nome-caixa-conversao 1.0.0,7,ok
089842,per089842_1911_03780,9,0,0,,,triagem/nome-caixa-conversao 1.0.0,7,ok
089842,per089842_1911_03780,10,0,0,,,triagem/nome-caixa-conversao 1.0.0,7,ok
089842,per089842_1911_03780,11,0,0,,,triagem/nome-caixa-conversao 1.0.0,7,ok
089842,per089842_1911_03780,12,0,0,,,triagem/nome-caixa-conversao 1.0.0,7,ok
089842,per089842_1911_03781,1,0,0,,,triagem/nome-caixa-conversao 1.0.0,7,ok
089842,per089842_1911_03781,2,0,0,,,triagem/nome-caixa-conversao 1.0.0,7,ok
089842,per089842_1911_03781,3,0,0,,,triagem/nome-caixa-conversao 1.0.0,7,ok
089842,per089842_1911_03781,4,0,0,,,triagem/nome-caixa-conversao 1.0.0,7,ok
089842,per089842_1911_03781,5,0,0,,,triagem/nome-caixa-conversao 1.0.0,7,ok
089842,per089842_1911_03781,6,0,0,,,triagem/nome-caixa-conversao 1.0.0,7,ok
089842,per089842_1911_03781,7,0,0,,,triagem/nome-caixa-conversao 1.0.0,7,ok
089842,per089842_1911_03781,8,0,0,,,triagem/nome-caixa-conversao 1.0.0,7,ok
089842,per089842_1911_03781,9,0,0,,,triagem/nome-caixa-conversao 1.0.0,7,ok
089842,per089842_1911_03781,10,0,0,,,triagem/nome-caixa-conversao 1.0.0,7,ok
089842,per089842_1911_03781,11,0,0,,,triagem/nome-caixa-conversao 1.0.0,7,ok
089842,per089842_1911_03781,12,0,0,,,triagem/nome-caixa-conversao 1.0.0,7,ok
089842,per089842_1911_03782,1,1,1,caixa do conver,5981,triagem/nome-caixa-conversao 1.0.0,7,ok
089842,per089842_1911_03782,2,0,0,,,triagem/nome-caixa-conversao 1.0.0,7,ok
089842,per089842_1911_03782,3,0,0,,,triagem/nome-caixa-conversao 1.0.0,7,ok
089842,per089842_1911_03782,4,0,0,,,triagem/nome-caixa-conversao 1.0.0,7,ok
089842,per089842_1911_03782,5,0,0,,,triagem/nome-caixa-conversao 1.0.0,7,ok
089842,per089842_1911_03782,6,0,0,,,triagem/nome-caixa-conversao 1.0.0,7,ok
089842,per089842_1911_03782,7,0,0,,,triagem/nome-caixa-conversao 1.0.0,7,ok
089842,per089842_1911_03782,8,0,0,,,triagem/nome-caixa-conversao 1.0.0,7,ok
089842,per089842_1911_03782,9,0,0,,,triagem/nome-caixa-conversao 1.0.0,7,ok
089842,per089842_1911_03782,10,0,0,,,triagem/nome-caixa-conversao 1.0.0,7,ok
089842,per089842_1911_03782,11,0,0,,,triagem/nome-caixa-conversao 1.0.0,7,ok
089842,per089842_1911_03782,12,0,0,,,triagem/nome-caixa-conversao 1.0.0,7,ok
089842,per089842_1911_03782,13,0,0,,,triagem/nome-caixa-conversao 1.0.0,7,ok
089842,per089842_1911_03782,14,0,0,,,triagem/nome-caixa-conversao 1.0.0,7,ok
089842,per089842_1911_03782,15,0,0,,,triagem/nome-caixa-conversao 1.0.0,7,ok
089842,per089842_1911_03782,16,0,0,,,triagem/nome-caixa-conversao 1.0.0,7,ok
089842,per089842_1911_03782,17,0,0,,,triagem/nome-caixa-conversao 1.0.0,7,ok
089842,per089842_1911_03782,18,0,0,,,triagem/nome-caixa-conversao 1.0.0,7,ok
089842,per089842_1911_03783,1,1,3,caixa deconver,18835,triagem/nome-caixa-conversao 1.0.0,7,ok
089842,per089842_1911_03783,2,0,0,,,triagem/nome-caixa-conversao 1.0.0,7,ok
089842,per089842_1911_03783,3,0,0,,,triagem/nome-caixa-conversao 1.0.0,7,ok
089842,per089842_1911_03783,4,0,0,,,triagem/nome-caixa-conversao 1.0.0,7,ok
089842,per089842_1911_03783,5,0,0,,,triagem/nome-caixa-conversao 1.0.0,7,ok
089842,per089842_1911_03783,6,0,0,,,triagem/nome-caixa-conversao 1.0.0,7,ok
089842,per089842_1911_03783,7,0,0,,,triagem/nome-caixa-conversao 1.0.0,7,ok
089842,per089842_1911_03783,8,0,0,,,triagem/nome-caixa-conversao 1.0.0,7,ok
089842,per089842_1911_03783,9,0,0,,,triagem/nome-caixa-conversao 1.0.0,7,ok
089842,per089842_1911_03783,10,0,0,,,triagem/nome-caixa-conversao 1.0.0,7,ok
089842,per089842_1911_03784,1,0,0,,,triagem/nome-caixa-conversao 1.0.0,7,ok
089842,per089842_1911_03784,2,1,1,caixa dc conver,12338,triagem/nome-caixa-conversao 1.0.0,7,ok
089842,per089842_1911_03784,3,0,0,,,triagem/nome-caixa-conversao 1.0.0,7,ok
089842,per089842_1911_03784,4,0,0,,,triagem/nome-caixa-conversao 1.0.0,7,ok
089842,per089842_1911_03784,5,0,0,,,triagem/nome-caixa-conversao 1.0.0,7,ok
089842,per089842_1911_03784,6,0,0,,,triagem/nome-caixa-conversao 1.0.0,7,ok
089842,per089842_1911_03784,7,0,0,,,triagem/nome-caixa-conversao 1.0.0,7,ok
089842,per089842_1911_03784,8,0,0,,,triagem/nome-caixa-conversao 1.0.0,7,ok
089842,per089842_1911_03784,9,0,0,,,triagem/nome-caixa-conversao 1.0.0,7,ok
089842,per089842_1911_03784,10,0,0,,,triagem/nome-caixa-conversao 1.0.0,7,ok
089842,per089842_1911_03784,11,0,0,,,triagem/nome-caixa-conversao 1.0.0,7,ok
089842,per089842_1911_03784,12,0,0,,,triagem/nome-caixa-conversao 1.0.0,7,ok
089842,per089842_1911_03785,1,0,0,,,triagem/nome-caixa-conversao 1.0.0,7,ok
089842,per089842_1911_03785,2,0,0,,,triagem/nome-caixa-conversao 1.0.0,7,ok
089842,per089842_1911_03785,3,0,0,,,triagem/nome-caixa-conversao 1.0.0,7,ok
089842,per089842_1911_03785,4,0,0,,,triagem/nome-caixa-conversao 1.0.0,7,ok
089842,per089842_1911_03785,5,1,1,caixa de conver,39233,triagem/nome-caixa-conversao 1.0.0,7,ok
089842,per089842_1911_03785,6,0,0,,,triagem/nome-caixa-conversao 1.0.0,7,ok
089842,per089842_1911_03785,7,0,0,,,triagem/nome-caixa-conversao 1.0.0,7,ok
089842,per089842_1911_03785,8,0,0,,,triagem/nome-caixa-conversao 1.0.0,7,ok
089842,per089842_1911_03785,9,0,0,,,triagem/nome-caixa-conversao 1.0.0,7,ok
089842,per089842_1911_03785,10,0,0,,,triagem/nome-caixa-conversao 1.0.0,7,ok
089842,per089842_1911_03785,11,0,0,,,triagem/nome-caixa-conversao 1.0.0,7,ok
089842,per089842_1911_03785,12,0,0,,,triagem/nome-caixa-conversao 1.0.0,7,ok
089842,per089842_1911_03786,1,0,0,,,triagem/nome-caixa-conversao 1.0.0,7,ok
089842,per089842_1911_03786,2,0,0,,,triagem/nome-caixa-conversao 1.0.0,7,ok
089842,per089842_1911_03786,3,0,0,,,triagem/nome-caixa-conversao 1.0.0,7,ok
089842,per089842_1911_03786,4,0,0,,,triagem/nome-caixa-conversao 1.0.0,7,ok
089842,per089842_1911_03786,5,0,0,,,triagem/nome-caixa-conversao 1.0.0,7,ok
089842,per089842_1911_03786,6,0,0,,,triagem/nome-caixa-conversao 1.0.0,7,ok
089842,per089842_1911_03786,7,0,0,,,triagem/nome-caixa-conversao 1.0.0,7,ok
089842,per089842_1911_03786,8,0,0,,,triagem/nome-caixa-conversao 1.0.0,7,ok
089842,per089842_1911_03786,9,0,0,,,triagem/nome-caixa-conversao 1.0.0,7,ok
089842,per089842_1911_03786,10,0,0,,,triagem/nome-caixa-conversao 1.0.0,7,ok
089842,per089842_1911_03787,1,0,0,,,triagem/nome-caixa-conversao 1.0.0,7,ok
089842,per089842_1911_03787,2,0,0,,,triagem/nome-caixa-conversao 1.0.0,7,ok
089842,per089842_1911_03787,3,0,0,,,triagem/nome-caixa-conversao 1.0.0,7,ok
089842,per089842_1911_03787,4,0,0,,,triagem/nome-caixa-conversao 1.0.0,7,ok
089842,per089842_1911_03787,5,0,0,,,triagem/nome-caixa-conversao 1.0.0,7,ok
089842,per089842_1911_03787,6,0,0,,,triagem/nome-caixa-conversao 1.0.0,7,ok
089842,per089842_1911_03787,7,0,0,,,triagem/nome-caixa-conversao 1.0.0,7,ok
089842,per089842_1911_03787,8,0,0,,,triagem/nome-caixa-conversao 1.0.0,7,ok
089842,per089842_1911_03787,9,0,0,,,triagem/nome-caixa-conversao 1.0.0,7,ok
089842,per089842_1911_03787,10,0,0,,,triagem/nome-caixa-conversao 1.0.0,7,ok
089842,per089842_1911_03787,11,0,0,,,triagem/nome-caixa-conversao 1.0.0,7,ok
089842,per089842_1911_03787,12,0,0,,,triagem/nome-caixa-conversao 1.0.0,7,ok
089842,per089842_1911_03787,13,0,0,,,triagem/nome-caixa-conversao 1.0.0,7,ok
089842,per089842_1911_03787,14,0,0,,,triagem/nome-caixa-conversao 1.0.0,7,ok
089842,per089842_1911_03788,1,0,0,,,triagem/nome-caixa-conversao 1.0.0,7,ok
089842,per089842_1911_03788,2,0,0,,,triagem/nome-caixa-conversao 1.0.0,7,ok
089842,per089842_1911_03788,3,0,0,,,triagem/nome-caixa-conversao 1.0.0,7,ok
089842,per089842_1911_03788,4,0,0,,,triagem/nome-caixa-conversao 1.0.0,7,ok
089842,per089842_1911_03788,5,0,0,,,triagem/nome-caixa-conversao 1.0.0,7,ok
089842,per089842_1911_03788,6,0,0,,,triagem/nome-caixa-conversao 1.0.0,7,ok
089842,per089842_1911_03788,7,0,0,,,triagem/nome-caixa-conversao 1.0.0,7,ok
089842,per089842_1911_03788,8,0,0,,,triagem/nome-caixa-conversao 1.0.0,7,ok
089842,per089842_1911_03788,9,0,0,,,triagem/nome-caixa-conversao 1.0.0,7,ok
089842,per089842_1911_03788,10,0,0,,,triagem/nome-caixa-conversao 1.0.0,7,ok
089842,per089842_1911_03788,11,0,0,,,triagem/nome-caixa-conversao 1.0.0,7,ok
089842,per089842_1911_03788,12,0,0,,,triagem/nome-caixa-conversao 1.0.0,7,ok
089842,per089842_1911_03789,1,0,0,,,triagem/nome-caixa-conversao 1.0.0,7,ok
089842,per089842_1911_03789,2,0,0,,,triagem/nome-caixa-conversao 1.0.0,7,ok
089842,per089842_1911_03789,3,0,0,,,triagem/nome-caixa-conversao 1.0.0,7,ok
089842,per089842_1911_03789,4,1,2,caixa de conver,15426,triagem/nome-caixa-conversao 1.0.0,7,ok
089842,per089842_1911_03789,5,0,0,,,triagem/nome-caixa-conversao 1.0.0,7,ok
089842,per089842_1911_03789,6,0,0,,,triagem/nome-caixa-conversao 1.0.0,7,ok
089842,per089842_1911_03789,7,0,0,,,triagem/nome-caixa-conversao 1.0.0,7,ok
089842,per089842_1911_03789,8,0,0,,,triagem/nome-caixa-conversao 1.0.0,7,ok
089842,per089842_1911_03789,9,0,0,,,triagem/nome-caixa-conversao 1.0.0,7,ok
089842,per089842_1911_03789,10,0,0,,,triagem/nome-caixa-conversao 1.0.0,7,ok
089842,per089842_1911_03789,11,0,0,,,triagem/nome-caixa-conversao 1.0.0,7,ok
089842,per089842_1911_03789,12,0,0,,,triagem/nome-caixa-conversao 1.0.0,7,ok
089842,per089842_1911_03789,13,0,0,,,triagem/nome-caixa-conversao 1.0.0,7,ok
089842,per089842_1911_03789,14,0,0,,,triagem/nome-caixa-conversao 1.0.0,7,ok
089842,per089842_1911_03789,15,0,0,,,triagem/nome-caixa-conversao 1.0.0,7,ok
089842,per089842_1911_03789,16,0,0,,,triagem/nome-caixa-conversao 1.0.0,7,ok
089842,per089842_1911_03790,1,0,0,,,triagem/nome-caixa-conversao 1.0.0,7,ok
089842,per089842_1911_03790,2,0,0,,,triagem/nome-caixa-conversao 1.0.0,7,ok
089842,per089842_1911_03790,3,0,0,,,triagem/nome-caixa-conversao 1.0.0,7,ok
089842,per089842_1911_03790,4,0,0,,,triagem/nome-caixa-conversao 1.0.0,7,ok
089842,per089842_1911_03790,5,0,0,,,triagem/nome-caixa-conversao 1.0.0,7,ok
089842,per089842_1911_03790,6,0,0,,,triagem/nome-caixa-conversao 1.0.0,7,ok
089842,per089842_1911_03790,7,0,0,,,triagem/nome-caixa-conversao 1.0.0,7,ok
089842,per089842_1911_03790,8,0,0,,,triagem/nome-caixa-conversao 1.0.0,7,ok
089842,per089842_1911_03790,9,0,0,,,triagem/nome-caixa-conversao 1.0.0,7,ok
089842,per089842_1911_03790,10,0,0,,,triagem/nome-caixa-conversao 1.0.0,7,ok
089842,per089842_1911_03790,11,0,0,,,triagem/nome-caixa-conversao 1.0.0,7,ok
089842,per089842_1911_03790,12,0,0,,,triagem/nome-caixa-conversao 1.0.0,7,ok
089842,per089842_1911_03791,1,0,0,,,triagem/nome-caixa-conversao 1.0.0,7,ok
089842,per089842_1911_03791,2,0,0,,,triagem/nome-caixa-conversao 1.0.0,7,ok
089842,per089842_1911_03791,3,0,0,,,triagem/nome-caixa-conversao 1.0.0,7,ok
089842,per089842_1911_03791,4,0,0,,,triagem/nome-caixa-conversao 1.0.0,7,ok
089842,per089842_1911_03791,5,0,0,,,triagem/nome-caixa-conversao 1.0.0,7,ok
089842,per089842_1911_03791,6,0,0,,,triagem/nome-caixa-conversao 1.0.0,7,ok
089842,per089842_1911_03791,7,0,0,,,triagem/nome-caixa-conversao 1.0.0,7,ok
089842,per089842_1911_03791,8,0,0,,,triagem/nome-caixa-conversao 1.0.0,7,ok
089842,per089842_1911_03791,9,0,0,,,triagem/nome-caixa-conversao 1.0.0,7,ok
089842,per089842_1911_03791,10,0,0,,,triagem/nome-caixa-conversao 1.0.0,7,ok
089842,per089842_1911_03791,11,0,0,,,triagem/nome-caixa-conversao 1.0.0,7,ok
089842,per089842_1911_03791,12,0,0,,,triagem/nome-caixa-conversao 1.0.0,7,ok
089842,per089842_1911_03791,13,0,0,,,triagem/nome-caixa-conversao 1.0.0,7,ok
089842,per089842_1911_03791,14,0,0,,,triagem/nome-caixa-conversao 1.0.0,7,ok
089842,per089842_1911_03792,1,0,0,,,triagem/nome-caixa-conversao 1.0.0,7,ok
089842,per089842_1911_03792,2,0,0,,,triagem/nome-caixa-conversao 1.0.0,7,ok
089842,per089842_1911_03792,3,0,0,,,triagem/nome-caixa-conversao 1.0.0,7,ok
089842,per089842_1911_03792,4,0,0,,,triagem/nome-caixa-conversao 1.0.0,7,ok
089842,per089842_1911_03792,5,0,0,,,triagem/nome-caixa-conversao 1.0.0,7,ok
089842,per089842_1911_03792,6,0,0,,,triagem/nome-caixa-conversao 1.0.0,7,ok
089842,per089842_1911_03792,7,0,0,,,triagem/nome-caixa-conversao 1.0.0,7,ok
089842,per089842_1911_03792,8,0,0,,,triagem/nome-caixa-conversao 1.0.0,7,ok
089842,per089842_1911_03792,9,0,0,,,triagem/nome-caixa-conversao 1.0.0,7,ok
089842,per089842_1911_03792,10,0,0,,,triagem/nome-caixa-conversao 1.0.0,7,ok
089842,per089842_1911_03793,1,0,0,,,triagem/nome-caixa-conversao 1.0.0,7,ok
089842,per089842_1911_03793,2,0,0,,,triagem/nome-caixa-conversao 1.0.0,7,ok
089842,per089842_1911_03793,3,0,0,,,triagem/nome-caixa-conversao 1.0.0,7,ok
089842,per089842_1911_03793,4,0,0,,,triagem/nome-caixa-conversao 1.0.0,7,ok
089842,per089842_1911_03793,5,0,0,,,triagem/nome-caixa-conversao 1.0.0,7,ok
089842,per089842_1911_03793,6,0,0,,,triagem/nome-caixa-conversao 1.0.0,7,ok
089842,per089842_1911_03793,7,0,0,,,triagem/nome-caixa-conversao 1.0.0,7,ok
089842,per089842_1911_03793,8,0,0,,,triagem/nome-caixa-conversao 1.0.0,7,ok
089842,per089842_1911_03793,9,0,0,,,triagem/nome-caixa-conversao 1.0.0,7,ok
089842,per089842_1911_03793,10,0,0,,,triagem/nome-caixa-conversao 1.0.0,7,ok
089842,per089842_1911_03793,11,0,0,,,triagem/nome-caixa-conversao 1.0.0,7,ok
089842,per089842_1911_03793,12,0,0,,,triagem/nome-caixa-conversao 1.0.0,7,ok
089842,per089842_1911_03793,13,0,0,,,triagem/nome-caixa-conversao 1.0.0,7,ok
089842,per089842_1911_03793,14,0,0,,,triagem/nome-caixa-conversao 1.0.0,7,ok
089842,per089842_1911_03794,1,0,0,,,triagem/nome-caixa-conversao 1.0.0,7,ok
089842,per089842_1911_03794,2,0,0,,,triagem/nome-caixa-conversao 1.0.0,7,ok
089842,per089842_1911_03794,3,0,0,,,triagem/nome-caixa-conversao 1.0.0,7,ok
089842,per089842_1911_03794,4,0,0,,,triagem/nome-caixa-conversao 1.0.0,7,ok
089842,per089842_1911_03794,5,0,0,,,triagem/nome-caixa-conversao 1.0.0,7,ok
089842,per089842_1911_03794,6,0,0,,,triagem/nome-caixa-conversao 1.0.0,7,ok
089842,per089842_1911_03794,7,0,0,,,triagem/nome-caixa-conversao 1.0.0,7,ok
089842,per089842_1911_03794,8,0,0,,,triagem/nome-caixa-conversao 1.0.0,7,ok
089842,per089842_1911_03794,9,0,0,,,triagem/nome-caixa-conversao 1.0.0,7,ok
089842,per089842_1911_03794,10,0,0,,,triagem/nome-caixa-conversao 1.0.0,7,ok
089842,per089842_1911_03794,11,0,0,,,triagem/nome-caixa-conversao 1.0.0,7,ok
089842,per089842_1911_03794,12,0,0,,,triagem/nome-caixa-conversao 1.0.0,7,ok
089842,per089842_1911_03794,13,0,0,,,triagem/nome-caixa-conversao 1.0.0,7,ok
089842,per089842_1911_03794,14,0,0,,,triagem/nome-caixa-conversao 1.0.0,7,ok
089842,per089842_1911_03795,1,0,0,,,triagem/nome-caixa-conversao 1.0.0,7,ok
089842,per089842_1911_03795,2,0,0,,,triagem/nome-caixa-conversao 1.0.0,7,ok
089842,per089842_1911_03795,3,0,0,,,triagem/nome-caixa-conversao 1.0.0,7,ok
089842,per089842_1911_03795,4,0,0,,,triagem/nome-caixa-conversao 1.0.0,7,ok
089842,per089842_1911_03795,5,0,0,,,triagem/nome-caixa-conversao 1.0.0,7,ok
089842,per089842_1911_03795,6,0,0,,,triagem/nome-caixa-conversao 1.0.0,7,ok
089842,per089842_1911_03795,7,0,0,,,triagem/nome-caixa-conversao 1.0.0,7,ok
089842,per089842_1911_03795,8,0,0,,,triagem/nome-caixa-conversao 1.0.0,7,ok
089842,per089842_1911_03795,9,0,0,,,triagem/nome-caixa-conversao 1.0.0,7,ok
089842,per089842_1911_03795,10,0,0,,,triagem/nome-caixa-conversao 1.0.0,7,ok
089842,per089842_1911_03795,11,0,0,,,triagem/nome-caixa-conversao 1.0.0,7,ok
089842,per089842_1911_03795,12,0,0,,,triagem/nome-caixa-conversao 1.0.0,7,ok
089842,per089842_1911_03795,13,0,0,,,triagem/nome-caixa-conversao 1.0.0,7,ok
089842,per089842_1911_03795,14,0,0,,,triagem/nome-caixa-conversao 1.0.0,7,ok
089842,per089842_1911_03796,1,0,0,,,triagem/nome-caixa-conversao 1.0.0,7,ok
089842,per089842_1911_03796,2,0,0,,,triagem/nome-caixa-conversao 1.0.0,7,ok
089842,per089842_1911_03796,3,0,0,,,triagem/nome-caixa-conversao 1.0.0,7,ok
089842,per089842_1911_03796,4,0,0,,,triagem/nome-caixa-conversao 1.0.0,7,ok
089842,per089842_1911_03796,5,0,0,,,triagem/nome-caixa-conversao 1.0.0,7,ok
089842,per089842_1911_03796,6,0,0,,,triagem/nome-caixa-conversao 1.0.0,7,ok
089842,per089842_1911_03796,7,0,0,,,triagem/nome-caixa-conversao 1.0.0,7,ok
089842,per089842_1911_03796,8,0,0,,,triagem/nome-caixa-conversao 1.0.0,7,ok
089842,per089842_1911_03796,9,0,0,,,triagem/nome-caixa-conversao 1.0.0,7,ok
089842,per089842_1911_03796,10,0,0,,,triagem/nome-caixa-conversao 1.0.0,7,ok
089842,per089842_1911_03796,11,0,0,,,triagem/nome-caixa-conversao 1.0.0,7,ok
089842,per089842_1911_03796,12,0,0,,,triagem/nome-caixa-conversao 1.0.0,7,ok
089842,per089842_1911_03796,13,0,0,,,triagem/nome-caixa-conversao 1.0.0,7,ok
089842,per089842_1911_03796,14,0,0,,,triagem/nome-caixa-conversao 1.0.0,7,ok
089842,per089842_1911_03796,15,0,0,,,triagem/nome-caixa-conversao 1.0.0,7,ok
089842,per089842_1911_03796,16,0,0,,,triagem/nome-caixa-conversao 1.0.0,7,ok
089842,per089842_1911_03797,1,0,0,,,triagem/nome-caixa-conversao 1.0.0,7,ok
089842,per089842_1911_03797,2,0,0,,,triagem/nome-caixa-conversao 1.0.0,7,ok
089842,per089842_1911_03797,3,1,1,caixade conver,27507,triagem/nome-caixa-conversao 1.0.0,7,ok
089842,per089842_1911_03797,4,0,0,,,triagem/nome-caixa-conversao 1.0.0,7,ok
089842,per089842_1911_03797,5,1,1,caixa de conver,17154,triagem/nome-caixa-conversao 1.0.0,7,ok
089842,per089842_1911_03797,6,0,0,,,triagem/nome-caixa-conversao 1.0.0,7,ok
089842,per089842_1911_03797,7,0,0,,,triagem/nome-caixa-conversao 1.0.0,7,ok
089842,per089842_1911_03797,8,0,0,,,triagem/nome-caixa-conversao 1.0.0,7,ok
089842,per089842_1911_03797,9,0,0,,,triagem/nome-caixa-conversao 1.0.0,7,ok
089842,per089842_1911_03797,10,0,0,,,triagem/nome-caixa-conversao 1.0.0,7,ok
089842,per089842_1911_03798,1,0,0,,,triagem/nome-caixa-conversao 1.0.0,7,ok
089842,per089842_1911_03798,2,0,0,,,triagem/nome-caixa-conversao 1.0.0,7,ok
089842,per089842_1911_03798,3,0,0,,,triagem/nome-caixa-conversao 1.0.0,7,ok
089842,per089842_1911_03798,4,0,0,,,triagem/nome-caixa-conversao 1.0.0,7,ok
089842,per089842_1911_03798,5,0,0,,,triagem/nome-caixa-conversao 1.0.0,7,ok
089842,per089842_1911_03798,6,0,0,,,triagem/nome-caixa-conversao 1.0.0,7,ok
089842,per089842_1911_03798,7,0,0,,,triagem/nome-caixa-conversao 1.0.0,7,ok
089842,per089842_1911_03798,8,0,0,,,triagem/nome-caixa-conversao 1.0.0,7,ok
089842,per089842_1911_03798,9,0,0,,,triagem/nome-caixa-conversao 1.0.0,7,ok
089842,per089842_1911_03798,10,0,0,,,triagem/nome-caixa-conversao 1.0.0,7,ok
089842,per089842_1911_03798,11,0,0,,,triagem/nome-caixa-conversao 1.0.0,7,ok
089842,per089842_1911_03798,12,0,0,,,triagem/nome-caixa-conversao 1.0.0,7,ok
089842,per089842_1911_03798,13,0,0,,,triagem/nome-caixa-conversao 1.0.0,7,ok
089842,per089842_1911_03798,14,0,0,,,triagem/nome-caixa-conversao 1.0.0,7,ok
089842,per089842_1911_03799,1,0,0,,,triagem/nome-caixa-conversao 1.0.0,7,ok
089842,per089842_1911_03799,2,0,0,,,triagem/nome-caixa-conversao 1.0.0,7,ok
089842,per089842_1911_03799,3,0,0,,,triagem/nome-caixa-conversao 1.0.0,7,ok
089842,per089842_1911_03799,4,0,0,,,triagem/nome-caixa-conversao 1.0.0,7,ok
089842,per089842_1911_03799,5,0,0,,,triagem/nome-caixa-conversao 1.0.0,7,ok
089842,per089842_1911_03799,6,0,0,,,triagem/nome-caixa-conversao 1.0.0,7,ok
089842,per089842_1911_03799,7,0,0,,,triagem/nome-caixa-conversao 1.0.0,7,ok
089842,per089842_1911_03799,8,0,0,,,triagem/nome-caixa-conversao 1.0.0,7,ok
089842,per089842_1911_03799,9,0,0,,,triagem/nome-caixa-conversao 1.0.0,7,ok
089842,per089842_1911_03799,10,0,0,,,triagem/nome-caixa-conversao 1.0.0,7,ok
089842,per089842_1911_03799,11,0,0,,,triagem/nome-caixa-conversao 1.0.0,7,ok
089842,per089842_1911_03799,12,0,0,,,triagem/nome-caixa-conversao 1.0.0,7,ok
089842,per089842_1911_03800,1,0,0,,,triagem/nome-caixa-conversao 1.0.0,7,ok
089842,per089842_1911_03800,2,0,0,,,triagem/nome-caixa-conversao 1.0.0,7,ok
089842,per089842_1911_03800,3,0,0,,,triagem/nome-caixa-conversao 1.0.0,7,ok
089842,per089842_1911_03800,4,0,0,,,triagem/nome-caixa-conversao 1.0.0,7,ok
089842,per089842_1911_03800,5,0,0,,,triagem/nome-caixa-conversao 1.0.0,7,ok
089842,per089842_1911_03800,6,0,0,,,triagem/nome-caixa-conversao 1.0.0,7,ok
089842,per089842_1911_03800,7,0,0,,,triagem/nome-caixa-conversao 1.0.0,7,ok
089842,per089842_1911_03800,8,0,0,,,triagem/nome-caixa-conversao 1.0.0,7,ok
089842,per089842_1911_03800,9,0,0,,,triagem/nome-caixa-conversao 1.0.0,7,ok
089842,per089842_1911_03800,10,0,0,,,triagem/nome-caixa-conversao 1.0.0,7,ok
089842,per089842_1911_03800,11,0,0,,,triagem/nome-caixa-conversao 1.0.0,7,ok
089842,per089842_1911_03800,12,0,0,,,triagem/nome-caixa-conversao 1.0.0,7,ok
089842,per089842_1911_03800,13,0,0,,,triagem/nome-caixa-conversao 1.0.0,7,ok
089842,per089842_1911_03800,14,0,0,,,triagem/nome-caixa-conversao 1.0.0,7,ok
089842,per089842_1911_03801,1,0,0,,,triagem/nome-caixa-conversao 1.0.0,7,ok
089842,per089842_1911_03801,2,0,0,,,triagem/nome-caixa-conversao 1.0.0,7,ok
089842,per089842_1911_03801,3,0,0,,,triagem/nome-caixa-conversao 1.0.0,7,ok
089842,per089842_1911_03801,4,0,0,,,triagem/nome-caixa-conversao 1.0.0,7,ok
089842,per089842_1911_03801,5,0,0,,,triagem/nome-caixa-conversao 1.0.0,7,ok
089842,per089842_1911_03801,6,0,0,,,triagem/nome-caixa-conversao 1.0.0,7,ok
089842,per089842_1911_03801,7,0,0,,,triagem/nome-caixa-conversao 1.0.0,7,ok
089842,per089842_1911_03801,8,0,0,,,triagem/nome-caixa-conversao 1.0.0,7,ok
089842,per089842_1911_03801,9,0,0,,,triagem/nome-caixa-conversao 1.0.0,7,ok
089842,per089842_1911_03801,10,0,0,,,triagem/nome-caixa-conversao 1.0.0,7,ok
089842,per089842_1911_03801,11,0,0,,,triagem/nome-caixa-conversao 1.0.0,7,ok
089842,per089842_1911_03801,12,0,0,,,triagem/nome-caixa-conversao 1.0.0,7,ok
089842,per089842_1911_03801,13,0,0,,,triagem/nome-caixa-conversao 1.0.0,7,ok
089842,per089842_1911_03801,14,0,0,,,triagem/nome-caixa-conversao 1.0.0,7,ok
089842,per089842_1911_03802,1,1,2,caixa de conver,28660,triagem/nome-caixa-conversao 1.0.0,7,ok
089842,per089842_1911_03802,2,0,0,,,triagem/nome-caixa-conversao 1.0.0,7,ok
089842,per089842_1911_03802,3,0,0,,,triagem/nome-caixa-conversao 1.0.0,7,ok
089842,per089842_1911_03802,4,0,0,,,triagem/nome-caixa-conversao 1.0.0,7,ok
089842,per089842_1911_03802,5,0,0,,,triagem/nome-caixa-conversao 1.0.0,7,ok
089842,per089842_1911_03802,6,1,1,caixa deconver,21637,triagem/nome-caixa-conversao 1.0.0,7,ok
089842,per089842_1911_03802,7,0,0,,,triagem/nome-caixa-conversao 1.0.0,7,ok
089842,per089842_1911_03802,8,0,0,,,triagem/nome-caixa-conversao 1.0.0,7,ok
089842,per089842_1911_03802,9,0,0,,,triagem/nome-caixa-conversao 1.0.0,7,ok
089842,per089842_1911_03802,10,0,0,,,triagem/nome-caixa-conversao 1.0.0,7,ok
089842,per089842_1911_03802,11,0,0,,,triagem/nome-caixa-conversao 1.0.0,7,ok
089842,per089842_1911_03802,12,0,0,,,triagem/nome-caixa-conversao 1.0.0,7,ok
089842,per089842_1911_03802,13,0,0,,,triagem/nome-caixa-conversao 1.0.0,7,ok
089842,per089842_1911_03802,14,0,0,,,triagem/nome-caixa-conversao 1.0.0,7,ok
089842,per089842_1911_03803,1,0,0,,,triagem/nome-caixa-conversao 1.0.0,7,ok
089842,per089842_1911_03803,2,0,0,,,triagem/nome-caixa-conversao 1.0.0,7,ok
089842,per089842_1911_03803,3,0,0,,,triagem/nome-caixa-conversao 1.0.0,7,ok
089842,per089842_1911_03803,4,0,0,,,triagem/nome-caixa-conversao 1.0.0,7,ok
089842,per089842_1911_03803,5,0,0,,,triagem/nome-caixa-conversao 1.0.0,7,ok
089842,per089842_1911_03803,6,0,0,,,triagem/nome-caixa-conversao 1.0.0,7,ok
089842,per089842_1911_03803,7,0,0,,,triagem/nome-caixa-conversao 1.0.0,7,ok
089842,per089842_1911_03803,8,0,0,,,triagem/nome-caixa-conversao 1.0.0,7,ok
089842,per089842_1911_03803,9,0,0,,,triagem/nome-caixa-conversao 1.0.0,7,ok
089842,per089842_1911_03803,10,0,0,,,triagem/nome-caixa-conversao 1.0.0,7,ok
089842,per089842_1911_03803,11,0,0,,,triagem/nome-caixa-conversao 1.0.0,7,ok
089842,per089842_1911_03803,12,0,0,,,triagem/nome-caixa-conversao 1.0.0,7,ok
089842,per089842_1911_03803,13,0,0,,,triagem/nome-caixa-conversao 1.0.0,7,ok
089842,per089842_1911_03803,14,0,0,,,triagem/nome-caixa-conversao 1.0.0,7,ok
089842,per089842_1911_03804,1,0,0,,,triagem/nome-caixa-conversao 1.0.0,7,ok
089842,per089842_1911_03804,2,0,0,,,triagem/nome-caixa-conversao 1.0.0,7,ok
089842,per089842_1911_03804,3,0,0,,,triagem/nome-caixa-conversao 1.0.0,7,ok
089842,per089842_1911_03804,4,0,0,,,triagem/nome-caixa-conversao 1.0.0,7,ok
089842,per089842_1911_03804,5,0,0,,,triagem/nome-caixa-conversao 1.0.0,7,ok
089842,per089842_1911_03804,6,0,0,,,triagem/nome-caixa-conversao 1.0.0,7,ok
089842,per089842_1911_03804,7,0,0,,,triagem/nome-caixa-conversao 1.0.0,7,ok
089842,per089842_1911_03804,8,0,0,,,triagem/nome-caixa-conversao 1.0.0,7,ok
089842,per089842_1911_03804,9,0,0,,,triagem/nome-caixa-conversao 1.0.0,7,ok
089842,per089842_1911_03804,10,0,0,,,triagem/nome-caixa-conversao 1.0.0,7,ok
089842,per089842_1911_03805,1,0,0,,,triagem/nome-caixa-conversao 1.0.0,7,ok
089842,per089842_1911_03805,2,0,0,,,triagem/nome-caixa-conversao 1.0.0,7,ok
089842,per089842_1911_03805,3,0,0,,,triagem/nome-caixa-conversao 1.0.0,7,ok
089842,per089842_1911_03805,4,0,0,,,triagem/nome-caixa-conversao 1.0.0,7,ok
089842,per089842_1911_03805,5,0,0,,,triagem/nome-caixa-conversao 1.0.0,7,ok
089842,per089842_1911_03805,6,0,0,,,triagem/nome-caixa-conversao 1.0.0,7,ok
089842,per089842_1911_03805,7,0,0,,,triagem/nome-caixa-conversao 1.0.0,7,ok
089842,per089842_1911_03805,8,0,0,,,triagem/nome-caixa-conversao 1.0.0,7,ok
089842,per089842_1911_03805,9,0,0,,,triagem/nome-caixa-conversao 1.0.0,7,ok
089842,per089842_1911_03805,10,0,0,,,triagem/nome-caixa-conversao 1.0.0,7,ok
089842,per089842_1911_03805,11,0,0,,,triagem/nome-caixa-conversao 1.0.0,7,ok
089842,per089842_1911_03805,12,0,0,,,triagem/nome-caixa-conversao 1.0.0,7,ok
089842,per089842_1911_03806,1,0,0,,,triagem/nome-caixa-conversao 1.0.0,7,ok
089842,per089842_1911_03806,2,0,0,,,triagem/nome-caixa-conversao 1.0.0,7,ok
089842,per089842_1911_03806,3,0,0,,,triagem/nome-caixa-conversao 1.0.0,7,ok
089842,per089842_1911_03806,4,0,0,,,triagem/nome-caixa-conversao 1.0.0,7,ok
089842,per089842_1911_03806,5,0,0,,,triagem/nome-caixa-conversao 1.0.0,7,ok
089842,per089842_1911_03806,6,0,0,,,triagem/nome-caixa-conversao 1.0.0,7,ok
089842,per089842_1911_03806,7,0,0,,,triagem/nome-caixa-conversao 1.0.0,7,ok
089842,per089842_1911_03806,8,0,0,,,triagem/nome-caixa-conversao 1.0.0,7,ok
089842,per089842_1911_03806,9,0,0,,,triagem/nome-caixa-conversao 1.0.0,7,ok
089842,per089842_1911_03806,10,0,0,,,triagem/nome-caixa-conversao 1.0.0,7,ok
089842,per089842_1911_03806,11,0,0,,,triagem/nome-caixa-conversao 1.0.0,7,ok
089842,per089842_1911_03806,12,0,0,,,triagem/nome-caixa-conversao 1.0.0,7,ok
089842,per089842_1911_03807,1,0,0,,,triagem/nome-caixa-conversao 1.0.0,7,ok
089842,per089842_1911_03807,2,1,1,caixa dc conver,11748,triagem/nome-caixa-conversao 1.0.0,7,ok
089842,per089842_1911_03807,3,1,1,caixa de conver,10914,triagem/nome-caixa-conversao 1.0.0,7,ok
089842,per089842_1911_03807,4,0,0,,,triagem/nome-caixa-conversao 1.0.0,7,ok
089842,per089842_1911_03807,5,1,1,caixa de conver,16887,triagem/nome-caixa-conversao 1.0.0,7,ok
089842,per089842_1911_03807,6,0,0,,,triagem/nome-caixa-conversao 1.0.0,7,ok
089842,per089842_1911_03807,7,0,0,,,triagem/nome-caixa-conversao 1.0.0,7,ok
089842,per089842_1911_03807,8,0,0,,,triagem/nome-caixa-conversao 1.0.0,7,ok
089842,per089842_1911_03807,9,0,0,,,triagem/nome-caixa-conversao 1.0.0,7,ok
089842,per089842_1911_03807,10,0,0,,,triagem/nome-caixa-conversao 1.0.0,7,ok
089842,per089842_1911_03807,11,0,0,,,triagem/nome-caixa-conversao 1.0.0,7,ok
089842,per089842_1911_03807,12,0,0,,,triagem/nome-caixa-conversao 1.0.0,7,ok
089842,per089842_1911_03807,13,0,0,,,triagem/nome-caixa-conversao 1.0.0,7,ok
089842,per089842_1911_03807,14,0,0,,,triagem/nome-caixa-conversao 1.0.0,7,ok
089842,per089842_1911_03808,1,0,0,,,triagem/nome-caixa-conversao 1.0.0,7,ok
089842,per089842_1911_03808,2,0,0,,,triagem/nome-caixa-conversao 1.0.0,7,ok
089842,per089842_1911_03808,3,0,0,,,triagem/nome-caixa-conversao 1.0.0,7,ok
089842,per089842_1911_03808,4,0,0,,,triagem/nome-caixa-conversao 1.0.0,7,ok
089842,per089842_1911_03808,5,0,0,,,triagem/nome-caixa-conversao 1.0.0,7,ok
089842,per089842_1911_03808,6,0,0,,,triagem/nome-caixa-conversao 1.0.0,7,ok
089842,per089842_1911_03808,7,0,0,,,triagem/nome-caixa-conversao 1.0.0,7,ok
089842,per089842_1911_03808,8,0,0,,,triagem/nome-caixa-conversao 1.0.0,7,ok
089842,per089842_1911_03808,9,0,0,,,triagem/nome-caixa-conversao 1.0.0,7,ok
089842,per089842_1911_03808,10,0,0,,,triagem/nome-caixa-conversao 1.0.0,7,ok
089842,per089842_1911_03808,11,0,0,,,triagem/nome-caixa-conversao 1.0.0,7,ok
089842,per089842_1911_03808,12,0,0,,,triagem/nome-caixa-conversao 1.0.0,7,ok
089842,per089842_1911_03808,13,0,0,,,triagem/nome-caixa-conversao 1.0.0,7,ok
089842,per089842_1911_03808,14,0,0,,,triagem/nome-caixa-conversao 1.0.0,7,ok
089842,per089842_1911_03809,1,1,1,caixade conver,38401,triagem/nome-caixa-conversao 1.0.0,7,ok
089842,per089842_1911_03809,2,0,0,,,triagem/nome-caixa-conversao 1.0.0,7,ok
089842,per089842_1911_03809,3,0,0,,,triagem/nome-caixa-conversao 1.0.0,7,ok
089842,per089842_1911_03809,4,0,0,,,triagem/nome-caixa-conversao 1.0.0,7,ok
089842,per089842_1911_03809,5,0,0,,,triagem/nome-caixa-conversao 1.0.0,7,ok
089842,per089842_1911_03809,6,0,0,,,triagem/nome-caixa-conversao 1.0.0,7,ok
089842,per089842_1911_03809,7,0,0,,,triagem/nome-caixa-conversao 1.0.0,7,ok
089842,per089842_1911_03809,8,0,0,,,triagem/nome-caixa-conversao 1.0.0,7,ok
089842,per089842_1911_03809,9,0,0,,,triagem/nome-caixa-conversao 1.0.0,7,ok
089842,per089842_1911_03809,10,0,0,,,triagem/nome-caixa-conversao 1.0.0,7,ok
089842,per089842_1911_03809,11,0,0,,,triagem/nome-caixa-conversao 1.0.0,7,ok
089842,per089842_1911_03809,12,0,0,,,triagem/nome-caixa-conversao 1.0.0,7,ok
089842,per089842_1911_03810,1,0,0,,,triagem/nome-caixa-conversao 1.0.0,7,ok
089842,per089842_1911_03810,2,0,0,,,triagem/nome-caixa-conversao 1.0.0,7,ok
089842,per089842_1911_03810,3,0,0,,,triagem/nome-caixa-conversao 1.0.0,7,ok
089842,per089842_1911_03810,4,0,0,,,triagem/nome-caixa-conversao 1.0.0,7,ok
089842,per089842_1911_03810,5,0,0,,,triagem/nome-caixa-conversao 1.0.0,7,ok
089842,per089842_1911_03810,6,0,0,,,triagem/nome-caixa-conversao 1.0.0,7,ok
089842,per089842_1911_03810,7,0,0,,,triagem/nome-caixa-conversao 1.0.0,7,ok
089842,per089842_1911_03810,8,0,0,,,triagem/nome-caixa-conversao 1.0.0,7,ok
089842,per089842_1911_03810,9,0,0,,,triagem/nome-caixa-conversao 1.0.0,7,ok
089842,per089842_1911_03810,10,0,0,,,triagem/nome-caixa-conversao 1.0.0,7,ok
089842,per089842_1911_03810,11,0,0,,,triagem/nome-caixa-conversao 1.0.0,7,ok
089842,per089842_1911_03810,12,0,0,,,triagem/nome-caixa-conversao 1.0.0,7,ok
089842,per089842_1911_03810,13,0,0,,,triagem/nome-caixa-conversao 1.0.0,7,ok
089842,per089842_1911_03810,14,0,0,,,triagem/nome-caixa-conversao 1.0.0,7,ok
089842,per089842_1911_03810,15,0,0,,,triagem/nome-caixa-conversao 1.0.0,7,ok
089842,per089842_1911_03810,16,0,0,,,triagem/nome-caixa-conversao 1.0.0,7,ok
089842,per089842_1911_03811,1,0,0,,,triagem/nome-caixa-conversao 1.0.0,7,ok
089842,per089842_1911_03811,2,0,0,,,triagem/nome-caixa-conversao 1.0.0,7,ok
089842,per089842_1911_03811,3,0,0,,,triagem/nome-caixa-conversao 1.0.0,7,ok
089842,per089842_1911_03811,4,0,0,,,triagem/nome-caixa-conversao 1.0.0,7,ok
089842,per089842_1911_03811,5,0,0,,,triagem/nome-caixa-conversao 1.0.0,7,ok
089842,per089842_1911_03811,6,0,0,,,triagem/nome-caixa-conversao 1.0.0,7,ok
089842,per089842_1911_03811,7,0,0,,,triagem/nome-caixa-conversao 1.0.0,7,ok
089842,per089842_1911_03811,8,0,0,,,triagem/nome-caixa-conversao 1.0.0,7,ok
089842,per089842_1911_03811,9,0,0,,,triagem/nome-caixa-conversao 1.0.0,7,ok
089842,per089842_1911_03811,10,0,0,,,triagem/nome-caixa-conversao 1.0.0,7,ok
089842,per089842_1911_03811,11,0,0,,,triagem/nome-caixa-conversao 1.0.0,7,ok
089842,per089842_1911_03811,12,0,0,,,triagem/nome-caixa-conversao 1.0.0,7,ok
089842,per089842_1911_03812,1,0,0,,,triagem/nome-caixa-conversao 1.0.0,7,ok
089842,per089842_1911_03812,2,0,0,,,triagem/nome-caixa-conversao 1.0.0,7,ok
089842,per089842_1911_03812,3,0,0,,,triagem/nome-caixa-conversao 1.0.0,7,ok
089842,per089842_1911_03812,4,1,1,caixa de conver,1507,triagem/nome-caixa-conversao 1.0.0,7,ok
089842,per089842_1911_03812,5,0,0,,,triagem/nome-caixa-conversao 1.0.0,7,ok
089842,per089842_1911_03812,6,0,0,,,triagem/nome-caixa-conversao 1.0.0,7,ok
089842,per089842_1911_03812,7,0,0,,,triagem/nome-caixa-conversao 1.0.0,7,ok
089842,per089842_1911_03812,8,0,0,,,triagem/nome-caixa-conversao 1.0.0,7,ok
089842,per089842_1911_03812,9,0,0,,,triagem/nome-caixa-conversao 1.0.0,7,ok
089842,per089842_1911_03812,10,0,0,,,triagem/nome-caixa-conversao 1.0.0,7,ok
089842,per089842_1911_03813,1,0,0,,,triagem/nome-caixa-conversao 1.0.0,7,ok
089842,per089842_1911_03813,2,0,0,,,triagem/nome-caixa-conversao 1.0.0,7,ok
089842,per089842_1911_03813,3,0,0,,,triagem/nome-caixa-conversao 1.0.0,7,ok
089842,per089842_1911_03813,4,0,0,,,triagem/nome-caixa-conversao 1.0.0,7,ok
089842,per089842_1911_03813,5,0,0,,,triagem/nome-caixa-conversao 1.0.0,7,ok
089842,per089842_1911_03813,6,1,1,caixa de conver,37901,triagem/nome-caixa-conversao 1.0.0,7,ok
089842,per089842_1911_03813,7,0,0,,,triagem/nome-caixa-conversao 1.0.0,7,ok
089842,per089842_1911_03813,8,0,0,,,triagem/nome-caixa-conversao 1.0.0,7,ok
089842,per089842_1911_03813,9,0,0,,,triagem/nome-caixa-conversao 1.0.0,7,ok
089842,per089842_1911_03813,10,0,0,,,triagem/nome-caixa-conversao 1.0.0,7,ok
089842,per089842_1911_03813,11,0,0,,,triagem/nome-caixa-conversao 1.0.0,7,ok
089842,per089842_1911_03813,12,0,0,,,triagem/nome-caixa-conversao 1.0.0,7,ok
089842,per089842_1911_03814,1,0,0,,,triagem/nome-caixa-conversao 1.0.0,7,ok
089842,per089842_1911_03814,2,0,0,,,triagem/nome-caixa-conversao 1.0.0,7,ok
089842,per089842_1911_03814,3,0,0,,,triagem/nome-caixa-conversao 1.0.0,7,ok
089842,per089842_1911_03814,4,0,0,,,triagem/nome-caixa-conversao 1.0.0,7,ok
089842,per089842_1911_03814,5,0,0,,,triagem/nome-caixa-conversao 1.0.0,7,ok
089842,per089842_1911_03814,6,0,0,,,triagem/nome-caixa-conversao 1.0.0,7,ok
089842,per089842_1911_03814,7,0,0,,,triagem/nome-caixa-conversao 1.0.0,7,ok
089842,per089842_1911_03814,8,0,0,,,triagem/nome-caixa-conversao 1.0.0,7,ok
089842,per089842_1911_03814,9,0,0,,,triagem/nome-caixa-conversao 1.0.0,7,ok
089842,per089842_1911_03814,10,0,0,,,triagem/nome-caixa-conversao 1.0.0,7,ok
089842,per089842_1911_03814,11,0,0,,,triagem/nome-caixa-conversao 1.0.0,7,ok
089842,per089842_1911_03814,12,0,0,,,triagem/nome-caixa-conversao 1.0.0,7,ok
089842,per089842_1911_03814,13,0,0,,,triagem/nome-caixa-conversao 1.0.0,7,ok
089842,per089842_1911_03814,14,0,0,,,triagem/nome-caixa-conversao 1.0.0,7,ok
089842,per089842_1911_03815,1,0,0,,,triagem/nome-caixa-conversao 1.0.0,7,ok
089842,per089842_1911_03815,2,0,0,,,triagem/nome-caixa-conversao 1.0.0,7,ok
089842,per089842_1911_03815,3,0,0,,,triagem/nome-caixa-conversao 1.0.0,7,ok
089842,per089842_1911_03815,4,0,0,,,triagem/nome-caixa-conversao 1.0.0,7,ok
089842,per089842_1911_03815,5,0,0,,,triagem/nome-caixa-conversao 1.0.0,7,ok
089842,per089842_1911_03815,6,0,0,,,triagem/nome-caixa-conversao 1.0.0,7,ok
089842,per089842_1911_03815,7,0,0,,,triagem/nome-caixa-conversao 1.0.0,7,ok
089842,per089842_1911_03815,8,0,0,,,triagem/nome-caixa-conversao 1.0.0,7,ok
089842,per089842_1911_03815,9,0,0,,,triagem/nome-caixa-conversao 1.0.0,7,ok
089842,per089842_1911_03815,10,0,0,,,triagem/nome-caixa-conversao 1.0.0,7,ok
089842,per089842_1911_03815,11,0,0,,,triagem/nome-caixa-conversao 1.0.0,7,ok
089842,per089842_1911_03815,12,0,0,,,triagem/nome-caixa-conversao 1.0.0,7,ok
089842,per089842_1911_03815,13,0,0,,,triagem/nome-caixa-conversao 1.0.0,7,ok
089842,per089842_1911_03815,14,0,0,,,triagem/nome-caixa-conversao 1.0.0,7,ok
089842,per089842_1911_03816,1,0,0,,,triagem/nome-caixa-conversao 1.0.0,7,ok
089842,per089842_1911_03816,2,0,0,,,triagem/nome-caixa-conversao 1.0.0,7,ok
089842,per089842_1911_03816,3,0,0,,,triagem/nome-caixa-conversao 1.0.0,7,ok
089842,per089842_1911_03816,4,0,0,,,triagem/nome-caixa-conversao 1.0.0,7,ok
089842,per089842_1911_03816,5,0,0,,,triagem/nome-caixa-conversao 1.0.0,7,ok
089842,per089842_1911_03816,6,0,0,,,triagem/nome-caixa-conversao 1.0.0,7,ok
089842,per089842_1911_03816,7,0,0,,,triagem/nome-caixa-conversao 1.0.0,7,ok
089842,per089842_1911_03816,8,0,0,,,triagem/nome-caixa-conversao 1.0.0,7,ok
089842,per089842_1911_03816,9,0,0,,,triagem/nome-caixa-conversao 1.0.0,7,ok
089842,per089842_1911_03816,10,0,0,,,triagem/nome-caixa-conversao 1.0.0,7,ok
089842,per089842_1911_03816,11,0,0,,,triagem/nome-caixa-conversao 1.0.0,7,ok
089842,per089842_1911_03816,12,0,0,,,triagem/nome-caixa-conversao 1.0.0,7,ok
089842,per089842_1911_03816,13,0,0,,,triagem/nome-caixa-conversao 1.0.0,7,ok
089842,per089842_1911_03816,14,0,0,,,triagem/nome-caixa-conversao 1.0.0,7,ok
089842,per089842_1911_03817,1,0,0,,,triagem/nome-caixa-conversao 1.0.0,7,ok
089842,per089842_1911_03817,2,0,0,,,triagem/nome-caixa-conversao 1.0.0,7,ok
089842,per089842_1911_03817,3,0,0,,,triagem/nome-caixa-conversao 1.0.0,7,ok
089842,per089842_1911_03817,4,0,0,,,triagem/nome-caixa-conversao 1.0.0,7,ok
089842,per089842_1911_03817,5,0,0,,,triagem/nome-caixa-conversao 1.0.0,7,ok
089842,per089842_1911_03817,6,0,0,,,triagem/nome-caixa-conversao 1.0.0,7,ok
089842,per089842_1911_03817,7,0,0,,,triagem/nome-caixa-conversao 1.0.0,7,ok
089842,per089842_1911_03817,8,0,0,,,triagem/nome-caixa-conversao 1.0.0,7,ok
089842,per089842_1911_03817,9,0,0,,,triagem/nome-caixa-conversao 1.0.0,7,ok
089842,per089842_1911_03817,10,0,0,,,triagem/nome-caixa-conversao 1.0.0,7,ok
089842,per089842_1911_03817,11,0,0,,,triagem/nome-caixa-conversao 1.0.0,7,ok
089842,per089842_1911_03817,12,0,0,,,triagem/nome-caixa-conversao 1.0.0,7,ok
089842,per089842_1911_03817,13,0,0,,,triagem/nome-caixa-conversao 1.0.0,7,ok
089842,per089842_1911_03817,14,0,0,,,triagem/nome-caixa-conversao 1.0.0,7,ok
089842,per089842_1911_03817,15,0,0,,,triagem/nome-caixa-conversao 1.0.0,7,ok
089842,per089842_1911_03817,16,0,0,,,triagem/nome-caixa-conversao 1.0.0,7,ok
