bib,source_identifier,page_number,hit,n_matches,primeiro_span_texto,primeiro_span_offset,regra_versao,extraction_run_id,result_status
089842,per089842_1906_01635,1,0,0,,,triagem/nome-caixa-conversao 1.0.0,2,ok
089842,per089842_1906_01635,2,0,0,,,triagem/nome-caixa-conversao 1.0.0,2,ok
089842,per089842_1906_01635,3,0,0,,,triagem/nome-caixa-conversao 1.0.0,2,ok
089842,per089842_1906_01635,4,0,0,,,triagem/nome-caixa-conversao 1.0.0,2,ok
089842,per089842_1906_01635,5,0,0,,,triagem/nome-caixa-conversao 1.0.0,2,ok
089842,per089842_1906_01635,6,0,0,,,triagem/nome-caixa-conversao 1.0.0,2,ok
089842,per089842_1906_01635,7,0,0,,,triagem/nome-caixa-conversao 1.0.0,2,ok
089842,per089842_1906_01635,8,0,0,,,triagem/nome-caixa-conversao 1.0.0,2,ok
089842,per089842_1906_01635,9,0,0,,,triagem/nome-caixa-conversao 1.0.0,2,ok
089842,per089842_1906_01635,10,0,0,,,triagem/nome-caixa-conversao 1.0.0,2,ok
089842,per089842_1906_01635,11,0,0,,,triagem/nome-caixa-conversao 1.0.0,2,ok
089842,per089842_1906_01635,12,0,0,,,triagem/nome-caixa-conversao 1.0.0,2,ok
089842,per089842_1906_01636,1,0,0,,,triagem/nome-caixa-conversao 1.0.0,2,ok
089842,per089842_1906_01636,2,0,0,,,triagem/nome-caixa-conversao 1.0.0,2,ok
089842,per089842_1906_01636,3,0,0,,,triagem/nome-caixa-conversao 1.0.0,2,ok
089842,per089842_1906_01636,4,0,0,,,triagem/nome-caixa-conversao 1.0.0,2,ok
089842,per089842_1906_01636,5,0,0,,,triagem/nome-caixa-conversao 1.0.0,2,ok
089842,per089842_1906_01636,6,0,0,,,triagem/nome-caixa-conversao 1.0.0,2,ok
089842,per089842_1906_01637,1,0,0,,,triagem/nome-caixa-conversao 1.0.0,2,ok
089842,per089842_1906_01637,2,0,0,,,triagem/nome-caixa-conversao 1.0.0,2,ok
089842,per089842_1906_01637,3,0,0,,,triagem/nome-caixa-conversao 1.0.0,2,ok
089842,per089842_1906_01637,4,0,0,,,triagem/nome-caixa-conversao 1.0.0,2,ok
089842,per089842_1906_01637,5,0,0,,,triagem/nome-caixa-conversao 1.0.0,2,ok
089842,per089842_1906_01637,6,0,0,,,triagem/nome-caixa-conversao 1.0.0,2,ok
089842,per089842_1906_01638,1,0,0,,,triagem/nome-caixa-conversao 1.0.0,2,ok
089842,per089842_1906_01638,2,0,0,,,triagem/nome-caixa-conversao 1.0.0,2,ok
089842,per089842_1906_01638,3,0,0,,,triagem/nome-caixa-conversao 1.0.0,2,ok
089842,per089842_1906_01638,4,0,0,,,triagem/nome-caixa-conversao 1.0.0,2,ok
089842,per089842_1906_01638,5,0,0,,,triagem/nome-caixa-conversao 1.0.0,2,ok
089842,per089842_1906_01638,6,0,0,,,triagem/nome-caixa-conversao 1.0.0,2,ok
089842,per089842_1906_01638,7,0,0,,,triagem/nome-caixa-conversao 1.0.0,2,ok
089842,per089842_1906_01638,8,0,0,,,triagem/nome-caixa-conversao 1.0.0,2,ok
089842,per089842_1906_01639,1,0,0,,,triagem/nome-caixa-conversao 1.0.0,2,ok
089842,per089842_1906_01639,2,0,0,,,triagem/nome-caixa-conversao 1.0.0,2,ok
089842,per089842_1906_01639,3,0,0,,,triagem/nome-caixa-conversao 1.0.0,2,ok
089842,per089842_1906_01639,4,0,0,,,triagem/nome-caixa-conversao 1.0.0,2,ok
089842,per089842_1906_01639,5,0,0,,,triagem/nome-caixa-conversao 1.0.0,2,ok
089842,per089842_1906_01639,6,0,0,,,triagem/nome-caixa-conversao 1.0.0,2,ok
089842,per089842_1906_01639,7,0,0,,,triagem/nome-caixa-conversao 1.0.0,2,ok
089842,per089842_1906_01639,8,0,0,,,triagem/nome-caixa-conversao 1.0.0,2,ok
089842,per089842_1906_01640,1,0,0,,,triagem/nome-caixa-conversao 1.0.0,2,ok
089842,per089842_1906_01640,2,0,0,,,triagem/nome-caixa-conversao 1.0.0,2,ok
089842,per089842_1906_01640,3,0,0,,,triagem/nome-caixa-conversao 1.0.0,2,ok
089842,per089842_1906_01640,4,0,0,,,triagem/nome-caixa-conversao 1.0.0,2,ok
089842,per089842_1906_01640,5,0,0,,,triagem/nome-caixa-conversao 1.0.0,2,ok
089842,per089842_1906_01640,6,0,0,,,triagem/nome-caixa-conversao 1.0.0,2,ok
089842,per089842_1906_01640,7,0,0,,,triagem/nome-caixa-conversao 1.0.0,2,ok
089842,per089842_1906_01640,8,0,0,,,triagem/nome-caixa-conversao 1.0.0,2,ok
089842,per089842_1906_01641,1,0,0,,,triagem/nome-caixa-conversao 1.0.0,2,ok
089842,per089842_1906_01641,2,0,0,,,triagem/nome-caixa-conversao 1.0.0,2,ok
089842,per089842_1906_01641,3,0,0,,,triagem/nome-caixa-conversao 1.0.0,2,ok
089842,per089842_1906_01641,4,0,0,,,triagem/nome-caixa-conversao 1.0.0,2,ok
089842,per089842_1906_01641,5,0,0,,,triagem/nome-caixa-conversao 1.0.0,2,ok
089842,per089842_1906_01641,6,0,0,,,triagem/nome-caixa-conversao 1.0.0,2,ok
089842,per089842_1906_01642,1,0,0,,,triagem/nome-caixa-conversao 1.0.0,2,ok
089842,per089842_1906_01642,2,0,0,,,triagem/nome-caixa-conversao 1.0.0,2,ok
089842,per089842_1906_01642,3,0,0,,,triagem/nome-caixa-conversao 1.0.0,2,ok
089842,per089842_1906_01642,4,0,0,,,triagem/nome-caixa-conversao 1.0.0,2,ok
089842,per089842_1906_01642,5,0,0,,,triagem/nome-caixa-conversao 1.0.0,2,ok
089842,per089842_1906_01642,6,0,0,,,triagem/nome-caixa-conversao 1.0.0,2,ok
089842,per089842_1906_01643,1,0,0,,,triagem/nome-caixa-conversao 1.0.0,2,ok
089842,per089842_1906_01643,2,0,0,,,triagem/nome-caixa-conversao 1.0.0,2,ok
089842,per089842_1906_01643,3,0,0,,,triagem/nome-caixa-conversao 1.0.0,2,ok
089842,per089842_1906_01643,4,0,0,,,triagem/nome-caixa-conversao 1.0.0,2,ok
089842,per089842_1906_01643,5,0,0,,,triagem/nome-caixa-conversao 1.0.0,2,ok
089842,per089842_1906_01643,6,0,0,,,triagem/nome-caixa-conversao 1.0.0,2,ok
089842,per089842_1906_01643,7,0,0,,,triagem/nome-caixa-conversao 1.0.0,2,ok
089842,per089842_1906_01643,8,0,0,,,triagem/nome-caixa-conversao 1.0.0,2,ok
089842,per089842_1906_01644,1,0,0,,,triagem/nome-caixa-conversao 1.0.0,2,ok
089842,per089842_1906_01644,2,0,0,,,triagem/nome-caixa-conversao 1.0.0,2,ok
089842,per089842_1906_01644,3,0,0,,,triagem/nome-caixa-conversao 1.0.0,2,ok
089842,per089842_1906_01644,4,0,0,,,triagem/nome-caixa-conversao 1.0.0,2,ok
089842,per089842_1906_01644,5,0,0,,,triagem/nome-caixa-conversao 1.0.0,2,ok
089842,per089842_1906_01644,6,0,0,,,triagem/nome-caixa-conversao 1.0.0,2,ok
089842,per089842_1906_01644,7,0,0,,,triagem/nome-caixa-conversao 1.0.0,2,ok
089842,per089842_1906_01644,8,0,0,,,triagem/nome-caixa-conversao 1.0.0,2,ok
089842,per089842_1906_01645,1,0,0,,,triagem/nome-caixa-conversao 1.0.0,2,ok
089842,per089842_1906_01645,2,0,0,,,triagem/nome-caixa-conversao 1.0.0,2,ok
089842,per089842_1906_01645,3,0,0,,,triagem/nome-caixa-conversao 1.0.0,2,ok
089842,per089842_1906_01645,4,0,0,,,triagem/nome-caixa-conversao 1.0.0,2,ok
089842,per089842_1906_01645,5,0,0,,,triagem/nome-caixa-conversao 1.0.0,2,ok
089842,per089842_1906_01645,6,0,0,,,triagem/nome-caixa-conversao 1.0.0,2,ok
089842,per089842_1906_01646,1,1,5,caixa dc conver,11312,triagem/nome-caixa-conversao 1.0.0,2,ok
089842,per089842_1906_01646,2,0,0,,,triagem/nome-caixa-conversao 1.0.0,2,ok
089842,per089842_1906_01646,3,0,0,,,triagem/nome-caixa-conversao 1.0.0,2,ok
089842,per089842_1906_01646,4,0,0,,,triagem/nome-caixa-conversao 1.0.0,2,ok
089842,per089842_1906_01646,5,0,0,,,triagem/nome-caixa-conversao 1.0.0,2,ok
089842,per089842_1906_01646,6,0,0,,,triagem/nome-caixa-conversao 1.0.0,2,ok
089842,per089842_1906_01646,7,0,0,,,triagem/nome-caixa-conversao 1.0.0,2,ok
089842,per089842_1906_01646,8,0,0,,,triagem/nome-caixa-conversao 1.0.0,2,ok
089842,per089842_1906_01647,1,0,0,,,triagem/nome-caixa-conversao 1.0.0,2,ok
089842,per089842_1906_01647,2,0,0,,,triagem/nome-caixa-conversao 1.0.0,2,ok
089842,per089842_1906_01647,3,0,0,,,triagem/nome-caixa-conversao 1.0.0,2,ok
089842,per089842_1906_01647,4,0,0,,,triagem/nome-caixa-conversao 1.0.0,2,ok
089842,per089842_1906_01647,5,0,0,,,triagem/nome-caixa-conversao 1.0.0,2,ok
089842,per089842_1906_01647,6,0,0,,,triagem/nome-caixa-conversao 1.0.0,2,ok
089842,per089842_1906_01647,7,0,0,,,triagem/nome-caixa-conversao 1.0.0,2,ok
089842,per089842_1906_01647,8,0,0,,,triagem/nome-caixa-conversao 1.0.0,2,ok
089842,per089842_1906_01648,1,0,0,,,triagem/nome-caixa-conversao 1.0.0,2,ok
089842,per089842_1906_01648,2,0,0,,,triagem/nome-caixa-conversao 1.0.0,2,ok
089842,per089842_1906_01648,3,0,0,,,triagem/nome-caixa-conversao 1.0.0,2,ok
089842,per089842_1906_01648,4,0,0,,,triagem/nome-caixa-conversao 1.0.0,2,ok
089842,per089842_1906_01648,5,0,0,,,triagem/nome-caixa-conversao 1.0.0,2,ok
089842,per089842_1906_01648,6,0,0,,,triagem/nome-caixa-conversao 1.0.0,2,ok
089842,per089842_1906_01649,1,0,0,,,triagem/nome-caixa-conversao 1.0.0,2,ok
089842,per089842_1906_01649,2,0,0,,,triagem/nome-caixa-conversao 1.0.0,2,ok
089842,per089842_1906_01649,3,0,0,,,triagem/nome-caixa-conversao 1.0.0,2,ok
089842,per089842_1906_01649,4,0,0,,,triagem/nome-caixa-conversao 1.0.0,2,ok
089842,per089842_1906_01649,5,0,0,,,triagem/nome-caixa-conversao 1.0.0,2,ok
089842,per089842_1906_01649,6,0,0,,,triagem/nome-caixa-conversao 1.0.0,2,ok
089842,per089842_1906_01650,1,0,0,,,triagem/nome-caixa-conversao 1.0.0,2,ok
089842,per089842_1906_01650,2,0,0,,,triagem/nome-caixa-conversao 1.0.0,2,ok
089842,per089842_1906_01650,3,0,0,,,triagem/nome-caixa-conversao 1.0.0,2,ok
089842,per089842_1906_01650,4,0,0,,,triagem/nome-caixa-conversao 1.0.0,2,ok
089842,per089842_1906_01650,5,0,0,,,triagem/nome-caixa-conversao 1.0.0,2,ok
089842,per089842_1906_01650,6,0,0,,,triagem/nome-caixa-conversao 1.0.0,2,ok
089842,per089842_1906_01650,7,0,0,,,triagem/nome-caixa-conversao 1.0.0,2,ok
089842,per089842_1906_01650,8,0,0,,,triagem/nome-caixa-conversao 1.0.0,2,ok
089842,per089842_1906_01651,1,0,0,,,triagem/nome-caixa-conversao 1.0.0,2,ok
089842,per089842_1906_01651,2,0,0,,,triagem/nome-caixa-conversao 1.0.0,2,ok
089842,per089842_1906_01651,3,0,0,,,triagem/nome-caixa-conversao 1.0.0,2,ok
089842,per089842_1906_01651,4,0,0,,,triagem/nome-caixa-conversao 1.0.0,2,ok
089842,per089842_1906_01651,5,0,0,,,triagem/nome-caixa-conversao 1.0.0,2,ok
089842,per089842_1906_01651,6,0,0,,,triagem/nome-caixa-conversao 1.0.0,2,ok
089842,per089842_1906_01652,1,0,0,,,triagem/nome-caixa-conversao 1.0.0,2,ok
089842,per089842_1906_01652,2,0,0,,,triagem/nome-caixa-conversao 1.0.0,2,ok
089842,per089842_1906_01652,3,0,0,,,triagem/nome-caixa-conversao 1.0.0,2,ok
089842,per089842_1906_01652,4,0,0,,,triagem/nome-caixa-conversao 1.0.0,2,ok
089842,per089842_1906_01652,5,0,0,,,triagem/nome-caixa-conversao 1.0.0,2,ok
089842,per089842_1906_01652,6,0,0,,,triagem/nome-caixa-conversao 1.0.0,2,ok
089842,per089842_1906_01652,7,0,0,,,triagem/nome-caixa-conversao 1.0.0,2,ok
089842,per089842_1906_01652,8,0,0,,,triagem/nome-caixa-conversao 1.0.0,2,ok
089842,per089842_1906_01653,1,0,0,,,triagem/nome-caixa-conversao 1.0.0,2,ok
089842,per089842_1906_01653,2,0,0,,,triagem/nome-caixa-conversao 1.0.0,2,ok
089842,per089842_1906_01653,3,0,0,,,triagem/nome-caixa-conversao 1.0.0,2,ok
089842,per089842_1906_01653,4,0,0,,,triagem/nome-caixa-conversao 1.0.0,2,ok
089842,per089842_1906_01653,5,0,0,,,triagem/nome-caixa-conversao 1.0.0,2,ok
089842,per089842_1906_01653,6,0,0,,,triagem/nome-caixa-conversao 1.0.0,2,ok
089842,per089842_1906_01654,1,0,0,,,triagem/nome-caixa-conversao 1.0.0,2,ok
089842,per089842_1906_01654,2,0,0,,,triagem/nome-caixa-conversao 1.0.0,2,ok
089842,per089842_1906_01654,3,0,0,,,triagem/nome-caixa-conversao 1.0.0,2,ok
089842,per089842_1906_01654,4,0,0,,,triagem/nome-caixa-conversao 1.0.0,2,ok
089842,per089842_1906_01654,5,0,0,,,triagem/nome-caixa-conversao 1.0.0,2,ok
089842,per089842_1906_01654,6,0,0,,,triagem/nome-caixa-conversao 1.0.0,2,ok
089842,per089842_1906_01654,7,0,0,,,triagem/nome-caixa-conversao 1.0.0,2,ok
089842,per089842_1906_01654,8,0,0,,,triagem/nome-caixa-conversao 1.0.0,2,ok
089842,per089842_1906_01655,1,0,0,,,triagem/nome-caixa-conversao 1.0.0,2,ok
089842,per089842_1906_01655,2,0,0,,,triagem/nome-caixa-conversao 1.0.0,2,ok
089842,per089842_1906_01655,3,0,0,,,triagem/nome-caixa-conversao 1.0.0,2,ok
089842,per089842_1906_01655,4,0,0,,,triagem/nome-caixa-conversao 1.0.0,2,ok
089842,per089842_1906_01655,5,0,0,,,triagem/nome-caixa-conversao 1.0.0,2,ok
089842,per089842_1906_01655,6,0,0,,,triagem/nome-caixa-conversao 1.0.0,2,ok
089842,per089842_1906_01656,1,0,0,,,triagem/nome-caixa-conversao 1.0.0,2,ok
089842,per089842_1906_01656,2,0,0,,,triagem/nome-caixa-conversao 1.0.0,2,ok
089842,per089842_1906_01656,3,0,0,,,triagem/nome-caixa-conversao 1.0.0,2,ok
089842,per089842_1906_01656,4,0,0,,,triagem/nome-caixa-conversao 1.0.0,2,ok
089842,per089842_1906_01656,5,0,0,,,triagem/nome-caixa-conversao 1.0.0,2,ok
089842,per089842_1906_01656,6,0,0,,,triagem/nome-caixa-conversao 1.0.0,2,ok
089842,per089842_1906_01657,1,0,0,,,triagem/nome-caixa-conversao 1.0.0,2,ok
089842,per089842_1906_01657,2,0,0,,,triagem/nome-caixa-conversao 1.0.0,2,ok
089842,per089842_1906_01657,3,0,0,,,triagem/nome-caixa-conversao 1.0.0,2,ok
089842,per089842_1906_01657,4,0,0,,,triagem/nome-caixa-conversao 1.0.0,2,ok
089842,per089842_1906_01657,5,0,0,,,triagem/nome-caixa-conversao 1.0.0,2,ok
089842,per089842_1906_01657,6,0,0,,,triagem/nome-caixa-conversao 1.0.0,2,ok
089842,per089842_1906_01657,7,0,0,,,triagem/nome-caixa-conversao 1.0.0,2,ok
089842,per089842_1906_01657,8,0,0,,,triagem/nome-caixa-conversao 1.0.0,2,ok
089842,per089842_1906_01658,1,0,0,,,triagem/nome-caixa-conversao 1.0.0,2,ok
089842,per089842_1906_01658,2,0,0,,,triagem/nome-caixa-conversao 1.0.0,2,ok
089842,per089842_1906_01658,3,0,0,,,triagem/nome-caixa-conversao 1.0.0,2,ok
089842,per089842_1906_01658,4,0,0,,,triagem/nome-caixa-conversao 1.0.0,2,ok
089842,per089842_1906_01658,5,0,0,,,triagem/nome-caixa-conversao 1.0.0,2,ok
089842,per089842_1906_01658,6,0,0,,,triagem/nome-caixa-conversao 1.0.0,2,ok
089842,per089842_1906_01658,7,0,0,,,triagem/nome-caixa-conversao 1.0.0,2,ok
089842,per089842_1906_01658,8,0,0,,,triagem/nome-caixa-conversao 1.0.0,2,ok
089842,per089842_1906_01659,1,0,0,,,triagem/nome-caixa-conversao 1.0.0,2,ok
089842,per089842_1906_01659,2,0,0,,,triagem/nome-caixa-conversao 1.0.0,2,ok
089842,per089842_1906_01659,3,0,0,,,triagem/nome-caixa-conversao 1.0.0,2,ok
089842,per089842_1906_01659,4,0,0,,,triagem/nome-caixa-conversao 1.0.0,2,ok
089842,per089842_1906_01659,5,0,0,,,triagem/nome-caixa-conversao 1.0.0,2,ok
089842,per089842_1906_01659,6,0,0,,,triagem/nome-caixa-conversao 1.0.0,2,ok
089842,per089842_1906_01659,7,0,0,,,triagem/nome-caixa-conversao 1.0.0,2,ok
089842,per089842_1906_01659,8,0,0,,,triagem/nome-caixa-conversao 1.0.0,2,ok
089842,per089842_1906_01660,1,0,0,,,triagem/nome-caixa-conversao 1.0.0,2,ok
089842,per089842_1906_01660,2,0,0,,,triagem/nome-caixa-conversao 1.0.0,2,ok
089842,per089842_1906_01660,3,0,0,,,triagem/nome-caixa-conversao 1.0.0,2,ok
089842,per089842_1906_01660,4,0,0,,,triagem/nome-caixa-conversao 1.0.0,2,ok
089842,per089842_1906_01660,5,0,0,,,triagem/nome-caixa-conversao 1.0.0,2,ok
089842,per089842_1906_01660,6,0,0,,,triagem/nome-caixa-conversao 1.0.0,2,ok
089842,per089842_1906_01660,7,0,0,,,triagem/nome-caixa-conversao 1.0.0,2,ok
089842,per089842_1906_01660,8,0,0,,,triagem/nome-caixa-conversao 1.0.0,2,ok
089842,per089842_1906_01661,1,0,0,,,triagem/nome-caixa-conversao 1.0.0,2,ok
089842,per089842_1906_01661,2,0,0,,,triagem/nome-caixa-conversao 1.0.0,2,ok
089842,per089842_1906_01661,3,0,0,,,triagem/nome-caixa-conversao 1.0.0,2,ok
089842,per089842_1906_01661,4,0,0,,,triagem/nome-caixa-conversao 1.0.0,2,ok
089842,per089842_1906_01661,5,0,0,,,triagem/nome-caixa-conversao 1.0.0,2,ok
089842,per089842_1906_01661,6,0,0,,,triagem/nome-caixa-conversao 1.0.0,2,ok
089842,per089842_1906_01661,7,0,0,,,triagem/nome-caixa-conversao 1.0.0,2,ok
089842,per089842_1906_01661,8,0,0,,,triagem/nome-caixa-conversao 1.0.0,2,ok
089842,per089842_1906_01661,9,0,0,,,triagem/nome-caixa-conversao 1.0.0,2,ok
089842,per089842_1906_01661,10,0,0,,,triagem/nome-caixa-conversao 1.0.0,2,ok
089842,per089842_1906_01662,1,0,0,,,triagem/nome-caixa-conversao 1.0.0,2,ok
089842,per089842_1906_01662,2,0,0,,,triagem/nome-caixa-conversao 1.0.0,2,ok
089842,per089842_1906_01662,3,0,0,,,triagem/nome-caixa-conversao 1.0.0,2,ok
089842,per089842_1906_01662,4,0,0,,,triagem/nome-caixa-conversao 1.0.0,2,ok
089842,per089842_1906_01662,5,0,0,,,triagem/nome-caixa-conversao 1.0.0,2,ok
089842,per089842_1906_01662,6,0,0,,,triagem/nome-caixa-conversao 1.0.0,2,ok
089842,per089842_1906_01663,1,0,0,,,triagem/nome-caixa-conversao 1.0.0,2,ok
089842,per089842_1906_01663,2,0,0,,,triagem/nome-caixa-conversao 1.0.0,2,ok
089842,per089842_1906_01663,3,0,0,,,triagem/nome-caixa-conversao 1.0.0,2,ok
089842,per089842_1906_01663,4,0,0,,,triagem/nome-caixa-conversao 1.0.0,2,ok
089842,per089842_1906_01663,5,0,0,,,triagem/nome-caixa-conversao 1.0.0,2,ok
089842,per089842_1906_01663,6,0,0,,,triagem/nome-caixa-conversao 1.0.0,2,ok
089842,per089842_1906_01663,7,0,0,,,triagem/nome-caixa-conversao 1.0.0,2,ok
089842,per089842_1906_01663,8,0,0,,,triagem/nome-caixa-conversao 1.0.0,2,ok
089842,per089842_1906_01664,1,0,0,,,triagem/nome-caixa-conversao 1.0.0,2,ok
089842,per089842_1906_01664,2,0,0,,,triagem/nome-caixa-conversao 1.0.0,2,ok
089842,per089842_1906_01664,3,0,0,,,triagem/nome-caixa-conversao 1.0.0,2,ok
089842,per089842_1906_01664,4,0,0,,,triagem/nome-caixa-conversao 1.0.0,2,ok
089842,per089842_1906_01665,1,0,0,,,triagem/nome-caixa-conversao 1.0.0,2,ok
089842,per089842_1906_01665,2,0,0,,,triagem/nome-caixa-conversao 1.0.0,2,ok
089842,per089842_1906_01665,3,0,0,,,triagem/nome-caixa-conversao 1.0.0,2,ok
089842,per089842_1906_01665,4,0,0,,,triagem/nome-caixa-conversao 1.0.0,2,ok
089842,per089842_1906_01665,5,0,0,,,triagem/nome-caixa-conversao 1.0.0,2,ok
089842,per089842_1906_01665,6,0,0,,,triagem/nome-caixa-conversao 1.0.0,2,ok
089842,per089842_1906_01665,7,0,0,,,triagem/nome-caixa-conversao 1.0.0,2,ok
089842,per089842_1906_01665,8,0,0,,,triagem/nome-caixa-conversao 1.0.0,2,ok
089842,per089842_1906_01666,1,0,0,,,triagem/nome-caixa-conversao 1.0.0,2,ok
089842,per089842_1906_01666,2,0,0,,,triagem/nome-caixa-conversao 1.0.0,2,ok
089842,per089842_1906_01666,3,0,0,,,triagem/nome-caixa-conversao 1.0.0,2,ok
089842,per089842_1906_01666,4,0,0,,,triagem/nome-caixa-conversao 1.0.0,2,ok
089842,per089842_1906_01666,5,0,0,,,triagem/nome-caixa-conversao 1.0.0,2,ok
089842,per089842_1906_01666,6,0,0,,,triagem/nome-caixa-conversao 1.0.0,2,ok
089842,per089842_1906_01667,1,0,0,,,triagem/nome-caixa-conversao 1.0.0,2,ok
089842,per089842_1906_01667,2,0,0,,,triagem/nome-caixa-conversao 1.0.0,2,ok
089842,per089842_1906_01667,3,0,0,,,triagem/nome-caixa-conversao 1.0.0,2,ok
089842,per089842_1906_01667,4,0,0,,,triagem/nome-caixa-conversao 1.0.0,2,ok
089842,per089842_1906_01667,5,0,0,,,triagem/nome-caixa-conversao 1.0.0,2,ok
089842,per089842_1906_01667,6,0,0,,,triagem/nome-caixa-conversao 1.0.0,2,ok
089842,per089842_1906_01667,7,0,0,,,triagem/nome-caixa-conversao 1.0.0,2,ok
089842,per089842_1906_01667,8,0,0,,,triagem/nome-caixa-conversao 1.0.0,2,ok
089842,per089842_1906_01668,1,0,0,,,triagem/nome-caixa-conversao 1.0.0,2,ok
089842,per089842_1906_01668,2,0,0,,,triagem/nome-caixa-conversao 1.0.0,2,ok
089842,per089842_1906_01668,3,0,0,,,triagem/nome-caixa-conversao 1.0.0,2,ok
089842,per089842_1906_01668,4,0,0,,,triagem/nome-caixa-conversao 1.0.0,2,ok
089842,per089842_1906_01668,5,0,0,,,triagem/nome-caixa-conversao 1.0.0,2,ok
089842,per089842_1906_01668,6,0,0,,,triagem/nome-caixa-conversao 1.0.0,2,ok
089842,per089842_1906_01668,7,0,0,,,triagem/nome-caixa-conversao 1.0.0,2,ok
089842,per089842_1906_01668,8,0,0,,,triagem/nome-caixa-conversao 1.0.0,2,ok
089842,per089842_1906_01668,9,0,0,,,triagem/nome-caixa-conversao 1.0.0,2,ok
089842,per089842_1906_01668,10,0,0,,,triagem/nome-caixa-conversao 1.0.0,2,ok
089842,per089842_1906_01669,1,0,0,,,triagem/nome-caixa-conversao 1.0.0,2,ok
089842,per089842_1906_01669,2,0,0,,,triagem/nome-caixa-conversao 1.0.0,2,ok
089842,per089842_1906_01669,3,0,0,,,triagem/nome-caixa-conversao 1.0.0,2,ok
089842,per089842_1906_01669,4,0,0,,,triagem/nome-caixa-conversao 1.0.0,2,ok
089842,per089842_1906_01670,1,0,0,,,triagem/nome-caixa-conversao 1.0.0,2,ok
089842,per089842_1906_01670,2,0,0,,,triagem/nome-caixa-conversao 1.0.0,2,ok
089842,per089842_1906_01670,3,0,0,,,triagem/nome-caixa-conversao 1.0.0,2,ok
089842,per089842_1906_01670,4,0,0,,,triagem/nome-caixa-conversao 1.0.0,2,ok
089842,per089842_1906_01670,5,0,0,,,triagem/nome-caixa-conversao 1.0.0,2,ok
089842,per089842_1906_01670,6,0,0,,,triagem/nome-caixa-conversao 1.0.0,2,ok
089842,per089842_1906_01670,7,0,0,,,triagem/nome-caixa-conversao 1.0.0,2,ok
089842,per089842_1906_01670,8,0,0,,,triagem/nome-caixa-conversao 1.0.0,2,ok
089842,per089842_1906_01671,1,0,0,,,triagem/nome-caixa-conversao 1.0.0,2,ok
089842,per089842_1906_01671,2,0,0,,,triagem/nome-caixa-conversao 1.0.0,2,ok
089842,per089842_1906_01671,3,0,0,,,triagem/nome-caixa-conversao 1.0.0,2,ok
089842,per089842_1906_01671,4,0,0,,,triagem/nome-caixa-conversao 1.0.0,2,ok
089842,per089842_1906_01671,5,0,0,,,triagem/nome-caixa-conversao 1.0.0,2,ok
089842,per089842_1906_01671,6,0,0,,,triagem/nome-caixa-conversao 1.0.0,2,ok
089842,per089842_1906_01672,1,0,0,,,triagem/nome-caixa-conversao 1.0.0,2,ok
089842,per089842_1906_01672,2,0,0,,,triagem/nome-caixa-conversao 1.0.0,2,ok
089842,per089842_1906_01672,3,0,0,,,triagem/nome-caixa-conversao 1.0.0,2,ok
089842,per089842_1906_01672,4,0,0,,,triagem/nome-caixa-conversao 1.0.0,2,ok
089842,per089842_1906_01672,5,0,0,,,triagem/nome-caixa-conversao 1.0.0,2,ok
089842,per089842_1906_01672,6,0,0,,,triagem/nome-caixa-conversao 1.0.0,2,ok
089842,per089842_1906_01672,7,0,0,,,triagem/nome-caixa-conversao 1.0.0,2,ok
089842,per089842_1906_01672,8,0,0,,,triagem/nome-caixa-conversao 1.0.0,2,ok
089842,per089842_1906_01673,1,0,0,,,triagem/nome-caixa-conversao 1.0.0,2,ok
089842,per089842_1906_01673,2,0,0,,,triagem/nome-caixa-conversao 1.0.0,2,ok
089842,per089842_1906_01673,3,0,0,,,triagem/nome-caixa-conversao 1.0.0,2,ok
089842,per089842_1906_01673,4,0,0,,,triagem/nome-caixa-conversao 1.0.0,2,ok
089842,per089842_1906_01673,5,0,0,,,triagem/nome-caixa-conversao 1.0.0,2,ok
089842,per089842_1906_01673,6,0,0,,,triagem/nome-caixa-conversao 1.0.0,2,ok
089842,per089842_1906_01673,7,0,0,,,triagem/nome-caixa-conversao 1.0.0,2,ok
089842,per089842_1906_01673,8,0,0,,,triagem/nome-caixa-conversao 1.0.0,2,ok
089842,per089842_1906_01674,1,0,0,,,triagem/nome-caixa-conversao 1.0.0,2,ok
089842,per089842_1906_01674,2,0,0,,,triagem/nome-caixa-conversao 1.0.0,2,ok
089842,per089842_1906_01674,3,0,0,,,triagem/nome-caixa-conversao 1.0.0,2,ok
089842,per089842_1906_01674,4,0,0,,,triagem/nome-caixa-conversao 1.0.0,2,ok
089842,per089842_1906_01674,5,0,0,,,triagem/nome-caixa-conversao 1.0.0,2,ok
089842,per089842_1906_01674,6,0,0,,,triagem/nome-caixa-conversao 1.0.0,2,ok
089842,per089842_1906_01675,1,0,0,,,triagem/nome-caixa-conversao 1.0.0,2,ok
089842,per089842_1906_01675,2,0,0,,,triagem/nome-caixa-conversao 1.0.0,2,ok
089842,per089842_1906_01675,3,0,0,,,triagem/nome-caixa-conversao 1.0.0,2,ok
089842,per089842_1906_01675,4,0,0,,,triagem/nome-caixa-conversao 1.0.0,2,ok
089842,per089842_1906_01675,5,0,0,,,triagem/nome-caixa-conversao 1.0.0,2,ok
089842,per089842_1906_01675,6,0,0,,,triagem/nome-caixa-conversao 1.0.0,2,ok
089842,per089842_1906_01675,7,0,0,,,triagem/nome-caixa-conversao 1.0.0,2,ok
089842,per089842_1906_01675,8,0,0,,,triagem/nome-caixa-conversao 1.0.0,2,ok
089842,per089842_1906_01675,9,0,0,,,triagem/nome-caixa-conversao 1.0.0,2,ok
089842,per089842_1906_01675,10,0,0,,,triagem/nome-caixa-conversao 1.0.0,2,ok
089842,per089842_1906_01676,1,0,0,,,triagem/nome-caixa-conversao 1.0.0,2,ok
089842,per089842_1906_01676,2,0,0,,,triagem/nome-caixa-conversao 1.0.0,2,ok
089842,per089842_1906_01676,3,0,0,,,triagem/nome-caixa-conversao 1.0.0,2,ok
089842,per089842_1906_01676,4,0,0,,,triagem/nome-caixa-conversao 1.0.0,2,ok
089842,per089842_1906_01676,5,0,0,,,triagem/nome-caixa-conversao 1.0.0,2,ok
089842,per089842_1906_01676,6,0,0,,,triagem/nome-caixa-conversao 1.0.0,2,ok
089842,per089842_1906_01677,1,0,0,,,triagem/nome-caixa-conversao 1.0.0,2,ok
089842,per089842_1906_01677,2,0,0,,,triagem/nome-caixa-conversao 1.0.0,2,ok
089842,per089842_1906_01677,3,0,0,,,triagem/nome-caixa-conversao 1.0.0,2,ok
089842,per089842_1906_01677,4,0,0,,,triagem/nome-caixa-conversao 1.0.0,2,ok
089842,per089842_1906_01677,5,0,0,,,triagem/nome-caixa-conversao 1.0.0,2,ok
089842,per089842_1906_01677,6,0,0,,,triagem/nome-caixa-conversao 1.0.0,2,ok
089842,per089842_1906_01678,1,0,0,,,triagem/nome-caixa-conversao 1.0.0,2,ok
089842,per089842_1906_01678,2,0,0,,,triagem/nome-caixa-conversao 1.0.0,2,ok
089842,per089842_1906_01678,3,0,0,,,triagem/nome-caixa-conversao 1.0.0,2,ok
089842,per089842_1906_01678,4,0,0,,,triagem/nome-caixa-conversao 1.0.0,2,ok
089842,per089842_1906_01678,5,0,0,,,triagem/nome-caixa-conversao 1.0.0,2,ok
089842,per089842_1906_01678,6,0,0,,,triagem/nome-caixa-conversao 1.0.0,2,ok
089842,per089842_1906_01678,7,0,0,,,triagem/nome-caixa-conversao 1.0.0,2,ok
089842,per089842_1906_01678,8,0,0,,,triagem/nome-caixa-conversao 1.0.0,2,ok
089842,per089842_1906_01679,1,0,0,,,triagem/nome-caixa-conversao 1.0.0,2,ok
089842,per089842_1906_01679,2,0,0,,,triagem/nome-caixa-conversao 1.0.0,2,ok
089842,per089842_1906_01679,3,0,0,,,triagem/nome-caixa-conversao 1.0.0,2,ok
089842,per089842_1906_01679,4,0,0,,,triagem/nome-caixa-conversao 1.0.0,2,ok
089842,per089842_1906_01679,5,0,0,,,triagem/nome-caixa-conversao 1.0.0,2,ok
089842,per089842_1906_01679,6,0,0,,,triagem/nome-caixa-conversao 1.0.0,2,ok
089842,per089842_1906_01679,7,0,0,,,triagem/nome-caixa-conversao 1.0.0,2,ok
089842,per089842_1906_01679,8,0,0,,,triagem/nome-caixa-conversao 1.0.0,2,ok
089842,per089842_1906_01680,1,0,0,,,triagem/nome-caixa-conversao 1.0.0,2,ok
089842,per089842_1906_01680,2,0,0,,,triagem/nome-caixa-conversao 1.0.0,2,ok
089842,per089842_1906_01680,3,0,0,,,triagem/nome-caixa-conversao 1.0.0,2,ok
089842,per089842_1906_01680,4,0,0,,,triagem/nome-caixa-conversao 1.0.0,2,ok
089842,per089842_1906_01680,5,0,0,,,triagem/nome-caixa-conversao 1.0.0,2,ok
089842,per089842_1906_01680,6,0,0,,,triagem/nome-caixa-conversao 1.0.0,2,ok
089842,per089842_1906_01680,7,0,0,,,triagem/nome-caixa-conversao 1.0.0,2,ok
089842,per089842_1906_01680,8,0,0,,,triagem/nome-caixa-conversao 1.0.0,2,ok
089842,per089842_1906_01681,1,0,0,,,triagem/nome-caixa-conversao 1.0.0,2,ok
089842,per089842_1906_01681,2,0,0,,,triagem/nome-caixa-conversao 1.0.0,2,ok
089842,per089842_1906_01681,3,0,0,,,triagem/nome-caixa-conversao 1.0.0,2,ok
089842,per089842_1906_01681,4,0,0,,,triagem/nome-caixa-conversao 1.0.0,2,ok
089842,per089842_1906_01681,5,0,0,,,triagem/nome-caixa-conversao 1.0.0,2,ok
089842,per089842_1906_01681,6,0,0,,,triagem/nome-caixa-conversao 1.0.0,2,ok
089842,per089842_1906_01682,1,0,0,,,triagem/nome-caixa-conversao 1.0.0,2,ok
089842,per089842_1906_01682,2,0,0,,,triagem/nome-caixa-conversao 1.0.0,2,ok
089842,per089842_1906_01682,3,0,0,,,triagem/nome-caixa-conversao 1.0.0,2,ok
089842,per089842_1906_01682,4,0,0,,,triagem/nome-caixa-conversao 1.0.0,2,ok
089842,per089842_1906_01682,5,0,0,,,triagem/nome-caixa-conversao 1.0.0,2,ok
089842,per089842_1906_01682,6,0,0,,,triagem/nome-caixa-conversao 1.0.0,2,ok
089842,per089842_1906_01682,7,0,0,,,triagem/nome-caixa-conversao 1.0.0,2,ok
089842,per089842_1906_01682,8,0,0,,,triagem/nome-caixa-conversao 1.0.0,2,ok
089842,per089842_1906_01682,9,0,0,,,triagem/nome-caixa-conversao 1.0.0,2,ok
089842,per089842_1906_01682,10,0,0,,,triagem/nome-caixa-conversao 1.0.0,2,ok
089842,per089842_1906_01683,1,0,0,,,triagem/nome-caixa-conversao 1.0.0,2,ok
089842,per089842_1906_01683,2,0,0,,,triagem/nome-caixa-conversao 1.0.0,2,ok
089842,per089842_1906_01683,3,0,0,,,triagem/nome-caixa-conversao 1.0.0,2,ok
089842,per089842_1906_01683,4,0,0,,,triagem/nome-caixa-conversao 1.0.0,2,ok
089842,per089842_1906_01683,5,0,0,,,triagem/nome-caixa-conversao 1.0.0,2,ok
089842,per089842_1906_01683,6,0,0,,,triagem/nome-caixa-conversao 1.0.0,2,ok
089842,per089842_1906_01684,1,0,0,,,triagem/nome-caixa-conversao 1.0.0,2,ok
089842,per089842_1906_01684,2,0,0,,,triagem/nome-caixa-conversao 1.0.0,2,ok
089842,per089842_1906_01684,3,0,0,,,triagem/nome-caixa-conversao 1.0.0,2,ok
089842,per089842_1906_01684,4,0,0,,,triagem/nome-caixa-conversao 1.0.0,2,ok
089842,per089842_1906_01684,5,0,0,,,triagem/nome-caixa-conversao 1.0.0,2,ok
089842,per089842_1906_01684,6,0,0,,,triagem/nome-caixa-conversao 1.0.0,2,ok
089842,per089842_1906_01685,1,0,0,,,triagem/nome-caixa-conversao 1.0.0,2,ok
089842,per089842_1906_01685,2,0,0,,,triagem/nome-caixa-conversao 1.0.0,2,ok
089842,per089842_1906_01685,3,0,0,,,triagem/nome-caixa-conversao 1.0.0,2,ok
089842,per089842_1906_01685,4,0,0,,,triagem/nome-caixa-conversao 1.0.0,2,ok
089842,per089842_1906_01685,5,0,0,,,triagem/nome-caixa-conversao 1.0.0,2,ok
089842,per089842_1906_01685,6,0,0,,,triagem/nome-caixa-conversao 1.0.0,2,ok
089842,per089842_1906_01685,7,0,0,,,triagem/nome-caixa-conversao 1.0.0,2,ok
089842,per089842_1906_01685,8,0,0,,,triagem/nome-caixa-conversao 1.0.0,2,ok
089842,per089842_1906_01686,1,0,0,,,triagem/nome-caixa-conversao 1.0.0,2,ok
089842,per089842_1906_01686,2,0,0,,,triagem/nome-caixa-conversao 1.0.0,2,ok
089842,per089842_1906_01686,3,0,0,,,triagem/nome-caixa-conversao 1.0.0,2,ok
089842,per089842_1906_01686,4,0,0,,,triagem/nome-caixa-conversao 1.0.0,2,ok
089842,per089842_1906_01686,5,0,0,,,triagem/nome-caixa-conversao 1.0.0,2,ok
089842,per089842_1906_01686,6,0,0,,,triagem/nome-caixa-conversao 1.0.0,2,ok
089842,per089842_1906_01686,7,0,0,,,triagem/nome-caixa-conversao 1.0.0,2,ok
089842,per089842_1906_01686,8,0,0,,,triagem/nome-caixa-conversao 1.0.0,2,ok
089842,per089842_1906_01687,1,0,0,,,triagem/nome-caixa-conversao 1.0.0,2,ok
089842,per089842_1906_01687,2,0,0,,,triagem/nome-caixa-conversao 1.0.0,2,ok
089842,per089842_1906_01687,3,0,0,,,triagem/nome-caixa-conversao 1.0.0,2,ok
089842,per089842_1906_01687,4,0,0,,,triagem/nome-caixa-conversao 1.0.0,2,ok
089842,per089842_1906_01687,5,0,0,,,triagem/nome-caixa-conversao 1.0.0,2,ok
089842,per089842_1906_01687,6,0,0,,,triagem/nome-caixa-conversao 1.0.0,2,ok
089842,per089842_1906_01687,7,0,0,,,triagem/nome-caixa-conversao 1.0.0,2,ok
089842,per089842_1906_01687,8,0,0,,,triagem/nome-caixa-conversao 1.0.0,2,ok
089842,per089842_1906_01688,1,0,0,,,triagem/nome-caixa-conversao 1.0.0,2,ok
089842,per089842_1906_01688,2,0,0,,,triagem/nome-caixa-conversao 1.0.0,2,ok
089842,per089842_1906_01688,3,0,0,,,triagem/nome-caixa-conversao 1.0.0,2,ok
089842,per089842_1906_01688,4,0,0,,,triagem/nome-caixa-conversao 1.0.0,2,ok
089842,per089842_1906_01688,5,0,0,,,triagem/nome-caixa-conversao 1.0.0,2,ok
089842,per089842_1906_01688,6,0,0,,,triagem/nome-caixa-conversao 1.0.0,2,ok
089842,per089842_1906_01688,7,0,0,,,triagem/nome-caixa-conversao 1.0.0,2,ok
089842,per089842_1906_01688,8,0,0,,,triagem/nome-caixa-conversao 1.0.0,2,ok
089842,per089842_1906_01689,1,0,0,,,triagem/nome-caixa-conversao 1.0.0,2,ok
089842,per089842_1906_01689,2,0,0,,,triagem/nome-caixa-conversao 1.0.0,2,ok
089842,per089842_1906_01689,3,0,0,,,triagem/nome-caixa-conversao 1.0.0,2,ok
089842,per089842_1906_01689,4,0,0,,,triagem/nome-caixa-conversao 1.0.0,2,ok
089842,per089842_1906_01689,5,0,0,,,triagem/nome-caixa-conversao 1.0.0,2,ok
089842,per089842_1906_01689,6,0,0,,,triagem/nome-caixa-conversao 1.0.0,2,ok
089842,per089842_1906_01689,7,0,0,,,triagem/nome-caixa-conversao 1.0.0,2,ok
089842,per089842_1906_01689,8,0,0,,,triagem/nome-caixa-conversao 1.0.0,2,ok
089842,per089842_1906_01690,1,0,0,,,triagem/nome-caixa-conversao 1.0.0,2,ok
089842,per089842_1906_01690,2,0,0,,,triagem/nome-caixa-conversao 1.0.0,2,ok
089842,per089842_1906_01690,3,0,0,,,triagem/nome-caixa-conversao 1.0.0,2,ok
089842,per089842_1906_01690,4,0,0,,,triagem/nome-caixa-conversao 1.0.0,2,ok
089842,per089842_1906_01691,1,1,1,caixa de conver,17356,triagem/nome-caixa-conversao 1.0.0,2,ok
089842,per089842_1906_01691,2,0,0,,,triagem/nome-caixa-conversao 1.0.0,2,ok
089842,per089842_1906_01691,3,0,0,,,triagem/nome-caixa-conversao 1.0.0,2,ok
089842,per089842_1906_01691,4,0,0,,,triagem/nome-caixa-conversao 1.0.0,2,ok
089842,per089842_1906_01691,5,0,0,,,triagem/nome-caixa-conversao 1.0.0,2,ok
089842,per089842_1906_01691,6,0,0,,,triagem/nome-caixa-conversao 1.0.0,2,ok
089842,per089842_1906_01691,7,0,0,,,triagem/nome-caixa-conversao 1.0.0,2,ok
089842,per089842_1906_01691,8,0,0,,,triagem/nome-caixa-conversao 1.0.0,2,ok
089842,per089842_1906_01692,1,1,1,caixa dc conver,1265,triagem/nome-caixa-conversao 1.0.0,2,ok
089842,per089842_1906_01692,2,0,0,,,triagem/nome-caixa-conversao 1.0.0,2,ok
089842,per089842_1906_01692,3,0,0,,,triagem/nome-caixa-conversao 1.0.0,2,ok
089842,per089842_1906_01692,4,0,0,,,triagem/nome-caixa-conversao 1.0.0,2,ok
089842,per089842_1906_01692,5,0,0,,,triagem/nome-caixa-conversao 1.0.0,2,ok
089842,per089842_1906_01692,6,0,0,,,triagem/nome-caixa-conversao 1.0.0,2,ok
089842,per089842_1906_01693,1,0,0,,,triagem/nome-caixa-conversao 1.0.0,2,ok
089842,per089842_1906_01693,2,0,0,,,triagem/nome-caixa-conversao 1.0.0,2,ok
089842,per089842_1906_01693,3,0,0,,,triagem/nome-caixa-conversao 1.0.0,2,ok
089842,per089842_1906_01693,4,0,0,,,triagem/nome-caixa-conversao 1.0.0,2,ok
089842,per089842_1906_01693,5,0,0,,,triagem/nome-caixa-conversao 1.0.0,2,ok
089842,per089842_1906_01693,6,0,0,,,triagem/nome-caixa-conversao 1.0.0,2,ok
089842,per089842_1906_01694,1,0,0,,,triagem/nome-caixa-conversao 1.0.0,2,ok
089842,per089842_1906_01694,2,0,0,,,triagem/nome-caixa-conversao 1.0.0,2,ok
089842,per089842_1906_01694,3,0,0,,,triagem/nome-caixa-conversao 1.0.0,2,ok
089842,per089842_1906_01694,4,0,0,,,triagem/nome-caixa-conversao 1.0.0,2,ok
089842,per089842_1906_01695,1,0,0,,,triagem/nome-caixa-conversao 1.0.0,2,ok
089842,per089842_1906_01695,2,0,0,,,triagem/nome-caixa-conversao 1.0.0,2,ok
089842,per089842_1906_01695,3,0,0,,,triagem/nome-caixa-conversao 1.0.0,2,ok
089842,per089842_1906_01695,4,0,0,,,triagem/nome-caixa-conversao 1.0.0,2,ok
089842,per089842_1906_01695,5,0,0,,,triagem/nome-caixa-conversao 1.0.0,2,ok
089842,per089842_1906_01695,6,0,0,,,triagem/nome-caixa-conversao 1.0.0,2,ok
089842,per089842_1906_01695,7,0,0,,,triagem/nome-caixa-conversao 1.0.0,2,ok
089842,per089842_1906_01695,8,0,0,,,triagem/nome-caixa-conversao 1.0.0,2,ok
089842,per089842_1906_01696,1,0,0,,,triagem/nome-caixa-conversao 1.0.0,2,ok
089842,per089842_1906_01696,2,0,0,,,triagem/nome-caixa-conversao 1.0.0,2,ok
089842,per089842_1906_01696,3,0,0,,,triagem/nome-caixa-conversao 1.0.0,2,ok
089842,per089842_1906_01696,4,0,0,,,triagem/nome-caixa-conversao 1.0.0,2,ok
089842,per089842_1906_01696,5,0,0,,,triagem/nome-caixa-conversao 1.0.0,2,ok
089842,per089842_1906_01696,6,0,0,,,triagem/nome-caixa-conversao 1.0.0,2,ok
089842,per089842_1906_01696,7,0,0,,,triagem/nome-caixa-conversao 1.0.0,2,ok
089842,per089842_1906_01696,8,0,0,,,triagem/nome-caixa-conversao 1.0.0,2,ok
089842,per089842_1906_01696,9,0,0,,,triagem/nome-caixa-conversao 1.0.0,2,ok
089842,per089842_1906_01696,10,0,0,,,triagem/nome-caixa-conversao 1.0.0,2,ok
089842,per089842_1906_01698,1,0,0,,,triagem/nome-caixa-conversao 1.0.0,2,ok
089842,per089842_1906_01698,2,0,0,,,triagem/nome-caixa-conversao 1.0.0,2,ok
089842,per089842_1906_01698,3,0,0,,,triagem/nome-caixa-conversao 1.0.0,2,ok
089842,per089842_1906_01698,4,0,0,,,triagem/nome-caixa-conversao 1.0.0,2,ok
089842,per089842_1906_01698,5,0,0,,,triagem/nome-caixa-conversao 1.0.0,2,ok
089842,per089842_1906_01698,6,0,0,,,triagem/nome-caixa-conversao 1.0.0,2,ok
089842,per089842_1906_01698,7,0,0,,,triagem/nome-caixa-conversao 1.0.0,2,ok
089842,per089842_1906_01698,8,0,0,,,triagem/nome-caixa-conversao 1.0.0,2,ok
089842,per089842_1906_01699,1,0,0,,,triagem/nome-caixa-conversao 1.0.0,2,ok
089842,per089842_1906_01699,2,0,0,,,triagem/nome-caixa-conversao 1.0.0,2,ok
089842,per089842_1906_01699,3,0,0,,,triagem/nome-caixa-conversao 1.0.0,2,ok
089842,per089842_1906_01699,4,0,0,,,triagem/nome-caixa-conversao 1.0.0,2,ok
089842,per089842_1906_01699,5,0,0,,,triagem/nome-caixa-conversao 1.0.0,2,ok
089842,per089842_1906_01699,6,0,0,,,triagem/nome-caixa-conversao 1.0.0,2,ok
089842,per089842_1906_01699,7,0,0,,,triagem/nome-caixa-conversao 1.0.0,2,ok
089842,per089842_1906_01699,8,0,0,,,triagem/nome-caixa-conversao 1.0.0,2,ok
089842,per089842_1906_01700,1,0,0,,,triagem/nome-caixa-conversao 1.0.0,2,ok
089842,per089842_1906_01700,2,0,0,,,triagem/nome-caixa-conversao 1.0.0,2,ok
089842,per089842_1906_01700,3,0,0,,,triagem/nome-caixa-conversao 1.0.0,2,ok
089842,per089842_1906_01700,4,0,0,,,triagem/nome-caixa-conversao 1.0.0,2,ok
089842,per089842_1906_01700,5,0,0,,,triagem/nome-caixa-conversao 1.0.0,2,ok
089842,per089842_1906_01700,6,0,0,,,triagem/nome-caixa-conversao 1.0.0,2,ok
089842,per089842_1906_01701,1,1,2,caixa de conver,18034,triagem/nome-caixa-conversao 1.0.0,2,ok
089842,per089842_1906_01701,2,0,0,,,triagem/nome-caixa-conversao 1.0.0,2,ok
089842,per089842_1906_01701,3,0,0,,,triagem/nome-caixa-conversao 1.0.0,2,ok
089842,per089842_1906_01701,4,0,0,,,triagem/nome-caixa-conversao 1.0.0,2,ok
089842,per089842_1906_01701,5,0,0,,,triagem/nome-caixa-conversao 1.0.0,2,ok
089842,per089842_1906_01701,6,0,0,,,triagem/nome-caixa-conversao 1.0.0,2,ok
089842,per089842_1906_01701,7,0,0,,,triagem/nome-caixa-conversao 1.0.0,2,ok
089842,per089842_1906_01701,8,0,0,,,triagem/nome-caixa-conversao 1.0.0,2,ok
089842,per089842_1906_01702,1,0,0,,,triagem/nome-caixa-conversao 1.0.0,2,ok
089842,per089842_1906_01702,2,0,0,,,triagem/nome-caixa-conversao 1.0.0,2,ok
089842,per089842_1906_01702,3,0,0,,,triagem/nome-caixa-conversao 1.0.0,2,ok
089842,per089842_1906_01702,4,0,0,,,triagem/nome-caixa-conversao 1.0.0,2,ok
089842,per089842_1906_01702,5,0,0,,,triagem/nome-caixa-conversao 1.0.0,2,ok
089842,per089842_1906_01702,6,0,0,,,triagem/nome-caixa-conversao 1.0.0,2,ok
089842,per089842_1906_01702,7,0,0,,,triagem/nome-caixa-conversao 1.0.0,2,ok
089842,per089842_1906_01702,8,0,0,,,triagem/nome-caixa-conversao 1.0.0,2,ok
089842,per089842_1906_01703,1,1,1,caixa de conver,16981,triagem/nome-caixa-conversao 1.0.0,2,ok
089842,per089842_1906_01703,2,0,0,,,triagem/nome-caixa-conversao 1.0.0,2,ok
089842,per089842_1906_01703,3,0,0,,,triagem/nome-caixa-conversao 1.0.0,2,ok
089842,per089842_1906_01703,4,0,0,,,triagem/nome-caixa-conversao 1.0.0,2,ok
089842,per089842_1906_01703,5,0,0,,,triagem/nome-caixa-conversao 1.0.0,2,ok
089842,per089842_1906_01703,6,0,0,,,triagem/nome-caixa-conversao 1.0.0,2,ok
089842,per089842_1906_01703,7,0,0,,,triagem/nome-caixa-conversao 1.0.0,2,ok
089842,per089842_1906_01703,8,0,0,,,triagem/nome-caixa-conversao 1.0.0,2,ok
089842,per089842_1906_01703,9,0,0,,,triagem/nome-caixa-conversao 1.0.0,2,ok
089842,per089842_1906_01703,10,0,0,,,triagem/nome-caixa-conversao 1.0.0,2,ok
089842,per089842_1906_01704,1,0,0,,,triagem/nome-caixa-conversao 1.0.0,2,ok
089842,per089842_1906_01704,2,0,0,,,triagem/nome-caixa-conversao 1.0.0,2,ok
089842,per089842_1906_01704,3,0,0,,,triagem/nome-caixa-conversao 1.0.0,2,ok
089842,per089842_1906_01704,4,0,0,,,triagem/nome-caixa-conversao 1.0.0,2,ok
089842,per089842_1906_01704,5,0,0,,,triagem/nome-caixa-conversao 1.0.0,2,ok
089842,per089842_1906_01704,6,0,0,,,triagem/nome-caixa-conversao 1.0.0,2,ok
089842,per089842_1906_01705,1,0,0,,,triagem/nome-caixa-conversao 1.0.0,2,ok
089842,per089842_1906_01705,2,0,0,,,triagem/nome-caixa-conversao 1.0.0,2,ok
089842,per089842_1906_01705,3,0,0,,,triagem/nome-caixa-conversao 1.0.0,2,ok
089842,per089842_1906_01705,4,0,0,,,triagem/nome-caixa-conversao 1.0.0,2,ok
089842,per089842_1906_01705,5,0,0,,,triagem/nome-caixa-conversao 1.0.0,2,ok
089842,per089842_1906_01705,6,0,0,,,triagem/nome-caixa-conversao 1.0.0,2,ok
089842,per089842_1906_01705,7,0,0,,,triagem/nome-caixa-conversao 1.0.0,2,ok
089842,per089842_1906_01705,8,0,0,,,triagem/nome-caixa-conversao 1.0.0,2,ok
089842,per089842_1906_01706,1,1,1,caixa de conver,2762,triagem/nome-caixa-conversao 1.0.0,2,ok
089842,per089842_1906_01706,2,0,0,,,triagem/nome-caixa-conversao 1.0.0,2,ok
089842,per089842_1906_01706,3,0,0,,,triagem/nome-caixa-conversao 1.0.0,2,ok
089842,per089842_1906_01706,4,0,0,,,triagem/nome-caixa-conversao 1.0.0,2,ok
089842,per089842_1906_01706,5,0,0,,,triagem/nome-caixa-conversao 1.0.0,2,ok
089842,per089842_1906_01706,6,0,0,,,triagem/nome-caixa-conversao 1.0.0,2,ok
089842,per089842_1906_01707,1,0,0,,,triagem/nome-caixa-conversao 1.0.0,2,ok
089842,per089842_1906_01707,2,0,0,,,triagem/nome-caixa-conversao 1.0.0,2,ok
089842,per089842_1906_01707,3,0,0,,,triagem/nome-caixa-conversao 1.0.0,2,ok
089842,per089842_1906_01707,4,0,0,,,triagem/nome-caixa-conversao 1.0.0,2,ok
089842,per089842_1906_01707,5,0,0,,,triagem/nome-caixa-conversao 1.0.0,2,ok
089842,per089842_1906_01707,6,0,0,,,triagem/nome-caixa-conversao 1.0.0,2,ok
089842,per089842_1906_01707,7,0,0,,,triagem/nome-caixa-conversao 1.0.0,2,ok
089842,per089842_1906_01707,8,0,0,,,triagem/nome-caixa-conversao 1.0.0,2,ok
089842,per089842_1906_01708,1,0,0,,,triagem/nome-caixa-conversao 1.0.0,2,ok
089842,per089842_1906_01708,2,0,0,,,triagem/nome-caixa-conversao 1.0.0,2,ok
089842,per089842_1906_01708,3,0,0,,,triagem/nome-caixa-conversao 1.0.0,2,ok
089842,per089842_1906_01708,4,0,0,,,triagem/nome-caixa-conversao 1.0.0,2,ok
089842,per089842_1906_01708,5,0,0,,,triagem/nome-caixa-conversao 1.0.0,2,ok
089842,per089842_1906_01708,6,0,0,,,triagem/nome-caixa-conversao 1.0.0,2,ok
089842,per089842_1906_01709,1,0,0,,,triagem/nome-caixa-conversao 1.0.0,2,ok
089842,per089842_1906_01709,2,0,0,,,triagem/nome-caixa-conversao 1.0.0,2,ok
089842,per089842_1906_01709,3,0,0,,,triagem/nome-caixa-conversao 1.0.0,2,ok
089842,per089842_1906_01709,4,0,0,,,triagem/nome-caixa-conversao 1.0.0,2,ok
089842,per089842_1906_01709,5,0,0,,,triagem/nome-caixa-conversao 1.0.0,2,ok
089842,per089842_1906_01709,6,0,0,,,triagem/nome-caixa-conversao 1.0.0,2,ok
089842,per089842_1906_01710,1,0,0,,,triagem/nome-caixa-conversao 1.0.0,2,ok
089842,per089842_1906_01710,2,0,0,,,triagem/nome-caixa-conversao 1.0.0,2,ok
089842,per089842_1906_01710,3,0,0,,,triagem/nome-caixa-conversao 1.0.0,2,ok
089842,per089842_1906_01710,4,0,0,,,triagem/nome-caixa-conversao 1.0.0,2,ok
089842,per089842_1906_01710,5,0,0,,,triagem/nome-caixa-conversao 1.0.0,2,ok
089842,per089842_1906_01710,6,0,0,,,triagem/nome-caixa-conversao 1.0.0,2,ok
089842,per089842_1906_01710,7,0,0,,,triagem/nome-caixa-conversao 1.0.0,2,ok
089842,per089842_1906_01710,8,0,0,,,triagem/nome-caixa-conversao 1.0.0,2,ok
089842,per089842_1906_01711,1,0,0,,,triagem/nome-caixa-conversao 1.0.0,2,ok
089842,per089842_1906_01711,2,0,0,,,triagem/nome-caixa-conversao 1.0.0,2,ok
089842,per089842_1906_01711,3,0,0,,,triagem/nome-caixa-conversao 1.0.0,2,ok
089842,per089842_1906_01711,4,0,0,,,triagem/nome-caixa-conversao 1.0.0,2,ok
089842,per089842_1906_01711,5,0,0,,,triagem/nome-caixa-conversao 1.0.0,2,ok
089842,per089842_1906_01711,6,0,0,,,triagem/nome-caixa-conversao 1.0.0,2,ok
089842,per089842_1906_01712,1,0,0,,,triagem/nome-caixa-conversao 1.0.0,2,ok
089842,per089842_1906_01712,2,0,0,,,triagem/nome-caixa-conversao 1.0.0,2,ok
089842,per089842_1906_01712,3,0,0,,,triagem/nome-caixa-conversao 1.0.0,2,ok
089842,per089842_1906_01712,4,0,0,,,triagem/nome-caixa-conversao 1.0.0,2,ok
089842,per089842_1906_01712,5,0,0,,,triagem/nome-caixa-conversao 1.0.0,2,ok
089842,per089842_1906_01712,6,0,0,,,triagem/nome-caixa-conversao 1.0.0,2,ok
089842,per089842_1906_01713,1,0,0,,,triagem/nome-caixa-conversao 1.0.0,2,ok
089842,per089842_1906_01713,2,0,0,,,triagem/nome-caixa-conversao 1.0.0,2,ok
089842,per089842_1906_01713,3,0,0,,,triagem/nome-caixa-conversao 1.0.0,2,ok
089842,per089842_1906_01713,4,0,0,,,triagem/nome-caixa-conversao 1.0.0,2,ok
089842,per089842_1906_01713,5,0,0,,,triagem/nome-caixa-conversao 1.0.0,2,ok
089842,per089842_1906_01713,6,0,0,,,triagem/nome-caixa-conversao 1.0.0,2,ok
089842,per089842_1906_01714,1,1,1,caixadc conver,26536,triagem/nome-caixa-conversao 1.0.0,2,ok
089842,per089842_1906_01714,2,0,0,,,triagem/nome-caixa-conversao 1.0.0,2,ok
089842,per089842_1906_01714,3,0,0,,,triagem/nome-caixa-conversao 1.0.0,2,ok
089842,per089842_1906_01714,4,0,0,,,triagem/nome-caixa-conversao 1.0.0,2,ok
089842,per089842_1906_01714,5,0,0,,,triagem/nome-caixa-conversao 1.0.0,2,ok
089842,per089842_1906_01714,6,0,0,,,triagem/nome-caixa-conversao 1.0.0,2,ok
089842,per089842_1906_01715,1,1,1,caixa de conver,11531,triagem/nome-caixa-conversao 1.0.0,2,ok
089842,per089842_1906_01715,2,0,0,,,triagem/nome-caixa-conversao 1.0.0,2,ok
089842,per089842_1906_01715,3,0,0,,,triagem/nome-caixa-conversao 1.0.0,2,ok
089842,per089842_1906_01715,4,0,0,,,triagem/nome-caixa-conversao 1.0.0,2,ok
089842,per089842_1906_01715,5,0,0,,,triagem/nome-caixa-conversao 1.0.0,2,ok
089842,per089842_1906_01715,6,0,0,,,triagem/nome-caixa-conversao 1.0.0,2,ok
089842,per089842_1906_01715,7,0,0,,,triagem/nome-caixa-conversao 1.0.0,2,ok
089842,per089842_1906_01715,8,0,0,,,triagem/nome-caixa-conversao 1.0.0,2,ok
089842,per089842_1906_01716,1,1,2,caixa de conver,10425,triagem/nome-caixa-conversao 1.0.0,2,ok
089842,per089842_1906_01716,2,0,0,,,triagem/nome-caixa-conversao 1.0.0,2,ok
089842,per089842_1906_01716,3,0,0,,,triagem/nome-caixa-conversao 1.0.0,2,ok
089842,per089842_1906_01716,4,0,0,,,triagem/nome-caixa-conversao 1.0.0,2,ok
089842,per089842_1906_01716,5,0,0,,,triagem/nome-caixa-conversao 1.0.0,2,ok
089842,per089842_1906_01716,6,0,0,,,triagem/nome-caixa-conversao 1.0.0,2,ok
089842,per089842_1906_01716,7,0,0,,,triagem/nome-caixa-conversao 1.0.0,2,ok
089842,per089842_1906_01716,8,0,0,,,triagem/nome-caixa-conversao 1.0.0,2,ok
089842,per089842_1906_01717,1,1,3,caixa de conver,23190,triagem/nome-caixa-conversao 1.0.0,2,ok
089842,per089842_1906_01717,2,0,0,,,triagem/nome-caixa-conversao 1.0.0,2,ok
089842,per089842_1906_01717,3,0,0,,,triagem/nome-caixa-conversao 1.0.0,2,ok
089842,per089842_1906_01717,4,0,0,,,triagem/nome-caixa-conversao 1.0.0,2,ok
089842,per089842_1906_01717,5,0,0,,,triagem/nome-caixa-conversao 1.0.0,2,ok
089842,per089842_1906_01717,6,0,0,,,triagem/nome-caixa-conversao 1.0.0,2,ok
089842,per089842_1906_01717,7,0,0,,,triagem/nome-caixa-conversao 1.0.0,2,ok
089842,per089842_1906_01717,8,0,0,,,triagem/nome-caixa-conversao 1.0.0,2,ok
089842,per089842_1906_01717,9,0,0,,,triagem/nome-caixa-conversao 1.0.0,2,ok
089842,per089842_1906_01717,10,0,0,,,triagem/nome-caixa-conversao 1.0.0,2,ok
089842,per089842_1906_01718,1,0,0,,,triagem/nome-caixa-conversao 1.0.0,2,ok
089842,per089842_1906_01718,2,0,0,,,triagem/nome-caixa-conversao 1.0.0,2,ok
089842,per089842_1906_01718,3,0,0,,,triagem/nome-caixa-conversao 1.0.0,2,ok
089842,per089842_1906_01718,4,0,0,,,triagem/nome-caixa-conversao 1.0.0,2,ok
089842,per089842_1906_01719,1,0,0,,,triagem/nome-caixa-conversao 1.0.0,2,ok
089842,per089842_1906_01719,2,0,0,,,triagem/nome-caixa-conversao 1.0.0,2,ok
089842,per089842_1906_01719,3,0,0,,,triagem/nome-caixa-conversao 1.0.0,2,ok
089842,per089842_1906_01719,4,0,0,,,triagem/nome-caixa-conversao 1.0.0,2,ok
089842,per089842_1906_01719,5,0,0,,,triagem/nome-caixa-conversao 1.0.0,2,ok
089842,per089842_1906_01719,6,0,0,,,triagem/nome-caixa-conversao 1.0.0,2,ok
089842,per089842_1906_01720,1,0,0,,,triagem/nome-caixa-conversao 1.0.0,2,ok
089842,per089842_1906_01720,2,0,0,,,triagem/nome-caixa-conversao 1.0.0,2,ok
089842,per089842_1906_01720,3,0,0,,,triagem/nome-caixa-conversao 1.0.0,2,ok
089842,per089842_1906_01720,4,0,0,,,triagem/nome-caixa-conversao 1.0.0,2,ok
089842,per089842_1906_01720,5,0,0,,,triagem/nome-caixa-conversao 1.0.0,2,ok
089842,per089842_1906_01720,6,0,0,,,triagem/nome-caixa-conversao 1.0.0,2,ok
089842,per089842_1906_01720,7,0,0,,,triagem/nome-caixa-conversao 1.0.0,2,ok
089842,per089842_1906_01720,8,0,0,,,triagem/nome-caixa-conversao 1.0.0,2,ok
089842,per089842_1906_01721,1,1,1,caixa da conver,13109,triagem/nome-caixa-conversao 1.0.0,2,ok
089842,per089842_1906_01721,2,0,0,,,triagem/nome-caixa-conversao 1.0.0,2,ok
089842,per089842_1906_01721,3,0,0,,,triagem/nome-caixa-conversao 1.0.0,2,ok
089842,per089842_1906_01721,4,0,0,,,triagem/nome-caixa-conversao 1.0.0,2,ok
089842,per089842_1906_01721,5,0,0,,,triagem/nome-caixa-conversao 1.0.0,2,ok
089842,per089842_1906_01721,6,0,0,,,triagem/nome-caixa-conversao 1.0.0,2,ok
089842,per089842_1906_01722,1,0,0,,,triagem/nome-caixa-conversao 1.0.0,2,ok
089842,per089842_1906_01722,2,0,0,,,triagem/nome-caixa-conversao 1.0.0,2,ok
089842,per089842_1906_01722,3,0,0,,,triagem/nome-caixa-conversao 1.0.0,2,ok
089842,per089842_1906_01722,4,0,0,,,triagem/nome-caixa-conversao 1.0.0,2,ok
089842,per089842_1906_01722,5,0,0,,,triagem/nome-caixa-conversao 1.0.0,2,ok
089842,per089842_1906_01722,6,0,0,,,triagem/nome-caixa-conversao 1.0.0,2,ok
089842,per089842_1906_01722,7,0,0,,,triagem/nome-caixa-conversao 1.0.0,2,ok
089842,per089842_1906_01722,8,0,0,,,triagem/nome-caixa-conversao 1.0.0,2,ok
089842,per089842_1906_01723,1,0,0,,,triagem/nome-caixa-conversao 1.0.0,2,ok
089842,per089842_1906_01723,2,0,0,,,triagem/nome-caixa-conversao 1.0.0,2,ok
089842,per089842_1906_01723,3,0,0,,,triagem/nome-caixa-conversao 1.0.0,2,ok
089842,per089842_1906_01723,4,0,0,,,triagem/nome-caixa-conversao 1.0.0,2,ok
089842,per089842_1906_01723,5,0,0,,,triagem/nome-caixa-conversao 1.0.0,2,ok
089842,per089842_1906_01723,6,0,0,,,triagem/nome-caixa-conversao 1.0.0,2,ok
089842,per089842_1906_01724,1,0,0,,,triagem/nome-caixa-conversao 1.0.0,2,ok
089842,per089842_1906_01724,2,0,0,,,triagem/nome-caixa-conversao 1.0.0,2,ok
089842,per089842_1906_01724,3,0,0,,,triagem/nome-caixa-conversao 1.0.0,2,ok
089842,per089842_1906_01724,4,0,0,,,triagem/nome-caixa-conversao 1.0.0,2,ok
089842,per089842_1906_01724,5,0,0,,,triagem/nome-caixa-conversao 1.0.0,2,ok
089842,per089842_1906_01724,6,0,0,,,triagem/nome-caixa-conversao 1.0.0,2,ok
089842,per089842_1906_01724,7,0,0,,,triagem/nome-caixa-conversao 1.0.0,2,ok
089842,per089842_1906_01724,8,0,0,,,triagem/nome-caixa-conversao 1.0.0,2,ok
089842,per089842_1906_01724,9,0,0,,,triagem/nome-caixa-conversao 1.0.0,2,ok
089842,per089842_1906_01724,10,0,0,,,triagem/nome-caixa-conversao 1.0.0,2,ok
089842,per089842_1906_01725,1,0,0,,,triagem/nome-caixa-conversao 1.0.0,2,ok
089842,per089842_1906_01725,2,0,0,,,triagem/nome-caixa-conversao 1.0.0,2,ok
089842,per089842_1906_01725,3,0,0,,,triagem/nome-caixa-conversao 1.0.0,2,ok
089842,per089842_1906_01725,4,0,0,,,triagem/nome-caixa-conversao 1.0.0,2,ok
089842,per089842_1906_01726,1,0,0,,,triagem/nome-caixa-conversao 1.0.0,2,ok
089842,per089842_1906_01726,2,0,0,,,triagem/nome-caixa-conversao 1.0.0,2,ok
089842,per089842_1906_01726,3,0,0,,,triagem/nome-caixa-conversao 1.0.0,2,ok
089842,per089842_1906_01726,4,0,0,,,triagem/nome-caixa-conversao 1.0.0,2,ok
089842,per089842_1906_01726,5,0,0,,,triagem/nome-caixa-conversao 1.0.0,2,ok
089842,per089842_1906_01726,6,0,0,,,triagem/nome-caixa-conversao 1.0.0,2,ok
089842,per089842_1906_01726,7,0,0,,,triagem/nome-caixa-conversao 1.0.0,2,ok
089842,per089842_1906_01726,8,0,0,,,triagem/nome-caixa-conversao 1.0.0,2,ok
089842,per089842_1906_01727,1,0,0,,,triagem/nome-caixa-conversao 1.0.0,2,ok
089842,per089842_1906_01727,2,0,0,,,triagem/nome-caixa-conversao 1.0.0,2,ok
089842,per089842_1906_01727,3,0,0,,,triagem/nome-caixa-conversao 1.0.0,2,ok
089842,per089842_1906_01727,4,0,0,,,triagem/nome-caixa-conversao 1.0.0,2,ok
089842,per089842_1906_01727,5,0,0,,,triagem/nome-caixa-conversao 1.0.0,2,ok
089842,per089842_1906_01727,6,0,0,,,triagem/nome-caixa-conversao 1.0.0,2,ok
089842,per089842_1906_01727,7,0,0,,,triagem/nome-caixa-conversao 1.0.0,2,ok
089842,per089842_1906_01727,8,0,0,,,triagem/nome-caixa-conversao 1.0.0,2,ok
089842,per089842_1906_01728,1,0,0,,,triagem/nome-caixa-conversao 1.0.0,2,ok
089842,per089842_1906_01728,2,0,0,,,triagem/nome-caixa-conversao 1.0.0,2,ok
089842,per089842_1906_01728,3,0,0,,,triagem/nome-caixa-conversao 1.0.0,2,ok
089842,per089842_1906_01728,4,0,0,,,triagem/nome-caixa-conversao 1.0.0,2,ok
089842,per089842_1906_01728,5,0,0,,,triagem/nome-caixa-conversao 1.0.0,2,ok
089842,per089842_1906_01728,6,0,0,,,triagem/nome-caixa-conversao 1.0.0,2,ok
089842,per089842_1906_01728,7,0,0,,,triagem/nome-caixa-conversao 1.0.0,2,ok
089842,per089842_1906_01728,8,0,0,,,triagem/nome-caixa-conversao 1.0.0,2,ok
089842,per089842_1906_01729,1,0,0,,,triagem/nome-caixa-conversao 1.0.0,2,ok
089842,per089842_1906_01729,2,0,0,,,triagem/nome-caixa-conversao 1.0.0,2,ok
089842,per089842_1906_01729,3,0,0,,,triagem/nome-caixa-conversao 1.0.0,2,ok
089842,per089842_1906_01729,4,0,0,,,triagem/nome-caixa-conversao 1.0.0,2,ok
089842,per089842_1906_01729,5,0,0,,,triagem/nome-caixa-conversao 1.0.0,2,ok
089842,per089842_1906_01729,6,0,0,,,triagem/nome-caixa-conversao 1.0.0,2,ok
089842,per089842_1906_01729,7,0,0,,,triagem/nome-caixa-conversao 1.0.0,2,ok
089842,per089842_1906_01729,8,0,0,,,triagem/nome-caixa-conversao 1.0.0,2,ok
089842,per089842_1906_01730,1,0,0,,,triagem/nome-caixa-conversao 1.0.0,2,ok
089842,per089842_1906_01730,2,0,0,,,triagem/nome-caixa-conversao 1.0.0,2,ok
089842,per089842_1906_01730,3,0,0,,,triagem/nome-caixa-conversao 1.0.0,2,ok
089842,per089842_1906_01730,4,0,0,,,triagem/nome-caixa-conversao 1.0.0,2,ok
089842,per089842_1906_01730,5,0,0,,,triagem/nome-caixa-conversao 1.0.0,2,ok
089842,per089842_1906_01730,6,0,0,,,triagem/nome-caixa-conversao 1.0.0,2,ok
089842,per089842_1906_01730,7,0,0,,,triagem/nome-caixa-conversao 1.0.0,2,ok
089842,per089842_1906_01730,8,0,0,,,triagem/nome-caixa-conversao 1.0.0,2,ok
089842,per089842_1906_01731,1,1,1,caixade conver,6015,triagem/nome-caixa-conversao 1.0.0,2,ok
089842,per089842_1906_01731,2,0,0,,,triagem/nome-caixa-conversao 1.0.0,2,ok
089842,per089842_1906_01731,3,0,0,,,triagem/nome-caixa-conversao 1.0.0,2,ok
089842,per089842_1906_01731,4,0,0,,,triagem/nome-caixa-conversao 1.0.0,2,ok
089842,per089842_1906_01731,5,0,0,,,triagem/nome-caixa-conversao 1.0.0,2,ok
089842,per089842_1906_01731,6,0,0,,,triagem/nome-caixa-conversao 1.0.0,2,ok
089842,per089842_1906_01731,7,0,0,,,triagem/nome-caixa-conversao 1.0.0,2,ok
089842,per089842_1906_01731,8,0,0,,,triagem/nome-caixa-conversao 1.0.0,2,ok
089842,per089842_1906_01731,9,0,0,,,triagem/nome-caixa-conversao 1.0.0,2,ok
089842,per089842_1906_01731,10,0,0,,,triagem/nome-caixa-conversao 1.0.0,2,ok
089842,per089842_1906_01731,11,0,0,,,triagem/nome-caixa-conversao 1.0.0,2,ok
089842,per089842_1906_01731,12,0,0,,,triagem/nome-caixa-conversao 1.0.0,2,ok
089842,per089842_1906_01732,1,0,0,,,triagem/nome-caixa-conversao 1.0.0,2,ok
089842,per089842_1906_01732,2,0,0,,,triagem/nome-caixa-conversao 1.0.0,2,ok
089842,per089842_1906_01732,3,0,0,,,triagem/nome-caixa-conversao 1.0.0,2,ok
089842,per089842_1906_01732,4,0,0,,,triagem/nome-caixa-conversao 1.0.0,2,ok
089842,per089842_1906_01732,5,0,0,,,triagem/nome-caixa-conversao 1.0.0,2,ok
089842,per089842_1906_01732,6,0,0,,,triagem/nome-caixa-conversao 1.0.0,2,ok
089842,per089842_1906_01733,1,1,1,caixa de conver,13590,triagem/nome-caixa-conversao 1.0.0,2,ok
089842,per089842_1906_01733,2,0,0,,,triagem/nome-caixa-conversao 1.0.0,2,ok
089842,per089842_1906_01733,3,0,0,,,triagem/nome-caixa-conversao 1.0.0,2,ok
089842,per089842_1906_01733,4,0,0,,,triagem/nome-caixa-conversao 1.0.0,2,ok
089842,per089842_1906_01733,5,0,0,,,triagem/nome-caixa-conversao 1.0.0,2,ok
089842,per089842_1906_01733,6,0,0,,,triagem/nome-caixa-conversao 1.0.0,2,ok
089842,per089842_1906_01733,7,0,0,,,triagem/nome-caixa-conversao 1.0.0,2,ok
089842,per089842_1906_01733,8,0,0,,,triagem/nome-caixa-conversao 1.0.0,2,ok
089842,per089842_1906_01734,1,1,1,caixa de conver,11851,triagem/nome-caixa-conversao 1.0.0,2,ok
089842,per089842_1906_01734,2,0,0,,,triagem/nome-caixa-conversao 1.0.0,2,ok
089842,per089842_1906_01734,3,0,0,,,triagem/nome-caixa-conversao 1.0.0,2,ok
089842,per089842_1906_01734,4,0,0,,,triagem/nome-caixa-conversao 1.0.0,2,ok
089842,per089842_1906_01734,5,0,0,,,triagem/nome-caixa-conversao 1.0.0,2,ok
089842,per089842_1906_01734,6,0,0,,,triagem/nome-caixa-conversao 1.0.0,2,ok
089842,per089842_1906_01735,1,0,0,,,triagem/nome-caixa-conversao 1.0.0,2,ok
089842,per089842_1906_01735,2,0,0,,,triagem/nome-caixa-conversao 1.0.0,2,ok
089842,per089842_1906_01735,3,0,0,,,triagem/nome-caixa-conversao 1.0.0,2,ok
089842,per089842_1906_01735,4,0,0,,,triagem/nome-caixa-conversao 1.0.0,2,ok
089842,per089842_1906_01735,5,0,0,,,triagem/nome-caixa-conversao 1.0.0,2,ok
089842,per089842_1906_01735,6,0,0,,,triagem/nome-caixa-conversao 1.0.0,2,ok
089842,per089842_1906_01735,7,0,0,,,triagem/nome-caixa-conversao 1.0.0,2,ok
089842,per089842_1906_01735,8,0,0,,,triagem/nome-caixa-conversao 1.0.0,2,ok
089842,per089842_1906_01736,1,0,0,,,triagem/nome-caixa-conversao 1.0.0,2,ok
089842,per089842_1906_01736,2,0,0,,,triagem/nome-caixa-conversao 1.0.0,2,ok
089842,per089842_1906_01736,3,0,0,,,triagem/nome-caixa-conversao 1.0.0,2,ok
089842,per089842_1906_01736,4,0,0,,,triagem/nome-caixa-conversao 1.0.0,2,ok
089842,per089842_1906_01736,5,0,0,,,triagem/nome-caixa-conversao 1.0.0,2,ok
089842,per089842_1906_01736,6,0,0,,,triagem/nome-caixa-conversao 1.0.0,2,ok
089842,per089842_1906_01737,1,0,0,,,triagem/nome-caixa-conversao 1.0.0,2,ok
089842,per089842_1906_01737,2,0,0,,,triagem/nome-caixa-conversao 1.0.0,2,ok
089842,per089842_1906_01737,3,0,0,,,triagem/nome-caixa-conversao 1.0.0,2,ok
089842,per089842_1906_01737,4,0,0,,,triagem/nome-caixa-conversao 1.0.0,2,ok
089842,per089842_1906_01737,5,0,0,,,triagem/nome-caixa-conversao 1.0.0,2,ok
089842,per089842_1906_01737,6,0,0,,,triagem/nome-caixa-conversao 1.0.0,2,ok
089842,per089842_1906_01738,1,0,0,,,triagem/nome-caixa-conversao 1.0.0,2,ok
089842,per089842_1906_01738,2,0,0,,,triagem/nome-caixa-conversao 1.0.0,2,ok
089842,per089842_1906_01738,3,0,0,,,triagem/nome-caixa-conversao 1.0.0,2,ok
089842,per089842_1906_01738,4,0,0,,,triagem/nome-caixa-conversao 1.0.0,2,ok
089842,per089842_1906_01738,5,0,0,,,triagem/nome-caixa-conversao 1.0.0,2,ok
089842,per089842_1906_01738,6,0,0,,,triagem/nome-caixa-conversao 1.0.0,2,ok
089842,per089842_1906_01738,7,0,0,,,triagem/nome-caixa-conversao 1.0.0,2,ok
089842,per089842_1906_01738,8,0,0,,,triagem/nome-caixa-conversao 1.0.0,2,ok
089842,per089842_1906_01739,1,0,0,,,triagem/nome-caixa-conversao 1.0.0,2,ok
089842,per089842_1906_01739,2,0,0,,,triagem/nome-caixa-conversao 1.0.0,2,ok
089842,per089842_1906_01739,3,0,0,,,triagem/nome-caixa-conversao 1.0.0,2,ok
089842,per089842_1906_01739,4,0,0,,,triagem/nome-caixa-conversao 1.0.0,2,ok
089842,per089842_1906_01739,5,0,0,,,triagem/nome-caixa-conversao 1.0.0,2,ok
089842,per089842_1906_01739,6,0,0,,,triagem/nome-caixa-conversao 1.0.0,2,ok
089842,per089842_1906_01740,1,0,0,,,triagem/nome-caixa-conversao 1.0.0,2,ok
089842,per089842_1906_01740,2,0,0,,,triagem/nome-caixa-conversao 1.0.0,2,ok
089842,per089842_1906_01740,3,0,0,,,triagem/nome-caixa-conversao 1.0.0,2,ok
089842,per089842_1906_01740,4,0,0,,,triagem/nome-caixa-conversao 1.0.0,2,ok
089842,per089842_1906_01740,5,0,0,,,triagem/nome-caixa-conversao 1.0.0,2,ok
089842,per089842_1906_01740,6,0,0,,,triagem/nome-caixa-conversao 1.0.0,2,ok
089842,per089842_1906_01740,7,0,0,,,triagem/nome-caixa-conversao 1.0.0,2,ok
089842,per089842_1906_01740,8,0,0,,,triagem/nome-caixa-conversao 1.0.0,2,ok
089842,per089842_1906_01741,1,0,0,,,triagem/nome-caixa-conversao 1.0.0,2,ok
089842,per089842_1906_01741,2,0,0,,,triagem/nome-caixa-conversao 1.0.0,2,ok
089842,per089842_1906_01741,3,0,0,,,triagem/nome-caixa-conversao 1.0.0,2,ok
089842,per089842_1906_01741,4,0,0,,,triagem/nome-caixa-conversao 1.0.0,2,ok
089842,per089842_1906_01741,5,0,0,,,triagem/nome-caixa-conversao 1.0.0,2,ok
089842,per089842_1906_01741,6,0,0,,,triagem/nome-caixa-conversao 1.0.0,2,ok
089842,per089842_1906_01742,1,0,0,,,triagem/nome-caixa-conversao 1.0.0,2,ok
089842,per089842_1906_01742,2,0,0,,,triagem/nome-caixa-conversao 1.0.0,2,ok
089842,per089842_1906_01742,3,0,0,,,triagem/nome-caixa-conversao 1.0.0,2,ok
089842,per089842_1906_01742,4,0,0,,,triagem/nome-caixa-conversao 1.0.0,2,ok
089842,per089842_1906_01742,5,0,0,,,triagem/nome-caixa-conversao 1.0.0,2,ok
089842,per089842_1906_01742,6,0,0,,,triagem/nome-caixa-conversao 1.0.0,2,ok
089842,per089842_1906_01742,7,0,0,,,triagem/nome-caixa-conversao 1.0.0,2,ok
089842,per089842_1906_01742,8,0,0,,,triagem/nome-caixa-conversao 1.0.0,2,ok
089842,per089842_1906_01743,1,0,0,,,triagem/nome-caixa-conversao 1.0.0,2,ok
089842,per089842_1906_01743,2,0,0,,,triagem/nome-caixa-conversao 1.0.0,2,ok
089842,per089842_1906_01743,3,0,0,,,triagem/nome-caixa-conversao 1.0.0,2,ok
089842,per089842_1906_01743,4,0,0,,,triagem/nome-caixa-conversao 1.0.0,2,ok
089842,per089842_1906_01743,5,0,0,,,triagem/nome-caixa-conversao 1.0.0,2,ok
089842,per089842_1906_01743,6,0,0,,,triagem/nome-caixa-conversao 1.0.0,2,ok
089842,per089842_1906_01744,1,0,0,,,triagem/nome-caixa-conversao 1.0.0,2,ok
089842,per089842_1906_01744,2,0,0,,,triagem/nome-caixa-conversao 1.0.0,2,ok
089842,per089842_1906_01744,3,0,0,,,triagem/nome-caixa-conversao 1.0.0,2,ok
089842,per089842_1906_01744,4,0,0,,,triagem/nome-caixa-conversao 1.0.0,2,ok
089842,per089842_1906_01744,5,0,0,,,triagem/nome-caixa-conversao 1.0.0,2,ok
089842,per089842_1906_01744,6,0,0,,,triagem/nome-caixa-conversao 1.0.0,2,ok
089842,per089842_1906_01745,1,0,0,,,triagem/nome-caixa-conversao 1.0.0,2,ok
089842,per089842_1906_01745,2,0,0,,,triagem/nome-caixa-conversao 1.0.0,2,ok
089842,per089842_1906_01745,3,0,0,,,triagem/nome-caixa-conversao 1.0.0,2,ok
089842,per089842_1906_01745,4,0,0,,,triagem/nome-caixa-conversao 1.0.0,2,ok
089842,per089842_1906_01745,5,0,0,,,triagem/nome-caixa-conversao 1.0.0,2,ok
089842,per089842_1906_01745,6,0,0,,,triagem/nome-caixa-conversao 1.0.0,2,ok
089842,per089842_1906_01745,7,0,0,,,triagem/nome-caixa-conversao 1.0.0,2,ok
089842,per089842_1906_01745,8,0,0,,,triagem/nome-caixa-conversao 1.0.0,2,ok
089842,per089842_1906_01745,9,0,0,,,triagem/nome-caixa-conversao 1.0.0,2,ok
089842,per089842_1906_01745,10,0,0,,,triagem/nome-caixa-conversao 1.0.0,2,ok
089842,per089842_1906_01745,11,0,0,,,triagem/nome-caixa-conversao 1.0.0,2,ok
089842,per089842_1906_01745,12,0,0,,,triagem/nome-caixa-conversao 1.0.0,2,ok
089842,per089842_1906_01746,1,0,0,,,triagem/nome-caixa-conversao 1.0.0,2,ok
089842,per089842_1906_01746,2,0,0,,,triagem/nome-caixa-conversao 1.0.0,2,ok
089842,per089842_1906_01746,3,0,0,,,triagem/nome-caixa-conversao 1.0.0,2,ok
089842,per089842_1906_01746,4,0,0,,,triagem/nome-caixa-conversao 1.0.0,2,ok
089842,per089842_1906_01746,5,0,0,,,triagem/nome-caixa-conversao 1.0.0,2,ok
089842,per089842_1906_01746,6,0,0,,,triagem/nome-caixa-conversao 1.0.0,2,ok
089842,per089842_1906_01747,1,0,0,,,triagem/nome-caixa-conversao 1.0.0,2,ok
089842,per089842_1906_01747,2,0,0,,,triagem/nome-caixa-conversao 1.0.0,2,ok
089842,per089842_1906_01747,3,0,0,,,triagem/nome-caixa-conversao 1.0.0,2,ok
089842,per089842_1906_01747,4,0,0,,,triagem/nome-caixa-conversao 1.0.0,2,ok
089842,per089842_1906_01747,5,0,0,,,triagem/nome-caixa-conversao 1.0.0,2,ok
089842,per089842_1906_01747,6,0,0,,,triagem/nome-caixa-conversao 1.0.0,2,ok
089842,per089842_1906_01748,1,0,0,,,triagem/nome-caixa-conversao 1.0.0,2,ok
089842,per089842_1906_01748,2,0,0,,,triagem/nome-caixa-conversao 1.0.0,2,ok
089842,per089842_1906_01748,3,0,0,,,triagem/nome-caixa-conversao 1.0.0,2,ok
089842,per089842_1906_01748,4,0,0,,,triagem/nome-caixa-conversao 1.0.0,2,ok
089842,per089842_1906_01748,5,0,0,,,triagem/nome-caixa-conversao 1.0.0,2,ok
089842,per089842_1906_01748,6,0,0,,,triagem/nome-caixa-conversao 1.0.0,2,ok
089842,per089842_1906_01749,1,0,0,,,triagem/nome-caixa-conversao 1.0.0,2,ok
089842,per089842_1906_01749,2,0,0,,,triagem/nome-caixa-conversao 1.0.0,2,ok
089842,per089842_1906_01749,3,0,0,,,triagem/nome-caixa-conversao 1.0.0,2,ok
089842,per089842_1906_01749,4,0,0,,,triagem/nome-caixa-conversao 1.0.0,2,ok
089842,per089842_1906_01749,5,0,0,,,triagem/nome-caixa-conversao 1.0.0,2,ok
089842,per089842_1906_01749,6,0,0,,,triagem/nome-caixa-conversao 1.0.0,2,ok
089842,per089842_1906_01749,7,0,0,,,triagem/nome-caixa-conversao 1.0.0,2,ok
089842,per089842_1906_01749,8,0,0,,,triagem/nome-caixa-conversao 1.0.0,2,ok
089842,per089842_1906_01750,1,0,0,,,triagem/nome-caixa-conversao 1.0.0,2,ok
089842,per089842_1906_01750,2,0,0,,,triagem/nome-caixa-conversao 1.0.0,2,ok
089842,per089842_1906_01750,3,0,0,,,triagem/nome-caixa-conversao 1.0.0,2,ok
089842,per089842_1906_01750,4,0,0,,,triagem/nome-caixa-conversao 1.0.0,2,ok
089842,per089842_1906_01750,5,0,0,,,triagem/nome-caixa-conversao 1.0.0,2,ok
089842,per089842_1906_01750,6,0,0,,,triagem/nome-caixa-conversao 1.0.0,2,ok
089842,per089842_1906_01751,1,0,0,,,triagem/nome-caixa-conversao 1.0.0,2,ok
089842,per089842_1906_01751,2,0,0,,,triagem/nome-caixa-conversao 1.0.0,2,ok
089842,per089842_1906_01751,3,1,1,caixa deconver,37249,triagem/nome-caixa-conversao 1.0.0,2,ok
089842,per089842_1906_01751,4,0,0,,,triagem/nome-caixa-conversao 1.0.0,2,ok
089842,per089842_1906_01751,5,0,0,,,triagem/nome-caixa-conversao 1.0.0,2,ok
089842,per089842_1906_01751,6,0,0,,,triagem/nome-caixa-conversao 1.0.0,2,ok
089842,per089842_1906_01752,1,0,0,,,triagem/nome-caixa-conversao 1.0.0,2,ok
089842,per089842_1906_01752,2,0,0,,,triagem/nome-caixa-conversao 1.0.0,2,ok
089842,per089842_1906_01752,3,0,0,,,triagem/nome-caixa-conversao 1.0.0,2,ok
089842,per089842_1906_01752,4,0,0,,,triagem/nome-caixa-conversao 1.0.0,2,ok
089842,per089842_1906_01752,5,0,0,,,triagem/nome-caixa-conversao 1.0.0,2,ok
089842,per089842_1906_01752,6,0,0,,,triagem/nome-caixa-conversao 1.0.0,2,ok
089842,per089842_1906_01752,7,0,0,,,triagem/nome-caixa-conversao 1.0.0,2,ok
089842,per089842_1906_01752,8,0,0,,,triagem/nome-caixa-conversao 1.0.0,2,ok
089842,per089842_1906_01752,9,0,0,,,triagem/nome-caixa-conversao 1.0.0,2,ok
089842,per089842_1906_01752,10,0,0,,,triagem/nome-caixa-conversao 1.0.0,2,ok
089842,per089842_1906_01752,11,0,0,,,triagem/nome-caixa-conversao 1.0.0,2,ok
089842,per089842_1906_01752,12,0,0,,,triagem/nome-caixa-conversao 1.0.0,2,ok
089842,per089842_1906_01753,1,0,0,,,triagem/nome-caixa-conversao 1.0.0,2,ok
089842,per089842_1906_01753,2,0,0,,,triagem/nome-caixa-conversao 1.0.0,2,ok
089842,per089842_1906_01753,3,0,0,,,triagem/nome-caixa-conversao 1.0.0,2,ok
089842,per089842_1906_01753,4,0,0,,,triagem/nome-caixa-conversao 1.0.0,2,ok
089842,per089842_1906_01753,5,0,0,,,triagem/nome-caixa-conversao 1.0.0,2,ok
089842,per089842_1906_01753,6,0,0,,,triagem/nome-caixa-conversao 1.0.0,2,ok
089842,per089842_1906_01754,1,0,0,,,triagem/nome-caixa-conversao 1.0.0,2,ok
089842,per089842_1906_01754,2,0,0,,,triagem/nome-caixa-conversao 1.0.0,2,ok
089842,per089842_1906_01754,3,0,0,,,triagem/nome-caixa-conversao 1.0.0,2,ok
089842,per089842_1906_01754,4,0,0,,,triagem/nome-caixa-conversao 1.0.0,2,ok
089842,per089842_1906_01754,5,1,2,caixa de conver,30978,triagem/nome-caixa-conversao 1.0.0,2,ok
089842,per089842_1906_01754,6,0,0,,,triagem/nome-caixa-conversao 1.0.0,2,ok
089842,per089842_1906_01754,7,0,0,,,triagem/nome-caixa-conversao 1.0.0,2,ok
089842,per089842_1906_01754,8,0,0,,,triagem/nome-caixa-conversao 1.0.0,2,ok
089842,per089842_1906_01755,1,0,0,,,triagem/nome-caixa-conversao 1.0.0,2,ok
089842,per089842_1906_01755,2,0,0,,,triagem/nome-caixa-conversao 1.0.0,2,ok
089842,per089842_1906_01755,3,0,0,,,triagem/nome-caixa-conversao 1.0.0,2,ok
089842,per089842_1906_01755,4,0,0,,,triagem/nome-caixa-conversao 1.0.0,2,ok
089842,per089842_1906_01755,5,0,0,,,triagem/nome-caixa-conversao 1.0.0,2,ok
089842,per089842_1906_01755,6,0,0,,,triagem/nome-caixa-conversao 1.0.0,2,ok
089842,per089842_1906_01756,1,0,0,,,triagem/nome-caixa-conversao 1.0.0,2,ok
089842,per089842_1906_01756,2,0,0,,,triagem/nome-caixa-conversao 1.0.0,2,ok
089842,per089842_1906_01756,3,0,0,,,triagem/nome-caixa-conversao 1.0.0,2,ok
089842,per089842_1906_01756,4,0,0,,,triagem/nome-caixa-conversao 1.0.0,2,ok
089842,per089842_1906_01756,5,0,0,,,triagem/nome-caixa-conversao 1.0.0,2,ok
089842,per089842_1906_01756,6,0,0,,,triagem/nome-caixa-conversao 1.0.0,2,ok
089842,per089842_1906_01756,7,0,0,,,triagem/nome-caixa-conversao 1.0.0,2,ok
089842,per089842_1906_01756,8,0,0,,,triagem/nome-caixa-conversao 1.0.0,2,ok
089842,per089842_1906_01757,1,0,0,,,triagem/nome-caixa-conversao 1.0.0,2,ok
089842,per089842_1906_01757,2,0,0,,,triagem/nome-caixa-conversao 1.0.0,2,ok
089842,per089842_1906_01757,3,0,0,,,triagem/nome-caixa-conversao 1.0.0,2,ok
089842,per089842_1906_01757,4,0,0,,,triagem/nome-caixa-conversao 1.0.0,2,ok
089842,per089842_1906_01757,5,0,0,,,triagem/nome-caixa-conversao 1.0.0,2,ok
089842,per089842_1906_01757,6,0,0,,,triagem/nome-caixa-conversao 1.0.0,2,ok
089842,per089842_1906_01757,7,0,0,,,triagem/nome-caixa-conversao 1.0.0,2,ok
089842,per089842_1906_01757,8,0,0,,,triagem/nome-caixa-conversao 1.0.0,2,ok
089842,per089842_1906_01758,1,0,0,,,triagem/nome-caixa-conversao 1.0.0,2,ok
089842,per089842_1906_01758,2,0,0,,,triagem/nome-caixa-conversao 1.0.0,2,ok
089842,per089842_1906_01758,3,0,0,,,triagem/nome-caixa-conversao 1.0.0,2,ok
089842,per089842_1906_01758,4,0,0,,,triagem/nome-caixa-conversao 1.0.0,2,ok
089842,per089842_1906_01758,5,0,0,,,triagem/nome-caixa-conversao 1.0.0,2,ok
089842,per089842_1906_01758,6,0,0,,,triagem/nome-caixa-conversao 1.0.0,2,ok
089842,per089842_1906_01759,1,0,0,,,triagem/nome-caixa-conversao 1.0.0,2,ok
089842,per089842_1906_01759,2,0,0,,,triagem/nome-caixa-conversao 1.0.0,2,ok
089842,per089842_1906_01759,3,0,0,,,triagem/nome-caixa-conversao 1.0.0,2,ok
089842,per089842_1906_01759,4,0,0,,,triagem/nome-caixa-conversao 1.0.0,2,ok
089842,per089842_1906_01759,5,0,0,,,triagem/nome-caixa-conversao 1.0.0,2,ok
089842,per089842_1906_01759,6,0,0,,,triagem/nome-caixa-conversao 1.0.0,2,ok
089842,per089842_1906_01759,7,0,0,,,triagem/nome-caixa-conversao 1.0.0,2,ok
089842,per089842_1906_01759,8,0,0,,,triagem/nome-caixa-conversao 1.0.0,2,ok
089842,per089842_1906_01759,9,0,0,,,triagem/nome-caixa-conversao 1.0.0,2,ok
089842,per089842_1906_01759,10,0,0,,,triagem/nome-caixa-conversao 1.0.0,2,ok
089842,per089842_1906_01759,11,0,0,,,triagem/nome-caixa-conversao 1.0.0,2,ok
089842,per089842_1906_01759,12,0,0,,,triagem/nome-caixa-conversao 1.0.0,2,ok
089842,per089842_1906_01760,1,0,0,,,triagem/nome-caixa-conversao 1.0.0,2,ok
089842,per089842_1906_01760,2,1,1,caixa de conver,14131,triagem/nome-caixa-conversao 1.0.0,2,ok
089842,per089842_1906_01760,3,0,0,,,triagem/nome-caixa-conversao 1.0.0,2,ok
089842,per089842_1906_01760,4,0,0,,,triagem/nome-caixa-conversao 1.0.0,2,ok
089842,per089842_1906_01760,5,0,0,,,triagem/nome-caixa-conversao 1.0.0,2,ok
089842,per089842_1906_01760,6,0,0,,,triagem/nome-caixa-conversao 1.0.0,2,ok
089842,per089842_1906_01761,1,0,0,,,triagem/nome-caixa-conversao 1.0.0,2,ok
089842,per089842_1906_01761,2,0,0,,,triagem/nome-caixa-conversao 1.0.0,2,ok
089842,per089842_1906_01761,3,0,0,,,triagem/nome-caixa-conversao 1.0.0,2,ok
089842,per089842_1906_01761,4,0,0,,,triagem/nome-caixa-conversao 1.0.0,2,ok
089842,per089842_1906_01761,5,0,0,,,triagem/nome-caixa-conversao 1.0.0,2,ok
089842,per089842_1906_01761,6,0,0,,,triagem/nome-caixa-conversao 1.0.0,2,ok
089842,per089842_1906_01761,7,0,0,,,triagem/nome-caixa-conversao 1.0.0,2,ok
089842,per089842_1906_01761,8,0,0,,,triagem/nome-caixa-conversao 1.0.0,2,ok
089842,per089842_1906_01762,1,0,0,,,triagem/nome-caixa-conversao 1.0.0,2,ok
089842,per089842_1906_01762,2,0,0,,,triagem/nome-caixa-conversao 1.0.0,2,ok
089842,per089842_1906_01762,3,0,0,,,triagem/nome-caixa-conversao 1.0.0,2,ok
089842,per089842_1906_01762,4,0,0,,,triagem/nome-caixa-conversao 1.0.0,2,ok
089842,per089842_1906_01762,5,0,0,,,triagem/nome-caixa-conversao 1.0.0,2,ok
089842,per089842_1906_01762,6,0,0,,,triagem/nome-caixa-conversao 1.0.0,2,ok
089842,per089842_1906_01762,7,0,0,,,triagem/nome-caixa-conversao 1.0.0,2,ok
089842,per089842_1906_01762,8,0,0,,,triagem/nome-caixa-conversao 1.0.0,2,ok
089842,per089842_1906_01763,1,0,0,,,triagem/nome-caixa-conversao 1.0.0,2,ok
089842,per089842_1906_01763,2,0,0,,,triagem/nome-caixa-conversao 1.0.0,2,ok
089842,per089842_1906_01763,3,0,0,,,triagem/nome-caixa-conversao 1.0.0,2,ok
089842,per089842_1906_01763,4,0,0,,,triagem/nome-caixa-conversao 1.0.0,2,ok
089842,per089842_1906_01763,5,0,0,,,triagem/nome-caixa-conversao 1.0.0,2,ok
089842,per089842_1906_01763,6,0,0,,,triagem/nome-caixa-conversao 1.0.0,2,ok
089842,per089842_1906_01764,1,0,0,,,triagem/nome-caixa-conversao 1.0.0,2,ok
089842,per089842_1906_01764,2,0,0,,,triagem/nome-caixa-conversao 1.0.0,2,ok
089842,per089842_1906_01764,3,0,0,,,triagem/nome-caixa-conversao 1.0.0,2,ok
089842,per089842_1906_01764,4,0,0,,,triagem/nome-caixa-conversao 1.0.0,2,ok
089842,per089842_1906_01764,5,0,0,,,triagem/nome-caixa-conversao 1.0.0,2,ok
089842,per089842_1906_01764,6,0,0,,,triagem/nome-caixa-conversao 1.0.0,2,ok
089842,per089842_1906_01765,1,0,0,,,triagem/nome-caixa-conversao 1.0.0,2,ok
089842,per089842_1906_01765,2,0,0,,,triagem/nome-caixa-conversao 1.0.0,2,ok
089842,per089842_1906_01765,3,0,0,,,triagem/nome-caixa-conversao 1.0.0,2,ok
089842,per089842_1906_01765,4,0,0,,,triagem/nome-caixa-conversao 1.0.0,2,ok
089842,per089842_1906_01765,5,1,1,caixa de conver,28637,triagem/nome-caixa-conversao 1.0.0,2,ok
089842,per089842_1906_01765,6,0,0,,,triagem/nome-caixa-conversao 1.0.0,2,ok
089842,per089842_1906_01765,7,0,0,,,triagem/nome-caixa-conversao 1.0.0,2,ok
089842,per089842_1906_01765,8,0,0,,,triagem/nome-caixa-conversao 1.0.0,2,ok
089842,per089842_1906_01766,1,0,0,,,triagem/nome-caixa-conversao 1.0.0,2,ok
089842,per089842_1906_01766,2,0,0,,,triagem/nome-caixa-conversao 1.0.0,2,ok
089842,per089842_1906_01766,3,0,0,,,triagem/nome-caixa-conversao 1.0.0,2,ok
089842,per089842_1906_01766,4,0,0,,,triagem/nome-caixa-conversao 1.0.0,2,ok
089842,per089842_1906_01766,5,0,0,,,triagem/nome-caixa-conversao 1.0.0,2,ok
089842,per089842_1906_01766,6,0,0,,,triagem/nome-caixa-conversao 1.0.0,2,ok
089842,per089842_1906_01766,7,0,0,,,triagem/nome-caixa-conversao 1.0.0,2,ok
089842,per089842_1906_01766,8,0,0,,,triagem/nome-caixa-conversao 1.0.0,2,ok
089842,per089842_1906_01766,9,0,0,,,triagem/nome-caixa-conversao 1.0.0,2,ok
089842,per089842_1906_01766,10,0,0,,,triagem/nome-caixa-conversao 1.0.0,2,ok
089842,per089842_1906_01766,11,0,0,,,triagem/nome-caixa-conversao 1.0.0,2,ok
089842,per089842_1906_01766,12,0,0,,,triagem/nome-caixa-conversao 1.0.0,2,ok
089842,per089842_1906_01767,1,0,0,,,triagem/nome-caixa-conversao 1.0.0,2,ok
089842,per089842_1906_01767,2,0,0,,,triagem/nome-caixa-conversao 1.0.0,2,ok
089842,per089842_1906_01767,3,0,0,,,triagem/nome-caixa-conversao 1.0.0,2,ok
089842,per089842_1906_01767,4,0,0,,,triagem/nome-caixa-conversao 1.0.0,2,ok
089842,per089842_1906_01767,5,0,0,,,triagem/nome-caixa-conversao 1.0.0,2,ok
089842,per089842_1906_01767,6,0,0,,,triagem/nome-caixa-conversao 1.0.0,2,ok
089842,per089842_1906_01768,1,0,0,,,triagem/nome-caixa-conversao 1.0.0,2,ok
089842,per089842_1906_01768,2,0,0,,,triagem/nome-caixa-conversao 1.0.0,2,ok
089842,per089842_1906_01768,3,0,0,,,triagem/nome-caixa-conversao 1.0.0,2,ok
089842,per089842_1906_01768,4,0,0,,,triagem/nome-caixa-conversao 1.0.0,2,ok
089842,per089842_1906_01768,5,0,0,,,triagem/nome-caixa-conversao 1.0.0,2,ok
089842,per089842_1906_01768,6,0,0,,,triagem/nome-caixa-conversao 1.0.0,2,ok
089842,per089842_1906_01768,7,0,0,,,triagem/nome-caixa-conversao 1.0.0,2,ok
089842,per089842_1906_01768,8,0,0,,,triagem/nome-caixa-conversao 1.0.0,2,ok
089842,per089842_1906_01769,1,0,0,,,triagem/nome-caixa-conversao 1.0.0,2,ok
089842,per089842_1906_01769,2,0,0,,,triagem/nome-caixa-conversao 1.0.0,2,ok
089842,per089842_1906_01769,3,0,0,,,triagem/nome-caixa-conversao 1.0.0,2,ok
089842,per089842_1906_01769,4,0,0,,,triagem/nome-caixa-conversao 1.0.0,2,ok
089842,per089842_1906_01769,5,0,0,,,triagem/nome-caixa-conversao 1.0.0,2,ok
089842,per089842_1906_01769,6,0,0,,,triagem/nome-caixa-conversao 1.0.0,2,ok
089842,per089842_1906_01770,1,1,3,caixa de conver,3281,triagem/nome-caixa-conversao 1.0.0,2,ok
089842,per089842_1906_01770,2,0,0,,,triagem/nome-caixa-conversao 1.0.0,2,ok
089842,per089842_1906_01770,3,0,0,,,triagem/nome-caixa-conversao 1.0.0,2,ok
089842,per089842_1906_01770,4,0,0,,,triagem/nome-caixa-conversao 1.0.0,2,ok
089842,per089842_1906_01770,5,0,0,,,triagem/nome-caixa-conversao 1.0.0,2,ok
089842,per089842_1906_01770,6,0,0,,,triagem/nome-caixa-conversao 1.0.0,2,ok
089842,per089842_1906_01771,1,1,1,caixa dc conver,9551,triagem/nome-caixa-conversao 1.0.0,2,ok
089842,per089842_1906_01771,2,0,0,,,triagem/nome-caixa-conversao 1.0.0,2,ok
089842,per089842_1906_01771,3,0,0,,,triagem/nome-caixa-conversao 1.0.0,2,ok
089842,per089842_1906_01771,4,0,0,,,triagem/nome-caixa-conversao 1.0.0,2,ok
089842,per089842_1906_01771,5,0,0,,,triagem/nome-caixa-conversao 1.0.0,2,ok
089842,per089842_1906_01771,6,0,0,,,triagem/nome-caixa-conversao 1.0.0,2,ok
089842,per089842_1906_01771,7,0,0,,,triagem/nome-caixa-conversao 1.0.0,2,ok
089842,per089842_1906_01771,8,0,0,,,triagem/nome-caixa-conversao 1.0.0,2,ok
089842,per089842_1906_01772,1,0,0,,,triagem/nome-caixa-conversao 1.0.0,2,ok
089842,per089842_1906_01772,2,0,0,,,triagem/nome-caixa-conversao 1.0.0,2,ok
089842,per089842_1906_01772,3,0,0,,,triagem/nome-caixa-conversao 1.0.0,2,ok
089842,per089842_1906_01772,4,0,0,,,triagem/nome-caixa-conversao 1.0.0,2,ok
089842,per089842_1906_01772,5,0,0,,,triagem/nome-caixa-conversao 1.0.0,2,ok
089842,per089842_1906_01772,6,0,0,,,triagem/nome-caixa-conversao 1.0.0,2,ok
089842,per089842_1906_01773,1,0,0,,,triagem/nome-caixa-conversao 1.0.0,2,ok
089842,per089842_1906_01773,2,0,0,,,triagem/nome-caixa-conversao 1.0.0,2,ok
089842,per089842_1906_01773,3,0,0,,,triagem/nome-caixa-conversao 1.0.0,2,ok
089842,per089842_1906_01773,4,0,0,,,triagem/nome-caixa-conversao 1.0.0,2,ok
089842,per089842_1906_01773,5,0,0,,,triagem/nome-caixa-conversao 1.0.0,2,ok
089842,per089842_1906_01773,6,0,0,,,triagem/nome-caixa-conversao 1.0.0,2,ok
089842,per089842_1906_01773,7,0,0,,,triagem/nome-caixa-conversao 1.0.0,2,ok
089842,per089842_1906_01773,8,0,0,,,triagem/nome-caixa-conversao 1.0.0,2,ok
089842,per089842_1906_01773,9,0,0,,,triagem/nome-caixa-conversao 1.0.0,2,ok
089842,per089842_1906_01773,10,0,0,,,triagem/nome-caixa-conversao 1.0.0,2,ok
089842,per089842_1906_01773,11,0,0,,,triagem/nome-caixa-conversao 1.0.0,2,ok
089842,per089842_1906_01773,12,0,0,,,triagem/nome-caixa-conversao 1.0.0,2,ok
089842,per089842_1906_01774,1,1,7,caixa dc conver,1362,triagem/nome-caixa-conversao 1.0.0,2,ok
089842,per089842_1906_01774,2,0,0,,,triagem/nome-caixa-conversao 1.0.0,2,ok
089842,per089842_1906_01774,3,0,0,,,triagem/nome-caixa-conversao 1.0.0,2,ok
089842,per089842_1906_01774,4,0,0,,,triagem/nome-caixa-conversao 1.0.0,2,ok
089842,per089842_1906_01774,5,0,0,,,triagem/nome-caixa-conversao 1.0.0,2,ok
089842,per089842_1906_01774,6,0,0,,,triagem/nome-caixa-conversao 1.0.0,2,ok
089842,per089842_1906_01775,1,0,0,,,triagem/nome-caixa-conversao 1.0.0,2,ok
089842,per089842_1906_01775,2,1,1,caixa dc conver,4779,triagem/nome-caixa-conversao 1.0.0,2,ok
089842,per089842_1906_01775,3,0,0,,,triagem/nome-caixa-conversao 1.0.0,2,ok
089842,per089842_1906_01775,4,0,0,,,triagem/nome-caixa-conversao 1.0.0,2,ok
089842,per089842_1906_01775,5,0,0,,,triagem/nome-caixa-conversao 1.0.0,2,ok
089842,per089842_1906_01775,6,0,0,,,triagem/nome-caixa-conversao 1.0.0,2,ok
089842,per089842_1906_01775,7,0,0,,,triagem/nome-caixa-conversao 1.0.0,2,ok
089842,per089842_1906_01775,8,0,0,,,triagem/nome-caixa-conversao 1.0.0,2,ok
089842,per089842_1906_01776,1,1,6,caixa de conver,3008,triagem/nome-caixa-conversao 1.0.0,2,ok
089842,per089842_1906_01776,2,0,0,,,triagem/nome-caixa-conversao 1.0.0,2,ok
089842,per089842_1906_01776,3,0,0,,,triagem/nome-caixa-conversao 1.0.0,2,ok
089842,per089842_1906_01776,4,0,0,,,triagem/nome-caixa-conversao 1.0.0,2,ok
089842,per089842_1906_01776,5,0,0,,,triagem/nome-caixa-conversao 1.0.0,2,ok
089842,per089842_1906_01776,6,0,0,,,triagem/nome-caixa-conversao 1.0.0,2,ok
089842,per089842_1906_01776,7,0,0,,,triagem/nome-caixa-conversao 1.0.0,2,ok
089842,per089842_1906_01776,8,0,0,,,triagem/nome-caixa-conversao 1.0.0,2,ok
089842,per089842_1906_01777,1,1,5,caixa de conver,2824,triagem/nome-caixa-conversao 1.0.0,2,ok
089842,per089842_1906_01777,2,0,0,,,triagem/nome-caixa-conversao 1.0.0,2,ok
089842,per089842_1906_01777,3,0,0,,,triagem/nome-caixa-conversao 1.0.0,2,ok
089842,per089842_1906_01777,4,0,0,,,triagem/nome-caixa-conversao 1.0.0,2,ok
089842,per089842_1906_01777,5,0,0,,,triagem/nome-caixa-conversao 1.0.0,2,ok
089842,per089842_1906_01777,6,0,0,,,triagem/nome-caixa-conversao 1.0.0,2,ok
089842,per089842_1906_01778,1,0,0,,,triagem/nome-caixa-conversao 1.0.0,2,ok
089842,per089842_1906_01778,2,0,0,,,triagem/nome-caixa-conversao 1.0.0,2,ok
089842,per089842_1906_01778,3,0,0,,,triagem/nome-caixa-conversao 1.0.0,2,ok
089842,per089842_1906_01778,4,0,0,,,triagem/nome-caixa-conversao 1.0.0,2,ok
089842,per089842_1906_01778,5,0,0,,,triagem/nome-caixa-conversao 1.0.0,2,ok
089842,per089842_1906_01778,6,0,0,,,triagem/nome-caixa-conversao 1.0.0,2,ok
089842,per089842_1906_01779,1,1,1,caixa dc conver,2268,triagem/nome-caixa-conversao 1.0.0,2,ok
089842,per089842_1906_01779,2,0,0,,,triagem/nome-caixa-conversao 1.0.0,2,ok
089842,per089842_1906_01779,3,0,0,,,triagem/nome-caixa-conversao 1.0.0,2,ok
089842,per089842_1906_01779,4,0,0,,,triagem/nome-caixa-conversao 1.0.0,2,ok
089842,per089842_1906_01779,5,0,0,,,triagem/nome-caixa-conversao 1.0.0,2,ok
089842,per089842_1906_01779,6,0,0,,,triagem/nome-caixa-conversao 1.0.0,2,ok
089842,per089842_1906_01780,1,0,0,,,triagem/nome-caixa-conversao 1.0.0,2,ok
089842,per089842_1906_01780,2,0,0,,,triagem/nome-caixa-conversao 1.0.0,2,ok
089842,per089842_1906_01780,3,0,0,,,triagem/nome-caixa-conversao 1.0.0,2,ok
089842,per089842_1906_01780,4,0,0,,,triagem/nome-caixa-conversao 1.0.0,2,ok
089842,per089842_1906_01780,5,0,0,,,triagem/nome-caixa-conversao 1.0.0,2,ok
089842,per089842_1906_01780,6,0,0,,,triagem/nome-caixa-conversao 1.0.0,2,ok
089842,per089842_1906_01780,7,0,0,,,triagem/nome-caixa-conversao 1.0.0,2,ok
089842,per089842_1906_01780,8,0,0,,,triagem/nome-caixa-conversao 1.0.0,2,ok
089842,per089842_1906_01780,9,0,0,,,triagem/nome-caixa-conversao 1.0.0,2,ok
089842,per089842_1906_01780,10,0,0,,,triagem/nome-caixa-conversao 1.0.0,2,ok
089842,per089842_1906_01780,11,0,0,,,triagem/nome-caixa-conversao 1.0.0,2,ok
089842,per089842_1906_01780,12,0,0,,,triagem/nome-caixa-conversao 1.0.0,2,ok
089842,per089842_1906_01781,1,1,1,caixa de conver,25293,triagem/nome-caixa-conversao 1.0.0,2,ok
089842,per089842_1906_01781,2,0,0,,,triagem/nome-caixa-conversao 1.0.0,2,ok
089842,per089842_1906_01781,3,0,0,,,triagem/nome-caixa-conversao 1.0.0,2,ok
089842,per089842_1906_01781,4,0,0,,,triagem/nome-caixa-conversao 1.0.0,2,ok
089842,per089842_1906_01781,5,0,0,,,triagem/nome-caixa-conversao 1.0.0,2,ok
089842,per089842_1906_01781,6,0,0,,,triagem/nome-caixa-conversao 1.0.0,2,ok
089842,per089842_1906_01782,1,1,1,caixa de conver,2795,triagem/nome-caixa-conversao 1.0.0,2,ok
089842,per089842_1906_01782,2,0,0,,,triagem/nome-caixa-conversao 1.0.0,2,ok
089842,per089842_1906_01782,3,0,0,,,triagem/nome-caixa-conversao 1.0.0,2,ok
089842,per089842_1906_01782,4,0,0,,,triagem/nome-caixa-conversao 1.0.0,2,ok
089842,per089842_1906_01782,5,0,0,,,triagem/nome-caixa-conversao 1.0.0,2,ok
089842,per089842_1906_01782,6,0,0,,,triagem/nome-caixa-conversao 1.0.0,2,ok
089842,per089842_1906_01782,7,0,0,,,triagem/nome-caixa-conversao 1.0.0,2,ok
089842,per089842_1906_01782,8,0,0,,,triagem/nome-caixa-conversao 1.0.0,2,ok
089842,per089842_1906_01783,1,0,0,,,triagem/nome-caixa-conversao 1.0.0,2,ok
089842,per089842_1906_01783,2,0,0,,,triagem/nome-caixa-conversao 1.0.0,2,ok
089842,per089842_1906_01783,3,0,0,,,triagem/nome-caixa-conversao 1.0.0,2,ok
089842,per089842_1906_01783,4,1,1,caixa dc conver,14605,triagem/nome-caixa-conversao 1.0.0,2,ok
089842,per089842_1906_01783,5,0,0,,,triagem/nome-caixa-conversao 1.0.0,2,ok
089842,per089842_1906_01783,6,0,0,,,triagem/nome-caixa-conversao 1.0.0,2,ok
089842,per089842_1906_01784,1,0,0,,,triagem/nome-caixa-conversao 1.0.0,2,ok
089842,per089842_1906_01784,2,0,0,,,triagem/nome-caixa-conversao 1.0.0,2,ok
089842,per089842_1906_01784,3,0,0,,,triagem/nome-caixa-conversao 1.0.0,2,ok
089842,per089842_1906_01784,4,0,0,,,triagem/nome-caixa-conversao 1.0.0,2,ok
089842,per089842_1906_01784,5,0,0,,,triagem/nome-caixa-conversao 1.0.0,2,ok
089842,per089842_1906_01784,6,0,0,,,triagem/nome-caixa-conversao 1.0.0,2,ok
089842,per089842_1906_01784,7,0,0,,,triagem/nome-caixa-conversao 1.0.0,2,ok
089842,per089842_1906_01784,8,0,0,,,triagem/nome-caixa-conversao 1.0.0,2,ok
089842,per089842_1906_01785,1,0,0,,,triagem/nome-caixa-conversao 1.0.0,2,ok
089842,per089842_1906_01785,2,0,0,,,triagem/nome-caixa-conversao 1.0.0,2,ok
089842,per089842_1906_01785,3,0,0,,,triagem/nome-caixa-conversao 1.0.0,2,ok
089842,per089842_1906_01785,4,0,0,,,triagem/nome-caixa-conversao 1.0.0,2,ok
089842,per089842_1906_01785,5,0,0,,,triagem/nome-caixa-conversao 1.0.0,2,ok
089842,per089842_1906_01785,6,0,0,,,triagem/nome-caixa-conversao 1.0.0,2,ok
089842,per089842_1906_01786,1,1,2,caixa deconver,6066,triagem/nome-caixa-conversao 1.0.0,2,ok
089842,per089842_1906_01786,2,0,0,,,triagem/nome-caixa-conversao 1.0.0,2,ok
089842,per089842_1906_01786,3,0,0,,,triagem/nome-caixa-conversao 1.0.0,2,ok
089842,per089842_1906_01786,4,0,0,,,triagem/nome-caixa-conversao 1.0.0,2,ok
089842,per089842_1906_01786,5,0,0,,,triagem/nome-caixa-conversao 1.0.0,2,ok
089842,per089842_1906_01786,6,0,0,,,triagem/nome-caixa-conversao 1.0.0,2,ok
089842,per089842_1906_01787,1,0,0,,,triagem/nome-caixa-conversao 1.0.0,2,ok
089842,per089842_1906_01787,2,0,0,,,triagem/nome-caixa-conversao 1.0.0,2,ok
089842,per089842_1906_01787,3,0,0,,,triagem/nome-caixa-conversao 1.0.0,2,ok
089842,per089842_1906_01787,4,0,0,,,triagem/nome-caixa-conversao 1.0.0,2,ok
089842,per089842_1906_01787,5,0,0,,,triagem/nome-caixa-conversao 1.0.0,2,ok
089842,per089842_1906_01787,6,0,0,,,triagem/nome-caixa-conversao 1.0.0,2,ok
089842,per089842_1906_01787,7,0,0,,,triagem/nome-caixa-conversao 1.0.0,2,ok
089842,per089842_1906_01787,8,0,0,,,triagem/nome-caixa-conversao 1.0.0,2,ok
089842,per089842_1906_01787,9,0,0,,,triagem/nome-caixa-conversao 1.0.0,2,ok
089842,per089842_1906_01787,10,0,0,,,triagem/nome-caixa-conversao 1.0.0,2,ok
089842,per089842_1906_01787,11,0,0,,,triagem/nome-caixa-conversao 1.0.0,2,ok
089842,per089842_1906_01787,12,0,0,,,triagem/nome-caixa-conversao 1.0.0,2,ok
089842,per089842_1906_01788,1,0,0,,,triagem/nome-caixa-conversao 1.0.0,2,ok
089842,per089842_1906_01788,2,0,0,,,triagem/nome-caixa-conversao 1.0.0,2,ok
089842,per089842_1906_01788,3,0,0,,,triagem/nome-caixa-conversao 1.0.0,2,ok
089842,per089842_1906_01788,4,0,0,,,triagem/nome-caixa-conversao 1.0.0,2,ok
089842,per089842_1906_01788,5,0,0,,,triagem/nome-caixa-conversao 1.0.0,2,ok
089842,per089842_1906_01788,6,0,0,,,triagem/nome-caixa-conversao 1.0.0,2,ok
089842,per089842_1906_01789,1,0,0,,,triagem/nome-caixa-conversao 1.0.0,2,ok
089842,per089842_1906_01789,2,0,0,,,triagem/nome-caixa-conversao 1.0.0,2,ok
089842,per089842_1906_01789,3,0,0,,,triagem/nome-caixa-conversao 1.0.0,2,ok
089842,per089842_1906_01789,4,0,0,,,triagem/nome-caixa-conversao 1.0.0,2,ok
089842,per089842_1906_01789,5,0,0,,,triagem/nome-caixa-conversao 1.0.0,2,ok
089842,per089842_1906_01789,6,0,0,,,triagem/nome-caixa-conversao 1.0.0,2,ok
089842,per089842_1906_01789,7,0,0,,,triagem/nome-caixa-conversao 1.0.0,2,ok
089842,per089842_1906_01789,8,0,0,,,triagem/nome-caixa-conversao 1.0.0,2,ok
089842,per089842_1906_01790,1,0,0,,,triagem/nome-caixa-conversao 1.0.0,2,ok
089842,per089842_1906_01790,2,0,0,,,triagem/nome-caixa-conversao 1.0.0,2,ok
089842,per089842_1906_01790,3,0,0,,,triagem/nome-caixa-conversao 1.0.0,2,ok
089842,per089842_1906_01790,4,0,0,,,triagem/nome-caixa-conversao 1.0.0,2,ok
089842,per089842_1906_01790,5,0,0,,,triagem/nome-caixa-conversao 1.0.0,2,ok
089842,per089842_1906_01790,6,0,0,,,triagem/nome-caixa-conversao 1.0.0,2,ok
089842,per089842_1906_01791,1,0,0,,,triagem/nome-caixa-conversao 1.0.0,2,ok
089842,per089842_1906_01791,2,0,0,,,triagem/nome-caixa-conversao 1.0.0,2,ok
089842,per089842_1906_01791,3,0,0,,,triagem/nome-caixa-conversao 1.0.0,2,ok
089842,per089842_1906_01791,4,0,0,,,triagem/nome-caixa-conversao 1.0.0,2,ok
089842,per089842_1906_01791,5,0,0,,,triagem/nome-caixa-conversao 1.0.0,2,ok
089842,per089842_1906_01791,6,0,0,,,triagem/nome-caixa-conversao 1.0.0,2,ok
089842,per089842_1906_01792,1,0,0,,,triagem/nome-caixa-conversao 1.0.0,2,ok
089842,per089842_1906_01792,2,0,0,,,triagem/nome-caixa-conversao 1.0.0,2,ok
089842,per089842_1906_01792,3,0,0,,,triagem/nome-caixa-conversao 1.0.0,2,ok
089842,per089842_1906_01792,4,0,0,,,triagem/nome-caixa-conversao 1.0.0,2,ok
089842,per089842_1906_01792,5,0,0,,,triagem/nome-caixa-conversao 1.0.0,2,ok
089842,per089842_1906_01792,6,0,0,,,triagem/nome-caixa-conversao 1.0.0,2,ok
089842,per089842_1906_01793,1,0,0,,,triagem/nome-caixa-conversao 1.0.0,2,ok
089842,per089842_1906_01793,2,0,0,,,triagem/nome-caixa-conversao 1.0.0,2,ok
089842,per089842_1906_01793,3,0,0,,,triagem/nome-caixa-conversao 1.0.0,2,ok
089842,per089842_1906_01793,4,0,0,,,triagem/nome-caixa-conversao 1.0.0,2,ok
089842,per089842_1906_01793,5,0,0,,,triagem/nome-caixa-conversao 1.0.0,2,ok
089842,per089842_1906_01793,6,0,0,,,triagem/nome-caixa-conversao 1.0.0,2,ok
089842,per089842_1906_01794,1,0,0,,,triagem/nome-caixa-conversao 1.0.0,2,ok
089842,per089842_1906_01794,2,0,0,,,triagem/nome-caixa-conversao 1.0.0,2,ok
089842,per089842_1906_01794,3,0,0,,,triagem/nome-caixa-conversao 1.0.0,2,ok
089842,per089842_1906_01794,4,0,0,,,triagem/nome-caixa-conversao 1.0.0,2,ok
089842,per089842_1906_01794,5,0,0,,,triagem/nome-caixa-conversao 1.0.0,2,ok
089842,per089842_1906_01794,6,0,0,,,triagem/nome-caixa-conversao 1.0.0,2,ok
089842,per089842_1906_01794,7,0,0,,,triagem/nome-caixa-conversao 1.0.0,2,ok
089842,per089842_1906_01794,8,0,0,,,triagem/nome-caixa-conversao 1.0.0,2,ok
089842,per089842_1906_01794,9,0,0,,,triagem/nome-caixa-conversao 1.0.0,2,ok
089842,per089842_1906_01794,10,0,0,,,triagem/nome-caixa-conversao 1.0.0,2,ok
089842,per089842_1906_01794,11,0,0,,,triagem/nome-caixa-conversao 1.0.0,2,ok
089842,per089842_1906_01794,12,0,0,,,triagem/nome-caixa-conversao 1.0.0,2,ok
089842,per089842_1906_01795,1,0,0,,,triagem/nome-caixa-conversao 1.0.0,2,ok
089842,per089842_1906_01795,2,0,0,,,triagem/nome-caixa-conversao 1.0.0,2,ok
089842,per089842_1906_01795,3,0,0,,,triagem/nome-caixa-conversao 1.0.0,2,ok
089842,per089842_1906_01795,4,0,0,,,triagem/nome-caixa-conversao 1.0.0,2,ok
089842,per089842_1906_01795,5,0,0,,,triagem/nome-caixa-conversao 1.0.0,2,ok
089842,per089842_1906_01795,6,0,0,,,triagem/nome-caixa-conversao 1.0.0,2,ok
089842,per089842_1906_01796,1,0,0,,,triagem/nome-caixa-conversao 1.0.0,2,ok
089842,per089842_1906_01796,2,0,0,,,triagem/nome-caixa-conversao 1.0.0,2,ok
089842,per089842_1906_01796,3,0,0,,,triagem/nome-caixa-conversao 1.0.0,2,ok
089842,per089842_1906_01796,4,0,0,,,triagem/nome-caixa-conversao 1.0.0,2,ok
089842,per089842_1906_01796,5,0,0,,,triagem/nome-caixa-conversao 1.0.0,2,ok
089842,per089842_1906_01796,6,1,1,caixa do conver,22178,triagem/nome-caixa-conversao 1.0.0,2,ok
089842,per089842_1906_01796,7,0,0,,,triagem/nome-caixa-conversao 1.0.0,2,ok
089842,per089842_1906_01796,8,0,0,,,triagem/nome-caixa-conversao 1.0.0,2,ok
089842,per089842_1906_01797,1,0,0,,,triagem/nome-caixa-conversao 1.0.0,2,ok
089842,per089842_1906_01797,2,0,0,,,triagem/nome-caixa-conversao 1.0.0,2,ok
089842,per089842_1906_01797,3,0,0,,,triagem/nome-caixa-conversao 1.0.0,2,ok
089842,per089842_1906_01797,4,0,0,,,triagem/nome-caixa-conversao 1.0.0,2,ok
089842,per089842_1906_01798,1,0,0,,,triagem/nome-caixa-conversao 1.0.0,2,ok
089842,per089842_1906_01798,2,0,0,,,triagem/nome-caixa-conversao 1.0.0,2,ok
089842,per089842_1906_01798,3,0,0,,,triagem/nome-caixa-conversao 1.0.0,2,ok
089842,per089842_1906_01798,4,0,0,,,triagem/nome-caixa-conversao 1.0.0,2,ok
089842,per089842_1906_01798,5,0,0,,,triagem/nome-caixa-conversao 1.0.0,2,ok
089842,per089842_1906_01798,6,0,0,,,triagem/nome-caixa-conversao 1.0.0,2,ok
089842,per089842_1906_01798,7,0,0,,,triagem/nome-caixa-conversao 1.0.0,2,ok
089842,per089842_1906_01798,8,0,0,,,triagem/nome-caixa-conversao 1.0.0,2,ok
089842,per089842_1906_01799,1,0,0,,,triagem/nome-caixa-conversao 1.0.0,2,ok
089842,per089842_1906_01799,2,0,0,,,triagem/nome-caixa-conversao 1.0.0,2,ok
089842,per089842_1906_01799,3,0,0,,,triagem/nome-caixa-conversao 1.0.0,2,ok
089842,per089842_1906_01799,4,0,0,,,triagem/nome-caixa-conversao 1.0.0,2,ok
089842,per089842_1906_01799,5,0,0,,,triagem/nome-caixa-conversao 1.0.0,2,ok
089842,per089842_1906_01799,6,0,0,,,triagem/nome-caixa-conversao 1.0.0,2,ok
089842,per089842_1906_01799,7,0,0,,,triagem/nome-caixa-conversao 1.0.0,2,ok
089842,per089842_1906_01799,8,0,0,,,triagem/nome-caixa-conversao 1.0.0,2,ok
089842,per089842_1906_01799,9,0,0,,,triagem/nome-caixa-conversao 1.0.0,2,ok
089842,per089842_1906_01799,10,0,0,,,triagem/nome-caixa-conversao 1.0.0,2,ok
089842,per089842_1906_01799,11,0,0,,,triagem/nome-caixa-conversao 1.0.0,2,ok
089842,per089842_1906_01799,12,0,0,,,triagem/nome-caixa-conversao 1.0.0,2,ok
089842,per089842_1906_01799,13,0,0,,,triagem/nome-caixa-conversao 1.0.0,2,ok
089842,per089842_1906_01799,14,0,0,,,triagem/nome-caixa-conversao 1.0.0,2,ok
089842,per089842_1906_01799,15,0,0,,,triagem/nome-caixa-conversao 1.0.0,2,ok
089842,per089842_1906_01799,16,0,0,,,triagem/nome-caixa-conversao 1.0.0,2,ok
089842,per089842_1906_01799,17,0,0,,,triagem/nome-caixa-conversao 1.0.0,2,ok
089842,per089842_1906_01799,18,0,0,,,triagem/nome-caixa-conversao 1.0.0,2,ok
089842,per089842_1906_01799,19,0,0,,,triagem/nome-caixa-conversao 1.0.0,2,ok
089842,per089842_1906_01799,20,0,0,,,triagem/nome-caixa-conversao 1.0.0,2,ok
089842,per089842_1906_01799,21,0,0,,,triagem/nome-caixa-conversao 1.0.0,2,ok
089842,per089842_1906_01799,22,0,0,,,triagem/nome-caixa-conversao 1.0.0,2,ok
089842,per089842_1906_01799,23,0,0,,,triagem/nome-caixa-conversao 1.0.0,2,ok
089842,per089842_1906_01799,24,0,0,,,triagem/nome-caixa-conversao 1.0.0,2,ok
089842,per089842_1906_01800,1,0,0,,,triagem/nome-caixa-conversao 1.0.0,2,ok
089842,per089842_1906_01800,2,0,0,,,triagem/nome-caixa-conversao 1.0.0,2,ok
089842,per089842_1906_01800,3,0,0,,,triagem/nome-caixa-conversao 1.0.0,2,ok
089842,per089842_1906_01800,4,0,0,,,triagem/nome-caixa-conversao 1.0.0,2,ok
089842,per089842_1906_01800,5,0,0,,,triagem/nome-caixa-conversao 1.0.0,2,ok
089842,per089842_1906_01800,6,0,0,,,triagem/nome-caixa-conversao 1.0.0,2,ok
089842,per089842_1906_01801,1,0,0,,,triagem/nome-caixa-conversao 1.0.0,2,ok
089842,per089842_1906_01801,2,0,0,,,triagem/nome-caixa-conversao 1.0.0,2,ok
089842,per089842_1906_01801,3,0,0,,,triagem/nome-caixa-conversao 1.0.0,2,ok
089842,per089842_1906_01801,4,1,1,caixa do conver,34233,triagem/nome-caixa-conversao 1.0.0,2,ok
089842,per089842_1906_01801,5,0,0,,,triagem/nome-caixa-conversao 1.0.0,2,ok
089842,per089842_1906_01801,6,0,0,,,triagem/nome-caixa-conversao 1.0.0,2,ok
089842,per089842_1906_01801,7,0,0,,,triagem/nome-caixa-conversao 1.0.0,2,ok
089842,per089842_1906_01801,8,0,0,,,triagem/nome-caixa-conversao 1.0.0,2,ok
089842,per089842_1906_01801,9,0,0,,,triagem/nome-caixa-conversao 1.0.0,2,ok
089842,per089842_1906_01801,10,0,0,,,triagem/nome-caixa-conversao 1.0.0,2,ok
089842,per089842_1906_01801,11,0,0,,,triagem/nome-caixa-conversao 1.0.0,2,ok
089842,per089842_1906_01801,12,0,0,,,triagem/nome-caixa-conversao 1.0.0,2,ok
089842,per089842_1906_01802,1,0,0,,,triagem/nome-caixa-conversao 1.0.0,2,ok
089842,per089842_1906_01802,2,0,0,,,triagem/nome-caixa-conversao 1.0.0,2,ok
089842,per089842_1906_01802,3,0,0,,,triagem/nome-caixa-conversao 1.0.0,2,ok
089842,per089842_1906_01802,4,0,0,,,triagem/nome-caixa-conversao 1.0.0,2,ok
089842,per089842_1906_01802,5,0,0,,,triagem/nome-caixa-conversao 1.0.0,2,ok
089842,per089842_1906_01802,6,0,0,,,triagem/nome-caixa-conversao 1.0.0,2,ok
089842,per089842_1906_01803,1,0,0,,,triagem/nome-caixa-conversao 1.0.0,2,ok
089842,per089842_1906_01803,2,0,0,,,triagem/nome-caixa-conversao 1.0.0,2,ok
089842,per089842_1906_01803,3,0,0,,,triagem/nome-caixa-conversao 1.0.0,2,ok
089842,per089842_1906_01803,4,0,0,,,triagem/nome-caixa-conversao 1.0.0,2,ok
089842,per089842_1906_01803,5,0,0,,,triagem/nome-caixa-conversao 1.0.0,2,ok
089842,per089842_1906_01803,6,0,0,,,triagem/nome-caixa-conversao 1.0.0,2,ok
089842,per089842_1906_01804,1,0,0,,,triagem/nome-caixa-conversao 1.0.0,2,ok
089842,per089842_1906_01804,2,0,0,,,triagem/nome-caixa-conversao 1.0.0,2,ok
089842,per089842_1906_01804,3,0,0,,,triagem/nome-caixa-conversao 1.0.0,2,ok
089842,per089842_1906_01804,4,0,0,,,triagem/nome-caixa-conversao 1.0.0,2,ok
089842,per089842_1906_01804,5,0,0,,,triagem/nome-caixa-conversao 1.0.0,2,ok
089842,per089842_1906_01804,6,0,0,,,triagem/nome-caixa-conversao 1.0.0,2,ok
089842,per089842_1906_01804,7,0,0,,,triagem/nome-caixa-conversao 1.0.0,2,ok
089842,per089842_1906_01804,8,0,0,,,triagem/nome-caixa-conversao 1.0.0,2,ok
089842,per089842_1906_01805,1,1,1,caixa doconver,19540,triagem/nome-caixa-conversao 1.0.0,2,ok
089842,per089842_1906_01805,2,0,0,,,triagem/nome-caixa-conversao 1.0.0,2,ok
089842,per089842_1906_01805,3,0,0,,,triagem/nome-caixa-conversao 1.0.0,2,ok
089842,per089842_1906_01805,4,0,0,,,triagem/nome-caixa-conversao 1.0.0,2,ok
089842,per089842_1906_01805,5,0,0,,,triagem/nome-caixa-conversao 1.0.0,2,ok
089842,per089842_1906_01805,6,0,0,,,triagem/nome-caixa-conversao 1.0.0,2,ok
089842,per089842_1906_01805,7,0,0,,,triagem/nome-caixa-conversao 1.0.0,2,ok
089842,per089842_1906_01805,8,0,0,,,triagem/nome-caixa-conversao 1.0.0,2,ok
089842,per089842_1906_01806,1,1,1,caixa de conver,35378,triagem/nome-caixa-conversao 1.0.0,2,ok
089842,per089842_1906_01806,2,0,0,,,triagem/nome-caixa-conversao 1.0.0,2,ok
089842,per089842_1906_01806,3,0,0,,,triagem/nome-caixa-conversao 1.0.0,2,ok
089842,per089842_1906_01806,4,0,0,,,triagem/nome-caixa-conversao 1.0.0,2,ok
089842,per089842_1906_01806,5,0,0,,,triagem/nome-caixa-conversao 1.0.0,2,ok
089842,per089842_1906_01806,6,0,0,,,triagem/nome-caixa-conversao 1.0.0,2,ok
089842,per089842_1906_01807,1,0,0,,,triagem/nome-caixa-conversao 1.0.0,2,ok
089842,per089842_1906_01807,2,0,0,,,triagem/nome-caixa-conversao 1.0.0,2,ok
089842,per089842_1906_01807,3,0,0,,,triagem/nome-caixa-conversao 1.0.0,2,ok
089842,per089842_1906_01807,4,0,0,,,triagem/nome-caixa-conversao 1.0.0,2,ok
089842,per089842_1906_01807,5,0,0,,,triagem/nome-caixa-conversao 1.0.0,2,ok
089842,per089842_1906_01807,6,0,0,,,triagem/nome-caixa-conversao 1.0.0,2,ok
089842,per089842_1906_01808,1,0,0,,,triagem/nome-caixa-conversao 1.0.0,2,ok
089842,per089842_1906_01808,2,0,0,,,triagem/nome-caixa-conversao 1.0.0,2,ok
089842,per089842_1906_01808,3,0,0,,,triagem/nome-caixa-conversao 1.0.0,2,ok
089842,per089842_1906_01808,4,0,0,,,triagem/nome-caixa-conversao 1.0.0,2,ok
089842,per089842_1906_01808,5,0,0,,,triagem/nome-caixa-conversao 1.0.0,2,ok
089842,per089842_1906_01808,6,0,0,,,triagem/nome-caixa-conversao 1.0.0,2,ok
089842,per089842_1906_01808,7,0,0,,,triagem/nome-caixa-conversao 1.0.0,2,ok
089842,per089842_1906_01808,8,0,0,,,triagem/nome-caixa-conversao 1.0.0,2,ok
089842,per089842_1906_01809,1,0,0,,,triagem/nome-caixa-conversao 1.0.0,2,ok
089842,per089842_1906_01809,2,0,0,,,triagem/nome-caixa-conversao 1.0.0,2,ok
089842,per089842_1906_01809,3,0,0,,,triagem/nome-caixa-conversao 1.0.0,2,ok
089842,per089842_1906_01809,4,0,0,,,triagem/nome-caixa-conversao 1.0.0,2,ok
089842,per089842_1906_01809,5,0,0,,,triagem/nome-caixa-conversao 1.0.0,2,ok
089842,per089842_1906_01809,6,0,0,,,triagem/nome-caixa-conversao 1.0.0,2,ok
089842,per089842_1906_01810,1,0,0,,,triagem/nome-caixa-conversao 1.0.0,2,ok
089842,per089842_1906_01810,2,0,0,,,triagem/nome-caixa-conversao 1.0.0,2,ok
089842,per089842_1906_01810,3,0,0,,,triagem/nome-caixa-conversao 1.0.0,2,ok
089842,per089842_1906_01810,4,0,0,,,triagem/nome-caixa-conversao 1.0.0,2,ok
089842,per089842_1906_01810,5,0,0,,,triagem/nome-caixa-conversao 1.0.0,2,ok
089842,per089842_1906_01810,6,0,0,,,triagem/nome-caixa-conversao 1.0.0,2,ok
089842,per089842_1906_01811,1,0,0,,,triagem/nome-caixa-conversao 1.0.0,2,ok
089842,per089842_1906_01811,2,0,0,,,triagem/nome-caixa-conversao 1.0.0,2,ok
089842,per089842_1906_01811,3,0,0,,,triagem/nome-caixa-conversao 1.0.0,2,ok
089842,per089842_1906_01811,4,0,0,,,triagem/nome-caixa-conversao 1.0.0,2,ok
089842,per089842_1906_01811,5,0,0,,,triagem/nome-caixa-conversao 1.0.0,2,ok
089842,per089842_1906_01811,6,0,0,,,triagem/nome-caixa-conversao 1.0.0,2,ok
089842,per089842_1906_01811,7,0,0,,,triagem/nome-caixa-conversao 1.0.0,2,ok
089842,per089842_1906_01811,8,0,0,,,triagem/nome-caixa-conversao 1.0.0,2,ok
089842,per089842_1906_01812,1,0,0,,,triagem/nome-caixa-conversao 1.0.0,2,ok
089842,per089842_1906_01812,2,0,0,,,triagem/nome-caixa-conversao 1.0.0,2,ok
089842,per089842_1906_01812,3,0,0,,,triagem/nome-caixa-conversao 1.0.0,2,ok
089842,per089842_1906_01812,4,0,0,,,triagem/nome-caixa-conversao 1.0.0,2,ok
089842,per089842_1906_01812,5,0,0,,,triagem/nome-caixa-conversao 1.0.0,2,ok
089842,per089842_1906_01812,6,0,0,,,triagem/nome-caixa-conversao 1.0.0,2,ok
089842,per089842_1906_01813,1,0,0,,,triagem/nome-caixa-conversao 1.0.0,2,ok
089842,per089842_1906_01813,2,0,0,,,triagem/nome-caixa-conversao 1.0.0,2,ok
089842,per089842_1906_01813,3,0,0,,,triagem/nome-caixa-conversao 1.0.0,2,ok
089842,per089842_1906_01813,4,0,0,,,triagem/nome-caixa-conversao 1.0.0,2,ok
089842,per089842_1906_01813,5,0,0,,,triagem/nome-caixa-conversao 1.0.0,2,ok
089842,per089842_1906_01813,6,0,0,,,triagem/nome-caixa-conversao 1.0.0,2,ok
089842,per089842_1906_01814,1,0,0,,,triagem/nome-caixa-conversao 1.0.0,2,ok
089842,per089842_1906_01814,2,0,0,,,triagem/nome-caixa-conversao 1.0.0,2,ok
089842,per089842_1906_01814,3,0,0,,,triagem/nome-caixa-conversao 1.0.0,2,ok
089842,per089842_1906_01814,4,0,0,,,triagem/nome-caixa-conversao 1.0.0,2,ok
089842,per089842_1906_01814,5,0,0,,,triagem/nome-caixa-conversao 1.0.0,2,ok
089842,per089842_1906_01814,6,0,0,,,triagem/nome-caixa-conversao 1.0.0,2,ok
089842,per089842_1906_01815,1,0,0,,,triagem/nome-caixa-conversao 1.0.0,2,ok
089842,per089842_1906_01815,2,0,0,,,triagem/nome-caixa-conversao 1.0.0,2,ok
089842,per089842_1906_01815,3,0,0,,,triagem/nome-caixa-conversao 1.0.0,2,ok
089842,per089842_1906_01815,4,0,0,,,triagem/nome-caixa-conversao 1.0.0,2,ok
089842,per089842_1906_01815,5,0,0,,,triagem/nome-caixa-conversao 1.0.0,2,ok
089842,per089842_1906_01815,6,0,0,,,triagem/nome-caixa-conversao 1.0.0,2,ok
089842,per089842_1906_01815,7,0,0,,,triagem/nome-caixa-conversao 1.0.0,2,ok
089842,per089842_1906_01815,8,0,0,,,triagem/nome-caixa-conversao 1.0.0,2,ok
089842,per089842_1906_01815,9,0,0,,,triagem/nome-caixa-conversao 1.0.0,2,ok
089842,per089842_1906_01815,10,0,0,,,triagem/nome-caixa-conversao 1.0.0,2,ok
089842,per089842_1906_01815,11,0,0,,,triagem/nome-caixa-conversao 1.0.0,2,ok
089842,per089842_1906_01815,12,0,0,,,triagem/nome-caixa-conversao 1.0.0,2,ok
089842,per089842_1906_01816,1,0,0,,,triagem/nome-caixa-conversao 1.0.0,2,ok
089842,per089842_1906_01816,2,0,0,,,triagem/nome-caixa-conversao 1.0.0,2,ok
089842,per089842_1906_01816,3,0,0,,,triagem/nome-caixa-conversao 1.0.0,2,ok
089842,per089842_1906_01816,4,0,0,,,triagem/nome-caixa-conversao 1.0.0,2,ok
089842,per089842_1906_01816,5,0,0,,,triagem/nome-caixa-conversao 1.0.0,2,ok
089842,per089842_1906_01816,6,0,0,,,triagem/nome-caixa-conversao 1.0.0,2,ok
089842,per089842_1906_01817,1,0,0,,,triagem/nome-caixa-conversao 1.0.0,2,ok
089842,per089842_1906_01817,2,0,0,,,triagem/nome-caixa-conversao 1.0.0,2,ok
089842,per089842_1906_01817,3,0,0,,,triagem/nome-caixa-conversao 1.0.0,2,ok
089842,per089842_1906_01817,4,0,0,,,triagem/nome-caixa-conversao 1.0.0,2,ok
089842,per089842_1906_01817,5,0,0,,,triagem/nome-caixa-conversao 1.0.0,2,ok
089842,per089842_1906_01817,6,0,0,,,triagem/nome-caixa-conversao 1.0.0,2,ok
089842,per089842_1906_01818,1,0,0,,,triagem/nome-caixa-conversao 1.0.0,2,ok
089842,per089842_1906_01818,2,0,0,,,triagem/nome-caixa-conversao 1.0.0,2,ok
089842,per089842_1906_01818,3,0,0,,,triagem/nome-caixa-conversao 1.0.0,2,ok
089842,per089842_1906_01818,4,0,0,,,triagem/nome-caixa-conversao 1.0.0,2,ok
089842,per089842_1906_01818,5,0,0,,,triagem/nome-caixa-conversao 1.0.0,2,ok
089842,per089842_1906_01818,6,0,0,,,triagem/nome-caixa-conversao 1.0.0,2,ok
089842,per089842_1906_01818,7,0,0,,,triagem/nome-caixa-conversao 1.0.0,2,ok
089842,per089842_1906_01818,8,0,0,,,triagem/nome-caixa-conversao 1.0.0,2,ok
089842,per089842_1906_01819,1,0,0,,,triagem/nome-caixa-conversao 1.0.0,2,ok
089842,per089842_1906_01819,2,0,0,,,triagem/nome-caixa-conversao 1.0.0,2,ok
089842,per089842_1906_01819,3,0,0,,,triagem/nome-caixa-conversao 1.0.0,2,ok
089842,per089842_1906_01819,4,0,0,,,triagem/nome-caixa-conversao 1.0.0,2,ok
089842,per089842_1906_01819,5,0,0,,,triagem/nome-caixa-conversao 1.0.0,2,ok
089842,per089842_1906_01819,6,0,0,,,triagem/nome-caixa-conversao 1.0.0,2,ok
089842,per089842_1906_01820,1,0,0,,,triagem/nome-caixa-conversao 1.0.0,2,ok
089842,per089842_1906_01820,2,0,0,,,triagem/nome-caixa-conversao 1.0.0,2,ok
089842,per089842_1906_01820,3,0,0,,,triagem/nome-caixa-conversao 1.0.0,2,ok
089842,per089842_1906_01820,4,0,0,,,triagem/nome-caixa-conversao 1.0.0,2,ok
089842,per089842_1906_01820,5,0,0,,,triagem/nome-caixa-conversao 1.0.0,2,ok
089842,per089842_1906_01820,6,1,2,caixa de conver,5892,triagem/nome-caixa-conversao 1.0.0,2,ok
089842,per089842_1906_01820,7,0,0,,,triagem/nome-caixa-conversao 1.0.0,2,ok
089842,per089842_1906_01820,8,0,0,,,triagem/nome-caixa-conversao 1.0.0,2,ok
089842,per089842_1906_01821,1,0,0,,,triagem/nome-caixa-conversao 1.0.0,2,ok
089842,per089842_1906_01821,2,0,0,,,triagem/nome-caixa-conversao 1.0.0,2,ok
089842,per089842_1906_01821,3,0,0,,,triagem/nome-caixa-conversao 1.0.0,2,ok
089842,per089842_1906_01821,4,0,0,,,triagem/nome-caixa-conversao 1.0.0,2,ok
089842,per089842_1906_01821,5,0,0,,,triagem/nome-caixa-conversao 1.0.0,2,ok
089842,per089842_1906_01821,6,0,0,,,triagem/nome-caixa-conversao 1.0.0,2,ok
089842,per089842_1906_01821,7,0,0,,,triagem/nome-caixa-conversao 1.0.0,2,ok
089842,per089842_1906_01821,8,0,0,,,triagem/nome-caixa-conversao 1.0.0,2,ok
089842,per089842_1906_01822,1,0,0,,,triagem/nome-caixa-conversao 1.0.0,2,ok
089842,per089842_1906_01822,2,0,0,,,triagem/nome-caixa-conversao 1.0.0,2,ok
089842,per089842_1906_01822,3,0,0,,,triagem/nome-caixa-conversao 1.0.0,2,ok
089842,per089842_1906_01822,4,0,0,,,triagem/nome-caixa-conversao 1.0.0,2,ok
089842,per089842_1906_01822,5,0,0,,,triagem/nome-caixa-conversao 1.0.0,2,ok
089842,per089842_1906_01822,6,0,0,,,triagem/nome-caixa-conversao 1.0.0,2,ok
089842,per089842_1906_01822,7,0,0,,,triagem/nome-caixa-conversao 1.0.0,2,ok
089842,per089842_1906_01822,8,0,0,,,triagem/nome-caixa-conversao 1.0.0,2,ok
089842,per089842_1906_01822,9,0,0,,,triagem/nome-caixa-conversao 1.0.0,2,ok
089842,per089842_1906_01822,10,0,0,,,triagem/nome-caixa-conversao 1.0.0,2,ok
089842,per089842_1906_01822,11,0,0,,,triagem/nome-caixa-conversao 1.0.0,2,ok
089842,per089842_1906_01822,12,0,0,,,triagem/nome-caixa-conversao 1.0.0,2,ok
089842,per089842_1906_01823,1,0,0,,,triagem/nome-caixa-conversao 1.0.0,2,ok
089842,per089842_1906_01823,2,0,0,,,triagem/nome-caixa-conversao 1.0.0,2,ok
089842,per089842_1906_01823,3,0,0,,,triagem/nome-caixa-conversao 1.0.0,2,ok
089842,per089842_1906_01823,4,0,0,,,triagem/nome-caixa-conversao 1.0.0,2,ok
089842,per089842_1906_01823,5,0,0,,,triagem/nome-caixa-conversao 1.0.0,2,ok
089842,per089842_1906_01823,6,0,0,,,triagem/nome-caixa-conversao 1.0.0,2,ok
089842,per089842_1906_01824,1,0,0,,,triagem/nome-caixa-conversao 1.0.0,2,ok
089842,per089842_1906_01824,2,0,0,,,triagem/nome-caixa-conversao 1.0.0,2,ok
089842,per089842_1906_01824,3,0,0,,,triagem/nome-caixa-conversao 1.0.0,2,ok
089842,per089842_1906_01824,4,0,0,,,triagem/nome-caixa-conversao 1.0.0,2,ok
089842,per089842_1906_01824,5,0,0,,,triagem/nome-caixa-conversao 1.0.0,2,ok
089842,per089842_1906_01824,6,0,0,,,triagem/nome-caixa-conversao 1.0.0,2,ok
089842,per089842_1906_01824,7,0,0,,,triagem/nome-caixa-conversao 1.0.0,2,ok
089842,per089842_1906_01824,8,0,0,,,triagem/nome-caixa-conversao 1.0.0,2,ok
089842,per089842_1906_01825,1,1,1,caixa de conver,15289,triagem/nome-caixa-conversao 1.0.0,2,ok
089842,per089842_1906_01825,2,0,0,,,triagem/nome-caixa-conversao 1.0.0,2,ok
089842,per089842_1906_01825,3,0,0,,,triagem/nome-caixa-conversao 1.0.0,2,ok
089842,per089842_1906_01825,4,0,0,,,triagem/nome-caixa-conversao 1.0.0,2,ok
089842,per089842_1906_01825,5,0,0,,,triagem/nome-caixa-conversao 1.0.0,2,ok
089842,per089842_1906_01825,6,0,0,,,triagem/nome-caixa-conversao 1.0.0,2,ok
089842,per089842_1906_01826,1,0,0,,,triagem/nome-caixa-conversao 1.0.0,2,ok
089842,per089842_1906_01826,2,0,0,,,triagem/nome-caixa-conversao 1.0.0,2,ok
089842,per089842_1906_01826,3,0,0,,,triagem/nome-caixa-conversao 1.0.0,2,ok
089842,per089842_1906_01826,4,0,0,,,triagem/nome-caixa-conversao 1.0.0,2,ok
089842,per089842_1906_01826,5,0,0,,,triagem/nome-caixa-conversao 1.0.0,2,ok
089842,per089842_1906_01826,6,0,0,,,triagem/nome-caixa-conversao 1.0.0,2,ok
089842,per089842_1906_01827,1,0,0,,,triagem/nome-caixa-conversao 1.0.0,2,ok
089842,per089842_1906_01827,2,0,0,,,triagem/nome-caixa-conversao 1.0.0,2,ok
089842,per089842_1906_01827,3,0,0,,,triagem/nome-caixa-conversao 1.0.0,2,ok
089842,per089842_1906_01827,4,0,0,,,triagem/nome-caixa-conversao 1.0.0,2,ok
089842,per089842_1906_01827,5,0,0,,,triagem/nome-caixa-conversao 1.0.0,2,ok
089842,per089842_1906_01827,6,0,0,,,triagem/nome-caixa-conversao 1.0.0,2,ok
089842,per089842_1906_01828,1,0,0,,,triagem/nome-caixa-conversao 1.0.0,2,ok
089842,per089842_1906_01828,2,0,0,,,triagem/nome-caixa-conversao 1.0.0,2,ok
089842,per089842_1906_01828,3,0,0,,,triagem/nome-caixa-conversao 1.0.0,2,ok
089842,per089842_1906_01828,4,0,0,,,triagem/nome-caixa-conversao 1.0.0,2,ok
089842,per089842_1906_01828,5,0,0,,,triagem/nome-caixa-conversao 1.0.0,2,ok
089842,per089842_1906_01828,6,0,0,,,triagem/nome-caixa-conversao 1.0.0,2,ok
089842,per089842_1906_01829,1,0,0,,,triagem/nome-caixa-conversao 1.0.0,2,ok
089842,per089842_1906_01829,2,0,0,,,triagem/nome-caixa-conversao 1.0.0,2,ok
089842,per089842_1906_01829,3,0,0,,,triagem/nome-caixa-conversao 1.0.0,2,ok
089842,per089842_1906_01829,4,0,0,,,triagem/nome-caixa-conversao 1.0.0,2,ok
089842,per089842_1906_01829,5,0,0,,,triagem/nome-caixa-conversao 1.0.0,2,ok
089842,per089842_1906_01829,6,0,0,,,triagem/nome-caixa-conversao 1.0.0,2,ok
089842,per089842_1906_01829,7,0,0,,,triagem/nome-caixa-conversao 1.0.0,2,ok
089842,per089842_1906_01829,8,0,0,,,triagem/nome-caixa-conversao 1.0.0,2,ok
089842,per089842_1906_01829,9,0,0,,,triagem/nome-caixa-conversao 1.0.0,2,ok
089842,per089842_1906_01829,10,0,0,,,triagem/nome-caixa-conversao 1.0.0,2,ok
089842,per089842_1906_01829,11,0,0,,,triagem/nome-caixa-conversao 1.0.0,2,ok
089842,per089842_1906_01829,12,0,0,,,triagem/nome-caixa-conversao 1.0.0,2,ok
089842,per089842_1906_01830,1,0,0,,,triagem/nome-caixa-conversao 1.0.0,2,ok
089842,per089842_1906_01830,2,0,0,,,triagem/nome-caixa-conversao 1.0.0,2,ok
089842,per089842_1906_01830,3,0,0,,,triagem/nome-caixa-conversao 1.0.0,2,ok
089842,per089842_1906_01830,4,0,0,,,triagem/nome-caixa-conversao 1.0.0,2,ok
089842,per089842_1906_01831,1,0,0,,,triagem/nome-caixa-conversao 1.0.0,2,ok
089842,per089842_1906_01831,2,0,0,,,triagem/nome-caixa-conversao 1.0.0,2,ok
089842,per089842_1906_01831,3,0,0,,,triagem/nome-caixa-conversao 1.0.0,2,ok
089842,per089842_1906_01831,4,0,0,,,triagem/nome-caixa-conversao 1.0.0,2,ok
089842,per089842_1906_01831,5,0,0,,,triagem/nome-caixa-conversao 1.0.0,2,ok
089842,per089842_1906_01831,6,0,0,,,triagem/nome-caixa-conversao 1.0.0,2,ok
089842,per089842_1906_01831,7,0,0,,,triagem/nome-caixa-conversao 1.0.0,2,ok
089842,per089842_1906_01831,8,0,0,,,triagem/nome-caixa-conversao 1.0.0,2,ok
089842,per089842_1906_01832,1,0,0,,,triagem/nome-caixa-conversao 1.0.0,2,ok
089842,per089842_1906_01832,2,0,0,,,triagem/nome-caixa-conversao 1.0.0,2,ok
089842,per089842_1906_01832,3,0,0,,,triagem/nome-caixa-conversao 1.0.0,2,ok
089842,per089842_1906_01832,4,0,0,,,triagem/nome-caixa-conversao 1.0.0,2,ok
089842,per089842_1906_01832,5,0,0,,,triagem/nome-caixa-conversao 1.0.0,2,ok
089842,per089842_1906_01832,6,0,0,,,triagem/nome-caixa-conversao 1.0.0,2,ok
089842,per089842_1906_01833,1,0,0,,,triagem/nome-caixa-conversao 1.0.0,2,ok
089842,per089842_1906_01833,2,0,0,,,triagem/nome-caixa-conversao 1.0.0,2,ok
089842,per089842_1906_01833,3,0,0,,,triagem/nome-caixa-conversao 1.0.0,2,ok
089842,per089842_1906_01833,4,0,0,,,triagem/nome-caixa-conversao 1.0.0,2,ok
089842,per089842_1906_01833,5,0,0,,,triagem/nome-caixa-conversao 1.0.0,2,ok
089842,per089842_1906_01833,6,0,0,,,triagem/nome-caixa-conversao 1.0.0,2,ok
089842,per089842_1906_01833,7,0,0,,,triagem/nome-caixa-conversao 1.0.0,2,ok
089842,per089842_1906_01833,8,0,0,,,triagem/nome-caixa-conversao 1.0.0,2,ok
089842,per089842_1906_01834,1,0,0,,,triagem/nome-caixa-conversao 1.0.0,2,ok
089842,per089842_1906_01834,2,0,0,,,triagem/nome-caixa-conversao 1.0.0,2,ok
089842,per089842_1906_01834,3,0,0,,,triagem/nome-caixa-conversao 1.0.0,2,ok
089842,per089842_1906_01834,4,0,0,,,triagem/nome-caixa-conversao 1.0.0,2,ok
089842,per089842_1906_01834,5,0,0,,,triagem/nome-caixa-conversao 1.0.0,2,ok
089842,per089842_1906_01834,6,0,0,,,triagem/nome-caixa-conversao 1.0.0,2,ok
089842,per089842_1906_01834,7,0,0,,,triagem/nome-caixa-conversao 1.0.0,2,ok
089842,per089842_1906_01834,8,0,0,,,triagem/nome-caixa-conversao 1.0.0,2,ok
089842,per089842_1906_01835,1,0,0,,,triagem/nome-caixa-conversao 1.0.0,2,ok
089842,per089842_1906_01835,2,0,0,,,triagem/nome-caixa-conversao 1.0.0,2,ok
089842,per089842_1906_01835,3,0,0,,,triagem/nome-caixa-conversao 1.0.0,2,ok
089842,per089842_1906_01835,4,0,0,,,triagem/nome-caixa-conversao 1.0.0,2,ok
089842,per089842_1906_01835,5,0,0,,,triagem/nome-caixa-conversao 1.0.0,2,ok
089842,per089842_1906_01835,6,0,0,,,triagem/nome-caixa-conversao 1.0.0,2,ok
089842,per089842_1906_01835,7,0,0,,,triagem/nome-caixa-conversao 1.0.0,2,ok
089842,per089842_1906_01835,8,0,0,,,triagem/nome-caixa-conversao 1.0.0,2,ok
089842,per089842_1906_01836,1,0,0,,,triagem/nome-caixa-conversao 1.0.0,2,ok
089842,per089842_1906_01836,2,0,0,,,triagem/nome-caixa-conversao 1.0.0,2,ok
089842,per089842_1906_01836,3,0,0,,,triagem/nome-caixa-conversao 1.0.0,2,ok
089842,per089842_1906_01836,4,0,0,,,triagem/nome-caixa-conversao 1.0.0,2,ok
089842,per089842_1906_01836,5,0,0,,,triagem/nome-caixa-conversao 1.0.0,2,ok
089842,per089842_1906_01836,6,0,0,,,triagem/nome-caixa-conversao 1.0.0,2,ok
089842,per089842_1906_01836,7,0,0,,,triagem/nome-caixa-conversao 1.0.0,2,ok
089842,per089842_1906_01836,8,0,0,,,triagem/nome-caixa-conversao 1.0.0,2,ok
089842,per089842_1906_01836,9,0,0,,,triagem/nome-caixa-conversao 1.0.0,2,ok
089842,per089842_1906_01836,10,0,0,,,triagem/nome-caixa-conversao 1.0.0,2,ok
089842,per089842_1906_01836,11,0,0,,,triagem/nome-caixa-conversao 1.0.0,2,ok
089842,per089842_1906_01836,12,0,0,,,triagem/nome-caixa-conversao 1.0.0,2,ok
089842,per089842_1906_01837,1,0,0,,,triagem/nome-caixa-conversao 1.0.0,2,ok
089842,per089842_1906_01837,2,0,0,,,triagem/nome-caixa-conversao 1.0.0,2,ok
089842,per089842_1906_01837,3,0,0,,,triagem/nome-caixa-conversao 1.0.0,2,ok
089842,per089842_1906_01837,4,0,0,,,triagem/nome-caixa-conversao 1.0.0,2,ok
089842,per089842_1906_01838,1,0,0,,,triagem/nome-caixa-conversao 1.0.0,2,ok
089842,per089842_1906_01838,2,0,0,,,triagem/nome-caixa-conversao 1.0.0,2,ok
089842,per089842_1906_01838,3,0,0,,,triagem/nome-caixa-conversao 1.0.0,2,ok
089842,per089842_1906_01838,4,0,0,,,triagem/nome-caixa-conversao 1.0.0,2,ok
089842,per089842_1906_01838,5,0,0,,,triagem/nome-caixa-conversao 1.0.0,2,ok
089842,per089842_1906_01838,6,0,0,,,triagem/nome-caixa-conversao 1.0.0,2,ok
089842,per089842_1906_01838,7,0,0,,,triagem/nome-caixa-conversao 1.0.0,2,ok
089842,per089842_1906_01838,8,0,0,,,triagem/nome-caixa-conversao 1.0.0,2,ok
089842,per089842_1906_01839,1,0,0,,,triagem/nome-caixa-conversao 1.0.0,2,ok
089842,per089842_1906_01839,2,0,0,,,triagem/nome-caixa-conversao 1.0.0,2,ok
089842,per089842_1906_01839,3,0,0,,,triagem/nome-caixa-conversao 1.0.0,2,ok
089842,per089842_1906_01839,4,0,0,,,triagem/nome-caixa-conversao 1.0.0,2,ok
089842,per089842_1906_01839,5,0,0,,,triagem/nome-caixa-conversao 1.0.0,2,ok
089842,per089842_1906_01839,6,0,0,,,triagem/nome-caixa-conversao 1.0.0,2,ok
089842,per089842_1906_01839,7,0,0,,,triagem/nome-caixa-conversao 1.0.0,2,ok
089842,per089842_1906_01839,8,0,0,,,triagem/nome-caixa-conversao 1.0.0,2,ok
089842,per089842_1906_01840,1,0,0,,,triagem/nome-caixa-conversao 1.0.0,2,ok
089842,per089842_1906_01840,2,0,0,,,triagem/nome-caixa-conversao 1.0.0,2,ok
089842,per089842_1906_01840,3,0,0,,,triagem/nome-caixa-conversao 1.0.0,2,ok
089842,per089842_1906_01840,4,0,0,,,triagem/nome-caixa-conversao 1.0.0,2,ok
089842,per089842_1906_01840,5,0,0,,,triagem/nome-caixa-conversao 1.0.0,2,ok
089842,per089842_1906_01840,6,0,0,,,triagem/nome-caixa-conversao 1.0.0,2,ok
089842,per089842_1906_01840,7,0,0,,,triagem/nome-caixa-conversao 1.0.0,2,ok
089842,per089842_1906_01840,8,0,0,,,triagem/nome-caixa-conversao 1.0.0,2,ok
089842,per089842_1906_01841,1,0,0,,,triagem/nome-caixa-conversao 1.0.0,2,ok
089842,per089842_1906_01841,2,0,0,,,triagem/nome-caixa-conversao 1.0.0,2,ok
089842,per089842_1906_01841,3,0,0,,,triagem/nome-caixa-conversao 1.0.0,2,ok
089842,per089842_1906_01841,4,0,0,,,triagem/nome-caixa-conversao 1.0.0,2,ok
089842,per089842_1906_01841,5,0,0,,,triagem/nome-caixa-conversao 1.0.0,2,ok
089842,per089842_1906_01841,6,0,0,,,triagem/nome-caixa-conversao 1.0.0,2,ok
089842,per089842_1906_01841,7,0,0,,,triagem/nome-caixa-conversao 1.0.0,2,ok
089842,per089842_1906_01841,8,0,0,,,triagem/nome-caixa-conversao 1.0.0,2,ok
089842,per089842_1906_01842,1,0,0,,,triagem/nome-caixa-conversao 1.0.0,2,ok
089842,per089842_1906_01842,2,0,0,,,triagem/nome-caixa-conversao 1.0.0,2,ok
089842,per089842_1906_01842,3,0,0,,,triagem/nome-caixa-conversao 1.0.0,2,ok
089842,per089842_1906_01842,4,0,0,,,triagem/nome-caixa-conversao 1.0.0,2,ok
089842,per089842_1906_01842,5,0,0,,,triagem/nome-caixa-conversao 1.0.0,2,ok
089842,per089842_1906_01842,6,0,0,,,triagem/nome-caixa-conversao 1.0.0,2,ok
089842,per089842_1906_01842,7,0,0,,,triagem/nome-caixa-conversao 1.0.0,2,ok
089842,per089842_1906_01842,8,0,0,,,triagem/nome-caixa-conversao 1.0.0,2,ok
089842,per089842_1906_01843,1,0,0,,,triagem/nome-caixa-conversao 1.0.0,2,ok
089842,per089842_1906_01843,2,0,0,,,triagem/nome-caixa-conversao 1.0.0,2,ok
089842,per089842_1906_01843,3,0,0,,,triagem/nome-caixa-conversao 1.0.0,2,ok
089842,per089842_1906_01843,4,0,0,,,triagem/nome-caixa-conversao 1.0.0,2,ok
089842,per089842_1906_01843,5,0,0,,,triagem/nome-caixa-conversao 1.0.0,2,ok
089842,per089842_1906_01843,6,0,0,,,triagem/nome-caixa-conversao 1.0.0,2,ok
089842,per089842_1906_01843,7,0,0,,,triagem/nome-caixa-conversao 1.0.0,2,ok
089842,per089842_1906_01843,8,0,0,,,triagem/nome-caixa-conversao 1.0.0,2,ok
089842,per089842_1906_01843,9,0,0,,,triagem/nome-caixa-conversao 1.0.0,2,ok
089842,per089842_1906_01843,10,0,0,,,triagem/nome-caixa-conversao 1.0.0,2,ok
089842,per089842_1906_01843,11,0,0,,,triagem/nome-caixa-conversao 1.0.0,2,ok
089842,per089842_1906_01843,12,0,0,,,triagem/nome-caixa-conversao 1.0.0,2,ok
089842,per089842_1906_01844,1,0,0,,,triagem/nome-caixa-conversao 1.0.0,2,ok
089842,per089842_1906_01844,2,0,0,,,triagem/nome-caixa-conversao 1.0.0,2,ok
089842,per089842_1906_01844,3,0,0,,,triagem/nome-caixa-conversao 1.0.0,2,ok
089842,per089842_1906_01844,4,0,0,,,triagem/nome-caixa-conversao 1.0.0,2,ok
089842,per089842_1906_01845,1,0,0,,,triagem/nome-caixa-conversao 1.0.0,2,ok
089842,per089842_1906_01845,2,0,0,,,triagem/nome-caixa-conversao 1.0.0,2,ok
089842,per089842_1906_01845,3,0,0,,,triagem/nome-caixa-conversao 1.0.0,2,ok
089842,per089842_1906_01845,4,0,0,,,triagem/nome-caixa-conversao 1.0.0,2,ok
089842,per089842_1906_01845,5,0,0,,,triagem/nome-caixa-conversao 1.0.0,2,ok
089842,per089842_1906_01845,6,0,0,,,triagem/nome-caixa-conversao 1.0.0,2,ok
089842,per089842_1906_01845,7,0,0,,,triagem/nome-caixa-conversao 1.0.0,2,ok
089842,per089842_1906_01845,8,0,0,,,triagem/nome-caixa-conversao 1.0.0,2,ok
089842,per089842_1906_01846,1,0,0,,,triagem/nome-caixa-conversao 1.0.0,2,ok
089842,per089842_1906_01846,2,0,0,,,triagem/nome-caixa-conversao 1.0.0,2,ok
089842,per089842_1906_01846,3,0,0,,,triagem/nome-caixa-conversao 1.0.0,2,ok
089842,per089842_1906_01846,4,0,0,,,triagem/nome-caixa-conversao 1.0.0,2,ok
089842,per089842_1906_01846,5,0,0,,,triagem/nome-caixa-conversao 1.0.0,2,ok
089842,per089842_1906_01846,6,0,0,,,triagem/nome-caixa-conversao 1.0.0,2,ok
089842,per089842_1906_01847,1,0,0,,,triagem/nome-caixa-conversao 1.0.0,2,ok
089842,per089842_1906_01847,2,0,0,,,triagem/nome-caixa-conversao 1.0.0,2,ok
089842,per089842_1906_01847,3,0,0,,,triagem/nome-caixa-conversao 1.0.0,2,ok
089842,per089842_1906_01847,4,0,0,,,triagem/nome-caixa-conversao 1.0.0,2,ok
089842,per089842_1906_01847,5,0,0,,,triagem/nome-caixa-conversao 1.0.0,2,ok
089842,per089842_1906_01847,6,0,0,,,triagem/nome-caixa-conversao 1.0.0,2,ok
089842,per089842_1906_01848,1,0,0,,,triagem/nome-caixa-conversao 1.0.0,2,ok
089842,per089842_1906_01848,2,0,0,,,triagem/nome-caixa-conversao 1.0.0,2,ok
089842,per089842_1906_01848,3,0,0,,,triagem/nome-caixa-conversao 1.0.0,2,ok
089842,per089842_1906_01848,4,0,0,,,triagem/nome-caixa-conversao 1.0.0,2,ok
089842,per089842_1906_01848,5,0,0,,,triagem/nome-caixa-conversao 1.0.0,2,ok
089842,per089842_1906_01848,6,0,0,,,triagem/nome-caixa-conversao 1.0.0,2,ok
089842,per089842_1906_01849,1,0,0,,,triagem/nome-caixa-conversao 1.0.0,2,ok
089842,per089842_1906_01849,2,0,0,,,triagem/nome-caixa-conversao 1.0.0,2,ok
089842,per089842_1906_01849,3,0,0,,,triagem/nome-caixa-conversao 1.0.0,2,ok
089842,per089842_1906_01849,4,0,0,,,triagem/nome-caixa-conversao 1.0.0,2,ok
089842,per089842_1906_01849,5,0,0,,,triagem/nome-caixa-conversao 1.0.0,2,ok
089842,per089842_1906_01849,6,0,0,,,triagem/nome-caixa-conversao 1.0.0,2,ok
089842,per089842_1906_01849,7,0,0,,,triagem/nome-caixa-conversao 1.0.0,2,ok
089842,per089842_1906_01849,8,0,0,,,triagem/nome-caixa-conversao 1.0.0,2,ok
089842,per089842_1906_01850,1,0,0,,,triagem/nome-caixa-conversao 1.0.0,2,ok
089842,per089842_1906_01850,2,0,0,,,triagem/nome-caixa-conversao 1.0.0,2,ok
089842,per089842_1906_01850,3,0,0,,,triagem/nome-caixa-conversao 1.0.0,2,ok
089842,per089842_1906_01850,4,0,0,,,triagem/nome-caixa-conversao 1.0.0,2,ok
089842,per089842_1906_01850,5,0,0,,,triagem/nome-caixa-conversao 1.0.0,2,ok
089842,per089842_1906_01850,6,0,0,,,triagem/nome-caixa-conversao 1.0.0,2,ok
089842,per089842_1906_01850,7,0,0,,,triagem/nome-caixa-conversao 1.0.0,2,ok
089842,per089842_1906_01850,8,0,0,,,triagem/nome-caixa-conversao 1.0.0,2,ok
089842,per089842_1906_01850,9,0,0,,,triagem/nome-caixa-conversao 1.0.0,2,ok
089842,per089842_1906_01850,10,0,0,,,triagem/nome-caixa-conversao 1.0.0,2,ok
089842,per089842_1906_01850,11,0,0,,,triagem/nome-caixa-conversao 1.0.0,2,ok
089842,per089842_1906_01850,12,0,0,,,triagem/nome-caixa-conversao 1.0.0,2,ok
089842,per089842_1906_01851,1,0,0,,,triagem/nome-caixa-conversao 1.0.0,2,ok
089842,per089842_1906_01851,2,0,0,,,triagem/nome-caixa-conversao 1.0.0,2,ok
089842,per089842_1906_01851,3,0,0,,,triagem/nome-caixa-conversao 1.0.0,2,ok
089842,per089842_1906_01851,4,0,0,,,triagem/nome-caixa-conversao 1.0.0,2,ok
089842,per089842_1906_01852,1,0,0,,,triagem/nome-caixa-conversao 1.0.0,2,ok
089842,per089842_1906_01852,2,0,0,,,triagem/nome-caixa-conversao 1.0.0,2,ok
089842,per089842_1906_01852,3,0,0,,,triagem/nome-caixa-conversao 1.0.0,2,ok
089842,per089842_1906_01852,4,0,0,,,triagem/nome-caixa-conversao 1.0.0,2,ok
089842,per089842_1906_01852,5,0,0,,,triagem/nome-caixa-conversao 1.0.0,2,ok
089842,per089842_1906_01852,6,0,0,,,triagem/nome-caixa-conversao 1.0.0,2,ok
089842,per089842_1906_01852,7,0,0,,,triagem/nome-caixa-conversao 1.0.0,2,ok
089842,per089842_1906_01852,8,0,0,,,triagem/nome-caixa-conversao 1.0.0,2,ok
089842,per089842_1906_01853,1,0,0,,,triagem/nome-caixa-conversao 1.0.0,2,ok
089842,per089842_1906_01853,2,0,0,,,triagem/nome-caixa-conversao 1.0.0,2,ok
089842,per089842_1906_01853,3,0,0,,,triagem/nome-caixa-conversao 1.0.0,2,ok
089842,per089842_1906_01853,4,0,0,,,triagem/nome-caixa-conversao 1.0.0,2,ok
089842,per089842_1906_01853,5,0,0,,,triagem/nome-caixa-conversao 1.0.0,2,ok
089842,per089842_1906_01853,6,0,0,,,triagem/nome-caixa-conversao 1.0.0,2,ok
089842,per089842_1906_01853,7,0,0,,,triagem/nome-caixa-conversao 1.0.0,2,ok
089842,per089842_1906_01853,8,0,0,,,triagem/nome-caixa-conversao 1.0.0,2,ok
089842,per089842_1906_01854,1,0,0,,,triagem/nome-caixa-conversao 1.0.0,2,ok
089842,per089842_1906_01854,2,0,0,,,triagem/nome-caixa-conversao 1.0.0,2,ok
089842,per089842_1906_01854,3,0,0,,,triagem/nome-caixa-conversao 1.0.0,2,ok
089842,per089842_1906_01854,4,0,0,,,triagem/nome-caixa-conversao 1.0.0,2,ok
089842,per089842_1906_01854,5,0,0,,,triagem/nome-caixa-conversao 1.0.0,2,ok
089842,per089842_1906_01854,6,0,0,,,triagem/nome-caixa-conversao 1.0.0,2,ok
089842,per089842_1906_01855,1,0,0,,,triagem/nome-caixa-conversao 1.0.0,2,ok
089842,per089842_1906_01855,2,0,0,,,triagem/nome-caixa-conversao 1.0.0,2,ok
089842,per089842_1906_01855,3,0,0,,,triagem/nome-caixa-conversao 1.0.0,2,ok
089842,per089842_1906_01855,4,0,0,,,triagem/nome-caixa-conversao 1.0.0,2,ok
089842,per089842_1906_01855,5,1,1,caixa de conver,11932,triagem/nome-caixa-conversao 1.0.0,2,ok
089842,per089842_1906_01855,6,0,0,,,triagem/nome-caixa-conversao 1.0.0,2,ok
089842,per089842_1906_01855,7,0,0,,,triagem/nome-caixa-conversao 1.0.0,2,ok
089842,per089842_1906_01855,8,0,0,,,triagem/nome-caixa-conversao 1.0.0,2,ok
089842,per089842_1906_01856,1,0,0,,,triagem/nome-caixa-conversao 1.0.0,2,ok
089842,per089842_1906_01856,2,0,0,,,triagem/nome-caixa-conversao 1.0.0,2,ok
089842,per089842_1906_01856,3,0,0,,,triagem/nome-caixa-conversao 1.0.0,2,ok
089842,per089842_1906_01856,4,0,0,,,triagem/nome-caixa-conversao 1.0.0,2,ok
089842,per089842_1906_01856,5,0,0,,,triagem/nome-caixa-conversao 1.0.0,2,ok
089842,per089842_1906_01856,6,0,0,,,triagem/nome-caixa-conversao 1.0.0,2,ok
089842,per089842_1906_01856,7,0,0,,,triagem/nome-caixa-conversao 1.0.0,2,ok
089842,per089842_1906_01856,8,0,0,,,triagem/nome-caixa-conversao 1.0.0,2,ok
089842,per089842_1906_01857,1,0,0,,,triagem/nome-caixa-conversao 1.0.0,2,ok
089842,per089842_1906_01857,2,0,0,,,triagem/nome-caixa-conversao 1.0.0,2,ok
089842,per089842_1906_01857,3,0,0,,,triagem/nome-caixa-conversao 1.0.0,2,ok
089842,per089842_1906_01857,4,0,0,,,triagem/nome-caixa-conversao 1.0.0,2,ok
089842,per089842_1906_01857,5,1,2,caixa deconver,31042,triagem/nome-caixa-conversao 1.0.0,2,ok
089842,per089842_1906_01857,6,0,0,,,triagem/nome-caixa-conversao 1.0.0,2,ok
089842,per089842_1906_01857,7,0,0,,,triagem/nome-caixa-conversao 1.0.0,2,ok
089842,per089842_1906_01857,8,0,0,,,triagem/nome-caixa-conversao 1.0.0,2,ok
089842,per089842_1906_01857,9,0,0,,,triagem/nome-caixa-conversao 1.0.0,2,ok
089842,per089842_1906_01857,10,0,0,,,triagem/nome-caixa-conversao 1.0.0,2,ok
089842,per089842_1906_01857,11,0,0,,,triagem/nome-caixa-conversao 1.0.0,2,ok
089842,per089842_1906_01857,12,0,0,,,triagem/nome-caixa-conversao 1.0.0,2,ok
089842,per089842_1906_01858,1,0,0,,,triagem/nome-caixa-conversao 1.0.0,2,ok
089842,per089842_1906_01858,2,0,0,,,triagem/nome-caixa-conversao 1.0.0,2,ok
089842,per089842_1906_01858,3,0,0,,,triagem/nome-caixa-conversao 1.0.0,2,ok
089842,per089842_1906_01858,4,0,0,,,triagem/nome-caixa-conversao 1.0.0,2,ok
089842,per089842_1906_01858,5,0,0,,,triagem/nome-caixa-conversao 1.0.0,2,ok
089842,per089842_1906_01858,6,0,0,,,triagem/nome-caixa-conversao 1.0.0,2,ok
089842,per089842_1906_01859,1,1,2,caixa de conver,17363,triagem/nome-caixa-conversao 1.0.0,2,ok
089842,per089842_1906_01859,2,0,0,,,triagem/nome-caixa-conversao 1.0.0,2,ok
089842,per089842_1906_01859,3,0,0,,,triagem/nome-caixa-conversao 1.0.0,2,ok
089842,per089842_1906_01859,4,0,0,,,triagem/nome-caixa-conversao 1.0.0,2,ok
089842,per089842_1906_01859,5,0,0,,,triagem/nome-caixa-conversao 1.0.0,2,ok
089842,per089842_1906_01859,6,0,0,,,triagem/nome-caixa-conversao 1.0.0,2,ok
089842,per089842_1906_01860,1,0,0,,,triagem/nome-caixa-conversao 1.0.0,2,ok
089842,per089842_1906_01860,2,0,0,,,triagem/nome-caixa-conversao 1.0.0,2,ok
089842,per089842_1906_01860,3,0,0,,,triagem/nome-caixa-conversao 1.0.0,2,ok
089842,per089842_1906_01860,4,0,0,,,triagem/nome-caixa-conversao 1.0.0,2,ok
089842,per089842_1906_01860,5,0,0,,,triagem/nome-caixa-conversao 1.0.0,2,ok
089842,per089842_1906_01860,6,0,0,,,triagem/nome-caixa-conversao 1.0.0,2,ok
089842,per089842_1906_01860,7,0,0,,,triagem/nome-caixa-conversao 1.0.0,2,ok
089842,per089842_1906_01860,8,0,0,,,triagem/nome-caixa-conversao 1.0.0,2,ok
089842,per089842_1906_01861,1,1,3,caixa de conver,8374,triagem/nome-caixa-conversao 1.0.0,2,ok
089842,per089842_1906_01861,2,0,0,,,triagem/nome-caixa-conversao 1.0.0,2,ok
089842,per089842_1906_01861,3,0,0,,,triagem/nome-caixa-conversao 1.0.0,2,ok
089842,per089842_1906_01861,4,0,0,,,triagem/nome-caixa-conversao 1.0.0,2,ok
089842,per089842_1906_01861,5,0,0,,,triagem/nome-caixa-conversao 1.0.0,2,ok
089842,per089842_1906_01861,6,0,0,,,triagem/nome-caixa-conversao 1.0.0,2,ok
089842,per089842_1906_01862,1,0,0,,,triagem/nome-caixa-conversao 1.0.0,2,ok
089842,per089842_1906_01862,2,0,0,,,triagem/nome-caixa-conversao 1.0.0,2,ok
089842,per089842_1906_01862,3,1,1,caixa de conver,463,triagem/nome-caixa-conversao 1.0.0,2,ok
089842,per089842_1906_01862,4,0,0,,,triagem/nome-caixa-conversao 1.0.0,2,ok
089842,per089842_1906_01862,5,0,0,,,triagem/nome-caixa-conversao 1.0.0,2,ok
089842,per089842_1906_01862,6,0,0,,,triagem/nome-caixa-conversao 1.0.0,2,ok
089842,per089842_1906_01863,1,0,0,,,triagem/nome-caixa-conversao 1.0.0,2,ok
089842,per089842_1906_01863,2,0,0,,,triagem/nome-caixa-conversao 1.0.0,2,ok
089842,per089842_1906_01863,3,0,0,,,triagem/nome-caixa-conversao 1.0.0,2,ok
089842,per089842_1906_01863,4,0,0,,,triagem/nome-caixa-conversao 1.0.0,2,ok
089842,per089842_1906_01863,5,0,0,,,triagem/nome-caixa-conversao 1.0.0,2,ok
089842,per089842_1906_01863,6,0,0,,,triagem/nome-caixa-conversao 1.0.0,2,ok
089842,per089842_1906_01863,7,0,0,,,triagem/nome-caixa-conversao 1.0.0,2,ok
089842,per089842_1906_01863,8,0,0,,,triagem/nome-caixa-conversao 1.0.0,2,ok
089842,per089842_1906_01864,1,0,0,,,triagem/nome-caixa-conversao 1.0.0,2,ok
089842,per089842_1906_01864,2,0,0,,,triagem/nome-caixa-conversao 1.0.0,2,ok
089842,per089842_1906_01864,3,0,0,,,triagem/nome-caixa-conversao 1.0.0,2,ok
089842,per089842_1906_01864,4,0,0,,,triagem/nome-caixa-conversao 1.0.0,2,ok
089842,per089842_1906_01864,5,0,0,,,triagem/nome-caixa-conversao 1.0.0,2,ok
089842,per089842_1906_01864,6,0,0,,,triagem/nome-caixa-conversao 1.0.0,2,ok
089842,per089842_1906_01864,7,0,0,,,triagem/nome-caixa-conversao 1.0.0,2,ok
089842,per089842_1906_01864,8,0,0,,,triagem/nome-caixa-conversao 1.0.0,2,ok
089842,per089842_1906_01864,9,0,0,,,triagem/nome-caixa-conversao 1.0.0,2,ok
089842,per089842_1906_01864,10,0,0,,,triagem/nome-caixa-conversao 1.0.0,2,ok
089842,per089842_1906_01864,11,0,0,,,triagem/nome-caixa-conversao 1.0.0,2,ok
089842,per089842_1906_01864,12,0,0,,,triagem/nome-caixa-conversao 1.0.0,2,ok
089842,per089842_1906_01865,1,0,0,,,triagem/nome-caixa-conversao 1.0.0,2,ok
089842,per089842_1906_01865,2,0,0,,,triagem/nome-caixa-conversao 1.0.0,2,ok
089842,per089842_1906_01865,3,0,0,,,triagem/nome-caixa-conversao 1.0.0,2,ok
089842,per089842_1906_01865,4,0,0,,,triagem/nome-caixa-conversao 1.0.0,2,ok
089842,per089842_1906_01865,5,0,0,,,triagem/nome-caixa-conversao 1.0.0,2,ok
089842,per089842_1906_01865,6,0,0,,,triagem/nome-caixa-conversao 1.0.0,2,ok
089842,per089842_1906_01866,1,1,1,caixa dc conver,19956,triagem/nome-caixa-conversao 1.0.0,2,ok
089842,per089842_1906_01866,2,0,0,,,triagem/nome-caixa-conversao 1.0.0,2,ok
089842,per089842_1906_01866,3,1,1,caixa de conver,2975,triagem/nome-caixa-conversao 1.0.0,2,ok
089842,per089842_1906_01866,4,0,0,,,triagem/nome-caixa-conversao 1.0.0,2,ok
089842,per089842_1906_01866,5,0,0,,,triagem/nome-caixa-conversao 1.0.0,2,ok
089842,per089842_1906_01866,6,0,0,,,triagem/nome-caixa-conversao 1.0.0,2,ok
089842,per089842_1906_01867,1,0,0,,,triagem/nome-caixa-conversao 1.0.0,2,ok
089842,per089842_1906_01867,2,0,0,,,triagem/nome-caixa-conversao 1.0.0,2,ok
089842,per089842_1906_01867,3,0,0,,,triagem/nome-caixa-conversao 1.0.0,2,ok
089842,per089842_1906_01867,4,0,0,,,triagem/nome-caixa-conversao 1.0.0,2,ok
089842,per089842_1906_01867,5,0,0,,,triagem/nome-caixa-conversao 1.0.0,2,ok
089842,per089842_1906_01867,6,0,0,,,triagem/nome-caixa-conversao 1.0.0,2,ok
089842,per089842_1906_01867,7,0,0,,,triagem/nome-caixa-conversao 1.0.0,2,ok
089842,per089842_1906_01867,8,0,0,,,triagem/nome-caixa-conversao 1.0.0,2,ok
089842,per089842_1906_01868,1,0,0,,,triagem/nome-caixa-conversao 1.0.0,2,ok
089842,per089842_1906_01868,2,0,0,,,triagem/nome-caixa-conversao 1.0.0,2,ok
089842,per089842_1906_01868,3,0,0,,,triagem/nome-caixa-conversao 1.0.0,2,ok
089842,per089842_1906_01868,4,1,1,caixa de conver,31599,triagem/nome-caixa-conversao 1.0.0,2,ok
089842,per089842_1906_01868,5,0,0,,,triagem/nome-caixa-conversao 1.0.0,2,ok
089842,per089842_1906_01868,6,0,0,,,triagem/nome-caixa-conversao 1.0.0,2,ok
089842,per089842_1906_01871,1,0,0,,,triagem/nome-caixa-conversao 1.0.0,2,ok
089842,per089842_1906_01871,2,0,0,,,triagem/nome-caixa-conversao 1.0.0,2,ok
089842,per089842_1906_01871,3,0,0,,,triagem/nome-caixa-conversao 1.0.0,2,ok
089842,per089842_1906_01871,4,0,0,,,triagem/nome-caixa-conversao 1.0.0,2,ok
089842,per089842_1906_01871,5,0,0,,,triagem/nome-caixa-conversao 1.0.0,2,ok
089842,per089842_1906_01871,6,0,0,,,triagem/nome-caixa-conversao 1.0.0,2,ok
089842,per089842_1906_01871,7,0,0,,,triagem/nome-caixa-conversao 1.0.0,2,ok
089842,per089842_1906_01871,8,0,0,,,triagem/nome-caixa-conversao 1.0.0,2,ok
089842,per089842_1906_01871,9,0,0,,,triagem/nome-caixa-conversao 1.0.0,2,ok
089842,per089842_1906_01871,10,0,0,,,triagem/nome-caixa-conversao 1.0.0,2,ok
089842,per089842_1906_01871,11,0,0,,,triagem/nome-caixa-conversao 1.0.0,2,ok
089842,per089842_1906_01871,12,0,0,,,triagem/nome-caixa-conversao 1.0.0,2,ok
089842,per089842_1906_01872,1,0,0,,,triagem/nome-caixa-conversao 1.0.0,2,ok
089842,per089842_1906_01872,2,0,0,,,triagem/nome-caixa-conversao 1.0.0,2,ok
089842,per089842_1906_01872,3,0,0,,,triagem/nome-caixa-conversao 1.0.0,2,ok
089842,per089842_1906_01872,4,0,0,,,triagem/nome-caixa-conversao 1.0.0,2,ok
089842,per089842_1906_01872,5,0,0,,,triagem/nome-caixa-conversao 1.0.0,2,ok
089842,per089842_1906_01872,6,0,0,,,triagem/nome-caixa-conversao 1.0.0,2,ok
089842,per089842_1906_01873,1,0,0,,,triagem/nome-caixa-conversao 1.0.0,2,ok
089842,per089842_1906_01873,2,0,0,,,triagem/nome-caixa-conversao 1.0.0,2,ok
089842,per089842_1906_01873,3,0,0,,,triagem/nome-caixa-conversao 1.0.0,2,ok
089842,per089842_1906_01873,4,0,0,,,triagem/nome-caixa-conversao 1.0.0,2,ok
089842,per089842_1906_01873,5,0,0,,,triagem/nome-caixa-conversao 1.0.0,2,ok
089842,per089842_1906_01873,6,0,0,,,triagem/nome-caixa-conversao 1.0.0,2,ok
089842,per089842_1906_01874,1,0,0,,,triagem/nome-caixa-conversao 1.0.0,2,ok
089842,per089842_1906_01874,2,0,0,,,triagem/nome-caixa-conversao 1.0.0,2,ok
089842,per089842_1906_01874,3,0,0,,,triagem/nome-caixa-conversao 1.0.0,2,ok
089842,per089842_1906_01874,4,0,0,,,triagem/nome-caixa-conversao 1.0.0,2,ok
089842,per089842_1906_01874,5,0,0,,,triagem/nome-caixa-conversao 1.0.0,2,ok
089842,per089842_1906_01874,6,0,0,,,triagem/nome-caixa-conversao 1.0.0,2,ok
089842,per089842_1906_01875,1,0,0,,,triagem/nome-caixa-conversao 1.0.0,2,ok
089842,per089842_1906_01875,2,0,0,,,triagem/nome-caixa-conversao 1.0.0,2,ok
089842,per089842_1906_01875,3,0,0,,,triagem/nome-caixa-conversao 1.0.0,2,ok
089842,per089842_1906_01875,4,0,0,,,triagem/nome-caixa-conversao 1.0.0,2,ok
089842,per089842_1906_01875,5,0,0,,,triagem/nome-caixa-conversao 1.0.0,2,ok
089842,per089842_1906_01875,6,0,0,,,triagem/nome-caixa-conversao 1.0.0,2,ok
089842,per089842_1906_01875,7,0,0,,,triagem/nome-caixa-conversao 1.0.0,2,ok
089842,per089842_1906_01875,8,0,0,,,triagem/nome-caixa-conversao 1.0.0,2,ok
089842,per089842_1906_01876,1,0,0,,,triagem/nome-caixa-conversao 1.0.0,2,ok
089842,per089842_1906_01876,2,1,3,caixa de conver,5784,triagem/nome-caixa-conversao 1.0.0,2,ok
089842,per089842_1906_01876,3,0,0,,,triagem/nome-caixa-conversao 1.0.0,2,ok
089842,per089842_1906_01876,4,0,0,,,triagem/nome-caixa-conversao 1.0.0,2,ok
089842,per089842_1906_01876,5,0,0,,,triagem/nome-caixa-conversao 1.0.0,2,ok
089842,per089842_1906_01876,6,0,0,,,triagem/nome-caixa-conversao 1.0.0,2,ok
089842,per089842_1906_01877,1,0,0,,,triagem/nome-caixa-conversao 1.0.0,2,ok
089842,per089842_1906_01877,2,1,1,caixa de conver,21211,triagem/nome-caixa-conversao 1.0.0,2,ok
089842,per089842_1906_01877,3,0,0,,,triagem/nome-caixa-conversao 1.0.0,2,ok
089842,per089842_1906_01877,4,0,0,,,triagem/nome-caixa-conversao 1.0.0,2,ok
089842,per089842_1906_01877,5,0,0,,,triagem/nome-caixa-conversao 1.0.0,2,ok
089842,per089842_1906_01877,6,0,0,,,triagem/nome-caixa-conversao 1.0.0,2,ok
089842,per089842_1906_01877,7,0,0,,,triagem/nome-caixa-conversao 1.0.0,2,ok
089842,per089842_1906_01877,8,0,0,,,triagem/nome-caixa-conversao 1.0.0,2,ok
089842,per089842_1906_01878,1,0,0,,,triagem/nome-caixa-conversao 1.0.0,2,ok
089842,per089842_1906_01878,2,0,0,,,triagem/nome-caixa-conversao 1.0.0,2,ok
089842,per089842_1906_01878,3,0,0,,,triagem/nome-caixa-conversao 1.0.0,2,ok
089842,per089842_1906_01878,4,0,0,,,triagem/nome-caixa-conversao 1.0.0,2,ok
089842,per089842_1906_01878,5,0,0,,,triagem/nome-caixa-conversao 1.0.0,2,ok
089842,per089842_1906_01878,6,0,0,,,triagem/nome-caixa-conversao 1.0.0,2,ok
089842,per089842_1906_01878,7,1,1,caixa do conver,1291,triagem/nome-caixa-conversao 1.0.0,2,ok
089842,per089842_1906_01878,8,0,0,,,triagem/nome-caixa-conversao 1.0.0,2,ok
089842,per089842_1906_01878,9,0,0,,,triagem/nome-caixa-conversao 1.0.0,2,ok
089842,per089842_1906_01878,10,0,0,,,triagem/nome-caixa-conversao 1.0.0,2,ok
089842,per089842_1906_01878,11,0,0,,,triagem/nome-caixa-conversao 1.0.0,2,ok
089842,per089842_1906_01878,12,0,0,,,triagem/nome-caixa-conversao 1.0.0,2,ok
089842,per089842_1906_01879,1,0,0,,,triagem/nome-caixa-conversao 1.0.0,2,ok
089842,per089842_1906_01879,2,0,0,,,triagem/nome-caixa-conversao 1.0.0,2,ok
089842,per089842_1906_01879,3,0,0,,,triagem/nome-caixa-conversao 1.0.0,2,ok
089842,per089842_1906_01879,4,0,0,,,triagem/nome-caixa-conversao 1.0.0,2,ok
089842,per089842_1906_01879,5,0,0,,,triagem/nome-caixa-conversao 1.0.0,2,ok
089842,per089842_1906_01879,6,0,0,,,triagem/nome-caixa-conversao 1.0.0,2,ok
089842,per089842_1906_01880,1,1,1,caixa de conver,28808,triagem/nome-caixa-conversao 1.0.0,2,ok
089842,per089842_1906_01880,2,1,1,caixa de conver,2463,triagem/nome-caixa-conversao 1.0.0,2,ok
089842,per089842_1906_01880,3,0,0,,,triagem/nome-caixa-conversao 1.0.0,2,ok
089842,per089842_1906_01880,4,0,0,,,triagem/nome-caixa-conversao 1.0.0,2,ok
089842,per089842_1906_01880,5,0,0,,,triagem/nome-caixa-conversao 1.0.0,2,ok
089842,per089842_1906_01880,6,0,0,,,triagem/nome-caixa-conversao 1.0.0,2,ok
089842,per089842_1906_01881,1,1,1,caixa deconver,12781,triagem/nome-caixa-conversao 1.0.0,2,ok
089842,per089842_1906_01881,2,0,0,,,triagem/nome-caixa-conversao 1.0.0,2,ok
089842,per089842_1906_01881,3,0,0,,,triagem/nome-caixa-conversao 1.0.0,2,ok
089842,per089842_1906_01881,4,0,0,,,triagem/nome-caixa-conversao 1.0.0,2,ok
089842,per089842_1906_01881,5,0,0,,,triagem/nome-caixa-conversao 1.0.0,2,ok
089842,per089842_1906_01881,6,0,0,,,triagem/nome-caixa-conversao 1.0.0,2,ok
089842,per089842_1906_01882,1,0,0,,,triagem/nome-caixa-conversao 1.0.0,2,ok
089842,per089842_1906_01882,2,0,0,,,triagem/nome-caixa-conversao 1.0.0,2,ok
089842,per089842_1906_01882,3,0,0,,,triagem/nome-caixa-conversao 1.0.0,2,ok
089842,per089842_1906_01882,4,0,0,,,triagem/nome-caixa-conversao 1.0.0,2,ok
089842,per089842_1906_01882,5,1,1,caixa de conver,28160,triagem/nome-caixa-conversao 1.0.0,2,ok
089842,per089842_1906_01882,6,0,0,,,triagem/nome-caixa-conversao 1.0.0,2,ok
089842,per089842_1906_01882,7,0,0,,,triagem/nome-caixa-conversao 1.0.0,2,ok
089842,per089842_1906_01882,8,0,0,,,triagem/nome-caixa-conversao 1.0.0,2,ok
089842,per089842_1906_01883,1,1,1,caixa de conver,1276,triagem/nome-caixa-conversao 1.0.0,2,ok
089842,per089842_1906_01883,2,0,0,,,triagem/nome-caixa-conversao 1.0.0,2,ok
089842,per089842_1906_01883,3,0,0,,,triagem/nome-caixa-conversao 1.0.0,2,ok
089842,per089842_1906_01883,4,0,0,,,triagem/nome-caixa-conversao 1.0.0,2,ok
089842,per089842_1906_01883,5,0,0,,,triagem/nome-caixa-conversao 1.0.0,2,ok
089842,per089842_1906_01883,6,0,0,,,triagem/nome-caixa-conversao 1.0.0,2,ok
089842,per089842_1906_01883,7,0,0,,,triagem/nome-caixa-conversao 1.0.0,2,ok
089842,per089842_1906_01883,8,0,0,,,triagem/nome-caixa-conversao 1.0.0,2,ok
089842,per089842_1906_01884,1,0,0,,,triagem/nome-caixa-conversao 1.0.0,2,ok
089842,per089842_1906_01884,2,0,0,,,triagem/nome-caixa-conversao 1.0.0,2,ok
089842,per089842_1906_01884,3,0,0,,,triagem/nome-caixa-conversao 1.0.0,2,ok
089842,per089842_1906_01884,4,0,0,,,triagem/nome-caixa-conversao 1.0.0,2,ok
089842,per089842_1906_01884,5,0,0,,,triagem/nome-caixa-conversao 1.0.0,2,ok
089842,per089842_1906_01884,6,0,0,,,triagem/nome-caixa-conversao 1.0.0,2,ok
089842,per089842_1906_01885,1,0,0,,,triagem/nome-caixa-conversao 1.0.0,2,ok
089842,per089842_1906_01885,2,0,0,,,triagem/nome-caixa-conversao 1.0.0,2,ok
089842,per089842_1906_01885,3,0,0,,,triagem/nome-caixa-conversao 1.0.0,2,ok
089842,per089842_1906_01885,4,0,0,,,triagem/nome-caixa-conversao 1.0.0,2,ok
089842,per089842_1906_01885,5,0,0,,,triagem/nome-caixa-conversao 1.0.0,2,ok
089842,per089842_1906_01885,6,0,0,,,triagem/nome-caixa-conversao 1.0.0,2,ok
089842,per089842_1906_01885,7,0,0,,,triagem/nome-caixa-conversao 1.0.0,2,ok
089842,per089842_1906_01885,8,0,0,,,triagem/nome-caixa-conversao 1.0.0,2,ok
089842,per089842_1906_01885,9,0,0,,,triagem/nome-caixa-conversao 1.0.0,2,ok
089842,per089842_1906_01885,10,0,0,,,triagem/nome-caixa-conversao 1.0.0,2,ok
089842,per089842_1906_01885,11,0,0,,,triagem/nome-caixa-conversao 1.0.0,2,ok
089842,per089842_1906_01885,12,0,0,,,triagem/nome-caixa-conversao 1.0.0,2,ok
089842,per089842_1906_01886,1,1,1,caixa dc conver,25254,triagem/nome-caixa-conversao 1.0.0,2,ok
089842,per089842_1906_01886,2,0,0,,,triagem/nome-caixa-conversao 1.0.0,2,ok
089842,per089842_1906_01886,3,0,0,,,triagem/nome-caixa-conversao 1.0.0,2,ok
089842,per089842_1906_01886,4,0,0,,,triagem/nome-caixa-conversao 1.0.0,2,ok
089842,per089842_1906_01886,5,0,0,,,triagem/nome-caixa-conversao 1.0.0,2,ok
089842,per089842_1906_01886,6,0,0,,,triagem/nome-caixa-conversao 1.0.0,2,ok
089842,per089842_1906_01887,1,1,1,caixade conver,27342,triagem/nome-caixa-conversao 1.0.0,2,ok
089842,per089842_1906_01887,2,0,0,,,triagem/nome-caixa-conversao 1.0.0,2,ok
089842,per089842_1906_01887,3,0,0,,,triagem/nome-caixa-conversao 1.0.0,2,ok
089842,per089842_1906_01887,4,0,0,,,triagem/nome-caixa-conversao 1.0.0,2,ok
089842,per089842_1906_01887,5,0,0,,,triagem/nome-caixa-conversao 1.0.0,2,ok
089842,per089842_1906_01887,6,0,0,,,triagem/nome-caixa-conversao 1.0.0,2,ok
089842,per089842_1906_01888,1,0,0,,,triagem/nome-caixa-conversao 1.0.0,2,ok
089842,per089842_1906_01888,2,0,0,,,triagem/nome-caixa-conversao 1.0.0,2,ok
089842,per089842_1906_01888,3,0,0,,,triagem/nome-caixa-conversao 1.0.0,2,ok
089842,per089842_1906_01888,4,0,0,,,triagem/nome-caixa-conversao 1.0.0,2,ok
089842,per089842_1906_01888,5,0,0,,,triagem/nome-caixa-conversao 1.0.0,2,ok
089842,per089842_1906_01888,6,0,0,,,triagem/nome-caixa-conversao 1.0.0,2,ok
089842,per089842_1906_01889,1,0,0,,,triagem/nome-caixa-conversao 1.0.0,2,ok
089842,per089842_1906_01889,2,0,0,,,triagem/nome-caixa-conversao 1.0.0,2,ok
089842,per089842_1906_01889,3,0,0,,,triagem/nome-caixa-conversao 1.0.0,2,ok
089842,per089842_1906_01889,4,0,0,,,triagem/nome-caixa-conversao 1.0.0,2,ok
089842,per089842_1906_01889,5,0,0,,,triagem/nome-caixa-conversao 1.0.0,2,ok
089842,per089842_1906_01889,6,0,0,,,triagem/nome-caixa-conversao 1.0.0,2,ok
089842,per089842_1906_01889,7,0,0,,,triagem/nome-caixa-conversao 1.0.0,2,ok
089842,per089842_1906_01889,8,0,0,,,triagem/nome-caixa-conversao 1.0.0,2,ok
089842,per089842_1906_01890,1,1,6,caixadn conver,23810,triagem/nome-caixa-conversao 1.0.0,2,ok
089842,per089842_1906_01890,2,0,0,,,triagem/nome-caixa-conversao 1.0.0,2,ok
089842,per089842_1906_01890,3,0,0,,,triagem/nome-caixa-conversao 1.0.0,2,ok
089842,per089842_1906_01890,4,0,0,,,triagem/nome-caixa-conversao 1.0.0,2,ok
089842,per089842_1906_01890,5,0,0,,,triagem/nome-caixa-conversao 1.0.0,2,ok
089842,per089842_1906_01890,6,0,0,,,triagem/nome-caixa-conversao 1.0.0,2,ok
089842,per089842_1906_01890,7,0,0,,,triagem/nome-caixa-conversao 1.0.0,2,ok
089842,per089842_1906_01890,8,0,0,,,triagem/nome-caixa-conversao 1.0.0,2,ok
089842,per089842_1906_01891,1,0,0,,,triagem/nome-caixa-conversao 1.0.0,2,ok
089842,per089842_1906_01891,2,1,4,caixa de conver,22913,triagem/nome-caixa-conversao 1.0.0,2,ok
089842,per089842_1906_01891,3,0,0,,,triagem/nome-caixa-conversao 1.0.0,2,ok
089842,per089842_1906_01891,4,0,0,,,triagem/nome-caixa-conversao 1.0.0,2,ok
089842,per089842_1906_01891,5,0,0,,,triagem/nome-caixa-conversao 1.0.0,2,ok
089842,per089842_1906_01891,6,0,0,,,triagem/nome-caixa-conversao 1.0.0,2,ok
089842,per089842_1906_01891,7,0,0,,,triagem/nome-caixa-conversao 1.0.0,2,ok
089842,per089842_1906_01891,8,0,0,,,triagem/nome-caixa-conversao 1.0.0,2,ok
089842,per089842_1906_01892,1,0,0,,,triagem/nome-caixa-conversao 1.0.0,2,ok
089842,per089842_1906_01892,2,0,0,,,triagem/nome-caixa-conversao 1.0.0,2,ok
089842,per089842_1906_01892,3,0,0,,,triagem/nome-caixa-conversao 1.0.0,2,ok
089842,per089842_1906_01892,4,0,0,,,triagem/nome-caixa-conversao 1.0.0,2,ok
089842,per089842_1906_01892,5,1,1,caixa dc conver,34887,triagem/nome-caixa-conversao 1.0.0,2,ok
089842,per089842_1906_01892,6,0,0,,,triagem/nome-caixa-conversao 1.0.0,2,ok
089842,per089842_1906_01892,7,0,0,,,triagem/nome-caixa-conversao 1.0.0,2,ok
089842,per089842_1906_01892,8,0,0,,,triagem/nome-caixa-conversao 1.0.0,2,ok
089842,per089842_1906_01892,9,0,0,,,triagem/nome-caixa-conversao 1.0.0,2,ok
089842,per089842_1906_01892,10,0,0,,,triagem/nome-caixa-conversao 1.0.0,2,ok
089842,per089842_1906_01892,11,0,0,,,triagem/nome-caixa-conversao 1.0.0,2,ok
089842,per089842_1906_01892,12,0,0,,,triagem/nome-caixa-conversao 1.0.0,2,ok
089842,per089842_1906_01893,1,0,0,,,triagem/nome-caixa-conversao 1.0.0,2,ok
089842,per089842_1906_01893,2,0,0,,,triagem/nome-caixa-conversao 1.0.0,2,ok
089842,per089842_1906_01893,3,0,0,,,triagem/nome-caixa-conversao 1.0.0,2,ok
089842,per089842_1906_01893,4,0,0,,,triagem/nome-caixa-conversao 1.0.0,2,ok
089842,per089842_1906_01893,5,0,0,,,triagem/nome-caixa-conversao 1.0.0,2,ok
089842,per089842_1906_01893,6,0,0,,,triagem/nome-caixa-conversao 1.0.0,2,ok
089842,per089842_1906_01894,1,1,1,caixa de conver,38262,triagem/nome-caixa-conversao 1.0.0,2,ok
089842,per089842_1906_01894,2,0,0,,,triagem/nome-caixa-conversao 1.0.0,2,ok
089842,per089842_1906_01894,3,0,0,,,triagem/nome-caixa-conversao 1.0.0,2,ok
089842,per089842_1906_01894,4,0,0,,,triagem/nome-caixa-conversao 1.0.0,2,ok
089842,per089842_1906_01894,5,0,0,,,triagem/nome-caixa-conversao 1.0.0,2,ok
089842,per089842_1906_01894,6,0,0,,,triagem/nome-caixa-conversao 1.0.0,2,ok
089842,per089842_1906_01895,1,0,0,,,triagem/nome-caixa-conversao 1.0.0,2,ok
089842,per089842_1906_01895,2,0,0,,,triagem/nome-caixa-conversao 1.0.0,2,ok
089842,per089842_1906_01895,3,0,0,,,triagem/nome-caixa-conversao 1.0.0,2,ok
089842,per089842_1906_01895,4,0,0,,,triagem/nome-caixa-conversao 1.0.0,2,ok
089842,per089842_1906_01895,5,0,0,,,triagem/nome-caixa-conversao 1.0.0,2,ok
089842,per089842_1906_01895,6,0,0,,,triagem/nome-caixa-conversao 1.0.0,2,ok
089842,per089842_1906_01896,1,0,0,,,triagem/nome-caixa-conversao 1.0.0,2,ok
089842,per089842_1906_01896,2,0,0,,,triagem/nome-caixa-conversao 1.0.0,2,ok
089842,per089842_1906_01896,3,0,0,,,triagem/nome-caixa-conversao 1.0.0,2,ok
089842,per089842_1906_01896,4,0,0,,,triagem/nome-caixa-conversao 1.0.0,2,ok
089842,per089842_1906_01896,5,0,0,,,triagem/nome-caixa-conversao 1.0.0,2,ok
089842,per089842_1906_01896,6,0,0,,,triagem/nome-caixa-conversao 1.0.0,2,ok
089842,per089842_1906_01896,7,0,0,,,triagem/nome-caixa-conversao 1.0.0,2,ok
089842,per089842_1906_01896,8,0,0,,,triagem/nome-caixa-conversao 1.0.0,2,ok
089842,per089842_1906_01897,1,1,5,caixa dc conver,1193,triagem/nome-caixa-conversao 1.0.0,2,ok
089842,per089842_1906_01897,2,0,0,,,triagem/nome-caixa-conversao 1.0.0,2,ok
089842,per089842_1906_01897,3,0,0,,,triagem/nome-caixa-conversao 1.0.0,2,ok
089842,per089842_1906_01897,4,0,0,,,triagem/nome-caixa-conversao 1.0.0,2,ok
089842,per089842_1906_01897,5,0,0,,,triagem/nome-caixa-conversao 1.0.0,2,ok
089842,per089842_1906_01897,6,0,0,,,triagem/nome-caixa-conversao 1.0.0,2,ok
089842,per089842_1906_01898,1,1,1,caixa dc conver,10755,triagem/nome-caixa-conversao 1.0.0,2,ok
089842,per089842_1906_01898,2,0,0,,,triagem/nome-caixa-conversao 1.0.0,2,ok
089842,per089842_1906_01898,3,0,0,,,triagem/nome-caixa-conversao 1.0.0,2,ok
089842,per089842_1906_01898,4,0,0,,,triagem/nome-caixa-conversao 1.0.0,2,ok
089842,per089842_1906_01898,5,0,0,,,triagem/nome-caixa-conversao 1.0.0,2,ok
089842,per089842_1906_01898,6,0,0,,,triagem/nome-caixa-conversao 1.0.0,2,ok
089842,per089842_1906_01899,1,0,0,,,triagem/nome-caixa-conversao 1.0.0,2,ok
089842,per089842_1906_01899,2,0,0,,,triagem/nome-caixa-conversao 1.0.0,2,ok
089842,per089842_1906_01899,3,0,0,,,triagem/nome-caixa-conversao 1.0.0,2,ok
089842,per089842_1906_01899,4,0,0,,,triagem/nome-caixa-conversao 1.0.0,2,ok
089842,per089842_1906_01899,5,1,1,caixa do conver,40322,triagem/nome-caixa-conversao 1.0.0,2,ok
089842,per089842_1906_01899,6,0,0,,,triagem/nome-caixa-conversao 1.0.0,2,ok
089842,per089842_1906_01899,7,0,0,,,triagem/nome-caixa-conversao 1.0.0,2,ok
089842,per089842_1906_01899,8,0,0,,,triagem/nome-caixa-conversao 1.0.0,2,ok
089842,per089842_1906_01899,9,0,0,,,triagem/nome-caixa-conversao 1.0.0,2,ok
089842,per089842_1906_01899,10,0,0,,,triagem/nome-caixa-conversao 1.0.0,2,ok
089842,per089842_1906_01899,11,0,0,,,triagem/nome-caixa-conversao 1.0.0,2,ok
089842,per089842_1906_01899,12,0,0,,,triagem/nome-caixa-conversao 1.0.0,2,ok
089842,per089842_1906_01900,1,0,0,,,triagem/nome-caixa-conversao 1.0.0,2,ok
089842,per089842_1906_01900,2,0,0,,,triagem/nome-caixa-conversao 1.0.0,2,ok
089842,per089842_1906_01900,3,0,0,,,triagem/nome-caixa-conversao 1.0.0,2,ok
089842,per089842_1906_01900,4,0,0,,,triagem/nome-caixa-conversao 1.0.0,2,ok
089842,per089842_1906_01901,1,1,4,caixa dcconver,3707,triagem/nome-caixa-conversao 1.0.0,2,ok
089842,per089842_1906_01901,2,0,0,,,triagem/nome-caixa-conversao 1.0.0,2,ok
089842,per089842_1906_01901,3,0,0,,,triagem/nome-caixa-conversao 1.0.0,2,ok
089842,per089842_1906_01901,4,0,0,,,triagem/nome-caixa-conversao 1.0.0,2,ok
089842,per089842_1906_01901,5,0,0,,,triagem/nome-caixa-conversao 1.0.0,2,ok
089842,per089842_1906_01901,6,0,0,,,triagem/nome-caixa-conversao 1.0.0,2,ok
089842,per089842_1906_01902,1,1,13,caixa dc conver,9456,triagem/nome-caixa-conversao 1.0.0,2,ok
089842,per089842_1906_01902,2,1,1,caixa deconver,45655,triagem/nome-caixa-conversao 1.0.0,2,ok
089842,per089842_1906_01902,3,0,0,,,triagem/nome-caixa-conversao 1.0.0,2,ok
089842,per089842_1906_01902,4,1,1,caixa de conver,42518,triagem/nome-caixa-conversao 1.0.0,2,ok
089842,per089842_1906_01902,5,1,4,caixa dnconver,12859,triagem/nome-caixa-conversao 1.0.0,2,ok
089842,per089842_1906_01902,6,0,0,,,triagem/nome-caixa-conversao 1.0.0,2,ok
089842,per089842_1906_01902,7,0,0,,,triagem/nome-caixa-conversao 1.0.0,2,ok
089842,per089842_1906_01902,8,0,0,,,triagem/nome-caixa-conversao 1.0.0,2,ok
089842,per089842_1906_01903,1,1,6,caixa do conver,2867,triagem/nome-caixa-conversao 1.0.0,2,ok
089842,per089842_1906_01903,2,1,1,caixa do conver,33479,triagem/nome-caixa-conversao 1.0.0,2,ok
089842,per089842_1906_01903,3,0,0,,,triagem/nome-caixa-conversao 1.0.0,2,ok
089842,per089842_1906_01903,4,0,0,,,triagem/nome-caixa-conversao 1.0.0,2,ok
089842,per089842_1906_01903,5,0,0,,,triagem/nome-caixa-conversao 1.0.0,2,ok
089842,per089842_1906_01903,6,1,3,caixa do conver,7513,triagem/nome-caixa-conversao 1.0.0,2,ok
089842,per089842_1906_01903,7,0,0,,,triagem/nome-caixa-conversao 1.0.0,2,ok
089842,per089842_1906_01903,8,0,0,,,triagem/nome-caixa-conversao 1.0.0,2,ok
089842,per089842_1906_01904,1,0,0,,,triagem/nome-caixa-conversao 1.0.0,2,ok
089842,per089842_1906_01904,2,0,0,,,triagem/nome-caixa-conversao 1.0.0,2,ok
089842,per089842_1906_01904,3,0,0,,,triagem/nome-caixa-conversao 1.0.0,2,ok
089842,per089842_1906_01904,4,0,0,,,triagem/nome-caixa-conversao 1.0.0,2,ok
089842,per089842_1906_01904,5,0,0,,,triagem/nome-caixa-conversao 1.0.0,2,ok
089842,per089842_1906_01904,6,0,0,,,triagem/nome-caixa-conversao 1.0.0,2,ok
089842,per089842_1906_01905,1,1,3,caixa dc conver,11386,triagem/nome-caixa-conversao 1.0.0,2,ok
089842,per089842_1906_01905,2,0,0,,,triagem/nome-caixa-conversao 1.0.0,2,ok
089842,per089842_1906_01905,3,0,0,,,triagem/nome-caixa-conversao 1.0.0,2,ok
089842,per089842_1906_01905,4,0,0,,,triagem/nome-caixa-conversao 1.0.0,2,ok
089842,per089842_1906_01905,5,0,0,,,triagem/nome-caixa-conversao 1.0.0,2,ok
089842,per089842_1906_01905,6,0,0,,,triagem/nome-caixa-conversao 1.0.0,2,ok
089842,per089842_1906_01906,1,0,0,,,triagem/nome-caixa-conversao 1.0.0,2,ok
089842,per089842_1906_01906,2,0,0,,,triagem/nome-caixa-conversao 1.0.0,2,ok
089842,per089842_1906_01906,3,0,0,,,triagem/nome-caixa-conversao 1.0.0,2,ok
089842,per089842_1906_01906,4,0,0,,,triagem/nome-caixa-conversao 1.0.0,2,ok
089842,per089842_1906_01906,5,1,5,caixa dcconver,737,triagem/nome-caixa-conversao 1.0.0,2,ok
089842,per089842_1906_01906,6,0,0,,,triagem/nome-caixa-conversao 1.0.0,2,ok
089842,per089842_1906_01906,7,1,1,caixa do conver,25137,triagem/nome-caixa-conversao 1.0.0,2,ok
089842,per089842_1906_01906,8,0,0,,,triagem/nome-caixa-conversao 1.0.0,2,ok
089842,per089842_1906_01906,9,0,0,,,triagem/nome-caixa-conversao 1.0.0,2,ok
089842,per089842_1906_01906,10,0,0,,,triagem/nome-caixa-conversao 1.0.0,2,ok
089842,per089842_1906_01907,1,0,0,,,triagem/nome-caixa-conversao 1.0.0,2,ok
089842,per089842_1906_01907,2,0,0,,,triagem/nome-caixa-conversao 1.0.0,2,ok
089842,per089842_1906_01908,1,1,1,caixa de conver,23365,triagem/nome-caixa-conversao 1.0.0,2,ok
089842,per089842_1906_01908,2,0,0,,,triagem/nome-caixa-conversao 1.0.0,2,ok
089842,per089842_1906_01908,3,0,0,,,triagem/nome-caixa-conversao 1.0.0,2,ok
089842,per089842_1906_01908,4,0,0,,,triagem/nome-caixa-conversao 1.0.0,2,ok
089842,per089842_1906_01908,5,0,0,,,triagem/nome-caixa-conversao 1.0.0,2,ok
089842,per089842_1906_01908,6,0,0,,,triagem/nome-caixa-conversao 1.0.0,2,ok
089842,per089842_1906_01909,1,1,2,caixa dc conver,19021,triagem/nome-caixa-conversao 1.0.0,2,ok
089842,per089842_1906_01909,2,0,0,,,triagem/nome-caixa-conversao 1.0.0,2,ok
089842,per089842_1906_01909,3,0,0,,,triagem/nome-caixa-conversao 1.0.0,2,ok
089842,per089842_1906_01909,4,0,0,,,triagem/nome-caixa-conversao 1.0.0,2,ok
089842,per089842_1906_01909,5,0,0,,,triagem/nome-caixa-conversao 1.0.0,2,ok
089842,per089842_1906_01909,6,0,0,,,triagem/nome-caixa-conversao 1.0.0,2,ok
089842,per089842_1906_01910,1,1,3,caixa de conver,7422,triagem/nome-caixa-conversao 1.0.0,2,ok
089842,per089842_1906_01910,2,0,0,,,triagem/nome-caixa-conversao 1.0.0,2,ok
089842,per089842_1906_01910,3,0,0,,,triagem/nome-caixa-conversao 1.0.0,2,ok
089842,per089842_1906_01910,4,0,0,,,triagem/nome-caixa-conversao 1.0.0,2,ok
089842,per089842_1906_01910,5,0,0,,,triagem/nome-caixa-conversao 1.0.0,2,ok
089842,per089842_1906_01910,6,0,0,,,triagem/nome-caixa-conversao 1.0.0,2,ok
089842,per089842_1906_01910,7,0,0,,,triagem/nome-caixa-conversao 1.0.0,2,ok
089842,per089842_1906_01910,8,0,0,,,triagem/nome-caixa-conversao 1.0.0,2,ok
089842,per089842_1906_01911,1,1,5,caixa de conver,351,triagem/nome-caixa-conversao 1.0.0,2,ok
089842,per089842_1906_01911,2,1,1,caixa do conver,12007,triagem/nome-caixa-conversao 1.0.0,2,ok
089842,per089842_1906_01911,3,1,1,caixa de conver,29073,triagem/nome-caixa-conversao 1.0.0,2,ok
089842,per089842_1906_01911,4,0,0,,,triagem/nome-caixa-conversao 1.0.0,2,ok
089842,per089842_1906_01911,5,0,0,,,triagem/nome-caixa-conversao 1.0.0,2,ok
089842,per089842_1906_01911,6,0,0,,,triagem/nome-caixa-conversao 1.0.0,2,ok
089842,per089842_1906_01912,1,1,9,caixa de conver,4716,triagem/nome-caixa-conversao 1.0.0,2,ok
089842,per089842_1906_01912,2,0,0,,,triagem/nome-caixa-conversao 1.0.0,2,ok
089842,per089842_1906_01912,3,0,0,,,triagem/nome-caixa-conversao 1.0.0,2,ok
089842,per089842_1906_01912,4,0,0,,,triagem/nome-caixa-conversao 1.0.0,2,ok
089842,per089842_1906_01912,5,0,0,,,triagem/nome-caixa-conversao 1.0.0,2,ok
089842,per089842_1906_01912,6,0,0,,,triagem/nome-caixa-conversao 1.0.0,2,ok
089842,per089842_1906_01912,7,0,0,,,triagem/nome-caixa-conversao 1.0.0,2,ok
089842,per089842_1906_01912,8,0,0,,,triagem/nome-caixa-conversao 1.0.0,2,ok
089842,per089842_1906_01913,1,0,0,,,triagem/nome-caixa-conversao 1.0.0,2,ok
089842,per089842_1906_01913,2,0,0,,,triagem/nome-caixa-conversao 1.0.0,2,ok
089842,per089842_1906_01913,3,0,0,,,triagem/nome-caixa-conversao 1.0.0,2,ok
089842,per089842_1906_01913,4,0,0,,,triagem/nome-caixa-conversao 1.0.0,2,ok
089842,per089842_1906_01913,5,1,2,caixa da conver,17249,triagem/nome-caixa-conversao 1.0.0,2,ok
089842,per089842_1906_01913,6,0,0,,,triagem/nome-caixa-conversao 1.0.0,2,ok
089842,per089842_1906_01913,7,0,0,,,triagem/nome-caixa-conversao 1.0.0,2,ok
089842,per089842_1906_01913,8,0,0,,,triagem/nome-caixa-conversao 1.0.0,2,ok
089842,per089842_1906_01913,9,0,0,,,triagem/nome-caixa-conversao 1.0.0,2,ok
089842,per089842_1906_01913,10,0,0,,,triagem/nome-caixa-conversao 1.0.0,2,ok
089842,per089842_1906_01913,11,0,0,,,triagem/nome-caixa-conversao 1.0.0,2,ok
089842,per089842_1906_01913,12,0,0,,,triagem/nome-caixa-conversao 1.0.0,2,ok
089842,per089842_1906_01914,1,1,2,caixa do conver,11435,triagem/nome-caixa-conversao 1.0.0,2,ok
089842,per089842_1906_01914,2,0,0,,,triagem/nome-caixa-conversao 1.0.0,2,ok
089842,per089842_1906_01914,3,0,0,,,triagem/nome-caixa-conversao 1.0.0,2,ok
089842,per089842_1906_01914,4,0,0,,,triagem/nome-caixa-conversao 1.0.0,2,ok
089842,per089842_1906_01914,5,0,0,,,triagem/nome-caixa-conversao 1.0.0,2,ok
089842,per089842_1906_01914,6,0,0,,,triagem/nome-caixa-conversao 1.0.0,2,ok
089842,per089842_1906_01915,1,0,0,,,triagem/nome-caixa-conversao 1.0.0,2,ok
089842,per089842_1906_01915,2,1,1,caixa de conver,32365,triagem/nome-caixa-conversao 1.0.0,2,ok
089842,per089842_1906_01915,3,0,0,,,triagem/nome-caixa-conversao 1.0.0,2,ok
089842,per089842_1906_01915,4,0,0,,,triagem/nome-caixa-conversao 1.0.0,2,ok
089842,per089842_1906_01915,5,0,0,,,triagem/nome-caixa-conversao 1.0.0,2,ok
089842,per089842_1906_01915,6,0,0,,,triagem/nome-caixa-conversao 1.0.0,2,ok
089842,per089842_1906_01916,1,1,4,caixa de conver,10543,triagem/nome-caixa-conversao 1.0.0,2,ok
089842,per089842_1906_01916,2,0,0,,,triagem/nome-caixa-conversao 1.0.0,2,ok
089842,per089842_1906_01916,3,0,0,,,triagem/nome-caixa-conversao 1.0.0,2,ok
089842,per089842_1906_01916,4,0,0,,,triagem/nome-caixa-conversao 1.0.0,2,ok
089842,per089842_1906_01916,5,0,0,,,triagem/nome-caixa-conversao 1.0.0,2,ok
089842,per089842_1906_01916,6,0,0,,,triagem/nome-caixa-conversao 1.0.0,2,ok
089842,per089842_1906_01917,1,1,1,caixa de conver,22423,triagem/nome-caixa-conversao 1.0.0,2,ok
089842,per089842_1906_01917,2,0,0,,,triagem/nome-caixa-conversao 1.0.0,2,ok
089842,per089842_1906_01917,3,0,0,,,triagem/nome-caixa-conversao 1.0.0,2,ok
089842,per089842_1906_01917,4,0,0,,,triagem/nome-caixa-conversao 1.0.0,2,ok
089842,per089842_1906_01917,5,0,0,,,triagem/nome-caixa-conversao 1.0.0,2,ok
089842,per089842_1906_01917,6,0,0,,,triagem/nome-caixa-conversao 1.0.0,2,ok
089842,per089842_1906_01917,7,0,0,,,triagem/nome-caixa-conversao 1.0.0,2,ok
089842,per089842_1906_01917,8,0,0,,,triagem/nome-caixa-conversao 1.0.0,2,ok
089842,per089842_1906_01918,1,1,5,caixadc conver,25091,triagem/nome-caixa-conversao 1.0.0,2,ok
089842,per089842_1906_01918,2,0,0,,,triagem/nome-caixa-conversao 1.0.0,2,ok
089842,per089842_1906_01918,3,0,0,,,triagem/nome-caixa-conversao 1.0.0,2,ok
089842,per089842_1906_01918,4,0,0,,,triagem/nome-caixa-conversao 1.0.0,2,ok
089842,per089842_1906_01918,5,0,0,,,triagem/nome-caixa-conversao 1.0.0,2,ok
089842,per089842_1906_01918,6,0,0,,,triagem/nome-caixa-conversao 1.0.0,2,ok
089842,per089842_1906_01918,7,0,0,,,triagem/nome-caixa-conversao 1.0.0,2,ok
089842,per089842_1906_01918,8,0,0,,,triagem/nome-caixa-conversao 1.0.0,2,ok
089842,per089842_1906_01919,1,0,0,,,triagem/nome-caixa-conversao 1.0.0,2,ok
089842,per089842_1906_01919,2,0,0,,,triagem/nome-caixa-conversao 1.0.0,2,ok
089842,per089842_1906_01919,3,0,0,,,triagem/nome-caixa-conversao 1.0.0,2,ok
089842,per089842_1906_01919,4,0,0,,,triagem/nome-caixa-conversao 1.0.0,2,ok
089842,per089842_1906_01919,5,0,0,,,triagem/nome-caixa-conversao 1.0.0,2,ok
089842,per089842_1906_01919,6,0,0,,,triagem/nome-caixa-conversao 1.0.0,2,ok
089842,per089842_1906_01920,1,0,0,,,triagem/nome-caixa-conversao 1.0.0,2,ok
089842,per089842_1906_01920,2,0,0,,,triagem/nome-caixa-conversao 1.0.0,2,ok
089842,per089842_1906_01920,3,0,0,,,triagem/nome-caixa-conversao 1.0.0,2,ok
089842,per089842_1906_01920,4,0,0,,,triagem/nome-caixa-conversao 1.0.0,2,ok
089842,per089842_1906_01920,5,0,0,,,triagem/nome-caixa-conversao 1.0.0,2,ok
089842,per089842_1906_01920,6,0,0,,,triagem/nome-caixa-conversao 1.0.0,2,ok
089842,per089842_1906_01920,7,0,0,,,triagem/nome-caixa-conversao 1.0.0,2,ok
089842,per089842_1906_01920,8,0,0,,,triagem/nome-caixa-conversao 1.0.0,2,ok
089842,per089842_1906_01920,9,0,0,,,triagem/nome-caixa-conversao 1.0.0,2,ok
089842,per089842_1906_01920,10,0,0,,,triagem/nome-caixa-conversao 1.0.0,2,ok
089842,per089842_1906_01920,11,0,0,,,triagem/nome-caixa-conversao 1.0.0,2,ok
089842,per089842_1906_01920,12,0,0,,,triagem/nome-caixa-conversao 1.0.0,2,ok
089842,per089842_1906_01921,1,0,0,,,triagem/nome-caixa-conversao 1.0.0,2,ok
089842,per089842_1906_01921,2,0,0,,,triagem/nome-caixa-conversao 1.0.0,2,ok
089842,per089842_1906_01921,3,0,0,,,triagem/nome-caixa-conversao 1.0.0,2,ok
089842,per089842_1906_01921,4,0,0,,,triagem/nome-caixa-conversao 1.0.0,2,ok
089842,per089842_1906_01921,5,0,0,,,triagem/nome-caixa-conversao 1.0.0,2,ok
089842,per089842_1906_01921,6,0,0,,,triagem/nome-caixa-conversao 1.0.0,2,ok
089842,per089842_1906_01922,1,1,2,caixa de conver,9671,triagem/nome-caixa-conversao 1.0.0,2,ok
089842,per089842_1906_01922,2,0,0,,,triagem/nome-caixa-conversao 1.0.0,2,ok
089842,per089842_1906_01922,3,0,0,,,triagem/nome-caixa-conversao 1.0.0,2,ok
089842,per089842_1906_01922,4,0,0,,,triagem/nome-caixa-conversao 1.0.0,2,ok
089842,per089842_1906_01922,5,0,0,,,triagem/nome-caixa-conversao 1.0.0,2,ok
089842,per089842_1906_01922,6,0,0,,,triagem/nome-caixa-conversao 1.0.0,2,ok
089842,per089842_1906_01923,1,1,2,caixa de conver,30252,triagem/nome-caixa-conversao 1.0.0,2,ok
089842,per089842_1906_01923,2,0,0,,,triagem/nome-caixa-conversao 1.0.0,2,ok
089842,per089842_1906_01923,3,0,0,,,triagem/nome-caixa-conversao 1.0.0,2,ok
089842,per089842_1906_01923,4,0,0,,,triagem/nome-caixa-conversao 1.0.0,2,ok
089842,per089842_1906_01923,5,0,0,,,triagem/nome-caixa-conversao 1.0.0,2,ok
089842,per089842_1906_01923,6,0,0,,,triagem/nome-caixa-conversao 1.0.0,2,ok
089842,per089842_1906_01924,1,0,0,,,triagem/nome-caixa-conversao 1.0.0,2,ok
089842,per089842_1906_01924,2,0,0,,,triagem/nome-caixa-conversao 1.0.0,2,ok
089842,per089842_1906_01924,3,0,0,,,triagem/nome-caixa-conversao 1.0.0,2,ok
089842,per089842_1906_01924,4,0,0,,,triagem/nome-caixa-conversao 1.0.0,2,ok
089842,per089842_1906_01924,5,0,0,,,triagem/nome-caixa-conversao 1.0.0,2,ok
089842,per089842_1906_01924,6,0,0,,,triagem/nome-caixa-conversao 1.0.0,2,ok
089842,per089842_1906_01925,1,1,1,caixa dc conver,21177,triagem/nome-caixa-conversao 1.0.0,2,ok
089842,per089842_1906_01925,2,0,0,,,triagem/nome-caixa-conversao 1.0.0,2,ok
089842,per089842_1906_01925,3,0,0,,,triagem/nome-caixa-conversao 1.0.0,2,ok
089842,per089842_1906_01925,4,0,0,,,triagem/nome-caixa-conversao 1.0.0,2,ok
089842,per089842_1906_01925,5,0,0,,,triagem/nome-caixa-conversao 1.0.0,2,ok
089842,per089842_1906_01925,6,0,0,,,triagem/nome-caixa-conversao 1.0.0,2,ok
089842,per089842_1906_01925,7,0,0,,,triagem/nome-caixa-conversao 1.0.0,2,ok
089842,per089842_1906_01925,8,0,0,,,triagem/nome-caixa-conversao 1.0.0,2,ok
089842,per089842_1906_01926,1,1,1,caixa de conver,10384,triagem/nome-caixa-conversao 1.0.0,2,ok
089842,per089842_1906_01926,2,0,0,,,triagem/nome-caixa-conversao 1.0.0,2,ok
089842,per089842_1906_01926,3,0,0,,,triagem/nome-caixa-conversao 1.0.0,2,ok
089842,per089842_1906_01926,4,0,0,,,triagem/nome-caixa-conversao 1.0.0,2,ok
089842,per089842_1906_01926,5,0,0,,,triagem/nome-caixa-conversao 1.0.0,2,ok
089842,per089842_1906_01926,6,0,0,,,triagem/nome-caixa-conversao 1.0.0,2,ok
089842,per089842_1906_01927,1,0,0,,,triagem/nome-caixa-conversao 1.0.0,2,ok
089842,per089842_1906_01927,2,0,0,,,triagem/nome-caixa-conversao 1.0.0,2,ok
089842,per089842_1906_01927,3,0,0,,,triagem/nome-caixa-conversao 1.0.0,2,ok
089842,per089842_1906_01927,4,0,0,,,triagem/nome-caixa-conversao 1.0.0,2,ok
089842,per089842_1906_01927,5,0,0,,,triagem/nome-caixa-conversao 1.0.0,2,ok
089842,per089842_1906_01927,6,0,0,,,triagem/nome-caixa-conversao 1.0.0,2,ok
089842,per089842_1906_01927,7,0,0,,,triagem/nome-caixa-conversao 1.0.0,2,ok
089842,per089842_1906_01927,8,0,0,,,triagem/nome-caixa-conversao 1.0.0,2,ok
089842,per089842_1906_01927,9,0,0,,,triagem/nome-caixa-conversao 1.0.0,2,ok
089842,per089842_1906_01927,10,0,0,,,triagem/nome-caixa-conversao 1.0.0,2,ok
089842,per089842_1906_01927,11,0,0,,,triagem/nome-caixa-conversao 1.0.0,2,ok
089842,per089842_1906_01927,12,0,0,,,triagem/nome-caixa-conversao 1.0.0,2,ok
089842,per089842_1906_01928,1,1,1,caixa de conver,22080,triagem/nome-caixa-conversao 1.0.0,2,ok
089842,per089842_1906_01928,2,0,0,,,triagem/nome-caixa-conversao 1.0.0,2,ok
089842,per089842_1906_01928,3,0,0,,,triagem/nome-caixa-conversao 1.0.0,2,ok
089842,per089842_1906_01928,4,0,0,,,triagem/nome-caixa-conversao 1.0.0,2,ok
089842,per089842_1906_01928,5,0,0,,,triagem/nome-caixa-conversao 1.0.0,2,ok
089842,per089842_1906_01928,6,0,0,,,triagem/nome-caixa-conversao 1.0.0,2,ok
089842,per089842_1906_01928,7,0,0,,,triagem/nome-caixa-conversao 1.0.0,2,ok
089842,per089842_1906_01928,8,0,0,,,triagem/nome-caixa-conversao 1.0.0,2,ok
089842,per089842_1906_01929,1,0,0,,,triagem/nome-caixa-conversao 1.0.0,2,ok
089842,per089842_1906_01929,2,0,0,,,triagem/nome-caixa-conversao 1.0.0,2,ok
089842,per089842_1906_01929,3,0,0,,,triagem/nome-caixa-conversao 1.0.0,2,ok
089842,per089842_1906_01929,4,0,0,,,triagem/nome-caixa-conversao 1.0.0,2,ok
089842,per089842_1906_01929,5,0,0,,,triagem/nome-caixa-conversao 1.0.0,2,ok
089842,per089842_1906_01929,6,0,0,,,triagem/nome-caixa-conversao 1.0.0,2,ok
089842,per089842_1906_01929,7,0,0,,,triagem/nome-caixa-conversao 1.0.0,2,ok
089842,per089842_1906_01929,8,0,0,,,triagem/nome-caixa-conversao 1.0.0,2,ok
089842,per089842_1906_01930,1,0,0,,,triagem/nome-caixa-conversao 1.0.0,2,ok
089842,per089842_1906_01930,2,0,0,,,triagem/nome-caixa-conversao 1.0.0,2,ok
089842,per089842_1906_01930,3,0,0,,,triagem/nome-caixa-conversao 1.0.0,2,ok
089842,per089842_1906_01930,4,0,0,,,triagem/nome-caixa-conversao 1.0.0,2,ok
089842,per089842_1906_01930,5,0,0,,,triagem/nome-caixa-conversao 1.0.0,2,ok
089842,per089842_1906_01930,6,0,0,,,triagem/nome-caixa-conversao 1.0.0,2,ok
089842,per089842_1906_01931,1,0,0,,,triagem/nome-caixa-conversao 1.0.0,2,ok
089842,per089842_1906_01931,2,0,0,,,triagem/nome-caixa-conversao 1.0.0,2,ok
089842,per089842_1906_01931,3,0,0,,,triagem/nome-caixa-conversao 1.0.0,2,ok
089842,per089842_1906_01931,4,0,0,,,triagem/nome-caixa-conversao 1.0.0,2,ok
089842,per089842_1906_01931,5,0,0,,,triagem/nome-caixa-conversao 1.0.0,2,ok
089842,per089842_1906_01931,6,0,0,,,triagem/nome-caixa-conversao 1.0.0,2,ok
089842,per089842_1906_01932,1,0,0,,,triagem/nome-caixa-conversao 1.0.0,2,ok
089842,per089842_1906_01932,2,0,0,,,triagem/nome-caixa-conversao 1.0.0,2,ok
089842,per089842_1906_01932,3,0,0,,,triagem/nome-caixa-conversao 1.0.0,2,ok
089842,per089842_1906_01932,4,0,0,,,triagem/nome-caixa-conversao 1.0.0,2,ok
089842,per089842_1906_01932,5,0,0,,,triagem/nome-caixa-conversao 1.0.0,2,ok
089842,per089842_1906_01932,6,0,0,,,triagem/nome-caixa-conversao 1.0.0,2,ok
089842,per089842_1906_01933,1,1,1,caixa de conver,15083,triagem/nome-caixa-conversao 1.0.0,2,ok
089842,per089842_1906_01933,2,0,0,,,triagem/nome-caixa-conversao 1.0.0,2,ok
089842,per089842_1906_01933,3,0,0,,,triagem/nome-caixa-conversao 1.0.0,2,ok
089842,per089842_1906_01933,4,0,0,,,triagem/nome-caixa-conversao 1.0.0,2,ok
089842,per089842_1906_01933,5,0,0,,,triagem/nome-caixa-conversao 1.0.0,2,ok
089842,per089842_1906_01933,6,0,0,,,triagem/nome-caixa-conversao 1.0.0,2,ok
089842,per089842_1906_01934,1,0,0,,,triagem/nome-caixa-conversao 1.0.0,2,ok
089842,per089842_1906_01934,2,0,0,,,triagem/nome-caixa-conversao 1.0.0,2,ok
089842,per089842_1906_01934,3,0,0,,,triagem/nome-caixa-conversao 1.0.0,2,ok
089842,per089842_1906_01934,4,0,0,,,triagem/nome-caixa-conversao 1.0.0,2,ok
089842,per089842_1906_01934,5,0,0,,,triagem/nome-caixa-conversao 1.0.0,2,ok
089842,per089842_1906_01934,6,0,0,,,triagem/nome-caixa-conversao 1.0.0,2,ok
089842,per089842_1906_01934,7,0,0,,,triagem/nome-caixa-conversao 1.0.0,2,ok
089842,per089842_1906_01934,8,0,0,,,triagem/nome-caixa-conversao 1.0.0,2,ok
089842,per089842_1906_01934,9,0,0,,,triagem/nome-caixa-conversao 1.0.0,2,ok
089842,per089842_1906_01934,10,0,0,,,triagem/nome-caixa-conversao 1.0.0,2,ok
089842,per089842_1906_01934,11,0,0,,,triagem/nome-caixa-conversao 1.0.0,2,ok
089842,per089842_1906_01934,12,0,0,,,triagem/nome-caixa-conversao 1.0.0,2,ok
089842,per089842_1906_01934,13,0,0,,,triagem/nome-caixa-conversao 1.0.0,2,ok
089842,per089842_1906_01934,14,0,0,,,triagem/nome-caixa-conversao 1.0.0,2,ok
089842,per089842_1906_01934,15,0,0,,,triagem/nome-caixa-conversao 1.0.0,2,ok
089842,per089842_1906_01934,16,0,0,,,triagem/nome-caixa-conversao 1.0.0,2,ok
089842,per089842_1906_01934,17,0,0,,,triagem/nome-caixa-conversao 1.0.0,2,ok
089842,per089842_1906_01934,18,0,0,,,triagem/nome-caixa-conversao 1.0.0,2,ok
089842,per089842_1906_01934,19,0,0,,,triagem/nome-caixa-conversao 1.0.0,2,ok
089842,per089842_1906_01934,20,0,0,,,triagem/nome-caixa-conversao 1.0.0,2,ok
089842,per089842_1906_01935,1,0,0,,,triagem/nome-caixa-conversao 1.0.0,2,ok
089842,per089842_1906_01935,2,0,0,,,triagem/nome-caixa-conversao 1.0.0,2,ok
089842,per089842_1906_01935,3,0,0,,,triagem/nome-caixa-conversao 1.0.0,2,ok
089842,per089842_1906_01935,4,0,0,,,triagem/nome-caixa-conversao 1.0.0,2,ok
089842,per089842_1906_01935,5,0,0,,,triagem/nome-caixa-conversao 1.0.0,2,ok
089842,per089842_1906_01935,6,0,0,,,triagem/nome-caixa-conversao 1.0.0,2,ok
089842,per089842_1906_01935,7,0,0,,,triagem/nome-caixa-conversao 1.0.0,2,ok
089842,per089842_1906_01935,8,0,0,,,triagem/nome-caixa-conversao 1.0.0,2,ok
089842,per089842_1906_01936,1,0,0,,,triagem/nome-caixa-conversao 1.0.0,2,ok
089842,per089842_1906_01936,2,0,0,,,triagem/nome-caixa-conversao 1.0.0,2,ok
089842,per089842_1906_01936,3,0,0,,,triagem/nome-caixa-conversao 1.0.0,2,ok
089842,per089842_1906_01936,4,0,0,,,triagem/nome-caixa-conversao 1.0.0,2,ok
089842,per089842_1906_01936,5,0,0,,,triagem/nome-caixa-conversao 1.0.0,2,ok
089842,per089842_1906_01936,6,0,0,,,triagem/nome-caixa-conversao 1.0.0,2,ok
089842,per089842_1906_01937,1,1,1,caixa de conver,29780,triagem/nome-caixa-conversao 1.0.0,2,ok
089842,per089842_1906_01937,2,0,0,,,triagem/nome-caixa-conversao 1.0.0,2,ok
089842,per089842_1906_01937,3,0,0,,,triagem/nome-caixa-conversao 1.0.0,2,ok
089842,per089842_1906_01937,4,0,0,,,triagem/nome-caixa-conversao 1.0.0,2,ok
089842,per089842_1906_01937,5,0,0,,,triagem/nome-caixa-conversao 1.0.0,2,ok
089842,per089842_1906_01937,6,0,0,,,triagem/nome-caixa-conversao 1.0.0,2,ok
089842,per089842_1906_01937,7,0,0,,,triagem/nome-caixa-conversao 1.0.0,2,ok
089842,per089842_1906_01937,8,0,0,,,triagem/nome-caixa-conversao 1.0.0,2,ok
089842,per089842_1906_01937,9,0,0,,,triagem/nome-caixa-conversao 1.0.0,2,ok
089842,per089842_1906_01937,10,0,0,,,triagem/nome-caixa-conversao 1.0.0,2,ok
089842,per089842_1906_01937,11,0,0,,,triagem/nome-caixa-conversao 1.0.0,2,ok
089842,per089842_1906_01937,12,0,0,,,triagem/nome-caixa-conversao 1.0.0,2,ok
089842,per089842_1906_01938,1,1,1,caixa dt conver,16774,triagem/nome-caixa-conversao 1.0.0,2,ok
089842,per089842_1906_01938,2,0,0,,,triagem/nome-caixa-conversao 1.0.0,2,ok
089842,per089842_1906_01938,3,0,0,,,triagem/nome-caixa-conversao 1.0.0,2,ok
089842,per089842_1906_01938,4,0,0,,,triagem/nome-caixa-conversao 1.0.0,2,ok
089842,per089842_1906_01938,5,0,0,,,triagem/nome-caixa-conversao 1.0.0,2,ok
089842,per089842_1906_01938,6,0,0,,,triagem/nome-caixa-conversao 1.0.0,2,ok
089842,per089842_1906_01938,7,0,0,,,triagem/nome-caixa-conversao 1.0.0,2,ok
089842,per089842_1906_01938,8,0,0,,,triagem/nome-caixa-conversao 1.0.0,2,ok
089842,per089842_1906_01939,1,1,4,caixa de conver,13435,triagem/nome-caixa-conversao 1.0.0,2,ok
089842,per089842_1906_01939,2,0,0,,,triagem/nome-caixa-conversao 1.0.0,2,ok
089842,per089842_1906_01939,3,0,0,,,triagem/nome-caixa-conversao 1.0.0,2,ok
089842,per089842_1906_01939,4,0,0,,,triagem/nome-caixa-conversao 1.0.0,2,ok
089842,per089842_1906_01939,5,0,0,,,triagem/nome-caixa-conversao 1.0.0,2,ok
089842,per089842_1906_01939,6,0,0,,,triagem/nome-caixa-conversao 1.0.0,2,ok
089842,per089842_1906_01940,1,0,0,,,triagem/nome-caixa-conversao 1.0.0,2,ok
089842,per089842_1906_01940,2,0,0,,,triagem/nome-caixa-conversao 1.0.0,2,ok
089842,per089842_1906_01940,3,0,0,,,triagem/nome-caixa-conversao 1.0.0,2,ok
089842,per089842_1906_01940,4,0,0,,,triagem/nome-caixa-conversao 1.0.0,2,ok
089842,per089842_1906_01940,5,0,0,,,triagem/nome-caixa-conversao 1.0.0,2,ok
089842,per089842_1906_01940,6,0,0,,,triagem/nome-caixa-conversao 1.0.0,2,ok
089842,per089842_1906_01941,1,0,0,,,triagem/nome-caixa-conversao 1.0.0,2,ok
089842,per089842_1906_01941,2,0,0,,,triagem/nome-caixa-conversao 1.0.0,2,ok
089842,per089842_1906_01941,3,0,0,,,triagem/nome-caixa-conversao 1.0.0,2,ok
089842,per089842_1906_01941,4,0,0,,,triagem/nome-caixa-conversao 1.0.0,2,ok
089842,per089842_1906_01941,5,0,0,,,triagem/nome-caixa-conversao 1.0.0,2,ok
089842,per089842_1906_01941,6,0,0,,,triagem/nome-caixa-conversao 1.0.0,2,ok
089842,per089842_1906_01941,7,0,0,,,triagem/nome-caixa-conversao 1.0.0,2,ok
089842,per089842_1906_01941,8,0,0,,,triagem/nome-caixa-conversao 1.0.0,2,ok
089842,per089842_1906_01941,9,0,0,,,triagem/nome-caixa-conversao 1.0.0,2,ok
089842,per089842_1906_01941,10,0,0,,,triagem/nome-caixa-conversao 1.0.0,2,ok
089842,per089842_1906_01941,11,0,0,,,triagem/nome-caixa-conversao 1.0.0,2,ok
089842,per089842_1906_01941,12,0,0,,,triagem/nome-caixa-conversao 1.0.0,2,ok
089842,per089842_1906_01942,1,0,0,,,triagem/nome-caixa-conversao 1.0.0,2,ok
089842,per089842_1906_01942,2,0,0,,,triagem/nome-caixa-conversao 1.0.0,2,ok
089842,per089842_1906_01942,3,0,0,,,triagem/nome-caixa-conversao 1.0.0,2,ok
089842,per089842_1906_01942,4,0,0,,,triagem/nome-caixa-conversao 1.0.0,2,ok
089842,per089842_1906_01943,1,0,0,,,triagem/nome-caixa-conversao 1.0.0,2,ok
089842,per089842_1906_01943,2,0,0,,,triagem/nome-caixa-conversao 1.0.0,2,ok
089842,per089842_1906_01943,3,0,0,,,triagem/nome-caixa-conversao 1.0.0,2,ok
089842,per089842_1906_01943,4,0,0,,,triagem/nome-caixa-conversao 1.0.0,2,ok
089842,per089842_1906_01943,5,0,0,,,triagem/nome-caixa-conversao 1.0.0,2,ok
089842,per089842_1906_01943,6,0,0,,,triagem/nome-caixa-conversao 1.0.0,2,ok
089842,per089842_1906_01944,1,0,0,,,triagem/nome-caixa-conversao 1.0.0,2,ok
089842,per089842_1906_01944,2,0,0,,,triagem/nome-caixa-conversao 1.0.0,2,ok
089842,per089842_1906_01944,3,0,0,,,triagem/nome-caixa-conversao 1.0.0,2,ok
089842,per089842_1906_01944,4,0,0,,,triagem/nome-caixa-conversao 1.0.0,2,ok
089842,per089842_1906_01944,5,0,0,,,triagem/nome-caixa-conversao 1.0.0,2,ok
089842,per089842_1906_01944,6,0,0,,,triagem/nome-caixa-conversao 1.0.0,2,ok
089842,per089842_1906_01945,1,0,0,,,triagem/nome-caixa-conversao 1.0.0,2,ok
089842,per089842_1906_01945,2,0,0,,,triagem/nome-caixa-conversao 1.0.0,2,ok
089842,per089842_1906_01945,3,0,0,,,triagem/nome-caixa-conversao 1.0.0,2,ok
089842,per089842_1906_01945,4,0,0,,,triagem/nome-caixa-conversao 1.0.0,2,ok
089842,per089842_1906_01945,5,0,0,,,triagem/nome-caixa-conversao 1.0.0,2,ok
089842,per089842_1906_01945,6,0,0,,,triagem/nome-caixa-conversao 1.0.0,2,ok
089842,per089842_1906_01945,7,0,0,,,triagem/nome-caixa-conversao 1.0.0,2,ok
089842,per089842_1906_01945,8,0,0,,,triagem/nome-caixa-conversao 1.0.0,2,ok
089842,per089842_1906_01946,1,0,0,,,triagem/nome-caixa-conversao 1.0.0,2,ok
089842,per089842_1906_01946,2,1,3,caixade conver,12512,triagem/nome-caixa-conversao 1.0.0,2,ok
089842,per089842_1906_01946,3,0,0,,,triagem/nome-caixa-conversao 1.0.0,2,ok
089842,per089842_1906_01946,4,0,0,,,triagem/nome-caixa-conversao 1.0.0,2,ok
089842,per089842_1906_01946,5,0,0,,,triagem/nome-caixa-conversao 1.0.0,2,ok
089842,per089842_1906_01946,6,0,0,,,triagem/nome-caixa-conversao 1.0.0,2,ok
089842,per089842_1906_01947,1,1,4,caixa de conver,6701,triagem/nome-caixa-conversao 1.0.0,2,ok
089842,per089842_1906_01947,2,0,0,,,triagem/nome-caixa-conversao 1.0.0,2,ok
089842,per089842_1906_01947,3,0,0,,,triagem/nome-caixa-conversao 1.0.0,2,ok
089842,per089842_1906_01947,4,1,1,caixa do conver,15741,triagem/nome-caixa-conversao 1.0.0,2,ok
089842,per089842_1906_01947,5,1,10,caixa de conver,19093,triagem/nome-caixa-conversao 1.0.0,2,ok
089842,per089842_1906_01947,6,0,0,,,triagem/nome-caixa-conversao 1.0.0,2,ok
089842,per089842_1906_01947,7,0,0,,,triagem/nome-caixa-conversao 1.0.0,2,ok
089842,per089842_1906_01947,8,0,0,,,triagem/nome-caixa-conversao 1.0.0,2,ok
089842,per089842_1906_01948,1,0,0,,,triagem/nome-caixa-conversao 1.0.0,2,ok
089842,per089842_1906_01948,2,0,0,,,triagem/nome-caixa-conversao 1.0.0,2,ok
089842,per089842_1906_01948,3,0,0,,,triagem/nome-caixa-conversao 1.0.0,2,ok
089842,per089842_1906_01948,4,0,0,,,triagem/nome-caixa-conversao 1.0.0,2,ok
089842,per089842_1906_01948,5,0,0,,,triagem/nome-caixa-conversao 1.0.0,2,ok
089842,per089842_1906_01948,6,0,0,,,triagem/nome-caixa-conversao 1.0.0,2,ok
089842,per089842_1906_01948,7,0,0,,,triagem/nome-caixa-conversao 1.0.0,2,ok
089842,per089842_1906_01948,8,0,0,,,triagem/nome-caixa-conversao 1.0.0,2,ok
089842,per089842_1906_01948,9,0,0,,,triagem/nome-caixa-conversao 1.0.0,2,ok
089842,per089842_1906_01948,10,0,0,,,triagem/nome-caixa-conversao 1.0.0,2,ok
089842,per089842_1906_01948,11,0,0,,,triagem/nome-caixa-conversao 1.0.0,2,ok
089842,per089842_1906_01948,12,0,0,,,triagem/nome-caixa-conversao 1.0.0,2,ok
089842,per089842_1906_01949,1,0,0,,,triagem/nome-caixa-conversao 1.0.0,2,ok
089842,per089842_1906_01949,2,0,0,,,triagem/nome-caixa-conversao 1.0.0,2,ok
089842,per089842_1906_01949,3,0,0,,,triagem/nome-caixa-conversao 1.0.0,2,ok
089842,per089842_1906_01949,4,0,0,,,triagem/nome-caixa-conversao 1.0.0,2,ok
089842,per089842_1906_01950,1,1,1,caixa de conver,36344,triagem/nome-caixa-conversao 1.0.0,2,ok
089842,per089842_1906_01950,2,0,0,,,triagem/nome-caixa-conversao 1.0.0,2,ok
089842,per089842_1906_01950,3,0,0,,,triagem/nome-caixa-conversao 1.0.0,2,ok
089842,per089842_1906_01950,4,0,0,,,triagem/nome-caixa-conversao 1.0.0,2,ok
089842,per089842_1906_01950,5,0,0,,,triagem/nome-caixa-conversao 1.0.0,2,ok
089842,per089842_1906_01950,6,0,0,,,triagem/nome-caixa-conversao 1.0.0,2,ok
089842,per089842_1906_01951,1,0,0,,,triagem/nome-caixa-conversao 1.0.0,2,ok
089842,per089842_1906_01951,2,0,0,,,triagem/nome-caixa-conversao 1.0.0,2,ok
089842,per089842_1906_01951,3,0,0,,,triagem/nome-caixa-conversao 1.0.0,2,ok
089842,per089842_1906_01951,4,0,0,,,triagem/nome-caixa-conversao 1.0.0,2,ok
089842,per089842_1906_01951,5,0,0,,,triagem/nome-caixa-conversao 1.0.0,2,ok
089842,per089842_1906_01951,6,0,0,,,triagem/nome-caixa-conversao 1.0.0,2,ok
089842,per089842_1906_01952,1,0,0,,,triagem/nome-caixa-conversao 1.0.0,2,ok
089842,per089842_1906_01952,2,0,0,,,triagem/nome-caixa-conversao 1.0.0,2,ok
089842,per089842_1906_01952,3,0,0,,,triagem/nome-caixa-conversao 1.0.0,2,ok
089842,per089842_1906_01952,4,0,0,,,triagem/nome-caixa-conversao 1.0.0,2,ok
089842,per089842_1906_01952,5,0,0,,,triagem/nome-caixa-conversao 1.0.0,2,ok
089842,per089842_1906_01952,6,0,0,,,triagem/nome-caixa-conversao 1.0.0,2,ok
089842,per089842_1906_01953,1,0,0,,,triagem/nome-caixa-conversao 1.0.0,2,ok
089842,per089842_1906_01953,2,0,0,,,triagem/nome-caixa-conversao 1.0.0,2,ok
089842,per089842_1906_01953,3,0,0,,,triagem/nome-caixa-conversao 1.0.0,2,ok
089842,per089842_1906_01953,4,0,0,,,triagem/nome-caixa-conversao 1.0.0,2,ok
089842,per089842_1906_01953,5,0,0,,,triagem/nome-caixa-conversao 1.0.0,2,ok
089842,per089842_1906_01953,6,0,0,,,triagem/nome-caixa-conversao 1.0.0,2,ok
089842,per089842_1906_01954,1,0,0,,,triagem/nome-caixa-conversao 1.0.0,2,ok
089842,per089842_1906_01954,2,0,0,,,triagem/nome-caixa-conversao 1.0.0,2,ok
089842,per089842_1906_01954,3,0,0,,,triagem/nome-caixa-conversao 1.0.0,2,ok
089842,per089842_1906_01954,4,0,0,,,triagem/nome-caixa-conversao 1.0.0,2,ok
089842,per089842_1906_01954,5,0,0,,,triagem/nome-caixa-conversao 1.0.0,2,ok
089842,per089842_1906_01954,6,0,0,,,triagem/nome-caixa-conversao 1.0.0,2,ok
089842,per089842_1906_01955,1,0,0,,,triagem/nome-caixa-conversao 1.0.0,2,ok
089842,per089842_1906_01955,2,0,0,,,triagem/nome-caixa-conversao 1.0.0,2,ok
089842,per089842_1906_01955,3,0,0,,,triagem/nome-caixa-conversao 1.0.0,2,ok
089842,per089842_1906_01955,4,0,0,,,triagem/nome-caixa-conversao 1.0.0,2,ok
089842,per089842_1906_01955,5,0,0,,,triagem/nome-caixa-conversao 1.0.0,2,ok
089842,per089842_1906_01955,6,0,0,,,triagem/nome-caixa-conversao 1.0.0,2,ok
089842,per089842_1906_01955,7,0,0,,,triagem/nome-caixa-conversao 1.0.0,2,ok
089842,per089842_1906_01955,8,0,0,,,triagem/nome-caixa-conversao 1.0.0,2,ok
089842,per089842_1906_01955,9,0,0,,,triagem/nome-caixa-conversao 1.0.0,2,ok
089842,per089842_1906_01955,10,0,0,,,triagem/nome-caixa-conversao 1.0.0,2,ok
089842,per089842_1906_01955,11,0,0,,,triagem/nome-caixa-conversao 1.0.0,2,ok
089842,per089842_1906_01955,12,0,0,,,triagem/nome-caixa-conversao 1.0.0,2,ok
089842,per089842_1906_01956,1,0,0,,,triagem/nome-caixa-conversao 1.0.0,2,ok
089842,per089842_1906_01956,2,0,0,,,triagem/nome-caixa-conversao 1.0.0,2,ok
089842,per089842_1906_01956,3,0,0,,,triagem/nome-caixa-conversao 1.0.0,2,ok
089842,per089842_1906_01956,4,0,0,,,triagem/nome-caixa-conversao 1.0.0,2,ok
089842,per089842_1906_01957,1,0,0,,,triagem/nome-caixa-conversao 1.0.0,2,ok
089842,per089842_1906_01957,2,0,0,,,triagem/nome-caixa-conversao 1.0.0,2,ok
089842,per089842_1906_01957,3,0,0,,,triagem/nome-caixa-conversao 1.0.0,2,ok
089842,per089842_1906_01957,4,0,0,,,triagem/nome-caixa-conversao 1.0.0,2,ok
089842,per089842_1906_01957,5,0,0,,,triagem/nome-caixa-conversao 1.0.0,2,ok
089842,per089842_1906_01957,6,0,0,,,triagem/nome-caixa-conversao 1.0.0,2,ok
089842,per089842_1906_01957,7,0,0,,,triagem/nome-caixa-conversao 1.0.0,2,ok
089842,per089842_1906_01957,8,0,0,,,triagem/nome-caixa-conversao 1.0.0,2,ok
089842,per089842_1906_01958,1,0,0,,,triagem/nome-caixa-conversao 1.0.0,2,ok
089842,per089842_1906_01958,2,0,0,,,triagem/nome-caixa-conversao 1.0.0,2,ok
089842,per089842_1906_01958,3,0,0,,,triagem/nome-caixa-conversao 1.0.0,2,ok
089842,per089842_1906_01958,4,0,0,,,triagem/nome-caixa-conversao 1.0.0,2,ok
089842,per089842_1906_01958,5,0,0,,,triagem/nome-caixa-conversao 1.0.0,2,ok
089842,per089842_1906_01958,6,0,0,,,triagem/nome-caixa-conversao 1.0.0,2,ok
089842,per089842_1906_01959,1,1,2,caixa deconver,18625,triagem/nome-caixa-conversao 1.0.0,2,ok
089842,per089842_1906_01959,2,1,1,caixa daconver,33956,triagem/nome-caixa-conversao 1.0.0,2,ok
089842,per089842_1906_01959,3,1,1,caixa de conver,29,triagem/nome-caixa-conversao 1.0.0,2,ok
089842,per089842_1906_01959,4,0,0,,,triagem/nome-caixa-conversao 1.0.0,2,ok
089842,per089842_1906_01959,5,0,0,,,triagem/nome-caixa-conversao 1.0.0,2,ok
089842,per089842_1906_01959,6,0,0,,,triagem/nome-caixa-conversao 1.0.0,2,ok
089842,per089842_1906_01959,7,0,0,,,triagem/nome-caixa-conversao 1.0.0,2,ok
089842,per089842_1906_01959,8,0,0,,,triagem/nome-caixa-conversao 1.0.0,2,ok
089842,per089842_1906_01960,1,0,0,,,triagem/nome-caixa-conversao 1.0.0,2,ok
089842,per089842_1906_01960,2,0,0,,,triagem/nome-caixa-conversao 1.0.0,2,ok
089842,per089842_1906_01960,3,0,0,,,triagem/nome-caixa-conversao 1.0.0,2,ok
089842,per089842_1906_01960,4,0,0,,,triagem/nome-caixa-conversao 1.0.0,2,ok
089842,per089842_1906_01960,5,0,0,,,triagem/nome-caixa-conversao 1.0.0,2,ok
089842,per089842_1906_01960,6,0,0,,,triagem/nome-caixa-conversao 1.0.0,2,ok
089842,per089842_1906_01961,1,0,0,,,triagem/nome-caixa-conversao 1.0.0,2,ok
089842,per089842_1906_01961,2,0,0,,,triagem/nome-caixa-conversao 1.0.0,2,ok
089842,per089842_1906_01961,3,0,0,,,triagem/nome-caixa-conversao 1.0.0,2,ok
089842,per089842_1906_01961,4,0,0,,,triagem/nome-caixa-conversao 1.0.0,2,ok
089842,per089842_1906_01961,5,0,0,,,triagem/nome-caixa-conversao 1.0.0,2,ok
089842,per089842_1906_01961,6,0,0,,,triagem/nome-caixa-conversao 1.0.0,2,ok
089842,per089842_1906_01962,1,0,0,,,triagem/nome-caixa-conversao 1.0.0,2,ok
089842,per089842_1906_01962,2,0,0,,,triagem/nome-caixa-conversao 1.0.0,2,ok
089842,per089842_1906_01962,3,0,0,,,triagem/nome-caixa-conversao 1.0.0,2,ok
089842,per089842_1906_01962,4,0,0,,,triagem/nome-caixa-conversao 1.0.0,2,ok
089842,per089842_1906_01962,5,0,0,,,triagem/nome-caixa-conversao 1.0.0,2,ok
089842,per089842_1906_01962,6,1,1,caixa de conver,8575,triagem/nome-caixa-conversao 1.0.0,2,ok
089842,per089842_1906_01962,7,0,0,,,triagem/nome-caixa-conversao 1.0.0,2,ok
089842,per089842_1906_01962,8,0,0,,,triagem/nome-caixa-conversao 1.0.0,2,ok
089842,per089842_1906_01962,9,0,0,,,triagem/nome-caixa-conversao 1.0.0,2,ok
089842,per089842_1906_01962,10,0,0,,,triagem/nome-caixa-conversao 1.0.0,2,ok
089842,per089842_1906_01962,11,0,0,,,triagem/nome-caixa-conversao 1.0.0,2,ok
089842,per089842_1906_01962,12,0,0,,,triagem/nome-caixa-conversao 1.0.0,2,ok
089842,per089842_1906_01963,1,0,0,,,triagem/nome-caixa-conversao 1.0.0,2,ok
089842,per089842_1906_01963,2,0,0,,,triagem/nome-caixa-conversao 1.0.0,2,ok
089842,per089842_1906_01963,3,0,0,,,triagem/nome-caixa-conversao 1.0.0,2,ok
089842,per089842_1906_01963,4,0,0,,,triagem/nome-caixa-conversao 1.0.0,2,ok
089842,per089842_1906_01963,5,0,0,,,triagem/nome-caixa-conversao 1.0.0,2,ok
089842,per089842_1906_01963,6,0,0,,,triagem/nome-caixa-conversao 1.0.0,2,ok
089842,per089842_1906_01964,1,1,1,caixa de conver,25565,triagem/nome-caixa-conversao 1.0.0,2,ok
089842,per089842_1906_01964,2,0,0,,,triagem/nome-caixa-conversao 1.0.0,2,ok
089842,per089842_1906_01964,3,0,0,,,triagem/nome-caixa-conversao 1.0.0,2,ok
089842,per089842_1906_01964,4,0,0,,,triagem/nome-caixa-conversao 1.0.0,2,ok
089842,per089842_1906_01964,5,0,0,,,triagem/nome-caixa-conversao 1.0.0,2,ok
089842,per089842_1906_01964,6,0,0,,,triagem/nome-caixa-conversao 1.0.0,2,ok
089842,per089842_1906_01965,1,1,4,caixa dcconver,14554,triagem/nome-caixa-conversao 1.0.0,2,ok
089842,per089842_1906_01965,2,0,0,,,triagem/nome-caixa-conversao 1.0.0,2,ok
089842,per089842_1906_01965,3,0,0,,,triagem/nome-caixa-conversao 1.0.0,2,ok
089842,per089842_1906_01965,4,0,0,,,triagem/nome-caixa-conversao 1.0.0,2,ok
089842,per089842_1906_01965,5,0,0,,,triagem/nome-caixa-conversao 1.0.0,2,ok
089842,per089842_1906_01965,6,0,0,,,triagem/nome-caixa-conversao 1.0.0,2,ok
089842,per089842_1906_01966,1,0,0,,,triagem/nome-caixa-conversao 1.0.0,2,ok
089842,per089842_1906_01966,2,0,0,,,triagem/nome-caixa-conversao 1.0.0,2,ok
089842,per089842_1906_01966,3,1,1,caixa de conver,38729,triagem/nome-caixa-conversao 1.0.0,2,ok
089842,per089842_1906_01966,4,0,0,,,triagem/nome-caixa-conversao 1.0.0,2,ok
089842,per089842_1906_01966,5,0,0,,,triagem/nome-caixa-conversao 1.0.0,2,ok
089842,per089842_1906_01966,6,0,0,,,triagem/nome-caixa-conversao 1.0.0,2,ok
089842,per089842_1906_01967,1,1,4,caixa de conver,11452,triagem/nome-caixa-conversao 1.0.0,2,ok
089842,per089842_1906_01967,2,0,0,,,triagem/nome-caixa-conversao 1.0.0,2,ok
089842,per089842_1906_01967,3,0,0,,,triagem/nome-caixa-conversao 1.0.0,2,ok
089842,per089842_1906_01967,4,0,0,,,triagem/nome-caixa-conversao 1.0.0,2,ok
089842,per089842_1906_01967,5,0,0,,,triagem/nome-caixa-conversao 1.0.0,2,ok
089842,per089842_1906_01967,6,0,0,,,triagem/nome-caixa-conversao 1.0.0,2,ok
089842,per089842_1906_01968,1,1,1,caixade conver,30575,triagem/nome-caixa-conversao 1.0.0,2,ok
089842,per089842_1906_01968,2,0,0,,,triagem/nome-caixa-conversao 1.0.0,2,ok
089842,per089842_1906_01968,3,0,0,,,triagem/nome-caixa-conversao 1.0.0,2,ok
089842,per089842_1906_01968,4,0,0,,,triagem/nome-caixa-conversao 1.0.0,2,ok
089842,per089842_1906_01968,5,0,0,,,triagem/nome-caixa-conversao 1.0.0,2,ok
089842,per089842_1906_01968,6,0,0,,,triagem/nome-caixa-conversao 1.0.0,2,ok
089842,per089842_1906_01968,7,0,0,,,triagem/nome-caixa-conversao 1.0.0,2,ok
089842,per089842_1906_01968,8,0,0,,,triagem/nome-caixa-conversao 1.0.0,2,ok
089842,per089842_1906_01969,1,0,0,,,triagem/nome-caixa-conversao 1.0.0,2,ok
089842,per089842_1906_01969,2,0,0,,,triagem/nome-caixa-conversao 1.0.0,2,ok
089842,per089842_1906_01969,3,0,0,,,triagem/nome-caixa-conversao 1.0.0,2,ok
089842,per089842_1906_01969,4,0,0,,,triagem/nome-caixa-conversao 1.0.0,2,ok
089842,per089842_1906_01969,5,0,0,,,triagem/nome-caixa-conversao 1.0.0,2,ok
089842,per089842_1906_01969,6,0,0,,,triagem/nome-caixa-conversao 1.0.0,2,ok
089842,per089842_1906_01969,7,0,0,,,triagem/nome-caixa-conversao 1.0.0,2,ok
089842,per089842_1906_01969,8,0,0,,,triagem/nome-caixa-conversao 1.0.0,2,ok
089842,per089842_1906_01969,9,0,0,,,triagem/nome-caixa-conversao 1.0.0,2,ok
089842,per089842_1906_01969,10,0,0,,,triagem/nome-caixa-conversao 1.0.0,2,ok
089842,per089842_1906_01969,11,0,0,,,triagem/nome-caixa-conversao 1.0.0,2,ok
089842,per089842_1906_01969,12,0,0,,,triagem/nome-caixa-conversao 1.0.0,2,ok
089842,per089842_1906_01970,1,0,0,,,triagem/nome-caixa-conversao 1.0.0,2,ok
089842,per089842_1906_01970,2,0,0,,,triagem/nome-caixa-conversao 1.0.0,2,ok
089842,per089842_1906_01970,3,0,0,,,triagem/nome-caixa-conversao 1.0.0,2,ok
089842,per089842_1906_01970,4,0,0,,,triagem/nome-caixa-conversao 1.0.0,2,ok
089842,per089842_1906_01970,5,0,0,,,triagem/nome-caixa-conversao 1.0.0,2,ok
089842,per089842_1906_01970,6,0,0,,,triagem/nome-caixa-conversao 1.0.0,2,ok
089842,per089842_1906_01971,1,1,1,caixa de conver,24312,triagem/nome-caixa-conversao 1.0.0,2,ok
089842,per089842_1906_01971,2,1,1,caixa de conver,47791,triagem/nome-caixa-conversao 1.0.0,2,ok
089842,per089842_1906_01971,3,0,0,,,triagem/nome-caixa-conversao 1.0.0,2,ok
089842,per089842_1906_01971,4,0,0,,,triagem/nome-caixa-conversao 1.0.0,2,ok
089842,per089842_1906_01971,5,0,0,,,triagem/nome-caixa-conversao 1.0.0,2,ok
089842,per089842_1906_01971,6,0,0,,,triagem/nome-caixa-conversao 1.0.0,2,ok
089842,per089842_1906_01972,1,1,4,caixa de conver,18930,triagem/nome-caixa-conversao 1.0.0,2,ok
089842,per089842_1906_01972,2,0,0,,,triagem/nome-caixa-conversao 1.0.0,2,ok
089842,per089842_1906_01972,3,0,0,,,triagem/nome-caixa-conversao 1.0.0,2,ok
089842,per089842_1906_01972,4,0,0,,,triagem/nome-caixa-conversao 1.0.0,2,ok
089842,per089842_1906_01972,5,0,0,,,triagem/nome-caixa-conversao 1.0.0,2,ok
089842,per089842_1906_01972,6,0,0,,,triagem/nome-caixa-conversao 1.0.0,2,ok
089842,per089842_1906_01972,7,0,0,,,triagem/nome-caixa-conversao 1.0.0,2,ok
089842,per089842_1906_01972,8,0,0,,,triagem/nome-caixa-conversao 1.0.0,2,ok
089842,per089842_1906_01973,1,0,0,,,triagem/nome-caixa-conversao 1.0.0,2,ok
089842,per089842_1906_01973,2,0,0,,,triagem/nome-caixa-conversao 1.0.0,2,ok
089842,per089842_1906_01973,3,0,0,,,triagem/nome-caixa-conversao 1.0.0,2,ok
089842,per089842_1906_01973,4,0,0,,,triagem/nome-caixa-conversao 1.0.0,2,ok
089842,per089842_1906_01973,5,0,0,,,triagem/nome-caixa-conversao 1.0.0,2,ok
089842,per089842_1906_01973,6,0,0,,,triagem/nome-caixa-conversao 1.0.0,2,ok
089842,per089842_1906_01973,7,0,0,,,triagem/nome-caixa-conversao 1.0.0,2,ok
089842,per089842_1906_01973,8,0,0,,,triagem/nome-caixa-conversao 1.0.0,2,ok
089842,per089842_1906_01974,1,1,2,caixa dc conver,8636,triagem/nome-caixa-conversao 1.0.0,2,ok
089842,per089842_1906_01974,2,0,0,,,triagem/nome-caixa-conversao 1.0.0,2,ok
089842,per089842_1906_01974,3,0,0,,,triagem/nome-caixa-conversao 1.0.0,2,ok
089842,per089842_1906_01974,4,0,0,,,triagem/nome-caixa-conversao 1.0.0,2,ok
089842,per089842_1906_01974,5,0,0,,,triagem/nome-caixa-conversao 1.0.0,2,ok
089842,per089842_1906_01974,6,0,0,,,triagem/nome-caixa-conversao 1.0.0,2,ok
089842,per089842_1906_01975,1,1,2,caixa de conver,21420,triagem/nome-caixa-conversao 1.0.0,2,ok
089842,per089842_1906_01975,2,0,0,,,triagem/nome-caixa-conversao 1.0.0,2,ok
089842,per089842_1906_01975,3,0,0,,,triagem/nome-caixa-conversao 1.0.0,2,ok
089842,per089842_1906_01975,4,0,0,,,triagem/nome-caixa-conversao 1.0.0,2,ok
089842,per089842_1906_01975,5,0,0,,,triagem/nome-caixa-conversao 1.0.0,2,ok
089842,per089842_1906_01975,6,0,0,,,triagem/nome-caixa-conversao 1.0.0,2,ok
089842,per089842_1906_01975,7,0,0,,,triagem/nome-caixa-conversao 1.0.0,2,ok
089842,per089842_1906_01975,8,0,0,,,triagem/nome-caixa-conversao 1.0.0,2,ok
089842,per089842_1906_01976,1,0,0,,,triagem/nome-caixa-conversao 1.0.0,2,ok
089842,per089842_1906_01976,2,0,0,,,triagem/nome-caixa-conversao 1.0.0,2,ok
089842,per089842_1906_01976,3,0,0,,,triagem/nome-caixa-conversao 1.0.0,2,ok
089842,per089842_1906_01976,4,0,0,,,triagem/nome-caixa-conversao 1.0.0,2,ok
089842,per089842_1906_01976,5,0,0,,,triagem/nome-caixa-conversao 1.0.0,2,ok
089842,per089842_1906_01976,6,0,0,,,triagem/nome-caixa-conversao 1.0.0,2,ok
089842,per089842_1906_01976,7,0,0,,,triagem/nome-caixa-conversao 1.0.0,2,ok
089842,per089842_1906_01976,8,0,0,,,triagem/nome-caixa-conversao 1.0.0,2,ok
089842,per089842_1906_01976,9,0,0,,,triagem/nome-caixa-conversao 1.0.0,2,ok
089842,per089842_1906_01976,10,0,0,,,triagem/nome-caixa-conversao 1.0.0,2,ok
089842,per089842_1906_01976,11,0,0,,,triagem/nome-caixa-conversao 1.0.0,2,ok
089842,per089842_1906_01976,12,0,0,,,triagem/nome-caixa-conversao 1.0.0,2,ok
089842,per089842_1906_01977,1,0,0,,,triagem/nome-caixa-conversao 1.0.0,2,ok
089842,per089842_1906_01977,2,0,0,,,triagem/nome-caixa-conversao 1.0.0,2,ok
089842,per089842_1906_01977,3,0,0,,,triagem/nome-caixa-conversao 1.0.0,2,ok
089842,per089842_1906_01977,4,0,0,,,triagem/nome-caixa-conversao 1.0.0,2,ok
089842,per089842_1906_01977,5,0,0,,,triagem/nome-caixa-conversao 1.0.0,2,ok
089842,per089842_1906_01977,6,0,0,,,triagem/nome-caixa-conversao 1.0.0,2,ok
089842,per089842_1906_01978,1,1,1,caixa de conver,8637,triagem/nome-caixa-conversao 1.0.0,2,ok
089842,per089842_1906_01978,2,1,1,caixa deconver,25436,triagem/nome-caixa-conversao 1.0.0,2,ok
089842,per089842_1906_01978,3,0,0,,,triagem/nome-caixa-conversao 1.0.0,2,ok
089842,per089842_1906_01978,4,0,0,,,triagem/nome-caixa-conversao 1.0.0,2,ok
089842,per089842_1906_01978,5,0,0,,,triagem/nome-caixa-conversao 1.0.0,2,ok
089842,per089842_1906_01978,6,0,0,,,triagem/nome-caixa-conversao 1.0.0,2,ok
089842,per089842_1906_01978,7,0,0,,,triagem/nome-caixa-conversao 1.0.0,2,ok
089842,per089842_1906_01978,8,0,0,,,triagem/nome-caixa-conversao 1.0.0,2,ok
089842,per089842_1906_01979,1,1,3,caixa de conver,10999,triagem/nome-caixa-conversao 1.0.0,2,ok
089842,per089842_1906_01979,2,0,0,,,triagem/nome-caixa-conversao 1.0.0,2,ok
089842,per089842_1906_01979,3,0,0,,,triagem/nome-caixa-conversao 1.0.0,2,ok
089842,per089842_1906_01979,4,0,0,,,triagem/nome-caixa-conversao 1.0.0,2,ok
089842,per089842_1906_01979,5,0,0,,,triagem/nome-caixa-conversao 1.0.0,2,ok
089842,per089842_1906_01979,6,0,0,,,triagem/nome-caixa-conversao 1.0.0,2,ok
089842,per089842_1906_01979,7,0,0,,,triagem/nome-caixa-conversao 1.0.0,2,ok
089842,per089842_1906_01979,8,0,0,,,triagem/nome-caixa-conversao 1.0.0,2,ok
089842,per089842_1906_01980,1,0,0,,,triagem/nome-caixa-conversao 1.0.0,2,ok
089842,per089842_1906_01980,2,0,0,,,triagem/nome-caixa-conversao 1.0.0,2,ok
089842,per089842_1906_01980,3,0,0,,,triagem/nome-caixa-conversao 1.0.0,2,ok
089842,per089842_1906_01980,4,0,0,,,triagem/nome-caixa-conversao 1.0.0,2,ok
089842,per089842_1906_01980,5,0,0,,,triagem/nome-caixa-conversao 1.0.0,2,ok
089842,per089842_1906_01980,6,0,0,,,triagem/nome-caixa-conversao 1.0.0,2,ok
089842,per089842_1906_01980,7,0,0,,,triagem/nome-caixa-conversao 1.0.0,2,ok
089842,per089842_1906_01980,8,0,0,,,triagem/nome-caixa-conversao 1.0.0,2,ok
089842,per089842_1906_01981,1,1,1,caixa de conver,35149,triagem/nome-caixa-conversao 1.0.0,2,ok
089842,per089842_1906_01981,2,0,0,,,triagem/nome-caixa-conversao 1.0.0,2,ok
089842,per089842_1906_01981,3,0,0,,,triagem/nome-caixa-conversao 1.0.0,2,ok
089842,per089842_1906_01981,4,0,0,,,triagem/nome-caixa-conversao 1.0.0,2,ok
089842,per089842_1906_01981,5,0,0,,,triagem/nome-caixa-conversao 1.0.0,2,ok
089842,per089842_1906_01981,6,0,0,,,triagem/nome-caixa-conversao 1.0.0,2,ok
089842,per089842_1906_01981,7,0,0,,,triagem/nome-caixa-conversao 1.0.0,2,ok
089842,per089842_1906_01981,8,0,0,,,triagem/nome-caixa-conversao 1.0.0,2,ok
089842,per089842_1906_01982,1,0,0,,,triagem/nome-caixa-conversao 1.0.0,2,ok
089842,per089842_1906_01982,2,1,5,caixa do conver,16,triagem/nome-caixa-conversao 1.0.0,2,ok
089842,per089842_1906_01982,3,0,0,,,triagem/nome-caixa-conversao 1.0.0,2,ok
089842,per089842_1906_01982,4,0,0,,,triagem/nome-caixa-conversao 1.0.0,2,ok
089842,per089842_1906_01982,5,0,0,,,triagem/nome-caixa-conversao 1.0.0,2,ok
089842,per089842_1906_01982,6,0,0,,,triagem/nome-caixa-conversao 1.0.0,2,ok
089842,per089842_1906_01982,7,0,0,,,triagem/nome-caixa-conversao 1.0.0,2,ok
089842,per089842_1906_01982,8,0,0,,,triagem/nome-caixa-conversao 1.0.0,2,ok
089842,per089842_1906_01983,1,0,0,,,triagem/nome-caixa-conversao 1.0.0,2,ok
089842,per089842_1906_01983,2,0,0,,,triagem/nome-caixa-conversao 1.0.0,2,ok
089842,per089842_1906_01983,3,0,0,,,triagem/nome-caixa-conversao 1.0.0,2,ok
089842,per089842_1906_01983,4,0,0,,,triagem/nome-caixa-conversao 1.0.0,2,ok
089842,per089842_1906_01983,5,1,1,caixa do conver,14528,triagem/nome-caixa-conversao 1.0.0,2,ok
089842,per089842_1906_01983,6,1,1,caixa deconver,30731,triagem/nome-caixa-conversao 1.0.0,2,ok
089842,per089842_1906_01983,7,0,0,,,triagem/nome-caixa-conversao 1.0.0,2,ok
089842,per089842_1906_01983,8,0,0,,,triagem/nome-caixa-conversao 1.0.0,2,ok
089842,per089842_1906_01983,9,0,0,,,triagem/nome-caixa-conversao 1.0.0,2,ok
089842,per089842_1906_01983,10,0,0,,,triagem/nome-caixa-conversao 1.0.0,2,ok
089842,per089842_1906_01983,11,0,0,,,triagem/nome-caixa-conversao 1.0.0,2,ok
089842,per089842_1906_01983,12,0,0,,,triagem/nome-caixa-conversao 1.0.0,2,ok
089842,per089842_1906_01983,13,0,0,,,triagem/nome-caixa-conversao 1.0.0,2,ok
089842,per089842_1906_01983,14,0,0,,,triagem/nome-caixa-conversao 1.0.0,2,ok
089842,per089842_1906_01984,1,0,0,,,triagem/nome-caixa-conversao 1.0.0,2,ok
089842,per089842_1906_01984,2,0,0,,,triagem/nome-caixa-conversao 1.0.0,2,ok
089842,per089842_1906_01984,3,0,0,,,triagem/nome-caixa-conversao 1.0.0,2,ok
089842,per089842_1906_01984,4,0,0,,,triagem/nome-caixa-conversao 1.0.0,2,ok
089842,per089842_1906_01984,5,0,0,,,triagem/nome-caixa-conversao 1.0.0,2,ok
089842,per089842_1906_01984,6,0,0,,,triagem/nome-caixa-conversao 1.0.0,2,ok
089842,per089842_1906_01985,1,1,1,caixa de conver,20046,triagem/nome-caixa-conversao 1.0.0,2,ok
089842,per089842_1906_01985,2,0,0,,,triagem/nome-caixa-conversao 1.0.0,2,ok
089842,per089842_1906_01985,3,0,0,,,triagem/nome-caixa-conversao 1.0.0,2,ok
089842,per089842_1906_01985,4,1,1,caixa de conver,40614,triagem/nome-caixa-conversao 1.0.0,2,ok
089842,per089842_1906_01985,5,0,0,,,triagem/nome-caixa-conversao 1.0.0,2,ok
089842,per089842_1906_01985,6,0,0,,,triagem/nome-caixa-conversao 1.0.0,2,ok
089842,per089842_1906_01985,7,0,0,,,triagem/nome-caixa-conversao 1.0.0,2,ok
089842,per089842_1906_01985,8,0,0,,,triagem/nome-caixa-conversao 1.0.0,2,ok
089842,per089842_1906_01986,1,1,3,caixa de conver,13311,triagem/nome-caixa-conversao 1.0.0,2,ok
089842,per089842_1906_01986,2,0,0,,,triagem/nome-caixa-conversao 1.0.0,2,ok
089842,per089842_1906_01986,3,0,0,,,triagem/nome-caixa-conversao 1.0.0,2,ok
089842,per089842_1906_01986,4,0,0,,,triagem/nome-caixa-conversao 1.0.0,2,ok
089842,per089842_1906_01986,5,0,0,,,triagem/nome-caixa-conversao 1.0.0,2,ok
089842,per089842_1906_01986,6,0,0,,,triagem/nome-caixa-conversao 1.0.0,2,ok
089842,per089842_1906_01986,7,0,0,,,triagem/nome-caixa-conversao 1.0.0,2,ok
089842,per089842_1906_01986,8,0,0,,,triagem/nome-caixa-conversao 1.0.0,2,ok
089842,per089842_1906_01987,1,0,0,,,triagem/nome-caixa-conversao 1.0.0,2,ok
089842,per089842_1906_01987,2,1,1,caixa deconver,43858,triagem/nome-caixa-conversao 1.0.0,2,ok
089842,per089842_1906_01987,3,0,0,,,triagem/nome-caixa-conversao 1.0.0,2,ok
089842,per089842_1906_01987,4,0,0,,,triagem/nome-caixa-conversao 1.0.0,2,ok
089842,per089842_1906_01987,5,0,0,,,triagem/nome-caixa-conversao 1.0.0,2,ok
089842,per089842_1906_01987,6,0,0,,,triagem/nome-caixa-conversao 1.0.0,2,ok
089842,per089842_1906_01987,7,0,0,,,triagem/nome-caixa-conversao 1.0.0,2,ok
089842,per089842_1906_01987,8,0,0,,,triagem/nome-caixa-conversao 1.0.0,2,ok
089842,per089842_1906_01988,1,1,1,caixa de conver,10033,triagem/nome-caixa-conversao 1.0.0,2,ok
089842,per089842_1906_01988,2,0,0,,,triagem/nome-caixa-conversao 1.0.0,2,ok
089842,per089842_1906_01988,3,0,0,,,triagem/nome-caixa-conversao 1.0.0,2,ok
089842,per089842_1906_01988,4,0,0,,,triagem/nome-caixa-conversao 1.0.0,2,ok
089842,per089842_1906_01988,5,0,0,,,triagem/nome-caixa-conversao 1.0.0,2,ok
089842,per089842_1906_01988,6,0,0,,,triagem/nome-caixa-conversao 1.0.0,2,ok
089842,per089842_1906_01988,7,0,0,,,triagem/nome-caixa-conversao 1.0.0,2,ok
089842,per089842_1906_01988,8,0,0,,,triagem/nome-caixa-conversao 1.0.0,2,ok
089842,per089842_1906_01989,1,1,1,caixa de conver,24458,triagem/nome-caixa-conversao 1.0.0,2,ok
089842,per089842_1906_01989,2,0,0,,,triagem/nome-caixa-conversao 1.0.0,2,ok
089842,per089842_1906_01989,3,0,0,,,triagem/nome-caixa-conversao 1.0.0,2,ok
089842,per089842_1906_01989,4,0,0,,,triagem/nome-caixa-conversao 1.0.0,2,ok
089842,per089842_1906_01989,5,0,0,,,triagem/nome-caixa-conversao 1.0.0,2,ok
089842,per089842_1906_01989,6,0,0,,,triagem/nome-caixa-conversao 1.0.0,2,ok
089842,per089842_1906_01989,7,0,0,,,triagem/nome-caixa-conversao 1.0.0,2,ok
089842,per089842_1906_01989,8,0,0,,,triagem/nome-caixa-conversao 1.0.0,2,ok
089842,per089842_1906_01990,1,0,0,,,triagem/nome-caixa-conversao 1.0.0,2,ok
089842,per089842_1906_01990,2,0,0,,,triagem/nome-caixa-conversao 1.0.0,2,ok
089842,per089842_1906_01990,3,0,0,,,triagem/nome-caixa-conversao 1.0.0,2,ok
089842,per089842_1906_01990,4,0,0,,,triagem/nome-caixa-conversao 1.0.0,2,ok
089842,per089842_1906_01990,5,1,4,caixa deconver,11478,triagem/nome-caixa-conversao 1.0.0,2,ok
089842,per089842_1906_01990,6,0,0,,,triagem/nome-caixa-conversao 1.0.0,2,ok
089842,per089842_1906_01990,7,0,0,,,triagem/nome-caixa-conversao 1.0.0,2,ok
089842,per089842_1906_01990,8,0,0,,,triagem/nome-caixa-conversao 1.0.0,2,ok
089842,per089842_1906_01990,9,0,0,,,triagem/nome-caixa-conversao 1.0.0,2,ok
089842,per089842_1906_01990,10,0,0,,,triagem/nome-caixa-conversao 1.0.0,2,ok
089842,per089842_1906_01990,11,0,0,,,triagem/nome-caixa-conversao 1.0.0,2,ok
089842,per089842_1906_01990,12,0,0,,,triagem/nome-caixa-conversao 1.0.0,2,ok
089842,per089842_1906_01991,1,0,0,,,triagem/nome-caixa-conversao 1.0.0,2,ok
089842,per089842_1906_01991,2,0,0,,,triagem/nome-caixa-conversao 1.0.0,2,ok
089842,per089842_1906_01991,3,0,0,,,triagem/nome-caixa-conversao 1.0.0,2,ok
089842,per089842_1906_01991,4,1,3,caixa de conver,51095,triagem/nome-caixa-conversao 1.0.0,2,ok
089842,per089842_1906_01991,5,0,0,,,triagem/nome-caixa-conversao 1.0.0,2,ok
089842,per089842_1906_01991,6,0,0,,,triagem/nome-caixa-conversao 1.0.0,2,ok
089842,per089842_1906_01992,1,1,1,caixa de conver,24730,triagem/nome-caixa-conversao 1.0.0,2,ok
089842,per089842_1906_01992,2,0,0,,,triagem/nome-caixa-conversao 1.0.0,2,ok
089842,per089842_1906_01992,3,0,0,,,triagem/nome-caixa-conversao 1.0.0,2,ok
089842,per089842_1906_01992,4,0,0,,,triagem/nome-caixa-conversao 1.0.0,2,ok
089842,per089842_1906_01992,5,0,0,,,triagem/nome-caixa-conversao 1.0.0,2,ok
089842,per089842_1906_01992,6,0,0,,,triagem/nome-caixa-conversao 1.0.0,2,ok
089842,per089842_1906_01992,7,0,0,,,triagem/nome-caixa-conversao 1.0.0,2,ok
089842,per089842_1906_01992,8,1,1,caixa do conver,28835,triagem/nome-caixa-conversao 1.0.0,2,ok
089842,per089842_1906_01992,9,0,0,,,triagem/nome-caixa-conversao 1.0.0,2,ok
089842,per089842_1906_01992,10,0,0,,,triagem/nome-caixa-conversao 1.0.0,2,ok
089842,per089842_1906_01992,11,0,0,,,triagem/nome-caixa-conversao 1.0.0,2,ok
089842,per089842_1906_01992,12,0,0,,,triagem/nome-caixa-conversao 1.0.0,2,ok
089842,per089842_1906_01992,13,0,0,,,triagem/nome-caixa-conversao 1.0.0,2,ok
089842,per089842_1906_01992,14,0,0,,,triagem/nome-caixa-conversao 1.0.0,2,ok
089842,per089842_1906_01993,1,0,0,,,triagem/nome-caixa-conversao 1.0.0,2,ok
089842,per089842_1906_01993,2,0,0,,,triagem/nome-caixa-conversao 1.0.0,2,ok
089842,per089842_1906_01993,3,0,0,,,triagem/nome-caixa-conversao 1.0.0,2,ok
089842,per089842_1906_01993,4,0,0,,,triagem/nome-caixa-conversao 1.0.0,2,ok
089842,per089842_1906_01993,5,0,0,,,triagem/nome-caixa-conversao 1.0.0,2,ok
089842,per089842_1906_01993,6,0,0,,,triagem/nome-caixa-conversao 1.0.0,2,ok
089842,per089842_1906_01994,1,1,2,caixa de conver,18429,triagem/nome-caixa-conversao 1.0.0,2,ok
089842,per089842_1906_01994,2,0,0,,,triagem/nome-caixa-conversao 1.0.0,2,ok
089842,per089842_1906_01994,3,0,0,,,triagem/nome-caixa-conversao 1.0.0,2,ok
089842,per089842_1906_01994,4,0,0,,,triagem/nome-caixa-conversao 1.0.0,2,ok
089842,per089842_1906_01994,5,0,0,,,triagem/nome-caixa-conversao 1.0.0,2,ok
089842,per089842_1906_01994,6,1,1,caixa do conver,30210,triagem/nome-caixa-conversao 1.0.0,2,ok
089842,per089842_1906_01994,7,0,0,,,triagem/nome-caixa-conversao 1.0.0,2,ok
089842,per089842_1906_01994,8,0,0,,,triagem/nome-caixa-conversao 1.0.0,2,ok
089842,per089842_1906_01995,1,0,0,,,triagem/nome-caixa-conversao 1.0.0,2,ok
089842,per089842_1906_01995,2,0,0,,,triagem/nome-caixa-conversao 1.0.0,2,ok
089842,per089842_1906_01995,3,0,0,,,triagem/nome-caixa-conversao 1.0.0,2,ok
089842,per089842_1906_01995,4,0,0,,,triagem/nome-caixa-conversao 1.0.0,2,ok
089842,per089842_1906_01995,5,0,0,,,triagem/nome-caixa-conversao 1.0.0,2,ok
089842,per089842_1906_01995,6,0,0,,,triagem/nome-caixa-conversao 1.0.0,2,ok
089842,per089842_1906_01995,7,0,0,,,triagem/nome-caixa-conversao 1.0.0,2,ok
089842,per089842_1906_01995,8,0,0,,,triagem/nome-caixa-conversao 1.0.0,2,ok
089842,per089842_1906_01996,1,1,3,caixa de conver,22228,triagem/nome-caixa-conversao 1.0.0,2,ok
089842,per089842_1906_01996,2,0,0,,,triagem/nome-caixa-conversao 1.0.0,2,ok
089842,per089842_1906_01996,3,0,0,,,triagem/nome-caixa-conversao 1.0.0,2,ok
089842,per089842_1906_01996,4,0,0,,,triagem/nome-caixa-conversao 1.0.0,2,ok
089842,per089842_1906_01996,5,0,0,,,triagem/nome-caixa-conversao 1.0.0,2,ok
089842,per089842_1906_01996,6,0,0,,,triagem/nome-caixa-conversao 1.0.0,2,ok
089842,per089842_1906_01996,7,0,0,,,triagem/nome-caixa-conversao 1.0.0,2,ok
089842,per089842_1906_01996,8,0,0,,,triagem/nome-caixa-conversao 1.0.0,2,ok
089842,per089842_1906_01997,1,0,0,,,triagem/nome-caixa-conversao 1.0.0,2,ok
089842,per089842_1906_01997,2,0,0,,,triagem/nome-caixa-conversao 1.0.0,2,ok
089842,per089842_1906_01997,3,0,0,,,triagem/nome-caixa-conversao 1.0.0,2,ok
089842,per089842_1906_01997,4,0,0,,,triagem/nome-caixa-conversao 1.0.0,2,ok
089842,per089842_1906_01997,5,0,0,,,triagem/nome-caixa-conversao 1.0.0,2,ok
089842,per089842_1906_01997,6,0,0,,,triagem/nome-caixa-conversao 1.0.0,2,ok
089842,per089842_1906_01997,7,1,2,caixa de conver,30111,triagem/nome-caixa-conversao 1.0.0,2,ok
089842,per089842_1906_01997,8,0,0,,,triagem/nome-caixa-conversao 1.0.0,2,ok
089842,per089842_1906_01997,9,0,0,,,triagem/nome-caixa-conversao 1.0.0,2,ok
089842,per089842_1906_01997,10,0,0,,,triagem/nome-caixa-conversao 1.0.0,2,ok
