bib,source_identifier,page_number,hit,n_matches,primeiro_span_texto,primeiro_span_offset,regra_versao,extraction_run_id,result_status
089842,per089842_1907_01999,1,1,1,caixa de conver,15450,triagem/nome-caixa-conversao 1.0.0,3,ok
089842,per089842_1907_01999,2,0,0,,,triagem/nome-caixa-conversao 1.0.0,3,ok
089842,per089842_1907_01999,3,0,0,,,triagem/nome-caixa-conversao 1.0.0,3,ok
089842,per089842_1907_01999,4,1,1,caixa dc conver,18347,triagem/nome-caixa-conversao 1.0.0,3,ok
089842,per089842_1907_01999,5,1,1,caixa do conver,27146,triagem/nome-caixa-conversao 1.0.0,3,ok
089842,per089842_1907_01999,6,0,0,,,triagem/nome-caixa-conversao 1.0.0,3,ok
089842,per089842_1907_01999,7,0,0,,,triagem/nome-caixa-conversao 1.0.0,3,ok
089842,per089842_1907_01999,8,0,0,,,triagem/nome-caixa-conversao 1.0.0,3,ok
089842,per089842_1907_01999,9,0,0,,,triagem/nome-caixa-conversao 1.0.0,3,ok
089842,per089842_1907_01999,10,0,0,,,triagem/nome-caixa-conversao 1.0.0,3,ok
089842,per089842_1907_01999,11,0,0,,,triagem/nome-caixa-conversao 1.0.0,3,ok
089842,per089842_1907_01999,12,0,0,,,triagem/nome-caixa-conversao 1.0.0,3,ok
089842,per089842_1907_01999,13,0,0,,,triagem/nome-caixa-conversao 1.0.0,3,ok
089842,per089842_1907_01999,14,0,0,,,triagem/nome-caixa-conversao 1.0.0,3,ok
089842,per089842_1907_02000,1,0,0,,,triagem/nome-caixa-conversao 1.0.0,3,ok
089842,per089842_1907_02000,2,1,1,caixa de conver,4227,triagem/nome-caixa-conversao 1.0.0,3,ok
089842,per089842_1907_02000,3,0,0,,,triagem/nome-caixa-conversao 1.0.0,3,ok
089842,per089842_1907_02000,4,0,0,,,triagem/nome-caixa-conversao 1.0.0,3,ok
089842,per089842_1907_02000,5,0,0,,,triagem/nome-caixa-conversao 1.0.0,3,ok
089842,per089842_1907_02000,6,0,0,,,triagem/nome-caixa-conversao 1.0.0,3,ok
089842,per089842_1907_02000,7,0,0,,,triagem/nome-caixa-conversao 1.0.0,3,ok
089842,per089842_1907_02000,8,0,0,,,triagem/nome-caixa-conversao 1.0.0,3,ok
089842,per089842_1907_02001,1,0,0,,,triagem/nome-caixa-conversao 1.0.0,3,ok
089842,per089842_1907_02001,2,1,1,caixa do conver,44373,triagem/nome-caixa-conversao 1.0.0,3,ok
089842,per089842_1907_02001,3,0,0,,,triagem/nome-caixa-conversao 1.0.0,3,ok
089842,per089842_1907_02001,4,0,0,,,triagem/nome-caixa-conversao 1.0.0,3,ok
089842,per089842_1907_02001,5,0,0,,,triagem/nome-caixa-conversao 1.0.0,3,ok
089842,per089842_1907_02001,6,0,0,,,triagem/nome-caixa-conversao 1.0.0,3,ok
089842,per089842_1907_02002,1,1,1,caixa dc conver,5171,triagem/nome-caixa-conversao 1.0.0,3,ok
089842,per089842_1907_02002,2,0,0,,,triagem/nome-caixa-conversao 1.0.0,3,ok
089842,per089842_1907_02002,3,0,0,,,triagem/nome-caixa-conversao 1.0.0,3,ok
089842,per089842_1907_02002,4,0,0,,,triagem/nome-caixa-conversao 1.0.0,3,ok
089842,per089842_1907_02002,5,0,0,,,triagem/nome-caixa-conversao 1.0.0,3,ok
089842,per089842_1907_02002,6,0,0,,,triagem/nome-caixa-conversao 1.0.0,3,ok
089842,per089842_1907_02002,7,0,0,,,triagem/nome-caixa-conversao 1.0.0,3,ok
089842,per089842_1907_02002,8,0,0,,,triagem/nome-caixa-conversao 1.0.0,3,ok
089842,per089842_1907_02003,1,0,0,,,triagem/nome-caixa-conversao 1.0.0,3,ok
089842,per089842_1907_02003,2,0,0,,,triagem/nome-caixa-conversao 1.0.0,3,ok
089842,per089842_1907_02003,3,0,0,,,triagem/nome-caixa-conversao 1.0.0,3,ok
089842,per089842_1907_02003,4,0,0,,,triagem/nome-caixa-conversao 1.0.0,3,ok
089842,per089842_1907_02003,5,1,2,caixa de conver,24902,triagem/nome-caixa-conversao 1.0.0,3,ok
089842,per089842_1907_02003,6,0,0,,,triagem/nome-caixa-conversao 1.0.0,3,ok
089842,per089842_1907_02003,7,0,0,,,triagem/nome-caixa-conversao 1.0.0,3,ok
089842,per089842_1907_02003,8,0,0,,,triagem/nome-caixa-conversao 1.0.0,3,ok
089842,per089842_1907_02003,9,0,0,,,triagem/nome-caixa-conversao 1.0.0,3,ok
089842,per089842_1907_02003,10,0,0,,,triagem/nome-caixa-conversao 1.0.0,3,ok
089842,per089842_1907_02003,11,0,0,,,triagem/nome-caixa-conversao 1.0.0,3,ok
089842,per089842_1907_02003,12,0,0,,,triagem/nome-caixa-conversao 1.0.0,3,ok
089842,per089842_1907_02004,1,0,0,,,triagem/nome-caixa-conversao 1.0.0,3,ok
089842,per089842_1907_02004,2,0,0,,,triagem/nome-caixa-conversao 1.0.0,3,ok
089842,per089842_1907_02004,3,0,0,,,triagem/nome-caixa-conversao 1.0.0,3,ok
089842,per089842_1907_02004,4,0,0,,,triagem/nome-caixa-conversao 1.0.0,3,ok
089842,per089842_1907_02004,5,0,0,,,triagem/nome-caixa-conversao 1.0.0,3,ok
089842,per089842_1907_02004,6,0,0,,,triagem/nome-caixa-conversao 1.0.0,3,ok
089842,per089842_1907_02005,1,1,1,caixa de conver,17847,triagem/nome-caixa-conversao 1.0.0,3,ok
089842,per089842_1907_02005,2,0,0,,,triagem/nome-caixa-conversao 1.0.0,3,ok
089842,per089842_1907_02005,3,0,0,,,triagem/nome-caixa-conversao 1.0.0,3,ok
089842,per089842_1907_02005,4,0,0,,,triagem/nome-caixa-conversao 1.0.0,3,ok
089842,per089842_1907_02005,5,0,0,,,triagem/nome-caixa-conversao 1.0.0,3,ok
089842,per089842_1907_02005,6,0,0,,,triagem/nome-caixa-conversao 1.0.0,3,ok
089842,per089842_1907_02006,1,1,4,caixa dc conver,14063,triagem/nome-caixa-conversao 1.0.0,3,ok
089842,per089842_1907_02006,2,0,0,,,triagem/nome-caixa-conversao 1.0.0,3,ok
089842,per089842_1907_02006,3,0,0,,,triagem/nome-caixa-conversao 1.0.0,3,ok
089842,per089842_1907_02006,4,0,0,,,triagem/nome-caixa-conversao 1.0.0,3,ok
089842,per089842_1907_02006,5,0,0,,,triagem/nome-caixa-conversao 1.0.0,3,ok
089842,per089842_1907_02006,6,0,0,,,triagem/nome-caixa-conversao 1.0.0,3,ok
089842,per089842_1907_02006,7,0,0,,,triagem/nome-caixa-conversao 1.0.0,3,ok
089842,per089842_1907_02006,8,0,0,,,triagem/nome-caixa-conversao 1.0.0,3,ok
089842,per089842_1907_02007,1,1,2,caixa de conver,25588,triagem/nome-caixa-conversao 1.0.0,3,ok
089842,per089842_1907_02007,2,0,0,,,triagem/nome-caixa-conversao 1.0.0,3,ok
089842,per089842_1907_02007,3,0,0,,,triagem/nome-caixa-conversao 1.0.0,3,ok
089842,per089842_1907_02007,4,0,0,,,triagem/nome-caixa-conversao 1.0.0,3,ok
089842,per089842_1907_02007,5,0,0,,,triagem/nome-caixa-conversao 1.0.0,3,ok
089842,per089842_1907_02007,6,0,0,,,triagem/nome-caixa-conversao 1.0.0,3,ok
089842,per089842_1907_02008,1,0,0,,,triagem/nome-caixa-conversao 1.0.0,3,ok
089842,per089842_1907_02008,2,0,0,,,triagem/nome-caixa-conversao 1.0.0,3,ok
089842,per089842_1907_02008,3,0,0,,,triagem/nome-caixa-conversao 1.0.0,3,ok
089842,per089842_1907_02008,4,0,0,,,triagem/nome-caixa-conversao 1.0.0,3,ok
089842,per089842_1907_02008,5,0,0,,,triagem/nome-caixa-conversao 1.0.0,3,ok
089842,per089842_1907_02008,6,0,0,,,triagem/nome-caixa-conversao 1.0.0,3,ok
089842,per089842_1907_02009,1,1,3,caixa de conver,13359,triagem/nome-caixa-conversao 1.0.0,3,ok
089842,per089842_1907_02009,2,0,0,,,triagem/nome-caixa-conversao 1.0.0,3,ok
089842,per089842_1907_02009,3,0,0,,,triagem/nome-caixa-conversao 1.0.0,3,ok
089842,per089842_1907_02009,4,0,0,,,triagem/nome-caixa-conversao 1.0.0,3,ok
089842,per089842_1907_02009,5,0,0,,,triagem/nome-caixa-conversao 1.0.0,3,ok
089842,per089842_1907_02009,6,0,0,,,triagem/nome-caixa-conversao 1.0.0,3,ok
089842,per089842_1907_02010,1,0,0,,,triagem/nome-caixa-conversao 1.0.0,3,ok
089842,per089842_1907_02010,2,0,0,,,triagem/nome-caixa-conversao 1.0.0,3,ok
089842,per089842_1907_02010,3,0,0,,,triagem/nome-caixa-conversao 1.0.0,3,ok
089842,per089842_1907_02010,4,0,0,,,triagem/nome-caixa-conversao 1.0.0,3,ok
089842,per089842_1907_02011,1,0,0,,,triagem/nome-caixa-conversao 1.0.0,3,ok
089842,per089842_1907_02011,2,0,0,,,triagem/nome-caixa-conversao 1.0.0,3,ok
089842,per089842_1907_02011,3,0,0,,,triagem/nome-caixa-conversao 1.0.0,3,ok
089842,per089842_1907_02011,4,0,0,,,triagem/nome-caixa-conversao 1.0.0,3,ok
089842,per089842_1907_02011,5,0,0,,,triagem/nome-caixa-conversao 1.0.0,3,ok
089842,per089842_1907_02011,6,0,0,,,triagem/nome-caixa-conversao 1.0.0,3,ok
089842,per089842_1907_02012,1,1,2,caixa de conver,31813,triagem/nome-caixa-conversao 1.0.0,3,ok
089842,per089842_1907_02012,2,0,0,,,triagem/nome-caixa-conversao 1.0.0,3,ok
089842,per089842_1907_02012,3,0,0,,,triagem/nome-caixa-conversao 1.0.0,3,ok
089842,per089842_1907_02012,4,0,0,,,triagem/nome-caixa-conversao 1.0.0,3,ok
089842,per089842_1907_02012,5,0,0,,,triagem/nome-caixa-conversao 1.0.0,3,ok
089842,per089842_1907_02012,6,0,0,,,triagem/nome-caixa-conversao 1.0.0,3,ok
089842,per089842_1907_02013,1,1,1,caixa dc conver,43729,triagem/nome-caixa-conversao 1.0.0,3,ok
089842,per089842_1907_02013,2,0,0,,,triagem/nome-caixa-conversao 1.0.0,3,ok
089842,per089842_1907_02013,3,0,0,,,triagem/nome-caixa-conversao 1.0.0,3,ok
089842,per089842_1907_02013,4,0,0,,,triagem/nome-caixa-conversao 1.0.0,3,ok
089842,per089842_1907_02013,5,0,0,,,triagem/nome-caixa-conversao 1.0.0,3,ok
089842,per089842_1907_02013,6,0,0,,,triagem/nome-caixa-conversao 1.0.0,3,ok
089842,per089842_1907_02014,1,1,2,caixa de conver,14959,triagem/nome-caixa-conversao 1.0.0,3,ok
089842,per089842_1907_02014,2,0,0,,,triagem/nome-caixa-conversao 1.0.0,3,ok
089842,per089842_1907_02014,3,1,2,caixa du conver,24817,triagem/nome-caixa-conversao 1.0.0,3,ok
089842,per089842_1907_02014,4,0,0,,,triagem/nome-caixa-conversao 1.0.0,3,ok
089842,per089842_1907_02014,5,0,0,,,triagem/nome-caixa-conversao 1.0.0,3,ok
089842,per089842_1907_02014,6,0,0,,,triagem/nome-caixa-conversao 1.0.0,3,ok
089842,per089842_1907_02014,7,0,0,,,triagem/nome-caixa-conversao 1.0.0,3,ok
089842,per089842_1907_02014,8,0,0,,,triagem/nome-caixa-conversao 1.0.0,3,ok
089842,per089842_1907_02015,1,1,1,caixa de conver,28737,triagem/nome-caixa-conversao 1.0.0,3,ok
089842,per089842_1907_02015,2,0,0,,,triagem/nome-caixa-conversao 1.0.0,3,ok
089842,per089842_1907_02015,3,0,0,,,triagem/nome-caixa-conversao 1.0.0,3,ok
089842,per089842_1907_02015,4,0,0,,,triagem/nome-caixa-conversao 1.0.0,3,ok
089842,per089842_1907_02015,5,0,0,,,triagem/nome-caixa-conversao 1.0.0,3,ok
089842,per089842_1907_02015,6,0,0,,,triagem/nome-caixa-conversao 1.0.0,3,ok
089842,per089842_1907_02015,7,0,0,,,triagem/nome-caixa-conversao 1.0.0,3,ok
089842,per089842_1907_02015,8,0,0,,,triagem/nome-caixa-conversao 1.0.0,3,ok
089842,per089842_1907_02016,1,1,2,caixa de conver,14380,triagem/nome-caixa-conversao 1.0.0,3,ok
089842,per089842_1907_02016,2,0,0,,,triagem/nome-caixa-conversao 1.0.0,3,ok
089842,per089842_1907_02016,3,0,0,,,triagem/nome-caixa-conversao 1.0.0,3,ok
089842,per089842_1907_02016,4,1,1,caixa do conver,24955,triagem/nome-caixa-conversao 1.0.0,3,ok
089842,per089842_1907_02016,5,0,0,,,triagem/nome-caixa-conversao 1.0.0,3,ok
089842,per089842_1907_02016,6,0,0,,,triagem/nome-caixa-conversao 1.0.0,3,ok
089842,per089842_1907_02016,7,0,0,,,triagem/nome-caixa-conversao 1.0.0,3,ok
089842,per089842_1907_02016,8,0,0,,,triagem/nome-caixa-conversao 1.0.0,3,ok
089842,per089842_1907_02017,1,0,0,,,triagem/nome-caixa-conversao 1.0.0,3,ok
089842,per089842_1907_02017,2,0,0,,,triagem/nome-caixa-conversao 1.0.0,3,ok
089842,per089842_1907_02017,3,0,0,,,triagem/nome-caixa-conversao 1.0.0,3,ok
089842,per089842_1907_02017,4,0,0,,,triagem/nome-caixa-conversao 1.0.0,3,ok
089842,per089842_1907_02017,5,0,0,,,triagem/nome-caixa-conversao 1.0.0,3,ok
089842,per089842_1907_02017,6,0,0,,,triagem/nome-caixa-conversao 1.0.0,3,ok
089842,per089842_1907_02017,7,0,0,,,triagem/nome-caixa-conversao 1.0.0,3,ok
089842,per089842_1907_02017,8,0,0,,,triagem/nome-caixa-conversao 1.0.0,3,ok
089842,per089842_1907_02017,9,0,0,,,triagem/nome-caixa-conversao 1.0.0,3,ok
089842,per089842_1907_02017,10,0,0,,,triagem/nome-caixa-conversao 1.0.0,3,ok
089842,per089842_1907_02018,1,0,0,,,triagem/nome-caixa-conversao 1.0.0,3,ok
089842,per089842_1907_02018,2,0,0,,,triagem/nome-caixa-conversao 1.0.0,3,ok
089842,per089842_1907_02018,3,0,0,,,triagem/nome-caixa-conversao 1.0.0,3,ok
089842,per089842_1907_02018,4,0,0,,,triagem/nome-caixa-conversao 1.0.0,3,ok
089842,per089842_1907_02018,5,0,0,,,triagem/nome-caixa-conversao 1.0.0,3,ok
089842,per089842_1907_02018,6,0,0,,,triagem/nome-caixa-conversao 1.0.0,3,ok
089842,per089842_1907_02019,1,1,2,caixa dc conver,25975,triagem/nome-caixa-conversao 1.0.0,3,ok
089842,per089842_1907_02019,2,0,0,,,triagem/nome-caixa-conversao 1.0.0,3,ok
089842,per089842_1907_02019,3,0,0,,,triagem/nome-caixa-conversao 1.0.0,3,ok
089842,per089842_1907_02019,4,0,0,,,triagem/nome-caixa-conversao 1.0.0,3,ok
089842,per089842_1907_02019,5,0,0,,,triagem/nome-caixa-conversao 1.0.0,3,ok
089842,per089842_1907_02019,6,0,0,,,triagem/nome-caixa-conversao 1.0.0,3,ok
089842,per089842_1907_02020,1,1,2,caixa de conver,30126,triagem/nome-caixa-conversao 1.0.0,3,ok
089842,per089842_1907_02020,2,1,2,caixa deconver,16409,triagem/nome-caixa-conversao 1.0.0,3,ok
089842,per089842_1907_02020,3,0,0,,,triagem/nome-caixa-conversao 1.0.0,3,ok
089842,per089842_1907_02020,4,0,0,,,triagem/nome-caixa-conversao 1.0.0,3,ok
089842,per089842_1907_02020,5,0,0,,,triagem/nome-caixa-conversao 1.0.0,3,ok
089842,per089842_1907_02020,6,0,0,,,triagem/nome-caixa-conversao 1.0.0,3,ok
089842,per089842_1907_02020,7,0,0,,,triagem/nome-caixa-conversao 1.0.0,3,ok
089842,per089842_1907_02020,8,0,0,,,triagem/nome-caixa-conversao 1.0.0,3,ok
089842,per089842_1907_02021,1,1,1,caixa de conver,32590,triagem/nome-caixa-conversao 1.0.0,3,ok
089842,per089842_1907_02021,2,0,0,,,triagem/nome-caixa-conversao 1.0.0,3,ok
089842,per089842_1907_02021,3,0,0,,,triagem/nome-caixa-conversao 1.0.0,3,ok
089842,per089842_1907_02021,4,0,0,,,triagem/nome-caixa-conversao 1.0.0,3,ok
089842,per089842_1907_02021,5,0,0,,,triagem/nome-caixa-conversao 1.0.0,3,ok
089842,per089842_1907_02021,6,0,0,,,triagem/nome-caixa-conversao 1.0.0,3,ok
089842,per089842_1907_02022,1,0,0,,,triagem/nome-caixa-conversao 1.0.0,3,ok
089842,per089842_1907_02022,2,0,0,,,triagem/nome-caixa-conversao 1.0.0,3,ok
089842,per089842_1907_02022,3,0,0,,,triagem/nome-caixa-conversao 1.0.0,3,ok
089842,per089842_1907_02022,4,0,0,,,triagem/nome-caixa-conversao 1.0.0,3,ok
089842,per089842_1907_02022,5,0,0,,,triagem/nome-caixa-conversao 1.0.0,3,ok
089842,per089842_1907_02022,6,0,0,,,triagem/nome-caixa-conversao 1.0.0,3,ok
089842,per089842_1907_02022,7,0,0,,,triagem/nome-caixa-conversao 1.0.0,3,ok
089842,per089842_1907_02022,8,0,0,,,triagem/nome-caixa-conversao 1.0.0,3,ok
089842,per089842_1907_02023,1,1,1,caixa de conver,15060,triagem/nome-caixa-conversao 1.0.0,3,ok
089842,per089842_1907_02023,2,0,0,,,triagem/nome-caixa-conversao 1.0.0,3,ok
089842,per089842_1907_02023,3,0,0,,,triagem/nome-caixa-conversao 1.0.0,3,ok
089842,per089842_1907_02023,4,0,0,,,triagem/nome-caixa-conversao 1.0.0,3,ok
089842,per089842_1907_02023,5,0,0,,,triagem/nome-caixa-conversao 1.0.0,3,ok
089842,per089842_1907_02023,6,0,0,,,triagem/nome-caixa-conversao 1.0.0,3,ok
089842,per089842_1907_02024,1,0,0,,,triagem/nome-caixa-conversao 1.0.0,3,ok
089842,per089842_1907_02024,2,0,0,,,triagem/nome-caixa-conversao 1.0.0,3,ok
089842,per089842_1907_02024,3,0,0,,,triagem/nome-caixa-conversao 1.0.0,3,ok
089842,per089842_1907_02024,4,0,0,,,triagem/nome-caixa-conversao 1.0.0,3,ok
089842,per089842_1907_02024,5,1,1,caixa deconver,22336,triagem/nome-caixa-conversao 1.0.0,3,ok
089842,per089842_1907_02024,6,0,0,,,triagem/nome-caixa-conversao 1.0.0,3,ok
089842,per089842_1907_02024,7,0,0,,,triagem/nome-caixa-conversao 1.0.0,3,ok
089842,per089842_1907_02024,8,0,0,,,triagem/nome-caixa-conversao 1.0.0,3,ok
089842,per089842_1907_02024,9,1,1,caixa de conver,14766,triagem/nome-caixa-conversao 1.0.0,3,ok
089842,per089842_1907_02024,10,0,0,,,triagem/nome-caixa-conversao 1.0.0,3,ok
089842,per089842_1907_02024,11,0,0,,,triagem/nome-caixa-conversao 1.0.0,3,ok
089842,per089842_1907_02024,12,0,0,,,triagem/nome-caixa-conversao 1.0.0,3,ok
089842,per089842_1907_02025,1,0,0,,,triagem/nome-caixa-conversao 1.0.0,3,ok
089842,per089842_1907_02025,2,0,0,,,triagem/nome-caixa-conversao 1.0.0,3,ok
089842,per089842_1907_02025,3,0,0,,,triagem/nome-caixa-conversao 1.0.0,3,ok
089842,per089842_1907_02025,4,0,0,,,triagem/nome-caixa-conversao 1.0.0,3,ok
089842,per089842_1907_02025,5,0,0,,,triagem/nome-caixa-conversao 1.0.0,3,ok
089842,per089842_1907_02025,6,0,0,,,triagem/nome-caixa-conversao 1.0.0,3,ok
089842,per089842_1907_02026,1,1,1,caixa dc conver,21989,triagem/nome-caixa-conversao 1.0.0,3,ok
089842,per089842_1907_02026,2,0,0,,,triagem/nome-caixa-conversao 1.0.0,3,ok
089842,per089842_1907_02026,3,0,0,,,triagem/nome-caixa-conversao 1.0.0,3,ok
089842,per089842_1907_02026,4,0,0,,,triagem/nome-caixa-conversao 1.0.0,3,ok
089842,per089842_1907_02026,5,0,0,,,triagem/nome-caixa-conversao 1.0.0,3,ok
089842,per089842_1907_02026,6,0,0,,,triagem/nome-caixa-conversao 1.0.0,3,ok
089842,per089842_1907_02027,1,1,2,caixa de conver,15319,triagem/nome-caixa-conversao 1.0.0,3,ok
089842,per089842_1907_02027,2,0,0,,,triagem/nome-caixa-conversao 1.0.0,3,ok
089842,per089842_1907_02027,3,0,0,,,triagem/nome-caixa-conversao 1.0.0,3,ok
089842,per089842_1907_02027,4,0,0,,,triagem/nome-caixa-conversao 1.0.0,3,ok
089842,per089842_1907_02027,5,0,0,,,triagem/nome-caixa-conversao 1.0.0,3,ok
089842,per089842_1907_02027,6,0,0,,,triagem/nome-caixa-conversao 1.0.0,3,ok
089842,per089842_1907_02027,7,0,0,,,triagem/nome-caixa-conversao 1.0.0,3,ok
089842,per089842_1907_02027,8,0,0,,,triagem/nome-caixa-conversao 1.0.0,3,ok
089842,per089842_1907_02028,1,1,4,caixa dc conver,11148,triagem/nome-caixa-conversao 1.0.0,3,ok
089842,per089842_1907_02028,2,0,0,,,triagem/nome-caixa-conversao 1.0.0,3,ok
089842,per089842_1907_02028,3,0,0,,,triagem/nome-caixa-conversao 1.0.0,3,ok
089842,per089842_1907_02028,4,0,0,,,triagem/nome-caixa-conversao 1.0.0,3,ok
089842,per089842_1907_02028,5,0,0,,,triagem/nome-caixa-conversao 1.0.0,3,ok
089842,per089842_1907_02028,6,0,0,,,triagem/nome-caixa-conversao 1.0.0,3,ok
089842,per089842_1907_02028,7,0,0,,,triagem/nome-caixa-conversao 1.0.0,3,ok
089842,per089842_1907_02028,8,0,0,,,triagem/nome-caixa-conversao 1.0.0,3,ok
089842,per089842_1907_02029,1,0,0,,,triagem/nome-caixa-conversao 1.0.0,3,ok
089842,per089842_1907_02029,2,0,0,,,triagem/nome-caixa-conversao 1.0.0,3,ok
089842,per089842_1907_02029,3,0,0,,,triagem/nome-caixa-conversao 1.0.0,3,ok
089842,per089842_1907_02029,4,0,0,,,triagem/nome-caixa-conversao 1.0.0,3,ok
089842,per089842_1907_02029,5,0,0,,,triagem/nome-caixa-conversao 1.0.0,3,ok
089842,per089842_1907_02029,6,0,0,,,triagem/nome-caixa-conversao 1.0.0,3,ok
089842,per089842_1907_02030,1,1,2,caixa de conver,29913,triagem/nome-caixa-conversao 1.0.0,3,ok
089842,per089842_1907_02030,2,0,0,,,triagem/nome-caixa-conversao 1.0.0,3,ok
089842,per089842_1907_02030,3,0,0,,,triagem/nome-caixa-conversao 1.0.0,3,ok
089842,per089842_1907_02030,4,0,0,,,triagem/nome-caixa-conversao 1.0.0,3,ok
089842,per089842_1907_02030,5,0,0,,,triagem/nome-caixa-conversao 1.0.0,3,ok
089842,per089842_1907_02030,6,0,0,,,triagem/nome-caixa-conversao 1.0.0,3,ok
089842,per089842_1907_02030,7,0,0,,,triagem/nome-caixa-conversao 1.0.0,3,ok
089842,per089842_1907_02030,8,0,0,,,triagem/nome-caixa-conversao 1.0.0,3,ok
089842,per089842_1907_02031,1,0,0,,,triagem/nome-caixa-conversao 1.0.0,3,ok
089842,per089842_1907_02031,2,0,0,,,triagem/nome-caixa-conversao 1.0.0,3,ok
089842,per089842_1907_02031,3,0,0,,,triagem/nome-caixa-conversao 1.0.0,3,ok
089842,per089842_1907_02031,4,0,0,,,triagem/nome-caixa-conversao 1.0.0,3,ok
089842,per089842_1907_02031,5,1,1,caixa de conver,23527,triagem/nome-caixa-conversao 1.0.0,3,ok
089842,per089842_1907_02031,6,0,0,,,triagem/nome-caixa-conversao 1.0.0,3,ok
089842,per089842_1907_02031,7,0,0,,,triagem/nome-caixa-conversao 1.0.0,3,ok
089842,per089842_1907_02031,8,0,0,,,triagem/nome-caixa-conversao 1.0.0,3,ok
089842,per089842_1907_02031,9,0,0,,,triagem/nome-caixa-conversao 1.0.0,3,ok
089842,per089842_1907_02031,10,0,0,,,triagem/nome-caixa-conversao 1.0.0,3,ok
089842,per089842_1907_02031,11,0,0,,,triagem/nome-caixa-conversao 1.0.0,3,ok
089842,per089842_1907_02031,12,0,0,,,triagem/nome-caixa-conversao 1.0.0,3,ok
089842,per089842_1907_02032,1,0,0,,,triagem/nome-caixa-conversao 1.0.0,3,ok
089842,per089842_1907_02032,2,0,0,,,triagem/nome-caixa-conversao 1.0.0,3,ok
089842,per089842_1907_02032,3,0,0,,,triagem/nome-caixa-conversao 1.0.0,3,ok
089842,per089842_1907_02032,4,0,0,,,triagem/nome-caixa-conversao 1.0.0,3,ok
089842,per089842_1907_02032,5,0,0,,,triagem/nome-caixa-conversao 1.0.0,3,ok
089842,per089842_1907_02032,6,0,0,,,triagem/nome-caixa-conversao 1.0.0,3,ok
089842,per089842_1907_02033,1,1,3,caixa de conver,10080,triagem/nome-caixa-conversao 1.0.0,3,ok
089842,per089842_1907_02033,2,0,0,,,triagem/nome-caixa-conversao 1.0.0,3,ok
089842,per089842_1907_02033,3,0,0,,,triagem/nome-caixa-conversao 1.0.0,3,ok
089842,per089842_1907_02033,4,0,0,,,triagem/nome-caixa-conversao 1.0.0,3,ok
089842,per089842_1907_02033,5,0,0,,,triagem/nome-caixa-conversao 1.0.0,3,ok
089842,per089842_1907_02033,6,0,0,,,triagem/nome-caixa-conversao 1.0.0,3,ok
089842,per089842_1907_02034,1,1,2,caixa de conver,20390,triagem/nome-caixa-conversao 1.0.0,3,ok
089842,per089842_1907_02034,2,0,0,,,triagem/nome-caixa-conversao 1.0.0,3,ok
089842,per089842_1907_02034,3,0,0,,,triagem/nome-caixa-conversao 1.0.0,3,ok
089842,per089842_1907_02034,4,0,0,,,triagem/nome-caixa-conversao 1.0.0,3,ok
089842,per089842_1907_02034,5,1,1,caixa do conver,19686,triagem/nome-caixa-conversao 1.0.0,3,ok
089842,per089842_1907_02034,6,0,0,,,triagem/nome-caixa-conversao 1.0.0,3,ok
089842,per089842_1907_02034,7,0,0,,,triagem/nome-caixa-conversao 1.0.0,3,ok
089842,per089842_1907_02034,8,0,0,,,triagem/nome-caixa-conversao 1.0.0,3,ok
089842,per089842_1907_02035,1,1,3,caixadc conver,17043,triagem/nome-caixa-conversao 1.0.0,3,ok
089842,per089842_1907_02035,2,0,0,,,triagem/nome-caixa-conversao 1.0.0,3,ok
089842,per089842_1907_02035,3,0,0,,,triagem/nome-caixa-conversao 1.0.0,3,ok
089842,per089842_1907_02035,4,0,0,,,triagem/nome-caixa-conversao 1.0.0,3,ok
089842,per089842_1907_02035,5,0,0,,,triagem/nome-caixa-conversao 1.0.0,3,ok
089842,per089842_1907_02035,6,0,0,,,triagem/nome-caixa-conversao 1.0.0,3,ok
089842,per089842_1907_02035,7,0,0,,,triagem/nome-caixa-conversao 1.0.0,3,ok
089842,per089842_1907_02035,8,0,0,,,triagem/nome-caixa-conversao 1.0.0,3,ok
089842,per089842_1907_02036,1,1,2,caixa de conver,24143,triagem/nome-caixa-conversao 1.0.0,3,ok
089842,per089842_1907_02036,2,0,0,,,triagem/nome-caixa-conversao 1.0.0,3,ok
089842,per089842_1907_02036,3,0,0,,,triagem/nome-caixa-conversao 1.0.0,3,ok
089842,per089842_1907_02036,4,0,0,,,triagem/nome-caixa-conversao 1.0.0,3,ok
089842,per089842_1907_02036,5,0,0,,,triagem/nome-caixa-conversao 1.0.0,3,ok
089842,per089842_1907_02036,6,1,1,caixa de conver,10797,triagem/nome-caixa-conversao 1.0.0,3,ok
089842,per089842_1907_02037,1,1,2,caixa de conver,20296,triagem/nome-caixa-conversao 1.0.0,3,ok
089842,per089842_1907_02037,2,0,0,,,triagem/nome-caixa-conversao 1.0.0,3,ok
089842,per089842_1907_02037,3,0,0,,,triagem/nome-caixa-conversao 1.0.0,3,ok
089842,per089842_1907_02037,4,0,0,,,triagem/nome-caixa-conversao 1.0.0,3,ok
089842,per089842_1907_02038,1,0,0,,,triagem/nome-caixa-conversao 1.0.0,3,ok
089842,per089842_1907_02038,2,0,0,,,triagem/nome-caixa-conversao 1.0.0,3,ok
089842,per089842_1907_02038,3,0,0,,,triagem/nome-caixa-conversao 1.0.0,3,ok
089842,per089842_1907_02038,4,0,0,,,triagem/nome-caixa-conversao 1.0.0,3,ok
089842,per089842_1907_02038,5,1,2,caixa de conver,19710,triagem/nome-caixa-conversao 1.0.0,3,ok
089842,per089842_1907_02038,6,0,0,,,triagem/nome-caixa-conversao 1.0.0,3,ok
089842,per089842_1907_02038,7,0,0,,,triagem/nome-caixa-conversao 1.0.0,3,ok
089842,per089842_1907_02038,8,0,0,,,triagem/nome-caixa-conversao 1.0.0,3,ok
089842,per089842_1907_02038,9,0,0,,,triagem/nome-caixa-conversao 1.0.0,3,ok
089842,per089842_1907_02038,10,0,0,,,triagem/nome-caixa-conversao 1.0.0,3,ok
089842,per089842_1907_02038,11,0,0,,,triagem/nome-caixa-conversao 1.0.0,3,ok
089842,per089842_1907_02038,12,0,0,,,triagem/nome-caixa-conversao 1.0.0,3,ok
089842,per089842_1907_02039,1,1,1,caixadc conver,37173,triagem/nome-caixa-conversao 1.0.0,3,ok
089842,per089842_1907_02039,2,0,0,,,triagem/nome-caixa-conversao 1.0.0,3,ok
089842,per089842_1907_02039,3,0,0,,,triagem/nome-caixa-conversao 1.0.0,3,ok
089842,per089842_1907_02039,4,0,0,,,triagem/nome-caixa-conversao 1.0.0,3,ok
089842,per089842_1907_02039,5,0,0,,,triagem/nome-caixa-conversao 1.0.0,3,ok
089842,per089842_1907_02039,6,0,0,,,triagem/nome-caixa-conversao 1.0.0,3,ok
089842,per089842_1907_02040,1,0,0,,,triagem/nome-caixa-conversao 1.0.0,3,ok
089842,per089842_1907_02040,2,0,0,,,triagem/nome-caixa-conversao 1.0.0,3,ok
089842,per089842_1907_02040,3,0,0,,,triagem/nome-caixa-conversao 1.0.0,3,ok
089842,per089842_1907_02040,4,0,0,,,triagem/nome-caixa-conversao 1.0.0,3,ok
089842,per089842_1907_02040,5,0,0,,,triagem/nome-caixa-conversao 1.0.0,3,ok
089842,per089842_1907_02040,6,0,0,,,triagem/nome-caixa-conversao 1.0.0,3,ok
089842,per089842_1907_02040,7,0,0,,,triagem/nome-caixa-conversao 1.0.0,3,ok
089842,per089842_1907_02040,8,0,0,,,triagem/nome-caixa-conversao 1.0.0,3,ok
089842,per089842_1907_02041,1,0,0,,,triagem/nome-caixa-conversao 1.0.0,3,ok
089842,per089842_1907_02041,2,0,0,,,triagem/nome-caixa-conversao 1.0.0,3,ok
089842,per089842_1907_02041,3,0,0,,,triagem/nome-caixa-conversao 1.0.0,3,ok
089842,per089842_1907_02041,4,0,0,,,triagem/nome-caixa-conversao 1.0.0,3,ok
089842,per089842_1907_02042,1,1,1,caixa dc conver,1911,triagem/nome-caixa-conversao 1.0.0,3,ok
089842,per089842_1907_02042,2,0,0,,,triagem/nome-caixa-conversao 1.0.0,3,ok
089842,per089842_1907_02042,3,0,0,,,triagem/nome-caixa-conversao 1.0.0,3,ok
089842,per089842_1907_02042,4,0,0,,,triagem/nome-caixa-conversao 1.0.0,3,ok
089842,per089842_1907_02042,5,0,0,,,triagem/nome-caixa-conversao 1.0.0,3,ok
089842,per089842_1907_02042,6,0,0,,,triagem/nome-caixa-conversao 1.0.0,3,ok
089842,per089842_1907_02043,1,1,2,caixa de conver,18557,triagem/nome-caixa-conversao 1.0.0,3,ok
089842,per089842_1907_02043,2,0,0,,,triagem/nome-caixa-conversao 1.0.0,3,ok
089842,per089842_1907_02043,3,0,0,,,triagem/nome-caixa-conversao 1.0.0,3,ok
089842,per089842_1907_02043,4,0,0,,,triagem/nome-caixa-conversao 1.0.0,3,ok
089842,per089842_1907_02043,5,0,0,,,triagem/nome-caixa-conversao 1.0.0,3,ok
089842,per089842_1907_02043,6,0,0,,,triagem/nome-caixa-conversao 1.0.0,3,ok
089842,per089842_1907_02044,1,1,3,caixa de conver,2679,triagem/nome-caixa-conversao 1.0.0,3,ok
089842,per089842_1907_02044,2,0,0,,,triagem/nome-caixa-conversao 1.0.0,3,ok
089842,per089842_1907_02044,3,0,0,,,triagem/nome-caixa-conversao 1.0.0,3,ok
089842,per089842_1907_02044,4,0,0,,,triagem/nome-caixa-conversao 1.0.0,3,ok
089842,per089842_1907_02044,5,0,0,,,triagem/nome-caixa-conversao 1.0.0,3,ok
089842,per089842_1907_02044,6,0,0,,,triagem/nome-caixa-conversao 1.0.0,3,ok
089842,per089842_1907_02045,1,0,0,,,triagem/nome-caixa-conversao 1.0.0,3,ok
089842,per089842_1907_02045,2,0,0,,,triagem/nome-caixa-conversao 1.0.0,3,ok
089842,per089842_1907_02045,3,0,0,,,triagem/nome-caixa-conversao 1.0.0,3,ok
089842,per089842_1907_02045,4,0,0,,,triagem/nome-caixa-conversao 1.0.0,3,ok
089842,per089842_1907_02045,5,0,0,,,triagem/nome-caixa-conversao 1.0.0,3,ok
089842,per089842_1907_02045,6,0,0,,,triagem/nome-caixa-conversao 1.0.0,3,ok
089842,per089842_1907_02045,7,0,0,,,triagem/nome-caixa-conversao 1.0.0,3,ok
089842,per089842_1907_02045,8,0,0,,,triagem/nome-caixa-conversao 1.0.0,3,ok
089842,per089842_1907_02045,9,0,0,,,triagem/nome-caixa-conversao 1.0.0,3,ok
089842,per089842_1907_02045,10,0,0,,,triagem/nome-caixa-conversao 1.0.0,3,ok
089842,per089842_1907_02045,11,0,0,,,triagem/nome-caixa-conversao 1.0.0,3,ok
089842,per089842_1907_02045,12,0,0,,,triagem/nome-caixa-conversao 1.0.0,3,ok
089842,per089842_1907_02046,1,0,0,,,triagem/nome-caixa-conversao 1.0.0,3,ok
089842,per089842_1907_02046,2,0,0,,,triagem/nome-caixa-conversao 1.0.0,3,ok
089842,per089842_1907_02046,3,0,0,,,triagem/nome-caixa-conversao 1.0.0,3,ok
089842,per089842_1907_02046,4,0,0,,,triagem/nome-caixa-conversao 1.0.0,3,ok
089842,per089842_1907_02046,5,0,0,,,triagem/nome-caixa-conversao 1.0.0,3,ok
089842,per089842_1907_02046,6,0,0,,,triagem/nome-caixa-conversao 1.0.0,3,ok
089842,per089842_1907_02047,1,1,1,caixa de conver,18619,triagem/nome-caixa-conversao 1.0.0,3,ok
089842,per089842_1907_02047,2,1,2,caixa de conver,15121,triagem/nome-caixa-conversao 1.0.0,3,ok
089842,per089842_1907_02047,3,0,0,,,triagem/nome-caixa-conversao 1.0.0,3,ok
089842,per089842_1907_02047,4,0,0,,,triagem/nome-caixa-conversao 1.0.0,3,ok
089842,per089842_1907_02047,5,0,0,,,triagem/nome-caixa-conversao 1.0.0,3,ok
089842,per089842_1907_02047,6,0,0,,,triagem/nome-caixa-conversao 1.0.0,3,ok
089842,per089842_1907_02047,7,0,0,,,triagem/nome-caixa-conversao 1.0.0,3,ok
089842,per089842_1907_02047,8,0,0,,,triagem/nome-caixa-conversao 1.0.0,3,ok
089842,per089842_1907_02048,1,1,2,caixa dc conver,30210,triagem/nome-caixa-conversao 1.0.0,3,ok
089842,per089842_1907_02048,2,0,0,,,triagem/nome-caixa-conversao 1.0.0,3,ok
089842,per089842_1907_02048,3,0,0,,,triagem/nome-caixa-conversao 1.0.0,3,ok
089842,per089842_1907_02048,4,0,0,,,triagem/nome-caixa-conversao 1.0.0,3,ok
089842,per089842_1907_02048,5,0,0,,,triagem/nome-caixa-conversao 1.0.0,3,ok
089842,per089842_1907_02048,6,0,0,,,triagem/nome-caixa-conversao 1.0.0,3,ok
089842,per089842_1907_02049,1,1,3,caixa dc conver,8822,triagem/nome-caixa-conversao 1.0.0,3,ok
089842,per089842_1907_02049,2,0,0,,,triagem/nome-caixa-conversao 1.0.0,3,ok
089842,per089842_1907_02049,3,0,0,,,triagem/nome-caixa-conversao 1.0.0,3,ok
089842,per089842_1907_02049,4,0,0,,,triagem/nome-caixa-conversao 1.0.0,3,ok
089842,per089842_1907_02049,5,0,0,,,triagem/nome-caixa-conversao 1.0.0,3,ok
089842,per089842_1907_02049,6,0,0,,,triagem/nome-caixa-conversao 1.0.0,3,ok
089842,per089842_1907_02049,7,0,0,,,triagem/nome-caixa-conversao 1.0.0,3,ok
089842,per089842_1907_02049,8,1,1,caixa de conver,20937,triagem/nome-caixa-conversao 1.0.0,3,ok
089842,per089842_1907_02050,1,1,1,caixadc conver,20122,triagem/nome-caixa-conversao 1.0.0,3,ok
089842,per089842_1907_02050,2,0,0,,,triagem/nome-caixa-conversao 1.0.0,3,ok
089842,per089842_1907_02050,3,0,0,,,triagem/nome-caixa-conversao 1.0.0,3,ok
089842,per089842_1907_02050,4,0,0,,,triagem/nome-caixa-conversao 1.0.0,3,ok
089842,per089842_1907_02050,5,0,0,,,triagem/nome-caixa-conversao 1.0.0,3,ok
089842,per089842_1907_02050,6,0,0,,,triagem/nome-caixa-conversao 1.0.0,3,ok
089842,per089842_1907_02051,1,1,2,caixa de conver,35343,triagem/nome-caixa-conversao 1.0.0,3,ok
089842,per089842_1907_02051,2,0,0,,,triagem/nome-caixa-conversao 1.0.0,3,ok
089842,per089842_1907_02051,3,0,0,,,triagem/nome-caixa-conversao 1.0.0,3,ok
089842,per089842_1907_02051,4,0,0,,,triagem/nome-caixa-conversao 1.0.0,3,ok
089842,per089842_1907_02051,5,0,0,,,triagem/nome-caixa-conversao 1.0.0,3,ok
089842,per089842_1907_02051,6,1,1,caixa de conver,10371,triagem/nome-caixa-conversao 1.0.0,3,ok
089842,per089842_1907_02052,1,0,0,,,triagem/nome-caixa-conversao 1.0.0,3,ok
089842,per089842_1907_02052,2,0,0,,,triagem/nome-caixa-conversao 1.0.0,3,ok
089842,per089842_1907_02052,3,0,0,,,triagem/nome-caixa-conversao 1.0.0,3,ok
089842,per089842_1907_02052,4,0,0,,,triagem/nome-caixa-conversao 1.0.0,3,ok
089842,per089842_1907_02052,5,1,1,caixa de conver,25250,triagem/nome-caixa-conversao 1.0.0,3,ok
089842,per089842_1907_02052,6,0,0,,,triagem/nome-caixa-conversao 1.0.0,3,ok
089842,per089842_1907_02052,7,0,0,,,triagem/nome-caixa-conversao 1.0.0,3,ok
089842,per089842_1907_02052,8,0,0,,,triagem/nome-caixa-conversao 1.0.0,3,ok
089842,per089842_1907_02052,9,0,0,,,triagem/nome-caixa-conversao 1.0.0,3,ok
089842,per089842_1907_02052,10,0,0,,,triagem/nome-caixa-conversao 1.0.0,3,ok
089842,per089842_1907_02052,11,0,0,,,triagem/nome-caixa-conversao 1.0.0,3,ok
089842,per089842_1907_02052,12,0,0,,,triagem/nome-caixa-conversao 1.0.0,3,ok
089842,per089842_1907_02053,1,0,0,,,triagem/nome-caixa-conversao 1.0.0,3,ok
089842,per089842_1907_02053,2,0,0,,,triagem/nome-caixa-conversao 1.0.0,3,ok
089842,per089842_1907_02053,3,0,0,,,triagem/nome-caixa-conversao 1.0.0,3,ok
089842,per089842_1907_02053,4,0,0,,,triagem/nome-caixa-conversao 1.0.0,3,ok
089842,per089842_1907_02053,5,0,0,,,triagem/nome-caixa-conversao 1.0.0,3,ok
089842,per089842_1907_02053,6,1,1,caixa do conver,5443,triagem/nome-caixa-conversao 1.0.0,3,ok
089842,per089842_1907_02054,1,1,1,caixa de conver,19935,triagem/nome-caixa-conversao 1.0.0,3,ok
089842,per089842_1907_02054,2,0,0,,,triagem/nome-caixa-conversao 1.0.0,3,ok
089842,per089842_1907_02054,3,0,0,,,triagem/nome-caixa-conversao 1.0.0,3,ok
089842,per089842_1907_02054,4,0,0,,,triagem/nome-caixa-conversao 1.0.0,3,ok
089842,per089842_1907_02054,5,0,0,,,triagem/nome-caixa-conversao 1.0.0,3,ok
089842,per089842_1907_02054,6,0,0,,,triagem/nome-caixa-conversao 1.0.0,3,ok
089842,per089842_1907_02054,7,0,0,,,triagem/nome-caixa-conversao 1.0.0,3,ok
089842,per089842_1907_02054,8,0,0,,,triagem/nome-caixa-conversao 1.0.0,3,ok
089842,per089842_1907_02056,1,1,1,caixa de conver,19330,triagem/nome-caixa-conversao 1.0.0,3,ok
089842,per089842_1907_02056,2,0,0,,,triagem/nome-caixa-conversao 1.0.0,3,ok
089842,per089842_1907_02056,3,0,0,,,triagem/nome-caixa-conversao 1.0.0,3,ok
089842,per089842_1907_02056,4,0,0,,,triagem/nome-caixa-conversao 1.0.0,3,ok
089842,per089842_1907_02056,5,0,0,,,triagem/nome-caixa-conversao 1.0.0,3,ok
089842,per089842_1907_02056,6,0,0,,,triagem/nome-caixa-conversao 1.0.0,3,ok
089842,per089842_1907_02056,7,0,0,,,triagem/nome-caixa-conversao 1.0.0,3,ok
089842,per089842_1907_02056,8,0,0,,,triagem/nome-caixa-conversao 1.0.0,3,ok
089842,per089842_1907_02057,1,1,1,caixa de conver,45546,triagem/nome-caixa-conversao 1.0.0,3,ok
089842,per089842_1907_02057,2,0,0,,,triagem/nome-caixa-conversao 1.0.0,3,ok
089842,per089842_1907_02057,3,0,0,,,triagem/nome-caixa-conversao 1.0.0,3,ok
089842,per089842_1907_02057,4,0,0,,,triagem/nome-caixa-conversao 1.0.0,3,ok
089842,per089842_1907_02057,5,0,0,,,triagem/nome-caixa-conversao 1.0.0,3,ok
089842,per089842_1907_02057,6,0,0,,,triagem/nome-caixa-conversao 1.0.0,3,ok
089842,per089842_1907_02058,1,1,2,caixa de conver,33336,triagem/nome-caixa-conversao 1.0.0,3,ok
089842,per089842_1907_02058,2,0,0,,,triagem/nome-caixa-conversao 1.0.0,3,ok
089842,per089842_1907_02058,3,0,0,,,triagem/nome-caixa-conversao 1.0.0,3,ok
089842,per089842_1907_02058,4,0,0,,,triagem/nome-caixa-conversao 1.0.0,3,ok
089842,per089842_1907_02058,5,1,1,caixa de conver,35102,triagem/nome-caixa-conversao 1.0.0,3,ok
089842,per089842_1907_02058,6,0,0,,,triagem/nome-caixa-conversao 1.0.0,3,ok
089842,per089842_1907_02059,1,0,0,,,triagem/nome-caixa-conversao 1.0.0,3,ok
089842,per089842_1907_02059,2,0,0,,,triagem/nome-caixa-conversao 1.0.0,3,ok
089842,per089842_1907_02059,3,0,0,,,triagem/nome-caixa-conversao 1.0.0,3,ok
089842,per089842_1907_02059,4,0,0,,,triagem/nome-caixa-conversao 1.0.0,3,ok
089842,per089842_1907_02059,5,0,0,,,triagem/nome-caixa-conversao 1.0.0,3,ok
089842,per089842_1907_02059,6,0,0,,,triagem/nome-caixa-conversao 1.0.0,3,ok
089842,per089842_1907_02059,7,0,0,,,triagem/nome-caixa-conversao 1.0.0,3,ok
089842,per089842_1907_02059,8,0,0,,,triagem/nome-caixa-conversao 1.0.0,3,ok
089842,per089842_1907_02059,9,0,0,,,triagem/nome-caixa-conversao 1.0.0,3,ok
089842,per089842_1907_02059,10,0,0,,,triagem/nome-caixa-conversao 1.0.0,3,ok
089842,per089842_1907_02059,11,0,0,,,triagem/nome-caixa-conversao 1.0.0,3,ok
089842,per089842_1907_02059,12,0,0,,,triagem/nome-caixa-conversao 1.0.0,3,ok
089842,per089842_1907_02060,1,0,0,,,triagem/nome-caixa-conversao 1.0.0,3,ok
089842,per089842_1907_02060,2,0,0,,,triagem/nome-caixa-conversao 1.0.0,3,ok
089842,per089842_1907_02060,3,0,0,,,triagem/nome-caixa-conversao 1.0.0,3,ok
089842,per089842_1907_02060,4,0,0,,,triagem/nome-caixa-conversao 1.0.0,3,ok
089842,per089842_1907_02060,5,0,0,,,triagem/nome-caixa-conversao 1.0.0,3,ok
089842,per089842_1907_02060,6,0,0,,,triagem/nome-caixa-conversao 1.0.0,3,ok
089842,per089842_1907_02061,1,1,3,caixa de conver,16071,triagem/nome-caixa-conversao 1.0.0,3,ok
089842,per089842_1907_02061,2,0,0,,,triagem/nome-caixa-conversao 1.0.0,3,ok
089842,per089842_1907_02061,3,0,0,,,triagem/nome-caixa-conversao 1.0.0,3,ok
089842,per089842_1907_02061,4,0,0,,,triagem/nome-caixa-conversao 1.0.0,3,ok
089842,per089842_1907_02061,5,0,0,,,triagem/nome-caixa-conversao 1.0.0,3,ok
089842,per089842_1907_02061,6,0,0,,,triagem/nome-caixa-conversao 1.0.0,3,ok
089842,per089842_1907_02062,1,1,1,caixa de conver,37790,triagem/nome-caixa-conversao 1.0.0,3,ok
089842,per089842_1907_02062,2,0,0,,,triagem/nome-caixa-conversao 1.0.0,3,ok
089842,per089842_1907_02062,3,0,0,,,triagem/nome-caixa-conversao 1.0.0,3,ok
089842,per089842_1907_02062,4,0,0,,,triagem/nome-caixa-conversao 1.0.0,3,ok
089842,per089842_1907_02062,5,0,0,,,triagem/nome-caixa-conversao 1.0.0,3,ok
089842,per089842_1907_02062,6,0,0,,,triagem/nome-caixa-conversao 1.0.0,3,ok
089842,per089842_1907_02062,7,0,0,,,triagem/nome-caixa-conversao 1.0.0,3,ok
089842,per089842_1907_02062,8,1,1,caixa de conver,18318,triagem/nome-caixa-conversao 1.0.0,3,ok
089842,per089842_1907_02063,1,1,2,caixa de conver,22390,triagem/nome-caixa-conversao 1.0.0,3,ok
089842,per089842_1907_02063,2,0,0,,,triagem/nome-caixa-conversao 1.0.0,3,ok
089842,per089842_1907_02063,3,0,0,,,triagem/nome-caixa-conversao 1.0.0,3,ok
089842,per089842_1907_02063,4,0,0,,,triagem/nome-caixa-conversao 1.0.0,3,ok
089842,per089842_1907_02063,5,0,0,,,triagem/nome-caixa-conversao 1.0.0,3,ok
089842,per089842_1907_02063,6,0,0,,,triagem/nome-caixa-conversao 1.0.0,3,ok
089842,per089842_1907_02064,1,0,0,,,triagem/nome-caixa-conversao 1.0.0,3,ok
089842,per089842_1907_02064,2,0,0,,,triagem/nome-caixa-conversao 1.0.0,3,ok
089842,per089842_1907_02064,3,0,0,,,triagem/nome-caixa-conversao 1.0.0,3,ok
089842,per089842_1907_02064,4,0,0,,,triagem/nome-caixa-conversao 1.0.0,3,ok
089842,per089842_1907_02064,5,0,0,,,triagem/nome-caixa-conversao 1.0.0,3,ok
089842,per089842_1907_02064,6,1,1,caixa dc conver,12754,triagem/nome-caixa-conversao 1.0.0,3,ok
089842,per089842_1907_02065,1,1,1,caixa dc conver,26787,triagem/nome-caixa-conversao 1.0.0,3,ok
089842,per089842_1907_02065,2,0,0,,,triagem/nome-caixa-conversao 1.0.0,3,ok
089842,per089842_1907_02065,3,0,0,,,triagem/nome-caixa-conversao 1.0.0,3,ok
089842,per089842_1907_02065,4,0,0,,,triagem/nome-caixa-conversao 1.0.0,3,ok
089842,per089842_1907_02065,5,0,0,,,triagem/nome-caixa-conversao 1.0.0,3,ok
089842,per089842_1907_02065,6,0,0,,,triagem/nome-caixa-conversao 1.0.0,3,ok
089842,per089842_1907_02066,1,0,0,,,triagem/nome-caixa-conversao 1.0.0,3,ok
089842,per089842_1907_02066,2,0,0,,,triagem/nome-caixa-conversao 1.0.0,3,ok
089842,per089842_1907_02066,3,0,0,,,triagem/nome-caixa-conversao 1.0.0,3,ok
089842,per089842_1907_02066,4,0,0,,,triagem/nome-caixa-conversao 1.0.0,3,ok
089842,per089842_1907_02067,1,0,0,,,triagem/nome-caixa-conversao 1.0.0,3,ok
089842,per089842_1907_02067,2,0,0,,,triagem/nome-caixa-conversao 1.0.0,3,ok
089842,per089842_1907_02067,3,0,0,,,triagem/nome-caixa-conversao 1.0.0,3,ok
089842,per089842_1907_02067,4,0,0,,,triagem/nome-caixa-conversao 1.0.0,3,ok
089842,per089842_1907_02067,5,0,0,,,triagem/nome-caixa-conversao 1.0.0,3,ok
089842,per089842_1907_02067,6,0,0,,,triagem/nome-caixa-conversao 1.0.0,3,ok
089842,per089842_1907_02068,1,1,1,caixa de conver,18468,triagem/nome-caixa-conversao 1.0.0,3,ok
089842,per089842_1907_02068,2,0,0,,,triagem/nome-caixa-conversao 1.0.0,3,ok
089842,per089842_1907_02068,3,0,0,,,triagem/nome-caixa-conversao 1.0.0,3,ok
089842,per089842_1907_02068,4,0,0,,,triagem/nome-caixa-conversao 1.0.0,3,ok
089842,per089842_1907_02068,5,0,0,,,triagem/nome-caixa-conversao 1.0.0,3,ok
089842,per089842_1907_02068,6,0,0,,,triagem/nome-caixa-conversao 1.0.0,3,ok
089842,per089842_1907_02069,1,1,1,caixa de conver,27410,triagem/nome-caixa-conversao 1.0.0,3,ok
089842,per089842_1907_02069,2,0,0,,,triagem/nome-caixa-conversao 1.0.0,3,ok
089842,per089842_1907_02069,3,0,0,,,triagem/nome-caixa-conversao 1.0.0,3,ok
089842,per089842_1907_02069,4,0,0,,,triagem/nome-caixa-conversao 1.0.0,3,ok
089842,per089842_1907_02069,5,0,0,,,triagem/nome-caixa-conversao 1.0.0,3,ok
089842,per089842_1907_02069,6,0,0,,,triagem/nome-caixa-conversao 1.0.0,3,ok
089842,per089842_1907_02070,1,1,1,caixa de conver,25125,triagem/nome-caixa-conversao 1.0.0,3,ok
089842,per089842_1907_02070,2,0,0,,,triagem/nome-caixa-conversao 1.0.0,3,ok
089842,per089842_1907_02070,3,0,0,,,triagem/nome-caixa-conversao 1.0.0,3,ok
089842,per089842_1907_02070,4,0,0,,,triagem/nome-caixa-conversao 1.0.0,3,ok
089842,per089842_1907_02070,5,0,0,,,triagem/nome-caixa-conversao 1.0.0,3,ok
089842,per089842_1907_02070,6,0,0,,,triagem/nome-caixa-conversao 1.0.0,3,ok
089842,per089842_1907_02070,7,0,0,,,triagem/nome-caixa-conversao 1.0.0,3,ok
089842,per089842_1907_02070,8,0,0,,,triagem/nome-caixa-conversao 1.0.0,3,ok
089842,per089842_1907_02071,1,1,2,caixa de conver,34744,triagem/nome-caixa-conversao 1.0.0,3,ok
089842,per089842_1907_02071,2,0,0,,,triagem/nome-caixa-conversao 1.0.0,3,ok
089842,per089842_1907_02071,3,0,0,,,triagem/nome-caixa-conversao 1.0.0,3,ok
089842,per089842_1907_02071,4,0,0,,,triagem/nome-caixa-conversao 1.0.0,3,ok
089842,per089842_1907_02071,5,0,0,,,triagem/nome-caixa-conversao 1.0.0,3,ok
089842,per089842_1907_02071,6,1,1,caixa dc conver,2430,triagem/nome-caixa-conversao 1.0.0,3,ok
089842,per089842_1907_02072,1,1,3,caixa de conver,17210,triagem/nome-caixa-conversao 1.0.0,3,ok
089842,per089842_1907_02072,2,0,0,,,triagem/nome-caixa-conversao 1.0.0,3,ok
089842,per089842_1907_02072,3,0,0,,,triagem/nome-caixa-conversao 1.0.0,3,ok
089842,per089842_1907_02072,4,0,0,,,triagem/nome-caixa-conversao 1.0.0,3,ok
089842,per089842_1907_02072,5,0,0,,,triagem/nome-caixa-conversao 1.0.0,3,ok
089842,per089842_1907_02072,6,0,0,,,triagem/nome-caixa-conversao 1.0.0,3,ok
089842,per089842_1907_02072,7,0,0,,,triagem/nome-caixa-conversao 1.0.0,3,ok
089842,per089842_1907_02072,8,0,0,,,triagem/nome-caixa-conversao 1.0.0,3,ok
089842,per089842_1907_02073,1,0,0,,,triagem/nome-caixa-conversao 1.0.0,3,ok
089842,per089842_1907_02073,2,0,0,,,triagem/nome-caixa-conversao 1.0.0,3,ok
089842,per089842_1907_02073,3,0,0,,,triagem/nome-caixa-conversao 1.0.0,3,ok
089842,per089842_1907_02073,4,0,0,,,triagem/nome-caixa-conversao 1.0.0,3,ok
089842,per089842_1907_02073,5,0,0,,,triagem/nome-caixa-conversao 1.0.0,3,ok
089842,per089842_1907_02073,6,0,0,,,triagem/nome-caixa-conversao 1.0.0,3,ok
089842,per089842_1907_02073,7,0,0,,,triagem/nome-caixa-conversao 1.0.0,3,ok
089842,per089842_1907_02073,8,0,0,,,triagem/nome-caixa-conversao 1.0.0,3,ok
089842,per089842_1907_02073,9,0,0,,,triagem/nome-caixa-conversao 1.0.0,3,ok
089842,per089842_1907_02073,10,0,0,,,triagem/nome-caixa-conversao 1.0.0,3,ok
089842,per089842_1907_02073,11,0,0,,,triagem/nome-caixa-conversao 1.0.0,3,ok
089842,per089842_1907_02073,12,0,0,,,triagem/nome-caixa-conversao 1.0.0,3,ok
089842,per089842_1907_02074,1,0,0,,,triagem/nome-caixa-conversao 1.0.0,3,ok
089842,per089842_1907_02074,2,0,0,,,triagem/nome-caixa-conversao 1.0.0,3,ok
089842,per089842_1907_02074,3,0,0,,,triagem/nome-caixa-conversao 1.0.0,3,ok
089842,per089842_1907_02074,4,0,0,,,triagem/nome-caixa-conversao 1.0.0,3,ok
089842,per089842_1907_02074,5,0,0,,,triagem/nome-caixa-conversao 1.0.0,3,ok
089842,per089842_1907_02074,6,0,0,,,triagem/nome-caixa-conversao 1.0.0,3,ok
089842,per089842_1907_02075,1,1,1,caixa de conver,18072,triagem/nome-caixa-conversao 1.0.0,3,ok
089842,per089842_1907_02075,2,0,0,,,triagem/nome-caixa-conversao 1.0.0,3,ok
089842,per089842_1907_02075,3,0,0,,,triagem/nome-caixa-conversao 1.0.0,3,ok
089842,per089842_1907_02075,4,0,0,,,triagem/nome-caixa-conversao 1.0.0,3,ok
089842,per089842_1907_02075,5,0,0,,,triagem/nome-caixa-conversao 1.0.0,3,ok
089842,per089842_1907_02075,6,0,0,,,triagem/nome-caixa-conversao 1.0.0,3,ok
089842,per089842_1907_02075,7,0,0,,,triagem/nome-caixa-conversao 1.0.0,3,ok
089842,per089842_1907_02075,8,0,0,,,triagem/nome-caixa-conversao 1.0.0,3,ok
089842,per089842_1907_02076,1,1,1,caixa de conver,34989,triagem/nome-caixa-conversao 1.0.0,3,ok
089842,per089842_1907_02076,2,0,0,,,triagem/nome-caixa-conversao 1.0.0,3,ok
089842,per089842_1907_02076,3,0,0,,,triagem/nome-caixa-conversao 1.0.0,3,ok
089842,per089842_1907_02076,4,0,0,,,triagem/nome-caixa-conversao 1.0.0,3,ok
089842,per089842_1907_02076,5,0,0,,,triagem/nome-caixa-conversao 1.0.0,3,ok
089842,per089842_1907_02076,6,0,0,,,triagem/nome-caixa-conversao 1.0.0,3,ok
089842,per089842_1907_02077,1,1,2,caixa de conver,22954,triagem/nome-caixa-conversao 1.0.0,3,ok
089842,per089842_1907_02077,2,0,0,,,triagem/nome-caixa-conversao 1.0.0,3,ok
089842,per089842_1907_02077,3,0,0,,,triagem/nome-caixa-conversao 1.0.0,3,ok
089842,per089842_1907_02077,4,0,0,,,triagem/nome-caixa-conversao 1.0.0,3,ok
089842,per089842_1907_02077,5,0,0,,,triagem/nome-caixa-conversao 1.0.0,3,ok
089842,per089842_1907_02077,6,0,0,,,triagem/nome-caixa-conversao 1.0.0,3,ok
089842,per089842_1907_02077,7,0,0,,,triagem/nome-caixa-conversao 1.0.0,3,ok
089842,per089842_1907_02077,8,0,0,,,triagem/nome-caixa-conversao 1.0.0,3,ok
089842,per089842_1907_02078,1,1,1,caixa de conver,24170,triagem/nome-caixa-conversao 1.0.0,3,ok
089842,per089842_1907_02078,2,0,0,,,triagem/nome-caixa-conversao 1.0.0,3,ok
089842,per089842_1907_02078,3,0,0,,,triagem/nome-caixa-conversao 1.0.0,3,ok
089842,per089842_1907_02078,4,0,0,,,triagem/nome-caixa-conversao 1.0.0,3,ok
089842,per089842_1907_02078,5,0,0,,,triagem/nome-caixa-conversao 1.0.0,3,ok
089842,per089842_1907_02078,6,0,0,,,triagem/nome-caixa-conversao 1.0.0,3,ok
089842,per089842_1907_02078,7,0,0,,,triagem/nome-caixa-conversao 1.0.0,3,ok
089842,per089842_1907_02078,8,0,0,,,triagem/nome-caixa-conversao 1.0.0,3,ok
089842,per089842_1907_02079,1,1,2,caixa de conver,19433,triagem/nome-caixa-conversao 1.0.0,3,ok
089842,per089842_1907_02079,2,0,0,,,triagem/nome-caixa-conversao 1.0.0,3,ok
089842,per089842_1907_02079,3,1,1,caixa do conver,8192,triagem/nome-caixa-conversao 1.0.0,3,ok
089842,per089842_1907_02079,4,0,0,,,triagem/nome-caixa-conversao 1.0.0,3,ok
089842,per089842_1907_02079,5,0,0,,,triagem/nome-caixa-conversao 1.0.0,3,ok
089842,per089842_1907_02079,6,0,0,,,triagem/nome-caixa-conversao 1.0.0,3,ok
089842,per089842_1907_02080,1,1,1,caixa de conver,18316,triagem/nome-caixa-conversao 1.0.0,3,ok
089842,per089842_1907_02080,2,0,0,,,triagem/nome-caixa-conversao 1.0.0,3,ok
089842,per089842_1907_02080,3,0,0,,,triagem/nome-caixa-conversao 1.0.0,3,ok
089842,per089842_1907_02080,4,0,0,,,triagem/nome-caixa-conversao 1.0.0,3,ok
089842,per089842_1907_02080,5,1,2,caixa de conver,24534,triagem/nome-caixa-conversao 1.0.0,3,ok
089842,per089842_1907_02080,6,0,0,,,triagem/nome-caixa-conversao 1.0.0,3,ok
089842,per089842_1907_02080,7,0,0,,,triagem/nome-caixa-conversao 1.0.0,3,ok
089842,per089842_1907_02080,8,0,0,,,triagem/nome-caixa-conversao 1.0.0,3,ok
089842,per089842_1907_02080,9,0,0,,,triagem/nome-caixa-conversao 1.0.0,3,ok
089842,per089842_1907_02080,10,0,0,,,triagem/nome-caixa-conversao 1.0.0,3,ok
089842,per089842_1907_02080,11,0,0,,,triagem/nome-caixa-conversao 1.0.0,3,ok
089842,per089842_1907_02080,12,0,0,,,triagem/nome-caixa-conversao 1.0.0,3,ok
089842,per089842_1907_02081,1,0,0,,,triagem/nome-caixa-conversao 1.0.0,3,ok
089842,per089842_1907_02081,2,0,0,,,triagem/nome-caixa-conversao 1.0.0,3,ok
089842,per089842_1907_02081,3,0,0,,,triagem/nome-caixa-conversao 1.0.0,3,ok
089842,per089842_1907_02081,4,0,0,,,triagem/nome-caixa-conversao 1.0.0,3,ok
089842,per089842_1907_02081,5,0,0,,,triagem/nome-caixa-conversao 1.0.0,3,ok
089842,per089842_1907_02081,6,0,0,,,triagem/nome-caixa-conversao 1.0.0,3,ok
089842,per089842_1907_02081,7,0,0,,,triagem/nome-caixa-conversao 1.0.0,3,ok
089842,per089842_1907_02081,8,0,0,,,triagem/nome-caixa-conversao 1.0.0,3,ok
089842,per089842_1907_02082,1,0,0,,,triagem/nome-caixa-conversao 1.0.0,3,ok
089842,per089842_1907_02082,2,0,0,,,triagem/nome-caixa-conversao 1.0.0,3,ok
089842,per089842_1907_02082,3,0,0,,,triagem/nome-caixa-conversao 1.0.0,3,ok
089842,per089842_1907_02082,4,0,0,,,triagem/nome-caixa-conversao 1.0.0,3,ok
089842,per089842_1907_02082,5,0,0,,,triagem/nome-caixa-conversao 1.0.0,3,ok
089842,per089842_1907_02082,6,0,0,,,triagem/nome-caixa-conversao 1.0.0,3,ok
089842,per089842_1907_02082,7,0,0,,,triagem/nome-caixa-conversao 1.0.0,3,ok
089842,per089842_1907_02082,8,1,1,caixado conver,20862,triagem/nome-caixa-conversao 1.0.0,3,ok
089842,per089842_1907_02083,1,1,1,caixa de conver,15258,triagem/nome-caixa-conversao 1.0.0,3,ok
089842,per089842_1907_02083,2,0,0,,,triagem/nome-caixa-conversao 1.0.0,3,ok
089842,per089842_1907_02083,3,0,0,,,triagem/nome-caixa-conversao 1.0.0,3,ok
089842,per089842_1907_02083,4,0,0,,,triagem/nome-caixa-conversao 1.0.0,3,ok
089842,per089842_1907_02083,5,0,0,,,triagem/nome-caixa-conversao 1.0.0,3,ok
089842,per089842_1907_02083,6,0,0,,,triagem/nome-caixa-conversao 1.0.0,3,ok
089842,per089842_1907_02084,1,1,1,caixa de conver,29434,triagem/nome-caixa-conversao 1.0.0,3,ok
089842,per089842_1907_02084,2,0,0,,,triagem/nome-caixa-conversao 1.0.0,3,ok
089842,per089842_1907_02084,3,0,0,,,triagem/nome-caixa-conversao 1.0.0,3,ok
089842,per089842_1907_02084,4,0,0,,,triagem/nome-caixa-conversao 1.0.0,3,ok
089842,per089842_1907_02084,5,0,0,,,triagem/nome-caixa-conversao 1.0.0,3,ok
089842,per089842_1907_02084,6,0,0,,,triagem/nome-caixa-conversao 1.0.0,3,ok
089842,per089842_1907_02084,7,0,0,,,triagem/nome-caixa-conversao 1.0.0,3,ok
089842,per089842_1907_02084,8,0,0,,,triagem/nome-caixa-conversao 1.0.0,3,ok
089842,per089842_1907_02085,1,0,0,,,triagem/nome-caixa-conversao 1.0.0,3,ok
089842,per089842_1907_02085,2,0,0,,,triagem/nome-caixa-conversao 1.0.0,3,ok
089842,per089842_1907_02085,3,0,0,,,triagem/nome-caixa-conversao 1.0.0,3,ok
089842,per089842_1907_02085,4,0,0,,,triagem/nome-caixa-conversao 1.0.0,3,ok
089842,per089842_1907_02085,5,0,0,,,triagem/nome-caixa-conversao 1.0.0,3,ok
089842,per089842_1907_02085,6,0,0,,,triagem/nome-caixa-conversao 1.0.0,3,ok
089842,per089842_1907_02086,1,0,0,,,triagem/nome-caixa-conversao 1.0.0,3,ok
089842,per089842_1907_02086,2,0,0,,,triagem/nome-caixa-conversao 1.0.0,3,ok
089842,per089842_1907_02086,3,0,0,,,triagem/nome-caixa-conversao 1.0.0,3,ok
089842,per089842_1907_02086,4,0,0,,,triagem/nome-caixa-conversao 1.0.0,3,ok
089842,per089842_1907_02086,5,0,0,,,triagem/nome-caixa-conversao 1.0.0,3,ok
089842,per089842_1907_02086,6,0,0,,,triagem/nome-caixa-conversao 1.0.0,3,ok
089842,per089842_1907_02086,7,0,0,,,triagem/nome-caixa-conversao 1.0.0,3,ok
089842,per089842_1907_02086,8,0,0,,,triagem/nome-caixa-conversao 1.0.0,3,ok
089842,per089842_1907_02087,1,0,0,,,triagem/nome-caixa-conversao 1.0.0,3,ok
089842,per089842_1907_02087,2,0,0,,,triagem/nome-caixa-conversao 1.0.0,3,ok
089842,per089842_1907_02087,3,0,0,,,triagem/nome-caixa-conversao 1.0.0,3,ok
089842,per089842_1907_02087,4,0,0,,,triagem/nome-caixa-conversao 1.0.0,3,ok
089842,per089842_1907_02087,5,0,0,,,triagem/nome-caixa-conversao 1.0.0,3,ok
089842,per089842_1907_02087,6,0,0,,,triagem/nome-caixa-conversao 1.0.0,3,ok
089842,per089842_1907_02087,7,0,0,,,triagem/nome-caixa-conversao 1.0.0,3,ok
089842,per089842_1907_02087,8,0,0,,,triagem/nome-caixa-conversao 1.0.0,3,ok
089842,per089842_1907_02087,9,0,0,,,triagem/nome-caixa-conversao 1.0.0,3,ok
089842,per089842_1907_02087,10,0,0,,,triagem/nome-caixa-conversao 1.0.0,3,ok
089842,per089842_1907_02087,11,0,0,,,triagem/nome-caixa-conversao 1.0.0,3,ok
089842,per089842_1907_02087,12,0,0,,,triagem/nome-caixa-conversao 1.0.0,3,ok
089842,per089842_1907_02089,1,0,0,,,triagem/nome-caixa-conversao 1.0.0,3,ok
089842,per089842_1907_02089,2,0,0,,,triagem/nome-caixa-conversao 1.0.0,3,ok
089842,per089842_1907_02089,3,0,0,,,triagem/nome-caixa-conversao 1.0.0,3,ok
089842,per089842_1907_02089,4,0,0,,,triagem/nome-caixa-conversao 1.0.0,3,ok
089842,per089842_1907_02089,5,0,0,,,triagem/nome-caixa-conversao 1.0.0,3,ok
089842,per089842_1907_02089,6,0,0,,,triagem/nome-caixa-conversao 1.0.0,3,ok
089842,per089842_1907_02090,1,1,1,caixa de conver,29372,triagem/nome-caixa-conversao 1.0.0,3,ok
089842,per089842_1907_02090,2,0,0,,,triagem/nome-caixa-conversao 1.0.0,3,ok
089842,per089842_1907_02090,3,0,0,,,triagem/nome-caixa-conversao 1.0.0,3,ok
089842,per089842_1907_02090,4,0,0,,,triagem/nome-caixa-conversao 1.0.0,3,ok
089842,per089842_1907_02090,5,0,0,,,triagem/nome-caixa-conversao 1.0.0,3,ok
089842,per089842_1907_02090,6,0,0,,,triagem/nome-caixa-conversao 1.0.0,3,ok
089842,per089842_1907_02090,7,0,0,,,triagem/nome-caixa-conversao 1.0.0,3,ok
089842,per089842_1907_02090,8,1,1,caixa de conver,23185,triagem/nome-caixa-conversao 1.0.0,3,ok
089842,per089842_1907_02091,1,1,2,caixa db conver,36541,triagem/nome-caixa-conversao 1.0.0,3,ok
089842,per089842_1907_02091,2,0,0,,,triagem/nome-caixa-conversao 1.0.0,3,ok
089842,per089842_1907_02091,3,0,0,,,triagem/nome-caixa-conversao 1.0.0,3,ok
089842,per089842_1907_02091,4,0,0,,,triagem/nome-caixa-conversao 1.0.0,3,ok
089842,per089842_1907_02091,5,0,0,,,triagem/nome-caixa-conversao 1.0.0,3,ok
089842,per089842_1907_02091,6,0,0,,,triagem/nome-caixa-conversao 1.0.0,3,ok
089842,per089842_1907_02091,7,0,0,,,triagem/nome-caixa-conversao 1.0.0,3,ok
089842,per089842_1907_02091,8,1,1,caixa do conver,18683,triagem/nome-caixa-conversao 1.0.0,3,ok
089842,per089842_1907_02092,1,1,1,caixa de conver,18553,triagem/nome-caixa-conversao 1.0.0,3,ok
089842,per089842_1907_02092,2,0,0,,,triagem/nome-caixa-conversao 1.0.0,3,ok
089842,per089842_1907_02092,3,0,0,,,triagem/nome-caixa-conversao 1.0.0,3,ok
089842,per089842_1907_02092,4,0,0,,,triagem/nome-caixa-conversao 1.0.0,3,ok
089842,per089842_1907_02092,5,0,0,,,triagem/nome-caixa-conversao 1.0.0,3,ok
089842,per089842_1907_02092,6,0,0,,,triagem/nome-caixa-conversao 1.0.0,3,ok
089842,per089842_1907_02093,1,1,2,caixa de conver,12717,triagem/nome-caixa-conversao 1.0.0,3,ok
089842,per089842_1907_02093,2,0,0,,,triagem/nome-caixa-conversao 1.0.0,3,ok
089842,per089842_1907_02093,3,0,0,,,triagem/nome-caixa-conversao 1.0.0,3,ok
089842,per089842_1907_02093,4,0,0,,,triagem/nome-caixa-conversao 1.0.0,3,ok
089842,per089842_1907_02093,5,0,0,,,triagem/nome-caixa-conversao 1.0.0,3,ok
089842,per089842_1907_02093,6,0,0,,,triagem/nome-caixa-conversao 1.0.0,3,ok
089842,per089842_1907_02093,7,0,0,,,triagem/nome-caixa-conversao 1.0.0,3,ok
089842,per089842_1907_02093,8,0,0,,,triagem/nome-caixa-conversao 1.0.0,3,ok
089842,per089842_1907_02094,1,0,0,,,triagem/nome-caixa-conversao 1.0.0,3,ok
089842,per089842_1907_02094,2,0,0,,,triagem/nome-caixa-conversao 1.0.0,3,ok
089842,per089842_1907_02094,3,0,0,,,triagem/nome-caixa-conversao 1.0.0,3,ok
089842,per089842_1907_02094,4,0,0,,,triagem/nome-caixa-conversao 1.0.0,3,ok
089842,per089842_1907_02094,5,0,0,,,triagem/nome-caixa-conversao 1.0.0,3,ok
089842,per089842_1907_02094,6,0,0,,,triagem/nome-caixa-conversao 1.0.0,3,ok
089842,per089842_1907_02094,7,0,0,,,triagem/nome-caixa-conversao 1.0.0,3,ok
089842,per089842_1907_02094,8,0,0,,,triagem/nome-caixa-conversao 1.0.0,3,ok
089842,per089842_1907_02094,9,0,0,,,triagem/nome-caixa-conversao 1.0.0,3,ok
089842,per089842_1907_02094,10,0,0,,,triagem/nome-caixa-conversao 1.0.0,3,ok
089842,per089842_1907_02094,11,0,0,,,triagem/nome-caixa-conversao 1.0.0,3,ok
089842,per089842_1907_02094,12,0,0,,,triagem/nome-caixa-conversao 1.0.0,3,ok
089842,per089842_1907_02095,1,0,0,,,triagem/nome-caixa-conversao 1.0.0,3,ok
089842,per089842_1907_02095,2,0,0,,,triagem/nome-caixa-conversao 1.0.0,3,ok
089842,per089842_1907_02095,3,0,0,,,triagem/nome-caixa-conversao 1.0.0,3,ok
089842,per089842_1907_02095,4,0,0,,,triagem/nome-caixa-conversao 1.0.0,3,ok
089842,per089842_1907_02095,5,0,0,,,triagem/nome-caixa-conversao 1.0.0,3,ok
089842,per089842_1907_02095,6,0,0,,,triagem/nome-caixa-conversao 1.0.0,3,ok
089842,per089842_1907_02095,7,0,0,,,triagem/nome-caixa-conversao 1.0.0,3,ok
089842,per089842_1907_02095,8,0,0,,,triagem/nome-caixa-conversao 1.0.0,3,ok
089842,per089842_1907_02096,1,1,2,caixade conver,586,triagem/nome-caixa-conversao 1.0.0,3,ok
089842,per089842_1907_02096,2,0,0,,,triagem/nome-caixa-conversao 1.0.0,3,ok
089842,per089842_1907_02096,3,0,0,,,triagem/nome-caixa-conversao 1.0.0,3,ok
089842,per089842_1907_02096,4,0,0,,,triagem/nome-caixa-conversao 1.0.0,3,ok
089842,per089842_1907_02096,5,0,0,,,triagem/nome-caixa-conversao 1.0.0,3,ok
089842,per089842_1907_02096,6,0,0,,,triagem/nome-caixa-conversao 1.0.0,3,ok
089842,per089842_1907_02096,7,0,0,,,triagem/nome-caixa-conversao 1.0.0,3,ok
089842,per089842_1907_02096,8,0,0,,,triagem/nome-caixa-conversao 1.0.0,3,ok
089842,per089842_1907_02097,1,1,3,caixa de conver,25710,triagem/nome-caixa-conversao 1.0.0,3,ok
089842,per089842_1907_02097,2,0,0,,,triagem/nome-caixa-conversao 1.0.0,3,ok
089842,per089842_1907_02097,3,0,0,,,triagem/nome-caixa-conversao 1.0.0,3,ok
089842,per089842_1907_02097,4,0,0,,,triagem/nome-caixa-conversao 1.0.0,3,ok
089842,per089842_1907_02097,5,0,0,,,triagem/nome-caixa-conversao 1.0.0,3,ok
089842,per089842_1907_02097,6,0,0,,,triagem/nome-caixa-conversao 1.0.0,3,ok
089842,per089842_1907_02097,7,0,0,,,triagem/nome-caixa-conversao 1.0.0,3,ok
089842,per089842_1907_02097,8,0,0,,,triagem/nome-caixa-conversao 1.0.0,3,ok
089842,per089842_1907_02098,1,1,1,caixa de conver,15375,triagem/nome-caixa-conversao 1.0.0,3,ok
089842,per089842_1907_02098,2,0,0,,,triagem/nome-caixa-conversao 1.0.0,3,ok
089842,per089842_1907_02098,3,0,0,,,triagem/nome-caixa-conversao 1.0.0,3,ok
089842,per089842_1907_02098,4,0,0,,,triagem/nome-caixa-conversao 1.0.0,3,ok
089842,per089842_1907_02098,5,0,0,,,triagem/nome-caixa-conversao 1.0.0,3,ok
089842,per089842_1907_02098,6,0,0,,,triagem/nome-caixa-conversao 1.0.0,3,ok
089842,per089842_1907_02098,7,0,0,,,triagem/nome-caixa-conversao 1.0.0,3,ok
089842,per089842_1907_02098,8,0,0,,,triagem/nome-caixa-conversao 1.0.0,3,ok
089842,per089842_1907_02099,1,1,2,caixa de conver,20877,triagem/nome-caixa-conversao 1.0.0,3,ok
089842,per089842_1907_02099,2,0,0,,,triagem/nome-caixa-conversao 1.0.0,3,ok
089842,per089842_1907_02099,3,0,0,,,triagem/nome-caixa-conversao 1.0.0,3,ok
089842,per089842_1907_02099,4,0,0,,,triagem/nome-caixa-conversao 1.0.0,3,ok
089842,per089842_1907_02099,5,0,0,,,triagem/nome-caixa-conversao 1.0.0,3,ok
089842,per089842_1907_02099,6,0,0,,,triagem/nome-caixa-conversao 1.0.0,3,ok
089842,per089842_1907_02099,7,0,0,,,triagem/nome-caixa-conversao 1.0.0,3,ok
089842,per089842_1907_02099,8,0,0,,,triagem/nome-caixa-conversao 1.0.0,3,ok
089842,per089842_1907_02255,1,1,2,caixa de conver,22106,triagem/nome-caixa-conversao 1.0.0,3,ok
089842,per089842_1907_02255,2,0,0,,,triagem/nome-caixa-conversao 1.0.0,3,ok
089842,per089842_1907_02255,3,0,0,,,triagem/nome-caixa-conversao 1.0.0,3,ok
089842,per089842_1907_02255,4,0,0,,,triagem/nome-caixa-conversao 1.0.0,3,ok
089842,per089842_1907_02255,5,0,0,,,triagem/nome-caixa-conversao 1.0.0,3,ok
089842,per089842_1907_02255,6,1,1,caixa de conver,9954,triagem/nome-caixa-conversao 1.0.0,3,ok
089842,per089842_1907_02270,1,0,0,,,triagem/nome-caixa-conversao 1.0.0,3,ok
089842,per089842_1907_02270,2,0,0,,,triagem/nome-caixa-conversao 1.0.0,3,ok
089842,per089842_1907_02270,3,0,0,,,triagem/nome-caixa-conversao 1.0.0,3,ok
089842,per089842_1907_02270,4,0,0,,,triagem/nome-caixa-conversao 1.0.0,3,ok
089842,per089842_1907_02270,5,0,0,,,triagem/nome-caixa-conversao 1.0.0,3,ok
089842,per089842_1907_02270,6,0,0,,,triagem/nome-caixa-conversao 1.0.0,3,ok
089842,per089842_1907_02270,7,0,0,,,triagem/nome-caixa-conversao 1.0.0,3,ok
089842,per089842_1907_02270,8,0,0,,,triagem/nome-caixa-conversao 1.0.0,3,ok
089842,per089842_1907_02271,1,0,0,,,triagem/nome-caixa-conversao 1.0.0,3,ok
089842,per089842_1907_02271,2,0,0,,,triagem/nome-caixa-conversao 1.0.0,3,ok
089842,per089842_1907_02271,3,0,0,,,triagem/nome-caixa-conversao 1.0.0,3,ok
089842,per089842_1907_02271,4,1,1,caixa de conver,52850,triagem/nome-caixa-conversao 1.0.0,3,ok
089842,per089842_1907_02271,5,0,0,,,triagem/nome-caixa-conversao 1.0.0,3,ok
089842,per089842_1907_02271,6,0,0,,,triagem/nome-caixa-conversao 1.0.0,3,ok
089842,per089842_1907_02271,7,0,0,,,triagem/nome-caixa-conversao 1.0.0,3,ok
089842,per089842_1907_02271,8,0,0,,,triagem/nome-caixa-conversao 1.0.0,3,ok
089842,per089842_1907_02272,1,0,0,,,triagem/nome-caixa-conversao 1.0.0,3,ok
089842,per089842_1907_02272,2,0,0,,,triagem/nome-caixa-conversao 1.0.0,3,ok
089842,per089842_1907_02272,3,0,0,,,triagem/nome-caixa-conversao 1.0.0,3,ok
089842,per089842_1907_02272,4,0,0,,,triagem/nome-caixa-conversao 1.0.0,3,ok
089842,per089842_1907_02272,5,0,0,,,triagem/nome-caixa-conversao 1.0.0,3,ok
089842,per089842_1907_02272,6,0,0,,,triagem/nome-caixa-conversao 1.0.0,3,ok
089842,per089842_1907_02272,7,0,0,,,triagem/nome-caixa-conversao 1.0.0,3,ok
089842,per089842_1907_02272,8,0,0,,,triagem/nome-caixa-conversao 1.0.0,3,ok
089842,per089842_1907_02273,1,1,1,caixa de conver,21057,triagem/nome-caixa-conversao 1.0.0,3,ok
089842,per089842_1907_02273,2,1,1,caixa de conver,31010,triagem/nome-caixa-conversao 1.0.0,3,ok
089842,per089842_1907_02273,3,0,0,,,triagem/nome-caixa-conversao 1.0.0,3,ok
089842,per089842_1907_02273,4,0,0,,,triagem/nome-caixa-conversao 1.0.0,3,ok
089842,per089842_1907_02273,5,0,0,,,triagem/nome-caixa-conversao 1.0.0,3,ok
089842,per089842_1907_02273,6,0,0,,,triagem/nome-caixa-conversao 1.0.0,3,ok
089842,per089842_1907_02273,7,0,0,,,triagem/nome-caixa-conversao 1.0.0,3,ok
089842,per089842_1907_02273,8,0,0,,,triagem/nome-caixa-conversao 1.0.0,3,ok
089842,per089842_1907_02274,1,0,0,,,triagem/nome-caixa-conversao 1.0.0,3,ok
089842,per089842_1907_02274,2,0,0,,,triagem/nome-caixa-conversao 1.0.0,3,ok
089842,per089842_1907_02274,3,0,0,,,triagem/nome-caixa-conversao 1.0.0,3,ok
089842,per089842_1907_02274,4,0,0,,,triagem/nome-caixa-conversao 1.0.0,3,ok
089842,per089842_1907_02274,5,0,0,,,triagem/nome-caixa-conversao 1.0.0,3,ok
089842,per089842_1907_02274,6,0,0,,,triagem/nome-caixa-conversao 1.0.0,3,ok
089842,per089842_1907_02274,7,0,0,,,triagem/nome-caixa-conversao 1.0.0,3,ok
089842,per089842_1907_02274,8,0,0,,,triagem/nome-caixa-conversao 1.0.0,3,ok
089842,per089842_1907_02275,1,0,0,,,triagem/nome-caixa-conversao 1.0.0,3,ok
089842,per089842_1907_02275,2,0,0,,,triagem/nome-caixa-conversao 1.0.0,3,ok
089842,per089842_1907_02275,3,0,0,,,triagem/nome-caixa-conversao 1.0.0,3,ok
089842,per089842_1907_02275,4,0,0,,,triagem/nome-caixa-conversao 1.0.0,3,ok
089842,per089842_1907_02275,5,1,1,caixade conver,40919,triagem/nome-caixa-conversao 1.0.0,3,ok
089842,per089842_1907_02275,6,0,0,,,triagem/nome-caixa-conversao 1.0.0,3,ok
089842,per089842_1907_02275,7,0,0,,,triagem/nome-caixa-conversao 1.0.0,3,ok
089842,per089842_1907_02275,8,0,0,,,triagem/nome-caixa-conversao 1.0.0,3,ok
089842,per089842_1907_02275,9,0,0,,,triagem/nome-caixa-conversao 1.0.0,3,ok
089842,per089842_1907_02275,10,0,0,,,triagem/nome-caixa-conversao 1.0.0,3,ok
089842,per089842_1907_02275,11,0,0,,,triagem/nome-caixa-conversao 1.0.0,3,ok
089842,per089842_1907_02275,12,0,0,,,triagem/nome-caixa-conversao 1.0.0,3,ok
089842,per089842_1907_02276,1,0,0,,,triagem/nome-caixa-conversao 1.0.0,3,ok
089842,per089842_1907_02276,2,0,0,,,triagem/nome-caixa-conversao 1.0.0,3,ok
089842,per089842_1907_02276,3,0,0,,,triagem/nome-caixa-conversao 1.0.0,3,ok
089842,per089842_1907_02276,4,0,0,,,triagem/nome-caixa-conversao 1.0.0,3,ok
089842,per089842_1907_02276,5,0,0,,,triagem/nome-caixa-conversao 1.0.0,3,ok
089842,per089842_1907_02276,6,0,0,,,triagem/nome-caixa-conversao 1.0.0,3,ok
089842,per089842_1907_02277,1,1,1,caixa do conver,11503,triagem/nome-caixa-conversao 1.0.0,3,ok
089842,per089842_1907_02277,2,0,0,,,triagem/nome-caixa-conversao 1.0.0,3,ok
089842,per089842_1907_02277,3,0,0,,,triagem/nome-caixa-conversao 1.0.0,3,ok
089842,per089842_1907_02277,4,0,0,,,triagem/nome-caixa-conversao 1.0.0,3,ok
089842,per089842_1907_02277,5,0,0,,,triagem/nome-caixa-conversao 1.0.0,3,ok
089842,per089842_1907_02277,6,0,0,,,triagem/nome-caixa-conversao 1.0.0,3,ok
089842,per089842_1907_02277,7,0,0,,,triagem/nome-caixa-conversao 1.0.0,3,ok
089842,per089842_1907_02277,8,0,0,,,triagem/nome-caixa-conversao 1.0.0,3,ok
089842,per089842_1907_02278,1,0,0,,,triagem/nome-caixa-conversao 1.0.0,3,ok
089842,per089842_1907_02278,2,0,0,,,triagem/nome-caixa-conversao 1.0.0,3,ok
089842,per089842_1907_02278,3,0,0,,,triagem/nome-caixa-conversao 1.0.0,3,ok
089842,per089842_1907_02278,4,0,0,,,triagem/nome-caixa-conversao 1.0.0,3,ok
089842,per089842_1907_02278,5,0,0,,,triagem/nome-caixa-conversao 1.0.0,3,ok
089842,per089842_1907_02278,6,0,0,,,triagem/nome-caixa-conversao 1.0.0,3,ok
089842,per089842_1907_02278,7,0,0,,,triagem/nome-caixa-conversao 1.0.0,3,ok
089842,per089842_1907_02278,8,0,0,,,triagem/nome-caixa-conversao 1.0.0,3,ok
089842,per089842_1907_02279,1,0,0,,,triagem/nome-caixa-conversao 1.0.0,3,ok
089842,per089842_1907_02279,2,0,0,,,triagem/nome-caixa-conversao 1.0.0,3,ok
089842,per089842_1907_02279,3,0,0,,,triagem/nome-caixa-conversao 1.0.0,3,ok
089842,per089842_1907_02279,4,0,0,,,triagem/nome-caixa-conversao 1.0.0,3,ok
089842,per089842_1907_02279,5,0,0,,,triagem/nome-caixa-conversao 1.0.0,3,ok
089842,per089842_1907_02279,6,0,0,,,triagem/nome-caixa-conversao 1.0.0,3,ok
089842,per089842_1907_02279,7,0,0,,,triagem/nome-caixa-conversao 1.0.0,3,ok
089842,per089842_1907_02279,8,0,0,,,triagem/nome-caixa-conversao 1.0.0,3,ok
089842,per089842_1907_02280,1,0,0,,,triagem/nome-caixa-conversao 1.0.0,3,ok
089842,per089842_1907_02280,2,0,0,,,triagem/nome-caixa-conversao 1.0.0,3,ok
089842,per089842_1907_02280,3,0,0,,,triagem/nome-caixa-conversao 1.0.0,3,ok
089842,per089842_1907_02280,4,0,0,,,triagem/nome-caixa-conversao 1.0.0,3,ok
089842,per089842_1907_02280,5,0,0,,,triagem/nome-caixa-conversao 1.0.0,3,ok
089842,per089842_1907_02280,6,0,0,,,triagem/nome-caixa-conversao 1.0.0,3,ok
089842,per089842_1907_02280,7,0,0,,,triagem/nome-caixa-conversao 1.0.0,3,ok
089842,per089842_1907_02280,8,0,0,,,triagem/nome-caixa-conversao 1.0.0,3,ok
089842,per089842_1907_02281,1,1,1,caixa de conver,19782,triagem/nome-caixa-conversao 1.0.0,3,ok
089842,per089842_1907_02281,2,0,0,,,triagem/nome-caixa-conversao 1.0.0,3,ok
089842,per089842_1907_02281,3,0,0,,,triagem/nome-caixa-conversao 1.0.0,3,ok
089842,per089842_1907_02281,4,0,0,,,triagem/nome-caixa-conversao 1.0.0,3,ok
089842,per089842_1907_02281,5,0,0,,,triagem/nome-caixa-conversao 1.0.0,3,ok
089842,per089842_1907_02281,6,0,0,,,triagem/nome-caixa-conversao 1.0.0,3,ok
089842,per089842_1907_02281,7,0,0,,,triagem/nome-caixa-conversao 1.0.0,3,ok
089842,per089842_1907_02281,8,0,0,,,triagem/nome-caixa-conversao 1.0.0,3,ok
089842,per089842_1907_02282,1,0,0,,,triagem/nome-caixa-conversao 1.0.0,3,ok
089842,per089842_1907_02282,2,0,0,,,triagem/nome-caixa-conversao 1.0.0,3,ok
089842,per089842_1907_02282,3,0,0,,,triagem/nome-caixa-conversao 1.0.0,3,ok
089842,per089842_1907_02282,4,0,0,,,triagem/nome-caixa-conversao 1.0.0,3,ok
089842,per089842_1907_02282,5,0,0,,,triagem/nome-caixa-conversao 1.0.0,3,ok
089842,per089842_1907_02282,6,0,0,,,triagem/nome-caixa-conversao 1.0.0,3,ok
089842,per089842_1907_02282,7,0,0,,,triagem/nome-caixa-conversao 1.0.0,3,ok
089842,per089842_1907_02282,8,0,0,,,triagem/nome-caixa-conversao 1.0.0,3,ok
089842,per089842_1907_02282,9,0,0,,,triagem/nome-caixa-conversao 1.0.0,3,ok
089842,per089842_1907_02282,10,0,0,,,triagem/nome-caixa-conversao 1.0.0,3,ok
089842,per089842_1907_02282,11,0,0,,,triagem/nome-caixa-conversao 1.0.0,3,ok
089842,per089842_1907_02282,12,0,0,,,triagem/nome-caixa-conversao 1.0.0,3,ok
089842,per089842_1907_02283,1,0,0,,,triagem/nome-caixa-conversao 1.0.0,3,ok
089842,per089842_1907_02283,2,0,0,,,triagem/nome-caixa-conversao 1.0.0,3,ok
089842,per089842_1907_02283,3,0,0,,,triagem/nome-caixa-conversao 1.0.0,3,ok
089842,per089842_1907_02283,4,0,0,,,triagem/nome-caixa-conversao 1.0.0,3,ok
089842,per089842_1907_02283,5,0,0,,,triagem/nome-caixa-conversao 1.0.0,3,ok
089842,per089842_1907_02283,6,0,0,,,triagem/nome-caixa-conversao 1.0.0,3,ok
089842,per089842_1907_02283,7,0,0,,,triagem/nome-caixa-conversao 1.0.0,3,ok
089842,per089842_1907_02283,8,0,0,,,triagem/nome-caixa-conversao 1.0.0,3,ok
089842,per089842_1907_02284,1,0,0,,,triagem/nome-caixa-conversao 1.0.0,3,ok
089842,per089842_1907_02284,2,0,0,,,triagem/nome-caixa-conversao 1.0.0,3,ok
089842,per089842_1907_02284,3,0,0,,,triagem/nome-caixa-conversao 1.0.0,3,ok
089842,per089842_1907_02284,4,0,0,,,triagem/nome-caixa-conversao 1.0.0,3,ok
089842,per089842_1907_02284,5,0,0,,,triagem/nome-caixa-conversao 1.0.0,3,ok
089842,per089842_1907_02284,6,0,0,,,triagem/nome-caixa-conversao 1.0.0,3,ok
089842,per089842_1907_02284,7,0,0,,,triagem/nome-caixa-conversao 1.0.0,3,ok
089842,per089842_1907_02284,8,0,0,,,triagem/nome-caixa-conversao 1.0.0,3,ok
089842,per089842_1907_02285,1,0,0,,,triagem/nome-caixa-conversao 1.0.0,3,ok
089842,per089842_1907_02285,2,0,0,,,triagem/nome-caixa-conversao 1.0.0,3,ok
089842,per089842_1907_02285,3,0,0,,,triagem/nome-caixa-conversao 1.0.0,3,ok
089842,per089842_1907_02285,4,0,0,,,triagem/nome-caixa-conversao 1.0.0,3,ok
089842,per089842_1907_02285,5,0,0,,,triagem/nome-caixa-conversao 1.0.0,3,ok
089842,per089842_1907_02285,6,0,0,,,triagem/nome-caixa-conversao 1.0.0,3,ok
089842,per089842_1907_02285,7,0,0,,,triagem/nome-caixa-conversao 1.0.0,3,ok
089842,per089842_1907_02285,8,0,0,,,triagem/nome-caixa-conversao 1.0.0,3,ok
089842,per089842_1907_02286,1,1,1,caixa de conver,16648,triagem/nome-caixa-conversao 1.0.0,3,ok
089842,per089842_1907_02286,2,0,0,,,triagem/nome-caixa-conversao 1.0.0,3,ok
089842,per089842_1907_02286,3,0,0,,,triagem/nome-caixa-conversao 1.0.0,3,ok
089842,per089842_1907_02286,4,0,0,,,triagem/nome-caixa-conversao 1.0.0,3,ok
089842,per089842_1907_02286,5,0,0,,,triagem/nome-caixa-conversao 1.0.0,3,ok
089842,per089842_1907_02286,6,0,0,,,triagem/nome-caixa-conversao 1.0.0,3,ok
089842,per089842_1907_02286,7,0,0,,,triagem/nome-caixa-conversao 1.0.0,3,ok
089842,per089842_1907_02286,8,0,0,,,triagem/nome-caixa-conversao 1.0.0,3,ok
089842,per089842_1907_02287,1,0,0,,,triagem/nome-caixa-conversao 1.0.0,3,ok
089842,per089842_1907_02287,2,0,0,,,triagem/nome-caixa-conversao 1.0.0,3,ok
089842,per089842_1907_02287,3,0,0,,,triagem/nome-caixa-conversao 1.0.0,3,ok
089842,per089842_1907_02287,4,0,0,,,triagem/nome-caixa-conversao 1.0.0,3,ok
089842,per089842_1907_02287,5,0,0,,,triagem/nome-caixa-conversao 1.0.0,3,ok
089842,per089842_1907_02287,6,0,0,,,triagem/nome-caixa-conversao 1.0.0,3,ok
089842,per089842_1907_02287,7,0,0,,,triagem/nome-caixa-conversao 1.0.0,3,ok
089842,per089842_1907_02287,8,0,0,,,triagem/nome-caixa-conversao 1.0.0,3,ok
089842,per089842_1907_02288,1,0,0,,,triagem/nome-caixa-conversao 1.0.0,3,ok
089842,per089842_1907_02288,2,0,0,,,triagem/nome-caixa-conversao 1.0.0,3,ok
089842,per089842_1907_02288,3,0,0,,,triagem/nome-caixa-conversao 1.0.0,3,ok
089842,per089842_1907_02288,4,0,0,,,triagem/nome-caixa-conversao 1.0.0,3,ok
089842,per089842_1907_02288,5,0,0,,,triagem/nome-caixa-conversao 1.0.0,3,ok
089842,per089842_1907_02288,6,0,0,,,triagem/nome-caixa-conversao 1.0.0,3,ok
089842,per089842_1907_02288,7,0,0,,,triagem/nome-caixa-conversao 1.0.0,3,ok
089842,per089842_1907_02288,8,0,0,,,triagem/nome-caixa-conversao 1.0.0,3,ok
089842,per089842_1907_02289,1,0,0,,,triagem/nome-caixa-conversao 1.0.0,3,ok
089842,per089842_1907_02289,2,0,0,,,triagem/nome-caixa-conversao 1.0.0,3,ok
089842,per089842_1907_02289,3,0,0,,,triagem/nome-caixa-conversao 1.0.0,3,ok
089842,per089842_1907_02289,4,0,0,,,triagem/nome-caixa-conversao 1.0.0,3,ok
089842,per089842_1907_02289,5,0,0,,,triagem/nome-caixa-conversao 1.0.0,3,ok
089842,per089842_1907_02289,6,0,0,,,triagem/nome-caixa-conversao 1.0.0,3,ok
089842,per089842_1907_02289,7,0,0,,,triagem/nome-caixa-conversao 1.0.0,3,ok
089842,per089842_1907_02289,8,0,0,,,triagem/nome-caixa-conversao 1.0.0,3,ok
089842,per089842_1907_02289,9,0,0,,,triagem/nome-caixa-conversao 1.0.0,3,ok
089842,per089842_1907_02289,10,0,0,,,triagem/nome-caixa-conversao 1.0.0,3,ok
089842,per089842_1907_02289,11,0,0,,,triagem/nome-caixa-conversao 1.0.0,3,ok
089842,per089842_1907_02289,12,0,0,,,triagem/nome-caixa-conversao 1.0.0,3,ok
089842,per089842_1907_02290,1,0,0,,,triagem/nome-caixa-conversao 1.0.0,3,ok
089842,per089842_1907_02290,2,0,0,,,triagem/nome-caixa-conversao 1.0.0,3,ok
089842,per089842_1907_02290,3,0,0,,,triagem/nome-caixa-conversao 1.0.0,3,ok
089842,per089842_1907_02290,4,0,0,,,triagem/nome-caixa-conversao 1.0.0,3,ok
089842,per089842_1907_02290,5,0,0,,,triagem/nome-caixa-conversao 1.0.0,3,ok
089842,per089842_1907_02290,6,0,0,,,triagem/nome-caixa-conversao 1.0.0,3,ok
089842,per089842_1907_02290,7,0,0,,,triagem/nome-caixa-conversao 1.0.0,3,ok
089842,per089842_1907_02290,8,0,0,,,triagem/nome-caixa-conversao 1.0.0,3,ok
089842,per089842_1907_02291,1,1,1,caixa de conver,13518,triagem/nome-caixa-conversao 1.0.0,3,ok
089842,per089842_1907_02291,2,0,0,,,triagem/nome-caixa-conversao 1.0.0,3,ok
089842,per089842_1907_02291,3,0,0,,,triagem/nome-caixa-conversao 1.0.0,3,ok
089842,per089842_1907_02291,4,0,0,,,triagem/nome-caixa-conversao 1.0.0,3,ok
089842,per089842_1907_02291,5,0,0,,,triagem/nome-caixa-conversao 1.0.0,3,ok
089842,per089842_1907_02291,6,0,0,,,triagem/nome-caixa-conversao 1.0.0,3,ok
089842,per089842_1907_02291,7,0,0,,,triagem/nome-caixa-conversao 1.0.0,3,ok
089842,per089842_1907_02291,8,0,0,,,triagem/nome-caixa-conversao 1.0.0,3,ok
089842,per089842_1907_02292,1,0,0,,,triagem/nome-caixa-conversao 1.0.0,3,ok
089842,per089842_1907_02292,2,0,0,,,triagem/nome-caixa-conversao 1.0.0,3,ok
089842,per089842_1907_02292,3,0,0,,,triagem/nome-caixa-conversao 1.0.0,3,ok
089842,per089842_1907_02292,4,0,0,,,triagem/nome-caixa-conversao 1.0.0,3,ok
089842,per089842_1907_02292,5,0,0,,,triagem/nome-caixa-conversao 1.0.0,3,ok
089842,per089842_1907_02292,6,0,0,,,triagem/nome-caixa-conversao 1.0.0,3,ok
089842,per089842_1907_02292,7,0,0,,,triagem/nome-caixa-conversao 1.0.0,3,ok
089842,per089842_1907_02292,8,0,0,,,triagem/nome-caixa-conversao 1.0.0,3,ok
089842,per089842_1907_02293,1,1,2,caixa dc conver,18311,triagem/nome-caixa-conversao 1.0.0,3,ok
089842,per089842_1907_02293,2,0,0,,,triagem/nome-caixa-conversao 1.0.0,3,ok
089842,per089842_1907_02293,3,0,0,,,triagem/nome-caixa-conversao 1.0.0,3,ok
089842,per089842_1907_02293,4,0,0,,,triagem/nome-caixa-conversao 1.0.0,3,ok
089842,per089842_1907_02293,5,0,0,,,triagem/nome-caixa-conversao 1.0.0,3,ok
089842,per089842_1907_02293,6,0,0,,,triagem/nome-caixa-conversao 1.0.0,3,ok
089842,per089842_1907_02293,7,0,0,,,triagem/nome-caixa-conversao 1.0.0,3,ok
089842,per089842_1907_02293,8,0,0,,,triagem/nome-caixa-conversao 1.0.0,3,ok
089842,per089842_1907_02294,1,0,0,,,triagem/nome-caixa-conversao 1.0.0,3,ok
089842,per089842_1907_02294,2,0,0,,,triagem/nome-caixa-conversao 1.0.0,3,ok
089842,per089842_1907_02294,3,0,0,,,triagem/nome-caixa-conversao 1.0.0,3,ok
089842,per089842_1907_02294,4,0,0,,,triagem/nome-caixa-conversao 1.0.0,3,ok
089842,per089842_1907_02294,5,0,0,,,triagem/nome-caixa-conversao 1.0.0,3,ok
089842,per089842_1907_02294,6,0,0,,,triagem/nome-caixa-conversao 1.0.0,3,ok
089842,per089842_1907_02294,7,0,0,,,triagem/nome-caixa-conversao 1.0.0,3,ok
089842,per089842_1907_02294,8,0,0,,,triagem/nome-caixa-conversao 1.0.0,3,ok
089842,per089842_1907_02295,1,1,1,caixa de conver,11920,triagem/nome-caixa-conversao 1.0.0,3,ok
089842,per089842_1907_02295,2,0,0,,,triagem/nome-caixa-conversao 1.0.0,3,ok
089842,per089842_1907_02295,3,0,0,,,triagem/nome-caixa-conversao 1.0.0,3,ok
089842,per089842_1907_02295,4,0,0,,,triagem/nome-caixa-conversao 1.0.0,3,ok
089842,per089842_1907_02295,5,0,0,,,triagem/nome-caixa-conversao 1.0.0,3,ok
089842,per089842_1907_02295,6,0,0,,,triagem/nome-caixa-conversao 1.0.0,3,ok
089842,per089842_1907_02295,7,0,0,,,triagem/nome-caixa-conversao 1.0.0,3,ok
089842,per089842_1907_02295,8,0,0,,,triagem/nome-caixa-conversao 1.0.0,3,ok
089842,per089842_1907_02296,1,0,0,,,triagem/nome-caixa-conversao 1.0.0,3,ok
089842,per089842_1907_02296,2,0,0,,,triagem/nome-caixa-conversao 1.0.0,3,ok
089842,per089842_1907_02296,3,0,0,,,triagem/nome-caixa-conversao 1.0.0,3,ok
089842,per089842_1907_02296,4,0,0,,,triagem/nome-caixa-conversao 1.0.0,3,ok
089842,per089842_1907_02296,5,0,0,,,triagem/nome-caixa-conversao 1.0.0,3,ok
089842,per089842_1907_02296,6,0,0,,,triagem/nome-caixa-conversao 1.0.0,3,ok
089842,per089842_1907_02296,7,0,0,,,triagem/nome-caixa-conversao 1.0.0,3,ok
089842,per089842_1907_02296,8,0,0,,,triagem/nome-caixa-conversao 1.0.0,3,ok
089842,per089842_1907_02296,9,0,0,,,triagem/nome-caixa-conversao 1.0.0,3,ok
089842,per089842_1907_02296,10,0,0,,,triagem/nome-caixa-conversao 1.0.0,3,ok
089842,per089842_1907_02296,11,0,0,,,triagem/nome-caixa-conversao 1.0.0,3,ok
089842,per089842_1907_02296,12,0,0,,,triagem/nome-caixa-conversao 1.0.0,3,ok
089842,per089842_1907_02297,1,0,0,,,triagem/nome-caixa-conversao 1.0.0,3,ok
089842,per089842_1907_02297,2,0,0,,,triagem/nome-caixa-conversao 1.0.0,3,ok
089842,per089842_1907_02297,3,0,0,,,triagem/nome-caixa-conversao 1.0.0,3,ok
089842,per089842_1907_02297,4,0,0,,,triagem/nome-caixa-conversao 1.0.0,3,ok
089842,per089842_1907_02297,5,0,0,,,triagem/nome-caixa-conversao 1.0.0,3,ok
089842,per089842_1907_02297,6,0,0,,,triagem/nome-caixa-conversao 1.0.0,3,ok
089842,per089842_1907_02298,1,0,0,,,triagem/nome-caixa-conversao 1.0.0,3,ok
089842,per089842_1907_02298,2,0,0,,,triagem/nome-caixa-conversao 1.0.0,3,ok
089842,per089842_1907_02298,3,1,1,caixa de conver,7913,triagem/nome-caixa-conversao 1.0.0,3,ok
089842,per089842_1907_02298,4,0,0,,,triagem/nome-caixa-conversao 1.0.0,3,ok
089842,per089842_1907_02298,5,0,0,,,triagem/nome-caixa-conversao 1.0.0,3,ok
089842,per089842_1907_02298,6,0,0,,,triagem/nome-caixa-conversao 1.0.0,3,ok
089842,per089842_1907_02299,1,1,1,caixa de conver,12971,triagem/nome-caixa-conversao 1.0.0,3,ok
089842,per089842_1907_02299,2,0,0,,,triagem/nome-caixa-conversao 1.0.0,3,ok
089842,per089842_1907_02299,3,0,0,,,triagem/nome-caixa-conversao 1.0.0,3,ok
089842,per089842_1907_02299,4,0,0,,,triagem/nome-caixa-conversao 1.0.0,3,ok
089842,per089842_1907_02299,5,0,0,,,triagem/nome-caixa-conversao 1.0.0,3,ok
089842,per089842_1907_02299,6,0,0,,,triagem/nome-caixa-conversao 1.0.0,3,ok
089842,per089842_1907_02299,7,0,0,,,triagem/nome-caixa-conversao 1.0.0,3,ok
089842,per089842_1907_02299,8,0,0,,,triagem/nome-caixa-conversao 1.0.0,3,ok
089842,per089842_1907_02300,1,0,0,,,triagem/nome-caixa-conversao 1.0.0,3,ok
089842,per089842_1907_02300,2,0,0,,,triagem/nome-caixa-conversao 1.0.0,3,ok
089842,per089842_1907_02300,3,0,0,,,triagem/nome-caixa-conversao 1.0.0,3,ok
089842,per089842_1907_02300,4,0,0,,,triagem/nome-caixa-conversao 1.0.0,3,ok
089842,per089842_1907_02300,5,0,0,,,triagem/nome-caixa-conversao 1.0.0,3,ok
089842,per089842_1907_02300,6,0,0,,,triagem/nome-caixa-conversao 1.0.0,3,ok
089842,per089842_1907_02300,7,0,0,,,triagem/nome-caixa-conversao 1.0.0,3,ok
089842,per089842_1907_02300,8,0,0,,,triagem/nome-caixa-conversao 1.0.0,3,ok
089842,per089842_1907_02301,1,0,0,,,triagem/nome-caixa-conversao 1.0.0,3,ok
089842,per089842_1907_02301,2,0,0,,,triagem/nome-caixa-conversao 1.0.0,3,ok
089842,per089842_1907_02301,3,0,0,,,triagem/nome-caixa-conversao 1.0.0,3,ok
089842,per089842_1907_02301,4,0,0,,,triagem/nome-caixa-conversao 1.0.0,3,ok
089842,per089842_1907_02301,5,0,0,,,triagem/nome-caixa-conversao 1.0.0,3,ok
089842,per089842_1907_02301,6,0,0,,,triagem/nome-caixa-conversao 1.0.0,3,ok
089842,per089842_1907_02301,7,0,0,,,triagem/nome-caixa-conversao 1.0.0,3,ok
089842,per089842_1907_02301,8,0,0,,,triagem/nome-caixa-conversao 1.0.0,3,ok
089842,per089842_1907_02302,1,0,0,,,triagem/nome-caixa-conversao 1.0.0,3,ok
089842,per089842_1907_02302,2,0,0,,,triagem/nome-caixa-conversao 1.0.0,3,ok
089842,per089842_1907_02302,3,0,0,,,triagem/nome-caixa-conversao 1.0.0,3,ok
089842,per089842_1907_02302,4,0,0,,,triagem/nome-caixa-conversao 1.0.0,3,ok
089842,per089842_1907_02302,5,0,0,,,triagem/nome-caixa-conversao 1.0.0,3,ok
089842,per089842_1907_02302,6,0,0,,,triagem/nome-caixa-conversao 1.0.0,3,ok
089842,per089842_1907_02302,7,0,0,,,triagem/nome-caixa-conversao 1.0.0,3,ok
089842,per089842_1907_02302,8,0,0,,,triagem/nome-caixa-conversao 1.0.0,3,ok
089842,per089842_1907_02303,1,0,0,,,triagem/nome-caixa-conversao 1.0.0,3,ok
089842,per089842_1907_02303,2,0,0,,,triagem/nome-caixa-conversao 1.0.0,3,ok
089842,per089842_1907_02303,3,0,0,,,triagem/nome-caixa-conversao 1.0.0,3,ok
089842,per089842_1907_02303,4,0,0,,,triagem/nome-caixa-conversao 1.0.0,3,ok
089842,per089842_1907_02303,5,0,0,,,triagem/nome-caixa-conversao 1.0.0,3,ok
089842,per089842_1907_02303,6,0,0,,,triagem/nome-caixa-conversao 1.0.0,3,ok
089842,per089842_1907_02303,7,0,0,,,triagem/nome-caixa-conversao 1.0.0,3,ok
089842,per089842_1907_02303,8,0,0,,,triagem/nome-caixa-conversao 1.0.0,3,ok
089842,per089842_1907_02303,9,0,0,,,triagem/nome-caixa-conversao 1.0.0,3,ok
089842,per089842_1907_02303,10,0,0,,,triagem/nome-caixa-conversao 1.0.0,3,ok
089842,per089842_1907_02303,11,0,0,,,triagem/nome-caixa-conversao 1.0.0,3,ok
089842,per089842_1907_02303,12,0,0,,,triagem/nome-caixa-conversao 1.0.0,3,ok
089842,per089842_1907_02304,1,0,0,,,triagem/nome-caixa-conversao 1.0.0,3,ok
089842,per089842_1907_02304,2,0,0,,,triagem/nome-caixa-conversao 1.0.0,3,ok
089842,per089842_1907_02304,3,0,0,,,triagem/nome-caixa-conversao 1.0.0,3,ok
089842,per089842_1907_02304,4,0,0,,,triagem/nome-caixa-conversao 1.0.0,3,ok
089842,per089842_1907_02304,5,0,0,,,triagem/nome-caixa-conversao 1.0.0,3,ok
089842,per089842_1907_02304,6,0,0,,,triagem/nome-caixa-conversao 1.0.0,3,ok
089842,per089842_1907_02305,1,1,3,caixa de conver,22886,triagem/nome-caixa-conversao 1.0.0,3,ok
089842,per089842_1907_02305,2,0,0,,,triagem/nome-caixa-conversao 1.0.0,3,ok
089842,per089842_1907_02305,3,0,0,,,triagem/nome-caixa-conversao 1.0.0,3,ok
089842,per089842_1907_02305,4,0,0,,,triagem/nome-caixa-conversao 1.0.0,3,ok
089842,per089842_1907_02305,5,0,0,,,triagem/nome-caixa-conversao 1.0.0,3,ok
089842,per089842_1907_02305,6,0,0,,,triagem/nome-caixa-conversao 1.0.0,3,ok
089842,per089842_1907_02305,7,0,0,,,triagem/nome-caixa-conversao 1.0.0,3,ok
089842,per089842_1907_02305,8,0,0,,,triagem/nome-caixa-conversao 1.0.0,3,ok
089842,per089842_1907_02306,1,0,0,,,triagem/nome-caixa-conversao 1.0.0,3,ok
089842,per089842_1907_02306,2,0,0,,,triagem/nome-caixa-conversao 1.0.0,3,ok
089842,per089842_1907_02306,3,0,0,,,triagem/nome-caixa-conversao 1.0.0,3,ok
089842,per089842_1907_02306,4,0,0,,,triagem/nome-caixa-conversao 1.0.0,3,ok
089842,per089842_1907_02306,5,0,0,,,triagem/nome-caixa-conversao 1.0.0,3,ok
089842,per089842_1907_02306,6,0,0,,,triagem/nome-caixa-conversao 1.0.0,3,ok
089842,per089842_1907_02307,1,0,0,,,triagem/nome-caixa-conversao 1.0.0,3,ok
089842,per089842_1907_02307,2,0,0,,,triagem/nome-caixa-conversao 1.0.0,3,ok
089842,per089842_1907_02307,3,0,0,,,triagem/nome-caixa-conversao 1.0.0,3,ok
089842,per089842_1907_02307,4,0,0,,,triagem/nome-caixa-conversao 1.0.0,3,ok
089842,per089842_1907_02307,5,1,1,caixa de conver,36129,triagem/nome-caixa-conversao 1.0.0,3,ok
089842,per089842_1907_02307,6,0,0,,,triagem/nome-caixa-conversao 1.0.0,3,ok
089842,per089842_1907_02307,7,0,0,,,triagem/nome-caixa-conversao 1.0.0,3,ok
089842,per089842_1907_02307,8,0,0,,,triagem/nome-caixa-conversao 1.0.0,3,ok
089842,per089842_1907_02308,1,1,1,caixa de conver,19763,triagem/nome-caixa-conversao 1.0.0,3,ok
089842,per089842_1907_02308,2,0,0,,,triagem/nome-caixa-conversao 1.0.0,3,ok
089842,per089842_1907_02308,3,0,0,,,triagem/nome-caixa-conversao 1.0.0,3,ok
089842,per089842_1907_02308,4,0,0,,,triagem/nome-caixa-conversao 1.0.0,3,ok
089842,per089842_1907_02308,5,0,0,,,triagem/nome-caixa-conversao 1.0.0,3,ok
089842,per089842_1907_02308,6,0,0,,,triagem/nome-caixa-conversao 1.0.0,3,ok
089842,per089842_1907_02308,7,0,0,,,triagem/nome-caixa-conversao 1.0.0,3,ok
089842,per089842_1907_02308,8,0,0,,,triagem/nome-caixa-conversao 1.0.0,3,ok
089842,per089842_1907_02309,1,0,0,,,triagem/nome-caixa-conversao 1.0.0,3,ok
089842,per089842_1907_02309,2,0,0,,,triagem/nome-caixa-conversao 1.0.0,3,ok
089842,per089842_1907_02309,3,0,0,,,triagem/nome-caixa-conversao 1.0.0,3,ok
089842,per089842_1907_02309,4,0,0,,,triagem/nome-caixa-conversao 1.0.0,3,ok
089842,per089842_1907_02309,5,0,0,,,triagem/nome-caixa-conversao 1.0.0,3,ok
089842,per089842_1907_02309,6,0,0,,,triagem/nome-caixa-conversao 1.0.0,3,ok
089842,per089842_1907_02309,7,0,0,,,triagem/nome-caixa-conversao 1.0.0,3,ok
089842,per089842_1907_02309,8,0,0,,,triagem/nome-caixa-conversao 1.0.0,3,ok
089842,per089842_1907_02310,1,0,0,,,triagem/nome-caixa-conversao 1.0.0,3,ok
089842,per089842_1907_02310,2,0,0,,,triagem/nome-caixa-conversao 1.0.0,3,ok
089842,per089842_1907_02310,3,0,0,,,triagem/nome-caixa-conversao 1.0.0,3,ok
089842,per089842_1907_02310,4,0,0,,,triagem/nome-caixa-conversao 1.0.0,3,ok
089842,per089842_1907_02310,5,0,0,,,triagem/nome-caixa-conversao 1.0.0,3,ok
089842,per089842_1907_02310,6,0,0,,,triagem/nome-caixa-conversao 1.0.0,3,ok
089842,per089842_1907_02310,7,0,0,,,triagem/nome-caixa-conversao 1.0.0,3,ok
089842,per089842_1907_02310,8,0,0,,,triagem/nome-caixa-conversao 1.0.0,3,ok
089842,per089842_1907_02310,9,0,0,,,triagem/nome-caixa-conversao 1.0.0,3,ok
089842,per089842_1907_02310,10,0,0,,,triagem/nome-caixa-conversao 1.0.0,3,ok
089842,per089842_1907_02310,11,0,0,,,triagem/nome-caixa-conversao 1.0.0,3,ok
089842,per089842_1907_02310,12,0,0,,,triagem/nome-caixa-conversao 1.0.0,3,ok
089842,per089842_1907_02311,1,0,0,,,triagem/nome-caixa-conversao 1.0.0,3,ok
089842,per089842_1907_02311,2,0,0,,,triagem/nome-caixa-conversao 1.0.0,3,ok
089842,per089842_1907_02311,3,0,0,,,triagem/nome-caixa-conversao 1.0.0,3,ok
089842,per089842_1907_02311,4,0,0,,,triagem/nome-caixa-conversao 1.0.0,3,ok
089842,per089842_1907_02311,5,0,0,,,triagem/nome-caixa-conversao 1.0.0,3,ok
089842,per089842_1907_02311,6,0,0,,,triagem/nome-caixa-conversao 1.0.0,3,ok
089842,per089842_1907_02312,1,1,1,caixa de conver,12875,triagem/nome-caixa-conversao 1.0.0,3,ok
089842,per089842_1907_02312,2,0,0,,,triagem/nome-caixa-conversao 1.0.0,3,ok
089842,per089842_1907_02312,3,1,1,caixa de conver,44650,triagem/nome-caixa-conversao 1.0.0,3,ok
089842,per089842_1907_02312,4,0,0,,,triagem/nome-caixa-conversao 1.0.0,3,ok
089842,per089842_1907_02312,5,1,1,caixa do conver,25640,triagem/nome-caixa-conversao 1.0.0,3,ok
089842,per089842_1907_02312,6,0,0,,,triagem/nome-caixa-conversao 1.0.0,3,ok
089842,per089842_1907_02312,7,0,0,,,triagem/nome-caixa-conversao 1.0.0,3,ok
089842,per089842_1907_02312,8,0,0,,,triagem/nome-caixa-conversao 1.0.0,3,ok
089842,per089842_1907_02313,1,0,0,,,triagem/nome-caixa-conversao 1.0.0,3,ok
089842,per089842_1907_02313,2,0,0,,,triagem/nome-caixa-conversao 1.0.0,3,ok
089842,per089842_1907_02313,3,1,1,caixade conver,35680,triagem/nome-caixa-conversao 1.0.0,3,ok
089842,per089842_1907_02313,4,0,0,,,triagem/nome-caixa-conversao 1.0.0,3,ok
089842,per089842_1907_02313,5,0,0,,,triagem/nome-caixa-conversao 1.0.0,3,ok
089842,per089842_1907_02313,6,0,0,,,triagem/nome-caixa-conversao 1.0.0,3,ok
089842,per089842_1907_02313,7,0,0,,,triagem/nome-caixa-conversao 1.0.0,3,ok
089842,per089842_1907_02313,8,0,0,,,triagem/nome-caixa-conversao 1.0.0,3,ok
089842,per089842_1907_02314,1,1,1,caixa de conver,36749,triagem/nome-caixa-conversao 1.0.0,3,ok
089842,per089842_1907_02314,2,0,0,,,triagem/nome-caixa-conversao 1.0.0,3,ok
089842,per089842_1907_02314,3,0,0,,,triagem/nome-caixa-conversao 1.0.0,3,ok
089842,per089842_1907_02314,4,0,0,,,triagem/nome-caixa-conversao 1.0.0,3,ok
089842,per089842_1907_02314,5,0,0,,,triagem/nome-caixa-conversao 1.0.0,3,ok
089842,per089842_1907_02314,6,0,0,,,triagem/nome-caixa-conversao 1.0.0,3,ok
089842,per089842_1907_02314,7,0,0,,,triagem/nome-caixa-conversao 1.0.0,3,ok
089842,per089842_1907_02314,8,0,0,,,triagem/nome-caixa-conversao 1.0.0,3,ok
089842,per089842_1907_02315,1,0,0,,,triagem/nome-caixa-conversao 1.0.0,3,ok
089842,per089842_1907_02315,2,0,0,,,triagem/nome-caixa-conversao 1.0.0,3,ok
089842,per089842_1907_02315,3,0,0,,,triagem/nome-caixa-conversao 1.0.0,3,ok
089842,per089842_1907_02315,4,0,0,,,triagem/nome-caixa-conversao 1.0.0,3,ok
089842,per089842_1907_02315,5,0,0,,,triagem/nome-caixa-conversao 1.0.0,3,ok
089842,per089842_1907_02315,6,0,0,,,triagem/nome-caixa-conversao 1.0.0,3,ok
089842,per089842_1907_02315,7,0,0,,,triagem/nome-caixa-conversao 1.0.0,3,ok
089842,per089842_1907_02315,8,0,0,,,triagem/nome-caixa-conversao 1.0.0,3,ok
089842,per089842_1907_02316,1,1,1,caixa do conver,40806,triagem/nome-caixa-conversao 1.0.0,3,ok
089842,per089842_1907_02316,2,0,0,,,triagem/nome-caixa-conversao 1.0.0,3,ok
089842,per089842_1907_02316,3,0,0,,,triagem/nome-caixa-conversao 1.0.0,3,ok
089842,per089842_1907_02316,4,0,0,,,triagem/nome-caixa-conversao 1.0.0,3,ok
089842,per089842_1907_02316,5,0,0,,,triagem/nome-caixa-conversao 1.0.0,3,ok
089842,per089842_1907_02316,6,0,0,,,triagem/nome-caixa-conversao 1.0.0,3,ok
089842,per089842_1907_02316,7,0,0,,,triagem/nome-caixa-conversao 1.0.0,3,ok
089842,per089842_1907_02316,8,0,0,,,triagem/nome-caixa-conversao 1.0.0,3,ok
089842,per089842_1907_02317,1,0,0,,,triagem/nome-caixa-conversao 1.0.0,3,ok
089842,per089842_1907_02317,2,0,0,,,triagem/nome-caixa-conversao 1.0.0,3,ok
089842,per089842_1907_02317,3,0,0,,,triagem/nome-caixa-conversao 1.0.0,3,ok
089842,per089842_1907_02317,4,0,0,,,triagem/nome-caixa-conversao 1.0.0,3,ok
089842,per089842_1907_02317,5,0,0,,,triagem/nome-caixa-conversao 1.0.0,3,ok
089842,per089842_1907_02317,6,0,0,,,triagem/nome-caixa-conversao 1.0.0,3,ok
089842,per089842_1907_02317,7,0,0,,,triagem/nome-caixa-conversao 1.0.0,3,ok
089842,per089842_1907_02317,8,0,0,,,triagem/nome-caixa-conversao 1.0.0,3,ok
089842,per089842_1907_02317,9,0,0,,,triagem/nome-caixa-conversao 1.0.0,3,ok
089842,per089842_1907_02317,10,0,0,,,triagem/nome-caixa-conversao 1.0.0,3,ok
089842,per089842_1907_02317,11,0,0,,,triagem/nome-caixa-conversao 1.0.0,3,ok
089842,per089842_1907_02317,12,0,0,,,triagem/nome-caixa-conversao 1.0.0,3,ok
089842,per089842_1907_02318,1,0,0,,,triagem/nome-caixa-conversao 1.0.0,3,ok
089842,per089842_1907_02318,2,0,0,,,triagem/nome-caixa-conversao 1.0.0,3,ok
089842,per089842_1907_02318,3,0,0,,,triagem/nome-caixa-conversao 1.0.0,3,ok
089842,per089842_1907_02318,4,0,0,,,triagem/nome-caixa-conversao 1.0.0,3,ok
089842,per089842_1907_02318,5,0,0,,,triagem/nome-caixa-conversao 1.0.0,3,ok
089842,per089842_1907_02318,6,0,0,,,triagem/nome-caixa-conversao 1.0.0,3,ok
089842,per089842_1907_02319,1,1,1,caixa de conver,34701,triagem/nome-caixa-conversao 1.0.0,3,ok
089842,per089842_1907_02319,2,0,0,,,triagem/nome-caixa-conversao 1.0.0,3,ok
089842,per089842_1907_02319,3,0,0,,,triagem/nome-caixa-conversao 1.0.0,3,ok
089842,per089842_1907_02319,4,0,0,,,triagem/nome-caixa-conversao 1.0.0,3,ok
089842,per089842_1907_02319,5,0,0,,,triagem/nome-caixa-conversao 1.0.0,3,ok
089842,per089842_1907_02319,6,0,0,,,triagem/nome-caixa-conversao 1.0.0,3,ok
089842,per089842_1907_02319,7,0,0,,,triagem/nome-caixa-conversao 1.0.0,3,ok
089842,per089842_1907_02319,8,0,0,,,triagem/nome-caixa-conversao 1.0.0,3,ok
089842,per089842_1907_02320,1,0,0,,,triagem/nome-caixa-conversao 1.0.0,3,ok
089842,per089842_1907_02320,2,0,0,,,triagem/nome-caixa-conversao 1.0.0,3,ok
089842,per089842_1907_02320,3,0,0,,,triagem/nome-caixa-conversao 1.0.0,3,ok
089842,per089842_1907_02320,4,0,0,,,triagem/nome-caixa-conversao 1.0.0,3,ok
089842,per089842_1907_02320,5,0,0,,,triagem/nome-caixa-conversao 1.0.0,3,ok
089842,per089842_1907_02320,6,0,0,,,triagem/nome-caixa-conversao 1.0.0,3,ok
089842,per089842_1907_02320,7,0,0,,,triagem/nome-caixa-conversao 1.0.0,3,ok
089842,per089842_1907_02320,8,0,0,,,triagem/nome-caixa-conversao 1.0.0,3,ok
089842,per089842_1907_02321,1,0,0,,,triagem/nome-caixa-conversao 1.0.0,3,ok
089842,per089842_1907_02321,2,0,0,,,triagem/nome-caixa-conversao 1.0.0,3,ok
089842,per089842_1907_02321,3,0,0,,,triagem/nome-caixa-conversao 1.0.0,3,ok
089842,per089842_1907_02321,4,0,0,,,triagem/nome-caixa-conversao 1.0.0,3,ok
089842,per089842_1907_02321,5,0,0,,,triagem/nome-caixa-conversao 1.0.0,3,ok
089842,per089842_1907_02321,6,0,0,,,triagem/nome-caixa-conversao 1.0.0,3,ok
089842,per089842_1907_02321,7,0,0,,,triagem/nome-caixa-conversao 1.0.0,3,ok
089842,per089842_1907_02321,8,0,0,,,triagem/nome-caixa-conversao 1.0.0,3,ok
089842,per089842_1907_02322,1,0,0,,,triagem/nome-caixa-conversao 1.0.0,3,ok
089842,per089842_1907_02322,2,0,0,,,triagem/nome-caixa-conversao 1.0.0,3,ok
089842,per089842_1907_02322,3,0,0,,,triagem/nome-caixa-conversao 1.0.0,3,ok
089842,per089842_1907_02322,4,0,0,,,triagem/nome-caixa-conversao 1.0.0,3,ok
089842,per089842_1907_02322,5,0,0,,,triagem/nome-caixa-conversao 1.0.0,3,ok
089842,per089842_1907_02322,6,0,0,,,triagem/nome-caixa-conversao 1.0.0,3,ok
089842,per089842_1907_02322,7,0,0,,,triagem/nome-caixa-conversao 1.0.0,3,ok
089842,per089842_1907_02322,8,0,0,,,triagem/nome-caixa-conversao 1.0.0,3,ok
089842,per089842_1907_02323,1,0,0,,,triagem/nome-caixa-conversao 1.0.0,3,ok
089842,per089842_1907_02323,2,0,0,,,triagem/nome-caixa-conversao 1.0.0,3,ok
089842,per089842_1907_02323,3,0,0,,,triagem/nome-caixa-conversao 1.0.0,3,ok
089842,per089842_1907_02323,4,0,0,,,triagem/nome-caixa-conversao 1.0.0,3,ok
089842,per089842_1907_02323,5,0,0,,,triagem/nome-caixa-conversao 1.0.0,3,ok
089842,per089842_1907_02323,6,0,0,,,triagem/nome-caixa-conversao 1.0.0,3,ok
089842,per089842_1907_02323,7,0,0,,,triagem/nome-caixa-conversao 1.0.0,3,ok
089842,per089842_1907_02323,8,0,0,,,triagem/nome-caixa-conversao 1.0.0,3,ok
089842,per089842_1907_02324,1,0,0,,,triagem/nome-caixa-conversao 1.0.0,3,ok
089842,per089842_1907_02324,2,0,0,,,triagem/nome-caixa-conversao 1.0.0,3,ok
089842,per089842_1907_02324,3,0,0,,,triagem/nome-caixa-conversao 1.0.0,3,ok
089842,per089842_1907_02324,4,0,0,,,triagem/nome-caixa-conversao 1.0.0,3,ok
089842,per089842_1907_02324,5,0,0,,,triagem/nome-caixa-conversao 1.0.0,3,ok
089842,per089842_1907_02324,6,0,0,,,triagem/nome-caixa-conversao 1.0.0,3,ok
089842,per089842_1907_02324,7,0,0,,,triagem/nome-caixa-conversao 1.0.0,3,ok
089842,per089842_1907_02324,8,0,0,,,triagem/nome-caixa-conversao 1.0.0,3,ok
089842,per089842_1907_02324,9,0,0,,,triagem/nome-caixa-conversao 1.0.0,3,ok
089842,per089842_1907_02324,10,0,0,,,triagem/nome-caixa-conversao 1.0.0,3,ok
089842,per089842_1907_02324,11,0,0,,,triagem/nome-caixa-conversao 1.0.0,3,ok
089842,per089842_1907_02324,12,0,0,,,triagem/nome-caixa-conversao 1.0.0,3,ok
089842,per089842_1907_02325,1,0,0,,,triagem/nome-caixa-conversao 1.0.0,3,ok
089842,per089842_1907_02325,2,0,0,,,triagem/nome-caixa-conversao 1.0.0,3,ok
089842,per089842_1907_02325,3,0,0,,,triagem/nome-caixa-conversao 1.0.0,3,ok
089842,per089842_1907_02325,4,0,0,,,triagem/nome-caixa-conversao 1.0.0,3,ok
089842,per089842_1907_02325,5,0,0,,,triagem/nome-caixa-conversao 1.0.0,3,ok
089842,per089842_1907_02325,6,0,0,,,triagem/nome-caixa-conversao 1.0.0,3,ok
089842,per089842_1907_02325,7,0,0,,,triagem/nome-caixa-conversao 1.0.0,3,ok
089842,per089842_1907_02325,8,0,0,,,triagem/nome-caixa-conversao 1.0.0,3,ok
089842,per089842_1907_02326,1,0,0,,,triagem/nome-caixa-conversao 1.0.0,3,ok
089842,per089842_1907_02326,2,0,0,,,triagem/nome-caixa-conversao 1.0.0,3,ok
089842,per089842_1907_02326,3,0,0,,,triagem/nome-caixa-conversao 1.0.0,3,ok
089842,per089842_1907_02326,4,0,0,,,triagem/nome-caixa-conversao 1.0.0,3,ok
089842,per089842_1907_02326,5,0,0,,,triagem/nome-caixa-conversao 1.0.0,3,ok
089842,per089842_1907_02326,6,0,0,,,triagem/nome-caixa-conversao 1.0.0,3,ok
089842,per089842_1907_02326,7,0,0,,,triagem/nome-caixa-conversao 1.0.0,3,ok
089842,per089842_1907_02326,8,0,0,,,triagem/nome-caixa-conversao 1.0.0,3,ok
089842,per089842_1907_02327,1,0,0,,,triagem/nome-caixa-conversao 1.0.0,3,ok
089842,per089842_1907_02327,2,0,0,,,triagem/nome-caixa-conversao 1.0.0,3,ok
089842,per089842_1907_02327,3,0,0,,,triagem/nome-caixa-conversao 1.0.0,3,ok
089842,per089842_1907_02327,4,0,0,,,triagem/nome-caixa-conversao 1.0.0,3,ok
089842,per089842_1907_02327,5,0,0,,,triagem/nome-caixa-conversao 1.0.0,3,ok
089842,per089842_1907_02327,6,0,0,,,triagem/nome-caixa-conversao 1.0.0,3,ok
089842,per089842_1907_02327,7,0,0,,,triagem/nome-caixa-conversao 1.0.0,3,ok
089842,per089842_1907_02327,8,0,0,,,triagem/nome-caixa-conversao 1.0.0,3,ok
089842,per089842_1907_02328,1,0,0,,,triagem/nome-caixa-conversao 1.0.0,3,ok
089842,per089842_1907_02328,2,1,2,caixa deconver,30012,triagem/nome-caixa-conversao 1.0.0,3,ok
089842,per089842_1907_02328,3,0,0,,,triagem/nome-caixa-conversao 1.0.0,3,ok
089842,per089842_1907_02328,4,0,0,,,triagem/nome-caixa-conversao 1.0.0,3,ok
089842,per089842_1907_02328,5,0,0,,,triagem/nome-caixa-conversao 1.0.0,3,ok
089842,per089842_1907_02328,6,0,0,,,triagem/nome-caixa-conversao 1.0.0,3,ok
089842,per089842_1907_02328,7,0,0,,,triagem/nome-caixa-conversao 1.0.0,3,ok
089842,per089842_1907_02328,8,0,0,,,triagem/nome-caixa-conversao 1.0.0,3,ok
089842,per089842_1907_02329,1,0,0,,,triagem/nome-caixa-conversao 1.0.0,3,ok
089842,per089842_1907_02329,2,0,0,,,triagem/nome-caixa-conversao 1.0.0,3,ok
089842,per089842_1907_02329,3,0,0,,,triagem/nome-caixa-conversao 1.0.0,3,ok
089842,per089842_1907_02329,4,0,0,,,triagem/nome-caixa-conversao 1.0.0,3,ok
089842,per089842_1907_02329,5,0,0,,,triagem/nome-caixa-conversao 1.0.0,3,ok
089842,per089842_1907_02329,6,0,0,,,triagem/nome-caixa-conversao 1.0.0,3,ok
089842,per089842_1907_02329,7,0,0,,,triagem/nome-caixa-conversao 1.0.0,3,ok
089842,per089842_1907_02329,8,0,0,,,triagem/nome-caixa-conversao 1.0.0,3,ok
089842,per089842_1907_02330,1,1,1,caixa dc conver,33073,triagem/nome-caixa-conversao 1.0.0,3,ok
089842,per089842_1907_02330,2,0,0,,,triagem/nome-caixa-conversao 1.0.0,3,ok
089842,per089842_1907_02330,3,0,0,,,triagem/nome-caixa-conversao 1.0.0,3,ok
089842,per089842_1907_02330,4,0,0,,,triagem/nome-caixa-conversao 1.0.0,3,ok
089842,per089842_1907_02330,5,0,0,,,triagem/nome-caixa-conversao 1.0.0,3,ok
089842,per089842_1907_02330,6,0,0,,,triagem/nome-caixa-conversao 1.0.0,3,ok
089842,per089842_1907_02330,7,0,0,,,triagem/nome-caixa-conversao 1.0.0,3,ok
089842,per089842_1907_02330,8,0,0,,,triagem/nome-caixa-conversao 1.0.0,3,ok
089842,per089842_1907_02331,1,0,0,,,triagem/nome-caixa-conversao 1.0.0,3,ok
089842,per089842_1907_02331,2,0,0,,,triagem/nome-caixa-conversao 1.0.0,3,ok
089842,per089842_1907_02331,3,0,0,,,triagem/nome-caixa-conversao 1.0.0,3,ok
089842,per089842_1907_02331,4,0,0,,,triagem/nome-caixa-conversao 1.0.0,3,ok
089842,per089842_1907_02331,5,0,0,,,triagem/nome-caixa-conversao 1.0.0,3,ok
089842,per089842_1907_02331,6,0,0,,,triagem/nome-caixa-conversao 1.0.0,3,ok
089842,per089842_1907_02331,7,0,0,,,triagem/nome-caixa-conversao 1.0.0,3,ok
089842,per089842_1907_02331,8,0,0,,,triagem/nome-caixa-conversao 1.0.0,3,ok
089842,per089842_1907_02331,9,0,0,,,triagem/nome-caixa-conversao 1.0.0,3,ok
089842,per089842_1907_02331,10,0,0,,,triagem/nome-caixa-conversao 1.0.0,3,ok
089842,per089842_1907_02331,11,0,0,,,triagem/nome-caixa-conversao 1.0.0,3,ok
089842,per089842_1907_02331,12,0,0,,,triagem/nome-caixa-conversao 1.0.0,3,ok
089842,per089842_1907_02332,1,1,2,caixa dc conver,7754,triagem/nome-caixa-conversao 1.0.0,3,ok
089842,per089842_1907_02332,2,0,0,,,triagem/nome-caixa-conversao 1.0.0,3,ok
089842,per089842_1907_02332,3,0,0,,,triagem/nome-caixa-conversao 1.0.0,3,ok
089842,per089842_1907_02332,4,0,0,,,triagem/nome-caixa-conversao 1.0.0,3,ok
089842,per089842_1907_02332,5,0,0,,,triagem/nome-caixa-conversao 1.0.0,3,ok
089842,per089842_1907_02332,6,0,0,,,triagem/nome-caixa-conversao 1.0.0,3,ok
089842,per089842_1907_02332,7,0,0,,,triagem/nome-caixa-conversao 1.0.0,3,ok
089842,per089842_1907_02332,8,0,0,,,triagem/nome-caixa-conversao 1.0.0,3,ok
089842,per089842_1907_02333,1,0,0,,,triagem/nome-caixa-conversao 1.0.0,3,ok
089842,per089842_1907_02333,2,0,0,,,triagem/nome-caixa-conversao 1.0.0,3,ok
089842,per089842_1907_02333,3,0,0,,,triagem/nome-caixa-conversao 1.0.0,3,ok
089842,per089842_1907_02333,4,0,0,,,triagem/nome-caixa-conversao 1.0.0,3,ok
089842,per089842_1907_02333,5,0,0,,,triagem/nome-caixa-conversao 1.0.0,3,ok
089842,per089842_1907_02333,6,0,0,,,triagem/nome-caixa-conversao 1.0.0,3,ok
089842,per089842_1907_02333,7,0,0,,,triagem/nome-caixa-conversao 1.0.0,3,ok
089842,per089842_1907_02333,8,0,0,,,triagem/nome-caixa-conversao 1.0.0,3,ok
089842,per089842_1907_02334,1,0,0,,,triagem/nome-caixa-conversao 1.0.0,3,ok
089842,per089842_1907_02334,2,0,0,,,triagem/nome-caixa-conversao 1.0.0,3,ok
089842,per089842_1907_02334,3,0,0,,,triagem/nome-caixa-conversao 1.0.0,3,ok
089842,per089842_1907_02334,4,0,0,,,triagem/nome-caixa-conversao 1.0.0,3,ok
089842,per089842_1907_02334,5,0,0,,,triagem/nome-caixa-conversao 1.0.0,3,ok
089842,per089842_1907_02334,6,0,0,,,triagem/nome-caixa-conversao 1.0.0,3,ok
089842,per089842_1907_02334,7,0,0,,,triagem/nome-caixa-conversao 1.0.0,3,ok
089842,per089842_1907_02334,8,0,0,,,triagem/nome-caixa-conversao 1.0.0,3,ok
089842,per089842_1907_02335,1,0,0,,,triagem/nome-caixa-conversao 1.0.0,3,ok
089842,per089842_1907_02335,2,0,0,,,triagem/nome-caixa-conversao 1.0.0,3,ok
089842,per089842_1907_02335,3,0,0,,,triagem/nome-caixa-conversao 1.0.0,3,ok
089842,per089842_1907_02335,4,0,0,,,triagem/nome-caixa-conversao 1.0.0,3,ok
089842,per089842_1907_02335,5,0,0,,,triagem/nome-caixa-conversao 1.0.0,3,ok
089842,per089842_1907_02335,6,0,0,,,triagem/nome-caixa-conversao 1.0.0,3,ok
089842,per089842_1907_02335,7,0,0,,,triagem/nome-caixa-conversao 1.0.0,3,ok
089842,per089842_1907_02335,8,0,0,,,triagem/nome-caixa-conversao 1.0.0,3,ok
089842,per089842_1907_02336,1,0,0,,,triagem/nome-caixa-conversao 1.0.0,3,ok
089842,per089842_1907_02336,2,0,0,,,triagem/nome-caixa-conversao 1.0.0,3,ok
089842,per089842_1907_02336,3,0,0,,,triagem/nome-caixa-conversao 1.0.0,3,ok
089842,per089842_1907_02336,4,0,0,,,triagem/nome-caixa-conversao 1.0.0,3,ok
089842,per089842_1907_02336,5,0,0,,,triagem/nome-caixa-conversao 1.0.0,3,ok
089842,per089842_1907_02336,6,0,0,,,triagem/nome-caixa-conversao 1.0.0,3,ok
089842,per089842_1907_02336,7,0,0,,,triagem/nome-caixa-conversao 1.0.0,3,ok
089842,per089842_1907_02336,8,0,0,,,triagem/nome-caixa-conversao 1.0.0,3,ok
089842,per089842_1907_02337,1,0,0,,,triagem/nome-caixa-conversao 1.0.0,3,ok
089842,per089842_1907_02337,2,0,0,,,triagem/nome-caixa-conversao 1.0.0,3,ok
089842,per089842_1907_02337,3,0,0,,,triagem/nome-caixa-conversao 1.0.0,3,ok
089842,per089842_1907_02337,4,0,0,,,triagem/nome-caixa-conversao 1.0.0,3,ok
089842,per089842_1907_02337,5,0,0,,,triagem/nome-caixa-conversao 1.0.0,3,ok
089842,per089842_1907_02337,6,0,0,,,triagem/nome-caixa-conversao 1.0.0,3,ok
089842,per089842_1907_02337,7,0,0,,,triagem/nome-caixa-conversao 1.0.0,3,ok
089842,per089842_1907_02337,8,0,0,,,triagem/nome-caixa-conversao 1.0.0,3,ok
089842,per089842_1907_02338,1,0,0,,,triagem/nome-caixa-conversao 1.0.0,3,ok
089842,per089842_1907_02338,2,0,0,,,triagem/nome-caixa-conversao 1.0.0,3,ok
089842,per089842_1907_02338,3,0,0,,,triagem/nome-caixa-conversao 1.0.0,3,ok
089842,per089842_1907_02338,4,0,0,,,triagem/nome-caixa-conversao 1.0.0,3,ok
089842,per089842_1907_02338,5,0,0,,,triagem/nome-caixa-conversao 1.0.0,3,ok
089842,per089842_1907_02338,6,1,1,caixa de conver,17318,triagem/nome-caixa-conversao 1.0.0,3,ok
089842,per089842_1907_02338,7,0,0,,,triagem/nome-caixa-conversao 1.0.0,3,ok
089842,per089842_1907_02338,8,0,0,,,triagem/nome-caixa-conversao 1.0.0,3,ok
089842,per089842_1907_02338,9,0,0,,,triagem/nome-caixa-conversao 1.0.0,3,ok
089842,per089842_1907_02338,10,1,1,caixa dn conver,2688,triagem/nome-caixa-conversao 1.0.0,3,ok
089842,per089842_1907_02338,11,0,0,,,triagem/nome-caixa-conversao 1.0.0,3,ok
089842,per089842_1907_02338,12,0,0,,,triagem/nome-caixa-conversao 1.0.0,3,ok
089842,per089842_1907_02339,1,0,0,,,triagem/nome-caixa-conversao 1.0.0,3,ok
089842,per089842_1907_02339,2,0,0,,,triagem/nome-caixa-conversao 1.0.0,3,ok
089842,per089842_1907_02339,3,1,1,caixa de conver,42796,triagem/nome-caixa-conversao 1.0.0,3,ok
089842,per089842_1907_02339,4,0,0,,,triagem/nome-caixa-conversao 1.0.0,3,ok
089842,per089842_1907_02339,5,0,0,,,triagem/nome-caixa-conversao 1.0.0,3,ok
089842,per089842_1907_02339,6,0,0,,,triagem/nome-caixa-conversao 1.0.0,3,ok
089842,per089842_1907_02340,1,0,0,,,triagem/nome-caixa-conversao 1.0.0,3,ok
089842,per089842_1907_02340,2,0,0,,,triagem/nome-caixa-conversao 1.0.0,3,ok
089842,per089842_1907_02340,3,0,0,,,triagem/nome-caixa-conversao 1.0.0,3,ok
089842,per089842_1907_02340,4,0,0,,,triagem/nome-caixa-conversao 1.0.0,3,ok
089842,per089842_1907_02340,5,0,0,,,triagem/nome-caixa-conversao 1.0.0,3,ok
089842,per089842_1907_02340,6,0,0,,,triagem/nome-caixa-conversao 1.0.0,3,ok
089842,per089842_1907_02340,7,0,0,,,triagem/nome-caixa-conversao 1.0.0,3,ok
089842,per089842_1907_02340,8,0,0,,,triagem/nome-caixa-conversao 1.0.0,3,ok
089842,per089842_1907_02341,1,0,0,,,triagem/nome-caixa-conversao 1.0.0,3,ok
089842,per089842_1907_02341,2,0,0,,,triagem/nome-caixa-conversao 1.0.0,3,ok
089842,per089842_1907_02341,3,0,0,,,triagem/nome-caixa-conversao 1.0.0,3,ok
089842,per089842_1907_02341,4,0,0,,,triagem/nome-caixa-conversao 1.0.0,3,ok
089842,per089842_1907_02341,5,0,0,,,triagem/nome-caixa-conversao 1.0.0,3,ok
089842,per089842_1907_02341,6,0,0,,,triagem/nome-caixa-conversao 1.0.0,3,ok
089842,per089842_1907_02341,7,0,0,,,triagem/nome-caixa-conversao 1.0.0,3,ok
089842,per089842_1907_02341,8,0,0,,,triagem/nome-caixa-conversao 1.0.0,3,ok
089842,per089842_1907_02342,1,0,0,,,triagem/nome-caixa-conversao 1.0.0,3,ok
089842,per089842_1907_02342,2,0,0,,,triagem/nome-caixa-conversao 1.0.0,3,ok
089842,per089842_1907_02342,3,0,0,,,triagem/nome-caixa-conversao 1.0.0,3,ok
089842,per089842_1907_02342,4,0,0,,,triagem/nome-caixa-conversao 1.0.0,3,ok
089842,per089842_1907_02342,5,0,0,,,triagem/nome-caixa-conversao 1.0.0,3,ok
089842,per089842_1907_02342,6,0,0,,,triagem/nome-caixa-conversao 1.0.0,3,ok
089842,per089842_1907_02342,7,0,0,,,triagem/nome-caixa-conversao 1.0.0,3,ok
089842,per089842_1907_02342,8,0,0,,,triagem/nome-caixa-conversao 1.0.0,3,ok
089842,per089842_1907_02343,1,0,0,,,triagem/nome-caixa-conversao 1.0.0,3,ok
089842,per089842_1907_02343,2,0,0,,,triagem/nome-caixa-conversao 1.0.0,3,ok
089842,per089842_1907_02343,3,0,0,,,triagem/nome-caixa-conversao 1.0.0,3,ok
089842,per089842_1907_02343,4,0,0,,,triagem/nome-caixa-conversao 1.0.0,3,ok
089842,per089842_1907_02343,5,0,0,,,triagem/nome-caixa-conversao 1.0.0,3,ok
089842,per089842_1907_02343,6,0,0,,,triagem/nome-caixa-conversao 1.0.0,3,ok
089842,per089842_1907_02343,7,0,0,,,triagem/nome-caixa-conversao 1.0.0,3,ok
089842,per089842_1907_02343,8,0,0,,,triagem/nome-caixa-conversao 1.0.0,3,ok
089842,per089842_1907_02344,1,1,1,caixa de conver,19143,triagem/nome-caixa-conversao 1.0.0,3,ok
089842,per089842_1907_02344,2,0,0,,,triagem/nome-caixa-conversao 1.0.0,3,ok
089842,per089842_1907_02344,3,0,0,,,triagem/nome-caixa-conversao 1.0.0,3,ok
089842,per089842_1907_02344,4,0,0,,,triagem/nome-caixa-conversao 1.0.0,3,ok
089842,per089842_1907_02344,5,0,0,,,triagem/nome-caixa-conversao 1.0.0,3,ok
089842,per089842_1907_02344,6,0,0,,,triagem/nome-caixa-conversao 1.0.0,3,ok
089842,per089842_1907_02344,7,0,0,,,triagem/nome-caixa-conversao 1.0.0,3,ok
089842,per089842_1907_02344,8,0,0,,,triagem/nome-caixa-conversao 1.0.0,3,ok
089842,per089842_1907_02345,1,0,0,,,triagem/nome-caixa-conversao 1.0.0,3,ok
089842,per089842_1907_02345,2,0,0,,,triagem/nome-caixa-conversao 1.0.0,3,ok
089842,per089842_1907_02345,3,0,0,,,triagem/nome-caixa-conversao 1.0.0,3,ok
089842,per089842_1907_02345,4,0,0,,,triagem/nome-caixa-conversao 1.0.0,3,ok
089842,per089842_1907_02345,5,0,0,,,triagem/nome-caixa-conversao 1.0.0,3,ok
089842,per089842_1907_02345,6,0,0,,,triagem/nome-caixa-conversao 1.0.0,3,ok
089842,per089842_1907_02345,7,0,0,,,triagem/nome-caixa-conversao 1.0.0,3,ok
089842,per089842_1907_02345,8,0,0,,,triagem/nome-caixa-conversao 1.0.0,3,ok
089842,per089842_1907_02345,9,0,0,,,triagem/nome-caixa-conversao 1.0.0,3,ok
089842,per089842_1907_02345,10,0,0,,,triagem/nome-caixa-conversao 1.0.0,3,ok
089842,per089842_1907_02345,11,0,0,,,triagem/nome-caixa-conversao 1.0.0,3,ok
089842,per089842_1907_02345,12,0,0,,,triagem/nome-caixa-conversao 1.0.0,3,ok
089842,per089842_1907_02346,1,0,0,,,triagem/nome-caixa-conversao 1.0.0,3,ok
089842,per089842_1907_02346,2,0,0,,,triagem/nome-caixa-conversao 1.0.0,3,ok
089842,per089842_1907_02346,3,0,0,,,triagem/nome-caixa-conversao 1.0.0,3,ok
089842,per089842_1907_02346,4,0,0,,,triagem/nome-caixa-conversao 1.0.0,3,ok
089842,per089842_1907_02346,5,0,0,,,triagem/nome-caixa-conversao 1.0.0,3,ok
089842,per089842_1907_02346,6,0,0,,,triagem/nome-caixa-conversao 1.0.0,3,ok
089842,per089842_1907_02347,1,0,0,,,triagem/nome-caixa-conversao 1.0.0,3,ok
089842,per089842_1907_02347,2,0,0,,,triagem/nome-caixa-conversao 1.0.0,3,ok
089842,per089842_1907_02347,3,0,0,,,triagem/nome-caixa-conversao 1.0.0,3,ok
089842,per089842_1907_02347,4,0,0,,,triagem/nome-caixa-conversao 1.0.0,3,ok
089842,per089842_1907_02347,5,0,0,,,triagem/nome-caixa-conversao 1.0.0,3,ok
089842,per089842_1907_02347,6,0,0,,,triagem/nome-caixa-conversao 1.0.0,3,ok
089842,per089842_1907_02347,7,0,0,,,triagem/nome-caixa-conversao 1.0.0,3,ok
089842,per089842_1907_02347,8,0,0,,,triagem/nome-caixa-conversao 1.0.0,3,ok
089842,per089842_1907_02348,1,0,0,,,triagem/nome-caixa-conversao 1.0.0,3,ok
089842,per089842_1907_02348,2,0,0,,,triagem/nome-caixa-conversao 1.0.0,3,ok
089842,per089842_1907_02348,3,0,0,,,triagem/nome-caixa-conversao 1.0.0,3,ok
089842,per089842_1907_02348,4,0,0,,,triagem/nome-caixa-conversao 1.0.0,3,ok
089842,per089842_1907_02348,5,0,0,,,triagem/nome-caixa-conversao 1.0.0,3,ok
089842,per089842_1907_02348,6,0,0,,,triagem/nome-caixa-conversao 1.0.0,3,ok
089842,per089842_1907_02348,7,0,0,,,triagem/nome-caixa-conversao 1.0.0,3,ok
089842,per089842_1907_02348,8,0,0,,,triagem/nome-caixa-conversao 1.0.0,3,ok
089842,per089842_1907_02349,1,0,0,,,triagem/nome-caixa-conversao 1.0.0,3,ok
089842,per089842_1907_02349,2,0,0,,,triagem/nome-caixa-conversao 1.0.0,3,ok
089842,per089842_1907_02349,3,0,0,,,triagem/nome-caixa-conversao 1.0.0,3,ok
089842,per089842_1907_02349,4,0,0,,,triagem/nome-caixa-conversao 1.0.0,3,ok
089842,per089842_1907_02349,5,0,0,,,triagem/nome-caixa-conversao 1.0.0,3,ok
089842,per089842_1907_02349,6,0,0,,,triagem/nome-caixa-conversao 1.0.0,3,ok
089842,per089842_1907_02349,7,0,0,,,triagem/nome-caixa-conversao 1.0.0,3,ok
089842,per089842_1907_02349,8,0,0,,,triagem/nome-caixa-conversao 1.0.0,3,ok
089842,per089842_1907_02350,1,0,0,,,triagem/nome-caixa-conversao 1.0.0,3,ok
089842,per089842_1907_02350,2,0,0,,,triagem/nome-caixa-conversao 1.0.0,3,ok
089842,per089842_1907_02350,3,0,0,,,triagem/nome-caixa-conversao 1.0.0,3,ok
089842,per089842_1907_02350,4,0,0,,,triagem/nome-caixa-conversao 1.0.0,3,ok
089842,per089842_1907_02350,5,0,0,,,triagem/nome-caixa-conversao 1.0.0,3,ok
089842,per089842_1907_02350,6,0,0,,,triagem/nome-caixa-conversao 1.0.0,3,ok
089842,per089842_1907_02350,7,0,0,,,triagem/nome-caixa-conversao 1.0.0,3,ok
089842,per089842_1907_02350,8,0,0,,,triagem/nome-caixa-conversao 1.0.0,3,ok
089842,per089842_1907_02351,1,0,0,,,triagem/nome-caixa-conversao 1.0.0,3,ok
089842,per089842_1907_02351,2,0,0,,,triagem/nome-caixa-conversao 1.0.0,3,ok
089842,per089842_1907_02351,3,0,0,,,triagem/nome-caixa-conversao 1.0.0,3,ok
089842,per089842_1907_02351,4,0,0,,,triagem/nome-caixa-conversao 1.0.0,3,ok
089842,per089842_1907_02351,5,0,0,,,triagem/nome-caixa-conversao 1.0.0,3,ok
089842,per089842_1907_02351,6,0,0,,,triagem/nome-caixa-conversao 1.0.0,3,ok
089842,per089842_1907_02351,7,0,0,,,triagem/nome-caixa-conversao 1.0.0,3,ok
089842,per089842_1907_02351,8,0,0,,,triagem/nome-caixa-conversao 1.0.0,3,ok
089842,per089842_1907_02352,1,0,0,,,triagem/nome-caixa-conversao 1.0.0,3,ok
089842,per089842_1907_02352,2,0,0,,,triagem/nome-caixa-conversao 1.0.0,3,ok
089842,per089842_1907_02352,3,0,0,,,triagem/nome-caixa-conversao 1.0.0,3,ok
089842,per089842_1907_02352,4,0,0,,,triagem/nome-caixa-conversao 1.0.0,3,ok
089842,per089842_1907_02352,5,1,1,caixa de conver,42445,triagem/nome-caixa-conversao 1.0.0,3,ok
089842,per089842_1907_02352,6,0,0,,,triagem/nome-caixa-conversao 1.0.0,3,ok
089842,per089842_1907_02352,7,0,0,,,triagem/nome-caixa-conversao 1.0.0,3,ok
089842,per089842_1907_02352,8,0,0,,,triagem/nome-caixa-conversao 1.0.0,3,ok
089842,per089842_1907_02352,9,0,0,,,triagem/nome-caixa-conversao 1.0.0,3,ok
089842,per089842_1907_02352,10,0,0,,,triagem/nome-caixa-conversao 1.0.0,3,ok
089842,per089842_1907_02352,11,0,0,,,triagem/nome-caixa-conversao 1.0.0,3,ok
089842,per089842_1907_02352,12,0,0,,,triagem/nome-caixa-conversao 1.0.0,3,ok
089842,per089842_1907_02353,1,0,0,,,triagem/nome-caixa-conversao 1.0.0,3,ok
089842,per089842_1907_02353,2,0,0,,,triagem/nome-caixa-conversao 1.0.0,3,ok
089842,per089842_1907_02353,3,0,0,,,triagem/nome-caixa-conversao 1.0.0,3,ok
089842,per089842_1907_02353,4,0,0,,,triagem/nome-caixa-conversao 1.0.0,3,ok
089842,per089842_1907_02353,5,0,0,,,triagem/nome-caixa-conversao 1.0.0,3,ok
089842,per089842_1907_02353,6,0,0,,,triagem/nome-caixa-conversao 1.0.0,3,ok
089842,per089842_1907_02353,7,0,0,,,triagem/nome-caixa-conversao 1.0.0,3,ok
089842,per089842_1907_02353,8,0,0,,,triagem/nome-caixa-conversao 1.0.0,3,ok
089842,per089842_1907_02354,1,0,0,,,triagem/nome-caixa-conversao 1.0.0,3,ok
089842,per089842_1907_02354,2,1,1,caixa de conver,9582,triagem/nome-caixa-conversao 1.0.0,3,ok
089842,per089842_1907_02354,3,0,0,,,triagem/nome-caixa-conversao 1.0.0,3,ok
089842,per089842_1907_02354,4,0,0,,,triagem/nome-caixa-conversao 1.0.0,3,ok
089842,per089842_1907_02354,5,0,0,,,triagem/nome-caixa-conversao 1.0.0,3,ok
089842,per089842_1907_02354,6,0,0,,,triagem/nome-caixa-conversao 1.0.0,3,ok
089842,per089842_1907_02354,7,0,0,,,triagem/nome-caixa-conversao 1.0.0,3,ok
089842,per089842_1907_02354,8,0,0,,,triagem/nome-caixa-conversao 1.0.0,3,ok
089842,per089842_1907_02355,1,0,0,,,triagem/nome-caixa-conversao 1.0.0,3,ok
089842,per089842_1907_02355,2,0,0,,,triagem/nome-caixa-conversao 1.0.0,3,ok
089842,per089842_1907_02355,3,0,0,,,triagem/nome-caixa-conversao 1.0.0,3,ok
089842,per089842_1907_02355,4,0,0,,,triagem/nome-caixa-conversao 1.0.0,3,ok
089842,per089842_1907_02355,5,0,0,,,triagem/nome-caixa-conversao 1.0.0,3,ok
089842,per089842_1907_02355,6,0,0,,,triagem/nome-caixa-conversao 1.0.0,3,ok
089842,per089842_1907_02355,7,0,0,,,triagem/nome-caixa-conversao 1.0.0,3,ok
089842,per089842_1907_02355,8,0,0,,,triagem/nome-caixa-conversao 1.0.0,3,ok
089842,per089842_1907_02355,9,0,0,,,triagem/nome-caixa-conversao 1.0.0,3,ok
089842,per089842_1907_02355,10,0,0,,,triagem/nome-caixa-conversao 1.0.0,3,ok
089842,per089842_1907_02355,11,0,0,,,triagem/nome-caixa-conversao 1.0.0,3,ok
089842,per089842_1907_02355,12,0,0,,,triagem/nome-caixa-conversao 1.0.0,3,ok
089842,per089842_1907_02356,1,0,0,,,triagem/nome-caixa-conversao 1.0.0,3,ok
089842,per089842_1907_02356,2,0,0,,,triagem/nome-caixa-conversao 1.0.0,3,ok
089842,per089842_1907_02356,3,0,0,,,triagem/nome-caixa-conversao 1.0.0,3,ok
089842,per089842_1907_02356,4,0,0,,,triagem/nome-caixa-conversao 1.0.0,3,ok
089842,per089842_1907_02356,5,0,0,,,triagem/nome-caixa-conversao 1.0.0,3,ok
089842,per089842_1907_02356,6,0,0,,,triagem/nome-caixa-conversao 1.0.0,3,ok
089842,per089842_1907_02356,7,0,0,,,triagem/nome-caixa-conversao 1.0.0,3,ok
089842,per089842_1907_02356,8,0,0,,,triagem/nome-caixa-conversao 1.0.0,3,ok
089842,per089842_1907_02357,1,0,0,,,triagem/nome-caixa-conversao 1.0.0,3,ok
089842,per089842_1907_02357,2,0,0,,,triagem/nome-caixa-conversao 1.0.0,3,ok
089842,per089842_1907_02357,3,0,0,,,triagem/nome-caixa-conversao 1.0.0,3,ok
089842,per089842_1907_02357,4,0,0,,,triagem/nome-caixa-conversao 1.0.0,3,ok
089842,per089842_1907_02357,5,0,0,,,triagem/nome-caixa-conversao 1.0.0,3,ok
089842,per089842_1907_02357,6,0,0,,,triagem/nome-caixa-conversao 1.0.0,3,ok
089842,per089842_1907_02357,7,0,0,,,triagem/nome-caixa-conversao 1.0.0,3,ok
089842,per089842_1907_02357,8,0,0,,,triagem/nome-caixa-conversao 1.0.0,3,ok
089842,per089842_1907_02358,1,1,1,caixa de conver,14073,triagem/nome-caixa-conversao 1.0.0,3,ok
089842,per089842_1907_02358,2,1,1,caixa de conver,22648,triagem/nome-caixa-conversao 1.0.0,3,ok
089842,per089842_1907_02358,3,0,0,,,triagem/nome-caixa-conversao 1.0.0,3,ok
089842,per089842_1907_02358,4,0,0,,,triagem/nome-caixa-conversao 1.0.0,3,ok
089842,per089842_1907_02358,5,0,0,,,triagem/nome-caixa-conversao 1.0.0,3,ok
089842,per089842_1907_02358,6,0,0,,,triagem/nome-caixa-conversao 1.0.0,3,ok
089842,per089842_1907_02358,7,0,0,,,triagem/nome-caixa-conversao 1.0.0,3,ok
089842,per089842_1907_02358,8,0,0,,,triagem/nome-caixa-conversao 1.0.0,3,ok
089842,per089842_1907_02359,1,0,0,,,triagem/nome-caixa-conversao 1.0.0,3,ok
089842,per089842_1907_02359,2,0,0,,,triagem/nome-caixa-conversao 1.0.0,3,ok
089842,per089842_1907_02359,3,0,0,,,triagem/nome-caixa-conversao 1.0.0,3,ok
089842,per089842_1907_02359,4,0,0,,,triagem/nome-caixa-conversao 1.0.0,3,ok
089842,per089842_1907_02359,5,0,0,,,triagem/nome-caixa-conversao 1.0.0,3,ok
089842,per089842_1907_02359,6,0,0,,,triagem/nome-caixa-conversao 1.0.0,3,ok
089842,per089842_1907_02359,7,0,0,,,triagem/nome-caixa-conversao 1.0.0,3,ok
089842,per089842_1907_02359,8,0,0,,,triagem/nome-caixa-conversao 1.0.0,3,ok
089842,per089842_1907_02359,9,0,0,,,triagem/nome-caixa-conversao 1.0.0,3,ok
089842,per089842_1907_02359,10,0,0,,,triagem/nome-caixa-conversao 1.0.0,3,ok
089842,per089842_1907_02359,11,0,0,,,triagem/nome-caixa-conversao 1.0.0,3,ok
089842,per089842_1907_02359,12,0,0,,,triagem/nome-caixa-conversao 1.0.0,3,ok
089842,per089842_1907_02360,1,0,0,,,triagem/nome-caixa-conversao 1.0.0,3,ok
089842,per089842_1907_02360,2,0,0,,,triagem/nome-caixa-conversao 1.0.0,3,ok
089842,per089842_1907_02360,3,0,0,,,triagem/nome-caixa-conversao 1.0.0,3,ok
089842,per089842_1907_02360,4,0,0,,,triagem/nome-caixa-conversao 1.0.0,3,ok
089842,per089842_1907_02360,5,0,0,,,triagem/nome-caixa-conversao 1.0.0,3,ok
089842,per089842_1907_02360,6,0,0,,,triagem/nome-caixa-conversao 1.0.0,3,ok
089842,per089842_1907_02361,1,0,0,,,triagem/nome-caixa-conversao 1.0.0,3,ok
089842,per089842_1907_02361,2,0,0,,,triagem/nome-caixa-conversao 1.0.0,3,ok
089842,per089842_1907_02361,3,0,0,,,triagem/nome-caixa-conversao 1.0.0,3,ok
089842,per089842_1907_02361,4,0,0,,,triagem/nome-caixa-conversao 1.0.0,3,ok
089842,per089842_1907_02361,5,0,0,,,triagem/nome-caixa-conversao 1.0.0,3,ok
089842,per089842_1907_02361,6,0,0,,,triagem/nome-caixa-conversao 1.0.0,3,ok
089842,per089842_1907_02361,7,0,0,,,triagem/nome-caixa-conversao 1.0.0,3,ok
089842,per089842_1907_02361,8,0,0,,,triagem/nome-caixa-conversao 1.0.0,3,ok
089842,per089842_1907_03000,1,0,0,,,triagem/nome-caixa-conversao 1.0.0,3,ok
089842,per089842_1907_03000,2,0,0,,,triagem/nome-caixa-conversao 1.0.0,3,ok
089842,per089842_1907_03000,3,0,0,,,triagem/nome-caixa-conversao 1.0.0,3,ok
089842,per089842_1907_03000,4,0,0,,,triagem/nome-caixa-conversao 1.0.0,3,ok
089842,per089842_1907_03000,5,0,0,,,triagem/nome-caixa-conversao 1.0.0,3,ok
089842,per089842_1907_03000,6,0,0,,,triagem/nome-caixa-conversao 1.0.0,3,ok
089842,per089842_1907_03000,7,0,0,,,triagem/nome-caixa-conversao 1.0.0,3,ok
089842,per089842_1907_03000,8,0,0,,,triagem/nome-caixa-conversao 1.0.0,3,ok
089842,per089842_1907_03001,1,0,0,,,triagem/nome-caixa-conversao 1.0.0,3,ok
089842,per089842_1907_03001,2,0,0,,,triagem/nome-caixa-conversao 1.0.0,3,ok
089842,per089842_1907_03001,3,0,0,,,triagem/nome-caixa-conversao 1.0.0,3,ok
089842,per089842_1907_03001,4,0,0,,,triagem/nome-caixa-conversao 1.0.0,3,ok
089842,per089842_1907_03001,5,1,1,caixa de conver,20707,triagem/nome-caixa-conversao 1.0.0,3,ok
089842,per089842_1907_03001,6,0,0,,,triagem/nome-caixa-conversao 1.0.0,3,ok
089842,per089842_1907_03001,7,1,1,caixa daconver,42508,triagem/nome-caixa-conversao 1.0.0,3,ok
089842,per089842_1907_03001,8,0,0,,,triagem/nome-caixa-conversao 1.0.0,3,ok
089842,per089842_1907_03001,9,0,0,,,triagem/nome-caixa-conversao 1.0.0,3,ok
089842,per089842_1907_03001,10,0,0,,,triagem/nome-caixa-conversao 1.0.0,3,ok
089842,per089842_1907_03001,11,0,0,,,triagem/nome-caixa-conversao 1.0.0,3,ok
089842,per089842_1907_03001,12,0,0,,,triagem/nome-caixa-conversao 1.0.0,3,ok
089842,per089842_1907_03001,13,0,0,,,triagem/nome-caixa-conversao 1.0.0,3,ok
089842,per089842_1907_03001,14,0,0,,,triagem/nome-caixa-conversao 1.0.0,3,ok
089842,per089842_1907_03002,1,0,0,,,triagem/nome-caixa-conversao 1.0.0,3,ok
089842,per089842_1907_03002,2,0,0,,,triagem/nome-caixa-conversao 1.0.0,3,ok
089842,per089842_1907_03002,3,0,0,,,triagem/nome-caixa-conversao 1.0.0,3,ok
089842,per089842_1907_03002,4,0,0,,,triagem/nome-caixa-conversao 1.0.0,3,ok
089842,per089842_1907_03002,5,0,0,,,triagem/nome-caixa-conversao 1.0.0,3,ok
089842,per089842_1907_03002,6,0,0,,,triagem/nome-caixa-conversao 1.0.0,3,ok
089842,per089842_1907_03003,1,1,2,caixa de conver,22599,triagem/nome-caixa-conversao 1.0.0,3,ok
089842,per089842_1907_03003,2,0,0,,,triagem/nome-caixa-conversao 1.0.0,3,ok
089842,per089842_1907_03003,3,0,0,,,triagem/nome-caixa-conversao 1.0.0,3,ok
089842,per089842_1907_03003,4,0,0,,,triagem/nome-caixa-conversao 1.0.0,3,ok
089842,per089842_1907_03003,5,0,0,,,triagem/nome-caixa-conversao 1.0.0,3,ok
089842,per089842_1907_03003,6,0,0,,,triagem/nome-caixa-conversao 1.0.0,3,ok
089842,per089842_1907_03003,7,0,0,,,triagem/nome-caixa-conversao 1.0.0,3,ok
089842,per089842_1907_03003,8,0,0,,,triagem/nome-caixa-conversao 1.0.0,3,ok
089842,per089842_1907_03004,1,1,2,caixa de conver,19301,triagem/nome-caixa-conversao 1.0.0,3,ok
089842,per089842_1907_03004,2,0,0,,,triagem/nome-caixa-conversao 1.0.0,3,ok
089842,per089842_1907_03004,3,0,0,,,triagem/nome-caixa-conversao 1.0.0,3,ok
089842,per089842_1907_03004,4,0,0,,,triagem/nome-caixa-conversao 1.0.0,3,ok
089842,per089842_1907_03004,5,0,0,,,triagem/nome-caixa-conversao 1.0.0,3,ok
089842,per089842_1907_03004,6,1,1,caixa de conver,11331,triagem/nome-caixa-conversao 1.0.0,3,ok
089842,per089842_1907_03005,1,1,2,caixa de conver,26329,triagem/nome-caixa-conversao 1.0.0,3,ok
089842,per089842_1907_03005,2,0,0,,,triagem/nome-caixa-conversao 1.0.0,3,ok
089842,per089842_1907_03005,3,0,0,,,triagem/nome-caixa-conversao 1.0.0,3,ok
089842,per089842_1907_03005,4,0,0,,,triagem/nome-caixa-conversao 1.0.0,3,ok
089842,per089842_1907_03005,5,0,0,,,triagem/nome-caixa-conversao 1.0.0,3,ok
089842,per089842_1907_03005,6,0,0,,,triagem/nome-caixa-conversao 1.0.0,3,ok
089842,per089842_1907_03005,7,0,0,,,triagem/nome-caixa-conversao 1.0.0,3,ok
089842,per089842_1907_03005,8,0,0,,,triagem/nome-caixa-conversao 1.0.0,3,ok
089842,per089842_1907_03006,1,0,0,,,triagem/nome-caixa-conversao 1.0.0,3,ok
089842,per089842_1907_03006,2,0,0,,,triagem/nome-caixa-conversao 1.0.0,3,ok
089842,per089842_1907_03006,3,0,0,,,triagem/nome-caixa-conversao 1.0.0,3,ok
089842,per089842_1907_03006,4,0,0,,,triagem/nome-caixa-conversao 1.0.0,3,ok
089842,per089842_1907_03006,5,0,0,,,triagem/nome-caixa-conversao 1.0.0,3,ok
089842,per089842_1907_03006,6,0,0,,,triagem/nome-caixa-conversao 1.0.0,3,ok
089842,per089842_1907_03006,7,0,0,,,triagem/nome-caixa-conversao 1.0.0,3,ok
089842,per089842_1907_03006,8,0,0,,,triagem/nome-caixa-conversao 1.0.0,3,ok
089842,per089842_1907_03007,1,1,2,caixa de conver,9152,triagem/nome-caixa-conversao 1.0.0,3,ok
089842,per089842_1907_03007,2,0,0,,,triagem/nome-caixa-conversao 1.0.0,3,ok
089842,per089842_1907_03007,3,0,0,,,triagem/nome-caixa-conversao 1.0.0,3,ok
089842,per089842_1907_03007,4,0,0,,,triagem/nome-caixa-conversao 1.0.0,3,ok
089842,per089842_1907_03007,5,0,0,,,triagem/nome-caixa-conversao 1.0.0,3,ok
089842,per089842_1907_03007,6,0,0,,,triagem/nome-caixa-conversao 1.0.0,3,ok
089842,per089842_1907_03007,7,0,0,,,triagem/nome-caixa-conversao 1.0.0,3,ok
089842,per089842_1907_03007,8,0,0,,,triagem/nome-caixa-conversao 1.0.0,3,ok
089842,per089842_1907_03008,1,0,0,,,triagem/nome-caixa-conversao 1.0.0,3,ok
089842,per089842_1907_03008,2,0,0,,,triagem/nome-caixa-conversao 1.0.0,3,ok
089842,per089842_1907_03008,3,0,0,,,triagem/nome-caixa-conversao 1.0.0,3,ok
089842,per089842_1907_03008,4,0,0,,,triagem/nome-caixa-conversao 1.0.0,3,ok
089842,per089842_1907_03008,5,1,1,caixade conver,31688,triagem/nome-caixa-conversao 1.0.0,3,ok
089842,per089842_1907_03008,6,0,0,,,triagem/nome-caixa-conversao 1.0.0,3,ok
089842,per089842_1907_03008,7,0,0,,,triagem/nome-caixa-conversao 1.0.0,3,ok
089842,per089842_1907_03008,8,0,0,,,triagem/nome-caixa-conversao 1.0.0,3,ok
089842,per089842_1907_03008,9,0,0,,,triagem/nome-caixa-conversao 1.0.0,3,ok
089842,per089842_1907_03008,10,0,0,,,triagem/nome-caixa-conversao 1.0.0,3,ok
089842,per089842_1907_03008,11,0,0,,,triagem/nome-caixa-conversao 1.0.0,3,ok
089842,per089842_1907_03008,12,0,0,,,triagem/nome-caixa-conversao 1.0.0,3,ok
089842,per089842_1907_03009,1,0,0,,,triagem/nome-caixa-conversao 1.0.0,3,ok
089842,per089842_1907_03009,2,0,0,,,triagem/nome-caixa-conversao 1.0.0,3,ok
089842,per089842_1907_03009,3,0,0,,,triagem/nome-caixa-conversao 1.0.0,3,ok
089842,per089842_1907_03009,4,0,0,,,triagem/nome-caixa-conversao 1.0.0,3,ok
089842,per089842_1907_03009,5,0,0,,,triagem/nome-caixa-conversao 1.0.0,3,ok
089842,per089842_1907_03009,6,0,0,,,triagem/nome-caixa-conversao 1.0.0,3,ok
089842,per089842_1907_03010,1,0,0,,,triagem/nome-caixa-conversao 1.0.0,3,ok
089842,per089842_1907_03010,2,0,0,,,triagem/nome-caixa-conversao 1.0.0,3,ok
089842,per089842_1907_03010,3,0,0,,,triagem/nome-caixa-conversao 1.0.0,3,ok
089842,per089842_1907_03010,4,0,0,,,triagem/nome-caixa-conversao 1.0.0,3,ok
089842,per089842_1907_03010,5,0,0,,,triagem/nome-caixa-conversao 1.0.0,3,ok
089842,per089842_1907_03010,6,0,0,,,triagem/nome-caixa-conversao 1.0.0,3,ok
089842,per089842_1907_03011,1,1,2,caixa de conver,25974,triagem/nome-caixa-conversao 1.0.0,3,ok
089842,per089842_1907_03011,2,0,0,,,triagem/nome-caixa-conversao 1.0.0,3,ok
089842,per089842_1907_03011,3,0,0,,,triagem/nome-caixa-conversao 1.0.0,3,ok
089842,per089842_1907_03011,4,0,0,,,triagem/nome-caixa-conversao 1.0.0,3,ok
089842,per089842_1907_03011,5,0,0,,,triagem/nome-caixa-conversao 1.0.0,3,ok
089842,per089842_1907_03011,6,0,0,,,triagem/nome-caixa-conversao 1.0.0,3,ok
089842,per089842_1907_03011,7,0,0,,,triagem/nome-caixa-conversao 1.0.0,3,ok
089842,per089842_1907_03011,8,0,0,,,triagem/nome-caixa-conversao 1.0.0,3,ok
089842,per089842_1907_03012,1,0,0,,,triagem/nome-caixa-conversao 1.0.0,3,ok
089842,per089842_1907_03012,2,0,0,,,triagem/nome-caixa-conversao 1.0.0,3,ok
089842,per089842_1907_03012,3,0,0,,,triagem/nome-caixa-conversao 1.0.0,3,ok
089842,per089842_1907_03012,4,1,2,caixa de conver,41286,triagem/nome-caixa-conversao 1.0.0,3,ok
089842,per089842_1907_03012,5,0,0,,,triagem/nome-caixa-conversao 1.0.0,3,ok
089842,per089842_1907_03012,6,0,0,,,triagem/nome-caixa-conversao 1.0.0,3,ok
089842,per089842_1907_03012,7,1,1,caixa do conver,5012,triagem/nome-caixa-conversao 1.0.0,3,ok
089842,per089842_1907_03012,8,0,0,,,triagem/nome-caixa-conversao 1.0.0,3,ok
089842,per089842_1907_03013,1,0,0,,,triagem/nome-caixa-conversao 1.0.0,3,ok
089842,per089842_1907_03013,2,0,0,,,triagem/nome-caixa-conversao 1.0.0,3,ok
089842,per089842_1907_03013,3,0,0,,,triagem/nome-caixa-conversao 1.0.0,3,ok
089842,per089842_1907_03013,4,0,0,,,triagem/nome-caixa-conversao 1.0.0,3,ok
089842,per089842_1907_03013,5,0,0,,,triagem/nome-caixa-conversao 1.0.0,3,ok
089842,per089842_1907_03013,6,0,0,,,triagem/nome-caixa-conversao 1.0.0,3,ok
089842,per089842_1907_03013,7,0,0,,,triagem/nome-caixa-conversao 1.0.0,3,ok
089842,per089842_1907_03013,8,0,0,,,triagem/nome-caixa-conversao 1.0.0,3,ok
089842,per089842_1907_03014,1,0,0,,,triagem/nome-caixa-conversao 1.0.0,3,ok
089842,per089842_1907_03014,2,0,0,,,triagem/nome-caixa-conversao 1.0.0,3,ok
089842,per089842_1907_03014,3,0,0,,,triagem/nome-caixa-conversao 1.0.0,3,ok
089842,per089842_1907_03014,4,0,0,,,triagem/nome-caixa-conversao 1.0.0,3,ok
089842,per089842_1907_03014,5,0,0,,,triagem/nome-caixa-conversao 1.0.0,3,ok
089842,per089842_1907_03014,6,0,0,,,triagem/nome-caixa-conversao 1.0.0,3,ok
089842,per089842_1907_03014,7,0,0,,,triagem/nome-caixa-conversao 1.0.0,3,ok
089842,per089842_1907_03014,8,0,0,,,triagem/nome-caixa-conversao 1.0.0,3,ok
089842,per089842_1907_03015,1,0,0,,,triagem/nome-caixa-conversao 1.0.0,3,ok
089842,per089842_1907_03015,2,0,0,,,triagem/nome-caixa-conversao 1.0.0,3,ok
089842,per089842_1907_03015,3,0,0,,,triagem/nome-caixa-conversao 1.0.0,3,ok
089842,per089842_1907_03015,4,0,0,,,triagem/nome-caixa-conversao 1.0.0,3,ok
089842,per089842_1907_03015,5,0,0,,,triagem/nome-caixa-conversao 1.0.0,3,ok
089842,per089842_1907_03015,6,0,0,,,triagem/nome-caixa-conversao 1.0.0,3,ok
089842,per089842_1907_03015,7,0,0,,,triagem/nome-caixa-conversao 1.0.0,3,ok
089842,per089842_1907_03015,8,0,0,,,triagem/nome-caixa-conversao 1.0.0,3,ok
089842,per089842_1907_03015,9,0,0,,,triagem/nome-caixa-conversao 1.0.0,3,ok
089842,per089842_1907_03015,10,0,0,,,triagem/nome-caixa-conversao 1.0.0,3,ok
089842,per089842_1907_03015,11,0,0,,,triagem/nome-caixa-conversao 1.0.0,3,ok
089842,per089842_1907_03015,12,0,0,,,triagem/nome-caixa-conversao 1.0.0,3,ok
089842,per089842_1907_03016,1,0,0,,,triagem/nome-caixa-conversao 1.0.0,3,ok
089842,per089842_1907_03016,2,0,0,,,triagem/nome-caixa-conversao 1.0.0,3,ok
089842,per089842_1907_03016,3,0,0,,,triagem/nome-caixa-conversao 1.0.0,3,ok
089842,per089842_1907_03016,4,0,0,,,triagem/nome-caixa-conversao 1.0.0,3,ok
089842,per089842_1907_03016,5,1,1,caixa de conver,33464,triagem/nome-caixa-conversao 1.0.0,3,ok
089842,per089842_1907_03016,6,0,0,,,triagem/nome-caixa-conversao 1.0.0,3,ok
089842,per089842_1907_03017,1,1,4,caixa de conver,9396,triagem/nome-caixa-conversao 1.0.0,3,ok
089842,per089842_1907_03017,2,0,0,,,triagem/nome-caixa-conversao 1.0.0,3,ok
089842,per089842_1907_03017,3,0,0,,,triagem/nome-caixa-conversao 1.0.0,3,ok
089842,per089842_1907_03017,4,0,0,,,triagem/nome-caixa-conversao 1.0.0,3,ok
089842,per089842_1907_03017,5,0,0,,,triagem/nome-caixa-conversao 1.0.0,3,ok
089842,per089842_1907_03017,6,0,0,,,triagem/nome-caixa-conversao 1.0.0,3,ok
089842,per089842_1907_03017,7,0,0,,,triagem/nome-caixa-conversao 1.0.0,3,ok
089842,per089842_1907_03017,8,0,0,,,triagem/nome-caixa-conversao 1.0.0,3,ok
089842,per089842_1907_03018,1,1,1,caixa de conver,7650,triagem/nome-caixa-conversao 1.0.0,3,ok
089842,per089842_1907_03018,2,0,0,,,triagem/nome-caixa-conversao 1.0.0,3,ok
089842,per089842_1907_03018,3,0,0,,,triagem/nome-caixa-conversao 1.0.0,3,ok
089842,per089842_1907_03018,4,0,0,,,triagem/nome-caixa-conversao 1.0.0,3,ok
089842,per089842_1907_03018,5,0,0,,,triagem/nome-caixa-conversao 1.0.0,3,ok
089842,per089842_1907_03018,6,0,0,,,triagem/nome-caixa-conversao 1.0.0,3,ok
089842,per089842_1907_03018,7,0,0,,,triagem/nome-caixa-conversao 1.0.0,3,ok
089842,per089842_1907_03018,8,0,0,,,triagem/nome-caixa-conversao 1.0.0,3,ok
089842,per089842_1907_03019,1,0,0,,,triagem/nome-caixa-conversao 1.0.0,3,ok
089842,per089842_1907_03019,2,0,0,,,triagem/nome-caixa-conversao 1.0.0,3,ok
089842,per089842_1907_03019,3,0,0,,,triagem/nome-caixa-conversao 1.0.0,3,ok
089842,per089842_1907_03019,4,0,0,,,triagem/nome-caixa-conversao 1.0.0,3,ok
089842,per089842_1907_03019,5,0,0,,,triagem/nome-caixa-conversao 1.0.0,3,ok
089842,per089842_1907_03019,6,0,0,,,triagem/nome-caixa-conversao 1.0.0,3,ok
089842,per089842_1907_03019,7,0,0,,,triagem/nome-caixa-conversao 1.0.0,3,ok
089842,per089842_1907_03019,8,0,0,,,triagem/nome-caixa-conversao 1.0.0,3,ok
089842,per089842_1907_03020,1,1,2,caixa de conver,43929,triagem/nome-caixa-conversao 1.0.0,3,ok
089842,per089842_1907_03020,2,1,3,caixa do conver,10768,triagem/nome-caixa-conversao 1.0.0,3,ok
089842,per089842_1907_03020,3,0,0,,,triagem/nome-caixa-conversao 1.0.0,3,ok
089842,per089842_1907_03020,4,0,0,,,triagem/nome-caixa-conversao 1.0.0,3,ok
089842,per089842_1907_03020,5,0,0,,,triagem/nome-caixa-conversao 1.0.0,3,ok
089842,per089842_1907_03020,6,1,1,caixa do conver,7101,triagem/nome-caixa-conversao 1.0.0,3,ok
089842,per089842_1907_03020,7,0,0,,,triagem/nome-caixa-conversao 1.0.0,3,ok
089842,per089842_1907_03020,8,0,0,,,triagem/nome-caixa-conversao 1.0.0,3,ok
089842,per089842_1907_03021,1,0,0,,,triagem/nome-caixa-conversao 1.0.0,3,ok
089842,per089842_1907_03021,2,0,0,,,triagem/nome-caixa-conversao 1.0.0,3,ok
089842,per089842_1907_03021,3,0,0,,,triagem/nome-caixa-conversao 1.0.0,3,ok
089842,per089842_1907_03021,4,1,5,caixa de conver,24345,triagem/nome-caixa-conversao 1.0.0,3,ok
089842,per089842_1907_03021,5,1,1,caixa do conver,3701,triagem/nome-caixa-conversao 1.0.0,3,ok
089842,per089842_1907_03021,6,0,0,,,triagem/nome-caixa-conversao 1.0.0,3,ok
089842,per089842_1907_03021,7,0,0,,,triagem/nome-caixa-conversao 1.0.0,3,ok
089842,per089842_1907_03021,8,0,0,,,triagem/nome-caixa-conversao 1.0.0,3,ok
089842,per089842_1907_03022,1,0,0,,,triagem/nome-caixa-conversao 1.0.0,3,ok
089842,per089842_1907_03022,2,0,0,,,triagem/nome-caixa-conversao 1.0.0,3,ok
089842,per089842_1907_03022,3,0,0,,,triagem/nome-caixa-conversao 1.0.0,3,ok
089842,per089842_1907_03022,4,0,0,,,triagem/nome-caixa-conversao 1.0.0,3,ok
089842,per089842_1907_03022,5,0,0,,,triagem/nome-caixa-conversao 1.0.0,3,ok
089842,per089842_1907_03022,6,0,0,,,triagem/nome-caixa-conversao 1.0.0,3,ok
089842,per089842_1907_03022,7,0,0,,,triagem/nome-caixa-conversao 1.0.0,3,ok
089842,per089842_1907_03022,8,0,0,,,triagem/nome-caixa-conversao 1.0.0,3,ok
089842,per089842_1907_03022,9,0,0,,,triagem/nome-caixa-conversao 1.0.0,3,ok
089842,per089842_1907_03022,10,0,0,,,triagem/nome-caixa-conversao 1.0.0,3,ok
089842,per089842_1907_03022,11,0,0,,,triagem/nome-caixa-conversao 1.0.0,3,ok
089842,per089842_1907_03022,12,0,0,,,triagem/nome-caixa-conversao 1.0.0,3,ok
089842,per089842_1907_03022,13,0,0,,,triagem/nome-caixa-conversao 1.0.0,3,ok
089842,per089842_1907_03022,14,0,0,,,triagem/nome-caixa-conversao 1.0.0,3,ok
089842,per089842_1907_03023,1,0,0,,,triagem/nome-caixa-conversao 1.0.0,3,ok
089842,per089842_1907_03023,2,0,0,,,triagem/nome-caixa-conversao 1.0.0,3,ok
089842,per089842_1907_03023,3,0,0,,,triagem/nome-caixa-conversao 1.0.0,3,ok
089842,per089842_1907_03023,4,0,0,,,triagem/nome-caixa-conversao 1.0.0,3,ok
089842,per089842_1907_03023,5,0,0,,,triagem/nome-caixa-conversao 1.0.0,3,ok
089842,per089842_1907_03023,6,0,0,,,triagem/nome-caixa-conversao 1.0.0,3,ok
089842,per089842_1907_03023,7,0,0,,,triagem/nome-caixa-conversao 1.0.0,3,ok
089842,per089842_1907_03023,8,0,0,,,triagem/nome-caixa-conversao 1.0.0,3,ok
089842,per089842_1907_03024,1,0,0,,,triagem/nome-caixa-conversao 1.0.0,3,ok
089842,per089842_1907_03024,2,0,0,,,triagem/nome-caixa-conversao 1.0.0,3,ok
089842,per089842_1907_03024,3,0,0,,,triagem/nome-caixa-conversao 1.0.0,3,ok
089842,per089842_1907_03024,4,0,0,,,triagem/nome-caixa-conversao 1.0.0,3,ok
089842,per089842_1907_03024,5,0,0,,,triagem/nome-caixa-conversao 1.0.0,3,ok
089842,per089842_1907_03024,6,0,0,,,triagem/nome-caixa-conversao 1.0.0,3,ok
089842,per089842_1907_03024,7,0,0,,,triagem/nome-caixa-conversao 1.0.0,3,ok
089842,per089842_1907_03024,8,0,0,,,triagem/nome-caixa-conversao 1.0.0,3,ok
089842,per089842_1907_03025,1,1,2,caixa de conver,13250,triagem/nome-caixa-conversao 1.0.0,3,ok
089842,per089842_1907_03025,2,0,0,,,triagem/nome-caixa-conversao 1.0.0,3,ok
089842,per089842_1907_03025,3,1,1,caixa deconver,15870,triagem/nome-caixa-conversao 1.0.0,3,ok
089842,per089842_1907_03025,4,0,0,,,triagem/nome-caixa-conversao 1.0.0,3,ok
089842,per089842_1907_03025,5,0,0,,,triagem/nome-caixa-conversao 1.0.0,3,ok
089842,per089842_1907_03025,6,0,0,,,triagem/nome-caixa-conversao 1.0.0,3,ok
089842,per089842_1907_03025,7,0,0,,,triagem/nome-caixa-conversao 1.0.0,3,ok
089842,per089842_1907_03025,8,0,0,,,triagem/nome-caixa-conversao 1.0.0,3,ok
089842,per089842_1907_03026,1,1,1,caixa de conver,17683,triagem/nome-caixa-conversao 1.0.0,3,ok
089842,per089842_1907_03026,2,0,0,,,triagem/nome-caixa-conversao 1.0.0,3,ok
089842,per089842_1907_03026,3,0,0,,,triagem/nome-caixa-conversao 1.0.0,3,ok
089842,per089842_1907_03026,4,0,0,,,triagem/nome-caixa-conversao 1.0.0,3,ok
089842,per089842_1907_03026,5,0,0,,,triagem/nome-caixa-conversao 1.0.0,3,ok
089842,per089842_1907_03026,6,0,0,,,triagem/nome-caixa-conversao 1.0.0,3,ok
089842,per089842_1907_03026,7,0,0,,,triagem/nome-caixa-conversao 1.0.0,3,ok
089842,per089842_1907_03026,8,0,0,,,triagem/nome-caixa-conversao 1.0.0,3,ok
089842,per089842_1907_03027,1,0,0,,,triagem/nome-caixa-conversao 1.0.0,3,ok
089842,per089842_1907_03027,2,0,0,,,triagem/nome-caixa-conversao 1.0.0,3,ok
089842,per089842_1907_03027,3,0,0,,,triagem/nome-caixa-conversao 1.0.0,3,ok
089842,per089842_1907_03027,4,0,0,,,triagem/nome-caixa-conversao 1.0.0,3,ok
089842,per089842_1907_03027,5,0,0,,,triagem/nome-caixa-conversao 1.0.0,3,ok
089842,per089842_1907_03027,6,0,0,,,triagem/nome-caixa-conversao 1.0.0,3,ok
089842,per089842_1907_03028,1,1,2,caixa de conver,443,triagem/nome-caixa-conversao 1.0.0,3,ok
089842,per089842_1907_03028,2,0,0,,,triagem/nome-caixa-conversao 1.0.0,3,ok
089842,per089842_1907_03028,3,0,0,,,triagem/nome-caixa-conversao 1.0.0,3,ok
089842,per089842_1907_03028,4,0,0,,,triagem/nome-caixa-conversao 1.0.0,3,ok
089842,per089842_1907_03028,5,0,0,,,triagem/nome-caixa-conversao 1.0.0,3,ok
089842,per089842_1907_03028,6,0,0,,,triagem/nome-caixa-conversao 1.0.0,3,ok
089842,per089842_1907_03028,7,0,0,,,triagem/nome-caixa-conversao 1.0.0,3,ok
089842,per089842_1907_03028,8,0,0,,,triagem/nome-caixa-conversao 1.0.0,3,ok
089842,per089842_1907_03029,1,0,0,,,triagem/nome-caixa-conversao 1.0.0,3,ok
089842,per089842_1907_03029,2,0,0,,,triagem/nome-caixa-conversao 1.0.0,3,ok
089842,per089842_1907_03029,3,0,0,,,triagem/nome-caixa-conversao 1.0.0,3,ok
089842,per089842_1907_03029,4,0,0,,,triagem/nome-caixa-conversao 1.0.0,3,ok
089842,per089842_1907_03029,5,0,0,,,triagem/nome-caixa-conversao 1.0.0,3,ok
089842,per089842_1907_03029,6,0,0,,,triagem/nome-caixa-conversao 1.0.0,3,ok
089842,per089842_1907_03029,7,1,1,caixa de conver,12191,triagem/nome-caixa-conversao 1.0.0,3,ok
089842,per089842_1907_03029,8,0,0,,,triagem/nome-caixa-conversao 1.0.0,3,ok
089842,per089842_1907_03029,9,0,0,,,triagem/nome-caixa-conversao 1.0.0,3,ok
089842,per089842_1907_03029,10,0,0,,,triagem/nome-caixa-conversao 1.0.0,3,ok
089842,per089842_1907_03029,11,0,0,,,triagem/nome-caixa-conversao 1.0.0,3,ok
089842,per089842_1907_03029,12,0,0,,,triagem/nome-caixa-conversao 1.0.0,3,ok
089842,per089842_1907_03029,13,0,0,,,triagem/nome-caixa-conversao 1.0.0,3,ok
089842,per089842_1907_03029,14,0,0,,,triagem/nome-caixa-conversao 1.0.0,3,ok
089842,per089842_1907_03030,1,1,1,caixa doconver,34035,triagem/nome-caixa-conversao 1.0.0,3,ok
089842,per089842_1907_03030,2,0,0,,,triagem/nome-caixa-conversao 1.0.0,3,ok
089842,per089842_1907_03030,3,0,0,,,triagem/nome-caixa-conversao 1.0.0,3,ok
089842,per089842_1907_03030,4,0,0,,,triagem/nome-caixa-conversao 1.0.0,3,ok
089842,per089842_1907_03030,5,0,0,,,triagem/nome-caixa-conversao 1.0.0,3,ok
089842,per089842_1907_03030,6,0,0,,,triagem/nome-caixa-conversao 1.0.0,3,ok
089842,per089842_1907_03030,7,0,0,,,triagem/nome-caixa-conversao 1.0.0,3,ok
089842,per089842_1907_03030,8,0,0,,,triagem/nome-caixa-conversao 1.0.0,3,ok
089842,per089842_1907_03031,1,0,0,,,triagem/nome-caixa-conversao 1.0.0,3,ok
089842,per089842_1907_03031,2,0,0,,,triagem/nome-caixa-conversao 1.0.0,3,ok
089842,per089842_1907_03031,3,0,0,,,triagem/nome-caixa-conversao 1.0.0,3,ok
089842,per089842_1907_03031,4,0,0,,,triagem/nome-caixa-conversao 1.0.0,3,ok
089842,per089842_1907_03031,5,0,0,,,triagem/nome-caixa-conversao 1.0.0,3,ok
089842,per089842_1907_03031,6,0,0,,,triagem/nome-caixa-conversao 1.0.0,3,ok
089842,per089842_1907_03032,1,0,0,,,triagem/nome-caixa-conversao 1.0.0,3,ok
089842,per089842_1907_03032,2,0,0,,,triagem/nome-caixa-conversao 1.0.0,3,ok
089842,per089842_1907_03032,3,0,0,,,triagem/nome-caixa-conversao 1.0.0,3,ok
089842,per089842_1907_03032,4,0,0,,,triagem/nome-caixa-conversao 1.0.0,3,ok
089842,per089842_1907_03032,5,0,0,,,triagem/nome-caixa-conversao 1.0.0,3,ok
089842,per089842_1907_03032,6,0,0,,,triagem/nome-caixa-conversao 1.0.0,3,ok
089842,per089842_1907_03032,7,0,0,,,triagem/nome-caixa-conversao 1.0.0,3,ok
089842,per089842_1907_03032,8,0,0,,,triagem/nome-caixa-conversao 1.0.0,3,ok
089842,per089842_1907_03033,1,1,1,caixa de conver,14302,triagem/nome-caixa-conversao 1.0.0,3,ok
089842,per089842_1907_03033,2,0,0,,,triagem/nome-caixa-conversao 1.0.0,3,ok
089842,per089842_1907_03033,3,0,0,,,triagem/nome-caixa-conversao 1.0.0,3,ok
089842,per089842_1907_03033,4,0,0,,,triagem/nome-caixa-conversao 1.0.0,3,ok
089842,per089842_1907_03033,5,0,0,,,triagem/nome-caixa-conversao 1.0.0,3,ok
089842,per089842_1907_03033,6,0,0,,,triagem/nome-caixa-conversao 1.0.0,3,ok
089842,per089842_1907_03033,7,0,0,,,triagem/nome-caixa-conversao 1.0.0,3,ok
089842,per089842_1907_03033,8,0,0,,,triagem/nome-caixa-conversao 1.0.0,3,ok
089842,per089842_1907_03034,1,0,0,,,triagem/nome-caixa-conversao 1.0.0,3,ok
089842,per089842_1907_03034,2,0,0,,,triagem/nome-caixa-conversao 1.0.0,3,ok
089842,per089842_1907_03034,3,0,0,,,triagem/nome-caixa-conversao 1.0.0,3,ok
089842,per089842_1907_03034,4,0,0,,,triagem/nome-caixa-conversao 1.0.0,3,ok
089842,per089842_1907_03034,5,0,0,,,triagem/nome-caixa-conversao 1.0.0,3,ok
089842,per089842_1907_03034,6,0,0,,,triagem/nome-caixa-conversao 1.0.0,3,ok
089842,per089842_1907_03034,7,0,0,,,triagem/nome-caixa-conversao 1.0.0,3,ok
089842,per089842_1907_03034,8,0,0,,,triagem/nome-caixa-conversao 1.0.0,3,ok
089842,per089842_1907_03035,1,0,0,,,triagem/nome-caixa-conversao 1.0.0,3,ok
089842,per089842_1907_03035,2,1,2,caixa de conver,9593,triagem/nome-caixa-conversao 1.0.0,3,ok
089842,per089842_1907_03035,3,0,0,,,triagem/nome-caixa-conversao 1.0.0,3,ok
089842,per089842_1907_03035,4,0,0,,,triagem/nome-caixa-conversao 1.0.0,3,ok
089842,per089842_1907_03035,5,0,0,,,triagem/nome-caixa-conversao 1.0.0,3,ok
089842,per089842_1907_03035,6,0,0,,,triagem/nome-caixa-conversao 1.0.0,3,ok
089842,per089842_1907_03035,7,0,0,,,triagem/nome-caixa-conversao 1.0.0,3,ok
089842,per089842_1907_03035,8,0,0,,,triagem/nome-caixa-conversao 1.0.0,3,ok
089842,per089842_1907_03036,1,0,0,,,triagem/nome-caixa-conversao 1.0.0,3,ok
089842,per089842_1907_03036,2,0,0,,,triagem/nome-caixa-conversao 1.0.0,3,ok
089842,per089842_1907_03036,3,0,0,,,triagem/nome-caixa-conversao 1.0.0,3,ok
089842,per089842_1907_03036,4,0,0,,,triagem/nome-caixa-conversao 1.0.0,3,ok
089842,per089842_1907_03036,5,0,0,,,triagem/nome-caixa-conversao 1.0.0,3,ok
089842,per089842_1907_03036,6,0,0,,,triagem/nome-caixa-conversao 1.0.0,3,ok
089842,per089842_1907_03036,7,0,0,,,triagem/nome-caixa-conversao 1.0.0,3,ok
089842,per089842_1907_03036,8,0,0,,,triagem/nome-caixa-conversao 1.0.0,3,ok
089842,per089842_1907_03036,9,0,0,,,triagem/nome-caixa-conversao 1.0.0,3,ok
089842,per089842_1907_03036,10,0,0,,,triagem/nome-caixa-conversao 1.0.0,3,ok
089842,per089842_1907_03036,11,0,0,,,triagem/nome-caixa-conversao 1.0.0,3,ok
089842,per089842_1907_03036,12,0,0,,,triagem/nome-caixa-conversao 1.0.0,3,ok
089842,per089842_1907_03036,13,0,0,,,triagem/nome-caixa-conversao 1.0.0,3,ok
089842,per089842_1907_03036,14,0,0,,,triagem/nome-caixa-conversao 1.0.0,3,ok
089842,per089842_1907_03037,1,0,0,,,triagem/nome-caixa-conversao 1.0.0,3,ok
089842,per089842_1907_03037,2,0,0,,,triagem/nome-caixa-conversao 1.0.0,3,ok
089842,per089842_1907_03037,3,0,0,,,triagem/nome-caixa-conversao 1.0.0,3,ok
089842,per089842_1907_03037,4,0,0,,,triagem/nome-caixa-conversao 1.0.0,3,ok
089842,per089842_1907_03037,5,0,0,,,triagem/nome-caixa-conversao 1.0.0,3,ok
089842,per089842_1907_03037,6,0,0,,,triagem/nome-caixa-conversao 1.0.0,3,ok
089842,per089842_1907_03038,1,0,0,,,triagem/nome-caixa-conversao 1.0.0,3,ok
089842,per089842_1907_03038,2,0,0,,,triagem/nome-caixa-conversao 1.0.0,3,ok
089842,per089842_1907_03038,3,0,0,,,triagem/nome-caixa-conversao 1.0.0,3,ok
089842,per089842_1907_03038,4,0,0,,,triagem/nome-caixa-conversao 1.0.0,3,ok
089842,per089842_1907_03038,5,0,0,,,triagem/nome-caixa-conversao 1.0.0,3,ok
089842,per089842_1907_03038,6,0,0,,,triagem/nome-caixa-conversao 1.0.0,3,ok
089842,per089842_1907_03038,7,0,0,,,triagem/nome-caixa-conversao 1.0.0,3,ok
089842,per089842_1907_03038,8,0,0,,,triagem/nome-caixa-conversao 1.0.0,3,ok
089842,per089842_1907_03039,1,1,1,caixa de conver,22794,triagem/nome-caixa-conversao 1.0.0,3,ok
089842,per089842_1907_03039,2,0,0,,,triagem/nome-caixa-conversao 1.0.0,3,ok
089842,per089842_1907_03039,3,0,0,,,triagem/nome-caixa-conversao 1.0.0,3,ok
089842,per089842_1907_03039,4,0,0,,,triagem/nome-caixa-conversao 1.0.0,3,ok
089842,per089842_1907_03039,5,0,0,,,triagem/nome-caixa-conversao 1.0.0,3,ok
089842,per089842_1907_03039,6,0,0,,,triagem/nome-caixa-conversao 1.0.0,3,ok
089842,per089842_1907_03039,7,0,0,,,triagem/nome-caixa-conversao 1.0.0,3,ok
089842,per089842_1907_03039,8,0,0,,,triagem/nome-caixa-conversao 1.0.0,3,ok
089842,per089842_1907_03040,1,0,0,,,triagem/nome-caixa-conversao 1.0.0,3,ok
089842,per089842_1907_03040,2,0,0,,,triagem/nome-caixa-conversao 1.0.0,3,ok
089842,per089842_1907_03040,3,0,0,,,triagem/nome-caixa-conversao 1.0.0,3,ok
089842,per089842_1907_03040,4,0,0,,,triagem/nome-caixa-conversao 1.0.0,3,ok
089842,per089842_1907_03040,5,0,0,,,triagem/nome-caixa-conversao 1.0.0,3,ok
089842,per089842_1907_03040,6,0,0,,,triagem/nome-caixa-conversao 1.0.0,3,ok
089842,per089842_1907_03040,7,0,0,,,triagem/nome-caixa-conversao 1.0.0,3,ok
089842,per089842_1907_03040,8,0,0,,,triagem/nome-caixa-conversao 1.0.0,3,ok
089842,per089842_1907_03041,1,1,1,caixa de conver,26123,triagem/nome-caixa-conversao 1.0.0,3,ok
089842,per089842_1907_03041,2,0,0,,,triagem/nome-caixa-conversao 1.0.0,3,ok
089842,per089842_1907_03041,3,0,0,,,triagem/nome-caixa-conversao 1.0.0,3,ok
089842,per089842_1907_03041,4,0,0,,,triagem/nome-caixa-conversao 1.0.0,3,ok
089842,per089842_1907_03041,5,0,0,,,triagem/nome-caixa-conversao 1.0.0,3,ok
089842,per089842_1907_03041,6,0,0,,,triagem/nome-caixa-conversao 1.0.0,3,ok
089842,per089842_1907_03041,7,0,0,,,triagem/nome-caixa-conversao 1.0.0,3,ok
089842,per089842_1907_03041,8,0,0,,,triagem/nome-caixa-conversao 1.0.0,3,ok
089842,per089842_1907_03042,1,1,1,caixa de conver,5793,triagem/nome-caixa-conversao 1.0.0,3,ok
089842,per089842_1907_03042,2,0,0,,,triagem/nome-caixa-conversao 1.0.0,3,ok
089842,per089842_1907_03042,3,0,0,,,triagem/nome-caixa-conversao 1.0.0,3,ok
089842,per089842_1907_03042,4,0,0,,,triagem/nome-caixa-conversao 1.0.0,3,ok
089842,per089842_1907_03042,5,0,0,,,triagem/nome-caixa-conversao 1.0.0,3,ok
089842,per089842_1907_03042,6,0,0,,,triagem/nome-caixa-conversao 1.0.0,3,ok
089842,per089842_1907_03042,7,0,0,,,triagem/nome-caixa-conversao 1.0.0,3,ok
089842,per089842_1907_03042,8,0,0,,,triagem/nome-caixa-conversao 1.0.0,3,ok
089842,per089842_1907_03043,1,0,0,,,triagem/nome-caixa-conversao 1.0.0,3,ok
089842,per089842_1907_03043,2,0,0,,,triagem/nome-caixa-conversao 1.0.0,3,ok
089842,per089842_1907_03043,3,0,0,,,triagem/nome-caixa-conversao 1.0.0,3,ok
089842,per089842_1907_03043,4,0,0,,,triagem/nome-caixa-conversao 1.0.0,3,ok
089842,per089842_1907_03043,5,0,0,,,triagem/nome-caixa-conversao 1.0.0,3,ok
089842,per089842_1907_03043,6,0,0,,,triagem/nome-caixa-conversao 1.0.0,3,ok
089842,per089842_1907_03043,7,0,0,,,triagem/nome-caixa-conversao 1.0.0,3,ok
089842,per089842_1907_03043,8,1,1,caixa do conver,22040,triagem/nome-caixa-conversao 1.0.0,3,ok
089842,per089842_1907_03043,9,0,0,,,triagem/nome-caixa-conversao 1.0.0,3,ok
089842,per089842_1907_03043,10,0,0,,,triagem/nome-caixa-conversao 1.0.0,3,ok
089842,per089842_1907_03043,11,0,0,,,triagem/nome-caixa-conversao 1.0.0,3,ok
089842,per089842_1907_03043,12,0,0,,,triagem/nome-caixa-conversao 1.0.0,3,ok
089842,per089842_1907_03043,13,0,0,,,triagem/nome-caixa-conversao 1.0.0,3,ok
089842,per089842_1907_03043,14,0,0,,,triagem/nome-caixa-conversao 1.0.0,3,ok
089842,per089842_1907_03044,1,0,0,,,triagem/nome-caixa-conversao 1.0.0,3,ok
089842,per089842_1907_03044,2,0,0,,,triagem/nome-caixa-conversao 1.0.0,3,ok
089842,per089842_1907_03044,3,0,0,,,triagem/nome-caixa-conversao 1.0.0,3,ok
089842,per089842_1907_03044,4,0,0,,,triagem/nome-caixa-conversao 1.0.0,3,ok
089842,per089842_1907_03044,5,0,0,,,triagem/nome-caixa-conversao 1.0.0,3,ok
089842,per089842_1907_03044,6,0,0,,,triagem/nome-caixa-conversao 1.0.0,3,ok
089842,per089842_1907_03045,1,0,0,,,triagem/nome-caixa-conversao 1.0.0,3,ok
089842,per089842_1907_03045,2,0,0,,,triagem/nome-caixa-conversao 1.0.0,3,ok
089842,per089842_1907_03045,3,0,0,,,triagem/nome-caixa-conversao 1.0.0,3,ok
089842,per089842_1907_03045,4,0,0,,,triagem/nome-caixa-conversao 1.0.0,3,ok
089842,per089842_1907_03045,5,0,0,,,triagem/nome-caixa-conversao 1.0.0,3,ok
089842,per089842_1907_03045,6,0,0,,,triagem/nome-caixa-conversao 1.0.0,3,ok
089842,per089842_1907_03045,7,0,0,,,triagem/nome-caixa-conversao 1.0.0,3,ok
089842,per089842_1907_03045,8,0,0,,,triagem/nome-caixa-conversao 1.0.0,3,ok
089842,per089842_1907_03046,1,0,0,,,triagem/nome-caixa-conversao 1.0.0,3,ok
089842,per089842_1907_03046,2,0,0,,,triagem/nome-caixa-conversao 1.0.0,3,ok
089842,per089842_1907_03046,3,0,0,,,triagem/nome-caixa-conversao 1.0.0,3,ok
089842,per089842_1907_03046,4,0,0,,,triagem/nome-caixa-conversao 1.0.0,3,ok
089842,per089842_1907_03046,5,0,0,,,triagem/nome-caixa-conversao 1.0.0,3,ok
089842,per089842_1907_03046,6,0,0,,,triagem/nome-caixa-conversao 1.0.0,3,ok
089842,per089842_1907_03046,7,0,0,,,triagem/nome-caixa-conversao 1.0.0,3,ok
089842,per089842_1907_03046,8,0,0,,,triagem/nome-caixa-conversao 1.0.0,3,ok
089842,per089842_1907_03047,1,0,0,,,triagem/nome-caixa-conversao 1.0.0,3,ok
089842,per089842_1907_03047,2,0,0,,,triagem/nome-caixa-conversao 1.0.0,3,ok
089842,per089842_1907_03047,3,0,0,,,triagem/nome-caixa-conversao 1.0.0,3,ok
089842,per089842_1907_03047,4,0,0,,,triagem/nome-caixa-conversao 1.0.0,3,ok
089842,per089842_1907_03047,5,0,0,,,triagem/nome-caixa-conversao 1.0.0,3,ok
089842,per089842_1907_03047,6,0,0,,,triagem/nome-caixa-conversao 1.0.0,3,ok
089842,per089842_1907_03047,7,0,0,,,triagem/nome-caixa-conversao 1.0.0,3,ok
089842,per089842_1907_03047,8,0,0,,,triagem/nome-caixa-conversao 1.0.0,3,ok
089842,per089842_1907_03048,1,0,0,,,triagem/nome-caixa-conversao 1.0.0,3,ok
089842,per089842_1907_03048,2,0,0,,,triagem/nome-caixa-conversao 1.0.0,3,ok
089842,per089842_1907_03048,3,0,0,,,triagem/nome-caixa-conversao 1.0.0,3,ok
089842,per089842_1907_03048,4,0,0,,,triagem/nome-caixa-conversao 1.0.0,3,ok
089842,per089842_1907_03048,5,0,0,,,triagem/nome-caixa-conversao 1.0.0,3,ok
089842,per089842_1907_03048,6,0,0,,,triagem/nome-caixa-conversao 1.0.0,3,ok
089842,per089842_1907_03049,1,0,0,,,triagem/nome-caixa-conversao 1.0.0,3,ok
089842,per089842_1907_03049,2,0,0,,,triagem/nome-caixa-conversao 1.0.0,3,ok
089842,per089842_1907_03049,3,0,0,,,triagem/nome-caixa-conversao 1.0.0,3,ok
089842,per089842_1907_03049,4,0,0,,,triagem/nome-caixa-conversao 1.0.0,3,ok
089842,per089842_1907_03049,5,0,0,,,triagem/nome-caixa-conversao 1.0.0,3,ok
089842,per089842_1907_03049,6,0,0,,,triagem/nome-caixa-conversao 1.0.0,3,ok
089842,per089842_1907_03049,7,0,0,,,triagem/nome-caixa-conversao 1.0.0,3,ok
089842,per089842_1907_03049,8,0,0,,,triagem/nome-caixa-conversao 1.0.0,3,ok
089842,per089842_1907_03050,1,0,0,,,triagem/nome-caixa-conversao 1.0.0,3,ok
089842,per089842_1907_03050,2,0,0,,,triagem/nome-caixa-conversao 1.0.0,3,ok
089842,per089842_1907_03050,3,0,0,,,triagem/nome-caixa-conversao 1.0.0,3,ok
089842,per089842_1907_03050,4,0,0,,,triagem/nome-caixa-conversao 1.0.0,3,ok
089842,per089842_1907_03050,5,0,0,,,triagem/nome-caixa-conversao 1.0.0,3,ok
089842,per089842_1907_03050,6,0,0,,,triagem/nome-caixa-conversao 1.0.0,3,ok
089842,per089842_1907_03050,7,0,0,,,triagem/nome-caixa-conversao 1.0.0,3,ok
089842,per089842_1907_03050,8,0,0,,,triagem/nome-caixa-conversao 1.0.0,3,ok
089842,per089842_1907_03050,9,0,0,,,triagem/nome-caixa-conversao 1.0.0,3,ok
089842,per089842_1907_03050,10,0,0,,,triagem/nome-caixa-conversao 1.0.0,3,ok
089842,per089842_1907_03050,11,0,0,,,triagem/nome-caixa-conversao 1.0.0,3,ok
089842,per089842_1907_03050,12,0,0,,,triagem/nome-caixa-conversao 1.0.0,3,ok
089842,per089842_1907_03050,13,0,0,,,triagem/nome-caixa-conversao 1.0.0,3,ok
089842,per089842_1907_03050,14,0,0,,,triagem/nome-caixa-conversao 1.0.0,3,ok
089842,per089842_1907_03051,1,0,0,,,triagem/nome-caixa-conversao 1.0.0,3,ok
089842,per089842_1907_03051,2,0,0,,,triagem/nome-caixa-conversao 1.0.0,3,ok
089842,per089842_1907_03051,3,0,0,,,triagem/nome-caixa-conversao 1.0.0,3,ok
089842,per089842_1907_03051,4,0,0,,,triagem/nome-caixa-conversao 1.0.0,3,ok
089842,per089842_1907_03051,5,0,0,,,triagem/nome-caixa-conversao 1.0.0,3,ok
089842,per089842_1907_03051,6,0,0,,,triagem/nome-caixa-conversao 1.0.0,3,ok
089842,per089842_1907_03052,1,1,1,caixa de conver,18755,triagem/nome-caixa-conversao 1.0.0,3,ok
089842,per089842_1907_03052,2,0,0,,,triagem/nome-caixa-conversao 1.0.0,3,ok
089842,per089842_1907_03052,3,0,0,,,triagem/nome-caixa-conversao 1.0.0,3,ok
089842,per089842_1907_03052,4,0,0,,,triagem/nome-caixa-conversao 1.0.0,3,ok
089842,per089842_1907_03052,5,0,0,,,triagem/nome-caixa-conversao 1.0.0,3,ok
089842,per089842_1907_03052,6,0,0,,,triagem/nome-caixa-conversao 1.0.0,3,ok
089842,per089842_1907_03052,7,0,0,,,triagem/nome-caixa-conversao 1.0.0,3,ok
089842,per089842_1907_03052,8,0,0,,,triagem/nome-caixa-conversao 1.0.0,3,ok
089842,per089842_1907_03053,1,1,1,caixa de conver,36651,triagem/nome-caixa-conversao 1.0.0,3,ok
089842,per089842_1907_03053,2,0,0,,,triagem/nome-caixa-conversao 1.0.0,3,ok
089842,per089842_1907_03053,3,0,0,,,triagem/nome-caixa-conversao 1.0.0,3,ok
089842,per089842_1907_03053,4,0,0,,,triagem/nome-caixa-conversao 1.0.0,3,ok
089842,per089842_1907_03053,5,0,0,,,triagem/nome-caixa-conversao 1.0.0,3,ok
089842,per089842_1907_03053,6,0,0,,,triagem/nome-caixa-conversao 1.0.0,3,ok
089842,per089842_1907_03053,7,0,0,,,triagem/nome-caixa-conversao 1.0.0,3,ok
089842,per089842_1907_03053,8,0,0,,,triagem/nome-caixa-conversao 1.0.0,3,ok
089842,per089842_1907_03054,1,1,1,caixa de conver,18302,triagem/nome-caixa-conversao 1.0.0,3,ok
089842,per089842_1907_03054,2,0,0,,,triagem/nome-caixa-conversao 1.0.0,3,ok
089842,per089842_1907_03054,3,0,0,,,triagem/nome-caixa-conversao 1.0.0,3,ok
089842,per089842_1907_03054,4,0,0,,,triagem/nome-caixa-conversao 1.0.0,3,ok
089842,per089842_1907_03054,5,0,0,,,triagem/nome-caixa-conversao 1.0.0,3,ok
089842,per089842_1907_03054,6,0,0,,,triagem/nome-caixa-conversao 1.0.0,3,ok
089842,per089842_1907_03054,7,0,0,,,triagem/nome-caixa-conversao 1.0.0,3,ok
089842,per089842_1907_03054,8,0,0,,,triagem/nome-caixa-conversao 1.0.0,3,ok
089842,per089842_1907_03055,1,0,0,,,triagem/nome-caixa-conversao 1.0.0,3,ok
089842,per089842_1907_03055,2,0,0,,,triagem/nome-caixa-conversao 1.0.0,3,ok
089842,per089842_1907_03055,3,0,0,,,triagem/nome-caixa-conversao 1.0.0,3,ok
089842,per089842_1907_03055,4,0,0,,,triagem/nome-caixa-conversao 1.0.0,3,ok
089842,per089842_1907_03055,5,0,0,,,triagem/nome-caixa-conversao 1.0.0,3,ok
089842,per089842_1907_03055,6,0,0,,,triagem/nome-caixa-conversao 1.0.0,3,ok
089842,per089842_1907_03055,7,0,0,,,triagem/nome-caixa-conversao 1.0.0,3,ok
089842,per089842_1907_03055,8,0,0,,,triagem/nome-caixa-conversao 1.0.0,3,ok
089842,per089842_1907_03056,1,0,0,,,triagem/nome-caixa-conversao 1.0.0,3,ok
089842,per089842_1907_03056,2,0,0,,,triagem/nome-caixa-conversao 1.0.0,3,ok
089842,per089842_1907_03056,3,0,0,,,triagem/nome-caixa-conversao 1.0.0,3,ok
089842,per089842_1907_03056,4,0,0,,,triagem/nome-caixa-conversao 1.0.0,3,ok
089842,per089842_1907_03056,5,0,0,,,triagem/nome-caixa-conversao 1.0.0,3,ok
089842,per089842_1907_03056,6,0,0,,,triagem/nome-caixa-conversao 1.0.0,3,ok
089842,per089842_1907_03056,7,0,0,,,triagem/nome-caixa-conversao 1.0.0,3,ok
089842,per089842_1907_03056,8,0,0,,,triagem/nome-caixa-conversao 1.0.0,3,ok
089842,per089842_1907_03057,1,0,0,,,triagem/nome-caixa-conversao 1.0.0,3,ok
089842,per089842_1907_03057,2,0,0,,,triagem/nome-caixa-conversao 1.0.0,3,ok
089842,per089842_1907_03057,3,0,0,,,triagem/nome-caixa-conversao 1.0.0,3,ok
089842,per089842_1907_03057,4,0,0,,,triagem/nome-caixa-conversao 1.0.0,3,ok
089842,per089842_1907_03057,5,1,1,caixa de conver,13601,triagem/nome-caixa-conversao 1.0.0,3,ok
089842,per089842_1907_03057,6,0,0,,,triagem/nome-caixa-conversao 1.0.0,3,ok
089842,per089842_1907_03057,7,0,0,,,triagem/nome-caixa-conversao 1.0.0,3,ok
089842,per089842_1907_03057,8,0,0,,,triagem/nome-caixa-conversao 1.0.0,3,ok
089842,per089842_1907_03057,9,0,0,,,triagem/nome-caixa-conversao 1.0.0,3,ok
089842,per089842_1907_03057,10,0,0,,,triagem/nome-caixa-conversao 1.0.0,3,ok
089842,per089842_1907_03057,11,0,0,,,triagem/nome-caixa-conversao 1.0.0,3,ok
089842,per089842_1907_03057,12,0,0,,,triagem/nome-caixa-conversao 1.0.0,3,ok
089842,per089842_1907_03058,1,0,0,,,triagem/nome-caixa-conversao 1.0.0,3,ok
089842,per089842_1907_03058,2,0,0,,,triagem/nome-caixa-conversao 1.0.0,3,ok
089842,per089842_1907_03058,3,0,0,,,triagem/nome-caixa-conversao 1.0.0,3,ok
089842,per089842_1907_03058,4,0,0,,,triagem/nome-caixa-conversao 1.0.0,3,ok
089842,per089842_1907_03058,5,0,0,,,triagem/nome-caixa-conversao 1.0.0,3,ok
089842,per089842_1907_03058,6,0,0,,,triagem/nome-caixa-conversao 1.0.0,3,ok
089842,per089842_1907_03059,1,0,0,,,triagem/nome-caixa-conversao 1.0.0,3,ok
089842,per089842_1907_03059,2,0,0,,,triagem/nome-caixa-conversao 1.0.0,3,ok
089842,per089842_1907_03059,3,0,0,,,triagem/nome-caixa-conversao 1.0.0,3,ok
089842,per089842_1907_03059,4,0,0,,,triagem/nome-caixa-conversao 1.0.0,3,ok
089842,per089842_1907_03059,5,0,0,,,triagem/nome-caixa-conversao 1.0.0,3,ok
089842,per089842_1907_03059,6,0,0,,,triagem/nome-caixa-conversao 1.0.0,3,ok
089842,per089842_1907_03059,7,0,0,,,triagem/nome-caixa-conversao 1.0.0,3,ok
089842,per089842_1907_03059,8,0,0,,,triagem/nome-caixa-conversao 1.0.0,3,ok
089842,per089842_1907_03060,1,1,2,caixa de conver,8657,triagem/nome-caixa-conversao 1.0.0,3,ok
089842,per089842_1907_03060,2,0,0,,,triagem/nome-caixa-conversao 1.0.0,3,ok
089842,per089842_1907_03060,3,0,0,,,triagem/nome-caixa-conversao 1.0.0,3,ok
089842,per089842_1907_03060,4,0,0,,,triagem/nome-caixa-conversao 1.0.0,3,ok
089842,per089842_1907_03060,5,0,0,,,triagem/nome-caixa-conversao 1.0.0,3,ok
089842,per089842_1907_03060,6,0,0,,,triagem/nome-caixa-conversao 1.0.0,3,ok
089842,per089842_1907_03060,7,0,0,,,triagem/nome-caixa-conversao 1.0.0,3,ok
089842,per089842_1907_03060,8,0,0,,,triagem/nome-caixa-conversao 1.0.0,3,ok
089842,per089842_1907_03061,1,0,0,,,triagem/nome-caixa-conversao 1.0.0,3,ok
089842,per089842_1907_03061,2,0,0,,,triagem/nome-caixa-conversao 1.0.0,3,ok
089842,per089842_1907_03061,3,0,0,,,triagem/nome-caixa-conversao 1.0.0,3,ok
089842,per089842_1907_03061,4,0,0,,,triagem/nome-caixa-conversao 1.0.0,3,ok
089842,per089842_1907_03061,5,0,0,,,triagem/nome-caixa-conversao 1.0.0,3,ok
089842,per089842_1907_03061,6,0,0,,,triagem/nome-caixa-conversao 1.0.0,3,ok
089842,per089842_1907_03061,7,0,0,,,triagem/nome-caixa-conversao 1.0.0,3,ok
089842,per089842_1907_03061,8,0,0,,,triagem/nome-caixa-conversao 1.0.0,3,ok
089842,per089842_1907_03062,1,0,0,,,triagem/nome-caixa-conversao 1.0.0,3,ok
089842,per089842_1907_03062,2,1,1,caixa do conver,19651,triagem/nome-caixa-conversao 1.0.0,3,ok
089842,per089842_1907_03062,3,0,0,,,triagem/nome-caixa-conversao 1.0.0,3,ok
089842,per089842_1907_03062,4,0,0,,,triagem/nome-caixa-conversao 1.0.0,3,ok
089842,per089842_1907_03062,5,0,0,,,triagem/nome-caixa-conversao 1.0.0,3,ok
089842,per089842_1907_03062,6,0,0,,,triagem/nome-caixa-conversao 1.0.0,3,ok
089842,per089842_1907_03063,1,0,0,,,triagem/nome-caixa-conversao 1.0.0,3,ok
089842,per089842_1907_03063,2,0,0,,,triagem/nome-caixa-conversao 1.0.0,3,ok
089842,per089842_1907_03063,3,0,0,,,triagem/nome-caixa-conversao 1.0.0,3,ok
089842,per089842_1907_03063,4,0,0,,,triagem/nome-caixa-conversao 1.0.0,3,ok
089842,per089842_1907_03063,5,0,0,,,triagem/nome-caixa-conversao 1.0.0,3,ok
089842,per089842_1907_03063,6,0,0,,,triagem/nome-caixa-conversao 1.0.0,3,ok
089842,per089842_1907_03063,7,0,0,,,triagem/nome-caixa-conversao 1.0.0,3,ok
089842,per089842_1907_03063,8,0,0,,,triagem/nome-caixa-conversao 1.0.0,3,ok
089842,per089842_1907_03063,9,0,0,,,triagem/nome-caixa-conversao 1.0.0,3,ok
089842,per089842_1907_03063,10,0,0,,,triagem/nome-caixa-conversao 1.0.0,3,ok
089842,per089842_1907_03063,11,0,0,,,triagem/nome-caixa-conversao 1.0.0,3,ok
089842,per089842_1907_03063,12,0,0,,,triagem/nome-caixa-conversao 1.0.0,3,ok
089842,per089842_1907_03063,13,0,0,,,triagem/nome-caixa-conversao 1.0.0,3,ok
089842,per089842_1907_03063,14,0,0,,,triagem/nome-caixa-conversao 1.0.0,3,ok
089842,per089842_1907_03063,15,0,0,,,triagem/nome-caixa-conversao 1.0.0,3,ok
089842,per089842_1907_03063,16,0,0,,,triagem/nome-caixa-conversao 1.0.0,3,ok
089842,per089842_1907_03063,17,0,0,,,triagem/nome-caixa-conversao 1.0.0,3,ok
089842,per089842_1907_03063,18,0,0,,,triagem/nome-caixa-conversao 1.0.0,3,ok
089842,per089842_1907_03063,19,0,0,,,triagem/nome-caixa-conversao 1.0.0,3,ok
089842,per089842_1907_03063,20,0,0,,,triagem/nome-caixa-conversao 1.0.0,3,ok
089842,per089842_1907_03063,21,0,0,,,triagem/nome-caixa-conversao 1.0.0,3,ok
089842,per089842_1907_03063,22,0,0,,,triagem/nome-caixa-conversao 1.0.0,3,ok
089842,per089842_1907_03063,23,0,0,,,triagem/nome-caixa-conversao 1.0.0,3,ok
089842,per089842_1907_03063,24,0,0,,,triagem/nome-caixa-conversao 1.0.0,3,ok
089842,per089842_1907_03063,25,0,0,,,triagem/nome-caixa-conversao 1.0.0,3,ok
089842,per089842_1907_03063,26,0,0,,,triagem/nome-caixa-conversao 1.0.0,3,ok
089842,per089842_1907_03063,27,0,0,,,triagem/nome-caixa-conversao 1.0.0,3,ok
089842,per089842_1907_03063,28,0,0,,,triagem/nome-caixa-conversao 1.0.0,3,ok
089842,per089842_1907_03063,29,0,0,,,triagem/nome-caixa-conversao 1.0.0,3,ok
089842,per089842_1907_03063,30,0,0,,,triagem/nome-caixa-conversao 1.0.0,3,ok
089842,per089842_1907_03063,31,0,0,,,triagem/nome-caixa-conversao 1.0.0,3,ok
089842,per089842_1907_03064,1,0,0,,,triagem/nome-caixa-conversao 1.0.0,3,ok
089842,per089842_1907_03064,2,0,0,,,triagem/nome-caixa-conversao 1.0.0,3,ok
089842,per089842_1907_03064,3,0,0,,,triagem/nome-caixa-conversao 1.0.0,3,ok
089842,per089842_1907_03064,4,0,0,,,triagem/nome-caixa-conversao 1.0.0,3,ok
089842,per089842_1907_03064,5,0,0,,,triagem/nome-caixa-conversao 1.0.0,3,ok
089842,per089842_1907_03064,6,0,0,,,triagem/nome-caixa-conversao 1.0.0,3,ok
089842,per089842_1907_03064,7,0,0,,,triagem/nome-caixa-conversao 1.0.0,3,ok
089842,per089842_1907_03064,8,0,0,,,triagem/nome-caixa-conversao 1.0.0,3,ok
089842,per089842_1907_03064,9,0,0,,,triagem/nome-caixa-conversao 1.0.0,3,ok
089842,per089842_1907_03064,10,0,0,,,triagem/nome-caixa-conversao 1.0.0,3,ok
089842,per089842_1907_03064,11,0,0,,,triagem/nome-caixa-conversao 1.0.0,3,ok
089842,per089842_1907_03065,1,0,0,,,triagem/nome-caixa-conversao 1.0.0,3,ok
089842,per089842_1907_03065,2,0,0,,,triagem/nome-caixa-conversao 1.0.0,3,ok
089842,per089842_1907_03065,3,0,0,,,triagem/nome-caixa-conversao 1.0.0,3,ok
089842,per089842_1907_03065,4,0,0,,,triagem/nome-caixa-conversao 1.0.0,3,ok
089842,per089842_1907_03065,5,0,0,,,triagem/nome-caixa-conversao 1.0.0,3,ok
089842,per089842_1907_03065,6,0,0,,,triagem/nome-caixa-conversao 1.0.0,3,ok
089842,per089842_1907_03066,1,1,1,caixa deconver,11539,triagem/nome-caixa-conversao 1.0.0,3,ok
089842,per089842_1907_03066,2,0,0,,,triagem/nome-caixa-conversao 1.0.0,3,ok
089842,per089842_1907_03066,3,0,0,,,triagem/nome-caixa-conversao 1.0.0,3,ok
089842,per089842_1907_03066,4,0,0,,,triagem/nome-caixa-conversao 1.0.0,3,ok
089842,per089842_1907_03066,5,0,0,,,triagem/nome-caixa-conversao 1.0.0,3,ok
089842,per089842_1907_03066,6,0,0,,,triagem/nome-caixa-conversao 1.0.0,3,ok
089842,per089842_1907_03066,7,0,0,,,triagem/nome-caixa-conversao 1.0.0,3,ok
089842,per089842_1907_03066,8,0,0,,,triagem/nome-caixa-conversao 1.0.0,3,ok
089842,per089842_1907_03067,1,0,0,,,triagem/nome-caixa-conversao 1.0.0,3,ok
089842,per089842_1907_03067,2,0,0,,,triagem/nome-caixa-conversao 1.0.0,3,ok
089842,per089842_1907_03067,3,0,0,,,triagem/nome-caixa-conversao 1.0.0,3,ok
089842,per089842_1907_03067,4,0,0,,,triagem/nome-caixa-conversao 1.0.0,3,ok
089842,per089842_1907_03067,5,0,0,,,triagem/nome-caixa-conversao 1.0.0,3,ok
089842,per089842_1907_03067,6,0,0,,,triagem/nome-caixa-conversao 1.0.0,3,ok
089842,per089842_1907_03067,7,0,0,,,triagem/nome-caixa-conversao 1.0.0,3,ok
089842,per089842_1907_03067,8,0,0,,,triagem/nome-caixa-conversao 1.0.0,3,ok
089842,per089842_1907_03068,1,0,0,,,triagem/nome-caixa-conversao 1.0.0,3,ok
089842,per089842_1907_03068,2,0,0,,,triagem/nome-caixa-conversao 1.0.0,3,ok
089842,per089842_1907_03068,3,0,0,,,triagem/nome-caixa-conversao 1.0.0,3,ok
089842,per089842_1907_03068,4,0,0,,,triagem/nome-caixa-conversao 1.0.0,3,ok
089842,per089842_1907_03068,5,0,0,,,triagem/nome-caixa-conversao 1.0.0,3,ok
089842,per089842_1907_03068,6,0,0,,,triagem/nome-caixa-conversao 1.0.0,3,ok
089842,per089842_1907_03069,1,0,0,,,triagem/nome-caixa-conversao 1.0.0,3,ok
089842,per089842_1907_03069,2,0,0,,,triagem/nome-caixa-conversao 1.0.0,3,ok
089842,per089842_1907_03069,3,0,0,,,triagem/nome-caixa-conversao 1.0.0,3,ok
089842,per089842_1907_03069,4,1,1,caixa da conver,54498,triagem/nome-caixa-conversao 1.0.0,3,ok
089842,per089842_1907_03069,5,0,0,,,triagem/nome-caixa-conversao 1.0.0,3,ok
089842,per089842_1907_03069,6,0,0,,,triagem/nome-caixa-conversao 1.0.0,3,ok
089842,per089842_1907_03069,7,0,0,,,triagem/nome-caixa-conversao 1.0.0,3,ok
089842,per089842_1907_03069,8,0,0,,,triagem/nome-caixa-conversao 1.0.0,3,ok
089842,per089842_1907_03070,1,1,1,caixade conver,20078,triagem/nome-caixa-conversao 1.0.0,3,ok
089842,per089842_1907_03070,2,0,0,,,triagem/nome-caixa-conversao 1.0.0,3,ok
089842,per089842_1907_03070,3,0,0,,,triagem/nome-caixa-conversao 1.0.0,3,ok
089842,per089842_1907_03070,4,0,0,,,triagem/nome-caixa-conversao 1.0.0,3,ok
089842,per089842_1907_03070,5,0,0,,,triagem/nome-caixa-conversao 1.0.0,3,ok
089842,per089842_1907_03070,6,0,0,,,triagem/nome-caixa-conversao 1.0.0,3,ok
089842,per089842_1907_03070,7,0,0,,,triagem/nome-caixa-conversao 1.0.0,3,ok
089842,per089842_1907_03070,8,0,0,,,triagem/nome-caixa-conversao 1.0.0,3,ok
089842,per089842_1907_03071,1,0,0,,,triagem/nome-caixa-conversao 1.0.0,3,ok
089842,per089842_1907_03071,2,0,0,,,triagem/nome-caixa-conversao 1.0.0,3,ok
089842,per089842_1907_03071,3,0,0,,,triagem/nome-caixa-conversao 1.0.0,3,ok
089842,per089842_1907_03071,4,0,0,,,triagem/nome-caixa-conversao 1.0.0,3,ok
089842,per089842_1907_03071,5,0,0,,,triagem/nome-caixa-conversao 1.0.0,3,ok
089842,per089842_1907_03071,6,0,0,,,triagem/nome-caixa-conversao 1.0.0,3,ok
089842,per089842_1907_03071,7,0,0,,,triagem/nome-caixa-conversao 1.0.0,3,ok
089842,per089842_1907_03071,8,0,0,,,triagem/nome-caixa-conversao 1.0.0,3,ok
089842,per089842_1907_03071,9,0,0,,,triagem/nome-caixa-conversao 1.0.0,3,ok
089842,per089842_1907_03071,10,0,0,,,triagem/nome-caixa-conversao 1.0.0,3,ok
089842,per089842_1907_03071,11,0,0,,,triagem/nome-caixa-conversao 1.0.0,3,ok
089842,per089842_1907_03071,12,0,0,,,triagem/nome-caixa-conversao 1.0.0,3,ok
089842,per089842_1907_03072,1,0,0,,,triagem/nome-caixa-conversao 1.0.0,3,ok
089842,per089842_1907_03072,2,0,0,,,triagem/nome-caixa-conversao 1.0.0,3,ok
089842,per089842_1907_03072,3,0,0,,,triagem/nome-caixa-conversao 1.0.0,3,ok
089842,per089842_1907_03072,4,0,0,,,triagem/nome-caixa-conversao 1.0.0,3,ok
089842,per089842_1907_03072,5,0,0,,,triagem/nome-caixa-conversao 1.0.0,3,ok
089842,per089842_1907_03072,6,0,0,,,triagem/nome-caixa-conversao 1.0.0,3,ok
089842,per089842_1907_03073,1,0,0,,,triagem/nome-caixa-conversao 1.0.0,3,ok
089842,per089842_1907_03073,2,1,2,caixa do conver,30881,triagem/nome-caixa-conversao 1.0.0,3,ok
089842,per089842_1907_03073,3,0,0,,,triagem/nome-caixa-conversao 1.0.0,3,ok
089842,per089842_1907_03073,4,0,0,,,triagem/nome-caixa-conversao 1.0.0,3,ok
089842,per089842_1907_03073,5,0,0,,,triagem/nome-caixa-conversao 1.0.0,3,ok
089842,per089842_1907_03073,6,0,0,,,triagem/nome-caixa-conversao 1.0.0,3,ok
089842,per089842_1907_03074,1,0,0,,,triagem/nome-caixa-conversao 1.0.0,3,ok
089842,per089842_1907_03074,2,0,0,,,triagem/nome-caixa-conversao 1.0.0,3,ok
089842,per089842_1907_03074,3,0,0,,,triagem/nome-caixa-conversao 1.0.0,3,ok
089842,per089842_1907_03074,4,0,0,,,triagem/nome-caixa-conversao 1.0.0,3,ok
089842,per089842_1907_03074,5,0,0,,,triagem/nome-caixa-conversao 1.0.0,3,ok
089842,per089842_1907_03074,6,0,0,,,triagem/nome-caixa-conversao 1.0.0,3,ok
089842,per089842_1907_03074,7,0,0,,,triagem/nome-caixa-conversao 1.0.0,3,ok
089842,per089842_1907_03074,8,0,0,,,triagem/nome-caixa-conversao 1.0.0,3,ok
089842,per089842_1907_03075,1,1,1,caixa de conver,33501,triagem/nome-caixa-conversao 1.0.0,3,ok
089842,per089842_1907_03075,2,0,0,,,triagem/nome-caixa-conversao 1.0.0,3,ok
089842,per089842_1907_03075,3,0,0,,,triagem/nome-caixa-conversao 1.0.0,3,ok
089842,per089842_1907_03075,4,0,0,,,triagem/nome-caixa-conversao 1.0.0,3,ok
089842,per089842_1907_03075,5,0,0,,,triagem/nome-caixa-conversao 1.0.0,3,ok
089842,per089842_1907_03075,6,0,0,,,triagem/nome-caixa-conversao 1.0.0,3,ok
089842,per089842_1907_03075,7,0,0,,,triagem/nome-caixa-conversao 1.0.0,3,ok
089842,per089842_1907_03075,8,0,0,,,triagem/nome-caixa-conversao 1.0.0,3,ok
089842,per089842_1907_03076,1,0,0,,,triagem/nome-caixa-conversao 1.0.0,3,ok
089842,per089842_1907_03076,2,0,0,,,triagem/nome-caixa-conversao 1.0.0,3,ok
089842,per089842_1907_03076,3,0,0,,,triagem/nome-caixa-conversao 1.0.0,3,ok
089842,per089842_1907_03076,4,0,0,,,triagem/nome-caixa-conversao 1.0.0,3,ok
089842,per089842_1907_03076,5,0,0,,,triagem/nome-caixa-conversao 1.0.0,3,ok
089842,per089842_1907_03076,6,0,0,,,triagem/nome-caixa-conversao 1.0.0,3,ok
089842,per089842_1907_03076,7,0,0,,,triagem/nome-caixa-conversao 1.0.0,3,ok
089842,per089842_1907_03076,8,0,0,,,triagem/nome-caixa-conversao 1.0.0,3,ok
089842,per089842_1907_03077,1,1,2,caixa de conver,8811,triagem/nome-caixa-conversao 1.0.0,3,ok
089842,per089842_1907_03077,2,0,0,,,triagem/nome-caixa-conversao 1.0.0,3,ok
089842,per089842_1907_03077,3,0,0,,,triagem/nome-caixa-conversao 1.0.0,3,ok
089842,per089842_1907_03077,4,0,0,,,triagem/nome-caixa-conversao 1.0.0,3,ok
089842,per089842_1907_03077,5,0,0,,,triagem/nome-caixa-conversao 1.0.0,3,ok
089842,per089842_1907_03077,6,0,0,,,triagem/nome-caixa-conversao 1.0.0,3,ok
089842,per089842_1907_03077,7,0,0,,,triagem/nome-caixa-conversao 1.0.0,3,ok
089842,per089842_1907_03077,8,0,0,,,triagem/nome-caixa-conversao 1.0.0,3,ok
089842,per089842_1907_03078,1,0,0,,,triagem/nome-caixa-conversao 1.0.0,3,ok
089842,per089842_1907_03078,2,0,0,,,triagem/nome-caixa-conversao 1.0.0,3,ok
089842,per089842_1907_03078,3,0,0,,,triagem/nome-caixa-conversao 1.0.0,3,ok
089842,per089842_1907_03078,4,0,0,,,triagem/nome-caixa-conversao 1.0.0,3,ok
089842,per089842_1907_03078,5,0,0,,,triagem/nome-caixa-conversao 1.0.0,3,ok
089842,per089842_1907_03078,6,0,0,,,triagem/nome-caixa-conversao 1.0.0,3,ok
089842,per089842_1907_03078,7,0,0,,,triagem/nome-caixa-conversao 1.0.0,3,ok
089842,per089842_1907_03078,8,0,0,,,triagem/nome-caixa-conversao 1.0.0,3,ok
089842,per089842_1907_03078,9,0,0,,,triagem/nome-caixa-conversao 1.0.0,3,ok
089842,per089842_1907_03078,10,0,0,,,triagem/nome-caixa-conversao 1.0.0,3,ok
089842,per089842_1907_03078,11,0,0,,,triagem/nome-caixa-conversao 1.0.0,3,ok
089842,per089842_1907_03078,12,0,0,,,triagem/nome-caixa-conversao 1.0.0,3,ok
089842,per089842_1907_03080,1,1,1,caixa de conver,4030,triagem/nome-caixa-conversao 1.0.0,3,ok
089842,per089842_1907_03080,2,0,0,,,triagem/nome-caixa-conversao 1.0.0,3,ok
089842,per089842_1907_03080,3,0,0,,,triagem/nome-caixa-conversao 1.0.0,3,ok
089842,per089842_1907_03080,4,0,0,,,triagem/nome-caixa-conversao 1.0.0,3,ok
089842,per089842_1907_03080,5,0,0,,,triagem/nome-caixa-conversao 1.0.0,3,ok
089842,per089842_1907_03080,6,0,0,,,triagem/nome-caixa-conversao 1.0.0,3,ok
089842,per089842_1907_03080,7,0,0,,,triagem/nome-caixa-conversao 1.0.0,3,ok
089842,per089842_1907_03080,8,0,0,,,triagem/nome-caixa-conversao 1.0.0,3,ok
089842,per089842_1907_03081,1,1,1,caixade conver,27473,triagem/nome-caixa-conversao 1.0.0,3,ok
089842,per089842_1907_03081,2,0,0,,,triagem/nome-caixa-conversao 1.0.0,3,ok
089842,per089842_1907_03081,3,0,0,,,triagem/nome-caixa-conversao 1.0.0,3,ok
089842,per089842_1907_03081,4,0,0,,,triagem/nome-caixa-conversao 1.0.0,3,ok
089842,per089842_1907_03081,5,0,0,,,triagem/nome-caixa-conversao 1.0.0,3,ok
089842,per089842_1907_03081,6,0,0,,,triagem/nome-caixa-conversao 1.0.0,3,ok
089842,per089842_1907_03081,7,0,0,,,triagem/nome-caixa-conversao 1.0.0,3,ok
089842,per089842_1907_03081,8,0,0,,,triagem/nome-caixa-conversao 1.0.0,3,ok
089842,per089842_1907_03082,1,0,0,,,triagem/nome-caixa-conversao 1.0.0,3,ok
089842,per089842_1907_03082,2,0,0,,,triagem/nome-caixa-conversao 1.0.0,3,ok
089842,per089842_1907_03082,3,0,0,,,triagem/nome-caixa-conversao 1.0.0,3,ok
089842,per089842_1907_03082,4,0,0,,,triagem/nome-caixa-conversao 1.0.0,3,ok
089842,per089842_1907_03082,5,0,0,,,triagem/nome-caixa-conversao 1.0.0,3,ok
089842,per089842_1907_03082,6,0,0,,,triagem/nome-caixa-conversao 1.0.0,3,ok
089842,per089842_1907_03082,7,0,0,,,triagem/nome-caixa-conversao 1.0.0,3,ok
089842,per089842_1907_03082,8,0,0,,,triagem/nome-caixa-conversao 1.0.0,3,ok
089842,per089842_1907_03083,1,0,0,,,triagem/nome-caixa-conversao 1.0.0,3,ok
089842,per089842_1907_03083,2,0,0,,,triagem/nome-caixa-conversao 1.0.0,3,ok
089842,per089842_1907_03083,3,0,0,,,triagem/nome-caixa-conversao 1.0.0,3,ok
089842,per089842_1907_03083,4,0,0,,,triagem/nome-caixa-conversao 1.0.0,3,ok
089842,per089842_1907_03083,5,0,0,,,triagem/nome-caixa-conversao 1.0.0,3,ok
089842,per089842_1907_03083,6,0,0,,,triagem/nome-caixa-conversao 1.0.0,3,ok
089842,per089842_1907_03083,7,0,0,,,triagem/nome-caixa-conversao 1.0.0,3,ok
089842,per089842_1907_03083,8,0,0,,,triagem/nome-caixa-conversao 1.0.0,3,ok
089842,per089842_1907_03084,1,1,1,caixa de conver,20718,triagem/nome-caixa-conversao 1.0.0,3,ok
089842,per089842_1907_03084,2,0,0,,,triagem/nome-caixa-conversao 1.0.0,3,ok
089842,per089842_1907_03084,3,0,0,,,triagem/nome-caixa-conversao 1.0.0,3,ok
089842,per089842_1907_03084,4,0,0,,,triagem/nome-caixa-conversao 1.0.0,3,ok
089842,per089842_1907_03084,5,0,0,,,triagem/nome-caixa-conversao 1.0.0,3,ok
089842,per089842_1907_03084,6,0,0,,,triagem/nome-caixa-conversao 1.0.0,3,ok
089842,per089842_1907_03084,7,0,0,,,triagem/nome-caixa-conversao 1.0.0,3,ok
089842,per089842_1907_03084,8,0,0,,,triagem/nome-caixa-conversao 1.0.0,3,ok
089842,per089842_1907_03085,1,0,0,,,triagem/nome-caixa-conversao 1.0.0,3,ok
089842,per089842_1907_03085,2,0,0,,,triagem/nome-caixa-conversao 1.0.0,3,ok
089842,per089842_1907_03085,3,0,0,,,triagem/nome-caixa-conversao 1.0.0,3,ok
089842,per089842_1907_03085,4,0,0,,,triagem/nome-caixa-conversao 1.0.0,3,ok
089842,per089842_1907_03085,5,1,2,caixa de conver,11571,triagem/nome-caixa-conversao 1.0.0,3,ok
089842,per089842_1907_03085,6,0,0,,,triagem/nome-caixa-conversao 1.0.0,3,ok
089842,per089842_1907_03085,7,0,0,,,triagem/nome-caixa-conversao 1.0.0,3,ok
089842,per089842_1907_03085,8,0,0,,,triagem/nome-caixa-conversao 1.0.0,3,ok
089842,per089842_1907_03085,9,0,0,,,triagem/nome-caixa-conversao 1.0.0,3,ok
089842,per089842_1907_03085,10,0,0,,,triagem/nome-caixa-conversao 1.0.0,3,ok
089842,per089842_1907_03085,11,0,0,,,triagem/nome-caixa-conversao 1.0.0,3,ok
089842,per089842_1907_03085,12,0,0,,,triagem/nome-caixa-conversao 1.0.0,3,ok
089842,per089842_1907_03086,1,0,0,,,triagem/nome-caixa-conversao 1.0.0,3,ok
089842,per089842_1907_03086,2,0,0,,,triagem/nome-caixa-conversao 1.0.0,3,ok
089842,per089842_1907_03086,3,0,0,,,triagem/nome-caixa-conversao 1.0.0,3,ok
089842,per089842_1907_03086,4,0,0,,,triagem/nome-caixa-conversao 1.0.0,3,ok
089842,per089842_1907_03086,5,0,0,,,triagem/nome-caixa-conversao 1.0.0,3,ok
089842,per089842_1907_03086,6,0,0,,,triagem/nome-caixa-conversao 1.0.0,3,ok
089842,per089842_1907_03087,1,1,2,caixa de conver,11796,triagem/nome-caixa-conversao 1.0.0,3,ok
089842,per089842_1907_03087,2,0,0,,,triagem/nome-caixa-conversao 1.0.0,3,ok
089842,per089842_1907_03087,3,0,0,,,triagem/nome-caixa-conversao 1.0.0,3,ok
089842,per089842_1907_03087,4,0,0,,,triagem/nome-caixa-conversao 1.0.0,3,ok
089842,per089842_1907_03087,5,0,0,,,triagem/nome-caixa-conversao 1.0.0,3,ok
089842,per089842_1907_03087,6,0,0,,,triagem/nome-caixa-conversao 1.0.0,3,ok
089842,per089842_1907_03087,7,0,0,,,triagem/nome-caixa-conversao 1.0.0,3,ok
089842,per089842_1907_03087,8,0,0,,,triagem/nome-caixa-conversao 1.0.0,3,ok
089842,per089842_1907_03088,1,1,1,caixa de conver,12690,triagem/nome-caixa-conversao 1.0.0,3,ok
089842,per089842_1907_03088,2,0,0,,,triagem/nome-caixa-conversao 1.0.0,3,ok
089842,per089842_1907_03088,3,0,0,,,triagem/nome-caixa-conversao 1.0.0,3,ok
089842,per089842_1907_03088,4,0,0,,,triagem/nome-caixa-conversao 1.0.0,3,ok
089842,per089842_1907_03088,5,0,0,,,triagem/nome-caixa-conversao 1.0.0,3,ok
089842,per089842_1907_03088,6,0,0,,,triagem/nome-caixa-conversao 1.0.0,3,ok
089842,per089842_1907_03088,7,0,0,,,triagem/nome-caixa-conversao 1.0.0,3,ok
089842,per089842_1907_03088,8,0,0,,,triagem/nome-caixa-conversao 1.0.0,3,ok
089842,per089842_1907_03089,1,0,0,,,triagem/nome-caixa-conversao 1.0.0,3,ok
089842,per089842_1907_03089,2,0,0,,,triagem/nome-caixa-conversao 1.0.0,3,ok
089842,per089842_1907_03089,3,0,0,,,triagem/nome-caixa-conversao 1.0.0,3,ok
089842,per089842_1907_03089,4,0,0,,,triagem/nome-caixa-conversao 1.0.0,3,ok
089842,per089842_1907_03089,5,0,0,,,triagem/nome-caixa-conversao 1.0.0,3,ok
089842,per089842_1907_03089,6,0,0,,,triagem/nome-caixa-conversao 1.0.0,3,ok
089842,per089842_1907_03089,7,0,0,,,triagem/nome-caixa-conversao 1.0.0,3,ok
089842,per089842_1907_03089,8,0,0,,,triagem/nome-caixa-conversao 1.0.0,3,ok
089842,per089842_1907_03090,1,0,0,,,triagem/nome-caixa-conversao 1.0.0,3,ok
089842,per089842_1907_03090,2,0,0,,,triagem/nome-caixa-conversao 1.0.0,3,ok
089842,per089842_1907_03090,3,0,0,,,triagem/nome-caixa-conversao 1.0.0,3,ok
089842,per089842_1907_03090,4,0,0,,,triagem/nome-caixa-conversao 1.0.0,3,ok
089842,per089842_1907_03090,5,0,0,,,triagem/nome-caixa-conversao 1.0.0,3,ok
089842,per089842_1907_03090,6,0,0,,,triagem/nome-caixa-conversao 1.0.0,3,ok
089842,per089842_1907_03090,7,0,0,,,triagem/nome-caixa-conversao 1.0.0,3,ok
089842,per089842_1907_03090,8,0,0,,,triagem/nome-caixa-conversao 1.0.0,3,ok
089842,per089842_1907_03091,1,1,1,caixa de conver,13084,triagem/nome-caixa-conversao 1.0.0,3,ok
089842,per089842_1907_03091,2,0,0,,,triagem/nome-caixa-conversao 1.0.0,3,ok
089842,per089842_1907_03091,3,0,0,,,triagem/nome-caixa-conversao 1.0.0,3,ok
089842,per089842_1907_03091,4,0,0,,,triagem/nome-caixa-conversao 1.0.0,3,ok
089842,per089842_1907_03091,5,0,0,,,triagem/nome-caixa-conversao 1.0.0,3,ok
089842,per089842_1907_03091,6,0,0,,,triagem/nome-caixa-conversao 1.0.0,3,ok
089842,per089842_1907_03091,7,0,0,,,triagem/nome-caixa-conversao 1.0.0,3,ok
089842,per089842_1907_03091,8,0,0,,,triagem/nome-caixa-conversao 1.0.0,3,ok
089842,per089842_1907_03092,1,0,0,,,triagem/nome-caixa-conversao 1.0.0,3,ok
089842,per089842_1907_03092,2,0,0,,,triagem/nome-caixa-conversao 1.0.0,3,ok
089842,per089842_1907_03092,3,0,0,,,triagem/nome-caixa-conversao 1.0.0,3,ok
089842,per089842_1907_03092,4,0,0,,,triagem/nome-caixa-conversao 1.0.0,3,ok
089842,per089842_1907_03092,5,0,0,,,triagem/nome-caixa-conversao 1.0.0,3,ok
089842,per089842_1907_03092,6,0,0,,,triagem/nome-caixa-conversao 1.0.0,3,ok
089842,per089842_1907_03092,7,0,0,,,triagem/nome-caixa-conversao 1.0.0,3,ok
089842,per089842_1907_03092,8,0,0,,,triagem/nome-caixa-conversao 1.0.0,3,ok
089842,per089842_1907_03092,9,0,0,,,triagem/nome-caixa-conversao 1.0.0,3,ok
089842,per089842_1907_03092,10,0,0,,,triagem/nome-caixa-conversao 1.0.0,3,ok
089842,per089842_1907_03092,11,0,0,,,triagem/nome-caixa-conversao 1.0.0,3,ok
089842,per089842_1907_03092,12,0,0,,,triagem/nome-caixa-conversao 1.0.0,3,ok
089842,per089842_1907_03093,1,0,0,,,triagem/nome-caixa-conversao 1.0.0,3,ok
089842,per089842_1907_03093,2,0,0,,,triagem/nome-caixa-conversao 1.0.0,3,ok
089842,per089842_1907_03093,3,0,0,,,triagem/nome-caixa-conversao 1.0.0,3,ok
089842,per089842_1907_03093,4,0,0,,,triagem/nome-caixa-conversao 1.0.0,3,ok
089842,per089842_1907_03093,5,0,0,,,triagem/nome-caixa-conversao 1.0.0,3,ok
089842,per089842_1907_03093,6,0,0,,,triagem/nome-caixa-conversao 1.0.0,3,ok
089842,per089842_1907_03093,7,0,0,,,triagem/nome-caixa-conversao 1.0.0,3,ok
089842,per089842_1907_03093,8,0,0,,,triagem/nome-caixa-conversao 1.0.0,3,ok
089842,per089842_1907_03094,1,0,0,,,triagem/nome-caixa-conversao 1.0.0,3,ok
089842,per089842_1907_03094,2,0,0,,,triagem/nome-caixa-conversao 1.0.0,3,ok
089842,per089842_1907_03094,3,0,0,,,triagem/nome-caixa-conversao 1.0.0,3,ok
089842,per089842_1907_03094,4,0,0,,,triagem/nome-caixa-conversao 1.0.0,3,ok
089842,per089842_1907_03094,5,0,0,,,triagem/nome-caixa-conversao 1.0.0,3,ok
089842,per089842_1907_03094,6,0,0,,,triagem/nome-caixa-conversao 1.0.0,3,ok
089842,per089842_1907_03094,7,0,0,,,triagem/nome-caixa-conversao 1.0.0,3,ok
089842,per089842_1907_03094,8,0,0,,,triagem/nome-caixa-conversao 1.0.0,3,ok
089842,per089842_1907_03095,1,0,0,,,triagem/nome-caixa-conversao 1.0.0,3,ok
089842,per089842_1907_03095,2,0,0,,,triagem/nome-caixa-conversao 1.0.0,3,ok
089842,per089842_1907_03095,3,0,0,,,triagem/nome-caixa-conversao 1.0.0,3,ok
089842,per089842_1907_03095,4,0,0,,,triagem/nome-caixa-conversao 1.0.0,3,ok
089842,per089842_1907_03095,5,0,0,,,triagem/nome-caixa-conversao 1.0.0,3,ok
089842,per089842_1907_03095,6,0,0,,,triagem/nome-caixa-conversao 1.0.0,3,ok
089842,per089842_1907_03095,7,0,0,,,triagem/nome-caixa-conversao 1.0.0,3,ok
089842,per089842_1907_03095,8,0,0,,,triagem/nome-caixa-conversao 1.0.0,3,ok
089842,per089842_1907_03096,1,0,0,,,triagem/nome-caixa-conversao 1.0.0,3,ok
089842,per089842_1907_03096,2,0,0,,,triagem/nome-caixa-conversao 1.0.0,3,ok
089842,per089842_1907_03096,3,0,0,,,triagem/nome-caixa-conversao 1.0.0,3,ok
089842,per089842_1907_03096,4,0,0,,,triagem/nome-caixa-conversao 1.0.0,3,ok
089842,per089842_1907_03096,5,0,0,,,triagem/nome-caixa-conversao 1.0.0,3,ok
089842,per089842_1907_03096,6,0,0,,,triagem/nome-caixa-conversao 1.0.0,3,ok
089842,per089842_1907_03096,7,0,0,,,triagem/nome-caixa-conversao 1.0.0,3,ok
089842,per089842_1907_03096,8,0,0,,,triagem/nome-caixa-conversao 1.0.0,3,ok
089842,per089842_1907_03097,1,0,0,,,triagem/nome-caixa-conversao 1.0.0,3,ok
089842,per089842_1907_03097,2,0,0,,,triagem/nome-caixa-conversao 1.0.0,3,ok
089842,per089842_1907_03097,3,0,0,,,triagem/nome-caixa-conversao 1.0.0,3,ok
089842,per089842_1907_03097,4,0,0,,,triagem/nome-caixa-conversao 1.0.0,3,ok
089842,per089842_1907_03097,5,0,0,,,triagem/nome-caixa-conversao 1.0.0,3,ok
089842,per089842_1907_03097,6,0,0,,,triagem/nome-caixa-conversao 1.0.0,3,ok
089842,per089842_1907_03097,7,0,0,,,triagem/nome-caixa-conversao 1.0.0,3,ok
089842,per089842_1907_03097,8,0,0,,,triagem/nome-caixa-conversao 1.0.0,3,ok
089842,per089842_1907_03098,1,0,0,,,triagem/nome-caixa-conversao 1.0.0,3,ok
089842,per089842_1907_03098,2,0,0,,,triagem/nome-caixa-conversao 1.0.0,3,ok
089842,per089842_1907_03098,3,0,0,,,triagem/nome-caixa-conversao 1.0.0,3,ok
089842,per089842_1907_03098,4,0,0,,,triagem/nome-caixa-conversao 1.0.0,3,ok
089842,per089842_1907_03098,5,0,0,,,triagem/nome-caixa-conversao 1.0.0,3,ok
089842,per089842_1907_03098,6,0,0,,,triagem/nome-caixa-conversao 1.0.0,3,ok
089842,per089842_1907_03098,7,0,0,,,triagem/nome-caixa-conversao 1.0.0,3,ok
089842,per089842_1907_03098,8,0,0,,,triagem/nome-caixa-conversao 1.0.0,3,ok
089842,per089842_1907_03099,1,0,0,,,triagem/nome-caixa-conversao 1.0.0,3,ok
089842,per089842_1907_03099,2,0,0,,,triagem/nome-caixa-conversao 1.0.0,3,ok
089842,per089842_1907_03099,3,0,0,,,triagem/nome-caixa-conversao 1.0.0,3,ok
089842,per089842_1907_03099,4,0,0,,,triagem/nome-caixa-conversao 1.0.0,3,ok
089842,per089842_1907_03099,5,0,0,,,triagem/nome-caixa-conversao 1.0.0,3,ok
089842,per089842_1907_03099,6,0,0,,,triagem/nome-caixa-conversao 1.0.0,3,ok
089842,per089842_1907_03099,7,0,0,,,triagem/nome-caixa-conversao 1.0.0,3,ok
089842,per089842_1907_03099,8,0,0,,,triagem/nome-caixa-conversao 1.0.0,3,ok
089842,per089842_1907_03099,9,0,0,,,triagem/nome-caixa-conversao 1.0.0,3,ok
089842,per089842_1907_03099,10,0,0,,,triagem/nome-caixa-conversao 1.0.0,3,ok
089842,per089842_1907_03099,11,0,0,,,triagem/nome-caixa-conversao 1.0.0,3,ok
089842,per089842_1907_03099,12,0,0,,,triagem/nome-caixa-conversao 1.0.0,3,ok
089842,per089842_1907_04000,1,0,0,,,triagem/nome-caixa-conversao 1.0.0,3,ok
089842,per089842_1907_04000,2,0,0,,,triagem/nome-caixa-conversao 1.0.0,3,ok
089842,per089842_1907_04000,3,0,0,,,triagem/nome-caixa-conversao 1.0.0,3,ok
089842,per089842_1907_04000,4,0,0,,,triagem/nome-caixa-conversao 1.0.0,3,ok
089842,per089842_1907_04000,5,0,0,,,triagem/nome-caixa-conversao 1.0.0,3,ok
089842,per089842_1907_04000,6,0,0,,,triagem/nome-caixa-conversao 1.0.0,3,ok
089842,per089842_1907_04001,1,0,0,,,triagem/nome-caixa-conversao 1.0.0,3,ok
089842,per089842_1907_04001,2,0,0,,,triagem/nome-caixa-conversao 1.0.0,3,ok
089842,per089842_1907_04001,3,0,0,,,triagem/nome-caixa-conversao 1.0.0,3,ok
089842,per089842_1907_04001,4,0,0,,,triagem/nome-caixa-conversao 1.0.0,3,ok
089842,per089842_1907_04001,5,0,0,,,triagem/nome-caixa-conversao 1.0.0,3,ok
089842,per089842_1907_04001,6,0,0,,,triagem/nome-caixa-conversao 1.0.0,3,ok
089842,per089842_1907_04001,7,0,0,,,triagem/nome-caixa-conversao 1.0.0,3,ok
089842,per089842_1907_04001,8,0,0,,,triagem/nome-caixa-conversao 1.0.0,3,ok
089842,per089842_1907_04002,1,0,0,,,triagem/nome-caixa-conversao 1.0.0,3,ok
089842,per089842_1907_04002,2,1,1,caixa de conver,9605,triagem/nome-caixa-conversao 1.0.0,3,ok
089842,per089842_1907_04002,3,0,0,,,triagem/nome-caixa-conversao 1.0.0,3,ok
089842,per089842_1907_04002,4,0,0,,,triagem/nome-caixa-conversao 1.0.0,3,ok
089842,per089842_1907_04002,5,0,0,,,triagem/nome-caixa-conversao 1.0.0,3,ok
089842,per089842_1907_04002,6,0,0,,,triagem/nome-caixa-conversao 1.0.0,3,ok
089842,per089842_1907_04002,7,0,0,,,triagem/nome-caixa-conversao 1.0.0,3,ok
089842,per089842_1907_04002,8,0,0,,,triagem/nome-caixa-conversao 1.0.0,3,ok
089842,per089842_1907_04003,1,1,1,caixa de conver,12215,triagem/nome-caixa-conversao 1.0.0,3,ok
089842,per089842_1907_04003,2,0,0,,,triagem/nome-caixa-conversao 1.0.0,3,ok
089842,per089842_1907_04003,3,0,0,,,triagem/nome-caixa-conversao 1.0.0,3,ok
089842,per089842_1907_04003,4,0,0,,,triagem/nome-caixa-conversao 1.0.0,3,ok
089842,per089842_1907_04003,5,0,0,,,triagem/nome-caixa-conversao 1.0.0,3,ok
089842,per089842_1907_04003,6,0,0,,,triagem/nome-caixa-conversao 1.0.0,3,ok
089842,per089842_1907_04003,7,0,0,,,triagem/nome-caixa-conversao 1.0.0,3,ok
089842,per089842_1907_04003,8,0,0,,,triagem/nome-caixa-conversao 1.0.0,3,ok
089842,per089842_1907_04004,1,0,0,,,triagem/nome-caixa-conversao 1.0.0,3,ok
089842,per089842_1907_04004,2,0,0,,,triagem/nome-caixa-conversao 1.0.0,3,ok
089842,per089842_1907_04004,3,0,0,,,triagem/nome-caixa-conversao 1.0.0,3,ok
089842,per089842_1907_04004,4,0,0,,,triagem/nome-caixa-conversao 1.0.0,3,ok
089842,per089842_1907_04004,5,1,1,caixa de conver,52046,triagem/nome-caixa-conversao 1.0.0,3,ok
089842,per089842_1907_04004,6,0,0,,,triagem/nome-caixa-conversao 1.0.0,3,ok
089842,per089842_1907_04004,7,0,0,,,triagem/nome-caixa-conversao 1.0.0,3,ok
089842,per089842_1907_04004,8,0,0,,,triagem/nome-caixa-conversao 1.0.0,3,ok
089842,per089842_1907_04005,1,0,0,,,triagem/nome-caixa-conversao 1.0.0,3,ok
089842,per089842_1907_04005,2,0,0,,,triagem/nome-caixa-conversao 1.0.0,3,ok
089842,per089842_1907_04005,3,0,0,,,triagem/nome-caixa-conversao 1.0.0,3,ok
089842,per089842_1907_04005,4,0,0,,,triagem/nome-caixa-conversao 1.0.0,3,ok
089842,per089842_1907_04005,5,0,0,,,triagem/nome-caixa-conversao 1.0.0,3,ok
089842,per089842_1907_04005,6,0,0,,,triagem/nome-caixa-conversao 1.0.0,3,ok
089842,per089842_1907_04005,7,0,0,,,triagem/nome-caixa-conversao 1.0.0,3,ok
089842,per089842_1907_04005,8,0,0,,,triagem/nome-caixa-conversao 1.0.0,3,ok
089842,per089842_1907_04006,1,0,0,,,triagem/nome-caixa-conversao 1.0.0,3,ok
089842,per089842_1907_04006,2,0,0,,,triagem/nome-caixa-conversao 1.0.0,3,ok
089842,per089842_1907_04006,3,0,0,,,triagem/nome-caixa-conversao 1.0.0,3,ok
089842,per089842_1907_04006,4,0,0,,,triagem/nome-caixa-conversao 1.0.0,3,ok
089842,per089842_1907_04006,5,1,1,caixa de conver,16720,triagem/nome-caixa-conversao 1.0.0,3,ok
089842,per089842_1907_04006,6,0,0,,,triagem/nome-caixa-conversao 1.0.0,3,ok
089842,per089842_1907_04006,7,0,0,,,triagem/nome-caixa-conversao 1.0.0,3,ok
089842,per089842_1907_04006,8,0,0,,,triagem/nome-caixa-conversao 1.0.0,3,ok
089842,per089842_1907_04006,9,0,0,,,triagem/nome-caixa-conversao 1.0.0,3,ok
089842,per089842_1907_04006,10,0,0,,,triagem/nome-caixa-conversao 1.0.0,3,ok
089842,per089842_1907_04006,11,0,0,,,triagem/nome-caixa-conversao 1.0.0,3,ok
089842,per089842_1907_04006,12,0,0,,,triagem/nome-caixa-conversao 1.0.0,3,ok
089842,per089842_1907_04007,1,0,0,,,triagem/nome-caixa-conversao 1.0.0,3,ok
089842,per089842_1907_04007,2,0,0,,,triagem/nome-caixa-conversao 1.0.0,3,ok
089842,per089842_1907_04007,3,0,0,,,triagem/nome-caixa-conversao 1.0.0,3,ok
089842,per089842_1907_04007,4,0,0,,,triagem/nome-caixa-conversao 1.0.0,3,ok
089842,per089842_1907_04007,5,0,0,,,triagem/nome-caixa-conversao 1.0.0,3,ok
089842,per089842_1907_04007,6,0,0,,,triagem/nome-caixa-conversao 1.0.0,3,ok
089842,per089842_1907_04007,7,0,0,,,triagem/nome-caixa-conversao 1.0.0,3,ok
089842,per089842_1907_04007,8,0,0,,,triagem/nome-caixa-conversao 1.0.0,3,ok
089842,per089842_1907_04008,1,1,2,caixa de conver,15428,triagem/nome-caixa-conversao 1.0.0,3,ok
089842,per089842_1907_04008,2,0,0,,,triagem/nome-caixa-conversao 1.0.0,3,ok
089842,per089842_1907_04008,3,0,0,,,triagem/nome-caixa-conversao 1.0.0,3,ok
089842,per089842_1907_04008,4,0,0,,,triagem/nome-caixa-conversao 1.0.0,3,ok
089842,per089842_1907_04008,5,0,0,,,triagem/nome-caixa-conversao 1.0.0,3,ok
089842,per089842_1907_04008,6,0,0,,,triagem/nome-caixa-conversao 1.0.0,3,ok
089842,per089842_1907_04008,7,0,0,,,triagem/nome-caixa-conversao 1.0.0,3,ok
089842,per089842_1907_04008,8,0,0,,,triagem/nome-caixa-conversao 1.0.0,3,ok
089842,per089842_1907_04009,1,0,0,,,triagem/nome-caixa-conversao 1.0.0,3,ok
089842,per089842_1907_04009,2,0,0,,,triagem/nome-caixa-conversao 1.0.0,3,ok
089842,per089842_1907_04009,3,0,0,,,triagem/nome-caixa-conversao 1.0.0,3,ok
089842,per089842_1907_04009,4,0,0,,,triagem/nome-caixa-conversao 1.0.0,3,ok
089842,per089842_1907_04009,5,0,0,,,triagem/nome-caixa-conversao 1.0.0,3,ok
089842,per089842_1907_04009,6,0,0,,,triagem/nome-caixa-conversao 1.0.0,3,ok
089842,per089842_1907_04009,7,0,0,,,triagem/nome-caixa-conversao 1.0.0,3,ok
089842,per089842_1907_04009,8,0,0,,,triagem/nome-caixa-conversao 1.0.0,3,ok
089842,per089842_1907_04010,1,0,0,,,triagem/nome-caixa-conversao 1.0.0,3,ok
089842,per089842_1907_04010,2,0,0,,,triagem/nome-caixa-conversao 1.0.0,3,ok
089842,per089842_1907_04010,3,0,0,,,triagem/nome-caixa-conversao 1.0.0,3,ok
089842,per089842_1907_04010,4,0,0,,,triagem/nome-caixa-conversao 1.0.0,3,ok
089842,per089842_1907_04010,5,0,0,,,triagem/nome-caixa-conversao 1.0.0,3,ok
089842,per089842_1907_04010,6,0,0,,,triagem/nome-caixa-conversao 1.0.0,3,ok
089842,per089842_1907_04010,7,0,0,,,triagem/nome-caixa-conversao 1.0.0,3,ok
089842,per089842_1907_04010,8,0,0,,,triagem/nome-caixa-conversao 1.0.0,3,ok
089842,per089842_1907_04011,1,0,0,,,triagem/nome-caixa-conversao 1.0.0,3,ok
089842,per089842_1907_04011,2,0,0,,,triagem/nome-caixa-conversao 1.0.0,3,ok
089842,per089842_1907_04011,3,0,0,,,triagem/nome-caixa-conversao 1.0.0,3,ok
089842,per089842_1907_04011,4,0,0,,,triagem/nome-caixa-conversao 1.0.0,3,ok
089842,per089842_1907_04011,5,0,0,,,triagem/nome-caixa-conversao 1.0.0,3,ok
089842,per089842_1907_04011,6,0,0,,,triagem/nome-caixa-conversao 1.0.0,3,ok
089842,per089842_1907_04011,7,0,0,,,triagem/nome-caixa-conversao 1.0.0,3,ok
089842,per089842_1907_04011,8,0,0,,,triagem/nome-caixa-conversao 1.0.0,3,ok
089842,per089842_1907_04012,1,1,1,caixa de conver,19713,triagem/nome-caixa-conversao 1.0.0,3,ok
089842,per089842_1907_04012,2,0,0,,,triagem/nome-caixa-conversao 1.0.0,3,ok
089842,per089842_1907_04012,3,0,0,,,triagem/nome-caixa-conversao 1.0.0,3,ok
089842,per089842_1907_04012,4,0,0,,,triagem/nome-caixa-conversao 1.0.0,3,ok
089842,per089842_1907_04012,5,0,0,,,triagem/nome-caixa-conversao 1.0.0,3,ok
089842,per089842_1907_04012,6,0,0,,,triagem/nome-caixa-conversao 1.0.0,3,ok
089842,per089842_1907_04012,7,0,0,,,triagem/nome-caixa-conversao 1.0.0,3,ok
089842,per089842_1907_04012,8,0,0,,,triagem/nome-caixa-conversao 1.0.0,3,ok
089842,per089842_1907_04013,1,0,0,,,triagem/nome-caixa-conversao 1.0.0,3,ok
089842,per089842_1907_04013,2,0,0,,,triagem/nome-caixa-conversao 1.0.0,3,ok
089842,per089842_1907_04013,3,0,0,,,triagem/nome-caixa-conversao 1.0.0,3,ok
089842,per089842_1907_04013,4,0,0,,,triagem/nome-caixa-conversao 1.0.0,3,ok
089842,per089842_1907_04013,5,0,0,,,triagem/nome-caixa-conversao 1.0.0,3,ok
089842,per089842_1907_04013,6,0,0,,,triagem/nome-caixa-conversao 1.0.0,3,ok
089842,per089842_1907_04013,7,0,0,,,triagem/nome-caixa-conversao 1.0.0,3,ok
089842,per089842_1907_04013,8,0,0,,,triagem/nome-caixa-conversao 1.0.0,3,ok
089842,per089842_1907_04013,9,0,0,,,triagem/nome-caixa-conversao 1.0.0,3,ok
089842,per089842_1907_04013,10,0,0,,,triagem/nome-caixa-conversao 1.0.0,3,ok
089842,per089842_1907_04013,11,0,0,,,triagem/nome-caixa-conversao 1.0.0,3,ok
089842,per089842_1907_04013,12,0,0,,,triagem/nome-caixa-conversao 1.0.0,3,ok
089842,per089842_1907_04014,1,0,0,,,triagem/nome-caixa-conversao 1.0.0,3,ok
089842,per089842_1907_04014,2,0,0,,,triagem/nome-caixa-conversao 1.0.0,3,ok
089842,per089842_1907_04014,3,0,0,,,triagem/nome-caixa-conversao 1.0.0,3,ok
089842,per089842_1907_04014,4,0,0,,,triagem/nome-caixa-conversao 1.0.0,3,ok
089842,per089842_1907_04014,5,0,0,,,triagem/nome-caixa-conversao 1.0.0,3,ok
089842,per089842_1907_04014,6,0,0,,,triagem/nome-caixa-conversao 1.0.0,3,ok
089842,per089842_1907_04015,1,0,0,,,triagem/nome-caixa-conversao 1.0.0,3,ok
089842,per089842_1907_04015,2,0,0,,,triagem/nome-caixa-conversao 1.0.0,3,ok
089842,per089842_1907_04015,3,0,0,,,triagem/nome-caixa-conversao 1.0.0,3,ok
089842,per089842_1907_04015,4,0,0,,,triagem/nome-caixa-conversao 1.0.0,3,ok
089842,per089842_1907_04015,5,0,0,,,triagem/nome-caixa-conversao 1.0.0,3,ok
089842,per089842_1907_04015,6,0,0,,,triagem/nome-caixa-conversao 1.0.0,3,ok
089842,per089842_1907_04015,7,0,0,,,triagem/nome-caixa-conversao 1.0.0,3,ok
089842,per089842_1907_04015,8,0,0,,,triagem/nome-caixa-conversao 1.0.0,3,ok
089842,per089842_1907_04016,1,1,1,caixa de conver,8540,triagem/nome-caixa-conversao 1.0.0,3,ok
089842,per089842_1907_04016,2,0,0,,,triagem/nome-caixa-conversao 1.0.0,3,ok
089842,per089842_1907_04016,3,0,0,,,triagem/nome-caixa-conversao 1.0.0,3,ok
089842,per089842_1907_04016,4,0,0,,,triagem/nome-caixa-conversao 1.0.0,3,ok
089842,per089842_1907_04016,5,0,0,,,triagem/nome-caixa-conversao 1.0.0,3,ok
089842,per089842_1907_04016,6,0,0,,,triagem/nome-caixa-conversao 1.0.0,3,ok
089842,per089842_1907_04016,7,0,0,,,triagem/nome-caixa-conversao 1.0.0,3,ok
089842,per089842_1907_04016,8,0,0,,,triagem/nome-caixa-conversao 1.0.0,3,ok
089842,per089842_1907_04017,1,0,0,,,triagem/nome-caixa-conversao 1.0.0,3,ok
089842,per089842_1907_04017,2,0,0,,,triagem/nome-caixa-conversao 1.0.0,3,ok
089842,per089842_1907_04017,3,0,0,,,triagem/nome-caixa-conversao 1.0.0,3,ok
089842,per089842_1907_04017,4,0,0,,,triagem/nome-caixa-conversao 1.0.0,3,ok
089842,per089842_1907_04017,5,0,0,,,triagem/nome-caixa-conversao 1.0.0,3,ok
089842,per089842_1907_04017,6,0,0,,,triagem/nome-caixa-conversao 1.0.0,3,ok
089842,per089842_1907_04017,7,0,0,,,triagem/nome-caixa-conversao 1.0.0,3,ok
089842,per089842_1907_04017,8,0,0,,,triagem/nome-caixa-conversao 1.0.0,3,ok
089842,per089842_1907_04018,1,0,0,,,triagem/nome-caixa-conversao 1.0.0,3,ok
089842,per089842_1907_04018,2,0,0,,,triagem/nome-caixa-conversao 1.0.0,3,ok
089842,per089842_1907_04018,3,0,0,,,triagem/nome-caixa-conversao 1.0.0,3,ok
089842,per089842_1907_04018,4,0,0,,,triagem/nome-caixa-conversao 1.0.0,3,ok
089842,per089842_1907_04018,5,0,0,,,triagem/nome-caixa-conversao 1.0.0,3,ok
089842,per089842_1907_04018,6,0,0,,,triagem/nome-caixa-conversao 1.0.0,3,ok
089842,per089842_1907_04018,7,0,0,,,triagem/nome-caixa-conversao 1.0.0,3,ok
089842,per089842_1907_04018,8,0,0,,,triagem/nome-caixa-conversao 1.0.0,3,ok
089842,per089842_1907_04019,1,1,1,caixa de conver,12626,triagem/nome-caixa-conversao 1.0.0,3,ok
089842,per089842_1907_04019,2,0,0,,,triagem/nome-caixa-conversao 1.0.0,3,ok
089842,per089842_1907_04019,3,0,0,,,triagem/nome-caixa-conversao 1.0.0,3,ok
089842,per089842_1907_04019,4,0,0,,,triagem/nome-caixa-conversao 1.0.0,3,ok
089842,per089842_1907_04019,5,0,0,,,triagem/nome-caixa-conversao 1.0.0,3,ok
089842,per089842_1907_04019,6,0,0,,,triagem/nome-caixa-conversao 1.0.0,3,ok
089842,per089842_1907_04019,7,0,0,,,triagem/nome-caixa-conversao 1.0.0,3,ok
089842,per089842_1907_04019,8,0,0,,,triagem/nome-caixa-conversao 1.0.0,3,ok
089842,per089842_1907_04020,1,0,0,,,triagem/nome-caixa-conversao 1.0.0,3,ok
089842,per089842_1907_04020,2,0,0,,,triagem/nome-caixa-conversao 1.0.0,3,ok
089842,per089842_1907_04020,3,0,0,,,triagem/nome-caixa-conversao 1.0.0,3,ok
089842,per089842_1907_04020,4,0,0,,,triagem/nome-caixa-conversao 1.0.0,3,ok
089842,per089842_1907_04020,5,0,0,,,triagem/nome-caixa-conversao 1.0.0,3,ok
089842,per089842_1907_04020,6,0,0,,,triagem/nome-caixa-conversao 1.0.0,3,ok
089842,per089842_1907_04020,7,0,0,,,triagem/nome-caixa-conversao 1.0.0,3,ok
089842,per089842_1907_04020,8,0,0,,,triagem/nome-caixa-conversao 1.0.0,3,ok
089842,per089842_1907_04020,9,0,0,,,triagem/nome-caixa-conversao 1.0.0,3,ok
089842,per089842_1907_04020,10,0,0,,,triagem/nome-caixa-conversao 1.0.0,3,ok
089842,per089842_1907_04020,11,0,0,,,triagem/nome-caixa-conversao 1.0.0,3,ok
089842,per089842_1907_04020,12,0,0,,,triagem/nome-caixa-conversao 1.0.0,3,ok
089842,per089842_1907_04021,1,0,0,,,triagem/nome-caixa-conversao 1.0.0,3,ok
089842,per089842_1907_04021,2,0,0,,,triagem/nome-caixa-conversao 1.0.0,3,ok
089842,per089842_1907_04021,3,0,0,,,triagem/nome-caixa-conversao 1.0.0,3,ok
089842,per089842_1907_04021,4,0,0,,,triagem/nome-caixa-conversao 1.0.0,3,ok
089842,per089842_1907_04021,5,0,0,,,triagem/nome-caixa-conversao 1.0.0,3,ok
089842,per089842_1907_04021,6,0,0,,,triagem/nome-caixa-conversao 1.0.0,3,ok
089842,per089842_1907_04022,1,0,0,,,triagem/nome-caixa-conversao 1.0.0,3,ok
089842,per089842_1907_04022,2,0,0,,,triagem/nome-caixa-conversao 1.0.0,3,ok
089842,per089842_1907_04022,3,0,0,,,triagem/nome-caixa-conversao 1.0.0,3,ok
089842,per089842_1907_04022,4,0,0,,,triagem/nome-caixa-conversao 1.0.0,3,ok
089842,per089842_1907_04022,5,0,0,,,triagem/nome-caixa-conversao 1.0.0,3,ok
089842,per089842_1907_04022,6,0,0,,,triagem/nome-caixa-conversao 1.0.0,3,ok
089842,per089842_1907_04022,7,0,0,,,triagem/nome-caixa-conversao 1.0.0,3,ok
089842,per089842_1907_04022,8,0,0,,,triagem/nome-caixa-conversao 1.0.0,3,ok
089842,per089842_1907_04023,1,1,2,caixa deconver,5000,triagem/nome-caixa-conversao 1.0.0,3,ok
089842,per089842_1907_04023,2,0,0,,,triagem/nome-caixa-conversao 1.0.0,3,ok
089842,per089842_1907_04023,3,0,0,,,triagem/nome-caixa-conversao 1.0.0,3,ok
089842,per089842_1907_04023,4,0,0,,,triagem/nome-caixa-conversao 1.0.0,3,ok
089842,per089842_1907_04023,5,0,0,,,triagem/nome-caixa-conversao 1.0.0,3,ok
089842,per089842_1907_04023,6,0,0,,,triagem/nome-caixa-conversao 1.0.0,3,ok
089842,per089842_1907_04023,7,0,0,,,triagem/nome-caixa-conversao 1.0.0,3,ok
089842,per089842_1907_04023,8,0,0,,,triagem/nome-caixa-conversao 1.0.0,3,ok
089842,per089842_1907_04024,1,0,0,,,triagem/nome-caixa-conversao 1.0.0,3,ok
089842,per089842_1907_04024,2,0,0,,,triagem/nome-caixa-conversao 1.0.0,3,ok
089842,per089842_1907_04024,3,0,0,,,triagem/nome-caixa-conversao 1.0.0,3,ok
089842,per089842_1907_04024,4,0,0,,,triagem/nome-caixa-conversao 1.0.0,3,ok
089842,per089842_1907_04024,5,0,0,,,triagem/nome-caixa-conversao 1.0.0,3,ok
089842,per089842_1907_04024,6,0,0,,,triagem/nome-caixa-conversao 1.0.0,3,ok
089842,per089842_1907_04024,7,0,0,,,triagem/nome-caixa-conversao 1.0.0,3,ok
089842,per089842_1907_04024,8,0,0,,,triagem/nome-caixa-conversao 1.0.0,3,ok
089842,per089842_1907_04025,1,0,0,,,triagem/nome-caixa-conversao 1.0.0,3,ok
089842,per089842_1907_04025,2,0,0,,,triagem/nome-caixa-conversao 1.0.0,3,ok
089842,per089842_1907_04025,3,0,0,,,triagem/nome-caixa-conversao 1.0.0,3,ok
089842,per089842_1907_04025,4,0,0,,,triagem/nome-caixa-conversao 1.0.0,3,ok
089842,per089842_1907_04025,5,0,0,,,triagem/nome-caixa-conversao 1.0.0,3,ok
089842,per089842_1907_04025,6,0,0,,,triagem/nome-caixa-conversao 1.0.0,3,ok
089842,per089842_1907_04026,1,0,0,,,triagem/nome-caixa-conversao 1.0.0,3,ok
089842,per089842_1907_04026,2,0,0,,,triagem/nome-caixa-conversao 1.0.0,3,ok
089842,per089842_1907_04026,3,0,0,,,triagem/nome-caixa-conversao 1.0.0,3,ok
089842,per089842_1907_04026,4,0,0,,,triagem/nome-caixa-conversao 1.0.0,3,ok
089842,per089842_1907_04026,5,0,0,,,triagem/nome-caixa-conversao 1.0.0,3,ok
089842,per089842_1907_04026,6,0,0,,,triagem/nome-caixa-conversao 1.0.0,3,ok
089842,per089842_1907_04026,7,0,0,,,triagem/nome-caixa-conversao 1.0.0,3,ok
089842,per089842_1907_04026,8,0,0,,,triagem/nome-caixa-conversao 1.0.0,3,ok
089842,per089842_1907_04027,1,0,0,,,triagem/nome-caixa-conversao 1.0.0,3,ok
089842,per089842_1907_04027,2,0,0,,,triagem/nome-caixa-conversao 1.0.0,3,ok
089842,per089842_1907_04027,3,0,0,,,triagem/nome-caixa-conversao 1.0.0,3,ok
089842,per089842_1907_04027,4,0,0,,,triagem/nome-caixa-conversao 1.0.0,3,ok
089842,per089842_1907_04027,5,0,0,,,triagem/nome-caixa-conversao 1.0.0,3,ok
089842,per089842_1907_04027,6,0,0,,,triagem/nome-caixa-conversao 1.0.0,3,ok
089842,per089842_1907_04027,7,0,0,,,triagem/nome-caixa-conversao 1.0.0,3,ok
089842,per089842_1907_04027,8,0,0,,,triagem/nome-caixa-conversao 1.0.0,3,ok
089842,per089842_1907_04027,9,0,0,,,triagem/nome-caixa-conversao 1.0.0,3,ok
089842,per089842_1907_04027,10,0,0,,,triagem/nome-caixa-conversao 1.0.0,3,ok
089842,per089842_1907_04027,11,0,0,,,triagem/nome-caixa-conversao 1.0.0,3,ok
089842,per089842_1907_04027,12,0,0,,,triagem/nome-caixa-conversao 1.0.0,3,ok
089842,per089842_1907_04028,1,0,0,,,triagem/nome-caixa-conversao 1.0.0,3,ok
089842,per089842_1907_04028,2,0,0,,,triagem/nome-caixa-conversao 1.0.0,3,ok
089842,per089842_1907_04028,3,0,0,,,triagem/nome-caixa-conversao 1.0.0,3,ok
089842,per089842_1907_04028,4,0,0,,,triagem/nome-caixa-conversao 1.0.0,3,ok
089842,per089842_1907_04028,5,0,0,,,triagem/nome-caixa-conversao 1.0.0,3,ok
089842,per089842_1907_04028,6,0,0,,,triagem/nome-caixa-conversao 1.0.0,3,ok
089842,per089842_1907_04029,1,0,0,,,triagem/nome-caixa-conversao 1.0.0,3,ok
089842,per089842_1907_04029,2,0,0,,,triagem/nome-caixa-conversao 1.0.0,3,ok
089842,per089842_1907_04029,3,0,0,,,triagem/nome-caixa-conversao 1.0.0,3,ok
089842,per089842_1907_04029,4,0,0,,,triagem/nome-caixa-conversao 1.0.0,3,ok
089842,per089842_1907_04029,5,0,0,,,triagem/nome-caixa-conversao 1.0.0,3,ok
089842,per089842_1907_04029,6,0,0,,,triagem/nome-caixa-conversao 1.0.0,3,ok
089842,per089842_1907_04029,7,0,0,,,triagem/nome-caixa-conversao 1.0.0,3,ok
089842,per089842_1907_04029,8,0,0,,,triagem/nome-caixa-conversao 1.0.0,3,ok
089842,per089842_1907_04030,1,0,0,,,triagem/nome-caixa-conversao 1.0.0,3,ok
089842,per089842_1907_04030,2,1,1,caixa de conver,10432,triagem/nome-caixa-conversao 1.0.0,3,ok
089842,per089842_1907_04030,3,0,0,,,triagem/nome-caixa-conversao 1.0.0,3,ok
089842,per089842_1907_04030,4,0,0,,,triagem/nome-caixa-conversao 1.0.0,3,ok
089842,per089842_1907_04030,5,0,0,,,triagem/nome-caixa-conversao 1.0.0,3,ok
089842,per089842_1907_04030,6,0,0,,,triagem/nome-caixa-conversao 1.0.0,3,ok
089842,per089842_1907_04030,7,0,0,,,triagem/nome-caixa-conversao 1.0.0,3,ok
089842,per089842_1907_04030,8,0,0,,,triagem/nome-caixa-conversao 1.0.0,3,ok
089842,per089842_1907_04031,1,0,0,,,triagem/nome-caixa-conversao 1.0.0,3,ok
089842,per089842_1907_04031,2,0,0,,,triagem/nome-caixa-conversao 1.0.0,3,ok
089842,per089842_1907_04031,3,0,0,,,triagem/nome-caixa-conversao 1.0.0,3,ok
089842,per089842_1907_04031,4,0,0,,,triagem/nome-caixa-conversao 1.0.0,3,ok
089842,per089842_1907_04031,5,0,0,,,triagem/nome-caixa-conversao 1.0.0,3,ok
089842,per089842_1907_04031,6,0,0,,,triagem/nome-caixa-conversao 1.0.0,3,ok
089842,per089842_1907_04031,7,0,0,,,triagem/nome-caixa-conversao 1.0.0,3,ok
089842,per089842_1907_04031,8,0,0,,,triagem/nome-caixa-conversao 1.0.0,3,ok
089842,per089842_1907_04032,1,0,0,,,triagem/nome-caixa-conversao 1.0.0,3,ok
089842,per089842_1907_04032,2,0,0,,,triagem/nome-caixa-conversao 1.0.0,3,ok
089842,per089842_1907_04032,3,0,0,,,triagem/nome-caixa-conversao 1.0.0,3,ok
089842,per089842_1907_04032,4,0,0,,,triagem/nome-caixa-conversao 1.0.0,3,ok
089842,per089842_1907_04032,5,0,0,,,triagem/nome-caixa-conversao 1.0.0,3,ok
089842,per089842_1907_04032,6,0,0,,,triagem/nome-caixa-conversao 1.0.0,3,ok
089842,per089842_1907_04032,7,0,0,,,triagem/nome-caixa-conversao 1.0.0,3,ok
089842,per089842_1907_04032,8,0,0,,,triagem/nome-caixa-conversao 1.0.0,3,ok
089842,per089842_1907_04033,1,0,0,,,triagem/nome-caixa-conversao 1.0.0,3,ok
089842,per089842_1907_04033,2,0,0,,,triagem/nome-caixa-conversao 1.0.0,3,ok
089842,per089842_1907_04033,3,0,0,,,triagem/nome-caixa-conversao 1.0.0,3,ok
089842,per089842_1907_04033,4,0,0,,,triagem/nome-caixa-conversao 1.0.0,3,ok
089842,per089842_1907_04033,5,0,0,,,triagem/nome-caixa-conversao 1.0.0,3,ok
089842,per089842_1907_04033,6,0,0,,,triagem/nome-caixa-conversao 1.0.0,3,ok
089842,per089842_1907_04033,7,0,0,,,triagem/nome-caixa-conversao 1.0.0,3,ok
089842,per089842_1907_04033,8,0,0,,,triagem/nome-caixa-conversao 1.0.0,3,ok
089842,per089842_1907_04034,1,0,0,,,triagem/nome-caixa-conversao 1.0.0,3,ok
089842,per089842_1907_04034,2,0,0,,,triagem/nome-caixa-conversao 1.0.0,3,ok
089842,per089842_1907_04034,3,0,0,,,triagem/nome-caixa-conversao 1.0.0,3,ok
089842,per089842_1907_04034,4,0,0,,,triagem/nome-caixa-conversao 1.0.0,3,ok
089842,per089842_1907_04034,5,0,0,,,triagem/nome-caixa-conversao 1.0.0,3,ok
089842,per089842_1907_04034,6,0,0,,,triagem/nome-caixa-conversao 1.0.0,3,ok
089842,per089842_1907_04034,7,0,0,,,triagem/nome-caixa-conversao 1.0.0,3,ok
089842,per089842_1907_04034,8,0,0,,,triagem/nome-caixa-conversao 1.0.0,3,ok
089842,per089842_1907_04034,9,0,0,,,triagem/nome-caixa-conversao 1.0.0,3,ok
089842,per089842_1907_04034,10,0,0,,,triagem/nome-caixa-conversao 1.0.0,3,ok
089842,per089842_1907_04034,11,0,0,,,triagem/nome-caixa-conversao 1.0.0,3,ok
089842,per089842_1907_04034,12,0,0,,,triagem/nome-caixa-conversao 1.0.0,3,ok
089842,per089842_1907_04035,1,0,0,,,triagem/nome-caixa-conversao 1.0.0,3,ok
089842,per089842_1907_04035,2,0,0,,,triagem/nome-caixa-conversao 1.0.0,3,ok
089842,per089842_1907_04035,3,0,0,,,triagem/nome-caixa-conversao 1.0.0,3,ok
089842,per089842_1907_04035,4,0,0,,,triagem/nome-caixa-conversao 1.0.0,3,ok
089842,per089842_1907_04035,5,0,0,,,triagem/nome-caixa-conversao 1.0.0,3,ok
089842,per089842_1907_04035,6,0,0,,,triagem/nome-caixa-conversao 1.0.0,3,ok
089842,per089842_1907_04035,7,0,0,,,triagem/nome-caixa-conversao 1.0.0,3,ok
089842,per089842_1907_04035,8,0,0,,,triagem/nome-caixa-conversao 1.0.0,3,ok
089842,per089842_1907_04036,1,0,0,,,triagem/nome-caixa-conversao 1.0.0,3,ok
089842,per089842_1907_04036,2,0,0,,,triagem/nome-caixa-conversao 1.0.0,3,ok
089842,per089842_1907_04036,3,0,0,,,triagem/nome-caixa-conversao 1.0.0,3,ok
089842,per089842_1907_04036,4,0,0,,,triagem/nome-caixa-conversao 1.0.0,3,ok
089842,per089842_1907_04036,5,0,0,,,triagem/nome-caixa-conversao 1.0.0,3,ok
089842,per089842_1907_04036,6,0,0,,,triagem/nome-caixa-conversao 1.0.0,3,ok
089842,per089842_1907_04036,7,0,0,,,triagem/nome-caixa-conversao 1.0.0,3,ok
089842,per089842_1907_04036,8,0,0,,,triagem/nome-caixa-conversao 1.0.0,3,ok
089842,per089842_1907_04037,1,0,0,,,triagem/nome-caixa-conversao 1.0.0,3,ok
089842,per089842_1907_04037,2,0,0,,,triagem/nome-caixa-conversao 1.0.0,3,ok
089842,per089842_1907_04037,3,0,0,,,triagem/nome-caixa-conversao 1.0.0,3,ok
089842,per089842_1907_04037,4,0,0,,,triagem/nome-caixa-conversao 1.0.0,3,ok
089842,per089842_1907_04037,5,0,0,,,triagem/nome-caixa-conversao 1.0.0,3,ok
089842,per089842_1907_04037,6,0,0,,,triagem/nome-caixa-conversao 1.0.0,3,ok
089842,per089842_1907_04037,7,0,0,,,triagem/nome-caixa-conversao 1.0.0,3,ok
089842,per089842_1907_04037,8,0,0,,,triagem/nome-caixa-conversao 1.0.0,3,ok
089842,per089842_1907_04038,1,0,0,,,triagem/nome-caixa-conversao 1.0.0,3,ok
089842,per089842_1907_04038,2,0,0,,,triagem/nome-caixa-conversao 1.0.0,3,ok
089842,per089842_1907_04038,3,0,0,,,triagem/nome-caixa-conversao 1.0.0,3,ok
089842,per089842_1907_04038,4,0,0,,,triagem/nome-caixa-conversao 1.0.0,3,ok
089842,per089842_1907_04038,5,0,0,,,triagem/nome-caixa-conversao 1.0.0,3,ok
089842,per089842_1907_04038,6,0,0,,,triagem/nome-caixa-conversao 1.0.0,3,ok
089842,per089842_1907_04038,7,0,0,,,triagem/nome-caixa-conversao 1.0.0,3,ok
089842,per089842_1907_04038,8,0,0,,,triagem/nome-caixa-conversao 1.0.0,3,ok
089842,per089842_1907_04039,1,0,0,,,triagem/nome-caixa-conversao 1.0.0,3,ok
089842,per089842_1907_04039,2,0,0,,,triagem/nome-caixa-conversao 1.0.0,3,ok
089842,per089842_1907_04039,3,0,0,,,triagem/nome-caixa-conversao 1.0.0,3,ok
089842,per089842_1907_04039,4,0,0,,,triagem/nome-caixa-conversao 1.0.0,3,ok
089842,per089842_1907_04039,5,0,0,,,triagem/nome-caixa-conversao 1.0.0,3,ok
089842,per089842_1907_04039,6,0,0,,,triagem/nome-caixa-conversao 1.0.0,3,ok
089842,per089842_1907_04039,7,0,0,,,triagem/nome-caixa-conversao 1.0.0,3,ok
089842,per089842_1907_04039,8,0,0,,,triagem/nome-caixa-conversao 1.0.0,3,ok
089842,per089842_1907_04040,1,0,0,,,triagem/nome-caixa-conversao 1.0.0,3,ok
089842,per089842_1907_04040,2,0,0,,,triagem/nome-caixa-conversao 1.0.0,3,ok
089842,per089842_1907_04040,3,0,0,,,triagem/nome-caixa-conversao 1.0.0,3,ok
089842,per089842_1907_04040,4,0,0,,,triagem/nome-caixa-conversao 1.0.0,3,ok
089842,per089842_1907_04040,5,0,0,,,triagem/nome-caixa-conversao 1.0.0,3,ok
089842,per089842_1907_04040,6,0,0,,,triagem/nome-caixa-conversao 1.0.0,3,ok
089842,per089842_1907_04040,7,0,0,,,triagem/nome-caixa-conversao 1.0.0,3,ok
089842,per089842_1907_04040,8,0,0,,,triagem/nome-caixa-conversao 1.0.0,3,ok
089842,per089842_1907_04041,1,0,0,,,triagem/nome-caixa-conversao 1.0.0,3,ok
089842,per089842_1907_04041,2,0,0,,,triagem/nome-caixa-conversao 1.0.0,3,ok
089842,per089842_1907_04041,3,0,0,,,triagem/nome-caixa-conversao 1.0.0,3,ok
089842,per089842_1907_04041,4,0,0,,,triagem/nome-caixa-conversao 1.0.0,3,ok
089842,per089842_1907_04041,5,0,0,,,triagem/nome-caixa-conversao 1.0.0,3,ok
089842,per089842_1907_04041,6,0,0,,,triagem/nome-caixa-conversao 1.0.0,3,ok
089842,per089842_1907_04041,7,0,0,,,triagem/nome-caixa-conversao 1.0.0,3,ok
089842,per089842_1907_04041,8,0,0,,,triagem/nome-caixa-conversao 1.0.0,3,ok
089842,per089842_1907_04041,9,0,0,,,triagem/nome-caixa-conversao 1.0.0,3,ok
089842,per089842_1907_04041,10,0,0,,,triagem/nome-caixa-conversao 1.0.0,3,ok
089842,per089842_1907_04041,11,0,0,,,triagem/nome-caixa-conversao 1.0.0,3,ok
089842,per089842_1907_04041,12,0,0,,,triagem/nome-caixa-conversao 1.0.0,3,ok
089842,per089842_1907_04042,1,0,0,,,triagem/nome-caixa-conversao 1.0.0,3,ok
089842,per089842_1907_04042,2,0,0,,,triagem/nome-caixa-conversao 1.0.0,3,ok
089842,per089842_1907_04042,3,0,0,,,triagem/nome-caixa-conversao 1.0.0,3,ok
089842,per089842_1907_04042,4,0,0,,,triagem/nome-caixa-conversao 1.0.0,3,ok
089842,per089842_1907_04042,5,0,0,,,triagem/nome-caixa-conversao 1.0.0,3,ok
089842,per089842_1907_04042,6,0,0,,,triagem/nome-caixa-conversao 1.0.0,3,ok
089842,per089842_1907_04042,7,0,0,,,triagem/nome-caixa-conversao 1.0.0,3,ok
089842,per089842_1907_04042,8,0,0,,,triagem/nome-caixa-conversao 1.0.0,3,ok
089842,per089842_1907_04043,1,1,1,caixa de conver,10907,triagem/nome-caixa-conversao 1.0.0,3,ok
089842,per089842_1907_04043,2,1,1,caixa deconver,36254,triagem/nome-caixa-conversao 1.0.0,3,ok
089842,per089842_1907_04043,3,0,0,,,triagem/nome-caixa-conversao 1.0.0,3,ok
089842,per089842_1907_04043,4,0,0,,,triagem/nome-caixa-conversao 1.0.0,3,ok
089842,per089842_1907_04043,5,0,0,,,triagem/nome-caixa-conversao 1.0.0,3,ok
089842,per089842_1907_04043,6,0,0,,,triagem/nome-caixa-conversao 1.0.0,3,ok
089842,per089842_1907_04043,7,0,0,,,triagem/nome-caixa-conversao 1.0.0,3,ok
089842,per089842_1907_04043,8,0,0,,,triagem/nome-caixa-conversao 1.0.0,3,ok
089842,per089842_1907_04044,1,0,0,,,triagem/nome-caixa-conversao 1.0.0,3,ok
089842,per089842_1907_04044,2,0,0,,,triagem/nome-caixa-conversao 1.0.0,3,ok
089842,per089842_1907_04044,3,0,0,,,triagem/nome-caixa-conversao 1.0.0,3,ok
089842,per089842_1907_04044,4,0,0,,,triagem/nome-caixa-conversao 1.0.0,3,ok
089842,per089842_1907_04044,5,0,0,,,triagem/nome-caixa-conversao 1.0.0,3,ok
089842,per089842_1907_04044,6,0,0,,,triagem/nome-caixa-conversao 1.0.0,3,ok
089842,per089842_1907_04044,7,0,0,,,triagem/nome-caixa-conversao 1.0.0,3,ok
089842,per089842_1907_04044,8,0,0,,,triagem/nome-caixa-conversao 1.0.0,3,ok
089842,per089842_1907_04045,1,1,1,caixa dc conver,20139,triagem/nome-caixa-conversao 1.0.0,3,ok
089842,per089842_1907_04045,2,0,0,,,triagem/nome-caixa-conversao 1.0.0,3,ok
089842,per089842_1907_04045,3,0,0,,,triagem/nome-caixa-conversao 1.0.0,3,ok
089842,per089842_1907_04045,4,0,0,,,triagem/nome-caixa-conversao 1.0.0,3,ok
089842,per089842_1907_04045,5,0,0,,,triagem/nome-caixa-conversao 1.0.0,3,ok
089842,per089842_1907_04045,6,0,0,,,triagem/nome-caixa-conversao 1.0.0,3,ok
089842,per089842_1907_04045,7,0,0,,,triagem/nome-caixa-conversao 1.0.0,3,ok
089842,per089842_1907_04045,8,0,0,,,triagem/nome-caixa-conversao 1.0.0,3,ok
089842,per089842_1907_04046,1,1,1,caixa de conver,21945,triagem/nome-caixa-conversao 1.0.0,3,ok
089842,per089842_1907_04046,2,0,0,,,triagem/nome-caixa-conversao 1.0.0,3,ok
089842,per089842_1907_04046,3,0,0,,,triagem/nome-caixa-conversao 1.0.0,3,ok
089842,per089842_1907_04046,4,0,0,,,triagem/nome-caixa-conversao 1.0.0,3,ok
089842,per089842_1907_04046,5,0,0,,,triagem/nome-caixa-conversao 1.0.0,3,ok
089842,per089842_1907_04046,6,0,0,,,triagem/nome-caixa-conversao 1.0.0,3,ok
089842,per089842_1907_04046,7,0,0,,,triagem/nome-caixa-conversao 1.0.0,3,ok
089842,per089842_1907_04046,8,0,0,,,triagem/nome-caixa-conversao 1.0.0,3,ok
089842,per089842_1907_04047,1,0,0,,,triagem/nome-caixa-conversao 1.0.0,3,ok
089842,per089842_1907_04047,2,0,0,,,triagem/nome-caixa-conversao 1.0.0,3,ok
089842,per089842_1907_04047,3,0,0,,,triagem/nome-caixa-conversao 1.0.0,3,ok
089842,per089842_1907_04047,4,0,0,,,triagem/nome-caixa-conversao 1.0.0,3,ok
089842,per089842_1907_04047,5,0,0,,,triagem/nome-caixa-conversao 1.0.0,3,ok
089842,per089842_1907_04047,6,0,0,,,triagem/nome-caixa-conversao 1.0.0,3,ok
089842,per089842_1907_04047,7,0,0,,,triagem/nome-caixa-conversao 1.0.0,3,ok
089842,per089842_1907_04047,8,0,0,,,triagem/nome-caixa-conversao 1.0.0,3,ok
089842,per089842_1907_04048,1,0,0,,,triagem/nome-caixa-conversao 1.0.0,3,ok
089842,per089842_1907_04048,2,0,0,,,triagem/nome-caixa-conversao 1.0.0,3,ok
089842,per089842_1907_04048,3,0,0,,,triagem/nome-caixa-conversao 1.0.0,3,ok
089842,per089842_1907_04048,4,0,0,,,triagem/nome-caixa-conversao 1.0.0,3,ok
089842,per089842_1907_04048,5,1,1,caixa de conver,15819,triagem/nome-caixa-conversao 1.0.0,3,ok
089842,per089842_1907_04048,6,0,0,,,triagem/nome-caixa-conversao 1.0.0,3,ok
089842,per089842_1907_04048,7,0,0,,,triagem/nome-caixa-conversao 1.0.0,3,ok
089842,per089842_1907_04048,8,0,0,,,triagem/nome-caixa-conversao 1.0.0,3,ok
089842,per089842_1907_04048,9,0,0,,,triagem/nome-caixa-conversao 1.0.0,3,ok
089842,per089842_1907_04048,10,0,0,,,triagem/nome-caixa-conversao 1.0.0,3,ok
089842,per089842_1907_04048,11,0,0,,,triagem/nome-caixa-conversao 1.0.0,3,ok
089842,per089842_1907_04048,12,0,0,,,triagem/nome-caixa-conversao 1.0.0,3,ok
089842,per089842_1907_04049,1,0,0,,,triagem/nome-caixa-conversao 1.0.0,3,ok
089842,per089842_1907_04049,2,0,0,,,triagem/nome-caixa-conversao 1.0.0,3,ok
089842,per089842_1907_04049,3,0,0,,,triagem/nome-caixa-conversao 1.0.0,3,ok
089842,per089842_1907_04049,4,0,0,,,triagem/nome-caixa-conversao 1.0.0,3,ok
089842,per089842_1907_04049,5,0,0,,,triagem/nome-caixa-conversao 1.0.0,3,ok
089842,per089842_1907_04049,6,0,0,,,triagem/nome-caixa-conversao 1.0.0,3,ok
089842,per089842_1907_04050,1,0,0,,,triagem/nome-caixa-conversao 1.0.0,3,ok
089842,per089842_1907_04050,2,0,0,,,triagem/nome-caixa-conversao 1.0.0,3,ok
089842,per089842_1907_04050,3,0,0,,,triagem/nome-caixa-conversao 1.0.0,3,ok
089842,per089842_1907_04050,4,0,0,,,triagem/nome-caixa-conversao 1.0.0,3,ok
089842,per089842_1907_04050,5,0,0,,,triagem/nome-caixa-conversao 1.0.0,3,ok
089842,per089842_1907_04050,6,0,0,,,triagem/nome-caixa-conversao 1.0.0,3,ok
089842,per089842_1907_04050,7,0,0,,,triagem/nome-caixa-conversao 1.0.0,3,ok
089842,per089842_1907_04050,8,0,0,,,triagem/nome-caixa-conversao 1.0.0,3,ok
089842,per089842_1907_04051,1,1,1,caixa de conver,19983,triagem/nome-caixa-conversao 1.0.0,3,ok
089842,per089842_1907_04051,2,0,0,,,triagem/nome-caixa-conversao 1.0.0,3,ok
089842,per089842_1907_04051,3,0,0,,,triagem/nome-caixa-conversao 1.0.0,3,ok
089842,per089842_1907_04051,4,0,0,,,triagem/nome-caixa-conversao 1.0.0,3,ok
089842,per089842_1907_04051,5,0,0,,,triagem/nome-caixa-conversao 1.0.0,3,ok
089842,per089842_1907_04051,6,0,0,,,triagem/nome-caixa-conversao 1.0.0,3,ok
089842,per089842_1907_04051,7,0,0,,,triagem/nome-caixa-conversao 1.0.0,3,ok
089842,per089842_1907_04051,8,0,0,,,triagem/nome-caixa-conversao 1.0.0,3,ok
089842,per089842_1907_04052,1,0,0,,,triagem/nome-caixa-conversao 1.0.0,3,ok
089842,per089842_1907_04052,2,1,2,caixa do conver,5841,triagem/nome-caixa-conversao 1.0.0,3,ok
089842,per089842_1907_04052,3,0,0,,,triagem/nome-caixa-conversao 1.0.0,3,ok
089842,per089842_1907_04052,4,0,0,,,triagem/nome-caixa-conversao 1.0.0,3,ok
089842,per089842_1907_04052,5,0,0,,,triagem/nome-caixa-conversao 1.0.0,3,ok
089842,per089842_1907_04052,6,0,0,,,triagem/nome-caixa-conversao 1.0.0,3,ok
089842,per089842_1907_04052,7,0,0,,,triagem/nome-caixa-conversao 1.0.0,3,ok
089842,per089842_1907_04052,8,0,0,,,triagem/nome-caixa-conversao 1.0.0,3,ok
089842,per089842_1907_04053,1,0,0,,,triagem/nome-caixa-conversao 1.0.0,3,ok
089842,per089842_1907_04053,2,0,0,,,triagem/nome-caixa-conversao 1.0.0,3,ok
089842,per089842_1907_04053,3,0,0,,,triagem/nome-caixa-conversao 1.0.0,3,ok
089842,per089842_1907_04053,4,0,0,,,triagem/nome-caixa-conversao 1.0.0,3,ok
089842,per089842_1907_04053,5,0,0,,,triagem/nome-caixa-conversao 1.0.0,3,ok
089842,per089842_1907_04053,6,0,0,,,triagem/nome-caixa-conversao 1.0.0,3,ok
089842,per089842_1907_04053,7,0,0,,,triagem/nome-caixa-conversao 1.0.0,3,ok
089842,per089842_1907_04053,8,0,0,,,triagem/nome-caixa-conversao 1.0.0,3,ok
089842,per089842_1907_04054,1,0,0,,,triagem/nome-caixa-conversao 1.0.0,3,ok
089842,per089842_1907_04054,2,0,0,,,triagem/nome-caixa-conversao 1.0.0,3,ok
089842,per089842_1907_04054,3,0,0,,,triagem/nome-caixa-conversao 1.0.0,3,ok
089842,per089842_1907_04054,4,0,0,,,triagem/nome-caixa-conversao 1.0.0,3,ok
089842,per089842_1907_04054,5,0,0,,,triagem/nome-caixa-conversao 1.0.0,3,ok
089842,per089842_1907_04054,6,0,0,,,triagem/nome-caixa-conversao 1.0.0,3,ok
089842,per089842_1907_04054,7,0,0,,,triagem/nome-caixa-conversao 1.0.0,3,ok
089842,per089842_1907_04054,8,0,0,,,triagem/nome-caixa-conversao 1.0.0,3,ok
089842,per089842_1907_04055,1,0,0,,,triagem/nome-caixa-conversao 1.0.0,3,ok
089842,per089842_1907_04055,2,0,0,,,triagem/nome-caixa-conversao 1.0.0,3,ok
089842,per089842_1907_04055,3,0,0,,,triagem/nome-caixa-conversao 1.0.0,3,ok
089842,per089842_1907_04055,4,0,0,,,triagem/nome-caixa-conversao 1.0.0,3,ok
089842,per089842_1907_04055,5,0,0,,,triagem/nome-caixa-conversao 1.0.0,3,ok
089842,per089842_1907_04055,6,0,0,,,triagem/nome-caixa-conversao 1.0.0,3,ok
089842,per089842_1907_04055,7,0,0,,,triagem/nome-caixa-conversao 1.0.0,3,ok
089842,per089842_1907_04055,8,0,0,,,triagem/nome-caixa-conversao 1.0.0,3,ok
089842,per089842_1907_04055,9,0,0,,,triagem/nome-caixa-conversao 1.0.0,3,ok
089842,per089842_1907_04055,10,0,0,,,triagem/nome-caixa-conversao 1.0.0,3,ok
089842,per089842_1907_04055,11,0,0,,,triagem/nome-caixa-conversao 1.0.0,3,ok
089842,per089842_1907_04055,12,0,0,,,triagem/nome-caixa-conversao 1.0.0,3,ok
089842,per089842_1907_04056,1,0,0,,,triagem/nome-caixa-conversao 1.0.0,3,ok
089842,per089842_1907_04056,2,0,0,,,triagem/nome-caixa-conversao 1.0.0,3,ok
089842,per089842_1907_04056,3,0,0,,,triagem/nome-caixa-conversao 1.0.0,3,ok
089842,per089842_1907_04056,4,0,0,,,triagem/nome-caixa-conversao 1.0.0,3,ok
089842,per089842_1907_04056,5,0,0,,,triagem/nome-caixa-conversao 1.0.0,3,ok
089842,per089842_1907_04056,6,0,0,,,triagem/nome-caixa-conversao 1.0.0,3,ok
089842,per089842_1907_04056,7,0,0,,,triagem/nome-caixa-conversao 1.0.0,3,ok
089842,per089842_1907_04056,8,0,0,,,triagem/nome-caixa-conversao 1.0.0,3,ok
089842,per089842_1907_04057,1,0,0,,,triagem/nome-caixa-conversao 1.0.0,3,ok
089842,per089842_1907_04057,2,0,0,,,triagem/nome-caixa-conversao 1.0.0,3,ok
089842,per089842_1907_04057,3,0,0,,,triagem/nome-caixa-conversao 1.0.0,3,ok
089842,per089842_1907_04057,4,0,0,,,triagem/nome-caixa-conversao 1.0.0,3,ok
089842,per089842_1907_04057,5,0,0,,,triagem/nome-caixa-conversao 1.0.0,3,ok
089842,per089842_1907_04057,6,0,0,,,triagem/nome-caixa-conversao 1.0.0,3,ok
089842,per089842_1907_04057,7,0,0,,,triagem/nome-caixa-conversao 1.0.0,3,ok
089842,per089842_1907_04057,8,0,0,,,triagem/nome-caixa-conversao 1.0.0,3,ok
089842,per089842_1907_04058,1,1,1,caixa dc conver,8285,triagem/nome-caixa-conversao 1.0.0,3,ok
089842,per089842_1907_04058,2,0,0,,,triagem/nome-caixa-conversao 1.0.0,3,ok
089842,per089842_1907_04058,3,1,1,caixa de conver,167,triagem/nome-caixa-conversao 1.0.0,3,ok
089842,per089842_1907_04058,4,0,0,,,triagem/nome-caixa-conversao 1.0.0,3,ok
089842,per089842_1907_04058,5,0,0,,,triagem/nome-caixa-conversao 1.0.0,3,ok
089842,per089842_1907_04058,6,0,0,,,triagem/nome-caixa-conversao 1.0.0,3,ok
089842,per089842_1907_04058,7,0,0,,,triagem/nome-caixa-conversao 1.0.0,3,ok
089842,per089842_1907_04058,8,0,0,,,triagem/nome-caixa-conversao 1.0.0,3,ok
089842,per089842_1907_04059,1,1,1,caixa dc conver,34063,triagem/nome-caixa-conversao 1.0.0,3,ok
089842,per089842_1907_04059,2,0,0,,,triagem/nome-caixa-conversao 1.0.0,3,ok
089842,per089842_1907_04059,3,0,0,,,triagem/nome-caixa-conversao 1.0.0,3,ok
089842,per089842_1907_04059,4,0,0,,,triagem/nome-caixa-conversao 1.0.0,3,ok
089842,per089842_1907_04059,5,0,0,,,triagem/nome-caixa-conversao 1.0.0,3,ok
089842,per089842_1907_04059,6,0,0,,,triagem/nome-caixa-conversao 1.0.0,3,ok
089842,per089842_1907_04059,7,0,0,,,triagem/nome-caixa-conversao 1.0.0,3,ok
089842,per089842_1907_04059,8,0,0,,,triagem/nome-caixa-conversao 1.0.0,3,ok
089842,per089842_1907_04060,1,0,0,,,triagem/nome-caixa-conversao 1.0.0,3,ok
089842,per089842_1907_04060,2,0,0,,,triagem/nome-caixa-conversao 1.0.0,3,ok
089842,per089842_1907_04060,3,0,0,,,triagem/nome-caixa-conversao 1.0.0,3,ok
089842,per089842_1907_04060,4,0,0,,,triagem/nome-caixa-conversao 1.0.0,3,ok
089842,per089842_1907_04060,5,0,0,,,triagem/nome-caixa-conversao 1.0.0,3,ok
089842,per089842_1907_04060,6,0,0,,,triagem/nome-caixa-conversao 1.0.0,3,ok
089842,per089842_1907_04060,7,0,0,,,triagem/nome-caixa-conversao 1.0.0,3,ok
089842,per089842_1907_04060,8,0,0,,,triagem/nome-caixa-conversao 1.0.0,3,ok
089842,per089842_1907_04061,1,1,1,caixa de conver,9145,triagem/nome-caixa-conversao 1.0.0,3,ok
089842,per089842_1907_04061,2,0,0,,,triagem/nome-caixa-conversao 1.0.0,3,ok
089842,per089842_1907_04061,3,0,0,,,triagem/nome-caixa-conversao 1.0.0,3,ok
089842,per089842_1907_04061,4,0,0,,,triagem/nome-caixa-conversao 1.0.0,3,ok
089842,per089842_1907_04061,5,0,0,,,triagem/nome-caixa-conversao 1.0.0,3,ok
089842,per089842_1907_04061,6,0,0,,,triagem/nome-caixa-conversao 1.0.0,3,ok
089842,per089842_1907_04061,7,0,0,,,triagem/nome-caixa-conversao 1.0.0,3,ok
089842,per089842_1907_04061,8,0,0,,,triagem/nome-caixa-conversao 1.0.0,3,ok
089842,per089842_1907_04062,1,0,0,,,triagem/nome-caixa-conversao 1.0.0,3,ok
089842,per089842_1907_04062,2,0,0,,,triagem/nome-caixa-conversao 1.0.0,3,ok
089842,per089842_1907_04062,3,0,0,,,triagem/nome-caixa-conversao 1.0.0,3,ok
089842,per089842_1907_04062,4,0,0,,,triagem/nome-caixa-conversao 1.0.0,3,ok
089842,per089842_1907_04062,5,0,0,,,triagem/nome-caixa-conversao 1.0.0,3,ok
089842,per089842_1907_04062,6,0,0,,,triagem/nome-caixa-conversao 1.0.0,3,ok
089842,per089842_1907_04062,7,0,0,,,triagem/nome-caixa-conversao 1.0.0,3,ok
089842,per089842_1907_04062,8,0,0,,,triagem/nome-caixa-conversao 1.0.0,3,ok
089842,per089842_1907_04062,9,0,0,,,triagem/nome-caixa-conversao 1.0.0,3,ok
089842,per089842_1907_04062,10,0,0,,,triagem/nome-caixa-conversao 1.0.0,3,ok
089842,per089842_1907_04062,11,0,0,,,triagem/nome-caixa-conversao 1.0.0,3,ok
089842,per089842_1907_04062,12,0,0,,,triagem/nome-caixa-conversao 1.0.0,3,ok
089842,per089842_1907_04063,1,0,0,,,triagem/nome-caixa-conversao 1.0.0,3,ok
089842,per089842_1907_04063,2,0,0,,,triagem/nome-caixa-conversao 1.0.0,3,ok
089842,per089842_1907_04063,3,1,1,caixa do conver,17436,triagem/nome-caixa-conversao 1.0.0,3,ok
089842,per089842_1907_04063,4,0,0,,,triagem/nome-caixa-conversao 1.0.0,3,ok
089842,per089842_1907_04063,5,0,0,,,triagem/nome-caixa-conversao 1.0.0,3,ok
089842,per089842_1907_04063,6,0,0,,,triagem/nome-caixa-conversao 1.0.0,3,ok
089842,per089842_1907_04064,1,1,1,caixa de conver,14402,triagem/nome-caixa-conversao 1.0.0,3,ok
089842,per089842_1907_04064,2,0,0,,,triagem/nome-caixa-conversao 1.0.0,3,ok
089842,per089842_1907_04064,3,0,0,,,triagem/nome-caixa-conversao 1.0.0,3,ok
089842,per089842_1907_04064,4,0,0,,,triagem/nome-caixa-conversao 1.0.0,3,ok
089842,per089842_1907_04064,5,0,0,,,triagem/nome-caixa-conversao 1.0.0,3,ok
089842,per089842_1907_04064,6,0,0,,,triagem/nome-caixa-conversao 1.0.0,3,ok
089842,per089842_1907_04064,7,0,0,,,triagem/nome-caixa-conversao 1.0.0,3,ok
089842,per089842_1907_04064,8,0,0,,,triagem/nome-caixa-conversao 1.0.0,3,ok
089842,per089842_1907_04065,1,0,0,,,triagem/nome-caixa-conversao 1.0.0,3,ok
089842,per089842_1907_04065,2,1,1,caixa db conver,3083,triagem/nome-caixa-conversao 1.0.0,3,ok
089842,per089842_1907_04065,3,0,0,,,triagem/nome-caixa-conversao 1.0.0,3,ok
089842,per089842_1907_04065,4,0,0,,,triagem/nome-caixa-conversao 1.0.0,3,ok
089842,per089842_1907_04065,5,0,0,,,triagem/nome-caixa-conversao 1.0.0,3,ok
089842,per089842_1907_04065,6,0,0,,,triagem/nome-caixa-conversao 1.0.0,3,ok
089842,per089842_1907_04065,7,0,0,,,triagem/nome-caixa-conversao 1.0.0,3,ok
089842,per089842_1907_04065,8,0,0,,,triagem/nome-caixa-conversao 1.0.0,3,ok
089842,per089842_1907_04066,1,0,0,,,triagem/nome-caixa-conversao 1.0.0,3,ok
089842,per089842_1907_04066,2,0,0,,,triagem/nome-caixa-conversao 1.0.0,3,ok
089842,per089842_1907_04066,3,0,0,,,triagem/nome-caixa-conversao 1.0.0,3,ok
089842,per089842_1907_04066,4,0,0,,,triagem/nome-caixa-conversao 1.0.0,3,ok
089842,per089842_1907_04066,5,0,0,,,triagem/nome-caixa-conversao 1.0.0,3,ok
089842,per089842_1907_04066,6,0,0,,,triagem/nome-caixa-conversao 1.0.0,3,ok
089842,per089842_1907_04066,7,0,0,,,triagem/nome-caixa-conversao 1.0.0,3,ok
089842,per089842_1907_04066,8,0,0,,,triagem/nome-caixa-conversao 1.0.0,3,ok
089842,per089842_1907_04067,1,1,1,caixa de conver,18100,triagem/nome-caixa-conversao 1.0.0,3,ok
089842,per089842_1907_04067,2,0,0,,,triagem/nome-caixa-conversao 1.0.0,3,ok
089842,per089842_1907_04067,3,0,0,,,triagem/nome-caixa-conversao 1.0.0,3,ok
089842,per089842_1907_04067,4,0,0,,,triagem/nome-caixa-conversao 1.0.0,3,ok
089842,per089842_1907_04067,5,0,0,,,triagem/nome-caixa-conversao 1.0.0,3,ok
089842,per089842_1907_04067,6,0,0,,,triagem/nome-caixa-conversao 1.0.0,3,ok
089842,per089842_1907_04067,7,0,0,,,triagem/nome-caixa-conversao 1.0.0,3,ok
089842,per089842_1907_04067,8,0,0,,,triagem/nome-caixa-conversao 1.0.0,3,ok
089842,per089842_1907_04068,1,0,0,,,triagem/nome-caixa-conversao 1.0.0,3,ok
089842,per089842_1907_04068,2,0,0,,,triagem/nome-caixa-conversao 1.0.0,3,ok
089842,per089842_1907_04068,3,0,0,,,triagem/nome-caixa-conversao 1.0.0,3,ok
089842,per089842_1907_04068,4,0,0,,,triagem/nome-caixa-conversao 1.0.0,3,ok
089842,per089842_1907_04068,5,0,0,,,triagem/nome-caixa-conversao 1.0.0,3,ok
089842,per089842_1907_04068,6,0,0,,,triagem/nome-caixa-conversao 1.0.0,3,ok
089842,per089842_1907_04068,7,0,0,,,triagem/nome-caixa-conversao 1.0.0,3,ok
089842,per089842_1907_04068,8,0,0,,,triagem/nome-caixa-conversao 1.0.0,3,ok
089842,per089842_1907_04069,1,0,0,,,triagem/nome-caixa-conversao 1.0.0,3,ok
089842,per089842_1907_04069,2,0,0,,,triagem/nome-caixa-conversao 1.0.0,3,ok
089842,per089842_1907_04069,3,0,0,,,triagem/nome-caixa-conversao 1.0.0,3,ok
089842,per089842_1907_04069,4,0,0,,,triagem/nome-caixa-conversao 1.0.0,3,ok
089842,per089842_1907_04069,5,0,0,,,triagem/nome-caixa-conversao 1.0.0,3,ok
089842,per089842_1907_04069,6,0,0,,,triagem/nome-caixa-conversao 1.0.0,3,ok
089842,per089842_1907_04069,7,0,0,,,triagem/nome-caixa-conversao 1.0.0,3,ok
089842,per089842_1907_04069,8,0,0,,,triagem/nome-caixa-conversao 1.0.0,3,ok
089842,per089842_1907_04069,9,0,0,,,triagem/nome-caixa-conversao 1.0.0,3,ok
089842,per089842_1907_04069,10,0,0,,,triagem/nome-caixa-conversao 1.0.0,3,ok
089842,per089842_1907_04069,11,0,0,,,triagem/nome-caixa-conversao 1.0.0,3,ok
089842,per089842_1907_04069,12,0,0,,,triagem/nome-caixa-conversao 1.0.0,3,ok
089842,per089842_1907_04070,1,0,0,,,triagem/nome-caixa-conversao 1.0.0,3,ok
089842,per089842_1907_04070,2,0,0,,,triagem/nome-caixa-conversao 1.0.0,3,ok
089842,per089842_1907_04070,3,0,0,,,triagem/nome-caixa-conversao 1.0.0,3,ok
089842,per089842_1907_04070,4,0,0,,,triagem/nome-caixa-conversao 1.0.0,3,ok
089842,per089842_1907_04070,5,0,0,,,triagem/nome-caixa-conversao 1.0.0,3,ok
089842,per089842_1907_04070,6,0,0,,,triagem/nome-caixa-conversao 1.0.0,3,ok
089842,per089842_1907_04070,7,0,0,,,triagem/nome-caixa-conversao 1.0.0,3,ok
089842,per089842_1907_04070,8,0,0,,,triagem/nome-caixa-conversao 1.0.0,3,ok
