bib,source_identifier,page_number,hit,n_matches,primeiro_span_texto,primeiro_span_offset,regra_versao,extraction_run_id,result_status
090972,per090972_1906_15229,1,0,0,,,triagem/nome-caixa-conversao 1.0.0,11,ok
090972,per090972_1906_15229,2,0,0,,,triagem/nome-caixa-conversao 1.0.0,11,ok
090972,per090972_1906_15229,3,0,0,,,triagem/nome-caixa-conversao 1.0.0,11,ok
090972,per090972_1906_15229,4,0,0,,,triagem/nome-caixa-conversao 1.0.0,11,ok
090972,per090972_1906_15229,5,0,0,,,triagem/nome-caixa-conversao 1.0.0,11,ok
090972,per090972_1906_15229,6,0,0,,,triagem/nome-caixa-conversao 1.0.0,11,ok
090972,per090972_1906_15229,7,0,0,,,triagem/nome-caixa-conversao 1.0.0,11,ok
090972,per090972_1906_15229,8,0,0,,,triagem/nome-caixa-conversao 1.0.0,11,ok
090972,per090972_1906_15230,1,0,0,,,triagem/nome-caixa-conversao 1.0.0,11,ok
090972,per090972_1906_15230,2,0,0,,,triagem/nome-caixa-conversao 1.0.0,11,ok
090972,per090972_1906_15230,3,0,0,,,triagem/nome-caixa-conversao 1.0.0,11,ok
090972,per090972_1906_15230,4,0,0,,,triagem/nome-caixa-conversao 1.0.0,11,ok
090972,per090972_1906_15231,1,0,0,,,triagem/nome-caixa-conversao 1.0.0,11,ok
090972,per090972_1906_15231,2,0,0,,,triagem/nome-caixa-conversao 1.0.0,11,ok
090972,per090972_1906_15231,3,0,0,,,triagem/nome-caixa-conversao 1.0.0,11,ok
090972,per090972_1906_15231,4,0,0,,,triagem/nome-caixa-conversao 1.0.0,11,ok
090972,per090972_1906_15231,5,0,0,,,triagem/nome-caixa-conversao 1.0.0,11,ok
090972,per090972_1906_15231,6,0,0,,,triagem/nome-caixa-conversao 1.0.0,11,ok
090972,per090972_1906_15232,1,0,0,,,triagem/nome-caixa-conversao 1.0.0,11,ok
090972,per090972_1906_15232,2,0,0,,,triagem/nome-caixa-conversao 1.0.0,11,ok
090972,per090972_1906_15232,3,0,0,,,triagem/nome-caixa-conversao 1.0.0,11,ok
090972,per090972_1906_15232,4,0,0,,,triagem/nome-caixa-conversao 1.0.0,11,ok
090972,per090972_1906_15232,5,0,0,,,triagem/nome-caixa-conversao 1.0.0,11,ok
090972,per090972_1906_15232,6,0,0,,,triagem/nome-caixa-conversao 1.0.0,11,ok
090972,per090972_1906_15233,1,0,0,,,triagem/nome-caixa-conversao 1.0.0,11,ok
090972,per090972_1906_15233,2,0,0,,,triagem/nome-caixa-conversao 1.0.0,11,ok
090972,per090972_1906_15233,3,0,0,,,triagem/nome-caixa-conversao 1.0.0,11,ok
090972,per090972_1906_15233,4,0,0,,,triagem/nome-caixa-conversao 1.0.0,11,ok
090972,per090972_1906_15233,5,0,0,,,triagem/nome-caixa-conversao 1.0.0,11,ok
090972,per090972_1906_15233,6,0,0,,,triagem/nome-caixa-conversao 1.0.0,11,ok
090972,per090972_1906_15234,1,0,0,,,triagem/nome-caixa-conversao 1.0.0,11,ok
090972,per090972_1906_15234,2,0,0,,,triagem/nome-caixa-conversao 1.0.0,11,ok
090972,per090972_1906_15234,3,0,0,,,triagem/nome-caixa-conversao 1.0.0,11,ok
090972,per090972_1906_15234,4,0,0,,,triagem/nome-caixa-conversao 1.0.0,11,ok
090972,per090972_1906_15234,5,0,0,,,triagem/nome-caixa-conversao 1.0.0,11,ok
090972,per090972_1906_15234,6,0,0,,,triagem/nome-caixa-conversao 1.0.0,11,ok
090972,per090972_1906_15235,1,0,0,,,triagem/nome-caixa-conversao 1.0.0,11,ok
090972,per090972_1906_15235,2,0,0,,,triagem/nome-caixa-conversao 1.0.0,11,ok
090972,per090972_1906_15235,3,0,0,,,triagem/nome-caixa-conversao 1.0.0,11,ok
090972,per090972_1906_15235,4,0,0,,,triagem/nome-caixa-conversao 1.0.0,11,ok
090972,per090972_1906_15235,5,0,0,,,triagem/nome-caixa-conversao 1.0.0,11,ok
090972,per090972_1906_15235,6,0,0,,,triagem/nome-caixa-conversao 1.0.0,11,ok
090972,per090972_1906_15236,1,0,0,,,triagem/nome-caixa-conversao 1.0.0,11,ok
090972,per090972_1906_15236,2,0,0,,,triagem/nome-caixa-conversao 1.0.0,11,ok
090972,per090972_1906_15236,3,0,0,,,triagem/nome-caixa-conversao 1.0.0,11,ok
090972,per090972_1906_15236,4,0,0,,,triagem/nome-caixa-conversao 1.0.0,11,ok
090972,per090972_1906_15237,1,0,0,,,triagem/nome-caixa-conversao 1.0.0,11,ok
090972,per090972_1906_15237,2,0,0,,,triagem/nome-caixa-conversao 1.0.0,11,ok
090972,per090972_1906_15237,3,0,0,,,triagem/nome-caixa-conversao 1.0.0,11,ok
090972,per090972_1906_15237,4,0,0,,,triagem/nome-caixa-conversao 1.0.0,11,ok
090972,per090972_1906_15238,1,0,0,,,triagem/nome-caixa-conversao 1.0.0,11,ok
090972,per090972_1906_15238,2,0,0,,,triagem/nome-caixa-conversao 1.0.0,11,ok
090972,per090972_1906_15238,3,0,0,,,triagem/nome-caixa-conversao 1.0.0,11,ok
090972,per090972_1906_15238,4,0,0,,,triagem/nome-caixa-conversao 1.0.0,11,ok
090972,per090972_1906_15238,5,0,0,,,triagem/nome-caixa-conversao 1.0.0,11,ok
090972,per090972_1906_15238,6,0,0,,,triagem/nome-caixa-conversao 1.0.0,11,ok
090972,per090972_1906_15239,1,0,0,,,triagem/nome-caixa-conversao 1.0.0,11,ok
090972,per090972_1906_15239,2,0,0,,,triagem/nome-caixa-conversao 1.0.0,11,ok
090972,per090972_1906_15239,3,0,0,,,triagem/nome-caixa-conversao 1.0.0,11,ok
090972,per090972_1906_15239,4,0,0,,,triagem/nome-caixa-conversao 1.0.0,11,ok
090972,per090972_1906_15239,5,0,0,,,triagem/nome-caixa-conversao 1.0.0,11,ok
090972,per090972_1906_15239,6,0,0,,,triagem/nome-caixa-conversao 1.0.0,11,ok
090972,per090972_1906_15239,7,0,0,,,triagem/nome-caixa-conversao 1.0.0,11,ok
090972,per090972_1906_15239,8,0,0,,,triagem/nome-caixa-conversao 1.0.0,11,ok
090972,per090972_1906_15240,1,0,0,,,triagem/nome-caixa-conversao 1.0.0,11,ok
090972,per090972_1906_15240,2,0,0,,,triagem/nome-caixa-conversao 1.0.0,11,ok
090972,per090972_1906_15240,3,0,0,,,triagem/nome-caixa-conversao 1.0.0,11,ok
090972,per090972_1906_15240,4,0,0,,,triagem/nome-caixa-conversao 1.0.0,11,ok
090972,per090972_1906_15241,1,0,0,,,triagem/nome-caixa-conversao 1.0.0,11,ok
090972,per090972_1906_15241,2,0,0,,,triagem/nome-caixa-conversao 1.0.0,11,ok
090972,per090972_1906_15241,3,0,0,,,triagem/nome-caixa-conversao 1.0.0,11,ok
090972,per090972_1906_15241,4,0,0,,,triagem/nome-caixa-conversao 1.0.0,11,ok
090972,per090972_1906_15241,5,0,0,,,triagem/nome-caixa-conversao 1.0.0,11,ok
090972,per090972_1906_15241,6,0,0,,,triagem/nome-caixa-conversao 1.0.0,11,ok
090972,per090972_1906_15242,1,0,0,,,triagem/nome-caixa-conversao 1.0.0,11,ok
090972,per090972_1906_15242,2,0,0,,,triagem/nome-caixa-conversao 1.0.0,11,ok
090972,per090972_1906_15242,3,0,0,,,triagem/nome-caixa-conversao 1.0.0,11,ok
090972,per090972_1906_15242,4,0,0,,,triagem/nome-caixa-conversao 1.0.0,11,ok
090972,per090972_1906_15242,5,0,0,,,triagem/nome-caixa-conversao 1.0.0,11,ok
090972,per090972_1906_15242,6,0,0,,,triagem/nome-caixa-conversao 1.0.0,11,ok
090972,per090972_1906_15243,1,0,0,,,triagem/nome-caixa-conversao 1.0.0,11,ok
090972,per090972_1906_15243,2,0,0,,,triagem/nome-caixa-conversao 1.0.0,11,ok
090972,per090972_1906_15243,3,0,0,,,triagem/nome-caixa-conversao 1.0.0,11,ok
090972,per090972_1906_15243,4,0,0,,,triagem/nome-caixa-conversao 1.0.0,11,ok
090972,per090972_1906_15244,1,0,0,,,triagem/nome-caixa-conversao 1.0.0,11,ok
090972,per090972_1906_15244,2,0,0,,,triagem/nome-caixa-conversao 1.0.0,11,ok
090972,per090972_1906_15244,3,0,0,,,triagem/nome-caixa-conversao 1.0.0,11,ok
090972,per090972_1906_15244,4,0,0,,,triagem/nome-caixa-conversao 1.0.0,11,ok
090972,per090972_1906_15245,1,0,0,,,triagem/nome-caixa-conversao 1.0.0,11,ok
090972,per090972_1906_15245,2,0,0,,,triagem/nome-caixa-conversao 1.0.0,11,ok
090972,per090972_1906_15245,3,0,0,,,triagem/nome-caixa-conversao 1.0.0,11,ok
090972,per090972_1906_15245,4,0,0,,,triagem/nome-caixa-conversao 1.0.0,11,ok
090972,per090972_1906_15245,5,0,0,,,triagem/nome-caixa-conversao 1.0.0,11,ok
090972,per090972_1906_15245,6,0,0,,,triagem/nome-caixa-conversao 1.0.0,11,ok
090972,per090972_1906_15246,1,0,0,,,triagem/nome-caixa-conversao 1.0.0,11,ok
090972,per090972_1906_15246,2,0,0,,,triagem/nome-caixa-conversao 1.0.0,11,ok
090972,per090972_1906_15246,3,0,0,,,triagem/nome-caixa-conversao 1.0.0,11,ok
090972,per090972_1906_15246,4,0,0,,,triagem/nome-caixa-conversao 1.0.0,11,ok
090972,per090972_1906_15246,5,0,0,,,triagem/nome-caixa-conversao 1.0.0,11,ok
090972,per090972_1906_15246,6,0,0,,,triagem/nome-caixa-conversao 1.0.0,11,ok
090972,per090972_1906_15247,1,0,0,,,triagem/nome-caixa-conversao 1.0.0,11,ok
090972,per090972_1906_15247,2,0,0,,,triagem/nome-caixa-conversao 1.0.0,11,ok
090972,per090972_1906_15247,3,0,0,,,triagem/nome-caixa-conversao 1.0.0,11,ok
090972,per090972_1906_15247,4,0,0,,,triagem/nome-caixa-conversao 1.0.0,11,ok
090972,per090972_1906_15247,5,0,0,,,triagem/nome-caixa-conversao 1.0.0,11,ok
090972,per090972_1906_15247,6,0,0,,,triagem/nome-caixa-conversao 1.0.0,11,ok
090972,per090972_1906_15248,1,0,0,,,triagem/nome-caixa-conversao 1.0.0,11,ok
090972,per090972_1906_15248,2,0,0,,,triagem/nome-caixa-conversao 1.0.0,11,ok
090972,per090972_1906_15248,3,0,0,,,triagem/nome-caixa-conversao 1.0.0,11,ok
090972,per090972_1906_15248,4,0,0,,,triagem/nome-caixa-conversao 1.0.0,11,ok
090972,per090972_1906_15248,5,0,0,,,triagem/nome-caixa-conversao 1.0.0,11,ok
090972,per090972_1906_15248,6,0,0,,,triagem/nome-caixa-conversao 1.0.0,11,ok
090972,per090972_1906_15249,1,0,0,,,triagem/nome-caixa-conversao 1.0.0,11,ok
090972,per090972_1906_15249,2,0,0,,,triagem/nome-caixa-conversao 1.0.0,11,ok
090972,per090972_1906_15249,3,0,0,,,triagem/nome-caixa-conversao 1.0.0,11,ok
090972,per090972_1906_15249,4,0,0,,,triagem/nome-caixa-conversao 1.0.0,11,ok
090972,per090972_1906_15249,5,0,0,,,triagem/nome-caixa-conversao 1.0.0,11,ok
090972,per090972_1906_15249,6,0,0,,,triagem/nome-caixa-conversao 1.0.0,11,ok
090972,per090972_1906_15250,1,0,0,,,triagem/nome-caixa-conversao 1.0.0,11,ok
090972,per090972_1906_15250,2,0,0,,,triagem/nome-caixa-conversao 1.0.0,11,ok
090972,per090972_1906_15250,3,0,0,,,triagem/nome-caixa-conversao 1.0.0,11,ok
090972,per090972_1906_15250,4,0,0,,,triagem/nome-caixa-conversao 1.0.0,11,ok
090972,per090972_1906_15251,1,0,0,,,triagem/nome-caixa-conversao 1.0.0,11,ok
090972,per090972_1906_15251,2,0,0,,,triagem/nome-caixa-conversao 1.0.0,11,ok
090972,per090972_1906_15251,3,0,0,,,triagem/nome-caixa-conversao 1.0.0,11,ok
090972,per090972_1906_15251,4,0,0,,,triagem/nome-caixa-conversao 1.0.0,11,ok
090972,per090972_1906_15251,5,0,0,,,triagem/nome-caixa-conversao 1.0.0,11,ok
090972,per090972_1906_15251,6,0,0,,,triagem/nome-caixa-conversao 1.0.0,11,ok
090972,per090972_1906_15251,7,0,0,,,triagem/nome-caixa-conversao 1.0.0,11,ok
090972,per090972_1906_15251,8,0,0,,,triagem/nome-caixa-conversao 1.0.0,11,ok
090972,per090972_1906_15252,1,0,0,,,triagem/nome-caixa-conversao 1.0.0,11,ok
090972,per090972_1906_15252,2,0,0,,,triagem/nome-caixa-conversao 1.0.0,11,ok
090972,per090972_1906_15252,3,0,0,,,triagem/nome-caixa-conversao 1.0.0,11,ok
090972,per090972_1906_15252,4,0,0,,,triagem/nome-caixa-conversao 1.0.0,11,ok
090972,per090972_1906_15252,5,0,0,,,triagem/nome-caixa-conversao 1.0.0,11,ok
090972,per090972_1906_15252,6,0,0,,,triagem/nome-caixa-conversao 1.0.0,11,ok
090972,per090972_1906_15253,1,0,0,,,triagem/nome-caixa-conversao 1.0.0,11,ok
090972,per090972_1906_15253,2,0,0,,,triagem/nome-caixa-conversao 1.0.0,11,ok
090972,per090972_1906_15253,3,0,0,,,triagem/nome-caixa-conversao 1.0.0,11,ok
090972,per090972_1906_15253,4,0,0,,,triagem/nome-caixa-conversao 1.0.0,11,ok
090972,per090972_1906_15253,5,0,0,,,triagem/nome-caixa-conversao 1.0.0,11,ok
090972,per090972_1906_15253,6,0,0,,,triagem/nome-caixa-conversao 1.0.0,11,ok
090972,per090972_1906_15254,1,0,0,,,triagem/nome-caixa-conversao 1.0.0,11,ok
090972,per090972_1906_15254,2,0,0,,,triagem/nome-caixa-conversao 1.0.0,11,ok
090972,per090972_1906_15254,3,0,0,,,triagem/nome-caixa-conversao 1.0.0,11,ok
090972,per090972_1906_15254,4,0,0,,,triagem/nome-caixa-conversao 1.0.0,11,ok
090972,per090972_1906_15255,1,0,0,,,triagem/nome-caixa-conversao 1.0.0,11,ok
090972,per090972_1906_15255,2,0,0,,,triagem/nome-caixa-conversao 1.0.0,11,ok
090972,per090972_1906_15255,3,0,0,,,triagem/nome-caixa-conversao 1.0.0,11,ok
090972,per090972_1906_15255,4,0,0,,,triagem/nome-caixa-conversao 1.0.0,11,ok
090972,per090972_1906_15255,5,0,0,,,triagem/nome-caixa-conversao 1.0.0,11,ok
090972,per090972_1906_15255,6,0,0,,,triagem/nome-caixa-conversao 1.0.0,11,ok
090972,per090972_1906_15256,1,0,0,,,triagem/nome-caixa-conversao 1.0.0,11,ok
090972,per090972_1906_15256,2,0,0,,,triagem/nome-caixa-conversao 1.0.0,11,ok
090972,per090972_1906_15256,3,0,0,,,triagem/nome-caixa-conversao 1.0.0,11,ok
090972,per090972_1906_15256,4,0,0,,,triagem/nome-caixa-conversao 1.0.0,11,ok
090972,per090972_1906_15256,5,0,0,,,triagem/nome-caixa-conversao 1.0.0,11,ok
090972,per090972_1906_15256,6,0,0,,,triagem/nome-caixa-conversao 1.0.0,11,ok
090972,per090972_1906_15256,7,0,0,,,triagem/nome-caixa-conversao 1.0.0,11,ok
090972,per090972_1906_15256,8,0,0,,,triagem/nome-caixa-conversao 1.0.0,11,ok
090972,per090972_1906_15257,1,0,0,,,triagem/nome-caixa-conversao 1.0.0,11,ok
090972,per090972_1906_15257,2,0,0,,,triagem/nome-caixa-conversao 1.0.0,11,ok
090972,per090972_1906_15257,3,0,0,,,triagem/nome-caixa-conversao 1.0.0,11,ok
090972,per090972_1906_15257,4,0,0,,,triagem/nome-caixa-conversao 1.0.0,11,ok
090972,per090972_1906_15258,1,0,0,,,triagem/nome-caixa-conversao 1.0.0,11,ok
090972,per090972_1906_15258,2,0,0,,,triagem/nome-caixa-conversao 1.0.0,11,ok
090972,per090972_1906_15258,3,0,0,,,triagem/nome-caixa-conversao 1.0.0,11,ok
090972,per090972_1906_15258,4,0,0,,,triagem/nome-caixa-conversao 1.0.0,11,ok
090972,per090972_1906_15258,5,0,0,,,triagem/nome-caixa-conversao 1.0.0,11,ok
090972,per090972_1906_15258,6,0,0,,,triagem/nome-caixa-conversao 1.0.0,11,ok
090972,per090972_1906_15259,1,0,0,,,triagem/nome-caixa-conversao 1.0.0,11,ok
090972,per090972_1906_15259,2,0,0,,,triagem/nome-caixa-conversao 1.0.0,11,ok
090972,per090972_1906_15259,3,0,0,,,triagem/nome-caixa-conversao 1.0.0,11,ok
090972,per090972_1906_15259,4,0,0,,,triagem/nome-caixa-conversao 1.0.0,11,ok
090972,per090972_1906_15260,1,0,0,,,triagem/nome-caixa-conversao 1.0.0,11,ok
090972,per090972_1906_15260,2,0,0,,,triagem/nome-caixa-conversao 1.0.0,11,ok
090972,per090972_1906_15260,3,0,0,,,triagem/nome-caixa-conversao 1.0.0,11,ok
090972,per090972_1906_15260,4,0,0,,,triagem/nome-caixa-conversao 1.0.0,11,ok
090972,per090972_1906_15260,5,0,0,,,triagem/nome-caixa-conversao 1.0.0,11,ok
090972,per090972_1906_15260,6,0,0,,,triagem/nome-caixa-conversao 1.0.0,11,ok
090972,per090972_1906_15261,1,0,0,,,triagem/nome-caixa-conversao 1.0.0,11,ok
090972,per090972_1906_15261,2,0,0,,,triagem/nome-caixa-conversao 1.0.0,11,ok
090972,per090972_1906_15261,3,0,0,,,triagem/nome-caixa-conversao 1.0.0,11,ok
090972,per090972_1906_15261,4,0,0,,,triagem/nome-caixa-conversao 1.0.0,11,ok
090972,per090972_1906_15261,5,0,0,,,triagem/nome-caixa-conversao 1.0.0,11,ok
090972,per090972_1906_15261,6,0,0,,,triagem/nome-caixa-conversao 1.0.0,11,ok
090972,per090972_1906_15262,1,0,0,,,triagem/nome-caixa-conversao 1.0.0,11,ok
090972,per090972_1906_15262,2,0,0,,,triagem/nome-caixa-conversao 1.0.0,11,ok
090972,per090972_1906_15262,3,0,0,,,triagem/nome-caixa-conversao 1.0.0,11,ok
090972,per090972_1906_15262,4,0,0,,,triagem/nome-caixa-conversao 1.0.0,11,ok
090972,per090972_1906_15262,5,0,0,,,triagem/nome-caixa-conversao 1.0.0,11,ok
090972,per090972_1906_15262,6,0,0,,,triagem/nome-caixa-conversao 1.0.0,11,ok
090972,per090972_1906_15263,1,0,0,,,triagem/nome-caixa-conversao 1.0.0,11,ok
090972,per090972_1906_15263,2,0,0,,,triagem/nome-caixa-conversao 1.0.0,11,ok
090972,per090972_1906_15263,3,0,0,,,triagem/nome-caixa-conversao 1.0.0,11,ok
090972,per090972_1906_15263,4,0,0,,,triagem/nome-caixa-conversao 1.0.0,11,ok
090972,per090972_1906_15263,5,0,0,,,triagem/nome-caixa-conversao 1.0.0,11,ok
090972,per090972_1906_15263,6,0,0,,,triagem/nome-caixa-conversao 1.0.0,11,ok
090972,per090972_1906_15264,1,0,0,,,triagem/nome-caixa-conversao 1.0.0,11,ok
090972,per090972_1906_15264,2,0,0,,,triagem/nome-caixa-conversao 1.0.0,11,ok
090972,per090972_1906_15264,3,0,0,,,triagem/nome-caixa-conversao 1.0.0,11,ok
090972,per090972_1906_15264,4,0,0,,,triagem/nome-caixa-conversao 1.0.0,11,ok
090972,per090972_1906_15265,1,0,0,,,triagem/nome-caixa-conversao 1.0.0,11,ok
090972,per090972_1906_15265,2,0,0,,,triagem/nome-caixa-conversao 1.0.0,11,ok
090972,per090972_1906_15265,3,0,0,,,triagem/nome-caixa-conversao 1.0.0,11,ok
090972,per090972_1906_15265,4,0,0,,,triagem/nome-caixa-conversao 1.0.0,11,ok
090972,per090972_1906_15265,5,0,0,,,triagem/nome-caixa-conversao 1.0.0,11,ok
090972,per090972_1906_15265,6,0,0,,,triagem/nome-caixa-conversao 1.0.0,11,ok
090972,per090972_1906_15266,1,0,0,,,triagem/nome-caixa-conversao 1.0.0,11,ok
090972,per090972_1906_15266,2,0,0,,,triagem/nome-caixa-conversao 1.0.0,11,ok
090972,per090972_1906_15266,3,0,0,,,triagem/nome-caixa-conversao 1.0.0,11,ok
090972,per090972_1906_15266,4,0,0,,,triagem/nome-caixa-conversao 1.0.0,11,ok
090972,per090972_1906_15266,5,0,0,,,triagem/nome-caixa-conversao 1.0.0,11,ok
090972,per090972_1906_15266,6,0,0,,,triagem/nome-caixa-conversao 1.0.0,11,ok
090972,per090972_1906_15267,1,0,0,,,triagem/nome-caixa-conversao 1.0.0,11,ok
090972,per090972_1906_15267,2,0,0,,,triagem/nome-caixa-conversao 1.0.0,11,ok
090972,per090972_1906_15267,3,0,0,,,triagem/nome-caixa-conversao 1.0.0,11,ok
090972,per090972_1906_15267,4,0,0,,,triagem/nome-caixa-conversao 1.0.0,11,ok
090972,per090972_1906_15267,5,0,0,,,triagem/nome-caixa-conversao 1.0.0,11,ok
090972,per090972_1906_15267,6,0,0,,,triagem/nome-caixa-conversao 1.0.0,11,ok
090972,per090972_1906_15268,1,0,0,,,triagem/nome-caixa-conversao 1.0.0,11,ok
090972,per090972_1906_15268,2,0,0,,,triagem/nome-caixa-conversao 1.0.0,11,ok
090972,per090972_1906_15268,3,0,0,,,triagem/nome-caixa-conversao 1.0.0,11,ok
090972,per090972_1906_15268,4,0,0,,,triagem/nome-caixa-conversao 1.0.0,11,ok
090972,per090972_1906_15268,5,0,0,,,triagem/nome-caixa-conversao 1.0.0,11,ok
090972,per090972_1906_15268,6,0,0,,,triagem/nome-caixa-conversao 1.0.0,11,ok
090972,per090972_1906_15269,1,0,0,,,triagem/nome-caixa-conversao 1.0.0,11,ok
090972,per090972_1906_15269,2,0,0,,,triagem/nome-caixa-conversao 1.0.0,11,ok
090972,per090972_1906_15269,3,0,0,,,triagem/nome-caixa-conversao 1.0.0,11,ok
090972,per090972_1906_15269,4,0,0,,,triagem/nome-caixa-conversao 1.0.0,11,ok
090972,per090972_1906_15269,5,0,0,,,triagem/nome-caixa-conversao 1.0.0,11,ok
090972,per090972_1906_15269,6,0,0,,,triagem/nome-caixa-conversao 1.0.0,11,ok
090972,per090972_1906_15280,1,0,0,,,triagem/nome-caixa-conversao 1.0.0,11,ok
090972,per090972_1906_15280,2,0,0,,,triagem/nome-caixa-conversao 1.0.0,11,ok
090972,per090972_1906_15280,3,0,0,,,triagem/nome-caixa-conversao 1.0.0,11,ok
090972,per090972_1906_15280,4,0,0,,,triagem/nome-caixa-conversao 1.0.0,11,ok
090972,per090972_1906_15280,5,0,0,,,triagem/nome-caixa-conversao 1.0.0,11,ok
090972,per090972_1906_15280,6,0,0,,,triagem/nome-caixa-conversao 1.0.0,11,ok
090972,per090972_1906_15281,1,0,0,,,triagem/nome-caixa-conversao 1.0.0,11,ok
090972,per090972_1906_15281,2,0,0,,,triagem/nome-caixa-conversao 1.0.0,11,ok
090972,per090972_1906_15281,3,0,0,,,triagem/nome-caixa-conversao 1.0.0,11,ok
090972,per090972_1906_15281,4,0,0,,,triagem/nome-caixa-conversao 1.0.0,11,ok
090972,per090972_1906_15281,5,0,0,,,triagem/nome-caixa-conversao 1.0.0,11,ok
090972,per090972_1906_15281,6,0,0,,,triagem/nome-caixa-conversao 1.0.0,11,ok
090972,per090972_1906_15282,1,0,0,,,triagem/nome-caixa-conversao 1.0.0,11,ok
090972,per090972_1906_15282,2,0,0,,,triagem/nome-caixa-conversao 1.0.0,11,ok
090972,per090972_1906_15282,3,0,0,,,triagem/nome-caixa-conversao 1.0.0,11,ok
090972,per090972_1906_15282,4,0,0,,,triagem/nome-caixa-conversao 1.0.0,11,ok
090972,per090972_1906_15283,1,0,0,,,triagem/nome-caixa-conversao 1.0.0,11,ok
090972,per090972_1906_15283,2,0,0,,,triagem/nome-caixa-conversao 1.0.0,11,ok
090972,per090972_1906_15283,3,0,0,,,triagem/nome-caixa-conversao 1.0.0,11,ok
090972,per090972_1906_15283,4,0,0,,,triagem/nome-caixa-conversao 1.0.0,11,ok
090972,per090972_1906_15283,5,0,0,,,triagem/nome-caixa-conversao 1.0.0,11,ok
090972,per090972_1906_15283,6,0,0,,,triagem/nome-caixa-conversao 1.0.0,11,ok
090972,per090972_1906_15284,1,0,0,,,triagem/nome-caixa-conversao 1.0.0,11,ok
090972,per090972_1906_15284,2,0,0,,,triagem/nome-caixa-conversao 1.0.0,11,ok
090972,per090972_1906_15284,3,0,0,,,triagem/nome-caixa-conversao 1.0.0,11,ok
090972,per090972_1906_15284,4,0,0,,,triagem/nome-caixa-conversao 1.0.0,11,ok
090972,per090972_1906_15284,5,0,0,,,triagem/nome-caixa-conversao 1.0.0,11,ok
090972,per090972_1906_15284,6,0,0,,,triagem/nome-caixa-conversao 1.0.0,11,ok
090972,per090972_1906_15285,1,0,0,,,triagem/nome-caixa-conversao 1.0.0,11,ok
090972,per090972_1906_15285,2,0,0,,,triagem/nome-caixa-conversao 1.0.0,11,ok
090972,per090972_1906_15285,3,0,0,,,triagem/nome-caixa-conversao 1.0.0,11,ok
090972,per090972_1906_15285,4,0,0,,,triagem/nome-caixa-conversao 1.0.0,11,ok
090972,per090972_1906_15285,5,0,0,,,triagem/nome-caixa-conversao 1.0.0,11,ok
090972,per090972_1906_15285,6,0,0,,,triagem/nome-caixa-conversao 1.0.0,11,ok
090972,per090972_1906_15286,1,0,0,,,triagem/nome-caixa-conversao 1.0.0,11,ok
090972,per090972_1906_15286,2,0,0,,,triagem/nome-caixa-conversao 1.0.0,11,ok
090972,per090972_1906_15286,3,0,0,,,triagem/nome-caixa-conversao 1.0.0,11,ok
090972,per090972_1906_15286,4,0,0,,,triagem/nome-caixa-conversao 1.0.0,11,ok
090972,per090972_1906_15287,1,0,0,,,triagem/nome-caixa-conversao 1.0.0,11,ok
090972,per090972_1906_15287,2,0,0,,,triagem/nome-caixa-conversao 1.0.0,11,ok
090972,per090972_1906_15287,3,0,0,,,triagem/nome-caixa-conversao 1.0.0,11,ok
090972,per090972_1906_15287,4,0,0,,,triagem/nome-caixa-conversao 1.0.0,11,ok
090972,per090972_1906_15287,5,0,0,,,triagem/nome-caixa-conversao 1.0.0,11,ok
090972,per090972_1906_15287,6,0,0,,,triagem/nome-caixa-conversao 1.0.0,11,ok
090972,per090972_1906_15288,1,0,0,,,triagem/nome-caixa-conversao 1.0.0,11,ok
090972,per090972_1906_15288,2,0,0,,,triagem/nome-caixa-conversao 1.0.0,11,ok
090972,per090972_1906_15288,3,0,0,,,triagem/nome-caixa-conversao 1.0.0,11,ok
090972,per090972_1906_15288,4,0,0,,,triagem/nome-caixa-conversao 1.0.0,11,ok
090972,per090972_1906_15288,5,0,0,,,triagem/nome-caixa-conversao 1.0.0,11,ok
090972,per090972_1906_15288,6,0,0,,,triagem/nome-caixa-conversao 1.0.0,11,ok
090972,per090972_1906_15289,1,0,0,,,triagem/nome-caixa-conversao 1.0.0,11,ok
090972,per090972_1906_15289,2,0,0,,,triagem/nome-caixa-conversao 1.0.0,11,ok
090972,per090972_1906_15289,3,0,0,,,triagem/nome-caixa-conversao 1.0.0,11,ok
090972,per090972_1906_15289,4,0,0,,,triagem/nome-caixa-conversao 1.0.0,11,ok
090972,per090972_1906_15290,1,0,0,,,triagem/nome-caixa-conversao 1.0.0,11,ok
090972,per090972_1906_15290,2,0,0,,,triagem/nome-caixa-conversao 1.0.0,11,ok
090972,per090972_1906_15290,3,1,1,caixa dc conver,30777,triagem/nome-caixa-conversao 1.0.0,11,ok
090972,per090972_1906_15290,4,0,0,,,triagem/nome-caixa-conversao 1.0.0,11,ok
090972,per090972_1906_15290,5,0,0,,,triagem/nome-caixa-conversao 1.0.0,11,ok
090972,per090972_1906_15290,6,0,0,,,triagem/nome-caixa-conversao 1.0.0,11,ok
090972,per090972_1906_15291,1,0,0,,,triagem/nome-caixa-conversao 1.0.0,11,ok
090972,per090972_1906_15291,2,0,0,,,triagem/nome-caixa-conversao 1.0.0,11,ok
090972,per090972_1906_15291,3,0,0,,,triagem/nome-caixa-conversao 1.0.0,11,ok
090972,per090972_1906_15291,4,0,0,,,triagem/nome-caixa-conversao 1.0.0,11,ok
090972,per090972_1906_15291,5,0,0,,,triagem/nome-caixa-conversao 1.0.0,11,ok
090972,per090972_1906_15291,6,0,0,,,triagem/nome-caixa-conversao 1.0.0,11,ok
090972,per090972_1906_15292,1,1,1,caixa de conver,13945,triagem/nome-caixa-conversao 1.0.0,11,ok
090972,per090972_1906_15292,2,0,0,,,triagem/nome-caixa-conversao 1.0.0,11,ok
090972,per090972_1906_15292,3,0,0,,,triagem/nome-caixa-conversao 1.0.0,11,ok
090972,per090972_1906_15292,4,0,0,,,triagem/nome-caixa-conversao 1.0.0,11,ok
090972,per090972_1906_15293,1,0,0,,,triagem/nome-caixa-conversao 1.0.0,11,ok
090972,per090972_1906_15293,2,1,1,caixa doconver,16359,triagem/nome-caixa-conversao 1.0.0,11,ok
090972,per090972_1906_15293,3,0,0,,,triagem/nome-caixa-conversao 1.0.0,11,ok
090972,per090972_1906_15293,4,0,0,,,triagem/nome-caixa-conversao 1.0.0,11,ok
090972,per090972_1906_15293,5,0,0,,,triagem/nome-caixa-conversao 1.0.0,11,ok
090972,per090972_1906_15293,6,0,0,,,triagem/nome-caixa-conversao 1.0.0,11,ok
090972,per090972_1906_15294,1,0,0,,,triagem/nome-caixa-conversao 1.0.0,11,ok
090972,per090972_1906_15294,2,0,0,,,triagem/nome-caixa-conversao 1.0.0,11,ok
090972,per090972_1906_15294,3,0,0,,,triagem/nome-caixa-conversao 1.0.0,11,ok
090972,per090972_1906_15294,4,0,0,,,triagem/nome-caixa-conversao 1.0.0,11,ok
090972,per090972_1906_15294,5,0,0,,,triagem/nome-caixa-conversao 1.0.0,11,ok
090972,per090972_1906_15294,6,0,0,,,triagem/nome-caixa-conversao 1.0.0,11,ok
090972,per090972_1906_15295,1,0,0,,,triagem/nome-caixa-conversao 1.0.0,11,ok
090972,per090972_1906_15295,2,0,0,,,triagem/nome-caixa-conversao 1.0.0,11,ok
090972,per090972_1906_15295,3,0,0,,,triagem/nome-caixa-conversao 1.0.0,11,ok
090972,per090972_1906_15295,4,0,0,,,triagem/nome-caixa-conversao 1.0.0,11,ok
090972,per090972_1906_15295,5,0,0,,,triagem/nome-caixa-conversao 1.0.0,11,ok
090972,per090972_1906_15295,6,0,0,,,triagem/nome-caixa-conversao 1.0.0,11,ok
090972,per090972_1906_15296,1,0,0,,,triagem/nome-caixa-conversao 1.0.0,11,ok
090972,per090972_1906_15296,2,0,0,,,triagem/nome-caixa-conversao 1.0.0,11,ok
090972,per090972_1906_15296,3,0,0,,,triagem/nome-caixa-conversao 1.0.0,11,ok
090972,per090972_1906_15296,4,0,0,,,triagem/nome-caixa-conversao 1.0.0,11,ok
090972,per090972_1906_15297,1,0,0,,,triagem/nome-caixa-conversao 1.0.0,11,ok
090972,per090972_1906_15297,2,0,0,,,triagem/nome-caixa-conversao 1.0.0,11,ok
090972,per090972_1906_15297,3,0,0,,,triagem/nome-caixa-conversao 1.0.0,11,ok
090972,per090972_1906_15297,4,0,0,,,triagem/nome-caixa-conversao 1.0.0,11,ok
090972,per090972_1906_15297,5,0,0,,,triagem/nome-caixa-conversao 1.0.0,11,ok
090972,per090972_1906_15297,6,0,0,,,triagem/nome-caixa-conversao 1.0.0,11,ok
090972,per090972_1906_15298,1,0,0,,,triagem/nome-caixa-conversao 1.0.0,11,ok
090972,per090972_1906_15298,2,0,0,,,triagem/nome-caixa-conversao 1.0.0,11,ok
090972,per090972_1906_15298,3,0,0,,,triagem/nome-caixa-conversao 1.0.0,11,ok
090972,per090972_1906_15298,4,0,0,,,triagem/nome-caixa-conversao 1.0.0,11,ok
090972,per090972_1906_15298,5,0,0,,,triagem/nome-caixa-conversao 1.0.0,11,ok
090972,per090972_1906_15298,6,0,0,,,triagem/nome-caixa-conversao 1.0.0,11,ok
090972,per090972_1906_15299,1,0,0,,,triagem/nome-caixa-conversao 1.0.0,11,ok
090972,per090972_1906_15299,2,0,0,,,triagem/nome-caixa-conversao 1.0.0,11,ok
090972,per090972_1906_15299,3,0,0,,,triagem/nome-caixa-conversao 1.0.0,11,ok
090972,per090972_1906_15299,4,0,0,,,triagem/nome-caixa-conversao 1.0.0,11,ok
090972,per090972_1906_15299,5,0,0,,,triagem/nome-caixa-conversao 1.0.0,11,ok
090972,per090972_1906_15299,6,0,0,,,triagem/nome-caixa-conversao 1.0.0,11,ok
090972,per090972_1906_15300,1,0,0,,,triagem/nome-caixa-conversao 1.0.0,11,ok
090972,per090972_1906_15300,2,0,0,,,triagem/nome-caixa-conversao 1.0.0,11,ok
090972,per090972_1906_15300,3,0,0,,,triagem/nome-caixa-conversao 1.0.0,11,ok
090972,per090972_1906_15300,4,0,0,,,triagem/nome-caixa-conversao 1.0.0,11,ok
090972,per090972_1906_15300,5,0,0,,,triagem/nome-caixa-conversao 1.0.0,11,ok
090972,per090972_1906_15300,6,0,0,,,triagem/nome-caixa-conversao 1.0.0,11,ok
090972,per090972_1906_15301,1,0,0,,,triagem/nome-caixa-conversao 1.0.0,11,ok
090972,per090972_1906_15301,2,0,0,,,triagem/nome-caixa-conversao 1.0.0,11,ok
090972,per090972_1906_15301,3,0,0,,,triagem/nome-caixa-conversao 1.0.0,11,ok
090972,per090972_1906_15301,4,0,0,,,triagem/nome-caixa-conversao 1.0.0,11,ok
090972,per090972_1906_15301,5,0,0,,,triagem/nome-caixa-conversao 1.0.0,11,ok
090972,per090972_1906_15301,6,0,0,,,triagem/nome-caixa-conversao 1.0.0,11,ok
090972,per090972_1906_15302,1,0,0,,,triagem/nome-caixa-conversao 1.0.0,11,ok
090972,per090972_1906_15302,2,0,0,,,triagem/nome-caixa-conversao 1.0.0,11,ok
090972,per090972_1906_15302,3,0,0,,,triagem/nome-caixa-conversao 1.0.0,11,ok
090972,per090972_1906_15302,4,0,0,,,triagem/nome-caixa-conversao 1.0.0,11,ok
090972,per090972_1906_15302,5,0,0,,,triagem/nome-caixa-conversao 1.0.0,11,ok
090972,per090972_1906_15302,6,0,0,,,triagem/nome-caixa-conversao 1.0.0,11,ok
090972,per090972_1906_15303,1,0,0,,,triagem/nome-caixa-conversao 1.0.0,11,ok
090972,per090972_1906_15303,2,0,0,,,triagem/nome-caixa-conversao 1.0.0,11,ok
090972,per090972_1906_15303,3,0,0,,,triagem/nome-caixa-conversao 1.0.0,11,ok
090972,per090972_1906_15303,4,0,0,,,triagem/nome-caixa-conversao 1.0.0,11,ok
090972,per090972_1906_15305,1,0,0,,,triagem/nome-caixa-conversao 1.0.0,11,ok
090972,per090972_1906_15305,2,0,0,,,triagem/nome-caixa-conversao 1.0.0,11,ok
090972,per090972_1906_15305,3,0,0,,,triagem/nome-caixa-conversao 1.0.0,11,ok
090972,per090972_1906_15305,4,0,0,,,triagem/nome-caixa-conversao 1.0.0,11,ok
090972,per090972_1906_15305,5,0,0,,,triagem/nome-caixa-conversao 1.0.0,11,ok
090972,per090972_1906_15305,6,0,0,,,triagem/nome-caixa-conversao 1.0.0,11,ok
090972,per090972_1906_15306,1,0,0,,,triagem/nome-caixa-conversao 1.0.0,11,ok
090972,per090972_1906_15306,2,0,0,,,triagem/nome-caixa-conversao 1.0.0,11,ok
090972,per090972_1906_15306,3,0,0,,,triagem/nome-caixa-conversao 1.0.0,11,ok
090972,per090972_1906_15306,4,0,0,,,triagem/nome-caixa-conversao 1.0.0,11,ok
090972,per090972_1906_15306,5,0,0,,,triagem/nome-caixa-conversao 1.0.0,11,ok
090972,per090972_1906_15306,6,0,0,,,triagem/nome-caixa-conversao 1.0.0,11,ok
090972,per090972_1906_15307,1,1,2,caixa de conver,21122,triagem/nome-caixa-conversao 1.0.0,11,ok
090972,per090972_1906_15307,2,0,0,,,triagem/nome-caixa-conversao 1.0.0,11,ok
090972,per090972_1906_15307,3,0,0,,,triagem/nome-caixa-conversao 1.0.0,11,ok
090972,per090972_1906_15307,4,0,0,,,triagem/nome-caixa-conversao 1.0.0,11,ok
090972,per090972_1906_15307,5,0,0,,,triagem/nome-caixa-conversao 1.0.0,11,ok
090972,per090972_1906_15307,6,0,0,,,triagem/nome-caixa-conversao 1.0.0,11,ok
090972,per090972_1906_15308,1,0,0,,,triagem/nome-caixa-conversao 1.0.0,11,ok
090972,per090972_1906_15308,2,0,0,,,triagem/nome-caixa-conversao 1.0.0,11,ok
090972,per090972_1906_15308,3,0,0,,,triagem/nome-caixa-conversao 1.0.0,11,ok
090972,per090972_1906_15308,4,0,0,,,triagem/nome-caixa-conversao 1.0.0,11,ok
090972,per090972_1906_15308,5,0,0,,,triagem/nome-caixa-conversao 1.0.0,11,ok
090972,per090972_1906_15308,6,0,0,,,triagem/nome-caixa-conversao 1.0.0,11,ok
090972,per090972_1906_15309,1,0,0,,,triagem/nome-caixa-conversao 1.0.0,11,ok
090972,per090972_1906_15309,2,0,0,,,triagem/nome-caixa-conversao 1.0.0,11,ok
090972,per090972_1906_15309,3,0,0,,,triagem/nome-caixa-conversao 1.0.0,11,ok
090972,per090972_1906_15309,4,0,0,,,triagem/nome-caixa-conversao 1.0.0,11,ok
090972,per090972_1906_15309,5,0,0,,,triagem/nome-caixa-conversao 1.0.0,11,ok
090972,per090972_1906_15309,6,0,0,,,triagem/nome-caixa-conversao 1.0.0,11,ok
090972,per090972_1906_15310,1,0,0,,,triagem/nome-caixa-conversao 1.0.0,11,ok
090972,per090972_1906_15310,2,0,0,,,triagem/nome-caixa-conversao 1.0.0,11,ok
090972,per090972_1906_15310,3,0,0,,,triagem/nome-caixa-conversao 1.0.0,11,ok
090972,per090972_1906_15310,4,0,0,,,triagem/nome-caixa-conversao 1.0.0,11,ok
090972,per090972_1906_15310,5,0,0,,,triagem/nome-caixa-conversao 1.0.0,11,ok
090972,per090972_1906_15310,6,0,0,,,triagem/nome-caixa-conversao 1.0.0,11,ok
090972,per090972_1906_15310,7,0,0,,,triagem/nome-caixa-conversao 1.0.0,11,ok
090972,per090972_1906_15310,8,0,0,,,triagem/nome-caixa-conversao 1.0.0,11,ok
090972,per090972_1906_15311,1,0,0,,,triagem/nome-caixa-conversao 1.0.0,11,ok
090972,per090972_1906_15311,2,0,0,,,triagem/nome-caixa-conversao 1.0.0,11,ok
090972,per090972_1906_15311,3,0,0,,,triagem/nome-caixa-conversao 1.0.0,11,ok
090972,per090972_1906_15311,4,0,0,,,triagem/nome-caixa-conversao 1.0.0,11,ok
090972,per090972_1906_15312,1,0,0,,,triagem/nome-caixa-conversao 1.0.0,11,ok
090972,per090972_1906_15312,2,0,0,,,triagem/nome-caixa-conversao 1.0.0,11,ok
090972,per090972_1906_15312,3,0,0,,,triagem/nome-caixa-conversao 1.0.0,11,ok
090972,per090972_1906_15312,4,0,0,,,triagem/nome-caixa-conversao 1.0.0,11,ok
090972,per090972_1906_15312,5,0,0,,,triagem/nome-caixa-conversao 1.0.0,11,ok
090972,per090972_1906_15312,6,0,0,,,triagem/nome-caixa-conversao 1.0.0,11,ok
090972,per090972_1906_15313,1,0,0,,,triagem/nome-caixa-conversao 1.0.0,11,ok
090972,per090972_1906_15313,2,0,0,,,triagem/nome-caixa-conversao 1.0.0,11,ok
090972,per090972_1906_15313,3,0,0,,,triagem/nome-caixa-conversao 1.0.0,11,ok
090972,per090972_1906_15313,4,0,0,,,triagem/nome-caixa-conversao 1.0.0,11,ok
090972,per090972_1906_15313,5,0,0,,,triagem/nome-caixa-conversao 1.0.0,11,ok
090972,per090972_1906_15313,6,0,0,,,triagem/nome-caixa-conversao 1.0.0,11,ok
090972,per090972_1906_15313,7,0,0,,,triagem/nome-caixa-conversao 1.0.0,11,ok
090972,per090972_1906_15313,8,0,0,,,triagem/nome-caixa-conversao 1.0.0,11,ok
090972,per090972_1906_15314,1,0,0,,,triagem/nome-caixa-conversao 1.0.0,11,ok
090972,per090972_1906_15314,2,0,0,,,triagem/nome-caixa-conversao 1.0.0,11,ok
090972,per090972_1906_15314,3,0,0,,,triagem/nome-caixa-conversao 1.0.0,11,ok
090972,per090972_1906_15314,4,0,0,,,triagem/nome-caixa-conversao 1.0.0,11,ok
090972,per090972_1906_15314,5,0,0,,,triagem/nome-caixa-conversao 1.0.0,11,ok
090972,per090972_1906_15314,6,0,0,,,triagem/nome-caixa-conversao 1.0.0,11,ok
090972,per090972_1906_15314,7,0,0,,,triagem/nome-caixa-conversao 1.0.0,11,ok
090972,per090972_1906_15314,8,0,0,,,triagem/nome-caixa-conversao 1.0.0,11,ok
090972,per090972_1906_15315,1,0,0,,,triagem/nome-caixa-conversao 1.0.0,11,ok
090972,per090972_1906_15315,2,0,0,,,triagem/nome-caixa-conversao 1.0.0,11,ok
090972,per090972_1906_15315,3,0,0,,,triagem/nome-caixa-conversao 1.0.0,11,ok
090972,per090972_1906_15315,4,0,0,,,triagem/nome-caixa-conversao 1.0.0,11,ok
090972,per090972_1906_15315,5,0,0,,,triagem/nome-caixa-conversao 1.0.0,11,ok
090972,per090972_1906_15315,6,0,0,,,triagem/nome-caixa-conversao 1.0.0,11,ok
090972,per090972_1906_15316,1,0,0,,,triagem/nome-caixa-conversao 1.0.0,11,ok
090972,per090972_1906_15316,2,0,0,,,triagem/nome-caixa-conversao 1.0.0,11,ok
090972,per090972_1906_15316,3,0,0,,,triagem/nome-caixa-conversao 1.0.0,11,ok
090972,per090972_1906_15316,4,0,0,,,triagem/nome-caixa-conversao 1.0.0,11,ok
090972,per090972_1906_15316,5,0,0,,,triagem/nome-caixa-conversao 1.0.0,11,ok
090972,per090972_1906_15316,6,0,0,,,triagem/nome-caixa-conversao 1.0.0,11,ok
090972,per090972_1906_15316,7,0,0,,,triagem/nome-caixa-conversao 1.0.0,11,ok
090972,per090972_1906_15316,8,0,0,,,triagem/nome-caixa-conversao 1.0.0,11,ok
090972,per090972_1906_15317,1,0,0,,,triagem/nome-caixa-conversao 1.0.0,11,ok
090972,per090972_1906_15317,2,0,0,,,triagem/nome-caixa-conversao 1.0.0,11,ok
090972,per090972_1906_15317,3,0,0,,,triagem/nome-caixa-conversao 1.0.0,11,ok
090972,per090972_1906_15317,4,0,0,,,triagem/nome-caixa-conversao 1.0.0,11,ok
090972,per090972_1906_15317,5,0,0,,,triagem/nome-caixa-conversao 1.0.0,11,ok
090972,per090972_1906_15317,6,0,0,,,triagem/nome-caixa-conversao 1.0.0,11,ok
090972,per090972_1906_15317,7,0,0,,,triagem/nome-caixa-conversao 1.0.0,11,ok
090972,per090972_1906_15317,8,0,0,,,triagem/nome-caixa-conversao 1.0.0,11,ok
090972,per090972_1906_15318,1,0,0,,,triagem/nome-caixa-conversao 1.0.0,11,ok
090972,per090972_1906_15318,2,0,0,,,triagem/nome-caixa-conversao 1.0.0,11,ok
090972,per090972_1906_15318,3,0,0,,,triagem/nome-caixa-conversao 1.0.0,11,ok
090972,per090972_1906_15318,4,0,0,,,triagem/nome-caixa-conversao 1.0.0,11,ok
090972,per090972_1906_15318,5,0,0,,,triagem/nome-caixa-conversao 1.0.0,11,ok
090972,per090972_1906_15318,6,0,0,,,triagem/nome-caixa-conversao 1.0.0,11,ok
090972,per090972_1906_15319,1,0,0,,,triagem/nome-caixa-conversao 1.0.0,11,ok
090972,per090972_1906_15319,2,0,0,,,triagem/nome-caixa-conversao 1.0.0,11,ok
090972,per090972_1906_15319,3,0,0,,,triagem/nome-caixa-conversao 1.0.0,11,ok
090972,per090972_1906_15319,4,0,0,,,triagem/nome-caixa-conversao 1.0.0,11,ok
090972,per090972_1906_15319,5,0,0,,,triagem/nome-caixa-conversao 1.0.0,11,ok
090972,per090972_1906_15319,6,0,0,,,triagem/nome-caixa-conversao 1.0.0,11,ok
090972,per090972_1906_15319,7,0,0,,,triagem/nome-caixa-conversao 1.0.0,11,ok
090972,per090972_1906_15319,8,0,0,,,triagem/nome-caixa-conversao 1.0.0,11,ok
090972,per090972_1906_15320,1,0,0,,,triagem/nome-caixa-conversao 1.0.0,11,ok
090972,per090972_1906_15320,2,0,0,,,triagem/nome-caixa-conversao 1.0.0,11,ok
090972,per090972_1906_15320,3,0,0,,,triagem/nome-caixa-conversao 1.0.0,11,ok
090972,per090972_1906_15320,4,0,0,,,triagem/nome-caixa-conversao 1.0.0,11,ok
090972,per090972_1906_15320,5,0,0,,,triagem/nome-caixa-conversao 1.0.0,11,ok
090972,per090972_1906_15320,6,0,0,,,triagem/nome-caixa-conversao 1.0.0,11,ok
090972,per090972_1906_15321,1,0,0,,,triagem/nome-caixa-conversao 1.0.0,11,ok
090972,per090972_1906_15321,2,0,0,,,triagem/nome-caixa-conversao 1.0.0,11,ok
090972,per090972_1906_15321,3,0,0,,,triagem/nome-caixa-conversao 1.0.0,11,ok
090972,per090972_1906_15321,4,0,0,,,triagem/nome-caixa-conversao 1.0.0,11,ok
090972,per090972_1906_15321,5,0,0,,,triagem/nome-caixa-conversao 1.0.0,11,ok
090972,per090972_1906_15321,6,0,0,,,triagem/nome-caixa-conversao 1.0.0,11,ok
090972,per090972_1906_15322,1,0,0,,,triagem/nome-caixa-conversao 1.0.0,11,ok
090972,per090972_1906_15322,2,0,0,,,triagem/nome-caixa-conversao 1.0.0,11,ok
090972,per090972_1906_15322,3,0,0,,,triagem/nome-caixa-conversao 1.0.0,11,ok
090972,per090972_1906_15322,4,0,0,,,triagem/nome-caixa-conversao 1.0.0,11,ok
090972,per090972_1906_15323,1,0,0,,,triagem/nome-caixa-conversao 1.0.0,11,ok
090972,per090972_1906_15323,2,0,0,,,triagem/nome-caixa-conversao 1.0.0,11,ok
090972,per090972_1906_15323,3,0,0,,,triagem/nome-caixa-conversao 1.0.0,11,ok
090972,per090972_1906_15323,4,0,0,,,triagem/nome-caixa-conversao 1.0.0,11,ok
090972,per090972_1906_15323,5,0,0,,,triagem/nome-caixa-conversao 1.0.0,11,ok
090972,per090972_1906_15323,6,0,0,,,triagem/nome-caixa-conversao 1.0.0,11,ok
090972,per090972_1906_15324,1,0,0,,,triagem/nome-caixa-conversao 1.0.0,11,ok
090972,per090972_1906_15324,2,0,0,,,triagem/nome-caixa-conversao 1.0.0,11,ok
090972,per090972_1906_15324,3,0,0,,,triagem/nome-caixa-conversao 1.0.0,11,ok
090972,per090972_1906_15324,4,0,0,,,triagem/nome-caixa-conversao 1.0.0,11,ok
090972,per090972_1906_15325,1,0,0,,,triagem/nome-caixa-conversao 1.0.0,11,ok
090972,per090972_1906_15325,2,0,0,,,triagem/nome-caixa-conversao 1.0.0,11,ok
090972,per090972_1906_15325,3,0,0,,,triagem/nome-caixa-conversao 1.0.0,11,ok
090972,per090972_1906_15325,4,0,0,,,triagem/nome-caixa-conversao 1.0.0,11,ok
090972,per090972_1906_15325,5,0,0,,,triagem/nome-caixa-conversao 1.0.0,11,ok
090972,per090972_1906_15325,6,0,0,,,triagem/nome-caixa-conversao 1.0.0,11,ok
090972,per090972_1906_15326,1,0,0,,,triagem/nome-caixa-conversao 1.0.0,11,ok
090972,per090972_1906_15326,2,0,0,,,triagem/nome-caixa-conversao 1.0.0,11,ok
090972,per090972_1906_15326,3,0,0,,,triagem/nome-caixa-conversao 1.0.0,11,ok
090972,per090972_1906_15326,4,0,0,,,triagem/nome-caixa-conversao 1.0.0,11,ok
090972,per090972_1906_15326,5,0,0,,,triagem/nome-caixa-conversao 1.0.0,11,ok
090972,per090972_1906_15326,6,0,0,,,triagem/nome-caixa-conversao 1.0.0,11,ok
090972,per090972_1906_15327,1,0,0,,,triagem/nome-caixa-conversao 1.0.0,11,ok
090972,per090972_1906_15327,2,0,0,,,triagem/nome-caixa-conversao 1.0.0,11,ok
090972,per090972_1906_15327,3,0,0,,,triagem/nome-caixa-conversao 1.0.0,11,ok
090972,per090972_1906_15327,4,0,0,,,triagem/nome-caixa-conversao 1.0.0,11,ok
090972,per090972_1906_15327,5,0,0,,,triagem/nome-caixa-conversao 1.0.0,11,ok
090972,per090972_1906_15327,6,0,0,,,triagem/nome-caixa-conversao 1.0.0,11,ok
090972,per090972_1906_15328,1,0,0,,,triagem/nome-caixa-conversao 1.0.0,11,ok
090972,per090972_1906_15328,2,0,0,,,triagem/nome-caixa-conversao 1.0.0,11,ok
090972,per090972_1906_15328,3,0,0,,,triagem/nome-caixa-conversao 1.0.0,11,ok
090972,per090972_1906_15328,4,0,0,,,triagem/nome-caixa-conversao 1.0.0,11,ok
090972,per090972_1906_15328,5,0,0,,,triagem/nome-caixa-conversao 1.0.0,11,ok
090972,per090972_1906_15328,6,0,0,,,triagem/nome-caixa-conversao 1.0.0,11,ok
090972,per090972_1906_15329,1,0,0,,,triagem/nome-caixa-conversao 1.0.0,11,ok
090972,per090972_1906_15329,2,0,0,,,triagem/nome-caixa-conversao 1.0.0,11,ok
090972,per090972_1906_15329,3,0,0,,,triagem/nome-caixa-conversao 1.0.0,11,ok
090972,per090972_1906_15329,4,0,0,,,triagem/nome-caixa-conversao 1.0.0,11,ok
090972,per090972_1906_15329,5,0,0,,,triagem/nome-caixa-conversao 1.0.0,11,ok
090972,per090972_1906_15329,6,0,0,,,triagem/nome-caixa-conversao 1.0.0,11,ok
090972,per090972_1906_15329,7,0,0,,,triagem/nome-caixa-conversao 1.0.0,11,ok
090972,per090972_1906_15329,8,0,0,,,triagem/nome-caixa-conversao 1.0.0,11,ok
090972,per090972_1906_15330,1,0,0,,,triagem/nome-caixa-conversao 1.0.0,11,ok
090972,per090972_1906_15330,2,0,0,,,triagem/nome-caixa-conversao 1.0.0,11,ok
090972,per090972_1906_15330,3,0,0,,,triagem/nome-caixa-conversao 1.0.0,11,ok
090972,per090972_1906_15330,4,0,0,,,triagem/nome-caixa-conversao 1.0.0,11,ok
090972,per090972_1906_15330,5,0,0,,,triagem/nome-caixa-conversao 1.0.0,11,ok
090972,per090972_1906_15330,6,0,0,,,triagem/nome-caixa-conversao 1.0.0,11,ok
090972,per090972_1906_15331,1,0,0,,,triagem/nome-caixa-conversao 1.0.0,11,ok
090972,per090972_1906_15331,2,0,0,,,triagem/nome-caixa-conversao 1.0.0,11,ok
090972,per090972_1906_15331,3,0,0,,,triagem/nome-caixa-conversao 1.0.0,11,ok
090972,per090972_1906_15331,4,0,0,,,triagem/nome-caixa-conversao 1.0.0,11,ok
090972,per090972_1906_15332,1,0,0,,,triagem/nome-caixa-conversao 1.0.0,11,ok
090972,per090972_1906_15332,2,0,0,,,triagem/nome-caixa-conversao 1.0.0,11,ok
090972,per090972_1906_15332,3,0,0,,,triagem/nome-caixa-conversao 1.0.0,11,ok
090972,per090972_1906_15332,4,0,0,,,triagem/nome-caixa-conversao 1.0.0,11,ok
090972,per090972_1906_15332,5,0,0,,,triagem/nome-caixa-conversao 1.0.0,11,ok
090972,per090972_1906_15332,6,0,0,,,triagem/nome-caixa-conversao 1.0.0,11,ok
090972,per090972_1906_15333,1,0,0,,,triagem/nome-caixa-conversao 1.0.0,11,ok
090972,per090972_1906_15333,2,0,0,,,triagem/nome-caixa-conversao 1.0.0,11,ok
090972,per090972_1906_15333,3,0,0,,,triagem/nome-caixa-conversao 1.0.0,11,ok
090972,per090972_1906_15333,4,0,0,,,triagem/nome-caixa-conversao 1.0.0,11,ok
090972,per090972_1906_15333,5,0,0,,,triagem/nome-caixa-conversao 1.0.0,11,ok
090972,per090972_1906_15333,6,0,0,,,triagem/nome-caixa-conversao 1.0.0,11,ok
090972,per090972_1906_15334,1,1,1,caixa de conver,3044,triagem/nome-caixa-conversao 1.0.0,11,ok
090972,per090972_1906_15334,2,0,0,,,triagem/nome-caixa-conversao 1.0.0,11,ok
090972,per090972_1906_15334,3,0,0,,,triagem/nome-caixa-conversao 1.0.0,11,ok
090972,per090972_1906_15334,4,0,0,,,triagem/nome-caixa-conversao 1.0.0,11,ok
090972,per090972_1906_15334,5,0,0,,,triagem/nome-caixa-conversao 1.0.0,11,ok
090972,per090972_1906_15334,6,0,0,,,triagem/nome-caixa-conversao 1.0.0,11,ok
090972,per090972_1906_15335,1,0,0,,,triagem/nome-caixa-conversao 1.0.0,11,ok
090972,per090972_1906_15335,2,0,0,,,triagem/nome-caixa-conversao 1.0.0,11,ok
090972,per090972_1906_15335,3,0,0,,,triagem/nome-caixa-conversao 1.0.0,11,ok
090972,per090972_1906_15335,4,0,0,,,triagem/nome-caixa-conversao 1.0.0,11,ok
090972,per090972_1906_15335,5,0,0,,,triagem/nome-caixa-conversao 1.0.0,11,ok
090972,per090972_1906_15335,6,0,0,,,triagem/nome-caixa-conversao 1.0.0,11,ok
090972,per090972_1906_15335,7,0,0,,,triagem/nome-caixa-conversao 1.0.0,11,ok
090972,per090972_1906_15335,8,0,0,,,triagem/nome-caixa-conversao 1.0.0,11,ok
090972,per090972_1906_15336,1,0,0,,,triagem/nome-caixa-conversao 1.0.0,11,ok
090972,per090972_1906_15336,2,0,0,,,triagem/nome-caixa-conversao 1.0.0,11,ok
090972,per090972_1906_15336,3,0,0,,,triagem/nome-caixa-conversao 1.0.0,11,ok
090972,per090972_1906_15336,4,0,0,,,triagem/nome-caixa-conversao 1.0.0,11,ok
090972,per090972_1906_15336,5,0,0,,,triagem/nome-caixa-conversao 1.0.0,11,ok
090972,per090972_1906_15336,6,0,0,,,triagem/nome-caixa-conversao 1.0.0,11,ok
090972,per090972_1906_15336,7,0,0,,,triagem/nome-caixa-conversao 1.0.0,11,ok
090972,per090972_1906_15336,8,0,0,,,triagem/nome-caixa-conversao 1.0.0,11,ok
090972,per090972_1906_15337,1,0,0,,,triagem/nome-caixa-conversao 1.0.0,11,ok
090972,per090972_1906_15337,2,0,0,,,triagem/nome-caixa-conversao 1.0.0,11,ok
090972,per090972_1906_15337,3,0,0,,,triagem/nome-caixa-conversao 1.0.0,11,ok
090972,per090972_1906_15337,4,0,0,,,triagem/nome-caixa-conversao 1.0.0,11,ok
090972,per090972_1906_15337,5,0,0,,,triagem/nome-caixa-conversao 1.0.0,11,ok
090972,per090972_1906_15337,6,0,0,,,triagem/nome-caixa-conversao 1.0.0,11,ok
090972,per090972_1906_15338,1,0,0,,,triagem/nome-caixa-conversao 1.0.0,11,ok
090972,per090972_1906_15338,2,0,0,,,triagem/nome-caixa-conversao 1.0.0,11,ok
090972,per090972_1906_15338,3,0,0,,,triagem/nome-caixa-conversao 1.0.0,11,ok
090972,per090972_1906_15338,4,0,0,,,triagem/nome-caixa-conversao 1.0.0,11,ok
090972,per090972_1906_15338,5,0,0,,,triagem/nome-caixa-conversao 1.0.0,11,ok
090972,per090972_1906_15338,6,0,0,,,triagem/nome-caixa-conversao 1.0.0,11,ok
090972,per090972_1906_15339,1,0,0,,,triagem/nome-caixa-conversao 1.0.0,11,ok
090972,per090972_1906_15339,2,0,0,,,triagem/nome-caixa-conversao 1.0.0,11,ok
090972,per090972_1906_15339,3,0,0,,,triagem/nome-caixa-conversao 1.0.0,11,ok
090972,per090972_1906_15339,4,0,0,,,triagem/nome-caixa-conversao 1.0.0,11,ok
090972,per090972_1906_15339,5,0,0,,,triagem/nome-caixa-conversao 1.0.0,11,ok
090972,per090972_1906_15339,6,0,0,,,triagem/nome-caixa-conversao 1.0.0,11,ok
090972,per090972_1906_15340,1,0,0,,,triagem/nome-caixa-conversao 1.0.0,11,ok
090972,per090972_1906_15340,2,0,0,,,triagem/nome-caixa-conversao 1.0.0,11,ok
090972,per090972_1906_15340,3,0,0,,,triagem/nome-caixa-conversao 1.0.0,11,ok
090972,per090972_1906_15340,4,0,0,,,triagem/nome-caixa-conversao 1.0.0,11,ok
090972,per090972_1906_15340,5,0,0,,,triagem/nome-caixa-conversao 1.0.0,11,ok
090972,per090972_1906_15340,6,0,0,,,triagem/nome-caixa-conversao 1.0.0,11,ok
090972,per090972_1906_15341,1,0,0,,,triagem/nome-caixa-conversao 1.0.0,11,ok
090972,per090972_1906_15341,2,0,0,,,triagem/nome-caixa-conversao 1.0.0,11,ok
090972,per090972_1906_15341,3,0,0,,,triagem/nome-caixa-conversao 1.0.0,11,ok
090972,per090972_1906_15341,4,0,0,,,triagem/nome-caixa-conversao 1.0.0,11,ok
090972,per090972_1906_15341,5,0,0,,,triagem/nome-caixa-conversao 1.0.0,11,ok
090972,per090972_1906_15341,6,0,0,,,triagem/nome-caixa-conversao 1.0.0,11,ok
090972,per090972_1906_15342,1,1,3,caixa doconver,12606,triagem/nome-caixa-conversao 1.0.0,11,ok
090972,per090972_1906_15342,2,0,0,,,triagem/nome-caixa-conversao 1.0.0,11,ok
090972,per090972_1906_15342,3,0,0,,,triagem/nome-caixa-conversao 1.0.0,11,ok
090972,per090972_1906_15342,4,0,0,,,triagem/nome-caixa-conversao 1.0.0,11,ok
090972,per090972_1906_15342,5,0,0,,,triagem/nome-caixa-conversao 1.0.0,11,ok
090972,per090972_1906_15342,6,0,0,,,triagem/nome-caixa-conversao 1.0.0,11,ok
090972,per090972_1906_15343,1,1,1,caixa de conver,23623,triagem/nome-caixa-conversao 1.0.0,11,ok
090972,per090972_1906_15343,2,0,0,,,triagem/nome-caixa-conversao 1.0.0,11,ok
090972,per090972_1906_15343,3,0,0,,,triagem/nome-caixa-conversao 1.0.0,11,ok
090972,per090972_1906_15343,4,0,0,,,triagem/nome-caixa-conversao 1.0.0,11,ok
090972,per090972_1906_15343,5,0,0,,,triagem/nome-caixa-conversao 1.0.0,11,ok
090972,per090972_1906_15343,6,0,0,,,triagem/nome-caixa-conversao 1.0.0,11,ok
090972,per090972_1906_15343,7,0,0,,,triagem/nome-caixa-conversao 1.0.0,11,ok
090972,per090972_1906_15343,8,0,0,,,triagem/nome-caixa-conversao 1.0.0,11,ok
090972,per090972_1906_15344,1,0,0,,,triagem/nome-caixa-conversao 1.0.0,11,ok
090972,per090972_1906_15344,2,0,0,,,triagem/nome-caixa-conversao 1.0.0,11,ok
090972,per090972_1906_15344,3,0,0,,,triagem/nome-caixa-conversao 1.0.0,11,ok
090972,per090972_1906_15344,4,0,0,,,triagem/nome-caixa-conversao 1.0.0,11,ok
090972,per090972_1906_15344,5,0,0,,,triagem/nome-caixa-conversao 1.0.0,11,ok
090972,per090972_1906_15344,6,0,0,,,triagem/nome-caixa-conversao 1.0.0,11,ok
090972,per090972_1906_15345,1,0,0,,,triagem/nome-caixa-conversao 1.0.0,11,ok
090972,per090972_1906_15345,2,0,0,,,triagem/nome-caixa-conversao 1.0.0,11,ok
090972,per090972_1906_15345,3,0,0,,,triagem/nome-caixa-conversao 1.0.0,11,ok
090972,per090972_1906_15345,4,0,0,,,triagem/nome-caixa-conversao 1.0.0,11,ok
090972,per090972_1906_15345,5,0,0,,,triagem/nome-caixa-conversao 1.0.0,11,ok
090972,per090972_1906_15345,6,0,0,,,triagem/nome-caixa-conversao 1.0.0,11,ok
090972,per090972_1906_15346,1,0,0,,,triagem/nome-caixa-conversao 1.0.0,11,ok
090972,per090972_1906_15346,2,0,0,,,triagem/nome-caixa-conversao 1.0.0,11,ok
090972,per090972_1906_15346,3,0,0,,,triagem/nome-caixa-conversao 1.0.0,11,ok
090972,per090972_1906_15346,4,0,0,,,triagem/nome-caixa-conversao 1.0.0,11,ok
090972,per090972_1906_15346,5,0,0,,,triagem/nome-caixa-conversao 1.0.0,11,ok
090972,per090972_1906_15346,6,0,0,,,triagem/nome-caixa-conversao 1.0.0,11,ok
090972,per090972_1906_15347,1,1,1,caixa de conver,18776,triagem/nome-caixa-conversao 1.0.0,11,ok
090972,per090972_1906_15347,2,0,0,,,triagem/nome-caixa-conversao 1.0.0,11,ok
090972,per090972_1906_15347,3,0,0,,,triagem/nome-caixa-conversao 1.0.0,11,ok
090972,per090972_1906_15347,4,0,0,,,triagem/nome-caixa-conversao 1.0.0,11,ok
090972,per090972_1906_15347,5,0,0,,,triagem/nome-caixa-conversao 1.0.0,11,ok
090972,per090972_1906_15347,6,0,0,,,triagem/nome-caixa-conversao 1.0.0,11,ok
090972,per090972_1906_15348,1,0,0,,,triagem/nome-caixa-conversao 1.0.0,11,ok
090972,per090972_1906_15348,2,1,4,caixa de conver,6904,triagem/nome-caixa-conversao 1.0.0,11,ok
090972,per090972_1906_15348,3,0,0,,,triagem/nome-caixa-conversao 1.0.0,11,ok
090972,per090972_1906_15348,4,0,0,,,triagem/nome-caixa-conversao 1.0.0,11,ok
090972,per090972_1906_15348,5,0,0,,,triagem/nome-caixa-conversao 1.0.0,11,ok
090972,per090972_1906_15348,6,0,0,,,triagem/nome-caixa-conversao 1.0.0,11,ok
090972,per090972_1906_15348,7,0,0,,,triagem/nome-caixa-conversao 1.0.0,11,ok
090972,per090972_1906_15348,8,0,0,,,triagem/nome-caixa-conversao 1.0.0,11,ok
090972,per090972_1906_15349,1,0,0,,,triagem/nome-caixa-conversao 1.0.0,11,ok
090972,per090972_1906_15349,2,0,0,,,triagem/nome-caixa-conversao 1.0.0,11,ok
090972,per090972_1906_15349,3,0,0,,,triagem/nome-caixa-conversao 1.0.0,11,ok
090972,per090972_1906_15349,4,0,0,,,triagem/nome-caixa-conversao 1.0.0,11,ok
090972,per090972_1906_15350,1,0,0,,,triagem/nome-caixa-conversao 1.0.0,11,ok
090972,per090972_1906_15350,2,0,0,,,triagem/nome-caixa-conversao 1.0.0,11,ok
090972,per090972_1906_15350,3,0,0,,,triagem/nome-caixa-conversao 1.0.0,11,ok
090972,per090972_1906_15350,4,0,0,,,triagem/nome-caixa-conversao 1.0.0,11,ok
090972,per090972_1906_15350,5,0,0,,,triagem/nome-caixa-conversao 1.0.0,11,ok
090972,per090972_1906_15350,6,0,0,,,triagem/nome-caixa-conversao 1.0.0,11,ok
090972,per090972_1906_15351,1,0,0,,,triagem/nome-caixa-conversao 1.0.0,11,ok
090972,per090972_1906_15351,2,1,1,caixa de conver,23848,triagem/nome-caixa-conversao 1.0.0,11,ok
090972,per090972_1906_15351,3,0,0,,,triagem/nome-caixa-conversao 1.0.0,11,ok
090972,per090972_1906_15351,4,0,0,,,triagem/nome-caixa-conversao 1.0.0,11,ok
090972,per090972_1906_15351,5,0,0,,,triagem/nome-caixa-conversao 1.0.0,11,ok
090972,per090972_1906_15351,6,0,0,,,triagem/nome-caixa-conversao 1.0.0,11,ok
090972,per090972_1906_15352,1,0,0,,,triagem/nome-caixa-conversao 1.0.0,11,ok
090972,per090972_1906_15352,2,0,0,,,triagem/nome-caixa-conversao 1.0.0,11,ok
090972,per090972_1906_15352,3,0,0,,,triagem/nome-caixa-conversao 1.0.0,11,ok
090972,per090972_1906_15352,4,0,0,,,triagem/nome-caixa-conversao 1.0.0,11,ok
090972,per090972_1906_15352,5,0,0,,,triagem/nome-caixa-conversao 1.0.0,11,ok
090972,per090972_1906_15352,6,0,0,,,triagem/nome-caixa-conversao 1.0.0,11,ok
090972,per090972_1906_15353,1,0,0,,,triagem/nome-caixa-conversao 1.0.0,11,ok
090972,per090972_1906_15353,2,0,0,,,triagem/nome-caixa-conversao 1.0.0,11,ok
090972,per090972_1906_15353,3,0,0,,,triagem/nome-caixa-conversao 1.0.0,11,ok
090972,per090972_1906_15353,4,0,0,,,triagem/nome-caixa-conversao 1.0.0,11,ok
090972,per090972_1906_15353,5,0,0,,,triagem/nome-caixa-conversao 1.0.0,11,ok
090972,per090972_1906_15353,6,0,0,,,triagem/nome-caixa-conversao 1.0.0,11,ok
090972,per090972_1906_15354,1,0,0,,,triagem/nome-caixa-conversao 1.0.0,11,ok
090972,per090972_1906_15354,2,0,0,,,triagem/nome-caixa-conversao 1.0.0,11,ok
090972,per090972_1906_15354,3,0,0,,,triagem/nome-caixa-conversao 1.0.0,11,ok
090972,per090972_1906_15354,4,0,0,,,triagem/nome-caixa-conversao 1.0.0,11,ok
090972,per090972_1906_15354,5,0,0,,,triagem/nome-caixa-conversao 1.0.0,11,ok
090972,per090972_1906_15354,6,0,0,,,triagem/nome-caixa-conversao 1.0.0,11,ok
090972,per090972_1906_15355,1,0,0,,,triagem/nome-caixa-conversao 1.0.0,11,ok
090972,per090972_1906_15355,2,0,0,,,triagem/nome-caixa-conversao 1.0.0,11,ok
090972,per090972_1906_15355,3,0,0,,,triagem/nome-caixa-conversao 1.0.0,11,ok
090972,per090972_1906_15355,4,0,0,,,triagem/nome-caixa-conversao 1.0.0,11,ok
090972,per090972_1906_15355,5,0,0,,,triagem/nome-caixa-conversao 1.0.0,11,ok
090972,per090972_1906_15355,6,0,0,,,triagem/nome-caixa-conversao 1.0.0,11,ok
090972,per090972_1906_15355,7,0,0,,,triagem/nome-caixa-conversao 1.0.0,11,ok
090972,per090972_1906_15355,8,0,0,,,triagem/nome-caixa-conversao 1.0.0,11,ok
090972,per090972_1906_15356,1,0,0,,,triagem/nome-caixa-conversao 1.0.0,11,ok
090972,per090972_1906_15356,2,0,0,,,triagem/nome-caixa-conversao 1.0.0,11,ok
090972,per090972_1906_15356,3,0,0,,,triagem/nome-caixa-conversao 1.0.0,11,ok
090972,per090972_1906_15356,4,0,0,,,triagem/nome-caixa-conversao 1.0.0,11,ok
090972,per090972_1906_15357,1,0,0,,,triagem/nome-caixa-conversao 1.0.0,11,ok
090972,per090972_1906_15357,2,0,0,,,triagem/nome-caixa-conversao 1.0.0,11,ok
090972,per090972_1906_15357,3,0,0,,,triagem/nome-caixa-conversao 1.0.0,11,ok
090972,per090972_1906_15357,4,0,0,,,triagem/nome-caixa-conversao 1.0.0,11,ok
090972,per090972_1906_15357,5,0,0,,,triagem/nome-caixa-conversao 1.0.0,11,ok
090972,per090972_1906_15357,6,0,0,,,triagem/nome-caixa-conversao 1.0.0,11,ok
090972,per090972_1906_15358,1,0,0,,,triagem/nome-caixa-conversao 1.0.0,11,ok
090972,per090972_1906_15358,2,0,0,,,triagem/nome-caixa-conversao 1.0.0,11,ok
090972,per090972_1906_15358,3,0,0,,,triagem/nome-caixa-conversao 1.0.0,11,ok
090972,per090972_1906_15358,4,0,0,,,triagem/nome-caixa-conversao 1.0.0,11,ok
090972,per090972_1906_15358,5,0,0,,,triagem/nome-caixa-conversao 1.0.0,11,ok
090972,per090972_1906_15358,6,0,0,,,triagem/nome-caixa-conversao 1.0.0,11,ok
090972,per090972_1906_15358,7,0,0,,,triagem/nome-caixa-conversao 1.0.0,11,ok
090972,per090972_1906_15358,8,0,0,,,triagem/nome-caixa-conversao 1.0.0,11,ok
090972,per090972_1906_15359,1,0,0,,,triagem/nome-caixa-conversao 1.0.0,11,ok
090972,per090972_1906_15359,2,0,0,,,triagem/nome-caixa-conversao 1.0.0,11,ok
090972,per090972_1906_15359,3,0,0,,,triagem/nome-caixa-conversao 1.0.0,11,ok
090972,per090972_1906_15359,4,0,0,,,triagem/nome-caixa-conversao 1.0.0,11,ok
090972,per090972_1906_15359,5,0,0,,,triagem/nome-caixa-conversao 1.0.0,11,ok
090972,per090972_1906_15359,6,0,0,,,triagem/nome-caixa-conversao 1.0.0,11,ok
090972,per090972_1906_15360,1,0,0,,,triagem/nome-caixa-conversao 1.0.0,11,ok
090972,per090972_1906_15360,2,0,0,,,triagem/nome-caixa-conversao 1.0.0,11,ok
090972,per090972_1906_15360,3,0,0,,,triagem/nome-caixa-conversao 1.0.0,11,ok
090972,per090972_1906_15360,4,0,0,,,triagem/nome-caixa-conversao 1.0.0,11,ok
090972,per090972_1906_15361,1,0,0,,,triagem/nome-caixa-conversao 1.0.0,11,ok
090972,per090972_1906_15361,2,0,0,,,triagem/nome-caixa-conversao 1.0.0,11,ok
090972,per090972_1906_15361,3,0,0,,,triagem/nome-caixa-conversao 1.0.0,11,ok
090972,per090972_1906_15361,4,0,0,,,triagem/nome-caixa-conversao 1.0.0,11,ok
090972,per090972_1906_15361,5,0,0,,,triagem/nome-caixa-conversao 1.0.0,11,ok
090972,per090972_1906_15361,6,0,0,,,triagem/nome-caixa-conversao 1.0.0,11,ok
090972,per090972_1906_15362,1,0,0,,,triagem/nome-caixa-conversao 1.0.0,11,ok
090972,per090972_1906_15362,2,0,0,,,triagem/nome-caixa-conversao 1.0.0,11,ok
090972,per090972_1906_15362,3,1,1,caixa do conver,19036,triagem/nome-caixa-conversao 1.0.0,11,ok
090972,per090972_1906_15362,4,0,0,,,triagem/nome-caixa-conversao 1.0.0,11,ok
090972,per090972_1906_15362,5,0,0,,,triagem/nome-caixa-conversao 1.0.0,11,ok
090972,per090972_1906_15362,6,0,0,,,triagem/nome-caixa-conversao 1.0.0,11,ok
090972,per090972_1906_15362,7,0,0,,,triagem/nome-caixa-conversao 1.0.0,11,ok
090972,per090972_1906_15362,8,0,0,,,triagem/nome-caixa-conversao 1.0.0,11,ok
090972,per090972_1906_15363,1,0,0,,,triagem/nome-caixa-conversao 1.0.0,11,ok
090972,per090972_1906_15363,2,0,0,,,triagem/nome-caixa-conversao 1.0.0,11,ok
090972,per090972_1906_15363,3,0,0,,,triagem/nome-caixa-conversao 1.0.0,11,ok
090972,per090972_1906_15363,4,0,0,,,triagem/nome-caixa-conversao 1.0.0,11,ok
090972,per090972_1906_15364,1,0,0,,,triagem/nome-caixa-conversao 1.0.0,11,ok
090972,per090972_1906_15364,2,0,0,,,triagem/nome-caixa-conversao 1.0.0,11,ok
090972,per090972_1906_15364,3,1,2,caixa de conver,25675,triagem/nome-caixa-conversao 1.0.0,11,ok
090972,per090972_1906_15364,4,0,0,,,triagem/nome-caixa-conversao 1.0.0,11,ok
090972,per090972_1906_15364,5,0,0,,,triagem/nome-caixa-conversao 1.0.0,11,ok
090972,per090972_1906_15364,6,0,0,,,triagem/nome-caixa-conversao 1.0.0,11,ok
090972,per090972_1906_15364,7,0,0,,,triagem/nome-caixa-conversao 1.0.0,11,ok
090972,per090972_1906_15364,8,0,0,,,triagem/nome-caixa-conversao 1.0.0,11,ok
090972,per090972_1906_15365,1,0,0,,,triagem/nome-caixa-conversao 1.0.0,11,ok
090972,per090972_1906_15365,2,0,0,,,triagem/nome-caixa-conversao 1.0.0,11,ok
090972,per090972_1906_15365,3,0,0,,,triagem/nome-caixa-conversao 1.0.0,11,ok
090972,per090972_1906_15365,4,0,0,,,triagem/nome-caixa-conversao 1.0.0,11,ok
090972,per090972_1906_15365,5,0,0,,,triagem/nome-caixa-conversao 1.0.0,11,ok
090972,per090972_1906_15365,6,0,0,,,triagem/nome-caixa-conversao 1.0.0,11,ok
090972,per090972_1906_15366,1,0,0,,,triagem/nome-caixa-conversao 1.0.0,11,ok
090972,per090972_1906_15366,2,1,1,caixa do conver,35655,triagem/nome-caixa-conversao 1.0.0,11,ok
090972,per090972_1906_15366,3,0,0,,,triagem/nome-caixa-conversao 1.0.0,11,ok
090972,per090972_1906_15366,4,0,0,,,triagem/nome-caixa-conversao 1.0.0,11,ok
090972,per090972_1906_15366,5,0,0,,,triagem/nome-caixa-conversao 1.0.0,11,ok
090972,per090972_1906_15366,6,0,0,,,triagem/nome-caixa-conversao 1.0.0,11,ok
090972,per090972_1906_15367,1,0,0,,,triagem/nome-caixa-conversao 1.0.0,11,ok
090972,per090972_1906_15367,2,1,1,caixa de conver,45631,triagem/nome-caixa-conversao 1.0.0,11,ok
090972,per090972_1906_15367,3,0,0,,,triagem/nome-caixa-conversao 1.0.0,11,ok
090972,per090972_1906_15367,4,0,0,,,triagem/nome-caixa-conversao 1.0.0,11,ok
090972,per090972_1906_15367,5,0,0,,,triagem/nome-caixa-conversao 1.0.0,11,ok
090972,per090972_1906_15367,6,0,0,,,triagem/nome-caixa-conversao 1.0.0,11,ok
090972,per090972_1906_15367,7,0,0,,,triagem/nome-caixa-conversao 1.0.0,11,ok
090972,per090972_1906_15367,8,0,0,,,triagem/nome-caixa-conversao 1.0.0,11,ok
090972,per090972_1906_15368,1,0,0,,,triagem/nome-caixa-conversao 1.0.0,11,ok
090972,per090972_1906_15368,2,0,0,,,triagem/nome-caixa-conversao 1.0.0,11,ok
090972,per090972_1906_15368,3,0,0,,,triagem/nome-caixa-conversao 1.0.0,11,ok
090972,per090972_1906_15368,4,0,0,,,triagem/nome-caixa-conversao 1.0.0,11,ok
090972,per090972_1906_15368,5,0,0,,,triagem/nome-caixa-conversao 1.0.0,11,ok
090972,per090972_1906_15368,6,0,0,,,triagem/nome-caixa-conversao 1.0.0,11,ok
090972,per090972_1906_15369,1,0,0,,,triagem/nome-caixa-conversao 1.0.0,11,ok
090972,per090972_1906_15369,2,1,1,caixa deconver,30350,triagem/nome-caixa-conversao 1.0.0,11,ok
090972,per090972_1906_15369,3,0,0,,,triagem/nome-caixa-conversao 1.0.0,11,ok
090972,per090972_1906_15369,4,0,0,,,triagem/nome-caixa-conversao 1.0.0,11,ok
090972,per090972_1906_15369,5,0,0,,,triagem/nome-caixa-conversao 1.0.0,11,ok
090972,per090972_1906_15369,6,0,0,,,triagem/nome-caixa-conversao 1.0.0,11,ok
090972,per090972_1906_15369,7,0,0,,,triagem/nome-caixa-conversao 1.0.0,11,ok
090972,per090972_1906_15369,8,0,0,,,triagem/nome-caixa-conversao 1.0.0,11,ok
090972,per090972_1906_15370,1,0,0,,,triagem/nome-caixa-conversao 1.0.0,11,ok
090972,per090972_1906_15370,2,0,0,,,triagem/nome-caixa-conversao 1.0.0,11,ok
090972,per090972_1906_15370,3,0,0,,,triagem/nome-caixa-conversao 1.0.0,11,ok
090972,per090972_1906_15370,4,0,0,,,triagem/nome-caixa-conversao 1.0.0,11,ok
090972,per090972_1906_15371,1,0,0,,,triagem/nome-caixa-conversao 1.0.0,11,ok
090972,per090972_1906_15371,2,0,0,,,triagem/nome-caixa-conversao 1.0.0,11,ok
090972,per090972_1906_15371,3,0,0,,,triagem/nome-caixa-conversao 1.0.0,11,ok
090972,per090972_1906_15371,4,0,0,,,triagem/nome-caixa-conversao 1.0.0,11,ok
090972,per090972_1906_15371,5,0,0,,,triagem/nome-caixa-conversao 1.0.0,11,ok
090972,per090972_1906_15371,6,0,0,,,triagem/nome-caixa-conversao 1.0.0,11,ok
090972,per090972_1906_15372,1,0,0,,,triagem/nome-caixa-conversao 1.0.0,11,ok
090972,per090972_1906_15372,2,0,0,,,triagem/nome-caixa-conversao 1.0.0,11,ok
090972,per090972_1906_15372,3,0,0,,,triagem/nome-caixa-conversao 1.0.0,11,ok
090972,per090972_1906_15372,4,0,0,,,triagem/nome-caixa-conversao 1.0.0,11,ok
090972,per090972_1906_15372,5,0,0,,,triagem/nome-caixa-conversao 1.0.0,11,ok
090972,per090972_1906_15372,6,0,0,,,triagem/nome-caixa-conversao 1.0.0,11,ok
090972,per090972_1906_15373,1,0,0,,,triagem/nome-caixa-conversao 1.0.0,11,ok
090972,per090972_1906_15373,2,0,0,,,triagem/nome-caixa-conversao 1.0.0,11,ok
090972,per090972_1906_15373,3,0,0,,,triagem/nome-caixa-conversao 1.0.0,11,ok
090972,per090972_1906_15373,4,0,0,,,triagem/nome-caixa-conversao 1.0.0,11,ok
090972,per090972_1906_15373,5,0,0,,,triagem/nome-caixa-conversao 1.0.0,11,ok
090972,per090972_1906_15373,6,0,0,,,triagem/nome-caixa-conversao 1.0.0,11,ok
090972,per090972_1906_15374,1,0,0,,,triagem/nome-caixa-conversao 1.0.0,11,ok
090972,per090972_1906_15374,2,0,0,,,triagem/nome-caixa-conversao 1.0.0,11,ok
090972,per090972_1906_15374,3,0,0,,,triagem/nome-caixa-conversao 1.0.0,11,ok
090972,per090972_1906_15374,4,0,0,,,triagem/nome-caixa-conversao 1.0.0,11,ok
090972,per090972_1906_15374,5,0,0,,,triagem/nome-caixa-conversao 1.0.0,11,ok
090972,per090972_1906_15374,6,0,0,,,triagem/nome-caixa-conversao 1.0.0,11,ok
090972,per090972_1906_15375,1,0,0,,,triagem/nome-caixa-conversao 1.0.0,11,ok
090972,per090972_1906_15375,2,0,0,,,triagem/nome-caixa-conversao 1.0.0,11,ok
090972,per090972_1906_15375,3,0,0,,,triagem/nome-caixa-conversao 1.0.0,11,ok
090972,per090972_1906_15375,4,0,0,,,triagem/nome-caixa-conversao 1.0.0,11,ok
090972,per090972_1906_15375,5,0,0,,,triagem/nome-caixa-conversao 1.0.0,11,ok
090972,per090972_1906_15375,6,0,0,,,triagem/nome-caixa-conversao 1.0.0,11,ok
090972,per090972_1906_15376,1,0,0,,,triagem/nome-caixa-conversao 1.0.0,11,ok
090972,per090972_1906_15376,2,0,0,,,triagem/nome-caixa-conversao 1.0.0,11,ok
090972,per090972_1906_15376,3,0,0,,,triagem/nome-caixa-conversao 1.0.0,11,ok
090972,per090972_1906_15376,4,0,0,,,triagem/nome-caixa-conversao 1.0.0,11,ok
090972,per090972_1906_15376,5,0,0,,,triagem/nome-caixa-conversao 1.0.0,11,ok
090972,per090972_1906_15376,6,0,0,,,triagem/nome-caixa-conversao 1.0.0,11,ok
090972,per090972_1906_15376,7,0,0,,,triagem/nome-caixa-conversao 1.0.0,11,ok
090972,per090972_1906_15376,8,0,0,,,triagem/nome-caixa-conversao 1.0.0,11,ok
090972,per090972_1906_15377,1,0,0,,,triagem/nome-caixa-conversao 1.0.0,11,ok
090972,per090972_1906_15377,2,0,0,,,triagem/nome-caixa-conversao 1.0.0,11,ok
090972,per090972_1906_15377,3,0,0,,,triagem/nome-caixa-conversao 1.0.0,11,ok
090972,per090972_1906_15377,4,0,0,,,triagem/nome-caixa-conversao 1.0.0,11,ok
090972,per090972_1906_15378,1,0,0,,,triagem/nome-caixa-conversao 1.0.0,11,ok
090972,per090972_1906_15378,2,0,0,,,triagem/nome-caixa-conversao 1.0.0,11,ok
090972,per090972_1906_15378,3,0,0,,,triagem/nome-caixa-conversao 1.0.0,11,ok
090972,per090972_1906_15378,4,0,0,,,triagem/nome-caixa-conversao 1.0.0,11,ok
090972,per090972_1906_15378,5,0,0,,,triagem/nome-caixa-conversao 1.0.0,11,ok
090972,per090972_1906_15378,6,0,0,,,triagem/nome-caixa-conversao 1.0.0,11,ok
090972,per090972_1906_15379,1,0,0,,,triagem/nome-caixa-conversao 1.0.0,11,ok
090972,per090972_1906_15379,2,0,0,,,triagem/nome-caixa-conversao 1.0.0,11,ok
090972,per090972_1906_15379,3,0,0,,,triagem/nome-caixa-conversao 1.0.0,11,ok
090972,per090972_1906_15379,4,0,0,,,triagem/nome-caixa-conversao 1.0.0,11,ok
090972,per090972_1906_15379,5,0,0,,,triagem/nome-caixa-conversao 1.0.0,11,ok
090972,per090972_1906_15379,6,0,0,,,triagem/nome-caixa-conversao 1.0.0,11,ok
090972,per090972_1906_15380,1,0,0,,,triagem/nome-caixa-conversao 1.0.0,11,ok
090972,per090972_1906_15380,2,0,0,,,triagem/nome-caixa-conversao 1.0.0,11,ok
090972,per090972_1906_15380,3,0,0,,,triagem/nome-caixa-conversao 1.0.0,11,ok
090972,per090972_1906_15380,4,0,0,,,triagem/nome-caixa-conversao 1.0.0,11,ok
090972,per090972_1906_15380,5,0,0,,,triagem/nome-caixa-conversao 1.0.0,11,ok
090972,per090972_1906_15380,6,0,0,,,triagem/nome-caixa-conversao 1.0.0,11,ok
090972,per090972_1906_15381,1,0,0,,,triagem/nome-caixa-conversao 1.0.0,11,ok
090972,per090972_1906_15381,2,0,0,,,triagem/nome-caixa-conversao 1.0.0,11,ok
090972,per090972_1906_15381,3,0,0,,,triagem/nome-caixa-conversao 1.0.0,11,ok
090972,per090972_1906_15381,4,0,0,,,triagem/nome-caixa-conversao 1.0.0,11,ok
090972,per090972_1906_15382,1,0,0,,,triagem/nome-caixa-conversao 1.0.0,11,ok
090972,per090972_1906_15382,2,0,0,,,triagem/nome-caixa-conversao 1.0.0,11,ok
090972,per090972_1906_15382,3,0,0,,,triagem/nome-caixa-conversao 1.0.0,11,ok
090972,per090972_1906_15382,4,0,0,,,triagem/nome-caixa-conversao 1.0.0,11,ok
090972,per090972_1906_15382,5,0,0,,,triagem/nome-caixa-conversao 1.0.0,11,ok
090972,per090972_1906_15382,6,0,0,,,triagem/nome-caixa-conversao 1.0.0,11,ok
090972,per090972_1906_15383,1,0,0,,,triagem/nome-caixa-conversao 1.0.0,11,ok
090972,per090972_1906_15383,2,0,0,,,triagem/nome-caixa-conversao 1.0.0,11,ok
090972,per090972_1906_15383,3,0,0,,,triagem/nome-caixa-conversao 1.0.0,11,ok
090972,per090972_1906_15383,4,0,0,,,triagem/nome-caixa-conversao 1.0.0,11,ok
090972,per090972_1906_15383,5,0,0,,,triagem/nome-caixa-conversao 1.0.0,11,ok
090972,per090972_1906_15383,6,0,0,,,triagem/nome-caixa-conversao 1.0.0,11,ok
090972,per090972_1906_15384,1,0,0,,,triagem/nome-caixa-conversao 1.0.0,11,ok
090972,per090972_1906_15384,2,0,0,,,triagem/nome-caixa-conversao 1.0.0,11,ok
090972,per090972_1906_15384,3,0,0,,,triagem/nome-caixa-conversao 1.0.0,11,ok
090972,per090972_1906_15384,4,0,0,,,triagem/nome-caixa-conversao 1.0.0,11,ok
090972,per090972_1906_15385,1,0,0,,,triagem/nome-caixa-conversao 1.0.0,11,ok
090972,per090972_1906_15385,2,0,0,,,triagem/nome-caixa-conversao 1.0.0,11,ok
090972,per090972_1906_15385,3,0,0,,,triagem/nome-caixa-conversao 1.0.0,11,ok
090972,per090972_1906_15385,4,0,0,,,triagem/nome-caixa-conversao 1.0.0,11,ok
090972,per090972_1906_15385,5,0,0,,,triagem/nome-caixa-conversao 1.0.0,11,ok
090972,per090972_1906_15385,6,0,0,,,triagem/nome-caixa-conversao 1.0.0,11,ok
090972,per090972_1906_15386,1,0,0,,,triagem/nome-caixa-conversao 1.0.0,11,ok
090972,per090972_1906_15386,2,0,0,,,triagem/nome-caixa-conversao 1.0.0,11,ok
090972,per090972_1906_15386,3,0,0,,,triagem/nome-caixa-conversao 1.0.0,11,ok
090972,per090972_1906_15386,4,0,0,,,triagem/nome-caixa-conversao 1.0.0,11,ok
090972,per090972_1906_15387,1,0,0,,,triagem/nome-caixa-conversao 1.0.0,11,ok
090972,per090972_1906_15387,2,0,0,,,triagem/nome-caixa-conversao 1.0.0,11,ok
090972,per090972_1906_15387,3,0,0,,,triagem/nome-caixa-conversao 1.0.0,11,ok
090972,per090972_1906_15387,4,0,0,,,triagem/nome-caixa-conversao 1.0.0,11,ok
090972,per090972_1906_15387,5,0,0,,,triagem/nome-caixa-conversao 1.0.0,11,ok
090972,per090972_1906_15387,6,0,0,,,triagem/nome-caixa-conversao 1.0.0,11,ok
090972,per090972_1906_15388,1,0,0,,,triagem/nome-caixa-conversao 1.0.0,11,ok
090972,per090972_1906_15388,2,0,0,,,triagem/nome-caixa-conversao 1.0.0,11,ok
090972,per090972_1906_15388,3,0,0,,,triagem/nome-caixa-conversao 1.0.0,11,ok
090972,per090972_1906_15388,4,0,0,,,triagem/nome-caixa-conversao 1.0.0,11,ok
090972,per090972_1906_15388,5,0,0,,,triagem/nome-caixa-conversao 1.0.0,11,ok
090972,per090972_1906_15388,6,0,0,,,triagem/nome-caixa-conversao 1.0.0,11,ok
090972,per090972_1906_15388,7,0,0,,,triagem/nome-caixa-conversao 1.0.0,11,ok
090972,per090972_1906_15388,8,0,0,,,triagem/nome-caixa-conversao 1.0.0,11,ok
090972,per090972_1906_15389,1,0,0,,,triagem/nome-caixa-conversao 1.0.0,11,ok
090972,per090972_1906_15389,2,0,0,,,triagem/nome-caixa-conversao 1.0.0,11,ok
090972,per090972_1906_15389,3,0,0,,,triagem/nome-caixa-conversao 1.0.0,11,ok
090972,per090972_1906_15389,4,0,0,,,triagem/nome-caixa-conversao 1.0.0,11,ok
090972,per090972_1906_15389,5,0,0,,,triagem/nome-caixa-conversao 1.0.0,11,ok
090972,per090972_1906_15389,6,0,0,,,triagem/nome-caixa-conversao 1.0.0,11,ok
090972,per090972_1906_15390,1,0,0,,,triagem/nome-caixa-conversao 1.0.0,11,ok
090972,per090972_1906_15390,2,0,0,,,triagem/nome-caixa-conversao 1.0.0,11,ok
090972,per090972_1906_15390,3,0,0,,,triagem/nome-caixa-conversao 1.0.0,11,ok
090972,per090972_1906_15390,4,0,0,,,triagem/nome-caixa-conversao 1.0.0,11,ok
090972,per090972_1906_15390,5,0,0,,,triagem/nome-caixa-conversao 1.0.0,11,ok
090972,per090972_1906_15390,6,0,0,,,triagem/nome-caixa-conversao 1.0.0,11,ok
090972,per090972_1906_15390,7,0,0,,,triagem/nome-caixa-conversao 1.0.0,11,ok
090972,per090972_1906_15390,8,0,0,,,triagem/nome-caixa-conversao 1.0.0,11,ok
090972,per090972_1906_15391,1,0,0,,,triagem/nome-caixa-conversao 1.0.0,11,ok
090972,per090972_1906_15391,2,0,0,,,triagem/nome-caixa-conversao 1.0.0,11,ok
090972,per090972_1906_15391,3,0,0,,,triagem/nome-caixa-conversao 1.0.0,11,ok
090972,per090972_1906_15391,4,0,0,,,triagem/nome-caixa-conversao 1.0.0,11,ok
090972,per090972_1906_15392,1,0,0,,,triagem/nome-caixa-conversao 1.0.0,11,ok
090972,per090972_1906_15392,2,0,0,,,triagem/nome-caixa-conversao 1.0.0,11,ok
090972,per090972_1906_15392,3,0,0,,,triagem/nome-caixa-conversao 1.0.0,11,ok
090972,per090972_1906_15392,4,0,0,,,triagem/nome-caixa-conversao 1.0.0,11,ok
090972,per090972_1906_15392,5,0,0,,,triagem/nome-caixa-conversao 1.0.0,11,ok
090972,per090972_1906_15392,6,0,0,,,triagem/nome-caixa-conversao 1.0.0,11,ok
090972,per090972_1906_15393,1,0,0,,,triagem/nome-caixa-conversao 1.0.0,11,ok
090972,per090972_1906_15393,2,0,0,,,triagem/nome-caixa-conversao 1.0.0,11,ok
090972,per090972_1906_15393,3,0,0,,,triagem/nome-caixa-conversao 1.0.0,11,ok
090972,per090972_1906_15393,4,0,0,,,triagem/nome-caixa-conversao 1.0.0,11,ok
090972,per090972_1906_15393,5,0,0,,,triagem/nome-caixa-conversao 1.0.0,11,ok
090972,per090972_1906_15393,6,0,0,,,triagem/nome-caixa-conversao 1.0.0,11,ok
090972,per090972_1906_15394,1,0,0,,,triagem/nome-caixa-conversao 1.0.0,11,ok
090972,per090972_1906_15394,2,0,0,,,triagem/nome-caixa-conversao 1.0.0,11,ok
090972,per090972_1906_15394,3,0,0,,,triagem/nome-caixa-conversao 1.0.0,11,ok
090972,per090972_1906_15394,4,0,0,,,triagem/nome-caixa-conversao 1.0.0,11,ok
090972,per090972_1906_15394,5,0,0,,,triagem/nome-caixa-conversao 1.0.0,11,ok
090972,per090972_1906_15394,6,0,0,,,triagem/nome-caixa-conversao 1.0.0,11,ok
090972,per090972_1906_15395,1,0,0,,,triagem/nome-caixa-conversao 1.0.0,11,ok
090972,per090972_1906_15395,2,0,0,,,triagem/nome-caixa-conversao 1.0.0,11,ok
090972,per090972_1906_15395,3,0,0,,,triagem/nome-caixa-conversao 1.0.0,11,ok
090972,per090972_1906_15395,4,0,0,,,triagem/nome-caixa-conversao 1.0.0,11,ok
090972,per090972_1906_15395,5,0,0,,,triagem/nome-caixa-conversao 1.0.0,11,ok
090972,per090972_1906_15395,6,0,0,,,triagem/nome-caixa-conversao 1.0.0,11,ok
090972,per090972_1906_15396,1,0,0,,,triagem/nome-caixa-conversao 1.0.0,11,ok
090972,per090972_1906_15396,2,0,0,,,triagem/nome-caixa-conversao 1.0.0,11,ok
090972,per090972_1906_15396,3,0,0,,,triagem/nome-caixa-conversao 1.0.0,11,ok
090972,per090972_1906_15396,4,0,0,,,triagem/nome-caixa-conversao 1.0.0,11,ok
090972,per090972_1906_15396,5,0,0,,,triagem/nome-caixa-conversao 1.0.0,11,ok
090972,per090972_1906_15396,6,0,0,,,triagem/nome-caixa-conversao 1.0.0,11,ok
090972,per090972_1906_15397,1,0,0,,,triagem/nome-caixa-conversao 1.0.0,11,ok
090972,per090972_1906_15397,2,0,0,,,triagem/nome-caixa-conversao 1.0.0,11,ok
090972,per090972_1906_15397,3,0,0,,,triagem/nome-caixa-conversao 1.0.0,11,ok
090972,per090972_1906_15397,4,0,0,,,triagem/nome-caixa-conversao 1.0.0,11,ok
090972,per090972_1906_15397,5,0,0,,,triagem/nome-caixa-conversao 1.0.0,11,ok
090972,per090972_1906_15397,6,0,0,,,triagem/nome-caixa-conversao 1.0.0,11,ok
090972,per090972_1906_15398,1,0,0,,,triagem/nome-caixa-conversao 1.0.0,11,ok
090972,per090972_1906_15398,2,0,0,,,triagem/nome-caixa-conversao 1.0.0,11,ok
090972,per090972_1906_15398,3,0,0,,,triagem/nome-caixa-conversao 1.0.0,11,ok
090972,per090972_1906_15398,4,0,0,,,triagem/nome-caixa-conversao 1.0.0,11,ok
090972,per090972_1906_15399,1,1,10,caixa de conver,25553,triagem/nome-caixa-conversao 1.0.0,11,ok
090972,per090972_1906_15399,2,1,19,caixa de conver,1294,triagem/nome-caixa-conversao 1.0.0,11,ok
090972,per090972_1906_15399,3,0,0,,,triagem/nome-caixa-conversao 1.0.0,11,ok
090972,per090972_1906_15399,4,0,0,,,triagem/nome-caixa-conversao 1.0.0,11,ok
090972,per090972_1906_15399,5,0,0,,,triagem/nome-caixa-conversao 1.0.0,11,ok
090972,per090972_1906_15399,6,0,0,,,triagem/nome-caixa-conversao 1.0.0,11,ok
090972,per090972_1906_15399,7,0,0,,,triagem/nome-caixa-conversao 1.0.0,11,ok
090972,per090972_1906_15399,8,0,0,,,triagem/nome-caixa-conversao 1.0.0,11,ok
090972,per090972_1906_15400,1,0,0,,,triagem/nome-caixa-conversao 1.0.0,11,ok
090972,per090972_1906_15400,2,0,0,,,triagem/nome-caixa-conversao 1.0.0,11,ok
090972,per090972_1906_15400,3,0,0,,,triagem/nome-caixa-conversao 1.0.0,11,ok
090972,per090972_1906_15400,4,0,0,,,triagem/nome-caixa-conversao 1.0.0,11,ok
090972,per090972_1906_15400,5,0,0,,,triagem/nome-caixa-conversao 1.0.0,11,ok
090972,per090972_1906_15400,6,0,0,,,triagem/nome-caixa-conversao 1.0.0,11,ok
090972,per090972_1906_15401,1,0,0,,,triagem/nome-caixa-conversao 1.0.0,11,ok
090972,per090972_1906_15401,2,0,0,,,triagem/nome-caixa-conversao 1.0.0,11,ok
090972,per090972_1906_15401,3,0,0,,,triagem/nome-caixa-conversao 1.0.0,11,ok
090972,per090972_1906_15401,4,0,0,,,triagem/nome-caixa-conversao 1.0.0,11,ok
090972,per090972_1906_15401,5,0,0,,,triagem/nome-caixa-conversao 1.0.0,11,ok
090972,per090972_1906_15401,6,0,0,,,triagem/nome-caixa-conversao 1.0.0,11,ok
090972,per090972_1906_15402,1,0,0,,,triagem/nome-caixa-conversao 1.0.0,11,ok
090972,per090972_1906_15402,2,0,0,,,triagem/nome-caixa-conversao 1.0.0,11,ok
090972,per090972_1906_15402,3,0,0,,,triagem/nome-caixa-conversao 1.0.0,11,ok
090972,per090972_1906_15402,4,0,0,,,triagem/nome-caixa-conversao 1.0.0,11,ok
090972,per090972_1906_15402,5,0,0,,,triagem/nome-caixa-conversao 1.0.0,11,ok
090972,per090972_1906_15402,6,0,0,,,triagem/nome-caixa-conversao 1.0.0,11,ok
090972,per090972_1906_15403,1,0,0,,,triagem/nome-caixa-conversao 1.0.0,11,ok
090972,per090972_1906_15403,2,0,0,,,triagem/nome-caixa-conversao 1.0.0,11,ok
090972,per090972_1906_15403,3,0,0,,,triagem/nome-caixa-conversao 1.0.0,11,ok
090972,per090972_1906_15403,4,0,0,,,triagem/nome-caixa-conversao 1.0.0,11,ok
090972,per090972_1906_15404,1,0,0,,,triagem/nome-caixa-conversao 1.0.0,11,ok
090972,per090972_1906_15404,2,0,0,,,triagem/nome-caixa-conversao 1.0.0,11,ok
090972,per090972_1906_15404,3,0,0,,,triagem/nome-caixa-conversao 1.0.0,11,ok
090972,per090972_1906_15404,4,0,0,,,triagem/nome-caixa-conversao 1.0.0,11,ok
090972,per090972_1906_15404,5,0,0,,,triagem/nome-caixa-conversao 1.0.0,11,ok
090972,per090972_1906_15404,6,0,0,,,triagem/nome-caixa-conversao 1.0.0,11,ok
090972,per090972_1906_15405,1,0,0,,,triagem/nome-caixa-conversao 1.0.0,11,ok
090972,per090972_1906_15405,2,0,0,,,triagem/nome-caixa-conversao 1.0.0,11,ok
090972,per090972_1906_15405,3,0,0,,,triagem/nome-caixa-conversao 1.0.0,11,ok
090972,per090972_1906_15405,4,0,0,,,triagem/nome-caixa-conversao 1.0.0,11,ok
090972,per090972_1906_15406,1,0,0,,,triagem/nome-caixa-conversao 1.0.0,11,ok
090972,per090972_1906_15406,2,0,0,,,triagem/nome-caixa-conversao 1.0.0,11,ok
090972,per090972_1906_15406,3,0,0,,,triagem/nome-caixa-conversao 1.0.0,11,ok
090972,per090972_1906_15406,4,0,0,,,triagem/nome-caixa-conversao 1.0.0,11,ok
090972,per090972_1906_15406,5,0,0,,,triagem/nome-caixa-conversao 1.0.0,11,ok
090972,per090972_1906_15406,6,0,0,,,triagem/nome-caixa-conversao 1.0.0,11,ok
090972,per090972_1906_15407,1,0,0,,,triagem/nome-caixa-conversao 1.0.0,11,ok
090972,per090972_1906_15407,2,0,0,,,triagem/nome-caixa-conversao 1.0.0,11,ok
090972,per090972_1906_15407,3,0,0,,,triagem/nome-caixa-conversao 1.0.0,11,ok
090972,per090972_1906_15407,4,0,0,,,triagem/nome-caixa-conversao 1.0.0,11,ok
090972,per090972_1906_15407,5,0,0,,,triagem/nome-caixa-conversao 1.0.0,11,ok
090972,per090972_1906_15407,6,0,0,,,triagem/nome-caixa-conversao 1.0.0,11,ok
090972,per090972_1906_15408,1,0,0,,,triagem/nome-caixa-conversao 1.0.0,11,ok
090972,per090972_1906_15408,2,0,0,,,triagem/nome-caixa-conversao 1.0.0,11,ok
090972,per090972_1906_15408,3,0,0,,,triagem/nome-caixa-conversao 1.0.0,11,ok
090972,per090972_1906_15408,4,0,0,,,triagem/nome-caixa-conversao 1.0.0,11,ok
090972,per090972_1906_15408,5,0,0,,,triagem/nome-caixa-conversao 1.0.0,11,ok
090972,per090972_1906_15408,6,0,0,,,triagem/nome-caixa-conversao 1.0.0,11,ok
090972,per090972_1906_15409,1,0,0,,,triagem/nome-caixa-conversao 1.0.0,11,ok
090972,per090972_1906_15409,2,0,0,,,triagem/nome-caixa-conversao 1.0.0,11,ok
090972,per090972_1906_15409,3,0,0,,,triagem/nome-caixa-conversao 1.0.0,11,ok
090972,per090972_1906_15409,4,0,0,,,triagem/nome-caixa-conversao 1.0.0,11,ok
090972,per090972_1906_15409,5,0,0,,,triagem/nome-caixa-conversao 1.0.0,11,ok
090972,per090972_1906_15409,6,0,0,,,triagem/nome-caixa-conversao 1.0.0,11,ok
090972,per090972_1906_15410,1,0,0,,,triagem/nome-caixa-conversao 1.0.0,11,ok
090972,per090972_1906_15410,2,0,0,,,triagem/nome-caixa-conversao 1.0.0,11,ok
090972,per090972_1906_15410,3,0,0,,,triagem/nome-caixa-conversao 1.0.0,11,ok
090972,per090972_1906_15410,4,0,0,,,triagem/nome-caixa-conversao 1.0.0,11,ok
090972,per090972_1906_15410,5,0,0,,,triagem/nome-caixa-conversao 1.0.0,11,ok
090972,per090972_1906_15410,6,0,0,,,triagem/nome-caixa-conversao 1.0.0,11,ok
090972,per090972_1906_15411,1,0,0,,,triagem/nome-caixa-conversao 1.0.0,11,ok
090972,per090972_1906_15411,2,0,0,,,triagem/nome-caixa-conversao 1.0.0,11,ok
090972,per090972_1906_15411,3,0,0,,,triagem/nome-caixa-conversao 1.0.0,11,ok
090972,per090972_1906_15411,4,0,0,,,triagem/nome-caixa-conversao 1.0.0,11,ok
090972,per090972_1906_15411,5,0,0,,,triagem/nome-caixa-conversao 1.0.0,11,ok
090972,per090972_1906_15411,6,0,0,,,triagem/nome-caixa-conversao 1.0.0,11,ok
090972,per090972_1906_15412,1,0,0,,,triagem/nome-caixa-conversao 1.0.0,11,ok
090972,per090972_1906_15412,2,0,0,,,triagem/nome-caixa-conversao 1.0.0,11,ok
090972,per090972_1906_15412,3,0,0,,,triagem/nome-caixa-conversao 1.0.0,11,ok
090972,per090972_1906_15412,4,0,0,,,triagem/nome-caixa-conversao 1.0.0,11,ok
090972,per090972_1906_15413,1,0,0,,,triagem/nome-caixa-conversao 1.0.0,11,ok
090972,per090972_1906_15413,2,0,0,,,triagem/nome-caixa-conversao 1.0.0,11,ok
090972,per090972_1906_15413,3,0,0,,,triagem/nome-caixa-conversao 1.0.0,11,ok
090972,per090972_1906_15413,4,0,0,,,triagem/nome-caixa-conversao 1.0.0,11,ok
090972,per090972_1906_15413,5,0,0,,,triagem/nome-caixa-conversao 1.0.0,11,ok
090972,per090972_1906_15413,6,0,0,,,triagem/nome-caixa-conversao 1.0.0,11,ok
090972,per090972_1906_15414,1,0,0,,,triagem/nome-caixa-conversao 1.0.0,11,ok
090972,per090972_1906_15414,2,1,1,caixa do conver,18661,triagem/nome-caixa-conversao 1.0.0,11,ok
090972,per090972_1906_15414,3,0,0,,,triagem/nome-caixa-conversao 1.0.0,11,ok
090972,per090972_1906_15414,4,0,0,,,triagem/nome-caixa-conversao 1.0.0,11,ok
090972,per090972_1906_15414,5,0,0,,,triagem/nome-caixa-conversao 1.0.0,11,ok
090972,per090972_1906_15414,6,0,0,,,triagem/nome-caixa-conversao 1.0.0,11,ok
090972,per090972_1906_15415,1,0,0,,,triagem/nome-caixa-conversao 1.0.0,11,ok
090972,per090972_1906_15415,2,0,0,,,triagem/nome-caixa-conversao 1.0.0,11,ok
090972,per090972_1906_15415,3,0,0,,,triagem/nome-caixa-conversao 1.0.0,11,ok
090972,per090972_1906_15415,4,0,0,,,triagem/nome-caixa-conversao 1.0.0,11,ok
090972,per090972_1906_15415,5,0,0,,,triagem/nome-caixa-conversao 1.0.0,11,ok
090972,per090972_1906_15415,6,0,0,,,triagem/nome-caixa-conversao 1.0.0,11,ok
090972,per090972_1906_15416,1,0,0,,,triagem/nome-caixa-conversao 1.0.0,11,ok
090972,per090972_1906_15416,2,0,0,,,triagem/nome-caixa-conversao 1.0.0,11,ok
090972,per090972_1906_15416,3,0,0,,,triagem/nome-caixa-conversao 1.0.0,11,ok
090972,per090972_1906_15416,4,0,0,,,triagem/nome-caixa-conversao 1.0.0,11,ok
090972,per090972_1906_15416,5,0,0,,,triagem/nome-caixa-conversao 1.0.0,11,ok
090972,per090972_1906_15416,6,0,0,,,triagem/nome-caixa-conversao 1.0.0,11,ok
090972,per090972_1906_15417,1,0,0,,,triagem/nome-caixa-conversao 1.0.0,11,ok
090972,per090972_1906_15417,2,0,0,,,triagem/nome-caixa-conversao 1.0.0,11,ok
090972,per090972_1906_15417,3,0,0,,,triagem/nome-caixa-conversao 1.0.0,11,ok
090972,per090972_1906_15417,4,0,0,,,triagem/nome-caixa-conversao 1.0.0,11,ok
090972,per090972_1906_15417,5,0,0,,,triagem/nome-caixa-conversao 1.0.0,11,ok
090972,per090972_1906_15417,6,0,0,,,triagem/nome-caixa-conversao 1.0.0,11,ok
090972,per090972_1906_15418,1,0,0,,,triagem/nome-caixa-conversao 1.0.0,11,ok
090972,per090972_1906_15418,2,0,0,,,triagem/nome-caixa-conversao 1.0.0,11,ok
090972,per090972_1906_15418,3,0,0,,,triagem/nome-caixa-conversao 1.0.0,11,ok
090972,per090972_1906_15418,4,1,4,caixa deconver,11556,triagem/nome-caixa-conversao 1.0.0,11,ok
090972,per090972_1906_15418,5,0,0,,,triagem/nome-caixa-conversao 1.0.0,11,ok
090972,per090972_1906_15418,6,0,0,,,triagem/nome-caixa-conversao 1.0.0,11,ok
090972,per090972_1906_15418,7,0,0,,,triagem/nome-caixa-conversao 1.0.0,11,ok
090972,per090972_1906_15418,8,0,0,,,triagem/nome-caixa-conversao 1.0.0,11,ok
090972,per090972_1906_15419,1,0,0,,,triagem/nome-caixa-conversao 1.0.0,11,ok
090972,per090972_1906_15419,2,0,0,,,triagem/nome-caixa-conversao 1.0.0,11,ok
090972,per090972_1906_15419,3,0,0,,,triagem/nome-caixa-conversao 1.0.0,11,ok
090972,per090972_1906_15419,4,0,0,,,triagem/nome-caixa-conversao 1.0.0,11,ok
090972,per090972_1906_15420,1,0,0,,,triagem/nome-caixa-conversao 1.0.0,11,ok
090972,per090972_1906_15420,2,0,0,,,triagem/nome-caixa-conversao 1.0.0,11,ok
090972,per090972_1906_15420,3,0,0,,,triagem/nome-caixa-conversao 1.0.0,11,ok
090972,per090972_1906_15420,4,0,0,,,triagem/nome-caixa-conversao 1.0.0,11,ok
090972,per090972_1906_15420,5,0,0,,,triagem/nome-caixa-conversao 1.0.0,11,ok
090972,per090972_1906_15420,6,0,0,,,triagem/nome-caixa-conversao 1.0.0,11,ok
090972,per090972_1906_15420,7,0,0,,,triagem/nome-caixa-conversao 1.0.0,11,ok
090972,per090972_1906_15420,8,0,0,,,triagem/nome-caixa-conversao 1.0.0,11,ok
090972,per090972_1906_15421,1,0,0,,,triagem/nome-caixa-conversao 1.0.0,11,ok
090972,per090972_1906_15421,2,1,1,caixa deconver,15218,triagem/nome-caixa-conversao 1.0.0,11,ok
090972,per090972_1906_15421,3,0,0,,,triagem/nome-caixa-conversao 1.0.0,11,ok
090972,per090972_1906_15421,4,0,0,,,triagem/nome-caixa-conversao 1.0.0,11,ok
090972,per090972_1906_15421,5,0,0,,,triagem/nome-caixa-conversao 1.0.0,11,ok
090972,per090972_1906_15421,6,0,0,,,triagem/nome-caixa-conversao 1.0.0,11,ok
090972,per090972_1906_15422,1,0,0,,,triagem/nome-caixa-conversao 1.0.0,11,ok
090972,per090972_1906_15422,2,0,0,,,triagem/nome-caixa-conversao 1.0.0,11,ok
090972,per090972_1906_15422,3,0,0,,,triagem/nome-caixa-conversao 1.0.0,11,ok
090972,per090972_1906_15422,4,0,0,,,triagem/nome-caixa-conversao 1.0.0,11,ok
090972,per090972_1906_15422,5,0,0,,,triagem/nome-caixa-conversao 1.0.0,11,ok
090972,per090972_1906_15422,6,0,0,,,triagem/nome-caixa-conversao 1.0.0,11,ok
090972,per090972_1906_15423,1,0,0,,,triagem/nome-caixa-conversao 1.0.0,11,ok
090972,per090972_1906_15423,2,0,0,,,triagem/nome-caixa-conversao 1.0.0,11,ok
090972,per090972_1906_15423,3,0,0,,,triagem/nome-caixa-conversao 1.0.0,11,ok
090972,per090972_1906_15423,4,0,0,,,triagem/nome-caixa-conversao 1.0.0,11,ok
090972,per090972_1906_15423,5,0,0,,,triagem/nome-caixa-conversao 1.0.0,11,ok
090972,per090972_1906_15423,6,0,0,,,triagem/nome-caixa-conversao 1.0.0,11,ok
090972,per090972_1906_15424,1,0,0,,,triagem/nome-caixa-conversao 1.0.0,11,ok
090972,per090972_1906_15424,2,0,0,,,triagem/nome-caixa-conversao 1.0.0,11,ok
090972,per090972_1906_15424,3,0,0,,,triagem/nome-caixa-conversao 1.0.0,11,ok
090972,per090972_1906_15424,4,0,0,,,triagem/nome-caixa-conversao 1.0.0,11,ok
090972,per090972_1906_15424,5,0,0,,,triagem/nome-caixa-conversao 1.0.0,11,ok
090972,per090972_1906_15424,6,0,0,,,triagem/nome-caixa-conversao 1.0.0,11,ok
090972,per090972_1906_15424,7,0,0,,,triagem/nome-caixa-conversao 1.0.0,11,ok
090972,per090972_1906_15424,8,0,0,,,triagem/nome-caixa-conversao 1.0.0,11,ok
090972,per090972_1906_15425,1,0,0,,,triagem/nome-caixa-conversao 1.0.0,11,ok
090972,per090972_1906_15425,2,0,0,,,triagem/nome-caixa-conversao 1.0.0,11,ok
090972,per090972_1906_15425,3,0,0,,,triagem/nome-caixa-conversao 1.0.0,11,ok
090972,per090972_1906_15425,4,0,0,,,triagem/nome-caixa-conversao 1.0.0,11,ok
090972,per090972_1906_15425,5,0,0,,,triagem/nome-caixa-conversao 1.0.0,11,ok
090972,per090972_1906_15425,6,0,0,,,triagem/nome-caixa-conversao 1.0.0,11,ok
090972,per090972_1906_15425,7,0,0,,,triagem/nome-caixa-conversao 1.0.0,11,ok
090972,per090972_1906_15425,8,0,0,,,triagem/nome-caixa-conversao 1.0.0,11,ok
090972,per090972_1906_15426,1,0,0,,,triagem/nome-caixa-conversao 1.0.0,11,ok
090972,per090972_1906_15426,2,0,0,,,triagem/nome-caixa-conversao 1.0.0,11,ok
090972,per090972_1906_15426,3,0,0,,,triagem/nome-caixa-conversao 1.0.0,11,ok
090972,per090972_1906_15426,4,0,0,,,triagem/nome-caixa-conversao 1.0.0,11,ok
090972,per090972_1906_15426,5,0,0,,,triagem/nome-caixa-conversao 1.0.0,11,ok
090972,per090972_1906_15426,6,0,0,,,triagem/nome-caixa-conversao 1.0.0,11,ok
090972,per090972_1906_15427,1,0,0,,,triagem/nome-caixa-conversao 1.0.0,11,ok
090972,per090972_1906_15427,2,0,0,,,triagem/nome-caixa-conversao 1.0.0,11,ok
090972,per090972_1906_15427,3,0,0,,,triagem/nome-caixa-conversao 1.0.0,11,ok
090972,per090972_1906_15427,4,0,0,,,triagem/nome-caixa-conversao 1.0.0,11,ok
090972,per090972_1906_15427,5,0,0,,,triagem/nome-caixa-conversao 1.0.0,11,ok
090972,per090972_1906_15427,6,0,0,,,triagem/nome-caixa-conversao 1.0.0,11,ok
090972,per090972_1906_15427,7,0,0,,,triagem/nome-caixa-conversao 1.0.0,11,ok
090972,per090972_1906_15427,8,0,0,,,triagem/nome-caixa-conversao 1.0.0,11,ok
090972,per090972_1906_15428,1,0,0,,,triagem/nome-caixa-conversao 1.0.0,11,ok
090972,per090972_1906_15428,2,0,0,,,triagem/nome-caixa-conversao 1.0.0,11,ok
090972,per090972_1906_15428,3,0,0,,,triagem/nome-caixa-conversao 1.0.0,11,ok
090972,per090972_1906_15428,4,1,1,caixa de conver,10045,triagem/nome-caixa-conversao 1.0.0,11,ok
090972,per090972_1906_15428,5,0,0,,,triagem/nome-caixa-conversao 1.0.0,11,ok
090972,per090972_1906_15428,6,0,0,,,triagem/nome-caixa-conversao 1.0.0,11,ok
090972,per090972_1906_15428,7,0,0,,,triagem/nome-caixa-conversao 1.0.0,11,ok
090972,per090972_1906_15428,8,0,0,,,triagem/nome-caixa-conversao 1.0.0,11,ok
090972,per090972_1906_15429,1,0,0,,,triagem/nome-caixa-conversao 1.0.0,11,ok
090972,per090972_1906_15429,2,1,1,caixa de conver,31097,triagem/nome-caixa-conversao 1.0.0,11,ok
090972,per090972_1906_15429,3,0,0,,,triagem/nome-caixa-conversao 1.0.0,11,ok
090972,per090972_1906_15429,4,0,0,,,triagem/nome-caixa-conversao 1.0.0,11,ok
090972,per090972_1906_15429,5,0,0,,,triagem/nome-caixa-conversao 1.0.0,11,ok
090972,per090972_1906_15429,6,0,0,,,triagem/nome-caixa-conversao 1.0.0,11,ok
090972,per090972_1906_15430,1,0,0,,,triagem/nome-caixa-conversao 1.0.0,11,ok
090972,per090972_1906_15430,2,0,0,,,triagem/nome-caixa-conversao 1.0.0,11,ok
090972,per090972_1906_15430,3,0,0,,,triagem/nome-caixa-conversao 1.0.0,11,ok
090972,per090972_1906_15430,4,0,0,,,triagem/nome-caixa-conversao 1.0.0,11,ok
090972,per090972_1906_15430,5,0,0,,,triagem/nome-caixa-conversao 1.0.0,11,ok
090972,per090972_1906_15430,6,0,0,,,triagem/nome-caixa-conversao 1.0.0,11,ok
090972,per090972_1906_15431,1,0,0,,,triagem/nome-caixa-conversao 1.0.0,11,ok
090972,per090972_1906_15431,2,0,0,,,triagem/nome-caixa-conversao 1.0.0,11,ok
090972,per090972_1906_15431,3,0,0,,,triagem/nome-caixa-conversao 1.0.0,11,ok
090972,per090972_1906_15431,4,0,0,,,triagem/nome-caixa-conversao 1.0.0,11,ok
090972,per090972_1906_15431,5,0,0,,,triagem/nome-caixa-conversao 1.0.0,11,ok
090972,per090972_1906_15431,6,0,0,,,triagem/nome-caixa-conversao 1.0.0,11,ok
090972,per090972_1906_15432,1,0,0,,,triagem/nome-caixa-conversao 1.0.0,11,ok
090972,per090972_1906_15432,2,0,0,,,triagem/nome-caixa-conversao 1.0.0,11,ok
090972,per090972_1906_15432,3,0,0,,,triagem/nome-caixa-conversao 1.0.0,11,ok
090972,per090972_1906_15432,4,0,0,,,triagem/nome-caixa-conversao 1.0.0,11,ok
090972,per090972_1906_15432,5,0,0,,,triagem/nome-caixa-conversao 1.0.0,11,ok
090972,per090972_1906_15432,6,0,0,,,triagem/nome-caixa-conversao 1.0.0,11,ok
090972,per090972_1906_15433,1,0,0,,,triagem/nome-caixa-conversao 1.0.0,11,ok
090972,per090972_1906_15433,2,0,0,,,triagem/nome-caixa-conversao 1.0.0,11,ok
090972,per090972_1906_15433,3,0,0,,,triagem/nome-caixa-conversao 1.0.0,11,ok
090972,per090972_1906_15433,4,0,0,,,triagem/nome-caixa-conversao 1.0.0,11,ok
090972,per090972_1906_15434,1,0,0,,,triagem/nome-caixa-conversao 1.0.0,11,ok
090972,per090972_1906_15434,2,0,0,,,triagem/nome-caixa-conversao 1.0.0,11,ok
090972,per090972_1906_15434,3,0,0,,,triagem/nome-caixa-conversao 1.0.0,11,ok
090972,per090972_1906_15434,4,0,0,,,triagem/nome-caixa-conversao 1.0.0,11,ok
090972,per090972_1906_15434,5,0,0,,,triagem/nome-caixa-conversao 1.0.0,11,ok
090972,per090972_1906_15434,6,0,0,,,triagem/nome-caixa-conversao 1.0.0,11,ok
090972,per090972_1906_15435,1,0,0,,,triagem/nome-caixa-conversao 1.0.0,11,ok
090972,per090972_1906_15435,2,0,0,,,triagem/nome-caixa-conversao 1.0.0,11,ok
090972,per090972_1906_15435,3,0,0,,,triagem/nome-caixa-conversao 1.0.0,11,ok
090972,per090972_1906_15435,4,0,0,,,triagem/nome-caixa-conversao 1.0.0,11,ok
090972,per090972_1906_15435,5,0,0,,,triagem/nome-caixa-conversao 1.0.0,11,ok
090972,per090972_1906_15435,6,0,0,,,triagem/nome-caixa-conversao 1.0.0,11,ok
090972,per090972_1906_15436,1,0,0,,,triagem/nome-caixa-conversao 1.0.0,11,ok
090972,per090972_1906_15436,2,0,0,,,triagem/nome-caixa-conversao 1.0.0,11,ok
090972,per090972_1906_15436,3,0,0,,,triagem/nome-caixa-conversao 1.0.0,11,ok
090972,per090972_1906_15436,4,0,0,,,triagem/nome-caixa-conversao 1.0.0,11,ok
090972,per090972_1906_15436,5,0,0,,,triagem/nome-caixa-conversao 1.0.0,11,ok
090972,per090972_1906_15436,6,0,0,,,triagem/nome-caixa-conversao 1.0.0,11,ok
090972,per090972_1906_15437,1,0,0,,,triagem/nome-caixa-conversao 1.0.0,11,ok
090972,per090972_1906_15437,2,0,0,,,triagem/nome-caixa-conversao 1.0.0,11,ok
090972,per090972_1906_15437,3,0,0,,,triagem/nome-caixa-conversao 1.0.0,11,ok
090972,per090972_1906_15437,4,0,0,,,triagem/nome-caixa-conversao 1.0.0,11,ok
090972,per090972_1906_15437,5,0,0,,,triagem/nome-caixa-conversao 1.0.0,11,ok
090972,per090972_1906_15437,6,0,0,,,triagem/nome-caixa-conversao 1.0.0,11,ok
090972,per090972_1906_15438,1,0,0,,,triagem/nome-caixa-conversao 1.0.0,11,ok
090972,per090972_1906_15438,2,0,0,,,triagem/nome-caixa-conversao 1.0.0,11,ok
090972,per090972_1906_15438,3,0,0,,,triagem/nome-caixa-conversao 1.0.0,11,ok
090972,per090972_1906_15438,4,0,0,,,triagem/nome-caixa-conversao 1.0.0,11,ok
090972,per090972_1906_15438,5,0,0,,,triagem/nome-caixa-conversao 1.0.0,11,ok
090972,per090972_1906_15438,6,0,0,,,triagem/nome-caixa-conversao 1.0.0,11,ok
090972,per090972_1906_15439,1,0,0,,,triagem/nome-caixa-conversao 1.0.0,11,ok
090972,per090972_1906_15439,2,0,0,,,triagem/nome-caixa-conversao 1.0.0,11,ok
090972,per090972_1906_15439,3,0,0,,,triagem/nome-caixa-conversao 1.0.0,11,ok
090972,per090972_1906_15439,4,0,0,,,triagem/nome-caixa-conversao 1.0.0,11,ok
090972,per090972_1906_15439,5,0,0,,,triagem/nome-caixa-conversao 1.0.0,11,ok
090972,per090972_1906_15439,6,0,0,,,triagem/nome-caixa-conversao 1.0.0,11,ok
090972,per090972_1906_15440,1,0,0,,,triagem/nome-caixa-conversao 1.0.0,11,ok
090972,per090972_1906_15440,2,0,0,,,triagem/nome-caixa-conversao 1.0.0,11,ok
090972,per090972_1906_15440,3,0,0,,,triagem/nome-caixa-conversao 1.0.0,11,ok
090972,per090972_1906_15440,4,0,0,,,triagem/nome-caixa-conversao 1.0.0,11,ok
090972,per090972_1906_15441,1,1,2,caixa do conver,33949,triagem/nome-caixa-conversao 1.0.0,11,ok
090972,per090972_1906_15441,2,0,0,,,triagem/nome-caixa-conversao 1.0.0,11,ok
090972,per090972_1906_15441,3,0,0,,,triagem/nome-caixa-conversao 1.0.0,11,ok
090972,per090972_1906_15441,4,0,0,,,triagem/nome-caixa-conversao 1.0.0,11,ok
090972,per090972_1906_15441,5,0,0,,,triagem/nome-caixa-conversao 1.0.0,11,ok
090972,per090972_1906_15441,6,0,0,,,triagem/nome-caixa-conversao 1.0.0,11,ok
090972,per090972_1906_15441,7,0,0,,,triagem/nome-caixa-conversao 1.0.0,11,ok
090972,per090972_1906_15441,8,0,0,,,triagem/nome-caixa-conversao 1.0.0,11,ok
090972,per090972_1906_15442,1,0,0,,,triagem/nome-caixa-conversao 1.0.0,11,ok
090972,per090972_1906_15442,2,0,0,,,triagem/nome-caixa-conversao 1.0.0,11,ok
090972,per090972_1906_15442,3,0,0,,,triagem/nome-caixa-conversao 1.0.0,11,ok
090972,per090972_1906_15442,4,0,0,,,triagem/nome-caixa-conversao 1.0.0,11,ok
090972,per090972_1906_15442,5,0,0,,,triagem/nome-caixa-conversao 1.0.0,11,ok
090972,per090972_1906_15442,6,0,0,,,triagem/nome-caixa-conversao 1.0.0,11,ok
090972,per090972_1906_15443,1,0,0,,,triagem/nome-caixa-conversao 1.0.0,11,ok
090972,per090972_1906_15443,2,0,0,,,triagem/nome-caixa-conversao 1.0.0,11,ok
090972,per090972_1906_15443,3,0,0,,,triagem/nome-caixa-conversao 1.0.0,11,ok
090972,per090972_1906_15443,4,0,0,,,triagem/nome-caixa-conversao 1.0.0,11,ok
090972,per090972_1906_15444,1,0,0,,,triagem/nome-caixa-conversao 1.0.0,11,ok
090972,per090972_1906_15444,2,0,0,,,triagem/nome-caixa-conversao 1.0.0,11,ok
090972,per090972_1906_15444,3,0,0,,,triagem/nome-caixa-conversao 1.0.0,11,ok
090972,per090972_1906_15444,4,0,0,,,triagem/nome-caixa-conversao 1.0.0,11,ok
090972,per090972_1906_15444,5,0,0,,,triagem/nome-caixa-conversao 1.0.0,11,ok
090972,per090972_1906_15444,6,0,0,,,triagem/nome-caixa-conversao 1.0.0,11,ok
090972,per090972_1906_15444,7,0,0,,,triagem/nome-caixa-conversao 1.0.0,11,ok
090972,per090972_1906_15444,8,0,0,,,triagem/nome-caixa-conversao 1.0.0,11,ok
090972,per090972_1906_15445,1,0,0,,,triagem/nome-caixa-conversao 1.0.0,11,ok
090972,per090972_1906_15445,2,0,0,,,triagem/nome-caixa-conversao 1.0.0,11,ok
090972,per090972_1906_15445,3,0,0,,,triagem/nome-caixa-conversao 1.0.0,11,ok
090972,per090972_1906_15445,4,0,0,,,triagem/nome-caixa-conversao 1.0.0,11,ok
090972,per090972_1906_15445,5,0,0,,,triagem/nome-caixa-conversao 1.0.0,11,ok
090972,per090972_1906_15445,6,0,0,,,triagem/nome-caixa-conversao 1.0.0,11,ok
090972,per090972_1906_15446,1,0,0,,,triagem/nome-caixa-conversao 1.0.0,11,ok
090972,per090972_1906_15446,2,1,1,caixade conver,12790,triagem/nome-caixa-conversao 1.0.0,11,ok
090972,per090972_1906_15446,3,0,0,,,triagem/nome-caixa-conversao 1.0.0,11,ok
090972,per090972_1906_15446,4,0,0,,,triagem/nome-caixa-conversao 1.0.0,11,ok
090972,per090972_1906_15446,5,0,0,,,triagem/nome-caixa-conversao 1.0.0,11,ok
090972,per090972_1906_15446,6,0,0,,,triagem/nome-caixa-conversao 1.0.0,11,ok
090972,per090972_1906_15447,1,0,0,,,triagem/nome-caixa-conversao 1.0.0,11,ok
090972,per090972_1906_15447,2,1,2,caixa de conver,3003,triagem/nome-caixa-conversao 1.0.0,11,ok
090972,per090972_1906_15447,3,0,0,,,triagem/nome-caixa-conversao 1.0.0,11,ok
090972,per090972_1906_15447,4,0,0,,,triagem/nome-caixa-conversao 1.0.0,11,ok
090972,per090972_1906_15448,1,0,0,,,triagem/nome-caixa-conversao 1.0.0,11,ok
090972,per090972_1906_15448,2,1,1,caixa dc conver,16960,triagem/nome-caixa-conversao 1.0.0,11,ok
090972,per090972_1906_15448,3,0,0,,,triagem/nome-caixa-conversao 1.0.0,11,ok
090972,per090972_1906_15448,4,0,0,,,triagem/nome-caixa-conversao 1.0.0,11,ok
090972,per090972_1906_15448,5,0,0,,,triagem/nome-caixa-conversao 1.0.0,11,ok
090972,per090972_1906_15448,6,0,0,,,triagem/nome-caixa-conversao 1.0.0,11,ok
090972,per090972_1906_15449,1,0,0,,,triagem/nome-caixa-conversao 1.0.0,11,ok
090972,per090972_1906_15449,2,0,0,,,triagem/nome-caixa-conversao 1.0.0,11,ok
090972,per090972_1906_15449,3,0,0,,,triagem/nome-caixa-conversao 1.0.0,11,ok
090972,per090972_1906_15449,4,0,0,,,triagem/nome-caixa-conversao 1.0.0,11,ok
090972,per090972_1906_15449,5,0,0,,,triagem/nome-caixa-conversao 1.0.0,11,ok
090972,per090972_1906_15449,6,0,0,,,triagem/nome-caixa-conversao 1.0.0,11,ok
090972,per090972_1906_15450,1,0,0,,,triagem/nome-caixa-conversao 1.0.0,11,ok
090972,per090972_1906_15450,2,0,0,,,triagem/nome-caixa-conversao 1.0.0,11,ok
090972,per090972_1906_15450,3,0,0,,,triagem/nome-caixa-conversao 1.0.0,11,ok
090972,per090972_1906_15450,4,0,0,,,triagem/nome-caixa-conversao 1.0.0,11,ok
090972,per090972_1906_15450,5,0,0,,,triagem/nome-caixa-conversao 1.0.0,11,ok
090972,per090972_1906_15450,6,0,0,,,triagem/nome-caixa-conversao 1.0.0,11,ok
090972,per090972_1906_15451,1,0,0,,,triagem/nome-caixa-conversao 1.0.0,11,ok
090972,per090972_1906_15451,2,1,1,caixa deconver,10623,triagem/nome-caixa-conversao 1.0.0,11,ok
090972,per090972_1906_15451,3,0,0,,,triagem/nome-caixa-conversao 1.0.0,11,ok
090972,per090972_1906_15451,4,0,0,,,triagem/nome-caixa-conversao 1.0.0,11,ok
090972,per090972_1906_15451,5,0,0,,,triagem/nome-caixa-conversao 1.0.0,11,ok
090972,per090972_1906_15451,6,0,0,,,triagem/nome-caixa-conversao 1.0.0,11,ok
090972,per090972_1906_15452,1,0,0,,,triagem/nome-caixa-conversao 1.0.0,11,ok
090972,per090972_1906_15452,2,0,0,,,triagem/nome-caixa-conversao 1.0.0,11,ok
090972,per090972_1906_15452,3,0,0,,,triagem/nome-caixa-conversao 1.0.0,11,ok
090972,per090972_1906_15452,4,0,0,,,triagem/nome-caixa-conversao 1.0.0,11,ok
090972,per090972_1906_15452,5,0,0,,,triagem/nome-caixa-conversao 1.0.0,11,ok
090972,per090972_1906_15452,6,0,0,,,triagem/nome-caixa-conversao 1.0.0,11,ok
090972,per090972_1906_15452,7,0,0,,,triagem/nome-caixa-conversao 1.0.0,11,ok
090972,per090972_1906_15452,8,0,0,,,triagem/nome-caixa-conversao 1.0.0,11,ok
090972,per090972_1906_15453,1,1,1,caixa dnconver,25390,triagem/nome-caixa-conversao 1.0.0,11,ok
090972,per090972_1906_15453,2,0,0,,,triagem/nome-caixa-conversao 1.0.0,11,ok
090972,per090972_1906_15453,3,1,1,caixa de conver,15889,triagem/nome-caixa-conversao 1.0.0,11,ok
090972,per090972_1906_15453,4,0,0,,,triagem/nome-caixa-conversao 1.0.0,11,ok
090972,per090972_1906_15453,5,0,0,,,triagem/nome-caixa-conversao 1.0.0,11,ok
090972,per090972_1906_15453,6,0,0,,,triagem/nome-caixa-conversao 1.0.0,11,ok
090972,per090972_1906_15454,1,0,0,,,triagem/nome-caixa-conversao 1.0.0,11,ok
090972,per090972_1906_15454,2,0,0,,,triagem/nome-caixa-conversao 1.0.0,11,ok
090972,per090972_1906_15454,3,0,0,,,triagem/nome-caixa-conversao 1.0.0,11,ok
090972,per090972_1906_15454,4,0,0,,,triagem/nome-caixa-conversao 1.0.0,11,ok
090972,per090972_1906_15455,1,0,0,,,triagem/nome-caixa-conversao 1.0.0,11,ok
090972,per090972_1906_15455,2,0,0,,,triagem/nome-caixa-conversao 1.0.0,11,ok
090972,per090972_1906_15455,3,0,0,,,triagem/nome-caixa-conversao 1.0.0,11,ok
090972,per090972_1906_15455,4,0,0,,,triagem/nome-caixa-conversao 1.0.0,11,ok
090972,per090972_1906_15455,5,0,0,,,triagem/nome-caixa-conversao 1.0.0,11,ok
090972,per090972_1906_15455,6,0,0,,,triagem/nome-caixa-conversao 1.0.0,11,ok
090972,per090972_1906_15456,1,1,1,caixa de conver,2858,triagem/nome-caixa-conversao 1.0.0,11,ok
090972,per090972_1906_15456,2,1,2,caixa do conver,24347,triagem/nome-caixa-conversao 1.0.0,11,ok
090972,per090972_1906_15456,3,0,0,,,triagem/nome-caixa-conversao 1.0.0,11,ok
090972,per090972_1906_15456,4,0,0,,,triagem/nome-caixa-conversao 1.0.0,11,ok
090972,per090972_1906_15456,5,0,0,,,triagem/nome-caixa-conversao 1.0.0,11,ok
090972,per090972_1906_15456,6,0,0,,,triagem/nome-caixa-conversao 1.0.0,11,ok
090972,per090972_1906_15456,7,0,0,,,triagem/nome-caixa-conversao 1.0.0,11,ok
090972,per090972_1906_15456,8,0,0,,,triagem/nome-caixa-conversao 1.0.0,11,ok
090972,per090972_1906_15457,1,0,0,,,triagem/nome-caixa-conversao 1.0.0,11,ok
090972,per090972_1906_15457,2,1,1,caixa de conver,34758,triagem/nome-caixa-conversao 1.0.0,11,ok
090972,per090972_1906_15457,3,0,0,,,triagem/nome-caixa-conversao 1.0.0,11,ok
090972,per090972_1906_15457,4,0,0,,,triagem/nome-caixa-conversao 1.0.0,11,ok
090972,per090972_1906_15457,5,0,0,,,triagem/nome-caixa-conversao 1.0.0,11,ok
090972,per090972_1906_15457,6,0,0,,,triagem/nome-caixa-conversao 1.0.0,11,ok
090972,per090972_1906_15458,1,0,0,,,triagem/nome-caixa-conversao 1.0.0,11,ok
090972,per090972_1906_15458,2,1,2,caixa doconver,30182,triagem/nome-caixa-conversao 1.0.0,11,ok
090972,per090972_1906_15458,3,0,0,,,triagem/nome-caixa-conversao 1.0.0,11,ok
090972,per090972_1906_15458,4,0,0,,,triagem/nome-caixa-conversao 1.0.0,11,ok
090972,per090972_1906_15458,5,0,0,,,triagem/nome-caixa-conversao 1.0.0,11,ok
090972,per090972_1906_15458,6,0,0,,,triagem/nome-caixa-conversao 1.0.0,11,ok
090972,per090972_1906_15459,1,0,0,,,triagem/nome-caixa-conversao 1.0.0,11,ok
090972,per090972_1906_15459,2,1,1,caixa de conver,16066,triagem/nome-caixa-conversao 1.0.0,11,ok
090972,per090972_1906_15459,3,0,0,,,triagem/nome-caixa-conversao 1.0.0,11,ok
090972,per090972_1906_15459,4,0,0,,,triagem/nome-caixa-conversao 1.0.0,11,ok
090972,per090972_1906_15459,5,0,0,,,triagem/nome-caixa-conversao 1.0.0,11,ok
090972,per090972_1906_15459,6,0,0,,,triagem/nome-caixa-conversao 1.0.0,11,ok
090972,per090972_1906_15460,1,0,0,,,triagem/nome-caixa-conversao 1.0.0,11,ok
090972,per090972_1906_15460,2,1,4,caixa de conver,4992,triagem/nome-caixa-conversao 1.0.0,11,ok
090972,per090972_1906_15460,3,0,0,,,triagem/nome-caixa-conversao 1.0.0,11,ok
090972,per090972_1906_15460,4,0,0,,,triagem/nome-caixa-conversao 1.0.0,11,ok
090972,per090972_1906_15460,5,0,0,,,triagem/nome-caixa-conversao 1.0.0,11,ok
090972,per090972_1906_15460,6,0,0,,,triagem/nome-caixa-conversao 1.0.0,11,ok
090972,per090972_1906_15461,1,0,0,,,triagem/nome-caixa-conversao 1.0.0,11,ok
090972,per090972_1906_15461,2,0,0,,,triagem/nome-caixa-conversao 1.0.0,11,ok
090972,per090972_1906_15461,3,0,0,,,triagem/nome-caixa-conversao 1.0.0,11,ok
090972,per090972_1906_15461,4,0,0,,,triagem/nome-caixa-conversao 1.0.0,11,ok
090972,per090972_1906_15462,1,0,0,,,triagem/nome-caixa-conversao 1.0.0,11,ok
090972,per090972_1906_15462,2,1,3,caixa de conver,9753,triagem/nome-caixa-conversao 1.0.0,11,ok
090972,per090972_1906_15462,3,1,1,caixa de conver,19910,triagem/nome-caixa-conversao 1.0.0,11,ok
090972,per090972_1906_15462,4,0,0,,,triagem/nome-caixa-conversao 1.0.0,11,ok
090972,per090972_1906_15462,5,0,0,,,triagem/nome-caixa-conversao 1.0.0,11,ok
090972,per090972_1906_15462,6,0,0,,,triagem/nome-caixa-conversao 1.0.0,11,ok
090972,per090972_1906_15462,7,0,0,,,triagem/nome-caixa-conversao 1.0.0,11,ok
090972,per090972_1906_15462,8,0,0,,,triagem/nome-caixa-conversao 1.0.0,11,ok
090972,per090972_1906_15463,1,0,0,,,triagem/nome-caixa-conversao 1.0.0,11,ok
090972,per090972_1906_15463,2,0,0,,,triagem/nome-caixa-conversao 1.0.0,11,ok
090972,per090972_1906_15463,3,0,0,,,triagem/nome-caixa-conversao 1.0.0,11,ok
090972,per090972_1906_15463,4,0,0,,,triagem/nome-caixa-conversao 1.0.0,11,ok
090972,per090972_1906_15463,5,0,0,,,triagem/nome-caixa-conversao 1.0.0,11,ok
090972,per090972_1906_15463,6,0,0,,,triagem/nome-caixa-conversao 1.0.0,11,ok
090972,per090972_1906_15464,1,0,0,,,triagem/nome-caixa-conversao 1.0.0,11,ok
090972,per090972_1906_15464,2,1,2,caixa do conver,8850,triagem/nome-caixa-conversao 1.0.0,11,ok
090972,per090972_1906_15464,3,0,0,,,triagem/nome-caixa-conversao 1.0.0,11,ok
090972,per090972_1906_15464,4,0,0,,,triagem/nome-caixa-conversao 1.0.0,11,ok
090972,per090972_1906_15464,5,0,0,,,triagem/nome-caixa-conversao 1.0.0,11,ok
090972,per090972_1906_15464,6,0,0,,,triagem/nome-caixa-conversao 1.0.0,11,ok
090972,per090972_1906_15465,1,0,0,,,triagem/nome-caixa-conversao 1.0.0,11,ok
090972,per090972_1906_15465,2,0,0,,,triagem/nome-caixa-conversao 1.0.0,11,ok
090972,per090972_1906_15465,3,0,0,,,triagem/nome-caixa-conversao 1.0.0,11,ok
090972,per090972_1906_15465,4,0,0,,,triagem/nome-caixa-conversao 1.0.0,11,ok
090972,per090972_1906_15465,5,0,0,,,triagem/nome-caixa-conversao 1.0.0,11,ok
090972,per090972_1906_15465,6,0,0,,,triagem/nome-caixa-conversao 1.0.0,11,ok
090972,per090972_1906_15466,1,0,0,,,triagem/nome-caixa-conversao 1.0.0,11,ok
090972,per090972_1906_15466,2,0,0,,,triagem/nome-caixa-conversao 1.0.0,11,ok
090972,per090972_1906_15466,3,0,0,,,triagem/nome-caixa-conversao 1.0.0,11,ok
090972,per090972_1906_15466,4,0,0,,,triagem/nome-caixa-conversao 1.0.0,11,ok
090972,per090972_1906_15467,1,1,4,caixa de conver,26898,triagem/nome-caixa-conversao 1.0.0,11,ok
090972,per090972_1906_15467,2,0,0,,,triagem/nome-caixa-conversao 1.0.0,11,ok
090972,per090972_1906_15467,3,0,0,,,triagem/nome-caixa-conversao 1.0.0,11,ok
090972,per090972_1906_15467,4,0,0,,,triagem/nome-caixa-conversao 1.0.0,11,ok
090972,per090972_1906_15467,5,0,0,,,triagem/nome-caixa-conversao 1.0.0,11,ok
090972,per090972_1906_15467,6,0,0,,,triagem/nome-caixa-conversao 1.0.0,11,ok
090972,per090972_1906_15468,1,0,0,,,triagem/nome-caixa-conversao 1.0.0,11,ok
090972,per090972_1906_15468,2,0,0,,,triagem/nome-caixa-conversao 1.0.0,11,ok
090972,per090972_1906_15468,3,0,0,,,triagem/nome-caixa-conversao 1.0.0,11,ok
090972,per090972_1906_15468,4,0,0,,,triagem/nome-caixa-conversao 1.0.0,11,ok
090972,per090972_1906_15469,1,0,0,,,triagem/nome-caixa-conversao 1.0.0,11,ok
090972,per090972_1906_15469,2,0,0,,,triagem/nome-caixa-conversao 1.0.0,11,ok
090972,per090972_1906_15469,3,0,0,,,triagem/nome-caixa-conversao 1.0.0,11,ok
090972,per090972_1906_15469,4,0,0,,,triagem/nome-caixa-conversao 1.0.0,11,ok
090972,per090972_1906_15469,5,0,0,,,triagem/nome-caixa-conversao 1.0.0,11,ok
090972,per090972_1906_15469,6,0,0,,,triagem/nome-caixa-conversao 1.0.0,11,ok
090972,per090972_1906_15469,7,0,0,,,triagem/nome-caixa-conversao 1.0.0,11,ok
090972,per090972_1906_15469,8,0,0,,,triagem/nome-caixa-conversao 1.0.0,11,ok
090972,per090972_1906_15470,1,0,0,,,triagem/nome-caixa-conversao 1.0.0,11,ok
090972,per090972_1906_15470,2,0,0,,,triagem/nome-caixa-conversao 1.0.0,11,ok
090972,per090972_1906_15470,3,0,0,,,triagem/nome-caixa-conversao 1.0.0,11,ok
090972,per090972_1906_15470,4,0,0,,,triagem/nome-caixa-conversao 1.0.0,11,ok
090972,per090972_1906_15470,5,0,0,,,triagem/nome-caixa-conversao 1.0.0,11,ok
090972,per090972_1906_15470,6,0,0,,,triagem/nome-caixa-conversao 1.0.0,11,ok
090972,per090972_1906_15471,1,0,0,,,triagem/nome-caixa-conversao 1.0.0,11,ok
090972,per090972_1906_15471,2,0,0,,,triagem/nome-caixa-conversao 1.0.0,11,ok
090972,per090972_1906_15471,3,0,0,,,triagem/nome-caixa-conversao 1.0.0,11,ok
090972,per090972_1906_15471,4,0,0,,,triagem/nome-caixa-conversao 1.0.0,11,ok
090972,per090972_1906_15471,5,0,0,,,triagem/nome-caixa-conversao 1.0.0,11,ok
090972,per090972_1906_15471,6,0,0,,,triagem/nome-caixa-conversao 1.0.0,11,ok
090972,per090972_1906_15472,1,0,0,,,triagem/nome-caixa-conversao 1.0.0,11,ok
090972,per090972_1906_15472,2,0,0,,,triagem/nome-caixa-conversao 1.0.0,11,ok
090972,per090972_1906_15472,3,1,3,caixa do conver,14546,triagem/nome-caixa-conversao 1.0.0,11,ok
090972,per090972_1906_15472,4,0,0,,,triagem/nome-caixa-conversao 1.0.0,11,ok
090972,per090972_1906_15472,5,0,0,,,triagem/nome-caixa-conversao 1.0.0,11,ok
090972,per090972_1906_15472,6,0,0,,,triagem/nome-caixa-conversao 1.0.0,11,ok
090972,per090972_1906_15472,7,0,0,,,triagem/nome-caixa-conversao 1.0.0,11,ok
090972,per090972_1906_15472,8,0,0,,,triagem/nome-caixa-conversao 1.0.0,11,ok
090972,per090972_1906_15473,1,0,0,,,triagem/nome-caixa-conversao 1.0.0,11,ok
090972,per090972_1906_15473,2,0,0,,,triagem/nome-caixa-conversao 1.0.0,11,ok
090972,per090972_1906_15473,3,1,2,caixa do conver,12640,triagem/nome-caixa-conversao 1.0.0,11,ok
090972,per090972_1906_15473,4,0,0,,,triagem/nome-caixa-conversao 1.0.0,11,ok
090972,per090972_1906_15473,5,0,0,,,triagem/nome-caixa-conversao 1.0.0,11,ok
090972,per090972_1906_15473,6,0,0,,,triagem/nome-caixa-conversao 1.0.0,11,ok
090972,per090972_1906_15473,7,0,0,,,triagem/nome-caixa-conversao 1.0.0,11,ok
090972,per090972_1906_15473,8,0,0,,,triagem/nome-caixa-conversao 1.0.0,11,ok
090972,per090972_1906_15474,1,0,0,,,triagem/nome-caixa-conversao 1.0.0,11,ok
090972,per090972_1906_15474,2,1,6,caixa dcconver,37907,triagem/nome-caixa-conversao 1.0.0,11,ok
090972,per090972_1906_15474,3,0,0,,,triagem/nome-caixa-conversao 1.0.0,11,ok
090972,per090972_1906_15474,4,0,0,,,triagem/nome-caixa-conversao 1.0.0,11,ok
090972,per090972_1906_15474,5,0,0,,,triagem/nome-caixa-conversao 1.0.0,11,ok
090972,per090972_1906_15474,6,0,0,,,triagem/nome-caixa-conversao 1.0.0,11,ok
090972,per090972_1906_15475,1,0,0,,,triagem/nome-caixa-conversao 1.0.0,11,ok
090972,per090972_1906_15475,2,0,0,,,triagem/nome-caixa-conversao 1.0.0,11,ok
090972,per090972_1906_15475,3,0,0,,,triagem/nome-caixa-conversao 1.0.0,11,ok
090972,per090972_1906_15475,4,0,0,,,triagem/nome-caixa-conversao 1.0.0,11,ok
090972,per090972_1906_15476,1,0,0,,,triagem/nome-caixa-conversao 1.0.0,11,ok
090972,per090972_1906_15476,2,0,0,,,triagem/nome-caixa-conversao 1.0.0,11,ok
090972,per090972_1906_15476,3,1,1,caixado conver,19789,triagem/nome-caixa-conversao 1.0.0,11,ok
090972,per090972_1906_15476,4,0,0,,,triagem/nome-caixa-conversao 1.0.0,11,ok
090972,per090972_1906_15476,5,0,0,,,triagem/nome-caixa-conversao 1.0.0,11,ok
090972,per090972_1906_15476,6,0,0,,,triagem/nome-caixa-conversao 1.0.0,11,ok
090972,per090972_1906_15476,7,0,0,,,triagem/nome-caixa-conversao 1.0.0,11,ok
090972,per090972_1906_15476,8,0,0,,,triagem/nome-caixa-conversao 1.0.0,11,ok
090972,per090972_1906_15477,1,0,0,,,triagem/nome-caixa-conversao 1.0.0,11,ok
090972,per090972_1906_15477,2,1,1,caixa de conver,21972,triagem/nome-caixa-conversao 1.0.0,11,ok
090972,per090972_1906_15477,3,1,3,caixa de conver,3786,triagem/nome-caixa-conversao 1.0.0,11,ok
090972,per090972_1906_15477,4,0,0,,,triagem/nome-caixa-conversao 1.0.0,11,ok
090972,per090972_1906_15477,5,0,0,,,triagem/nome-caixa-conversao 1.0.0,11,ok
090972,per090972_1906_15477,6,0,0,,,triagem/nome-caixa-conversao 1.0.0,11,ok
090972,per090972_1906_15477,7,0,0,,,triagem/nome-caixa-conversao 1.0.0,11,ok
090972,per090972_1906_15477,8,0,0,,,triagem/nome-caixa-conversao 1.0.0,11,ok
090972,per090972_1906_15478,1,0,0,,,triagem/nome-caixa-conversao 1.0.0,11,ok
090972,per090972_1906_15478,2,1,1,caixade conver,42063,triagem/nome-caixa-conversao 1.0.0,11,ok
090972,per090972_1906_15478,3,0,0,,,triagem/nome-caixa-conversao 1.0.0,11,ok
090972,per090972_1906_15478,4,0,0,,,triagem/nome-caixa-conversao 1.0.0,11,ok
090972,per090972_1906_15478,5,0,0,,,triagem/nome-caixa-conversao 1.0.0,11,ok
090972,per090972_1906_15478,6,0,0,,,triagem/nome-caixa-conversao 1.0.0,11,ok
090972,per090972_1906_15479,1,0,0,,,triagem/nome-caixa-conversao 1.0.0,11,ok
090972,per090972_1906_15479,2,1,4,caixa do conver,2285,triagem/nome-caixa-conversao 1.0.0,11,ok
090972,per090972_1906_15479,3,0,0,,,triagem/nome-caixa-conversao 1.0.0,11,ok
090972,per090972_1906_15479,4,0,0,,,triagem/nome-caixa-conversao 1.0.0,11,ok
090972,per090972_1906_15479,5,0,0,,,triagem/nome-caixa-conversao 1.0.0,11,ok
090972,per090972_1906_15479,6,0,0,,,triagem/nome-caixa-conversao 1.0.0,11,ok
090972,per090972_1906_15480,1,0,0,,,triagem/nome-caixa-conversao 1.0.0,11,ok
090972,per090972_1906_15480,2,1,3,caixa de conver,2645,triagem/nome-caixa-conversao 1.0.0,11,ok
090972,per090972_1906_15480,3,0,0,,,triagem/nome-caixa-conversao 1.0.0,11,ok
090972,per090972_1906_15480,4,0,0,,,triagem/nome-caixa-conversao 1.0.0,11,ok
090972,per090972_1906_15480,5,0,0,,,triagem/nome-caixa-conversao 1.0.0,11,ok
090972,per090972_1906_15480,6,0,0,,,triagem/nome-caixa-conversao 1.0.0,11,ok
090972,per090972_1906_15481,1,0,0,,,triagem/nome-caixa-conversao 1.0.0,11,ok
090972,per090972_1906_15481,2,0,0,,,triagem/nome-caixa-conversao 1.0.0,11,ok
090972,per090972_1906_15481,3,0,0,,,triagem/nome-caixa-conversao 1.0.0,11,ok
090972,per090972_1906_15481,4,0,0,,,triagem/nome-caixa-conversao 1.0.0,11,ok
090972,per090972_1906_15481,5,0,0,,,triagem/nome-caixa-conversao 1.0.0,11,ok
090972,per090972_1906_15481,6,0,0,,,triagem/nome-caixa-conversao 1.0.0,11,ok
090972,per090972_1906_15482,1,0,0,,,triagem/nome-caixa-conversao 1.0.0,11,ok
090972,per090972_1906_15482,2,0,0,,,triagem/nome-caixa-conversao 1.0.0,11,ok
090972,per090972_1906_15482,3,0,0,,,triagem/nome-caixa-conversao 1.0.0,11,ok
090972,per090972_1906_15482,4,0,0,,,triagem/nome-caixa-conversao 1.0.0,11,ok
090972,per090972_1906_15483,1,0,0,,,triagem/nome-caixa-conversao 1.0.0,11,ok
090972,per090972_1906_15483,2,1,1,caixa doconver,12802,triagem/nome-caixa-conversao 1.0.0,11,ok
090972,per090972_1906_15483,3,0,0,,,triagem/nome-caixa-conversao 1.0.0,11,ok
090972,per090972_1906_15483,4,0,0,,,triagem/nome-caixa-conversao 1.0.0,11,ok
090972,per090972_1906_15483,5,0,0,,,triagem/nome-caixa-conversao 1.0.0,11,ok
090972,per090972_1906_15483,6,0,0,,,triagem/nome-caixa-conversao 1.0.0,11,ok
090972,per090972_1906_15483,7,0,0,,,triagem/nome-caixa-conversao 1.0.0,11,ok
090972,per090972_1906_15483,8,0,0,,,triagem/nome-caixa-conversao 1.0.0,11,ok
090972,per090972_1906_15484,1,0,0,,,triagem/nome-caixa-conversao 1.0.0,11,ok
090972,per090972_1906_15484,2,0,0,,,triagem/nome-caixa-conversao 1.0.0,11,ok
090972,per090972_1906_15484,3,0,0,,,triagem/nome-caixa-conversao 1.0.0,11,ok
090972,per090972_1906_15484,4,0,0,,,triagem/nome-caixa-conversao 1.0.0,11,ok
090972,per090972_1906_15484,5,0,0,,,triagem/nome-caixa-conversao 1.0.0,11,ok
090972,per090972_1906_15484,6,0,0,,,triagem/nome-caixa-conversao 1.0.0,11,ok
090972,per090972_1906_15485,1,0,0,,,triagem/nome-caixa-conversao 1.0.0,11,ok
090972,per090972_1906_15485,2,0,0,,,triagem/nome-caixa-conversao 1.0.0,11,ok
090972,per090972_1906_15485,3,1,1,caixa do conver,17981,triagem/nome-caixa-conversao 1.0.0,11,ok
090972,per090972_1906_15485,4,0,0,,,triagem/nome-caixa-conversao 1.0.0,11,ok
090972,per090972_1906_15485,5,0,0,,,triagem/nome-caixa-conversao 1.0.0,11,ok
090972,per090972_1906_15485,6,0,0,,,triagem/nome-caixa-conversao 1.0.0,11,ok
090972,per090972_1906_15485,7,0,0,,,triagem/nome-caixa-conversao 1.0.0,11,ok
090972,per090972_1906_15485,8,0,0,,,triagem/nome-caixa-conversao 1.0.0,11,ok
090972,per090972_1906_15486,1,0,0,,,triagem/nome-caixa-conversao 1.0.0,11,ok
090972,per090972_1906_15486,2,1,1,caixade conver,25376,triagem/nome-caixa-conversao 1.0.0,11,ok
090972,per090972_1906_15486,3,0,0,,,triagem/nome-caixa-conversao 1.0.0,11,ok
090972,per090972_1906_15486,4,0,0,,,triagem/nome-caixa-conversao 1.0.0,11,ok
090972,per090972_1906_15486,5,0,0,,,triagem/nome-caixa-conversao 1.0.0,11,ok
090972,per090972_1906_15486,6,0,0,,,triagem/nome-caixa-conversao 1.0.0,11,ok
090972,per090972_1906_15487,1,0,0,,,triagem/nome-caixa-conversao 1.0.0,11,ok
090972,per090972_1906_15487,2,0,0,,,triagem/nome-caixa-conversao 1.0.0,11,ok
090972,per090972_1906_15487,3,0,0,,,triagem/nome-caixa-conversao 1.0.0,11,ok
090972,per090972_1906_15487,4,0,0,,,triagem/nome-caixa-conversao 1.0.0,11,ok
090972,per090972_1906_15487,5,0,0,,,triagem/nome-caixa-conversao 1.0.0,11,ok
090972,per090972_1906_15487,6,0,0,,,triagem/nome-caixa-conversao 1.0.0,11,ok
090972,per090972_1906_15488,1,0,0,,,triagem/nome-caixa-conversao 1.0.0,11,ok
090972,per090972_1906_15488,2,0,0,,,triagem/nome-caixa-conversao 1.0.0,11,ok
090972,per090972_1906_15488,3,1,1,caixa dc conver,3106,triagem/nome-caixa-conversao 1.0.0,11,ok
090972,per090972_1906_15488,4,0,0,,,triagem/nome-caixa-conversao 1.0.0,11,ok
090972,per090972_1906_15488,5,0,0,,,triagem/nome-caixa-conversao 1.0.0,11,ok
090972,per090972_1906_15488,6,0,0,,,triagem/nome-caixa-conversao 1.0.0,11,ok
090972,per090972_1906_15489,1,1,1,caixade conver,4050,triagem/nome-caixa-conversao 1.0.0,11,ok
090972,per090972_1906_15489,2,0,0,,,triagem/nome-caixa-conversao 1.0.0,11,ok
090972,per090972_1906_15489,3,0,0,,,triagem/nome-caixa-conversao 1.0.0,11,ok
090972,per090972_1906_15489,4,0,0,,,triagem/nome-caixa-conversao 1.0.0,11,ok
090972,per090972_1906_15489,5,0,0,,,triagem/nome-caixa-conversao 1.0.0,11,ok
090972,per090972_1906_15489,6,0,0,,,triagem/nome-caixa-conversao 1.0.0,11,ok
090972,per090972_1906_15490,1,0,0,,,triagem/nome-caixa-conversao 1.0.0,11,ok
090972,per090972_1906_15490,2,0,0,,,triagem/nome-caixa-conversao 1.0.0,11,ok
090972,per090972_1906_15490,3,0,0,,,triagem/nome-caixa-conversao 1.0.0,11,ok
090972,per090972_1906_15490,4,0,0,,,triagem/nome-caixa-conversao 1.0.0,11,ok
090972,per090972_1906_15490,5,0,0,,,triagem/nome-caixa-conversao 1.0.0,11,ok
090972,per090972_1906_15490,6,0,0,,,triagem/nome-caixa-conversao 1.0.0,11,ok
090972,per090972_1906_15491,1,0,0,,,triagem/nome-caixa-conversao 1.0.0,11,ok
090972,per090972_1906_15491,2,0,0,,,triagem/nome-caixa-conversao 1.0.0,11,ok
090972,per090972_1906_15491,3,0,0,,,triagem/nome-caixa-conversao 1.0.0,11,ok
090972,per090972_1906_15491,4,0,0,,,triagem/nome-caixa-conversao 1.0.0,11,ok
090972,per090972_1906_15491,5,0,0,,,triagem/nome-caixa-conversao 1.0.0,11,ok
090972,per090972_1906_15491,6,0,0,,,triagem/nome-caixa-conversao 1.0.0,11,ok
090972,per090972_1906_15491,7,0,0,,,triagem/nome-caixa-conversao 1.0.0,11,ok
090972,per090972_1906_15491,8,0,0,,,triagem/nome-caixa-conversao 1.0.0,11,ok
090972,per090972_1906_15492,1,0,0,,,triagem/nome-caixa-conversao 1.0.0,11,ok
090972,per090972_1906_15492,2,1,2,caixa de conver,28923,triagem/nome-caixa-conversao 1.0.0,11,ok
090972,per090972_1906_15492,3,0,0,,,triagem/nome-caixa-conversao 1.0.0,11,ok
090972,per090972_1906_15492,4,0,0,,,triagem/nome-caixa-conversao 1.0.0,11,ok
090972,per090972_1906_15492,5,0,0,,,triagem/nome-caixa-conversao 1.0.0,11,ok
090972,per090972_1906_15492,6,0,0,,,triagem/nome-caixa-conversao 1.0.0,11,ok
090972,per090972_1906_15492,7,0,0,,,triagem/nome-caixa-conversao 1.0.0,11,ok
090972,per090972_1906_15492,8,0,0,,,triagem/nome-caixa-conversao 1.0.0,11,ok
090972,per090972_1906_15493,1,0,0,,,triagem/nome-caixa-conversao 1.0.0,11,ok
090972,per090972_1906_15493,2,1,3,caixa deconver,25605,triagem/nome-caixa-conversao 1.0.0,11,ok
090972,per090972_1906_15493,3,0,0,,,triagem/nome-caixa-conversao 1.0.0,11,ok
090972,per090972_1906_15493,4,0,0,,,triagem/nome-caixa-conversao 1.0.0,11,ok
090972,per090972_1906_15493,5,0,0,,,triagem/nome-caixa-conversao 1.0.0,11,ok
090972,per090972_1906_15493,6,0,0,,,triagem/nome-caixa-conversao 1.0.0,11,ok
090972,per090972_1906_15494,1,0,0,,,triagem/nome-caixa-conversao 1.0.0,11,ok
090972,per090972_1906_15494,2,1,6,caixa do conver,1467,triagem/nome-caixa-conversao 1.0.0,11,ok
090972,per090972_1906_15494,3,0,0,,,triagem/nome-caixa-conversao 1.0.0,11,ok
090972,per090972_1906_15494,4,0,0,,,triagem/nome-caixa-conversao 1.0.0,11,ok
090972,per090972_1906_15494,5,0,0,,,triagem/nome-caixa-conversao 1.0.0,11,ok
090972,per090972_1906_15494,6,0,0,,,triagem/nome-caixa-conversao 1.0.0,11,ok
090972,per090972_1906_15495,1,0,0,,,triagem/nome-caixa-conversao 1.0.0,11,ok
090972,per090972_1906_15495,2,0,0,,,triagem/nome-caixa-conversao 1.0.0,11,ok
090972,per090972_1906_15495,3,0,0,,,triagem/nome-caixa-conversao 1.0.0,11,ok
090972,per090972_1906_15495,4,0,0,,,triagem/nome-caixa-conversao 1.0.0,11,ok
090972,per090972_1906_15495,5,0,0,,,triagem/nome-caixa-conversao 1.0.0,11,ok
090972,per090972_1906_15495,6,0,0,,,triagem/nome-caixa-conversao 1.0.0,11,ok
090972,per090972_1906_15495,7,0,0,,,triagem/nome-caixa-conversao 1.0.0,11,ok
090972,per090972_1906_15495,8,0,0,,,triagem/nome-caixa-conversao 1.0.0,11,ok
090972,per090972_1906_15496,1,0,0,,,triagem/nome-caixa-conversao 1.0.0,11,ok
090972,per090972_1906_15496,2,1,1,caixa do conver,14743,triagem/nome-caixa-conversao 1.0.0,11,ok
090972,per090972_1906_15496,3,0,0,,,triagem/nome-caixa-conversao 1.0.0,11,ok
090972,per090972_1906_15496,4,0,0,,,triagem/nome-caixa-conversao 1.0.0,11,ok
090972,per090972_1906_15497,1,0,0,,,triagem/nome-caixa-conversao 1.0.0,11,ok
090972,per090972_1906_15497,2,1,3,caixade conver,6082,triagem/nome-caixa-conversao 1.0.0,11,ok
090972,per090972_1906_15497,3,0,0,,,triagem/nome-caixa-conversao 1.0.0,11,ok
090972,per090972_1906_15497,4,0,0,,,triagem/nome-caixa-conversao 1.0.0,11,ok
090972,per090972_1906_15497,5,0,0,,,triagem/nome-caixa-conversao 1.0.0,11,ok
090972,per090972_1906_15497,6,0,0,,,triagem/nome-caixa-conversao 1.0.0,11,ok
090972,per090972_1906_15498,1,1,3,caixa deconver,32434,triagem/nome-caixa-conversao 1.0.0,11,ok
090972,per090972_1906_15498,2,0,0,,,triagem/nome-caixa-conversao 1.0.0,11,ok
090972,per090972_1906_15498,3,0,0,,,triagem/nome-caixa-conversao 1.0.0,11,ok
090972,per090972_1906_15498,4,0,0,,,triagem/nome-caixa-conversao 1.0.0,11,ok
090972,per090972_1906_15498,5,0,0,,,triagem/nome-caixa-conversao 1.0.0,11,ok
090972,per090972_1906_15498,6,0,0,,,triagem/nome-caixa-conversao 1.0.0,11,ok
090972,per090972_1906_15499,1,1,8,caixa de conver,238,triagem/nome-caixa-conversao 1.0.0,11,ok
090972,per090972_1906_15499,2,1,1,caixade conver,17178,triagem/nome-caixa-conversao 1.0.0,11,ok
090972,per090972_1906_15499,3,0,0,,,triagem/nome-caixa-conversao 1.0.0,11,ok
090972,per090972_1906_15499,4,0,0,,,triagem/nome-caixa-conversao 1.0.0,11,ok
090972,per090972_1906_15499,5,0,0,,,triagem/nome-caixa-conversao 1.0.0,11,ok
090972,per090972_1906_15499,6,0,0,,,triagem/nome-caixa-conversao 1.0.0,11,ok
090972,per090972_1906_15499,7,0,0,,,triagem/nome-caixa-conversao 1.0.0,11,ok
090972,per090972_1906_15499,8,0,0,,,triagem/nome-caixa-conversao 1.0.0,11,ok
090972,per090972_1906_15500,1,0,0,,,triagem/nome-caixa-conversao 1.0.0,11,ok
090972,per090972_1906_15500,2,1,2,caixa de conver,17205,triagem/nome-caixa-conversao 1.0.0,11,ok
090972,per090972_1906_15500,3,0,0,,,triagem/nome-caixa-conversao 1.0.0,11,ok
090972,per090972_1906_15500,4,0,0,,,triagem/nome-caixa-conversao 1.0.0,11,ok
090972,per090972_1906_15500,5,0,0,,,triagem/nome-caixa-conversao 1.0.0,11,ok
090972,per090972_1906_15500,6,0,0,,,triagem/nome-caixa-conversao 1.0.0,11,ok
090972,per090972_1906_15501,1,0,0,,,triagem/nome-caixa-conversao 1.0.0,11,ok
090972,per090972_1906_15501,2,0,0,,,triagem/nome-caixa-conversao 1.0.0,11,ok
090972,per090972_1906_15501,3,0,0,,,triagem/nome-caixa-conversao 1.0.0,11,ok
090972,per090972_1906_15501,4,0,0,,,triagem/nome-caixa-conversao 1.0.0,11,ok
090972,per090972_1906_15501,5,0,0,,,triagem/nome-caixa-conversao 1.0.0,11,ok
090972,per090972_1906_15501,6,0,0,,,triagem/nome-caixa-conversao 1.0.0,11,ok
090972,per090972_1906_15502,1,0,0,,,triagem/nome-caixa-conversao 1.0.0,11,ok
090972,per090972_1906_15502,2,0,0,,,triagem/nome-caixa-conversao 1.0.0,11,ok
090972,per090972_1906_15502,3,0,0,,,triagem/nome-caixa-conversao 1.0.0,11,ok
090972,per090972_1906_15502,4,0,0,,,triagem/nome-caixa-conversao 1.0.0,11,ok
090972,per090972_1906_15502,5,0,0,,,triagem/nome-caixa-conversao 1.0.0,11,ok
090972,per090972_1906_15502,6,0,0,,,triagem/nome-caixa-conversao 1.0.0,11,ok
090972,per090972_1906_15503,1,0,0,,,triagem/nome-caixa-conversao 1.0.0,11,ok
090972,per090972_1906_15503,2,0,0,,,triagem/nome-caixa-conversao 1.0.0,11,ok
090972,per090972_1906_15503,3,0,0,,,triagem/nome-caixa-conversao 1.0.0,11,ok
090972,per090972_1906_15503,4,0,0,,,triagem/nome-caixa-conversao 1.0.0,11,ok
090972,per090972_1906_15503,5,0,0,,,triagem/nome-caixa-conversao 1.0.0,11,ok
090972,per090972_1906_15503,6,0,0,,,triagem/nome-caixa-conversao 1.0.0,11,ok
090972,per090972_1906_15504,1,0,0,,,triagem/nome-caixa-conversao 1.0.0,11,ok
090972,per090972_1906_15504,2,0,0,,,triagem/nome-caixa-conversao 1.0.0,11,ok
090972,per090972_1906_15504,3,0,0,,,triagem/nome-caixa-conversao 1.0.0,11,ok
090972,per090972_1906_15504,4,0,0,,,triagem/nome-caixa-conversao 1.0.0,11,ok
090972,per090972_1906_15504,5,0,0,,,triagem/nome-caixa-conversao 1.0.0,11,ok
090972,per090972_1906_15504,6,0,0,,,triagem/nome-caixa-conversao 1.0.0,11,ok
090972,per090972_1906_15505,1,0,0,,,triagem/nome-caixa-conversao 1.0.0,11,ok
090972,per090972_1906_15505,2,1,2,caixa de conver,8461,triagem/nome-caixa-conversao 1.0.0,11,ok
090972,per090972_1906_15505,3,0,0,,,triagem/nome-caixa-conversao 1.0.0,11,ok
090972,per090972_1906_15505,4,0,0,,,triagem/nome-caixa-conversao 1.0.0,11,ok
090972,per090972_1906_15505,5,0,0,,,triagem/nome-caixa-conversao 1.0.0,11,ok
090972,per090972_1906_15505,6,0,0,,,triagem/nome-caixa-conversao 1.0.0,11,ok
090972,per090972_1906_15506,1,0,0,,,triagem/nome-caixa-conversao 1.0.0,11,ok
090972,per090972_1906_15506,2,0,0,,,triagem/nome-caixa-conversao 1.0.0,11,ok
090972,per090972_1906_15506,3,0,0,,,triagem/nome-caixa-conversao 1.0.0,11,ok
090972,per090972_1906_15506,4,0,0,,,triagem/nome-caixa-conversao 1.0.0,11,ok
090972,per090972_1906_15506,5,0,0,,,triagem/nome-caixa-conversao 1.0.0,11,ok
090972,per090972_1906_15506,6,0,0,,,triagem/nome-caixa-conversao 1.0.0,11,ok
090972,per090972_1906_15507,1,0,0,,,triagem/nome-caixa-conversao 1.0.0,11,ok
090972,per090972_1906_15507,2,0,0,,,triagem/nome-caixa-conversao 1.0.0,11,ok
090972,per090972_1906_15507,3,0,0,,,triagem/nome-caixa-conversao 1.0.0,11,ok
090972,per090972_1906_15507,4,0,0,,,triagem/nome-caixa-conversao 1.0.0,11,ok
090972,per090972_1906_15507,5,0,0,,,triagem/nome-caixa-conversao 1.0.0,11,ok
090972,per090972_1906_15507,6,0,0,,,triagem/nome-caixa-conversao 1.0.0,11,ok
090972,per090972_1906_15507,7,0,0,,,triagem/nome-caixa-conversao 1.0.0,11,ok
090972,per090972_1906_15507,8,0,0,,,triagem/nome-caixa-conversao 1.0.0,11,ok
090972,per090972_1906_15508,1,0,0,,,triagem/nome-caixa-conversao 1.0.0,11,ok
090972,per090972_1906_15508,2,0,0,,,triagem/nome-caixa-conversao 1.0.0,11,ok
090972,per090972_1906_15508,3,0,0,,,triagem/nome-caixa-conversao 1.0.0,11,ok
090972,per090972_1906_15508,4,0,0,,,triagem/nome-caixa-conversao 1.0.0,11,ok
090972,per090972_1906_15508,5,0,0,,,triagem/nome-caixa-conversao 1.0.0,11,ok
090972,per090972_1906_15508,6,0,0,,,triagem/nome-caixa-conversao 1.0.0,11,ok
090972,per090972_1906_15509,1,0,0,,,triagem/nome-caixa-conversao 1.0.0,11,ok
090972,per090972_1906_15509,2,1,2,caixa do conver,9127,triagem/nome-caixa-conversao 1.0.0,11,ok
090972,per090972_1906_15509,3,0,0,,,triagem/nome-caixa-conversao 1.0.0,11,ok
090972,per090972_1906_15509,4,0,0,,,triagem/nome-caixa-conversao 1.0.0,11,ok
090972,per090972_1906_15509,5,0,0,,,triagem/nome-caixa-conversao 1.0.0,11,ok
090972,per090972_1906_15509,6,0,0,,,triagem/nome-caixa-conversao 1.0.0,11,ok
090972,per090972_1906_15510,1,0,0,,,triagem/nome-caixa-conversao 1.0.0,11,ok
090972,per090972_1906_15510,2,0,0,,,triagem/nome-caixa-conversao 1.0.0,11,ok
090972,per090972_1906_15510,3,0,0,,,triagem/nome-caixa-conversao 1.0.0,11,ok
090972,per090972_1906_15510,4,0,0,,,triagem/nome-caixa-conversao 1.0.0,11,ok
090972,per090972_1906_15511,1,0,0,,,triagem/nome-caixa-conversao 1.0.0,11,ok
090972,per090972_1906_15511,2,0,0,,,triagem/nome-caixa-conversao 1.0.0,11,ok
090972,per090972_1906_15511,3,0,0,,,triagem/nome-caixa-conversao 1.0.0,11,ok
090972,per090972_1906_15511,4,0,0,,,triagem/nome-caixa-conversao 1.0.0,11,ok
090972,per090972_1906_15511,5,0,0,,,triagem/nome-caixa-conversao 1.0.0,11,ok
090972,per090972_1906_15511,6,0,0,,,triagem/nome-caixa-conversao 1.0.0,11,ok
090972,per090972_1906_15512,1,0,0,,,triagem/nome-caixa-conversao 1.0.0,11,ok
090972,per090972_1906_15512,2,1,4,caixa de conver,16505,triagem/nome-caixa-conversao 1.0.0,11,ok
090972,per090972_1906_15512,3,0,0,,,triagem/nome-caixa-conversao 1.0.0,11,ok
090972,per090972_1906_15512,4,0,0,,,triagem/nome-caixa-conversao 1.0.0,11,ok
090972,per090972_1906_15512,5,0,0,,,triagem/nome-caixa-conversao 1.0.0,11,ok
090972,per090972_1906_15512,6,0,0,,,triagem/nome-caixa-conversao 1.0.0,11,ok
090972,per090972_1906_15512,7,0,0,,,triagem/nome-caixa-conversao 1.0.0,11,ok
090972,per090972_1906_15512,8,0,0,,,triagem/nome-caixa-conversao 1.0.0,11,ok
090972,per090972_1906_15513,1,0,0,,,triagem/nome-caixa-conversao 1.0.0,11,ok
090972,per090972_1906_15513,2,0,0,,,triagem/nome-caixa-conversao 1.0.0,11,ok
090972,per090972_1906_15513,3,0,0,,,triagem/nome-caixa-conversao 1.0.0,11,ok
090972,per090972_1906_15513,4,0,0,,,triagem/nome-caixa-conversao 1.0.0,11,ok
090972,per090972_1906_15513,5,0,0,,,triagem/nome-caixa-conversao 1.0.0,11,ok
090972,per090972_1906_15513,6,0,0,,,triagem/nome-caixa-conversao 1.0.0,11,ok
090972,per090972_1906_15513,7,0,0,,,triagem/nome-caixa-conversao 1.0.0,11,ok
090972,per090972_1906_15513,8,0,0,,,triagem/nome-caixa-conversao 1.0.0,11,ok
090972,per090972_1906_15514,1,0,0,,,triagem/nome-caixa-conversao 1.0.0,11,ok
090972,per090972_1906_15514,2,0,0,,,triagem/nome-caixa-conversao 1.0.0,11,ok
090972,per090972_1906_15514,3,0,0,,,triagem/nome-caixa-conversao 1.0.0,11,ok
090972,per090972_1906_15514,4,0,0,,,triagem/nome-caixa-conversao 1.0.0,11,ok
090972,per090972_1906_15514,5,0,0,,,triagem/nome-caixa-conversao 1.0.0,11,ok
090972,per090972_1906_15514,6,0,0,,,triagem/nome-caixa-conversao 1.0.0,11,ok
090972,per090972_1906_15515,1,0,0,,,triagem/nome-caixa-conversao 1.0.0,11,ok
090972,per090972_1906_15515,2,0,0,,,triagem/nome-caixa-conversao 1.0.0,11,ok
090972,per090972_1906_15515,3,0,0,,,triagem/nome-caixa-conversao 1.0.0,11,ok
090972,per090972_1906_15515,4,0,0,,,triagem/nome-caixa-conversao 1.0.0,11,ok
090972,per090972_1906_15515,5,0,0,,,triagem/nome-caixa-conversao 1.0.0,11,ok
090972,per090972_1906_15515,6,0,0,,,triagem/nome-caixa-conversao 1.0.0,11,ok
090972,per090972_1906_15516,1,0,0,,,triagem/nome-caixa-conversao 1.0.0,11,ok
090972,per090972_1906_15516,2,0,0,,,triagem/nome-caixa-conversao 1.0.0,11,ok
090972,per090972_1906_15516,3,0,0,,,triagem/nome-caixa-conversao 1.0.0,11,ok
090972,per090972_1906_15516,4,0,0,,,triagem/nome-caixa-conversao 1.0.0,11,ok
090972,per090972_1906_15516,5,0,0,,,triagem/nome-caixa-conversao 1.0.0,11,ok
090972,per090972_1906_15516,6,0,0,,,triagem/nome-caixa-conversao 1.0.0,11,ok
090972,per090972_1906_15516,7,0,0,,,triagem/nome-caixa-conversao 1.0.0,11,ok
090972,per090972_1906_15516,8,0,0,,,triagem/nome-caixa-conversao 1.0.0,11,ok
090972,per090972_1906_15517,1,0,0,,,triagem/nome-caixa-conversao 1.0.0,11,ok
090972,per090972_1906_15517,2,0,0,,,triagem/nome-caixa-conversao 1.0.0,11,ok
090972,per090972_1906_15517,3,0,0,,,triagem/nome-caixa-conversao 1.0.0,11,ok
090972,per090972_1906_15517,4,0,0,,,triagem/nome-caixa-conversao 1.0.0,11,ok
090972,per090972_1906_15517,5,0,0,,,triagem/nome-caixa-conversao 1.0.0,11,ok
090972,per090972_1906_15517,6,0,0,,,triagem/nome-caixa-conversao 1.0.0,11,ok
090972,per090972_1906_15518,1,0,0,,,triagem/nome-caixa-conversao 1.0.0,11,ok
090972,per090972_1906_15518,2,0,0,,,triagem/nome-caixa-conversao 1.0.0,11,ok
090972,per090972_1906_15518,3,0,0,,,triagem/nome-caixa-conversao 1.0.0,11,ok
090972,per090972_1906_15518,4,0,0,,,triagem/nome-caixa-conversao 1.0.0,11,ok
090972,per090972_1906_15518,5,0,0,,,triagem/nome-caixa-conversao 1.0.0,11,ok
090972,per090972_1906_15518,6,0,0,,,triagem/nome-caixa-conversao 1.0.0,11,ok
090972,per090972_1906_15518,7,0,0,,,triagem/nome-caixa-conversao 1.0.0,11,ok
090972,per090972_1906_15518,8,0,0,,,triagem/nome-caixa-conversao 1.0.0,11,ok
090972,per090972_1906_15519,1,0,0,,,triagem/nome-caixa-conversao 1.0.0,11,ok
090972,per090972_1906_15519,2,1,1,caixa deconver,25424,triagem/nome-caixa-conversao 1.0.0,11,ok
090972,per090972_1906_15519,3,0,0,,,triagem/nome-caixa-conversao 1.0.0,11,ok
090972,per090972_1906_15519,4,0,0,,,triagem/nome-caixa-conversao 1.0.0,11,ok
090972,per090972_1906_15519,5,0,0,,,triagem/nome-caixa-conversao 1.0.0,11,ok
090972,per090972_1906_15519,6,0,0,,,triagem/nome-caixa-conversao 1.0.0,11,ok
090972,per090972_1906_15520,1,0,0,,,triagem/nome-caixa-conversao 1.0.0,11,ok
090972,per090972_1906_15520,2,0,0,,,triagem/nome-caixa-conversao 1.0.0,11,ok
090972,per090972_1906_15520,3,0,0,,,triagem/nome-caixa-conversao 1.0.0,11,ok
090972,per090972_1906_15520,4,0,0,,,triagem/nome-caixa-conversao 1.0.0,11,ok
090972,per090972_1906_15520,5,0,0,,,triagem/nome-caixa-conversao 1.0.0,11,ok
090972,per090972_1906_15520,6,0,0,,,triagem/nome-caixa-conversao 1.0.0,11,ok
090972,per090972_1906_15520,7,0,0,,,triagem/nome-caixa-conversao 1.0.0,11,ok
090972,per090972_1906_15520,8,0,0,,,triagem/nome-caixa-conversao 1.0.0,11,ok
090972,per090972_1906_15521,1,1,5,caixa de conver,8470,triagem/nome-caixa-conversao 1.0.0,11,ok
090972,per090972_1906_15521,2,1,1,caixa doconver,13492,triagem/nome-caixa-conversao 1.0.0,11,ok
090972,per090972_1906_15521,3,0,0,,,triagem/nome-caixa-conversao 1.0.0,11,ok
090972,per090972_1906_15521,4,0,0,,,triagem/nome-caixa-conversao 1.0.0,11,ok
090972,per090972_1906_15521,5,0,0,,,triagem/nome-caixa-conversao 1.0.0,11,ok
090972,per090972_1906_15521,6,0,0,,,triagem/nome-caixa-conversao 1.0.0,11,ok
090972,per090972_1906_15522,1,0,0,,,triagem/nome-caixa-conversao 1.0.0,11,ok
090972,per090972_1906_15522,2,0,0,,,triagem/nome-caixa-conversao 1.0.0,11,ok
090972,per090972_1906_15522,3,0,0,,,triagem/nome-caixa-conversao 1.0.0,11,ok
090972,per090972_1906_15522,4,0,0,,,triagem/nome-caixa-conversao 1.0.0,11,ok
090972,per090972_1906_15523,1,0,0,,,triagem/nome-caixa-conversao 1.0.0,11,ok
090972,per090972_1906_15523,2,0,0,,,triagem/nome-caixa-conversao 1.0.0,11,ok
090972,per090972_1906_15523,3,0,0,,,triagem/nome-caixa-conversao 1.0.0,11,ok
090972,per090972_1906_15523,4,0,0,,,triagem/nome-caixa-conversao 1.0.0,11,ok
090972,per090972_1906_15523,5,0,0,,,triagem/nome-caixa-conversao 1.0.0,11,ok
090972,per090972_1906_15523,6,0,0,,,triagem/nome-caixa-conversao 1.0.0,11,ok
090972,per090972_1906_15524,1,1,1,caixa de conver,37595,triagem/nome-caixa-conversao 1.0.0,11,ok
090972,per090972_1906_15524,2,0,0,,,triagem/nome-caixa-conversao 1.0.0,11,ok
090972,per090972_1906_15524,3,0,0,,,triagem/nome-caixa-conversao 1.0.0,11,ok
090972,per090972_1906_15524,4,0,0,,,triagem/nome-caixa-conversao 1.0.0,11,ok
090972,per090972_1906_15525,1,0,0,,,triagem/nome-caixa-conversao 1.0.0,11,ok
090972,per090972_1906_15525,2,0,0,,,triagem/nome-caixa-conversao 1.0.0,11,ok
090972,per090972_1906_15525,3,0,0,,,triagem/nome-caixa-conversao 1.0.0,11,ok
090972,per090972_1906_15525,4,0,0,,,triagem/nome-caixa-conversao 1.0.0,11,ok
090972,per090972_1906_15525,5,0,0,,,triagem/nome-caixa-conversao 1.0.0,11,ok
090972,per090972_1906_15525,6,0,0,,,triagem/nome-caixa-conversao 1.0.0,11,ok
090972,per090972_1906_15525,7,0,0,,,triagem/nome-caixa-conversao 1.0.0,11,ok
090972,per090972_1906_15525,8,0,0,,,triagem/nome-caixa-conversao 1.0.0,11,ok
090972,per090972_1906_15526,1,0,0,,,triagem/nome-caixa-conversao 1.0.0,11,ok
090972,per090972_1906_15526,2,0,0,,,triagem/nome-caixa-conversao 1.0.0,11,ok
090972,per090972_1906_15526,3,0,0,,,triagem/nome-caixa-conversao 1.0.0,11,ok
090972,per090972_1906_15526,4,0,0,,,triagem/nome-caixa-conversao 1.0.0,11,ok
090972,per090972_1906_15527,1,0,0,,,triagem/nome-caixa-conversao 1.0.0,11,ok
090972,per090972_1906_15527,2,0,0,,,triagem/nome-caixa-conversao 1.0.0,11,ok
090972,per090972_1906_15527,3,0,0,,,triagem/nome-caixa-conversao 1.0.0,11,ok
090972,per090972_1906_15527,4,0,0,,,triagem/nome-caixa-conversao 1.0.0,11,ok
090972,per090972_1906_15527,5,0,0,,,triagem/nome-caixa-conversao 1.0.0,11,ok
090972,per090972_1906_15527,6,0,0,,,triagem/nome-caixa-conversao 1.0.0,11,ok
090972,per090972_1906_15528,1,0,0,,,triagem/nome-caixa-conversao 1.0.0,11,ok
090972,per090972_1906_15528,2,0,0,,,triagem/nome-caixa-conversao 1.0.0,11,ok
090972,per090972_1906_15528,3,0,0,,,triagem/nome-caixa-conversao 1.0.0,11,ok
090972,per090972_1906_15528,4,0,0,,,triagem/nome-caixa-conversao 1.0.0,11,ok
090972,per090972_1906_15528,5,0,0,,,triagem/nome-caixa-conversao 1.0.0,11,ok
090972,per090972_1906_15528,6,0,0,,,triagem/nome-caixa-conversao 1.0.0,11,ok
090972,per090972_1906_15529,1,0,0,,,triagem/nome-caixa-conversao 1.0.0,11,ok
090972,per090972_1906_15529,2,1,1,caixa de conver,23435,triagem/nome-caixa-conversao 1.0.0,11,ok
090972,per090972_1906_15529,3,0,0,,,triagem/nome-caixa-conversao 1.0.0,11,ok
090972,per090972_1906_15529,4,0,0,,,triagem/nome-caixa-conversao 1.0.0,11,ok
090972,per090972_1906_15529,5,0,0,,,triagem/nome-caixa-conversao 1.0.0,11,ok
090972,per090972_1906_15529,6,0,0,,,triagem/nome-caixa-conversao 1.0.0,11,ok
090972,per090972_1906_15530,1,0,0,,,triagem/nome-caixa-conversao 1.0.0,11,ok
090972,per090972_1906_15530,2,0,0,,,triagem/nome-caixa-conversao 1.0.0,11,ok
090972,per090972_1906_15530,3,0,0,,,triagem/nome-caixa-conversao 1.0.0,11,ok
090972,per090972_1906_15530,4,0,0,,,triagem/nome-caixa-conversao 1.0.0,11,ok
090972,per090972_1906_15530,5,0,0,,,triagem/nome-caixa-conversao 1.0.0,11,ok
090972,per090972_1906_15530,6,0,0,,,triagem/nome-caixa-conversao 1.0.0,11,ok
090972,per090972_1906_15531,1,0,0,,,triagem/nome-caixa-conversao 1.0.0,11,ok
090972,per090972_1906_15531,2,0,0,,,triagem/nome-caixa-conversao 1.0.0,11,ok
090972,per090972_1906_15531,3,0,0,,,triagem/nome-caixa-conversao 1.0.0,11,ok
090972,per090972_1906_15531,4,0,0,,,triagem/nome-caixa-conversao 1.0.0,11,ok
090972,per090972_1906_15532,1,0,0,,,triagem/nome-caixa-conversao 1.0.0,11,ok
090972,per090972_1906_15532,2,0,0,,,triagem/nome-caixa-conversao 1.0.0,11,ok
090972,per090972_1906_15532,3,0,0,,,triagem/nome-caixa-conversao 1.0.0,11,ok
090972,per090972_1906_15532,4,0,0,,,triagem/nome-caixa-conversao 1.0.0,11,ok
090972,per090972_1906_15532,5,0,0,,,triagem/nome-caixa-conversao 1.0.0,11,ok
090972,per090972_1906_15532,6,0,0,,,triagem/nome-caixa-conversao 1.0.0,11,ok
090972,per090972_1906_15533,1,0,0,,,triagem/nome-caixa-conversao 1.0.0,11,ok
090972,per090972_1906_15533,2,0,0,,,triagem/nome-caixa-conversao 1.0.0,11,ok
090972,per090972_1906_15533,3,0,0,,,triagem/nome-caixa-conversao 1.0.0,11,ok
090972,per090972_1906_15533,4,0,0,,,triagem/nome-caixa-conversao 1.0.0,11,ok
090972,per090972_1906_15533,5,0,0,,,triagem/nome-caixa-conversao 1.0.0,11,ok
090972,per090972_1906_15533,6,0,0,,,triagem/nome-caixa-conversao 1.0.0,11,ok
090972,per090972_1906_15533,7,0,0,,,triagem/nome-caixa-conversao 1.0.0,11,ok
090972,per090972_1906_15533,8,0,0,,,triagem/nome-caixa-conversao 1.0.0,11,ok
090972,per090972_1906_15534,1,0,0,,,triagem/nome-caixa-conversao 1.0.0,11,ok
090972,per090972_1906_15534,2,0,0,,,triagem/nome-caixa-conversao 1.0.0,11,ok
090972,per090972_1906_15534,3,0,0,,,triagem/nome-caixa-conversao 1.0.0,11,ok
090972,per090972_1906_15534,4,0,0,,,triagem/nome-caixa-conversao 1.0.0,11,ok
090972,per090972_1906_15534,5,0,0,,,triagem/nome-caixa-conversao 1.0.0,11,ok
090972,per090972_1906_15534,6,0,0,,,triagem/nome-caixa-conversao 1.0.0,11,ok
090972,per090972_1906_15534,7,0,0,,,triagem/nome-caixa-conversao 1.0.0,11,ok
090972,per090972_1906_15534,8,0,0,,,triagem/nome-caixa-conversao 1.0.0,11,ok
090972,per090972_1906_15535,1,0,0,,,triagem/nome-caixa-conversao 1.0.0,11,ok
090972,per090972_1906_15535,2,0,0,,,triagem/nome-caixa-conversao 1.0.0,11,ok
090972,per090972_1906_15535,3,0,0,,,triagem/nome-caixa-conversao 1.0.0,11,ok
090972,per090972_1906_15535,4,0,0,,,triagem/nome-caixa-conversao 1.0.0,11,ok
090972,per090972_1906_15535,5,0,0,,,triagem/nome-caixa-conversao 1.0.0,11,ok
090972,per090972_1906_15535,6,0,0,,,triagem/nome-caixa-conversao 1.0.0,11,ok
090972,per090972_1906_15536,1,1,1,caixa de conver,33822,triagem/nome-caixa-conversao 1.0.0,11,ok
090972,per090972_1906_15536,2,0,0,,,triagem/nome-caixa-conversao 1.0.0,11,ok
090972,per090972_1906_15536,3,0,0,,,triagem/nome-caixa-conversao 1.0.0,11,ok
090972,per090972_1906_15536,4,0,0,,,triagem/nome-caixa-conversao 1.0.0,11,ok
090972,per090972_1906_15536,5,0,0,,,triagem/nome-caixa-conversao 1.0.0,11,ok
090972,per090972_1906_15536,6,0,0,,,triagem/nome-caixa-conversao 1.0.0,11,ok
090972,per090972_1906_15536,7,0,0,,,triagem/nome-caixa-conversao 1.0.0,11,ok
090972,per090972_1906_15536,8,0,0,,,triagem/nome-caixa-conversao 1.0.0,11,ok
090972,per090972_1906_15537,1,0,0,,,triagem/nome-caixa-conversao 1.0.0,11,ok
090972,per090972_1906_15537,2,0,0,,,triagem/nome-caixa-conversao 1.0.0,11,ok
090972,per090972_1906_15537,3,0,0,,,triagem/nome-caixa-conversao 1.0.0,11,ok
090972,per090972_1906_15537,4,0,0,,,triagem/nome-caixa-conversao 1.0.0,11,ok
090972,per090972_1906_15538,1,1,1,caixa de conver,15866,triagem/nome-caixa-conversao 1.0.0,11,ok
090972,per090972_1906_15538,2,0,0,,,triagem/nome-caixa-conversao 1.0.0,11,ok
090972,per090972_1906_15538,3,0,0,,,triagem/nome-caixa-conversao 1.0.0,11,ok
090972,per090972_1906_15538,4,0,0,,,triagem/nome-caixa-conversao 1.0.0,11,ok
090972,per090972_1906_15538,5,0,0,,,triagem/nome-caixa-conversao 1.0.0,11,ok
090972,per090972_1906_15538,6,0,0,,,triagem/nome-caixa-conversao 1.0.0,11,ok
090972,per090972_1906_15538,7,0,0,,,triagem/nome-caixa-conversao 1.0.0,11,ok
090972,per090972_1906_15538,8,0,0,,,triagem/nome-caixa-conversao 1.0.0,11,ok
090972,per090972_1906_15539,1,1,1,caixa de conver,5702,triagem/nome-caixa-conversao 1.0.0,11,ok
090972,per090972_1906_15539,2,0,0,,,triagem/nome-caixa-conversao 1.0.0,11,ok
090972,per090972_1906_15539,3,0,0,,,triagem/nome-caixa-conversao 1.0.0,11,ok
090972,per090972_1906_15539,4,0,0,,,triagem/nome-caixa-conversao 1.0.0,11,ok
090972,per090972_1906_15539,5,0,0,,,triagem/nome-caixa-conversao 1.0.0,11,ok
090972,per090972_1906_15539,6,0,0,,,triagem/nome-caixa-conversao 1.0.0,11,ok
090972,per090972_1906_15540,1,0,0,,,triagem/nome-caixa-conversao 1.0.0,11,ok
090972,per090972_1906_15540,2,0,0,,,triagem/nome-caixa-conversao 1.0.0,11,ok
090972,per090972_1906_15540,3,0,0,,,triagem/nome-caixa-conversao 1.0.0,11,ok
090972,per090972_1906_15540,4,0,0,,,triagem/nome-caixa-conversao 1.0.0,11,ok
090972,per090972_1906_15540,5,0,0,,,triagem/nome-caixa-conversao 1.0.0,11,ok
090972,per090972_1906_15540,6,0,0,,,triagem/nome-caixa-conversao 1.0.0,11,ok
090972,per090972_1906_15541,1,0,0,,,triagem/nome-caixa-conversao 1.0.0,11,ok
090972,per090972_1906_15541,2,0,0,,,triagem/nome-caixa-conversao 1.0.0,11,ok
090972,per090972_1906_15541,3,0,0,,,triagem/nome-caixa-conversao 1.0.0,11,ok
090972,per090972_1906_15541,4,0,0,,,triagem/nome-caixa-conversao 1.0.0,11,ok
090972,per090972_1906_15541,5,0,0,,,triagem/nome-caixa-conversao 1.0.0,11,ok
090972,per090972_1906_15541,6,0,0,,,triagem/nome-caixa-conversao 1.0.0,11,ok
090972,per090972_1906_15542,1,0,0,,,triagem/nome-caixa-conversao 1.0.0,11,ok
090972,per090972_1906_15542,2,0,0,,,triagem/nome-caixa-conversao 1.0.0,11,ok
090972,per090972_1906_15542,3,0,0,,,triagem/nome-caixa-conversao 1.0.0,11,ok
090972,per090972_1906_15542,4,0,0,,,triagem/nome-caixa-conversao 1.0.0,11,ok
090972,per090972_1906_15542,5,0,0,,,triagem/nome-caixa-conversao 1.0.0,11,ok
090972,per090972_1906_15542,6,0,0,,,triagem/nome-caixa-conversao 1.0.0,11,ok
090972,per090972_1906_15543,1,0,0,,,triagem/nome-caixa-conversao 1.0.0,11,ok
090972,per090972_1906_15543,2,0,0,,,triagem/nome-caixa-conversao 1.0.0,11,ok
090972,per090972_1906_15543,3,0,0,,,triagem/nome-caixa-conversao 1.0.0,11,ok
090972,per090972_1906_15543,4,0,0,,,triagem/nome-caixa-conversao 1.0.0,11,ok
090972,per090972_1906_15543,5,0,0,,,triagem/nome-caixa-conversao 1.0.0,11,ok
090972,per090972_1906_15543,6,0,0,,,triagem/nome-caixa-conversao 1.0.0,11,ok
090972,per090972_1906_15543,7,0,0,,,triagem/nome-caixa-conversao 1.0.0,11,ok
090972,per090972_1906_15543,8,0,0,,,triagem/nome-caixa-conversao 1.0.0,11,ok
090972,per090972_1906_15544,1,0,0,,,triagem/nome-caixa-conversao 1.0.0,11,ok
090972,per090972_1906_15544,2,1,1,caixa de conver,10228,triagem/nome-caixa-conversao 1.0.0,11,ok
090972,per090972_1906_15544,3,0,0,,,triagem/nome-caixa-conversao 1.0.0,11,ok
090972,per090972_1906_15544,4,0,0,,,triagem/nome-caixa-conversao 1.0.0,11,ok
090972,per090972_1906_15544,5,0,0,,,triagem/nome-caixa-conversao 1.0.0,11,ok
090972,per090972_1906_15544,6,0,0,,,triagem/nome-caixa-conversao 1.0.0,11,ok
090972,per090972_1906_15545,1,0,0,,,triagem/nome-caixa-conversao 1.0.0,11,ok
090972,per090972_1906_15545,2,0,0,,,triagem/nome-caixa-conversao 1.0.0,11,ok
090972,per090972_1906_15545,3,0,0,,,triagem/nome-caixa-conversao 1.0.0,11,ok
090972,per090972_1906_15545,4,0,0,,,triagem/nome-caixa-conversao 1.0.0,11,ok
090972,per090972_1906_15545,5,0,0,,,triagem/nome-caixa-conversao 1.0.0,11,ok
090972,per090972_1906_15545,6,0,0,,,triagem/nome-caixa-conversao 1.0.0,11,ok
090972,per090972_1906_15545,7,0,0,,,triagem/nome-caixa-conversao 1.0.0,11,ok
090972,per090972_1906_15545,8,0,0,,,triagem/nome-caixa-conversao 1.0.0,11,ok
090972,per090972_1906_15546,1,0,0,,,triagem/nome-caixa-conversao 1.0.0,11,ok
090972,per090972_1906_15546,2,1,2,caixa deconver,12148,triagem/nome-caixa-conversao 1.0.0,11,ok
090972,per090972_1906_15546,3,0,0,,,triagem/nome-caixa-conversao 1.0.0,11,ok
090972,per090972_1906_15546,4,0,0,,,triagem/nome-caixa-conversao 1.0.0,11,ok
090972,per090972_1906_15546,5,0,0,,,triagem/nome-caixa-conversao 1.0.0,11,ok
090972,per090972_1906_15546,6,0,0,,,triagem/nome-caixa-conversao 1.0.0,11,ok
090972,per090972_1906_15547,1,1,1,caixa deconver,33977,triagem/nome-caixa-conversao 1.0.0,11,ok
090972,per090972_1906_15547,2,1,1,caixa do conver,17662,triagem/nome-caixa-conversao 1.0.0,11,ok
090972,per090972_1906_15547,3,0,0,,,triagem/nome-caixa-conversao 1.0.0,11,ok
090972,per090972_1906_15547,4,0,0,,,triagem/nome-caixa-conversao 1.0.0,11,ok
090972,per090972_1906_15547,5,0,0,,,triagem/nome-caixa-conversao 1.0.0,11,ok
090972,per090972_1906_15547,6,0,0,,,triagem/nome-caixa-conversao 1.0.0,11,ok
090972,per090972_1906_15548,1,0,0,,,triagem/nome-caixa-conversao 1.0.0,11,ok
090972,per090972_1906_15548,2,1,1,caixa do conver,17307,triagem/nome-caixa-conversao 1.0.0,11,ok
090972,per090972_1906_15548,3,0,0,,,triagem/nome-caixa-conversao 1.0.0,11,ok
090972,per090972_1906_15548,4,0,0,,,triagem/nome-caixa-conversao 1.0.0,11,ok
090972,per090972_1906_15548,5,0,0,,,triagem/nome-caixa-conversao 1.0.0,11,ok
090972,per090972_1906_15548,6,0,0,,,triagem/nome-caixa-conversao 1.0.0,11,ok
090972,per090972_1906_15549,1,0,0,,,triagem/nome-caixa-conversao 1.0.0,11,ok
090972,per090972_1906_15549,2,1,2,caixa de conver,25184,triagem/nome-caixa-conversao 1.0.0,11,ok
090972,per090972_1906_15549,3,0,0,,,triagem/nome-caixa-conversao 1.0.0,11,ok
090972,per090972_1906_15549,4,0,0,,,triagem/nome-caixa-conversao 1.0.0,11,ok
090972,per090972_1906_15549,5,0,0,,,triagem/nome-caixa-conversao 1.0.0,11,ok
090972,per090972_1906_15549,6,0,0,,,triagem/nome-caixa-conversao 1.0.0,11,ok
090972,per090972_1906_15549,7,0,0,,,triagem/nome-caixa-conversao 1.0.0,11,ok
090972,per090972_1906_15549,8,0,0,,,triagem/nome-caixa-conversao 1.0.0,11,ok
090972,per090972_1906_15550,1,1,2,caixa deconver,35992,triagem/nome-caixa-conversao 1.0.0,11,ok
090972,per090972_1906_15550,2,0,0,,,triagem/nome-caixa-conversao 1.0.0,11,ok
090972,per090972_1906_15550,3,0,0,,,triagem/nome-caixa-conversao 1.0.0,11,ok
090972,per090972_1906_15550,4,0,0,,,triagem/nome-caixa-conversao 1.0.0,11,ok
090972,per090972_1906_15550,5,0,0,,,triagem/nome-caixa-conversao 1.0.0,11,ok
090972,per090972_1906_15550,6,0,0,,,triagem/nome-caixa-conversao 1.0.0,11,ok
090972,per090972_1906_15551,1,0,0,,,triagem/nome-caixa-conversao 1.0.0,11,ok
090972,per090972_1906_15551,2,0,0,,,triagem/nome-caixa-conversao 1.0.0,11,ok
090972,per090972_1906_15551,3,0,0,,,triagem/nome-caixa-conversao 1.0.0,11,ok
090972,per090972_1906_15551,4,0,0,,,triagem/nome-caixa-conversao 1.0.0,11,ok
090972,per090972_1906_15552,1,0,0,,,triagem/nome-caixa-conversao 1.0.0,11,ok
090972,per090972_1906_15552,2,1,1,caixa de conver,22997,triagem/nome-caixa-conversao 1.0.0,11,ok
090972,per090972_1906_15552,3,0,0,,,triagem/nome-caixa-conversao 1.0.0,11,ok
090972,per090972_1906_15552,4,0,0,,,triagem/nome-caixa-conversao 1.0.0,11,ok
090972,per090972_1906_15552,5,0,0,,,triagem/nome-caixa-conversao 1.0.0,11,ok
090972,per090972_1906_15552,6,0,0,,,triagem/nome-caixa-conversao 1.0.0,11,ok
090972,per090972_1906_15553,1,1,2,caixa de conver,24034,triagem/nome-caixa-conversao 1.0.0,11,ok
090972,per090972_1906_15553,2,0,0,,,triagem/nome-caixa-conversao 1.0.0,11,ok
090972,per090972_1906_15553,3,0,0,,,triagem/nome-caixa-conversao 1.0.0,11,ok
090972,per090972_1906_15553,4,0,0,,,triagem/nome-caixa-conversao 1.0.0,11,ok
090972,per090972_1906_15553,5,0,0,,,triagem/nome-caixa-conversao 1.0.0,11,ok
090972,per090972_1906_15553,6,0,0,,,triagem/nome-caixa-conversao 1.0.0,11,ok
090972,per090972_1906_15553,7,0,0,,,triagem/nome-caixa-conversao 1.0.0,11,ok
090972,per090972_1906_15553,8,0,0,,,triagem/nome-caixa-conversao 1.0.0,11,ok
090972,per090972_1906_15554,1,0,0,,,triagem/nome-caixa-conversao 1.0.0,11,ok
090972,per090972_1906_15554,2,1,2,caixa de conver,30708,triagem/nome-caixa-conversao 1.0.0,11,ok
090972,per090972_1906_15554,3,1,1,caixa do conver,946,triagem/nome-caixa-conversao 1.0.0,11,ok
090972,per090972_1906_15554,4,0,0,,,triagem/nome-caixa-conversao 1.0.0,11,ok
090972,per090972_1906_15554,5,0,0,,,triagem/nome-caixa-conversao 1.0.0,11,ok
090972,per090972_1906_15554,6,0,0,,,triagem/nome-caixa-conversao 1.0.0,11,ok
090972,per090972_1906_15555,1,0,0,,,triagem/nome-caixa-conversao 1.0.0,11,ok
090972,per090972_1906_15555,2,1,1,caixa de conver,22609,triagem/nome-caixa-conversao 1.0.0,11,ok
090972,per090972_1906_15555,3,0,0,,,triagem/nome-caixa-conversao 1.0.0,11,ok
090972,per090972_1906_15555,4,0,0,,,triagem/nome-caixa-conversao 1.0.0,11,ok
090972,per090972_1906_15555,5,0,0,,,triagem/nome-caixa-conversao 1.0.0,11,ok
090972,per090972_1906_15555,6,0,0,,,triagem/nome-caixa-conversao 1.0.0,11,ok
090972,per090972_1906_15556,1,0,0,,,triagem/nome-caixa-conversao 1.0.0,11,ok
090972,per090972_1906_15556,2,1,1,caixa do conver,16780,triagem/nome-caixa-conversao 1.0.0,11,ok
090972,per090972_1906_15556,3,0,0,,,triagem/nome-caixa-conversao 1.0.0,11,ok
090972,per090972_1906_15556,4,0,0,,,triagem/nome-caixa-conversao 1.0.0,11,ok
090972,per090972_1906_15556,5,0,0,,,triagem/nome-caixa-conversao 1.0.0,11,ok
090972,per090972_1906_15556,6,0,0,,,triagem/nome-caixa-conversao 1.0.0,11,ok
090972,per090972_1906_15557,1,0,0,,,triagem/nome-caixa-conversao 1.0.0,11,ok
090972,per090972_1906_15557,2,1,3,caixa de conver,9831,triagem/nome-caixa-conversao 1.0.0,11,ok
090972,per090972_1906_15557,3,1,3,caixa de conver,10310,triagem/nome-caixa-conversao 1.0.0,11,ok
090972,per090972_1906_15557,4,0,0,,,triagem/nome-caixa-conversao 1.0.0,11,ok
090972,per090972_1906_15557,5,0,0,,,triagem/nome-caixa-conversao 1.0.0,11,ok
090972,per090972_1906_15557,6,0,0,,,triagem/nome-caixa-conversao 1.0.0,11,ok
090972,per090972_1906_15558,1,1,1,caixa de conver,43018,triagem/nome-caixa-conversao 1.0.0,11,ok
090972,per090972_1906_15558,2,1,7,caixa do conver,1300,triagem/nome-caixa-conversao 1.0.0,11,ok
090972,per090972_1906_15558,3,0,0,,,triagem/nome-caixa-conversao 1.0.0,11,ok
090972,per090972_1906_15558,4,0,0,,,triagem/nome-caixa-conversao 1.0.0,11,ok
090972,per090972_1906_15559,1,1,3,caixa do conver,11381,triagem/nome-caixa-conversao 1.0.0,11,ok
090972,per090972_1906_15559,2,1,2,caixa do conver,12299,triagem/nome-caixa-conversao 1.0.0,11,ok
090972,per090972_1906_15559,3,0,0,,,triagem/nome-caixa-conversao 1.0.0,11,ok
090972,per090972_1906_15559,4,0,0,,,triagem/nome-caixa-conversao 1.0.0,11,ok
090972,per090972_1906_15559,5,0,0,,,triagem/nome-caixa-conversao 1.0.0,11,ok
090972,per090972_1906_15559,6,0,0,,,triagem/nome-caixa-conversao 1.0.0,11,ok
090972,per090972_1906_15560,1,1,2,caixa de conver,36452,triagem/nome-caixa-conversao 1.0.0,11,ok
090972,per090972_1906_15560,2,1,1,caixa de conver,2488,triagem/nome-caixa-conversao 1.0.0,11,ok
090972,per090972_1906_15560,3,0,0,,,triagem/nome-caixa-conversao 1.0.0,11,ok
090972,per090972_1906_15560,4,0,0,,,triagem/nome-caixa-conversao 1.0.0,11,ok
090972,per090972_1906_15560,5,0,0,,,triagem/nome-caixa-conversao 1.0.0,11,ok
090972,per090972_1906_15560,6,0,0,,,triagem/nome-caixa-conversao 1.0.0,11,ok
090972,per090972_1906_15560,7,0,0,,,triagem/nome-caixa-conversao 1.0.0,11,ok
090972,per090972_1906_15560,8,0,0,,,triagem/nome-caixa-conversao 1.0.0,11,ok
090972,per090972_1906_15561,1,0,0,,,triagem/nome-caixa-conversao 1.0.0,11,ok
090972,per090972_1906_15561,2,1,3,caixa de conver,24218,triagem/nome-caixa-conversao 1.0.0,11,ok
090972,per090972_1906_15561,3,0,0,,,triagem/nome-caixa-conversao 1.0.0,11,ok
090972,per090972_1906_15561,4,0,0,,,triagem/nome-caixa-conversao 1.0.0,11,ok
090972,per090972_1906_15561,5,0,0,,,triagem/nome-caixa-conversao 1.0.0,11,ok
090972,per090972_1906_15561,6,0,0,,,triagem/nome-caixa-conversao 1.0.0,11,ok
090972,per090972_1906_15561,7,0,0,,,triagem/nome-caixa-conversao 1.0.0,11,ok
090972,per090972_1906_15561,8,0,0,,,triagem/nome-caixa-conversao 1.0.0,11,ok
090972,per090972_1906_15562,1,0,0,,,triagem/nome-caixa-conversao 1.0.0,11,ok
090972,per090972_1906_15562,2,1,1,caixa de conver,9537,triagem/nome-caixa-conversao 1.0.0,11,ok
090972,per090972_1906_15562,3,0,0,,,triagem/nome-caixa-conversao 1.0.0,11,ok
090972,per090972_1906_15562,4,0,0,,,triagem/nome-caixa-conversao 1.0.0,11,ok
090972,per090972_1906_15562,5,0,0,,,triagem/nome-caixa-conversao 1.0.0,11,ok
090972,per090972_1906_15562,6,0,0,,,triagem/nome-caixa-conversao 1.0.0,11,ok
090972,per090972_1906_15562,7,0,0,,,triagem/nome-caixa-conversao 1.0.0,11,ok
090972,per090972_1906_15562,8,0,0,,,triagem/nome-caixa-conversao 1.0.0,11,ok
090972,per090972_1906_15563,1,0,0,,,triagem/nome-caixa-conversao 1.0.0,11,ok
090972,per090972_1906_15563,2,1,4,caixa de conver,12009,triagem/nome-caixa-conversao 1.0.0,11,ok
090972,per090972_1906_15563,3,0,0,,,triagem/nome-caixa-conversao 1.0.0,11,ok
090972,per090972_1906_15563,4,0,0,,,triagem/nome-caixa-conversao 1.0.0,11,ok
090972,per090972_1906_15563,5,0,0,,,triagem/nome-caixa-conversao 1.0.0,11,ok
090972,per090972_1906_15563,6,0,0,,,triagem/nome-caixa-conversao 1.0.0,11,ok
090972,per090972_1906_15564,1,0,0,,,triagem/nome-caixa-conversao 1.0.0,11,ok
090972,per090972_1906_15564,2,1,1,caixa do conver,33660,triagem/nome-caixa-conversao 1.0.0,11,ok
090972,per090972_1906_15564,3,0,0,,,triagem/nome-caixa-conversao 1.0.0,11,ok
090972,per090972_1906_15564,4,0,0,,,triagem/nome-caixa-conversao 1.0.0,11,ok
090972,per090972_1906_15564,5,0,0,,,triagem/nome-caixa-conversao 1.0.0,11,ok
090972,per090972_1906_15564,6,1,1,caixa de conver,5762,triagem/nome-caixa-conversao 1.0.0,11,ok
090972,per090972_1906_15564,7,0,0,,,triagem/nome-caixa-conversao 1.0.0,11,ok
090972,per090972_1906_15564,8,0,0,,,triagem/nome-caixa-conversao 1.0.0,11,ok
090972,per090972_1906_15565,1,0,0,,,triagem/nome-caixa-conversao 1.0.0,11,ok
090972,per090972_1906_15565,2,0,0,,,triagem/nome-caixa-conversao 1.0.0,11,ok
090972,per090972_1906_15565,3,0,0,,,triagem/nome-caixa-conversao 1.0.0,11,ok
090972,per090972_1906_15565,4,0,0,,,triagem/nome-caixa-conversao 1.0.0,11,ok
090972,per090972_1906_15565,5,0,0,,,triagem/nome-caixa-conversao 1.0.0,11,ok
090972,per090972_1906_15565,6,0,0,,,triagem/nome-caixa-conversao 1.0.0,11,ok
090972,per090972_1906_15566,1,0,0,,,triagem/nome-caixa-conversao 1.0.0,11,ok
090972,per090972_1906_15566,2,1,2,caixa de conver,31703,triagem/nome-caixa-conversao 1.0.0,11,ok
090972,per090972_1906_15566,3,0,0,,,triagem/nome-caixa-conversao 1.0.0,11,ok
090972,per090972_1906_15566,4,0,0,,,triagem/nome-caixa-conversao 1.0.0,11,ok
090972,per090972_1906_15566,5,0,0,,,triagem/nome-caixa-conversao 1.0.0,11,ok
090972,per090972_1906_15566,6,0,0,,,triagem/nome-caixa-conversao 1.0.0,11,ok
090972,per090972_1906_15567,1,1,1,caixa do conver,30296,triagem/nome-caixa-conversao 1.0.0,11,ok
090972,per090972_1906_15567,2,1,1,caixa doconver,24394,triagem/nome-caixa-conversao 1.0.0,11,ok
090972,per090972_1906_15567,3,0,0,,,triagem/nome-caixa-conversao 1.0.0,11,ok
090972,per090972_1906_15567,4,0,0,,,triagem/nome-caixa-conversao 1.0.0,11,ok
090972,per090972_1906_15567,5,0,0,,,triagem/nome-caixa-conversao 1.0.0,11,ok
090972,per090972_1906_15567,6,0,0,,,triagem/nome-caixa-conversao 1.0.0,11,ok
090972,per090972_1906_15567,7,0,0,,,triagem/nome-caixa-conversao 1.0.0,11,ok
090972,per090972_1906_15567,8,0,0,,,triagem/nome-caixa-conversao 1.0.0,11,ok
090972,per090972_1906_15568,1,0,0,,,triagem/nome-caixa-conversao 1.0.0,11,ok
090972,per090972_1906_15568,2,0,0,,,triagem/nome-caixa-conversao 1.0.0,11,ok
090972,per090972_1906_15568,3,0,0,,,triagem/nome-caixa-conversao 1.0.0,11,ok
090972,per090972_1906_15568,4,0,0,,,triagem/nome-caixa-conversao 1.0.0,11,ok
090972,per090972_1906_15568,5,0,0,,,triagem/nome-caixa-conversao 1.0.0,11,ok
090972,per090972_1906_15568,6,0,0,,,triagem/nome-caixa-conversao 1.0.0,11,ok
090972,per090972_1906_15568,7,0,0,,,triagem/nome-caixa-conversao 1.0.0,11,ok
090972,per090972_1906_15568,8,0,0,,,triagem/nome-caixa-conversao 1.0.0,11,ok
090972,per090972_1906_15569,1,0,0,,,triagem/nome-caixa-conversao 1.0.0,11,ok
090972,per090972_1906_15569,2,1,2,caixa dc conver,35349,triagem/nome-caixa-conversao 1.0.0,11,ok
090972,per090972_1906_15569,3,0,0,,,triagem/nome-caixa-conversao 1.0.0,11,ok
090972,per090972_1906_15569,4,0,0,,,triagem/nome-caixa-conversao 1.0.0,11,ok
090972,per090972_1906_15569,5,0,0,,,triagem/nome-caixa-conversao 1.0.0,11,ok
090972,per090972_1906_15569,6,0,0,,,triagem/nome-caixa-conversao 1.0.0,11,ok
090972,per090972_1906_15569,7,0,0,,,triagem/nome-caixa-conversao 1.0.0,11,ok
090972,per090972_1906_15569,8,0,0,,,triagem/nome-caixa-conversao 1.0.0,11,ok
090972,per090972_1906_15570,1,1,1,caixa de conver,27625,triagem/nome-caixa-conversao 1.0.0,11,ok
090972,per090972_1906_15570,2,1,2,caixa de conver,22108,triagem/nome-caixa-conversao 1.0.0,11,ok
090972,per090972_1906_15570,3,0,0,,,triagem/nome-caixa-conversao 1.0.0,11,ok
090972,per090972_1906_15570,4,0,0,,,triagem/nome-caixa-conversao 1.0.0,11,ok
090972,per090972_1906_15570,5,0,0,,,triagem/nome-caixa-conversao 1.0.0,11,ok
090972,per090972_1906_15570,6,0,0,,,triagem/nome-caixa-conversao 1.0.0,11,ok
090972,per090972_1906_15570,7,0,0,,,triagem/nome-caixa-conversao 1.0.0,11,ok
090972,per090972_1906_15570,8,0,0,,,triagem/nome-caixa-conversao 1.0.0,11,ok
090972,per090972_1906_15570,9,0,0,,,triagem/nome-caixa-conversao 1.0.0,11,ok
090972,per090972_1906_15570,10,0,0,,,triagem/nome-caixa-conversao 1.0.0,11,ok
090972,per090972_1906_15571,1,0,0,,,triagem/nome-caixa-conversao 1.0.0,11,ok
090972,per090972_1906_15571,2,1,1,caixa do conver,18902,triagem/nome-caixa-conversao 1.0.0,11,ok
090972,per090972_1906_15571,3,1,3,caixa de conver,878,triagem/nome-caixa-conversao 1.0.0,11,ok
090972,per090972_1906_15571,4,0,0,,,triagem/nome-caixa-conversao 1.0.0,11,ok
090972,per090972_1906_15571,5,0,0,,,triagem/nome-caixa-conversao 1.0.0,11,ok
090972,per090972_1906_15571,6,0,0,,,triagem/nome-caixa-conversao 1.0.0,11,ok
090972,per090972_1906_15571,7,0,0,,,triagem/nome-caixa-conversao 1.0.0,11,ok
090972,per090972_1906_15571,8,0,0,,,triagem/nome-caixa-conversao 1.0.0,11,ok
090972,per090972_1906_15572,1,1,1,caixa do conver,1156,triagem/nome-caixa-conversao 1.0.0,11,ok
090972,per090972_1906_15572,2,1,1,caixa deconver,28290,triagem/nome-caixa-conversao 1.0.0,11,ok
090972,per090972_1906_15572,3,0,0,,,triagem/nome-caixa-conversao 1.0.0,11,ok
090972,per090972_1906_15572,4,0,0,,,triagem/nome-caixa-conversao 1.0.0,11,ok
090972,per090972_1906_15572,5,0,0,,,triagem/nome-caixa-conversao 1.0.0,11,ok
090972,per090972_1906_15572,6,0,0,,,triagem/nome-caixa-conversao 1.0.0,11,ok
090972,per090972_1906_15573,1,0,0,,,triagem/nome-caixa-conversao 1.0.0,11,ok
090972,per090972_1906_15573,2,0,0,,,triagem/nome-caixa-conversao 1.0.0,11,ok
090972,per090972_1906_15573,3,1,2,caixa de conver,4708,triagem/nome-caixa-conversao 1.0.0,11,ok
090972,per090972_1906_15573,4,0,0,,,triagem/nome-caixa-conversao 1.0.0,11,ok
090972,per090972_1906_15573,5,0,0,,,triagem/nome-caixa-conversao 1.0.0,11,ok
090972,per090972_1906_15573,6,0,0,,,triagem/nome-caixa-conversao 1.0.0,11,ok
090972,per090972_1906_15573,7,0,0,,,triagem/nome-caixa-conversao 1.0.0,11,ok
090972,per090972_1906_15573,8,0,0,,,triagem/nome-caixa-conversao 1.0.0,11,ok
090972,per090972_1906_15574,1,1,1,caixade conver,6155,triagem/nome-caixa-conversao 1.0.0,11,ok
090972,per090972_1906_15574,2,1,1,caixa de conver,11679,triagem/nome-caixa-conversao 1.0.0,11,ok
090972,per090972_1906_15574,3,0,0,,,triagem/nome-caixa-conversao 1.0.0,11,ok
090972,per090972_1906_15574,4,0,0,,,triagem/nome-caixa-conversao 1.0.0,11,ok
090972,per090972_1906_15574,5,0,0,,,triagem/nome-caixa-conversao 1.0.0,11,ok
090972,per090972_1906_15574,6,0,0,,,triagem/nome-caixa-conversao 1.0.0,11,ok
090972,per090972_1906_15574,7,0,0,,,triagem/nome-caixa-conversao 1.0.0,11,ok
090972,per090972_1906_15574,8,0,0,,,triagem/nome-caixa-conversao 1.0.0,11,ok
090972,per090972_1906_15575,1,0,0,,,triagem/nome-caixa-conversao 1.0.0,11,ok
090972,per090972_1906_15575,2,1,1,caixa de conver,30406,triagem/nome-caixa-conversao 1.0.0,11,ok
090972,per090972_1906_15575,3,0,0,,,triagem/nome-caixa-conversao 1.0.0,11,ok
090972,per090972_1906_15575,4,0,0,,,triagem/nome-caixa-conversao 1.0.0,11,ok
090972,per090972_1906_15575,5,1,1,caixade conver,36156,triagem/nome-caixa-conversao 1.0.0,11,ok
090972,per090972_1906_15575,6,0,0,,,triagem/nome-caixa-conversao 1.0.0,11,ok
090972,per090972_1906_15575,7,0,0,,,triagem/nome-caixa-conversao 1.0.0,11,ok
090972,per090972_1906_15575,8,0,0,,,triagem/nome-caixa-conversao 1.0.0,11,ok
090972,per090972_1906_15576,1,0,0,,,triagem/nome-caixa-conversao 1.0.0,11,ok
090972,per090972_1906_15576,2,1,1,caixa de conver,25582,triagem/nome-caixa-conversao 1.0.0,11,ok
090972,per090972_1906_15576,3,0,0,,,triagem/nome-caixa-conversao 1.0.0,11,ok
090972,per090972_1906_15576,4,0,0,,,triagem/nome-caixa-conversao 1.0.0,11,ok
090972,per090972_1906_15576,5,0,0,,,triagem/nome-caixa-conversao 1.0.0,11,ok
090972,per090972_1906_15576,6,0,0,,,triagem/nome-caixa-conversao 1.0.0,11,ok
090972,per090972_1906_15577,1,0,0,,,triagem/nome-caixa-conversao 1.0.0,11,ok
090972,per090972_1906_15577,2,0,0,,,triagem/nome-caixa-conversao 1.0.0,11,ok
090972,per090972_1906_15577,3,0,0,,,triagem/nome-caixa-conversao 1.0.0,11,ok
090972,per090972_1906_15577,4,0,0,,,triagem/nome-caixa-conversao 1.0.0,11,ok
090972,per090972_1906_15577,5,0,0,,,triagem/nome-caixa-conversao 1.0.0,11,ok
090972,per090972_1906_15577,6,0,0,,,triagem/nome-caixa-conversao 1.0.0,11,ok
090972,per090972_1906_15577,7,0,0,,,triagem/nome-caixa-conversao 1.0.0,11,ok
090972,per090972_1906_15577,8,0,0,,,triagem/nome-caixa-conversao 1.0.0,11,ok
090972,per090972_1906_15578,1,1,1,caixa de conver,27192,triagem/nome-caixa-conversao 1.0.0,11,ok
090972,per090972_1906_15578,2,0,0,,,triagem/nome-caixa-conversao 1.0.0,11,ok
090972,per090972_1906_15578,3,0,0,,,triagem/nome-caixa-conversao 1.0.0,11,ok
090972,per090972_1906_15578,4,0,0,,,triagem/nome-caixa-conversao 1.0.0,11,ok
