bib,source_identifier,page_number,hit,n_matches,primeiro_span_texto,primeiro_span_offset,regra_versao,extraction_run_id,result_status
103730,per103730_1908_00001,1,0,0,,,triagem/nome-caixa-conversao 1.0.0,22,ok
103730,per103730_1908_00001,2,0,0,,,triagem/nome-caixa-conversao 1.0.0,22,ok
103730,per103730_1908_00001,3,0,0,,,triagem/nome-caixa-conversao 1.0.0,22,ok
103730,per103730_1908_00001,4,0,0,,,triagem/nome-caixa-conversao 1.0.0,22,ok
103730,per103730_1908_00001,5,0,0,,,triagem/nome-caixa-conversao 1.0.0,22,ok
103730,per103730_1908_00001,6,0,0,,,triagem/nome-caixa-conversao 1.0.0,22,ok
103730,per103730_1908_00001,7,0,0,,,triagem/nome-caixa-conversao 1.0.0,22,ok
103730,per103730_1908_00001,8,0,0,,,triagem/nome-caixa-conversao 1.0.0,22,ok
103730,per103730_1908_00001,9,0,0,,,triagem/nome-caixa-conversao 1.0.0,22,ok
103730,per103730_1908_00001,10,0,0,,,triagem/nome-caixa-conversao 1.0.0,22,ok
103730,per103730_1908_00001,11,0,0,,,triagem/nome-caixa-conversao 1.0.0,22,ok
103730,per103730_1908_00001,12,0,0,,,triagem/nome-caixa-conversao 1.0.0,22,ok
103730,per103730_1908_00001,13,0,0,,,triagem/nome-caixa-conversao 1.0.0,22,ok
103730,per103730_1908_00001,14,0,0,,,triagem/nome-caixa-conversao 1.0.0,22,ok
103730,per103730_1908_00001,15,0,0,,,triagem/nome-caixa-conversao 1.0.0,22,ok
103730,per103730_1908_00001,16,0,0,,,triagem/nome-caixa-conversao 1.0.0,22,ok
103730,per103730_1908_00001,17,0,0,,,triagem/nome-caixa-conversao 1.0.0,22,ok
103730,per103730_1908_00001,18,0,0,,,triagem/nome-caixa-conversao 1.0.0,22,ok
103730,per103730_1908_00001,19,0,0,,,triagem/nome-caixa-conversao 1.0.0,22,ok
103730,per103730_1908_00001,20,0,0,,,triagem/nome-caixa-conversao 1.0.0,22,ok
103730,per103730_1908_00001,21,0,0,,,triagem/nome-caixa-conversao 1.0.0,22,ok
103730,per103730_1908_00002,1,0,0,,,triagem/nome-caixa-conversao 1.0.0,22,ok
103730,per103730_1908_00002,2,0,0,,,triagem/nome-caixa-conversao 1.0.0,22,ok
103730,per103730_1908_00002,3,0,0,,,triagem/nome-caixa-conversao 1.0.0,22,ok
103730,per103730_1908_00002,4,0,0,,,triagem/nome-caixa-conversao 1.0.0,22,ok
103730,per103730_1908_00002,5,0,0,,,triagem/nome-caixa-conversao 1.0.0,22,ok
103730,per103730_1908_00002,6,0,0,,,triagem/nome-caixa-conversao 1.0.0,22,ok
103730,per103730_1908_00003,1,0,0,,,triagem/nome-caixa-conversao 1.0.0,22,ok
103730,per103730_1908_00003,2,0,0,,,triagem/nome-caixa-conversao 1.0.0,22,ok
103730,per103730_1908_00003,3,0,0,,,triagem/nome-caixa-conversao 1.0.0,22,ok
103730,per103730_1908_00003,4,0,0,,,triagem/nome-caixa-conversao 1.0.0,22,ok
103730,per103730_1908_00003,5,0,0,,,triagem/nome-caixa-conversao 1.0.0,22,ok
103730,per103730_1908_00003,6,0,0,,,triagem/nome-caixa-conversao 1.0.0,22,ok
103730,per103730_1908_00004,1,0,0,,,triagem/nome-caixa-conversao 1.0.0,22,ok
103730,per103730_1908_00004,2,0,0,,,triagem/nome-caixa-conversao 1.0.0,22,ok
103730,per103730_1908_00004,3,0,0,,,triagem/nome-caixa-conversao 1.0.0,22,ok
103730,per103730_1908_00004,4,0,0,,,triagem/nome-caixa-conversao 1.0.0,22,ok
103730,per103730_1908_00004,5,0,0,,,triagem/nome-caixa-conversao 1.0.0,22,ok
103730,per103730_1908_00004,6,0,0,,,triagem/nome-caixa-conversao 1.0.0,22,ok
103730,per103730_1908_00005,1,0,0,,,triagem/nome-caixa-conversao 1.0.0,22,ok
103730,per103730_1908_00005,2,0,0,,,triagem/nome-caixa-conversao 1.0.0,22,ok
103730,per103730_1908_00005,3,0,0,,,triagem/nome-caixa-conversao 1.0.0,22,ok
103730,per103730_1908_00005,4,0,0,,,triagem/nome-caixa-conversao 1.0.0,22,ok
103730,per103730_1908_00005,5,0,0,,,triagem/nome-caixa-conversao 1.0.0,22,ok
103730,per103730_1908_00005,6,0,0,,,triagem/nome-caixa-conversao 1.0.0,22,ok
103730,per103730_1908_00005,7,0,0,,,triagem/nome-caixa-conversao 1.0.0,22,ok
103730,per103730_1908_00005,8,1,1,caixa de conver,52775,triagem/nome-caixa-conversao 1.0.0,22,ok
103730,per103730_1908_00005,9,0,0,,,triagem/nome-caixa-conversao 1.0.0,22,ok
103730,per103730_1908_00005,10,0,0,,,triagem/nome-caixa-conversao 1.0.0,22,ok
103730,per103730_1908_00005,11,0,0,,,triagem/nome-caixa-conversao 1.0.0,22,ok
103730,per103730_1908_00005,12,0,0,,,triagem/nome-caixa-conversao 1.0.0,22,ok
103730,per103730_1908_00006,1,0,0,,,triagem/nome-caixa-conversao 1.0.0,22,ok
103730,per103730_1908_00006,2,0,0,,,triagem/nome-caixa-conversao 1.0.0,22,ok
103730,per103730_1908_00006,3,0,0,,,triagem/nome-caixa-conversao 1.0.0,22,ok
103730,per103730_1908_00006,4,1,1,caixa dnconver,13587,triagem/nome-caixa-conversao 1.0.0,22,ok
103730,per103730_1908_00006,5,0,0,,,triagem/nome-caixa-conversao 1.0.0,22,ok
103730,per103730_1908_00006,6,0,0,,,triagem/nome-caixa-conversao 1.0.0,22,ok
103730,per103730_1908_00007,1,0,0,,,triagem/nome-caixa-conversao 1.0.0,22,ok
103730,per103730_1908_00007,2,0,0,,,triagem/nome-caixa-conversao 1.0.0,22,ok
103730,per103730_1908_00007,3,0,0,,,triagem/nome-caixa-conversao 1.0.0,22,ok
103730,per103730_1908_00007,4,0,0,,,triagem/nome-caixa-conversao 1.0.0,22,ok
103730,per103730_1908_00008,1,1,1,caixa de conver,13055,triagem/nome-caixa-conversao 1.0.0,22,ok
103730,per103730_1908_00008,2,0,0,,,triagem/nome-caixa-conversao 1.0.0,22,ok
103730,per103730_1908_00008,3,0,0,,,triagem/nome-caixa-conversao 1.0.0,22,ok
103730,per103730_1908_00008,4,0,0,,,triagem/nome-caixa-conversao 1.0.0,22,ok
103730,per103730_1908_00008,5,0,0,,,triagem/nome-caixa-conversao 1.0.0,22,ok
103730,per103730_1908_00008,6,0,0,,,triagem/nome-caixa-conversao 1.0.0,22,ok
103730,per103730_1908_00009,1,1,1,caixa de conver,42886,triagem/nome-caixa-conversao 1.0.0,22,ok
103730,per103730_1908_00009,2,0,0,,,triagem/nome-caixa-conversao 1.0.0,22,ok
103730,per103730_1908_00009,3,0,0,,,triagem/nome-caixa-conversao 1.0.0,22,ok
103730,per103730_1908_00009,4,0,0,,,triagem/nome-caixa-conversao 1.0.0,22,ok
103730,per103730_1908_00009,5,0,0,,,triagem/nome-caixa-conversao 1.0.0,22,ok
103730,per103730_1908_00009,6,0,0,,,triagem/nome-caixa-conversao 1.0.0,22,ok
103730,per103730_1908_00010,1,0,0,,,triagem/nome-caixa-conversao 1.0.0,22,ok
103730,per103730_1908_00010,2,0,0,,,triagem/nome-caixa-conversao 1.0.0,22,ok
103730,per103730_1908_00010,3,0,0,,,triagem/nome-caixa-conversao 1.0.0,22,ok
103730,per103730_1908_00010,4,0,0,,,triagem/nome-caixa-conversao 1.0.0,22,ok
103730,per103730_1908_00010,5,0,0,,,triagem/nome-caixa-conversao 1.0.0,22,ok
103730,per103730_1908_00010,6,0,0,,,triagem/nome-caixa-conversao 1.0.0,22,ok
103730,per103730_1908_00011,1,1,1,caixa de conver,6730,triagem/nome-caixa-conversao 1.0.0,22,ok
103730,per103730_1908_00011,2,0,0,,,triagem/nome-caixa-conversao 1.0.0,22,ok
103730,per103730_1908_00011,3,1,1,caixa dc conver,37984,triagem/nome-caixa-conversao 1.0.0,22,ok
103730,per103730_1908_00011,4,0,0,,,triagem/nome-caixa-conversao 1.0.0,22,ok
103730,per103730_1908_00011,5,0,0,,,triagem/nome-caixa-conversao 1.0.0,22,ok
103730,per103730_1908_00011,6,0,0,,,triagem/nome-caixa-conversao 1.0.0,22,ok
103730,per103730_1908_00012,1,0,0,,,triagem/nome-caixa-conversao 1.0.0,22,ok
103730,per103730_1908_00012,2,0,0,,,triagem/nome-caixa-conversao 1.0.0,22,ok
103730,per103730_1908_00012,3,0,0,,,triagem/nome-caixa-conversao 1.0.0,22,ok
103730,per103730_1908_00012,4,0,0,,,triagem/nome-caixa-conversao 1.0.0,22,ok
103730,per103730_1908_00012,5,0,0,,,triagem/nome-caixa-conversao 1.0.0,22,ok
103730,per103730_1908_00012,6,0,0,,,triagem/nome-caixa-conversao 1.0.0,22,ok
103730,per103730_1908_00012,7,0,0,,,triagem/nome-caixa-conversao 1.0.0,22,ok
103730,per103730_1908_00012,8,0,0,,,triagem/nome-caixa-conversao 1.0.0,22,ok
103730,per103730_1908_00012,9,0,0,,,triagem/nome-caixa-conversao 1.0.0,22,ok
103730,per103730_1908_00012,10,0,0,,,triagem/nome-caixa-conversao 1.0.0,22,ok
103730,per103730_1908_00012,11,0,0,,,triagem/nome-caixa-conversao 1.0.0,22,ok
103730,per103730_1908_00012,12,0,0,,,triagem/nome-caixa-conversao 1.0.0,22,ok
103730,per103730_1908_00013,1,0,0,,,triagem/nome-caixa-conversao 1.0.0,22,ok
103730,per103730_1908_00013,2,0,0,,,triagem/nome-caixa-conversao 1.0.0,22,ok
103730,per103730_1908_00013,3,0,0,,,triagem/nome-caixa-conversao 1.0.0,22,ok
103730,per103730_1908_00013,4,0,0,,,triagem/nome-caixa-conversao 1.0.0,22,ok
103730,per103730_1908_00013,5,0,0,,,triagem/nome-caixa-conversao 1.0.0,22,ok
103730,per103730_1908_00013,6,0,0,,,triagem/nome-caixa-conversao 1.0.0,22,ok
103730,per103730_1908_00014,1,0,0,,,triagem/nome-caixa-conversao 1.0.0,22,ok
103730,per103730_1908_00014,2,0,0,,,triagem/nome-caixa-conversao 1.0.0,22,ok
103730,per103730_1908_00014,3,0,0,,,triagem/nome-caixa-conversao 1.0.0,22,ok
103730,per103730_1908_00014,4,1,1,caixa de conver,22836,triagem/nome-caixa-conversao 1.0.0,22,ok
103730,per103730_1908_00014,5,0,0,,,triagem/nome-caixa-conversao 1.0.0,22,ok
103730,per103730_1908_00014,6,0,0,,,triagem/nome-caixa-conversao 1.0.0,22,ok
103730,per103730_1908_00015,1,1,1,caixa dc conver,13299,triagem/nome-caixa-conversao 1.0.0,22,ok
103730,per103730_1908_00015,2,0,0,,,triagem/nome-caixa-conversao 1.0.0,22,ok
103730,per103730_1908_00015,3,0,0,,,triagem/nome-caixa-conversao 1.0.0,22,ok
103730,per103730_1908_00015,4,0,0,,,triagem/nome-caixa-conversao 1.0.0,22,ok
103730,per103730_1908_00015,5,0,0,,,triagem/nome-caixa-conversao 1.0.0,22,ok
103730,per103730_1908_00015,6,0,0,,,triagem/nome-caixa-conversao 1.0.0,22,ok
103730,per103730_1908_00016,1,0,0,,,triagem/nome-caixa-conversao 1.0.0,22,ok
103730,per103730_1908_00016,2,1,1,caixa do conver,25767,triagem/nome-caixa-conversao 1.0.0,22,ok
103730,per103730_1908_00016,3,0,0,,,triagem/nome-caixa-conversao 1.0.0,22,ok
103730,per103730_1908_00016,4,0,0,,,triagem/nome-caixa-conversao 1.0.0,22,ok
103730,per103730_1908_00016,5,0,0,,,triagem/nome-caixa-conversao 1.0.0,22,ok
103730,per103730_1908_00016,6,0,0,,,triagem/nome-caixa-conversao 1.0.0,22,ok
103730,per103730_1908_00017,1,1,1,caixa dc conver,8666,triagem/nome-caixa-conversao 1.0.0,22,ok
103730,per103730_1908_00017,2,0,0,,,triagem/nome-caixa-conversao 1.0.0,22,ok
103730,per103730_1908_00017,3,0,0,,,triagem/nome-caixa-conversao 1.0.0,22,ok
103730,per103730_1908_00017,4,0,0,,,triagem/nome-caixa-conversao 1.0.0,22,ok
103730,per103730_1908_00017,5,0,0,,,triagem/nome-caixa-conversao 1.0.0,22,ok
103730,per103730_1908_00017,6,0,0,,,triagem/nome-caixa-conversao 1.0.0,22,ok
103730,per103730_1908_00018,1,0,0,,,triagem/nome-caixa-conversao 1.0.0,22,ok
103730,per103730_1908_00018,2,0,0,,,triagem/nome-caixa-conversao 1.0.0,22,ok
103730,per103730_1908_00018,3,1,1,caixa do conver,29590,triagem/nome-caixa-conversao 1.0.0,22,ok
103730,per103730_1908_00018,4,0,0,,,triagem/nome-caixa-conversao 1.0.0,22,ok
103730,per103730_1908_00018,5,0,0,,,triagem/nome-caixa-conversao 1.0.0,22,ok
103730,per103730_1908_00018,6,0,0,,,triagem/nome-caixa-conversao 1.0.0,22,ok
103730,per103730_1908_00019,1,0,0,,,triagem/nome-caixa-conversao 1.0.0,22,ok
103730,per103730_1908_00019,2,0,0,,,triagem/nome-caixa-conversao 1.0.0,22,ok
103730,per103730_1908_00019,3,0,0,,,triagem/nome-caixa-conversao 1.0.0,22,ok
103730,per103730_1908_00019,4,0,0,,,triagem/nome-caixa-conversao 1.0.0,22,ok
103730,per103730_1908_00019,5,1,1,caixa de conver,23197,triagem/nome-caixa-conversao 1.0.0,22,ok
103730,per103730_1908_00019,6,0,0,,,triagem/nome-caixa-conversao 1.0.0,22,ok
103730,per103730_1908_00019,7,0,0,,,triagem/nome-caixa-conversao 1.0.0,22,ok
103730,per103730_1908_00019,8,0,0,,,triagem/nome-caixa-conversao 1.0.0,22,ok
103730,per103730_1908_00019,9,0,0,,,triagem/nome-caixa-conversao 1.0.0,22,ok
103730,per103730_1908_00019,10,0,0,,,triagem/nome-caixa-conversao 1.0.0,22,ok
103730,per103730_1908_00020,1,0,0,,,triagem/nome-caixa-conversao 1.0.0,22,ok
103730,per103730_1908_00020,2,0,0,,,triagem/nome-caixa-conversao 1.0.0,22,ok
103730,per103730_1908_00020,3,0,0,,,triagem/nome-caixa-conversao 1.0.0,22,ok
103730,per103730_1908_00020,4,1,1,caixa do conver,17137,triagem/nome-caixa-conversao 1.0.0,22,ok
103730,per103730_1908_00020,5,1,4,caixa de conver,35685,triagem/nome-caixa-conversao 1.0.0,22,ok
103730,per103730_1908_00020,6,0,0,,,triagem/nome-caixa-conversao 1.0.0,22,ok
103730,per103730_1908_00021,1,0,0,,,triagem/nome-caixa-conversao 1.0.0,22,ok
103730,per103730_1908_00021,2,0,0,,,triagem/nome-caixa-conversao 1.0.0,22,ok
103730,per103730_1908_00021,3,0,0,,,triagem/nome-caixa-conversao 1.0.0,22,ok
103730,per103730_1908_00021,4,0,0,,,triagem/nome-caixa-conversao 1.0.0,22,ok
103730,per103730_1908_00022,1,0,0,,,triagem/nome-caixa-conversao 1.0.0,22,ok
103730,per103730_1908_00022,2,0,0,,,triagem/nome-caixa-conversao 1.0.0,22,ok
103730,per103730_1908_00022,3,0,0,,,triagem/nome-caixa-conversao 1.0.0,22,ok
103730,per103730_1908_00022,4,0,0,,,triagem/nome-caixa-conversao 1.0.0,22,ok
103730,per103730_1908_00022,5,0,0,,,triagem/nome-caixa-conversao 1.0.0,22,ok
103730,per103730_1908_00022,6,0,0,,,triagem/nome-caixa-conversao 1.0.0,22,ok
103730,per103730_1908_00023,1,0,0,,,triagem/nome-caixa-conversao 1.0.0,22,ok
103730,per103730_1908_00023,2,1,1,caixade conver,42411,triagem/nome-caixa-conversao 1.0.0,22,ok
103730,per103730_1908_00023,3,0,0,,,triagem/nome-caixa-conversao 1.0.0,22,ok
103730,per103730_1908_00023,4,0,0,,,triagem/nome-caixa-conversao 1.0.0,22,ok
103730,per103730_1908_00023,5,0,0,,,triagem/nome-caixa-conversao 1.0.0,22,ok
103730,per103730_1908_00023,6,0,0,,,triagem/nome-caixa-conversao 1.0.0,22,ok
103730,per103730_1908_00023,7,0,0,,,triagem/nome-caixa-conversao 1.0.0,22,ok
103730,per103730_1908_00023,8,0,0,,,triagem/nome-caixa-conversao 1.0.0,22,ok
103730,per103730_1908_00024,1,0,0,,,triagem/nome-caixa-conversao 1.0.0,22,ok
103730,per103730_1908_00024,2,0,0,,,triagem/nome-caixa-conversao 1.0.0,22,ok
103730,per103730_1908_00024,3,1,1,caixa do conver,37288,triagem/nome-caixa-conversao 1.0.0,22,ok
103730,per103730_1908_00024,4,0,0,,,triagem/nome-caixa-conversao 1.0.0,22,ok
103730,per103730_1908_00024,5,0,0,,,triagem/nome-caixa-conversao 1.0.0,22,ok
103730,per103730_1908_00024,6,0,0,,,triagem/nome-caixa-conversao 1.0.0,22,ok
103730,per103730_1908_00025,1,0,0,,,triagem/nome-caixa-conversao 1.0.0,22,ok
103730,per103730_1908_00025,2,0,0,,,triagem/nome-caixa-conversao 1.0.0,22,ok
103730,per103730_1908_00025,3,0,0,,,triagem/nome-caixa-conversao 1.0.0,22,ok
103730,per103730_1908_00025,4,0,0,,,triagem/nome-caixa-conversao 1.0.0,22,ok
103730,per103730_1908_00025,5,0,0,,,triagem/nome-caixa-conversao 1.0.0,22,ok
103730,per103730_1908_00025,6,0,0,,,triagem/nome-caixa-conversao 1.0.0,22,ok
103730,per103730_1908_00026,1,0,0,,,triagem/nome-caixa-conversao 1.0.0,22,ok
103730,per103730_1908_00026,2,0,0,,,triagem/nome-caixa-conversao 1.0.0,22,ok
103730,per103730_1908_00026,3,0,0,,,triagem/nome-caixa-conversao 1.0.0,22,ok
103730,per103730_1908_00026,4,0,0,,,triagem/nome-caixa-conversao 1.0.0,22,ok
103730,per103730_1908_00026,5,1,1,caixa de conver,19550,triagem/nome-caixa-conversao 1.0.0,22,ok
103730,per103730_1908_00026,6,0,0,,,triagem/nome-caixa-conversao 1.0.0,22,ok
103730,per103730_1908_00026,7,0,0,,,triagem/nome-caixa-conversao 1.0.0,22,ok
103730,per103730_1908_00026,8,0,0,,,triagem/nome-caixa-conversao 1.0.0,22,ok
103730,per103730_1908_00026,9,0,0,,,triagem/nome-caixa-conversao 1.0.0,22,ok
103730,per103730_1908_00026,10,0,0,,,triagem/nome-caixa-conversao 1.0.0,22,ok
103730,per103730_1908_00027,1,0,0,,,triagem/nome-caixa-conversao 1.0.0,22,ok
103730,per103730_1908_00027,2,0,0,,,triagem/nome-caixa-conversao 1.0.0,22,ok
103730,per103730_1908_00027,3,0,0,,,triagem/nome-caixa-conversao 1.0.0,22,ok
103730,per103730_1908_00027,4,0,0,,,triagem/nome-caixa-conversao 1.0.0,22,ok
103730,per103730_1908_00028,1,0,0,,,triagem/nome-caixa-conversao 1.0.0,22,ok
103730,per103730_1908_00028,2,0,0,,,triagem/nome-caixa-conversao 1.0.0,22,ok
103730,per103730_1908_00028,3,0,0,,,triagem/nome-caixa-conversao 1.0.0,22,ok
103730,per103730_1908_00028,4,0,0,,,triagem/nome-caixa-conversao 1.0.0,22,ok
103730,per103730_1908_00028,5,0,0,,,triagem/nome-caixa-conversao 1.0.0,22,ok
103730,per103730_1908_00028,6,0,0,,,triagem/nome-caixa-conversao 1.0.0,22,ok
103730,per103730_1908_00029,1,0,0,,,triagem/nome-caixa-conversao 1.0.0,22,ok
103730,per103730_1908_00029,2,0,0,,,triagem/nome-caixa-conversao 1.0.0,22,ok
103730,per103730_1908_00029,3,0,0,,,triagem/nome-caixa-conversao 1.0.0,22,ok
103730,per103730_1908_00029,4,0,0,,,triagem/nome-caixa-conversao 1.0.0,22,ok
103730,per103730_1908_00029,5,0,0,,,triagem/nome-caixa-conversao 1.0.0,22,ok
103730,per103730_1908_00029,6,0,0,,,triagem/nome-caixa-conversao 1.0.0,22,ok
103730,per103730_1908_00030,1,1,1,caixa de conver,22817,triagem/nome-caixa-conversao 1.0.0,22,ok
103730,per103730_1908_00030,2,0,0,,,triagem/nome-caixa-conversao 1.0.0,22,ok
103730,per103730_1908_00030,3,0,0,,,triagem/nome-caixa-conversao 1.0.0,22,ok
103730,per103730_1908_00030,4,0,0,,,triagem/nome-caixa-conversao 1.0.0,22,ok
103730,per103730_1908_00030,5,0,0,,,triagem/nome-caixa-conversao 1.0.0,22,ok
103730,per103730_1908_00030,6,0,0,,,triagem/nome-caixa-conversao 1.0.0,22,ok
103730,per103730_1908_00031,1,0,0,,,triagem/nome-caixa-conversao 1.0.0,22,ok
103730,per103730_1908_00031,2,0,0,,,triagem/nome-caixa-conversao 1.0.0,22,ok
103730,per103730_1908_00031,3,1,1,caixa de conver,56960,triagem/nome-caixa-conversao 1.0.0,22,ok
103730,per103730_1908_00031,4,0,0,,,triagem/nome-caixa-conversao 1.0.0,22,ok
103730,per103730_1908_00031,5,0,0,,,triagem/nome-caixa-conversao 1.0.0,22,ok
103730,per103730_1908_00031,6,0,0,,,triagem/nome-caixa-conversao 1.0.0,22,ok
103730,per103730_1908_00032,1,0,0,,,triagem/nome-caixa-conversao 1.0.0,22,ok
103730,per103730_1908_00032,2,1,1,caixa deconver,52900,triagem/nome-caixa-conversao 1.0.0,22,ok
103730,per103730_1908_00032,3,0,0,,,triagem/nome-caixa-conversao 1.0.0,22,ok
103730,per103730_1908_00032,4,0,0,,,triagem/nome-caixa-conversao 1.0.0,22,ok
103730,per103730_1908_00032,5,0,0,,,triagem/nome-caixa-conversao 1.0.0,22,ok
103730,per103730_1908_00032,6,0,0,,,triagem/nome-caixa-conversao 1.0.0,22,ok
103730,per103730_1908_00033,1,0,0,,,triagem/nome-caixa-conversao 1.0.0,22,ok
103730,per103730_1908_00033,2,0,0,,,triagem/nome-caixa-conversao 1.0.0,22,ok
103730,per103730_1908_00033,3,0,0,,,triagem/nome-caixa-conversao 1.0.0,22,ok
103730,per103730_1908_00033,4,0,0,,,triagem/nome-caixa-conversao 1.0.0,22,ok
103730,per103730_1908_00033,5,0,0,,,triagem/nome-caixa-conversao 1.0.0,22,ok
103730,per103730_1908_00033,6,0,0,,,triagem/nome-caixa-conversao 1.0.0,22,ok
103730,per103730_1908_00033,7,0,0,,,triagem/nome-caixa-conversao 1.0.0,22,ok
103730,per103730_1908_00033,8,0,0,,,triagem/nome-caixa-conversao 1.0.0,22,ok
103730,per103730_1908_00033,9,0,0,,,triagem/nome-caixa-conversao 1.0.0,22,ok
103730,per103730_1908_00033,10,0,0,,,triagem/nome-caixa-conversao 1.0.0,22,ok
103730,per103730_1908_00034,1,0,0,,,triagem/nome-caixa-conversao 1.0.0,22,ok
103730,per103730_1908_00034,2,0,0,,,triagem/nome-caixa-conversao 1.0.0,22,ok
103730,per103730_1908_00034,3,0,0,,,triagem/nome-caixa-conversao 1.0.0,22,ok
103730,per103730_1908_00034,4,0,0,,,triagem/nome-caixa-conversao 1.0.0,22,ok
103730,per103730_1908_00034,5,0,0,,,triagem/nome-caixa-conversao 1.0.0,22,ok
103730,per103730_1908_00034,6,0,0,,,triagem/nome-caixa-conversao 1.0.0,22,ok
103730,per103730_1908_00035,1,0,0,,,triagem/nome-caixa-conversao 1.0.0,22,ok
103730,per103730_1908_00035,2,0,0,,,triagem/nome-caixa-conversao 1.0.0,22,ok
103730,per103730_1908_00035,3,0,0,,,triagem/nome-caixa-conversao 1.0.0,22,ok
103730,per103730_1908_00035,4,0,0,,,triagem/nome-caixa-conversao 1.0.0,22,ok
103730,per103730_1908_00035,5,0,0,,,triagem/nome-caixa-conversao 1.0.0,22,ok
103730,per103730_1908_00035,6,0,0,,,triagem/nome-caixa-conversao 1.0.0,22,ok
103730,per103730_1908_00036,1,0,0,,,triagem/nome-caixa-conversao 1.0.0,22,ok
103730,per103730_1908_00036,2,0,0,,,triagem/nome-caixa-conversao 1.0.0,22,ok
103730,per103730_1908_00036,3,0,0,,,triagem/nome-caixa-conversao 1.0.0,22,ok
103730,per103730_1908_00036,4,0,0,,,triagem/nome-caixa-conversao 1.0.0,22,ok
103730,per103730_1908_00036,5,0,0,,,triagem/nome-caixa-conversao 1.0.0,22,ok
103730,per103730_1908_00036,6,0,0,,,triagem/nome-caixa-conversao 1.0.0,22,ok
103730,per103730_1908_00037,1,0,0,,,triagem/nome-caixa-conversao 1.0.0,22,ok
103730,per103730_1908_00037,2,0,0,,,triagem/nome-caixa-conversao 1.0.0,22,ok
103730,per103730_1908_00037,3,0,0,,,triagem/nome-caixa-conversao 1.0.0,22,ok
103730,per103730_1908_00037,4,0,0,,,triagem/nome-caixa-conversao 1.0.0,22,ok
103730,per103730_1908_00037,5,0,0,,,triagem/nome-caixa-conversao 1.0.0,22,ok
103730,per103730_1908_00037,6,0,0,,,triagem/nome-caixa-conversao 1.0.0,22,ok
103730,per103730_1908_00037,7,0,0,,,triagem/nome-caixa-conversao 1.0.0,22,ok
103730,per103730_1908_00037,8,0,0,,,triagem/nome-caixa-conversao 1.0.0,22,ok
103730,per103730_1908_00038,1,0,0,,,triagem/nome-caixa-conversao 1.0.0,22,ok
103730,per103730_1908_00038,2,1,1,caixa do conver,42784,triagem/nome-caixa-conversao 1.0.0,22,ok
103730,per103730_1908_00038,3,0,0,,,triagem/nome-caixa-conversao 1.0.0,22,ok
103730,per103730_1908_00038,4,0,0,,,triagem/nome-caixa-conversao 1.0.0,22,ok
103730,per103730_1908_00038,5,0,0,,,triagem/nome-caixa-conversao 1.0.0,22,ok
103730,per103730_1908_00038,6,0,0,,,triagem/nome-caixa-conversao 1.0.0,22,ok
103730,per103730_1908_00039,1,0,0,,,triagem/nome-caixa-conversao 1.0.0,22,ok
103730,per103730_1908_00039,2,0,0,,,triagem/nome-caixa-conversao 1.0.0,22,ok
103730,per103730_1908_00039,3,0,0,,,triagem/nome-caixa-conversao 1.0.0,22,ok
103730,per103730_1908_00039,4,0,0,,,triagem/nome-caixa-conversao 1.0.0,22,ok
103730,per103730_1908_00039,5,0,0,,,triagem/nome-caixa-conversao 1.0.0,22,ok
103730,per103730_1908_00039,6,0,0,,,triagem/nome-caixa-conversao 1.0.0,22,ok
103730,per103730_1908_00039,7,0,0,,,triagem/nome-caixa-conversao 1.0.0,22,ok
103730,per103730_1908_00039,8,0,0,,,triagem/nome-caixa-conversao 1.0.0,22,ok
103730,per103730_1908_00039,9,1,1,caixa de conver,27004,triagem/nome-caixa-conversao 1.0.0,22,ok
103730,per103730_1908_00039,10,0,0,,,triagem/nome-caixa-conversao 1.0.0,22,ok
103730,per103730_1908_00039,11,0,0,,,triagem/nome-caixa-conversao 1.0.0,22,ok
103730,per103730_1908_00039,12,0,0,,,triagem/nome-caixa-conversao 1.0.0,22,ok
103730,per103730_1908_00039,13,0,0,,,triagem/nome-caixa-conversao 1.0.0,22,ok
103730,per103730_1908_00039,14,0,0,,,triagem/nome-caixa-conversao 1.0.0,22,ok
103730,per103730_1908_00039,15,0,0,,,triagem/nome-caixa-conversao 1.0.0,22,ok
103730,per103730_1908_00039,16,0,0,,,triagem/nome-caixa-conversao 1.0.0,22,ok
103730,per103730_1908_00041,1,0,0,,,triagem/nome-caixa-conversao 1.0.0,22,ok
103730,per103730_1908_00041,2,0,0,,,triagem/nome-caixa-conversao 1.0.0,22,ok
103730,per103730_1908_00041,3,0,0,,,triagem/nome-caixa-conversao 1.0.0,22,ok
103730,per103730_1908_00041,4,0,0,,,triagem/nome-caixa-conversao 1.0.0,22,ok
103730,per103730_1908_00041,5,0,0,,,triagem/nome-caixa-conversao 1.0.0,22,ok
103730,per103730_1908_00041,6,0,0,,,triagem/nome-caixa-conversao 1.0.0,22,ok
103730,per103730_1908_00042,1,1,1,caixa dc conver,29587,triagem/nome-caixa-conversao 1.0.0,22,ok
103730,per103730_1908_00042,2,0,0,,,triagem/nome-caixa-conversao 1.0.0,22,ok
103730,per103730_1908_00042,3,0,0,,,triagem/nome-caixa-conversao 1.0.0,22,ok
103730,per103730_1908_00042,4,0,0,,,triagem/nome-caixa-conversao 1.0.0,22,ok
103730,per103730_1908_00042,5,0,0,,,triagem/nome-caixa-conversao 1.0.0,22,ok
103730,per103730_1908_00042,6,0,0,,,triagem/nome-caixa-conversao 1.0.0,22,ok
103730,per103730_1908_00043,1,0,0,,,triagem/nome-caixa-conversao 1.0.0,22,ok
103730,per103730_1908_00043,2,1,1,caixa deconver,20988,triagem/nome-caixa-conversao 1.0.0,22,ok
103730,per103730_1908_00043,3,0,0,,,triagem/nome-caixa-conversao 1.0.0,22,ok
103730,per103730_1908_00043,4,0,0,,,triagem/nome-caixa-conversao 1.0.0,22,ok
103730,per103730_1908_00043,5,0,0,,,triagem/nome-caixa-conversao 1.0.0,22,ok
103730,per103730_1908_00043,6,0,0,,,triagem/nome-caixa-conversao 1.0.0,22,ok
103730,per103730_1908_00044,1,0,0,,,triagem/nome-caixa-conversao 1.0.0,22,ok
103730,per103730_1908_00044,2,0,0,,,triagem/nome-caixa-conversao 1.0.0,22,ok
103730,per103730_1908_00044,3,0,0,,,triagem/nome-caixa-conversao 1.0.0,22,ok
103730,per103730_1908_00044,4,0,0,,,triagem/nome-caixa-conversao 1.0.0,22,ok
103730,per103730_1908_00044,5,0,0,,,triagem/nome-caixa-conversao 1.0.0,22,ok
103730,per103730_1908_00044,6,0,0,,,triagem/nome-caixa-conversao 1.0.0,22,ok
103730,per103730_1908_00044,7,0,0,,,triagem/nome-caixa-conversao 1.0.0,22,ok
103730,per103730_1908_00044,8,0,0,,,triagem/nome-caixa-conversao 1.0.0,22,ok
103730,per103730_1908_00044,9,0,0,,,triagem/nome-caixa-conversao 1.0.0,22,ok
103730,per103730_1908_00044,10,0,0,,,triagem/nome-caixa-conversao 1.0.0,22,ok
103730,per103730_1908_00045,1,0,0,,,triagem/nome-caixa-conversao 1.0.0,22,ok
103730,per103730_1908_00045,2,0,0,,,triagem/nome-caixa-conversao 1.0.0,22,ok
103730,per103730_1908_00045,3,0,0,,,triagem/nome-caixa-conversao 1.0.0,22,ok
103730,per103730_1908_00045,4,0,0,,,triagem/nome-caixa-conversao 1.0.0,22,ok
103730,per103730_1908_00045,5,0,0,,,triagem/nome-caixa-conversao 1.0.0,22,ok
103730,per103730_1908_00045,6,0,0,,,triagem/nome-caixa-conversao 1.0.0,22,ok
103730,per103730_1908_00046,1,0,0,,,triagem/nome-caixa-conversao 1.0.0,22,ok
103730,per103730_1908_00046,2,0,0,,,triagem/nome-caixa-conversao 1.0.0,22,ok
103730,per103730_1908_00046,3,0,0,,,triagem/nome-caixa-conversao 1.0.0,22,ok
103730,per103730_1908_00046,4,0,0,,,triagem/nome-caixa-conversao 1.0.0,22,ok
103730,per103730_1908_00046,5,0,0,,,triagem/nome-caixa-conversao 1.0.0,22,ok
103730,per103730_1908_00046,6,0,0,,,triagem/nome-caixa-conversao 1.0.0,22,ok
103730,per103730_1908_00047,1,0,0,,,triagem/nome-caixa-conversao 1.0.0,22,ok
103730,per103730_1908_00047,2,0,0,,,triagem/nome-caixa-conversao 1.0.0,22,ok
103730,per103730_1908_00047,3,0,0,,,triagem/nome-caixa-conversao 1.0.0,22,ok
103730,per103730_1908_00047,4,0,0,,,triagem/nome-caixa-conversao 1.0.0,22,ok
103730,per103730_1908_00047,5,0,0,,,triagem/nome-caixa-conversao 1.0.0,22,ok
103730,per103730_1908_00047,6,0,0,,,triagem/nome-caixa-conversao 1.0.0,22,ok
103730,per103730_1908_00047,7,0,0,,,triagem/nome-caixa-conversao 1.0.0,22,ok
103730,per103730_1908_00047,8,0,0,,,triagem/nome-caixa-conversao 1.0.0,22,ok
103730,per103730_1908_00047,9,0,0,,,triagem/nome-caixa-conversao 1.0.0,22,ok
103730,per103730_1908_00047,10,0,0,,,triagem/nome-caixa-conversao 1.0.0,22,ok
103730,per103730_1908_00048,1,0,0,,,triagem/nome-caixa-conversao 1.0.0,22,ok
103730,per103730_1908_00048,2,0,0,,,triagem/nome-caixa-conversao 1.0.0,22,ok
103730,per103730_1908_00048,3,0,0,,,triagem/nome-caixa-conversao 1.0.0,22,ok
103730,per103730_1908_00048,4,0,0,,,triagem/nome-caixa-conversao 1.0.0,22,ok
103730,per103730_1908_00048,5,0,0,,,triagem/nome-caixa-conversao 1.0.0,22,ok
103730,per103730_1908_00048,6,0,0,,,triagem/nome-caixa-conversao 1.0.0,22,ok
103730,per103730_1908_00049,1,0,0,,,triagem/nome-caixa-conversao 1.0.0,22,ok
103730,per103730_1908_00049,2,0,0,,,triagem/nome-caixa-conversao 1.0.0,22,ok
103730,per103730_1908_00049,3,0,0,,,triagem/nome-caixa-conversao 1.0.0,22,ok
103730,per103730_1908_00049,4,0,0,,,triagem/nome-caixa-conversao 1.0.0,22,ok
103730,per103730_1908_00049,5,0,0,,,triagem/nome-caixa-conversao 1.0.0,22,ok
103730,per103730_1908_00049,6,0,0,,,triagem/nome-caixa-conversao 1.0.0,22,ok
103730,per103730_1908_00050,1,0,0,,,triagem/nome-caixa-conversao 1.0.0,22,ok
103730,per103730_1908_00050,2,0,0,,,triagem/nome-caixa-conversao 1.0.0,22,ok
103730,per103730_1908_00050,3,0,0,,,triagem/nome-caixa-conversao 1.0.0,22,ok
103730,per103730_1908_00050,4,0,0,,,triagem/nome-caixa-conversao 1.0.0,22,ok
103730,per103730_1908_00050,5,0,0,,,triagem/nome-caixa-conversao 1.0.0,22,ok
103730,per103730_1908_00050,6,0,0,,,triagem/nome-caixa-conversao 1.0.0,22,ok
103730,per103730_1908_00051,1,0,0,,,triagem/nome-caixa-conversao 1.0.0,22,ok
103730,per103730_1908_00051,2,0,0,,,triagem/nome-caixa-conversao 1.0.0,22,ok
103730,per103730_1908_00051,3,0,0,,,triagem/nome-caixa-conversao 1.0.0,22,ok
103730,per103730_1908_00051,4,0,0,,,triagem/nome-caixa-conversao 1.0.0,22,ok
103730,per103730_1908_00051,5,0,0,,,triagem/nome-caixa-conversao 1.0.0,22,ok
103730,per103730_1908_00051,6,0,0,,,triagem/nome-caixa-conversao 1.0.0,22,ok
103730,per103730_1908_00052,1,0,0,,,triagem/nome-caixa-conversao 1.0.0,22,ok
103730,per103730_1908_00052,2,0,0,,,triagem/nome-caixa-conversao 1.0.0,22,ok
103730,per103730_1908_00052,3,0,0,,,triagem/nome-caixa-conversao 1.0.0,22,ok
103730,per103730_1908_00052,4,0,0,,,triagem/nome-caixa-conversao 1.0.0,22,ok
103730,per103730_1908_00052,5,0,0,,,triagem/nome-caixa-conversao 1.0.0,22,ok
103730,per103730_1908_00052,6,0,0,,,triagem/nome-caixa-conversao 1.0.0,22,ok
103730,per103730_1908_00053,1,0,0,,,triagem/nome-caixa-conversao 1.0.0,22,ok
103730,per103730_1908_00053,2,0,0,,,triagem/nome-caixa-conversao 1.0.0,22,ok
103730,per103730_1908_00053,3,0,0,,,triagem/nome-caixa-conversao 1.0.0,22,ok
103730,per103730_1908_00053,4,0,0,,,triagem/nome-caixa-conversao 1.0.0,22,ok
103730,per103730_1908_00053,5,0,0,,,triagem/nome-caixa-conversao 1.0.0,22,ok
103730,per103730_1908_00053,6,0,0,,,triagem/nome-caixa-conversao 1.0.0,22,ok
103730,per103730_1908_00054,1,0,0,,,triagem/nome-caixa-conversao 1.0.0,22,ok
103730,per103730_1908_00054,2,0,0,,,triagem/nome-caixa-conversao 1.0.0,22,ok
103730,per103730_1908_00054,3,0,0,,,triagem/nome-caixa-conversao 1.0.0,22,ok
103730,per103730_1908_00054,4,0,0,,,triagem/nome-caixa-conversao 1.0.0,22,ok
103730,per103730_1908_00054,5,1,2,caixa de conver,11339,triagem/nome-caixa-conversao 1.0.0,22,ok
103730,per103730_1908_00054,6,0,0,,,triagem/nome-caixa-conversao 1.0.0,22,ok
103730,per103730_1908_00054,7,0,0,,,triagem/nome-caixa-conversao 1.0.0,22,ok
103730,per103730_1908_00054,8,0,0,,,triagem/nome-caixa-conversao 1.0.0,22,ok
103730,per103730_1908_00054,9,0,0,,,triagem/nome-caixa-conversao 1.0.0,22,ok
103730,per103730_1908_00054,10,0,0,,,triagem/nome-caixa-conversao 1.0.0,22,ok
103730,per103730_1908_00054,11,0,0,,,triagem/nome-caixa-conversao 1.0.0,22,ok
103730,per103730_1908_00054,12,0,0,,,triagem/nome-caixa-conversao 1.0.0,22,ok
103730,per103730_1908_00055,1,0,0,,,triagem/nome-caixa-conversao 1.0.0,22,ok
103730,per103730_1908_00055,2,0,0,,,triagem/nome-caixa-conversao 1.0.0,22,ok
103730,per103730_1908_00055,3,0,0,,,triagem/nome-caixa-conversao 1.0.0,22,ok
103730,per103730_1908_00055,4,0,0,,,triagem/nome-caixa-conversao 1.0.0,22,ok
103730,per103730_1908_00056,1,0,0,,,triagem/nome-caixa-conversao 1.0.0,22,ok
103730,per103730_1908_00056,2,0,0,,,triagem/nome-caixa-conversao 1.0.0,22,ok
103730,per103730_1908_00056,3,0,0,,,triagem/nome-caixa-conversao 1.0.0,22,ok
103730,per103730_1908_00056,4,0,0,,,triagem/nome-caixa-conversao 1.0.0,22,ok
103730,per103730_1908_00056,5,0,0,,,triagem/nome-caixa-conversao 1.0.0,22,ok
103730,per103730_1908_00056,6,0,0,,,triagem/nome-caixa-conversao 1.0.0,22,ok
103730,per103730_1908_00057,1,1,1,caixa do conver,8368,triagem/nome-caixa-conversao 1.0.0,22,ok
103730,per103730_1908_00057,2,0,0,,,triagem/nome-caixa-conversao 1.0.0,22,ok
103730,per103730_1908_00057,3,0,0,,,triagem/nome-caixa-conversao 1.0.0,22,ok
103730,per103730_1908_00057,4,0,0,,,triagem/nome-caixa-conversao 1.0.0,22,ok
103730,per103730_1908_00057,5,0,0,,,triagem/nome-caixa-conversao 1.0.0,22,ok
103730,per103730_1908_00057,6,0,0,,,triagem/nome-caixa-conversao 1.0.0,22,ok
103730,per103730_1908_00058,1,0,0,,,triagem/nome-caixa-conversao 1.0.0,22,ok
103730,per103730_1908_00058,2,0,0,,,triagem/nome-caixa-conversao 1.0.0,22,ok
103730,per103730_1908_00058,3,0,0,,,triagem/nome-caixa-conversao 1.0.0,22,ok
103730,per103730_1908_00058,4,0,0,,,triagem/nome-caixa-conversao 1.0.0,22,ok
103730,per103730_1908_00058,5,0,0,,,triagem/nome-caixa-conversao 1.0.0,22,ok
103730,per103730_1908_00058,6,0,0,,,triagem/nome-caixa-conversao 1.0.0,22,ok
103730,per103730_1908_00059,1,0,0,,,triagem/nome-caixa-conversao 1.0.0,22,ok
103730,per103730_1908_00059,2,0,0,,,triagem/nome-caixa-conversao 1.0.0,22,ok
103730,per103730_1908_00059,3,0,0,,,triagem/nome-caixa-conversao 1.0.0,22,ok
103730,per103730_1908_00059,4,0,0,,,triagem/nome-caixa-conversao 1.0.0,22,ok
103730,per103730_1908_00059,5,0,0,,,triagem/nome-caixa-conversao 1.0.0,22,ok
103730,per103730_1908_00059,6,0,0,,,triagem/nome-caixa-conversao 1.0.0,22,ok
103730,per103730_1908_00060,1,0,0,,,triagem/nome-caixa-conversao 1.0.0,22,ok
103730,per103730_1908_00060,2,0,0,,,triagem/nome-caixa-conversao 1.0.0,22,ok
103730,per103730_1908_00060,3,0,0,,,triagem/nome-caixa-conversao 1.0.0,22,ok
103730,per103730_1908_00060,4,0,0,,,triagem/nome-caixa-conversao 1.0.0,22,ok
103730,per103730_1908_00060,5,0,0,,,triagem/nome-caixa-conversao 1.0.0,22,ok
103730,per103730_1908_00060,6,0,0,,,triagem/nome-caixa-conversao 1.0.0,22,ok
103730,per103730_1908_00061,1,0,0,,,triagem/nome-caixa-conversao 1.0.0,22,ok
103730,per103730_1908_00061,2,0,0,,,triagem/nome-caixa-conversao 1.0.0,22,ok
103730,per103730_1908_00061,3,0,0,,,triagem/nome-caixa-conversao 1.0.0,22,ok
103730,per103730_1908_00061,4,0,0,,,triagem/nome-caixa-conversao 1.0.0,22,ok
103730,per103730_1908_00061,5,0,0,,,triagem/nome-caixa-conversao 1.0.0,22,ok
103730,per103730_1908_00061,6,0,0,,,triagem/nome-caixa-conversao 1.0.0,22,ok
103730,per103730_1908_00061,7,1,1,caixa de conver,34312,triagem/nome-caixa-conversao 1.0.0,22,ok
103730,per103730_1908_00061,8,0,0,,,triagem/nome-caixa-conversao 1.0.0,22,ok
103730,per103730_1908_00061,9,0,0,,,triagem/nome-caixa-conversao 1.0.0,22,ok
103730,per103730_1908_00061,10,0,0,,,triagem/nome-caixa-conversao 1.0.0,22,ok
103730,per103730_1908_00062,1,0,0,,,triagem/nome-caixa-conversao 1.0.0,22,ok
103730,per103730_1908_00062,2,0,0,,,triagem/nome-caixa-conversao 1.0.0,22,ok
103730,per103730_1908_00062,3,0,0,,,triagem/nome-caixa-conversao 1.0.0,22,ok
103730,per103730_1908_00062,4,0,0,,,triagem/nome-caixa-conversao 1.0.0,22,ok
103730,per103730_1908_00063,1,0,0,,,triagem/nome-caixa-conversao 1.0.0,22,ok
103730,per103730_1908_00063,2,0,0,,,triagem/nome-caixa-conversao 1.0.0,22,ok
103730,per103730_1908_00063,3,0,0,,,triagem/nome-caixa-conversao 1.0.0,22,ok
103730,per103730_1908_00063,4,0,0,,,triagem/nome-caixa-conversao 1.0.0,22,ok
103730,per103730_1908_00063,5,0,0,,,triagem/nome-caixa-conversao 1.0.0,22,ok
103730,per103730_1908_00063,6,0,0,,,triagem/nome-caixa-conversao 1.0.0,22,ok
103730,per103730_1908_00064,1,0,0,,,triagem/nome-caixa-conversao 1.0.0,22,ok
103730,per103730_1908_00064,2,0,0,,,triagem/nome-caixa-conversao 1.0.0,22,ok
103730,per103730_1908_00064,3,0,0,,,triagem/nome-caixa-conversao 1.0.0,22,ok
103730,per103730_1908_00064,4,0,0,,,triagem/nome-caixa-conversao 1.0.0,22,ok
103730,per103730_1908_00065,1,0,0,,,triagem/nome-caixa-conversao 1.0.0,22,ok
103730,per103730_1908_00065,2,0,0,,,triagem/nome-caixa-conversao 1.0.0,22,ok
103730,per103730_1908_00065,3,0,0,,,triagem/nome-caixa-conversao 1.0.0,22,ok
103730,per103730_1908_00065,4,0,0,,,triagem/nome-caixa-conversao 1.0.0,22,ok
103730,per103730_1908_00065,5,0,0,,,triagem/nome-caixa-conversao 1.0.0,22,ok
103730,per103730_1908_00065,6,0,0,,,triagem/nome-caixa-conversao 1.0.0,22,ok
103730,per103730_1908_00066,1,1,1,caixa de conver,17748,triagem/nome-caixa-conversao 1.0.0,22,ok
103730,per103730_1908_00066,2,0,0,,,triagem/nome-caixa-conversao 1.0.0,22,ok
103730,per103730_1908_00066,3,0,0,,,triagem/nome-caixa-conversao 1.0.0,22,ok
103730,per103730_1908_00066,4,0,0,,,triagem/nome-caixa-conversao 1.0.0,22,ok
103730,per103730_1908_00066,5,0,0,,,triagem/nome-caixa-conversao 1.0.0,22,ok
103730,per103730_1908_00066,6,0,0,,,triagem/nome-caixa-conversao 1.0.0,22,ok
103730,per103730_1908_00067,1,1,1,caixa do conver,31611,triagem/nome-caixa-conversao 1.0.0,22,ok
103730,per103730_1908_00067,2,0,0,,,triagem/nome-caixa-conversao 1.0.0,22,ok
103730,per103730_1908_00067,3,0,0,,,triagem/nome-caixa-conversao 1.0.0,22,ok
103730,per103730_1908_00067,4,0,0,,,triagem/nome-caixa-conversao 1.0.0,22,ok
103730,per103730_1908_00067,5,0,0,,,triagem/nome-caixa-conversao 1.0.0,22,ok
103730,per103730_1908_00067,6,0,0,,,triagem/nome-caixa-conversao 1.0.0,22,ok
103730,per103730_1908_00068,1,0,0,,,triagem/nome-caixa-conversao 1.0.0,22,ok
103730,per103730_1908_00068,2,0,0,,,triagem/nome-caixa-conversao 1.0.0,22,ok
103730,per103730_1908_00068,3,0,0,,,triagem/nome-caixa-conversao 1.0.0,22,ok
103730,per103730_1908_00068,4,0,0,,,triagem/nome-caixa-conversao 1.0.0,22,ok
103730,per103730_1908_00068,5,1,1,caixa do conver,15975,triagem/nome-caixa-conversao 1.0.0,22,ok
103730,per103730_1908_00068,6,0,0,,,triagem/nome-caixa-conversao 1.0.0,22,ok
103730,per103730_1908_00068,7,0,0,,,triagem/nome-caixa-conversao 1.0.0,22,ok
103730,per103730_1908_00068,8,0,0,,,triagem/nome-caixa-conversao 1.0.0,22,ok
103730,per103730_1908_00068,9,0,0,,,triagem/nome-caixa-conversao 1.0.0,22,ok
103730,per103730_1908_00068,10,0,0,,,triagem/nome-caixa-conversao 1.0.0,22,ok
103730,per103730_1908_00068,11,0,0,,,triagem/nome-caixa-conversao 1.0.0,22,ok
103730,per103730_1908_00068,12,1,1,caixa dc conver,2447,triagem/nome-caixa-conversao 1.0.0,22,ok
103730,per103730_1908_00068,13,0,0,,,triagem/nome-caixa-conversao 1.0.0,22,ok
103730,per103730_1908_00068,14,0,0,,,triagem/nome-caixa-conversao 1.0.0,22,ok
103730,per103730_1908_00069,1,1,1,caixa de conver,19775,triagem/nome-caixa-conversao 1.0.0,22,ok
103730,per103730_1908_00069,2,0,0,,,triagem/nome-caixa-conversao 1.0.0,22,ok
103730,per103730_1908_00069,3,0,0,,,triagem/nome-caixa-conversao 1.0.0,22,ok
103730,per103730_1908_00069,4,0,0,,,triagem/nome-caixa-conversao 1.0.0,22,ok
103730,per103730_1908_00069,5,0,0,,,triagem/nome-caixa-conversao 1.0.0,22,ok
103730,per103730_1908_00069,6,0,0,,,triagem/nome-caixa-conversao 1.0.0,22,ok
103730,per103730_1908_00071,1,0,0,,,triagem/nome-caixa-conversao 1.0.0,22,ok
103730,per103730_1908_00071,2,1,1,caixa de conver,3801,triagem/nome-caixa-conversao 1.0.0,22,ok
103730,per103730_1908_00071,3,0,0,,,triagem/nome-caixa-conversao 1.0.0,22,ok
103730,per103730_1908_00071,4,0,0,,,triagem/nome-caixa-conversao 1.0.0,22,ok
103730,per103730_1908_00071,5,0,0,,,triagem/nome-caixa-conversao 1.0.0,22,ok
103730,per103730_1908_00071,6,0,0,,,triagem/nome-caixa-conversao 1.0.0,22,ok
103730,per103730_1908_00072,1,0,0,,,triagem/nome-caixa-conversao 1.0.0,22,ok
103730,per103730_1908_00072,2,0,0,,,triagem/nome-caixa-conversao 1.0.0,22,ok
103730,per103730_1908_00072,3,0,0,,,triagem/nome-caixa-conversao 1.0.0,22,ok
103730,per103730_1908_00072,4,0,0,,,triagem/nome-caixa-conversao 1.0.0,22,ok
103730,per103730_1908_00072,5,0,0,,,triagem/nome-caixa-conversao 1.0.0,22,ok
103730,per103730_1908_00072,6,0,0,,,triagem/nome-caixa-conversao 1.0.0,22,ok
103730,per103730_1908_00072,7,0,0,,,triagem/nome-caixa-conversao 1.0.0,22,ok
103730,per103730_1908_00072,8,0,0,,,triagem/nome-caixa-conversao 1.0.0,22,ok
103730,per103730_1908_00072,9,0,0,,,triagem/nome-caixa-conversao 1.0.0,22,ok
103730,per103730_1908_00072,10,0,0,,,triagem/nome-caixa-conversao 1.0.0,22,ok
103730,per103730_1908_00073,1,0,0,,,triagem/nome-caixa-conversao 1.0.0,22,ok
103730,per103730_1908_00073,2,0,0,,,triagem/nome-caixa-conversao 1.0.0,22,ok
103730,per103730_1908_00073,3,0,0,,,triagem/nome-caixa-conversao 1.0.0,22,ok
103730,per103730_1908_00073,4,0,0,,,triagem/nome-caixa-conversao 1.0.0,22,ok
103730,per103730_1908_00073,5,0,0,,,triagem/nome-caixa-conversao 1.0.0,22,ok
103730,per103730_1908_00073,6,0,0,,,triagem/nome-caixa-conversao 1.0.0,22,ok
103730,per103730_1908_00074,1,0,0,,,triagem/nome-caixa-conversao 1.0.0,22,ok
103730,per103730_1908_00074,2,0,0,,,triagem/nome-caixa-conversao 1.0.0,22,ok
103730,per103730_1908_00074,3,0,0,,,triagem/nome-caixa-conversao 1.0.0,22,ok
103730,per103730_1908_00074,4,0,0,,,triagem/nome-caixa-conversao 1.0.0,22,ok
103730,per103730_1908_00074,5,0,0,,,triagem/nome-caixa-conversao 1.0.0,22,ok
103730,per103730_1908_00074,6,0,0,,,triagem/nome-caixa-conversao 1.0.0,22,ok
103730,per103730_1908_00075,1,0,0,,,triagem/nome-caixa-conversao 1.0.0,22,ok
103730,per103730_1908_00075,2,0,0,,,triagem/nome-caixa-conversao 1.0.0,22,ok
103730,per103730_1908_00075,3,0,0,,,triagem/nome-caixa-conversao 1.0.0,22,ok
103730,per103730_1908_00075,4,0,0,,,triagem/nome-caixa-conversao 1.0.0,22,ok
103730,per103730_1908_00075,5,1,1,caixa de conver,10492,triagem/nome-caixa-conversao 1.0.0,22,ok
103730,per103730_1908_00075,6,0,0,,,triagem/nome-caixa-conversao 1.0.0,22,ok
103730,per103730_1908_00075,7,0,0,,,triagem/nome-caixa-conversao 1.0.0,22,ok
103730,per103730_1908_00075,8,0,0,,,triagem/nome-caixa-conversao 1.0.0,22,ok
103730,per103730_1908_00075,9,0,0,,,triagem/nome-caixa-conversao 1.0.0,22,ok
103730,per103730_1908_00075,10,0,0,,,triagem/nome-caixa-conversao 1.0.0,22,ok
103730,per103730_1908_00076,1,0,0,,,triagem/nome-caixa-conversao 1.0.0,22,ok
103730,per103730_1908_00076,2,0,0,,,triagem/nome-caixa-conversao 1.0.0,22,ok
103730,per103730_1908_00076,3,0,0,,,triagem/nome-caixa-conversao 1.0.0,22,ok
103730,per103730_1908_00076,4,0,0,,,triagem/nome-caixa-conversao 1.0.0,22,ok
103730,per103730_1908_00076,5,0,0,,,triagem/nome-caixa-conversao 1.0.0,22,ok
103730,per103730_1908_00076,6,0,0,,,triagem/nome-caixa-conversao 1.0.0,22,ok
103730,per103730_1908_00077,1,0,0,,,triagem/nome-caixa-conversao 1.0.0,22,ok
103730,per103730_1908_00077,2,0,0,,,triagem/nome-caixa-conversao 1.0.0,22,ok
103730,per103730_1908_00077,3,0,0,,,triagem/nome-caixa-conversao 1.0.0,22,ok
103730,per103730_1908_00077,4,0,0,,,triagem/nome-caixa-conversao 1.0.0,22,ok
103730,per103730_1908_00077,5,0,0,,,triagem/nome-caixa-conversao 1.0.0,22,ok
103730,per103730_1908_00077,6,0,0,,,triagem/nome-caixa-conversao 1.0.0,22,ok
103730,per103730_1908_00078,1,1,1,caixa dn conver,7599,triagem/nome-caixa-conversao 1.0.0,22,ok
103730,per103730_1908_00078,2,0,0,,,triagem/nome-caixa-conversao 1.0.0,22,ok
103730,per103730_1908_00078,3,0,0,,,triagem/nome-caixa-conversao 1.0.0,22,ok
103730,per103730_1908_00078,4,0,0,,,triagem/nome-caixa-conversao 1.0.0,22,ok
103730,per103730_1908_00078,5,0,0,,,triagem/nome-caixa-conversao 1.0.0,22,ok
103730,per103730_1908_00078,6,0,0,,,triagem/nome-caixa-conversao 1.0.0,22,ok
103730,per103730_1908_00079,1,0,0,,,triagem/nome-caixa-conversao 1.0.0,22,ok
103730,per103730_1908_00079,2,1,1,caixade conver,2209,triagem/nome-caixa-conversao 1.0.0,22,ok
103730,per103730_1908_00079,3,0,0,,,triagem/nome-caixa-conversao 1.0.0,22,ok
103730,per103730_1908_00079,4,0,0,,,triagem/nome-caixa-conversao 1.0.0,22,ok
103730,per103730_1908_00079,5,0,0,,,triagem/nome-caixa-conversao 1.0.0,22,ok
103730,per103730_1908_00079,6,0,0,,,triagem/nome-caixa-conversao 1.0.0,22,ok
103730,per103730_1908_00080,1,0,0,,,triagem/nome-caixa-conversao 1.0.0,22,ok
103730,per103730_1908_00080,2,0,0,,,triagem/nome-caixa-conversao 1.0.0,22,ok
103730,per103730_1908_00080,3,0,0,,,triagem/nome-caixa-conversao 1.0.0,22,ok
103730,per103730_1908_00080,4,0,0,,,triagem/nome-caixa-conversao 1.0.0,22,ok
103730,per103730_1908_00080,5,0,0,,,triagem/nome-caixa-conversao 1.0.0,22,ok
103730,per103730_1908_00080,6,0,0,,,triagem/nome-caixa-conversao 1.0.0,22,ok
103730,per103730_1908_00081,1,0,0,,,triagem/nome-caixa-conversao 1.0.0,22,ok
103730,per103730_1908_00081,2,0,0,,,triagem/nome-caixa-conversao 1.0.0,22,ok
103730,per103730_1908_00081,3,0,0,,,triagem/nome-caixa-conversao 1.0.0,22,ok
103730,per103730_1908_00081,4,0,0,,,triagem/nome-caixa-conversao 1.0.0,22,ok
103730,per103730_1908_00081,5,0,0,,,triagem/nome-caixa-conversao 1.0.0,22,ok
103730,per103730_1908_00081,6,0,0,,,triagem/nome-caixa-conversao 1.0.0,22,ok
103730,per103730_1908_00082,1,0,0,,,triagem/nome-caixa-conversao 1.0.0,22,ok
103730,per103730_1908_00082,2,0,0,,,triagem/nome-caixa-conversao 1.0.0,22,ok
103730,per103730_1908_00082,3,0,0,,,triagem/nome-caixa-conversao 1.0.0,22,ok
103730,per103730_1908_00082,4,0,0,,,triagem/nome-caixa-conversao 1.0.0,22,ok
103730,per103730_1908_00082,5,0,0,,,triagem/nome-caixa-conversao 1.0.0,22,ok
103730,per103730_1908_00082,6,0,0,,,triagem/nome-caixa-conversao 1.0.0,22,ok
103730,per103730_1908_00082,7,0,0,,,triagem/nome-caixa-conversao 1.0.0,22,ok
103730,per103730_1908_00082,8,0,0,,,triagem/nome-caixa-conversao 1.0.0,22,ok
103730,per103730_1908_00082,9,0,0,,,triagem/nome-caixa-conversao 1.0.0,22,ok
103730,per103730_1908_00082,10,0,0,,,triagem/nome-caixa-conversao 1.0.0,22,ok
103730,per103730_1908_00083,1,0,0,,,triagem/nome-caixa-conversao 1.0.0,22,ok
103730,per103730_1908_00083,2,0,0,,,triagem/nome-caixa-conversao 1.0.0,22,ok
103730,per103730_1908_00083,3,0,0,,,triagem/nome-caixa-conversao 1.0.0,22,ok
103730,per103730_1908_00083,4,0,0,,,triagem/nome-caixa-conversao 1.0.0,22,ok
103730,per103730_1908_00083,5,0,0,,,triagem/nome-caixa-conversao 1.0.0,22,ok
103730,per103730_1908_00083,6,0,0,,,triagem/nome-caixa-conversao 1.0.0,22,ok
103730,per103730_1908_00084,1,0,0,,,triagem/nome-caixa-conversao 1.0.0,22,ok
103730,per103730_1908_00084,2,0,0,,,triagem/nome-caixa-conversao 1.0.0,22,ok
103730,per103730_1908_00084,3,0,0,,,triagem/nome-caixa-conversao 1.0.0,22,ok
103730,per103730_1908_00084,4,0,0,,,triagem/nome-caixa-conversao 1.0.0,22,ok
103730,per103730_1908_00084,5,0,0,,,triagem/nome-caixa-conversao 1.0.0,22,ok
103730,per103730_1908_00084,6,0,0,,,triagem/nome-caixa-conversao 1.0.0,22,ok
103730,per103730_1908_00085,1,1,1,caixa de conver,11253,triagem/nome-caixa-conversao 1.0.0,22,ok
103730,per103730_1908_00085,2,0,0,,,triagem/nome-caixa-conversao 1.0.0,22,ok
103730,per103730_1908_00085,3,0,0,,,triagem/nome-caixa-conversao 1.0.0,22,ok
103730,per103730_1908_00085,4,0,0,,,triagem/nome-caixa-conversao 1.0.0,22,ok
103730,per103730_1908_00085,5,0,0,,,triagem/nome-caixa-conversao 1.0.0,22,ok
103730,per103730_1908_00085,6,0,0,,,triagem/nome-caixa-conversao 1.0.0,22,ok
103730,per103730_1908_00086,1,0,0,,,triagem/nome-caixa-conversao 1.0.0,22,ok
103730,per103730_1908_00086,2,1,1,caixa de conver,31908,triagem/nome-caixa-conversao 1.0.0,22,ok
103730,per103730_1908_00086,3,0,0,,,triagem/nome-caixa-conversao 1.0.0,22,ok
103730,per103730_1908_00086,4,0,0,,,triagem/nome-caixa-conversao 1.0.0,22,ok
103730,per103730_1908_00086,5,0,0,,,triagem/nome-caixa-conversao 1.0.0,22,ok
103730,per103730_1908_00086,6,0,0,,,triagem/nome-caixa-conversao 1.0.0,22,ok
103730,per103730_1908_00086,7,0,0,,,triagem/nome-caixa-conversao 1.0.0,22,ok
103730,per103730_1908_00086,8,0,0,,,triagem/nome-caixa-conversao 1.0.0,22,ok
103730,per103730_1908_00087,1,0,0,,,triagem/nome-caixa-conversao 1.0.0,22,ok
103730,per103730_1908_00087,2,1,1,caixa do conver,44726,triagem/nome-caixa-conversao 1.0.0,22,ok
103730,per103730_1908_00087,3,0,0,,,triagem/nome-caixa-conversao 1.0.0,22,ok
103730,per103730_1908_00087,4,0,0,,,triagem/nome-caixa-conversao 1.0.0,22,ok
103730,per103730_1908_00087,5,0,0,,,triagem/nome-caixa-conversao 1.0.0,22,ok
103730,per103730_1908_00087,6,0,0,,,triagem/nome-caixa-conversao 1.0.0,22,ok
103730,per103730_1908_00087,7,0,0,,,triagem/nome-caixa-conversao 1.0.0,22,ok
103730,per103730_1908_00087,8,0,0,,,triagem/nome-caixa-conversao 1.0.0,22,ok
103730,per103730_1908_00087,9,0,0,,,triagem/nome-caixa-conversao 1.0.0,22,ok
103730,per103730_1908_00087,10,0,0,,,triagem/nome-caixa-conversao 1.0.0,22,ok
103730,per103730_1908_00087,11,0,0,,,triagem/nome-caixa-conversao 1.0.0,22,ok
103730,per103730_1908_00087,12,0,0,,,triagem/nome-caixa-conversao 1.0.0,22,ok
103730,per103730_1908_00089,1,0,0,,,triagem/nome-caixa-conversao 1.0.0,22,ok
103730,per103730_1908_00089,2,0,0,,,triagem/nome-caixa-conversao 1.0.0,22,ok
103730,per103730_1908_00089,3,0,0,,,triagem/nome-caixa-conversao 1.0.0,22,ok
103730,per103730_1908_00089,4,0,0,,,triagem/nome-caixa-conversao 1.0.0,22,ok
103730,per103730_1908_00089,5,0,0,,,triagem/nome-caixa-conversao 1.0.0,22,ok
103730,per103730_1908_00089,6,0,0,,,triagem/nome-caixa-conversao 1.0.0,22,ok
103730,per103730_1908_00089,7,0,0,,,triagem/nome-caixa-conversao 1.0.0,22,ok
103730,per103730_1908_00089,8,0,0,,,triagem/nome-caixa-conversao 1.0.0,22,ok
103730,per103730_1908_00089,9,0,0,,,triagem/nome-caixa-conversao 1.0.0,22,ok
103730,per103730_1908_00089,10,0,0,,,triagem/nome-caixa-conversao 1.0.0,22,ok
103730,per103730_1908_00090,1,0,0,,,triagem/nome-caixa-conversao 1.0.0,22,ok
103730,per103730_1908_00090,2,0,0,,,triagem/nome-caixa-conversao 1.0.0,22,ok
103730,per103730_1908_00090,3,0,0,,,triagem/nome-caixa-conversao 1.0.0,22,ok
103730,per103730_1908_00090,4,0,0,,,triagem/nome-caixa-conversao 1.0.0,22,ok
103730,per103730_1908_00090,5,1,1,caixa de conver,46047,triagem/nome-caixa-conversao 1.0.0,22,ok
103730,per103730_1908_00090,6,0,0,,,triagem/nome-caixa-conversao 1.0.0,22,ok
103730,per103730_1908_00091,1,1,1,caixa do conver,9176,triagem/nome-caixa-conversao 1.0.0,22,ok
103730,per103730_1908_00091,2,0,0,,,triagem/nome-caixa-conversao 1.0.0,22,ok
103730,per103730_1908_00091,3,0,0,,,triagem/nome-caixa-conversao 1.0.0,22,ok
103730,per103730_1908_00091,4,0,0,,,triagem/nome-caixa-conversao 1.0.0,22,ok
103730,per103730_1908_00091,5,0,0,,,triagem/nome-caixa-conversao 1.0.0,22,ok
103730,per103730_1908_00091,6,0,0,,,triagem/nome-caixa-conversao 1.0.0,22,ok
103730,per103730_1908_00092,1,0,0,,,triagem/nome-caixa-conversao 1.0.0,22,ok
103730,per103730_1908_00092,2,0,0,,,triagem/nome-caixa-conversao 1.0.0,22,ok
103730,per103730_1908_00092,3,0,0,,,triagem/nome-caixa-conversao 1.0.0,22,ok
103730,per103730_1908_00092,4,0,0,,,triagem/nome-caixa-conversao 1.0.0,22,ok
103730,per103730_1908_00092,5,0,0,,,triagem/nome-caixa-conversao 1.0.0,22,ok
103730,per103730_1908_00092,6,0,0,,,triagem/nome-caixa-conversao 1.0.0,22,ok
103730,per103730_1908_00093,1,1,1,caixa de conver,11565,triagem/nome-caixa-conversao 1.0.0,22,ok
103730,per103730_1908_00093,2,0,0,,,triagem/nome-caixa-conversao 1.0.0,22,ok
103730,per103730_1908_00093,3,0,0,,,triagem/nome-caixa-conversao 1.0.0,22,ok
103730,per103730_1908_00093,4,0,0,,,triagem/nome-caixa-conversao 1.0.0,22,ok
103730,per103730_1908_00093,5,0,0,,,triagem/nome-caixa-conversao 1.0.0,22,ok
103730,per103730_1908_00093,6,0,0,,,triagem/nome-caixa-conversao 1.0.0,22,ok
103730,per103730_1908_00094,1,1,2,caixa dcconver,8515,triagem/nome-caixa-conversao 1.0.0,22,ok
103730,per103730_1908_00094,2,0,0,,,triagem/nome-caixa-conversao 1.0.0,22,ok
103730,per103730_1908_00094,3,0,0,,,triagem/nome-caixa-conversao 1.0.0,22,ok
103730,per103730_1908_00094,4,0,0,,,triagem/nome-caixa-conversao 1.0.0,22,ok
103730,per103730_1908_00094,5,0,0,,,triagem/nome-caixa-conversao 1.0.0,22,ok
103730,per103730_1908_00094,6,0,0,,,triagem/nome-caixa-conversao 1.0.0,22,ok
103730,per103730_1908_00095,1,1,1,caixa de conver,17254,triagem/nome-caixa-conversao 1.0.0,22,ok
103730,per103730_1908_00095,2,0,0,,,triagem/nome-caixa-conversao 1.0.0,22,ok
103730,per103730_1908_00095,3,0,0,,,triagem/nome-caixa-conversao 1.0.0,22,ok
103730,per103730_1908_00095,4,0,0,,,triagem/nome-caixa-conversao 1.0.0,22,ok
103730,per103730_1908_00095,5,0,0,,,triagem/nome-caixa-conversao 1.0.0,22,ok
103730,per103730_1908_00095,6,0,0,,,triagem/nome-caixa-conversao 1.0.0,22,ok
103730,per103730_1908_00096,1,0,0,,,triagem/nome-caixa-conversao 1.0.0,22,ok
103730,per103730_1908_00096,2,0,0,,,triagem/nome-caixa-conversao 1.0.0,22,ok
103730,per103730_1908_00096,3,0,0,,,triagem/nome-caixa-conversao 1.0.0,22,ok
103730,per103730_1908_00096,4,0,0,,,triagem/nome-caixa-conversao 1.0.0,22,ok
103730,per103730_1908_00096,5,0,0,,,triagem/nome-caixa-conversao 1.0.0,22,ok
103730,per103730_1908_00096,6,0,0,,,triagem/nome-caixa-conversao 1.0.0,22,ok
103730,per103730_1908_00096,7,0,0,,,triagem/nome-caixa-conversao 1.0.0,22,ok
103730,per103730_1908_00096,8,0,0,,,triagem/nome-caixa-conversao 1.0.0,22,ok
103730,per103730_1908_00096,9,0,0,,,triagem/nome-caixa-conversao 1.0.0,22,ok
103730,per103730_1908_00096,10,0,0,,,triagem/nome-caixa-conversao 1.0.0,22,ok
103730,per103730_1908_00096,11,0,0,,,triagem/nome-caixa-conversao 1.0.0,22,ok
103730,per103730_1908_00096,12,0,0,,,triagem/nome-caixa-conversao 1.0.0,22,ok
103730,per103730_1908_00097,1,1,1,caixade conver,18957,triagem/nome-caixa-conversao 1.0.0,22,ok
103730,per103730_1908_00097,2,0,0,,,triagem/nome-caixa-conversao 1.0.0,22,ok
103730,per103730_1908_00097,3,0,0,,,triagem/nome-caixa-conversao 1.0.0,22,ok
103730,per103730_1908_00097,4,0,0,,,triagem/nome-caixa-conversao 1.0.0,22,ok
103730,per103730_1908_00097,5,0,0,,,triagem/nome-caixa-conversao 1.0.0,22,ok
103730,per103730_1908_00097,6,0,0,,,triagem/nome-caixa-conversao 1.0.0,22,ok
103730,per103730_1908_00098,1,0,0,,,triagem/nome-caixa-conversao 1.0.0,22,ok
103730,per103730_1908_00098,2,0,0,,,triagem/nome-caixa-conversao 1.0.0,22,ok
103730,per103730_1908_00098,3,0,0,,,triagem/nome-caixa-conversao 1.0.0,22,ok
103730,per103730_1908_00098,4,0,0,,,triagem/nome-caixa-conversao 1.0.0,22,ok
103730,per103730_1908_00098,5,0,0,,,triagem/nome-caixa-conversao 1.0.0,22,ok
103730,per103730_1908_00098,6,0,0,,,triagem/nome-caixa-conversao 1.0.0,22,ok
103730,per103730_1908_00099,1,0,0,,,triagem/nome-caixa-conversao 1.0.0,22,ok
103730,per103730_1908_00099,2,0,0,,,triagem/nome-caixa-conversao 1.0.0,22,ok
103730,per103730_1908_00099,3,0,0,,,triagem/nome-caixa-conversao 1.0.0,22,ok
103730,per103730_1908_00099,4,0,0,,,triagem/nome-caixa-conversao 1.0.0,22,ok
103730,per103730_1908_00099,5,0,0,,,triagem/nome-caixa-conversao 1.0.0,22,ok
103730,per103730_1908_00099,6,0,0,,,triagem/nome-caixa-conversao 1.0.0,22,ok
103730,per103730_1908_00100,1,0,0,,,triagem/nome-caixa-conversao 1.0.0,22,ok
103730,per103730_1908_00100,2,0,0,,,triagem/nome-caixa-conversao 1.0.0,22,ok
103730,per103730_1908_00100,3,0,0,,,triagem/nome-caixa-conversao 1.0.0,22,ok
103730,per103730_1908_00100,4,0,0,,,triagem/nome-caixa-conversao 1.0.0,22,ok
103730,per103730_1908_00100,5,0,0,,,triagem/nome-caixa-conversao 1.0.0,22,ok
103730,per103730_1908_00100,6,0,0,,,triagem/nome-caixa-conversao 1.0.0,22,ok
103730,per103730_1908_00101,1,0,0,,,triagem/nome-caixa-conversao 1.0.0,22,ok
103730,per103730_1908_00101,2,0,0,,,triagem/nome-caixa-conversao 1.0.0,22,ok
103730,per103730_1908_00101,3,0,0,,,triagem/nome-caixa-conversao 1.0.0,22,ok
103730,per103730_1908_00101,4,1,1,caixa do conver,25874,triagem/nome-caixa-conversao 1.0.0,22,ok
103730,per103730_1908_00101,5,0,0,,,triagem/nome-caixa-conversao 1.0.0,22,ok
103730,per103730_1908_00101,6,0,0,,,triagem/nome-caixa-conversao 1.0.0,22,ok
103730,per103730_1908_00102,1,0,0,,,triagem/nome-caixa-conversao 1.0.0,22,ok
103730,per103730_1908_00102,2,0,0,,,triagem/nome-caixa-conversao 1.0.0,22,ok
103730,per103730_1908_00102,3,0,0,,,triagem/nome-caixa-conversao 1.0.0,22,ok
103730,per103730_1908_00102,4,0,0,,,triagem/nome-caixa-conversao 1.0.0,22,ok
103730,per103730_1908_00102,5,0,0,,,triagem/nome-caixa-conversao 1.0.0,22,ok
103730,per103730_1908_00102,6,0,0,,,triagem/nome-caixa-conversao 1.0.0,22,ok
103730,per103730_1908_00103,1,0,0,,,triagem/nome-caixa-conversao 1.0.0,22,ok
103730,per103730_1908_00103,2,0,0,,,triagem/nome-caixa-conversao 1.0.0,22,ok
103730,per103730_1908_00103,3,0,0,,,triagem/nome-caixa-conversao 1.0.0,22,ok
103730,per103730_1908_00103,4,0,0,,,triagem/nome-caixa-conversao 1.0.0,22,ok
103730,per103730_1908_00103,5,0,0,,,triagem/nome-caixa-conversao 1.0.0,22,ok
103730,per103730_1908_00103,6,0,0,,,triagem/nome-caixa-conversao 1.0.0,22,ok
103730,per103730_1908_00103,7,0,0,,,triagem/nome-caixa-conversao 1.0.0,22,ok
103730,per103730_1908_00103,8,0,0,,,triagem/nome-caixa-conversao 1.0.0,22,ok
103730,per103730_1908_00103,9,0,0,,,triagem/nome-caixa-conversao 1.0.0,22,ok
103730,per103730_1908_00103,10,0,0,,,triagem/nome-caixa-conversao 1.0.0,22,ok
103730,per103730_1908_00104,1,0,0,,,triagem/nome-caixa-conversao 1.0.0,22,ok
103730,per103730_1908_00104,2,0,0,,,triagem/nome-caixa-conversao 1.0.0,22,ok
103730,per103730_1908_00104,3,0,0,,,triagem/nome-caixa-conversao 1.0.0,22,ok
103730,per103730_1908_00104,4,0,0,,,triagem/nome-caixa-conversao 1.0.0,22,ok
103730,per103730_1908_00104,5,0,0,,,triagem/nome-caixa-conversao 1.0.0,22,ok
103730,per103730_1908_00104,6,0,0,,,triagem/nome-caixa-conversao 1.0.0,22,ok
103730,per103730_1908_00105,1,1,1,caixa de conver,18355,triagem/nome-caixa-conversao 1.0.0,22,ok
103730,per103730_1908_00105,2,0,0,,,triagem/nome-caixa-conversao 1.0.0,22,ok
103730,per103730_1908_00105,3,0,0,,,triagem/nome-caixa-conversao 1.0.0,22,ok
103730,per103730_1908_00105,4,0,0,,,triagem/nome-caixa-conversao 1.0.0,22,ok
103730,per103730_1908_00105,5,0,0,,,triagem/nome-caixa-conversao 1.0.0,22,ok
103730,per103730_1908_00105,6,0,0,,,triagem/nome-caixa-conversao 1.0.0,22,ok
103730,per103730_1908_00106,1,1,2,caixa dc conver,11481,triagem/nome-caixa-conversao 1.0.0,22,ok
103730,per103730_1908_00106,2,0,0,,,triagem/nome-caixa-conversao 1.0.0,22,ok
103730,per103730_1908_00106,3,0,0,,,triagem/nome-caixa-conversao 1.0.0,22,ok
103730,per103730_1908_00106,4,0,0,,,triagem/nome-caixa-conversao 1.0.0,22,ok
103730,per103730_1908_00106,5,0,0,,,triagem/nome-caixa-conversao 1.0.0,22,ok
103730,per103730_1908_00106,6,0,0,,,triagem/nome-caixa-conversao 1.0.0,22,ok
103730,per103730_1908_00107,1,1,1,caixa de conver,14638,triagem/nome-caixa-conversao 1.0.0,22,ok
103730,per103730_1908_00107,2,0,0,,,triagem/nome-caixa-conversao 1.0.0,22,ok
103730,per103730_1908_00107,3,0,0,,,triagem/nome-caixa-conversao 1.0.0,22,ok
103730,per103730_1908_00107,4,1,1,caixa de conver,6003,triagem/nome-caixa-conversao 1.0.0,22,ok
103730,per103730_1908_00107,5,0,0,,,triagem/nome-caixa-conversao 1.0.0,22,ok
103730,per103730_1908_00107,6,0,0,,,triagem/nome-caixa-conversao 1.0.0,22,ok
103730,per103730_1908_00108,1,0,0,,,triagem/nome-caixa-conversao 1.0.0,22,ok
103730,per103730_1908_00108,2,0,0,,,triagem/nome-caixa-conversao 1.0.0,22,ok
103730,per103730_1908_00108,3,0,0,,,triagem/nome-caixa-conversao 1.0.0,22,ok
103730,per103730_1908_00108,4,0,0,,,triagem/nome-caixa-conversao 1.0.0,22,ok
103730,per103730_1908_00108,5,0,0,,,triagem/nome-caixa-conversao 1.0.0,22,ok
103730,per103730_1908_00108,6,0,0,,,triagem/nome-caixa-conversao 1.0.0,22,ok
103730,per103730_1908_00109,1,0,0,,,triagem/nome-caixa-conversao 1.0.0,22,ok
103730,per103730_1908_00109,2,0,0,,,triagem/nome-caixa-conversao 1.0.0,22,ok
103730,per103730_1908_00109,3,0,0,,,triagem/nome-caixa-conversao 1.0.0,22,ok
103730,per103730_1908_00109,4,0,0,,,triagem/nome-caixa-conversao 1.0.0,22,ok
103730,per103730_1908_00110,1,0,0,,,triagem/nome-caixa-conversao 1.0.0,22,ok
103730,per103730_1908_00110,2,0,0,,,triagem/nome-caixa-conversao 1.0.0,22,ok
103730,per103730_1908_00110,3,0,0,,,triagem/nome-caixa-conversao 1.0.0,22,ok
103730,per103730_1908_00110,4,0,0,,,triagem/nome-caixa-conversao 1.0.0,22,ok
103730,per103730_1908_00110,5,1,1,caixa do conver,12725,triagem/nome-caixa-conversao 1.0.0,22,ok
103730,per103730_1908_00110,6,0,0,,,triagem/nome-caixa-conversao 1.0.0,22,ok
103730,per103730_1908_00110,7,0,0,,,triagem/nome-caixa-conversao 1.0.0,22,ok
103730,per103730_1908_00110,8,0,0,,,triagem/nome-caixa-conversao 1.0.0,22,ok
103730,per103730_1908_00110,9,0,0,,,triagem/nome-caixa-conversao 1.0.0,22,ok
103730,per103730_1908_00110,10,0,0,,,triagem/nome-caixa-conversao 1.0.0,22,ok
103730,per103730_1908_00111,1,0,0,,,triagem/nome-caixa-conversao 1.0.0,22,ok
103730,per103730_1908_00111,2,0,0,,,triagem/nome-caixa-conversao 1.0.0,22,ok
103730,per103730_1908_00111,3,0,0,,,triagem/nome-caixa-conversao 1.0.0,22,ok
103730,per103730_1908_00111,4,0,0,,,triagem/nome-caixa-conversao 1.0.0,22,ok
103730,per103730_1908_00111,5,0,0,,,triagem/nome-caixa-conversao 1.0.0,22,ok
103730,per103730_1908_00111,6,0,0,,,triagem/nome-caixa-conversao 1.0.0,22,ok
103730,per103730_1908_00112,1,1,1,caixa de conver,29149,triagem/nome-caixa-conversao 1.0.0,22,ok
103730,per103730_1908_00112,2,0,0,,,triagem/nome-caixa-conversao 1.0.0,22,ok
103730,per103730_1908_00112,3,0,0,,,triagem/nome-caixa-conversao 1.0.0,22,ok
103730,per103730_1908_00112,4,0,0,,,triagem/nome-caixa-conversao 1.0.0,22,ok
103730,per103730_1908_00112,5,0,0,,,triagem/nome-caixa-conversao 1.0.0,22,ok
103730,per103730_1908_00112,6,0,0,,,triagem/nome-caixa-conversao 1.0.0,22,ok
103730,per103730_1908_00113,1,0,0,,,triagem/nome-caixa-conversao 1.0.0,22,ok
103730,per103730_1908_00113,2,0,0,,,triagem/nome-caixa-conversao 1.0.0,22,ok
103730,per103730_1908_00113,3,0,0,,,triagem/nome-caixa-conversao 1.0.0,22,ok
103730,per103730_1908_00113,4,0,0,,,triagem/nome-caixa-conversao 1.0.0,22,ok
103730,per103730_1908_00113,5,0,0,,,triagem/nome-caixa-conversao 1.0.0,22,ok
103730,per103730_1908_00113,6,0,0,,,triagem/nome-caixa-conversao 1.0.0,22,ok
103730,per103730_1908_00114,1,1,1,caixa de conver,22424,triagem/nome-caixa-conversao 1.0.0,22,ok
103730,per103730_1908_00114,2,0,0,,,triagem/nome-caixa-conversao 1.0.0,22,ok
103730,per103730_1908_00114,3,0,0,,,triagem/nome-caixa-conversao 1.0.0,22,ok
103730,per103730_1908_00114,4,0,0,,,triagem/nome-caixa-conversao 1.0.0,22,ok
103730,per103730_1908_00114,5,0,0,,,triagem/nome-caixa-conversao 1.0.0,22,ok
103730,per103730_1908_00114,6,0,0,,,triagem/nome-caixa-conversao 1.0.0,22,ok
103730,per103730_1908_00114,7,1,1,caixa de conver,16730,triagem/nome-caixa-conversao 1.0.0,22,ok
103730,per103730_1908_00114,8,0,0,,,triagem/nome-caixa-conversao 1.0.0,22,ok
103730,per103730_1908_00115,1,0,0,,,triagem/nome-caixa-conversao 1.0.0,22,ok
103730,per103730_1908_00115,2,1,1,caixa do conver,33407,triagem/nome-caixa-conversao 1.0.0,22,ok
103730,per103730_1908_00115,3,0,0,,,triagem/nome-caixa-conversao 1.0.0,22,ok
103730,per103730_1908_00115,4,0,0,,,triagem/nome-caixa-conversao 1.0.0,22,ok
103730,per103730_1908_00115,5,0,0,,,triagem/nome-caixa-conversao 1.0.0,22,ok
103730,per103730_1908_00115,6,0,0,,,triagem/nome-caixa-conversao 1.0.0,22,ok
103730,per103730_1908_00116,1,0,0,,,triagem/nome-caixa-conversao 1.0.0,22,ok
103730,per103730_1908_00116,2,0,0,,,triagem/nome-caixa-conversao 1.0.0,22,ok
103730,per103730_1908_00116,3,0,0,,,triagem/nome-caixa-conversao 1.0.0,22,ok
103730,per103730_1908_00116,4,0,0,,,triagem/nome-caixa-conversao 1.0.0,22,ok
103730,per103730_1908_00116,5,0,0,,,triagem/nome-caixa-conversao 1.0.0,22,ok
103730,per103730_1908_00116,6,0,0,,,triagem/nome-caixa-conversao 1.0.0,22,ok
103730,per103730_1908_00117,1,0,0,,,triagem/nome-caixa-conversao 1.0.0,22,ok
103730,per103730_1908_00117,2,0,0,,,triagem/nome-caixa-conversao 1.0.0,22,ok
103730,per103730_1908_00117,3,0,0,,,triagem/nome-caixa-conversao 1.0.0,22,ok
103730,per103730_1908_00117,4,0,0,,,triagem/nome-caixa-conversao 1.0.0,22,ok
103730,per103730_1908_00117,5,1,1,caixa de conver,22024,triagem/nome-caixa-conversao 1.0.0,22,ok
103730,per103730_1908_00117,6,0,0,,,triagem/nome-caixa-conversao 1.0.0,22,ok
103730,per103730_1908_00117,7,0,0,,,triagem/nome-caixa-conversao 1.0.0,22,ok
103730,per103730_1908_00117,8,0,0,,,triagem/nome-caixa-conversao 1.0.0,22,ok
103730,per103730_1908_00117,9,0,0,,,triagem/nome-caixa-conversao 1.0.0,22,ok
103730,per103730_1908_00117,10,0,0,,,triagem/nome-caixa-conversao 1.0.0,22,ok
103730,per103730_1908_00117,11,0,0,,,triagem/nome-caixa-conversao 1.0.0,22,ok
103730,per103730_1908_00117,12,0,0,,,triagem/nome-caixa-conversao 1.0.0,22,ok
103730,per103730_1908_00118,1,0,0,,,triagem/nome-caixa-conversao 1.0.0,22,ok
103730,per103730_1908_00118,2,0,0,,,triagem/nome-caixa-conversao 1.0.0,22,ok
103730,per103730_1908_00118,3,0,0,,,triagem/nome-caixa-conversao 1.0.0,22,ok
103730,per103730_1908_00118,4,0,0,,,triagem/nome-caixa-conversao 1.0.0,22,ok
103730,per103730_1908_00118,5,1,1,caixade conver,38522,triagem/nome-caixa-conversao 1.0.0,22,ok
103730,per103730_1908_00118,6,0,0,,,triagem/nome-caixa-conversao 1.0.0,22,ok
103730,per103730_1908_00119,1,0,0,,,triagem/nome-caixa-conversao 1.0.0,22,ok
103730,per103730_1908_00119,2,0,0,,,triagem/nome-caixa-conversao 1.0.0,22,ok
103730,per103730_1908_00119,3,0,0,,,triagem/nome-caixa-conversao 1.0.0,22,ok
103730,per103730_1908_00119,4,0,0,,,triagem/nome-caixa-conversao 1.0.0,22,ok
103730,per103730_1908_00119,5,0,0,,,triagem/nome-caixa-conversao 1.0.0,22,ok
103730,per103730_1908_00119,6,0,0,,,triagem/nome-caixa-conversao 1.0.0,22,ok
103730,per103730_1908_00120,1,0,0,,,triagem/nome-caixa-conversao 1.0.0,22,ok
103730,per103730_1908_00120,2,0,0,,,triagem/nome-caixa-conversao 1.0.0,22,ok
103730,per103730_1908_00120,3,0,0,,,triagem/nome-caixa-conversao 1.0.0,22,ok
103730,per103730_1908_00120,4,0,0,,,triagem/nome-caixa-conversao 1.0.0,22,ok
103730,per103730_1908_00120,5,0,0,,,triagem/nome-caixa-conversao 1.0.0,22,ok
103730,per103730_1908_00120,6,0,0,,,triagem/nome-caixa-conversao 1.0.0,22,ok
103730,per103730_1908_00120,7,0,0,,,triagem/nome-caixa-conversao 1.0.0,22,ok
103730,per103730_1908_00120,8,0,0,,,triagem/nome-caixa-conversao 1.0.0,22,ok
103730,per103730_1908_00120,9,0,0,,,triagem/nome-caixa-conversao 1.0.0,22,ok
103730,per103730_1908_00120,10,0,0,,,triagem/nome-caixa-conversao 1.0.0,22,ok
103730,per103730_1908_00121,1,0,0,,,triagem/nome-caixa-conversao 1.0.0,22,ok
103730,per103730_1908_00121,2,0,0,,,triagem/nome-caixa-conversao 1.0.0,22,ok
103730,per103730_1908_00121,3,0,0,,,triagem/nome-caixa-conversao 1.0.0,22,ok
103730,per103730_1908_00121,4,0,0,,,triagem/nome-caixa-conversao 1.0.0,22,ok
103730,per103730_1908_00121,5,0,0,,,triagem/nome-caixa-conversao 1.0.0,22,ok
103730,per103730_1908_00121,6,0,0,,,triagem/nome-caixa-conversao 1.0.0,22,ok
103730,per103730_1908_00121,7,0,0,,,triagem/nome-caixa-conversao 1.0.0,22,ok
103730,per103730_1908_00121,8,0,0,,,triagem/nome-caixa-conversao 1.0.0,22,ok
103730,per103730_1908_00122,1,1,1,caixa de conver,7206,triagem/nome-caixa-conversao 1.0.0,22,ok
103730,per103730_1908_00122,2,0,0,,,triagem/nome-caixa-conversao 1.0.0,22,ok
103730,per103730_1908_00122,3,0,0,,,triagem/nome-caixa-conversao 1.0.0,22,ok
103730,per103730_1908_00122,4,0,0,,,triagem/nome-caixa-conversao 1.0.0,22,ok
103730,per103730_1908_00122,5,0,0,,,triagem/nome-caixa-conversao 1.0.0,22,ok
103730,per103730_1908_00122,6,0,0,,,triagem/nome-caixa-conversao 1.0.0,22,ok
103730,per103730_1908_00123,1,1,1,caixa de conver,17392,triagem/nome-caixa-conversao 1.0.0,22,ok
103730,per103730_1908_00123,2,0,0,,,triagem/nome-caixa-conversao 1.0.0,22,ok
103730,per103730_1908_00123,3,0,0,,,triagem/nome-caixa-conversao 1.0.0,22,ok
103730,per103730_1908_00123,4,0,0,,,triagem/nome-caixa-conversao 1.0.0,22,ok
103730,per103730_1908_00123,5,0,0,,,triagem/nome-caixa-conversao 1.0.0,22,ok
103730,per103730_1908_00123,6,0,0,,,triagem/nome-caixa-conversao 1.0.0,22,ok
103730,per103730_1908_00124,1,0,0,,,triagem/nome-caixa-conversao 1.0.0,22,ok
103730,per103730_1908_00124,2,0,0,,,triagem/nome-caixa-conversao 1.0.0,22,ok
103730,per103730_1908_00124,3,0,0,,,triagem/nome-caixa-conversao 1.0.0,22,ok
103730,per103730_1908_00124,4,0,0,,,triagem/nome-caixa-conversao 1.0.0,22,ok
103730,per103730_1908_00124,5,0,0,,,triagem/nome-caixa-conversao 1.0.0,22,ok
103730,per103730_1908_00124,6,0,0,,,triagem/nome-caixa-conversao 1.0.0,22,ok
103730,per103730_1908_00124,7,0,0,,,triagem/nome-caixa-conversao 1.0.0,22,ok
103730,per103730_1908_00124,8,0,0,,,triagem/nome-caixa-conversao 1.0.0,22,ok
103730,per103730_1908_00124,9,0,0,,,triagem/nome-caixa-conversao 1.0.0,22,ok
103730,per103730_1908_00124,10,0,0,,,triagem/nome-caixa-conversao 1.0.0,22,ok
103730,per103730_1908_00124,11,0,0,,,triagem/nome-caixa-conversao 1.0.0,22,ok
103730,per103730_1908_00124,12,0,0,,,triagem/nome-caixa-conversao 1.0.0,22,ok
103730,per103730_1908_00125,1,0,0,,,triagem/nome-caixa-conversao 1.0.0,22,ok
103730,per103730_1908_00125,2,0,0,,,triagem/nome-caixa-conversao 1.0.0,22,ok
103730,per103730_1908_00125,3,0,0,,,triagem/nome-caixa-conversao 1.0.0,22,ok
103730,per103730_1908_00125,4,1,3,caixa dc conver,24132,triagem/nome-caixa-conversao 1.0.0,22,ok
103730,per103730_1908_00125,5,0,0,,,triagem/nome-caixa-conversao 1.0.0,22,ok
103730,per103730_1908_00125,6,0,0,,,triagem/nome-caixa-conversao 1.0.0,22,ok
103730,per103730_1908_00126,1,0,0,,,triagem/nome-caixa-conversao 1.0.0,22,ok
103730,per103730_1908_00126,2,0,0,,,triagem/nome-caixa-conversao 1.0.0,22,ok
103730,per103730_1908_00126,3,0,0,,,triagem/nome-caixa-conversao 1.0.0,22,ok
103730,per103730_1908_00126,4,0,0,,,triagem/nome-caixa-conversao 1.0.0,22,ok
103730,per103730_1908_00126,5,0,0,,,triagem/nome-caixa-conversao 1.0.0,22,ok
103730,per103730_1908_00126,6,0,0,,,triagem/nome-caixa-conversao 1.0.0,22,ok
103730,per103730_1908_00126,7,0,0,,,triagem/nome-caixa-conversao 1.0.0,22,ok
103730,per103730_1908_00126,8,0,0,,,triagem/nome-caixa-conversao 1.0.0,22,ok
103730,per103730_1908_00126,9,0,0,,,triagem/nome-caixa-conversao 1.0.0,22,ok
103730,per103730_1908_00127,1,0,0,,,triagem/nome-caixa-conversao 1.0.0,22,ok
103730,per103730_1908_00127,2,0,0,,,triagem/nome-caixa-conversao 1.0.0,22,ok
103730,per103730_1908_00127,3,0,0,,,triagem/nome-caixa-conversao 1.0.0,22,ok
103730,per103730_1908_00127,4,0,0,,,triagem/nome-caixa-conversao 1.0.0,22,ok
103730,per103730_1908_00127,5,0,0,,,triagem/nome-caixa-conversao 1.0.0,22,ok
103730,per103730_1908_00127,6,0,0,,,triagem/nome-caixa-conversao 1.0.0,22,ok
103730,per103730_1908_00128,1,0,0,,,triagem/nome-caixa-conversao 1.0.0,22,ok
103730,per103730_1908_00128,2,1,1,caixa de conver,36491,triagem/nome-caixa-conversao 1.0.0,22,ok
103730,per103730_1908_00128,3,0,0,,,triagem/nome-caixa-conversao 1.0.0,22,ok
103730,per103730_1908_00128,4,0,0,,,triagem/nome-caixa-conversao 1.0.0,22,ok
103730,per103730_1908_00128,5,0,0,,,triagem/nome-caixa-conversao 1.0.0,22,ok
103730,per103730_1908_00128,6,0,0,,,triagem/nome-caixa-conversao 1.0.0,22,ok
103730,per103730_1908_00129,1,0,0,,,triagem/nome-caixa-conversao 1.0.0,22,ok
103730,per103730_1908_00129,2,0,0,,,triagem/nome-caixa-conversao 1.0.0,22,ok
103730,per103730_1908_00129,3,0,0,,,triagem/nome-caixa-conversao 1.0.0,22,ok
103730,per103730_1908_00129,4,0,0,,,triagem/nome-caixa-conversao 1.0.0,22,ok
103730,per103730_1908_00129,5,0,0,,,triagem/nome-caixa-conversao 1.0.0,22,ok
103730,per103730_1908_00129,6,0,0,,,triagem/nome-caixa-conversao 1.0.0,22,ok
103730,per103730_1908_00130,1,0,0,,,triagem/nome-caixa-conversao 1.0.0,22,ok
103730,per103730_1908_00130,2,0,0,,,triagem/nome-caixa-conversao 1.0.0,22,ok
103730,per103730_1908_00130,3,0,0,,,triagem/nome-caixa-conversao 1.0.0,22,ok
103730,per103730_1908_00130,4,0,0,,,triagem/nome-caixa-conversao 1.0.0,22,ok
103730,per103730_1908_00130,5,0,0,,,triagem/nome-caixa-conversao 1.0.0,22,ok
103730,per103730_1908_00130,6,0,0,,,triagem/nome-caixa-conversao 1.0.0,22,ok
103730,per103730_1908_00131,1,0,0,,,triagem/nome-caixa-conversao 1.0.0,22,ok
103730,per103730_1908_00131,2,0,0,,,triagem/nome-caixa-conversao 1.0.0,22,ok
103730,per103730_1908_00131,3,0,0,,,triagem/nome-caixa-conversao 1.0.0,22,ok
103730,per103730_1908_00131,4,0,0,,,triagem/nome-caixa-conversao 1.0.0,22,ok
103730,per103730_1908_00131,5,0,0,,,triagem/nome-caixa-conversao 1.0.0,22,ok
103730,per103730_1908_00131,6,0,0,,,triagem/nome-caixa-conversao 1.0.0,22,ok
103730,per103730_1908_00131,7,0,0,,,triagem/nome-caixa-conversao 1.0.0,22,ok
103730,per103730_1908_00131,8,0,0,,,triagem/nome-caixa-conversao 1.0.0,22,ok
103730,per103730_1908_00131,9,0,0,,,triagem/nome-caixa-conversao 1.0.0,22,ok
103730,per103730_1908_00131,10,0,0,,,triagem/nome-caixa-conversao 1.0.0,22,ok
103730,per103730_1908_00131,11,0,0,,,triagem/nome-caixa-conversao 1.0.0,22,ok
103730,per103730_1908_00131,12,0,0,,,triagem/nome-caixa-conversao 1.0.0,22,ok
103730,per103730_1908_00132,1,0,0,,,triagem/nome-caixa-conversao 1.0.0,22,ok
103730,per103730_1908_00132,2,0,0,,,triagem/nome-caixa-conversao 1.0.0,22,ok
103730,per103730_1908_00132,3,0,0,,,triagem/nome-caixa-conversao 1.0.0,22,ok
103730,per103730_1908_00132,4,0,0,,,triagem/nome-caixa-conversao 1.0.0,22,ok
103730,per103730_1908_00132,5,0,0,,,triagem/nome-caixa-conversao 1.0.0,22,ok
103730,per103730_1908_00132,6,0,0,,,triagem/nome-caixa-conversao 1.0.0,22,ok
103730,per103730_1908_00133,1,1,1,caixa de conver,16723,triagem/nome-caixa-conversao 1.0.0,22,ok
103730,per103730_1908_00133,2,0,0,,,triagem/nome-caixa-conversao 1.0.0,22,ok
103730,per103730_1908_00133,3,1,1,caixa de conver,49297,triagem/nome-caixa-conversao 1.0.0,22,ok
103730,per103730_1908_00133,4,0,0,,,triagem/nome-caixa-conversao 1.0.0,22,ok
103730,per103730_1908_00133,5,0,0,,,triagem/nome-caixa-conversao 1.0.0,22,ok
103730,per103730_1908_00133,6,0,0,,,triagem/nome-caixa-conversao 1.0.0,22,ok
103730,per103730_1908_00134,1,1,1,caixa de conver,13400,triagem/nome-caixa-conversao 1.0.0,22,ok
103730,per103730_1908_00134,2,0,0,,,triagem/nome-caixa-conversao 1.0.0,22,ok
103730,per103730_1908_00134,3,0,0,,,triagem/nome-caixa-conversao 1.0.0,22,ok
103730,per103730_1908_00134,4,0,0,,,triagem/nome-caixa-conversao 1.0.0,22,ok
103730,per103730_1908_00134,5,0,0,,,triagem/nome-caixa-conversao 1.0.0,22,ok
103730,per103730_1908_00134,6,0,0,,,triagem/nome-caixa-conversao 1.0.0,22,ok
103730,per103730_1908_00135,1,0,0,,,triagem/nome-caixa-conversao 1.0.0,22,ok
103730,per103730_1908_00135,2,0,0,,,triagem/nome-caixa-conversao 1.0.0,22,ok
103730,per103730_1908_00135,3,0,0,,,triagem/nome-caixa-conversao 1.0.0,22,ok
103730,per103730_1908_00135,4,0,0,,,triagem/nome-caixa-conversao 1.0.0,22,ok
103730,per103730_1908_00135,5,0,0,,,triagem/nome-caixa-conversao 1.0.0,22,ok
103730,per103730_1908_00135,6,0,0,,,triagem/nome-caixa-conversao 1.0.0,22,ok
103730,per103730_1908_00136,1,1,1,caixa dn conver,10661,triagem/nome-caixa-conversao 1.0.0,22,ok
103730,per103730_1908_00136,2,0,0,,,triagem/nome-caixa-conversao 1.0.0,22,ok
103730,per103730_1908_00136,3,0,0,,,triagem/nome-caixa-conversao 1.0.0,22,ok
103730,per103730_1908_00136,4,0,0,,,triagem/nome-caixa-conversao 1.0.0,22,ok
103730,per103730_1908_00136,5,0,0,,,triagem/nome-caixa-conversao 1.0.0,22,ok
103730,per103730_1908_00136,6,0,0,,,triagem/nome-caixa-conversao 1.0.0,22,ok
103730,per103730_1908_00137,1,0,0,,,triagem/nome-caixa-conversao 1.0.0,22,ok
103730,per103730_1908_00137,2,0,0,,,triagem/nome-caixa-conversao 1.0.0,22,ok
103730,per103730_1908_00137,3,0,0,,,triagem/nome-caixa-conversao 1.0.0,22,ok
103730,per103730_1908_00137,4,0,0,,,triagem/nome-caixa-conversao 1.0.0,22,ok
103730,per103730_1908_00137,5,0,0,,,triagem/nome-caixa-conversao 1.0.0,22,ok
103730,per103730_1908_00137,6,0,0,,,triagem/nome-caixa-conversao 1.0.0,22,ok
103730,per103730_1908_00138,1,0,0,,,triagem/nome-caixa-conversao 1.0.0,22,ok
103730,per103730_1908_00138,2,0,0,,,triagem/nome-caixa-conversao 1.0.0,22,ok
103730,per103730_1908_00138,3,0,0,,,triagem/nome-caixa-conversao 1.0.0,22,ok
103730,per103730_1908_00138,4,0,0,,,triagem/nome-caixa-conversao 1.0.0,22,ok
103730,per103730_1908_00138,5,1,1,caixa do conver,35441,triagem/nome-caixa-conversao 1.0.0,22,ok
103730,per103730_1908_00138,6,0,0,,,triagem/nome-caixa-conversao 1.0.0,22,ok
103730,per103730_1908_00138,7,0,0,,,triagem/nome-caixa-conversao 1.0.0,22,ok
103730,per103730_1908_00138,8,0,0,,,triagem/nome-caixa-conversao 1.0.0,22,ok
103730,per103730_1908_00138,9,0,0,,,triagem/nome-caixa-conversao 1.0.0,22,ok
103730,per103730_1908_00138,10,0,0,,,triagem/nome-caixa-conversao 1.0.0,22,ok
103730,per103730_1908_00139,1,0,0,,,triagem/nome-caixa-conversao 1.0.0,22,ok
103730,per103730_1908_00139,2,0,0,,,triagem/nome-caixa-conversao 1.0.0,22,ok
103730,per103730_1908_00139,3,0,0,,,triagem/nome-caixa-conversao 1.0.0,22,ok
103730,per103730_1908_00139,4,0,0,,,triagem/nome-caixa-conversao 1.0.0,22,ok
103730,per103730_1908_00139,5,0,0,,,triagem/nome-caixa-conversao 1.0.0,22,ok
103730,per103730_1908_00139,6,0,0,,,triagem/nome-caixa-conversao 1.0.0,22,ok
103730,per103730_1908_00140,1,1,1,caixa de conver,18522,triagem/nome-caixa-conversao 1.0.0,22,ok
103730,per103730_1908_00140,2,0,0,,,triagem/nome-caixa-conversao 1.0.0,22,ok
103730,per103730_1908_00140,3,0,0,,,triagem/nome-caixa-conversao 1.0.0,22,ok
103730,per103730_1908_00140,4,0,0,,,triagem/nome-caixa-conversao 1.0.0,22,ok
103730,per103730_1908_00140,5,0,0,,,triagem/nome-caixa-conversao 1.0.0,22,ok
103730,per103730_1908_00140,6,0,0,,,triagem/nome-caixa-conversao 1.0.0,22,ok
103730,per103730_1908_00141,1,1,1,caixa dn conver,8414,triagem/nome-caixa-conversao 1.0.0,22,ok
103730,per103730_1908_00141,2,0,0,,,triagem/nome-caixa-conversao 1.0.0,22,ok
103730,per103730_1908_00141,3,0,0,,,triagem/nome-caixa-conversao 1.0.0,22,ok
103730,per103730_1908_00141,4,0,0,,,triagem/nome-caixa-conversao 1.0.0,22,ok
103730,per103730_1908_00141,5,0,0,,,triagem/nome-caixa-conversao 1.0.0,22,ok
103730,per103730_1908_00141,6,0,0,,,triagem/nome-caixa-conversao 1.0.0,22,ok
103730,per103730_1908_00141,7,0,0,,,triagem/nome-caixa-conversao 1.0.0,22,ok
103730,per103730_1908_00141,8,0,0,,,triagem/nome-caixa-conversao 1.0.0,22,ok
103730,per103730_1908_00142,1,0,0,,,triagem/nome-caixa-conversao 1.0.0,22,ok
103730,per103730_1908_00142,2,1,1,caixa de conver,21013,triagem/nome-caixa-conversao 1.0.0,22,ok
103730,per103730_1908_00142,3,0,0,,,triagem/nome-caixa-conversao 1.0.0,22,ok
103730,per103730_1908_00142,4,0,0,,,triagem/nome-caixa-conversao 1.0.0,22,ok
103730,per103730_1908_00142,5,0,0,,,triagem/nome-caixa-conversao 1.0.0,22,ok
103730,per103730_1908_00142,6,0,0,,,triagem/nome-caixa-conversao 1.0.0,22,ok
103730,per103730_1908_00142,7,0,0,,,triagem/nome-caixa-conversao 1.0.0,22,ok
103730,per103730_1908_00142,8,0,0,,,triagem/nome-caixa-conversao 1.0.0,22,ok
103730,per103730_1908_00143,1,0,0,,,triagem/nome-caixa-conversao 1.0.0,22,ok
103730,per103730_1908_00143,2,0,0,,,triagem/nome-caixa-conversao 1.0.0,22,ok
103730,per103730_1908_00143,3,0,0,,,triagem/nome-caixa-conversao 1.0.0,22,ok
103730,per103730_1908_00143,4,0,0,,,triagem/nome-caixa-conversao 1.0.0,22,ok
103730,per103730_1908_00143,5,0,0,,,triagem/nome-caixa-conversao 1.0.0,22,ok
103730,per103730_1908_00143,6,0,0,,,triagem/nome-caixa-conversao 1.0.0,22,ok
103730,per103730_1908_00144,1,0,0,,,triagem/nome-caixa-conversao 1.0.0,22,ok
103730,per103730_1908_00144,2,0,0,,,triagem/nome-caixa-conversao 1.0.0,22,ok
103730,per103730_1908_00144,3,0,0,,,triagem/nome-caixa-conversao 1.0.0,22,ok
103730,per103730_1908_00144,4,0,0,,,triagem/nome-caixa-conversao 1.0.0,22,ok
103730,per103730_1908_00144,5,0,0,,,triagem/nome-caixa-conversao 1.0.0,22,ok
103730,per103730_1908_00144,6,0,0,,,triagem/nome-caixa-conversao 1.0.0,22,ok
103730,per103730_1908_00144,7,0,0,,,triagem/nome-caixa-conversao 1.0.0,22,ok
103730,per103730_1908_00144,8,0,0,,,triagem/nome-caixa-conversao 1.0.0,22,ok
103730,per103730_1908_00145,1,0,0,,,triagem/nome-caixa-conversao 1.0.0,22,ok
103730,per103730_1908_00145,2,0,0,,,triagem/nome-caixa-conversao 1.0.0,22,ok
103730,per103730_1908_00145,3,0,0,,,triagem/nome-caixa-conversao 1.0.0,22,ok
103730,per103730_1908_00145,4,0,0,,,triagem/nome-caixa-conversao 1.0.0,22,ok
103730,per103730_1908_00145,5,0,0,,,triagem/nome-caixa-conversao 1.0.0,22,ok
103730,per103730_1908_00145,6,0,0,,,triagem/nome-caixa-conversao 1.0.0,22,ok
103730,per103730_1908_00145,7,0,0,,,triagem/nome-caixa-conversao 1.0.0,22,ok
103730,per103730_1908_00145,8,0,0,,,triagem/nome-caixa-conversao 1.0.0,22,ok
103730,per103730_1908_00145,9,0,0,,,triagem/nome-caixa-conversao 1.0.0,22,ok
103730,per103730_1908_00145,10,0,0,,,triagem/nome-caixa-conversao 1.0.0,22,ok
103730,per103730_1908_00146,1,0,0,,,triagem/nome-caixa-conversao 1.0.0,22,ok
103730,per103730_1908_00146,2,0,0,,,triagem/nome-caixa-conversao 1.0.0,22,ok
103730,per103730_1908_00146,3,0,0,,,triagem/nome-caixa-conversao 1.0.0,22,ok
103730,per103730_1908_00146,4,0,0,,,triagem/nome-caixa-conversao 1.0.0,22,ok
103730,per103730_1908_00146,5,0,0,,,triagem/nome-caixa-conversao 1.0.0,22,ok
103730,per103730_1908_00146,6,0,0,,,triagem/nome-caixa-conversao 1.0.0,22,ok
103730,per103730_1908_00147,1,1,1,caixa dc conver,20437,triagem/nome-caixa-conversao 1.0.0,22,ok
103730,per103730_1908_00147,2,0,0,,,triagem/nome-caixa-conversao 1.0.0,22,ok
103730,per103730_1908_00147,3,0,0,,,triagem/nome-caixa-conversao 1.0.0,22,ok
103730,per103730_1908_00147,4,0,0,,,triagem/nome-caixa-conversao 1.0.0,22,ok
103730,per103730_1908_00147,5,0,0,,,triagem/nome-caixa-conversao 1.0.0,22,ok
103730,per103730_1908_00147,6,0,0,,,triagem/nome-caixa-conversao 1.0.0,22,ok
103730,per103730_1908_00148,1,0,0,,,triagem/nome-caixa-conversao 1.0.0,22,ok
103730,per103730_1908_00148,2,0,0,,,triagem/nome-caixa-conversao 1.0.0,22,ok
103730,per103730_1908_00148,3,0,0,,,triagem/nome-caixa-conversao 1.0.0,22,ok
103730,per103730_1908_00148,4,0,0,,,triagem/nome-caixa-conversao 1.0.0,22,ok
103730,per103730_1908_00148,5,0,0,,,triagem/nome-caixa-conversao 1.0.0,22,ok
103730,per103730_1908_00148,6,0,0,,,triagem/nome-caixa-conversao 1.0.0,22,ok
103730,per103730_1908_00148,7,0,0,,,triagem/nome-caixa-conversao 1.0.0,22,ok
103730,per103730_1908_00148,8,0,0,,,triagem/nome-caixa-conversao 1.0.0,22,ok
103730,per103730_1908_00149,1,1,1,caixa do conver,21942,triagem/nome-caixa-conversao 1.0.0,22,ok
103730,per103730_1908_00149,2,0,0,,,triagem/nome-caixa-conversao 1.0.0,22,ok
103730,per103730_1908_00149,3,0,0,,,triagem/nome-caixa-conversao 1.0.0,22,ok
103730,per103730_1908_00149,4,0,0,,,triagem/nome-caixa-conversao 1.0.0,22,ok
103730,per103730_1908_00149,5,0,0,,,triagem/nome-caixa-conversao 1.0.0,22,ok
103730,per103730_1908_00149,6,0,0,,,triagem/nome-caixa-conversao 1.0.0,22,ok
103730,per103730_1908_00149,7,0,0,,,triagem/nome-caixa-conversao 1.0.0,22,ok
103730,per103730_1908_00149,8,0,0,,,triagem/nome-caixa-conversao 1.0.0,22,ok
103730,per103730_1908_00150,1,0,0,,,triagem/nome-caixa-conversao 1.0.0,22,ok
103730,per103730_1908_00150,2,1,1,caixa de conver,17243,triagem/nome-caixa-conversao 1.0.0,22,ok
103730,per103730_1908_00150,3,0,0,,,triagem/nome-caixa-conversao 1.0.0,22,ok
103730,per103730_1908_00150,4,0,0,,,triagem/nome-caixa-conversao 1.0.0,22,ok
103730,per103730_1908_00150,5,0,0,,,triagem/nome-caixa-conversao 1.0.0,22,ok
103730,per103730_1908_00150,6,0,0,,,triagem/nome-caixa-conversao 1.0.0,22,ok
103730,per103730_1908_00151,1,1,1,caixa de conver,16716,triagem/nome-caixa-conversao 1.0.0,22,ok
103730,per103730_1908_00151,2,0,0,,,triagem/nome-caixa-conversao 1.0.0,22,ok
103730,per103730_1908_00151,3,0,0,,,triagem/nome-caixa-conversao 1.0.0,22,ok
103730,per103730_1908_00151,4,0,0,,,triagem/nome-caixa-conversao 1.0.0,22,ok
103730,per103730_1908_00151,5,0,0,,,triagem/nome-caixa-conversao 1.0.0,22,ok
103730,per103730_1908_00151,6,0,0,,,triagem/nome-caixa-conversao 1.0.0,22,ok
103730,per103730_1908_00152,1,0,0,,,triagem/nome-caixa-conversao 1.0.0,22,ok
103730,per103730_1908_00152,2,0,0,,,triagem/nome-caixa-conversao 1.0.0,22,ok
103730,per103730_1908_00152,3,0,0,,,triagem/nome-caixa-conversao 1.0.0,22,ok
103730,per103730_1908_00152,4,0,0,,,triagem/nome-caixa-conversao 1.0.0,22,ok
103730,per103730_1908_00152,5,1,1,caixa de conver,15844,triagem/nome-caixa-conversao 1.0.0,22,ok
103730,per103730_1908_00152,6,0,0,,,triagem/nome-caixa-conversao 1.0.0,22,ok
103730,per103730_1908_00152,7,0,0,,,triagem/nome-caixa-conversao 1.0.0,22,ok
103730,per103730_1908_00152,8,0,0,,,triagem/nome-caixa-conversao 1.0.0,22,ok
103730,per103730_1908_00152,9,0,0,,,triagem/nome-caixa-conversao 1.0.0,22,ok
103730,per103730_1908_00152,10,0,0,,,triagem/nome-caixa-conversao 1.0.0,22,ok
103730,per103730_1908_00152,11,0,0,,,triagem/nome-caixa-conversao 1.0.0,22,ok
103730,per103730_1908_00152,12,0,0,,,triagem/nome-caixa-conversao 1.0.0,22,ok
103730,per103730_1908_00153,1,0,0,,,triagem/nome-caixa-conversao 1.0.0,22,ok
103730,per103730_1908_00153,2,0,0,,,triagem/nome-caixa-conversao 1.0.0,22,ok
103730,per103730_1908_00153,3,0,0,,,triagem/nome-caixa-conversao 1.0.0,22,ok
103730,per103730_1908_00153,4,0,0,,,triagem/nome-caixa-conversao 1.0.0,22,ok
103730,per103730_1908_00153,5,0,0,,,triagem/nome-caixa-conversao 1.0.0,22,ok
103730,per103730_1908_00153,6,0,0,,,triagem/nome-caixa-conversao 1.0.0,22,ok
103730,per103730_1908_00154,1,0,0,,,triagem/nome-caixa-conversao 1.0.0,22,ok
103730,per103730_1908_00154,2,0,0,,,triagem/nome-caixa-conversao 1.0.0,22,ok
103730,per103730_1908_00154,3,0,0,,,triagem/nome-caixa-conversao 1.0.0,22,ok
103730,per103730_1908_00154,4,0,0,,,triagem/nome-caixa-conversao 1.0.0,22,ok
103730,per103730_1908_00154,5,0,0,,,triagem/nome-caixa-conversao 1.0.0,22,ok
103730,per103730_1908_00154,6,0,0,,,triagem/nome-caixa-conversao 1.0.0,22,ok
103730,per103730_1908_00155,1,0,0,,,triagem/nome-caixa-conversao 1.0.0,22,ok
103730,per103730_1908_00155,2,0,0,,,triagem/nome-caixa-conversao 1.0.0,22,ok
103730,per103730_1908_00155,3,0,0,,,triagem/nome-caixa-conversao 1.0.0,22,ok
103730,per103730_1908_00155,4,0,0,,,triagem/nome-caixa-conversao 1.0.0,22,ok
103730,per103730_1908_00155,5,0,0,,,triagem/nome-caixa-conversao 1.0.0,22,ok
103730,per103730_1908_00155,6,0,0,,,triagem/nome-caixa-conversao 1.0.0,22,ok
103730,per103730_1908_00156,1,0,0,,,triagem/nome-caixa-conversao 1.0.0,22,ok
103730,per103730_1908_00156,2,0,0,,,triagem/nome-caixa-conversao 1.0.0,22,ok
103730,per103730_1908_00156,3,0,0,,,triagem/nome-caixa-conversao 1.0.0,22,ok
103730,per103730_1908_00156,4,0,0,,,triagem/nome-caixa-conversao 1.0.0,22,ok
103730,per103730_1908_00156,5,0,0,,,triagem/nome-caixa-conversao 1.0.0,22,ok
103730,per103730_1908_00156,6,0,0,,,triagem/nome-caixa-conversao 1.0.0,22,ok
103730,per103730_1908_00156,7,0,0,,,triagem/nome-caixa-conversao 1.0.0,22,ok
103730,per103730_1908_00156,8,0,0,,,triagem/nome-caixa-conversao 1.0.0,22,ok
103730,per103730_1908_00157,1,0,0,,,triagem/nome-caixa-conversao 1.0.0,22,ok
103730,per103730_1908_00157,2,0,0,,,triagem/nome-caixa-conversao 1.0.0,22,ok
103730,per103730_1908_00157,3,0,0,,,triagem/nome-caixa-conversao 1.0.0,22,ok
103730,per103730_1908_00157,4,0,0,,,triagem/nome-caixa-conversao 1.0.0,22,ok
103730,per103730_1908_00157,5,0,0,,,triagem/nome-caixa-conversao 1.0.0,22,ok
103730,per103730_1908_00157,6,0,0,,,triagem/nome-caixa-conversao 1.0.0,22,ok
103730,per103730_1908_00158,1,0,0,,,triagem/nome-caixa-conversao 1.0.0,22,ok
103730,per103730_1908_00158,2,0,0,,,triagem/nome-caixa-conversao 1.0.0,22,ok
103730,per103730_1908_00158,3,0,0,,,triagem/nome-caixa-conversao 1.0.0,22,ok
103730,per103730_1908_00158,4,0,0,,,triagem/nome-caixa-conversao 1.0.0,22,ok
103730,per103730_1908_00158,5,0,0,,,triagem/nome-caixa-conversao 1.0.0,22,ok
103730,per103730_1908_00158,6,0,0,,,triagem/nome-caixa-conversao 1.0.0,22,ok
103730,per103730_1908_00159,1,0,0,,,triagem/nome-caixa-conversao 1.0.0,22,ok
103730,per103730_1908_00159,2,0,0,,,triagem/nome-caixa-conversao 1.0.0,22,ok
103730,per103730_1908_00159,3,0,0,,,triagem/nome-caixa-conversao 1.0.0,22,ok
103730,per103730_1908_00159,4,0,0,,,triagem/nome-caixa-conversao 1.0.0,22,ok
103730,per103730_1908_00159,5,1,1,caixa de conver,14573,triagem/nome-caixa-conversao 1.0.0,22,ok
103730,per103730_1908_00159,6,0,0,,,triagem/nome-caixa-conversao 1.0.0,22,ok
103730,per103730_1908_00159,7,0,0,,,triagem/nome-caixa-conversao 1.0.0,22,ok
103730,per103730_1908_00159,8,0,0,,,triagem/nome-caixa-conversao 1.0.0,22,ok
103730,per103730_1908_00159,9,0,0,,,triagem/nome-caixa-conversao 1.0.0,22,ok
103730,per103730_1908_00159,10,0,0,,,triagem/nome-caixa-conversao 1.0.0,22,ok
103730,per103730_1908_00160,1,0,0,,,triagem/nome-caixa-conversao 1.0.0,22,ok
103730,per103730_1908_00160,2,0,0,,,triagem/nome-caixa-conversao 1.0.0,22,ok
103730,per103730_1908_00160,3,0,0,,,triagem/nome-caixa-conversao 1.0.0,22,ok
103730,per103730_1908_00160,4,0,0,,,triagem/nome-caixa-conversao 1.0.0,22,ok
103730,per103730_1908_00160,5,0,0,,,triagem/nome-caixa-conversao 1.0.0,22,ok
103730,per103730_1908_00160,6,0,0,,,triagem/nome-caixa-conversao 1.0.0,22,ok
103730,per103730_1908_00161,1,0,0,,,triagem/nome-caixa-conversao 1.0.0,22,ok
103730,per103730_1908_00161,2,0,0,,,triagem/nome-caixa-conversao 1.0.0,22,ok
103730,per103730_1908_00161,3,0,0,,,triagem/nome-caixa-conversao 1.0.0,22,ok
103730,per103730_1908_00161,4,0,0,,,triagem/nome-caixa-conversao 1.0.0,22,ok
103730,per103730_1908_00161,5,0,0,,,triagem/nome-caixa-conversao 1.0.0,22,ok
103730,per103730_1908_00161,6,0,0,,,triagem/nome-caixa-conversao 1.0.0,22,ok
103730,per103730_1908_00162,1,0,0,,,triagem/nome-caixa-conversao 1.0.0,22,ok
103730,per103730_1908_00162,2,0,0,,,triagem/nome-caixa-conversao 1.0.0,22,ok
103730,per103730_1908_00162,3,0,0,,,triagem/nome-caixa-conversao 1.0.0,22,ok
103730,per103730_1908_00162,4,0,0,,,triagem/nome-caixa-conversao 1.0.0,22,ok
103730,per103730_1908_00162,5,0,0,,,triagem/nome-caixa-conversao 1.0.0,22,ok
103730,per103730_1908_00162,6,0,0,,,triagem/nome-caixa-conversao 1.0.0,22,ok
103730,per103730_1908_00163,1,0,0,,,triagem/nome-caixa-conversao 1.0.0,22,ok
103730,per103730_1908_00163,2,0,0,,,triagem/nome-caixa-conversao 1.0.0,22,ok
103730,per103730_1908_00163,3,0,0,,,triagem/nome-caixa-conversao 1.0.0,22,ok
103730,per103730_1908_00163,4,0,0,,,triagem/nome-caixa-conversao 1.0.0,22,ok
103730,per103730_1908_00163,5,0,0,,,triagem/nome-caixa-conversao 1.0.0,22,ok
103730,per103730_1908_00163,6,0,0,,,triagem/nome-caixa-conversao 1.0.0,22,ok
103730,per103730_1908_00164,1,1,1,caixa de conver,18609,triagem/nome-caixa-conversao 1.0.0,22,ok
103730,per103730_1908_00164,2,0,0,,,triagem/nome-caixa-conversao 1.0.0,22,ok
103730,per103730_1908_00164,3,0,0,,,triagem/nome-caixa-conversao 1.0.0,22,ok
103730,per103730_1908_00164,4,0,0,,,triagem/nome-caixa-conversao 1.0.0,22,ok
103730,per103730_1908_00164,5,0,0,,,triagem/nome-caixa-conversao 1.0.0,22,ok
103730,per103730_1908_00164,6,0,0,,,triagem/nome-caixa-conversao 1.0.0,22,ok
103730,per103730_1908_00165,1,0,0,,,triagem/nome-caixa-conversao 1.0.0,22,ok
103730,per103730_1908_00165,2,1,1,caixa de conver,10358,triagem/nome-caixa-conversao 1.0.0,22,ok
103730,per103730_1908_00165,3,0,0,,,triagem/nome-caixa-conversao 1.0.0,22,ok
103730,per103730_1908_00165,4,0,0,,,triagem/nome-caixa-conversao 1.0.0,22,ok
103730,per103730_1908_00165,5,1,1,caixa deconver,2447,triagem/nome-caixa-conversao 1.0.0,22,ok
103730,per103730_1908_00165,6,0,0,,,triagem/nome-caixa-conversao 1.0.0,22,ok
103730,per103730_1908_00165,7,0,0,,,triagem/nome-caixa-conversao 1.0.0,22,ok
103730,per103730_1908_00165,8,0,0,,,triagem/nome-caixa-conversao 1.0.0,22,ok
103730,per103730_1908_00166,1,0,0,,,triagem/nome-caixa-conversao 1.0.0,22,ok
103730,per103730_1908_00166,2,0,0,,,triagem/nome-caixa-conversao 1.0.0,22,ok
103730,per103730_1908_00166,3,0,0,,,triagem/nome-caixa-conversao 1.0.0,22,ok
103730,per103730_1908_00166,4,0,0,,,triagem/nome-caixa-conversao 1.0.0,22,ok
103730,per103730_1908_00166,5,1,1,caixa de conver,26824,triagem/nome-caixa-conversao 1.0.0,22,ok
103730,per103730_1908_00166,6,0,0,,,triagem/nome-caixa-conversao 1.0.0,22,ok
103730,per103730_1908_00166,7,0,0,,,triagem/nome-caixa-conversao 1.0.0,22,ok
103730,per103730_1908_00166,8,0,0,,,triagem/nome-caixa-conversao 1.0.0,22,ok
103730,per103730_1908_00166,9,0,0,,,triagem/nome-caixa-conversao 1.0.0,22,ok
103730,per103730_1908_00166,10,0,0,,,triagem/nome-caixa-conversao 1.0.0,22,ok
103730,per103730_1908_00167,1,0,0,,,triagem/nome-caixa-conversao 1.0.0,22,ok
103730,per103730_1908_00167,2,0,0,,,triagem/nome-caixa-conversao 1.0.0,22,ok
103730,per103730_1908_00167,3,0,0,,,triagem/nome-caixa-conversao 1.0.0,22,ok
103730,per103730_1908_00167,4,0,0,,,triagem/nome-caixa-conversao 1.0.0,22,ok
103730,per103730_1908_00167,5,0,0,,,triagem/nome-caixa-conversao 1.0.0,22,ok
103730,per103730_1908_00167,6,0,0,,,triagem/nome-caixa-conversao 1.0.0,22,ok
103730,per103730_1908_00167,7,0,0,,,triagem/nome-caixa-conversao 1.0.0,22,ok
103730,per103730_1908_00167,8,0,0,,,triagem/nome-caixa-conversao 1.0.0,22,ok
103730,per103730_1908_00167,9,0,0,,,triagem/nome-caixa-conversao 1.0.0,22,ok
103730,per103730_1908_00167,10,0,0,,,triagem/nome-caixa-conversao 1.0.0,22,ok
103730,per103730_1908_00168,1,1,1,caixa dc conver,14626,triagem/nome-caixa-conversao 1.0.0,22,ok
103730,per103730_1908_00168,2,0,0,,,triagem/nome-caixa-conversao 1.0.0,22,ok
103730,per103730_1908_00168,3,0,0,,,triagem/nome-caixa-conversao 1.0.0,22,ok
103730,per103730_1908_00168,4,0,0,,,triagem/nome-caixa-conversao 1.0.0,22,ok
103730,per103730_1908_00168,5,0,0,,,triagem/nome-caixa-conversao 1.0.0,22,ok
103730,per103730_1908_00168,6,0,0,,,triagem/nome-caixa-conversao 1.0.0,22,ok
103730,per103730_1908_00169,1,1,1,caixa do conver,3275,triagem/nome-caixa-conversao 1.0.0,22,ok
103730,per103730_1908_00169,2,0,0,,,triagem/nome-caixa-conversao 1.0.0,22,ok
103730,per103730_1908_00169,3,0,0,,,triagem/nome-caixa-conversao 1.0.0,22,ok
103730,per103730_1908_00169,4,0,0,,,triagem/nome-caixa-conversao 1.0.0,22,ok
103730,per103730_1908_00169,5,0,0,,,triagem/nome-caixa-conversao 1.0.0,22,ok
103730,per103730_1908_00169,6,0,0,,,triagem/nome-caixa-conversao 1.0.0,22,ok
103730,per103730_1908_00169,7,0,0,,,triagem/nome-caixa-conversao 1.0.0,22,ok
103730,per103730_1908_00169,8,0,0,,,triagem/nome-caixa-conversao 1.0.0,22,ok
103730,per103730_1908_00170,1,1,1,caixa dc conver,18552,triagem/nome-caixa-conversao 1.0.0,22,ok
103730,per103730_1908_00170,2,0,0,,,triagem/nome-caixa-conversao 1.0.0,22,ok
103730,per103730_1908_00170,3,0,0,,,triagem/nome-caixa-conversao 1.0.0,22,ok
103730,per103730_1908_00170,4,0,0,,,triagem/nome-caixa-conversao 1.0.0,22,ok
103730,per103730_1908_00170,5,0,0,,,triagem/nome-caixa-conversao 1.0.0,22,ok
103730,per103730_1908_00170,6,0,0,,,triagem/nome-caixa-conversao 1.0.0,22,ok
103730,per103730_1908_00171,1,0,0,,,triagem/nome-caixa-conversao 1.0.0,22,ok
103730,per103730_1908_00171,2,1,1,caixa de conver,51500,triagem/nome-caixa-conversao 1.0.0,22,ok
103730,per103730_1908_00171,3,0,0,,,triagem/nome-caixa-conversao 1.0.0,22,ok
103730,per103730_1908_00171,4,0,0,,,triagem/nome-caixa-conversao 1.0.0,22,ok
103730,per103730_1908_00171,5,0,0,,,triagem/nome-caixa-conversao 1.0.0,22,ok
103730,per103730_1908_00171,6,0,0,,,triagem/nome-caixa-conversao 1.0.0,22,ok
103730,per103730_1908_00171,7,0,0,,,triagem/nome-caixa-conversao 1.0.0,22,ok
103730,per103730_1908_00171,8,0,0,,,triagem/nome-caixa-conversao 1.0.0,22,ok
103730,per103730_1908_00172,1,0,0,,,triagem/nome-caixa-conversao 1.0.0,22,ok
103730,per103730_1908_00172,2,0,0,,,triagem/nome-caixa-conversao 1.0.0,22,ok
103730,per103730_1908_00172,3,0,0,,,triagem/nome-caixa-conversao 1.0.0,22,ok
103730,per103730_1908_00172,4,0,0,,,triagem/nome-caixa-conversao 1.0.0,22,ok
103730,per103730_1908_00172,5,0,0,,,triagem/nome-caixa-conversao 1.0.0,22,ok
103730,per103730_1908_00172,6,0,0,,,triagem/nome-caixa-conversao 1.0.0,22,ok
103730,per103730_1908_00174,1,0,0,,,triagem/nome-caixa-conversao 1.0.0,22,ok
103730,per103730_1908_00174,2,0,0,,,triagem/nome-caixa-conversao 1.0.0,22,ok
103730,per103730_1908_00174,3,0,0,,,triagem/nome-caixa-conversao 1.0.0,22,ok
103730,per103730_1908_00174,4,0,0,,,triagem/nome-caixa-conversao 1.0.0,22,ok
103730,per103730_1908_00174,5,1,1,caixa dc conver,12944,triagem/nome-caixa-conversao 1.0.0,22,ok
103730,per103730_1908_00174,6,0,0,,,triagem/nome-caixa-conversao 1.0.0,22,ok
103730,per103730_1908_00174,7,0,0,,,triagem/nome-caixa-conversao 1.0.0,22,ok
103730,per103730_1908_00174,8,0,0,,,triagem/nome-caixa-conversao 1.0.0,22,ok
103730,per103730_1908_00174,9,0,0,,,triagem/nome-caixa-conversao 1.0.0,22,ok
103730,per103730_1908_00174,10,0,0,,,triagem/nome-caixa-conversao 1.0.0,22,ok
103730,per103730_1908_00174,11,0,0,,,triagem/nome-caixa-conversao 1.0.0,22,ok
103730,per103730_1908_00174,12,0,0,,,triagem/nome-caixa-conversao 1.0.0,22,ok
103730,per103730_1908_00174,13,0,0,,,triagem/nome-caixa-conversao 1.0.0,22,ok
103730,per103730_1908_00174,14,0,0,,,triagem/nome-caixa-conversao 1.0.0,22,ok
103730,per103730_1908_00174,15,0,0,,,triagem/nome-caixa-conversao 1.0.0,22,ok
103730,per103730_1908_00174,16,0,0,,,triagem/nome-caixa-conversao 1.0.0,22,ok
103730,per103730_1908_00174,17,0,0,,,triagem/nome-caixa-conversao 1.0.0,22,ok
103730,per103730_1908_00174,18,0,0,,,triagem/nome-caixa-conversao 1.0.0,22,ok
103730,per103730_1908_00175,1,0,0,,,triagem/nome-caixa-conversao 1.0.0,22,ok
103730,per103730_1908_00175,2,0,0,,,triagem/nome-caixa-conversao 1.0.0,22,ok
103730,per103730_1908_00175,3,0,0,,,triagem/nome-caixa-conversao 1.0.0,22,ok
103730,per103730_1908_00175,4,0,0,,,triagem/nome-caixa-conversao 1.0.0,22,ok
103730,per103730_1908_00175,5,0,0,,,triagem/nome-caixa-conversao 1.0.0,22,ok
103730,per103730_1908_00175,6,0,0,,,triagem/nome-caixa-conversao 1.0.0,22,ok
103730,per103730_1908_00176,1,0,0,,,triagem/nome-caixa-conversao 1.0.0,22,ok
103730,per103730_1908_00176,2,0,0,,,triagem/nome-caixa-conversao 1.0.0,22,ok
103730,per103730_1908_00176,3,0,0,,,triagem/nome-caixa-conversao 1.0.0,22,ok
103730,per103730_1908_00176,4,0,0,,,triagem/nome-caixa-conversao 1.0.0,22,ok
103730,per103730_1908_00176,5,0,0,,,triagem/nome-caixa-conversao 1.0.0,22,ok
103730,per103730_1908_00176,6,0,0,,,triagem/nome-caixa-conversao 1.0.0,22,ok
103730,per103730_1908_00177,1,1,1,caixa de conver,19405,triagem/nome-caixa-conversao 1.0.0,22,ok
103730,per103730_1908_00177,2,0,0,,,triagem/nome-caixa-conversao 1.0.0,22,ok
103730,per103730_1908_00177,3,0,0,,,triagem/nome-caixa-conversao 1.0.0,22,ok
103730,per103730_1908_00177,4,0,0,,,triagem/nome-caixa-conversao 1.0.0,22,ok
103730,per103730_1908_00177,5,0,0,,,triagem/nome-caixa-conversao 1.0.0,22,ok
103730,per103730_1908_00177,6,0,0,,,triagem/nome-caixa-conversao 1.0.0,22,ok
103730,per103730_1908_00178,1,0,0,,,triagem/nome-caixa-conversao 1.0.0,22,ok
103730,per103730_1908_00178,2,0,0,,,triagem/nome-caixa-conversao 1.0.0,22,ok
103730,per103730_1908_00178,3,0,0,,,triagem/nome-caixa-conversao 1.0.0,22,ok
103730,per103730_1908_00178,4,0,0,,,triagem/nome-caixa-conversao 1.0.0,22,ok
103730,per103730_1908_00178,5,0,0,,,triagem/nome-caixa-conversao 1.0.0,22,ok
103730,per103730_1908_00178,6,0,0,,,triagem/nome-caixa-conversao 1.0.0,22,ok
103730,per103730_1908_00178,7,0,0,,,triagem/nome-caixa-conversao 1.0.0,22,ok
103730,per103730_1908_00178,8,0,0,,,triagem/nome-caixa-conversao 1.0.0,22,ok
103730,per103730_1908_00179,1,0,0,,,triagem/nome-caixa-conversao 1.0.0,22,ok
103730,per103730_1908_00179,2,0,0,,,triagem/nome-caixa-conversao 1.0.0,22,ok
103730,per103730_1908_00179,3,0,0,,,triagem/nome-caixa-conversao 1.0.0,22,ok
103730,per103730_1908_00179,4,0,0,,,triagem/nome-caixa-conversao 1.0.0,22,ok
103730,per103730_1908_00179,5,0,0,,,triagem/nome-caixa-conversao 1.0.0,22,ok
103730,per103730_1908_00179,6,0,0,,,triagem/nome-caixa-conversao 1.0.0,22,ok
103730,per103730_1908_00181,1,0,0,,,triagem/nome-caixa-conversao 1.0.0,22,ok
103730,per103730_1908_00181,2,0,0,,,triagem/nome-caixa-conversao 1.0.0,22,ok
103730,per103730_1908_00181,3,0,0,,,triagem/nome-caixa-conversao 1.0.0,22,ok
103730,per103730_1908_00181,4,0,0,,,triagem/nome-caixa-conversao 1.0.0,22,ok
103730,per103730_1908_00181,5,0,0,,,triagem/nome-caixa-conversao 1.0.0,22,ok
103730,per103730_1908_00181,6,0,0,,,triagem/nome-caixa-conversao 1.0.0,22,ok
103730,per103730_1908_00181,7,0,0,,,triagem/nome-caixa-conversao 1.0.0,22,ok
103730,per103730_1908_00181,8,0,0,,,triagem/nome-caixa-conversao 1.0.0,22,ok
103730,per103730_1908_00181,9,0,0,,,triagem/nome-caixa-conversao 1.0.0,22,ok
103730,per103730_1908_00181,10,0,0,,,triagem/nome-caixa-conversao 1.0.0,22,ok
103730,per103730_1908_00181,11,0,0,,,triagem/nome-caixa-conversao 1.0.0,22,ok
103730,per103730_1908_00181,12,0,0,,,triagem/nome-caixa-conversao 1.0.0,22,ok
103730,per103730_1908_00181,13,0,0,,,triagem/nome-caixa-conversao 1.0.0,22,ok
103730,per103730_1908_00181,14,0,0,,,triagem/nome-caixa-conversao 1.0.0,22,ok
103730,per103730_1908_00181,15,1,1,caixa deconver,31206,triagem/nome-caixa-conversao 1.0.0,22,ok
103730,per103730_1908_00181,16,0,0,,,triagem/nome-caixa-conversao 1.0.0,22,ok
103730,per103730_1908_00182,1,0,0,,,triagem/nome-caixa-conversao 1.0.0,22,ok
103730,per103730_1908_00182,2,0,0,,,triagem/nome-caixa-conversao 1.0.0,22,ok
103730,per103730_1908_00182,3,0,0,,,triagem/nome-caixa-conversao 1.0.0,22,ok
103730,per103730_1908_00182,4,0,0,,,triagem/nome-caixa-conversao 1.0.0,22,ok
103730,per103730_1908_00182,5,0,0,,,triagem/nome-caixa-conversao 1.0.0,22,ok
103730,per103730_1908_00182,6,0,0,,,triagem/nome-caixa-conversao 1.0.0,22,ok
103730,per103730_1908_00183,1,0,0,,,triagem/nome-caixa-conversao 1.0.0,22,ok
103730,per103730_1908_00183,2,0,0,,,triagem/nome-caixa-conversao 1.0.0,22,ok
103730,per103730_1908_00183,3,0,0,,,triagem/nome-caixa-conversao 1.0.0,22,ok
103730,per103730_1908_00183,4,0,0,,,triagem/nome-caixa-conversao 1.0.0,22,ok
103730,per103730_1908_00183,5,0,0,,,triagem/nome-caixa-conversao 1.0.0,22,ok
103730,per103730_1908_00183,6,0,0,,,triagem/nome-caixa-conversao 1.0.0,22,ok
103730,per103730_1908_00184,1,0,0,,,triagem/nome-caixa-conversao 1.0.0,22,ok
103730,per103730_1908_00184,2,0,0,,,triagem/nome-caixa-conversao 1.0.0,22,ok
103730,per103730_1908_00184,3,0,0,,,triagem/nome-caixa-conversao 1.0.0,22,ok
103730,per103730_1908_00184,4,0,0,,,triagem/nome-caixa-conversao 1.0.0,22,ok
103730,per103730_1908_00184,5,0,0,,,triagem/nome-caixa-conversao 1.0.0,22,ok
103730,per103730_1908_00184,6,0,0,,,triagem/nome-caixa-conversao 1.0.0,22,ok
103730,per103730_1908_00184,7,0,0,,,triagem/nome-caixa-conversao 1.0.0,22,ok
103730,per103730_1908_00184,8,0,0,,,triagem/nome-caixa-conversao 1.0.0,22,ok
103730,per103730_1908_00185,1,0,0,,,triagem/nome-caixa-conversao 1.0.0,22,ok
103730,per103730_1908_00185,2,0,0,,,triagem/nome-caixa-conversao 1.0.0,22,ok
103730,per103730_1908_00185,3,0,0,,,triagem/nome-caixa-conversao 1.0.0,22,ok
103730,per103730_1908_00185,4,0,0,,,triagem/nome-caixa-conversao 1.0.0,22,ok
103730,per103730_1908_00185,5,0,0,,,triagem/nome-caixa-conversao 1.0.0,22,ok
103730,per103730_1908_00185,6,0,0,,,triagem/nome-caixa-conversao 1.0.0,22,ok
103730,per103730_1908_00186,1,1,1,caixade conver,24755,triagem/nome-caixa-conversao 1.0.0,22,ok
103730,per103730_1908_00186,2,0,0,,,triagem/nome-caixa-conversao 1.0.0,22,ok
103730,per103730_1908_00186,3,0,0,,,triagem/nome-caixa-conversao 1.0.0,22,ok
103730,per103730_1908_00186,4,0,0,,,triagem/nome-caixa-conversao 1.0.0,22,ok
103730,per103730_1908_00186,5,0,0,,,triagem/nome-caixa-conversao 1.0.0,22,ok
103730,per103730_1908_00186,6,0,0,,,triagem/nome-caixa-conversao 1.0.0,22,ok
103730,per103730_1908_00188,1,0,0,,,triagem/nome-caixa-conversao 1.0.0,22,ok
103730,per103730_1908_00188,2,0,0,,,triagem/nome-caixa-conversao 1.0.0,22,ok
103730,per103730_1908_00188,3,0,0,,,triagem/nome-caixa-conversao 1.0.0,22,ok
103730,per103730_1908_00188,4,0,0,,,triagem/nome-caixa-conversao 1.0.0,22,ok
103730,per103730_1908_00188,5,0,0,,,triagem/nome-caixa-conversao 1.0.0,22,ok
103730,per103730_1908_00188,6,0,0,,,triagem/nome-caixa-conversao 1.0.0,22,ok
103730,per103730_1908_00188,7,0,0,,,triagem/nome-caixa-conversao 1.0.0,22,ok
103730,per103730_1908_00188,8,0,0,,,triagem/nome-caixa-conversao 1.0.0,22,ok
103730,per103730_1908_00188,9,0,0,,,triagem/nome-caixa-conversao 1.0.0,22,ok
103730,per103730_1908_00188,10,0,0,,,triagem/nome-caixa-conversao 1.0.0,22,ok
103730,per103730_1908_00190,1,0,0,,,triagem/nome-caixa-conversao 1.0.0,22,ok
103730,per103730_1908_00190,2,0,0,,,triagem/nome-caixa-conversao 1.0.0,22,ok
103730,per103730_1908_00190,3,0,0,,,triagem/nome-caixa-conversao 1.0.0,22,ok
103730,per103730_1908_00190,4,0,0,,,triagem/nome-caixa-conversao 1.0.0,22,ok
103730,per103730_1908_00190,5,0,0,,,triagem/nome-caixa-conversao 1.0.0,22,ok
103730,per103730_1908_00190,6,0,0,,,triagem/nome-caixa-conversao 1.0.0,22,ok
103730,per103730_1908_00191,1,0,0,,,triagem/nome-caixa-conversao 1.0.0,22,ok
103730,per103730_1908_00191,2,0,0,,,triagem/nome-caixa-conversao 1.0.0,22,ok
103730,per103730_1908_00191,3,0,0,,,triagem/nome-caixa-conversao 1.0.0,22,ok
103730,per103730_1908_00191,4,0,0,,,triagem/nome-caixa-conversao 1.0.0,22,ok
103730,per103730_1908_00191,5,0,0,,,triagem/nome-caixa-conversao 1.0.0,22,ok
103730,per103730_1908_00191,6,0,0,,,triagem/nome-caixa-conversao 1.0.0,22,ok
103730,per103730_1908_00191,7,0,0,,,triagem/nome-caixa-conversao 1.0.0,22,ok
103730,per103730_1908_00191,8,0,0,,,triagem/nome-caixa-conversao 1.0.0,22,ok
103730,per103730_1908_00191,9,0,0,,,triagem/nome-caixa-conversao 1.0.0,22,ok
103730,per103730_1908_00191,10,0,0,,,triagem/nome-caixa-conversao 1.0.0,22,ok
103730,per103730_1908_00192,1,0,0,,,triagem/nome-caixa-conversao 1.0.0,22,ok
103730,per103730_1908_00192,2,0,0,,,triagem/nome-caixa-conversao 1.0.0,22,ok
103730,per103730_1908_00192,3,0,0,,,triagem/nome-caixa-conversao 1.0.0,22,ok
103730,per103730_1908_00192,4,0,0,,,triagem/nome-caixa-conversao 1.0.0,22,ok
103730,per103730_1908_00192,5,0,0,,,triagem/nome-caixa-conversao 1.0.0,22,ok
103730,per103730_1908_00192,6,0,0,,,triagem/nome-caixa-conversao 1.0.0,22,ok
103730,per103730_1908_00193,1,0,0,,,triagem/nome-caixa-conversao 1.0.0,22,ok
103730,per103730_1908_00193,2,0,0,,,triagem/nome-caixa-conversao 1.0.0,22,ok
103730,per103730_1908_00193,3,0,0,,,triagem/nome-caixa-conversao 1.0.0,22,ok
103730,per103730_1908_00193,4,0,0,,,triagem/nome-caixa-conversao 1.0.0,22,ok
103730,per103730_1908_00193,5,0,0,,,triagem/nome-caixa-conversao 1.0.0,22,ok
103730,per103730_1908_00193,6,0,0,,,triagem/nome-caixa-conversao 1.0.0,22,ok
103730,per103730_1908_00194,1,0,0,,,triagem/nome-caixa-conversao 1.0.0,22,ok
103730,per103730_1908_00194,2,0,0,,,triagem/nome-caixa-conversao 1.0.0,22,ok
103730,per103730_1908_00194,3,0,0,,,triagem/nome-caixa-conversao 1.0.0,22,ok
103730,per103730_1908_00194,4,0,0,,,triagem/nome-caixa-conversao 1.0.0,22,ok
103730,per103730_1908_00194,5,0,0,,,triagem/nome-caixa-conversao 1.0.0,22,ok
103730,per103730_1908_00194,6,0,0,,,triagem/nome-caixa-conversao 1.0.0,22,ok
103730,per103730_1908_00194,7,0,0,,,triagem/nome-caixa-conversao 1.0.0,22,ok
103730,per103730_1908_00194,8,0,0,,,triagem/nome-caixa-conversao 1.0.0,22,ok
103730,per103730_1908_00194,9,0,0,,,triagem/nome-caixa-conversao 1.0.0,22,ok
103730,per103730_1908_00194,10,0,0,,,triagem/nome-caixa-conversao 1.0.0,22,ok
103730,per103730_1908_00194,11,0,0,,,triagem/nome-caixa-conversao 1.0.0,22,ok
103730,per103730_1908_00194,12,0,0,,,triagem/nome-caixa-conversao 1.0.0,22,ok
103730,per103730_1908_00195,1,0,0,,,triagem/nome-caixa-conversao 1.0.0,22,ok
103730,per103730_1908_00195,2,0,0,,,triagem/nome-caixa-conversao 1.0.0,22,ok
103730,per103730_1908_00195,3,0,0,,,triagem/nome-caixa-conversao 1.0.0,22,ok
103730,per103730_1908_00195,4,0,0,,,triagem/nome-caixa-conversao 1.0.0,22,ok
103730,per103730_1908_00195,5,0,0,,,triagem/nome-caixa-conversao 1.0.0,22,ok
103730,per103730_1908_00195,6,0,0,,,triagem/nome-caixa-conversao 1.0.0,22,ok
103730,per103730_1908_00197,1,0,0,,,triagem/nome-caixa-conversao 1.0.0,22,ok
103730,per103730_1908_00197,2,0,0,,,triagem/nome-caixa-conversao 1.0.0,22,ok
103730,per103730_1908_00197,3,0,0,,,triagem/nome-caixa-conversao 1.0.0,22,ok
103730,per103730_1908_00197,4,0,0,,,triagem/nome-caixa-conversao 1.0.0,22,ok
103730,per103730_1908_00197,5,0,0,,,triagem/nome-caixa-conversao 1.0.0,22,ok
103730,per103730_1908_00197,6,0,0,,,triagem/nome-caixa-conversao 1.0.0,22,ok
103730,per103730_1908_00198,1,0,0,,,triagem/nome-caixa-conversao 1.0.0,22,ok
103730,per103730_1908_00198,2,0,0,,,triagem/nome-caixa-conversao 1.0.0,22,ok
103730,per103730_1908_00198,3,0,0,,,triagem/nome-caixa-conversao 1.0.0,22,ok
103730,per103730_1908_00198,4,0,0,,,triagem/nome-caixa-conversao 1.0.0,22,ok
103730,per103730_1908_00198,5,0,0,,,triagem/nome-caixa-conversao 1.0.0,22,ok
103730,per103730_1908_00198,6,0,0,,,triagem/nome-caixa-conversao 1.0.0,22,ok
103730,per103730_1908_00198,7,0,0,,,triagem/nome-caixa-conversao 1.0.0,22,ok
103730,per103730_1908_00198,8,0,0,,,triagem/nome-caixa-conversao 1.0.0,22,ok
103730,per103730_1908_00198,9,0,0,,,triagem/nome-caixa-conversao 1.0.0,22,ok
103730,per103730_1908_00198,10,0,0,,,triagem/nome-caixa-conversao 1.0.0,22,ok
103730,per103730_1908_00200,1,0,0,,,triagem/nome-caixa-conversao 1.0.0,22,ok
103730,per103730_1908_00200,2,0,0,,,triagem/nome-caixa-conversao 1.0.0,22,ok
103730,per103730_1908_00200,3,0,0,,,triagem/nome-caixa-conversao 1.0.0,22,ok
103730,per103730_1908_00200,4,0,0,,,triagem/nome-caixa-conversao 1.0.0,22,ok
103730,per103730_1908_00200,5,0,0,,,triagem/nome-caixa-conversao 1.0.0,22,ok
103730,per103730_1908_00200,6,0,0,,,triagem/nome-caixa-conversao 1.0.0,22,ok
103730,per103730_1908_00200,7,0,0,,,triagem/nome-caixa-conversao 1.0.0,22,ok
103730,per103730_1908_00200,8,0,0,,,triagem/nome-caixa-conversao 1.0.0,22,ok
103730,per103730_1908_00201,1,0,0,,,triagem/nome-caixa-conversao 1.0.0,22,ok
103730,per103730_1908_00201,2,0,0,,,triagem/nome-caixa-conversao 1.0.0,22,ok
103730,per103730_1908_00201,3,0,0,,,triagem/nome-caixa-conversao 1.0.0,22,ok
103730,per103730_1908_00201,4,0,0,,,triagem/nome-caixa-conversao 1.0.0,22,ok
103730,per103730_1908_00201,5,0,0,,,triagem/nome-caixa-conversao 1.0.0,22,ok
103730,per103730_1908_00201,6,0,0,,,triagem/nome-caixa-conversao 1.0.0,22,ok
103730,per103730_1908_00201,7,1,1,caixa de conver,39233,triagem/nome-caixa-conversao 1.0.0,22,ok
103730,per103730_1908_00201,8,0,0,,,triagem/nome-caixa-conversao 1.0.0,22,ok
103730,per103730_1908_00201,9,0,0,,,triagem/nome-caixa-conversao 1.0.0,22,ok
103730,per103730_1908_00201,10,0,0,,,triagem/nome-caixa-conversao 1.0.0,22,ok
103730,per103730_1908_00201,11,0,0,,,triagem/nome-caixa-conversao 1.0.0,22,ok
103730,per103730_1908_00201,12,0,0,,,triagem/nome-caixa-conversao 1.0.0,22,ok
103730,per103730_1908_00202,1,0,0,,,triagem/nome-caixa-conversao 1.0.0,22,ok
103730,per103730_1908_00202,2,0,0,,,triagem/nome-caixa-conversao 1.0.0,22,ok
103730,per103730_1908_00202,3,0,0,,,triagem/nome-caixa-conversao 1.0.0,22,ok
103730,per103730_1908_00202,4,0,0,,,triagem/nome-caixa-conversao 1.0.0,22,ok
103730,per103730_1908_00202,5,0,0,,,triagem/nome-caixa-conversao 1.0.0,22,ok
103730,per103730_1908_00202,6,0,0,,,triagem/nome-caixa-conversao 1.0.0,22,ok
103730,per103730_1908_00203,1,1,1,caixa deconver,38124,triagem/nome-caixa-conversao 1.0.0,22,ok
103730,per103730_1908_00203,2,0,0,,,triagem/nome-caixa-conversao 1.0.0,22,ok
103730,per103730_1908_00203,3,0,0,,,triagem/nome-caixa-conversao 1.0.0,22,ok
103730,per103730_1908_00203,4,0,0,,,triagem/nome-caixa-conversao 1.0.0,22,ok
103730,per103730_1908_00203,5,0,0,,,triagem/nome-caixa-conversao 1.0.0,22,ok
103730,per103730_1908_00203,6,0,0,,,triagem/nome-caixa-conversao 1.0.0,22,ok
103730,per103730_1908_00204,1,0,0,,,triagem/nome-caixa-conversao 1.0.0,22,ok
103730,per103730_1908_00204,2,0,0,,,triagem/nome-caixa-conversao 1.0.0,22,ok
103730,per103730_1908_00204,3,0,0,,,triagem/nome-caixa-conversao 1.0.0,22,ok
103730,per103730_1908_00204,4,0,0,,,triagem/nome-caixa-conversao 1.0.0,22,ok
103730,per103730_1908_00204,5,0,0,,,triagem/nome-caixa-conversao 1.0.0,22,ok
103730,per103730_1908_00204,6,0,0,,,triagem/nome-caixa-conversao 1.0.0,22,ok
103730,per103730_1908_00204,7,0,0,,,triagem/nome-caixa-conversao 1.0.0,22,ok
103730,per103730_1908_00204,8,0,0,,,triagem/nome-caixa-conversao 1.0.0,22,ok
103730,per103730_1908_00205,1,0,0,,,triagem/nome-caixa-conversao 1.0.0,22,ok
103730,per103730_1908_00205,2,0,0,,,triagem/nome-caixa-conversao 1.0.0,22,ok
103730,per103730_1908_00205,3,0,0,,,triagem/nome-caixa-conversao 1.0.0,22,ok
103730,per103730_1908_00205,4,0,0,,,triagem/nome-caixa-conversao 1.0.0,22,ok
103730,per103730_1908_00205,5,0,0,,,triagem/nome-caixa-conversao 1.0.0,22,ok
103730,per103730_1908_00205,6,0,0,,,triagem/nome-caixa-conversao 1.0.0,22,ok
103730,per103730_1908_00205,7,0,0,,,triagem/nome-caixa-conversao 1.0.0,22,ok
103730,per103730_1908_00205,8,0,0,,,triagem/nome-caixa-conversao 1.0.0,22,ok
103730,per103730_1908_00205,9,0,0,,,triagem/nome-caixa-conversao 1.0.0,22,ok
103730,per103730_1908_00205,10,0,0,,,triagem/nome-caixa-conversao 1.0.0,22,ok
103730,per103730_1908_00206,1,0,0,,,triagem/nome-caixa-conversao 1.0.0,22,ok
103730,per103730_1908_00206,2,0,0,,,triagem/nome-caixa-conversao 1.0.0,22,ok
103730,per103730_1908_00206,3,0,0,,,triagem/nome-caixa-conversao 1.0.0,22,ok
103730,per103730_1908_00206,4,0,0,,,triagem/nome-caixa-conversao 1.0.0,22,ok
103730,per103730_1908_00206,5,0,0,,,triagem/nome-caixa-conversao 1.0.0,22,ok
103730,per103730_1908_00206,6,0,0,,,triagem/nome-caixa-conversao 1.0.0,22,ok
103730,per103730_1908_00206,7,0,0,,,triagem/nome-caixa-conversao 1.0.0,22,ok
103730,per103730_1908_00206,8,0,0,,,triagem/nome-caixa-conversao 1.0.0,22,ok
103730,per103730_1908_00207,1,1,1,caixa dc conver,23926,triagem/nome-caixa-conversao 1.0.0,22,ok
103730,per103730_1908_00207,2,0,0,,,triagem/nome-caixa-conversao 1.0.0,22,ok
103730,per103730_1908_00207,3,0,0,,,triagem/nome-caixa-conversao 1.0.0,22,ok
103730,per103730_1908_00207,4,0,0,,,triagem/nome-caixa-conversao 1.0.0,22,ok
103730,per103730_1908_00207,5,0,0,,,triagem/nome-caixa-conversao 1.0.0,22,ok
103730,per103730_1908_00207,6,0,0,,,triagem/nome-caixa-conversao 1.0.0,22,ok
103730,per103730_1908_00208,1,0,0,,,triagem/nome-caixa-conversao 1.0.0,22,ok
103730,per103730_1908_00208,2,0,0,,,triagem/nome-caixa-conversao 1.0.0,22,ok
103730,per103730_1908_00208,3,0,0,,,triagem/nome-caixa-conversao 1.0.0,22,ok
103730,per103730_1908_00208,4,0,0,,,triagem/nome-caixa-conversao 1.0.0,22,ok
103730,per103730_1908_00208,5,1,1,caixa do conver,33148,triagem/nome-caixa-conversao 1.0.0,22,ok
103730,per103730_1908_00208,6,0,0,,,triagem/nome-caixa-conversao 1.0.0,22,ok
103730,per103730_1908_00208,7,0,0,,,triagem/nome-caixa-conversao 1.0.0,22,ok
103730,per103730_1908_00208,8,0,0,,,triagem/nome-caixa-conversao 1.0.0,22,ok
103730,per103730_1908_00208,9,0,0,,,triagem/nome-caixa-conversao 1.0.0,22,ok
103730,per103730_1908_00208,10,0,0,,,triagem/nome-caixa-conversao 1.0.0,22,ok
103730,per103730_1908_00208,11,0,0,,,triagem/nome-caixa-conversao 1.0.0,22,ok
103730,per103730_1908_00208,12,0,0,,,triagem/nome-caixa-conversao 1.0.0,22,ok
103730,per103730_1908_00209,1,0,0,,,triagem/nome-caixa-conversao 1.0.0,22,ok
103730,per103730_1908_00209,2,0,0,,,triagem/nome-caixa-conversao 1.0.0,22,ok
103730,per103730_1908_00209,3,0,0,,,triagem/nome-caixa-conversao 1.0.0,22,ok
103730,per103730_1908_00209,4,0,0,,,triagem/nome-caixa-conversao 1.0.0,22,ok
103730,per103730_1908_00209,5,0,0,,,triagem/nome-caixa-conversao 1.0.0,22,ok
103730,per103730_1908_00209,6,0,0,,,triagem/nome-caixa-conversao 1.0.0,22,ok
103730,per103730_1908_00210,1,0,0,,,triagem/nome-caixa-conversao 1.0.0,22,ok
103730,per103730_1908_00210,2,0,0,,,triagem/nome-caixa-conversao 1.0.0,22,ok
103730,per103730_1908_00210,3,0,0,,,triagem/nome-caixa-conversao 1.0.0,22,ok
103730,per103730_1908_00210,4,0,0,,,triagem/nome-caixa-conversao 1.0.0,22,ok
103730,per103730_1908_00210,5,0,0,,,triagem/nome-caixa-conversao 1.0.0,22,ok
103730,per103730_1908_00210,6,0,0,,,triagem/nome-caixa-conversao 1.0.0,22,ok
103730,per103730_1908_00210,7,0,0,,,triagem/nome-caixa-conversao 1.0.0,22,ok
103730,per103730_1908_00210,8,0,0,,,triagem/nome-caixa-conversao 1.0.0,22,ok
103730,per103730_1908_00211,1,1,1,caixa do conver,14685,triagem/nome-caixa-conversao 1.0.0,22,ok
103730,per103730_1908_00211,2,0,0,,,triagem/nome-caixa-conversao 1.0.0,22,ok
103730,per103730_1908_00211,3,0,0,,,triagem/nome-caixa-conversao 1.0.0,22,ok
103730,per103730_1908_00211,4,0,0,,,triagem/nome-caixa-conversao 1.0.0,22,ok
103730,per103730_1908_00211,5,0,0,,,triagem/nome-caixa-conversao 1.0.0,22,ok
103730,per103730_1908_00211,6,0,0,,,triagem/nome-caixa-conversao 1.0.0,22,ok
103730,per103730_1908_00212,1,0,0,,,triagem/nome-caixa-conversao 1.0.0,22,ok
103730,per103730_1908_00212,2,1,1,caixa de conver,22897,triagem/nome-caixa-conversao 1.0.0,22,ok
103730,per103730_1908_00212,3,0,0,,,triagem/nome-caixa-conversao 1.0.0,22,ok
103730,per103730_1908_00212,4,0,0,,,triagem/nome-caixa-conversao 1.0.0,22,ok
103730,per103730_1908_00212,5,0,0,,,triagem/nome-caixa-conversao 1.0.0,22,ok
103730,per103730_1908_00212,6,0,0,,,triagem/nome-caixa-conversao 1.0.0,22,ok
103730,per103730_1908_00213,1,0,0,,,triagem/nome-caixa-conversao 1.0.0,22,ok
103730,per103730_1908_00213,2,0,0,,,triagem/nome-caixa-conversao 1.0.0,22,ok
103730,per103730_1908_00213,3,0,0,,,triagem/nome-caixa-conversao 1.0.0,22,ok
103730,per103730_1908_00213,4,0,0,,,triagem/nome-caixa-conversao 1.0.0,22,ok
103730,per103730_1908_00213,5,0,0,,,triagem/nome-caixa-conversao 1.0.0,22,ok
103730,per103730_1908_00213,6,0,0,,,triagem/nome-caixa-conversao 1.0.0,22,ok
103730,per103730_1908_00214,1,1,1,caixa de conver,25402,triagem/nome-caixa-conversao 1.0.0,22,ok
103730,per103730_1908_00214,2,0,0,,,triagem/nome-caixa-conversao 1.0.0,22,ok
103730,per103730_1908_00214,3,0,0,,,triagem/nome-caixa-conversao 1.0.0,22,ok
103730,per103730_1908_00214,4,1,3,caixa dc conver,47339,triagem/nome-caixa-conversao 1.0.0,22,ok
103730,per103730_1908_00214,5,0,0,,,triagem/nome-caixa-conversao 1.0.0,22,ok
103730,per103730_1908_00214,6,0,0,,,triagem/nome-caixa-conversao 1.0.0,22,ok
103730,per103730_1908_00215,1,0,0,,,triagem/nome-caixa-conversao 1.0.0,22,ok
103730,per103730_1908_00215,2,0,0,,,triagem/nome-caixa-conversao 1.0.0,22,ok
103730,per103730_1908_00215,3,0,0,,,triagem/nome-caixa-conversao 1.0.0,22,ok
103730,per103730_1908_00215,4,0,0,,,triagem/nome-caixa-conversao 1.0.0,22,ok
103730,per103730_1908_00215,5,0,0,,,triagem/nome-caixa-conversao 1.0.0,22,ok
103730,per103730_1908_00215,6,1,1,caixa do conver,26887,triagem/nome-caixa-conversao 1.0.0,22,ok
103730,per103730_1908_00215,7,0,0,,,triagem/nome-caixa-conversao 1.0.0,22,ok
103730,per103730_1908_00215,8,0,0,,,triagem/nome-caixa-conversao 1.0.0,22,ok
103730,per103730_1908_00215,9,0,0,,,triagem/nome-caixa-conversao 1.0.0,22,ok
103730,per103730_1908_00215,10,0,0,,,triagem/nome-caixa-conversao 1.0.0,22,ok
103730,per103730_1908_00215,11,0,0,,,triagem/nome-caixa-conversao 1.0.0,22,ok
103730,per103730_1908_00215,12,0,0,,,triagem/nome-caixa-conversao 1.0.0,22,ok
103730,per103730_1908_00215,13,0,0,,,triagem/nome-caixa-conversao 1.0.0,22,ok
103730,per103730_1908_00215,14,0,0,,,triagem/nome-caixa-conversao 1.0.0,22,ok
103730,per103730_1908_00215,15,0,0,,,triagem/nome-caixa-conversao 1.0.0,22,ok
103730,per103730_1908_00215,16,0,0,,,triagem/nome-caixa-conversao 1.0.0,22,ok
103730,per103730_1908_00215,17,0,0,,,triagem/nome-caixa-conversao 1.0.0,22,ok
103730,per103730_1908_00215,18,0,0,,,triagem/nome-caixa-conversao 1.0.0,22,ok
103730,per103730_1908_00215,19,0,0,,,triagem/nome-caixa-conversao 1.0.0,22,ok
103730,per103730_1908_00215,20,0,0,,,triagem/nome-caixa-conversao 1.0.0,22,ok
103730,per103730_1908_00215,21,0,0,,,triagem/nome-caixa-conversao 1.0.0,22,ok
103730,per103730_1908_00215,22,0,0,,,triagem/nome-caixa-conversao 1.0.0,22,ok
103730,per103730_1908_00215,23,0,0,,,triagem/nome-caixa-conversao 1.0.0,22,ok
103730,per103730_1908_00215,24,0,0,,,triagem/nome-caixa-conversao 1.0.0,22,ok
103730,per103730_1908_00215,25,0,0,,,triagem/nome-caixa-conversao 1.0.0,22,ok
103730,per103730_1908_00215,26,0,0,,,triagem/nome-caixa-conversao 1.0.0,22,ok
103730,per103730_1908_00215,27,0,0,,,triagem/nome-caixa-conversao 1.0.0,22,ok
103730,per103730_1908_00215,28,0,0,,,triagem/nome-caixa-conversao 1.0.0,22,ok
103730,per103730_1908_00216,1,0,0,,,triagem/nome-caixa-conversao 1.0.0,22,ok
103730,per103730_1908_00216,2,0,0,,,triagem/nome-caixa-conversao 1.0.0,22,ok
103730,per103730_1908_00216,3,0,0,,,triagem/nome-caixa-conversao 1.0.0,22,ok
103730,per103730_1908_00216,4,0,0,,,triagem/nome-caixa-conversao 1.0.0,22,ok
103730,per103730_1908_00216,5,0,0,,,triagem/nome-caixa-conversao 1.0.0,22,ok
103730,per103730_1908_00216,6,0,0,,,triagem/nome-caixa-conversao 1.0.0,22,ok
103730,per103730_1908_00217,1,0,0,,,triagem/nome-caixa-conversao 1.0.0,22,ok
103730,per103730_1908_00217,2,1,1,caixa deconver,43973,triagem/nome-caixa-conversao 1.0.0,22,ok
103730,per103730_1908_00217,3,0,0,,,triagem/nome-caixa-conversao 1.0.0,22,ok
103730,per103730_1908_00217,4,0,0,,,triagem/nome-caixa-conversao 1.0.0,22,ok
103730,per103730_1908_00217,5,0,0,,,triagem/nome-caixa-conversao 1.0.0,22,ok
103730,per103730_1908_00217,6,0,0,,,triagem/nome-caixa-conversao 1.0.0,22,ok
103730,per103730_1908_00218,1,0,0,,,triagem/nome-caixa-conversao 1.0.0,22,ok
103730,per103730_1908_00218,2,0,0,,,triagem/nome-caixa-conversao 1.0.0,22,ok
103730,per103730_1908_00218,3,1,1,caixa de conver,46950,triagem/nome-caixa-conversao 1.0.0,22,ok
103730,per103730_1908_00218,4,0,0,,,triagem/nome-caixa-conversao 1.0.0,22,ok
103730,per103730_1908_00218,5,0,0,,,triagem/nome-caixa-conversao 1.0.0,22,ok
103730,per103730_1908_00218,6,0,0,,,triagem/nome-caixa-conversao 1.0.0,22,ok
103730,per103730_1908_00219,1,0,0,,,triagem/nome-caixa-conversao 1.0.0,22,ok
103730,per103730_1908_00219,2,1,1,caixa deconver,50796,triagem/nome-caixa-conversao 1.0.0,22,ok
103730,per103730_1908_00219,3,0,0,,,triagem/nome-caixa-conversao 1.0.0,22,ok
103730,per103730_1908_00219,4,0,0,,,triagem/nome-caixa-conversao 1.0.0,22,ok
103730,per103730_1908_00219,5,0,0,,,triagem/nome-caixa-conversao 1.0.0,22,ok
103730,per103730_1908_00219,6,0,0,,,triagem/nome-caixa-conversao 1.0.0,22,ok
103730,per103730_1908_00219,7,0,0,,,triagem/nome-caixa-conversao 1.0.0,22,ok
103730,per103730_1908_00219,8,0,0,,,triagem/nome-caixa-conversao 1.0.0,22,ok
103730,per103730_1908_00219,9,1,1,caixa do conver,23145,triagem/nome-caixa-conversao 1.0.0,22,ok
103730,per103730_1908_00220,1,1,1,caixa de conver,22493,triagem/nome-caixa-conversao 1.0.0,22,ok
103730,per103730_1908_00220,2,0,0,,,triagem/nome-caixa-conversao 1.0.0,22,ok
103730,per103730_1908_00220,3,0,0,,,triagem/nome-caixa-conversao 1.0.0,22,ok
103730,per103730_1908_00220,4,0,0,,,triagem/nome-caixa-conversao 1.0.0,22,ok
103730,per103730_1908_00220,5,0,0,,,triagem/nome-caixa-conversao 1.0.0,22,ok
103730,per103730_1908_00220,6,0,0,,,triagem/nome-caixa-conversao 1.0.0,22,ok
103730,per103730_1908_00221,1,0,0,,,triagem/nome-caixa-conversao 1.0.0,22,ok
103730,per103730_1908_00221,2,1,1,caixade conver,45194,triagem/nome-caixa-conversao 1.0.0,22,ok
103730,per103730_1908_00221,3,0,0,,,triagem/nome-caixa-conversao 1.0.0,22,ok
103730,per103730_1908_00221,4,0,0,,,triagem/nome-caixa-conversao 1.0.0,22,ok
103730,per103730_1908_00221,5,0,0,,,triagem/nome-caixa-conversao 1.0.0,22,ok
103730,per103730_1908_00221,6,0,0,,,triagem/nome-caixa-conversao 1.0.0,22,ok
103730,per103730_1908_00221,7,0,0,,,triagem/nome-caixa-conversao 1.0.0,22,ok
103730,per103730_1908_00222,1,0,0,,,triagem/nome-caixa-conversao 1.0.0,22,ok
103730,per103730_1908_00222,2,0,0,,,triagem/nome-caixa-conversao 1.0.0,22,ok
103730,per103730_1908_00222,3,0,0,,,triagem/nome-caixa-conversao 1.0.0,22,ok
103730,per103730_1908_00222,4,0,0,,,triagem/nome-caixa-conversao 1.0.0,22,ok
103730,per103730_1908_00222,5,1,1,caixa de conver,27123,triagem/nome-caixa-conversao 1.0.0,22,ok
103730,per103730_1908_00222,6,0,0,,,triagem/nome-caixa-conversao 1.0.0,22,ok
103730,per103730_1908_00222,7,1,1,caixa deconver,27544,triagem/nome-caixa-conversao 1.0.0,22,ok
103730,per103730_1908_00222,8,0,0,,,triagem/nome-caixa-conversao 1.0.0,22,ok
103730,per103730_1908_00222,9,0,0,,,triagem/nome-caixa-conversao 1.0.0,22,ok
103730,per103730_1908_00222,10,0,0,,,triagem/nome-caixa-conversao 1.0.0,22,ok
103730,per103730_1908_00222,11,0,0,,,triagem/nome-caixa-conversao 1.0.0,22,ok
103730,per103730_1908_00222,12,0,0,,,triagem/nome-caixa-conversao 1.0.0,22,ok
103730,per103730_1908_00223,1,0,0,,,triagem/nome-caixa-conversao 1.0.0,22,ok
103730,per103730_1908_00223,2,0,0,,,triagem/nome-caixa-conversao 1.0.0,22,ok
103730,per103730_1908_00223,3,0,0,,,triagem/nome-caixa-conversao 1.0.0,22,ok
103730,per103730_1908_00223,4,0,0,,,triagem/nome-caixa-conversao 1.0.0,22,ok
103730,per103730_1908_00223,5,0,0,,,triagem/nome-caixa-conversao 1.0.0,22,ok
103730,per103730_1908_00223,6,0,0,,,triagem/nome-caixa-conversao 1.0.0,22,ok
103730,per103730_1908_00223,7,0,0,,,triagem/nome-caixa-conversao 1.0.0,22,ok
103730,per103730_1908_00224,1,0,0,,,triagem/nome-caixa-conversao 1.0.0,22,ok
103730,per103730_1908_00224,2,1,1,caixa do conver,31556,triagem/nome-caixa-conversao 1.0.0,22,ok
103730,per103730_1908_00224,3,0,0,,,triagem/nome-caixa-conversao 1.0.0,22,ok
103730,per103730_1908_00224,4,0,0,,,triagem/nome-caixa-conversao 1.0.0,22,ok
103730,per103730_1908_00224,5,0,0,,,triagem/nome-caixa-conversao 1.0.0,22,ok
103730,per103730_1908_00224,6,0,0,,,triagem/nome-caixa-conversao 1.0.0,22,ok
103730,per103730_1908_00225,1,0,0,,,triagem/nome-caixa-conversao 1.0.0,22,ok
103730,per103730_1908_00225,2,0,0,,,triagem/nome-caixa-conversao 1.0.0,22,ok
103730,per103730_1908_00225,3,0,0,,,triagem/nome-caixa-conversao 1.0.0,22,ok
103730,per103730_1908_00225,4,0,0,,,triagem/nome-caixa-conversao 1.0.0,22,ok
103730,per103730_1908_00225,5,0,0,,,triagem/nome-caixa-conversao 1.0.0,22,ok
103730,per103730_1908_00225,6,0,0,,,triagem/nome-caixa-conversao 1.0.0,22,ok
103730,per103730_1908_00225,7,0,0,,,triagem/nome-caixa-conversao 1.0.0,22,ok
103730,per103730_1908_00225,8,0,0,,,triagem/nome-caixa-conversao 1.0.0,22,ok
103730,per103730_1908_00226,1,0,0,,,triagem/nome-caixa-conversao 1.0.0,22,ok
103730,per103730_1908_00226,2,0,0,,,triagem/nome-caixa-conversao 1.0.0,22,ok
103730,per103730_1908_00226,3,0,0,,,triagem/nome-caixa-conversao 1.0.0,22,ok
103730,per103730_1908_00226,4,0,0,,,triagem/nome-caixa-conversao 1.0.0,22,ok
103730,per103730_1908_00226,5,0,0,,,triagem/nome-caixa-conversao 1.0.0,22,ok
103730,per103730_1908_00226,6,0,0,,,triagem/nome-caixa-conversao 1.0.0,22,ok
103730,per103730_1908_00227,1,0,0,,,triagem/nome-caixa-conversao 1.0.0,22,ok
103730,per103730_1908_00227,2,0,0,,,triagem/nome-caixa-conversao 1.0.0,22,ok
103730,per103730_1908_00227,3,0,0,,,triagem/nome-caixa-conversao 1.0.0,22,ok
103730,per103730_1908_00227,4,0,0,,,triagem/nome-caixa-conversao 1.0.0,22,ok
103730,per103730_1908_00227,5,0,0,,,triagem/nome-caixa-conversao 1.0.0,22,ok
103730,per103730_1908_00227,6,0,0,,,triagem/nome-caixa-conversao 1.0.0,22,ok
103730,per103730_1908_00228,1,0,0,,,triagem/nome-caixa-conversao 1.0.0,22,ok
103730,per103730_1908_00228,2,1,1,caixa de conver,22816,triagem/nome-caixa-conversao 1.0.0,22,ok
103730,per103730_1908_00228,3,0,0,,,triagem/nome-caixa-conversao 1.0.0,22,ok
103730,per103730_1908_00228,4,0,0,,,triagem/nome-caixa-conversao 1.0.0,22,ok
103730,per103730_1908_00228,5,0,0,,,triagem/nome-caixa-conversao 1.0.0,22,ok
103730,per103730_1908_00228,6,0,0,,,triagem/nome-caixa-conversao 1.0.0,22,ok
103730,per103730_1908_00228,7,0,0,,,triagem/nome-caixa-conversao 1.0.0,22,ok
103730,per103730_1908_00228,8,0,0,,,triagem/nome-caixa-conversao 1.0.0,22,ok
103730,per103730_1908_00229,1,0,0,,,triagem/nome-caixa-conversao 1.0.0,22,ok
103730,per103730_1908_00229,2,0,0,,,triagem/nome-caixa-conversao 1.0.0,22,ok
103730,per103730_1908_00229,3,0,0,,,triagem/nome-caixa-conversao 1.0.0,22,ok
103730,per103730_1908_00229,4,0,0,,,triagem/nome-caixa-conversao 1.0.0,22,ok
103730,per103730_1908_00229,5,0,0,,,triagem/nome-caixa-conversao 1.0.0,22,ok
103730,per103730_1908_00229,6,0,0,,,triagem/nome-caixa-conversao 1.0.0,22,ok
103730,per103730_1908_00229,7,0,0,,,triagem/nome-caixa-conversao 1.0.0,22,ok
103730,per103730_1908_00229,8,0,0,,,triagem/nome-caixa-conversao 1.0.0,22,ok
103730,per103730_1908_00229,9,0,0,,,triagem/nome-caixa-conversao 1.0.0,22,ok
103730,per103730_1908_00229,10,0,0,,,triagem/nome-caixa-conversao 1.0.0,22,ok
103730,per103730_1908_00229,11,0,0,,,triagem/nome-caixa-conversao 1.0.0,22,ok
103730,per103730_1908_00229,12,0,0,,,triagem/nome-caixa-conversao 1.0.0,22,ok
103730,per103730_1908_00230,1,0,0,,,triagem/nome-caixa-conversao 1.0.0,22,ok
103730,per103730_1908_00230,2,0,0,,,triagem/nome-caixa-conversao 1.0.0,22,ok
103730,per103730_1908_00230,3,0,0,,,triagem/nome-caixa-conversao 1.0.0,22,ok
103730,per103730_1908_00230,4,0,0,,,triagem/nome-caixa-conversao 1.0.0,22,ok
103730,per103730_1908_00230,5,0,0,,,triagem/nome-caixa-conversao 1.0.0,22,ok
103730,per103730_1908_00230,6,0,0,,,triagem/nome-caixa-conversao 1.0.0,22,ok
103730,per103730_1908_00231,1,0,0,,,triagem/nome-caixa-conversao 1.0.0,22,ok
103730,per103730_1908_00231,2,0,0,,,triagem/nome-caixa-conversao 1.0.0,22,ok
103730,per103730_1908_00231,3,0,0,,,triagem/nome-caixa-conversao 1.0.0,22,ok
103730,per103730_1908_00231,4,0,0,,,triagem/nome-caixa-conversao 1.0.0,22,ok
103730,per103730_1908_00231,5,0,0,,,triagem/nome-caixa-conversao 1.0.0,22,ok
103730,per103730_1908_00231,6,0,0,,,triagem/nome-caixa-conversao 1.0.0,22,ok
103730,per103730_1908_00231,7,0,0,,,triagem/nome-caixa-conversao 1.0.0,22,ok
103730,per103730_1908_00231,8,0,0,,,triagem/nome-caixa-conversao 1.0.0,22,ok
103730,per103730_1908_00232,1,0,0,,,triagem/nome-caixa-conversao 1.0.0,22,ok
103730,per103730_1908_00232,2,0,0,,,triagem/nome-caixa-conversao 1.0.0,22,ok
103730,per103730_1908_00232,3,0,0,,,triagem/nome-caixa-conversao 1.0.0,22,ok
103730,per103730_1908_00232,4,0,0,,,triagem/nome-caixa-conversao 1.0.0,22,ok
103730,per103730_1908_00232,5,0,0,,,triagem/nome-caixa-conversao 1.0.0,22,ok
103730,per103730_1908_00232,6,0,0,,,triagem/nome-caixa-conversao 1.0.0,22,ok
103730,per103730_1908_00233,1,0,0,,,triagem/nome-caixa-conversao 1.0.0,22,ok
103730,per103730_1908_00233,2,0,0,,,triagem/nome-caixa-conversao 1.0.0,22,ok
103730,per103730_1908_00233,3,0,0,,,triagem/nome-caixa-conversao 1.0.0,22,ok
103730,per103730_1908_00233,4,0,0,,,triagem/nome-caixa-conversao 1.0.0,22,ok
103730,per103730_1908_00233,5,0,0,,,triagem/nome-caixa-conversao 1.0.0,22,ok
103730,per103730_1908_00233,6,0,0,,,triagem/nome-caixa-conversao 1.0.0,22,ok
103730,per103730_1908_00234,1,0,0,,,triagem/nome-caixa-conversao 1.0.0,22,ok
103730,per103730_1908_00234,2,0,0,,,triagem/nome-caixa-conversao 1.0.0,22,ok
103730,per103730_1908_00234,3,0,0,,,triagem/nome-caixa-conversao 1.0.0,22,ok
103730,per103730_1908_00234,4,0,0,,,triagem/nome-caixa-conversao 1.0.0,22,ok
103730,per103730_1908_00234,5,0,0,,,triagem/nome-caixa-conversao 1.0.0,22,ok
103730,per103730_1908_00234,6,0,0,,,triagem/nome-caixa-conversao 1.0.0,22,ok
103730,per103730_1908_00235,1,0,0,,,triagem/nome-caixa-conversao 1.0.0,22,ok
103730,per103730_1908_00235,2,0,0,,,triagem/nome-caixa-conversao 1.0.0,22,ok
103730,per103730_1908_00235,3,0,0,,,triagem/nome-caixa-conversao 1.0.0,22,ok
103730,per103730_1908_00235,4,0,0,,,triagem/nome-caixa-conversao 1.0.0,22,ok
103730,per103730_1908_00235,5,0,0,,,triagem/nome-caixa-conversao 1.0.0,22,ok
103730,per103730_1908_00235,6,0,0,,,triagem/nome-caixa-conversao 1.0.0,22,ok
103730,per103730_1908_00236,1,0,0,,,triagem/nome-caixa-conversao 1.0.0,22,ok
103730,per103730_1908_00236,2,0,0,,,triagem/nome-caixa-conversao 1.0.0,22,ok
103730,per103730_1908_00236,3,0,0,,,triagem/nome-caixa-conversao 1.0.0,22,ok
103730,per103730_1908_00236,4,0,0,,,triagem/nome-caixa-conversao 1.0.0,22,ok
103730,per103730_1908_00236,5,0,0,,,triagem/nome-caixa-conversao 1.0.0,22,ok
103730,per103730_1908_00236,6,0,0,,,triagem/nome-caixa-conversao 1.0.0,22,ok
103730,per103730_1908_00236,7,1,1,caixa dc conver,12344,triagem/nome-caixa-conversao 1.0.0,22,ok
103730,per103730_1908_00236,8,0,0,,,triagem/nome-caixa-conversao 1.0.0,22,ok
103730,per103730_1908_00236,9,0,0,,,triagem/nome-caixa-conversao 1.0.0,22,ok
103730,per103730_1908_00236,10,0,0,,,triagem/nome-caixa-conversao 1.0.0,22,ok
103730,per103730_1908_00237,1,0,0,,,triagem/nome-caixa-conversao 1.0.0,22,ok
103730,per103730_1908_00237,2,0,0,,,triagem/nome-caixa-conversao 1.0.0,22,ok
103730,per103730_1908_00237,3,0,0,,,triagem/nome-caixa-conversao 1.0.0,22,ok
103730,per103730_1908_00237,4,0,0,,,triagem/nome-caixa-conversao 1.0.0,22,ok
103730,per103730_1908_00237,5,0,0,,,triagem/nome-caixa-conversao 1.0.0,22,ok
103730,per103730_1908_00237,6,0,0,,,triagem/nome-caixa-conversao 1.0.0,22,ok
103730,per103730_1908_00237,7,0,0,,,triagem/nome-caixa-conversao 1.0.0,22,ok
103730,per103730_1908_00237,8,0,0,,,triagem/nome-caixa-conversao 1.0.0,22,ok
103730,per103730_1908_00238,1,0,0,,,triagem/nome-caixa-conversao 1.0.0,22,ok
103730,per103730_1908_00238,2,0,0,,,triagem/nome-caixa-conversao 1.0.0,22,ok
103730,per103730_1908_00238,3,0,0,,,triagem/nome-caixa-conversao 1.0.0,22,ok
103730,per103730_1908_00238,4,0,0,,,triagem/nome-caixa-conversao 1.0.0,22,ok
103730,per103730_1908_00238,5,0,0,,,triagem/nome-caixa-conversao 1.0.0,22,ok
103730,per103730_1908_00238,6,0,0,,,triagem/nome-caixa-conversao 1.0.0,22,ok
103730,per103730_1908_00239,1,0,0,,,triagem/nome-caixa-conversao 1.0.0,22,ok
103730,per103730_1908_00239,2,0,0,,,triagem/nome-caixa-conversao 1.0.0,22,ok
103730,per103730_1908_00239,3,0,0,,,triagem/nome-caixa-conversao 1.0.0,22,ok
103730,per103730_1908_00239,4,0,0,,,triagem/nome-caixa-conversao 1.0.0,22,ok
103730,per103730_1908_00239,5,0,0,,,triagem/nome-caixa-conversao 1.0.0,22,ok
103730,per103730_1908_00239,6,0,0,,,triagem/nome-caixa-conversao 1.0.0,22,ok
103730,per103730_1908_00240,1,0,0,,,triagem/nome-caixa-conversao 1.0.0,22,ok
103730,per103730_1908_00240,2,0,0,,,triagem/nome-caixa-conversao 1.0.0,22,ok
103730,per103730_1908_00240,3,0,0,,,triagem/nome-caixa-conversao 1.0.0,22,ok
103730,per103730_1908_00240,4,0,0,,,triagem/nome-caixa-conversao 1.0.0,22,ok
103730,per103730_1908_00240,5,0,0,,,triagem/nome-caixa-conversao 1.0.0,22,ok
103730,per103730_1908_00240,6,0,0,,,triagem/nome-caixa-conversao 1.0.0,22,ok
103730,per103730_1908_00241,1,0,0,,,triagem/nome-caixa-conversao 1.0.0,22,ok
103730,per103730_1908_00241,2,0,0,,,triagem/nome-caixa-conversao 1.0.0,22,ok
103730,per103730_1908_00241,3,0,0,,,triagem/nome-caixa-conversao 1.0.0,22,ok
103730,per103730_1908_00241,4,0,0,,,triagem/nome-caixa-conversao 1.0.0,22,ok
103730,per103730_1908_00241,5,0,0,,,triagem/nome-caixa-conversao 1.0.0,22,ok
103730,per103730_1908_00241,6,0,0,,,triagem/nome-caixa-conversao 1.0.0,22,ok
103730,per103730_1908_00242,1,1,1,caixa de conver,19321,triagem/nome-caixa-conversao 1.0.0,22,ok
103730,per103730_1908_00242,2,1,1,caixa de conver,53996,triagem/nome-caixa-conversao 1.0.0,22,ok
103730,per103730_1908_00242,3,0,0,,,triagem/nome-caixa-conversao 1.0.0,22,ok
103730,per103730_1908_00242,4,0,0,,,triagem/nome-caixa-conversao 1.0.0,22,ok
103730,per103730_1908_00242,5,0,0,,,triagem/nome-caixa-conversao 1.0.0,22,ok
103730,per103730_1908_00242,6,0,0,,,triagem/nome-caixa-conversao 1.0.0,22,ok
103730,per103730_1908_00243,1,0,0,,,triagem/nome-caixa-conversao 1.0.0,22,ok
103730,per103730_1908_00243,2,0,0,,,triagem/nome-caixa-conversao 1.0.0,22,ok
103730,per103730_1908_00243,3,0,0,,,triagem/nome-caixa-conversao 1.0.0,22,ok
103730,per103730_1908_00243,4,0,0,,,triagem/nome-caixa-conversao 1.0.0,22,ok
103730,per103730_1908_00243,5,0,0,,,triagem/nome-caixa-conversao 1.0.0,22,ok
103730,per103730_1908_00243,6,0,0,,,triagem/nome-caixa-conversao 1.0.0,22,ok
103730,per103730_1908_00243,7,0,0,,,triagem/nome-caixa-conversao 1.0.0,22,ok
103730,per103730_1908_00243,8,0,0,,,triagem/nome-caixa-conversao 1.0.0,22,ok
103730,per103730_1908_00243,9,0,0,,,triagem/nome-caixa-conversao 1.0.0,22,ok
103730,per103730_1908_00243,10,0,0,,,triagem/nome-caixa-conversao 1.0.0,22,ok
103730,per103730_1908_00243,11,0,0,,,triagem/nome-caixa-conversao 1.0.0,22,ok
103730,per103730_1908_00243,12,0,0,,,triagem/nome-caixa-conversao 1.0.0,22,ok
103730,per103730_1908_00244,1,0,0,,,triagem/nome-caixa-conversao 1.0.0,22,ok
103730,per103730_1908_00244,2,0,0,,,triagem/nome-caixa-conversao 1.0.0,22,ok
103730,per103730_1908_00244,3,0,0,,,triagem/nome-caixa-conversao 1.0.0,22,ok
103730,per103730_1908_00244,4,0,0,,,triagem/nome-caixa-conversao 1.0.0,22,ok
103730,per103730_1908_00244,5,0,0,,,triagem/nome-caixa-conversao 1.0.0,22,ok
103730,per103730_1908_00244,6,0,0,,,triagem/nome-caixa-conversao 1.0.0,22,ok
103730,per103730_1908_00245,1,0,0,,,triagem/nome-caixa-conversao 1.0.0,22,ok
103730,per103730_1908_00245,2,1,1,caixa deconver,26379,triagem/nome-caixa-conversao 1.0.0,22,ok
103730,per103730_1908_00245,3,0,0,,,triagem/nome-caixa-conversao 1.0.0,22,ok
103730,per103730_1908_00245,4,0,0,,,triagem/nome-caixa-conversao 1.0.0,22,ok
103730,per103730_1908_00245,5,0,0,,,triagem/nome-caixa-conversao 1.0.0,22,ok
103730,per103730_1908_00245,6,0,0,,,triagem/nome-caixa-conversao 1.0.0,22,ok
103730,per103730_1908_00246,1,1,1,caixa do conver,38503,triagem/nome-caixa-conversao 1.0.0,22,ok
103730,per103730_1908_00246,2,0,0,,,triagem/nome-caixa-conversao 1.0.0,22,ok
103730,per103730_1908_00246,3,0,0,,,triagem/nome-caixa-conversao 1.0.0,22,ok
103730,per103730_1908_00246,4,0,0,,,triagem/nome-caixa-conversao 1.0.0,22,ok
103730,per103730_1908_00246,5,0,0,,,triagem/nome-caixa-conversao 1.0.0,22,ok
103730,per103730_1908_00246,6,0,0,,,triagem/nome-caixa-conversao 1.0.0,22,ok
103730,per103730_1908_00247,1,0,0,,,triagem/nome-caixa-conversao 1.0.0,22,ok
103730,per103730_1908_00247,2,0,0,,,triagem/nome-caixa-conversao 1.0.0,22,ok
103730,per103730_1908_00247,3,0,0,,,triagem/nome-caixa-conversao 1.0.0,22,ok
103730,per103730_1908_00247,4,0,0,,,triagem/nome-caixa-conversao 1.0.0,22,ok
103730,per103730_1908_00247,5,0,0,,,triagem/nome-caixa-conversao 1.0.0,22,ok
103730,per103730_1908_00247,6,0,0,,,triagem/nome-caixa-conversao 1.0.0,22,ok
103730,per103730_1908_00248,1,0,0,,,triagem/nome-caixa-conversao 1.0.0,22,ok
103730,per103730_1908_00248,2,0,0,,,triagem/nome-caixa-conversao 1.0.0,22,ok
103730,per103730_1908_00248,3,0,0,,,triagem/nome-caixa-conversao 1.0.0,22,ok
103730,per103730_1908_00248,4,0,0,,,triagem/nome-caixa-conversao 1.0.0,22,ok
103730,per103730_1908_00248,5,0,0,,,triagem/nome-caixa-conversao 1.0.0,22,ok
103730,per103730_1908_00248,6,0,0,,,triagem/nome-caixa-conversao 1.0.0,22,ok
103730,per103730_1908_00249,1,0,0,,,triagem/nome-caixa-conversao 1.0.0,22,ok
103730,per103730_1908_00249,2,1,1,caixa dp conver,33350,triagem/nome-caixa-conversao 1.0.0,22,ok
103730,per103730_1908_00249,3,0,0,,,triagem/nome-caixa-conversao 1.0.0,22,ok
103730,per103730_1908_00249,4,0,0,,,triagem/nome-caixa-conversao 1.0.0,22,ok
103730,per103730_1908_00249,5,0,0,,,triagem/nome-caixa-conversao 1.0.0,22,ok
103730,per103730_1908_00249,6,0,0,,,triagem/nome-caixa-conversao 1.0.0,22,ok
103730,per103730_1908_00250,1,0,0,,,triagem/nome-caixa-conversao 1.0.0,22,ok
103730,per103730_1908_00250,2,0,0,,,triagem/nome-caixa-conversao 1.0.0,22,ok
103730,per103730_1908_00250,3,0,0,,,triagem/nome-caixa-conversao 1.0.0,22,ok
103730,per103730_1908_00250,4,0,0,,,triagem/nome-caixa-conversao 1.0.0,22,ok
103730,per103730_1908_00250,5,0,0,,,triagem/nome-caixa-conversao 1.0.0,22,ok
103730,per103730_1908_00250,6,0,0,,,triagem/nome-caixa-conversao 1.0.0,22,ok
103730,per103730_1908_00250,7,0,0,,,triagem/nome-caixa-conversao 1.0.0,22,ok
103730,per103730_1908_00250,8,0,0,,,triagem/nome-caixa-conversao 1.0.0,22,ok
103730,per103730_1908_00250,9,0,0,,,triagem/nome-caixa-conversao 1.0.0,22,ok
103730,per103730_1908_00250,10,0,0,,,triagem/nome-caixa-conversao 1.0.0,22,ok
103730,per103730_1908_00250,11,0,0,,,triagem/nome-caixa-conversao 1.0.0,22,ok
103730,per103730_1908_00250,12,0,0,,,triagem/nome-caixa-conversao 1.0.0,22,ok
103730,per103730_1908_00253,1,0,0,,,triagem/nome-caixa-conversao 1.0.0,22,ok
103730,per103730_1908_00253,2,0,0,,,triagem/nome-caixa-conversao 1.0.0,22,ok
103730,per103730_1908_00253,3,0,0,,,triagem/nome-caixa-conversao 1.0.0,22,ok
103730,per103730_1908_00253,4,0,0,,,triagem/nome-caixa-conversao 1.0.0,22,ok
103730,per103730_1908_00253,5,0,0,,,triagem/nome-caixa-conversao 1.0.0,22,ok
103730,per103730_1908_00253,6,0,0,,,triagem/nome-caixa-conversao 1.0.0,22,ok
103730,per103730_1908_00254,1,0,0,,,triagem/nome-caixa-conversao 1.0.0,22,ok
103730,per103730_1908_00254,2,0,0,,,triagem/nome-caixa-conversao 1.0.0,22,ok
103730,per103730_1908_00254,3,0,0,,,triagem/nome-caixa-conversao 1.0.0,22,ok
103730,per103730_1908_00254,4,0,0,,,triagem/nome-caixa-conversao 1.0.0,22,ok
103730,per103730_1908_00254,5,0,0,,,triagem/nome-caixa-conversao 1.0.0,22,ok
103730,per103730_1908_00254,6,0,0,,,triagem/nome-caixa-conversao 1.0.0,22,ok
103730,per103730_1908_00255,1,0,0,,,triagem/nome-caixa-conversao 1.0.0,22,ok
103730,per103730_1908_00255,2,0,0,,,triagem/nome-caixa-conversao 1.0.0,22,ok
103730,per103730_1908_00255,3,0,0,,,triagem/nome-caixa-conversao 1.0.0,22,ok
103730,per103730_1908_00255,4,0,0,,,triagem/nome-caixa-conversao 1.0.0,22,ok
103730,per103730_1908_00255,5,0,0,,,triagem/nome-caixa-conversao 1.0.0,22,ok
103730,per103730_1908_00255,6,0,0,,,triagem/nome-caixa-conversao 1.0.0,22,ok
103730,per103730_1908_00256,1,0,0,,,triagem/nome-caixa-conversao 1.0.0,22,ok
103730,per103730_1908_00256,2,0,0,,,triagem/nome-caixa-conversao 1.0.0,22,ok
103730,per103730_1908_00256,3,0,0,,,triagem/nome-caixa-conversao 1.0.0,22,ok
103730,per103730_1908_00256,4,0,0,,,triagem/nome-caixa-conversao 1.0.0,22,ok
103730,per103730_1908_00256,5,0,0,,,triagem/nome-caixa-conversao 1.0.0,22,ok
103730,per103730_1908_00256,6,0,0,,,triagem/nome-caixa-conversao 1.0.0,22,ok
103730,per103730_1908_00257,1,0,0,,,triagem/nome-caixa-conversao 1.0.0,22,ok
103730,per103730_1908_00257,2,0,0,,,triagem/nome-caixa-conversao 1.0.0,22,ok
103730,per103730_1908_00257,3,0,0,,,triagem/nome-caixa-conversao 1.0.0,22,ok
103730,per103730_1908_00257,4,0,0,,,triagem/nome-caixa-conversao 1.0.0,22,ok
103730,per103730_1908_00257,5,0,0,,,triagem/nome-caixa-conversao 1.0.0,22,ok
103730,per103730_1908_00257,6,0,0,,,triagem/nome-caixa-conversao 1.0.0,22,ok
103730,per103730_1908_00257,7,0,0,,,triagem/nome-caixa-conversao 1.0.0,22,ok
103730,per103730_1908_00257,8,0,0,,,triagem/nome-caixa-conversao 1.0.0,22,ok
103730,per103730_1908_00257,9,0,0,,,triagem/nome-caixa-conversao 1.0.0,22,ok
103730,per103730_1908_00257,10,0,0,,,triagem/nome-caixa-conversao 1.0.0,22,ok
103730,per103730_1908_00257,11,0,0,,,triagem/nome-caixa-conversao 1.0.0,22,ok
103730,per103730_1908_00257,12,0,0,,,triagem/nome-caixa-conversao 1.0.0,22,ok
103730,per103730_1908_00258,1,0,0,,,triagem/nome-caixa-conversao 1.0.0,22,ok
103730,per103730_1908_00258,2,0,0,,,triagem/nome-caixa-conversao 1.0.0,22,ok
103730,per103730_1908_00258,3,0,0,,,triagem/nome-caixa-conversao 1.0.0,22,ok
103730,per103730_1908_00258,4,0,0,,,triagem/nome-caixa-conversao 1.0.0,22,ok
103730,per103730_1908_00258,5,0,0,,,triagem/nome-caixa-conversao 1.0.0,22,ok
103730,per103730_1908_00258,6,0,0,,,triagem/nome-caixa-conversao 1.0.0,22,ok
103730,per103730_1908_00259,1,0,0,,,triagem/nome-caixa-conversao 1.0.0,22,ok
103730,per103730_1908_00259,2,0,0,,,triagem/nome-caixa-conversao 1.0.0,22,ok
103730,per103730_1908_00259,3,0,0,,,triagem/nome-caixa-conversao 1.0.0,22,ok
103730,per103730_1908_00259,4,0,0,,,triagem/nome-caixa-conversao 1.0.0,22,ok
103730,per103730_1908_00259,5,0,0,,,triagem/nome-caixa-conversao 1.0.0,22,ok
103730,per103730_1908_00259,6,0,0,,,triagem/nome-caixa-conversao 1.0.0,22,ok
103730,per103730_1908_00259,7,0,0,,,triagem/nome-caixa-conversao 1.0.0,22,ok
103730,per103730_1908_00259,8,0,0,,,triagem/nome-caixa-conversao 1.0.0,22,ok
103730,per103730_1908_00260,1,0,0,,,triagem/nome-caixa-conversao 1.0.0,22,ok
103730,per103730_1908_00260,2,0,0,,,triagem/nome-caixa-conversao 1.0.0,22,ok
103730,per103730_1908_00260,3,0,0,,,triagem/nome-caixa-conversao 1.0.0,22,ok
103730,per103730_1908_00260,4,0,0,,,triagem/nome-caixa-conversao 1.0.0,22,ok
103730,per103730_1908_00260,5,0,0,,,triagem/nome-caixa-conversao 1.0.0,22,ok
103730,per103730_1908_00260,6,0,0,,,triagem/nome-caixa-conversao 1.0.0,22,ok
103730,per103730_1908_00261,1,0,0,,,triagem/nome-caixa-conversao 1.0.0,22,ok
103730,per103730_1908_00261,2,0,0,,,triagem/nome-caixa-conversao 1.0.0,22,ok
103730,per103730_1908_00261,3,0,0,,,triagem/nome-caixa-conversao 1.0.0,22,ok
103730,per103730_1908_00261,4,0,0,,,triagem/nome-caixa-conversao 1.0.0,22,ok
103730,per103730_1908_00261,5,0,0,,,triagem/nome-caixa-conversao 1.0.0,22,ok
103730,per103730_1908_00261,6,0,0,,,triagem/nome-caixa-conversao 1.0.0,22,ok
103730,per103730_1908_00261,7,0,0,,,triagem/nome-caixa-conversao 1.0.0,22,ok
103730,per103730_1908_00261,8,0,0,,,triagem/nome-caixa-conversao 1.0.0,22,ok
103730,per103730_1908_00262,1,0,0,,,triagem/nome-caixa-conversao 1.0.0,22,ok
103730,per103730_1908_00262,2,0,0,,,triagem/nome-caixa-conversao 1.0.0,22,ok
103730,per103730_1908_00262,3,0,0,,,triagem/nome-caixa-conversao 1.0.0,22,ok
103730,per103730_1908_00262,4,0,0,,,triagem/nome-caixa-conversao 1.0.0,22,ok
103730,per103730_1908_00262,5,0,0,,,triagem/nome-caixa-conversao 1.0.0,22,ok
103730,per103730_1908_00262,6,0,0,,,triagem/nome-caixa-conversao 1.0.0,22,ok
103730,per103730_1908_00263,1,1,1,caixa de conver,10929,triagem/nome-caixa-conversao 1.0.0,22,ok
103730,per103730_1908_00263,2,0,0,,,triagem/nome-caixa-conversao 1.0.0,22,ok
103730,per103730_1908_00263,3,0,0,,,triagem/nome-caixa-conversao 1.0.0,22,ok
103730,per103730_1908_00263,4,0,0,,,triagem/nome-caixa-conversao 1.0.0,22,ok
103730,per103730_1908_00263,5,0,0,,,triagem/nome-caixa-conversao 1.0.0,22,ok
103730,per103730_1908_00263,6,0,0,,,triagem/nome-caixa-conversao 1.0.0,22,ok
103730,per103730_1908_00264,1,0,0,,,triagem/nome-caixa-conversao 1.0.0,22,ok
103730,per103730_1908_00264,2,0,0,,,triagem/nome-caixa-conversao 1.0.0,22,ok
103730,per103730_1908_00264,3,0,0,,,triagem/nome-caixa-conversao 1.0.0,22,ok
103730,per103730_1908_00264,4,0,0,,,triagem/nome-caixa-conversao 1.0.0,22,ok
103730,per103730_1908_00264,5,0,0,,,triagem/nome-caixa-conversao 1.0.0,22,ok
103730,per103730_1908_00264,6,0,0,,,triagem/nome-caixa-conversao 1.0.0,22,ok
103730,per103730_1908_00264,7,0,0,,,triagem/nome-caixa-conversao 1.0.0,22,ok
103730,per103730_1908_00264,8,0,0,,,triagem/nome-caixa-conversao 1.0.0,22,ok
103730,per103730_1908_00264,9,0,0,,,triagem/nome-caixa-conversao 1.0.0,22,ok
103730,per103730_1908_00264,10,0,0,,,triagem/nome-caixa-conversao 1.0.0,22,ok
103730,per103730_1908_00264,11,0,0,,,triagem/nome-caixa-conversao 1.0.0,22,ok
103730,per103730_1908_00264,12,0,0,,,triagem/nome-caixa-conversao 1.0.0,22,ok
103730,per103730_1908_00265,1,0,0,,,triagem/nome-caixa-conversao 1.0.0,22,ok
103730,per103730_1908_00265,2,0,0,,,triagem/nome-caixa-conversao 1.0.0,22,ok
103730,per103730_1908_00265,3,0,0,,,triagem/nome-caixa-conversao 1.0.0,22,ok
103730,per103730_1908_00265,4,0,0,,,triagem/nome-caixa-conversao 1.0.0,22,ok
103730,per103730_1908_00265,5,0,0,,,triagem/nome-caixa-conversao 1.0.0,22,ok
103730,per103730_1908_00265,6,0,0,,,triagem/nome-caixa-conversao 1.0.0,22,ok
103730,per103730_1908_00267,1,0,0,,,triagem/nome-caixa-conversao 1.0.0,22,ok
103730,per103730_1908_00267,2,0,0,,,triagem/nome-caixa-conversao 1.0.0,22,ok
103730,per103730_1908_00267,3,0,0,,,triagem/nome-caixa-conversao 1.0.0,22,ok
103730,per103730_1908_00267,4,0,0,,,triagem/nome-caixa-conversao 1.0.0,22,ok
103730,per103730_1908_00267,5,0,0,,,triagem/nome-caixa-conversao 1.0.0,22,ok
103730,per103730_1908_00267,6,0,0,,,triagem/nome-caixa-conversao 1.0.0,22,ok
103730,per103730_1908_00269,1,0,0,,,triagem/nome-caixa-conversao 1.0.0,22,ok
103730,per103730_1908_00269,2,0,0,,,triagem/nome-caixa-conversao 1.0.0,22,ok
103730,per103730_1908_00269,3,0,0,,,triagem/nome-caixa-conversao 1.0.0,22,ok
103730,per103730_1908_00269,4,0,0,,,triagem/nome-caixa-conversao 1.0.0,22,ok
103730,per103730_1908_00269,5,0,0,,,triagem/nome-caixa-conversao 1.0.0,22,ok
103730,per103730_1908_00269,6,0,0,,,triagem/nome-caixa-conversao 1.0.0,22,ok
103730,per103730_1908_00270,1,0,0,,,triagem/nome-caixa-conversao 1.0.0,22,ok
103730,per103730_1908_00270,2,0,0,,,triagem/nome-caixa-conversao 1.0.0,22,ok
103730,per103730_1908_00270,3,0,0,,,triagem/nome-caixa-conversao 1.0.0,22,ok
103730,per103730_1908_00270,4,0,0,,,triagem/nome-caixa-conversao 1.0.0,22,ok
103730,per103730_1908_00270,5,0,0,,,triagem/nome-caixa-conversao 1.0.0,22,ok
103730,per103730_1908_00270,6,0,0,,,triagem/nome-caixa-conversao 1.0.0,22,ok
103730,per103730_1908_00271,1,0,0,,,triagem/nome-caixa-conversao 1.0.0,22,ok
103730,per103730_1908_00271,2,0,0,,,triagem/nome-caixa-conversao 1.0.0,22,ok
103730,per103730_1908_00271,3,0,0,,,triagem/nome-caixa-conversao 1.0.0,22,ok
103730,per103730_1908_00271,4,0,0,,,triagem/nome-caixa-conversao 1.0.0,22,ok
103730,per103730_1908_00271,5,0,0,,,triagem/nome-caixa-conversao 1.0.0,22,ok
103730,per103730_1908_00271,6,0,0,,,triagem/nome-caixa-conversao 1.0.0,22,ok
103730,per103730_1908_00271,7,0,0,,,triagem/nome-caixa-conversao 1.0.0,22,ok
103730,per103730_1908_00271,8,0,0,,,triagem/nome-caixa-conversao 1.0.0,22,ok
103730,per103730_1908_00271,9,0,0,,,triagem/nome-caixa-conversao 1.0.0,22,ok
103730,per103730_1908_00271,10,0,0,,,triagem/nome-caixa-conversao 1.0.0,22,ok
103730,per103730_1908_00271,11,0,0,,,triagem/nome-caixa-conversao 1.0.0,22,ok
103730,per103730_1908_00271,12,0,0,,,triagem/nome-caixa-conversao 1.0.0,22,ok
103730,per103730_1908_00273,1,0,0,,,triagem/nome-caixa-conversao 1.0.0,22,ok
103730,per103730_1908_00273,2,0,0,,,triagem/nome-caixa-conversao 1.0.0,22,ok
103730,per103730_1908_00273,3,0,0,,,triagem/nome-caixa-conversao 1.0.0,22,ok
103730,per103730_1908_00273,4,0,0,,,triagem/nome-caixa-conversao 1.0.0,22,ok
103730,per103730_1908_00273,5,0,0,,,triagem/nome-caixa-conversao 1.0.0,22,ok
103730,per103730_1908_00273,6,0,0,,,triagem/nome-caixa-conversao 1.0.0,22,ok
103730,per103730_1908_00274,1,0,0,,,triagem/nome-caixa-conversao 1.0.0,22,ok
103730,per103730_1908_00274,2,0,0,,,triagem/nome-caixa-conversao 1.0.0,22,ok
103730,per103730_1908_00274,3,0,0,,,triagem/nome-caixa-conversao 1.0.0,22,ok
103730,per103730_1908_00274,4,0,0,,,triagem/nome-caixa-conversao 1.0.0,22,ok
103730,per103730_1908_00274,5,0,0,,,triagem/nome-caixa-conversao 1.0.0,22,ok
103730,per103730_1908_00274,6,0,0,,,triagem/nome-caixa-conversao 1.0.0,22,ok
103730,per103730_1908_00275,1,0,0,,,triagem/nome-caixa-conversao 1.0.0,22,ok
103730,per103730_1908_00275,2,0,0,,,triagem/nome-caixa-conversao 1.0.0,22,ok
103730,per103730_1908_00275,3,0,0,,,triagem/nome-caixa-conversao 1.0.0,22,ok
103730,per103730_1908_00275,4,0,0,,,triagem/nome-caixa-conversao 1.0.0,22,ok
103730,per103730_1908_00275,5,0,0,,,triagem/nome-caixa-conversao 1.0.0,22,ok
103730,per103730_1908_00275,6,0,0,,,triagem/nome-caixa-conversao 1.0.0,22,ok
103730,per103730_1908_00275,7,0,0,,,triagem/nome-caixa-conversao 1.0.0,22,ok
103730,per103730_1908_00275,8,0,0,,,triagem/nome-caixa-conversao 1.0.0,22,ok
103730,per103730_1908_00277,1,0,0,,,triagem/nome-caixa-conversao 1.0.0,22,ok
103730,per103730_1908_00277,2,0,0,,,triagem/nome-caixa-conversao 1.0.0,22,ok
103730,per103730_1908_00277,3,0,0,,,triagem/nome-caixa-conversao 1.0.0,22,ok
103730,per103730_1908_00277,4,0,0,,,triagem/nome-caixa-conversao 1.0.0,22,ok
103730,per103730_1908_00277,5,0,0,,,triagem/nome-caixa-conversao 1.0.0,22,ok
103730,per103730_1908_00277,6,0,0,,,triagem/nome-caixa-conversao 1.0.0,22,ok
103730,per103730_1908_00278,1,0,0,,,triagem/nome-caixa-conversao 1.0.0,22,ok
103730,per103730_1908_00278,2,0,0,,,triagem/nome-caixa-conversao 1.0.0,22,ok
103730,per103730_1908_00278,3,0,0,,,triagem/nome-caixa-conversao 1.0.0,22,ok
103730,per103730_1908_00278,4,0,0,,,triagem/nome-caixa-conversao 1.0.0,22,ok
103730,per103730_1908_00278,5,1,2,caixa de conver,25456,triagem/nome-caixa-conversao 1.0.0,22,ok
103730,per103730_1908_00278,6,0,0,,,triagem/nome-caixa-conversao 1.0.0,22,ok
103730,per103730_1908_00278,7,0,0,,,triagem/nome-caixa-conversao 1.0.0,22,ok
103730,per103730_1908_00278,8,0,0,,,triagem/nome-caixa-conversao 1.0.0,22,ok
103730,per103730_1908_00278,9,0,0,,,triagem/nome-caixa-conversao 1.0.0,22,ok
103730,per103730_1908_00278,10,0,0,,,triagem/nome-caixa-conversao 1.0.0,22,ok
103730,per103730_1908_00278,11,0,0,,,triagem/nome-caixa-conversao 1.0.0,22,ok
103730,per103730_1908_00278,12,0,0,,,triagem/nome-caixa-conversao 1.0.0,22,ok
103730,per103730_1908_00278,13,0,0,,,triagem/nome-caixa-conversao 1.0.0,22,ok
103730,per103730_1908_00278,14,0,0,,,triagem/nome-caixa-conversao 1.0.0,22,ok
103730,per103730_1908_00278,15,0,0,,,triagem/nome-caixa-conversao 1.0.0,22,ok
103730,per103730_1908_00278,16,0,0,,,triagem/nome-caixa-conversao 1.0.0,22,ok
103730,per103730_1908_00278,17,0,0,,,triagem/nome-caixa-conversao 1.0.0,22,ok
103730,per103730_1908_00278,18,0,0,,,triagem/nome-caixa-conversao 1.0.0,22,ok
103730,per103730_1908_00279,1,0,0,,,triagem/nome-caixa-conversao 1.0.0,22,ok
103730,per103730_1908_00279,2,0,0,,,triagem/nome-caixa-conversao 1.0.0,22,ok
103730,per103730_1908_00279,3,0,0,,,triagem/nome-caixa-conversao 1.0.0,22,ok
103730,per103730_1908_00279,4,0,0,,,triagem/nome-caixa-conversao 1.0.0,22,ok
103730,per103730_1908_00279,5,0,0,,,triagem/nome-caixa-conversao 1.0.0,22,ok
103730,per103730_1908_00279,6,0,0,,,triagem/nome-caixa-conversao 1.0.0,22,ok
103730,per103730_1908_00279,7,0,0,,,triagem/nome-caixa-conversao 1.0.0,22,ok
103730,per103730_1908_00279,8,0,0,,,triagem/nome-caixa-conversao 1.0.0,22,ok
103730,per103730_1908_00280,1,0,0,,,triagem/nome-caixa-conversao 1.0.0,22,ok
103730,per103730_1908_00280,2,0,0,,,triagem/nome-caixa-conversao 1.0.0,22,ok
103730,per103730_1908_00280,3,0,0,,,triagem/nome-caixa-conversao 1.0.0,22,ok
103730,per103730_1908_00280,4,0,0,,,triagem/nome-caixa-conversao 1.0.0,22,ok
103730,per103730_1908_00280,5,1,1,caixa de conver,15955,triagem/nome-caixa-conversao 1.0.0,22,ok
103730,per103730_1908_00280,6,0,0,,,triagem/nome-caixa-conversao 1.0.0,22,ok
103730,per103730_1908_00281,1,0,0,,,triagem/nome-caixa-conversao 1.0.0,22,ok
103730,per103730_1908_00281,2,0,0,,,triagem/nome-caixa-conversao 1.0.0,22,ok
103730,per103730_1908_00281,3,0,0,,,triagem/nome-caixa-conversao 1.0.0,22,ok
103730,per103730_1908_00281,4,0,0,,,triagem/nome-caixa-conversao 1.0.0,22,ok
103730,per103730_1908_00281,5,0,0,,,triagem/nome-caixa-conversao 1.0.0,22,ok
103730,per103730_1908_00281,6,0,0,,,triagem/nome-caixa-conversao 1.0.0,22,ok
103730,per103730_1908_00282,1,0,0,,,triagem/nome-caixa-conversao 1.0.0,22,ok
103730,per103730_1908_00282,2,0,0,,,triagem/nome-caixa-conversao 1.0.0,22,ok
103730,per103730_1908_00282,3,0,0,,,triagem/nome-caixa-conversao 1.0.0,22,ok
103730,per103730_1908_00282,4,0,0,,,triagem/nome-caixa-conversao 1.0.0,22,ok
103730,per103730_1908_00282,5,0,0,,,triagem/nome-caixa-conversao 1.0.0,22,ok
103730,per103730_1908_00282,6,0,0,,,triagem/nome-caixa-conversao 1.0.0,22,ok
103730,per103730_1908_00282,7,0,0,,,triagem/nome-caixa-conversao 1.0.0,22,ok
103730,per103730_1908_00282,8,0,0,,,triagem/nome-caixa-conversao 1.0.0,22,ok
103730,per103730_1908_00284,1,0,0,,,triagem/nome-caixa-conversao 1.0.0,22,ok
103730,per103730_1908_00284,2,0,0,,,triagem/nome-caixa-conversao 1.0.0,22,ok
103730,per103730_1908_00284,3,0,0,,,triagem/nome-caixa-conversao 1.0.0,22,ok
103730,per103730_1908_00284,4,0,0,,,triagem/nome-caixa-conversao 1.0.0,22,ok
103730,per103730_1908_00284,5,0,0,,,triagem/nome-caixa-conversao 1.0.0,22,ok
103730,per103730_1908_00284,6,0,0,,,triagem/nome-caixa-conversao 1.0.0,22,ok
103730,per103730_1908_00284,7,0,0,,,triagem/nome-caixa-conversao 1.0.0,22,ok
103730,per103730_1908_00284,8,0,0,,,triagem/nome-caixa-conversao 1.0.0,22,ok
103730,per103730_1908_00284,9,0,0,,,triagem/nome-caixa-conversao 1.0.0,22,ok
103730,per103730_1908_00284,10,0,0,,,triagem/nome-caixa-conversao 1.0.0,22,ok
103730,per103730_1908_00284,11,1,2,caixa de conver,35711,triagem/nome-caixa-conversao 1.0.0,22,ok
103730,per103730_1908_00284,12,0,0,,,triagem/nome-caixa-conversao 1.0.0,22,ok
103730,per103730_1908_00284,13,0,0,,,triagem/nome-caixa-conversao 1.0.0,22,ok
103730,per103730_1908_00284,14,0,0,,,triagem/nome-caixa-conversao 1.0.0,22,ok
103730,per103730_1908_00284,15,0,0,,,triagem/nome-caixa-conversao 1.0.0,22,ok
103730,per103730_1908_00284,16,0,0,,,triagem/nome-caixa-conversao 1.0.0,22,ok
103730,per103730_1908_00285,1,0,0,,,triagem/nome-caixa-conversao 1.0.0,22,ok
103730,per103730_1908_00285,2,0,0,,,triagem/nome-caixa-conversao 1.0.0,22,ok
103730,per103730_1908_00285,3,0,0,,,triagem/nome-caixa-conversao 1.0.0,22,ok
103730,per103730_1908_00285,4,0,0,,,triagem/nome-caixa-conversao 1.0.0,22,ok
103730,per103730_1908_00285,5,0,0,,,triagem/nome-caixa-conversao 1.0.0,22,ok
103730,per103730_1908_00285,6,0,0,,,triagem/nome-caixa-conversao 1.0.0,22,ok
103730,per103730_1908_00287,1,0,0,,,triagem/nome-caixa-conversao 1.0.0,22,ok
103730,per103730_1908_00287,2,0,0,,,triagem/nome-caixa-conversao 1.0.0,22,ok
103730,per103730_1908_00287,3,0,0,,,triagem/nome-caixa-conversao 1.0.0,22,ok
103730,per103730_1908_00287,4,0,0,,,triagem/nome-caixa-conversao 1.0.0,22,ok
103730,per103730_1908_00287,5,0,0,,,triagem/nome-caixa-conversao 1.0.0,22,ok
103730,per103730_1908_00287,6,0,0,,,triagem/nome-caixa-conversao 1.0.0,22,ok
103730,per103730_1908_00288,1,0,0,,,triagem/nome-caixa-conversao 1.0.0,22,ok
103730,per103730_1908_00288,2,0,0,,,triagem/nome-caixa-conversao 1.0.0,22,ok
103730,per103730_1908_00288,3,0,0,,,triagem/nome-caixa-conversao 1.0.0,22,ok
103730,per103730_1908_00288,4,0,0,,,triagem/nome-caixa-conversao 1.0.0,22,ok
103730,per103730_1908_00288,5,0,0,,,triagem/nome-caixa-conversao 1.0.0,22,ok
103730,per103730_1908_00288,6,0,0,,,triagem/nome-caixa-conversao 1.0.0,22,ok
103730,per103730_1908_00289,1,0,0,,,triagem/nome-caixa-conversao 1.0.0,22,ok
103730,per103730_1908_00289,2,0,0,,,triagem/nome-caixa-conversao 1.0.0,22,ok
103730,per103730_1908_00289,3,0,0,,,triagem/nome-caixa-conversao 1.0.0,22,ok
103730,per103730_1908_00289,4,0,0,,,triagem/nome-caixa-conversao 1.0.0,22,ok
103730,per103730_1908_00289,5,0,0,,,triagem/nome-caixa-conversao 1.0.0,22,ok
103730,per103730_1908_00289,6,0,0,,,triagem/nome-caixa-conversao 1.0.0,22,ok
103730,per103730_1908_00290,1,0,0,,,triagem/nome-caixa-conversao 1.0.0,22,ok
103730,per103730_1908_00290,2,0,0,,,triagem/nome-caixa-conversao 1.0.0,22,ok
103730,per103730_1908_00290,3,0,0,,,triagem/nome-caixa-conversao 1.0.0,22,ok
103730,per103730_1908_00290,4,0,0,,,triagem/nome-caixa-conversao 1.0.0,22,ok
103730,per103730_1908_00290,5,0,0,,,triagem/nome-caixa-conversao 1.0.0,22,ok
103730,per103730_1908_00290,6,0,0,,,triagem/nome-caixa-conversao 1.0.0,22,ok
103730,per103730_1908_00291,1,0,0,,,triagem/nome-caixa-conversao 1.0.0,22,ok
103730,per103730_1908_00291,2,1,1,caixa de conver,19446,triagem/nome-caixa-conversao 1.0.0,22,ok
103730,per103730_1908_00291,3,0,0,,,triagem/nome-caixa-conversao 1.0.0,22,ok
103730,per103730_1908_00291,4,0,0,,,triagem/nome-caixa-conversao 1.0.0,22,ok
103730,per103730_1908_00291,5,0,0,,,triagem/nome-caixa-conversao 1.0.0,22,ok
103730,per103730_1908_00291,6,0,0,,,triagem/nome-caixa-conversao 1.0.0,22,ok
103730,per103730_1908_00292,1,0,0,,,triagem/nome-caixa-conversao 1.0.0,22,ok
103730,per103730_1908_00292,2,0,0,,,triagem/nome-caixa-conversao 1.0.0,22,ok
103730,per103730_1908_00292,3,0,0,,,triagem/nome-caixa-conversao 1.0.0,22,ok
103730,per103730_1908_00292,4,0,0,,,triagem/nome-caixa-conversao 1.0.0,22,ok
103730,per103730_1908_00292,5,0,0,,,triagem/nome-caixa-conversao 1.0.0,22,ok
103730,per103730_1908_00292,6,0,0,,,triagem/nome-caixa-conversao 1.0.0,22,ok
103730,per103730_1908_00292,7,0,0,,,triagem/nome-caixa-conversao 1.0.0,22,ok
103730,per103730_1908_00292,8,0,0,,,triagem/nome-caixa-conversao 1.0.0,22,ok
103730,per103730_1908_00292,9,0,0,,,triagem/nome-caixa-conversao 1.0.0,22,ok
103730,per103730_1908_00292,10,0,0,,,triagem/nome-caixa-conversao 1.0.0,22,ok
103730,per103730_1908_00293,1,0,0,,,triagem/nome-caixa-conversao 1.0.0,22,ok
103730,per103730_1908_00293,2,0,0,,,triagem/nome-caixa-conversao 1.0.0,22,ok
103730,per103730_1908_00293,3,0,0,,,triagem/nome-caixa-conversao 1.0.0,22,ok
103730,per103730_1908_00293,4,0,0,,,triagem/nome-caixa-conversao 1.0.0,22,ok
103730,per103730_1908_00293,5,0,0,,,triagem/nome-caixa-conversao 1.0.0,22,ok
103730,per103730_1908_00293,6,0,0,,,triagem/nome-caixa-conversao 1.0.0,22,ok
103730,per103730_1908_00294,1,0,0,,,triagem/nome-caixa-conversao 1.0.0,22,ok
103730,per103730_1908_00294,2,0,0,,,triagem/nome-caixa-conversao 1.0.0,22,ok
103730,per103730_1908_00294,3,0,0,,,triagem/nome-caixa-conversao 1.0.0,22,ok
103730,per103730_1908_00294,4,1,1,caixa de conver,4957,triagem/nome-caixa-conversao 1.0.0,22,ok
103730,per103730_1908_00294,5,0,0,,,triagem/nome-caixa-conversao 1.0.0,22,ok
103730,per103730_1908_00294,6,0,0,,,triagem/nome-caixa-conversao 1.0.0,22,ok
103730,per103730_1908_00295,1,0,0,,,triagem/nome-caixa-conversao 1.0.0,22,ok
103730,per103730_1908_00295,2,1,1,caixa de conver,29985,triagem/nome-caixa-conversao 1.0.0,22,ok
103730,per103730_1908_00295,3,0,0,,,triagem/nome-caixa-conversao 1.0.0,22,ok
103730,per103730_1908_00295,4,1,1,caixa de conver,53163,triagem/nome-caixa-conversao 1.0.0,22,ok
103730,per103730_1908_00295,5,0,0,,,triagem/nome-caixa-conversao 1.0.0,22,ok
103730,per103730_1908_00295,6,0,0,,,triagem/nome-caixa-conversao 1.0.0,22,ok
103730,per103730_1908_00296,1,0,0,,,triagem/nome-caixa-conversao 1.0.0,22,ok
103730,per103730_1908_00296,2,0,0,,,triagem/nome-caixa-conversao 1.0.0,22,ok
103730,per103730_1908_00296,3,0,0,,,triagem/nome-caixa-conversao 1.0.0,22,ok
103730,per103730_1908_00296,4,0,0,,,triagem/nome-caixa-conversao 1.0.0,22,ok
103730,per103730_1908_00296,5,0,0,,,triagem/nome-caixa-conversao 1.0.0,22,ok
103730,per103730_1908_00296,6,0,0,,,triagem/nome-caixa-conversao 1.0.0,22,ok
103730,per103730_1908_00297,1,0,0,,,triagem/nome-caixa-conversao 1.0.0,22,ok
103730,per103730_1908_00297,2,0,0,,,triagem/nome-caixa-conversao 1.0.0,22,ok
103730,per103730_1908_00297,3,0,0,,,triagem/nome-caixa-conversao 1.0.0,22,ok
103730,per103730_1908_00297,4,0,0,,,triagem/nome-caixa-conversao 1.0.0,22,ok
103730,per103730_1908_00297,5,0,0,,,triagem/nome-caixa-conversao 1.0.0,22,ok
103730,per103730_1908_00297,6,0,0,,,triagem/nome-caixa-conversao 1.0.0,22,ok
103730,per103730_1908_00297,7,0,0,,,triagem/nome-caixa-conversao 1.0.0,22,ok
103730,per103730_1908_00297,8,1,1,caixa de conver,9198,triagem/nome-caixa-conversao 1.0.0,22,ok
103730,per103730_1908_00297,9,0,0,,,triagem/nome-caixa-conversao 1.0.0,22,ok
103730,per103730_1908_00297,10,0,0,,,triagem/nome-caixa-conversao 1.0.0,22,ok
103730,per103730_1908_00297,11,0,0,,,triagem/nome-caixa-conversao 1.0.0,22,ok
103730,per103730_1908_00297,12,0,0,,,triagem/nome-caixa-conversao 1.0.0,22,ok
103730,per103730_1908_00299,1,0,0,,,triagem/nome-caixa-conversao 1.0.0,22,ok
103730,per103730_1908_00299,2,0,0,,,triagem/nome-caixa-conversao 1.0.0,22,ok
103730,per103730_1908_00299,3,0,0,,,triagem/nome-caixa-conversao 1.0.0,22,ok
103730,per103730_1908_00299,4,0,0,,,triagem/nome-caixa-conversao 1.0.0,22,ok
103730,per103730_1908_00299,5,0,0,,,triagem/nome-caixa-conversao 1.0.0,22,ok
103730,per103730_1908_00299,6,0,0,,,triagem/nome-caixa-conversao 1.0.0,22,ok
103730,per103730_1908_00299,7,0,0,,,triagem/nome-caixa-conversao 1.0.0,22,ok
103730,per103730_1908_00299,8,0,0,,,triagem/nome-caixa-conversao 1.0.0,22,ok
103730,per103730_1908_00299,9,0,0,,,triagem/nome-caixa-conversao 1.0.0,22,ok
103730,per103730_1908_00299,10,0,0,,,triagem/nome-caixa-conversao 1.0.0,22,ok
103730,per103730_1908_00300,1,0,0,,,triagem/nome-caixa-conversao 1.0.0,22,ok
103730,per103730_1908_00300,2,1,1,caixa dcconver,11166,triagem/nome-caixa-conversao 1.0.0,22,ok
103730,per103730_1908_00300,3,0,0,,,triagem/nome-caixa-conversao 1.0.0,22,ok
103730,per103730_1908_00300,4,0,0,,,triagem/nome-caixa-conversao 1.0.0,22,ok
103730,per103730_1908_00300,5,0,0,,,triagem/nome-caixa-conversao 1.0.0,22,ok
103730,per103730_1908_00300,6,0,0,,,triagem/nome-caixa-conversao 1.0.0,22,ok
103730,per103730_1908_00301,1,0,0,,,triagem/nome-caixa-conversao 1.0.0,22,ok
103730,per103730_1908_00301,2,0,0,,,triagem/nome-caixa-conversao 1.0.0,22,ok
103730,per103730_1908_00301,3,0,0,,,triagem/nome-caixa-conversao 1.0.0,22,ok
103730,per103730_1908_00301,4,0,0,,,triagem/nome-caixa-conversao 1.0.0,22,ok
103730,per103730_1908_00301,5,0,0,,,triagem/nome-caixa-conversao 1.0.0,22,ok
103730,per103730_1908_00301,6,0,0,,,triagem/nome-caixa-conversao 1.0.0,22,ok
103730,per103730_1908_00302,1,0,0,,,triagem/nome-caixa-conversao 1.0.0,22,ok
103730,per103730_1908_00302,2,0,0,,,triagem/nome-caixa-conversao 1.0.0,22,ok
103730,per103730_1908_00302,3,0,0,,,triagem/nome-caixa-conversao 1.0.0,22,ok
103730,per103730_1908_00302,4,0,0,,,triagem/nome-caixa-conversao 1.0.0,22,ok
103730,per103730_1908_00302,5,0,0,,,triagem/nome-caixa-conversao 1.0.0,22,ok
103730,per103730_1908_00302,6,0,0,,,triagem/nome-caixa-conversao 1.0.0,22,ok
103730,per103730_1908_00303,1,0,0,,,triagem/nome-caixa-conversao 1.0.0,22,ok
103730,per103730_1908_00303,2,0,0,,,triagem/nome-caixa-conversao 1.0.0,22,ok
103730,per103730_1908_00303,3,0,0,,,triagem/nome-caixa-conversao 1.0.0,22,ok
103730,per103730_1908_00303,4,0,0,,,triagem/nome-caixa-conversao 1.0.0,22,ok
103730,per103730_1908_00303,5,0,0,,,triagem/nome-caixa-conversao 1.0.0,22,ok
103730,per103730_1908_00303,6,0,0,,,triagem/nome-caixa-conversao 1.0.0,22,ok
103730,per103730_1908_00304,1,0,0,,,triagem/nome-caixa-conversao 1.0.0,22,ok
103730,per103730_1908_00304,2,0,0,,,triagem/nome-caixa-conversao 1.0.0,22,ok
103730,per103730_1908_00304,3,0,0,,,triagem/nome-caixa-conversao 1.0.0,22,ok
103730,per103730_1908_00304,4,0,0,,,triagem/nome-caixa-conversao 1.0.0,22,ok
103730,per103730_1908_00304,5,0,0,,,triagem/nome-caixa-conversao 1.0.0,22,ok
103730,per103730_1908_00304,6,0,0,,,triagem/nome-caixa-conversao 1.0.0,22,ok
103730,per103730_1908_00305,1,0,0,,,triagem/nome-caixa-conversao 1.0.0,22,ok
103730,per103730_1908_00305,2,0,0,,,triagem/nome-caixa-conversao 1.0.0,22,ok
103730,per103730_1908_00305,3,0,0,,,triagem/nome-caixa-conversao 1.0.0,22,ok
103730,per103730_1908_00305,4,0,0,,,triagem/nome-caixa-conversao 1.0.0,22,ok
103730,per103730_1908_00305,5,0,0,,,triagem/nome-caixa-conversao 1.0.0,22,ok
103730,per103730_1908_00305,6,0,0,,,triagem/nome-caixa-conversao 1.0.0,22,ok
103730,per103730_1908_00306,1,0,0,,,triagem/nome-caixa-conversao 1.0.0,22,ok
103730,per103730_1908_00306,2,0,0,,,triagem/nome-caixa-conversao 1.0.0,22,ok
103730,per103730_1908_00306,3,0,0,,,triagem/nome-caixa-conversao 1.0.0,22,ok
103730,per103730_1908_00306,4,0,0,,,triagem/nome-caixa-conversao 1.0.0,22,ok
103730,per103730_1908_00306,5,1,1,caixa dr conver,13366,triagem/nome-caixa-conversao 1.0.0,22,ok
103730,per103730_1908_00306,6,0,0,,,triagem/nome-caixa-conversao 1.0.0,22,ok
103730,per103730_1908_00306,7,0,0,,,triagem/nome-caixa-conversao 1.0.0,22,ok
103730,per103730_1908_00306,8,0,0,,,triagem/nome-caixa-conversao 1.0.0,22,ok
103730,per103730_1908_00306,9,0,0,,,triagem/nome-caixa-conversao 1.0.0,22,ok
103730,per103730_1908_00306,10,0,0,,,triagem/nome-caixa-conversao 1.0.0,22,ok
103730,per103730_1908_00307,1,1,2,caixa de conver,16512,triagem/nome-caixa-conversao 1.0.0,22,ok
103730,per103730_1908_00307,2,0,0,,,triagem/nome-caixa-conversao 1.0.0,22,ok
103730,per103730_1908_00307,3,0,0,,,triagem/nome-caixa-conversao 1.0.0,22,ok
103730,per103730_1908_00307,4,0,0,,,triagem/nome-caixa-conversao 1.0.0,22,ok
103730,per103730_1908_00307,5,0,0,,,triagem/nome-caixa-conversao 1.0.0,22,ok
103730,per103730_1908_00307,6,0,0,,,triagem/nome-caixa-conversao 1.0.0,22,ok
103730,per103730_1908_00308,1,0,0,,,triagem/nome-caixa-conversao 1.0.0,22,ok
103730,per103730_1908_00308,2,0,0,,,triagem/nome-caixa-conversao 1.0.0,22,ok
103730,per103730_1908_00308,3,1,1,caixa de conver,49849,triagem/nome-caixa-conversao 1.0.0,22,ok
103730,per103730_1908_00308,4,0,0,,,triagem/nome-caixa-conversao 1.0.0,22,ok
103730,per103730_1908_00308,5,0,0,,,triagem/nome-caixa-conversao 1.0.0,22,ok
103730,per103730_1908_00308,6,0,0,,,triagem/nome-caixa-conversao 1.0.0,22,ok
103730,per103730_1908_00309,1,0,0,,,triagem/nome-caixa-conversao 1.0.0,22,ok
103730,per103730_1908_00309,2,1,1,caixa deconver,21285,triagem/nome-caixa-conversao 1.0.0,22,ok
103730,per103730_1908_00309,3,0,0,,,triagem/nome-caixa-conversao 1.0.0,22,ok
103730,per103730_1908_00309,4,0,0,,,triagem/nome-caixa-conversao 1.0.0,22,ok
103730,per103730_1908_00309,5,0,0,,,triagem/nome-caixa-conversao 1.0.0,22,ok
103730,per103730_1908_00309,6,0,0,,,triagem/nome-caixa-conversao 1.0.0,22,ok
103730,per103730_1908_00310,1,1,1,caixa do conver,15070,triagem/nome-caixa-conversao 1.0.0,22,ok
103730,per103730_1908_00310,2,0,0,,,triagem/nome-caixa-conversao 1.0.0,22,ok
103730,per103730_1908_00310,3,0,0,,,triagem/nome-caixa-conversao 1.0.0,22,ok
103730,per103730_1908_00310,4,0,0,,,triagem/nome-caixa-conversao 1.0.0,22,ok
103730,per103730_1908_00310,5,0,0,,,triagem/nome-caixa-conversao 1.0.0,22,ok
103730,per103730_1908_00310,6,0,0,,,triagem/nome-caixa-conversao 1.0.0,22,ok
103730,per103730_1908_00311,1,0,0,,,triagem/nome-caixa-conversao 1.0.0,22,ok
103730,per103730_1908_00311,2,0,0,,,triagem/nome-caixa-conversao 1.0.0,22,ok
103730,per103730_1908_00311,3,0,0,,,triagem/nome-caixa-conversao 1.0.0,22,ok
103730,per103730_1908_00311,4,0,0,,,triagem/nome-caixa-conversao 1.0.0,22,ok
103730,per103730_1908_00311,5,0,0,,,triagem/nome-caixa-conversao 1.0.0,22,ok
103730,per103730_1908_00311,6,0,0,,,triagem/nome-caixa-conversao 1.0.0,22,ok
103730,per103730_1908_00312,1,0,0,,,triagem/nome-caixa-conversao 1.0.0,22,ok
103730,per103730_1908_00312,2,0,0,,,triagem/nome-caixa-conversao 1.0.0,22,ok
103730,per103730_1908_00312,3,0,0,,,triagem/nome-caixa-conversao 1.0.0,22,ok
103730,per103730_1908_00312,4,0,0,,,triagem/nome-caixa-conversao 1.0.0,22,ok
103730,per103730_1908_00312,5,0,0,,,triagem/nome-caixa-conversao 1.0.0,22,ok
103730,per103730_1908_00312,6,0,0,,,triagem/nome-caixa-conversao 1.0.0,22,ok
103730,per103730_1908_00313,1,0,0,,,triagem/nome-caixa-conversao 1.0.0,22,ok
103730,per103730_1908_00313,2,0,0,,,triagem/nome-caixa-conversao 1.0.0,22,ok
103730,per103730_1908_00313,3,0,0,,,triagem/nome-caixa-conversao 1.0.0,22,ok
103730,per103730_1908_00313,4,0,0,,,triagem/nome-caixa-conversao 1.0.0,22,ok
103730,per103730_1908_00313,5,0,0,,,triagem/nome-caixa-conversao 1.0.0,22,ok
103730,per103730_1908_00313,6,0,0,,,triagem/nome-caixa-conversao 1.0.0,22,ok
103730,per103730_1908_00313,7,0,0,,,triagem/nome-caixa-conversao 1.0.0,22,ok
103730,per103730_1908_00313,8,0,0,,,triagem/nome-caixa-conversao 1.0.0,22,ok
103730,per103730_1908_00313,9,0,0,,,triagem/nome-caixa-conversao 1.0.0,22,ok
103730,per103730_1908_00313,10,0,0,,,triagem/nome-caixa-conversao 1.0.0,22,ok
103730,per103730_1908_00314,1,0,0,,,triagem/nome-caixa-conversao 1.0.0,22,ok
103730,per103730_1908_00314,2,0,0,,,triagem/nome-caixa-conversao 1.0.0,22,ok
103730,per103730_1908_00314,3,0,0,,,triagem/nome-caixa-conversao 1.0.0,22,ok
103730,per103730_1908_00314,4,0,0,,,triagem/nome-caixa-conversao 1.0.0,22,ok
103730,per103730_1908_00314,5,0,0,,,triagem/nome-caixa-conversao 1.0.0,22,ok
103730,per103730_1908_00314,6,0,0,,,triagem/nome-caixa-conversao 1.0.0,22,ok
103730,per103730_1908_00315,1,0,0,,,triagem/nome-caixa-conversao 1.0.0,22,ok
103730,per103730_1908_00315,2,0,0,,,triagem/nome-caixa-conversao 1.0.0,22,ok
103730,per103730_1908_00315,3,0,0,,,triagem/nome-caixa-conversao 1.0.0,22,ok
103730,per103730_1908_00315,4,0,0,,,triagem/nome-caixa-conversao 1.0.0,22,ok
103730,per103730_1908_00315,5,0,0,,,triagem/nome-caixa-conversao 1.0.0,22,ok
103730,per103730_1908_00315,6,0,0,,,triagem/nome-caixa-conversao 1.0.0,22,ok
103730,per103730_1908_00316,1,1,1,caixa de conver,16415,triagem/nome-caixa-conversao 1.0.0,22,ok
103730,per103730_1908_00316,2,0,0,,,triagem/nome-caixa-conversao 1.0.0,22,ok
103730,per103730_1908_00316,3,0,0,,,triagem/nome-caixa-conversao 1.0.0,22,ok
103730,per103730_1908_00316,4,0,0,,,triagem/nome-caixa-conversao 1.0.0,22,ok
103730,per103730_1908_00316,5,0,0,,,triagem/nome-caixa-conversao 1.0.0,22,ok
103730,per103730_1908_00316,6,0,0,,,triagem/nome-caixa-conversao 1.0.0,22,ok
103730,per103730_1908_00317,1,0,0,,,triagem/nome-caixa-conversao 1.0.0,22,ok
103730,per103730_1908_00317,2,0,0,,,triagem/nome-caixa-conversao 1.0.0,22,ok
103730,per103730_1908_00317,3,0,0,,,triagem/nome-caixa-conversao 1.0.0,22,ok
103730,per103730_1908_00317,4,0,0,,,triagem/nome-caixa-conversao 1.0.0,22,ok
103730,per103730_1908_00317,5,0,0,,,triagem/nome-caixa-conversao 1.0.0,22,ok
103730,per103730_1908_00317,6,0,0,,,triagem/nome-caixa-conversao 1.0.0,22,ok
103730,per103730_1908_00318,1,0,0,,,triagem/nome-caixa-conversao 1.0.0,22,ok
103730,per103730_1908_00318,2,0,0,,,triagem/nome-caixa-conversao 1.0.0,22,ok
103730,per103730_1908_00318,3,0,0,,,triagem/nome-caixa-conversao 1.0.0,22,ok
103730,per103730_1908_00318,4,0,0,,,triagem/nome-caixa-conversao 1.0.0,22,ok
103730,per103730_1908_00318,5,0,0,,,triagem/nome-caixa-conversao 1.0.0,22,ok
103730,per103730_1908_00318,6,0,0,,,triagem/nome-caixa-conversao 1.0.0,22,ok
103730,per103730_1908_00318,7,0,0,,,triagem/nome-caixa-conversao 1.0.0,22,ok
103730,per103730_1908_00318,8,0,0,,,triagem/nome-caixa-conversao 1.0.0,22,ok
103730,per103730_1908_00319,1,1,1,caixa de conver,14082,triagem/nome-caixa-conversao 1.0.0,22,ok
103730,per103730_1908_00319,2,0,0,,,triagem/nome-caixa-conversao 1.0.0,22,ok
103730,per103730_1908_00319,3,0,0,,,triagem/nome-caixa-conversao 1.0.0,22,ok
103730,per103730_1908_00319,4,0,0,,,triagem/nome-caixa-conversao 1.0.0,22,ok
103730,per103730_1908_00319,5,0,0,,,triagem/nome-caixa-conversao 1.0.0,22,ok
103730,per103730_1908_00319,6,0,0,,,triagem/nome-caixa-conversao 1.0.0,22,ok
103730,per103730_1908_00320,1,0,0,,,triagem/nome-caixa-conversao 1.0.0,22,ok
103730,per103730_1908_00320,2,0,0,,,triagem/nome-caixa-conversao 1.0.0,22,ok
103730,per103730_1908_00320,3,0,0,,,triagem/nome-caixa-conversao 1.0.0,22,ok
103730,per103730_1908_00320,4,0,0,,,triagem/nome-caixa-conversao 1.0.0,22,ok
103730,per103730_1908_00320,5,0,0,,,triagem/nome-caixa-conversao 1.0.0,22,ok
103730,per103730_1908_00320,6,0,0,,,triagem/nome-caixa-conversao 1.0.0,22,ok
103730,per103730_1908_00320,7,0,0,,,triagem/nome-caixa-conversao 1.0.0,22,ok
103730,per103730_1908_00320,8,0,0,,,triagem/nome-caixa-conversao 1.0.0,22,ok
103730,per103730_1908_00320,9,0,0,,,triagem/nome-caixa-conversao 1.0.0,22,ok
103730,per103730_1908_00320,10,0,0,,,triagem/nome-caixa-conversao 1.0.0,22,ok
103730,per103730_1908_00320,11,0,0,,,triagem/nome-caixa-conversao 1.0.0,22,ok
103730,per103730_1908_00320,12,0,0,,,triagem/nome-caixa-conversao 1.0.0,22,ok
103730,per103730_1908_00321,1,0,0,,,triagem/nome-caixa-conversao 1.0.0,22,ok
103730,per103730_1908_00321,2,0,0,,,triagem/nome-caixa-conversao 1.0.0,22,ok
103730,per103730_1908_00321,3,0,0,,,triagem/nome-caixa-conversao 1.0.0,22,ok
103730,per103730_1908_00321,4,0,0,,,triagem/nome-caixa-conversao 1.0.0,22,ok
103730,per103730_1908_00321,5,0,0,,,triagem/nome-caixa-conversao 1.0.0,22,ok
103730,per103730_1908_00321,6,0,0,,,triagem/nome-caixa-conversao 1.0.0,22,ok
103730,per103730_1908_00322,1,0,0,,,triagem/nome-caixa-conversao 1.0.0,22,ok
103730,per103730_1908_00322,2,0,0,,,triagem/nome-caixa-conversao 1.0.0,22,ok
103730,per103730_1908_00322,3,1,1,caixa de conver,49035,triagem/nome-caixa-conversao 1.0.0,22,ok
103730,per103730_1908_00322,4,0,0,,,triagem/nome-caixa-conversao 1.0.0,22,ok
103730,per103730_1908_00322,5,0,0,,,triagem/nome-caixa-conversao 1.0.0,22,ok
103730,per103730_1908_00322,6,0,0,,,triagem/nome-caixa-conversao 1.0.0,22,ok
103730,per103730_1908_00323,1,0,0,,,triagem/nome-caixa-conversao 1.0.0,22,ok
103730,per103730_1908_00323,2,0,0,,,triagem/nome-caixa-conversao 1.0.0,22,ok
103730,per103730_1908_00323,3,0,0,,,triagem/nome-caixa-conversao 1.0.0,22,ok
103730,per103730_1908_00323,4,0,0,,,triagem/nome-caixa-conversao 1.0.0,22,ok
103730,per103730_1908_00323,5,0,0,,,triagem/nome-caixa-conversao 1.0.0,22,ok
103730,per103730_1908_00323,6,0,0,,,triagem/nome-caixa-conversao 1.0.0,22,ok
103730,per103730_1908_00324,1,0,0,,,triagem/nome-caixa-conversao 1.0.0,22,ok
103730,per103730_1908_00324,2,0,0,,,triagem/nome-caixa-conversao 1.0.0,22,ok
103730,per103730_1908_00324,3,0,0,,,triagem/nome-caixa-conversao 1.0.0,22,ok
103730,per103730_1908_00324,4,1,2,caixa deconver,14811,triagem/nome-caixa-conversao 1.0.0,22,ok
103730,per103730_1908_00324,5,0,0,,,triagem/nome-caixa-conversao 1.0.0,22,ok
103730,per103730_1908_00324,6,0,0,,,triagem/nome-caixa-conversao 1.0.0,22,ok
103730,per103730_1908_00325,1,1,2,caixa de conver,11166,triagem/nome-caixa-conversao 1.0.0,22,ok
103730,per103730_1908_00325,2,0,0,,,triagem/nome-caixa-conversao 1.0.0,22,ok
103730,per103730_1908_00325,3,0,0,,,triagem/nome-caixa-conversao 1.0.0,22,ok
103730,per103730_1908_00325,4,0,0,,,triagem/nome-caixa-conversao 1.0.0,22,ok
103730,per103730_1908_00325,5,0,0,,,triagem/nome-caixa-conversao 1.0.0,22,ok
103730,per103730_1908_00325,6,0,0,,,triagem/nome-caixa-conversao 1.0.0,22,ok
103730,per103730_1908_00326,1,0,0,,,triagem/nome-caixa-conversao 1.0.0,22,ok
103730,per103730_1908_00326,2,0,0,,,triagem/nome-caixa-conversao 1.0.0,22,ok
103730,per103730_1908_00326,3,0,0,,,triagem/nome-caixa-conversao 1.0.0,22,ok
103730,per103730_1908_00326,4,0,0,,,triagem/nome-caixa-conversao 1.0.0,22,ok
103730,per103730_1908_00326,5,1,1,caixa de conver,41250,triagem/nome-caixa-conversao 1.0.0,22,ok
103730,per103730_1908_00326,6,0,0,,,triagem/nome-caixa-conversao 1.0.0,22,ok
103730,per103730_1908_00326,7,0,0,,,triagem/nome-caixa-conversao 1.0.0,22,ok
103730,per103730_1908_00326,8,0,0,,,triagem/nome-caixa-conversao 1.0.0,22,ok
103730,per103730_1908_00327,1,0,0,,,triagem/nome-caixa-conversao 1.0.0,22,ok
103730,per103730_1908_00327,2,0,0,,,triagem/nome-caixa-conversao 1.0.0,22,ok
103730,per103730_1908_00327,3,0,0,,,triagem/nome-caixa-conversao 1.0.0,22,ok
103730,per103730_1908_00327,4,0,0,,,triagem/nome-caixa-conversao 1.0.0,22,ok
103730,per103730_1908_00327,5,1,1,caixa de conver,30285,triagem/nome-caixa-conversao 1.0.0,22,ok
103730,per103730_1908_00327,6,0,0,,,triagem/nome-caixa-conversao 1.0.0,22,ok
103730,per103730_1908_00327,7,0,0,,,triagem/nome-caixa-conversao 1.0.0,22,ok
103730,per103730_1908_00327,8,1,1,caixa de conver,38291,triagem/nome-caixa-conversao 1.0.0,22,ok
103730,per103730_1908_00327,9,0,0,,,triagem/nome-caixa-conversao 1.0.0,22,ok
103730,per103730_1908_00327,10,0,0,,,triagem/nome-caixa-conversao 1.0.0,22,ok
103730,per103730_1908_00328,1,0,0,,,triagem/nome-caixa-conversao 1.0.0,22,ok
103730,per103730_1908_00328,2,0,0,,,triagem/nome-caixa-conversao 1.0.0,22,ok
103730,per103730_1908_00328,3,0,0,,,triagem/nome-caixa-conversao 1.0.0,22,ok
103730,per103730_1908_00328,4,0,0,,,triagem/nome-caixa-conversao 1.0.0,22,ok
103730,per103730_1908_00328,5,0,0,,,triagem/nome-caixa-conversao 1.0.0,22,ok
103730,per103730_1908_00328,6,0,0,,,triagem/nome-caixa-conversao 1.0.0,22,ok
103730,per103730_1908_00328,7,0,0,,,triagem/nome-caixa-conversao 1.0.0,22,ok
103730,per103730_1908_00328,8,0,0,,,triagem/nome-caixa-conversao 1.0.0,22,ok
103730,per103730_1908_00329,1,1,1,caixa de conver,27404,triagem/nome-caixa-conversao 1.0.0,22,ok
103730,per103730_1908_00329,2,0,0,,,triagem/nome-caixa-conversao 1.0.0,22,ok
103730,per103730_1908_00329,3,0,0,,,triagem/nome-caixa-conversao 1.0.0,22,ok
103730,per103730_1908_00329,4,0,0,,,triagem/nome-caixa-conversao 1.0.0,22,ok
103730,per103730_1908_00329,5,0,0,,,triagem/nome-caixa-conversao 1.0.0,22,ok
103730,per103730_1908_00329,6,0,0,,,triagem/nome-caixa-conversao 1.0.0,22,ok
103730,per103730_1908_00330,1,0,0,,,triagem/nome-caixa-conversao 1.0.0,22,ok
103730,per103730_1908_00330,2,1,1,caixa dc conver,37385,triagem/nome-caixa-conversao 1.0.0,22,ok
103730,per103730_1908_00330,3,0,0,,,triagem/nome-caixa-conversao 1.0.0,22,ok
103730,per103730_1908_00330,4,0,0,,,triagem/nome-caixa-conversao 1.0.0,22,ok
103730,per103730_1908_00330,5,0,0,,,triagem/nome-caixa-conversao 1.0.0,22,ok
103730,per103730_1908_00330,6,0,0,,,triagem/nome-caixa-conversao 1.0.0,22,ok
103730,per103730_1908_00331,1,0,0,,,triagem/nome-caixa-conversao 1.0.0,22,ok
103730,per103730_1908_00331,2,0,0,,,triagem/nome-caixa-conversao 1.0.0,22,ok
103730,per103730_1908_00331,3,0,0,,,triagem/nome-caixa-conversao 1.0.0,22,ok
103730,per103730_1908_00331,4,0,0,,,triagem/nome-caixa-conversao 1.0.0,22,ok
103730,per103730_1908_00331,5,0,0,,,triagem/nome-caixa-conversao 1.0.0,22,ok
103730,per103730_1908_00331,6,0,0,,,triagem/nome-caixa-conversao 1.0.0,22,ok
103730,per103730_1908_00332,1,0,0,,,triagem/nome-caixa-conversao 1.0.0,22,ok
103730,per103730_1908_00332,2,0,0,,,triagem/nome-caixa-conversao 1.0.0,22,ok
103730,per103730_1908_00332,3,0,0,,,triagem/nome-caixa-conversao 1.0.0,22,ok
103730,per103730_1908_00332,4,1,1,caixa de conver,15658,triagem/nome-caixa-conversao 1.0.0,22,ok
103730,per103730_1908_00332,5,0,0,,,triagem/nome-caixa-conversao 1.0.0,22,ok
103730,per103730_1908_00332,6,0,0,,,triagem/nome-caixa-conversao 1.0.0,22,ok
103730,per103730_1908_00333,1,1,1,caixa de conver,6483,triagem/nome-caixa-conversao 1.0.0,22,ok
103730,per103730_1908_00333,2,0,0,,,triagem/nome-caixa-conversao 1.0.0,22,ok
103730,per103730_1908_00333,3,0,0,,,triagem/nome-caixa-conversao 1.0.0,22,ok
103730,per103730_1908_00333,4,0,0,,,triagem/nome-caixa-conversao 1.0.0,22,ok
103730,per103730_1908_00333,5,0,0,,,triagem/nome-caixa-conversao 1.0.0,22,ok
103730,per103730_1908_00333,6,0,0,,,triagem/nome-caixa-conversao 1.0.0,22,ok
103730,per103730_1908_00334,1,0,0,,,triagem/nome-caixa-conversao 1.0.0,22,ok
103730,per103730_1908_00334,2,0,0,,,triagem/nome-caixa-conversao 1.0.0,22,ok
103730,per103730_1908_00334,3,0,0,,,triagem/nome-caixa-conversao 1.0.0,22,ok
103730,per103730_1908_00334,4,0,0,,,triagem/nome-caixa-conversao 1.0.0,22,ok
103730,per103730_1908_00334,5,0,0,,,triagem/nome-caixa-conversao 1.0.0,22,ok
103730,per103730_1908_00334,6,0,0,,,triagem/nome-caixa-conversao 1.0.0,22,ok
103730,per103730_1908_00334,7,0,0,,,triagem/nome-caixa-conversao 1.0.0,22,ok
103730,per103730_1908_00334,8,0,0,,,triagem/nome-caixa-conversao 1.0.0,22,ok
103730,per103730_1908_00334,9,0,0,,,triagem/nome-caixa-conversao 1.0.0,22,ok
103730,per103730_1908_00334,10,0,0,,,triagem/nome-caixa-conversao 1.0.0,22,ok
103730,per103730_1908_00334,11,0,0,,,triagem/nome-caixa-conversao 1.0.0,22,ok
103730,per103730_1908_00334,12,0,0,,,triagem/nome-caixa-conversao 1.0.0,22,ok
103730,per103730_1908_00335,1,0,0,,,triagem/nome-caixa-conversao 1.0.0,22,ok
103730,per103730_1908_00335,2,0,0,,,triagem/nome-caixa-conversao 1.0.0,22,ok
103730,per103730_1908_00335,3,0,0,,,triagem/nome-caixa-conversao 1.0.0,22,ok
103730,per103730_1908_00335,4,0,0,,,triagem/nome-caixa-conversao 1.0.0,22,ok
103730,per103730_1908_00335,5,0,0,,,triagem/nome-caixa-conversao 1.0.0,22,ok
103730,per103730_1908_00335,6,0,0,,,triagem/nome-caixa-conversao 1.0.0,22,ok
103730,per103730_1908_00336,1,0,0,,,triagem/nome-caixa-conversao 1.0.0,22,ok
103730,per103730_1908_00336,2,0,0,,,triagem/nome-caixa-conversao 1.0.0,22,ok
103730,per103730_1908_00336,3,1,1,caixa de conver,44560,triagem/nome-caixa-conversao 1.0.0,22,ok
103730,per103730_1908_00336,4,0,0,,,triagem/nome-caixa-conversao 1.0.0,22,ok
103730,per103730_1908_00336,5,0,0,,,triagem/nome-caixa-conversao 1.0.0,22,ok
103730,per103730_1908_00336,6,0,0,,,triagem/nome-caixa-conversao 1.0.0,22,ok
103730,per103730_1908_00337,1,0,0,,,triagem/nome-caixa-conversao 1.0.0,22,ok
103730,per103730_1908_00337,2,0,0,,,triagem/nome-caixa-conversao 1.0.0,22,ok
103730,per103730_1908_00337,3,0,0,,,triagem/nome-caixa-conversao 1.0.0,22,ok
103730,per103730_1908_00337,4,1,1,caixade conver,23754,triagem/nome-caixa-conversao 1.0.0,22,ok
103730,per103730_1908_00337,5,0,0,,,triagem/nome-caixa-conversao 1.0.0,22,ok
103730,per103730_1908_00337,6,0,0,,,triagem/nome-caixa-conversao 1.0.0,22,ok
103730,per103730_1908_00338,1,1,2,caixa de conver,36520,triagem/nome-caixa-conversao 1.0.0,22,ok
103730,per103730_1908_00338,2,0,0,,,triagem/nome-caixa-conversao 1.0.0,22,ok
103730,per103730_1908_00338,3,0,0,,,triagem/nome-caixa-conversao 1.0.0,22,ok
103730,per103730_1908_00338,4,0,0,,,triagem/nome-caixa-conversao 1.0.0,22,ok
103730,per103730_1908_00338,5,0,0,,,triagem/nome-caixa-conversao 1.0.0,22,ok
103730,per103730_1908_00338,6,0,0,,,triagem/nome-caixa-conversao 1.0.0,22,ok
103730,per103730_1908_00339,1,0,0,,,triagem/nome-caixa-conversao 1.0.0,22,ok
103730,per103730_1908_00339,2,0,0,,,triagem/nome-caixa-conversao 1.0.0,22,ok
103730,per103730_1908_00339,3,0,0,,,triagem/nome-caixa-conversao 1.0.0,22,ok
103730,per103730_1908_00339,4,0,0,,,triagem/nome-caixa-conversao 1.0.0,22,ok
103730,per103730_1908_00339,5,0,0,,,triagem/nome-caixa-conversao 1.0.0,22,ok
103730,per103730_1908_00339,6,0,0,,,triagem/nome-caixa-conversao 1.0.0,22,ok
103730,per103730_1908_00340,1,0,0,,,triagem/nome-caixa-conversao 1.0.0,22,ok
103730,per103730_1908_00340,2,0,0,,,triagem/nome-caixa-conversao 1.0.0,22,ok
103730,per103730_1908_00340,3,0,0,,,triagem/nome-caixa-conversao 1.0.0,22,ok
103730,per103730_1908_00340,4,0,0,,,triagem/nome-caixa-conversao 1.0.0,22,ok
103730,per103730_1908_00340,5,0,0,,,triagem/nome-caixa-conversao 1.0.0,22,ok
103730,per103730_1908_00340,6,0,0,,,triagem/nome-caixa-conversao 1.0.0,22,ok
103730,per103730_1908_00341,1,0,0,,,triagem/nome-caixa-conversao 1.0.0,22,ok
103730,per103730_1908_00341,2,0,0,,,triagem/nome-caixa-conversao 1.0.0,22,ok
103730,per103730_1908_00341,3,0,0,,,triagem/nome-caixa-conversao 1.0.0,22,ok
103730,per103730_1908_00341,4,0,0,,,triagem/nome-caixa-conversao 1.0.0,22,ok
103730,per103730_1908_00341,5,0,0,,,triagem/nome-caixa-conversao 1.0.0,22,ok
103730,per103730_1908_00341,6,0,0,,,triagem/nome-caixa-conversao 1.0.0,22,ok
103730,per103730_1908_00341,7,0,0,,,triagem/nome-caixa-conversao 1.0.0,22,ok
103730,per103730_1908_00341,8,0,0,,,triagem/nome-caixa-conversao 1.0.0,22,ok
103730,per103730_1908_00341,9,0,0,,,triagem/nome-caixa-conversao 1.0.0,22,ok
103730,per103730_1908_00341,10,0,0,,,triagem/nome-caixa-conversao 1.0.0,22,ok
103730,per103730_1908_00342,1,0,0,,,triagem/nome-caixa-conversao 1.0.0,22,ok
103730,per103730_1908_00342,2,0,0,,,triagem/nome-caixa-conversao 1.0.0,22,ok
103730,per103730_1908_00342,3,0,0,,,triagem/nome-caixa-conversao 1.0.0,22,ok
103730,per103730_1908_00342,4,0,0,,,triagem/nome-caixa-conversao 1.0.0,22,ok
103730,per103730_1908_00342,5,0,0,,,triagem/nome-caixa-conversao 1.0.0,22,ok
103730,per103730_1908_00342,6,0,0,,,triagem/nome-caixa-conversao 1.0.0,22,ok
103730,per103730_1908_00343,1,0,0,,,triagem/nome-caixa-conversao 1.0.0,22,ok
103730,per103730_1908_00343,2,0,0,,,triagem/nome-caixa-conversao 1.0.0,22,ok
103730,per103730_1908_00343,3,0,0,,,triagem/nome-caixa-conversao 1.0.0,22,ok
103730,per103730_1908_00343,4,0,0,,,triagem/nome-caixa-conversao 1.0.0,22,ok
103730,per103730_1908_00343,5,0,0,,,triagem/nome-caixa-conversao 1.0.0,22,ok
103730,per103730_1908_00343,6,0,0,,,triagem/nome-caixa-conversao 1.0.0,22,ok
103730,per103730_1908_00344,1,0,0,,,triagem/nome-caixa-conversao 1.0.0,22,ok
103730,per103730_1908_00344,2,0,0,,,triagem/nome-caixa-conversao 1.0.0,22,ok
103730,per103730_1908_00344,3,0,0,,,triagem/nome-caixa-conversao 1.0.0,22,ok
103730,per103730_1908_00344,4,0,0,,,triagem/nome-caixa-conversao 1.0.0,22,ok
103730,per103730_1908_00344,5,0,0,,,triagem/nome-caixa-conversao 1.0.0,22,ok
103730,per103730_1908_00344,6,0,0,,,triagem/nome-caixa-conversao 1.0.0,22,ok
103730,per103730_1908_00345,1,0,0,,,triagem/nome-caixa-conversao 1.0.0,22,ok
103730,per103730_1908_00345,2,0,0,,,triagem/nome-caixa-conversao 1.0.0,22,ok
103730,per103730_1908_00345,3,0,0,,,triagem/nome-caixa-conversao 1.0.0,22,ok
103730,per103730_1908_00345,4,0,0,,,triagem/nome-caixa-conversao 1.0.0,22,ok
103730,per103730_1908_00345,5,0,0,,,triagem/nome-caixa-conversao 1.0.0,22,ok
103730,per103730_1908_00345,6,0,0,,,triagem/nome-caixa-conversao 1.0.0,22,ok
103730,per103730_1908_00346,1,0,0,,,triagem/nome-caixa-conversao 1.0.0,22,ok
103730,per103730_1908_00346,2,0,0,,,triagem/nome-caixa-conversao 1.0.0,22,ok
103730,per103730_1908_00346,3,0,0,,,triagem/nome-caixa-conversao 1.0.0,22,ok
103730,per103730_1908_00346,4,0,0,,,triagem/nome-caixa-conversao 1.0.0,22,ok
103730,per103730_1908_00346,5,0,0,,,triagem/nome-caixa-conversao 1.0.0,22,ok
103730,per103730_1908_00346,6,0,0,,,triagem/nome-caixa-conversao 1.0.0,22,ok
103730,per103730_1908_00347,1,0,0,,,triagem/nome-caixa-conversao 1.0.0,22,ok
103730,per103730_1908_00347,2,0,0,,,triagem/nome-caixa-conversao 1.0.0,22,ok
103730,per103730_1908_00347,3,1,2,caixa de conver,47066,triagem/nome-caixa-conversao 1.0.0,22,ok
103730,per103730_1908_00347,4,0,0,,,triagem/nome-caixa-conversao 1.0.0,22,ok
103730,per103730_1908_00347,5,0,0,,,triagem/nome-caixa-conversao 1.0.0,22,ok
103730,per103730_1908_00347,6,0,0,,,triagem/nome-caixa-conversao 1.0.0,22,ok
103730,per103730_1908_00348,1,0,0,,,triagem/nome-caixa-conversao 1.0.0,22,ok
103730,per103730_1908_00348,2,0,0,,,triagem/nome-caixa-conversao 1.0.0,22,ok
103730,per103730_1908_00348,3,0,0,,,triagem/nome-caixa-conversao 1.0.0,22,ok
103730,per103730_1908_00348,4,0,0,,,triagem/nome-caixa-conversao 1.0.0,22,ok
103730,per103730_1908_00348,5,0,0,,,triagem/nome-caixa-conversao 1.0.0,22,ok
103730,per103730_1908_00348,6,0,0,,,triagem/nome-caixa-conversao 1.0.0,22,ok
103730,per103730_1908_00348,7,0,0,,,triagem/nome-caixa-conversao 1.0.0,22,ok
103730,per103730_1908_00348,8,0,0,,,triagem/nome-caixa-conversao 1.0.0,22,ok
103730,per103730_1908_00348,9,0,0,,,triagem/nome-caixa-conversao 1.0.0,22,ok
103730,per103730_1908_00348,10,0,0,,,triagem/nome-caixa-conversao 1.0.0,22,ok
103730,per103730_1908_00348,11,0,0,,,triagem/nome-caixa-conversao 1.0.0,22,ok
103730,per103730_1908_00348,12,0,0,,,triagem/nome-caixa-conversao 1.0.0,22,ok
103730,per103730_1908_00349,1,1,1,caixa de conver,22812,triagem/nome-caixa-conversao 1.0.0,22,ok
103730,per103730_1908_00349,2,0,0,,,triagem/nome-caixa-conversao 1.0.0,22,ok
103730,per103730_1908_00349,3,0,0,,,triagem/nome-caixa-conversao 1.0.0,22,ok
103730,per103730_1908_00349,4,0,0,,,triagem/nome-caixa-conversao 1.0.0,22,ok
103730,per103730_1908_00349,5,0,0,,,triagem/nome-caixa-conversao 1.0.0,22,ok
103730,per103730_1908_00349,6,0,0,,,triagem/nome-caixa-conversao 1.0.0,22,ok
103730,per103730_1908_00350,1,0,0,,,triagem/nome-caixa-conversao 1.0.0,22,ok
103730,per103730_1908_00350,2,0,0,,,triagem/nome-caixa-conversao 1.0.0,22,ok
103730,per103730_1908_00350,3,0,0,,,triagem/nome-caixa-conversao 1.0.0,22,ok
103730,per103730_1908_00350,4,1,1,caixade conver,20224,triagem/nome-caixa-conversao 1.0.0,22,ok
103730,per103730_1908_00350,5,0,0,,,triagem/nome-caixa-conversao 1.0.0,22,ok
103730,per103730_1908_00350,6,0,0,,,triagem/nome-caixa-conversao 1.0.0,22,ok
103730,per103730_1908_00351,1,1,1,caixa do conver,11096,triagem/nome-caixa-conversao 1.0.0,22,ok
103730,per103730_1908_00351,2,0,0,,,triagem/nome-caixa-conversao 1.0.0,22,ok
103730,per103730_1908_00351,3,0,0,,,triagem/nome-caixa-conversao 1.0.0,22,ok
103730,per103730_1908_00351,4,0,0,,,triagem/nome-caixa-conversao 1.0.0,22,ok
103730,per103730_1908_00351,5,0,0,,,triagem/nome-caixa-conversao 1.0.0,22,ok
103730,per103730_1908_00351,6,0,0,,,triagem/nome-caixa-conversao 1.0.0,22,ok
103730,per103730_1908_00352,1,0,0,,,triagem/nome-caixa-conversao 1.0.0,22,ok
103730,per103730_1908_00352,2,0,0,,,triagem/nome-caixa-conversao 1.0.0,22,ok
103730,per103730_1908_00352,3,0,0,,,triagem/nome-caixa-conversao 1.0.0,22,ok
103730,per103730_1908_00352,4,1,1,caixa dc conver,37287,triagem/nome-caixa-conversao 1.0.0,22,ok
103730,per103730_1908_00352,5,0,0,,,triagem/nome-caixa-conversao 1.0.0,22,ok
103730,per103730_1908_00352,6,0,0,,,triagem/nome-caixa-conversao 1.0.0,22,ok
103730,per103730_1908_00352,7,0,0,,,triagem/nome-caixa-conversao 1.0.0,22,ok
103730,per103730_1908_00352,8,0,0,,,triagem/nome-caixa-conversao 1.0.0,22,ok
103730,per103730_1908_00353,1,0,0,,,triagem/nome-caixa-conversao 1.0.0,22,ok
103730,per103730_1908_00353,2,0,0,,,triagem/nome-caixa-conversao 1.0.0,22,ok
103730,per103730_1908_00353,3,0,0,,,triagem/nome-caixa-conversao 1.0.0,22,ok
103730,per103730_1908_00353,4,0,0,,,triagem/nome-caixa-conversao 1.0.0,22,ok
103730,per103730_1908_00353,5,0,0,,,triagem/nome-caixa-conversao 1.0.0,22,ok
103730,per103730_1908_00353,6,0,0,,,triagem/nome-caixa-conversao 1.0.0,22,ok
103730,per103730_1908_00354,1,0,0,,,triagem/nome-caixa-conversao 1.0.0,22,ok
103730,per103730_1908_00354,2,0,0,,,triagem/nome-caixa-conversao 1.0.0,22,ok
103730,per103730_1908_00354,3,0,0,,,triagem/nome-caixa-conversao 1.0.0,22,ok
103730,per103730_1908_00354,4,0,0,,,triagem/nome-caixa-conversao 1.0.0,22,ok
103730,per103730_1908_00354,5,0,0,,,triagem/nome-caixa-conversao 1.0.0,22,ok
103730,per103730_1908_00354,6,0,0,,,triagem/nome-caixa-conversao 1.0.0,22,ok
103730,per103730_1908_00355,1,0,0,,,triagem/nome-caixa-conversao 1.0.0,22,ok
103730,per103730_1908_00355,2,0,0,,,triagem/nome-caixa-conversao 1.0.0,22,ok
103730,per103730_1908_00355,3,0,0,,,triagem/nome-caixa-conversao 1.0.0,22,ok
103730,per103730_1908_00355,4,0,0,,,triagem/nome-caixa-conversao 1.0.0,22,ok
103730,per103730_1908_00355,5,0,0,,,triagem/nome-caixa-conversao 1.0.0,22,ok
103730,per103730_1908_00355,6,0,0,,,triagem/nome-caixa-conversao 1.0.0,22,ok
103730,per103730_1908_00355,7,1,1,caixade conver,24743,triagem/nome-caixa-conversao 1.0.0,22,ok
103730,per103730_1908_00355,8,0,0,,,triagem/nome-caixa-conversao 1.0.0,22,ok
103730,per103730_1908_00355,9,0,0,,,triagem/nome-caixa-conversao 1.0.0,22,ok
103730,per103730_1908_00355,10,0,0,,,triagem/nome-caixa-conversao 1.0.0,22,ok
103730,per103730_1908_00355,11,0,0,,,triagem/nome-caixa-conversao 1.0.0,22,ok
103730,per103730_1908_00355,12,0,0,,,triagem/nome-caixa-conversao 1.0.0,22,ok
103730,per103730_1908_00356,1,0,0,,,triagem/nome-caixa-conversao 1.0.0,22,ok
103730,per103730_1908_00356,2,0,0,,,triagem/nome-caixa-conversao 1.0.0,22,ok
103730,per103730_1908_00356,3,0,0,,,triagem/nome-caixa-conversao 1.0.0,22,ok
103730,per103730_1908_00356,4,0,0,,,triagem/nome-caixa-conversao 1.0.0,22,ok
103730,per103730_1908_00356,5,0,0,,,triagem/nome-caixa-conversao 1.0.0,22,ok
103730,per103730_1908_00356,6,0,0,,,triagem/nome-caixa-conversao 1.0.0,22,ok
103730,per103730_1908_00357,1,0,0,,,triagem/nome-caixa-conversao 1.0.0,22,ok
103730,per103730_1908_00357,2,0,0,,,triagem/nome-caixa-conversao 1.0.0,22,ok
103730,per103730_1908_00357,3,0,0,,,triagem/nome-caixa-conversao 1.0.0,22,ok
103730,per103730_1908_00357,4,0,0,,,triagem/nome-caixa-conversao 1.0.0,22,ok
103730,per103730_1908_00357,5,0,0,,,triagem/nome-caixa-conversao 1.0.0,22,ok
103730,per103730_1908_00357,6,0,0,,,triagem/nome-caixa-conversao 1.0.0,22,ok
103730,per103730_1908_00358,1,1,1,caixa de conver,25980,triagem/nome-caixa-conversao 1.0.0,22,ok
103730,per103730_1908_00358,2,0,0,,,triagem/nome-caixa-conversao 1.0.0,22,ok
103730,per103730_1908_00358,3,0,0,,,triagem/nome-caixa-conversao 1.0.0,22,ok
103730,per103730_1908_00358,4,0,0,,,triagem/nome-caixa-conversao 1.0.0,22,ok
103730,per103730_1908_00358,5,0,0,,,triagem/nome-caixa-conversao 1.0.0,22,ok
103730,per103730_1908_00358,6,0,0,,,triagem/nome-caixa-conversao 1.0.0,22,ok
103730,per103730_1908_00359,1,0,0,,,triagem/nome-caixa-conversao 1.0.0,22,ok
103730,per103730_1908_00359,2,0,0,,,triagem/nome-caixa-conversao 1.0.0,22,ok
103730,per103730_1908_00359,3,0,0,,,triagem/nome-caixa-conversao 1.0.0,22,ok
103730,per103730_1908_00359,4,0,0,,,triagem/nome-caixa-conversao 1.0.0,22,ok
103730,per103730_1908_00359,5,0,0,,,triagem/nome-caixa-conversao 1.0.0,22,ok
103730,per103730_1908_00359,6,0,0,,,triagem/nome-caixa-conversao 1.0.0,22,ok
103730,per103730_1908_00360,1,0,0,,,triagem/nome-caixa-conversao 1.0.0,22,ok
103730,per103730_1908_00360,2,0,0,,,triagem/nome-caixa-conversao 1.0.0,22,ok
103730,per103730_1908_00360,3,0,0,,,triagem/nome-caixa-conversao 1.0.0,22,ok
103730,per103730_1908_00360,4,0,0,,,triagem/nome-caixa-conversao 1.0.0,22,ok
103730,per103730_1908_00360,5,0,0,,,triagem/nome-caixa-conversao 1.0.0,22,ok
103730,per103730_1908_00360,6,0,0,,,triagem/nome-caixa-conversao 1.0.0,22,ok
103730,per103730_1908_00360,7,0,0,,,triagem/nome-caixa-conversao 1.0.0,22,ok
103730,per103730_1908_00360,8,0,0,,,triagem/nome-caixa-conversao 1.0.0,22,ok
103730,per103730_1908_00361,1,0,0,,,triagem/nome-caixa-conversao 1.0.0,22,ok
103730,per103730_1908_00361,2,0,0,,,triagem/nome-caixa-conversao 1.0.0,22,ok
103730,per103730_1908_00361,3,0,0,,,triagem/nome-caixa-conversao 1.0.0,22,ok
103730,per103730_1908_00361,4,0,0,,,triagem/nome-caixa-conversao 1.0.0,22,ok
103730,per103730_1908_00361,5,0,0,,,triagem/nome-caixa-conversao 1.0.0,22,ok
103730,per103730_1908_00361,6,0,0,,,triagem/nome-caixa-conversao 1.0.0,22,ok
103730,per103730_1908_00362,1,0,0,,,triagem/nome-caixa-conversao 1.0.0,22,ok
103730,per103730_1908_00362,2,0,0,,,triagem/nome-caixa-conversao 1.0.0,22,ok
103730,per103730_1908_00362,3,0,0,,,triagem/nome-caixa-conversao 1.0.0,22,ok
103730,per103730_1908_00362,4,0,0,,,triagem/nome-caixa-conversao 1.0.0,22,ok
103730,per103730_1908_00362,5,0,0,,,triagem/nome-caixa-conversao 1.0.0,22,ok
103730,per103730_1908_00362,6,0,0,,,triagem/nome-caixa-conversao 1.0.0,22,ok
103730,per103730_1908_00362,7,0,0,,,triagem/nome-caixa-conversao 1.0.0,22,ok
103730,per103730_1908_00362,8,0,0,,,triagem/nome-caixa-conversao 1.0.0,22,ok
103730,per103730_1908_00362,9,0,0,,,triagem/nome-caixa-conversao 1.0.0,22,ok
103730,per103730_1908_00362,10,0,0,,,triagem/nome-caixa-conversao 1.0.0,22,ok
103730,per103730_1908_00363,1,0,0,,,triagem/nome-caixa-conversao 1.0.0,22,ok
103730,per103730_1908_00363,2,0,0,,,triagem/nome-caixa-conversao 1.0.0,22,ok
103730,per103730_1908_00363,3,0,0,,,triagem/nome-caixa-conversao 1.0.0,22,ok
103730,per103730_1908_00363,4,0,0,,,triagem/nome-caixa-conversao 1.0.0,22,ok
103730,per103730_1908_00363,5,0,0,,,triagem/nome-caixa-conversao 1.0.0,22,ok
103730,per103730_1908_00363,6,0,0,,,triagem/nome-caixa-conversao 1.0.0,22,ok
103730,per103730_1908_00364,1,0,0,,,triagem/nome-caixa-conversao 1.0.0,22,ok
103730,per103730_1908_00364,2,0,0,,,triagem/nome-caixa-conversao 1.0.0,22,ok
103730,per103730_1908_00364,3,0,0,,,triagem/nome-caixa-conversao 1.0.0,22,ok
103730,per103730_1908_00364,4,0,0,,,triagem/nome-caixa-conversao 1.0.0,22,ok
103730,per103730_1908_00364,5,1,1,caixa do conver,22621,triagem/nome-caixa-conversao 1.0.0,22,ok
103730,per103730_1908_00364,6,0,0,,,triagem/nome-caixa-conversao 1.0.0,22,ok
103730,per103730_1908_00365,1,0,0,,,triagem/nome-caixa-conversao 1.0.0,22,ok
103730,per103730_1908_00365,2,0,0,,,triagem/nome-caixa-conversao 1.0.0,22,ok
103730,per103730_1908_00365,3,0,0,,,triagem/nome-caixa-conversao 1.0.0,22,ok
103730,per103730_1908_00365,4,0,0,,,triagem/nome-caixa-conversao 1.0.0,22,ok
103730,per103730_1908_00365,5,0,0,,,triagem/nome-caixa-conversao 1.0.0,22,ok
103730,per103730_1908_00365,6,0,0,,,triagem/nome-caixa-conversao 1.0.0,22,ok
103730,per103730_1908_00366,1,0,0,,,triagem/nome-caixa-conversao 1.0.0,22,ok
103730,per103730_1908_00366,2,0,0,,,triagem/nome-caixa-conversao 1.0.0,22,ok
103730,per103730_1908_00366,3,0,0,,,triagem/nome-caixa-conversao 1.0.0,22,ok
103730,per103730_1908_00366,4,0,0,,,triagem/nome-caixa-conversao 1.0.0,22,ok
103730,per103730_1908_00366,5,0,0,,,triagem/nome-caixa-conversao 1.0.0,22,ok
103730,per103730_1908_00366,6,0,0,,,triagem/nome-caixa-conversao 1.0.0,22,ok
