bib,source_identifier,page_number,hit,n_matches,primeiro_span_texto,primeiro_span_offset,regra_versao,extraction_run_id,result_status
178691,per178691_1910_09220,1,0,0,,,triagem/nome-caixa-conversao 1.0.0,31,ok
178691,per178691_1910_09220,2,0,0,,,triagem/nome-caixa-conversao 1.0.0,31,ok
178691,per178691_1910_09220,3,0,0,,,triagem/nome-caixa-conversao 1.0.0,31,ok
178691,per178691_1910_09220,4,0,0,,,triagem/nome-caixa-conversao 1.0.0,31,ok
178691,per178691_1910_09220,5,0,0,,,triagem/nome-caixa-conversao 1.0.0,31,ok
178691,per178691_1910_09220,6,0,0,,,triagem/nome-caixa-conversao 1.0.0,31,ok
178691,per178691_1910_09220,7,0,0,,,triagem/nome-caixa-conversao 1.0.0,31,ok
178691,per178691_1910_09220,8,0,0,,,triagem/nome-caixa-conversao 1.0.0,31,ok
178691,per178691_1910_09220,9,0,0,,,triagem/nome-caixa-conversao 1.0.0,31,ok
178691,per178691_1910_09220,10,0,0,,,triagem/nome-caixa-conversao 1.0.0,31,ok
178691,per178691_1910_09220,11,0,0,,,triagem/nome-caixa-conversao 1.0.0,31,ok
178691,per178691_1910_09220,12,0,0,,,triagem/nome-caixa-conversao 1.0.0,31,ok
178691,per178691_1910_09220,13,0,0,,,triagem/nome-caixa-conversao 1.0.0,31,ok
178691,per178691_1910_09220,14,0,0,,,triagem/nome-caixa-conversao 1.0.0,31,ok
178691,per178691_1910_09220,15,0,0,,,triagem/nome-caixa-conversao 1.0.0,31,ok
178691,per178691_1910_09220,16,0,0,,,triagem/nome-caixa-conversao 1.0.0,31,ok
178691,per178691_1910_09220,17,0,0,,,triagem/nome-caixa-conversao 1.0.0,31,ok
178691,per178691_1910_09220,18,0,0,,,triagem/nome-caixa-conversao 1.0.0,31,ok
178691,per178691_1910_09220,19,0,0,,,triagem/nome-caixa-conversao 1.0.0,31,ok
178691,per178691_1910_09220,20,0,0,,,triagem/nome-caixa-conversao 1.0.0,31,ok
178691,per178691_1910_09220,21,0,0,,,triagem/nome-caixa-conversao 1.0.0,31,ok
178691,per178691_1910_09220,22,0,0,,,triagem/nome-caixa-conversao 1.0.0,31,ok
178691,per178691_1910_09220,23,0,0,,,triagem/nome-caixa-conversao 1.0.0,31,ok
178691,per178691_1910_09220,24,0,0,,,triagem/nome-caixa-conversao 1.0.0,31,ok
178691,per178691_1910_09220,25,0,0,,,triagem/nome-caixa-conversao 1.0.0,31,ok
178691,per178691_1910_09220,26,0,0,,,triagem/nome-caixa-conversao 1.0.0,31,ok
178691,per178691_1910_09220,27,0,0,,,triagem/nome-caixa-conversao 1.0.0,31,ok
178691,per178691_1910_09220,28,0,0,,,triagem/nome-caixa-conversao 1.0.0,31,ok
178691,per178691_1910_09220,29,0,0,,,triagem/nome-caixa-conversao 1.0.0,31,ok
178691,per178691_1910_09220,30,0,0,,,triagem/nome-caixa-conversao 1.0.0,31,ok
178691,per178691_1910_09220,31,0,0,,,triagem/nome-caixa-conversao 1.0.0,31,ok
178691,per178691_1910_09220,32,0,0,,,triagem/nome-caixa-conversao 1.0.0,31,ok
178691,per178691_1910_09221,1,1,2,caixa de conver,11012,triagem/nome-caixa-conversao 1.0.0,31,ok
178691,per178691_1910_09221,2,0,0,,,triagem/nome-caixa-conversao 1.0.0,31,ok
178691,per178691_1910_09221,3,0,0,,,triagem/nome-caixa-conversao 1.0.0,31,ok
178691,per178691_1910_09221,4,0,0,,,triagem/nome-caixa-conversao 1.0.0,31,ok
178691,per178691_1910_09221,5,0,0,,,triagem/nome-caixa-conversao 1.0.0,31,ok
178691,per178691_1910_09221,6,0,0,,,triagem/nome-caixa-conversao 1.0.0,31,ok
178691,per178691_1910_09221,7,0,0,,,triagem/nome-caixa-conversao 1.0.0,31,ok
178691,per178691_1910_09221,8,0,0,,,triagem/nome-caixa-conversao 1.0.0,31,ok
178691,per178691_1910_09221,9,0,0,,,triagem/nome-caixa-conversao 1.0.0,31,ok
178691,per178691_1910_09221,10,0,0,,,triagem/nome-caixa-conversao 1.0.0,31,ok
178691,per178691_1910_09221,11,0,0,,,triagem/nome-caixa-conversao 1.0.0,31,ok
178691,per178691_1910_09221,12,0,0,,,triagem/nome-caixa-conversao 1.0.0,31,ok
178691,per178691_1910_09222,1,0,0,,,triagem/nome-caixa-conversao 1.0.0,31,ok
178691,per178691_1910_09222,2,0,0,,,triagem/nome-caixa-conversao 1.0.0,31,ok
178691,per178691_1910_09222,3,0,0,,,triagem/nome-caixa-conversao 1.0.0,31,ok
178691,per178691_1910_09222,4,0,0,,,triagem/nome-caixa-conversao 1.0.0,31,ok
178691,per178691_1910_09222,5,0,0,,,triagem/nome-caixa-conversao 1.0.0,31,ok
178691,per178691_1910_09222,6,0,0,,,triagem/nome-caixa-conversao 1.0.0,31,ok
178691,per178691_1910_09222,7,0,0,,,triagem/nome-caixa-conversao 1.0.0,31,ok
178691,per178691_1910_09222,8,0,0,,,triagem/nome-caixa-conversao 1.0.0,31,ok
178691,per178691_1910_09222,9,0,0,,,triagem/nome-caixa-conversao 1.0.0,31,ok
178691,per178691_1910_09222,10,0,0,,,triagem/nome-caixa-conversao 1.0.0,31,ok
178691,per178691_1910_09222,11,0,0,,,triagem/nome-caixa-conversao 1.0.0,31,ok
178691,per178691_1910_09222,12,0,0,,,triagem/nome-caixa-conversao 1.0.0,31,ok
178691,per178691_1910_09223,1,0,0,,,triagem/nome-caixa-conversao 1.0.0,31,ok
178691,per178691_1910_09223,2,0,0,,,triagem/nome-caixa-conversao 1.0.0,31,ok
178691,per178691_1910_09223,3,0,0,,,triagem/nome-caixa-conversao 1.0.0,31,ok
178691,per178691_1910_09223,4,0,0,,,triagem/nome-caixa-conversao 1.0.0,31,ok
178691,per178691_1910_09223,5,0,0,,,triagem/nome-caixa-conversao 1.0.0,31,ok
178691,per178691_1910_09223,6,0,0,,,triagem/nome-caixa-conversao 1.0.0,31,ok
178691,per178691_1910_09223,7,0,0,,,triagem/nome-caixa-conversao 1.0.0,31,ok
178691,per178691_1910_09223,8,0,0,,,triagem/nome-caixa-conversao 1.0.0,31,ok
178691,per178691_1910_09223,9,0,0,,,triagem/nome-caixa-conversao 1.0.0,31,ok
178691,per178691_1910_09223,10,0,0,,,triagem/nome-caixa-conversao 1.0.0,31,ok
178691,per178691_1910_09223,11,0,0,,,triagem/nome-caixa-conversao 1.0.0,31,ok
178691,per178691_1910_09223,12,0,0,,,triagem/nome-caixa-conversao 1.0.0,31,ok
178691,per178691_1910_09223,13,0,0,,,triagem/nome-caixa-conversao 1.0.0,31,ok
178691,per178691_1910_09223,14,0,0,,,triagem/nome-caixa-conversao 1.0.0,31,ok
178691,per178691_1910_09223,15,0,0,,,triagem/nome-caixa-conversao 1.0.0,31,ok
178691,per178691_1910_09223,16,0,0,,,triagem/nome-caixa-conversao 1.0.0,31,ok
178691,per178691_1910_09224,1,0,0,,,triagem/nome-caixa-conversao 1.0.0,31,ok
178691,per178691_1910_09224,2,1,1,caixa de conver,29475,triagem/nome-caixa-conversao 1.0.0,31,ok
178691,per178691_1910_09224,3,0,0,,,triagem/nome-caixa-conversao 1.0.0,31,ok
178691,per178691_1910_09224,4,0,0,,,triagem/nome-caixa-conversao 1.0.0,31,ok
178691,per178691_1910_09224,5,0,0,,,triagem/nome-caixa-conversao 1.0.0,31,ok
178691,per178691_1910_09224,6,0,0,,,triagem/nome-caixa-conversao 1.0.0,31,ok
178691,per178691_1910_09224,7,0,0,,,triagem/nome-caixa-conversao 1.0.0,31,ok
178691,per178691_1910_09224,8,0,0,,,triagem/nome-caixa-conversao 1.0.0,31,ok
178691,per178691_1910_09224,9,0,0,,,triagem/nome-caixa-conversao 1.0.0,31,ok
178691,per178691_1910_09224,10,0,0,,,triagem/nome-caixa-conversao 1.0.0,31,ok
178691,per178691_1910_09224,11,0,0,,,triagem/nome-caixa-conversao 1.0.0,31,ok
178691,per178691_1910_09224,12,0,0,,,triagem/nome-caixa-conversao 1.0.0,31,ok
178691,per178691_1910_09224,13,0,0,,,triagem/nome-caixa-conversao 1.0.0,31,ok
178691,per178691_1910_09224,14,0,0,,,triagem/nome-caixa-conversao 1.0.0,31,ok
178691,per178691_1910_09224,15,0,0,,,triagem/nome-caixa-conversao 1.0.0,31,ok
178691,per178691_1910_09224,16,0,0,,,triagem/nome-caixa-conversao 1.0.0,31,ok
178691,per178691_1910_09225,1,0,0,,,triagem/nome-caixa-conversao 1.0.0,31,ok
178691,per178691_1910_09225,2,1,1,caixa de conver,6454,triagem/nome-caixa-conversao 1.0.0,31,ok
178691,per178691_1910_09225,3,0,0,,,triagem/nome-caixa-conversao 1.0.0,31,ok
178691,per178691_1910_09225,4,0,0,,,triagem/nome-caixa-conversao 1.0.0,31,ok
178691,per178691_1910_09225,5,0,0,,,triagem/nome-caixa-conversao 1.0.0,31,ok
178691,per178691_1910_09225,6,0,0,,,triagem/nome-caixa-conversao 1.0.0,31,ok
178691,per178691_1910_09225,7,0,0,,,triagem/nome-caixa-conversao 1.0.0,31,ok
178691,per178691_1910_09225,8,0,0,,,triagem/nome-caixa-conversao 1.0.0,31,ok
178691,per178691_1910_09225,9,0,0,,,triagem/nome-caixa-conversao 1.0.0,31,ok
178691,per178691_1910_09225,10,0,0,,,triagem/nome-caixa-conversao 1.0.0,31,ok
178691,per178691_1910_09225,11,0,0,,,triagem/nome-caixa-conversao 1.0.0,31,ok
178691,per178691_1910_09225,12,0,0,,,triagem/nome-caixa-conversao 1.0.0,31,ok
178691,per178691_1910_09225,13,0,0,,,triagem/nome-caixa-conversao 1.0.0,31,ok
178691,per178691_1910_09225,14,0,0,,,triagem/nome-caixa-conversao 1.0.0,31,ok
178691,per178691_1910_09225,15,0,0,,,triagem/nome-caixa-conversao 1.0.0,31,ok
178691,per178691_1910_09225,16,0,0,,,triagem/nome-caixa-conversao 1.0.0,31,ok
178691,per178691_1910_09225,17,0,0,,,triagem/nome-caixa-conversao 1.0.0,31,ok
178691,per178691_1910_09225,18,0,0,,,triagem/nome-caixa-conversao 1.0.0,31,ok
178691,per178691_1910_09225,19,0,0,,,triagem/nome-caixa-conversao 1.0.0,31,ok
178691,per178691_1910_09225,20,0,0,,,triagem/nome-caixa-conversao 1.0.0,31,ok
178691,per178691_1910_09225,21,0,0,,,triagem/nome-caixa-conversao 1.0.0,31,ok
178691,per178691_1910_09225,22,0,0,,,triagem/nome-caixa-conversao 1.0.0,31,ok
178691,per178691_1910_09225,23,0,0,,,triagem/nome-caixa-conversao 1.0.0,31,ok
178691,per178691_1910_09225,24,0,0,,,triagem/nome-caixa-conversao 1.0.0,31,ok
178691,per178691_1910_09226,1,0,0,,,triagem/nome-caixa-conversao 1.0.0,31,ok
178691,per178691_1910_09226,2,1,1,caixa dc conver,31670,triagem/nome-caixa-conversao 1.0.0,31,ok
178691,per178691_1910_09226,3,0,0,,,triagem/nome-caixa-conversao 1.0.0,31,ok
178691,per178691_1910_09226,4,1,1,caixa de conver,36153,triagem/nome-caixa-conversao 1.0.0,31,ok
178691,per178691_1910_09226,5,0,0,,,triagem/nome-caixa-conversao 1.0.0,31,ok
178691,per178691_1910_09226,6,0,0,,,triagem/nome-caixa-conversao 1.0.0,31,ok
178691,per178691_1910_09226,7,0,0,,,triagem/nome-caixa-conversao 1.0.0,31,ok
178691,per178691_1910_09226,8,0,0,,,triagem/nome-caixa-conversao 1.0.0,31,ok
178691,per178691_1910_09226,9,0,0,,,triagem/nome-caixa-conversao 1.0.0,31,ok
178691,per178691_1910_09226,10,0,0,,,triagem/nome-caixa-conversao 1.0.0,31,ok
178691,per178691_1910_09226,11,0,0,,,triagem/nome-caixa-conversao 1.0.0,31,ok
178691,per178691_1910_09226,12,0,0,,,triagem/nome-caixa-conversao 1.0.0,31,ok
178691,per178691_1910_09227,1,0,0,,,triagem/nome-caixa-conversao 1.0.0,31,ok
178691,per178691_1910_09227,2,1,1,caixa dc conver,27820,triagem/nome-caixa-conversao 1.0.0,31,ok
178691,per178691_1910_09227,3,0,0,,,triagem/nome-caixa-conversao 1.0.0,31,ok
178691,per178691_1910_09227,4,1,2,caixa de conver,20769,triagem/nome-caixa-conversao 1.0.0,31,ok
178691,per178691_1910_09227,5,0,0,,,triagem/nome-caixa-conversao 1.0.0,31,ok
178691,per178691_1910_09227,6,0,0,,,triagem/nome-caixa-conversao 1.0.0,31,ok
178691,per178691_1910_09227,7,0,0,,,triagem/nome-caixa-conversao 1.0.0,31,ok
178691,per178691_1910_09227,8,0,0,,,triagem/nome-caixa-conversao 1.0.0,31,ok
178691,per178691_1910_09227,9,0,0,,,triagem/nome-caixa-conversao 1.0.0,31,ok
178691,per178691_1910_09227,10,0,0,,,triagem/nome-caixa-conversao 1.0.0,31,ok
178691,per178691_1910_09227,11,0,0,,,triagem/nome-caixa-conversao 1.0.0,31,ok
178691,per178691_1910_09227,12,0,0,,,triagem/nome-caixa-conversao 1.0.0,31,ok
178691,per178691_1910_09227,13,0,0,,,triagem/nome-caixa-conversao 1.0.0,31,ok
178691,per178691_1910_09227,14,0,0,,,triagem/nome-caixa-conversao 1.0.0,31,ok
178691,per178691_1910_09227,15,0,0,,,triagem/nome-caixa-conversao 1.0.0,31,ok
178691,per178691_1910_09227,16,0,0,,,triagem/nome-caixa-conversao 1.0.0,31,ok
178691,per178691_1910_09228,1,0,0,,,triagem/nome-caixa-conversao 1.0.0,31,ok
178691,per178691_1910_09228,2,1,1,caixa de conver,11577,triagem/nome-caixa-conversao 1.0.0,31,ok
178691,per178691_1910_09228,3,0,0,,,triagem/nome-caixa-conversao 1.0.0,31,ok
178691,per178691_1910_09228,4,0,0,,,triagem/nome-caixa-conversao 1.0.0,31,ok
178691,per178691_1910_09228,5,0,0,,,triagem/nome-caixa-conversao 1.0.0,31,ok
178691,per178691_1910_09228,6,0,0,,,triagem/nome-caixa-conversao 1.0.0,31,ok
178691,per178691_1910_09228,7,0,0,,,triagem/nome-caixa-conversao 1.0.0,31,ok
178691,per178691_1910_09228,8,0,0,,,triagem/nome-caixa-conversao 1.0.0,31,ok
178691,per178691_1910_09228,9,0,0,,,triagem/nome-caixa-conversao 1.0.0,31,ok
178691,per178691_1910_09228,10,0,0,,,triagem/nome-caixa-conversao 1.0.0,31,ok
178691,per178691_1910_09228,11,0,0,,,triagem/nome-caixa-conversao 1.0.0,31,ok
178691,per178691_1910_09228,12,0,0,,,triagem/nome-caixa-conversao 1.0.0,31,ok
178691,per178691_1910_09228,13,0,0,,,triagem/nome-caixa-conversao 1.0.0,31,ok
178691,per178691_1910_09228,14,0,0,,,triagem/nome-caixa-conversao 1.0.0,31,ok
178691,per178691_1910_09228,15,0,0,,,triagem/nome-caixa-conversao 1.0.0,31,ok
178691,per178691_1910_09228,16,0,0,,,triagem/nome-caixa-conversao 1.0.0,31,ok
178691,per178691_1910_09229,1,0,0,,,triagem/nome-caixa-conversao 1.0.0,31,ok
178691,per178691_1910_09229,2,0,0,,,triagem/nome-caixa-conversao 1.0.0,31,ok
178691,per178691_1910_09229,3,0,0,,,triagem/nome-caixa-conversao 1.0.0,31,ok
178691,per178691_1910_09229,4,0,0,,,triagem/nome-caixa-conversao 1.0.0,31,ok
178691,per178691_1910_09229,5,0,0,,,triagem/nome-caixa-conversao 1.0.0,31,ok
178691,per178691_1910_09229,6,0,0,,,triagem/nome-caixa-conversao 1.0.0,31,ok
178691,per178691_1910_09229,7,0,0,,,triagem/nome-caixa-conversao 1.0.0,31,ok
178691,per178691_1910_09229,8,0,0,,,triagem/nome-caixa-conversao 1.0.0,31,ok
178691,per178691_1910_09229,9,0,0,,,triagem/nome-caixa-conversao 1.0.0,31,ok
178691,per178691_1910_09229,10,0,0,,,triagem/nome-caixa-conversao 1.0.0,31,ok
178691,per178691_1910_09229,11,0,0,,,triagem/nome-caixa-conversao 1.0.0,31,ok
178691,per178691_1910_09229,12,0,0,,,triagem/nome-caixa-conversao 1.0.0,31,ok
178691,per178691_1910_09230,1,0,0,,,triagem/nome-caixa-conversao 1.0.0,31,ok
178691,per178691_1910_09230,2,1,1,caixa de conver,11701,triagem/nome-caixa-conversao 1.0.0,31,ok
178691,per178691_1910_09230,3,0,0,,,triagem/nome-caixa-conversao 1.0.0,31,ok
178691,per178691_1910_09230,4,0,0,,,triagem/nome-caixa-conversao 1.0.0,31,ok
178691,per178691_1910_09230,5,0,0,,,triagem/nome-caixa-conversao 1.0.0,31,ok
178691,per178691_1910_09230,6,0,0,,,triagem/nome-caixa-conversao 1.0.0,31,ok
178691,per178691_1910_09230,7,0,0,,,triagem/nome-caixa-conversao 1.0.0,31,ok
178691,per178691_1910_09230,8,0,0,,,triagem/nome-caixa-conversao 1.0.0,31,ok
178691,per178691_1910_09230,9,0,0,,,triagem/nome-caixa-conversao 1.0.0,31,ok
178691,per178691_1910_09230,10,0,0,,,triagem/nome-caixa-conversao 1.0.0,31,ok
178691,per178691_1910_09230,11,0,0,,,triagem/nome-caixa-conversao 1.0.0,31,ok
178691,per178691_1910_09230,12,0,0,,,triagem/nome-caixa-conversao 1.0.0,31,ok
178691,per178691_1910_09230,13,0,0,,,triagem/nome-caixa-conversao 1.0.0,31,ok
178691,per178691_1910_09230,14,0,0,,,triagem/nome-caixa-conversao 1.0.0,31,ok
178691,per178691_1910_09230,15,0,0,,,triagem/nome-caixa-conversao 1.0.0,31,ok
178691,per178691_1910_09230,16,0,0,,,triagem/nome-caixa-conversao 1.0.0,31,ok
178691,per178691_1910_09231,1,0,0,,,triagem/nome-caixa-conversao 1.0.0,31,ok
178691,per178691_1910_09231,2,1,1,caixa de conver,5674,triagem/nome-caixa-conversao 1.0.0,31,ok
178691,per178691_1910_09231,3,0,0,,,triagem/nome-caixa-conversao 1.0.0,31,ok
178691,per178691_1910_09231,4,0,0,,,triagem/nome-caixa-conversao 1.0.0,31,ok
178691,per178691_1910_09231,5,0,0,,,triagem/nome-caixa-conversao 1.0.0,31,ok
178691,per178691_1910_09231,6,0,0,,,triagem/nome-caixa-conversao 1.0.0,31,ok
178691,per178691_1910_09231,7,0,0,,,triagem/nome-caixa-conversao 1.0.0,31,ok
178691,per178691_1910_09231,8,0,0,,,triagem/nome-caixa-conversao 1.0.0,31,ok
178691,per178691_1910_09231,9,0,0,,,triagem/nome-caixa-conversao 1.0.0,31,ok
178691,per178691_1910_09231,10,0,0,,,triagem/nome-caixa-conversao 1.0.0,31,ok
178691,per178691_1910_09231,11,0,0,,,triagem/nome-caixa-conversao 1.0.0,31,ok
178691,per178691_1910_09231,12,0,0,,,triagem/nome-caixa-conversao 1.0.0,31,ok
178691,per178691_1910_09231,13,0,0,,,triagem/nome-caixa-conversao 1.0.0,31,ok
178691,per178691_1910_09231,14,0,0,,,triagem/nome-caixa-conversao 1.0.0,31,ok
178691,per178691_1910_09231,15,0,0,,,triagem/nome-caixa-conversao 1.0.0,31,ok
178691,per178691_1910_09231,16,0,0,,,triagem/nome-caixa-conversao 1.0.0,31,ok
178691,per178691_1910_09232,1,0,0,,,triagem/nome-caixa-conversao 1.0.0,31,ok
178691,per178691_1910_09232,2,1,1,caixa de conver,11433,triagem/nome-caixa-conversao 1.0.0,31,ok
178691,per178691_1910_09232,3,0,0,,,triagem/nome-caixa-conversao 1.0.0,31,ok
178691,per178691_1910_09232,4,0,0,,,triagem/nome-caixa-conversao 1.0.0,31,ok
178691,per178691_1910_09232,5,0,0,,,triagem/nome-caixa-conversao 1.0.0,31,ok
178691,per178691_1910_09232,6,0,0,,,triagem/nome-caixa-conversao 1.0.0,31,ok
178691,per178691_1910_09232,7,0,0,,,triagem/nome-caixa-conversao 1.0.0,31,ok
178691,per178691_1910_09232,8,0,0,,,triagem/nome-caixa-conversao 1.0.0,31,ok
178691,per178691_1910_09232,9,0,0,,,triagem/nome-caixa-conversao 1.0.0,31,ok
178691,per178691_1910_09232,10,0,0,,,triagem/nome-caixa-conversao 1.0.0,31,ok
178691,per178691_1910_09232,11,0,0,,,triagem/nome-caixa-conversao 1.0.0,31,ok
178691,per178691_1910_09232,12,0,0,,,triagem/nome-caixa-conversao 1.0.0,31,ok
178691,per178691_1910_09232,13,0,0,,,triagem/nome-caixa-conversao 1.0.0,31,ok
178691,per178691_1910_09232,14,0,0,,,triagem/nome-caixa-conversao 1.0.0,31,ok
178691,per178691_1910_09232,15,0,0,,,triagem/nome-caixa-conversao 1.0.0,31,ok
178691,per178691_1910_09232,16,0,0,,,triagem/nome-caixa-conversao 1.0.0,31,ok
178691,per178691_1910_09233,1,0,0,,,triagem/nome-caixa-conversao 1.0.0,31,ok
178691,per178691_1910_09233,2,1,1,caixa de conver,24998,triagem/nome-caixa-conversao 1.0.0,31,ok
178691,per178691_1910_09233,3,0,0,,,triagem/nome-caixa-conversao 1.0.0,31,ok
178691,per178691_1910_09233,4,0,0,,,triagem/nome-caixa-conversao 1.0.0,31,ok
178691,per178691_1910_09233,5,0,0,,,triagem/nome-caixa-conversao 1.0.0,31,ok
178691,per178691_1910_09233,6,0,0,,,triagem/nome-caixa-conversao 1.0.0,31,ok
178691,per178691_1910_09233,7,0,0,,,triagem/nome-caixa-conversao 1.0.0,31,ok
178691,per178691_1910_09233,8,0,0,,,triagem/nome-caixa-conversao 1.0.0,31,ok
178691,per178691_1910_09233,9,0,0,,,triagem/nome-caixa-conversao 1.0.0,31,ok
178691,per178691_1910_09233,10,0,0,,,triagem/nome-caixa-conversao 1.0.0,31,ok
178691,per178691_1910_09233,11,0,0,,,triagem/nome-caixa-conversao 1.0.0,31,ok
178691,per178691_1910_09233,12,0,0,,,triagem/nome-caixa-conversao 1.0.0,31,ok
178691,per178691_1910_09233,13,0,0,,,triagem/nome-caixa-conversao 1.0.0,31,ok
178691,per178691_1910_09233,14,0,0,,,triagem/nome-caixa-conversao 1.0.0,31,ok
178691,per178691_1910_09233,15,0,0,,,triagem/nome-caixa-conversao 1.0.0,31,ok
178691,per178691_1910_09233,16,0,0,,,triagem/nome-caixa-conversao 1.0.0,31,ok
178691,per178691_1910_09234,1,1,1,caixa de conver,13362,triagem/nome-caixa-conversao 1.0.0,31,ok
178691,per178691_1910_09234,2,0,0,,,triagem/nome-caixa-conversao 1.0.0,31,ok
178691,per178691_1910_09234,3,1,1,caixa de conver,9738,triagem/nome-caixa-conversao 1.0.0,31,ok
178691,per178691_1910_09234,4,0,0,,,triagem/nome-caixa-conversao 1.0.0,31,ok
178691,per178691_1910_09234,5,0,0,,,triagem/nome-caixa-conversao 1.0.0,31,ok
178691,per178691_1910_09234,6,0,0,,,triagem/nome-caixa-conversao 1.0.0,31,ok
178691,per178691_1910_09234,7,0,0,,,triagem/nome-caixa-conversao 1.0.0,31,ok
178691,per178691_1910_09234,8,0,0,,,triagem/nome-caixa-conversao 1.0.0,31,ok
178691,per178691_1910_09234,9,0,0,,,triagem/nome-caixa-conversao 1.0.0,31,ok
178691,per178691_1910_09234,10,0,0,,,triagem/nome-caixa-conversao 1.0.0,31,ok
178691,per178691_1910_09234,11,0,0,,,triagem/nome-caixa-conversao 1.0.0,31,ok
178691,per178691_1910_09234,12,0,0,,,triagem/nome-caixa-conversao 1.0.0,31,ok
178691,per178691_1910_09234,13,0,0,,,triagem/nome-caixa-conversao 1.0.0,31,ok
178691,per178691_1910_09234,14,0,0,,,triagem/nome-caixa-conversao 1.0.0,31,ok
178691,per178691_1910_09234,15,0,0,,,triagem/nome-caixa-conversao 1.0.0,31,ok
178691,per178691_1910_09234,16,0,0,,,triagem/nome-caixa-conversao 1.0.0,31,ok
178691,per178691_1910_09234,17,0,0,,,triagem/nome-caixa-conversao 1.0.0,31,ok
178691,per178691_1910_09234,18,0,0,,,triagem/nome-caixa-conversao 1.0.0,31,ok
178691,per178691_1910_09234,19,0,0,,,triagem/nome-caixa-conversao 1.0.0,31,ok
178691,per178691_1910_09234,20,0,0,,,triagem/nome-caixa-conversao 1.0.0,31,ok
178691,per178691_1910_09235,1,1,1,caixa de conver,15855,triagem/nome-caixa-conversao 1.0.0,31,ok
178691,per178691_1910_09235,2,1,1,caixa de conver,25962,triagem/nome-caixa-conversao 1.0.0,31,ok
178691,per178691_1910_09235,3,0,0,,,triagem/nome-caixa-conversao 1.0.0,31,ok
178691,per178691_1910_09235,4,0,0,,,triagem/nome-caixa-conversao 1.0.0,31,ok
178691,per178691_1910_09235,5,0,0,,,triagem/nome-caixa-conversao 1.0.0,31,ok
178691,per178691_1910_09235,6,0,0,,,triagem/nome-caixa-conversao 1.0.0,31,ok
178691,per178691_1910_09235,7,0,0,,,triagem/nome-caixa-conversao 1.0.0,31,ok
178691,per178691_1910_09235,8,0,0,,,triagem/nome-caixa-conversao 1.0.0,31,ok
178691,per178691_1910_09235,9,0,0,,,triagem/nome-caixa-conversao 1.0.0,31,ok
178691,per178691_1910_09235,10,0,0,,,triagem/nome-caixa-conversao 1.0.0,31,ok
178691,per178691_1910_09235,11,0,0,,,triagem/nome-caixa-conversao 1.0.0,31,ok
178691,per178691_1910_09235,12,0,0,,,triagem/nome-caixa-conversao 1.0.0,31,ok
178691,per178691_1910_09235,13,0,0,,,triagem/nome-caixa-conversao 1.0.0,31,ok
178691,per178691_1910_09235,14,0,0,,,triagem/nome-caixa-conversao 1.0.0,31,ok
178691,per178691_1910_09235,15,0,0,,,triagem/nome-caixa-conversao 1.0.0,31,ok
178691,per178691_1910_09235,16,0,0,,,triagem/nome-caixa-conversao 1.0.0,31,ok
178691,per178691_1910_09236,1,0,0,,,triagem/nome-caixa-conversao 1.0.0,31,ok
178691,per178691_1910_09236,2,0,0,,,triagem/nome-caixa-conversao 1.0.0,31,ok
178691,per178691_1910_09236,3,0,0,,,triagem/nome-caixa-conversao 1.0.0,31,ok
178691,per178691_1910_09236,4,0,0,,,triagem/nome-caixa-conversao 1.0.0,31,ok
178691,per178691_1910_09236,5,0,0,,,triagem/nome-caixa-conversao 1.0.0,31,ok
178691,per178691_1910_09236,6,0,0,,,triagem/nome-caixa-conversao 1.0.0,31,ok
178691,per178691_1910_09236,7,0,0,,,triagem/nome-caixa-conversao 1.0.0,31,ok
178691,per178691_1910_09236,8,0,0,,,triagem/nome-caixa-conversao 1.0.0,31,ok
178691,per178691_1910_09236,9,0,0,,,triagem/nome-caixa-conversao 1.0.0,31,ok
178691,per178691_1910_09236,10,0,0,,,triagem/nome-caixa-conversao 1.0.0,31,ok
178691,per178691_1910_09236,11,0,0,,,triagem/nome-caixa-conversao 1.0.0,31,ok
178691,per178691_1910_09236,12,0,0,,,triagem/nome-caixa-conversao 1.0.0,31,ok
178691,per178691_1910_09237,1,0,0,,,triagem/nome-caixa-conversao 1.0.0,31,ok
178691,per178691_1910_09237,2,0,0,,,triagem/nome-caixa-conversao 1.0.0,31,ok
178691,per178691_1910_09237,3,0,0,,,triagem/nome-caixa-conversao 1.0.0,31,ok
178691,per178691_1910_09237,4,0,0,,,triagem/nome-caixa-conversao 1.0.0,31,ok
178691,per178691_1910_09237,5,0,0,,,triagem/nome-caixa-conversao 1.0.0,31,ok
178691,per178691_1910_09237,6,0,0,,,triagem/nome-caixa-conversao 1.0.0,31,ok
178691,per178691_1910_09237,7,0,0,,,triagem/nome-caixa-conversao 1.0.0,31,ok
178691,per178691_1910_09237,8,0,0,,,triagem/nome-caixa-conversao 1.0.0,31,ok
178691,per178691_1910_09237,9,0,0,,,triagem/nome-caixa-conversao 1.0.0,31,ok
178691,per178691_1910_09237,10,0,0,,,triagem/nome-caixa-conversao 1.0.0,31,ok
178691,per178691_1910_09237,11,0,0,,,triagem/nome-caixa-conversao 1.0.0,31,ok
178691,per178691_1910_09237,12,0,0,,,triagem/nome-caixa-conversao 1.0.0,31,ok
178691,per178691_1910_09237,13,0,0,,,triagem/nome-caixa-conversao 1.0.0,31,ok
178691,per178691_1910_09237,14,0,0,,,triagem/nome-caixa-conversao 1.0.0,31,ok
178691,per178691_1910_09237,15,0,0,,,triagem/nome-caixa-conversao 1.0.0,31,ok
178691,per178691_1910_09237,16,0,0,,,triagem/nome-caixa-conversao 1.0.0,31,ok
178691,per178691_1910_09238,1,0,0,,,triagem/nome-caixa-conversao 1.0.0,31,ok
178691,per178691_1910_09238,2,0,0,,,triagem/nome-caixa-conversao 1.0.0,31,ok
178691,per178691_1910_09238,3,1,1,caixa de conver,10633,triagem/nome-caixa-conversao 1.0.0,31,ok
178691,per178691_1910_09238,4,0,0,,,triagem/nome-caixa-conversao 1.0.0,31,ok
178691,per178691_1910_09238,5,0,0,,,triagem/nome-caixa-conversao 1.0.0,31,ok
178691,per178691_1910_09238,6,0,0,,,triagem/nome-caixa-conversao 1.0.0,31,ok
178691,per178691_1910_09238,7,0,0,,,triagem/nome-caixa-conversao 1.0.0,31,ok
178691,per178691_1910_09238,8,0,0,,,triagem/nome-caixa-conversao 1.0.0,31,ok
178691,per178691_1910_09238,9,0,0,,,triagem/nome-caixa-conversao 1.0.0,31,ok
178691,per178691_1910_09238,10,0,0,,,triagem/nome-caixa-conversao 1.0.0,31,ok
178691,per178691_1910_09238,11,0,0,,,triagem/nome-caixa-conversao 1.0.0,31,ok
178691,per178691_1910_09238,12,0,0,,,triagem/nome-caixa-conversao 1.0.0,31,ok
178691,per178691_1910_09238,13,0,0,,,triagem/nome-caixa-conversao 1.0.0,31,ok
178691,per178691_1910_09238,14,0,0,,,triagem/nome-caixa-conversao 1.0.0,31,ok
178691,per178691_1910_09238,15,0,0,,,triagem/nome-caixa-conversao 1.0.0,31,ok
178691,per178691_1910_09238,16,0,0,,,triagem/nome-caixa-conversao 1.0.0,31,ok
178691,per178691_1910_09239,1,0,0,,,triagem/nome-caixa-conversao 1.0.0,31,ok
178691,per178691_1910_09239,2,1,2,caixa de conver,5236,triagem/nome-caixa-conversao 1.0.0,31,ok
178691,per178691_1910_09239,3,0,0,,,triagem/nome-caixa-conversao 1.0.0,31,ok
178691,per178691_1910_09239,4,0,0,,,triagem/nome-caixa-conversao 1.0.0,31,ok
178691,per178691_1910_09239,5,0,0,,,triagem/nome-caixa-conversao 1.0.0,31,ok
178691,per178691_1910_09239,6,0,0,,,triagem/nome-caixa-conversao 1.0.0,31,ok
178691,per178691_1910_09239,7,0,0,,,triagem/nome-caixa-conversao 1.0.0,31,ok
178691,per178691_1910_09239,8,0,0,,,triagem/nome-caixa-conversao 1.0.0,31,ok
178691,per178691_1910_09239,9,0,0,,,triagem/nome-caixa-conversao 1.0.0,31,ok
178691,per178691_1910_09239,10,0,0,,,triagem/nome-caixa-conversao 1.0.0,31,ok
178691,per178691_1910_09239,11,0,0,,,triagem/nome-caixa-conversao 1.0.0,31,ok
178691,per178691_1910_09239,12,0,0,,,triagem/nome-caixa-conversao 1.0.0,31,ok
178691,per178691_1910_09239,13,0,0,,,triagem/nome-caixa-conversao 1.0.0,31,ok
178691,per178691_1910_09239,14,0,0,,,triagem/nome-caixa-conversao 1.0.0,31,ok
178691,per178691_1910_09239,15,0,0,,,triagem/nome-caixa-conversao 1.0.0,31,ok
178691,per178691_1910_09239,16,0,0,,,triagem/nome-caixa-conversao 1.0.0,31,ok
178691,per178691_1910_09240,1,1,1,caixa deconver,20138,triagem/nome-caixa-conversao 1.0.0,31,ok
178691,per178691_1910_09240,2,1,1,caixa de conver,42347,triagem/nome-caixa-conversao 1.0.0,31,ok
178691,per178691_1910_09240,3,0,0,,,triagem/nome-caixa-conversao 1.0.0,31,ok
178691,per178691_1910_09240,4,0,0,,,triagem/nome-caixa-conversao 1.0.0,31,ok
178691,per178691_1910_09240,5,1,1,caixa de conver,13082,triagem/nome-caixa-conversao 1.0.0,31,ok
178691,per178691_1910_09240,6,1,6,caixa de conver,30690,triagem/nome-caixa-conversao 1.0.0,31,ok
178691,per178691_1910_09240,7,0,0,,,triagem/nome-caixa-conversao 1.0.0,31,ok
178691,per178691_1910_09240,8,0,0,,,triagem/nome-caixa-conversao 1.0.0,31,ok
178691,per178691_1910_09240,9,0,0,,,triagem/nome-caixa-conversao 1.0.0,31,ok
178691,per178691_1910_09240,10,0,0,,,triagem/nome-caixa-conversao 1.0.0,31,ok
178691,per178691_1910_09240,11,0,0,,,triagem/nome-caixa-conversao 1.0.0,31,ok
178691,per178691_1910_09240,12,0,0,,,triagem/nome-caixa-conversao 1.0.0,31,ok
178691,per178691_1910_09240,13,0,0,,,triagem/nome-caixa-conversao 1.0.0,31,ok
178691,per178691_1910_09240,14,0,0,,,triagem/nome-caixa-conversao 1.0.0,31,ok
178691,per178691_1910_09240,15,0,0,,,triagem/nome-caixa-conversao 1.0.0,31,ok
178691,per178691_1910_09240,16,0,0,,,triagem/nome-caixa-conversao 1.0.0,31,ok
178691,per178691_1910_09241,1,0,0,,,triagem/nome-caixa-conversao 1.0.0,31,ok
178691,per178691_1910_09241,2,1,1,caixa de conver,26641,triagem/nome-caixa-conversao 1.0.0,31,ok
178691,per178691_1910_09241,3,0,0,,,triagem/nome-caixa-conversao 1.0.0,31,ok
178691,per178691_1910_09241,4,0,0,,,triagem/nome-caixa-conversao 1.0.0,31,ok
178691,per178691_1910_09241,5,0,0,,,triagem/nome-caixa-conversao 1.0.0,31,ok
178691,per178691_1910_09241,6,0,0,,,triagem/nome-caixa-conversao 1.0.0,31,ok
178691,per178691_1910_09241,7,0,0,,,triagem/nome-caixa-conversao 1.0.0,31,ok
178691,per178691_1910_09241,8,0,0,,,triagem/nome-caixa-conversao 1.0.0,31,ok
178691,per178691_1910_09241,9,0,0,,,triagem/nome-caixa-conversao 1.0.0,31,ok
178691,per178691_1910_09241,10,0,0,,,triagem/nome-caixa-conversao 1.0.0,31,ok
178691,per178691_1910_09241,11,0,0,,,triagem/nome-caixa-conversao 1.0.0,31,ok
178691,per178691_1910_09241,12,0,0,,,triagem/nome-caixa-conversao 1.0.0,31,ok
178691,per178691_1910_09241,13,0,0,,,triagem/nome-caixa-conversao 1.0.0,31,ok
178691,per178691_1910_09241,14,0,0,,,triagem/nome-caixa-conversao 1.0.0,31,ok
178691,per178691_1910_09241,15,0,0,,,triagem/nome-caixa-conversao 1.0.0,31,ok
178691,per178691_1910_09241,16,0,0,,,triagem/nome-caixa-conversao 1.0.0,31,ok
178691,per178691_1910_09242,1,0,0,,,triagem/nome-caixa-conversao 1.0.0,31,ok
178691,per178691_1910_09242,2,1,1,caixa de conver,15718,triagem/nome-caixa-conversao 1.0.0,31,ok
178691,per178691_1910_09242,3,0,0,,,triagem/nome-caixa-conversao 1.0.0,31,ok
178691,per178691_1910_09242,4,0,0,,,triagem/nome-caixa-conversao 1.0.0,31,ok
178691,per178691_1910_09242,5,0,0,,,triagem/nome-caixa-conversao 1.0.0,31,ok
178691,per178691_1910_09242,6,0,0,,,triagem/nome-caixa-conversao 1.0.0,31,ok
178691,per178691_1910_09242,7,0,0,,,triagem/nome-caixa-conversao 1.0.0,31,ok
178691,per178691_1910_09242,8,0,0,,,triagem/nome-caixa-conversao 1.0.0,31,ok
178691,per178691_1910_09242,9,0,0,,,triagem/nome-caixa-conversao 1.0.0,31,ok
178691,per178691_1910_09242,10,0,0,,,triagem/nome-caixa-conversao 1.0.0,31,ok
178691,per178691_1910_09242,11,0,0,,,triagem/nome-caixa-conversao 1.0.0,31,ok
178691,per178691_1910_09242,12,0,0,,,triagem/nome-caixa-conversao 1.0.0,31,ok
178691,per178691_1910_09242,13,0,0,,,triagem/nome-caixa-conversao 1.0.0,31,ok
178691,per178691_1910_09242,14,0,0,,,triagem/nome-caixa-conversao 1.0.0,31,ok
178691,per178691_1910_09242,15,0,0,,,triagem/nome-caixa-conversao 1.0.0,31,ok
178691,per178691_1910_09242,16,0,0,,,triagem/nome-caixa-conversao 1.0.0,31,ok
178691,per178691_1910_09242,17,0,0,,,triagem/nome-caixa-conversao 1.0.0,31,ok
178691,per178691_1910_09242,18,0,0,,,triagem/nome-caixa-conversao 1.0.0,31,ok
178691,per178691_1910_09242,19,0,0,,,triagem/nome-caixa-conversao 1.0.0,31,ok
178691,per178691_1910_09242,20,0,0,,,triagem/nome-caixa-conversao 1.0.0,31,ok
178691,per178691_1910_09243,1,0,0,,,triagem/nome-caixa-conversao 1.0.0,31,ok
178691,per178691_1910_09243,2,0,0,,,triagem/nome-caixa-conversao 1.0.0,31,ok
178691,per178691_1910_09243,3,0,0,,,triagem/nome-caixa-conversao 1.0.0,31,ok
178691,per178691_1910_09243,4,0,0,,,triagem/nome-caixa-conversao 1.0.0,31,ok
178691,per178691_1910_09243,5,0,0,,,triagem/nome-caixa-conversao 1.0.0,31,ok
178691,per178691_1910_09243,6,0,0,,,triagem/nome-caixa-conversao 1.0.0,31,ok
178691,per178691_1910_09243,7,0,0,,,triagem/nome-caixa-conversao 1.0.0,31,ok
178691,per178691_1910_09243,8,0,0,,,triagem/nome-caixa-conversao 1.0.0,31,ok
178691,per178691_1910_09243,9,0,0,,,triagem/nome-caixa-conversao 1.0.0,31,ok
178691,per178691_1910_09243,10,0,0,,,triagem/nome-caixa-conversao 1.0.0,31,ok
178691,per178691_1910_09243,11,0,0,,,triagem/nome-caixa-conversao 1.0.0,31,ok
178691,per178691_1910_09243,12,0,0,,,triagem/nome-caixa-conversao 1.0.0,31,ok
178691,per178691_1910_09244,1,1,1,caixa de conver,27622,triagem/nome-caixa-conversao 1.0.0,31,ok
178691,per178691_1910_09244,2,0,0,,,triagem/nome-caixa-conversao 1.0.0,31,ok
178691,per178691_1910_09244,3,0,0,,,triagem/nome-caixa-conversao 1.0.0,31,ok
178691,per178691_1910_09244,4,0,0,,,triagem/nome-caixa-conversao 1.0.0,31,ok
178691,per178691_1910_09244,5,0,0,,,triagem/nome-caixa-conversao 1.0.0,31,ok
178691,per178691_1910_09244,6,0,0,,,triagem/nome-caixa-conversao 1.0.0,31,ok
178691,per178691_1910_09244,7,0,0,,,triagem/nome-caixa-conversao 1.0.0,31,ok
178691,per178691_1910_09244,8,0,0,,,triagem/nome-caixa-conversao 1.0.0,31,ok
178691,per178691_1910_09244,9,0,0,,,triagem/nome-caixa-conversao 1.0.0,31,ok
178691,per178691_1910_09244,10,0,0,,,triagem/nome-caixa-conversao 1.0.0,31,ok
178691,per178691_1910_09244,11,0,0,,,triagem/nome-caixa-conversao 1.0.0,31,ok
178691,per178691_1910_09244,12,0,0,,,triagem/nome-caixa-conversao 1.0.0,31,ok
178691,per178691_1910_09244,13,0,0,,,triagem/nome-caixa-conversao 1.0.0,31,ok
178691,per178691_1910_09244,14,0,0,,,triagem/nome-caixa-conversao 1.0.0,31,ok
178691,per178691_1910_09244,15,0,0,,,triagem/nome-caixa-conversao 1.0.0,31,ok
178691,per178691_1910_09244,16,0,0,,,triagem/nome-caixa-conversao 1.0.0,31,ok
178691,per178691_1910_09245,1,0,0,,,triagem/nome-caixa-conversao 1.0.0,31,ok
178691,per178691_1910_09245,2,1,1,caixa de conver,26012,triagem/nome-caixa-conversao 1.0.0,31,ok
178691,per178691_1910_09245,3,0,0,,,triagem/nome-caixa-conversao 1.0.0,31,ok
178691,per178691_1910_09245,4,0,0,,,triagem/nome-caixa-conversao 1.0.0,31,ok
178691,per178691_1910_09245,5,0,0,,,triagem/nome-caixa-conversao 1.0.0,31,ok
178691,per178691_1910_09245,6,0,0,,,triagem/nome-caixa-conversao 1.0.0,31,ok
178691,per178691_1910_09245,7,0,0,,,triagem/nome-caixa-conversao 1.0.0,31,ok
178691,per178691_1910_09245,8,0,0,,,triagem/nome-caixa-conversao 1.0.0,31,ok
178691,per178691_1910_09245,9,0,0,,,triagem/nome-caixa-conversao 1.0.0,31,ok
178691,per178691_1910_09245,10,0,0,,,triagem/nome-caixa-conversao 1.0.0,31,ok
178691,per178691_1910_09245,11,0,0,,,triagem/nome-caixa-conversao 1.0.0,31,ok
178691,per178691_1910_09245,12,0,0,,,triagem/nome-caixa-conversao 1.0.0,31,ok
178691,per178691_1910_09246,1,0,0,,,triagem/nome-caixa-conversao 1.0.0,31,ok
178691,per178691_1910_09246,2,1,1,caixa dc conver,15992,triagem/nome-caixa-conversao 1.0.0,31,ok
178691,per178691_1910_09246,3,0,0,,,triagem/nome-caixa-conversao 1.0.0,31,ok
178691,per178691_1910_09246,4,0,0,,,triagem/nome-caixa-conversao 1.0.0,31,ok
178691,per178691_1910_09246,5,0,0,,,triagem/nome-caixa-conversao 1.0.0,31,ok
178691,per178691_1910_09246,6,0,0,,,triagem/nome-caixa-conversao 1.0.0,31,ok
178691,per178691_1910_09246,7,0,0,,,triagem/nome-caixa-conversao 1.0.0,31,ok
178691,per178691_1910_09246,8,0,0,,,triagem/nome-caixa-conversao 1.0.0,31,ok
178691,per178691_1910_09246,9,0,0,,,triagem/nome-caixa-conversao 1.0.0,31,ok
178691,per178691_1910_09246,10,0,0,,,triagem/nome-caixa-conversao 1.0.0,31,ok
178691,per178691_1910_09246,11,0,0,,,triagem/nome-caixa-conversao 1.0.0,31,ok
178691,per178691_1910_09246,12,0,0,,,triagem/nome-caixa-conversao 1.0.0,31,ok
178691,per178691_1910_09246,13,0,0,,,triagem/nome-caixa-conversao 1.0.0,31,ok
178691,per178691_1910_09246,14,0,0,,,triagem/nome-caixa-conversao 1.0.0,31,ok
178691,per178691_1910_09246,15,0,0,,,triagem/nome-caixa-conversao 1.0.0,31,ok
178691,per178691_1910_09246,16,0,0,,,triagem/nome-caixa-conversao 1.0.0,31,ok
178691,per178691_1910_09247,1,1,1,caixa de conver,21115,triagem/nome-caixa-conversao 1.0.0,31,ok
178691,per178691_1910_09247,2,0,0,,,triagem/nome-caixa-conversao 1.0.0,31,ok
178691,per178691_1910_09247,3,1,1,caixa de conver,33986,triagem/nome-caixa-conversao 1.0.0,31,ok
178691,per178691_1910_09247,4,1,1,caixa de conver,31933,triagem/nome-caixa-conversao 1.0.0,31,ok
178691,per178691_1910_09247,5,0,0,,,triagem/nome-caixa-conversao 1.0.0,31,ok
178691,per178691_1910_09247,6,0,0,,,triagem/nome-caixa-conversao 1.0.0,31,ok
178691,per178691_1910_09247,7,0,0,,,triagem/nome-caixa-conversao 1.0.0,31,ok
178691,per178691_1910_09247,8,0,0,,,triagem/nome-caixa-conversao 1.0.0,31,ok
178691,per178691_1910_09247,9,0,0,,,triagem/nome-caixa-conversao 1.0.0,31,ok
178691,per178691_1910_09247,10,0,0,,,triagem/nome-caixa-conversao 1.0.0,31,ok
178691,per178691_1910_09247,11,0,0,,,triagem/nome-caixa-conversao 1.0.0,31,ok
178691,per178691_1910_09247,12,0,0,,,triagem/nome-caixa-conversao 1.0.0,31,ok
178691,per178691_1910_09247,13,0,0,,,triagem/nome-caixa-conversao 1.0.0,31,ok
178691,per178691_1910_09247,14,0,0,,,triagem/nome-caixa-conversao 1.0.0,31,ok
178691,per178691_1910_09247,15,0,0,,,triagem/nome-caixa-conversao 1.0.0,31,ok
178691,per178691_1910_09247,16,0,0,,,triagem/nome-caixa-conversao 1.0.0,31,ok
178691,per178691_1910_09248,1,1,1,caixa de conver,21836,triagem/nome-caixa-conversao 1.0.0,31,ok
178691,per178691_1910_09248,2,0,0,,,triagem/nome-caixa-conversao 1.0.0,31,ok
178691,per178691_1910_09248,3,0,0,,,triagem/nome-caixa-conversao 1.0.0,31,ok
178691,per178691_1910_09248,4,0,0,,,triagem/nome-caixa-conversao 1.0.0,31,ok
178691,per178691_1910_09248,5,0,0,,,triagem/nome-caixa-conversao 1.0.0,31,ok
178691,per178691_1910_09248,6,0,0,,,triagem/nome-caixa-conversao 1.0.0,31,ok
178691,per178691_1910_09248,7,0,0,,,triagem/nome-caixa-conversao 1.0.0,31,ok
178691,per178691_1910_09248,8,0,0,,,triagem/nome-caixa-conversao 1.0.0,31,ok
178691,per178691_1910_09248,9,0,0,,,triagem/nome-caixa-conversao 1.0.0,31,ok
178691,per178691_1910_09248,10,0,0,,,triagem/nome-caixa-conversao 1.0.0,31,ok
178691,per178691_1910_09248,11,0,0,,,triagem/nome-caixa-conversao 1.0.0,31,ok
178691,per178691_1910_09248,12,0,0,,,triagem/nome-caixa-conversao 1.0.0,31,ok
178691,per178691_1910_09249,1,0,0,,,triagem/nome-caixa-conversao 1.0.0,31,ok
178691,per178691_1910_09249,2,1,1,caixa de conver,16893,triagem/nome-caixa-conversao 1.0.0,31,ok
178691,per178691_1910_09249,3,0,0,,,triagem/nome-caixa-conversao 1.0.0,31,ok
178691,per178691_1910_09249,4,0,0,,,triagem/nome-caixa-conversao 1.0.0,31,ok
178691,per178691_1910_09249,5,0,0,,,triagem/nome-caixa-conversao 1.0.0,31,ok
178691,per178691_1910_09249,6,0,0,,,triagem/nome-caixa-conversao 1.0.0,31,ok
178691,per178691_1910_09249,7,0,0,,,triagem/nome-caixa-conversao 1.0.0,31,ok
178691,per178691_1910_09249,8,0,0,,,triagem/nome-caixa-conversao 1.0.0,31,ok
178691,per178691_1910_09249,9,0,0,,,triagem/nome-caixa-conversao 1.0.0,31,ok
178691,per178691_1910_09249,10,0,0,,,triagem/nome-caixa-conversao 1.0.0,31,ok
178691,per178691_1910_09249,11,0,0,,,triagem/nome-caixa-conversao 1.0.0,31,ok
178691,per178691_1910_09249,12,0,0,,,triagem/nome-caixa-conversao 1.0.0,31,ok
178691,per178691_1910_09249,13,0,0,,,triagem/nome-caixa-conversao 1.0.0,31,ok
178691,per178691_1910_09249,14,0,0,,,triagem/nome-caixa-conversao 1.0.0,31,ok
178691,per178691_1910_09249,15,0,0,,,triagem/nome-caixa-conversao 1.0.0,31,ok
178691,per178691_1910_09249,16,0,0,,,triagem/nome-caixa-conversao 1.0.0,31,ok
178691,per178691_1910_09250,1,1,5,caixa deconver,10341,triagem/nome-caixa-conversao 1.0.0,31,ok
178691,per178691_1910_09250,2,0,0,,,triagem/nome-caixa-conversao 1.0.0,31,ok
178691,per178691_1910_09250,3,1,1,caixa de conver,17085,triagem/nome-caixa-conversao 1.0.0,31,ok
178691,per178691_1910_09250,4,0,0,,,triagem/nome-caixa-conversao 1.0.0,31,ok
178691,per178691_1910_09250,5,0,0,,,triagem/nome-caixa-conversao 1.0.0,31,ok
178691,per178691_1910_09250,6,0,0,,,triagem/nome-caixa-conversao 1.0.0,31,ok
178691,per178691_1910_09250,7,0,0,,,triagem/nome-caixa-conversao 1.0.0,31,ok
178691,per178691_1910_09250,8,0,0,,,triagem/nome-caixa-conversao 1.0.0,31,ok
178691,per178691_1910_09250,9,0,0,,,triagem/nome-caixa-conversao 1.0.0,31,ok
178691,per178691_1910_09250,10,0,0,,,triagem/nome-caixa-conversao 1.0.0,31,ok
178691,per178691_1910_09251,1,0,0,,,triagem/nome-caixa-conversao 1.0.0,31,ok
178691,per178691_1910_09251,2,1,1,caixa de conver,14239,triagem/nome-caixa-conversao 1.0.0,31,ok
178691,per178691_1910_09251,3,0,0,,,triagem/nome-caixa-conversao 1.0.0,31,ok
178691,per178691_1910_09251,4,0,0,,,triagem/nome-caixa-conversao 1.0.0,31,ok
178691,per178691_1910_09251,5,0,0,,,triagem/nome-caixa-conversao 1.0.0,31,ok
178691,per178691_1910_09251,6,0,0,,,triagem/nome-caixa-conversao 1.0.0,31,ok
178691,per178691_1910_09251,7,0,0,,,triagem/nome-caixa-conversao 1.0.0,31,ok
178691,per178691_1910_09251,8,0,0,,,triagem/nome-caixa-conversao 1.0.0,31,ok
178691,per178691_1910_09251,9,0,0,,,triagem/nome-caixa-conversao 1.0.0,31,ok
178691,per178691_1910_09251,10,0,0,,,triagem/nome-caixa-conversao 1.0.0,31,ok
178691,per178691_1910_09251,11,0,0,,,triagem/nome-caixa-conversao 1.0.0,31,ok
178691,per178691_1910_09251,12,0,0,,,triagem/nome-caixa-conversao 1.0.0,31,ok
178691,per178691_1910_09251,13,0,0,,,triagem/nome-caixa-conversao 1.0.0,31,ok
178691,per178691_1910_09251,14,0,0,,,triagem/nome-caixa-conversao 1.0.0,31,ok
178691,per178691_1910_09251,15,0,0,,,triagem/nome-caixa-conversao 1.0.0,31,ok
178691,per178691_1910_09251,16,0,0,,,triagem/nome-caixa-conversao 1.0.0,31,ok
178691,per178691_1910_09252,1,1,2,caixa de conver,12283,triagem/nome-caixa-conversao 1.0.0,31,ok
178691,per178691_1910_09252,2,1,1,caixa de conver,22472,triagem/nome-caixa-conversao 1.0.0,31,ok
178691,per178691_1910_09252,3,0,0,,,triagem/nome-caixa-conversao 1.0.0,31,ok
178691,per178691_1910_09252,4,0,0,,,triagem/nome-caixa-conversao 1.0.0,31,ok
178691,per178691_1910_09252,5,0,0,,,triagem/nome-caixa-conversao 1.0.0,31,ok
178691,per178691_1910_09252,6,0,0,,,triagem/nome-caixa-conversao 1.0.0,31,ok
178691,per178691_1910_09252,7,0,0,,,triagem/nome-caixa-conversao 1.0.0,31,ok
178691,per178691_1910_09252,8,0,0,,,triagem/nome-caixa-conversao 1.0.0,31,ok
178691,per178691_1910_09252,9,0,0,,,triagem/nome-caixa-conversao 1.0.0,31,ok
178691,per178691_1910_09252,10,0,0,,,triagem/nome-caixa-conversao 1.0.0,31,ok
178691,per178691_1910_09252,11,0,0,,,triagem/nome-caixa-conversao 1.0.0,31,ok
178691,per178691_1910_09252,12,0,0,,,triagem/nome-caixa-conversao 1.0.0,31,ok
178691,per178691_1910_09252,13,0,0,,,triagem/nome-caixa-conversao 1.0.0,31,ok
178691,per178691_1910_09252,14,0,0,,,triagem/nome-caixa-conversao 1.0.0,31,ok
178691,per178691_1910_09252,15,0,0,,,triagem/nome-caixa-conversao 1.0.0,31,ok
178691,per178691_1910_09252,16,0,0,,,triagem/nome-caixa-conversao 1.0.0,31,ok
178691,per178691_1910_09253,1,1,3,caixa deconver,17089,triagem/nome-caixa-conversao 1.0.0,31,ok
178691,per178691_1910_09253,2,1,1,caixa de conver,29493,triagem/nome-caixa-conversao 1.0.0,31,ok
178691,per178691_1910_09253,3,0,0,,,triagem/nome-caixa-conversao 1.0.0,31,ok
178691,per178691_1910_09253,4,0,0,,,triagem/nome-caixa-conversao 1.0.0,31,ok
178691,per178691_1910_09253,5,0,0,,,triagem/nome-caixa-conversao 1.0.0,31,ok
178691,per178691_1910_09253,6,0,0,,,triagem/nome-caixa-conversao 1.0.0,31,ok
178691,per178691_1910_09253,7,0,0,,,triagem/nome-caixa-conversao 1.0.0,31,ok
178691,per178691_1910_09253,8,0,0,,,triagem/nome-caixa-conversao 1.0.0,31,ok
178691,per178691_1910_09253,9,0,0,,,triagem/nome-caixa-conversao 1.0.0,31,ok
178691,per178691_1910_09253,10,0,0,,,triagem/nome-caixa-conversao 1.0.0,31,ok
178691,per178691_1910_09253,11,0,0,,,triagem/nome-caixa-conversao 1.0.0,31,ok
178691,per178691_1910_09253,12,0,0,,,triagem/nome-caixa-conversao 1.0.0,31,ok
178691,per178691_1910_09254,1,1,1,caixa de conver,11587,triagem/nome-caixa-conversao 1.0.0,31,ok
178691,per178691_1910_09254,2,1,1,caixa de conver,33251,triagem/nome-caixa-conversao 1.0.0,31,ok
178691,per178691_1910_09254,3,0,0,,,triagem/nome-caixa-conversao 1.0.0,31,ok
178691,per178691_1910_09254,4,0,0,,,triagem/nome-caixa-conversao 1.0.0,31,ok
178691,per178691_1910_09254,5,0,0,,,triagem/nome-caixa-conversao 1.0.0,31,ok
178691,per178691_1910_09254,6,0,0,,,triagem/nome-caixa-conversao 1.0.0,31,ok
178691,per178691_1910_09254,7,0,0,,,triagem/nome-caixa-conversao 1.0.0,31,ok
178691,per178691_1910_09254,8,0,0,,,triagem/nome-caixa-conversao 1.0.0,31,ok
178691,per178691_1910_09254,9,0,0,,,triagem/nome-caixa-conversao 1.0.0,31,ok
178691,per178691_1910_09254,10,0,0,,,triagem/nome-caixa-conversao 1.0.0,31,ok
178691,per178691_1910_09254,11,0,0,,,triagem/nome-caixa-conversao 1.0.0,31,ok
178691,per178691_1910_09254,12,0,0,,,triagem/nome-caixa-conversao 1.0.0,31,ok
178691,per178691_1910_09255,1,1,1,caixa de conver,33217,triagem/nome-caixa-conversao 1.0.0,31,ok
178691,per178691_1910_09255,2,0,0,,,triagem/nome-caixa-conversao 1.0.0,31,ok
178691,per178691_1910_09255,3,0,0,,,triagem/nome-caixa-conversao 1.0.0,31,ok
178691,per178691_1910_09255,4,0,0,,,triagem/nome-caixa-conversao 1.0.0,31,ok
178691,per178691_1910_09255,5,0,0,,,triagem/nome-caixa-conversao 1.0.0,31,ok
178691,per178691_1910_09255,6,0,0,,,triagem/nome-caixa-conversao 1.0.0,31,ok
178691,per178691_1910_09255,7,0,0,,,triagem/nome-caixa-conversao 1.0.0,31,ok
178691,per178691_1910_09255,8,0,0,,,triagem/nome-caixa-conversao 1.0.0,31,ok
178691,per178691_1910_09255,9,0,0,,,triagem/nome-caixa-conversao 1.0.0,31,ok
178691,per178691_1910_09255,10,0,0,,,triagem/nome-caixa-conversao 1.0.0,31,ok
178691,per178691_1910_09255,11,0,0,,,triagem/nome-caixa-conversao 1.0.0,31,ok
178691,per178691_1910_09255,12,0,0,,,triagem/nome-caixa-conversao 1.0.0,31,ok
178691,per178691_1910_09256,1,0,0,,,triagem/nome-caixa-conversao 1.0.0,31,ok
178691,per178691_1910_09256,2,1,1,caixa de conver,31028,triagem/nome-caixa-conversao 1.0.0,31,ok
178691,per178691_1910_09256,3,0,0,,,triagem/nome-caixa-conversao 1.0.0,31,ok
178691,per178691_1910_09256,4,0,0,,,triagem/nome-caixa-conversao 1.0.0,31,ok
178691,per178691_1910_09256,5,0,0,,,triagem/nome-caixa-conversao 1.0.0,31,ok
178691,per178691_1910_09256,6,0,0,,,triagem/nome-caixa-conversao 1.0.0,31,ok
178691,per178691_1910_09256,7,0,0,,,triagem/nome-caixa-conversao 1.0.0,31,ok
178691,per178691_1910_09256,8,0,0,,,triagem/nome-caixa-conversao 1.0.0,31,ok
178691,per178691_1910_09256,9,0,0,,,triagem/nome-caixa-conversao 1.0.0,31,ok
178691,per178691_1910_09256,10,0,0,,,triagem/nome-caixa-conversao 1.0.0,31,ok
178691,per178691_1910_09256,11,0,0,,,triagem/nome-caixa-conversao 1.0.0,31,ok
178691,per178691_1910_09256,12,0,0,,,triagem/nome-caixa-conversao 1.0.0,31,ok
178691,per178691_1910_09256,13,0,0,,,triagem/nome-caixa-conversao 1.0.0,31,ok
178691,per178691_1910_09256,14,0,0,,,triagem/nome-caixa-conversao 1.0.0,31,ok
178691,per178691_1910_09256,15,0,0,,,triagem/nome-caixa-conversao 1.0.0,31,ok
178691,per178691_1910_09256,16,0,0,,,triagem/nome-caixa-conversao 1.0.0,31,ok
178691,per178691_1910_09257,1,1,1,caixade conver,10189,triagem/nome-caixa-conversao 1.0.0,31,ok
178691,per178691_1910_09257,2,0,0,,,triagem/nome-caixa-conversao 1.0.0,31,ok
178691,per178691_1910_09257,3,0,0,,,triagem/nome-caixa-conversao 1.0.0,31,ok
178691,per178691_1910_09257,4,0,0,,,triagem/nome-caixa-conversao 1.0.0,31,ok
178691,per178691_1910_09257,5,0,0,,,triagem/nome-caixa-conversao 1.0.0,31,ok
178691,per178691_1910_09257,6,0,0,,,triagem/nome-caixa-conversao 1.0.0,31,ok
178691,per178691_1910_09257,7,0,0,,,triagem/nome-caixa-conversao 1.0.0,31,ok
178691,per178691_1910_09257,8,0,0,,,triagem/nome-caixa-conversao 1.0.0,31,ok
178691,per178691_1910_09257,9,0,0,,,triagem/nome-caixa-conversao 1.0.0,31,ok
178691,per178691_1910_09257,10,0,0,,,triagem/nome-caixa-conversao 1.0.0,31,ok
178691,per178691_1910_09258,1,1,1,caixa deconver,29411,triagem/nome-caixa-conversao 1.0.0,31,ok
178691,per178691_1910_09258,2,0,0,,,triagem/nome-caixa-conversao 1.0.0,31,ok
178691,per178691_1910_09258,3,0,0,,,triagem/nome-caixa-conversao 1.0.0,31,ok
178691,per178691_1910_09258,4,0,0,,,triagem/nome-caixa-conversao 1.0.0,31,ok
178691,per178691_1910_09258,5,0,0,,,triagem/nome-caixa-conversao 1.0.0,31,ok
178691,per178691_1910_09258,6,0,0,,,triagem/nome-caixa-conversao 1.0.0,31,ok
178691,per178691_1910_09258,7,0,0,,,triagem/nome-caixa-conversao 1.0.0,31,ok
178691,per178691_1910_09258,8,0,0,,,triagem/nome-caixa-conversao 1.0.0,31,ok
178691,per178691_1910_09258,9,0,0,,,triagem/nome-caixa-conversao 1.0.0,31,ok
178691,per178691_1910_09258,10,0,0,,,triagem/nome-caixa-conversao 1.0.0,31,ok
178691,per178691_1910_09258,11,0,0,,,triagem/nome-caixa-conversao 1.0.0,31,ok
178691,per178691_1910_09258,12,0,0,,,triagem/nome-caixa-conversao 1.0.0,31,ok
178691,per178691_1910_09259,1,0,0,,,triagem/nome-caixa-conversao 1.0.0,31,ok
178691,per178691_1910_09259,2,1,1,caixa de conver,28483,triagem/nome-caixa-conversao 1.0.0,31,ok
178691,per178691_1910_09259,3,0,0,,,triagem/nome-caixa-conversao 1.0.0,31,ok
178691,per178691_1910_09259,4,0,0,,,triagem/nome-caixa-conversao 1.0.0,31,ok
178691,per178691_1910_09259,5,0,0,,,triagem/nome-caixa-conversao 1.0.0,31,ok
178691,per178691_1910_09259,6,0,0,,,triagem/nome-caixa-conversao 1.0.0,31,ok
178691,per178691_1910_09259,7,0,0,,,triagem/nome-caixa-conversao 1.0.0,31,ok
178691,per178691_1910_09259,8,0,0,,,triagem/nome-caixa-conversao 1.0.0,31,ok
178691,per178691_1910_09259,9,0,0,,,triagem/nome-caixa-conversao 1.0.0,31,ok
178691,per178691_1910_09259,10,0,0,,,triagem/nome-caixa-conversao 1.0.0,31,ok
178691,per178691_1910_09259,11,0,0,,,triagem/nome-caixa-conversao 1.0.0,31,ok
178691,per178691_1910_09259,12,0,0,,,triagem/nome-caixa-conversao 1.0.0,31,ok
178691,per178691_1910_09260,1,0,0,,,triagem/nome-caixa-conversao 1.0.0,31,ok
178691,per178691_1910_09260,2,0,0,,,triagem/nome-caixa-conversao 1.0.0,31,ok
178691,per178691_1910_09260,3,0,0,,,triagem/nome-caixa-conversao 1.0.0,31,ok
178691,per178691_1910_09260,4,0,0,,,triagem/nome-caixa-conversao 1.0.0,31,ok
178691,per178691_1910_09260,5,1,1,caixa de conver,36790,triagem/nome-caixa-conversao 1.0.0,31,ok
178691,per178691_1910_09260,6,0,0,,,triagem/nome-caixa-conversao 1.0.0,31,ok
178691,per178691_1910_09260,7,0,0,,,triagem/nome-caixa-conversao 1.0.0,31,ok
178691,per178691_1910_09260,8,0,0,,,triagem/nome-caixa-conversao 1.0.0,31,ok
178691,per178691_1910_09260,9,1,1,caixa dc conver,17596,triagem/nome-caixa-conversao 1.0.0,31,ok
178691,per178691_1910_09260,10,0,0,,,triagem/nome-caixa-conversao 1.0.0,31,ok
178691,per178691_1910_09261,1,1,2,caixa de conver,31977,triagem/nome-caixa-conversao 1.0.0,31,ok
178691,per178691_1910_09261,2,0,0,,,triagem/nome-caixa-conversao 1.0.0,31,ok
178691,per178691_1910_09261,3,0,0,,,triagem/nome-caixa-conversao 1.0.0,31,ok
178691,per178691_1910_09261,4,0,0,,,triagem/nome-caixa-conversao 1.0.0,31,ok
178691,per178691_1910_09261,5,0,0,,,triagem/nome-caixa-conversao 1.0.0,31,ok
178691,per178691_1910_09261,6,0,0,,,triagem/nome-caixa-conversao 1.0.0,31,ok
178691,per178691_1910_09261,7,0,0,,,triagem/nome-caixa-conversao 1.0.0,31,ok
178691,per178691_1910_09261,8,0,0,,,triagem/nome-caixa-conversao 1.0.0,31,ok
178691,per178691_1910_09261,9,0,0,,,triagem/nome-caixa-conversao 1.0.0,31,ok
178691,per178691_1910_09261,10,0,0,,,triagem/nome-caixa-conversao 1.0.0,31,ok
178691,per178691_1910_09261,11,0,0,,,triagem/nome-caixa-conversao 1.0.0,31,ok
178691,per178691_1910_09261,12,0,0,,,triagem/nome-caixa-conversao 1.0.0,31,ok
178691,per178691_1910_09262,1,0,0,,,triagem/nome-caixa-conversao 1.0.0,31,ok
178691,per178691_1910_09262,2,1,1,caixa de conver,18044,triagem/nome-caixa-conversao 1.0.0,31,ok
178691,per178691_1910_09262,3,0,0,,,triagem/nome-caixa-conversao 1.0.0,31,ok
178691,per178691_1910_09262,4,0,0,,,triagem/nome-caixa-conversao 1.0.0,31,ok
178691,per178691_1910_09262,5,0,0,,,triagem/nome-caixa-conversao 1.0.0,31,ok
178691,per178691_1910_09262,6,0,0,,,triagem/nome-caixa-conversao 1.0.0,31,ok
178691,per178691_1910_09262,7,0,0,,,triagem/nome-caixa-conversao 1.0.0,31,ok
178691,per178691_1910_09262,8,0,0,,,triagem/nome-caixa-conversao 1.0.0,31,ok
178691,per178691_1910_09262,9,0,0,,,triagem/nome-caixa-conversao 1.0.0,31,ok
178691,per178691_1910_09262,10,0,0,,,triagem/nome-caixa-conversao 1.0.0,31,ok
178691,per178691_1910_09262,11,0,0,,,triagem/nome-caixa-conversao 1.0.0,31,ok
178691,per178691_1910_09262,12,0,0,,,triagem/nome-caixa-conversao 1.0.0,31,ok
178691,per178691_1910_09262,13,0,0,,,triagem/nome-caixa-conversao 1.0.0,31,ok
178691,per178691_1910_09262,14,0,0,,,triagem/nome-caixa-conversao 1.0.0,31,ok
178691,per178691_1910_09262,15,0,0,,,triagem/nome-caixa-conversao 1.0.0,31,ok
178691,per178691_1910_09262,16,0,0,,,triagem/nome-caixa-conversao 1.0.0,31,ok
178691,per178691_1910_09263,1,0,0,,,triagem/nome-caixa-conversao 1.0.0,31,ok
178691,per178691_1910_09263,2,0,0,,,triagem/nome-caixa-conversao 1.0.0,31,ok
178691,per178691_1910_09263,3,0,0,,,triagem/nome-caixa-conversao 1.0.0,31,ok
178691,per178691_1910_09263,4,0,0,,,triagem/nome-caixa-conversao 1.0.0,31,ok
178691,per178691_1910_09263,5,0,0,,,triagem/nome-caixa-conversao 1.0.0,31,ok
178691,per178691_1910_09263,6,0,0,,,triagem/nome-caixa-conversao 1.0.0,31,ok
178691,per178691_1910_09263,7,0,0,,,triagem/nome-caixa-conversao 1.0.0,31,ok
178691,per178691_1910_09263,8,0,0,,,triagem/nome-caixa-conversao 1.0.0,31,ok
178691,per178691_1910_09264,1,0,0,,,triagem/nome-caixa-conversao 1.0.0,31,ok
178691,per178691_1910_09264,2,1,1,caixa de conver,22204,triagem/nome-caixa-conversao 1.0.0,31,ok
178691,per178691_1910_09264,3,0,0,,,triagem/nome-caixa-conversao 1.0.0,31,ok
178691,per178691_1910_09264,4,0,0,,,triagem/nome-caixa-conversao 1.0.0,31,ok
178691,per178691_1910_09264,5,0,0,,,triagem/nome-caixa-conversao 1.0.0,31,ok
178691,per178691_1910_09264,6,0,0,,,triagem/nome-caixa-conversao 1.0.0,31,ok
178691,per178691_1910_09264,7,0,0,,,triagem/nome-caixa-conversao 1.0.0,31,ok
178691,per178691_1910_09264,8,0,0,,,triagem/nome-caixa-conversao 1.0.0,31,ok
178691,per178691_1910_09264,9,0,0,,,triagem/nome-caixa-conversao 1.0.0,31,ok
178691,per178691_1910_09264,10,0,0,,,triagem/nome-caixa-conversao 1.0.0,31,ok
178691,per178691_1910_09264,11,0,0,,,triagem/nome-caixa-conversao 1.0.0,31,ok
178691,per178691_1910_09264,12,0,0,,,triagem/nome-caixa-conversao 1.0.0,31,ok
178691,per178691_1910_09264,13,0,0,,,triagem/nome-caixa-conversao 1.0.0,31,ok
178691,per178691_1910_09264,14,0,0,,,triagem/nome-caixa-conversao 1.0.0,31,ok
178691,per178691_1910_09264,15,0,0,,,triagem/nome-caixa-conversao 1.0.0,31,ok
178691,per178691_1910_09264,16,0,0,,,triagem/nome-caixa-conversao 1.0.0,31,ok
178691,per178691_1910_09265,1,1,1,caixa de conver,33632,triagem/nome-caixa-conversao 1.0.0,31,ok
178691,per178691_1910_09265,2,0,0,,,triagem/nome-caixa-conversao 1.0.0,31,ok
178691,per178691_1910_09265,3,0,0,,,triagem/nome-caixa-conversao 1.0.0,31,ok
178691,per178691_1910_09265,4,0,0,,,triagem/nome-caixa-conversao 1.0.0,31,ok
178691,per178691_1910_09265,5,0,0,,,triagem/nome-caixa-conversao 1.0.0,31,ok
178691,per178691_1910_09265,6,0,0,,,triagem/nome-caixa-conversao 1.0.0,31,ok
178691,per178691_1910_09265,7,0,0,,,triagem/nome-caixa-conversao 1.0.0,31,ok
178691,per178691_1910_09265,8,0,0,,,triagem/nome-caixa-conversao 1.0.0,31,ok
178691,per178691_1910_09265,9,0,0,,,triagem/nome-caixa-conversao 1.0.0,31,ok
178691,per178691_1910_09265,10,0,0,,,triagem/nome-caixa-conversao 1.0.0,31,ok
178691,per178691_1910_09265,11,0,0,,,triagem/nome-caixa-conversao 1.0.0,31,ok
178691,per178691_1910_09265,12,0,0,,,triagem/nome-caixa-conversao 1.0.0,31,ok
178691,per178691_1910_09266,1,0,0,,,triagem/nome-caixa-conversao 1.0.0,31,ok
178691,per178691_1910_09266,2,1,1,caixa de conver,30291,triagem/nome-caixa-conversao 1.0.0,31,ok
178691,per178691_1910_09266,3,0,0,,,triagem/nome-caixa-conversao 1.0.0,31,ok
178691,per178691_1910_09266,4,0,0,,,triagem/nome-caixa-conversao 1.0.0,31,ok
178691,per178691_1910_09266,5,0,0,,,triagem/nome-caixa-conversao 1.0.0,31,ok
178691,per178691_1910_09266,6,0,0,,,triagem/nome-caixa-conversao 1.0.0,31,ok
178691,per178691_1910_09266,7,0,0,,,triagem/nome-caixa-conversao 1.0.0,31,ok
178691,per178691_1910_09266,8,0,0,,,triagem/nome-caixa-conversao 1.0.0,31,ok
178691,per178691_1910_09266,9,0,0,,,triagem/nome-caixa-conversao 1.0.0,31,ok
178691,per178691_1910_09266,10,0,0,,,triagem/nome-caixa-conversao 1.0.0,31,ok
178691,per178691_1910_09266,11,0,0,,,triagem/nome-caixa-conversao 1.0.0,31,ok
178691,per178691_1910_09266,12,0,0,,,triagem/nome-caixa-conversao 1.0.0,31,ok
178691,per178691_1910_09267,1,1,1,caixa de conver,31206,triagem/nome-caixa-conversao 1.0.0,31,ok
178691,per178691_1910_09267,2,0,0,,,triagem/nome-caixa-conversao 1.0.0,31,ok
178691,per178691_1910_09267,3,0,0,,,triagem/nome-caixa-conversao 1.0.0,31,ok
178691,per178691_1910_09267,4,0,0,,,triagem/nome-caixa-conversao 1.0.0,31,ok
178691,per178691_1910_09267,5,0,0,,,triagem/nome-caixa-conversao 1.0.0,31,ok
178691,per178691_1910_09267,6,0,0,,,triagem/nome-caixa-conversao 1.0.0,31,ok
178691,per178691_1910_09267,7,0,0,,,triagem/nome-caixa-conversao 1.0.0,31,ok
178691,per178691_1910_09267,8,0,0,,,triagem/nome-caixa-conversao 1.0.0,31,ok
178691,per178691_1910_09267,9,0,0,,,triagem/nome-caixa-conversao 1.0.0,31,ok
178691,per178691_1910_09267,10,0,0,,,triagem/nome-caixa-conversao 1.0.0,31,ok
178691,per178691_1910_09267,11,0,0,,,triagem/nome-caixa-conversao 1.0.0,31,ok
178691,per178691_1910_09267,12,0,0,,,triagem/nome-caixa-conversao 1.0.0,31,ok
178691,per178691_1910_09268,1,0,0,,,triagem/nome-caixa-conversao 1.0.0,31,ok
178691,per178691_1910_09268,2,1,1,caixa de conver,9116,triagem/nome-caixa-conversao 1.0.0,31,ok
178691,per178691_1910_09268,3,0,0,,,triagem/nome-caixa-conversao 1.0.0,31,ok
178691,per178691_1910_09268,4,0,0,,,triagem/nome-caixa-conversao 1.0.0,31,ok
178691,per178691_1910_09268,5,0,0,,,triagem/nome-caixa-conversao 1.0.0,31,ok
178691,per178691_1910_09268,6,0,0,,,triagem/nome-caixa-conversao 1.0.0,31,ok
178691,per178691_1910_09268,7,0,0,,,triagem/nome-caixa-conversao 1.0.0,31,ok
178691,per178691_1910_09268,8,0,0,,,triagem/nome-caixa-conversao 1.0.0,31,ok
178691,per178691_1910_09268,9,0,0,,,triagem/nome-caixa-conversao 1.0.0,31,ok
178691,per178691_1910_09268,10,0,0,,,triagem/nome-caixa-conversao 1.0.0,31,ok
178691,per178691_1910_09268,11,0,0,,,triagem/nome-caixa-conversao 1.0.0,31,ok
178691,per178691_1910_09268,12,0,0,,,triagem/nome-caixa-conversao 1.0.0,31,ok
178691,per178691_1910_09269,1,1,1,caixa de conver,31678,triagem/nome-caixa-conversao 1.0.0,31,ok
178691,per178691_1910_09269,2,0,0,,,triagem/nome-caixa-conversao 1.0.0,31,ok
178691,per178691_1910_09269,3,0,0,,,triagem/nome-caixa-conversao 1.0.0,31,ok
178691,per178691_1910_09269,4,0,0,,,triagem/nome-caixa-conversao 1.0.0,31,ok
178691,per178691_1910_09269,5,0,0,,,triagem/nome-caixa-conversao 1.0.0,31,ok
178691,per178691_1910_09269,6,0,0,,,triagem/nome-caixa-conversao 1.0.0,31,ok
178691,per178691_1910_09269,7,0,0,,,triagem/nome-caixa-conversao 1.0.0,31,ok
178691,per178691_1910_09269,8,0,0,,,triagem/nome-caixa-conversao 1.0.0,31,ok
178691,per178691_1910_09269,9,0,0,,,triagem/nome-caixa-conversao 1.0.0,31,ok
178691,per178691_1910_09269,10,0,0,,,triagem/nome-caixa-conversao 1.0.0,31,ok
178691,per178691_1910_09269,11,0,0,,,triagem/nome-caixa-conversao 1.0.0,31,ok
178691,per178691_1910_09269,12,0,0,,,triagem/nome-caixa-conversao 1.0.0,31,ok
178691,per178691_1910_09270,1,0,0,,,triagem/nome-caixa-conversao 1.0.0,31,ok
178691,per178691_1910_09270,2,0,0,,,triagem/nome-caixa-conversao 1.0.0,31,ok
178691,per178691_1910_09270,3,0,0,,,triagem/nome-caixa-conversao 1.0.0,31,ok
178691,per178691_1910_09270,4,0,0,,,triagem/nome-caixa-conversao 1.0.0,31,ok
178691,per178691_1910_09270,5,0,0,,,triagem/nome-caixa-conversao 1.0.0,31,ok
178691,per178691_1910_09270,6,0,0,,,triagem/nome-caixa-conversao 1.0.0,31,ok
178691,per178691_1910_09270,7,0,0,,,triagem/nome-caixa-conversao 1.0.0,31,ok
178691,per178691_1910_09270,8,0,0,,,triagem/nome-caixa-conversao 1.0.0,31,ok
178691,per178691_1910_09270,9,0,0,,,triagem/nome-caixa-conversao 1.0.0,31,ok
178691,per178691_1910_09270,10,0,0,,,triagem/nome-caixa-conversao 1.0.0,31,ok
178691,per178691_1910_09271,1,1,1,caixa de conver,30419,triagem/nome-caixa-conversao 1.0.0,31,ok
178691,per178691_1910_09271,2,0,0,,,triagem/nome-caixa-conversao 1.0.0,31,ok
178691,per178691_1910_09271,3,0,0,,,triagem/nome-caixa-conversao 1.0.0,31,ok
178691,per178691_1910_09271,4,0,0,,,triagem/nome-caixa-conversao 1.0.0,31,ok
178691,per178691_1910_09271,5,0,0,,,triagem/nome-caixa-conversao 1.0.0,31,ok
178691,per178691_1910_09271,6,0,0,,,triagem/nome-caixa-conversao 1.0.0,31,ok
178691,per178691_1910_09271,7,0,0,,,triagem/nome-caixa-conversao 1.0.0,31,ok
178691,per178691_1910_09271,8,0,0,,,triagem/nome-caixa-conversao 1.0.0,31,ok
178691,per178691_1910_09271,9,0,0,,,triagem/nome-caixa-conversao 1.0.0,31,ok
178691,per178691_1910_09271,10,0,0,,,triagem/nome-caixa-conversao 1.0.0,31,ok
178691,per178691_1910_09271,11,0,0,,,triagem/nome-caixa-conversao 1.0.0,31,ok
178691,per178691_1910_09271,12,0,0,,,triagem/nome-caixa-conversao 1.0.0,31,ok
178691,per178691_1910_09272,1,0,0,,,triagem/nome-caixa-conversao 1.0.0,31,ok
178691,per178691_1910_09272,2,1,1,caixa de conver,2268,triagem/nome-caixa-conversao 1.0.0,31,ok
178691,per178691_1910_09272,3,0,0,,,triagem/nome-caixa-conversao 1.0.0,31,ok
178691,per178691_1910_09272,4,0,0,,,triagem/nome-caixa-conversao 1.0.0,31,ok
178691,per178691_1910_09272,5,0,0,,,triagem/nome-caixa-conversao 1.0.0,31,ok
178691,per178691_1910_09272,6,0,0,,,triagem/nome-caixa-conversao 1.0.0,31,ok
178691,per178691_1910_09272,7,0,0,,,triagem/nome-caixa-conversao 1.0.0,31,ok
178691,per178691_1910_09272,8,0,0,,,triagem/nome-caixa-conversao 1.0.0,31,ok
178691,per178691_1910_09272,9,0,0,,,triagem/nome-caixa-conversao 1.0.0,31,ok
178691,per178691_1910_09272,10,0,0,,,triagem/nome-caixa-conversao 1.0.0,31,ok
178691,per178691_1910_09272,11,0,0,,,triagem/nome-caixa-conversao 1.0.0,31,ok
178691,per178691_1910_09272,12,0,0,,,triagem/nome-caixa-conversao 1.0.0,31,ok
178691,per178691_1910_09273,1,0,0,,,triagem/nome-caixa-conversao 1.0.0,31,ok
178691,per178691_1910_09273,2,1,1,caixa de conver,27656,triagem/nome-caixa-conversao 1.0.0,31,ok
178691,per178691_1910_09273,3,0,0,,,triagem/nome-caixa-conversao 1.0.0,31,ok
178691,per178691_1910_09273,4,0,0,,,triagem/nome-caixa-conversao 1.0.0,31,ok
178691,per178691_1910_09273,5,0,0,,,triagem/nome-caixa-conversao 1.0.0,31,ok
178691,per178691_1910_09273,6,0,0,,,triagem/nome-caixa-conversao 1.0.0,31,ok
178691,per178691_1910_09273,7,0,0,,,triagem/nome-caixa-conversao 1.0.0,31,ok
178691,per178691_1910_09273,8,0,0,,,triagem/nome-caixa-conversao 1.0.0,31,ok
178691,per178691_1910_09273,9,0,0,,,triagem/nome-caixa-conversao 1.0.0,31,ok
178691,per178691_1910_09273,10,0,0,,,triagem/nome-caixa-conversao 1.0.0,31,ok
178691,per178691_1910_09273,11,0,0,,,triagem/nome-caixa-conversao 1.0.0,31,ok
178691,per178691_1910_09273,12,0,0,,,triagem/nome-caixa-conversao 1.0.0,31,ok
178691,per178691_1910_09274,1,1,2,caixa de conver,26581,triagem/nome-caixa-conversao 1.0.0,31,ok
178691,per178691_1910_09274,2,1,1,caixa de conver,21310,triagem/nome-caixa-conversao 1.0.0,31,ok
178691,per178691_1910_09274,3,0,0,,,triagem/nome-caixa-conversao 1.0.0,31,ok
178691,per178691_1910_09274,4,0,0,,,triagem/nome-caixa-conversao 1.0.0,31,ok
178691,per178691_1910_09274,5,0,0,,,triagem/nome-caixa-conversao 1.0.0,31,ok
178691,per178691_1910_09274,6,0,0,,,triagem/nome-caixa-conversao 1.0.0,31,ok
178691,per178691_1910_09274,7,0,0,,,triagem/nome-caixa-conversao 1.0.0,31,ok
178691,per178691_1910_09274,8,0,0,,,triagem/nome-caixa-conversao 1.0.0,31,ok
178691,per178691_1910_09274,9,0,0,,,triagem/nome-caixa-conversao 1.0.0,31,ok
178691,per178691_1910_09274,10,0,0,,,triagem/nome-caixa-conversao 1.0.0,31,ok
178691,per178691_1910_09274,11,0,0,,,triagem/nome-caixa-conversao 1.0.0,31,ok
178691,per178691_1910_09274,12,0,0,,,triagem/nome-caixa-conversao 1.0.0,31,ok
178691,per178691_1910_09275,1,0,0,,,triagem/nome-caixa-conversao 1.0.0,31,ok
178691,per178691_1910_09275,2,1,1,caixa de conver,13731,triagem/nome-caixa-conversao 1.0.0,31,ok
178691,per178691_1910_09275,3,0,0,,,triagem/nome-caixa-conversao 1.0.0,31,ok
178691,per178691_1910_09275,4,0,0,,,triagem/nome-caixa-conversao 1.0.0,31,ok
178691,per178691_1910_09275,5,0,0,,,triagem/nome-caixa-conversao 1.0.0,31,ok
178691,per178691_1910_09275,6,0,0,,,triagem/nome-caixa-conversao 1.0.0,31,ok
178691,per178691_1910_09275,7,0,0,,,triagem/nome-caixa-conversao 1.0.0,31,ok
178691,per178691_1910_09275,8,0,0,,,triagem/nome-caixa-conversao 1.0.0,31,ok
178691,per178691_1910_09275,9,0,0,,,triagem/nome-caixa-conversao 1.0.0,31,ok
178691,per178691_1910_09275,10,0,0,,,triagem/nome-caixa-conversao 1.0.0,31,ok
178691,per178691_1910_09275,11,0,0,,,triagem/nome-caixa-conversao 1.0.0,31,ok
178691,per178691_1910_09275,12,0,0,,,triagem/nome-caixa-conversao 1.0.0,31,ok
178691,per178691_1910_09276,1,0,0,,,triagem/nome-caixa-conversao 1.0.0,31,ok
178691,per178691_1910_09276,2,0,0,,,triagem/nome-caixa-conversao 1.0.0,31,ok
178691,per178691_1910_09276,3,1,1,caixa de conver,8160,triagem/nome-caixa-conversao 1.0.0,31,ok
178691,per178691_1910_09276,4,0,0,,,triagem/nome-caixa-conversao 1.0.0,31,ok
178691,per178691_1910_09276,5,0,0,,,triagem/nome-caixa-conversao 1.0.0,31,ok
178691,per178691_1910_09276,6,0,0,,,triagem/nome-caixa-conversao 1.0.0,31,ok
178691,per178691_1910_09276,7,0,0,,,triagem/nome-caixa-conversao 1.0.0,31,ok
178691,per178691_1910_09276,8,0,0,,,triagem/nome-caixa-conversao 1.0.0,31,ok
178691,per178691_1910_09276,9,0,0,,,triagem/nome-caixa-conversao 1.0.0,31,ok
178691,per178691_1910_09276,10,0,0,,,triagem/nome-caixa-conversao 1.0.0,31,ok
178691,per178691_1910_09276,11,0,0,,,triagem/nome-caixa-conversao 1.0.0,31,ok
178691,per178691_1910_09276,12,0,0,,,triagem/nome-caixa-conversao 1.0.0,31,ok
178691,per178691_1910_09276,13,0,0,,,triagem/nome-caixa-conversao 1.0.0,31,ok
178691,per178691_1910_09276,14,0,0,,,triagem/nome-caixa-conversao 1.0.0,31,ok
178691,per178691_1910_09276,15,0,0,,,triagem/nome-caixa-conversao 1.0.0,31,ok
178691,per178691_1910_09276,16,0,0,,,triagem/nome-caixa-conversao 1.0.0,31,ok
178691,per178691_1910_09277,1,0,0,,,triagem/nome-caixa-conversao 1.0.0,31,ok
178691,per178691_1910_09277,2,0,0,,,triagem/nome-caixa-conversao 1.0.0,31,ok
178691,per178691_1910_09277,3,0,0,,,triagem/nome-caixa-conversao 1.0.0,31,ok
178691,per178691_1910_09277,4,0,0,,,triagem/nome-caixa-conversao 1.0.0,31,ok
178691,per178691_1910_09277,5,0,0,,,triagem/nome-caixa-conversao 1.0.0,31,ok
178691,per178691_1910_09277,6,0,0,,,triagem/nome-caixa-conversao 1.0.0,31,ok
178691,per178691_1910_09277,7,0,0,,,triagem/nome-caixa-conversao 1.0.0,31,ok
178691,per178691_1910_09277,8,0,0,,,triagem/nome-caixa-conversao 1.0.0,31,ok
178691,per178691_1910_09277,9,0,0,,,triagem/nome-caixa-conversao 1.0.0,31,ok
178691,per178691_1910_09277,10,0,0,,,triagem/nome-caixa-conversao 1.0.0,31,ok
178691,per178691_1910_09277,11,0,0,,,triagem/nome-caixa-conversao 1.0.0,31,ok
178691,per178691_1910_09277,12,0,0,,,triagem/nome-caixa-conversao 1.0.0,31,ok
178691,per178691_1910_09278,1,0,0,,,triagem/nome-caixa-conversao 1.0.0,31,ok
178691,per178691_1910_09278,2,1,1,caixade conver,124,triagem/nome-caixa-conversao 1.0.0,31,ok
178691,per178691_1910_09278,3,0,0,,,triagem/nome-caixa-conversao 1.0.0,31,ok
178691,per178691_1910_09278,4,0,0,,,triagem/nome-caixa-conversao 1.0.0,31,ok
178691,per178691_1910_09278,5,0,0,,,triagem/nome-caixa-conversao 1.0.0,31,ok
178691,per178691_1910_09278,6,0,0,,,triagem/nome-caixa-conversao 1.0.0,31,ok
178691,per178691_1910_09278,7,0,0,,,triagem/nome-caixa-conversao 1.0.0,31,ok
178691,per178691_1910_09278,8,0,0,,,triagem/nome-caixa-conversao 1.0.0,31,ok
178691,per178691_1910_09278,9,0,0,,,triagem/nome-caixa-conversao 1.0.0,31,ok
178691,per178691_1910_09278,10,0,0,,,triagem/nome-caixa-conversao 1.0.0,31,ok
178691,per178691_1910_09278,11,0,0,,,triagem/nome-caixa-conversao 1.0.0,31,ok
178691,per178691_1910_09278,12,0,0,,,triagem/nome-caixa-conversao 1.0.0,31,ok
178691,per178691_1910_09279,1,0,0,,,triagem/nome-caixa-conversao 1.0.0,31,ok
178691,per178691_1910_09279,2,0,0,,,triagem/nome-caixa-conversao 1.0.0,31,ok
178691,per178691_1910_09279,3,0,0,,,triagem/nome-caixa-conversao 1.0.0,31,ok
178691,per178691_1910_09279,4,0,0,,,triagem/nome-caixa-conversao 1.0.0,31,ok
178691,per178691_1910_09279,5,0,0,,,triagem/nome-caixa-conversao 1.0.0,31,ok
178691,per178691_1910_09279,6,0,0,,,triagem/nome-caixa-conversao 1.0.0,31,ok
178691,per178691_1910_09279,7,0,0,,,triagem/nome-caixa-conversao 1.0.0,31,ok
178691,per178691_1910_09279,8,0,0,,,triagem/nome-caixa-conversao 1.0.0,31,ok
178691,per178691_1910_09279,9,0,0,,,triagem/nome-caixa-conversao 1.0.0,31,ok
178691,per178691_1910_09279,10,0,0,,,triagem/nome-caixa-conversao 1.0.0,31,ok
178691,per178691_1910_09280,1,1,1,caixa de conver,14626,triagem/nome-caixa-conversao 1.0.0,31,ok
178691,per178691_1910_09280,2,0,0,,,triagem/nome-caixa-conversao 1.0.0,31,ok
178691,per178691_1910_09280,3,0,0,,,triagem/nome-caixa-conversao 1.0.0,31,ok
178691,per178691_1910_09280,4,0,0,,,triagem/nome-caixa-conversao 1.0.0,31,ok
178691,per178691_1910_09280,5,0,0,,,triagem/nome-caixa-conversao 1.0.0,31,ok
178691,per178691_1910_09280,6,0,0,,,triagem/nome-caixa-conversao 1.0.0,31,ok
178691,per178691_1910_09280,7,0,0,,,triagem/nome-caixa-conversao 1.0.0,31,ok
178691,per178691_1910_09280,8,0,0,,,triagem/nome-caixa-conversao 1.0.0,31,ok
178691,per178691_1910_09280,9,0,0,,,triagem/nome-caixa-conversao 1.0.0,31,ok
178691,per178691_1910_09280,10,0,0,,,triagem/nome-caixa-conversao 1.0.0,31,ok
178691,per178691_1910_09280,11,0,0,,,triagem/nome-caixa-conversao 1.0.0,31,ok
178691,per178691_1910_09280,12,0,0,,,triagem/nome-caixa-conversao 1.0.0,31,ok
178691,per178691_1910_09281,1,0,0,,,triagem/nome-caixa-conversao 1.0.0,31,ok
178691,per178691_1910_09281,2,1,1,caixa dc conver,28779,triagem/nome-caixa-conversao 1.0.0,31,ok
178691,per178691_1910_09281,3,0,0,,,triagem/nome-caixa-conversao 1.0.0,31,ok
178691,per178691_1910_09281,4,0,0,,,triagem/nome-caixa-conversao 1.0.0,31,ok
178691,per178691_1910_09281,5,0,0,,,triagem/nome-caixa-conversao 1.0.0,31,ok
178691,per178691_1910_09281,6,0,0,,,triagem/nome-caixa-conversao 1.0.0,31,ok
178691,per178691_1910_09281,7,0,0,,,triagem/nome-caixa-conversao 1.0.0,31,ok
178691,per178691_1910_09281,8,0,0,,,triagem/nome-caixa-conversao 1.0.0,31,ok
178691,per178691_1910_09281,9,0,0,,,triagem/nome-caixa-conversao 1.0.0,31,ok
178691,per178691_1910_09281,10,0,0,,,triagem/nome-caixa-conversao 1.0.0,31,ok
178691,per178691_1910_09281,11,0,0,,,triagem/nome-caixa-conversao 1.0.0,31,ok
178691,per178691_1910_09281,12,0,0,,,triagem/nome-caixa-conversao 1.0.0,31,ok
178691,per178691_1910_09282,1,0,0,,,triagem/nome-caixa-conversao 1.0.0,31,ok
178691,per178691_1910_09282,2,1,1,caixa de conver,35112,triagem/nome-caixa-conversao 1.0.0,31,ok
178691,per178691_1910_09282,3,0,0,,,triagem/nome-caixa-conversao 1.0.0,31,ok
178691,per178691_1910_09282,4,0,0,,,triagem/nome-caixa-conversao 1.0.0,31,ok
178691,per178691_1910_09282,5,0,0,,,triagem/nome-caixa-conversao 1.0.0,31,ok
178691,per178691_1910_09282,6,0,0,,,triagem/nome-caixa-conversao 1.0.0,31,ok
178691,per178691_1910_09282,7,0,0,,,triagem/nome-caixa-conversao 1.0.0,31,ok
178691,per178691_1910_09282,8,0,0,,,triagem/nome-caixa-conversao 1.0.0,31,ok
178691,per178691_1910_09282,9,0,0,,,triagem/nome-caixa-conversao 1.0.0,31,ok
178691,per178691_1910_09282,10,0,0,,,triagem/nome-caixa-conversao 1.0.0,31,ok
178691,per178691_1910_09282,11,0,0,,,triagem/nome-caixa-conversao 1.0.0,31,ok
178691,per178691_1910_09282,12,0,0,,,triagem/nome-caixa-conversao 1.0.0,31,ok
178691,per178691_1910_09283,1,1,1,caixa de conver,27710,triagem/nome-caixa-conversao 1.0.0,31,ok
178691,per178691_1910_09283,2,0,0,,,triagem/nome-caixa-conversao 1.0.0,31,ok
178691,per178691_1910_09283,3,0,0,,,triagem/nome-caixa-conversao 1.0.0,31,ok
178691,per178691_1910_09283,4,0,0,,,triagem/nome-caixa-conversao 1.0.0,31,ok
178691,per178691_1910_09283,5,0,0,,,triagem/nome-caixa-conversao 1.0.0,31,ok
178691,per178691_1910_09283,6,0,0,,,triagem/nome-caixa-conversao 1.0.0,31,ok
178691,per178691_1910_09283,7,0,0,,,triagem/nome-caixa-conversao 1.0.0,31,ok
178691,per178691_1910_09283,8,0,0,,,triagem/nome-caixa-conversao 1.0.0,31,ok
178691,per178691_1910_09283,9,0,0,,,triagem/nome-caixa-conversao 1.0.0,31,ok
178691,per178691_1910_09283,10,0,0,,,triagem/nome-caixa-conversao 1.0.0,31,ok
178691,per178691_1910_09283,11,0,0,,,triagem/nome-caixa-conversao 1.0.0,31,ok
178691,per178691_1910_09283,12,0,0,,,triagem/nome-caixa-conversao 1.0.0,31,ok
178691,per178691_1910_09284,1,0,0,,,triagem/nome-caixa-conversao 1.0.0,31,ok
178691,per178691_1910_09284,2,0,0,,,triagem/nome-caixa-conversao 1.0.0,31,ok
178691,per178691_1910_09284,3,0,0,,,triagem/nome-caixa-conversao 1.0.0,31,ok
178691,per178691_1910_09284,4,0,0,,,triagem/nome-caixa-conversao 1.0.0,31,ok
178691,per178691_1910_09284,5,0,0,,,triagem/nome-caixa-conversao 1.0.0,31,ok
178691,per178691_1910_09284,6,0,0,,,triagem/nome-caixa-conversao 1.0.0,31,ok
178691,per178691_1910_09284,7,0,0,,,triagem/nome-caixa-conversao 1.0.0,31,ok
178691,per178691_1910_09284,8,0,0,,,triagem/nome-caixa-conversao 1.0.0,31,ok
178691,per178691_1910_09284,9,0,0,,,triagem/nome-caixa-conversao 1.0.0,31,ok
178691,per178691_1910_09284,10,0,0,,,triagem/nome-caixa-conversao 1.0.0,31,ok
178691,per178691_1910_09285,1,0,0,,,triagem/nome-caixa-conversao 1.0.0,31,ok
178691,per178691_1910_09285,2,1,1,caixa de conver,4989,triagem/nome-caixa-conversao 1.0.0,31,ok
178691,per178691_1910_09285,3,0,0,,,triagem/nome-caixa-conversao 1.0.0,31,ok
178691,per178691_1910_09285,4,0,0,,,triagem/nome-caixa-conversao 1.0.0,31,ok
178691,per178691_1910_09285,5,0,0,,,triagem/nome-caixa-conversao 1.0.0,31,ok
178691,per178691_1910_09285,6,0,0,,,triagem/nome-caixa-conversao 1.0.0,31,ok
178691,per178691_1910_09285,7,0,0,,,triagem/nome-caixa-conversao 1.0.0,31,ok
178691,per178691_1910_09285,8,0,0,,,triagem/nome-caixa-conversao 1.0.0,31,ok
178691,per178691_1910_09285,9,0,0,,,triagem/nome-caixa-conversao 1.0.0,31,ok
178691,per178691_1910_09285,10,0,0,,,triagem/nome-caixa-conversao 1.0.0,31,ok
178691,per178691_1910_09285,11,0,0,,,triagem/nome-caixa-conversao 1.0.0,31,ok
178691,per178691_1910_09285,12,0,0,,,triagem/nome-caixa-conversao 1.0.0,31,ok
178691,per178691_1910_09286,1,0,0,,,triagem/nome-caixa-conversao 1.0.0,31,ok
178691,per178691_1910_09286,2,0,0,,,triagem/nome-caixa-conversao 1.0.0,31,ok
178691,per178691_1910_09286,3,1,1,caixa de conver,5952,triagem/nome-caixa-conversao 1.0.0,31,ok
178691,per178691_1910_09286,4,0,0,,,triagem/nome-caixa-conversao 1.0.0,31,ok
178691,per178691_1910_09286,5,0,0,,,triagem/nome-caixa-conversao 1.0.0,31,ok
178691,per178691_1910_09286,6,0,0,,,triagem/nome-caixa-conversao 1.0.0,31,ok
178691,per178691_1910_09286,7,0,0,,,triagem/nome-caixa-conversao 1.0.0,31,ok
178691,per178691_1910_09286,8,0,0,,,triagem/nome-caixa-conversao 1.0.0,31,ok
178691,per178691_1910_09286,9,0,0,,,triagem/nome-caixa-conversao 1.0.0,31,ok
178691,per178691_1910_09286,10,0,0,,,triagem/nome-caixa-conversao 1.0.0,31,ok
178691,per178691_1910_09286,11,0,0,,,triagem/nome-caixa-conversao 1.0.0,31,ok
178691,per178691_1910_09286,12,0,0,,,triagem/nome-caixa-conversao 1.0.0,31,ok
178691,per178691_1910_09287,1,0,0,,,triagem/nome-caixa-conversao 1.0.0,31,ok
178691,per178691_1910_09287,2,1,1,caixa de conver,15748,triagem/nome-caixa-conversao 1.0.0,31,ok
178691,per178691_1910_09287,3,0,0,,,triagem/nome-caixa-conversao 1.0.0,31,ok
178691,per178691_1910_09287,4,0,0,,,triagem/nome-caixa-conversao 1.0.0,31,ok
178691,per178691_1910_09287,5,0,0,,,triagem/nome-caixa-conversao 1.0.0,31,ok
178691,per178691_1910_09287,6,0,0,,,triagem/nome-caixa-conversao 1.0.0,31,ok
178691,per178691_1910_09287,7,0,0,,,triagem/nome-caixa-conversao 1.0.0,31,ok
178691,per178691_1910_09287,8,0,0,,,triagem/nome-caixa-conversao 1.0.0,31,ok
178691,per178691_1910_09287,9,0,0,,,triagem/nome-caixa-conversao 1.0.0,31,ok
178691,per178691_1910_09287,10,0,0,,,triagem/nome-caixa-conversao 1.0.0,31,ok
178691,per178691_1910_09287,11,0,0,,,triagem/nome-caixa-conversao 1.0.0,31,ok
178691,per178691_1910_09287,12,0,0,,,triagem/nome-caixa-conversao 1.0.0,31,ok
178691,per178691_1910_09288,1,0,0,,,triagem/nome-caixa-conversao 1.0.0,31,ok
178691,per178691_1910_09288,2,0,0,,,triagem/nome-caixa-conversao 1.0.0,31,ok
178691,per178691_1910_09288,3,0,0,,,triagem/nome-caixa-conversao 1.0.0,31,ok
178691,per178691_1910_09288,4,0,0,,,triagem/nome-caixa-conversao 1.0.0,31,ok
178691,per178691_1910_09288,5,0,0,,,triagem/nome-caixa-conversao 1.0.0,31,ok
178691,per178691_1910_09288,6,0,0,,,triagem/nome-caixa-conversao 1.0.0,31,ok
178691,per178691_1910_09288,7,0,0,,,triagem/nome-caixa-conversao 1.0.0,31,ok
178691,per178691_1910_09288,8,0,0,,,triagem/nome-caixa-conversao 1.0.0,31,ok
178691,per178691_1910_09288,9,0,0,,,triagem/nome-caixa-conversao 1.0.0,31,ok
178691,per178691_1910_09288,10,0,0,,,triagem/nome-caixa-conversao 1.0.0,31,ok
178691,per178691_1910_09288,11,0,0,,,triagem/nome-caixa-conversao 1.0.0,31,ok
178691,per178691_1910_09288,12,0,0,,,triagem/nome-caixa-conversao 1.0.0,31,ok
178691,per178691_1910_09289,1,0,0,,,triagem/nome-caixa-conversao 1.0.0,31,ok
178691,per178691_1910_09289,2,0,0,,,triagem/nome-caixa-conversao 1.0.0,31,ok
178691,per178691_1910_09289,3,0,0,,,triagem/nome-caixa-conversao 1.0.0,31,ok
178691,per178691_1910_09289,4,0,0,,,triagem/nome-caixa-conversao 1.0.0,31,ok
178691,per178691_1910_09289,5,0,0,,,triagem/nome-caixa-conversao 1.0.0,31,ok
178691,per178691_1910_09289,6,0,0,,,triagem/nome-caixa-conversao 1.0.0,31,ok
178691,per178691_1910_09289,7,0,0,,,triagem/nome-caixa-conversao 1.0.0,31,ok
178691,per178691_1910_09289,8,0,0,,,triagem/nome-caixa-conversao 1.0.0,31,ok
178691,per178691_1910_09289,9,0,0,,,triagem/nome-caixa-conversao 1.0.0,31,ok
178691,per178691_1910_09289,10,0,0,,,triagem/nome-caixa-conversao 1.0.0,31,ok
178691,per178691_1910_09289,11,0,0,,,triagem/nome-caixa-conversao 1.0.0,31,ok
178691,per178691_1910_09289,12,0,0,,,triagem/nome-caixa-conversao 1.0.0,31,ok
178691,per178691_1910_09290,1,0,0,,,triagem/nome-caixa-conversao 1.0.0,31,ok
178691,per178691_1910_09290,2,1,1,caixa de conver,33245,triagem/nome-caixa-conversao 1.0.0,31,ok
178691,per178691_1910_09290,3,0,0,,,triagem/nome-caixa-conversao 1.0.0,31,ok
178691,per178691_1910_09290,4,0,0,,,triagem/nome-caixa-conversao 1.0.0,31,ok
178691,per178691_1910_09290,5,0,0,,,triagem/nome-caixa-conversao 1.0.0,31,ok
178691,per178691_1910_09290,6,0,0,,,triagem/nome-caixa-conversao 1.0.0,31,ok
178691,per178691_1910_09290,7,0,0,,,triagem/nome-caixa-conversao 1.0.0,31,ok
178691,per178691_1910_09290,8,0,0,,,triagem/nome-caixa-conversao 1.0.0,31,ok
178691,per178691_1910_09290,9,0,0,,,triagem/nome-caixa-conversao 1.0.0,31,ok
178691,per178691_1910_09290,10,0,0,,,triagem/nome-caixa-conversao 1.0.0,31,ok
178691,per178691_1910_09290,11,0,0,,,triagem/nome-caixa-conversao 1.0.0,31,ok
178691,per178691_1910_09290,12,0,0,,,triagem/nome-caixa-conversao 1.0.0,31,ok
178691,per178691_1910_09291,1,0,0,,,triagem/nome-caixa-conversao 1.0.0,31,ok
178691,per178691_1910_09291,2,0,0,,,triagem/nome-caixa-conversao 1.0.0,31,ok
178691,per178691_1910_09291,3,0,0,,,triagem/nome-caixa-conversao 1.0.0,31,ok
178691,per178691_1910_09291,4,0,0,,,triagem/nome-caixa-conversao 1.0.0,31,ok
178691,per178691_1910_09291,5,0,0,,,triagem/nome-caixa-conversao 1.0.0,31,ok
178691,per178691_1910_09291,6,0,0,,,triagem/nome-caixa-conversao 1.0.0,31,ok
178691,per178691_1910_09291,7,0,0,,,triagem/nome-caixa-conversao 1.0.0,31,ok
178691,per178691_1910_09291,8,0,0,,,triagem/nome-caixa-conversao 1.0.0,31,ok
178691,per178691_1910_09291,9,0,0,,,triagem/nome-caixa-conversao 1.0.0,31,ok
178691,per178691_1910_09291,10,0,0,,,triagem/nome-caixa-conversao 1.0.0,31,ok
178691,per178691_1910_09292,1,0,0,,,triagem/nome-caixa-conversao 1.0.0,31,ok
178691,per178691_1910_09292,2,1,2,caixa de conver,18710,triagem/nome-caixa-conversao 1.0.0,31,ok
178691,per178691_1910_09292,3,0,0,,,triagem/nome-caixa-conversao 1.0.0,31,ok
178691,per178691_1910_09292,4,0,0,,,triagem/nome-caixa-conversao 1.0.0,31,ok
178691,per178691_1910_09292,5,0,0,,,triagem/nome-caixa-conversao 1.0.0,31,ok
178691,per178691_1910_09292,6,0,0,,,triagem/nome-caixa-conversao 1.0.0,31,ok
178691,per178691_1910_09292,7,0,0,,,triagem/nome-caixa-conversao 1.0.0,31,ok
178691,per178691_1910_09292,8,0,0,,,triagem/nome-caixa-conversao 1.0.0,31,ok
178691,per178691_1910_09292,9,0,0,,,triagem/nome-caixa-conversao 1.0.0,31,ok
178691,per178691_1910_09292,10,0,0,,,triagem/nome-caixa-conversao 1.0.0,31,ok
178691,per178691_1910_09292,11,0,0,,,triagem/nome-caixa-conversao 1.0.0,31,ok
178691,per178691_1910_09292,12,0,0,,,triagem/nome-caixa-conversao 1.0.0,31,ok
178691,per178691_1910_09293,1,1,1,caixa de conver,14165,triagem/nome-caixa-conversao 1.0.0,31,ok
178691,per178691_1910_09293,2,0,0,,,triagem/nome-caixa-conversao 1.0.0,31,ok
178691,per178691_1910_09293,3,0,0,,,triagem/nome-caixa-conversao 1.0.0,31,ok
178691,per178691_1910_09293,4,0,0,,,triagem/nome-caixa-conversao 1.0.0,31,ok
178691,per178691_1910_09293,5,0,0,,,triagem/nome-caixa-conversao 1.0.0,31,ok
178691,per178691_1910_09293,6,0,0,,,triagem/nome-caixa-conversao 1.0.0,31,ok
178691,per178691_1910_09293,7,0,0,,,triagem/nome-caixa-conversao 1.0.0,31,ok
178691,per178691_1910_09293,8,0,0,,,triagem/nome-caixa-conversao 1.0.0,31,ok
178691,per178691_1910_09293,9,0,0,,,triagem/nome-caixa-conversao 1.0.0,31,ok
178691,per178691_1910_09293,10,0,0,,,triagem/nome-caixa-conversao 1.0.0,31,ok
178691,per178691_1910_09293,11,0,0,,,triagem/nome-caixa-conversao 1.0.0,31,ok
178691,per178691_1910_09293,12,0,0,,,triagem/nome-caixa-conversao 1.0.0,31,ok
178691,per178691_1910_09294,1,0,0,,,triagem/nome-caixa-conversao 1.0.0,31,ok
178691,per178691_1910_09294,2,0,0,,,triagem/nome-caixa-conversao 1.0.0,31,ok
178691,per178691_1910_09294,3,0,0,,,triagem/nome-caixa-conversao 1.0.0,31,ok
178691,per178691_1910_09294,4,0,0,,,triagem/nome-caixa-conversao 1.0.0,31,ok
178691,per178691_1910_09294,5,0,0,,,triagem/nome-caixa-conversao 1.0.0,31,ok
178691,per178691_1910_09294,6,0,0,,,triagem/nome-caixa-conversao 1.0.0,31,ok
178691,per178691_1910_09294,7,0,0,,,triagem/nome-caixa-conversao 1.0.0,31,ok
178691,per178691_1910_09294,8,0,0,,,triagem/nome-caixa-conversao 1.0.0,31,ok
178691,per178691_1910_09294,9,0,0,,,triagem/nome-caixa-conversao 1.0.0,31,ok
178691,per178691_1910_09294,10,0,0,,,triagem/nome-caixa-conversao 1.0.0,31,ok
178691,per178691_1910_09294,11,0,0,,,triagem/nome-caixa-conversao 1.0.0,31,ok
178691,per178691_1910_09294,12,0,0,,,triagem/nome-caixa-conversao 1.0.0,31,ok
178691,per178691_1910_09294,13,0,0,,,triagem/nome-caixa-conversao 1.0.0,31,ok
178691,per178691_1910_09294,14,0,0,,,triagem/nome-caixa-conversao 1.0.0,31,ok
178691,per178691_1910_09294,15,0,0,,,triagem/nome-caixa-conversao 1.0.0,31,ok
178691,per178691_1910_09294,16,0,0,,,triagem/nome-caixa-conversao 1.0.0,31,ok
178691,per178691_1910_09295,1,1,1,caixa de conver,24869,triagem/nome-caixa-conversao 1.0.0,31,ok
178691,per178691_1910_09295,2,0,0,,,triagem/nome-caixa-conversao 1.0.0,31,ok
178691,per178691_1910_09295,3,0,0,,,triagem/nome-caixa-conversao 1.0.0,31,ok
178691,per178691_1910_09295,4,0,0,,,triagem/nome-caixa-conversao 1.0.0,31,ok
178691,per178691_1910_09295,5,0,0,,,triagem/nome-caixa-conversao 1.0.0,31,ok
178691,per178691_1910_09295,6,0,0,,,triagem/nome-caixa-conversao 1.0.0,31,ok
178691,per178691_1910_09295,7,0,0,,,triagem/nome-caixa-conversao 1.0.0,31,ok
178691,per178691_1910_09295,8,0,0,,,triagem/nome-caixa-conversao 1.0.0,31,ok
178691,per178691_1910_09295,9,0,0,,,triagem/nome-caixa-conversao 1.0.0,31,ok
178691,per178691_1910_09295,10,0,0,,,triagem/nome-caixa-conversao 1.0.0,31,ok
178691,per178691_1910_09295,11,0,0,,,triagem/nome-caixa-conversao 1.0.0,31,ok
178691,per178691_1910_09295,12,0,0,,,triagem/nome-caixa-conversao 1.0.0,31,ok
178691,per178691_1910_09296,1,0,0,,,triagem/nome-caixa-conversao 1.0.0,31,ok
178691,per178691_1910_09296,2,1,2,caixa de conver,18715,triagem/nome-caixa-conversao 1.0.0,31,ok
178691,per178691_1910_09296,3,0,0,,,triagem/nome-caixa-conversao 1.0.0,31,ok
178691,per178691_1910_09296,4,0,0,,,triagem/nome-caixa-conversao 1.0.0,31,ok
178691,per178691_1910_09296,5,0,0,,,triagem/nome-caixa-conversao 1.0.0,31,ok
178691,per178691_1910_09296,6,0,0,,,triagem/nome-caixa-conversao 1.0.0,31,ok
178691,per178691_1910_09296,7,0,0,,,triagem/nome-caixa-conversao 1.0.0,31,ok
178691,per178691_1910_09296,8,0,0,,,triagem/nome-caixa-conversao 1.0.0,31,ok
178691,per178691_1910_09296,9,0,0,,,triagem/nome-caixa-conversao 1.0.0,31,ok
178691,per178691_1910_09296,10,0,0,,,triagem/nome-caixa-conversao 1.0.0,31,ok
178691,per178691_1910_09296,11,0,0,,,triagem/nome-caixa-conversao 1.0.0,31,ok
178691,per178691_1910_09296,12,0,0,,,triagem/nome-caixa-conversao 1.0.0,31,ok
178691,per178691_1910_09297,1,0,0,,,triagem/nome-caixa-conversao 1.0.0,31,ok
178691,per178691_1910_09297,2,0,0,,,triagem/nome-caixa-conversao 1.0.0,31,ok
178691,per178691_1910_09297,3,0,0,,,triagem/nome-caixa-conversao 1.0.0,31,ok
178691,per178691_1910_09297,4,1,1,caixade conver,27136,triagem/nome-caixa-conversao 1.0.0,31,ok
178691,per178691_1910_09297,5,0,0,,,triagem/nome-caixa-conversao 1.0.0,31,ok
178691,per178691_1910_09297,6,0,0,,,triagem/nome-caixa-conversao 1.0.0,31,ok
178691,per178691_1910_09297,7,0,0,,,triagem/nome-caixa-conversao 1.0.0,31,ok
178691,per178691_1910_09297,8,0,0,,,triagem/nome-caixa-conversao 1.0.0,31,ok
178691,per178691_1910_09297,9,0,0,,,triagem/nome-caixa-conversao 1.0.0,31,ok
178691,per178691_1910_09297,10,0,0,,,triagem/nome-caixa-conversao 1.0.0,31,ok
178691,per178691_1910_09297,11,0,0,,,triagem/nome-caixa-conversao 1.0.0,31,ok
178691,per178691_1910_09297,12,0,0,,,triagem/nome-caixa-conversao 1.0.0,31,ok
178691,per178691_1910_09297,13,0,0,,,triagem/nome-caixa-conversao 1.0.0,31,ok
178691,per178691_1910_09297,14,0,0,,,triagem/nome-caixa-conversao 1.0.0,31,ok
178691,per178691_1910_09297,15,0,0,,,triagem/nome-caixa-conversao 1.0.0,31,ok
178691,per178691_1910_09297,16,0,0,,,triagem/nome-caixa-conversao 1.0.0,31,ok
178691,per178691_1910_09298,1,0,0,,,triagem/nome-caixa-conversao 1.0.0,31,ok
178691,per178691_1910_09298,2,0,0,,,triagem/nome-caixa-conversao 1.0.0,31,ok
178691,per178691_1910_09298,3,0,0,,,triagem/nome-caixa-conversao 1.0.0,31,ok
178691,per178691_1910_09298,4,0,0,,,triagem/nome-caixa-conversao 1.0.0,31,ok
178691,per178691_1910_09298,5,0,0,,,triagem/nome-caixa-conversao 1.0.0,31,ok
178691,per178691_1910_09298,6,0,0,,,triagem/nome-caixa-conversao 1.0.0,31,ok
178691,per178691_1910_09298,7,0,0,,,triagem/nome-caixa-conversao 1.0.0,31,ok
178691,per178691_1910_09298,8,1,1,caixa deconver,20894,triagem/nome-caixa-conversao 1.0.0,31,ok
178691,per178691_1910_09298,9,0,0,,,triagem/nome-caixa-conversao 1.0.0,31,ok
178691,per178691_1910_09298,10,0,0,,,triagem/nome-caixa-conversao 1.0.0,31,ok
178691,per178691_1910_09298,11,0,0,,,triagem/nome-caixa-conversao 1.0.0,31,ok
178691,per178691_1910_09298,12,0,0,,,triagem/nome-caixa-conversao 1.0.0,31,ok
178691,per178691_1910_09299,1,1,1,caixa de conver,28393,triagem/nome-caixa-conversao 1.0.0,31,ok
178691,per178691_1910_09299,2,0,0,,,triagem/nome-caixa-conversao 1.0.0,31,ok
178691,per178691_1910_09299,3,0,0,,,triagem/nome-caixa-conversao 1.0.0,31,ok
178691,per178691_1910_09299,4,0,0,,,triagem/nome-caixa-conversao 1.0.0,31,ok
178691,per178691_1910_09299,5,0,0,,,triagem/nome-caixa-conversao 1.0.0,31,ok
178691,per178691_1910_09299,6,0,0,,,triagem/nome-caixa-conversao 1.0.0,31,ok
178691,per178691_1910_09299,7,0,0,,,triagem/nome-caixa-conversao 1.0.0,31,ok
178691,per178691_1910_09299,8,0,0,,,triagem/nome-caixa-conversao 1.0.0,31,ok
178691,per178691_1910_09299,9,0,0,,,triagem/nome-caixa-conversao 1.0.0,31,ok
178691,per178691_1910_09299,10,0,0,,,triagem/nome-caixa-conversao 1.0.0,31,ok
178691,per178691_1910_09299,11,0,0,,,triagem/nome-caixa-conversao 1.0.0,31,ok
178691,per178691_1910_09299,12,0,0,,,triagem/nome-caixa-conversao 1.0.0,31,ok
178691,per178691_1910_09300,1,0,0,,,triagem/nome-caixa-conversao 1.0.0,31,ok
178691,per178691_1910_09300,2,0,0,,,triagem/nome-caixa-conversao 1.0.0,31,ok
178691,per178691_1910_09300,3,0,0,,,triagem/nome-caixa-conversao 1.0.0,31,ok
178691,per178691_1910_09300,4,0,0,,,triagem/nome-caixa-conversao 1.0.0,31,ok
178691,per178691_1910_09300,5,0,0,,,triagem/nome-caixa-conversao 1.0.0,31,ok
178691,per178691_1910_09300,6,0,0,,,triagem/nome-caixa-conversao 1.0.0,31,ok
178691,per178691_1910_09300,7,0,0,,,triagem/nome-caixa-conversao 1.0.0,31,ok
178691,per178691_1910_09300,8,0,0,,,triagem/nome-caixa-conversao 1.0.0,31,ok
178691,per178691_1910_09300,9,0,0,,,triagem/nome-caixa-conversao 1.0.0,31,ok
178691,per178691_1910_09300,10,0,0,,,triagem/nome-caixa-conversao 1.0.0,31,ok
178691,per178691_1910_09300,11,0,0,,,triagem/nome-caixa-conversao 1.0.0,31,ok
178691,per178691_1910_09300,12,0,0,,,triagem/nome-caixa-conversao 1.0.0,31,ok
178691,per178691_1910_09301,1,0,0,,,triagem/nome-caixa-conversao 1.0.0,31,ok
178691,per178691_1910_09301,2,0,0,,,triagem/nome-caixa-conversao 1.0.0,31,ok
178691,per178691_1910_09301,3,0,0,,,triagem/nome-caixa-conversao 1.0.0,31,ok
178691,per178691_1910_09301,4,0,0,,,triagem/nome-caixa-conversao 1.0.0,31,ok
178691,per178691_1910_09301,5,0,0,,,triagem/nome-caixa-conversao 1.0.0,31,ok
178691,per178691_1910_09301,6,0,0,,,triagem/nome-caixa-conversao 1.0.0,31,ok
178691,per178691_1910_09301,7,0,0,,,triagem/nome-caixa-conversao 1.0.0,31,ok
178691,per178691_1910_09301,8,0,0,,,triagem/nome-caixa-conversao 1.0.0,31,ok
178691,per178691_1910_09301,9,0,0,,,triagem/nome-caixa-conversao 1.0.0,31,ok
178691,per178691_1910_09301,10,0,0,,,triagem/nome-caixa-conversao 1.0.0,31,ok
178691,per178691_1910_09301,11,0,0,,,triagem/nome-caixa-conversao 1.0.0,31,ok
178691,per178691_1910_09301,12,0,0,,,triagem/nome-caixa-conversao 1.0.0,31,ok
178691,per178691_1910_09302,1,0,0,,,triagem/nome-caixa-conversao 1.0.0,31,ok
178691,per178691_1910_09302,2,0,0,,,triagem/nome-caixa-conversao 1.0.0,31,ok
178691,per178691_1910_09302,3,0,0,,,triagem/nome-caixa-conversao 1.0.0,31,ok
178691,per178691_1910_09302,4,0,0,,,triagem/nome-caixa-conversao 1.0.0,31,ok
178691,per178691_1910_09302,5,0,0,,,triagem/nome-caixa-conversao 1.0.0,31,ok
178691,per178691_1910_09302,6,0,0,,,triagem/nome-caixa-conversao 1.0.0,31,ok
178691,per178691_1910_09302,7,0,0,,,triagem/nome-caixa-conversao 1.0.0,31,ok
178691,per178691_1910_09302,8,0,0,,,triagem/nome-caixa-conversao 1.0.0,31,ok
178691,per178691_1910_09302,9,0,0,,,triagem/nome-caixa-conversao 1.0.0,31,ok
178691,per178691_1910_09302,10,0,0,,,triagem/nome-caixa-conversao 1.0.0,31,ok
178691,per178691_1910_09303,1,0,0,,,triagem/nome-caixa-conversao 1.0.0,31,ok
178691,per178691_1910_09303,2,0,0,,,triagem/nome-caixa-conversao 1.0.0,31,ok
178691,per178691_1910_09303,3,0,0,,,triagem/nome-caixa-conversao 1.0.0,31,ok
178691,per178691_1910_09303,4,0,0,,,triagem/nome-caixa-conversao 1.0.0,31,ok
178691,per178691_1910_09303,5,0,0,,,triagem/nome-caixa-conversao 1.0.0,31,ok
178691,per178691_1910_09303,6,0,0,,,triagem/nome-caixa-conversao 1.0.0,31,ok
178691,per178691_1910_09303,7,0,0,,,triagem/nome-caixa-conversao 1.0.0,31,ok
178691,per178691_1910_09303,8,0,0,,,triagem/nome-caixa-conversao 1.0.0,31,ok
178691,per178691_1910_09303,9,0,0,,,triagem/nome-caixa-conversao 1.0.0,31,ok
178691,per178691_1910_09303,10,0,0,,,triagem/nome-caixa-conversao 1.0.0,31,ok
178691,per178691_1910_09304,1,0,0,,,triagem/nome-caixa-conversao 1.0.0,31,ok
178691,per178691_1910_09304,2,1,1,caixa de conver,9558,triagem/nome-caixa-conversao 1.0.0,31,ok
178691,per178691_1910_09304,3,0,0,,,triagem/nome-caixa-conversao 1.0.0,31,ok
178691,per178691_1910_09304,4,0,0,,,triagem/nome-caixa-conversao 1.0.0,31,ok
178691,per178691_1910_09304,5,0,0,,,triagem/nome-caixa-conversao 1.0.0,31,ok
178691,per178691_1910_09304,6,0,0,,,triagem/nome-caixa-conversao 1.0.0,31,ok
178691,per178691_1910_09304,7,0,0,,,triagem/nome-caixa-conversao 1.0.0,31,ok
178691,per178691_1910_09304,8,0,0,,,triagem/nome-caixa-conversao 1.0.0,31,ok
178691,per178691_1910_09304,9,0,0,,,triagem/nome-caixa-conversao 1.0.0,31,ok
178691,per178691_1910_09304,10,0,0,,,triagem/nome-caixa-conversao 1.0.0,31,ok
178691,per178691_1910_09304,11,0,0,,,triagem/nome-caixa-conversao 1.0.0,31,ok
178691,per178691_1910_09304,12,0,0,,,triagem/nome-caixa-conversao 1.0.0,31,ok
178691,per178691_1910_09304,13,0,0,,,triagem/nome-caixa-conversao 1.0.0,31,ok
178691,per178691_1910_09304,14,0,0,,,triagem/nome-caixa-conversao 1.0.0,31,ok
178691,per178691_1910_09304,15,0,0,,,triagem/nome-caixa-conversao 1.0.0,31,ok
178691,per178691_1910_09304,16,0,0,,,triagem/nome-caixa-conversao 1.0.0,31,ok
178691,per178691_1910_09305,1,1,1,caixa de conver,25239,triagem/nome-caixa-conversao 1.0.0,31,ok
178691,per178691_1910_09305,2,0,0,,,triagem/nome-caixa-conversao 1.0.0,31,ok
178691,per178691_1910_09305,3,0,0,,,triagem/nome-caixa-conversao 1.0.0,31,ok
178691,per178691_1910_09305,4,0,0,,,triagem/nome-caixa-conversao 1.0.0,31,ok
178691,per178691_1910_09305,5,0,0,,,triagem/nome-caixa-conversao 1.0.0,31,ok
178691,per178691_1910_09305,6,0,0,,,triagem/nome-caixa-conversao 1.0.0,31,ok
178691,per178691_1910_09305,7,0,0,,,triagem/nome-caixa-conversao 1.0.0,31,ok
178691,per178691_1910_09305,8,0,0,,,triagem/nome-caixa-conversao 1.0.0,31,ok
178691,per178691_1910_09306,1,0,0,,,triagem/nome-caixa-conversao 1.0.0,31,ok
178691,per178691_1910_09306,2,1,1,caixa de conver,26233,triagem/nome-caixa-conversao 1.0.0,31,ok
178691,per178691_1910_09306,3,0,0,,,triagem/nome-caixa-conversao 1.0.0,31,ok
178691,per178691_1910_09306,4,0,0,,,triagem/nome-caixa-conversao 1.0.0,31,ok
178691,per178691_1910_09306,5,0,0,,,triagem/nome-caixa-conversao 1.0.0,31,ok
178691,per178691_1910_09306,6,0,0,,,triagem/nome-caixa-conversao 1.0.0,31,ok
178691,per178691_1910_09306,7,0,0,,,triagem/nome-caixa-conversao 1.0.0,31,ok
178691,per178691_1910_09306,8,0,0,,,triagem/nome-caixa-conversao 1.0.0,31,ok
178691,per178691_1910_09306,9,0,0,,,triagem/nome-caixa-conversao 1.0.0,31,ok
178691,per178691_1910_09306,10,0,0,,,triagem/nome-caixa-conversao 1.0.0,31,ok
178691,per178691_1910_09306,11,0,0,,,triagem/nome-caixa-conversao 1.0.0,31,ok
178691,per178691_1910_09307,1,0,0,,,triagem/nome-caixa-conversao 1.0.0,31,ok
178691,per178691_1910_09307,2,1,1,caixa de conver,17213,triagem/nome-caixa-conversao 1.0.0,31,ok
178691,per178691_1910_09307,3,0,0,,,triagem/nome-caixa-conversao 1.0.0,31,ok
178691,per178691_1910_09307,4,0,0,,,triagem/nome-caixa-conversao 1.0.0,31,ok
178691,per178691_1910_09307,5,0,0,,,triagem/nome-caixa-conversao 1.0.0,31,ok
178691,per178691_1910_09307,6,0,0,,,triagem/nome-caixa-conversao 1.0.0,31,ok
178691,per178691_1910_09307,7,0,0,,,triagem/nome-caixa-conversao 1.0.0,31,ok
178691,per178691_1910_09307,8,0,0,,,triagem/nome-caixa-conversao 1.0.0,31,ok
178691,per178691_1910_09307,9,0,0,,,triagem/nome-caixa-conversao 1.0.0,31,ok
178691,per178691_1910_09307,10,0,0,,,triagem/nome-caixa-conversao 1.0.0,31,ok
178691,per178691_1910_09307,11,0,0,,,triagem/nome-caixa-conversao 1.0.0,31,ok
178691,per178691_1910_09307,12,0,0,,,triagem/nome-caixa-conversao 1.0.0,31,ok
178691,per178691_1910_09308,1,0,0,,,triagem/nome-caixa-conversao 1.0.0,31,ok
178691,per178691_1910_09308,2,1,1,caixa de conver,28129,triagem/nome-caixa-conversao 1.0.0,31,ok
178691,per178691_1910_09308,3,0,0,,,triagem/nome-caixa-conversao 1.0.0,31,ok
178691,per178691_1910_09308,4,0,0,,,triagem/nome-caixa-conversao 1.0.0,31,ok
178691,per178691_1910_09308,5,0,0,,,triagem/nome-caixa-conversao 1.0.0,31,ok
178691,per178691_1910_09308,6,0,0,,,triagem/nome-caixa-conversao 1.0.0,31,ok
178691,per178691_1910_09308,7,0,0,,,triagem/nome-caixa-conversao 1.0.0,31,ok
178691,per178691_1910_09308,8,0,0,,,triagem/nome-caixa-conversao 1.0.0,31,ok
178691,per178691_1910_09308,9,0,0,,,triagem/nome-caixa-conversao 1.0.0,31,ok
178691,per178691_1910_09308,10,0,0,,,triagem/nome-caixa-conversao 1.0.0,31,ok
178691,per178691_1910_09308,11,0,0,,,triagem/nome-caixa-conversao 1.0.0,31,ok
178691,per178691_1910_09308,12,0,0,,,triagem/nome-caixa-conversao 1.0.0,31,ok
178691,per178691_1910_09309,1,0,0,,,triagem/nome-caixa-conversao 1.0.0,31,ok
178691,per178691_1910_09309,2,0,0,,,triagem/nome-caixa-conversao 1.0.0,31,ok
178691,per178691_1910_09309,3,0,0,,,triagem/nome-caixa-conversao 1.0.0,31,ok
178691,per178691_1910_09309,4,0,0,,,triagem/nome-caixa-conversao 1.0.0,31,ok
178691,per178691_1910_09309,5,0,0,,,triagem/nome-caixa-conversao 1.0.0,31,ok
178691,per178691_1910_09309,6,0,0,,,triagem/nome-caixa-conversao 1.0.0,31,ok
178691,per178691_1910_09309,7,0,0,,,triagem/nome-caixa-conversao 1.0.0,31,ok
178691,per178691_1910_09309,8,0,0,,,triagem/nome-caixa-conversao 1.0.0,31,ok
178691,per178691_1910_09309,9,0,0,,,triagem/nome-caixa-conversao 1.0.0,31,ok
178691,per178691_1910_09309,10,0,0,,,triagem/nome-caixa-conversao 1.0.0,31,ok
178691,per178691_1910_09309,11,0,0,,,triagem/nome-caixa-conversao 1.0.0,31,ok
178691,per178691_1910_09309,12,0,0,,,triagem/nome-caixa-conversao 1.0.0,31,ok
178691,per178691_1910_09310,1,0,0,,,triagem/nome-caixa-conversao 1.0.0,31,ok
178691,per178691_1910_09310,2,1,1,caixa dc conver,10102,triagem/nome-caixa-conversao 1.0.0,31,ok
178691,per178691_1910_09310,3,0,0,,,triagem/nome-caixa-conversao 1.0.0,31,ok
178691,per178691_1910_09310,4,0,0,,,triagem/nome-caixa-conversao 1.0.0,31,ok
178691,per178691_1910_09310,5,0,0,,,triagem/nome-caixa-conversao 1.0.0,31,ok
178691,per178691_1910_09310,6,0,0,,,triagem/nome-caixa-conversao 1.0.0,31,ok
178691,per178691_1910_09310,7,0,0,,,triagem/nome-caixa-conversao 1.0.0,31,ok
178691,per178691_1910_09310,8,0,0,,,triagem/nome-caixa-conversao 1.0.0,31,ok
178691,per178691_1910_09310,9,0,0,,,triagem/nome-caixa-conversao 1.0.0,31,ok
178691,per178691_1910_09310,10,0,0,,,triagem/nome-caixa-conversao 1.0.0,31,ok
178691,per178691_1910_09310,11,0,0,,,triagem/nome-caixa-conversao 1.0.0,31,ok
178691,per178691_1910_09310,12,0,0,,,triagem/nome-caixa-conversao 1.0.0,31,ok
178691,per178691_1910_09310,13,0,0,,,triagem/nome-caixa-conversao 1.0.0,31,ok
178691,per178691_1910_09310,14,0,0,,,triagem/nome-caixa-conversao 1.0.0,31,ok
178691,per178691_1910_09310,15,0,0,,,triagem/nome-caixa-conversao 1.0.0,31,ok
178691,per178691_1910_09310,16,0,0,,,triagem/nome-caixa-conversao 1.0.0,31,ok
178691,per178691_1910_09311,1,0,0,,,triagem/nome-caixa-conversao 1.0.0,31,ok
178691,per178691_1910_09311,2,1,3,caixa de conver,15128,triagem/nome-caixa-conversao 1.0.0,31,ok
178691,per178691_1910_09311,3,0,0,,,triagem/nome-caixa-conversao 1.0.0,31,ok
178691,per178691_1910_09311,4,0,0,,,triagem/nome-caixa-conversao 1.0.0,31,ok
178691,per178691_1910_09311,5,0,0,,,triagem/nome-caixa-conversao 1.0.0,31,ok
178691,per178691_1910_09311,6,0,0,,,triagem/nome-caixa-conversao 1.0.0,31,ok
178691,per178691_1910_09311,7,0,0,,,triagem/nome-caixa-conversao 1.0.0,31,ok
178691,per178691_1910_09311,8,0,0,,,triagem/nome-caixa-conversao 1.0.0,31,ok
178691,per178691_1910_09311,9,0,0,,,triagem/nome-caixa-conversao 1.0.0,31,ok
178691,per178691_1910_09311,10,0,0,,,triagem/nome-caixa-conversao 1.0.0,31,ok
178691,per178691_1910_09311,11,0,0,,,triagem/nome-caixa-conversao 1.0.0,31,ok
178691,per178691_1910_09311,12,0,0,,,triagem/nome-caixa-conversao 1.0.0,31,ok
178691,per178691_1910_09311,13,0,0,,,triagem/nome-caixa-conversao 1.0.0,31,ok
178691,per178691_1910_09311,14,0,0,,,triagem/nome-caixa-conversao 1.0.0,31,ok
178691,per178691_1910_09311,15,0,0,,,triagem/nome-caixa-conversao 1.0.0,31,ok
178691,per178691_1910_09311,16,0,0,,,triagem/nome-caixa-conversao 1.0.0,31,ok
178691,per178691_1910_09312,1,0,0,,,triagem/nome-caixa-conversao 1.0.0,31,ok
178691,per178691_1910_09312,2,0,0,,,triagem/nome-caixa-conversao 1.0.0,31,ok
178691,per178691_1910_09312,3,0,0,,,triagem/nome-caixa-conversao 1.0.0,31,ok
178691,per178691_1910_09312,4,0,0,,,triagem/nome-caixa-conversao 1.0.0,31,ok
178691,per178691_1910_09312,5,0,0,,,triagem/nome-caixa-conversao 1.0.0,31,ok
178691,per178691_1910_09312,6,1,1,caixa de conver,13132,triagem/nome-caixa-conversao 1.0.0,31,ok
178691,per178691_1910_09312,7,0,0,,,triagem/nome-caixa-conversao 1.0.0,31,ok
178691,per178691_1910_09312,8,0,0,,,triagem/nome-caixa-conversao 1.0.0,31,ok
178691,per178691_1910_09312,9,0,0,,,triagem/nome-caixa-conversao 1.0.0,31,ok
178691,per178691_1910_09312,10,0,0,,,triagem/nome-caixa-conversao 1.0.0,31,ok
178691,per178691_1910_09313,1,0,0,,,triagem/nome-caixa-conversao 1.0.0,31,ok
178691,per178691_1910_09313,2,1,1,caixa de conver,17299,triagem/nome-caixa-conversao 1.0.0,31,ok
178691,per178691_1910_09313,3,1,2,caixa de conver,31600,triagem/nome-caixa-conversao 1.0.0,31,ok
178691,per178691_1910_09313,4,0,0,,,triagem/nome-caixa-conversao 1.0.0,31,ok
178691,per178691_1910_09313,5,0,0,,,triagem/nome-caixa-conversao 1.0.0,31,ok
178691,per178691_1910_09313,6,0,0,,,triagem/nome-caixa-conversao 1.0.0,31,ok
178691,per178691_1910_09313,7,0,0,,,triagem/nome-caixa-conversao 1.0.0,31,ok
178691,per178691_1910_09313,8,0,0,,,triagem/nome-caixa-conversao 1.0.0,31,ok
178691,per178691_1910_09313,9,0,0,,,triagem/nome-caixa-conversao 1.0.0,31,ok
178691,per178691_1910_09313,10,0,0,,,triagem/nome-caixa-conversao 1.0.0,31,ok
178691,per178691_1910_09313,11,0,0,,,triagem/nome-caixa-conversao 1.0.0,31,ok
178691,per178691_1910_09313,12,0,0,,,triagem/nome-caixa-conversao 1.0.0,31,ok
178691,per178691_1910_09314,1,0,0,,,triagem/nome-caixa-conversao 1.0.0,31,ok
178691,per178691_1910_09314,2,1,1,caixa de conver,18739,triagem/nome-caixa-conversao 1.0.0,31,ok
178691,per178691_1910_09314,3,0,0,,,triagem/nome-caixa-conversao 1.0.0,31,ok
178691,per178691_1910_09314,4,0,0,,,triagem/nome-caixa-conversao 1.0.0,31,ok
178691,per178691_1910_09314,5,0,0,,,triagem/nome-caixa-conversao 1.0.0,31,ok
178691,per178691_1910_09314,6,0,0,,,triagem/nome-caixa-conversao 1.0.0,31,ok
178691,per178691_1910_09314,7,0,0,,,triagem/nome-caixa-conversao 1.0.0,31,ok
178691,per178691_1910_09314,8,0,0,,,triagem/nome-caixa-conversao 1.0.0,31,ok
178691,per178691_1910_09314,9,0,0,,,triagem/nome-caixa-conversao 1.0.0,31,ok
178691,per178691_1910_09314,10,0,0,,,triagem/nome-caixa-conversao 1.0.0,31,ok
178691,per178691_1910_09314,11,0,0,,,triagem/nome-caixa-conversao 1.0.0,31,ok
178691,per178691_1910_09314,12,0,0,,,triagem/nome-caixa-conversao 1.0.0,31,ok
178691,per178691_1910_09315,1,0,0,,,triagem/nome-caixa-conversao 1.0.0,31,ok
178691,per178691_1910_09315,2,0,0,,,triagem/nome-caixa-conversao 1.0.0,31,ok
178691,per178691_1910_09315,3,0,0,,,triagem/nome-caixa-conversao 1.0.0,31,ok
178691,per178691_1910_09315,4,0,0,,,triagem/nome-caixa-conversao 1.0.0,31,ok
178691,per178691_1910_09315,5,0,0,,,triagem/nome-caixa-conversao 1.0.0,31,ok
178691,per178691_1910_09315,6,0,0,,,triagem/nome-caixa-conversao 1.0.0,31,ok
178691,per178691_1910_09315,7,0,0,,,triagem/nome-caixa-conversao 1.0.0,31,ok
178691,per178691_1910_09315,8,0,0,,,triagem/nome-caixa-conversao 1.0.0,31,ok
178691,per178691_1910_09315,9,0,0,,,triagem/nome-caixa-conversao 1.0.0,31,ok
178691,per178691_1910_09315,10,0,0,,,triagem/nome-caixa-conversao 1.0.0,31,ok
178691,per178691_1910_09315,11,0,0,,,triagem/nome-caixa-conversao 1.0.0,31,ok
178691,per178691_1910_09315,12,0,0,,,triagem/nome-caixa-conversao 1.0.0,31,ok
178691,per178691_1910_09316,1,0,0,,,triagem/nome-caixa-conversao 1.0.0,31,ok
178691,per178691_1910_09316,2,0,0,,,triagem/nome-caixa-conversao 1.0.0,31,ok
178691,per178691_1910_09316,3,0,0,,,triagem/nome-caixa-conversao 1.0.0,31,ok
178691,per178691_1910_09316,4,0,0,,,triagem/nome-caixa-conversao 1.0.0,31,ok
178691,per178691_1910_09316,5,0,0,,,triagem/nome-caixa-conversao 1.0.0,31,ok
178691,per178691_1910_09316,6,0,0,,,triagem/nome-caixa-conversao 1.0.0,31,ok
178691,per178691_1910_09316,7,0,0,,,triagem/nome-caixa-conversao 1.0.0,31,ok
178691,per178691_1910_09316,8,0,0,,,triagem/nome-caixa-conversao 1.0.0,31,ok
178691,per178691_1910_09316,9,0,0,,,triagem/nome-caixa-conversao 1.0.0,31,ok
178691,per178691_1910_09316,10,0,0,,,triagem/nome-caixa-conversao 1.0.0,31,ok
178691,per178691_1910_09316,11,0,0,,,triagem/nome-caixa-conversao 1.0.0,31,ok
178691,per178691_1910_09316,12,0,0,,,triagem/nome-caixa-conversao 1.0.0,31,ok
178691,per178691_1910_09317,1,1,1,caixa de conver,31159,triagem/nome-caixa-conversao 1.0.0,31,ok
178691,per178691_1910_09317,2,0,0,,,triagem/nome-caixa-conversao 1.0.0,31,ok
178691,per178691_1910_09317,3,0,0,,,triagem/nome-caixa-conversao 1.0.0,31,ok
178691,per178691_1910_09317,4,0,0,,,triagem/nome-caixa-conversao 1.0.0,31,ok
178691,per178691_1910_09317,5,0,0,,,triagem/nome-caixa-conversao 1.0.0,31,ok
178691,per178691_1910_09317,6,0,0,,,triagem/nome-caixa-conversao 1.0.0,31,ok
178691,per178691_1910_09317,7,0,0,,,triagem/nome-caixa-conversao 1.0.0,31,ok
178691,per178691_1910_09317,8,0,0,,,triagem/nome-caixa-conversao 1.0.0,31,ok
178691,per178691_1910_09317,9,0,0,,,triagem/nome-caixa-conversao 1.0.0,31,ok
178691,per178691_1910_09317,10,0,0,,,triagem/nome-caixa-conversao 1.0.0,31,ok
178691,per178691_1910_09317,11,0,0,,,triagem/nome-caixa-conversao 1.0.0,31,ok
178691,per178691_1910_09317,12,0,0,,,triagem/nome-caixa-conversao 1.0.0,31,ok
178691,per178691_1910_09317,13,0,0,,,triagem/nome-caixa-conversao 1.0.0,31,ok
178691,per178691_1910_09317,14,0,0,,,triagem/nome-caixa-conversao 1.0.0,31,ok
178691,per178691_1910_09317,15,0,0,,,triagem/nome-caixa-conversao 1.0.0,31,ok
178691,per178691_1910_09317,16,0,0,,,triagem/nome-caixa-conversao 1.0.0,31,ok
178691,per178691_1910_09318,1,0,0,,,triagem/nome-caixa-conversao 1.0.0,31,ok
178691,per178691_1910_09318,2,0,0,,,triagem/nome-caixa-conversao 1.0.0,31,ok
178691,per178691_1910_09318,3,0,0,,,triagem/nome-caixa-conversao 1.0.0,31,ok
178691,per178691_1910_09318,4,0,0,,,triagem/nome-caixa-conversao 1.0.0,31,ok
178691,per178691_1910_09318,5,0,0,,,triagem/nome-caixa-conversao 1.0.0,31,ok
178691,per178691_1910_09318,6,0,0,,,triagem/nome-caixa-conversao 1.0.0,31,ok
178691,per178691_1910_09318,7,0,0,,,triagem/nome-caixa-conversao 1.0.0,31,ok
178691,per178691_1910_09318,8,0,0,,,triagem/nome-caixa-conversao 1.0.0,31,ok
178691,per178691_1910_09318,9,0,0,,,triagem/nome-caixa-conversao 1.0.0,31,ok
178691,per178691_1910_09318,10,0,0,,,triagem/nome-caixa-conversao 1.0.0,31,ok
178691,per178691_1910_09318,11,0,0,,,triagem/nome-caixa-conversao 1.0.0,31,ok
178691,per178691_1910_09318,12,0,0,,,triagem/nome-caixa-conversao 1.0.0,31,ok
178691,per178691_1910_09318,13,0,0,,,triagem/nome-caixa-conversao 1.0.0,31,ok
178691,per178691_1910_09318,14,0,0,,,triagem/nome-caixa-conversao 1.0.0,31,ok
178691,per178691_1910_09318,15,0,0,,,triagem/nome-caixa-conversao 1.0.0,31,ok
178691,per178691_1910_09318,16,0,0,,,triagem/nome-caixa-conversao 1.0.0,31,ok
178691,per178691_1910_09319,1,0,0,,,triagem/nome-caixa-conversao 1.0.0,31,ok
178691,per178691_1910_09319,2,0,0,,,triagem/nome-caixa-conversao 1.0.0,31,ok
178691,per178691_1910_09319,3,0,0,,,triagem/nome-caixa-conversao 1.0.0,31,ok
178691,per178691_1910_09319,4,0,0,,,triagem/nome-caixa-conversao 1.0.0,31,ok
178691,per178691_1910_09319,5,0,0,,,triagem/nome-caixa-conversao 1.0.0,31,ok
178691,per178691_1910_09319,6,0,0,,,triagem/nome-caixa-conversao 1.0.0,31,ok
178691,per178691_1910_09319,7,0,0,,,triagem/nome-caixa-conversao 1.0.0,31,ok
178691,per178691_1910_09319,8,0,0,,,triagem/nome-caixa-conversao 1.0.0,31,ok
178691,per178691_1910_09320,1,0,0,,,triagem/nome-caixa-conversao 1.0.0,31,ok
178691,per178691_1910_09320,2,1,1,caixa de conver,27846,triagem/nome-caixa-conversao 1.0.0,31,ok
178691,per178691_1910_09320,3,0,0,,,triagem/nome-caixa-conversao 1.0.0,31,ok
178691,per178691_1910_09320,4,0,0,,,triagem/nome-caixa-conversao 1.0.0,31,ok
178691,per178691_1910_09320,5,0,0,,,triagem/nome-caixa-conversao 1.0.0,31,ok
178691,per178691_1910_09320,6,0,0,,,triagem/nome-caixa-conversao 1.0.0,31,ok
178691,per178691_1910_09320,7,0,0,,,triagem/nome-caixa-conversao 1.0.0,31,ok
178691,per178691_1910_09320,8,0,0,,,triagem/nome-caixa-conversao 1.0.0,31,ok
178691,per178691_1910_09320,9,0,0,,,triagem/nome-caixa-conversao 1.0.0,31,ok
178691,per178691_1910_09320,10,0,0,,,triagem/nome-caixa-conversao 1.0.0,31,ok
178691,per178691_1910_09320,11,0,0,,,triagem/nome-caixa-conversao 1.0.0,31,ok
178691,per178691_1910_09320,12,0,0,,,triagem/nome-caixa-conversao 1.0.0,31,ok
178691,per178691_1910_09321,1,1,1,caixa dc conver,22995,triagem/nome-caixa-conversao 1.0.0,31,ok
178691,per178691_1910_09321,2,0,0,,,triagem/nome-caixa-conversao 1.0.0,31,ok
178691,per178691_1910_09321,3,0,0,,,triagem/nome-caixa-conversao 1.0.0,31,ok
178691,per178691_1910_09321,4,0,0,,,triagem/nome-caixa-conversao 1.0.0,31,ok
178691,per178691_1910_09321,5,0,0,,,triagem/nome-caixa-conversao 1.0.0,31,ok
178691,per178691_1910_09321,6,0,0,,,triagem/nome-caixa-conversao 1.0.0,31,ok
178691,per178691_1910_09321,7,0,0,,,triagem/nome-caixa-conversao 1.0.0,31,ok
178691,per178691_1910_09321,8,0,0,,,triagem/nome-caixa-conversao 1.0.0,31,ok
178691,per178691_1910_09321,9,0,0,,,triagem/nome-caixa-conversao 1.0.0,31,ok
178691,per178691_1910_09321,10,0,0,,,triagem/nome-caixa-conversao 1.0.0,31,ok
178691,per178691_1910_09321,11,0,0,,,triagem/nome-caixa-conversao 1.0.0,31,ok
178691,per178691_1910_09321,12,0,0,,,triagem/nome-caixa-conversao 1.0.0,31,ok
178691,per178691_1910_09321,13,0,0,,,triagem/nome-caixa-conversao 1.0.0,31,ok
178691,per178691_1910_09321,14,0,0,,,triagem/nome-caixa-conversao 1.0.0,31,ok
178691,per178691_1910_09321,15,0,0,,,triagem/nome-caixa-conversao 1.0.0,31,ok
178691,per178691_1910_09321,16,0,0,,,triagem/nome-caixa-conversao 1.0.0,31,ok
178691,per178691_1910_09322,1,0,0,,,triagem/nome-caixa-conversao 1.0.0,31,ok
178691,per178691_1910_09322,2,1,1,caixa dc conver,6773,triagem/nome-caixa-conversao 1.0.0,31,ok
178691,per178691_1910_09322,3,0,0,,,triagem/nome-caixa-conversao 1.0.0,31,ok
178691,per178691_1910_09322,4,0,0,,,triagem/nome-caixa-conversao 1.0.0,31,ok
178691,per178691_1910_09322,5,0,0,,,triagem/nome-caixa-conversao 1.0.0,31,ok
178691,per178691_1910_09322,6,0,0,,,triagem/nome-caixa-conversao 1.0.0,31,ok
178691,per178691_1910_09322,7,0,0,,,triagem/nome-caixa-conversao 1.0.0,31,ok
178691,per178691_1910_09322,8,0,0,,,triagem/nome-caixa-conversao 1.0.0,31,ok
178691,per178691_1910_09322,9,0,0,,,triagem/nome-caixa-conversao 1.0.0,31,ok
178691,per178691_1910_09322,10,0,0,,,triagem/nome-caixa-conversao 1.0.0,31,ok
178691,per178691_1910_09322,11,0,0,,,triagem/nome-caixa-conversao 1.0.0,31,ok
178691,per178691_1910_09322,12,0,0,,,triagem/nome-caixa-conversao 1.0.0,31,ok
178691,per178691_1910_09323,1,0,0,,,triagem/nome-caixa-conversao 1.0.0,31,ok
178691,per178691_1910_09323,2,0,0,,,triagem/nome-caixa-conversao 1.0.0,31,ok
178691,per178691_1910_09323,3,0,0,,,triagem/nome-caixa-conversao 1.0.0,31,ok
178691,per178691_1910_09323,4,0,0,,,triagem/nome-caixa-conversao 1.0.0,31,ok
178691,per178691_1910_09323,5,1,1,caixa de conver,10211,triagem/nome-caixa-conversao 1.0.0,31,ok
178691,per178691_1910_09323,6,0,0,,,triagem/nome-caixa-conversao 1.0.0,31,ok
178691,per178691_1910_09323,7,0,0,,,triagem/nome-caixa-conversao 1.0.0,31,ok
178691,per178691_1910_09323,8,0,0,,,triagem/nome-caixa-conversao 1.0.0,31,ok
178691,per178691_1910_09323,9,0,0,,,triagem/nome-caixa-conversao 1.0.0,31,ok
178691,per178691_1910_09323,10,0,0,,,triagem/nome-caixa-conversao 1.0.0,31,ok
178691,per178691_1910_09323,11,0,0,,,triagem/nome-caixa-conversao 1.0.0,31,ok
178691,per178691_1910_09323,12,0,0,,,triagem/nome-caixa-conversao 1.0.0,31,ok
178691,per178691_1910_09323,13,0,0,,,triagem/nome-caixa-conversao 1.0.0,31,ok
178691,per178691_1910_09323,14,0,0,,,triagem/nome-caixa-conversao 1.0.0,31,ok
178691,per178691_1910_09323,15,0,0,,,triagem/nome-caixa-conversao 1.0.0,31,ok
178691,per178691_1910_09323,16,0,0,,,triagem/nome-caixa-conversao 1.0.0,31,ok
178691,per178691_1910_09324,1,0,0,,,triagem/nome-caixa-conversao 1.0.0,31,ok
178691,per178691_1910_09324,2,1,1,caixa de conver,16924,triagem/nome-caixa-conversao 1.0.0,31,ok
178691,per178691_1910_09324,3,0,0,,,triagem/nome-caixa-conversao 1.0.0,31,ok
178691,per178691_1910_09324,4,1,1,caixa de conver,31665,triagem/nome-caixa-conversao 1.0.0,31,ok
178691,per178691_1910_09324,5,0,0,,,triagem/nome-caixa-conversao 1.0.0,31,ok
178691,per178691_1910_09324,6,0,0,,,triagem/nome-caixa-conversao 1.0.0,31,ok
178691,per178691_1910_09324,7,0,0,,,triagem/nome-caixa-conversao 1.0.0,31,ok
178691,per178691_1910_09324,8,0,0,,,triagem/nome-caixa-conversao 1.0.0,31,ok
178691,per178691_1910_09324,9,0,0,,,triagem/nome-caixa-conversao 1.0.0,31,ok
178691,per178691_1910_09324,10,0,0,,,triagem/nome-caixa-conversao 1.0.0,31,ok
178691,per178691_1910_09324,11,0,0,,,triagem/nome-caixa-conversao 1.0.0,31,ok
178691,per178691_1910_09324,12,0,0,,,triagem/nome-caixa-conversao 1.0.0,31,ok
178691,per178691_1910_09325,1,0,0,,,triagem/nome-caixa-conversao 1.0.0,31,ok
178691,per178691_1910_09325,2,0,0,,,triagem/nome-caixa-conversao 1.0.0,31,ok
178691,per178691_1910_09325,3,1,2,caixa deconver,19322,triagem/nome-caixa-conversao 1.0.0,31,ok
178691,per178691_1910_09325,4,0,0,,,triagem/nome-caixa-conversao 1.0.0,31,ok
178691,per178691_1910_09325,5,0,0,,,triagem/nome-caixa-conversao 1.0.0,31,ok
178691,per178691_1910_09325,6,0,0,,,triagem/nome-caixa-conversao 1.0.0,31,ok
178691,per178691_1910_09325,7,0,0,,,triagem/nome-caixa-conversao 1.0.0,31,ok
178691,per178691_1910_09325,8,0,0,,,triagem/nome-caixa-conversao 1.0.0,31,ok
178691,per178691_1910_09325,9,0,0,,,triagem/nome-caixa-conversao 1.0.0,31,ok
178691,per178691_1910_09325,10,0,0,,,triagem/nome-caixa-conversao 1.0.0,31,ok
178691,per178691_1910_09325,11,0,0,,,triagem/nome-caixa-conversao 1.0.0,31,ok
178691,per178691_1910_09325,12,0,0,,,triagem/nome-caixa-conversao 1.0.0,31,ok
178691,per178691_1910_09325,13,0,0,,,triagem/nome-caixa-conversao 1.0.0,31,ok
178691,per178691_1910_09325,14,0,0,,,triagem/nome-caixa-conversao 1.0.0,31,ok
178691,per178691_1910_09325,15,0,0,,,triagem/nome-caixa-conversao 1.0.0,31,ok
178691,per178691_1910_09325,16,0,0,,,triagem/nome-caixa-conversao 1.0.0,31,ok
178691,per178691_1910_09326,1,0,0,,,triagem/nome-caixa-conversao 1.0.0,31,ok
178691,per178691_1910_09326,2,0,0,,,triagem/nome-caixa-conversao 1.0.0,31,ok
178691,per178691_1910_09326,3,0,0,,,triagem/nome-caixa-conversao 1.0.0,31,ok
178691,per178691_1910_09326,4,0,0,,,triagem/nome-caixa-conversao 1.0.0,31,ok
178691,per178691_1910_09326,5,0,0,,,triagem/nome-caixa-conversao 1.0.0,31,ok
178691,per178691_1910_09326,6,0,0,,,triagem/nome-caixa-conversao 1.0.0,31,ok
178691,per178691_1910_09326,7,0,0,,,triagem/nome-caixa-conversao 1.0.0,31,ok
178691,per178691_1910_09326,8,0,0,,,triagem/nome-caixa-conversao 1.0.0,31,ok
178691,per178691_1910_09326,9,0,0,,,triagem/nome-caixa-conversao 1.0.0,31,ok
178691,per178691_1910_09326,10,0,0,,,triagem/nome-caixa-conversao 1.0.0,31,ok
178691,per178691_1910_09326,11,0,0,,,triagem/nome-caixa-conversao 1.0.0,31,ok
178691,per178691_1910_09326,12,0,0,,,triagem/nome-caixa-conversao 1.0.0,31,ok
178691,per178691_1910_09327,1,0,0,,,triagem/nome-caixa-conversao 1.0.0,31,ok
178691,per178691_1910_09327,2,1,1,caixa de conver,15458,triagem/nome-caixa-conversao 1.0.0,31,ok
178691,per178691_1910_09327,3,0,0,,,triagem/nome-caixa-conversao 1.0.0,31,ok
178691,per178691_1910_09327,4,0,0,,,triagem/nome-caixa-conversao 1.0.0,31,ok
178691,per178691_1910_09327,5,0,0,,,triagem/nome-caixa-conversao 1.0.0,31,ok
178691,per178691_1910_09327,6,0,0,,,triagem/nome-caixa-conversao 1.0.0,31,ok
178691,per178691_1910_09327,7,0,0,,,triagem/nome-caixa-conversao 1.0.0,31,ok
178691,per178691_1910_09327,8,0,0,,,triagem/nome-caixa-conversao 1.0.0,31,ok
178691,per178691_1910_09327,9,0,0,,,triagem/nome-caixa-conversao 1.0.0,31,ok
178691,per178691_1910_09327,10,0,0,,,triagem/nome-caixa-conversao 1.0.0,31,ok
178691,per178691_1910_09327,11,0,0,,,triagem/nome-caixa-conversao 1.0.0,31,ok
178691,per178691_1910_09327,12,0,0,,,triagem/nome-caixa-conversao 1.0.0,31,ok
178691,per178691_1910_09328,1,0,0,,,triagem/nome-caixa-conversao 1.0.0,31,ok
178691,per178691_1910_09328,2,1,1,caixa de conver,38120,triagem/nome-caixa-conversao 1.0.0,31,ok
178691,per178691_1910_09328,3,0,0,,,triagem/nome-caixa-conversao 1.0.0,31,ok
178691,per178691_1910_09328,4,0,0,,,triagem/nome-caixa-conversao 1.0.0,31,ok
178691,per178691_1910_09328,5,0,0,,,triagem/nome-caixa-conversao 1.0.0,31,ok
178691,per178691_1910_09328,6,0,0,,,triagem/nome-caixa-conversao 1.0.0,31,ok
178691,per178691_1910_09328,7,0,0,,,triagem/nome-caixa-conversao 1.0.0,31,ok
178691,per178691_1910_09328,8,0,0,,,triagem/nome-caixa-conversao 1.0.0,31,ok
178691,per178691_1910_09328,9,0,0,,,triagem/nome-caixa-conversao 1.0.0,31,ok
178691,per178691_1910_09328,10,0,0,,,triagem/nome-caixa-conversao 1.0.0,31,ok
178691,per178691_1910_09328,11,0,0,,,triagem/nome-caixa-conversao 1.0.0,31,ok
178691,per178691_1910_09328,12,0,0,,,triagem/nome-caixa-conversao 1.0.0,31,ok
178691,per178691_1910_09328,13,0,0,,,triagem/nome-caixa-conversao 1.0.0,31,ok
178691,per178691_1910_09328,14,0,0,,,triagem/nome-caixa-conversao 1.0.0,31,ok
178691,per178691_1910_09328,15,0,0,,,triagem/nome-caixa-conversao 1.0.0,31,ok
178691,per178691_1910_09328,16,0,0,,,triagem/nome-caixa-conversao 1.0.0,31,ok
178691,per178691_1910_09329,1,0,0,,,triagem/nome-caixa-conversao 1.0.0,31,ok
178691,per178691_1910_09329,2,0,0,,,triagem/nome-caixa-conversao 1.0.0,31,ok
178691,per178691_1910_09329,3,0,0,,,triagem/nome-caixa-conversao 1.0.0,31,ok
178691,per178691_1910_09329,4,0,0,,,triagem/nome-caixa-conversao 1.0.0,31,ok
178691,per178691_1910_09329,5,0,0,,,triagem/nome-caixa-conversao 1.0.0,31,ok
178691,per178691_1910_09329,6,0,0,,,triagem/nome-caixa-conversao 1.0.0,31,ok
178691,per178691_1910_09329,7,0,0,,,triagem/nome-caixa-conversao 1.0.0,31,ok
178691,per178691_1910_09329,8,0,0,,,triagem/nome-caixa-conversao 1.0.0,31,ok
178691,per178691_1910_09329,9,0,0,,,triagem/nome-caixa-conversao 1.0.0,31,ok
178691,per178691_1910_09329,10,0,0,,,triagem/nome-caixa-conversao 1.0.0,31,ok
178691,per178691_1910_09329,11,0,0,,,triagem/nome-caixa-conversao 1.0.0,31,ok
178691,per178691_1910_09329,12,0,0,,,triagem/nome-caixa-conversao 1.0.0,31,ok
178691,per178691_1910_09329,13,0,0,,,triagem/nome-caixa-conversao 1.0.0,31,ok
178691,per178691_1910_09329,14,0,0,,,triagem/nome-caixa-conversao 1.0.0,31,ok
178691,per178691_1910_09329,15,0,0,,,triagem/nome-caixa-conversao 1.0.0,31,ok
178691,per178691_1910_09329,16,0,0,,,triagem/nome-caixa-conversao 1.0.0,31,ok
178691,per178691_1910_09330,1,0,0,,,triagem/nome-caixa-conversao 1.0.0,31,ok
178691,per178691_1910_09330,2,0,0,,,triagem/nome-caixa-conversao 1.0.0,31,ok
178691,per178691_1910_09330,3,0,0,,,triagem/nome-caixa-conversao 1.0.0,31,ok
178691,per178691_1910_09330,4,0,0,,,triagem/nome-caixa-conversao 1.0.0,31,ok
178691,per178691_1910_09330,5,0,0,,,triagem/nome-caixa-conversao 1.0.0,31,ok
178691,per178691_1910_09330,6,0,0,,,triagem/nome-caixa-conversao 1.0.0,31,ok
178691,per178691_1910_09330,7,0,0,,,triagem/nome-caixa-conversao 1.0.0,31,ok
178691,per178691_1910_09330,8,0,0,,,triagem/nome-caixa-conversao 1.0.0,31,ok
178691,per178691_1910_09330,9,0,0,,,triagem/nome-caixa-conversao 1.0.0,31,ok
178691,per178691_1910_09330,10,0,0,,,triagem/nome-caixa-conversao 1.0.0,31,ok
178691,per178691_1910_09331,1,0,0,,,triagem/nome-caixa-conversao 1.0.0,31,ok
178691,per178691_1910_09331,2,0,0,,,triagem/nome-caixa-conversao 1.0.0,31,ok
178691,per178691_1910_09331,3,1,1,caixa dc conver,15493,triagem/nome-caixa-conversao 1.0.0,31,ok
178691,per178691_1910_09331,4,0,0,,,triagem/nome-caixa-conversao 1.0.0,31,ok
178691,per178691_1910_09331,5,0,0,,,triagem/nome-caixa-conversao 1.0.0,31,ok
178691,per178691_1910_09331,6,0,0,,,triagem/nome-caixa-conversao 1.0.0,31,ok
178691,per178691_1910_09331,7,0,0,,,triagem/nome-caixa-conversao 1.0.0,31,ok
178691,per178691_1910_09331,8,0,0,,,triagem/nome-caixa-conversao 1.0.0,31,ok
178691,per178691_1910_09331,9,0,0,,,triagem/nome-caixa-conversao 1.0.0,31,ok
178691,per178691_1910_09331,10,0,0,,,triagem/nome-caixa-conversao 1.0.0,31,ok
178691,per178691_1910_09331,11,0,0,,,triagem/nome-caixa-conversao 1.0.0,31,ok
178691,per178691_1910_09331,12,0,0,,,triagem/nome-caixa-conversao 1.0.0,31,ok
178691,per178691_1910_09332,1,1,2,caixa de conver,24498,triagem/nome-caixa-conversao 1.0.0,31,ok
178691,per178691_1910_09332,2,1,1,caixa de conver,20671,triagem/nome-caixa-conversao 1.0.0,31,ok
178691,per178691_1910_09332,3,1,1,caixa de conver,42503,triagem/nome-caixa-conversao 1.0.0,31,ok
178691,per178691_1910_09332,4,0,0,,,triagem/nome-caixa-conversao 1.0.0,31,ok
178691,per178691_1910_09332,5,0,0,,,triagem/nome-caixa-conversao 1.0.0,31,ok
178691,per178691_1910_09332,6,1,1,caixa de conver,23145,triagem/nome-caixa-conversao 1.0.0,31,ok
178691,per178691_1910_09332,7,0,0,,,triagem/nome-caixa-conversao 1.0.0,31,ok
178691,per178691_1910_09332,8,0,0,,,triagem/nome-caixa-conversao 1.0.0,31,ok
178691,per178691_1910_09332,9,0,0,,,triagem/nome-caixa-conversao 1.0.0,31,ok
178691,per178691_1910_09332,10,0,0,,,triagem/nome-caixa-conversao 1.0.0,31,ok
178691,per178691_1910_09332,11,0,0,,,triagem/nome-caixa-conversao 1.0.0,31,ok
178691,per178691_1910_09332,12,0,0,,,triagem/nome-caixa-conversao 1.0.0,31,ok
178691,per178691_1910_09332,13,0,0,,,triagem/nome-caixa-conversao 1.0.0,31,ok
178691,per178691_1910_09332,14,0,0,,,triagem/nome-caixa-conversao 1.0.0,31,ok
178691,per178691_1910_09332,15,0,0,,,triagem/nome-caixa-conversao 1.0.0,31,ok
178691,per178691_1910_09332,16,0,0,,,triagem/nome-caixa-conversao 1.0.0,31,ok
178691,per178691_1910_09333,1,1,4,caixa de conver,7364,triagem/nome-caixa-conversao 1.0.0,31,ok
178691,per178691_1910_09333,2,0,0,,,triagem/nome-caixa-conversao 1.0.0,31,ok
178691,per178691_1910_09333,3,0,0,,,triagem/nome-caixa-conversao 1.0.0,31,ok
178691,per178691_1910_09333,4,1,1,caixa deconver,35553,triagem/nome-caixa-conversao 1.0.0,31,ok
178691,per178691_1910_09333,5,0,0,,,triagem/nome-caixa-conversao 1.0.0,31,ok
178691,per178691_1910_09333,6,0,0,,,triagem/nome-caixa-conversao 1.0.0,31,ok
178691,per178691_1910_09333,7,0,0,,,triagem/nome-caixa-conversao 1.0.0,31,ok
178691,per178691_1910_09333,8,0,0,,,triagem/nome-caixa-conversao 1.0.0,31,ok
178691,per178691_1910_09333,9,0,0,,,triagem/nome-caixa-conversao 1.0.0,31,ok
178691,per178691_1910_09333,10,0,0,,,triagem/nome-caixa-conversao 1.0.0,31,ok
178691,per178691_1910_09333,11,0,0,,,triagem/nome-caixa-conversao 1.0.0,31,ok
178691,per178691_1910_09333,12,0,0,,,triagem/nome-caixa-conversao 1.0.0,31,ok
178691,per178691_1910_09334,1,0,0,,,triagem/nome-caixa-conversao 1.0.0,31,ok
178691,per178691_1910_09334,2,0,0,,,triagem/nome-caixa-conversao 1.0.0,31,ok
178691,per178691_1910_09334,3,0,0,,,triagem/nome-caixa-conversao 1.0.0,31,ok
178691,per178691_1910_09334,4,0,0,,,triagem/nome-caixa-conversao 1.0.0,31,ok
178691,per178691_1910_09334,5,0,0,,,triagem/nome-caixa-conversao 1.0.0,31,ok
178691,per178691_1910_09334,6,1,4,caixa de conver,11982,triagem/nome-caixa-conversao 1.0.0,31,ok
178691,per178691_1910_09334,7,1,1,caixa de conver,16920,triagem/nome-caixa-conversao 1.0.0,31,ok
178691,per178691_1910_09334,8,0,0,,,triagem/nome-caixa-conversao 1.0.0,31,ok
178691,per178691_1910_09334,9,0,0,,,triagem/nome-caixa-conversao 1.0.0,31,ok
178691,per178691_1910_09334,10,0,0,,,triagem/nome-caixa-conversao 1.0.0,31,ok
178691,per178691_1910_09334,11,0,0,,,triagem/nome-caixa-conversao 1.0.0,31,ok
178691,per178691_1910_09334,12,0,0,,,triagem/nome-caixa-conversao 1.0.0,31,ok
178691,per178691_1910_09334,13,0,0,,,triagem/nome-caixa-conversao 1.0.0,31,ok
178691,per178691_1910_09334,14,0,0,,,triagem/nome-caixa-conversao 1.0.0,31,ok
178691,per178691_1910_09334,15,0,0,,,triagem/nome-caixa-conversao 1.0.0,31,ok
178691,per178691_1910_09334,16,0,0,,,triagem/nome-caixa-conversao 1.0.0,31,ok
178691,per178691_1910_09335,1,1,3,caixa de conver,12988,triagem/nome-caixa-conversao 1.0.0,31,ok
178691,per178691_1910_09335,2,0,0,,,triagem/nome-caixa-conversao 1.0.0,31,ok
178691,per178691_1910_09335,3,0,0,,,triagem/nome-caixa-conversao 1.0.0,31,ok
178691,per178691_1910_09335,4,0,0,,,triagem/nome-caixa-conversao 1.0.0,31,ok
178691,per178691_1910_09335,5,0,0,,,triagem/nome-caixa-conversao 1.0.0,31,ok
178691,per178691_1910_09335,6,0,0,,,triagem/nome-caixa-conversao 1.0.0,31,ok
178691,per178691_1910_09335,7,0,0,,,triagem/nome-caixa-conversao 1.0.0,31,ok
178691,per178691_1910_09335,8,0,0,,,triagem/nome-caixa-conversao 1.0.0,31,ok
178691,per178691_1910_09335,9,0,0,,,triagem/nome-caixa-conversao 1.0.0,31,ok
178691,per178691_1910_09335,10,0,0,,,triagem/nome-caixa-conversao 1.0.0,31,ok
178691,per178691_1910_09335,11,0,0,,,triagem/nome-caixa-conversao 1.0.0,31,ok
178691,per178691_1910_09335,12,0,0,,,triagem/nome-caixa-conversao 1.0.0,31,ok
178691,per178691_1910_09336,1,0,0,,,triagem/nome-caixa-conversao 1.0.0,31,ok
178691,per178691_1910_09336,2,0,0,,,triagem/nome-caixa-conversao 1.0.0,31,ok
178691,per178691_1910_09336,3,1,5,caixa de conver,17220,triagem/nome-caixa-conversao 1.0.0,31,ok
178691,per178691_1910_09336,4,0,0,,,triagem/nome-caixa-conversao 1.0.0,31,ok
178691,per178691_1910_09336,5,0,0,,,triagem/nome-caixa-conversao 1.0.0,31,ok
178691,per178691_1910_09336,6,1,2,caixa deconver,15459,triagem/nome-caixa-conversao 1.0.0,31,ok
178691,per178691_1910_09336,7,0,0,,,triagem/nome-caixa-conversao 1.0.0,31,ok
178691,per178691_1910_09336,8,0,0,,,triagem/nome-caixa-conversao 1.0.0,31,ok
178691,per178691_1910_09336,9,0,0,,,triagem/nome-caixa-conversao 1.0.0,31,ok
178691,per178691_1910_09336,10,0,0,,,triagem/nome-caixa-conversao 1.0.0,31,ok
178691,per178691_1910_09336,11,0,0,,,triagem/nome-caixa-conversao 1.0.0,31,ok
178691,per178691_1910_09336,12,0,0,,,triagem/nome-caixa-conversao 1.0.0,31,ok
178691,per178691_1910_09336,13,0,0,,,triagem/nome-caixa-conversao 1.0.0,31,ok
178691,per178691_1910_09336,14,0,0,,,triagem/nome-caixa-conversao 1.0.0,31,ok
178691,per178691_1910_09336,15,0,0,,,triagem/nome-caixa-conversao 1.0.0,31,ok
178691,per178691_1910_09336,16,0,0,,,triagem/nome-caixa-conversao 1.0.0,31,ok
178691,per178691_1910_09337,1,1,3,caixa de conver,11731,triagem/nome-caixa-conversao 1.0.0,31,ok
178691,per178691_1910_09337,2,1,1,caixa de conver,40422,triagem/nome-caixa-conversao 1.0.0,31,ok
178691,per178691_1910_09337,3,1,2,caixa dc conver,34760,triagem/nome-caixa-conversao 1.0.0,31,ok
178691,per178691_1910_09337,4,0,0,,,triagem/nome-caixa-conversao 1.0.0,31,ok
178691,per178691_1910_09337,5,1,10,caixade conver,7519,triagem/nome-caixa-conversao 1.0.0,31,ok
178691,per178691_1910_09337,6,0,0,,,triagem/nome-caixa-conversao 1.0.0,31,ok
178691,per178691_1910_09337,7,0,0,,,triagem/nome-caixa-conversao 1.0.0,31,ok
178691,per178691_1910_09337,8,0,0,,,triagem/nome-caixa-conversao 1.0.0,31,ok
178691,per178691_1910_09337,9,0,0,,,triagem/nome-caixa-conversao 1.0.0,31,ok
178691,per178691_1910_09337,10,0,0,,,triagem/nome-caixa-conversao 1.0.0,31,ok
178691,per178691_1910_09337,11,0,0,,,triagem/nome-caixa-conversao 1.0.0,31,ok
178691,per178691_1910_09337,12,0,0,,,triagem/nome-caixa-conversao 1.0.0,31,ok
178691,per178691_1910_09337,13,0,0,,,triagem/nome-caixa-conversao 1.0.0,31,ok
178691,per178691_1910_09337,14,0,0,,,triagem/nome-caixa-conversao 1.0.0,31,ok
178691,per178691_1910_09337,15,0,0,,,triagem/nome-caixa-conversao 1.0.0,31,ok
178691,per178691_1910_09337,16,0,0,,,triagem/nome-caixa-conversao 1.0.0,31,ok
178691,per178691_1910_09338,1,1,3,caixa dcconver,7222,triagem/nome-caixa-conversao 1.0.0,31,ok
178691,per178691_1910_09338,2,1,9,caixado conver,3747,triagem/nome-caixa-conversao 1.0.0,31,ok
178691,per178691_1910_09338,3,0,0,,,triagem/nome-caixa-conversao 1.0.0,31,ok
178691,per178691_1910_09338,4,0,0,,,triagem/nome-caixa-conversao 1.0.0,31,ok
178691,per178691_1910_09338,5,0,0,,,triagem/nome-caixa-conversao 1.0.0,31,ok
178691,per178691_1910_09338,6,0,0,,,triagem/nome-caixa-conversao 1.0.0,31,ok
178691,per178691_1910_09338,7,0,0,,,triagem/nome-caixa-conversao 1.0.0,31,ok
178691,per178691_1910_09338,8,0,0,,,triagem/nome-caixa-conversao 1.0.0,31,ok
178691,per178691_1910_09338,9,0,0,,,triagem/nome-caixa-conversao 1.0.0,31,ok
178691,per178691_1910_09338,10,0,0,,,triagem/nome-caixa-conversao 1.0.0,31,ok
178691,per178691_1910_09338,11,0,0,,,triagem/nome-caixa-conversao 1.0.0,31,ok
178691,per178691_1910_09338,12,0,0,,,triagem/nome-caixa-conversao 1.0.0,31,ok
178691,per178691_1910_09339,1,1,1,caixa de conver,16598,triagem/nome-caixa-conversao 1.0.0,31,ok
178691,per178691_1910_09339,2,1,2,caixa de conver,19346,triagem/nome-caixa-conversao 1.0.0,31,ok
178691,per178691_1910_09339,3,0,0,,,triagem/nome-caixa-conversao 1.0.0,31,ok
178691,per178691_1910_09339,4,0,0,,,triagem/nome-caixa-conversao 1.0.0,31,ok
178691,per178691_1910_09339,5,0,0,,,triagem/nome-caixa-conversao 1.0.0,31,ok
178691,per178691_1910_09339,6,0,0,,,triagem/nome-caixa-conversao 1.0.0,31,ok
178691,per178691_1910_09339,7,0,0,,,triagem/nome-caixa-conversao 1.0.0,31,ok
178691,per178691_1910_09339,8,0,0,,,triagem/nome-caixa-conversao 1.0.0,31,ok
178691,per178691_1910_09339,9,0,0,,,triagem/nome-caixa-conversao 1.0.0,31,ok
178691,per178691_1910_09339,10,0,0,,,triagem/nome-caixa-conversao 1.0.0,31,ok
178691,per178691_1910_09339,11,0,0,,,triagem/nome-caixa-conversao 1.0.0,31,ok
178691,per178691_1910_09339,12,0,0,,,triagem/nome-caixa-conversao 1.0.0,31,ok
178691,per178691_1910_09339,13,0,0,,,triagem/nome-caixa-conversao 1.0.0,31,ok
178691,per178691_1910_09339,14,0,0,,,triagem/nome-caixa-conversao 1.0.0,31,ok
178691,per178691_1910_09339,15,0,0,,,triagem/nome-caixa-conversao 1.0.0,31,ok
178691,per178691_1910_09339,16,0,0,,,triagem/nome-caixa-conversao 1.0.0,31,ok
178691,per178691_1910_09340,1,1,4,caixade conver,16123,triagem/nome-caixa-conversao 1.0.0,31,ok
178691,per178691_1910_09340,2,0,0,,,triagem/nome-caixa-conversao 1.0.0,31,ok
178691,per178691_1910_09340,3,0,0,,,triagem/nome-caixa-conversao 1.0.0,31,ok
178691,per178691_1910_09340,4,0,0,,,triagem/nome-caixa-conversao 1.0.0,31,ok
178691,per178691_1910_09340,5,0,0,,,triagem/nome-caixa-conversao 1.0.0,31,ok
178691,per178691_1910_09340,6,0,0,,,triagem/nome-caixa-conversao 1.0.0,31,ok
178691,per178691_1910_09340,7,0,0,,,triagem/nome-caixa-conversao 1.0.0,31,ok
178691,per178691_1910_09340,8,0,0,,,triagem/nome-caixa-conversao 1.0.0,31,ok
178691,per178691_1910_09340,9,0,0,,,triagem/nome-caixa-conversao 1.0.0,31,ok
178691,per178691_1910_09340,10,0,0,,,triagem/nome-caixa-conversao 1.0.0,31,ok
178691,per178691_1910_09340,11,0,0,,,triagem/nome-caixa-conversao 1.0.0,31,ok
178691,per178691_1910_09340,12,0,0,,,triagem/nome-caixa-conversao 1.0.0,31,ok
178691,per178691_1910_09341,1,1,2,caixa de conver,8278,triagem/nome-caixa-conversao 1.0.0,31,ok
178691,per178691_1910_09341,2,1,2,caixa deconver,7658,triagem/nome-caixa-conversao 1.0.0,31,ok
178691,per178691_1910_09341,3,0,0,,,triagem/nome-caixa-conversao 1.0.0,31,ok
178691,per178691_1910_09341,4,1,1,caixa de conver,30243,triagem/nome-caixa-conversao 1.0.0,31,ok
178691,per178691_1910_09341,5,0,0,,,triagem/nome-caixa-conversao 1.0.0,31,ok
178691,per178691_1910_09341,6,0,0,,,triagem/nome-caixa-conversao 1.0.0,31,ok
178691,per178691_1910_09341,7,0,0,,,triagem/nome-caixa-conversao 1.0.0,31,ok
178691,per178691_1910_09341,8,0,0,,,triagem/nome-caixa-conversao 1.0.0,31,ok
178691,per178691_1910_09341,9,0,0,,,triagem/nome-caixa-conversao 1.0.0,31,ok
178691,per178691_1910_09341,10,0,0,,,triagem/nome-caixa-conversao 1.0.0,31,ok
178691,per178691_1910_09341,11,0,0,,,triagem/nome-caixa-conversao 1.0.0,31,ok
178691,per178691_1910_09341,12,0,0,,,triagem/nome-caixa-conversao 1.0.0,31,ok
178691,per178691_1910_09342,1,0,0,,,triagem/nome-caixa-conversao 1.0.0,31,ok
178691,per178691_1910_09342,2,0,0,,,triagem/nome-caixa-conversao 1.0.0,31,ok
178691,per178691_1910_09342,3,0,0,,,triagem/nome-caixa-conversao 1.0.0,31,ok
178691,per178691_1910_09342,4,0,0,,,triagem/nome-caixa-conversao 1.0.0,31,ok
178691,per178691_1910_09342,5,0,0,,,triagem/nome-caixa-conversao 1.0.0,31,ok
178691,per178691_1910_09342,6,0,0,,,triagem/nome-caixa-conversao 1.0.0,31,ok
178691,per178691_1910_09342,7,0,0,,,triagem/nome-caixa-conversao 1.0.0,31,ok
178691,per178691_1910_09342,8,0,0,,,triagem/nome-caixa-conversao 1.0.0,31,ok
178691,per178691_1910_09342,9,0,0,,,triagem/nome-caixa-conversao 1.0.0,31,ok
178691,per178691_1910_09342,10,0,0,,,triagem/nome-caixa-conversao 1.0.0,31,ok
178691,per178691_1910_09342,11,0,0,,,triagem/nome-caixa-conversao 1.0.0,31,ok
178691,per178691_1910_09342,12,0,0,,,triagem/nome-caixa-conversao 1.0.0,31,ok
178691,per178691_1910_09343,1,0,0,,,triagem/nome-caixa-conversao 1.0.0,31,ok
178691,per178691_1910_09343,2,1,1,caixa do conver,2046,triagem/nome-caixa-conversao 1.0.0,31,ok
178691,per178691_1910_09343,3,0,0,,,triagem/nome-caixa-conversao 1.0.0,31,ok
178691,per178691_1910_09343,4,0,0,,,triagem/nome-caixa-conversao 1.0.0,31,ok
178691,per178691_1910_09343,5,0,0,,,triagem/nome-caixa-conversao 1.0.0,31,ok
178691,per178691_1910_09343,6,0,0,,,triagem/nome-caixa-conversao 1.0.0,31,ok
178691,per178691_1910_09343,7,0,0,,,triagem/nome-caixa-conversao 1.0.0,31,ok
178691,per178691_1910_09343,8,0,0,,,triagem/nome-caixa-conversao 1.0.0,31,ok
178691,per178691_1910_09343,9,0,0,,,triagem/nome-caixa-conversao 1.0.0,31,ok
178691,per178691_1910_09343,10,0,0,,,triagem/nome-caixa-conversao 1.0.0,31,ok
178691,per178691_1910_09343,11,0,0,,,triagem/nome-caixa-conversao 1.0.0,31,ok
178691,per178691_1910_09343,12,0,0,,,triagem/nome-caixa-conversao 1.0.0,31,ok
178691,per178691_1910_09344,1,0,0,,,triagem/nome-caixa-conversao 1.0.0,31,ok
178691,per178691_1910_09344,2,0,0,,,triagem/nome-caixa-conversao 1.0.0,31,ok
178691,per178691_1910_09344,3,1,1,caixa dc conver,13853,triagem/nome-caixa-conversao 1.0.0,31,ok
178691,per178691_1910_09344,4,0,0,,,triagem/nome-caixa-conversao 1.0.0,31,ok
178691,per178691_1910_09344,5,0,0,,,triagem/nome-caixa-conversao 1.0.0,31,ok
178691,per178691_1910_09344,6,0,0,,,triagem/nome-caixa-conversao 1.0.0,31,ok
178691,per178691_1910_09344,7,0,0,,,triagem/nome-caixa-conversao 1.0.0,31,ok
178691,per178691_1910_09344,8,0,0,,,triagem/nome-caixa-conversao 1.0.0,31,ok
178691,per178691_1910_09344,9,0,0,,,triagem/nome-caixa-conversao 1.0.0,31,ok
178691,per178691_1910_09344,10,0,0,,,triagem/nome-caixa-conversao 1.0.0,31,ok
178691,per178691_1910_09344,11,0,0,,,triagem/nome-caixa-conversao 1.0.0,31,ok
178691,per178691_1910_09344,12,0,0,,,triagem/nome-caixa-conversao 1.0.0,31,ok
178691,per178691_1910_09345,1,0,0,,,triagem/nome-caixa-conversao 1.0.0,31,ok
178691,per178691_1910_09345,2,1,1,caixade conver,22320,triagem/nome-caixa-conversao 1.0.0,31,ok
178691,per178691_1910_09345,3,0,0,,,triagem/nome-caixa-conversao 1.0.0,31,ok
178691,per178691_1910_09345,4,0,0,,,triagem/nome-caixa-conversao 1.0.0,31,ok
178691,per178691_1910_09345,5,0,0,,,triagem/nome-caixa-conversao 1.0.0,31,ok
178691,per178691_1910_09345,6,0,0,,,triagem/nome-caixa-conversao 1.0.0,31,ok
178691,per178691_1910_09345,7,0,0,,,triagem/nome-caixa-conversao 1.0.0,31,ok
178691,per178691_1910_09345,8,0,0,,,triagem/nome-caixa-conversao 1.0.0,31,ok
178691,per178691_1910_09345,9,0,0,,,triagem/nome-caixa-conversao 1.0.0,31,ok
178691,per178691_1910_09345,10,0,0,,,triagem/nome-caixa-conversao 1.0.0,31,ok
178691,per178691_1910_09345,11,0,0,,,triagem/nome-caixa-conversao 1.0.0,31,ok
178691,per178691_1910_09345,12,0,0,,,triagem/nome-caixa-conversao 1.0.0,31,ok
178691,per178691_1910_09346,1,0,0,,,triagem/nome-caixa-conversao 1.0.0,31,ok
178691,per178691_1910_09346,2,1,1,caixa de conver,30373,triagem/nome-caixa-conversao 1.0.0,31,ok
178691,per178691_1910_09346,3,1,1,caixa de conver,3157,triagem/nome-caixa-conversao 1.0.0,31,ok
178691,per178691_1910_09346,4,0,0,,,triagem/nome-caixa-conversao 1.0.0,31,ok
178691,per178691_1910_09346,5,0,0,,,triagem/nome-caixa-conversao 1.0.0,31,ok
178691,per178691_1910_09346,6,0,0,,,triagem/nome-caixa-conversao 1.0.0,31,ok
178691,per178691_1910_09346,7,0,0,,,triagem/nome-caixa-conversao 1.0.0,31,ok
178691,per178691_1910_09346,8,0,0,,,triagem/nome-caixa-conversao 1.0.0,31,ok
178691,per178691_1910_09346,9,0,0,,,triagem/nome-caixa-conversao 1.0.0,31,ok
178691,per178691_1910_09346,10,0,0,,,triagem/nome-caixa-conversao 1.0.0,31,ok
178691,per178691_1910_09346,11,0,0,,,triagem/nome-caixa-conversao 1.0.0,31,ok
178691,per178691_1910_09346,12,0,0,,,triagem/nome-caixa-conversao 1.0.0,31,ok
178691,per178691_1910_09346,13,0,0,,,triagem/nome-caixa-conversao 1.0.0,31,ok
178691,per178691_1910_09346,14,0,0,,,triagem/nome-caixa-conversao 1.0.0,31,ok
178691,per178691_1910_09346,15,0,0,,,triagem/nome-caixa-conversao 1.0.0,31,ok
178691,per178691_1910_09346,16,0,0,,,triagem/nome-caixa-conversao 1.0.0,31,ok
178691,per178691_1910_09347,1,1,4,caixa de conver,9732,triagem/nome-caixa-conversao 1.0.0,31,ok
178691,per178691_1910_09347,2,0,0,,,triagem/nome-caixa-conversao 1.0.0,31,ok
178691,per178691_1910_09347,3,0,0,,,triagem/nome-caixa-conversao 1.0.0,31,ok
178691,per178691_1910_09347,4,0,0,,,triagem/nome-caixa-conversao 1.0.0,31,ok
178691,per178691_1910_09347,5,0,0,,,triagem/nome-caixa-conversao 1.0.0,31,ok
178691,per178691_1910_09347,6,0,0,,,triagem/nome-caixa-conversao 1.0.0,31,ok
178691,per178691_1910_09347,7,0,0,,,triagem/nome-caixa-conversao 1.0.0,31,ok
178691,per178691_1910_09347,8,0,0,,,triagem/nome-caixa-conversao 1.0.0,31,ok
178691,per178691_1910_09347,9,0,0,,,triagem/nome-caixa-conversao 1.0.0,31,ok
178691,per178691_1910_09347,10,0,0,,,triagem/nome-caixa-conversao 1.0.0,31,ok
178691,per178691_1910_09347,11,0,0,,,triagem/nome-caixa-conversao 1.0.0,31,ok
178691,per178691_1910_09347,12,0,0,,,triagem/nome-caixa-conversao 1.0.0,31,ok
178691,per178691_1910_09348,1,0,0,,,triagem/nome-caixa-conversao 1.0.0,31,ok
178691,per178691_1910_09348,2,0,0,,,triagem/nome-caixa-conversao 1.0.0,31,ok
178691,per178691_1910_09348,3,0,0,,,triagem/nome-caixa-conversao 1.0.0,31,ok
178691,per178691_1910_09348,4,0,0,,,triagem/nome-caixa-conversao 1.0.0,31,ok
178691,per178691_1910_09348,5,0,0,,,triagem/nome-caixa-conversao 1.0.0,31,ok
178691,per178691_1910_09348,6,0,0,,,triagem/nome-caixa-conversao 1.0.0,31,ok
178691,per178691_1910_09348,7,0,0,,,triagem/nome-caixa-conversao 1.0.0,31,ok
178691,per178691_1910_09348,8,0,0,,,triagem/nome-caixa-conversao 1.0.0,31,ok
178691,per178691_1910_09348,9,0,0,,,triagem/nome-caixa-conversao 1.0.0,31,ok
178691,per178691_1910_09348,10,0,0,,,triagem/nome-caixa-conversao 1.0.0,31,ok
178691,per178691_1910_09348,11,0,0,,,triagem/nome-caixa-conversao 1.0.0,31,ok
178691,per178691_1910_09348,12,0,0,,,triagem/nome-caixa-conversao 1.0.0,31,ok
178691,per178691_1910_09349,1,1,2,caixa de conver,20353,triagem/nome-caixa-conversao 1.0.0,31,ok
178691,per178691_1910_09349,2,0,0,,,triagem/nome-caixa-conversao 1.0.0,31,ok
178691,per178691_1910_09349,3,0,0,,,triagem/nome-caixa-conversao 1.0.0,31,ok
178691,per178691_1910_09349,4,0,0,,,triagem/nome-caixa-conversao 1.0.0,31,ok
178691,per178691_1910_09349,5,0,0,,,triagem/nome-caixa-conversao 1.0.0,31,ok
178691,per178691_1910_09349,6,0,0,,,triagem/nome-caixa-conversao 1.0.0,31,ok
178691,per178691_1910_09349,7,0,0,,,triagem/nome-caixa-conversao 1.0.0,31,ok
178691,per178691_1910_09349,8,0,0,,,triagem/nome-caixa-conversao 1.0.0,31,ok
178691,per178691_1910_09349,9,0,0,,,triagem/nome-caixa-conversao 1.0.0,31,ok
178691,per178691_1910_09349,10,0,0,,,triagem/nome-caixa-conversao 1.0.0,31,ok
178691,per178691_1910_09349,11,0,0,,,triagem/nome-caixa-conversao 1.0.0,31,ok
178691,per178691_1910_09349,12,0,0,,,triagem/nome-caixa-conversao 1.0.0,31,ok
178691,per178691_1910_09350,1,1,1,caixa dc conver,24243,triagem/nome-caixa-conversao 1.0.0,31,ok
178691,per178691_1910_09350,2,1,2,caixa de conver,27940,triagem/nome-caixa-conversao 1.0.0,31,ok
178691,per178691_1910_09350,3,0,0,,,triagem/nome-caixa-conversao 1.0.0,31,ok
178691,per178691_1910_09350,4,0,0,,,triagem/nome-caixa-conversao 1.0.0,31,ok
178691,per178691_1910_09350,5,0,0,,,triagem/nome-caixa-conversao 1.0.0,31,ok
178691,per178691_1910_09350,6,0,0,,,triagem/nome-caixa-conversao 1.0.0,31,ok
178691,per178691_1910_09350,7,0,0,,,triagem/nome-caixa-conversao 1.0.0,31,ok
178691,per178691_1910_09350,8,0,0,,,triagem/nome-caixa-conversao 1.0.0,31,ok
178691,per178691_1910_09350,9,0,0,,,triagem/nome-caixa-conversao 1.0.0,31,ok
178691,per178691_1910_09350,10,0,0,,,triagem/nome-caixa-conversao 1.0.0,31,ok
178691,per178691_1910_09350,11,0,0,,,triagem/nome-caixa-conversao 1.0.0,31,ok
178691,per178691_1910_09350,12,0,0,,,triagem/nome-caixa-conversao 1.0.0,31,ok
178691,per178691_1910_09350,13,0,0,,,triagem/nome-caixa-conversao 1.0.0,31,ok
178691,per178691_1910_09350,14,0,0,,,triagem/nome-caixa-conversao 1.0.0,31,ok
178691,per178691_1910_09350,15,0,0,,,triagem/nome-caixa-conversao 1.0.0,31,ok
178691,per178691_1910_09350,16,0,0,,,triagem/nome-caixa-conversao 1.0.0,31,ok
178691,per178691_1910_09351,1,1,2,caixa de conver,2631,triagem/nome-caixa-conversao 1.0.0,31,ok
178691,per178691_1910_09351,2,1,4,caixa dcconver,5834,triagem/nome-caixa-conversao 1.0.0,31,ok
178691,per178691_1910_09351,3,1,1,caixa de conver,20852,triagem/nome-caixa-conversao 1.0.0,31,ok
178691,per178691_1910_09351,4,0,0,,,triagem/nome-caixa-conversao 1.0.0,31,ok
178691,per178691_1910_09351,5,0,0,,,triagem/nome-caixa-conversao 1.0.0,31,ok
178691,per178691_1910_09351,6,0,0,,,triagem/nome-caixa-conversao 1.0.0,31,ok
178691,per178691_1910_09351,7,0,0,,,triagem/nome-caixa-conversao 1.0.0,31,ok
178691,per178691_1910_09351,8,0,0,,,triagem/nome-caixa-conversao 1.0.0,31,ok
178691,per178691_1910_09351,9,0,0,,,triagem/nome-caixa-conversao 1.0.0,31,ok
178691,per178691_1910_09351,10,0,0,,,triagem/nome-caixa-conversao 1.0.0,31,ok
178691,per178691_1910_09351,11,1,1,caixa de conver,14593,triagem/nome-caixa-conversao 1.0.0,31,ok
178691,per178691_1910_09351,12,0,0,,,triagem/nome-caixa-conversao 1.0.0,31,ok
178691,per178691_1910_09351,13,0,0,,,triagem/nome-caixa-conversao 1.0.0,31,ok
178691,per178691_1910_09351,14,0,0,,,triagem/nome-caixa-conversao 1.0.0,31,ok
178691,per178691_1910_09351,15,0,0,,,triagem/nome-caixa-conversao 1.0.0,31,ok
178691,per178691_1910_09351,16,0,0,,,triagem/nome-caixa-conversao 1.0.0,31,ok
178691,per178691_1910_09352,1,1,7,caixa de conver,4434,triagem/nome-caixa-conversao 1.0.0,31,ok
178691,per178691_1910_09352,2,0,0,,,triagem/nome-caixa-conversao 1.0.0,31,ok
178691,per178691_1910_09352,3,0,0,,,triagem/nome-caixa-conversao 1.0.0,31,ok
178691,per178691_1910_09352,4,0,0,,,triagem/nome-caixa-conversao 1.0.0,31,ok
178691,per178691_1910_09352,5,0,0,,,triagem/nome-caixa-conversao 1.0.0,31,ok
178691,per178691_1910_09352,6,0,0,,,triagem/nome-caixa-conversao 1.0.0,31,ok
178691,per178691_1910_09352,7,0,0,,,triagem/nome-caixa-conversao 1.0.0,31,ok
178691,per178691_1910_09352,8,0,0,,,triagem/nome-caixa-conversao 1.0.0,31,ok
178691,per178691_1910_09352,9,0,0,,,triagem/nome-caixa-conversao 1.0.0,31,ok
178691,per178691_1910_09352,10,0,0,,,triagem/nome-caixa-conversao 1.0.0,31,ok
178691,per178691_1910_09353,1,1,2,caixa dc conver,12273,triagem/nome-caixa-conversao 1.0.0,31,ok
178691,per178691_1910_09353,2,0,0,,,triagem/nome-caixa-conversao 1.0.0,31,ok
178691,per178691_1910_09353,3,0,0,,,triagem/nome-caixa-conversao 1.0.0,31,ok
178691,per178691_1910_09353,4,0,0,,,triagem/nome-caixa-conversao 1.0.0,31,ok
178691,per178691_1910_09353,5,0,0,,,triagem/nome-caixa-conversao 1.0.0,31,ok
178691,per178691_1910_09353,6,0,0,,,triagem/nome-caixa-conversao 1.0.0,31,ok
178691,per178691_1910_09353,7,0,0,,,triagem/nome-caixa-conversao 1.0.0,31,ok
178691,per178691_1910_09353,8,0,0,,,triagem/nome-caixa-conversao 1.0.0,31,ok
178691,per178691_1910_09353,9,0,0,,,triagem/nome-caixa-conversao 1.0.0,31,ok
178691,per178691_1910_09353,10,0,0,,,triagem/nome-caixa-conversao 1.0.0,31,ok
178691,per178691_1910_09353,11,0,0,,,triagem/nome-caixa-conversao 1.0.0,31,ok
178691,per178691_1910_09353,12,0,0,,,triagem/nome-caixa-conversao 1.0.0,31,ok
178691,per178691_1910_09353,13,0,0,,,triagem/nome-caixa-conversao 1.0.0,31,ok
178691,per178691_1910_09353,14,0,0,,,triagem/nome-caixa-conversao 1.0.0,31,ok
178691,per178691_1910_09353,15,0,0,,,triagem/nome-caixa-conversao 1.0.0,31,ok
178691,per178691_1910_09353,16,0,0,,,triagem/nome-caixa-conversao 1.0.0,31,ok
178691,per178691_1910_09354,1,0,0,,,triagem/nome-caixa-conversao 1.0.0,31,ok
178691,per178691_1910_09354,2,0,0,,,triagem/nome-caixa-conversao 1.0.0,31,ok
178691,per178691_1910_09354,3,0,0,,,triagem/nome-caixa-conversao 1.0.0,31,ok
178691,per178691_1910_09354,4,0,0,,,triagem/nome-caixa-conversao 1.0.0,31,ok
178691,per178691_1910_09354,5,0,0,,,triagem/nome-caixa-conversao 1.0.0,31,ok
178691,per178691_1910_09354,6,0,0,,,triagem/nome-caixa-conversao 1.0.0,31,ok
178691,per178691_1910_09354,7,0,0,,,triagem/nome-caixa-conversao 1.0.0,31,ok
178691,per178691_1910_09354,8,0,0,,,triagem/nome-caixa-conversao 1.0.0,31,ok
178691,per178691_1910_09354,9,0,0,,,triagem/nome-caixa-conversao 1.0.0,31,ok
178691,per178691_1910_09354,10,0,0,,,triagem/nome-caixa-conversao 1.0.0,31,ok
178691,per178691_1910_09355,1,0,0,,,triagem/nome-caixa-conversao 1.0.0,31,ok
178691,per178691_1910_09355,2,0,0,,,triagem/nome-caixa-conversao 1.0.0,31,ok
178691,per178691_1910_09355,3,0,0,,,triagem/nome-caixa-conversao 1.0.0,31,ok
178691,per178691_1910_09355,4,0,0,,,triagem/nome-caixa-conversao 1.0.0,31,ok
178691,per178691_1910_09355,5,0,0,,,triagem/nome-caixa-conversao 1.0.0,31,ok
178691,per178691_1910_09355,6,0,0,,,triagem/nome-caixa-conversao 1.0.0,31,ok
178691,per178691_1910_09355,7,0,0,,,triagem/nome-caixa-conversao 1.0.0,31,ok
178691,per178691_1910_09355,8,0,0,,,triagem/nome-caixa-conversao 1.0.0,31,ok
178691,per178691_1910_09355,9,0,0,,,triagem/nome-caixa-conversao 1.0.0,31,ok
178691,per178691_1910_09355,10,0,0,,,triagem/nome-caixa-conversao 1.0.0,31,ok
178691,per178691_1910_09355,11,0,0,,,triagem/nome-caixa-conversao 1.0.0,31,ok
178691,per178691_1910_09355,12,0,0,,,triagem/nome-caixa-conversao 1.0.0,31,ok
178691,per178691_1910_09356,1,0,0,,,triagem/nome-caixa-conversao 1.0.0,31,ok
178691,per178691_1910_09356,2,0,0,,,triagem/nome-caixa-conversao 1.0.0,31,ok
178691,per178691_1910_09356,3,0,0,,,triagem/nome-caixa-conversao 1.0.0,31,ok
178691,per178691_1910_09356,4,0,0,,,triagem/nome-caixa-conversao 1.0.0,31,ok
178691,per178691_1910_09356,5,0,0,,,triagem/nome-caixa-conversao 1.0.0,31,ok
178691,per178691_1910_09356,6,0,0,,,triagem/nome-caixa-conversao 1.0.0,31,ok
178691,per178691_1910_09356,7,0,0,,,triagem/nome-caixa-conversao 1.0.0,31,ok
178691,per178691_1910_09356,8,1,1,caixa de conver,783,triagem/nome-caixa-conversao 1.0.0,31,ok
178691,per178691_1910_09356,9,0,0,,,triagem/nome-caixa-conversao 1.0.0,31,ok
178691,per178691_1910_09356,10,0,0,,,triagem/nome-caixa-conversao 1.0.0,31,ok
178691,per178691_1910_09356,11,0,0,,,triagem/nome-caixa-conversao 1.0.0,31,ok
178691,per178691_1910_09356,12,0,0,,,triagem/nome-caixa-conversao 1.0.0,31,ok
178691,per178691_1910_09357,1,0,0,,,triagem/nome-caixa-conversao 1.0.0,31,ok
178691,per178691_1910_09357,2,1,1,caixa deconver,39841,triagem/nome-caixa-conversao 1.0.0,31,ok
178691,per178691_1910_09357,3,1,1,caixa de conver,26029,triagem/nome-caixa-conversao 1.0.0,31,ok
178691,per178691_1910_09357,4,0,0,,,triagem/nome-caixa-conversao 1.0.0,31,ok
178691,per178691_1910_09357,5,0,0,,,triagem/nome-caixa-conversao 1.0.0,31,ok
178691,per178691_1910_09357,6,0,0,,,triagem/nome-caixa-conversao 1.0.0,31,ok
178691,per178691_1910_09357,7,0,0,,,triagem/nome-caixa-conversao 1.0.0,31,ok
178691,per178691_1910_09357,8,0,0,,,triagem/nome-caixa-conversao 1.0.0,31,ok
178691,per178691_1910_09357,9,0,0,,,triagem/nome-caixa-conversao 1.0.0,31,ok
178691,per178691_1910_09357,10,0,0,,,triagem/nome-caixa-conversao 1.0.0,31,ok
178691,per178691_1910_09357,11,0,0,,,triagem/nome-caixa-conversao 1.0.0,31,ok
178691,per178691_1910_09357,12,0,0,,,triagem/nome-caixa-conversao 1.0.0,31,ok
178691,per178691_1910_09357,13,0,0,,,triagem/nome-caixa-conversao 1.0.0,31,ok
178691,per178691_1910_09357,14,0,0,,,triagem/nome-caixa-conversao 1.0.0,31,ok
178691,per178691_1910_09357,15,0,0,,,triagem/nome-caixa-conversao 1.0.0,31,ok
178691,per178691_1910_09357,16,0,0,,,triagem/nome-caixa-conversao 1.0.0,31,ok
178691,per178691_1910_09358,1,1,2,caixade conver,11193,triagem/nome-caixa-conversao 1.0.0,31,ok
178691,per178691_1910_09358,2,1,1,caixa dc conver,30243,triagem/nome-caixa-conversao 1.0.0,31,ok
178691,per178691_1910_09358,3,0,0,,,triagem/nome-caixa-conversao 1.0.0,31,ok
178691,per178691_1910_09358,4,0,0,,,triagem/nome-caixa-conversao 1.0.0,31,ok
178691,per178691_1910_09358,5,0,0,,,triagem/nome-caixa-conversao 1.0.0,31,ok
178691,per178691_1910_09358,6,0,0,,,triagem/nome-caixa-conversao 1.0.0,31,ok
178691,per178691_1910_09358,7,0,0,,,triagem/nome-caixa-conversao 1.0.0,31,ok
178691,per178691_1910_09358,8,0,0,,,triagem/nome-caixa-conversao 1.0.0,31,ok
178691,per178691_1910_09358,9,0,0,,,triagem/nome-caixa-conversao 1.0.0,31,ok
178691,per178691_1910_09358,10,0,0,,,triagem/nome-caixa-conversao 1.0.0,31,ok
178691,per178691_1910_09358,11,0,0,,,triagem/nome-caixa-conversao 1.0.0,31,ok
178691,per178691_1910_09358,12,0,0,,,triagem/nome-caixa-conversao 1.0.0,31,ok
178691,per178691_1910_09358,13,0,0,,,triagem/nome-caixa-conversao 1.0.0,31,ok
178691,per178691_1910_09358,14,0,0,,,triagem/nome-caixa-conversao 1.0.0,31,ok
178691,per178691_1910_09358,15,0,0,,,triagem/nome-caixa-conversao 1.0.0,31,ok
178691,per178691_1910_09358,16,0,0,,,triagem/nome-caixa-conversao 1.0.0,31,ok
178691,per178691_1910_09359,1,0,0,,,triagem/nome-caixa-conversao 1.0.0,31,ok
178691,per178691_1910_09359,2,0,0,,,triagem/nome-caixa-conversao 1.0.0,31,ok
178691,per178691_1910_09359,3,1,2,caixa de conver,33921,triagem/nome-caixa-conversao 1.0.0,31,ok
178691,per178691_1910_09359,4,0,0,,,triagem/nome-caixa-conversao 1.0.0,31,ok
178691,per178691_1910_09359,5,0,0,,,triagem/nome-caixa-conversao 1.0.0,31,ok
178691,per178691_1910_09359,6,0,0,,,triagem/nome-caixa-conversao 1.0.0,31,ok
178691,per178691_1910_09359,7,0,0,,,triagem/nome-caixa-conversao 1.0.0,31,ok
178691,per178691_1910_09359,8,0,0,,,triagem/nome-caixa-conversao 1.0.0,31,ok
178691,per178691_1910_09359,9,0,0,,,triagem/nome-caixa-conversao 1.0.0,31,ok
178691,per178691_1910_09359,10,0,0,,,triagem/nome-caixa-conversao 1.0.0,31,ok
178691,per178691_1910_09359,11,0,0,,,triagem/nome-caixa-conversao 1.0.0,31,ok
178691,per178691_1910_09359,12,0,0,,,triagem/nome-caixa-conversao 1.0.0,31,ok
178691,per178691_1910_09359,13,0,0,,,triagem/nome-caixa-conversao 1.0.0,31,ok
178691,per178691_1910_09359,14,0,0,,,triagem/nome-caixa-conversao 1.0.0,31,ok
178691,per178691_1910_09359,15,0,0,,,triagem/nome-caixa-conversao 1.0.0,31,ok
178691,per178691_1910_09359,16,0,0,,,triagem/nome-caixa-conversao 1.0.0,31,ok
178691,per178691_1910_09360,1,0,0,,,triagem/nome-caixa-conversao 1.0.0,31,ok
178691,per178691_1910_09360,2,0,0,,,triagem/nome-caixa-conversao 1.0.0,31,ok
178691,per178691_1910_09360,3,0,0,,,triagem/nome-caixa-conversao 1.0.0,31,ok
178691,per178691_1910_09360,4,1,1,caixa dc conver,16248,triagem/nome-caixa-conversao 1.0.0,31,ok
178691,per178691_1910_09360,5,0,0,,,triagem/nome-caixa-conversao 1.0.0,31,ok
178691,per178691_1910_09360,6,0,0,,,triagem/nome-caixa-conversao 1.0.0,31,ok
178691,per178691_1910_09360,7,0,0,,,triagem/nome-caixa-conversao 1.0.0,31,ok
178691,per178691_1910_09360,8,0,0,,,triagem/nome-caixa-conversao 1.0.0,31,ok
178691,per178691_1910_09360,9,0,0,,,triagem/nome-caixa-conversao 1.0.0,31,ok
178691,per178691_1910_09360,10,0,0,,,triagem/nome-caixa-conversao 1.0.0,31,ok
178691,per178691_1910_09360,11,0,0,,,triagem/nome-caixa-conversao 1.0.0,31,ok
178691,per178691_1910_09360,12,0,0,,,triagem/nome-caixa-conversao 1.0.0,31,ok
178691,per178691_1910_09360,13,0,0,,,triagem/nome-caixa-conversao 1.0.0,31,ok
178691,per178691_1910_09360,14,0,0,,,triagem/nome-caixa-conversao 1.0.0,31,ok
178691,per178691_1910_09360,15,0,0,,,triagem/nome-caixa-conversao 1.0.0,31,ok
178691,per178691_1910_09360,16,0,0,,,triagem/nome-caixa-conversao 1.0.0,31,ok
178691,per178691_1910_09361,1,0,0,,,triagem/nome-caixa-conversao 1.0.0,31,ok
178691,per178691_1910_09361,2,0,0,,,triagem/nome-caixa-conversao 1.0.0,31,ok
178691,per178691_1910_09361,3,0,0,,,triagem/nome-caixa-conversao 1.0.0,31,ok
178691,per178691_1910_09361,4,0,0,,,triagem/nome-caixa-conversao 1.0.0,31,ok
178691,per178691_1910_09361,5,0,0,,,triagem/nome-caixa-conversao 1.0.0,31,ok
178691,per178691_1910_09361,6,0,0,,,triagem/nome-caixa-conversao 1.0.0,31,ok
178691,per178691_1910_09361,7,0,0,,,triagem/nome-caixa-conversao 1.0.0,31,ok
178691,per178691_1910_09361,8,0,0,,,triagem/nome-caixa-conversao 1.0.0,31,ok
178691,per178691_1910_09361,9,0,0,,,triagem/nome-caixa-conversao 1.0.0,31,ok
178691,per178691_1910_09361,10,0,0,,,triagem/nome-caixa-conversao 1.0.0,31,ok
178691,per178691_1910_09362,1,0,0,,,triagem/nome-caixa-conversao 1.0.0,31,ok
178691,per178691_1910_09362,2,0,0,,,triagem/nome-caixa-conversao 1.0.0,31,ok
178691,per178691_1910_09362,3,0,0,,,triagem/nome-caixa-conversao 1.0.0,31,ok
178691,per178691_1910_09362,4,0,0,,,triagem/nome-caixa-conversao 1.0.0,31,ok
178691,per178691_1910_09362,5,0,0,,,triagem/nome-caixa-conversao 1.0.0,31,ok
178691,per178691_1910_09362,6,0,0,,,triagem/nome-caixa-conversao 1.0.0,31,ok
178691,per178691_1910_09362,7,0,0,,,triagem/nome-caixa-conversao 1.0.0,31,ok
178691,per178691_1910_09362,8,0,0,,,triagem/nome-caixa-conversao 1.0.0,31,ok
178691,per178691_1910_09362,9,0,0,,,triagem/nome-caixa-conversao 1.0.0,31,ok
178691,per178691_1910_09362,10,0,0,,,triagem/nome-caixa-conversao 1.0.0,31,ok
178691,per178691_1910_09362,11,0,0,,,triagem/nome-caixa-conversao 1.0.0,31,ok
178691,per178691_1910_09362,12,0,0,,,triagem/nome-caixa-conversao 1.0.0,31,ok
178691,per178691_1910_09363,1,1,1,caixa dc conver,21205,triagem/nome-caixa-conversao 1.0.0,31,ok
178691,per178691_1910_09363,2,0,0,,,triagem/nome-caixa-conversao 1.0.0,31,ok
178691,per178691_1910_09363,3,1,2,caixa de conver,13489,triagem/nome-caixa-conversao 1.0.0,31,ok
178691,per178691_1910_09363,4,0,0,,,triagem/nome-caixa-conversao 1.0.0,31,ok
178691,per178691_1910_09363,5,0,0,,,triagem/nome-caixa-conversao 1.0.0,31,ok
178691,per178691_1910_09363,6,0,0,,,triagem/nome-caixa-conversao 1.0.0,31,ok
178691,per178691_1910_09363,7,0,0,,,triagem/nome-caixa-conversao 1.0.0,31,ok
178691,per178691_1910_09363,8,0,0,,,triagem/nome-caixa-conversao 1.0.0,31,ok
178691,per178691_1910_09363,9,0,0,,,triagem/nome-caixa-conversao 1.0.0,31,ok
178691,per178691_1910_09363,10,0,0,,,triagem/nome-caixa-conversao 1.0.0,31,ok
178691,per178691_1910_09363,11,0,0,,,triagem/nome-caixa-conversao 1.0.0,31,ok
178691,per178691_1910_09363,12,0,0,,,triagem/nome-caixa-conversao 1.0.0,31,ok
178691,per178691_1910_09363,13,0,0,,,triagem/nome-caixa-conversao 1.0.0,31,ok
178691,per178691_1910_09363,14,0,0,,,triagem/nome-caixa-conversao 1.0.0,31,ok
178691,per178691_1910_09363,15,0,0,,,triagem/nome-caixa-conversao 1.0.0,31,ok
178691,per178691_1910_09363,16,0,0,,,triagem/nome-caixa-conversao 1.0.0,31,ok
178691,per178691_1910_09364,1,0,0,,,triagem/nome-caixa-conversao 1.0.0,31,ok
178691,per178691_1910_09364,2,0,0,,,triagem/nome-caixa-conversao 1.0.0,31,ok
178691,per178691_1910_09364,3,0,0,,,triagem/nome-caixa-conversao 1.0.0,31,ok
178691,per178691_1910_09364,4,1,1,caixade conver,10898,triagem/nome-caixa-conversao 1.0.0,31,ok
178691,per178691_1910_09364,5,0,0,,,triagem/nome-caixa-conversao 1.0.0,31,ok
178691,per178691_1910_09364,6,0,0,,,triagem/nome-caixa-conversao 1.0.0,31,ok
178691,per178691_1910_09364,7,0,0,,,triagem/nome-caixa-conversao 1.0.0,31,ok
178691,per178691_1910_09364,8,0,0,,,triagem/nome-caixa-conversao 1.0.0,31,ok
178691,per178691_1910_09364,9,0,0,,,triagem/nome-caixa-conversao 1.0.0,31,ok
178691,per178691_1910_09364,10,0,0,,,triagem/nome-caixa-conversao 1.0.0,31,ok
178691,per178691_1910_09364,11,0,0,,,triagem/nome-caixa-conversao 1.0.0,31,ok
178691,per178691_1910_09364,12,0,0,,,triagem/nome-caixa-conversao 1.0.0,31,ok
178691,per178691_1910_09364,13,0,0,,,triagem/nome-caixa-conversao 1.0.0,31,ok
178691,per178691_1910_09364,14,0,0,,,triagem/nome-caixa-conversao 1.0.0,31,ok
178691,per178691_1910_09364,15,0,0,,,triagem/nome-caixa-conversao 1.0.0,31,ok
178691,per178691_1910_09364,16,0,0,,,triagem/nome-caixa-conversao 1.0.0,31,ok
178691,per178691_1910_09364,17,0,0,,,triagem/nome-caixa-conversao 1.0.0,31,ok
178691,per178691_1910_09364,18,0,0,,,triagem/nome-caixa-conversao 1.0.0,31,ok
178691,per178691_1910_09364,19,0,0,,,triagem/nome-caixa-conversao 1.0.0,31,ok
178691,per178691_1910_09364,20,0,0,,,triagem/nome-caixa-conversao 1.0.0,31,ok
178691,per178691_1910_09365,1,0,0,,,triagem/nome-caixa-conversao 1.0.0,31,ok
178691,per178691_1910_09365,2,0,0,,,triagem/nome-caixa-conversao 1.0.0,31,ok
178691,per178691_1910_09365,3,0,0,,,triagem/nome-caixa-conversao 1.0.0,31,ok
178691,per178691_1910_09365,4,1,1,caixa dc conver,33837,triagem/nome-caixa-conversao 1.0.0,31,ok
178691,per178691_1910_09365,5,0,0,,,triagem/nome-caixa-conversao 1.0.0,31,ok
178691,per178691_1910_09365,6,0,0,,,triagem/nome-caixa-conversao 1.0.0,31,ok
178691,per178691_1910_09365,7,0,0,,,triagem/nome-caixa-conversao 1.0.0,31,ok
178691,per178691_1910_09365,8,0,0,,,triagem/nome-caixa-conversao 1.0.0,31,ok
178691,per178691_1910_09365,9,0,0,,,triagem/nome-caixa-conversao 1.0.0,31,ok
178691,per178691_1910_09365,10,0,0,,,triagem/nome-caixa-conversao 1.0.0,31,ok
178691,per178691_1910_09365,11,0,0,,,triagem/nome-caixa-conversao 1.0.0,31,ok
178691,per178691_1910_09365,12,0,0,,,triagem/nome-caixa-conversao 1.0.0,31,ok
178691,per178691_1910_09366,1,0,0,,,triagem/nome-caixa-conversao 1.0.0,31,ok
178691,per178691_1910_09366,2,0,0,,,triagem/nome-caixa-conversao 1.0.0,31,ok
178691,per178691_1910_09366,3,0,0,,,triagem/nome-caixa-conversao 1.0.0,31,ok
178691,per178691_1910_09366,4,0,0,,,triagem/nome-caixa-conversao 1.0.0,31,ok
178691,per178691_1910_09366,5,0,0,,,triagem/nome-caixa-conversao 1.0.0,31,ok
178691,per178691_1910_09366,6,0,0,,,triagem/nome-caixa-conversao 1.0.0,31,ok
178691,per178691_1910_09366,7,0,0,,,triagem/nome-caixa-conversao 1.0.0,31,ok
178691,per178691_1910_09366,8,0,0,,,triagem/nome-caixa-conversao 1.0.0,31,ok
178691,per178691_1910_09366,9,0,0,,,triagem/nome-caixa-conversao 1.0.0,31,ok
178691,per178691_1910_09366,10,0,0,,,triagem/nome-caixa-conversao 1.0.0,31,ok
178691,per178691_1910_09366,11,0,0,,,triagem/nome-caixa-conversao 1.0.0,31,ok
178691,per178691_1910_09366,12,0,0,,,triagem/nome-caixa-conversao 1.0.0,31,ok
178691,per178691_1910_09367,1,0,0,,,triagem/nome-caixa-conversao 1.0.0,31,ok
178691,per178691_1910_09367,2,0,0,,,triagem/nome-caixa-conversao 1.0.0,31,ok
178691,per178691_1910_09367,3,0,0,,,triagem/nome-caixa-conversao 1.0.0,31,ok
178691,per178691_1910_09367,4,0,0,,,triagem/nome-caixa-conversao 1.0.0,31,ok
178691,per178691_1910_09367,5,0,0,,,triagem/nome-caixa-conversao 1.0.0,31,ok
178691,per178691_1910_09367,6,0,0,,,triagem/nome-caixa-conversao 1.0.0,31,ok
178691,per178691_1910_09367,7,0,0,,,triagem/nome-caixa-conversao 1.0.0,31,ok
178691,per178691_1910_09367,8,0,0,,,triagem/nome-caixa-conversao 1.0.0,31,ok
178691,per178691_1910_09367,9,0,0,,,triagem/nome-caixa-conversao 1.0.0,31,ok
178691,per178691_1910_09367,10,0,0,,,triagem/nome-caixa-conversao 1.0.0,31,ok
178691,per178691_1910_09367,11,0,0,,,triagem/nome-caixa-conversao 1.0.0,31,ok
178691,per178691_1910_09367,12,0,0,,,triagem/nome-caixa-conversao 1.0.0,31,ok
178691,per178691_1910_09367,13,0,0,,,triagem/nome-caixa-conversao 1.0.0,31,ok
178691,per178691_1910_09367,14,0,0,,,triagem/nome-caixa-conversao 1.0.0,31,ok
178691,per178691_1910_09367,15,0,0,,,triagem/nome-caixa-conversao 1.0.0,31,ok
178691,per178691_1910_09367,16,0,0,,,triagem/nome-caixa-conversao 1.0.0,31,ok
178691,per178691_1910_09368,1,0,0,,,triagem/nome-caixa-conversao 1.0.0,31,ok
178691,per178691_1910_09368,2,1,2,caixa de conver,10398,triagem/nome-caixa-conversao 1.0.0,31,ok
178691,per178691_1910_09368,3,1,1,caixa de conver,32365,triagem/nome-caixa-conversao 1.0.0,31,ok
178691,per178691_1910_09368,4,0,0,,,triagem/nome-caixa-conversao 1.0.0,31,ok
178691,per178691_1910_09368,5,0,0,,,triagem/nome-caixa-conversao 1.0.0,31,ok
178691,per178691_1910_09368,6,0,0,,,triagem/nome-caixa-conversao 1.0.0,31,ok
178691,per178691_1910_09368,7,0,0,,,triagem/nome-caixa-conversao 1.0.0,31,ok
178691,per178691_1910_09368,8,0,0,,,triagem/nome-caixa-conversao 1.0.0,31,ok
178691,per178691_1910_09368,9,0,0,,,triagem/nome-caixa-conversao 1.0.0,31,ok
178691,per178691_1910_09368,10,0,0,,,triagem/nome-caixa-conversao 1.0.0,31,ok
178691,per178691_1910_09369,1,0,0,,,triagem/nome-caixa-conversao 1.0.0,31,ok
178691,per178691_1910_09369,2,0,0,,,triagem/nome-caixa-conversao 1.0.0,31,ok
178691,per178691_1910_09369,3,0,0,,,triagem/nome-caixa-conversao 1.0.0,31,ok
178691,per178691_1910_09369,4,0,0,,,triagem/nome-caixa-conversao 1.0.0,31,ok
178691,per178691_1910_09369,5,0,0,,,triagem/nome-caixa-conversao 1.0.0,31,ok
178691,per178691_1910_09369,6,0,0,,,triagem/nome-caixa-conversao 1.0.0,31,ok
178691,per178691_1910_09369,7,0,0,,,triagem/nome-caixa-conversao 1.0.0,31,ok
178691,per178691_1910_09369,8,0,0,,,triagem/nome-caixa-conversao 1.0.0,31,ok
178691,per178691_1910_09369,9,0,0,,,triagem/nome-caixa-conversao 1.0.0,31,ok
178691,per178691_1910_09369,10,0,0,,,triagem/nome-caixa-conversao 1.0.0,31,ok
178691,per178691_1910_09369,11,0,0,,,triagem/nome-caixa-conversao 1.0.0,31,ok
178691,per178691_1910_09369,12,0,0,,,triagem/nome-caixa-conversao 1.0.0,31,ok
178691,per178691_1910_09370,1,0,0,,,triagem/nome-caixa-conversao 1.0.0,31,ok
178691,per178691_1910_09370,2,0,0,,,triagem/nome-caixa-conversao 1.0.0,31,ok
178691,per178691_1910_09370,3,0,0,,,triagem/nome-caixa-conversao 1.0.0,31,ok
178691,per178691_1910_09370,4,0,0,,,triagem/nome-caixa-conversao 1.0.0,31,ok
178691,per178691_1910_09370,5,0,0,,,triagem/nome-caixa-conversao 1.0.0,31,ok
178691,per178691_1910_09370,6,0,0,,,triagem/nome-caixa-conversao 1.0.0,31,ok
178691,per178691_1910_09370,7,0,0,,,triagem/nome-caixa-conversao 1.0.0,31,ok
178691,per178691_1910_09370,8,0,0,,,triagem/nome-caixa-conversao 1.0.0,31,ok
178691,per178691_1910_09370,9,0,0,,,triagem/nome-caixa-conversao 1.0.0,31,ok
178691,per178691_1910_09370,10,0,0,,,triagem/nome-caixa-conversao 1.0.0,31,ok
178691,per178691_1910_09370,11,0,0,,,triagem/nome-caixa-conversao 1.0.0,31,ok
178691,per178691_1910_09370,12,0,0,,,triagem/nome-caixa-conversao 1.0.0,31,ok
178691,per178691_1910_09371,1,0,0,,,triagem/nome-caixa-conversao 1.0.0,31,ok
178691,per178691_1910_09371,2,0,0,,,triagem/nome-caixa-conversao 1.0.0,31,ok
178691,per178691_1910_09371,3,0,0,,,triagem/nome-caixa-conversao 1.0.0,31,ok
178691,per178691_1910_09371,4,1,1,caixa deconver,19623,triagem/nome-caixa-conversao 1.0.0,31,ok
178691,per178691_1910_09371,5,0,0,,,triagem/nome-caixa-conversao 1.0.0,31,ok
178691,per178691_1910_09371,6,0,0,,,triagem/nome-caixa-conversao 1.0.0,31,ok
178691,per178691_1910_09371,7,0,0,,,triagem/nome-caixa-conversao 1.0.0,31,ok
178691,per178691_1910_09371,8,0,0,,,triagem/nome-caixa-conversao 1.0.0,31,ok
178691,per178691_1910_09371,9,0,0,,,triagem/nome-caixa-conversao 1.0.0,31,ok
178691,per178691_1910_09371,10,0,0,,,triagem/nome-caixa-conversao 1.0.0,31,ok
178691,per178691_1910_09371,11,0,0,,,triagem/nome-caixa-conversao 1.0.0,31,ok
178691,per178691_1910_09371,12,0,0,,,triagem/nome-caixa-conversao 1.0.0,31,ok
178691,per178691_1910_09371,13,0,0,,,triagem/nome-caixa-conversao 1.0.0,31,ok
178691,per178691_1910_09371,14,0,0,,,triagem/nome-caixa-conversao 1.0.0,31,ok
178691,per178691_1910_09371,15,0,0,,,triagem/nome-caixa-conversao 1.0.0,31,ok
178691,per178691_1910_09371,16,0,0,,,triagem/nome-caixa-conversao 1.0.0,31,ok
178691,per178691_1910_09372,1,1,2,caixa de conver,4401,triagem/nome-caixa-conversao 1.0.0,31,ok
178691,per178691_1910_09372,2,0,0,,,triagem/nome-caixa-conversao 1.0.0,31,ok
178691,per178691_1910_09372,3,0,0,,,triagem/nome-caixa-conversao 1.0.0,31,ok
178691,per178691_1910_09372,4,1,1,caixade conver,20382,triagem/nome-caixa-conversao 1.0.0,31,ok
178691,per178691_1910_09372,5,0,0,,,triagem/nome-caixa-conversao 1.0.0,31,ok
178691,per178691_1910_09372,6,0,0,,,triagem/nome-caixa-conversao 1.0.0,31,ok
178691,per178691_1910_09372,7,0,0,,,triagem/nome-caixa-conversao 1.0.0,31,ok
178691,per178691_1910_09372,8,0,0,,,triagem/nome-caixa-conversao 1.0.0,31,ok
178691,per178691_1910_09372,9,0,0,,,triagem/nome-caixa-conversao 1.0.0,31,ok
178691,per178691_1910_09372,10,0,0,,,triagem/nome-caixa-conversao 1.0.0,31,ok
178691,per178691_1910_09372,11,0,0,,,triagem/nome-caixa-conversao 1.0.0,31,ok
178691,per178691_1910_09372,12,0,0,,,triagem/nome-caixa-conversao 1.0.0,31,ok
178691,per178691_1910_09373,1,0,0,,,triagem/nome-caixa-conversao 1.0.0,31,ok
178691,per178691_1910_09373,2,0,0,,,triagem/nome-caixa-conversao 1.0.0,31,ok
178691,per178691_1910_09373,3,0,0,,,triagem/nome-caixa-conversao 1.0.0,31,ok
178691,per178691_1910_09373,4,0,0,,,triagem/nome-caixa-conversao 1.0.0,31,ok
178691,per178691_1910_09373,5,0,0,,,triagem/nome-caixa-conversao 1.0.0,31,ok
178691,per178691_1910_09373,6,0,0,,,triagem/nome-caixa-conversao 1.0.0,31,ok
178691,per178691_1910_09373,7,0,0,,,triagem/nome-caixa-conversao 1.0.0,31,ok
178691,per178691_1910_09373,8,0,0,,,triagem/nome-caixa-conversao 1.0.0,31,ok
178691,per178691_1910_09373,9,0,0,,,triagem/nome-caixa-conversao 1.0.0,31,ok
178691,per178691_1910_09373,10,0,0,,,triagem/nome-caixa-conversao 1.0.0,31,ok
178691,per178691_1910_09373,11,0,0,,,triagem/nome-caixa-conversao 1.0.0,31,ok
178691,per178691_1910_09373,12,0,0,,,triagem/nome-caixa-conversao 1.0.0,31,ok
178691,per178691_1910_09373,13,0,0,,,triagem/nome-caixa-conversao 1.0.0,31,ok
178691,per178691_1910_09373,14,0,0,,,triagem/nome-caixa-conversao 1.0.0,31,ok
178691,per178691_1910_09373,15,0,0,,,triagem/nome-caixa-conversao 1.0.0,31,ok
178691,per178691_1910_09373,16,0,0,,,triagem/nome-caixa-conversao 1.0.0,31,ok
178691,per178691_1910_09374,1,0,0,,,triagem/nome-caixa-conversao 1.0.0,31,ok
178691,per178691_1910_09374,2,1,1,caixa de conver,27927,triagem/nome-caixa-conversao 1.0.0,31,ok
178691,per178691_1910_09374,3,0,0,,,triagem/nome-caixa-conversao 1.0.0,31,ok
178691,per178691_1910_09374,4,0,0,,,triagem/nome-caixa-conversao 1.0.0,31,ok
178691,per178691_1910_09374,5,1,1,caixa de conver,41565,triagem/nome-caixa-conversao 1.0.0,31,ok
178691,per178691_1910_09374,6,0,0,,,triagem/nome-caixa-conversao 1.0.0,31,ok
178691,per178691_1910_09374,7,0,0,,,triagem/nome-caixa-conversao 1.0.0,31,ok
178691,per178691_1910_09374,8,0,0,,,triagem/nome-caixa-conversao 1.0.0,31,ok
178691,per178691_1910_09374,9,0,0,,,triagem/nome-caixa-conversao 1.0.0,31,ok
178691,per178691_1910_09374,10,0,0,,,triagem/nome-caixa-conversao 1.0.0,31,ok
178691,per178691_1910_09374,11,0,0,,,triagem/nome-caixa-conversao 1.0.0,31,ok
178691,per178691_1910_09374,12,0,0,,,triagem/nome-caixa-conversao 1.0.0,31,ok
178691,per178691_1910_09374,13,0,0,,,triagem/nome-caixa-conversao 1.0.0,31,ok
178691,per178691_1910_09374,14,0,0,,,triagem/nome-caixa-conversao 1.0.0,31,ok
178691,per178691_1910_09374,15,0,0,,,triagem/nome-caixa-conversao 1.0.0,31,ok
178691,per178691_1910_09374,16,0,0,,,triagem/nome-caixa-conversao 1.0.0,31,ok
178691,per178691_1910_09375,1,0,0,,,triagem/nome-caixa-conversao 1.0.0,31,ok
178691,per178691_1910_09375,2,0,0,,,triagem/nome-caixa-conversao 1.0.0,31,ok
178691,per178691_1910_09375,3,0,0,,,triagem/nome-caixa-conversao 1.0.0,31,ok
178691,per178691_1910_09375,4,0,0,,,triagem/nome-caixa-conversao 1.0.0,31,ok
178691,per178691_1910_09375,5,0,0,,,triagem/nome-caixa-conversao 1.0.0,31,ok
178691,per178691_1910_09375,6,0,0,,,triagem/nome-caixa-conversao 1.0.0,31,ok
178691,per178691_1910_09375,7,0,0,,,triagem/nome-caixa-conversao 1.0.0,31,ok
178691,per178691_1910_09375,8,0,0,,,triagem/nome-caixa-conversao 1.0.0,31,ok
178691,per178691_1910_09375,9,0,0,,,triagem/nome-caixa-conversao 1.0.0,31,ok
178691,per178691_1910_09375,10,0,0,,,triagem/nome-caixa-conversao 1.0.0,31,ok
178691,per178691_1910_09376,1,0,0,,,triagem/nome-caixa-conversao 1.0.0,31,ok
178691,per178691_1910_09376,2,0,0,,,triagem/nome-caixa-conversao 1.0.0,31,ok
178691,per178691_1910_09376,3,0,0,,,triagem/nome-caixa-conversao 1.0.0,31,ok
178691,per178691_1910_09376,4,0,0,,,triagem/nome-caixa-conversao 1.0.0,31,ok
178691,per178691_1910_09376,5,0,0,,,triagem/nome-caixa-conversao 1.0.0,31,ok
178691,per178691_1910_09376,6,0,0,,,triagem/nome-caixa-conversao 1.0.0,31,ok
178691,per178691_1910_09376,7,0,0,,,triagem/nome-caixa-conversao 1.0.0,31,ok
178691,per178691_1910_09376,8,0,0,,,triagem/nome-caixa-conversao 1.0.0,31,ok
178691,per178691_1910_09376,9,0,0,,,triagem/nome-caixa-conversao 1.0.0,31,ok
178691,per178691_1910_09376,10,0,0,,,triagem/nome-caixa-conversao 1.0.0,31,ok
178691,per178691_1910_09376,11,0,0,,,triagem/nome-caixa-conversao 1.0.0,31,ok
178691,per178691_1910_09376,12,0,0,,,triagem/nome-caixa-conversao 1.0.0,31,ok
178691,per178691_1910_09377,1,0,0,,,triagem/nome-caixa-conversao 1.0.0,31,ok
178691,per178691_1910_09377,2,0,0,,,triagem/nome-caixa-conversao 1.0.0,31,ok
178691,per178691_1910_09377,3,0,0,,,triagem/nome-caixa-conversao 1.0.0,31,ok
178691,per178691_1910_09377,4,0,0,,,triagem/nome-caixa-conversao 1.0.0,31,ok
178691,per178691_1910_09377,5,0,0,,,triagem/nome-caixa-conversao 1.0.0,31,ok
178691,per178691_1910_09377,6,0,0,,,triagem/nome-caixa-conversao 1.0.0,31,ok
178691,per178691_1910_09377,7,0,0,,,triagem/nome-caixa-conversao 1.0.0,31,ok
178691,per178691_1910_09377,8,0,0,,,triagem/nome-caixa-conversao 1.0.0,31,ok
178691,per178691_1910_09377,9,0,0,,,triagem/nome-caixa-conversao 1.0.0,31,ok
178691,per178691_1910_09377,10,1,1,caixa de conver,6192,triagem/nome-caixa-conversao 1.0.0,31,ok
178691,per178691_1910_09377,11,0,0,,,triagem/nome-caixa-conversao 1.0.0,31,ok
178691,per178691_1910_09377,12,0,0,,,triagem/nome-caixa-conversao 1.0.0,31,ok
178691,per178691_1910_09377,13,0,0,,,triagem/nome-caixa-conversao 1.0.0,31,ok
178691,per178691_1910_09377,14,0,0,,,triagem/nome-caixa-conversao 1.0.0,31,ok
178691,per178691_1910_09377,15,0,0,,,triagem/nome-caixa-conversao 1.0.0,31,ok
178691,per178691_1910_09377,16,0,0,,,triagem/nome-caixa-conversao 1.0.0,31,ok
178691,per178691_1910_09378,1,1,2,caixa de conver,15696,triagem/nome-caixa-conversao 1.0.0,31,ok
178691,per178691_1910_09378,2,0,0,,,triagem/nome-caixa-conversao 1.0.0,31,ok
178691,per178691_1910_09378,3,0,0,,,triagem/nome-caixa-conversao 1.0.0,31,ok
178691,per178691_1910_09378,4,0,0,,,triagem/nome-caixa-conversao 1.0.0,31,ok
178691,per178691_1910_09378,5,0,0,,,triagem/nome-caixa-conversao 1.0.0,31,ok
178691,per178691_1910_09378,6,0,0,,,triagem/nome-caixa-conversao 1.0.0,31,ok
178691,per178691_1910_09378,7,0,0,,,triagem/nome-caixa-conversao 1.0.0,31,ok
178691,per178691_1910_09378,8,0,0,,,triagem/nome-caixa-conversao 1.0.0,31,ok
178691,per178691_1910_09378,9,0,0,,,triagem/nome-caixa-conversao 1.0.0,31,ok
178691,per178691_1910_09378,10,0,0,,,triagem/nome-caixa-conversao 1.0.0,31,ok
178691,per178691_1910_09378,11,0,0,,,triagem/nome-caixa-conversao 1.0.0,31,ok
178691,per178691_1910_09378,12,0,0,,,triagem/nome-caixa-conversao 1.0.0,31,ok
178691,per178691_1910_09379,1,1,1,caixa de conver,12992,triagem/nome-caixa-conversao 1.0.0,31,ok
178691,per178691_1910_09379,2,1,1,caixa de conver,38116,triagem/nome-caixa-conversao 1.0.0,31,ok
178691,per178691_1910_09379,3,0,0,,,triagem/nome-caixa-conversao 1.0.0,31,ok
178691,per178691_1910_09379,4,0,0,,,triagem/nome-caixa-conversao 1.0.0,31,ok
178691,per178691_1910_09379,5,0,0,,,triagem/nome-caixa-conversao 1.0.0,31,ok
178691,per178691_1910_09379,6,0,0,,,triagem/nome-caixa-conversao 1.0.0,31,ok
178691,per178691_1910_09379,7,0,0,,,triagem/nome-caixa-conversao 1.0.0,31,ok
178691,per178691_1910_09379,8,1,1,caixa de conver,24490,triagem/nome-caixa-conversao 1.0.0,31,ok
178691,per178691_1910_09379,9,0,0,,,triagem/nome-caixa-conversao 1.0.0,31,ok
178691,per178691_1910_09379,10,0,0,,,triagem/nome-caixa-conversao 1.0.0,31,ok
178691,per178691_1910_09379,11,0,0,,,triagem/nome-caixa-conversao 1.0.0,31,ok
178691,per178691_1910_09379,12,0,0,,,triagem/nome-caixa-conversao 1.0.0,31,ok
178691,per178691_1910_09380,1,1,2,caixa dc conver,15365,triagem/nome-caixa-conversao 1.0.0,31,ok
178691,per178691_1910_09380,2,0,0,,,triagem/nome-caixa-conversao 1.0.0,31,ok
178691,per178691_1910_09380,3,1,1,caixa de conver,26354,triagem/nome-caixa-conversao 1.0.0,31,ok
178691,per178691_1910_09380,4,0,0,,,triagem/nome-caixa-conversao 1.0.0,31,ok
178691,per178691_1910_09380,5,0,0,,,triagem/nome-caixa-conversao 1.0.0,31,ok
178691,per178691_1910_09380,6,0,0,,,triagem/nome-caixa-conversao 1.0.0,31,ok
178691,per178691_1910_09380,7,0,0,,,triagem/nome-caixa-conversao 1.0.0,31,ok
178691,per178691_1910_09380,8,0,0,,,triagem/nome-caixa-conversao 1.0.0,31,ok
178691,per178691_1910_09380,9,0,0,,,triagem/nome-caixa-conversao 1.0.0,31,ok
178691,per178691_1910_09380,10,0,0,,,triagem/nome-caixa-conversao 1.0.0,31,ok
178691,per178691_1910_09380,11,1,1,caixa de conver,26175,triagem/nome-caixa-conversao 1.0.0,31,ok
178691,per178691_1910_09380,12,0,0,,,triagem/nome-caixa-conversao 1.0.0,31,ok
178691,per178691_1910_09380,13,0,0,,,triagem/nome-caixa-conversao 1.0.0,31,ok
178691,per178691_1910_09380,14,0,0,,,triagem/nome-caixa-conversao 1.0.0,31,ok
178691,per178691_1910_09380,15,0,0,,,triagem/nome-caixa-conversao 1.0.0,31,ok
178691,per178691_1910_09380,16,0,0,,,triagem/nome-caixa-conversao 1.0.0,31,ok
178691,per178691_1910_09381,1,1,2,caixa de conver,20604,triagem/nome-caixa-conversao 1.0.0,31,ok
178691,per178691_1910_09381,2,0,0,,,triagem/nome-caixa-conversao 1.0.0,31,ok
178691,per178691_1910_09381,3,1,1,caixa do conver,6920,triagem/nome-caixa-conversao 1.0.0,31,ok
178691,per178691_1910_09381,4,0,0,,,triagem/nome-caixa-conversao 1.0.0,31,ok
178691,per178691_1910_09381,5,0,0,,,triagem/nome-caixa-conversao 1.0.0,31,ok
178691,per178691_1910_09381,6,1,1,caixa conver,37188,triagem/nome-caixa-conversao 1.0.0,31,ok
178691,per178691_1910_09381,7,0,0,,,triagem/nome-caixa-conversao 1.0.0,31,ok
178691,per178691_1910_09381,8,0,0,,,triagem/nome-caixa-conversao 1.0.0,31,ok
178691,per178691_1910_09381,9,0,0,,,triagem/nome-caixa-conversao 1.0.0,31,ok
178691,per178691_1910_09381,10,0,0,,,triagem/nome-caixa-conversao 1.0.0,31,ok
178691,per178691_1910_09381,11,0,0,,,triagem/nome-caixa-conversao 1.0.0,31,ok
178691,per178691_1910_09381,12,0,0,,,triagem/nome-caixa-conversao 1.0.0,31,ok
178691,per178691_1910_09381,13,0,0,,,triagem/nome-caixa-conversao 1.0.0,31,ok
178691,per178691_1910_09381,14,0,0,,,triagem/nome-caixa-conversao 1.0.0,31,ok
178691,per178691_1910_09381,15,0,0,,,triagem/nome-caixa-conversao 1.0.0,31,ok
178691,per178691_1910_09381,16,0,0,,,triagem/nome-caixa-conversao 1.0.0,31,ok
178691,per178691_1910_09382,1,0,0,,,triagem/nome-caixa-conversao 1.0.0,31,ok
178691,per178691_1910_09382,2,0,0,,,triagem/nome-caixa-conversao 1.0.0,31,ok
178691,per178691_1910_09382,3,0,0,,,triagem/nome-caixa-conversao 1.0.0,31,ok
178691,per178691_1910_09382,4,0,0,,,triagem/nome-caixa-conversao 1.0.0,31,ok
178691,per178691_1910_09382,5,0,0,,,triagem/nome-caixa-conversao 1.0.0,31,ok
178691,per178691_1910_09382,6,0,0,,,triagem/nome-caixa-conversao 1.0.0,31,ok
178691,per178691_1910_09382,7,0,0,,,triagem/nome-caixa-conversao 1.0.0,31,ok
178691,per178691_1910_09382,8,0,0,,,triagem/nome-caixa-conversao 1.0.0,31,ok
178691,per178691_1910_09382,9,0,0,,,triagem/nome-caixa-conversao 1.0.0,31,ok
178691,per178691_1910_09382,10,0,0,,,triagem/nome-caixa-conversao 1.0.0,31,ok
178691,per178691_1910_09382,11,0,0,,,triagem/nome-caixa-conversao 1.0.0,31,ok
178691,per178691_1910_09382,12,0,0,,,triagem/nome-caixa-conversao 1.0.0,31,ok
178691,per178691_1910_09383,1,0,0,,,triagem/nome-caixa-conversao 1.0.0,31,ok
178691,per178691_1910_09383,2,1,1,caixade conver,17140,triagem/nome-caixa-conversao 1.0.0,31,ok
178691,per178691_1910_09383,3,0,0,,,triagem/nome-caixa-conversao 1.0.0,31,ok
178691,per178691_1910_09383,4,0,0,,,triagem/nome-caixa-conversao 1.0.0,31,ok
178691,per178691_1910_09383,5,0,0,,,triagem/nome-caixa-conversao 1.0.0,31,ok
178691,per178691_1910_09383,6,0,0,,,triagem/nome-caixa-conversao 1.0.0,31,ok
178691,per178691_1910_09383,7,0,0,,,triagem/nome-caixa-conversao 1.0.0,31,ok
178691,per178691_1910_09383,8,0,0,,,triagem/nome-caixa-conversao 1.0.0,31,ok
178691,per178691_1910_09383,9,0,0,,,triagem/nome-caixa-conversao 1.0.0,31,ok
178691,per178691_1910_09383,10,0,0,,,triagem/nome-caixa-conversao 1.0.0,31,ok
178691,per178691_1910_09383,11,0,0,,,triagem/nome-caixa-conversao 1.0.0,31,ok
178691,per178691_1910_09383,12,0,0,,,triagem/nome-caixa-conversao 1.0.0,31,ok
178691,per178691_1910_09384,1,0,0,,,triagem/nome-caixa-conversao 1.0.0,31,ok
178691,per178691_1910_09384,2,0,0,,,triagem/nome-caixa-conversao 1.0.0,31,ok
178691,per178691_1910_09384,3,1,1,caixa de conver,31813,triagem/nome-caixa-conversao 1.0.0,31,ok
178691,per178691_1910_09384,4,0,0,,,triagem/nome-caixa-conversao 1.0.0,31,ok
178691,per178691_1910_09384,5,1,1,caixa de conver,27456,triagem/nome-caixa-conversao 1.0.0,31,ok
178691,per178691_1910_09384,6,1,1,caixa de conver,20561,triagem/nome-caixa-conversao 1.0.0,31,ok
178691,per178691_1910_09384,7,0,0,,,triagem/nome-caixa-conversao 1.0.0,31,ok
178691,per178691_1910_09384,8,0,0,,,triagem/nome-caixa-conversao 1.0.0,31,ok
178691,per178691_1910_09384,9,0,0,,,triagem/nome-caixa-conversao 1.0.0,31,ok
178691,per178691_1910_09384,10,0,0,,,triagem/nome-caixa-conversao 1.0.0,31,ok
178691,per178691_1910_09384,11,0,0,,,triagem/nome-caixa-conversao 1.0.0,31,ok
178691,per178691_1910_09384,12,0,0,,,triagem/nome-caixa-conversao 1.0.0,31,ok
178691,per178691_1910_09385,1,0,0,,,triagem/nome-caixa-conversao 1.0.0,31,ok
178691,per178691_1910_09385,2,1,1,caixade conver,26570,triagem/nome-caixa-conversao 1.0.0,31,ok
178691,per178691_1910_09385,3,0,0,,,triagem/nome-caixa-conversao 1.0.0,31,ok
178691,per178691_1910_09385,4,0,0,,,triagem/nome-caixa-conversao 1.0.0,31,ok
178691,per178691_1910_09385,5,0,0,,,triagem/nome-caixa-conversao 1.0.0,31,ok
178691,per178691_1910_09385,6,0,0,,,triagem/nome-caixa-conversao 1.0.0,31,ok
178691,per178691_1910_09385,7,0,0,,,triagem/nome-caixa-conversao 1.0.0,31,ok
178691,per178691_1910_09385,8,0,0,,,triagem/nome-caixa-conversao 1.0.0,31,ok
178691,per178691_1910_09385,9,0,0,,,triagem/nome-caixa-conversao 1.0.0,31,ok
178691,per178691_1910_09385,10,0,0,,,triagem/nome-caixa-conversao 1.0.0,31,ok
178691,per178691_1910_09385,11,0,0,,,triagem/nome-caixa-conversao 1.0.0,31,ok
178691,per178691_1910_09385,12,0,0,,,triagem/nome-caixa-conversao 1.0.0,31,ok
178691,per178691_1910_09386,1,0,0,,,triagem/nome-caixa-conversao 1.0.0,31,ok
178691,per178691_1910_09386,2,0,0,,,triagem/nome-caixa-conversao 1.0.0,31,ok
178691,per178691_1910_09386,3,1,1,caixa de conver,14843,triagem/nome-caixa-conversao 1.0.0,31,ok
178691,per178691_1910_09386,4,0,0,,,triagem/nome-caixa-conversao 1.0.0,31,ok
178691,per178691_1910_09386,5,0,0,,,triagem/nome-caixa-conversao 1.0.0,31,ok
178691,per178691_1910_09386,6,0,0,,,triagem/nome-caixa-conversao 1.0.0,31,ok
178691,per178691_1910_09386,7,0,0,,,triagem/nome-caixa-conversao 1.0.0,31,ok
178691,per178691_1910_09386,8,0,0,,,triagem/nome-caixa-conversao 1.0.0,31,ok
178691,per178691_1910_09386,9,0,0,,,triagem/nome-caixa-conversao 1.0.0,31,ok
178691,per178691_1910_09386,10,0,0,,,triagem/nome-caixa-conversao 1.0.0,31,ok
178691,per178691_1910_09386,11,0,0,,,triagem/nome-caixa-conversao 1.0.0,31,ok
178691,per178691_1910_09386,12,0,0,,,triagem/nome-caixa-conversao 1.0.0,31,ok
178691,per178691_1910_09386,13,0,0,,,triagem/nome-caixa-conversao 1.0.0,31,ok
178691,per178691_1910_09386,14,0,0,,,triagem/nome-caixa-conversao 1.0.0,31,ok
178691,per178691_1910_09386,15,0,0,,,triagem/nome-caixa-conversao 1.0.0,31,ok
178691,per178691_1910_09386,16,0,0,,,triagem/nome-caixa-conversao 1.0.0,31,ok
178691,per178691_1910_09387,1,0,0,,,triagem/nome-caixa-conversao 1.0.0,31,ok
178691,per178691_1910_09387,2,1,1,caixa de conver,26053,triagem/nome-caixa-conversao 1.0.0,31,ok
178691,per178691_1910_09387,3,0,0,,,triagem/nome-caixa-conversao 1.0.0,31,ok
178691,per178691_1910_09387,4,0,0,,,triagem/nome-caixa-conversao 1.0.0,31,ok
178691,per178691_1910_09387,5,0,0,,,triagem/nome-caixa-conversao 1.0.0,31,ok
178691,per178691_1910_09387,6,0,0,,,triagem/nome-caixa-conversao 1.0.0,31,ok
178691,per178691_1910_09387,7,1,1,caixa de conver,31264,triagem/nome-caixa-conversao 1.0.0,31,ok
178691,per178691_1910_09387,8,0,0,,,triagem/nome-caixa-conversao 1.0.0,31,ok
178691,per178691_1910_09387,9,0,0,,,triagem/nome-caixa-conversao 1.0.0,31,ok
178691,per178691_1910_09387,10,0,0,,,triagem/nome-caixa-conversao 1.0.0,31,ok
178691,per178691_1910_09387,11,0,0,,,triagem/nome-caixa-conversao 1.0.0,31,ok
178691,per178691_1910_09387,12,0,0,,,triagem/nome-caixa-conversao 1.0.0,31,ok
178691,per178691_1910_09388,1,0,0,,,triagem/nome-caixa-conversao 1.0.0,31,ok
178691,per178691_1910_09388,2,0,0,,,triagem/nome-caixa-conversao 1.0.0,31,ok
178691,per178691_1910_09388,3,0,0,,,triagem/nome-caixa-conversao 1.0.0,31,ok
178691,per178691_1910_09388,4,1,3,caixa de conver,29356,triagem/nome-caixa-conversao 1.0.0,31,ok
178691,per178691_1910_09388,5,1,1,caixa dc conver,3097,triagem/nome-caixa-conversao 1.0.0,31,ok
178691,per178691_1910_09388,6,0,0,,,triagem/nome-caixa-conversao 1.0.0,31,ok
178691,per178691_1910_09388,7,0,0,,,triagem/nome-caixa-conversao 1.0.0,31,ok
178691,per178691_1910_09388,8,0,0,,,triagem/nome-caixa-conversao 1.0.0,31,ok
178691,per178691_1910_09388,9,0,0,,,triagem/nome-caixa-conversao 1.0.0,31,ok
178691,per178691_1910_09388,10,0,0,,,triagem/nome-caixa-conversao 1.0.0,31,ok
178691,per178691_1910_09388,11,0,0,,,triagem/nome-caixa-conversao 1.0.0,31,ok
178691,per178691_1910_09388,12,0,0,,,triagem/nome-caixa-conversao 1.0.0,31,ok
178691,per178691_1910_09388,13,0,0,,,triagem/nome-caixa-conversao 1.0.0,31,ok
178691,per178691_1910_09388,14,0,0,,,triagem/nome-caixa-conversao 1.0.0,31,ok
178691,per178691_1910_09388,15,0,0,,,triagem/nome-caixa-conversao 1.0.0,31,ok
178691,per178691_1910_09388,16,0,0,,,triagem/nome-caixa-conversao 1.0.0,31,ok
178691,per178691_1910_09388,17,0,0,,,triagem/nome-caixa-conversao 1.0.0,31,ok
178691,per178691_1910_09388,18,0,0,,,triagem/nome-caixa-conversao 1.0.0,31,ok
178691,per178691_1910_09388,19,0,0,,,triagem/nome-caixa-conversao 1.0.0,31,ok
178691,per178691_1910_09388,20,0,0,,,triagem/nome-caixa-conversao 1.0.0,31,ok
178691,per178691_1910_09389,1,0,0,,,triagem/nome-caixa-conversao 1.0.0,31,ok
178691,per178691_1910_09389,2,0,0,,,triagem/nome-caixa-conversao 1.0.0,31,ok
178691,per178691_1910_09389,3,0,0,,,triagem/nome-caixa-conversao 1.0.0,31,ok
178691,per178691_1910_09389,4,0,0,,,triagem/nome-caixa-conversao 1.0.0,31,ok
178691,per178691_1910_09389,5,0,0,,,triagem/nome-caixa-conversao 1.0.0,31,ok
178691,per178691_1910_09389,6,0,0,,,triagem/nome-caixa-conversao 1.0.0,31,ok
178691,per178691_1910_09389,7,0,0,,,triagem/nome-caixa-conversao 1.0.0,31,ok
178691,per178691_1910_09389,8,0,0,,,triagem/nome-caixa-conversao 1.0.0,31,ok
178691,per178691_1910_09389,9,0,0,,,triagem/nome-caixa-conversao 1.0.0,31,ok
178691,per178691_1910_09389,10,0,0,,,triagem/nome-caixa-conversao 1.0.0,31,ok
178691,per178691_1910_09390,1,0,0,,,triagem/nome-caixa-conversao 1.0.0,31,ok
178691,per178691_1910_09390,2,0,0,,,triagem/nome-caixa-conversao 1.0.0,31,ok
178691,per178691_1910_09390,3,0,0,,,triagem/nome-caixa-conversao 1.0.0,31,ok
178691,per178691_1910_09390,4,0,0,,,triagem/nome-caixa-conversao 1.0.0,31,ok
178691,per178691_1910_09390,5,0,0,,,triagem/nome-caixa-conversao 1.0.0,31,ok
178691,per178691_1910_09390,6,0,0,,,triagem/nome-caixa-conversao 1.0.0,31,ok
178691,per178691_1910_09390,7,0,0,,,triagem/nome-caixa-conversao 1.0.0,31,ok
178691,per178691_1910_09390,8,0,0,,,triagem/nome-caixa-conversao 1.0.0,31,ok
178691,per178691_1910_09390,9,0,0,,,triagem/nome-caixa-conversao 1.0.0,31,ok
178691,per178691_1910_09390,10,0,0,,,triagem/nome-caixa-conversao 1.0.0,31,ok
178691,per178691_1910_09390,11,1,1,caixa de conver,3672,triagem/nome-caixa-conversao 1.0.0,31,ok
178691,per178691_1910_09390,12,0,0,,,triagem/nome-caixa-conversao 1.0.0,31,ok
178691,per178691_1910_09390,13,0,0,,,triagem/nome-caixa-conversao 1.0.0,31,ok
178691,per178691_1910_09390,14,0,0,,,triagem/nome-caixa-conversao 1.0.0,31,ok
178691,per178691_1910_09390,15,0,0,,,triagem/nome-caixa-conversao 1.0.0,31,ok
178691,per178691_1910_09390,16,0,0,,,triagem/nome-caixa-conversao 1.0.0,31,ok
178691,per178691_1910_09391,1,0,0,,,triagem/nome-caixa-conversao 1.0.0,31,ok
178691,per178691_1910_09391,2,1,1,caixadc conver,19517,triagem/nome-caixa-conversao 1.0.0,31,ok
178691,per178691_1910_09391,3,0,0,,,triagem/nome-caixa-conversao 1.0.0,31,ok
178691,per178691_1910_09391,4,1,1,caixa de conver,23789,triagem/nome-caixa-conversao 1.0.0,31,ok
178691,per178691_1910_09391,5,0,0,,,triagem/nome-caixa-conversao 1.0.0,31,ok
178691,per178691_1910_09391,6,0,0,,,triagem/nome-caixa-conversao 1.0.0,31,ok
178691,per178691_1910_09391,7,0,0,,,triagem/nome-caixa-conversao 1.0.0,31,ok
178691,per178691_1910_09391,8,0,0,,,triagem/nome-caixa-conversao 1.0.0,31,ok
178691,per178691_1910_09391,9,0,0,,,triagem/nome-caixa-conversao 1.0.0,31,ok
178691,per178691_1910_09391,10,0,0,,,triagem/nome-caixa-conversao 1.0.0,31,ok
178691,per178691_1910_09391,11,0,0,,,triagem/nome-caixa-conversao 1.0.0,31,ok
178691,per178691_1910_09391,12,0,0,,,triagem/nome-caixa-conversao 1.0.0,31,ok
178691,per178691_1910_09392,1,0,0,,,triagem/nome-caixa-conversao 1.0.0,31,ok
178691,per178691_1910_09392,2,0,0,,,triagem/nome-caixa-conversao 1.0.0,31,ok
178691,per178691_1910_09392,3,0,0,,,triagem/nome-caixa-conversao 1.0.0,31,ok
178691,per178691_1910_09392,4,0,0,,,triagem/nome-caixa-conversao 1.0.0,31,ok
178691,per178691_1910_09392,5,0,0,,,triagem/nome-caixa-conversao 1.0.0,31,ok
178691,per178691_1910_09392,6,0,0,,,triagem/nome-caixa-conversao 1.0.0,31,ok
178691,per178691_1910_09392,7,0,0,,,triagem/nome-caixa-conversao 1.0.0,31,ok
178691,per178691_1910_09392,8,0,0,,,triagem/nome-caixa-conversao 1.0.0,31,ok
178691,per178691_1910_09392,9,1,1,caixade conver,23746,triagem/nome-caixa-conversao 1.0.0,31,ok
178691,per178691_1910_09392,10,0,0,,,triagem/nome-caixa-conversao 1.0.0,31,ok
178691,per178691_1910_09392,11,0,0,,,triagem/nome-caixa-conversao 1.0.0,31,ok
178691,per178691_1910_09392,12,0,0,,,triagem/nome-caixa-conversao 1.0.0,31,ok
178691,per178691_1910_09392,13,0,0,,,triagem/nome-caixa-conversao 1.0.0,31,ok
178691,per178691_1910_09392,14,0,0,,,triagem/nome-caixa-conversao 1.0.0,31,ok
178691,per178691_1910_09392,15,0,0,,,triagem/nome-caixa-conversao 1.0.0,31,ok
178691,per178691_1910_09392,16,0,0,,,triagem/nome-caixa-conversao 1.0.0,31,ok
178691,per178691_1910_09393,1,0,0,,,triagem/nome-caixa-conversao 1.0.0,31,ok
178691,per178691_1910_09393,2,1,1,caixa de conver,22270,triagem/nome-caixa-conversao 1.0.0,31,ok
178691,per178691_1910_09393,3,0,0,,,triagem/nome-caixa-conversao 1.0.0,31,ok
178691,per178691_1910_09393,4,0,0,,,triagem/nome-caixa-conversao 1.0.0,31,ok
178691,per178691_1910_09393,5,1,1,caixa de conver,21262,triagem/nome-caixa-conversao 1.0.0,31,ok
178691,per178691_1910_09393,6,0,0,,,triagem/nome-caixa-conversao 1.0.0,31,ok
178691,per178691_1910_09393,7,0,0,,,triagem/nome-caixa-conversao 1.0.0,31,ok
178691,per178691_1910_09393,8,0,0,,,triagem/nome-caixa-conversao 1.0.0,31,ok
178691,per178691_1910_09393,9,0,0,,,triagem/nome-caixa-conversao 1.0.0,31,ok
178691,per178691_1910_09393,10,0,0,,,triagem/nome-caixa-conversao 1.0.0,31,ok
178691,per178691_1910_09393,11,0,0,,,triagem/nome-caixa-conversao 1.0.0,31,ok
178691,per178691_1910_09393,12,0,0,,,triagem/nome-caixa-conversao 1.0.0,31,ok
178691,per178691_1910_09394,1,0,0,,,triagem/nome-caixa-conversao 1.0.0,31,ok
178691,per178691_1910_09394,2,0,0,,,triagem/nome-caixa-conversao 1.0.0,31,ok
178691,per178691_1910_09394,3,0,0,,,triagem/nome-caixa-conversao 1.0.0,31,ok
178691,per178691_1910_09394,4,0,0,,,triagem/nome-caixa-conversao 1.0.0,31,ok
178691,per178691_1910_09394,5,0,0,,,triagem/nome-caixa-conversao 1.0.0,31,ok
178691,per178691_1910_09394,6,0,0,,,triagem/nome-caixa-conversao 1.0.0,31,ok
178691,per178691_1910_09394,7,0,0,,,triagem/nome-caixa-conversao 1.0.0,31,ok
178691,per178691_1910_09394,8,0,0,,,triagem/nome-caixa-conversao 1.0.0,31,ok
178691,per178691_1910_09394,9,0,0,,,triagem/nome-caixa-conversao 1.0.0,31,ok
178691,per178691_1910_09394,10,0,0,,,triagem/nome-caixa-conversao 1.0.0,31,ok
178691,per178691_1910_09394,11,0,0,,,triagem/nome-caixa-conversao 1.0.0,31,ok
178691,per178691_1910_09394,12,0,0,,,triagem/nome-caixa-conversao 1.0.0,31,ok
178691,per178691_1910_09395,1,0,0,,,triagem/nome-caixa-conversao 1.0.0,31,ok
178691,per178691_1910_09395,2,1,1,caixa de conver,18888,triagem/nome-caixa-conversao 1.0.0,31,ok
178691,per178691_1910_09395,3,0,0,,,triagem/nome-caixa-conversao 1.0.0,31,ok
178691,per178691_1910_09395,4,0,0,,,triagem/nome-caixa-conversao 1.0.0,31,ok
178691,per178691_1910_09395,5,0,0,,,triagem/nome-caixa-conversao 1.0.0,31,ok
178691,per178691_1910_09395,6,0,0,,,triagem/nome-caixa-conversao 1.0.0,31,ok
178691,per178691_1910_09395,7,0,0,,,triagem/nome-caixa-conversao 1.0.0,31,ok
178691,per178691_1910_09395,8,0,0,,,triagem/nome-caixa-conversao 1.0.0,31,ok
178691,per178691_1910_09395,9,0,0,,,triagem/nome-caixa-conversao 1.0.0,31,ok
178691,per178691_1910_09395,10,0,0,,,triagem/nome-caixa-conversao 1.0.0,31,ok
178691,per178691_1910_09395,11,0,0,,,triagem/nome-caixa-conversao 1.0.0,31,ok
178691,per178691_1910_09395,12,0,0,,,triagem/nome-caixa-conversao 1.0.0,31,ok
178691,per178691_1910_09395,13,0,0,,,triagem/nome-caixa-conversao 1.0.0,31,ok
178691,per178691_1910_09395,14,0,0,,,triagem/nome-caixa-conversao 1.0.0,31,ok
178691,per178691_1910_09395,15,0,0,,,triagem/nome-caixa-conversao 1.0.0,31,ok
178691,per178691_1910_09395,16,0,0,,,triagem/nome-caixa-conversao 1.0.0,31,ok
178691,per178691_1910_09396,1,0,0,,,triagem/nome-caixa-conversao 1.0.0,31,ok
178691,per178691_1910_09396,2,0,0,,,triagem/nome-caixa-conversao 1.0.0,31,ok
178691,per178691_1910_09396,3,0,0,,,triagem/nome-caixa-conversao 1.0.0,31,ok
178691,per178691_1910_09396,4,1,2,caixade conver,20434,triagem/nome-caixa-conversao 1.0.0,31,ok
178691,per178691_1910_09396,5,0,0,,,triagem/nome-caixa-conversao 1.0.0,31,ok
178691,per178691_1910_09396,6,0,0,,,triagem/nome-caixa-conversao 1.0.0,31,ok
178691,per178691_1910_09396,7,0,0,,,triagem/nome-caixa-conversao 1.0.0,31,ok
178691,per178691_1910_09396,8,0,0,,,triagem/nome-caixa-conversao 1.0.0,31,ok
178691,per178691_1910_09396,9,0,0,,,triagem/nome-caixa-conversao 1.0.0,31,ok
178691,per178691_1910_09396,10,0,0,,,triagem/nome-caixa-conversao 1.0.0,31,ok
178691,per178691_1910_09396,11,0,0,,,triagem/nome-caixa-conversao 1.0.0,31,ok
178691,per178691_1910_09396,12,0,0,,,triagem/nome-caixa-conversao 1.0.0,31,ok
178691,per178691_1910_09397,1,0,0,,,triagem/nome-caixa-conversao 1.0.0,31,ok
178691,per178691_1910_09397,2,0,0,,,triagem/nome-caixa-conversao 1.0.0,31,ok
178691,per178691_1910_09397,3,0,0,,,triagem/nome-caixa-conversao 1.0.0,31,ok
178691,per178691_1910_09397,4,0,0,,,triagem/nome-caixa-conversao 1.0.0,31,ok
178691,per178691_1910_09397,5,0,0,,,triagem/nome-caixa-conversao 1.0.0,31,ok
178691,per178691_1910_09397,6,0,0,,,triagem/nome-caixa-conversao 1.0.0,31,ok
178691,per178691_1910_09397,7,0,0,,,triagem/nome-caixa-conversao 1.0.0,31,ok
178691,per178691_1910_09397,8,0,0,,,triagem/nome-caixa-conversao 1.0.0,31,ok
178691,per178691_1910_09397,9,0,0,,,triagem/nome-caixa-conversao 1.0.0,31,ok
178691,per178691_1910_09397,10,0,0,,,triagem/nome-caixa-conversao 1.0.0,31,ok
178691,per178691_1910_09397,11,0,0,,,triagem/nome-caixa-conversao 1.0.0,31,ok
178691,per178691_1910_09397,12,0,0,,,triagem/nome-caixa-conversao 1.0.0,31,ok
178691,per178691_1910_09397,13,0,0,,,triagem/nome-caixa-conversao 1.0.0,31,ok
178691,per178691_1910_09397,14,0,0,,,triagem/nome-caixa-conversao 1.0.0,31,ok
178691,per178691_1910_09397,15,0,0,,,triagem/nome-caixa-conversao 1.0.0,31,ok
178691,per178691_1910_09397,16,0,0,,,triagem/nome-caixa-conversao 1.0.0,31,ok
178691,per178691_1910_09398,1,0,0,,,triagem/nome-caixa-conversao 1.0.0,31,ok
178691,per178691_1910_09398,2,0,0,,,triagem/nome-caixa-conversao 1.0.0,31,ok
178691,per178691_1910_09398,3,0,0,,,triagem/nome-caixa-conversao 1.0.0,31,ok
178691,per178691_1910_09398,4,0,0,,,triagem/nome-caixa-conversao 1.0.0,31,ok
178691,per178691_1910_09398,5,0,0,,,triagem/nome-caixa-conversao 1.0.0,31,ok
178691,per178691_1910_09398,6,0,0,,,triagem/nome-caixa-conversao 1.0.0,31,ok
178691,per178691_1910_09398,7,1,1,caixa de conver,16945,triagem/nome-caixa-conversao 1.0.0,31,ok
178691,per178691_1910_09398,8,0,0,,,triagem/nome-caixa-conversao 1.0.0,31,ok
178691,per178691_1910_09398,9,0,0,,,triagem/nome-caixa-conversao 1.0.0,31,ok
178691,per178691_1910_09398,10,0,0,,,triagem/nome-caixa-conversao 1.0.0,31,ok
178691,per178691_1910_09398,11,1,1,caixa do conver,10000,triagem/nome-caixa-conversao 1.0.0,31,ok
178691,per178691_1910_09398,12,0,0,,,triagem/nome-caixa-conversao 1.0.0,31,ok
178691,per178691_1910_09398,13,0,0,,,triagem/nome-caixa-conversao 1.0.0,31,ok
178691,per178691_1910_09398,14,0,0,,,triagem/nome-caixa-conversao 1.0.0,31,ok
178691,per178691_1910_09398,15,0,0,,,triagem/nome-caixa-conversao 1.0.0,31,ok
178691,per178691_1910_09398,16,0,0,,,triagem/nome-caixa-conversao 1.0.0,31,ok
178691,per178691_1910_09399,1,0,0,,,triagem/nome-caixa-conversao 1.0.0,31,ok
178691,per178691_1910_09399,2,0,0,,,triagem/nome-caixa-conversao 1.0.0,31,ok
178691,per178691_1910_09399,3,0,0,,,triagem/nome-caixa-conversao 1.0.0,31,ok
178691,per178691_1910_09399,4,0,0,,,triagem/nome-caixa-conversao 1.0.0,31,ok
178691,per178691_1910_09399,5,0,0,,,triagem/nome-caixa-conversao 1.0.0,31,ok
178691,per178691_1910_09399,6,0,0,,,triagem/nome-caixa-conversao 1.0.0,31,ok
178691,per178691_1910_09399,7,0,0,,,triagem/nome-caixa-conversao 1.0.0,31,ok
178691,per178691_1910_09399,8,1,1,caixa de conver,9365,triagem/nome-caixa-conversao 1.0.0,31,ok
178691,per178691_1910_09399,9,0,0,,,triagem/nome-caixa-conversao 1.0.0,31,ok
178691,per178691_1910_09399,10,0,0,,,triagem/nome-caixa-conversao 1.0.0,31,ok
178691,per178691_1910_09399,11,0,0,,,triagem/nome-caixa-conversao 1.0.0,31,ok
178691,per178691_1910_09399,12,0,0,,,triagem/nome-caixa-conversao 1.0.0,31,ok
178691,per178691_1910_09400,1,0,0,,,triagem/nome-caixa-conversao 1.0.0,31,ok
178691,per178691_1910_09400,2,0,0,,,triagem/nome-caixa-conversao 1.0.0,31,ok
178691,per178691_1910_09400,3,0,0,,,triagem/nome-caixa-conversao 1.0.0,31,ok
178691,per178691_1910_09400,4,0,0,,,triagem/nome-caixa-conversao 1.0.0,31,ok
178691,per178691_1910_09400,5,0,0,,,triagem/nome-caixa-conversao 1.0.0,31,ok
178691,per178691_1910_09400,6,0,0,,,triagem/nome-caixa-conversao 1.0.0,31,ok
178691,per178691_1910_09400,7,0,0,,,triagem/nome-caixa-conversao 1.0.0,31,ok
178691,per178691_1910_09400,8,0,0,,,triagem/nome-caixa-conversao 1.0.0,31,ok
178691,per178691_1910_09400,9,0,0,,,triagem/nome-caixa-conversao 1.0.0,31,ok
178691,per178691_1910_09400,10,0,0,,,triagem/nome-caixa-conversao 1.0.0,31,ok
178691,per178691_1910_09400,11,0,0,,,triagem/nome-caixa-conversao 1.0.0,31,ok
178691,per178691_1910_09400,12,0,0,,,triagem/nome-caixa-conversao 1.0.0,31,ok
178691,per178691_1910_09400,13,0,0,,,triagem/nome-caixa-conversao 1.0.0,31,ok
178691,per178691_1910_09400,14,0,0,,,triagem/nome-caixa-conversao 1.0.0,31,ok
178691,per178691_1910_09400,15,0,0,,,triagem/nome-caixa-conversao 1.0.0,31,ok
178691,per178691_1910_09400,16,0,0,,,triagem/nome-caixa-conversao 1.0.0,31,ok
178691,per178691_1910_09401,1,0,0,,,triagem/nome-caixa-conversao 1.0.0,31,ok
178691,per178691_1910_09401,2,0,0,,,triagem/nome-caixa-conversao 1.0.0,31,ok
178691,per178691_1910_09401,3,0,0,,,triagem/nome-caixa-conversao 1.0.0,31,ok
178691,per178691_1910_09401,4,1,1,caixa deconver,20290,triagem/nome-caixa-conversao 1.0.0,31,ok
178691,per178691_1910_09401,5,0,0,,,triagem/nome-caixa-conversao 1.0.0,31,ok
178691,per178691_1910_09401,6,0,0,,,triagem/nome-caixa-conversao 1.0.0,31,ok
178691,per178691_1910_09401,7,0,0,,,triagem/nome-caixa-conversao 1.0.0,31,ok
178691,per178691_1910_09401,8,1,1,caixa de conver,10343,triagem/nome-caixa-conversao 1.0.0,31,ok
178691,per178691_1910_09401,9,0,0,,,triagem/nome-caixa-conversao 1.0.0,31,ok
178691,per178691_1910_09401,10,0,0,,,triagem/nome-caixa-conversao 1.0.0,31,ok
178691,per178691_1910_09401,11,0,0,,,triagem/nome-caixa-conversao 1.0.0,31,ok
178691,per178691_1910_09401,12,0,0,,,triagem/nome-caixa-conversao 1.0.0,31,ok
178691,per178691_1910_09402,1,1,1,caixa de conver,28153,triagem/nome-caixa-conversao 1.0.0,31,ok
178691,per178691_1910_09402,2,0,0,,,triagem/nome-caixa-conversao 1.0.0,31,ok
178691,per178691_1910_09402,3,0,0,,,triagem/nome-caixa-conversao 1.0.0,31,ok
178691,per178691_1910_09402,4,0,0,,,triagem/nome-caixa-conversao 1.0.0,31,ok
178691,per178691_1910_09402,5,0,0,,,triagem/nome-caixa-conversao 1.0.0,31,ok
178691,per178691_1910_09402,6,0,0,,,triagem/nome-caixa-conversao 1.0.0,31,ok
178691,per178691_1910_09402,7,0,0,,,triagem/nome-caixa-conversao 1.0.0,31,ok
178691,per178691_1910_09402,8,1,1,caixa de conver,25196,triagem/nome-caixa-conversao 1.0.0,31,ok
178691,per178691_1910_09402,9,0,0,,,triagem/nome-caixa-conversao 1.0.0,31,ok
178691,per178691_1910_09402,10,0,0,,,triagem/nome-caixa-conversao 1.0.0,31,ok
178691,per178691_1910_09402,11,0,0,,,triagem/nome-caixa-conversao 1.0.0,31,ok
178691,per178691_1910_09402,12,0,0,,,triagem/nome-caixa-conversao 1.0.0,31,ok
178691,per178691_1910_09402,13,0,0,,,triagem/nome-caixa-conversao 1.0.0,31,ok
178691,per178691_1910_09402,14,0,0,,,triagem/nome-caixa-conversao 1.0.0,31,ok
178691,per178691_1910_09402,15,0,0,,,triagem/nome-caixa-conversao 1.0.0,31,ok
178691,per178691_1910_09402,16,0,0,,,triagem/nome-caixa-conversao 1.0.0,31,ok
178691,per178691_1910_09403,1,0,0,,,triagem/nome-caixa-conversao 1.0.0,31,ok
178691,per178691_1910_09403,2,0,0,,,triagem/nome-caixa-conversao 1.0.0,31,ok
178691,per178691_1910_09403,3,0,0,,,triagem/nome-caixa-conversao 1.0.0,31,ok
178691,per178691_1910_09403,4,0,0,,,triagem/nome-caixa-conversao 1.0.0,31,ok
178691,per178691_1910_09403,5,0,0,,,triagem/nome-caixa-conversao 1.0.0,31,ok
178691,per178691_1910_09403,6,0,0,,,triagem/nome-caixa-conversao 1.0.0,31,ok
178691,per178691_1910_09403,7,1,1,caixa de conver,43328,triagem/nome-caixa-conversao 1.0.0,31,ok
178691,per178691_1910_09403,8,0,0,,,triagem/nome-caixa-conversao 1.0.0,31,ok
178691,per178691_1910_09403,9,0,0,,,triagem/nome-caixa-conversao 1.0.0,31,ok
178691,per178691_1910_09403,10,0,0,,,triagem/nome-caixa-conversao 1.0.0,31,ok
178691,per178691_1910_09403,11,0,0,,,triagem/nome-caixa-conversao 1.0.0,31,ok
178691,per178691_1910_09403,12,0,0,,,triagem/nome-caixa-conversao 1.0.0,31,ok
178691,per178691_1910_09404,1,0,0,,,triagem/nome-caixa-conversao 1.0.0,31,ok
178691,per178691_1910_09404,2,1,1,caixa dc conver,24155,triagem/nome-caixa-conversao 1.0.0,31,ok
178691,per178691_1910_09404,3,0,0,,,triagem/nome-caixa-conversao 1.0.0,31,ok
178691,per178691_1910_09404,4,0,0,,,triagem/nome-caixa-conversao 1.0.0,31,ok
178691,per178691_1910_09404,5,0,0,,,triagem/nome-caixa-conversao 1.0.0,31,ok
178691,per178691_1910_09404,6,0,0,,,triagem/nome-caixa-conversao 1.0.0,31,ok
178691,per178691_1910_09404,7,0,0,,,triagem/nome-caixa-conversao 1.0.0,31,ok
178691,per178691_1910_09404,8,0,0,,,triagem/nome-caixa-conversao 1.0.0,31,ok
178691,per178691_1910_09404,9,0,0,,,triagem/nome-caixa-conversao 1.0.0,31,ok
178691,per178691_1910_09404,10,1,1,caixa de conver,26906,triagem/nome-caixa-conversao 1.0.0,31,ok
178691,per178691_1910_09404,11,0,0,,,triagem/nome-caixa-conversao 1.0.0,31,ok
178691,per178691_1910_09404,12,0,0,,,triagem/nome-caixa-conversao 1.0.0,31,ok
178691,per178691_1910_09404,13,0,0,,,triagem/nome-caixa-conversao 1.0.0,31,ok
178691,per178691_1910_09404,14,0,0,,,triagem/nome-caixa-conversao 1.0.0,31,ok
178691,per178691_1910_09404,15,0,0,,,triagem/nome-caixa-conversao 1.0.0,31,ok
178691,per178691_1910_09404,16,0,0,,,triagem/nome-caixa-conversao 1.0.0,31,ok
178691,per178691_1910_09405,1,0,0,,,triagem/nome-caixa-conversao 1.0.0,31,ok
178691,per178691_1910_09405,2,1,1,caixa de conver,31868,triagem/nome-caixa-conversao 1.0.0,31,ok
178691,per178691_1910_09405,3,0,0,,,triagem/nome-caixa-conversao 1.0.0,31,ok
178691,per178691_1910_09405,4,0,0,,,triagem/nome-caixa-conversao 1.0.0,31,ok
178691,per178691_1910_09405,5,1,1,caixa de conver,27518,triagem/nome-caixa-conversao 1.0.0,31,ok
178691,per178691_1910_09405,6,0,0,,,triagem/nome-caixa-conversao 1.0.0,31,ok
178691,per178691_1910_09405,7,0,0,,,triagem/nome-caixa-conversao 1.0.0,31,ok
178691,per178691_1910_09405,8,0,0,,,triagem/nome-caixa-conversao 1.0.0,31,ok
178691,per178691_1910_09405,9,0,0,,,triagem/nome-caixa-conversao 1.0.0,31,ok
178691,per178691_1910_09405,10,0,0,,,triagem/nome-caixa-conversao 1.0.0,31,ok
178691,per178691_1910_09405,11,0,0,,,triagem/nome-caixa-conversao 1.0.0,31,ok
178691,per178691_1910_09405,12,0,0,,,triagem/nome-caixa-conversao 1.0.0,31,ok
178691,per178691_1910_09405,13,0,0,,,triagem/nome-caixa-conversao 1.0.0,31,ok
178691,per178691_1910_09405,14,0,0,,,triagem/nome-caixa-conversao 1.0.0,31,ok
178691,per178691_1910_09405,15,0,0,,,triagem/nome-caixa-conversao 1.0.0,31,ok
178691,per178691_1910_09405,16,0,0,,,triagem/nome-caixa-conversao 1.0.0,31,ok
178691,per178691_1910_09406,1,0,0,,,triagem/nome-caixa-conversao 1.0.0,31,ok
178691,per178691_1910_09406,2,0,0,,,triagem/nome-caixa-conversao 1.0.0,31,ok
178691,per178691_1910_09406,3,0,0,,,triagem/nome-caixa-conversao 1.0.0,31,ok
178691,per178691_1910_09406,4,0,0,,,triagem/nome-caixa-conversao 1.0.0,31,ok
178691,per178691_1910_09406,5,1,1,caixa de conver,5375,triagem/nome-caixa-conversao 1.0.0,31,ok
178691,per178691_1910_09406,6,1,1,caixa de conver,36597,triagem/nome-caixa-conversao 1.0.0,31,ok
178691,per178691_1910_09406,7,0,0,,,triagem/nome-caixa-conversao 1.0.0,31,ok
178691,per178691_1910_09406,8,0,0,,,triagem/nome-caixa-conversao 1.0.0,31,ok
178691,per178691_1910_09406,9,0,0,,,triagem/nome-caixa-conversao 1.0.0,31,ok
178691,per178691_1910_09406,10,0,0,,,triagem/nome-caixa-conversao 1.0.0,31,ok
178691,per178691_1910_09406,11,0,0,,,triagem/nome-caixa-conversao 1.0.0,31,ok
178691,per178691_1910_09406,12,0,0,,,triagem/nome-caixa-conversao 1.0.0,31,ok
178691,per178691_1910_09407,1,0,0,,,triagem/nome-caixa-conversao 1.0.0,31,ok
178691,per178691_1910_09407,2,1,1,caixa de conver,20236,triagem/nome-caixa-conversao 1.0.0,31,ok
178691,per178691_1910_09407,3,0,0,,,triagem/nome-caixa-conversao 1.0.0,31,ok
178691,per178691_1910_09407,4,0,0,,,triagem/nome-caixa-conversao 1.0.0,31,ok
178691,per178691_1910_09407,5,0,0,,,triagem/nome-caixa-conversao 1.0.0,31,ok
178691,per178691_1910_09407,6,0,0,,,triagem/nome-caixa-conversao 1.0.0,31,ok
178691,per178691_1910_09407,7,0,0,,,triagem/nome-caixa-conversao 1.0.0,31,ok
178691,per178691_1910_09407,8,0,0,,,triagem/nome-caixa-conversao 1.0.0,31,ok
178691,per178691_1910_09407,9,0,0,,,triagem/nome-caixa-conversao 1.0.0,31,ok
178691,per178691_1910_09407,10,0,0,,,triagem/nome-caixa-conversao 1.0.0,31,ok
178691,per178691_1910_09407,11,0,0,,,triagem/nome-caixa-conversao 1.0.0,31,ok
178691,per178691_1910_09407,12,0,0,,,triagem/nome-caixa-conversao 1.0.0,31,ok
178691,per178691_1910_09407,13,0,0,,,triagem/nome-caixa-conversao 1.0.0,31,ok
178691,per178691_1910_09407,14,0,0,,,triagem/nome-caixa-conversao 1.0.0,31,ok
178691,per178691_1910_09407,15,0,0,,,triagem/nome-caixa-conversao 1.0.0,31,ok
178691,per178691_1910_09407,16,0,0,,,triagem/nome-caixa-conversao 1.0.0,31,ok
178691,per178691_1910_09408,1,0,0,,,triagem/nome-caixa-conversao 1.0.0,31,ok
178691,per178691_1910_09408,2,0,0,,,triagem/nome-caixa-conversao 1.0.0,31,ok
178691,per178691_1910_09408,3,0,0,,,triagem/nome-caixa-conversao 1.0.0,31,ok
178691,per178691_1910_09408,4,0,0,,,triagem/nome-caixa-conversao 1.0.0,31,ok
178691,per178691_1910_09408,5,0,0,,,triagem/nome-caixa-conversao 1.0.0,31,ok
178691,per178691_1910_09408,6,0,0,,,triagem/nome-caixa-conversao 1.0.0,31,ok
178691,per178691_1910_09408,7,1,1,caixa de conver,4554,triagem/nome-caixa-conversao 1.0.0,31,ok
178691,per178691_1910_09408,8,0,0,,,triagem/nome-caixa-conversao 1.0.0,31,ok
178691,per178691_1910_09408,9,0,0,,,triagem/nome-caixa-conversao 1.0.0,31,ok
178691,per178691_1910_09408,10,0,0,,,triagem/nome-caixa-conversao 1.0.0,31,ok
178691,per178691_1910_09408,11,0,0,,,triagem/nome-caixa-conversao 1.0.0,31,ok
178691,per178691_1910_09408,12,0,0,,,triagem/nome-caixa-conversao 1.0.0,31,ok
178691,per178691_1910_09409,1,0,0,,,triagem/nome-caixa-conversao 1.0.0,31,ok
178691,per178691_1910_09409,2,0,0,,,triagem/nome-caixa-conversao 1.0.0,31,ok
178691,per178691_1910_09409,3,0,0,,,triagem/nome-caixa-conversao 1.0.0,31,ok
178691,per178691_1910_09409,4,0,0,,,triagem/nome-caixa-conversao 1.0.0,31,ok
178691,per178691_1910_09409,5,0,0,,,triagem/nome-caixa-conversao 1.0.0,31,ok
178691,per178691_1910_09409,6,0,0,,,triagem/nome-caixa-conversao 1.0.0,31,ok
178691,per178691_1910_09409,7,0,0,,,triagem/nome-caixa-conversao 1.0.0,31,ok
178691,per178691_1910_09409,8,0,0,,,triagem/nome-caixa-conversao 1.0.0,31,ok
178691,per178691_1910_09409,9,0,0,,,triagem/nome-caixa-conversao 1.0.0,31,ok
178691,per178691_1910_09409,10,0,0,,,triagem/nome-caixa-conversao 1.0.0,31,ok
178691,per178691_1910_09409,11,0,0,,,triagem/nome-caixa-conversao 1.0.0,31,ok
178691,per178691_1910_09409,12,0,0,,,triagem/nome-caixa-conversao 1.0.0,31,ok
178691,per178691_1910_09409,13,0,0,,,triagem/nome-caixa-conversao 1.0.0,31,ok
178691,per178691_1910_09409,14,0,0,,,triagem/nome-caixa-conversao 1.0.0,31,ok
178691,per178691_1910_09409,15,0,0,,,triagem/nome-caixa-conversao 1.0.0,31,ok
178691,per178691_1910_09409,16,0,0,,,triagem/nome-caixa-conversao 1.0.0,31,ok
178691,per178691_1910_09410,1,0,0,,,triagem/nome-caixa-conversao 1.0.0,31,ok
178691,per178691_1910_09410,2,0,0,,,triagem/nome-caixa-conversao 1.0.0,31,ok
178691,per178691_1910_09410,3,0,0,,,triagem/nome-caixa-conversao 1.0.0,31,ok
178691,per178691_1910_09410,4,0,0,,,triagem/nome-caixa-conversao 1.0.0,31,ok
178691,per178691_1910_09410,5,0,0,,,triagem/nome-caixa-conversao 1.0.0,31,ok
178691,per178691_1910_09410,6,0,0,,,triagem/nome-caixa-conversao 1.0.0,31,ok
178691,per178691_1910_09410,7,0,0,,,triagem/nome-caixa-conversao 1.0.0,31,ok
178691,per178691_1910_09410,8,0,0,,,triagem/nome-caixa-conversao 1.0.0,31,ok
178691,per178691_1910_09410,9,0,0,,,triagem/nome-caixa-conversao 1.0.0,31,ok
178691,per178691_1910_09410,10,0,0,,,triagem/nome-caixa-conversao 1.0.0,31,ok
178691,per178691_1910_09410,11,0,0,,,triagem/nome-caixa-conversao 1.0.0,31,ok
178691,per178691_1910_09410,12,0,0,,,triagem/nome-caixa-conversao 1.0.0,31,ok
178691,per178691_1910_09411,1,0,0,,,triagem/nome-caixa-conversao 1.0.0,31,ok
178691,per178691_1910_09411,2,0,0,,,triagem/nome-caixa-conversao 1.0.0,31,ok
178691,per178691_1910_09411,3,0,0,,,triagem/nome-caixa-conversao 1.0.0,31,ok
178691,per178691_1910_09411,4,0,0,,,triagem/nome-caixa-conversao 1.0.0,31,ok
178691,per178691_1910_09411,5,0,0,,,triagem/nome-caixa-conversao 1.0.0,31,ok
178691,per178691_1910_09411,6,0,0,,,triagem/nome-caixa-conversao 1.0.0,31,ok
178691,per178691_1910_09411,7,0,0,,,triagem/nome-caixa-conversao 1.0.0,31,ok
178691,per178691_1910_09411,8,0,0,,,triagem/nome-caixa-conversao 1.0.0,31,ok
178691,per178691_1910_09411,9,0,0,,,triagem/nome-caixa-conversao 1.0.0,31,ok
178691,per178691_1910_09411,10,0,0,,,triagem/nome-caixa-conversao 1.0.0,31,ok
178691,per178691_1910_09411,11,0,0,,,triagem/nome-caixa-conversao 1.0.0,31,ok
178691,per178691_1910_09411,12,0,0,,,triagem/nome-caixa-conversao 1.0.0,31,ok
178691,per178691_1910_09411,13,0,0,,,triagem/nome-caixa-conversao 1.0.0,31,ok
178691,per178691_1910_09411,14,0,0,,,triagem/nome-caixa-conversao 1.0.0,31,ok
178691,per178691_1910_09411,15,0,0,,,triagem/nome-caixa-conversao 1.0.0,31,ok
178691,per178691_1910_09411,16,0,0,,,triagem/nome-caixa-conversao 1.0.0,31,ok
178691,per178691_1910_09412,1,0,0,,,triagem/nome-caixa-conversao 1.0.0,31,ok
178691,per178691_1910_09412,2,0,0,,,triagem/nome-caixa-conversao 1.0.0,31,ok
178691,per178691_1910_09412,3,0,0,,,triagem/nome-caixa-conversao 1.0.0,31,ok
178691,per178691_1910_09412,4,0,0,,,triagem/nome-caixa-conversao 1.0.0,31,ok
178691,per178691_1910_09412,5,0,0,,,triagem/nome-caixa-conversao 1.0.0,31,ok
178691,per178691_1910_09412,6,1,1,caixa do conver,9940,triagem/nome-caixa-conversao 1.0.0,31,ok
178691,per178691_1910_09412,7,0,0,,,triagem/nome-caixa-conversao 1.0.0,31,ok
178691,per178691_1910_09412,8,0,0,,,triagem/nome-caixa-conversao 1.0.0,31,ok
178691,per178691_1910_09412,9,0,0,,,triagem/nome-caixa-conversao 1.0.0,31,ok
178691,per178691_1910_09412,10,0,0,,,triagem/nome-caixa-conversao 1.0.0,31,ok
178691,per178691_1910_09412,11,0,0,,,triagem/nome-caixa-conversao 1.0.0,31,ok
178691,per178691_1910_09412,12,0,0,,,triagem/nome-caixa-conversao 1.0.0,31,ok
178691,per178691_1910_09413,1,0,0,,,triagem/nome-caixa-conversao 1.0.0,31,ok
178691,per178691_1910_09413,2,0,0,,,triagem/nome-caixa-conversao 1.0.0,31,ok
178691,per178691_1910_09413,3,0,0,,,triagem/nome-caixa-conversao 1.0.0,31,ok
178691,per178691_1910_09413,4,0,0,,,triagem/nome-caixa-conversao 1.0.0,31,ok
178691,per178691_1910_09413,5,0,0,,,triagem/nome-caixa-conversao 1.0.0,31,ok
178691,per178691_1910_09413,6,0,0,,,triagem/nome-caixa-conversao 1.0.0,31,ok
178691,per178691_1910_09413,7,0,0,,,triagem/nome-caixa-conversao 1.0.0,31,ok
178691,per178691_1910_09413,8,0,0,,,triagem/nome-caixa-conversao 1.0.0,31,ok
178691,per178691_1910_09413,9,0,0,,,triagem/nome-caixa-conversao 1.0.0,31,ok
178691,per178691_1910_09413,10,0,0,,,triagem/nome-caixa-conversao 1.0.0,31,ok
178691,per178691_1910_09413,11,0,0,,,triagem/nome-caixa-conversao 1.0.0,31,ok
178691,per178691_1910_09413,12,0,0,,,triagem/nome-caixa-conversao 1.0.0,31,ok
178691,per178691_1910_09413,13,0,0,,,triagem/nome-caixa-conversao 1.0.0,31,ok
178691,per178691_1910_09413,14,0,0,,,triagem/nome-caixa-conversao 1.0.0,31,ok
178691,per178691_1910_09413,15,0,0,,,triagem/nome-caixa-conversao 1.0.0,31,ok
178691,per178691_1910_09413,16,0,0,,,triagem/nome-caixa-conversao 1.0.0,31,ok
178691,per178691_1910_09414,1,0,0,,,triagem/nome-caixa-conversao 1.0.0,31,ok
178691,per178691_1910_09414,2,0,0,,,triagem/nome-caixa-conversao 1.0.0,31,ok
178691,per178691_1910_09414,3,0,0,,,triagem/nome-caixa-conversao 1.0.0,31,ok
178691,per178691_1910_09414,4,0,0,,,triagem/nome-caixa-conversao 1.0.0,31,ok
178691,per178691_1910_09414,5,0,0,,,triagem/nome-caixa-conversao 1.0.0,31,ok
178691,per178691_1910_09414,6,0,0,,,triagem/nome-caixa-conversao 1.0.0,31,ok
178691,per178691_1910_09414,7,0,0,,,triagem/nome-caixa-conversao 1.0.0,31,ok
178691,per178691_1910_09414,8,1,1,caixa de conver,34196,triagem/nome-caixa-conversao 1.0.0,31,ok
178691,per178691_1910_09414,9,0,0,,,triagem/nome-caixa-conversao 1.0.0,31,ok
178691,per178691_1910_09414,10,0,0,,,triagem/nome-caixa-conversao 1.0.0,31,ok
178691,per178691_1910_09414,11,0,0,,,triagem/nome-caixa-conversao 1.0.0,31,ok
178691,per178691_1910_09414,12,0,0,,,triagem/nome-caixa-conversao 1.0.0,31,ok
178691,per178691_1910_09415,1,0,0,,,triagem/nome-caixa-conversao 1.0.0,31,ok
178691,per178691_1910_09415,2,0,0,,,triagem/nome-caixa-conversao 1.0.0,31,ok
178691,per178691_1910_09415,3,0,0,,,triagem/nome-caixa-conversao 1.0.0,31,ok
178691,per178691_1910_09415,4,0,0,,,triagem/nome-caixa-conversao 1.0.0,31,ok
178691,per178691_1910_09415,5,0,0,,,triagem/nome-caixa-conversao 1.0.0,31,ok
178691,per178691_1910_09415,6,0,0,,,triagem/nome-caixa-conversao 1.0.0,31,ok
178691,per178691_1910_09415,7,0,0,,,triagem/nome-caixa-conversao 1.0.0,31,ok
178691,per178691_1910_09415,8,1,1,caixa de conver,6597,triagem/nome-caixa-conversao 1.0.0,31,ok
178691,per178691_1910_09415,9,0,0,,,triagem/nome-caixa-conversao 1.0.0,31,ok
178691,per178691_1910_09415,10,0,0,,,triagem/nome-caixa-conversao 1.0.0,31,ok
178691,per178691_1910_09415,11,0,0,,,triagem/nome-caixa-conversao 1.0.0,31,ok
178691,per178691_1910_09415,12,0,0,,,triagem/nome-caixa-conversao 1.0.0,31,ok
178691,per178691_1910_09416,1,0,0,,,triagem/nome-caixa-conversao 1.0.0,31,ok
178691,per178691_1910_09416,2,0,0,,,triagem/nome-caixa-conversao 1.0.0,31,ok
178691,per178691_1910_09416,3,0,0,,,triagem/nome-caixa-conversao 1.0.0,31,ok
178691,per178691_1910_09416,4,0,0,,,triagem/nome-caixa-conversao 1.0.0,31,ok
178691,per178691_1910_09416,5,0,0,,,triagem/nome-caixa-conversao 1.0.0,31,ok
178691,per178691_1910_09416,6,0,0,,,triagem/nome-caixa-conversao 1.0.0,31,ok
178691,per178691_1910_09416,7,1,1,caixa de conver,43031,triagem/nome-caixa-conversao 1.0.0,31,ok
178691,per178691_1910_09416,8,0,0,,,triagem/nome-caixa-conversao 1.0.0,31,ok
178691,per178691_1910_09416,9,0,0,,,triagem/nome-caixa-conversao 1.0.0,31,ok
178691,per178691_1910_09416,10,0,0,,,triagem/nome-caixa-conversao 1.0.0,31,ok
178691,per178691_1910_09416,11,0,0,,,triagem/nome-caixa-conversao 1.0.0,31,ok
178691,per178691_1910_09416,12,0,0,,,triagem/nome-caixa-conversao 1.0.0,31,ok
178691,per178691_1910_09416,13,0,0,,,triagem/nome-caixa-conversao 1.0.0,31,ok
178691,per178691_1910_09416,14,0,0,,,triagem/nome-caixa-conversao 1.0.0,31,ok
178691,per178691_1910_09416,15,0,0,,,triagem/nome-caixa-conversao 1.0.0,31,ok
178691,per178691_1910_09416,16,0,0,,,triagem/nome-caixa-conversao 1.0.0,31,ok
178691,per178691_1910_09417,1,0,0,,,triagem/nome-caixa-conversao 1.0.0,31,ok
178691,per178691_1910_09417,2,0,0,,,triagem/nome-caixa-conversao 1.0.0,31,ok
178691,per178691_1910_09417,3,0,0,,,triagem/nome-caixa-conversao 1.0.0,31,ok
178691,per178691_1910_09417,4,1,1,caixa de conver,13099,triagem/nome-caixa-conversao 1.0.0,31,ok
178691,per178691_1910_09417,5,0,0,,,triagem/nome-caixa-conversao 1.0.0,31,ok
178691,per178691_1910_09417,6,0,0,,,triagem/nome-caixa-conversao 1.0.0,31,ok
178691,per178691_1910_09417,7,0,0,,,triagem/nome-caixa-conversao 1.0.0,31,ok
178691,per178691_1910_09417,8,0,0,,,triagem/nome-caixa-conversao 1.0.0,31,ok
178691,per178691_1910_09417,9,0,0,,,triagem/nome-caixa-conversao 1.0.0,31,ok
178691,per178691_1910_09417,10,0,0,,,triagem/nome-caixa-conversao 1.0.0,31,ok
178691,per178691_1910_09418,1,0,0,,,triagem/nome-caixa-conversao 1.0.0,31,ok
178691,per178691_1910_09418,2,0,0,,,triagem/nome-caixa-conversao 1.0.0,31,ok
178691,per178691_1910_09418,3,0,0,,,triagem/nome-caixa-conversao 1.0.0,31,ok
178691,per178691_1910_09418,4,0,0,,,triagem/nome-caixa-conversao 1.0.0,31,ok
178691,per178691_1910_09418,5,0,0,,,triagem/nome-caixa-conversao 1.0.0,31,ok
178691,per178691_1910_09418,6,0,0,,,triagem/nome-caixa-conversao 1.0.0,31,ok
178691,per178691_1910_09418,7,0,0,,,triagem/nome-caixa-conversao 1.0.0,31,ok
178691,per178691_1910_09418,8,0,0,,,triagem/nome-caixa-conversao 1.0.0,31,ok
178691,per178691_1910_09418,9,0,0,,,triagem/nome-caixa-conversao 1.0.0,31,ok
178691,per178691_1910_09418,10,1,1,caixa de conver,39380,triagem/nome-caixa-conversao 1.0.0,31,ok
178691,per178691_1910_09418,11,0,0,,,triagem/nome-caixa-conversao 1.0.0,31,ok
178691,per178691_1910_09418,12,0,0,,,triagem/nome-caixa-conversao 1.0.0,31,ok
178691,per178691_1910_09418,13,0,0,,,triagem/nome-caixa-conversao 1.0.0,31,ok
178691,per178691_1910_09418,14,0,0,,,triagem/nome-caixa-conversao 1.0.0,31,ok
178691,per178691_1910_09418,15,0,0,,,triagem/nome-caixa-conversao 1.0.0,31,ok
178691,per178691_1910_09418,16,0,0,,,triagem/nome-caixa-conversao 1.0.0,31,ok
178691,per178691_1910_09419,1,0,0,,,triagem/nome-caixa-conversao 1.0.0,31,ok
178691,per178691_1910_09419,2,1,1,caixa de conver,16029,triagem/nome-caixa-conversao 1.0.0,31,ok
178691,per178691_1910_09419,3,0,0,,,triagem/nome-caixa-conversao 1.0.0,31,ok
178691,per178691_1910_09419,4,0,0,,,triagem/nome-caixa-conversao 1.0.0,31,ok
178691,per178691_1910_09419,5,0,0,,,triagem/nome-caixa-conversao 1.0.0,31,ok
178691,per178691_1910_09419,6,0,0,,,triagem/nome-caixa-conversao 1.0.0,31,ok
178691,per178691_1910_09419,7,0,0,,,triagem/nome-caixa-conversao 1.0.0,31,ok
178691,per178691_1910_09419,8,0,0,,,triagem/nome-caixa-conversao 1.0.0,31,ok
178691,per178691_1910_09419,9,0,0,,,triagem/nome-caixa-conversao 1.0.0,31,ok
178691,per178691_1910_09419,10,0,0,,,triagem/nome-caixa-conversao 1.0.0,31,ok
178691,per178691_1910_09419,11,0,0,,,triagem/nome-caixa-conversao 1.0.0,31,ok
178691,per178691_1910_09419,12,0,0,,,triagem/nome-caixa-conversao 1.0.0,31,ok
178691,per178691_1910_09419,13,0,0,,,triagem/nome-caixa-conversao 1.0.0,31,ok
178691,per178691_1910_09419,14,0,0,,,triagem/nome-caixa-conversao 1.0.0,31,ok
178691,per178691_1910_09419,15,0,0,,,triagem/nome-caixa-conversao 1.0.0,31,ok
178691,per178691_1910_09419,16,0,0,,,triagem/nome-caixa-conversao 1.0.0,31,ok
178691,per178691_1910_09420,1,0,0,,,triagem/nome-caixa-conversao 1.0.0,31,ok
178691,per178691_1910_09420,2,0,0,,,triagem/nome-caixa-conversao 1.0.0,31,ok
178691,per178691_1910_09420,3,0,0,,,triagem/nome-caixa-conversao 1.0.0,31,ok
178691,per178691_1910_09420,4,0,0,,,triagem/nome-caixa-conversao 1.0.0,31,ok
178691,per178691_1910_09420,5,0,0,,,triagem/nome-caixa-conversao 1.0.0,31,ok
178691,per178691_1910_09420,6,0,0,,,triagem/nome-caixa-conversao 1.0.0,31,ok
178691,per178691_1910_09420,7,0,0,,,triagem/nome-caixa-conversao 1.0.0,31,ok
178691,per178691_1910_09420,8,0,0,,,triagem/nome-caixa-conversao 1.0.0,31,ok
178691,per178691_1910_09420,9,1,1,caixa de conver,41404,triagem/nome-caixa-conversao 1.0.0,31,ok
178691,per178691_1910_09420,10,0,0,,,triagem/nome-caixa-conversao 1.0.0,31,ok
178691,per178691_1910_09420,11,0,0,,,triagem/nome-caixa-conversao 1.0.0,31,ok
178691,per178691_1910_09420,12,0,0,,,triagem/nome-caixa-conversao 1.0.0,31,ok
178691,per178691_1910_09420,13,0,0,,,triagem/nome-caixa-conversao 1.0.0,31,ok
178691,per178691_1910_09420,14,0,0,,,triagem/nome-caixa-conversao 1.0.0,31,ok
178691,per178691_1910_09420,15,0,0,,,triagem/nome-caixa-conversao 1.0.0,31,ok
178691,per178691_1910_09420,16,0,0,,,triagem/nome-caixa-conversao 1.0.0,31,ok
178691,per178691_1910_09421,1,0,0,,,triagem/nome-caixa-conversao 1.0.0,31,ok
178691,per178691_1910_09421,2,0,0,,,triagem/nome-caixa-conversao 1.0.0,31,ok
178691,per178691_1910_09421,3,0,0,,,triagem/nome-caixa-conversao 1.0.0,31,ok
178691,per178691_1910_09421,4,0,0,,,triagem/nome-caixa-conversao 1.0.0,31,ok
178691,per178691_1910_09421,5,0,0,,,triagem/nome-caixa-conversao 1.0.0,31,ok
178691,per178691_1910_09421,6,0,0,,,triagem/nome-caixa-conversao 1.0.0,31,ok
178691,per178691_1910_09421,7,0,0,,,triagem/nome-caixa-conversao 1.0.0,31,ok
178691,per178691_1910_09421,8,1,1,caixa de conver,10326,triagem/nome-caixa-conversao 1.0.0,31,ok
178691,per178691_1910_09421,9,0,0,,,triagem/nome-caixa-conversao 1.0.0,31,ok
178691,per178691_1910_09421,10,0,0,,,triagem/nome-caixa-conversao 1.0.0,31,ok
178691,per178691_1910_09421,11,0,0,,,triagem/nome-caixa-conversao 1.0.0,31,ok
178691,per178691_1910_09421,12,0,0,,,triagem/nome-caixa-conversao 1.0.0,31,ok
178691,per178691_1910_09422,1,0,0,,,triagem/nome-caixa-conversao 1.0.0,31,ok
178691,per178691_1910_09422,2,0,0,,,triagem/nome-caixa-conversao 1.0.0,31,ok
178691,per178691_1910_09422,3,0,0,,,triagem/nome-caixa-conversao 1.0.0,31,ok
178691,per178691_1910_09422,4,0,0,,,triagem/nome-caixa-conversao 1.0.0,31,ok
178691,per178691_1910_09422,5,0,0,,,triagem/nome-caixa-conversao 1.0.0,31,ok
178691,per178691_1910_09422,6,0,0,,,triagem/nome-caixa-conversao 1.0.0,31,ok
178691,per178691_1910_09422,7,0,0,,,triagem/nome-caixa-conversao 1.0.0,31,ok
178691,per178691_1910_09422,8,0,0,,,triagem/nome-caixa-conversao 1.0.0,31,ok
178691,per178691_1910_09422,9,1,1,caixa de conver,31242,triagem/nome-caixa-conversao 1.0.0,31,ok
178691,per178691_1910_09422,10,0,0,,,triagem/nome-caixa-conversao 1.0.0,31,ok
178691,per178691_1910_09422,11,0,0,,,triagem/nome-caixa-conversao 1.0.0,31,ok
178691,per178691_1910_09422,12,0,0,,,triagem/nome-caixa-conversao 1.0.0,31,ok
178691,per178691_1910_09422,13,0,0,,,triagem/nome-caixa-conversao 1.0.0,31,ok
178691,per178691_1910_09422,14,0,0,,,triagem/nome-caixa-conversao 1.0.0,31,ok
178691,per178691_1910_09422,15,0,0,,,triagem/nome-caixa-conversao 1.0.0,31,ok
178691,per178691_1910_09422,16,0,0,,,triagem/nome-caixa-conversao 1.0.0,31,ok
178691,per178691_1910_09423,1,0,0,,,triagem/nome-caixa-conversao 1.0.0,31,ok
178691,per178691_1910_09423,2,0,0,,,triagem/nome-caixa-conversao 1.0.0,31,ok
178691,per178691_1910_09423,3,0,0,,,triagem/nome-caixa-conversao 1.0.0,31,ok
178691,per178691_1910_09423,4,0,0,,,triagem/nome-caixa-conversao 1.0.0,31,ok
178691,per178691_1910_09423,5,0,0,,,triagem/nome-caixa-conversao 1.0.0,31,ok
178691,per178691_1910_09423,6,0,0,,,triagem/nome-caixa-conversao 1.0.0,31,ok
178691,per178691_1910_09423,7,0,0,,,triagem/nome-caixa-conversao 1.0.0,31,ok
178691,per178691_1910_09423,8,1,1,caixa de conver,2342,triagem/nome-caixa-conversao 1.0.0,31,ok
178691,per178691_1910_09423,9,0,0,,,triagem/nome-caixa-conversao 1.0.0,31,ok
178691,per178691_1910_09423,10,0,0,,,triagem/nome-caixa-conversao 1.0.0,31,ok
178691,per178691_1910_09423,11,0,0,,,triagem/nome-caixa-conversao 1.0.0,31,ok
178691,per178691_1910_09423,12,0,0,,,triagem/nome-caixa-conversao 1.0.0,31,ok
178691,per178691_1910_09423,13,0,0,,,triagem/nome-caixa-conversao 1.0.0,31,ok
178691,per178691_1910_09423,14,0,0,,,triagem/nome-caixa-conversao 1.0.0,31,ok
178691,per178691_1910_09423,15,0,0,,,triagem/nome-caixa-conversao 1.0.0,31,ok
178691,per178691_1910_09423,16,0,0,,,triagem/nome-caixa-conversao 1.0.0,31,ok
178691,per178691_1910_09424,1,0,0,,,triagem/nome-caixa-conversao 1.0.0,31,ok
178691,per178691_1910_09424,2,0,0,,,triagem/nome-caixa-conversao 1.0.0,31,ok
178691,per178691_1910_09424,3,0,0,,,triagem/nome-caixa-conversao 1.0.0,31,ok
178691,per178691_1910_09424,4,1,1,caixa de conver,24295,triagem/nome-caixa-conversao 1.0.0,31,ok
178691,per178691_1910_09424,5,0,0,,,triagem/nome-caixa-conversao 1.0.0,31,ok
178691,per178691_1910_09424,6,0,0,,,triagem/nome-caixa-conversao 1.0.0,31,ok
178691,per178691_1910_09424,7,0,0,,,triagem/nome-caixa-conversao 1.0.0,31,ok
178691,per178691_1910_09424,8,0,0,,,triagem/nome-caixa-conversao 1.0.0,31,ok
178691,per178691_1910_09424,9,0,0,,,triagem/nome-caixa-conversao 1.0.0,31,ok
178691,per178691_1910_09424,10,0,0,,,triagem/nome-caixa-conversao 1.0.0,31,ok
178691,per178691_1910_09425,1,0,0,,,triagem/nome-caixa-conversao 1.0.0,31,ok
178691,per178691_1910_09425,2,0,0,,,triagem/nome-caixa-conversao 1.0.0,31,ok
178691,per178691_1910_09425,3,0,0,,,triagem/nome-caixa-conversao 1.0.0,31,ok
178691,per178691_1910_09425,4,1,2,caixa deconver,5538,triagem/nome-caixa-conversao 1.0.0,31,ok
178691,per178691_1910_09425,5,0,0,,,triagem/nome-caixa-conversao 1.0.0,31,ok
178691,per178691_1910_09425,6,0,0,,,triagem/nome-caixa-conversao 1.0.0,31,ok
178691,per178691_1910_09425,7,0,0,,,triagem/nome-caixa-conversao 1.0.0,31,ok
178691,per178691_1910_09425,8,0,0,,,triagem/nome-caixa-conversao 1.0.0,31,ok
178691,per178691_1910_09425,9,0,0,,,triagem/nome-caixa-conversao 1.0.0,31,ok
178691,per178691_1910_09425,10,1,1,caixade conver,40126,triagem/nome-caixa-conversao 1.0.0,31,ok
178691,per178691_1910_09425,11,0,0,,,triagem/nome-caixa-conversao 1.0.0,31,ok
178691,per178691_1910_09425,12,0,0,,,triagem/nome-caixa-conversao 1.0.0,31,ok
178691,per178691_1910_09425,13,0,0,,,triagem/nome-caixa-conversao 1.0.0,31,ok
178691,per178691_1910_09425,14,0,0,,,triagem/nome-caixa-conversao 1.0.0,31,ok
178691,per178691_1910_09425,15,0,0,,,triagem/nome-caixa-conversao 1.0.0,31,ok
178691,per178691_1910_09425,16,0,0,,,triagem/nome-caixa-conversao 1.0.0,31,ok
178691,per178691_1910_09426,1,0,0,,,triagem/nome-caixa-conversao 1.0.0,31,ok
178691,per178691_1910_09426,2,0,0,,,triagem/nome-caixa-conversao 1.0.0,31,ok
178691,per178691_1910_09426,3,0,0,,,triagem/nome-caixa-conversao 1.0.0,31,ok
178691,per178691_1910_09426,4,0,0,,,triagem/nome-caixa-conversao 1.0.0,31,ok
178691,per178691_1910_09426,5,0,0,,,triagem/nome-caixa-conversao 1.0.0,31,ok
178691,per178691_1910_09426,6,0,0,,,triagem/nome-caixa-conversao 1.0.0,31,ok
178691,per178691_1910_09426,7,0,0,,,triagem/nome-caixa-conversao 1.0.0,31,ok
178691,per178691_1910_09426,8,0,0,,,triagem/nome-caixa-conversao 1.0.0,31,ok
178691,per178691_1910_09426,9,0,0,,,triagem/nome-caixa-conversao 1.0.0,31,ok
178691,per178691_1910_09426,10,0,0,,,triagem/nome-caixa-conversao 1.0.0,31,ok
178691,per178691_1910_09426,11,1,1,caixa de conver,43350,triagem/nome-caixa-conversao 1.0.0,31,ok
178691,per178691_1910_09426,12,0,0,,,triagem/nome-caixa-conversao 1.0.0,31,ok
178691,per178691_1910_09426,13,0,0,,,triagem/nome-caixa-conversao 1.0.0,31,ok
178691,per178691_1910_09426,14,0,0,,,triagem/nome-caixa-conversao 1.0.0,31,ok
178691,per178691_1910_09426,15,0,0,,,triagem/nome-caixa-conversao 1.0.0,31,ok
178691,per178691_1910_09426,16,0,0,,,triagem/nome-caixa-conversao 1.0.0,31,ok
178691,per178691_1910_09427,1,0,0,,,triagem/nome-caixa-conversao 1.0.0,31,ok
178691,per178691_1910_09427,2,0,0,,,triagem/nome-caixa-conversao 1.0.0,31,ok
178691,per178691_1910_09427,3,0,0,,,triagem/nome-caixa-conversao 1.0.0,31,ok
178691,per178691_1910_09427,4,0,0,,,triagem/nome-caixa-conversao 1.0.0,31,ok
178691,per178691_1910_09427,5,0,0,,,triagem/nome-caixa-conversao 1.0.0,31,ok
178691,per178691_1910_09427,6,0,0,,,triagem/nome-caixa-conversao 1.0.0,31,ok
178691,per178691_1910_09427,7,1,1,caixa dc conver,33572,triagem/nome-caixa-conversao 1.0.0,31,ok
178691,per178691_1910_09427,8,0,0,,,triagem/nome-caixa-conversao 1.0.0,31,ok
178691,per178691_1910_09427,9,0,0,,,triagem/nome-caixa-conversao 1.0.0,31,ok
178691,per178691_1910_09427,10,0,0,,,triagem/nome-caixa-conversao 1.0.0,31,ok
178691,per178691_1910_09427,11,0,0,,,triagem/nome-caixa-conversao 1.0.0,31,ok
178691,per178691_1910_09427,12,0,0,,,triagem/nome-caixa-conversao 1.0.0,31,ok
178691,per178691_1910_09428,1,0,0,,,triagem/nome-caixa-conversao 1.0.0,31,ok
178691,per178691_1910_09428,2,0,0,,,triagem/nome-caixa-conversao 1.0.0,31,ok
178691,per178691_1910_09428,3,0,0,,,triagem/nome-caixa-conversao 1.0.0,31,ok
178691,per178691_1910_09428,4,0,0,,,triagem/nome-caixa-conversao 1.0.0,31,ok
178691,per178691_1910_09428,5,0,0,,,triagem/nome-caixa-conversao 1.0.0,31,ok
178691,per178691_1910_09428,6,0,0,,,triagem/nome-caixa-conversao 1.0.0,31,ok
178691,per178691_1910_09428,7,0,0,,,triagem/nome-caixa-conversao 1.0.0,31,ok
178691,per178691_1910_09428,8,0,0,,,triagem/nome-caixa-conversao 1.0.0,31,ok
178691,per178691_1910_09428,9,0,0,,,triagem/nome-caixa-conversao 1.0.0,31,ok
178691,per178691_1910_09428,10,0,0,,,triagem/nome-caixa-conversao 1.0.0,31,ok
178691,per178691_1910_09428,11,0,0,,,triagem/nome-caixa-conversao 1.0.0,31,ok
178691,per178691_1910_09428,12,0,0,,,triagem/nome-caixa-conversao 1.0.0,31,ok
178691,per178691_1910_09428,13,0,0,,,triagem/nome-caixa-conversao 1.0.0,31,ok
178691,per178691_1910_09428,14,0,0,,,triagem/nome-caixa-conversao 1.0.0,31,ok
178691,per178691_1910_09428,15,0,0,,,triagem/nome-caixa-conversao 1.0.0,31,ok
178691,per178691_1910_09428,16,0,0,,,triagem/nome-caixa-conversao 1.0.0,31,ok
178691,per178691_1910_09429,1,0,0,,,triagem/nome-caixa-conversao 1.0.0,31,ok
178691,per178691_1910_09429,2,0,0,,,triagem/nome-caixa-conversao 1.0.0,31,ok
178691,per178691_1910_09429,3,0,0,,,triagem/nome-caixa-conversao 1.0.0,31,ok
178691,per178691_1910_09429,4,0,0,,,triagem/nome-caixa-conversao 1.0.0,31,ok
178691,per178691_1910_09429,5,0,0,,,triagem/nome-caixa-conversao 1.0.0,31,ok
178691,per178691_1910_09429,6,0,0,,,triagem/nome-caixa-conversao 1.0.0,31,ok
178691,per178691_1910_09429,7,0,0,,,triagem/nome-caixa-conversao 1.0.0,31,ok
178691,per178691_1910_09429,8,0,0,,,triagem/nome-caixa-conversao 1.0.0,31,ok
178691,per178691_1910_09429,9,0,0,,,triagem/nome-caixa-conversao 1.0.0,31,ok
178691,per178691_1910_09429,10,0,0,,,triagem/nome-caixa-conversao 1.0.0,31,ok
178691,per178691_1910_09429,11,0,0,,,triagem/nome-caixa-conversao 1.0.0,31,ok
178691,per178691_1910_09429,12,0,0,,,triagem/nome-caixa-conversao 1.0.0,31,ok
178691,per178691_1910_09429,13,0,0,,,triagem/nome-caixa-conversao 1.0.0,31,ok
178691,per178691_1910_09429,14,0,0,,,triagem/nome-caixa-conversao 1.0.0,31,ok
178691,per178691_1910_09429,15,0,0,,,triagem/nome-caixa-conversao 1.0.0,31,ok
178691,per178691_1910_09429,16,0,0,,,triagem/nome-caixa-conversao 1.0.0,31,ok
178691,per178691_1910_09430,1,0,0,,,triagem/nome-caixa-conversao 1.0.0,31,ok
178691,per178691_1910_09430,2,0,0,,,triagem/nome-caixa-conversao 1.0.0,31,ok
178691,per178691_1910_09430,3,0,0,,,triagem/nome-caixa-conversao 1.0.0,31,ok
178691,per178691_1910_09430,4,0,0,,,triagem/nome-caixa-conversao 1.0.0,31,ok
178691,per178691_1910_09430,5,1,1,caixa de conver,24186,triagem/nome-caixa-conversao 1.0.0,31,ok
178691,per178691_1910_09430,6,0,0,,,triagem/nome-caixa-conversao 1.0.0,31,ok
178691,per178691_1910_09430,7,1,1,caixa de conver,48369,triagem/nome-caixa-conversao 1.0.0,31,ok
178691,per178691_1910_09430,8,0,0,,,triagem/nome-caixa-conversao 1.0.0,31,ok
178691,per178691_1910_09430,9,0,0,,,triagem/nome-caixa-conversao 1.0.0,31,ok
178691,per178691_1910_09430,10,0,0,,,triagem/nome-caixa-conversao 1.0.0,31,ok
178691,per178691_1910_09430,11,0,0,,,triagem/nome-caixa-conversao 1.0.0,31,ok
178691,per178691_1910_09430,12,0,0,,,triagem/nome-caixa-conversao 1.0.0,31,ok
178691,per178691_1910_09430,13,0,0,,,triagem/nome-caixa-conversao 1.0.0,31,ok
178691,per178691_1910_09430,14,0,0,,,triagem/nome-caixa-conversao 1.0.0,31,ok
178691,per178691_1910_09430,15,0,0,,,triagem/nome-caixa-conversao 1.0.0,31,ok
178691,per178691_1910_09430,16,0,0,,,triagem/nome-caixa-conversao 1.0.0,31,ok
178691,per178691_1910_09431,1,0,0,,,triagem/nome-caixa-conversao 1.0.0,31,ok
178691,per178691_1910_09431,2,0,0,,,triagem/nome-caixa-conversao 1.0.0,31,ok
178691,per178691_1910_09431,3,0,0,,,triagem/nome-caixa-conversao 1.0.0,31,ok
178691,per178691_1910_09431,4,0,0,,,triagem/nome-caixa-conversao 1.0.0,31,ok
178691,per178691_1910_09431,5,0,0,,,triagem/nome-caixa-conversao 1.0.0,31,ok
178691,per178691_1910_09431,6,0,0,,,triagem/nome-caixa-conversao 1.0.0,31,ok
178691,per178691_1910_09431,7,0,0,,,triagem/nome-caixa-conversao 1.0.0,31,ok
178691,per178691_1910_09431,8,1,1,caixa de conver,25193,triagem/nome-caixa-conversao 1.0.0,31,ok
178691,per178691_1910_09431,9,0,0,,,triagem/nome-caixa-conversao 1.0.0,31,ok
178691,per178691_1910_09431,10,0,0,,,triagem/nome-caixa-conversao 1.0.0,31,ok
178691,per178691_1910_09431,11,0,0,,,triagem/nome-caixa-conversao 1.0.0,31,ok
178691,per178691_1910_09431,12,0,0,,,triagem/nome-caixa-conversao 1.0.0,31,ok
178691,per178691_1910_09432,1,0,0,,,triagem/nome-caixa-conversao 1.0.0,31,ok
178691,per178691_1910_09432,2,0,0,,,triagem/nome-caixa-conversao 1.0.0,31,ok
178691,per178691_1910_09432,3,0,0,,,triagem/nome-caixa-conversao 1.0.0,31,ok
178691,per178691_1910_09432,4,0,0,,,triagem/nome-caixa-conversao 1.0.0,31,ok
178691,per178691_1910_09432,5,0,0,,,triagem/nome-caixa-conversao 1.0.0,31,ok
178691,per178691_1910_09432,6,0,0,,,triagem/nome-caixa-conversao 1.0.0,31,ok
178691,per178691_1910_09432,7,0,0,,,triagem/nome-caixa-conversao 1.0.0,31,ok
178691,per178691_1910_09432,8,0,0,,,triagem/nome-caixa-conversao 1.0.0,31,ok
178691,per178691_1910_09432,9,0,0,,,triagem/nome-caixa-conversao 1.0.0,31,ok
178691,per178691_1910_09432,10,0,0,,,triagem/nome-caixa-conversao 1.0.0,31,ok
178691,per178691_1910_09432,11,0,0,,,triagem/nome-caixa-conversao 1.0.0,31,ok
178691,per178691_1910_09432,12,0,0,,,triagem/nome-caixa-conversao 1.0.0,31,ok
178691,per178691_1910_09432,13,1,1,caixade conver,14723,triagem/nome-caixa-conversao 1.0.0,31,ok
178691,per178691_1910_09432,14,0,0,,,triagem/nome-caixa-conversao 1.0.0,31,ok
178691,per178691_1910_09432,15,0,0,,,triagem/nome-caixa-conversao 1.0.0,31,ok
178691,per178691_1910_09432,16,0,0,,,triagem/nome-caixa-conversao 1.0.0,31,ok
178691,per178691_1910_09433,1,0,0,,,triagem/nome-caixa-conversao 1.0.0,31,ok
178691,per178691_1910_09433,2,0,0,,,triagem/nome-caixa-conversao 1.0.0,31,ok
178691,per178691_1910_09433,3,0,0,,,triagem/nome-caixa-conversao 1.0.0,31,ok
178691,per178691_1910_09433,4,1,2,caixa de conver,18141,triagem/nome-caixa-conversao 1.0.0,31,ok
178691,per178691_1910_09433,5,0,0,,,triagem/nome-caixa-conversao 1.0.0,31,ok
178691,per178691_1910_09433,6,0,0,,,triagem/nome-caixa-conversao 1.0.0,31,ok
178691,per178691_1910_09433,7,1,2,caixa de conver,44937,triagem/nome-caixa-conversao 1.0.0,31,ok
178691,per178691_1910_09433,8,0,0,,,triagem/nome-caixa-conversao 1.0.0,31,ok
178691,per178691_1910_09433,9,0,0,,,triagem/nome-caixa-conversao 1.0.0,31,ok
178691,per178691_1910_09433,10,0,0,,,triagem/nome-caixa-conversao 1.0.0,31,ok
178691,per178691_1910_09433,11,0,0,,,triagem/nome-caixa-conversao 1.0.0,31,ok
178691,per178691_1910_09433,12,0,0,,,triagem/nome-caixa-conversao 1.0.0,31,ok
178691,per178691_1910_09434,1,0,0,,,triagem/nome-caixa-conversao 1.0.0,31,ok
178691,per178691_1910_09434,2,1,1,caixa de conver,13333,triagem/nome-caixa-conversao 1.0.0,31,ok
178691,per178691_1910_09434,3,0,0,,,triagem/nome-caixa-conversao 1.0.0,31,ok
178691,per178691_1910_09434,4,0,0,,,triagem/nome-caixa-conversao 1.0.0,31,ok
178691,per178691_1910_09434,5,0,0,,,triagem/nome-caixa-conversao 1.0.0,31,ok
178691,per178691_1910_09434,6,1,1,caixa de conver,12425,triagem/nome-caixa-conversao 1.0.0,31,ok
178691,per178691_1910_09434,7,0,0,,,triagem/nome-caixa-conversao 1.0.0,31,ok
178691,per178691_1910_09434,8,0,0,,,triagem/nome-caixa-conversao 1.0.0,31,ok
178691,per178691_1910_09434,9,0,0,,,triagem/nome-caixa-conversao 1.0.0,31,ok
178691,per178691_1910_09434,10,0,0,,,triagem/nome-caixa-conversao 1.0.0,31,ok
178691,per178691_1910_09434,11,0,0,,,triagem/nome-caixa-conversao 1.0.0,31,ok
178691,per178691_1910_09434,12,0,0,,,triagem/nome-caixa-conversao 1.0.0,31,ok
178691,per178691_1910_09435,1,0,0,,,triagem/nome-caixa-conversao 1.0.0,31,ok
178691,per178691_1910_09435,2,1,1,caixa de conver,36364,triagem/nome-caixa-conversao 1.0.0,31,ok
178691,per178691_1910_09435,3,0,0,,,triagem/nome-caixa-conversao 1.0.0,31,ok
178691,per178691_1910_09435,4,0,0,,,triagem/nome-caixa-conversao 1.0.0,31,ok
178691,per178691_1910_09435,5,0,0,,,triagem/nome-caixa-conversao 1.0.0,31,ok
178691,per178691_1910_09435,6,0,0,,,triagem/nome-caixa-conversao 1.0.0,31,ok
178691,per178691_1910_09435,7,0,0,,,triagem/nome-caixa-conversao 1.0.0,31,ok
178691,per178691_1910_09435,8,0,0,,,triagem/nome-caixa-conversao 1.0.0,31,ok
178691,per178691_1910_09435,9,1,1,caixa doconver,37319,triagem/nome-caixa-conversao 1.0.0,31,ok
178691,per178691_1910_09435,10,0,0,,,triagem/nome-caixa-conversao 1.0.0,31,ok
178691,per178691_1910_09435,11,0,0,,,triagem/nome-caixa-conversao 1.0.0,31,ok
178691,per178691_1910_09435,12,0,0,,,triagem/nome-caixa-conversao 1.0.0,31,ok
178691,per178691_1910_09435,13,0,0,,,triagem/nome-caixa-conversao 1.0.0,31,ok
178691,per178691_1910_09435,14,0,0,,,triagem/nome-caixa-conversao 1.0.0,31,ok
178691,per178691_1910_09435,15,0,0,,,triagem/nome-caixa-conversao 1.0.0,31,ok
178691,per178691_1910_09435,16,0,0,,,triagem/nome-caixa-conversao 1.0.0,31,ok
178691,per178691_1910_09436,1,0,0,,,triagem/nome-caixa-conversao 1.0.0,31,ok
178691,per178691_1910_09436,2,0,0,,,triagem/nome-caixa-conversao 1.0.0,31,ok
178691,per178691_1910_09436,3,0,0,,,triagem/nome-caixa-conversao 1.0.0,31,ok
178691,per178691_1910_09436,4,0,0,,,triagem/nome-caixa-conversao 1.0.0,31,ok
178691,per178691_1910_09436,5,0,0,,,triagem/nome-caixa-conversao 1.0.0,31,ok
178691,per178691_1910_09436,6,0,0,,,triagem/nome-caixa-conversao 1.0.0,31,ok
178691,per178691_1910_09436,7,0,0,,,triagem/nome-caixa-conversao 1.0.0,31,ok
178691,per178691_1910_09436,8,0,0,,,triagem/nome-caixa-conversao 1.0.0,31,ok
178691,per178691_1910_09436,9,0,0,,,triagem/nome-caixa-conversao 1.0.0,31,ok
178691,per178691_1910_09436,10,0,0,,,triagem/nome-caixa-conversao 1.0.0,31,ok
178691,per178691_1910_09436,11,0,0,,,triagem/nome-caixa-conversao 1.0.0,31,ok
178691,per178691_1910_09436,12,0,0,,,triagem/nome-caixa-conversao 1.0.0,31,ok
178691,per178691_1910_09437,1,0,0,,,triagem/nome-caixa-conversao 1.0.0,31,ok
178691,per178691_1910_09437,2,0,0,,,triagem/nome-caixa-conversao 1.0.0,31,ok
178691,per178691_1910_09437,3,0,0,,,triagem/nome-caixa-conversao 1.0.0,31,ok
178691,per178691_1910_09437,4,0,0,,,triagem/nome-caixa-conversao 1.0.0,31,ok
178691,per178691_1910_09437,5,0,0,,,triagem/nome-caixa-conversao 1.0.0,31,ok
178691,per178691_1910_09437,6,0,0,,,triagem/nome-caixa-conversao 1.0.0,31,ok
178691,per178691_1910_09437,7,0,0,,,triagem/nome-caixa-conversao 1.0.0,31,ok
178691,per178691_1910_09437,8,0,0,,,triagem/nome-caixa-conversao 1.0.0,31,ok
178691,per178691_1910_09437,9,0,0,,,triagem/nome-caixa-conversao 1.0.0,31,ok
178691,per178691_1910_09437,10,0,0,,,triagem/nome-caixa-conversao 1.0.0,31,ok
178691,per178691_1910_09437,11,0,0,,,triagem/nome-caixa-conversao 1.0.0,31,ok
178691,per178691_1910_09437,12,0,0,,,triagem/nome-caixa-conversao 1.0.0,31,ok
178691,per178691_1910_09437,13,0,0,,,triagem/nome-caixa-conversao 1.0.0,31,ok
178691,per178691_1910_09437,14,0,0,,,triagem/nome-caixa-conversao 1.0.0,31,ok
178691,per178691_1910_09437,15,0,0,,,triagem/nome-caixa-conversao 1.0.0,31,ok
178691,per178691_1910_09437,16,0,0,,,triagem/nome-caixa-conversao 1.0.0,31,ok
178691,per178691_1910_09438,1,0,0,,,triagem/nome-caixa-conversao 1.0.0,31,ok
178691,per178691_1910_09438,2,0,0,,,triagem/nome-caixa-conversao 1.0.0,31,ok
178691,per178691_1910_09438,3,0,0,,,triagem/nome-caixa-conversao 1.0.0,31,ok
178691,per178691_1910_09438,4,0,0,,,triagem/nome-caixa-conversao 1.0.0,31,ok
178691,per178691_1910_09438,5,0,0,,,triagem/nome-caixa-conversao 1.0.0,31,ok
178691,per178691_1910_09438,6,0,0,,,triagem/nome-caixa-conversao 1.0.0,31,ok
178691,per178691_1910_09438,7,0,0,,,triagem/nome-caixa-conversao 1.0.0,31,ok
178691,per178691_1910_09438,8,0,0,,,triagem/nome-caixa-conversao 1.0.0,31,ok
178691,per178691_1910_09438,9,0,0,,,triagem/nome-caixa-conversao 1.0.0,31,ok
178691,per178691_1910_09438,10,0,0,,,triagem/nome-caixa-conversao 1.0.0,31,ok
178691,per178691_1910_09438,11,0,0,,,triagem/nome-caixa-conversao 1.0.0,31,ok
178691,per178691_1910_09438,12,0,0,,,triagem/nome-caixa-conversao 1.0.0,31,ok
178691,per178691_1910_09439,1,0,0,,,triagem/nome-caixa-conversao 1.0.0,31,ok
178691,per178691_1910_09439,2,1,1,caixa de conver,25350,triagem/nome-caixa-conversao 1.0.0,31,ok
178691,per178691_1910_09439,3,0,0,,,triagem/nome-caixa-conversao 1.0.0,31,ok
178691,per178691_1910_09439,4,0,0,,,triagem/nome-caixa-conversao 1.0.0,31,ok
178691,per178691_1910_09439,5,0,0,,,triagem/nome-caixa-conversao 1.0.0,31,ok
178691,per178691_1910_09439,6,0,0,,,triagem/nome-caixa-conversao 1.0.0,31,ok
178691,per178691_1910_09439,7,0,0,,,triagem/nome-caixa-conversao 1.0.0,31,ok
178691,per178691_1910_09439,8,1,1,caixade conver,18809,triagem/nome-caixa-conversao 1.0.0,31,ok
178691,per178691_1910_09439,9,0,0,,,triagem/nome-caixa-conversao 1.0.0,31,ok
178691,per178691_1910_09439,10,0,0,,,triagem/nome-caixa-conversao 1.0.0,31,ok
178691,per178691_1910_09439,11,0,0,,,triagem/nome-caixa-conversao 1.0.0,31,ok
178691,per178691_1910_09439,12,0,0,,,triagem/nome-caixa-conversao 1.0.0,31,ok
178691,per178691_1910_09440,1,0,0,,,triagem/nome-caixa-conversao 1.0.0,31,ok
178691,per178691_1910_09440,2,0,0,,,triagem/nome-caixa-conversao 1.0.0,31,ok
178691,per178691_1910_09440,3,0,0,,,triagem/nome-caixa-conversao 1.0.0,31,ok
178691,per178691_1910_09440,4,0,0,,,triagem/nome-caixa-conversao 1.0.0,31,ok
178691,per178691_1910_09440,5,0,0,,,triagem/nome-caixa-conversao 1.0.0,31,ok
178691,per178691_1910_09440,6,0,0,,,triagem/nome-caixa-conversao 1.0.0,31,ok
178691,per178691_1910_09440,7,0,0,,,triagem/nome-caixa-conversao 1.0.0,31,ok
178691,per178691_1910_09440,8,0,0,,,triagem/nome-caixa-conversao 1.0.0,31,ok
178691,per178691_1910_09440,9,0,0,,,triagem/nome-caixa-conversao 1.0.0,31,ok
178691,per178691_1910_09440,10,0,0,,,triagem/nome-caixa-conversao 1.0.0,31,ok
178691,per178691_1910_09440,11,0,0,,,triagem/nome-caixa-conversao 1.0.0,31,ok
178691,per178691_1910_09440,12,0,0,,,triagem/nome-caixa-conversao 1.0.0,31,ok
178691,per178691_1910_09441,1,0,0,,,triagem/nome-caixa-conversao 1.0.0,31,ok
178691,per178691_1910_09441,2,0,0,,,triagem/nome-caixa-conversao 1.0.0,31,ok
178691,per178691_1910_09441,3,0,0,,,triagem/nome-caixa-conversao 1.0.0,31,ok
178691,per178691_1910_09441,4,0,0,,,triagem/nome-caixa-conversao 1.0.0,31,ok
178691,per178691_1910_09441,5,0,0,,,triagem/nome-caixa-conversao 1.0.0,31,ok
178691,per178691_1910_09441,6,0,0,,,triagem/nome-caixa-conversao 1.0.0,31,ok
178691,per178691_1910_09441,7,0,0,,,triagem/nome-caixa-conversao 1.0.0,31,ok
178691,per178691_1910_09441,8,0,0,,,triagem/nome-caixa-conversao 1.0.0,31,ok
178691,per178691_1910_09441,9,0,0,,,triagem/nome-caixa-conversao 1.0.0,31,ok
178691,per178691_1910_09441,10,0,0,,,triagem/nome-caixa-conversao 1.0.0,31,ok
178691,per178691_1910_09441,11,0,0,,,triagem/nome-caixa-conversao 1.0.0,31,ok
178691,per178691_1910_09441,12,0,0,,,triagem/nome-caixa-conversao 1.0.0,31,ok
178691,per178691_1910_09441,13,0,0,,,triagem/nome-caixa-conversao 1.0.0,31,ok
178691,per178691_1910_09441,14,0,0,,,triagem/nome-caixa-conversao 1.0.0,31,ok
178691,per178691_1910_09441,15,0,0,,,triagem/nome-caixa-conversao 1.0.0,31,ok
178691,per178691_1910_09441,16,0,0,,,triagem/nome-caixa-conversao 1.0.0,31,ok
178691,per178691_1910_09442,1,0,0,,,triagem/nome-caixa-conversao 1.0.0,31,ok
178691,per178691_1910_09442,2,1,1,caixa de conver,30169,triagem/nome-caixa-conversao 1.0.0,31,ok
178691,per178691_1910_09442,3,1,1,caixa de conver,38141,triagem/nome-caixa-conversao 1.0.0,31,ok
178691,per178691_1910_09442,4,0,0,,,triagem/nome-caixa-conversao 1.0.0,31,ok
178691,per178691_1910_09442,5,0,0,,,triagem/nome-caixa-conversao 1.0.0,31,ok
178691,per178691_1910_09442,6,0,0,,,triagem/nome-caixa-conversao 1.0.0,31,ok
178691,per178691_1910_09442,7,0,0,,,triagem/nome-caixa-conversao 1.0.0,31,ok
178691,per178691_1910_09442,8,0,0,,,triagem/nome-caixa-conversao 1.0.0,31,ok
178691,per178691_1910_09442,9,0,0,,,triagem/nome-caixa-conversao 1.0.0,31,ok
178691,per178691_1910_09442,10,1,1,caixa de conver,37420,triagem/nome-caixa-conversao 1.0.0,31,ok
178691,per178691_1910_09442,11,0,0,,,triagem/nome-caixa-conversao 1.0.0,31,ok
178691,per178691_1910_09442,12,0,0,,,triagem/nome-caixa-conversao 1.0.0,31,ok
178691,per178691_1910_09442,13,0,0,,,triagem/nome-caixa-conversao 1.0.0,31,ok
178691,per178691_1910_09442,14,0,0,,,triagem/nome-caixa-conversao 1.0.0,31,ok
178691,per178691_1910_09442,15,0,0,,,triagem/nome-caixa-conversao 1.0.0,31,ok
178691,per178691_1910_09442,16,0,0,,,triagem/nome-caixa-conversao 1.0.0,31,ok
178691,per178691_1910_09443,1,1,1,caixa dcconver,20060,triagem/nome-caixa-conversao 1.0.0,31,ok
178691,per178691_1910_09443,2,0,0,,,triagem/nome-caixa-conversao 1.0.0,31,ok
178691,per178691_1910_09443,3,0,0,,,triagem/nome-caixa-conversao 1.0.0,31,ok
178691,per178691_1910_09443,4,0,0,,,triagem/nome-caixa-conversao 1.0.0,31,ok
178691,per178691_1910_09443,5,0,0,,,triagem/nome-caixa-conversao 1.0.0,31,ok
178691,per178691_1910_09443,6,0,0,,,triagem/nome-caixa-conversao 1.0.0,31,ok
178691,per178691_1910_09443,7,0,0,,,triagem/nome-caixa-conversao 1.0.0,31,ok
178691,per178691_1910_09443,8,0,0,,,triagem/nome-caixa-conversao 1.0.0,31,ok
178691,per178691_1910_09443,9,0,0,,,triagem/nome-caixa-conversao 1.0.0,31,ok
178691,per178691_1910_09443,10,0,0,,,triagem/nome-caixa-conversao 1.0.0,31,ok
178691,per178691_1910_09443,11,1,1,caixa de conver,37552,triagem/nome-caixa-conversao 1.0.0,31,ok
178691,per178691_1910_09443,12,0,0,,,triagem/nome-caixa-conversao 1.0.0,31,ok
178691,per178691_1910_09443,13,0,0,,,triagem/nome-caixa-conversao 1.0.0,31,ok
178691,per178691_1910_09443,14,0,0,,,triagem/nome-caixa-conversao 1.0.0,31,ok
178691,per178691_1910_09443,15,0,0,,,triagem/nome-caixa-conversao 1.0.0,31,ok
178691,per178691_1910_09443,16,0,0,,,triagem/nome-caixa-conversao 1.0.0,31,ok
178691,per178691_1910_09444,1,0,0,,,triagem/nome-caixa-conversao 1.0.0,31,ok
178691,per178691_1910_09444,2,0,0,,,triagem/nome-caixa-conversao 1.0.0,31,ok
178691,per178691_1910_09444,3,0,0,,,triagem/nome-caixa-conversao 1.0.0,31,ok
178691,per178691_1910_09444,4,1,2,caixa de conver,19865,triagem/nome-caixa-conversao 1.0.0,31,ok
178691,per178691_1910_09444,5,0,0,,,triagem/nome-caixa-conversao 1.0.0,31,ok
178691,per178691_1910_09444,6,1,1,caixa de conver,19841,triagem/nome-caixa-conversao 1.0.0,31,ok
178691,per178691_1910_09444,7,0,0,,,triagem/nome-caixa-conversao 1.0.0,31,ok
178691,per178691_1910_09444,8,0,0,,,triagem/nome-caixa-conversao 1.0.0,31,ok
178691,per178691_1910_09444,9,0,0,,,triagem/nome-caixa-conversao 1.0.0,31,ok
178691,per178691_1910_09444,10,0,0,,,triagem/nome-caixa-conversao 1.0.0,31,ok
178691,per178691_1910_09444,11,0,0,,,triagem/nome-caixa-conversao 1.0.0,31,ok
178691,per178691_1910_09444,12,0,0,,,triagem/nome-caixa-conversao 1.0.0,31,ok
178691,per178691_1910_09444,13,0,0,,,triagem/nome-caixa-conversao 1.0.0,31,ok
178691,per178691_1910_09444,14,0,0,,,triagem/nome-caixa-conversao 1.0.0,31,ok
178691,per178691_1910_09444,15,0,0,,,triagem/nome-caixa-conversao 1.0.0,31,ok
178691,per178691_1910_09444,16,0,0,,,triagem/nome-caixa-conversao 1.0.0,31,ok
178691,per178691_1910_09445,1,0,0,,,triagem/nome-caixa-conversao 1.0.0,31,ok
178691,per178691_1910_09445,2,0,0,,,triagem/nome-caixa-conversao 1.0.0,31,ok
178691,per178691_1910_09445,3,0,0,,,triagem/nome-caixa-conversao 1.0.0,31,ok
178691,per178691_1910_09445,4,0,0,,,triagem/nome-caixa-conversao 1.0.0,31,ok
178691,per178691_1910_09445,5,0,0,,,triagem/nome-caixa-conversao 1.0.0,31,ok
178691,per178691_1910_09445,6,0,0,,,triagem/nome-caixa-conversao 1.0.0,31,ok
178691,per178691_1910_09445,7,0,0,,,triagem/nome-caixa-conversao 1.0.0,31,ok
178691,per178691_1910_09445,8,1,1,caixa de conver,10284,triagem/nome-caixa-conversao 1.0.0,31,ok
178691,per178691_1910_09445,9,0,0,,,triagem/nome-caixa-conversao 1.0.0,31,ok
178691,per178691_1910_09445,10,0,0,,,triagem/nome-caixa-conversao 1.0.0,31,ok
178691,per178691_1910_09445,11,0,0,,,triagem/nome-caixa-conversao 1.0.0,31,ok
178691,per178691_1910_09445,12,0,0,,,triagem/nome-caixa-conversao 1.0.0,31,ok
178691,per178691_1910_09446,1,0,0,,,triagem/nome-caixa-conversao 1.0.0,31,ok
178691,per178691_1910_09446,2,0,0,,,triagem/nome-caixa-conversao 1.0.0,31,ok
178691,per178691_1910_09446,3,0,0,,,triagem/nome-caixa-conversao 1.0.0,31,ok
178691,per178691_1910_09446,4,0,0,,,triagem/nome-caixa-conversao 1.0.0,31,ok
178691,per178691_1910_09446,5,1,1,caixa de conver,36725,triagem/nome-caixa-conversao 1.0.0,31,ok
178691,per178691_1910_09446,6,0,0,,,triagem/nome-caixa-conversao 1.0.0,31,ok
178691,per178691_1910_09446,7,0,0,,,triagem/nome-caixa-conversao 1.0.0,31,ok
178691,per178691_1910_09446,8,0,0,,,triagem/nome-caixa-conversao 1.0.0,31,ok
178691,per178691_1910_09446,9,0,0,,,triagem/nome-caixa-conversao 1.0.0,31,ok
178691,per178691_1910_09446,10,0,0,,,triagem/nome-caixa-conversao 1.0.0,31,ok
178691,per178691_1910_09447,1,1,1,caixa dc conver,31403,triagem/nome-caixa-conversao 1.0.0,31,ok
178691,per178691_1910_09447,2,0,0,,,triagem/nome-caixa-conversao 1.0.0,31,ok
178691,per178691_1910_09447,3,0,0,,,triagem/nome-caixa-conversao 1.0.0,31,ok
178691,per178691_1910_09447,4,0,0,,,triagem/nome-caixa-conversao 1.0.0,31,ok
178691,per178691_1910_09447,5,0,0,,,triagem/nome-caixa-conversao 1.0.0,31,ok
178691,per178691_1910_09447,6,0,0,,,triagem/nome-caixa-conversao 1.0.0,31,ok
178691,per178691_1910_09447,7,0,0,,,triagem/nome-caixa-conversao 1.0.0,31,ok
178691,per178691_1910_09447,8,0,0,,,triagem/nome-caixa-conversao 1.0.0,31,ok
178691,per178691_1910_09447,9,0,0,,,triagem/nome-caixa-conversao 1.0.0,31,ok
178691,per178691_1910_09447,10,0,0,,,triagem/nome-caixa-conversao 1.0.0,31,ok
178691,per178691_1910_09447,11,0,0,,,triagem/nome-caixa-conversao 1.0.0,31,ok
178691,per178691_1910_09447,12,0,0,,,triagem/nome-caixa-conversao 1.0.0,31,ok
178691,per178691_1910_09448,1,0,0,,,triagem/nome-caixa-conversao 1.0.0,31,ok
178691,per178691_1910_09448,2,1,1,caixa de conver,36536,triagem/nome-caixa-conversao 1.0.0,31,ok
178691,per178691_1910_09448,3,1,1,caixa de conver,34461,triagem/nome-caixa-conversao 1.0.0,31,ok
178691,per178691_1910_09448,4,0,0,,,triagem/nome-caixa-conversao 1.0.0,31,ok
178691,per178691_1910_09448,5,0,0,,,triagem/nome-caixa-conversao 1.0.0,31,ok
178691,per178691_1910_09448,6,0,0,,,triagem/nome-caixa-conversao 1.0.0,31,ok
178691,per178691_1910_09448,7,0,0,,,triagem/nome-caixa-conversao 1.0.0,31,ok
178691,per178691_1910_09448,8,0,0,,,triagem/nome-caixa-conversao 1.0.0,31,ok
178691,per178691_1910_09448,9,0,0,,,triagem/nome-caixa-conversao 1.0.0,31,ok
178691,per178691_1910_09448,10,0,0,,,triagem/nome-caixa-conversao 1.0.0,31,ok
178691,per178691_1910_09448,11,0,0,,,triagem/nome-caixa-conversao 1.0.0,31,ok
178691,per178691_1910_09448,12,0,0,,,triagem/nome-caixa-conversao 1.0.0,31,ok
178691,per178691_1910_09448,13,0,0,,,triagem/nome-caixa-conversao 1.0.0,31,ok
178691,per178691_1910_09448,14,0,0,,,triagem/nome-caixa-conversao 1.0.0,31,ok
178691,per178691_1910_09448,15,0,0,,,triagem/nome-caixa-conversao 1.0.0,31,ok
178691,per178691_1910_09448,16,0,0,,,triagem/nome-caixa-conversao 1.0.0,31,ok
178691,per178691_1910_09449,1,0,0,,,triagem/nome-caixa-conversao 1.0.0,31,ok
178691,per178691_1910_09449,2,0,0,,,triagem/nome-caixa-conversao 1.0.0,31,ok
178691,per178691_1910_09449,3,0,0,,,triagem/nome-caixa-conversao 1.0.0,31,ok
178691,per178691_1910_09449,4,0,0,,,triagem/nome-caixa-conversao 1.0.0,31,ok
178691,per178691_1910_09449,5,0,0,,,triagem/nome-caixa-conversao 1.0.0,31,ok
178691,per178691_1910_09449,6,0,0,,,triagem/nome-caixa-conversao 1.0.0,31,ok
178691,per178691_1910_09449,7,0,0,,,triagem/nome-caixa-conversao 1.0.0,31,ok
178691,per178691_1910_09449,8,0,0,,,triagem/nome-caixa-conversao 1.0.0,31,ok
178691,per178691_1910_09449,9,0,0,,,triagem/nome-caixa-conversao 1.0.0,31,ok
178691,per178691_1910_09449,10,1,1,caixa de conver,46826,triagem/nome-caixa-conversao 1.0.0,31,ok
178691,per178691_1910_09449,11,0,0,,,triagem/nome-caixa-conversao 1.0.0,31,ok
178691,per178691_1910_09449,12,0,0,,,triagem/nome-caixa-conversao 1.0.0,31,ok
178691,per178691_1910_09449,13,0,0,,,triagem/nome-caixa-conversao 1.0.0,31,ok
178691,per178691_1910_09449,14,0,0,,,triagem/nome-caixa-conversao 1.0.0,31,ok
178691,per178691_1910_09449,15,0,0,,,triagem/nome-caixa-conversao 1.0.0,31,ok
178691,per178691_1910_09449,16,0,0,,,triagem/nome-caixa-conversao 1.0.0,31,ok
178691,per178691_1910_09450,1,0,0,,,triagem/nome-caixa-conversao 1.0.0,31,ok
178691,per178691_1910_09450,2,0,0,,,triagem/nome-caixa-conversao 1.0.0,31,ok
178691,per178691_1910_09450,3,1,2,caixa de conver,14287,triagem/nome-caixa-conversao 1.0.0,31,ok
178691,per178691_1910_09450,4,0,0,,,triagem/nome-caixa-conversao 1.0.0,31,ok
178691,per178691_1910_09450,5,0,0,,,triagem/nome-caixa-conversao 1.0.0,31,ok
178691,per178691_1910_09450,6,0,0,,,triagem/nome-caixa-conversao 1.0.0,31,ok
178691,per178691_1910_09450,7,1,1,caixa de conver,19121,triagem/nome-caixa-conversao 1.0.0,31,ok
178691,per178691_1910_09450,8,0,0,,,triagem/nome-caixa-conversao 1.0.0,31,ok
178691,per178691_1910_09450,9,0,0,,,triagem/nome-caixa-conversao 1.0.0,31,ok
178691,per178691_1910_09450,10,0,0,,,triagem/nome-caixa-conversao 1.0.0,31,ok
178691,per178691_1910_09450,11,0,0,,,triagem/nome-caixa-conversao 1.0.0,31,ok
178691,per178691_1910_09450,12,0,0,,,triagem/nome-caixa-conversao 1.0.0,31,ok
178691,per178691_1910_09451,1,0,0,,,triagem/nome-caixa-conversao 1.0.0,31,ok
178691,per178691_1910_09451,2,0,0,,,triagem/nome-caixa-conversao 1.0.0,31,ok
178691,per178691_1910_09451,3,0,0,,,triagem/nome-caixa-conversao 1.0.0,31,ok
178691,per178691_1910_09451,4,0,0,,,triagem/nome-caixa-conversao 1.0.0,31,ok
178691,per178691_1910_09451,5,0,0,,,triagem/nome-caixa-conversao 1.0.0,31,ok
178691,per178691_1910_09451,6,0,0,,,triagem/nome-caixa-conversao 1.0.0,31,ok
178691,per178691_1910_09451,7,0,0,,,triagem/nome-caixa-conversao 1.0.0,31,ok
178691,per178691_1910_09451,8,0,0,,,triagem/nome-caixa-conversao 1.0.0,31,ok
178691,per178691_1910_09451,9,0,0,,,triagem/nome-caixa-conversao 1.0.0,31,ok
178691,per178691_1910_09451,10,0,0,,,triagem/nome-caixa-conversao 1.0.0,31,ok
178691,per178691_1910_09451,11,0,0,,,triagem/nome-caixa-conversao 1.0.0,31,ok
178691,per178691_1910_09451,12,0,0,,,triagem/nome-caixa-conversao 1.0.0,31,ok
178691,per178691_1910_09451,13,0,0,,,triagem/nome-caixa-conversao 1.0.0,31,ok
178691,per178691_1910_09451,14,0,0,,,triagem/nome-caixa-conversao 1.0.0,31,ok
178691,per178691_1910_09451,15,0,0,,,triagem/nome-caixa-conversao 1.0.0,31,ok
178691,per178691_1910_09451,16,0,0,,,triagem/nome-caixa-conversao 1.0.0,31,ok
178691,per178691_1910_09452,1,0,0,,,triagem/nome-caixa-conversao 1.0.0,31,ok
178691,per178691_1910_09452,2,0,0,,,triagem/nome-caixa-conversao 1.0.0,31,ok
178691,per178691_1910_09452,3,0,0,,,triagem/nome-caixa-conversao 1.0.0,31,ok
178691,per178691_1910_09452,4,0,0,,,triagem/nome-caixa-conversao 1.0.0,31,ok
178691,per178691_1910_09452,5,0,0,,,triagem/nome-caixa-conversao 1.0.0,31,ok
178691,per178691_1910_09452,6,0,0,,,triagem/nome-caixa-conversao 1.0.0,31,ok
178691,per178691_1910_09452,7,1,1,caixa dc conver,3749,triagem/nome-caixa-conversao 1.0.0,31,ok
178691,per178691_1910_09452,8,0,0,,,triagem/nome-caixa-conversao 1.0.0,31,ok
178691,per178691_1910_09452,9,0,0,,,triagem/nome-caixa-conversao 1.0.0,31,ok
178691,per178691_1910_09452,10,0,0,,,triagem/nome-caixa-conversao 1.0.0,31,ok
178691,per178691_1910_09453,1,0,0,,,triagem/nome-caixa-conversao 1.0.0,31,ok
178691,per178691_1910_09453,2,1,2,caixa deconver,22542,triagem/nome-caixa-conversao 1.0.0,31,ok
178691,per178691_1910_09453,3,0,0,,,triagem/nome-caixa-conversao 1.0.0,31,ok
178691,per178691_1910_09453,4,0,0,,,triagem/nome-caixa-conversao 1.0.0,31,ok
178691,per178691_1910_09453,5,0,0,,,triagem/nome-caixa-conversao 1.0.0,31,ok
178691,per178691_1910_09453,6,0,0,,,triagem/nome-caixa-conversao 1.0.0,31,ok
178691,per178691_1910_09453,7,0,0,,,triagem/nome-caixa-conversao 1.0.0,31,ok
178691,per178691_1910_09453,8,0,0,,,triagem/nome-caixa-conversao 1.0.0,31,ok
178691,per178691_1910_09453,9,0,0,,,triagem/nome-caixa-conversao 1.0.0,31,ok
178691,per178691_1910_09453,10,0,0,,,triagem/nome-caixa-conversao 1.0.0,31,ok
178691,per178691_1910_09453,11,0,0,,,triagem/nome-caixa-conversao 1.0.0,31,ok
178691,per178691_1910_09453,12,0,0,,,triagem/nome-caixa-conversao 1.0.0,31,ok
178691,per178691_1910_09453,13,0,0,,,triagem/nome-caixa-conversao 1.0.0,31,ok
178691,per178691_1910_09453,14,0,0,,,triagem/nome-caixa-conversao 1.0.0,31,ok
178691,per178691_1910_09453,15,0,0,,,triagem/nome-caixa-conversao 1.0.0,31,ok
178691,per178691_1910_09453,16,0,0,,,triagem/nome-caixa-conversao 1.0.0,31,ok
178691,per178691_1910_09454,1,0,0,,,triagem/nome-caixa-conversao 1.0.0,31,ok
178691,per178691_1910_09454,2,0,0,,,triagem/nome-caixa-conversao 1.0.0,31,ok
178691,per178691_1910_09454,3,0,0,,,triagem/nome-caixa-conversao 1.0.0,31,ok
178691,per178691_1910_09454,4,0,0,,,triagem/nome-caixa-conversao 1.0.0,31,ok
178691,per178691_1910_09454,5,0,0,,,triagem/nome-caixa-conversao 1.0.0,31,ok
178691,per178691_1910_09454,6,1,1,caixa deconver,34840,triagem/nome-caixa-conversao 1.0.0,31,ok
178691,per178691_1910_09454,7,0,0,,,triagem/nome-caixa-conversao 1.0.0,31,ok
178691,per178691_1910_09454,8,0,0,,,triagem/nome-caixa-conversao 1.0.0,31,ok
178691,per178691_1910_09454,9,0,0,,,triagem/nome-caixa-conversao 1.0.0,31,ok
178691,per178691_1910_09454,10,0,0,,,triagem/nome-caixa-conversao 1.0.0,31,ok
178691,per178691_1910_09454,11,0,0,,,triagem/nome-caixa-conversao 1.0.0,31,ok
178691,per178691_1910_09454,12,0,0,,,triagem/nome-caixa-conversao 1.0.0,31,ok
178691,per178691_1910_09455,1,0,0,,,triagem/nome-caixa-conversao 1.0.0,31,ok
178691,per178691_1910_09455,2,0,0,,,triagem/nome-caixa-conversao 1.0.0,31,ok
178691,per178691_1910_09455,3,0,0,,,triagem/nome-caixa-conversao 1.0.0,31,ok
178691,per178691_1910_09455,4,0,0,,,triagem/nome-caixa-conversao 1.0.0,31,ok
178691,per178691_1910_09455,5,0,0,,,triagem/nome-caixa-conversao 1.0.0,31,ok
178691,per178691_1910_09455,6,0,0,,,triagem/nome-caixa-conversao 1.0.0,31,ok
178691,per178691_1910_09455,7,0,0,,,triagem/nome-caixa-conversao 1.0.0,31,ok
178691,per178691_1910_09455,8,0,0,,,triagem/nome-caixa-conversao 1.0.0,31,ok
178691,per178691_1910_09455,9,0,0,,,triagem/nome-caixa-conversao 1.0.0,31,ok
178691,per178691_1910_09455,10,0,0,,,triagem/nome-caixa-conversao 1.0.0,31,ok
178691,per178691_1910_09455,11,0,0,,,triagem/nome-caixa-conversao 1.0.0,31,ok
178691,per178691_1910_09455,12,0,0,,,triagem/nome-caixa-conversao 1.0.0,31,ok
178691,per178691_1910_09455,13,0,0,,,triagem/nome-caixa-conversao 1.0.0,31,ok
178691,per178691_1910_09455,14,0,0,,,triagem/nome-caixa-conversao 1.0.0,31,ok
178691,per178691_1910_09455,15,0,0,,,triagem/nome-caixa-conversao 1.0.0,31,ok
178691,per178691_1910_09455,16,0,0,,,triagem/nome-caixa-conversao 1.0.0,31,ok
178691,per178691_1910_09456,1,0,0,,,triagem/nome-caixa-conversao 1.0.0,31,ok
178691,per178691_1910_09456,2,0,0,,,triagem/nome-caixa-conversao 1.0.0,31,ok
178691,per178691_1910_09456,3,0,0,,,triagem/nome-caixa-conversao 1.0.0,31,ok
178691,per178691_1910_09456,4,0,0,,,triagem/nome-caixa-conversao 1.0.0,31,ok
178691,per178691_1910_09456,5,0,0,,,triagem/nome-caixa-conversao 1.0.0,31,ok
178691,per178691_1910_09456,6,0,0,,,triagem/nome-caixa-conversao 1.0.0,31,ok
178691,per178691_1910_09456,7,0,0,,,triagem/nome-caixa-conversao 1.0.0,31,ok
178691,per178691_1910_09456,8,0,0,,,triagem/nome-caixa-conversao 1.0.0,31,ok
178691,per178691_1910_09456,9,0,0,,,triagem/nome-caixa-conversao 1.0.0,31,ok
178691,per178691_1910_09456,10,0,0,,,triagem/nome-caixa-conversao 1.0.0,31,ok
178691,per178691_1910_09456,11,0,0,,,triagem/nome-caixa-conversao 1.0.0,31,ok
178691,per178691_1910_09456,12,0,0,,,triagem/nome-caixa-conversao 1.0.0,31,ok
178691,per178691_1910_09457,1,0,0,,,triagem/nome-caixa-conversao 1.0.0,31,ok
178691,per178691_1910_09457,2,0,0,,,triagem/nome-caixa-conversao 1.0.0,31,ok
178691,per178691_1910_09457,3,0,0,,,triagem/nome-caixa-conversao 1.0.0,31,ok
178691,per178691_1910_09457,4,0,0,,,triagem/nome-caixa-conversao 1.0.0,31,ok
178691,per178691_1910_09457,5,1,1,caixa do conver,22272,triagem/nome-caixa-conversao 1.0.0,31,ok
178691,per178691_1910_09457,6,1,1,caixa de conver,21551,triagem/nome-caixa-conversao 1.0.0,31,ok
178691,per178691_1910_09457,7,0,0,,,triagem/nome-caixa-conversao 1.0.0,31,ok
178691,per178691_1910_09457,8,0,0,,,triagem/nome-caixa-conversao 1.0.0,31,ok
178691,per178691_1910_09457,9,0,0,,,triagem/nome-caixa-conversao 1.0.0,31,ok
178691,per178691_1910_09457,10,0,0,,,triagem/nome-caixa-conversao 1.0.0,31,ok
178691,per178691_1910_09457,11,0,0,,,triagem/nome-caixa-conversao 1.0.0,31,ok
178691,per178691_1910_09457,12,0,0,,,triagem/nome-caixa-conversao 1.0.0,31,ok
178691,per178691_1910_09458,1,0,0,,,triagem/nome-caixa-conversao 1.0.0,31,ok
178691,per178691_1910_09458,2,0,0,,,triagem/nome-caixa-conversao 1.0.0,31,ok
178691,per178691_1910_09458,3,0,0,,,triagem/nome-caixa-conversao 1.0.0,31,ok
178691,per178691_1910_09458,4,0,0,,,triagem/nome-caixa-conversao 1.0.0,31,ok
178691,per178691_1910_09458,5,0,0,,,triagem/nome-caixa-conversao 1.0.0,31,ok
178691,per178691_1910_09458,6,1,1,caixa doconver,38729,triagem/nome-caixa-conversao 1.0.0,31,ok
178691,per178691_1910_09458,7,0,0,,,triagem/nome-caixa-conversao 1.0.0,31,ok
178691,per178691_1910_09458,8,0,0,,,triagem/nome-caixa-conversao 1.0.0,31,ok
178691,per178691_1910_09458,9,0,0,,,triagem/nome-caixa-conversao 1.0.0,31,ok
178691,per178691_1910_09458,10,0,0,,,triagem/nome-caixa-conversao 1.0.0,31,ok
178691,per178691_1910_09458,11,0,0,,,triagem/nome-caixa-conversao 1.0.0,31,ok
178691,per178691_1910_09458,12,0,0,,,triagem/nome-caixa-conversao 1.0.0,31,ok
178691,per178691_1910_09458,13,0,0,,,triagem/nome-caixa-conversao 1.0.0,31,ok
178691,per178691_1910_09458,14,0,0,,,triagem/nome-caixa-conversao 1.0.0,31,ok
178691,per178691_1910_09458,15,0,0,,,triagem/nome-caixa-conversao 1.0.0,31,ok
178691,per178691_1910_09458,16,0,0,,,triagem/nome-caixa-conversao 1.0.0,31,ok
178691,per178691_1910_09459,1,0,0,,,triagem/nome-caixa-conversao 1.0.0,31,ok
178691,per178691_1910_09459,2,0,0,,,triagem/nome-caixa-conversao 1.0.0,31,ok
178691,per178691_1910_09459,3,0,0,,,triagem/nome-caixa-conversao 1.0.0,31,ok
178691,per178691_1910_09459,4,0,0,,,triagem/nome-caixa-conversao 1.0.0,31,ok
178691,per178691_1910_09459,5,0,0,,,triagem/nome-caixa-conversao 1.0.0,31,ok
178691,per178691_1910_09459,6,1,1,caixa do conver,40196,triagem/nome-caixa-conversao 1.0.0,31,ok
178691,per178691_1910_09459,7,0,0,,,triagem/nome-caixa-conversao 1.0.0,31,ok
178691,per178691_1910_09459,8,0,0,,,triagem/nome-caixa-conversao 1.0.0,31,ok
178691,per178691_1910_09459,9,0,0,,,triagem/nome-caixa-conversao 1.0.0,31,ok
178691,per178691_1910_09459,10,0,0,,,triagem/nome-caixa-conversao 1.0.0,31,ok
178691,per178691_1910_09460,1,0,0,,,triagem/nome-caixa-conversao 1.0.0,31,ok
178691,per178691_1910_09460,2,0,0,,,triagem/nome-caixa-conversao 1.0.0,31,ok
178691,per178691_1910_09460,3,0,0,,,triagem/nome-caixa-conversao 1.0.0,31,ok
178691,per178691_1910_09460,4,0,0,,,triagem/nome-caixa-conversao 1.0.0,31,ok
178691,per178691_1910_09460,5,0,0,,,triagem/nome-caixa-conversao 1.0.0,31,ok
178691,per178691_1910_09460,6,0,0,,,triagem/nome-caixa-conversao 1.0.0,31,ok
178691,per178691_1910_09460,7,0,0,,,triagem/nome-caixa-conversao 1.0.0,31,ok
178691,per178691_1910_09460,8,0,0,,,triagem/nome-caixa-conversao 1.0.0,31,ok
178691,per178691_1910_09460,9,0,0,,,triagem/nome-caixa-conversao 1.0.0,31,ok
178691,per178691_1910_09460,10,0,0,,,triagem/nome-caixa-conversao 1.0.0,31,ok
178691,per178691_1910_09460,11,0,0,,,triagem/nome-caixa-conversao 1.0.0,31,ok
178691,per178691_1910_09460,12,0,0,,,triagem/nome-caixa-conversao 1.0.0,31,ok
178691,per178691_1910_09460,13,0,0,,,triagem/nome-caixa-conversao 1.0.0,31,ok
178691,per178691_1910_09460,14,0,0,,,triagem/nome-caixa-conversao 1.0.0,31,ok
178691,per178691_1910_09460,15,0,0,,,triagem/nome-caixa-conversao 1.0.0,31,ok
178691,per178691_1910_09460,16,0,0,,,triagem/nome-caixa-conversao 1.0.0,31,ok
178691,per178691_1910_09461,1,0,0,,,triagem/nome-caixa-conversao 1.0.0,31,ok
178691,per178691_1910_09461,2,1,2,caixa de conver,8320,triagem/nome-caixa-conversao 1.0.0,31,ok
178691,per178691_1910_09461,3,0,0,,,triagem/nome-caixa-conversao 1.0.0,31,ok
178691,per178691_1910_09461,4,0,0,,,triagem/nome-caixa-conversao 1.0.0,31,ok
178691,per178691_1910_09461,5,0,0,,,triagem/nome-caixa-conversao 1.0.0,31,ok
178691,per178691_1910_09461,6,0,0,,,triagem/nome-caixa-conversao 1.0.0,31,ok
178691,per178691_1910_09461,7,0,0,,,triagem/nome-caixa-conversao 1.0.0,31,ok
178691,per178691_1910_09461,8,0,0,,,triagem/nome-caixa-conversao 1.0.0,31,ok
178691,per178691_1910_09461,9,0,0,,,triagem/nome-caixa-conversao 1.0.0,31,ok
178691,per178691_1910_09461,10,1,1,caixa do conver,37815,triagem/nome-caixa-conversao 1.0.0,31,ok
178691,per178691_1910_09461,11,0,0,,,triagem/nome-caixa-conversao 1.0.0,31,ok
178691,per178691_1910_09461,12,0,0,,,triagem/nome-caixa-conversao 1.0.0,31,ok
178691,per178691_1910_09461,13,0,0,,,triagem/nome-caixa-conversao 1.0.0,31,ok
178691,per178691_1910_09461,14,0,0,,,triagem/nome-caixa-conversao 1.0.0,31,ok
178691,per178691_1910_09461,15,0,0,,,triagem/nome-caixa-conversao 1.0.0,31,ok
178691,per178691_1910_09461,16,0,0,,,triagem/nome-caixa-conversao 1.0.0,31,ok
178691,per178691_1910_09462,1,0,0,,,triagem/nome-caixa-conversao 1.0.0,31,ok
178691,per178691_1910_09462,2,0,0,,,triagem/nome-caixa-conversao 1.0.0,31,ok
178691,per178691_1910_09462,3,0,0,,,triagem/nome-caixa-conversao 1.0.0,31,ok
178691,per178691_1910_09462,4,0,0,,,triagem/nome-caixa-conversao 1.0.0,31,ok
178691,per178691_1910_09462,5,0,0,,,triagem/nome-caixa-conversao 1.0.0,31,ok
178691,per178691_1910_09462,6,1,1,caixa de conver,28050,triagem/nome-caixa-conversao 1.0.0,31,ok
178691,per178691_1910_09462,7,0,0,,,triagem/nome-caixa-conversao 1.0.0,31,ok
178691,per178691_1910_09462,8,0,0,,,triagem/nome-caixa-conversao 1.0.0,31,ok
178691,per178691_1910_09462,9,0,0,,,triagem/nome-caixa-conversao 1.0.0,31,ok
178691,per178691_1910_09462,10,0,0,,,triagem/nome-caixa-conversao 1.0.0,31,ok
178691,per178691_1910_09462,11,0,0,,,triagem/nome-caixa-conversao 1.0.0,31,ok
178691,per178691_1910_09462,12,0,0,,,triagem/nome-caixa-conversao 1.0.0,31,ok
178691,per178691_1910_09463,1,0,0,,,triagem/nome-caixa-conversao 1.0.0,31,ok
178691,per178691_1910_09463,2,0,0,,,triagem/nome-caixa-conversao 1.0.0,31,ok
178691,per178691_1910_09463,3,0,0,,,triagem/nome-caixa-conversao 1.0.0,31,ok
178691,per178691_1910_09463,4,0,0,,,triagem/nome-caixa-conversao 1.0.0,31,ok
178691,per178691_1910_09463,5,0,0,,,triagem/nome-caixa-conversao 1.0.0,31,ok
178691,per178691_1910_09463,6,0,0,,,triagem/nome-caixa-conversao 1.0.0,31,ok
178691,per178691_1910_09463,7,0,0,,,triagem/nome-caixa-conversao 1.0.0,31,ok
178691,per178691_1910_09463,8,0,0,,,triagem/nome-caixa-conversao 1.0.0,31,ok
178691,per178691_1910_09463,9,0,0,,,triagem/nome-caixa-conversao 1.0.0,31,ok
178691,per178691_1910_09463,10,0,0,,,triagem/nome-caixa-conversao 1.0.0,31,ok
178691,per178691_1910_09463,11,0,0,,,triagem/nome-caixa-conversao 1.0.0,31,ok
178691,per178691_1910_09463,12,0,0,,,triagem/nome-caixa-conversao 1.0.0,31,ok
178691,per178691_1910_09463,13,1,1,caixa de conver,206,triagem/nome-caixa-conversao 1.0.0,31,ok
178691,per178691_1910_09463,14,0,0,,,triagem/nome-caixa-conversao 1.0.0,31,ok
178691,per178691_1910_09463,15,0,0,,,triagem/nome-caixa-conversao 1.0.0,31,ok
178691,per178691_1910_09463,16,0,0,,,triagem/nome-caixa-conversao 1.0.0,31,ok
178691,per178691_1910_09464,1,0,0,,,triagem/nome-caixa-conversao 1.0.0,31,ok
178691,per178691_1910_09464,2,0,0,,,triagem/nome-caixa-conversao 1.0.0,31,ok
178691,per178691_1910_09464,3,0,0,,,triagem/nome-caixa-conversao 1.0.0,31,ok
178691,per178691_1910_09464,4,0,0,,,triagem/nome-caixa-conversao 1.0.0,31,ok
178691,per178691_1910_09464,5,1,1,caixa de conver,13990,triagem/nome-caixa-conversao 1.0.0,31,ok
178691,per178691_1910_09464,6,0,0,,,triagem/nome-caixa-conversao 1.0.0,31,ok
178691,per178691_1910_09464,7,0,0,,,triagem/nome-caixa-conversao 1.0.0,31,ok
178691,per178691_1910_09464,8,0,0,,,triagem/nome-caixa-conversao 1.0.0,31,ok
178691,per178691_1910_09464,9,1,1,caixa doconver,5554,triagem/nome-caixa-conversao 1.0.0,31,ok
178691,per178691_1910_09464,10,0,0,,,triagem/nome-caixa-conversao 1.0.0,31,ok
178691,per178691_1910_09464,11,0,0,,,triagem/nome-caixa-conversao 1.0.0,31,ok
178691,per178691_1910_09464,12,0,0,,,triagem/nome-caixa-conversao 1.0.0,31,ok
178691,per178691_1910_09464,13,0,0,,,triagem/nome-caixa-conversao 1.0.0,31,ok
178691,per178691_1910_09464,14,0,0,,,triagem/nome-caixa-conversao 1.0.0,31,ok
178691,per178691_1910_09464,15,0,0,,,triagem/nome-caixa-conversao 1.0.0,31,ok
178691,per178691_1910_09464,16,0,0,,,triagem/nome-caixa-conversao 1.0.0,31,ok
178691,per178691_1910_09465,1,0,0,,,triagem/nome-caixa-conversao 1.0.0,31,ok
178691,per178691_1910_09465,2,0,0,,,triagem/nome-caixa-conversao 1.0.0,31,ok
178691,per178691_1910_09465,3,0,0,,,triagem/nome-caixa-conversao 1.0.0,31,ok
178691,per178691_1910_09465,4,0,0,,,triagem/nome-caixa-conversao 1.0.0,31,ok
178691,per178691_1910_09465,5,0,0,,,triagem/nome-caixa-conversao 1.0.0,31,ok
178691,per178691_1910_09465,6,0,0,,,triagem/nome-caixa-conversao 1.0.0,31,ok
178691,per178691_1910_09465,7,1,1,caixa de conver,31755,triagem/nome-caixa-conversao 1.0.0,31,ok
178691,per178691_1910_09465,8,0,0,,,triagem/nome-caixa-conversao 1.0.0,31,ok
178691,per178691_1910_09465,9,0,0,,,triagem/nome-caixa-conversao 1.0.0,31,ok
178691,per178691_1910_09465,10,0,0,,,triagem/nome-caixa-conversao 1.0.0,31,ok
178691,per178691_1910_09465,11,0,0,,,triagem/nome-caixa-conversao 1.0.0,31,ok
178691,per178691_1910_09465,12,0,0,,,triagem/nome-caixa-conversao 1.0.0,31,ok
178691,per178691_1910_09465,13,0,0,,,triagem/nome-caixa-conversao 1.0.0,31,ok
178691,per178691_1910_09465,14,0,0,,,triagem/nome-caixa-conversao 1.0.0,31,ok
178691,per178691_1910_09465,15,0,0,,,triagem/nome-caixa-conversao 1.0.0,31,ok
178691,per178691_1910_09465,16,0,0,,,triagem/nome-caixa-conversao 1.0.0,31,ok
178691,per178691_1910_09466,1,0,0,,,triagem/nome-caixa-conversao 1.0.0,31,ok
178691,per178691_1910_09466,2,0,0,,,triagem/nome-caixa-conversao 1.0.0,31,ok
178691,per178691_1910_09466,3,0,0,,,triagem/nome-caixa-conversao 1.0.0,31,ok
178691,per178691_1910_09466,4,0,0,,,triagem/nome-caixa-conversao 1.0.0,31,ok
178691,per178691_1910_09466,5,0,0,,,triagem/nome-caixa-conversao 1.0.0,31,ok
178691,per178691_1910_09466,6,0,0,,,triagem/nome-caixa-conversao 1.0.0,31,ok
178691,per178691_1910_09466,7,1,1,caixa deconver,12180,triagem/nome-caixa-conversao 1.0.0,31,ok
178691,per178691_1910_09466,8,0,0,,,triagem/nome-caixa-conversao 1.0.0,31,ok
178691,per178691_1910_09466,9,0,0,,,triagem/nome-caixa-conversao 1.0.0,31,ok
178691,per178691_1910_09466,10,0,0,,,triagem/nome-caixa-conversao 1.0.0,31,ok
178691,per178691_1910_09466,11,0,0,,,triagem/nome-caixa-conversao 1.0.0,31,ok
178691,per178691_1910_09466,12,0,0,,,triagem/nome-caixa-conversao 1.0.0,31,ok
178691,per178691_1910_09467,1,0,0,,,triagem/nome-caixa-conversao 1.0.0,31,ok
178691,per178691_1910_09467,2,0,0,,,triagem/nome-caixa-conversao 1.0.0,31,ok
178691,per178691_1910_09467,3,0,0,,,triagem/nome-caixa-conversao 1.0.0,31,ok
178691,per178691_1910_09467,4,0,0,,,triagem/nome-caixa-conversao 1.0.0,31,ok
178691,per178691_1910_09467,5,0,0,,,triagem/nome-caixa-conversao 1.0.0,31,ok
178691,per178691_1910_09467,6,0,0,,,triagem/nome-caixa-conversao 1.0.0,31,ok
178691,per178691_1910_09467,7,0,0,,,triagem/nome-caixa-conversao 1.0.0,31,ok
178691,per178691_1910_09467,8,0,0,,,triagem/nome-caixa-conversao 1.0.0,31,ok
178691,per178691_1910_09467,9,0,0,,,triagem/nome-caixa-conversao 1.0.0,31,ok
178691,per178691_1910_09467,10,0,0,,,triagem/nome-caixa-conversao 1.0.0,31,ok
178691,per178691_1910_09467,11,0,0,,,triagem/nome-caixa-conversao 1.0.0,31,ok
178691,per178691_1910_09467,12,0,0,,,triagem/nome-caixa-conversao 1.0.0,31,ok
178691,per178691_1910_09467,13,0,0,,,triagem/nome-caixa-conversao 1.0.0,31,ok
178691,per178691_1910_09467,14,0,0,,,triagem/nome-caixa-conversao 1.0.0,31,ok
178691,per178691_1910_09467,15,0,0,,,triagem/nome-caixa-conversao 1.0.0,31,ok
178691,per178691_1910_09467,16,0,0,,,triagem/nome-caixa-conversao 1.0.0,31,ok
178691,per178691_1910_09468,1,0,0,,,triagem/nome-caixa-conversao 1.0.0,31,ok
178691,per178691_1910_09468,2,0,0,,,triagem/nome-caixa-conversao 1.0.0,31,ok
178691,per178691_1910_09468,3,0,0,,,triagem/nome-caixa-conversao 1.0.0,31,ok
178691,per178691_1910_09468,4,0,0,,,triagem/nome-caixa-conversao 1.0.0,31,ok
178691,per178691_1910_09468,5,0,0,,,triagem/nome-caixa-conversao 1.0.0,31,ok
178691,per178691_1910_09468,6,0,0,,,triagem/nome-caixa-conversao 1.0.0,31,ok
178691,per178691_1910_09468,7,1,1,caixade conver,13010,triagem/nome-caixa-conversao 1.0.0,31,ok
178691,per178691_1910_09468,8,1,1,caixade conver,37418,triagem/nome-caixa-conversao 1.0.0,31,ok
178691,per178691_1910_09468,9,0,0,,,triagem/nome-caixa-conversao 1.0.0,31,ok
178691,per178691_1910_09468,10,0,0,,,triagem/nome-caixa-conversao 1.0.0,31,ok
178691,per178691_1910_09468,11,0,0,,,triagem/nome-caixa-conversao 1.0.0,31,ok
178691,per178691_1910_09468,12,0,0,,,triagem/nome-caixa-conversao 1.0.0,31,ok
178691,per178691_1910_09469,1,0,0,,,triagem/nome-caixa-conversao 1.0.0,31,ok
178691,per178691_1910_09469,2,0,0,,,triagem/nome-caixa-conversao 1.0.0,31,ok
178691,per178691_1910_09469,3,0,0,,,triagem/nome-caixa-conversao 1.0.0,31,ok
178691,per178691_1910_09469,4,0,0,,,triagem/nome-caixa-conversao 1.0.0,31,ok
178691,per178691_1910_09469,5,0,0,,,triagem/nome-caixa-conversao 1.0.0,31,ok
178691,per178691_1910_09469,6,0,0,,,triagem/nome-caixa-conversao 1.0.0,31,ok
178691,per178691_1910_09469,7,1,1,caixa de conver,30258,triagem/nome-caixa-conversao 1.0.0,31,ok
178691,per178691_1910_09469,8,0,0,,,triagem/nome-caixa-conversao 1.0.0,31,ok
178691,per178691_1910_09469,9,0,0,,,triagem/nome-caixa-conversao 1.0.0,31,ok
178691,per178691_1910_09469,10,0,0,,,triagem/nome-caixa-conversao 1.0.0,31,ok
178691,per178691_1910_09469,11,0,0,,,triagem/nome-caixa-conversao 1.0.0,31,ok
178691,per178691_1910_09469,12,0,0,,,triagem/nome-caixa-conversao 1.0.0,31,ok
178691,per178691_1910_09470,1,0,0,,,triagem/nome-caixa-conversao 1.0.0,31,ok
178691,per178691_1910_09470,2,0,0,,,triagem/nome-caixa-conversao 1.0.0,31,ok
178691,per178691_1910_09470,3,0,0,,,triagem/nome-caixa-conversao 1.0.0,31,ok
178691,per178691_1910_09470,4,0,0,,,triagem/nome-caixa-conversao 1.0.0,31,ok
178691,per178691_1910_09470,5,0,0,,,triagem/nome-caixa-conversao 1.0.0,31,ok
178691,per178691_1910_09470,6,0,0,,,triagem/nome-caixa-conversao 1.0.0,31,ok
178691,per178691_1910_09470,7,0,0,,,triagem/nome-caixa-conversao 1.0.0,31,ok
178691,per178691_1910_09470,8,0,0,,,triagem/nome-caixa-conversao 1.0.0,31,ok
178691,per178691_1910_09470,9,0,0,,,triagem/nome-caixa-conversao 1.0.0,31,ok
178691,per178691_1910_09470,10,0,0,,,triagem/nome-caixa-conversao 1.0.0,31,ok
178691,per178691_1910_09470,11,0,0,,,triagem/nome-caixa-conversao 1.0.0,31,ok
178691,per178691_1910_09470,12,0,0,,,triagem/nome-caixa-conversao 1.0.0,31,ok
178691,per178691_1910_09471,1,0,0,,,triagem/nome-caixa-conversao 1.0.0,31,ok
178691,per178691_1910_09471,2,0,0,,,triagem/nome-caixa-conversao 1.0.0,31,ok
178691,per178691_1910_09471,3,0,0,,,triagem/nome-caixa-conversao 1.0.0,31,ok
178691,per178691_1910_09471,4,0,0,,,triagem/nome-caixa-conversao 1.0.0,31,ok
178691,per178691_1910_09471,5,0,0,,,triagem/nome-caixa-conversao 1.0.0,31,ok
178691,per178691_1910_09471,6,1,1,caixa de conver,45740,triagem/nome-caixa-conversao 1.0.0,31,ok
178691,per178691_1910_09471,7,0,0,,,triagem/nome-caixa-conversao 1.0.0,31,ok
178691,per178691_1910_09471,8,0,0,,,triagem/nome-caixa-conversao 1.0.0,31,ok
178691,per178691_1910_09471,9,0,0,,,triagem/nome-caixa-conversao 1.0.0,31,ok
178691,per178691_1910_09471,10,0,0,,,triagem/nome-caixa-conversao 1.0.0,31,ok
178691,per178691_1910_09471,11,0,0,,,triagem/nome-caixa-conversao 1.0.0,31,ok
178691,per178691_1910_09471,12,0,0,,,triagem/nome-caixa-conversao 1.0.0,31,ok
178691,per178691_1910_09472,1,0,0,,,triagem/nome-caixa-conversao 1.0.0,31,ok
178691,per178691_1910_09472,2,0,0,,,triagem/nome-caixa-conversao 1.0.0,31,ok
178691,per178691_1910_09472,3,0,0,,,triagem/nome-caixa-conversao 1.0.0,31,ok
178691,per178691_1910_09472,4,0,0,,,triagem/nome-caixa-conversao 1.0.0,31,ok
178691,per178691_1910_09472,5,0,0,,,triagem/nome-caixa-conversao 1.0.0,31,ok
178691,per178691_1910_09472,6,1,1,caixa deconver,44146,triagem/nome-caixa-conversao 1.0.0,31,ok
178691,per178691_1910_09472,7,0,0,,,triagem/nome-caixa-conversao 1.0.0,31,ok
178691,per178691_1910_09472,8,0,0,,,triagem/nome-caixa-conversao 1.0.0,31,ok
178691,per178691_1910_09472,9,0,0,,,triagem/nome-caixa-conversao 1.0.0,31,ok
178691,per178691_1910_09472,10,0,0,,,triagem/nome-caixa-conversao 1.0.0,31,ok
178691,per178691_1910_09472,11,0,0,,,triagem/nome-caixa-conversao 1.0.0,31,ok
178691,per178691_1910_09472,12,0,0,,,triagem/nome-caixa-conversao 1.0.0,31,ok
178691,per178691_1910_09472,13,0,0,,,triagem/nome-caixa-conversao 1.0.0,31,ok
178691,per178691_1910_09472,14,0,0,,,triagem/nome-caixa-conversao 1.0.0,31,ok
178691,per178691_1910_09472,15,0,0,,,triagem/nome-caixa-conversao 1.0.0,31,ok
178691,per178691_1910_09472,16,0,0,,,triagem/nome-caixa-conversao 1.0.0,31,ok
178691,per178691_1910_09473,1,0,0,,,triagem/nome-caixa-conversao 1.0.0,31,ok
178691,per178691_1910_09473,2,0,0,,,triagem/nome-caixa-conversao 1.0.0,31,ok
178691,per178691_1910_09473,3,0,0,,,triagem/nome-caixa-conversao 1.0.0,31,ok
178691,per178691_1910_09473,4,0,0,,,triagem/nome-caixa-conversao 1.0.0,31,ok
178691,per178691_1910_09473,5,0,0,,,triagem/nome-caixa-conversao 1.0.0,31,ok
178691,per178691_1910_09473,6,0,0,,,triagem/nome-caixa-conversao 1.0.0,31,ok
178691,per178691_1910_09473,7,1,1,caixa de conver,1803,triagem/nome-caixa-conversao 1.0.0,31,ok
178691,per178691_1910_09473,8,0,0,,,triagem/nome-caixa-conversao 1.0.0,31,ok
178691,per178691_1910_09473,9,0,0,,,triagem/nome-caixa-conversao 1.0.0,31,ok
178691,per178691_1910_09473,10,0,0,,,triagem/nome-caixa-conversao 1.0.0,31,ok
178691,per178691_1910_09474,1,0,0,,,triagem/nome-caixa-conversao 1.0.0,31,ok
178691,per178691_1910_09474,2,1,2,caixa de conver,13889,triagem/nome-caixa-conversao 1.0.0,31,ok
178691,per178691_1910_09474,3,0,0,,,triagem/nome-caixa-conversao 1.0.0,31,ok
178691,per178691_1910_09474,4,0,0,,,triagem/nome-caixa-conversao 1.0.0,31,ok
178691,per178691_1910_09474,5,0,0,,,triagem/nome-caixa-conversao 1.0.0,31,ok
178691,per178691_1910_09474,6,0,0,,,triagem/nome-caixa-conversao 1.0.0,31,ok
178691,per178691_1910_09474,7,0,0,,,triagem/nome-caixa-conversao 1.0.0,31,ok
178691,per178691_1910_09474,8,0,0,,,triagem/nome-caixa-conversao 1.0.0,31,ok
178691,per178691_1910_09474,9,0,0,,,triagem/nome-caixa-conversao 1.0.0,31,ok
178691,per178691_1910_09474,10,0,0,,,triagem/nome-caixa-conversao 1.0.0,31,ok
178691,per178691_1910_09474,11,0,0,,,triagem/nome-caixa-conversao 1.0.0,31,ok
178691,per178691_1910_09474,12,0,0,,,triagem/nome-caixa-conversao 1.0.0,31,ok
178691,per178691_1910_09475,1,0,0,,,triagem/nome-caixa-conversao 1.0.0,31,ok
178691,per178691_1910_09475,2,0,0,,,triagem/nome-caixa-conversao 1.0.0,31,ok
178691,per178691_1910_09475,3,0,0,,,triagem/nome-caixa-conversao 1.0.0,31,ok
178691,per178691_1910_09475,4,0,0,,,triagem/nome-caixa-conversao 1.0.0,31,ok
178691,per178691_1910_09475,5,0,0,,,triagem/nome-caixa-conversao 1.0.0,31,ok
178691,per178691_1910_09475,6,0,0,,,triagem/nome-caixa-conversao 1.0.0,31,ok
178691,per178691_1910_09475,7,0,0,,,triagem/nome-caixa-conversao 1.0.0,31,ok
178691,per178691_1910_09475,8,0,0,,,triagem/nome-caixa-conversao 1.0.0,31,ok
178691,per178691_1910_09475,9,0,0,,,triagem/nome-caixa-conversao 1.0.0,31,ok
178691,per178691_1910_09475,10,0,0,,,triagem/nome-caixa-conversao 1.0.0,31,ok
178691,per178691_1910_09475,11,0,0,,,triagem/nome-caixa-conversao 1.0.0,31,ok
178691,per178691_1910_09475,12,0,0,,,triagem/nome-caixa-conversao 1.0.0,31,ok
178691,per178691_1910_09476,1,0,0,,,triagem/nome-caixa-conversao 1.0.0,31,ok
178691,per178691_1910_09476,2,0,0,,,triagem/nome-caixa-conversao 1.0.0,31,ok
178691,per178691_1910_09476,3,0,0,,,triagem/nome-caixa-conversao 1.0.0,31,ok
178691,per178691_1910_09476,4,0,0,,,triagem/nome-caixa-conversao 1.0.0,31,ok
178691,per178691_1910_09476,5,0,0,,,triagem/nome-caixa-conversao 1.0.0,31,ok
178691,per178691_1910_09476,6,0,0,,,triagem/nome-caixa-conversao 1.0.0,31,ok
178691,per178691_1910_09476,7,0,0,,,triagem/nome-caixa-conversao 1.0.0,31,ok
178691,per178691_1910_09476,8,0,0,,,triagem/nome-caixa-conversao 1.0.0,31,ok
178691,per178691_1910_09476,9,1,1,caixado conver,1525,triagem/nome-caixa-conversao 1.0.0,31,ok
178691,per178691_1910_09476,10,0,0,,,triagem/nome-caixa-conversao 1.0.0,31,ok
178691,per178691_1910_09476,11,0,0,,,triagem/nome-caixa-conversao 1.0.0,31,ok
178691,per178691_1910_09476,12,0,0,,,triagem/nome-caixa-conversao 1.0.0,31,ok
178691,per178691_1910_09477,1,1,2,caixa de conver,23140,triagem/nome-caixa-conversao 1.0.0,31,ok
178691,per178691_1910_09477,2,0,0,,,triagem/nome-caixa-conversao 1.0.0,31,ok
178691,per178691_1910_09477,3,1,2,caixa de conver,10001,triagem/nome-caixa-conversao 1.0.0,31,ok
178691,per178691_1910_09477,4,0,0,,,triagem/nome-caixa-conversao 1.0.0,31,ok
178691,per178691_1910_09477,5,0,0,,,triagem/nome-caixa-conversao 1.0.0,31,ok
178691,per178691_1910_09477,6,0,0,,,triagem/nome-caixa-conversao 1.0.0,31,ok
178691,per178691_1910_09477,7,0,0,,,triagem/nome-caixa-conversao 1.0.0,31,ok
178691,per178691_1910_09477,8,0,0,,,triagem/nome-caixa-conversao 1.0.0,31,ok
178691,per178691_1910_09477,9,1,1,caixa de conver,28397,triagem/nome-caixa-conversao 1.0.0,31,ok
178691,per178691_1910_09477,10,0,0,,,triagem/nome-caixa-conversao 1.0.0,31,ok
178691,per178691_1910_09477,11,0,0,,,triagem/nome-caixa-conversao 1.0.0,31,ok
178691,per178691_1910_09477,12,0,0,,,triagem/nome-caixa-conversao 1.0.0,31,ok
178691,per178691_1910_09477,13,0,0,,,triagem/nome-caixa-conversao 1.0.0,31,ok
178691,per178691_1910_09477,14,0,0,,,triagem/nome-caixa-conversao 1.0.0,31,ok
178691,per178691_1910_09477,15,0,0,,,triagem/nome-caixa-conversao 1.0.0,31,ok
178691,per178691_1910_09477,16,0,0,,,triagem/nome-caixa-conversao 1.0.0,31,ok
178691,per178691_1910_09478,1,1,3,caixa de conver,29056,triagem/nome-caixa-conversao 1.0.0,31,ok
178691,per178691_1910_09478,2,1,2,caixa de conver,2917,triagem/nome-caixa-conversao 1.0.0,31,ok
178691,per178691_1910_09478,3,1,1,caixa de conver,38408,triagem/nome-caixa-conversao 1.0.0,31,ok
178691,per178691_1910_09478,4,0,0,,,triagem/nome-caixa-conversao 1.0.0,31,ok
178691,per178691_1910_09478,5,0,0,,,triagem/nome-caixa-conversao 1.0.0,31,ok
178691,per178691_1910_09478,6,0,0,,,triagem/nome-caixa-conversao 1.0.0,31,ok
178691,per178691_1910_09478,7,0,0,,,triagem/nome-caixa-conversao 1.0.0,31,ok
178691,per178691_1910_09478,8,0,0,,,triagem/nome-caixa-conversao 1.0.0,31,ok
178691,per178691_1910_09478,9,0,0,,,triagem/nome-caixa-conversao 1.0.0,31,ok
178691,per178691_1910_09478,10,0,0,,,triagem/nome-caixa-conversao 1.0.0,31,ok
178691,per178691_1910_09478,11,1,1,caixa deconver,14418,triagem/nome-caixa-conversao 1.0.0,31,ok
178691,per178691_1910_09478,12,0,0,,,triagem/nome-caixa-conversao 1.0.0,31,ok
178691,per178691_1910_09478,13,0,0,,,triagem/nome-caixa-conversao 1.0.0,31,ok
178691,per178691_1910_09478,14,0,0,,,triagem/nome-caixa-conversao 1.0.0,31,ok
178691,per178691_1910_09478,15,0,0,,,triagem/nome-caixa-conversao 1.0.0,31,ok
178691,per178691_1910_09478,16,0,0,,,triagem/nome-caixa-conversao 1.0.0,31,ok
178691,per178691_1910_09479,1,0,0,,,triagem/nome-caixa-conversao 1.0.0,31,ok
178691,per178691_1910_09479,2,0,0,,,triagem/nome-caixa-conversao 1.0.0,31,ok
178691,per178691_1910_09479,3,0,0,,,triagem/nome-caixa-conversao 1.0.0,31,ok
178691,per178691_1910_09479,4,0,0,,,triagem/nome-caixa-conversao 1.0.0,31,ok
178691,per178691_1910_09479,5,0,0,,,triagem/nome-caixa-conversao 1.0.0,31,ok
178691,per178691_1910_09479,6,0,0,,,triagem/nome-caixa-conversao 1.0.0,31,ok
178691,per178691_1910_09479,7,0,0,,,triagem/nome-caixa-conversao 1.0.0,31,ok
178691,per178691_1910_09479,8,0,0,,,triagem/nome-caixa-conversao 1.0.0,31,ok
178691,per178691_1910_09479,9,0,0,,,triagem/nome-caixa-conversao 1.0.0,31,ok
178691,per178691_1910_09479,10,0,0,,,triagem/nome-caixa-conversao 1.0.0,31,ok
178691,per178691_1910_09479,11,0,0,,,triagem/nome-caixa-conversao 1.0.0,31,ok
178691,per178691_1910_09479,12,0,0,,,triagem/nome-caixa-conversao 1.0.0,31,ok
178691,per178691_1910_09479,13,0,0,,,triagem/nome-caixa-conversao 1.0.0,31,ok
178691,per178691_1910_09479,14,0,0,,,triagem/nome-caixa-conversao 1.0.0,31,ok
178691,per178691_1910_09479,15,0,0,,,triagem/nome-caixa-conversao 1.0.0,31,ok
178691,per178691_1910_09479,16,0,0,,,triagem/nome-caixa-conversao 1.0.0,31,ok
178691,per178691_1910_09480,1,0,0,,,triagem/nome-caixa-conversao 1.0.0,31,ok
178691,per178691_1910_09480,2,0,0,,,triagem/nome-caixa-conversao 1.0.0,31,ok
178691,per178691_1910_09480,3,0,0,,,triagem/nome-caixa-conversao 1.0.0,31,ok
178691,per178691_1910_09480,4,0,0,,,triagem/nome-caixa-conversao 1.0.0,31,ok
178691,per178691_1910_09480,5,0,0,,,triagem/nome-caixa-conversao 1.0.0,31,ok
178691,per178691_1910_09480,6,0,0,,,triagem/nome-caixa-conversao 1.0.0,31,ok
178691,per178691_1910_09480,7,1,1,caixa do conver,1435,triagem/nome-caixa-conversao 1.0.0,31,ok
178691,per178691_1910_09480,8,0,0,,,triagem/nome-caixa-conversao 1.0.0,31,ok
178691,per178691_1910_09480,9,0,0,,,triagem/nome-caixa-conversao 1.0.0,31,ok
178691,per178691_1910_09480,10,0,0,,,triagem/nome-caixa-conversao 1.0.0,31,ok
178691,per178691_1910_09480,11,0,0,,,triagem/nome-caixa-conversao 1.0.0,31,ok
178691,per178691_1910_09480,12,0,0,,,triagem/nome-caixa-conversao 1.0.0,31,ok
178691,per178691_1910_09481,1,0,0,,,triagem/nome-caixa-conversao 1.0.0,31,ok
178691,per178691_1910_09481,2,0,0,,,triagem/nome-caixa-conversao 1.0.0,31,ok
178691,per178691_1910_09481,3,0,0,,,triagem/nome-caixa-conversao 1.0.0,31,ok
178691,per178691_1910_09481,4,0,0,,,triagem/nome-caixa-conversao 1.0.0,31,ok
178691,per178691_1910_09481,5,0,0,,,triagem/nome-caixa-conversao 1.0.0,31,ok
178691,per178691_1910_09481,6,0,0,,,triagem/nome-caixa-conversao 1.0.0,31,ok
178691,per178691_1910_09481,7,0,0,,,triagem/nome-caixa-conversao 1.0.0,31,ok
178691,per178691_1910_09481,8,1,1,caixade conver,40428,triagem/nome-caixa-conversao 1.0.0,31,ok
178691,per178691_1910_09481,9,0,0,,,triagem/nome-caixa-conversao 1.0.0,31,ok
178691,per178691_1910_09481,10,0,0,,,triagem/nome-caixa-conversao 1.0.0,31,ok
178691,per178691_1910_09481,11,0,0,,,triagem/nome-caixa-conversao 1.0.0,31,ok
178691,per178691_1910_09481,12,0,0,,,triagem/nome-caixa-conversao 1.0.0,31,ok
178691,per178691_1910_09482,1,1,1,caixa dc conver,29698,triagem/nome-caixa-conversao 1.0.0,31,ok
178691,per178691_1910_09482,2,1,1,caixa de conver,555,triagem/nome-caixa-conversao 1.0.0,31,ok
178691,per178691_1910_09482,3,0,0,,,triagem/nome-caixa-conversao 1.0.0,31,ok
178691,per178691_1910_09482,4,0,0,,,triagem/nome-caixa-conversao 1.0.0,31,ok
178691,per178691_1910_09482,5,0,0,,,triagem/nome-caixa-conversao 1.0.0,31,ok
178691,per178691_1910_09482,6,1,1,caixa de conver,13211,triagem/nome-caixa-conversao 1.0.0,31,ok
178691,per178691_1910_09482,7,0,0,,,triagem/nome-caixa-conversao 1.0.0,31,ok
178691,per178691_1910_09482,8,0,0,,,triagem/nome-caixa-conversao 1.0.0,31,ok
178691,per178691_1910_09482,9,0,0,,,triagem/nome-caixa-conversao 1.0.0,31,ok
178691,per178691_1910_09482,10,0,0,,,triagem/nome-caixa-conversao 1.0.0,31,ok
178691,per178691_1910_09482,11,0,0,,,triagem/nome-caixa-conversao 1.0.0,31,ok
178691,per178691_1910_09482,12,0,0,,,triagem/nome-caixa-conversao 1.0.0,31,ok
178691,per178691_1910_09483,1,1,1,caixa de conver,22402,triagem/nome-caixa-conversao 1.0.0,31,ok
178691,per178691_1910_09483,2,0,0,,,triagem/nome-caixa-conversao 1.0.0,31,ok
178691,per178691_1910_09483,3,0,0,,,triagem/nome-caixa-conversao 1.0.0,31,ok
178691,per178691_1910_09483,4,0,0,,,triagem/nome-caixa-conversao 1.0.0,31,ok
178691,per178691_1910_09483,5,0,0,,,triagem/nome-caixa-conversao 1.0.0,31,ok
178691,per178691_1910_09483,6,0,0,,,triagem/nome-caixa-conversao 1.0.0,31,ok
178691,per178691_1910_09483,7,0,0,,,triagem/nome-caixa-conversao 1.0.0,31,ok
178691,per178691_1910_09483,8,0,0,,,triagem/nome-caixa-conversao 1.0.0,31,ok
178691,per178691_1910_09483,9,0,0,,,triagem/nome-caixa-conversao 1.0.0,31,ok
178691,per178691_1910_09483,10,0,0,,,triagem/nome-caixa-conversao 1.0.0,31,ok
178691,per178691_1910_09483,11,0,0,,,triagem/nome-caixa-conversao 1.0.0,31,ok
178691,per178691_1910_09483,12,0,0,,,triagem/nome-caixa-conversao 1.0.0,31,ok
178691,per178691_1910_09483,13,0,0,,,triagem/nome-caixa-conversao 1.0.0,31,ok
178691,per178691_1910_09483,14,0,0,,,triagem/nome-caixa-conversao 1.0.0,31,ok
178691,per178691_1910_09483,15,0,0,,,triagem/nome-caixa-conversao 1.0.0,31,ok
178691,per178691_1910_09483,16,0,0,,,triagem/nome-caixa-conversao 1.0.0,31,ok
178691,per178691_1910_09484,1,0,0,,,triagem/nome-caixa-conversao 1.0.0,31,ok
178691,per178691_1910_09484,2,0,0,,,triagem/nome-caixa-conversao 1.0.0,31,ok
178691,per178691_1910_09484,3,0,0,,,triagem/nome-caixa-conversao 1.0.0,31,ok
178691,per178691_1910_09484,4,0,0,,,triagem/nome-caixa-conversao 1.0.0,31,ok
178691,per178691_1910_09484,5,0,0,,,triagem/nome-caixa-conversao 1.0.0,31,ok
178691,per178691_1910_09484,6,0,0,,,triagem/nome-caixa-conversao 1.0.0,31,ok
178691,per178691_1910_09484,7,1,1,caixade conver,36733,triagem/nome-caixa-conversao 1.0.0,31,ok
178691,per178691_1910_09484,8,0,0,,,triagem/nome-caixa-conversao 1.0.0,31,ok
178691,per178691_1910_09484,9,0,0,,,triagem/nome-caixa-conversao 1.0.0,31,ok
178691,per178691_1910_09484,10,0,0,,,triagem/nome-caixa-conversao 1.0.0,31,ok
178691,per178691_1910_09484,11,0,0,,,triagem/nome-caixa-conversao 1.0.0,31,ok
178691,per178691_1910_09484,12,0,0,,,triagem/nome-caixa-conversao 1.0.0,31,ok
178691,per178691_1910_09485,1,0,0,,,triagem/nome-caixa-conversao 1.0.0,31,ok
178691,per178691_1910_09485,2,1,1,caixa de conver,35098,triagem/nome-caixa-conversao 1.0.0,31,ok
178691,per178691_1910_09485,3,0,0,,,triagem/nome-caixa-conversao 1.0.0,31,ok
178691,per178691_1910_09485,4,0,0,,,triagem/nome-caixa-conversao 1.0.0,31,ok
178691,per178691_1910_09485,5,0,0,,,triagem/nome-caixa-conversao 1.0.0,31,ok
178691,per178691_1910_09485,6,0,0,,,triagem/nome-caixa-conversao 1.0.0,31,ok
178691,per178691_1910_09485,7,0,0,,,triagem/nome-caixa-conversao 1.0.0,31,ok
178691,per178691_1910_09485,8,0,0,,,triagem/nome-caixa-conversao 1.0.0,31,ok
178691,per178691_1910_09485,9,0,0,,,triagem/nome-caixa-conversao 1.0.0,31,ok
178691,per178691_1910_09485,10,0,0,,,triagem/nome-caixa-conversao 1.0.0,31,ok
178691,per178691_1910_09485,11,1,1,caixa de conver,7282,triagem/nome-caixa-conversao 1.0.0,31,ok
178691,per178691_1910_09485,12,0,0,,,triagem/nome-caixa-conversao 1.0.0,31,ok
178691,per178691_1910_09485,13,0,0,,,triagem/nome-caixa-conversao 1.0.0,31,ok
178691,per178691_1910_09485,14,0,0,,,triagem/nome-caixa-conversao 1.0.0,31,ok
178691,per178691_1910_09485,15,0,0,,,triagem/nome-caixa-conversao 1.0.0,31,ok
178691,per178691_1910_09485,16,0,0,,,triagem/nome-caixa-conversao 1.0.0,31,ok
178691,per178691_1910_09486,1,0,0,,,triagem/nome-caixa-conversao 1.0.0,31,ok
178691,per178691_1910_09486,2,0,0,,,triagem/nome-caixa-conversao 1.0.0,31,ok
178691,per178691_1910_09486,3,0,0,,,triagem/nome-caixa-conversao 1.0.0,31,ok
178691,per178691_1910_09486,4,0,0,,,triagem/nome-caixa-conversao 1.0.0,31,ok
178691,per178691_1910_09486,5,0,0,,,triagem/nome-caixa-conversao 1.0.0,31,ok
178691,per178691_1910_09486,6,0,0,,,triagem/nome-caixa-conversao 1.0.0,31,ok
178691,per178691_1910_09486,7,0,0,,,triagem/nome-caixa-conversao 1.0.0,31,ok
178691,per178691_1910_09486,8,0,0,,,triagem/nome-caixa-conversao 1.0.0,31,ok
178691,per178691_1910_09486,9,1,1,caixa deconver,1345,triagem/nome-caixa-conversao 1.0.0,31,ok
178691,per178691_1910_09486,10,0,0,,,triagem/nome-caixa-conversao 1.0.0,31,ok
178691,per178691_1910_09486,11,0,0,,,triagem/nome-caixa-conversao 1.0.0,31,ok
178691,per178691_1910_09486,12,0,0,,,triagem/nome-caixa-conversao 1.0.0,31,ok
178691,per178691_1910_09486,13,0,0,,,triagem/nome-caixa-conversao 1.0.0,31,ok
178691,per178691_1910_09486,14,0,0,,,triagem/nome-caixa-conversao 1.0.0,31,ok
178691,per178691_1910_09486,15,0,0,,,triagem/nome-caixa-conversao 1.0.0,31,ok
178691,per178691_1910_09486,16,0,0,,,triagem/nome-caixa-conversao 1.0.0,31,ok
178691,per178691_1910_09487,1,1,4,caixa de conver,14056,triagem/nome-caixa-conversao 1.0.0,31,ok
178691,per178691_1910_09487,2,0,0,,,triagem/nome-caixa-conversao 1.0.0,31,ok
178691,per178691_1910_09487,3,0,0,,,triagem/nome-caixa-conversao 1.0.0,31,ok
178691,per178691_1910_09487,4,0,0,,,triagem/nome-caixa-conversao 1.0.0,31,ok
178691,per178691_1910_09487,5,0,0,,,triagem/nome-caixa-conversao 1.0.0,31,ok
178691,per178691_1910_09487,6,1,1,caixa do conver,40082,triagem/nome-caixa-conversao 1.0.0,31,ok
178691,per178691_1910_09487,7,0,0,,,triagem/nome-caixa-conversao 1.0.0,31,ok
178691,per178691_1910_09487,8,0,0,,,triagem/nome-caixa-conversao 1.0.0,31,ok
178691,per178691_1910_09487,9,0,0,,,triagem/nome-caixa-conversao 1.0.0,31,ok
178691,per178691_1910_09487,10,0,0,,,triagem/nome-caixa-conversao 1.0.0,31,ok
178691,per178691_1910_09488,1,1,3,caixa dc conver,7448,triagem/nome-caixa-conversao 1.0.0,31,ok
178691,per178691_1910_09488,2,1,3,caixa de conver,11685,triagem/nome-caixa-conversao 1.0.0,31,ok
178691,per178691_1910_09488,3,0,0,,,triagem/nome-caixa-conversao 1.0.0,31,ok
178691,per178691_1910_09488,4,0,0,,,triagem/nome-caixa-conversao 1.0.0,31,ok
178691,per178691_1910_09488,5,1,1,caixa de conver,16691,triagem/nome-caixa-conversao 1.0.0,31,ok
178691,per178691_1910_09488,6,0,0,,,triagem/nome-caixa-conversao 1.0.0,31,ok
178691,per178691_1910_09488,7,0,0,,,triagem/nome-caixa-conversao 1.0.0,31,ok
178691,per178691_1910_09488,8,0,0,,,triagem/nome-caixa-conversao 1.0.0,31,ok
178691,per178691_1910_09488,9,1,1,caixa de conver,46939,triagem/nome-caixa-conversao 1.0.0,31,ok
178691,per178691_1910_09488,10,0,0,,,triagem/nome-caixa-conversao 1.0.0,31,ok
178691,per178691_1910_09488,11,0,0,,,triagem/nome-caixa-conversao 1.0.0,31,ok
178691,per178691_1910_09488,12,0,0,,,triagem/nome-caixa-conversao 1.0.0,31,ok
178691,per178691_1910_09488,13,0,0,,,triagem/nome-caixa-conversao 1.0.0,31,ok
178691,per178691_1910_09488,14,0,0,,,triagem/nome-caixa-conversao 1.0.0,31,ok
178691,per178691_1910_09488,15,0,0,,,triagem/nome-caixa-conversao 1.0.0,31,ok
178691,per178691_1910_09488,16,0,0,,,triagem/nome-caixa-conversao 1.0.0,31,ok
178691,per178691_1910_09489,1,1,2,caixa de conver,17382,triagem/nome-caixa-conversao 1.0.0,31,ok
178691,per178691_1910_09489,2,0,0,,,triagem/nome-caixa-conversao 1.0.0,31,ok
178691,per178691_1910_09489,3,0,0,,,triagem/nome-caixa-conversao 1.0.0,31,ok
178691,per178691_1910_09489,4,0,0,,,triagem/nome-caixa-conversao 1.0.0,31,ok
178691,per178691_1910_09489,5,0,0,,,triagem/nome-caixa-conversao 1.0.0,31,ok
178691,per178691_1910_09489,6,0,0,,,triagem/nome-caixa-conversao 1.0.0,31,ok
178691,per178691_1910_09489,7,1,1,caixade conver,12465,triagem/nome-caixa-conversao 1.0.0,31,ok
178691,per178691_1910_09489,8,0,0,,,triagem/nome-caixa-conversao 1.0.0,31,ok
178691,per178691_1910_09489,9,0,0,,,triagem/nome-caixa-conversao 1.0.0,31,ok
178691,per178691_1910_09489,10,0,0,,,triagem/nome-caixa-conversao 1.0.0,31,ok
178691,per178691_1910_09489,11,0,0,,,triagem/nome-caixa-conversao 1.0.0,31,ok
178691,per178691_1910_09489,12,0,0,,,triagem/nome-caixa-conversao 1.0.0,31,ok
178691,per178691_1910_09490,1,1,3,caixa de conver,18125,triagem/nome-caixa-conversao 1.0.0,31,ok
178691,per178691_1910_09490,2,1,2,caixa do conver,11662,triagem/nome-caixa-conversao 1.0.0,31,ok
178691,per178691_1910_09490,3,1,1,caixa de conver,6290,triagem/nome-caixa-conversao 1.0.0,31,ok
178691,per178691_1910_09490,4,0,0,,,triagem/nome-caixa-conversao 1.0.0,31,ok
178691,per178691_1910_09490,5,0,0,,,triagem/nome-caixa-conversao 1.0.0,31,ok
178691,per178691_1910_09490,6,0,0,,,triagem/nome-caixa-conversao 1.0.0,31,ok
178691,per178691_1910_09490,7,1,1,caixa deconver,2501,triagem/nome-caixa-conversao 1.0.0,31,ok
178691,per178691_1910_09490,8,0,0,,,triagem/nome-caixa-conversao 1.0.0,31,ok
178691,per178691_1910_09490,9,0,0,,,triagem/nome-caixa-conversao 1.0.0,31,ok
178691,per178691_1910_09490,10,0,0,,,triagem/nome-caixa-conversao 1.0.0,31,ok
178691,per178691_1910_09490,11,0,0,,,triagem/nome-caixa-conversao 1.0.0,31,ok
178691,per178691_1910_09490,12,0,0,,,triagem/nome-caixa-conversao 1.0.0,31,ok
178691,per178691_1910_09491,1,1,3,caixade conver,4066,triagem/nome-caixa-conversao 1.0.0,31,ok
178691,per178691_1910_09491,2,0,0,,,triagem/nome-caixa-conversao 1.0.0,31,ok
178691,per178691_1910_09491,3,0,0,,,triagem/nome-caixa-conversao 1.0.0,31,ok
178691,per178691_1910_09491,4,0,0,,,triagem/nome-caixa-conversao 1.0.0,31,ok
178691,per178691_1910_09491,5,1,1,caixaconver,34223,triagem/nome-caixa-conversao 1.0.0,31,ok
178691,per178691_1910_09491,6,0,0,,,triagem/nome-caixa-conversao 1.0.0,31,ok
178691,per178691_1910_09491,7,0,0,,,triagem/nome-caixa-conversao 1.0.0,31,ok
178691,per178691_1910_09491,8,0,0,,,triagem/nome-caixa-conversao 1.0.0,31,ok
178691,per178691_1910_09491,9,0,0,,,triagem/nome-caixa-conversao 1.0.0,31,ok
178691,per178691_1910_09491,10,0,0,,,triagem/nome-caixa-conversao 1.0.0,31,ok
178691,per178691_1910_09491,11,0,0,,,triagem/nome-caixa-conversao 1.0.0,31,ok
178691,per178691_1910_09491,12,0,0,,,triagem/nome-caixa-conversao 1.0.0,31,ok
178691,per178691_1910_09492,1,0,0,,,triagem/nome-caixa-conversao 1.0.0,31,ok
178691,per178691_1910_09492,2,0,0,,,triagem/nome-caixa-conversao 1.0.0,31,ok
178691,per178691_1910_09492,3,0,0,,,triagem/nome-caixa-conversao 1.0.0,31,ok
178691,per178691_1910_09492,4,0,0,,,triagem/nome-caixa-conversao 1.0.0,31,ok
178691,per178691_1910_09492,5,0,0,,,triagem/nome-caixa-conversao 1.0.0,31,ok
178691,per178691_1910_09492,6,0,0,,,triagem/nome-caixa-conversao 1.0.0,31,ok
178691,per178691_1910_09492,7,0,0,,,triagem/nome-caixa-conversao 1.0.0,31,ok
178691,per178691_1910_09492,8,0,0,,,triagem/nome-caixa-conversao 1.0.0,31,ok
178691,per178691_1910_09492,9,0,0,,,triagem/nome-caixa-conversao 1.0.0,31,ok
178691,per178691_1910_09492,10,0,0,,,triagem/nome-caixa-conversao 1.0.0,31,ok
178691,per178691_1910_09492,11,0,0,,,triagem/nome-caixa-conversao 1.0.0,31,ok
178691,per178691_1910_09492,12,0,0,,,triagem/nome-caixa-conversao 1.0.0,31,ok
178691,per178691_1910_09492,13,0,0,,,triagem/nome-caixa-conversao 1.0.0,31,ok
178691,per178691_1910_09492,14,0,0,,,triagem/nome-caixa-conversao 1.0.0,31,ok
178691,per178691_1910_09492,15,0,0,,,triagem/nome-caixa-conversao 1.0.0,31,ok
178691,per178691_1910_09492,16,0,0,,,triagem/nome-caixa-conversao 1.0.0,31,ok
178691,per178691_1910_09492,17,0,0,,,triagem/nome-caixa-conversao 1.0.0,31,ok
178691,per178691_1910_09492,18,0,0,,,triagem/nome-caixa-conversao 1.0.0,31,ok
178691,per178691_1910_09492,19,0,0,,,triagem/nome-caixa-conversao 1.0.0,31,ok
178691,per178691_1910_09492,20,0,0,,,triagem/nome-caixa-conversao 1.0.0,31,ok
178691,per178691_1910_09492,21,0,0,,,triagem/nome-caixa-conversao 1.0.0,31,ok
178691,per178691_1910_09492,22,0,0,,,triagem/nome-caixa-conversao 1.0.0,31,ok
178691,per178691_1910_09492,23,0,0,,,triagem/nome-caixa-conversao 1.0.0,31,ok
178691,per178691_1910_09492,24,0,0,,,triagem/nome-caixa-conversao 1.0.0,31,ok
178691,per178691_1910_09492,25,0,0,,,triagem/nome-caixa-conversao 1.0.0,31,ok
178691,per178691_1910_09492,26,0,0,,,triagem/nome-caixa-conversao 1.0.0,31,ok
178691,per178691_1910_09492,27,0,0,,,triagem/nome-caixa-conversao 1.0.0,31,ok
178691,per178691_1910_09492,28,0,0,,,triagem/nome-caixa-conversao 1.0.0,31,ok
178691,per178691_1910_09492,29,0,0,,,triagem/nome-caixa-conversao 1.0.0,31,ok
178691,per178691_1910_09492,30,0,0,,,triagem/nome-caixa-conversao 1.0.0,31,ok
178691,per178691_1910_09492,31,0,0,,,triagem/nome-caixa-conversao 1.0.0,31,ok
178691,per178691_1910_09492,32,0,0,,,triagem/nome-caixa-conversao 1.0.0,31,ok
178691,per178691_1910_09492,33,0,0,,,triagem/nome-caixa-conversao 1.0.0,31,ok
178691,per178691_1910_09492,34,0,0,,,triagem/nome-caixa-conversao 1.0.0,31,ok
178691,per178691_1910_09492,35,0,0,,,triagem/nome-caixa-conversao 1.0.0,31,ok
178691,per178691_1910_09492,36,0,0,,,triagem/nome-caixa-conversao 1.0.0,31,ok
178691,per178691_1910_09492,37,0,0,,,triagem/nome-caixa-conversao 1.0.0,31,ok
178691,per178691_1910_09492,38,0,0,,,triagem/nome-caixa-conversao 1.0.0,31,ok
178691,per178691_1910_09492,39,0,0,,,triagem/nome-caixa-conversao 1.0.0,31,ok
178691,per178691_1910_09492,40,0,0,,,triagem/nome-caixa-conversao 1.0.0,31,ok
178691,per178691_1910_09492,41,0,0,,,triagem/nome-caixa-conversao 1.0.0,31,ok
178691,per178691_1910_09492,42,0,0,,,triagem/nome-caixa-conversao 1.0.0,31,ok
178691,per178691_1910_09492,43,0,0,,,triagem/nome-caixa-conversao 1.0.0,31,ok
178691,per178691_1910_09492,44,0,0,,,triagem/nome-caixa-conversao 1.0.0,31,ok
178691,per178691_1910_09492,45,0,0,,,triagem/nome-caixa-conversao 1.0.0,31,ok
178691,per178691_1910_09492,46,0,0,,,triagem/nome-caixa-conversao 1.0.0,31,ok
178691,per178691_1910_09492,47,0,0,,,triagem/nome-caixa-conversao 1.0.0,31,ok
178691,per178691_1910_09492,48,0,0,,,triagem/nome-caixa-conversao 1.0.0,31,ok
178691,per178691_1910_09492,49,0,0,,,triagem/nome-caixa-conversao 1.0.0,31,ok
178691,per178691_1910_09492,50,0,0,,,triagem/nome-caixa-conversao 1.0.0,31,ok
178691,per178691_1910_09492,51,0,0,,,triagem/nome-caixa-conversao 1.0.0,31,ok
178691,per178691_1910_09492,52,0,0,,,triagem/nome-caixa-conversao 1.0.0,31,ok
178691,per178691_1910_09492,53,0,0,,,triagem/nome-caixa-conversao 1.0.0,31,ok
178691,per178691_1910_09492,54,0,0,,,triagem/nome-caixa-conversao 1.0.0,31,ok
178691,per178691_1910_09492,55,0,0,,,triagem/nome-caixa-conversao 1.0.0,31,ok
178691,per178691_1910_09492,56,0,0,,,triagem/nome-caixa-conversao 1.0.0,31,ok
178691,per178691_1910_09493,1,0,0,,,triagem/nome-caixa-conversao 1.0.0,31,ok
178691,per178691_1910_09493,2,0,0,,,triagem/nome-caixa-conversao 1.0.0,31,ok
178691,per178691_1910_09493,3,0,0,,,triagem/nome-caixa-conversao 1.0.0,31,ok
178691,per178691_1910_09493,4,0,0,,,triagem/nome-caixa-conversao 1.0.0,31,ok
178691,per178691_1910_09493,5,1,1,caixa deconver,31309,triagem/nome-caixa-conversao 1.0.0,31,ok
178691,per178691_1910_09493,6,0,0,,,triagem/nome-caixa-conversao 1.0.0,31,ok
178691,per178691_1910_09493,7,0,0,,,triagem/nome-caixa-conversao 1.0.0,31,ok
178691,per178691_1910_09493,8,0,0,,,triagem/nome-caixa-conversao 1.0.0,31,ok
178691,per178691_1910_09493,9,0,0,,,triagem/nome-caixa-conversao 1.0.0,31,ok
178691,per178691_1910_09493,10,0,0,,,triagem/nome-caixa-conversao 1.0.0,31,ok
178691,per178691_1910_09493,11,0,0,,,triagem/nome-caixa-conversao 1.0.0,31,ok
178691,per178691_1910_09493,12,0,0,,,triagem/nome-caixa-conversao 1.0.0,31,ok
178691,per178691_1910_09493,13,0,0,,,triagem/nome-caixa-conversao 1.0.0,31,ok
178691,per178691_1910_09493,14,0,0,,,triagem/nome-caixa-conversao 1.0.0,31,ok
178691,per178691_1910_09493,15,0,0,,,triagem/nome-caixa-conversao 1.0.0,31,ok
178691,per178691_1910_09493,16,0,0,,,triagem/nome-caixa-conversao 1.0.0,31,ok
178691,per178691_1910_09494,1,1,1,caixa de conver,12731,triagem/nome-caixa-conversao 1.0.0,31,ok
178691,per178691_1910_09494,2,0,0,,,triagem/nome-caixa-conversao 1.0.0,31,ok
178691,per178691_1910_09494,3,0,0,,,triagem/nome-caixa-conversao 1.0.0,31,ok
178691,per178691_1910_09494,4,0,0,,,triagem/nome-caixa-conversao 1.0.0,31,ok
178691,per178691_1910_09494,5,0,0,,,triagem/nome-caixa-conversao 1.0.0,31,ok
178691,per178691_1910_09494,6,1,1,caixade conver,11133,triagem/nome-caixa-conversao 1.0.0,31,ok
178691,per178691_1910_09494,7,0,0,,,triagem/nome-caixa-conversao 1.0.0,31,ok
178691,per178691_1910_09494,8,0,0,,,triagem/nome-caixa-conversao 1.0.0,31,ok
178691,per178691_1910_09494,9,0,0,,,triagem/nome-caixa-conversao 1.0.0,31,ok
178691,per178691_1910_09494,10,0,0,,,triagem/nome-caixa-conversao 1.0.0,31,ok
178691,per178691_1910_09495,1,1,4,caixade conver,19793,triagem/nome-caixa-conversao 1.0.0,31,ok
178691,per178691_1910_09495,2,1,1,caixa deconver,1015,triagem/nome-caixa-conversao 1.0.0,31,ok
178691,per178691_1910_09495,3,0,0,,,triagem/nome-caixa-conversao 1.0.0,31,ok
178691,per178691_1910_09495,4,0,0,,,triagem/nome-caixa-conversao 1.0.0,31,ok
178691,per178691_1910_09495,5,1,1,caixa de conver,9356,triagem/nome-caixa-conversao 1.0.0,31,ok
178691,per178691_1910_09495,6,1,1,caixade conver,20498,triagem/nome-caixa-conversao 1.0.0,31,ok
178691,per178691_1910_09495,7,0,0,,,triagem/nome-caixa-conversao 1.0.0,31,ok
178691,per178691_1910_09495,8,0,0,,,triagem/nome-caixa-conversao 1.0.0,31,ok
178691,per178691_1910_09495,9,0,0,,,triagem/nome-caixa-conversao 1.0.0,31,ok
178691,per178691_1910_09495,10,0,0,,,triagem/nome-caixa-conversao 1.0.0,31,ok
178691,per178691_1910_09495,11,0,0,,,triagem/nome-caixa-conversao 1.0.0,31,ok
178691,per178691_1910_09495,12,0,0,,,triagem/nome-caixa-conversao 1.0.0,31,ok
178691,per178691_1910_09496,1,0,0,,,triagem/nome-caixa-conversao 1.0.0,31,ok
178691,per178691_1910_09496,2,0,0,,,triagem/nome-caixa-conversao 1.0.0,31,ok
178691,per178691_1910_09496,3,0,0,,,triagem/nome-caixa-conversao 1.0.0,31,ok
178691,per178691_1910_09496,4,1,1,caixa de conver,13372,triagem/nome-caixa-conversao 1.0.0,31,ok
178691,per178691_1910_09496,5,0,0,,,triagem/nome-caixa-conversao 1.0.0,31,ok
178691,per178691_1910_09496,6,1,1,caixa de conver,23990,triagem/nome-caixa-conversao 1.0.0,31,ok
178691,per178691_1910_09496,7,0,0,,,triagem/nome-caixa-conversao 1.0.0,31,ok
178691,per178691_1910_09496,8,0,0,,,triagem/nome-caixa-conversao 1.0.0,31,ok
178691,per178691_1910_09496,9,0,0,,,triagem/nome-caixa-conversao 1.0.0,31,ok
178691,per178691_1910_09496,10,0,0,,,triagem/nome-caixa-conversao 1.0.0,31,ok
178691,per178691_1910_09496,11,0,0,,,triagem/nome-caixa-conversao 1.0.0,31,ok
178691,per178691_1910_09496,12,0,0,,,triagem/nome-caixa-conversao 1.0.0,31,ok
178691,per178691_1910_09497,1,0,0,,,triagem/nome-caixa-conversao 1.0.0,31,ok
178691,per178691_1910_09497,2,0,0,,,triagem/nome-caixa-conversao 1.0.0,31,ok
178691,per178691_1910_09497,3,0,0,,,triagem/nome-caixa-conversao 1.0.0,31,ok
178691,per178691_1910_09497,4,0,0,,,triagem/nome-caixa-conversao 1.0.0,31,ok
178691,per178691_1910_09497,5,0,0,,,triagem/nome-caixa-conversao 1.0.0,31,ok
178691,per178691_1910_09497,6,0,0,,,triagem/nome-caixa-conversao 1.0.0,31,ok
178691,per178691_1910_09497,7,0,0,,,triagem/nome-caixa-conversao 1.0.0,31,ok
178691,per178691_1910_09497,8,0,0,,,triagem/nome-caixa-conversao 1.0.0,31,ok
178691,per178691_1910_09497,9,0,0,,,triagem/nome-caixa-conversao 1.0.0,31,ok
178691,per178691_1910_09497,10,0,0,,,triagem/nome-caixa-conversao 1.0.0,31,ok
178691,per178691_1910_09497,11,0,0,,,triagem/nome-caixa-conversao 1.0.0,31,ok
178691,per178691_1910_09497,12,0,0,,,triagem/nome-caixa-conversao 1.0.0,31,ok
178691,per178691_1910_09497,13,0,0,,,triagem/nome-caixa-conversao 1.0.0,31,ok
178691,per178691_1910_09497,14,0,0,,,triagem/nome-caixa-conversao 1.0.0,31,ok
178691,per178691_1910_09497,15,0,0,,,triagem/nome-caixa-conversao 1.0.0,31,ok
178691,per178691_1910_09497,16,0,0,,,triagem/nome-caixa-conversao 1.0.0,31,ok
178691,per178691_1910_09498,1,0,0,,,triagem/nome-caixa-conversao 1.0.0,31,ok
178691,per178691_1910_09498,2,0,0,,,triagem/nome-caixa-conversao 1.0.0,31,ok
178691,per178691_1910_09498,3,0,0,,,triagem/nome-caixa-conversao 1.0.0,31,ok
178691,per178691_1910_09498,4,0,0,,,triagem/nome-caixa-conversao 1.0.0,31,ok
178691,per178691_1910_09498,5,0,0,,,triagem/nome-caixa-conversao 1.0.0,31,ok
178691,per178691_1910_09498,6,0,0,,,triagem/nome-caixa-conversao 1.0.0,31,ok
178691,per178691_1910_09498,7,0,0,,,triagem/nome-caixa-conversao 1.0.0,31,ok
178691,per178691_1910_09498,8,0,0,,,triagem/nome-caixa-conversao 1.0.0,31,ok
178691,per178691_1910_09498,9,0,0,,,triagem/nome-caixa-conversao 1.0.0,31,ok
178691,per178691_1910_09498,10,0,0,,,triagem/nome-caixa-conversao 1.0.0,31,ok
178691,per178691_1910_09498,11,1,1,caixade conver,35756,triagem/nome-caixa-conversao 1.0.0,31,ok
178691,per178691_1910_09498,12,0,0,,,triagem/nome-caixa-conversao 1.0.0,31,ok
178691,per178691_1910_09498,13,0,0,,,triagem/nome-caixa-conversao 1.0.0,31,ok
178691,per178691_1910_09498,14,0,0,,,triagem/nome-caixa-conversao 1.0.0,31,ok
178691,per178691_1910_09498,15,0,0,,,triagem/nome-caixa-conversao 1.0.0,31,ok
178691,per178691_1910_09498,16,0,0,,,triagem/nome-caixa-conversao 1.0.0,31,ok
178691,per178691_1910_09499,1,0,0,,,triagem/nome-caixa-conversao 1.0.0,31,ok
178691,per178691_1910_09499,2,0,0,,,triagem/nome-caixa-conversao 1.0.0,31,ok
178691,per178691_1910_09499,3,0,0,,,triagem/nome-caixa-conversao 1.0.0,31,ok
178691,per178691_1910_09499,4,0,0,,,triagem/nome-caixa-conversao 1.0.0,31,ok
178691,per178691_1910_09499,5,0,0,,,triagem/nome-caixa-conversao 1.0.0,31,ok
178691,per178691_1910_09499,6,0,0,,,triagem/nome-caixa-conversao 1.0.0,31,ok
178691,per178691_1910_09499,7,0,0,,,triagem/nome-caixa-conversao 1.0.0,31,ok
178691,per178691_1910_09499,8,0,0,,,triagem/nome-caixa-conversao 1.0.0,31,ok
178691,per178691_1910_09499,9,0,0,,,triagem/nome-caixa-conversao 1.0.0,31,ok
178691,per178691_1910_09499,10,0,0,,,triagem/nome-caixa-conversao 1.0.0,31,ok
178691,per178691_1910_09499,11,1,1,caixa dc conver,35857,triagem/nome-caixa-conversao 1.0.0,31,ok
178691,per178691_1910_09499,12,0,0,,,triagem/nome-caixa-conversao 1.0.0,31,ok
178691,per178691_1910_09499,13,0,0,,,triagem/nome-caixa-conversao 1.0.0,31,ok
178691,per178691_1910_09499,14,0,0,,,triagem/nome-caixa-conversao 1.0.0,31,ok
178691,per178691_1910_09499,15,0,0,,,triagem/nome-caixa-conversao 1.0.0,31,ok
178691,per178691_1910_09499,16,0,0,,,triagem/nome-caixa-conversao 1.0.0,31,ok
178691,per178691_1910_09500,1,0,0,,,triagem/nome-caixa-conversao 1.0.0,31,ok
178691,per178691_1910_09500,2,0,0,,,triagem/nome-caixa-conversao 1.0.0,31,ok
178691,per178691_1910_09500,3,0,0,,,triagem/nome-caixa-conversao 1.0.0,31,ok
178691,per178691_1910_09500,4,0,0,,,triagem/nome-caixa-conversao 1.0.0,31,ok
178691,per178691_1910_09500,5,0,0,,,triagem/nome-caixa-conversao 1.0.0,31,ok
178691,per178691_1910_09500,6,0,0,,,triagem/nome-caixa-conversao 1.0.0,31,ok
178691,per178691_1910_09500,7,0,0,,,triagem/nome-caixa-conversao 1.0.0,31,ok
178691,per178691_1910_09500,8,1,1,caixa deconver,4940,triagem/nome-caixa-conversao 1.0.0,31,ok
178691,per178691_1910_09500,9,0,0,,,triagem/nome-caixa-conversao 1.0.0,31,ok
178691,per178691_1910_09500,10,0,0,,,triagem/nome-caixa-conversao 1.0.0,31,ok
178691,per178691_1910_09500,11,0,0,,,triagem/nome-caixa-conversao 1.0.0,31,ok
178691,per178691_1910_09500,12,0,0,,,triagem/nome-caixa-conversao 1.0.0,31,ok
178691,per178691_1910_09500,13,0,0,,,triagem/nome-caixa-conversao 1.0.0,31,ok
178691,per178691_1910_09500,14,0,0,,,triagem/nome-caixa-conversao 1.0.0,31,ok
178691,per178691_1910_09500,15,0,0,,,triagem/nome-caixa-conversao 1.0.0,31,ok
178691,per178691_1910_09500,16,0,0,,,triagem/nome-caixa-conversao 1.0.0,31,ok
178691,per178691_1910_09501,1,0,0,,,triagem/nome-caixa-conversao 1.0.0,31,ok
178691,per178691_1910_09501,2,0,0,,,triagem/nome-caixa-conversao 1.0.0,31,ok
178691,per178691_1910_09501,3,0,0,,,triagem/nome-caixa-conversao 1.0.0,31,ok
178691,per178691_1910_09501,4,0,0,,,triagem/nome-caixa-conversao 1.0.0,31,ok
178691,per178691_1910_09501,5,0,0,,,triagem/nome-caixa-conversao 1.0.0,31,ok
178691,per178691_1910_09501,6,1,1,caixa deconver,17437,triagem/nome-caixa-conversao 1.0.0,31,ok
178691,per178691_1910_09501,7,0,0,,,triagem/nome-caixa-conversao 1.0.0,31,ok
178691,per178691_1910_09501,8,0,0,,,triagem/nome-caixa-conversao 1.0.0,31,ok
178691,per178691_1910_09501,9,0,0,,,triagem/nome-caixa-conversao 1.0.0,31,ok
178691,per178691_1910_09501,10,0,0,,,triagem/nome-caixa-conversao 1.0.0,31,ok
178691,per178691_1910_09502,1,0,0,,,triagem/nome-caixa-conversao 1.0.0,31,ok
178691,per178691_1910_09502,2,0,0,,,triagem/nome-caixa-conversao 1.0.0,31,ok
178691,per178691_1910_09502,3,0,0,,,triagem/nome-caixa-conversao 1.0.0,31,ok
178691,per178691_1910_09502,4,0,0,,,triagem/nome-caixa-conversao 1.0.0,31,ok
178691,per178691_1910_09502,5,1,1,caixa de conver,13973,triagem/nome-caixa-conversao 1.0.0,31,ok
178691,per178691_1910_09502,6,0,0,,,triagem/nome-caixa-conversao 1.0.0,31,ok
178691,per178691_1910_09502,7,0,0,,,triagem/nome-caixa-conversao 1.0.0,31,ok
178691,per178691_1910_09502,8,0,0,,,triagem/nome-caixa-conversao 1.0.0,31,ok
178691,per178691_1910_09502,9,0,0,,,triagem/nome-caixa-conversao 1.0.0,31,ok
178691,per178691_1910_09502,10,0,0,,,triagem/nome-caixa-conversao 1.0.0,31,ok
178691,per178691_1910_09502,11,0,0,,,triagem/nome-caixa-conversao 1.0.0,31,ok
178691,per178691_1910_09502,12,0,0,,,triagem/nome-caixa-conversao 1.0.0,31,ok
178691,per178691_1910_09502,13,0,0,,,triagem/nome-caixa-conversao 1.0.0,31,ok
178691,per178691_1910_09502,14,0,0,,,triagem/nome-caixa-conversao 1.0.0,31,ok
178691,per178691_1910_09502,15,0,0,,,triagem/nome-caixa-conversao 1.0.0,31,ok
178691,per178691_1910_09502,16,0,0,,,triagem/nome-caixa-conversao 1.0.0,31,ok
178691,per178691_1910_09503,1,0,0,,,triagem/nome-caixa-conversao 1.0.0,31,ok
178691,per178691_1910_09503,2,0,0,,,triagem/nome-caixa-conversao 1.0.0,31,ok
178691,per178691_1910_09503,3,0,0,,,triagem/nome-caixa-conversao 1.0.0,31,ok
178691,per178691_1910_09503,4,0,0,,,triagem/nome-caixa-conversao 1.0.0,31,ok
178691,per178691_1910_09503,5,0,0,,,triagem/nome-caixa-conversao 1.0.0,31,ok
178691,per178691_1910_09503,6,1,1,caixa de conver,12522,triagem/nome-caixa-conversao 1.0.0,31,ok
178691,per178691_1910_09503,7,0,0,,,triagem/nome-caixa-conversao 1.0.0,31,ok
178691,per178691_1910_09503,8,0,0,,,triagem/nome-caixa-conversao 1.0.0,31,ok
178691,per178691_1910_09503,9,0,0,,,triagem/nome-caixa-conversao 1.0.0,31,ok
178691,per178691_1910_09503,10,0,0,,,triagem/nome-caixa-conversao 1.0.0,31,ok
178691,per178691_1910_09503,11,1,1,caixa de conver,29952,triagem/nome-caixa-conversao 1.0.0,31,ok
178691,per178691_1910_09503,12,0,0,,,triagem/nome-caixa-conversao 1.0.0,31,ok
178691,per178691_1910_09503,13,0,0,,,triagem/nome-caixa-conversao 1.0.0,31,ok
178691,per178691_1910_09503,14,0,0,,,triagem/nome-caixa-conversao 1.0.0,31,ok
178691,per178691_1910_09503,15,0,0,,,triagem/nome-caixa-conversao 1.0.0,31,ok
178691,per178691_1910_09503,16,0,0,,,triagem/nome-caixa-conversao 1.0.0,31,ok
178691,per178691_1910_09504,1,0,0,,,triagem/nome-caixa-conversao 1.0.0,31,ok
178691,per178691_1910_09504,2,0,0,,,triagem/nome-caixa-conversao 1.0.0,31,ok
178691,per178691_1910_09504,3,0,0,,,triagem/nome-caixa-conversao 1.0.0,31,ok
178691,per178691_1910_09504,4,0,0,,,triagem/nome-caixa-conversao 1.0.0,31,ok
178691,per178691_1910_09504,5,0,0,,,triagem/nome-caixa-conversao 1.0.0,31,ok
178691,per178691_1910_09504,6,0,0,,,triagem/nome-caixa-conversao 1.0.0,31,ok
178691,per178691_1910_09504,7,1,1,caixa de conver,28292,triagem/nome-caixa-conversao 1.0.0,31,ok
178691,per178691_1910_09504,8,0,0,,,triagem/nome-caixa-conversao 1.0.0,31,ok
178691,per178691_1910_09504,9,0,0,,,triagem/nome-caixa-conversao 1.0.0,31,ok
178691,per178691_1910_09504,10,0,0,,,triagem/nome-caixa-conversao 1.0.0,31,ok
178691,per178691_1910_09504,11,0,0,,,triagem/nome-caixa-conversao 1.0.0,31,ok
178691,per178691_1910_09504,12,0,0,,,triagem/nome-caixa-conversao 1.0.0,31,ok
178691,per178691_1910_09505,1,0,0,,,triagem/nome-caixa-conversao 1.0.0,31,ok
178691,per178691_1910_09505,2,0,0,,,triagem/nome-caixa-conversao 1.0.0,31,ok
178691,per178691_1910_09505,3,0,0,,,triagem/nome-caixa-conversao 1.0.0,31,ok
178691,per178691_1910_09505,4,0,0,,,triagem/nome-caixa-conversao 1.0.0,31,ok
178691,per178691_1910_09505,5,0,0,,,triagem/nome-caixa-conversao 1.0.0,31,ok
178691,per178691_1910_09505,6,0,0,,,triagem/nome-caixa-conversao 1.0.0,31,ok
178691,per178691_1910_09505,7,1,1,caixa dc conver,42877,triagem/nome-caixa-conversao 1.0.0,31,ok
178691,per178691_1910_09505,8,0,0,,,triagem/nome-caixa-conversao 1.0.0,31,ok
178691,per178691_1910_09505,9,0,0,,,triagem/nome-caixa-conversao 1.0.0,31,ok
178691,per178691_1910_09505,10,0,0,,,triagem/nome-caixa-conversao 1.0.0,31,ok
178691,per178691_1910_09505,11,0,0,,,triagem/nome-caixa-conversao 1.0.0,31,ok
178691,per178691_1910_09505,12,0,0,,,triagem/nome-caixa-conversao 1.0.0,31,ok
178691,per178691_1910_09506,1,0,0,,,triagem/nome-caixa-conversao 1.0.0,31,ok
178691,per178691_1910_09506,2,0,0,,,triagem/nome-caixa-conversao 1.0.0,31,ok
178691,per178691_1910_09506,3,0,0,,,triagem/nome-caixa-conversao 1.0.0,31,ok
178691,per178691_1910_09506,4,0,0,,,triagem/nome-caixa-conversao 1.0.0,31,ok
178691,per178691_1910_09506,5,0,0,,,triagem/nome-caixa-conversao 1.0.0,31,ok
178691,per178691_1910_09506,6,0,0,,,triagem/nome-caixa-conversao 1.0.0,31,ok
178691,per178691_1910_09506,7,1,1,caixa deconver,34653,triagem/nome-caixa-conversao 1.0.0,31,ok
178691,per178691_1910_09506,8,0,0,,,triagem/nome-caixa-conversao 1.0.0,31,ok
178691,per178691_1910_09506,9,0,0,,,triagem/nome-caixa-conversao 1.0.0,31,ok
178691,per178691_1910_09506,10,0,0,,,triagem/nome-caixa-conversao 1.0.0,31,ok
178691,per178691_1910_09506,11,0,0,,,triagem/nome-caixa-conversao 1.0.0,31,ok
178691,per178691_1910_09506,12,0,0,,,triagem/nome-caixa-conversao 1.0.0,31,ok
178691,per178691_1910_09507,1,1,1,caixa dc conver,28699,triagem/nome-caixa-conversao 1.0.0,31,ok
178691,per178691_1910_09507,2,0,0,,,triagem/nome-caixa-conversao 1.0.0,31,ok
178691,per178691_1910_09507,3,0,0,,,triagem/nome-caixa-conversao 1.0.0,31,ok
178691,per178691_1910_09507,4,0,0,,,triagem/nome-caixa-conversao 1.0.0,31,ok
178691,per178691_1910_09507,5,0,0,,,triagem/nome-caixa-conversao 1.0.0,31,ok
178691,per178691_1910_09507,6,0,0,,,triagem/nome-caixa-conversao 1.0.0,31,ok
178691,per178691_1910_09507,7,0,0,,,triagem/nome-caixa-conversao 1.0.0,31,ok
178691,per178691_1910_09507,8,0,0,,,triagem/nome-caixa-conversao 1.0.0,31,ok
178691,per178691_1910_09507,9,0,0,,,triagem/nome-caixa-conversao 1.0.0,31,ok
178691,per178691_1910_09507,10,0,0,,,triagem/nome-caixa-conversao 1.0.0,31,ok
178691,per178691_1910_09507,11,0,0,,,triagem/nome-caixa-conversao 1.0.0,31,ok
178691,per178691_1910_09507,12,0,0,,,triagem/nome-caixa-conversao 1.0.0,31,ok
178691,per178691_1910_09507,13,0,0,,,triagem/nome-caixa-conversao 1.0.0,31,ok
178691,per178691_1910_09507,14,0,0,,,triagem/nome-caixa-conversao 1.0.0,31,ok
178691,per178691_1910_09507,15,0,0,,,triagem/nome-caixa-conversao 1.0.0,31,ok
178691,per178691_1910_09507,16,0,0,,,triagem/nome-caixa-conversao 1.0.0,31,ok
178691,per178691_1910_09508,1,1,1,caixa de conver,20124,triagem/nome-caixa-conversao 1.0.0,31,ok
178691,per178691_1910_09508,2,0,0,,,triagem/nome-caixa-conversao 1.0.0,31,ok
178691,per178691_1910_09508,3,0,0,,,triagem/nome-caixa-conversao 1.0.0,31,ok
178691,per178691_1910_09508,4,0,0,,,triagem/nome-caixa-conversao 1.0.0,31,ok
178691,per178691_1910_09508,5,0,0,,,triagem/nome-caixa-conversao 1.0.0,31,ok
178691,per178691_1910_09508,6,1,1,caixa deconver,18521,triagem/nome-caixa-conversao 1.0.0,31,ok
178691,per178691_1910_09508,7,0,0,,,triagem/nome-caixa-conversao 1.0.0,31,ok
178691,per178691_1910_09508,8,0,0,,,triagem/nome-caixa-conversao 1.0.0,31,ok
178691,per178691_1910_09508,9,0,0,,,triagem/nome-caixa-conversao 1.0.0,31,ok
178691,per178691_1910_09508,10,0,0,,,triagem/nome-caixa-conversao 1.0.0,31,ok
178691,per178691_1910_09509,1,0,0,,,triagem/nome-caixa-conversao 1.0.0,31,ok
178691,per178691_1910_09509,2,0,0,,,triagem/nome-caixa-conversao 1.0.0,31,ok
178691,per178691_1910_09509,3,0,0,,,triagem/nome-caixa-conversao 1.0.0,31,ok
178691,per178691_1910_09509,4,0,0,,,triagem/nome-caixa-conversao 1.0.0,31,ok
178691,per178691_1910_09509,5,0,0,,,triagem/nome-caixa-conversao 1.0.0,31,ok
178691,per178691_1910_09509,6,1,1,caixade conver,31309,triagem/nome-caixa-conversao 1.0.0,31,ok
178691,per178691_1910_09509,7,0,0,,,triagem/nome-caixa-conversao 1.0.0,31,ok
178691,per178691_1910_09509,8,0,0,,,triagem/nome-caixa-conversao 1.0.0,31,ok
178691,per178691_1910_09509,9,0,0,,,triagem/nome-caixa-conversao 1.0.0,31,ok
178691,per178691_1910_09509,10,0,0,,,triagem/nome-caixa-conversao 1.0.0,31,ok
178691,per178691_1910_09509,11,0,0,,,triagem/nome-caixa-conversao 1.0.0,31,ok
178691,per178691_1910_09509,12,0,0,,,triagem/nome-caixa-conversao 1.0.0,31,ok
178691,per178691_1910_09510,1,0,0,,,triagem/nome-caixa-conversao 1.0.0,31,ok
178691,per178691_1910_09510,2,1,1,caixa de conver,11832,triagem/nome-caixa-conversao 1.0.0,31,ok
178691,per178691_1910_09510,3,0,0,,,triagem/nome-caixa-conversao 1.0.0,31,ok
178691,per178691_1910_09510,4,0,0,,,triagem/nome-caixa-conversao 1.0.0,31,ok
178691,per178691_1910_09510,5,0,0,,,triagem/nome-caixa-conversao 1.0.0,31,ok
178691,per178691_1910_09510,6,0,0,,,triagem/nome-caixa-conversao 1.0.0,31,ok
178691,per178691_1910_09510,7,0,0,,,triagem/nome-caixa-conversao 1.0.0,31,ok
178691,per178691_1910_09510,8,0,0,,,triagem/nome-caixa-conversao 1.0.0,31,ok
178691,per178691_1910_09510,9,0,0,,,triagem/nome-caixa-conversao 1.0.0,31,ok
178691,per178691_1910_09510,10,0,0,,,triagem/nome-caixa-conversao 1.0.0,31,ok
178691,per178691_1910_09510,11,0,0,,,triagem/nome-caixa-conversao 1.0.0,31,ok
178691,per178691_1910_09510,12,1,1,caixa deconver,6984,triagem/nome-caixa-conversao 1.0.0,31,ok
178691,per178691_1910_09510,13,0,0,,,triagem/nome-caixa-conversao 1.0.0,31,ok
178691,per178691_1910_09510,14,0,0,,,triagem/nome-caixa-conversao 1.0.0,31,ok
178691,per178691_1910_09510,15,0,0,,,triagem/nome-caixa-conversao 1.0.0,31,ok
178691,per178691_1910_09510,16,0,0,,,triagem/nome-caixa-conversao 1.0.0,31,ok
178691,per178691_1910_09511,1,0,0,,,triagem/nome-caixa-conversao 1.0.0,31,ok
178691,per178691_1910_09511,2,0,0,,,triagem/nome-caixa-conversao 1.0.0,31,ok
178691,per178691_1910_09511,3,0,0,,,triagem/nome-caixa-conversao 1.0.0,31,ok
178691,per178691_1910_09511,4,0,0,,,triagem/nome-caixa-conversao 1.0.0,31,ok
178691,per178691_1910_09511,5,0,0,,,triagem/nome-caixa-conversao 1.0.0,31,ok
178691,per178691_1910_09511,6,1,1,caixa deconver,24374,triagem/nome-caixa-conversao 1.0.0,31,ok
178691,per178691_1910_09511,7,0,0,,,triagem/nome-caixa-conversao 1.0.0,31,ok
178691,per178691_1910_09511,8,0,0,,,triagem/nome-caixa-conversao 1.0.0,31,ok
178691,per178691_1910_09511,9,0,0,,,triagem/nome-caixa-conversao 1.0.0,31,ok
178691,per178691_1910_09511,10,0,0,,,triagem/nome-caixa-conversao 1.0.0,31,ok
178691,per178691_1910_09511,11,0,0,,,triagem/nome-caixa-conversao 1.0.0,31,ok
178691,per178691_1910_09511,12,0,0,,,triagem/nome-caixa-conversao 1.0.0,31,ok
178691,per178691_1910_09512,1,0,0,,,triagem/nome-caixa-conversao 1.0.0,31,ok
178691,per178691_1910_09512,2,0,0,,,triagem/nome-caixa-conversao 1.0.0,31,ok
178691,per178691_1910_09512,3,0,0,,,triagem/nome-caixa-conversao 1.0.0,31,ok
178691,per178691_1910_09512,4,0,0,,,triagem/nome-caixa-conversao 1.0.0,31,ok
178691,per178691_1910_09512,5,0,0,,,triagem/nome-caixa-conversao 1.0.0,31,ok
178691,per178691_1910_09512,6,0,0,,,triagem/nome-caixa-conversao 1.0.0,31,ok
178691,per178691_1910_09512,7,0,0,,,triagem/nome-caixa-conversao 1.0.0,31,ok
178691,per178691_1910_09512,8,0,0,,,triagem/nome-caixa-conversao 1.0.0,31,ok
178691,per178691_1910_09512,9,0,0,,,triagem/nome-caixa-conversao 1.0.0,31,ok
178691,per178691_1910_09512,10,0,0,,,triagem/nome-caixa-conversao 1.0.0,31,ok
178691,per178691_1910_09512,11,0,0,,,triagem/nome-caixa-conversao 1.0.0,31,ok
178691,per178691_1910_09512,12,0,0,,,triagem/nome-caixa-conversao 1.0.0,31,ok
178691,per178691_1910_09513,1,0,0,,,triagem/nome-caixa-conversao 1.0.0,31,ok
178691,per178691_1910_09513,2,0,0,,,triagem/nome-caixa-conversao 1.0.0,31,ok
178691,per178691_1910_09513,3,0,0,,,triagem/nome-caixa-conversao 1.0.0,31,ok
178691,per178691_1910_09513,4,0,0,,,triagem/nome-caixa-conversao 1.0.0,31,ok
178691,per178691_1910_09513,5,0,0,,,triagem/nome-caixa-conversao 1.0.0,31,ok
178691,per178691_1910_09513,6,0,0,,,triagem/nome-caixa-conversao 1.0.0,31,ok
178691,per178691_1910_09513,7,0,0,,,triagem/nome-caixa-conversao 1.0.0,31,ok
178691,per178691_1910_09513,8,0,0,,,triagem/nome-caixa-conversao 1.0.0,31,ok
178691,per178691_1910_09513,9,1,1,caixa doconver,34272,triagem/nome-caixa-conversao 1.0.0,31,ok
178691,per178691_1910_09513,10,0,0,,,triagem/nome-caixa-conversao 1.0.0,31,ok
178691,per178691_1910_09513,11,0,0,,,triagem/nome-caixa-conversao 1.0.0,31,ok
178691,per178691_1910_09513,12,0,0,,,triagem/nome-caixa-conversao 1.0.0,31,ok
178691,per178691_1910_09513,13,0,0,,,triagem/nome-caixa-conversao 1.0.0,31,ok
178691,per178691_1910_09513,14,0,0,,,triagem/nome-caixa-conversao 1.0.0,31,ok
178691,per178691_1910_09513,15,0,0,,,triagem/nome-caixa-conversao 1.0.0,31,ok
178691,per178691_1910_09513,16,0,0,,,triagem/nome-caixa-conversao 1.0.0,31,ok
178691,per178691_1910_09514,1,0,0,,,triagem/nome-caixa-conversao 1.0.0,31,ok
178691,per178691_1910_09514,2,0,0,,,triagem/nome-caixa-conversao 1.0.0,31,ok
178691,per178691_1910_09514,3,0,0,,,triagem/nome-caixa-conversao 1.0.0,31,ok
178691,per178691_1910_09514,4,0,0,,,triagem/nome-caixa-conversao 1.0.0,31,ok
178691,per178691_1910_09514,5,0,0,,,triagem/nome-caixa-conversao 1.0.0,31,ok
178691,per178691_1910_09514,6,0,0,,,triagem/nome-caixa-conversao 1.0.0,31,ok
178691,per178691_1910_09514,7,1,1,caixa daconver,44370,triagem/nome-caixa-conversao 1.0.0,31,ok
178691,per178691_1910_09514,8,0,0,,,triagem/nome-caixa-conversao 1.0.0,31,ok
178691,per178691_1910_09514,9,0,0,,,triagem/nome-caixa-conversao 1.0.0,31,ok
178691,per178691_1910_09514,10,0,0,,,triagem/nome-caixa-conversao 1.0.0,31,ok
178691,per178691_1910_09514,11,0,0,,,triagem/nome-caixa-conversao 1.0.0,31,ok
178691,per178691_1910_09514,12,0,0,,,triagem/nome-caixa-conversao 1.0.0,31,ok
178691,per178691_1910_09514,13,0,0,,,triagem/nome-caixa-conversao 1.0.0,31,ok
178691,per178691_1910_09514,14,0,0,,,triagem/nome-caixa-conversao 1.0.0,31,ok
178691,per178691_1910_09514,15,0,0,,,triagem/nome-caixa-conversao 1.0.0,31,ok
178691,per178691_1910_09514,16,0,0,,,triagem/nome-caixa-conversao 1.0.0,31,ok
178691,per178691_1910_09515,1,0,0,,,triagem/nome-caixa-conversao 1.0.0,31,ok
178691,per178691_1910_09515,2,0,0,,,triagem/nome-caixa-conversao 1.0.0,31,ok
178691,per178691_1910_09515,3,0,0,,,triagem/nome-caixa-conversao 1.0.0,31,ok
178691,per178691_1910_09515,4,0,0,,,triagem/nome-caixa-conversao 1.0.0,31,ok
178691,per178691_1910_09515,5,0,0,,,triagem/nome-caixa-conversao 1.0.0,31,ok
178691,per178691_1910_09515,6,0,0,,,triagem/nome-caixa-conversao 1.0.0,31,ok
178691,per178691_1910_09515,7,1,1,caixa deconver,47313,triagem/nome-caixa-conversao 1.0.0,31,ok
178691,per178691_1910_09515,8,0,0,,,triagem/nome-caixa-conversao 1.0.0,31,ok
178691,per178691_1910_09515,9,0,0,,,triagem/nome-caixa-conversao 1.0.0,31,ok
178691,per178691_1910_09515,10,0,0,,,triagem/nome-caixa-conversao 1.0.0,31,ok
178691,per178691_1910_09515,11,0,0,,,triagem/nome-caixa-conversao 1.0.0,31,ok
178691,per178691_1910_09515,12,0,0,,,triagem/nome-caixa-conversao 1.0.0,31,ok
178691,per178691_1910_09516,1,0,0,,,triagem/nome-caixa-conversao 1.0.0,31,ok
178691,per178691_1910_09516,2,0,0,,,triagem/nome-caixa-conversao 1.0.0,31,ok
178691,per178691_1910_09516,3,1,3,caixa do conver,1994,triagem/nome-caixa-conversao 1.0.0,31,ok
178691,per178691_1910_09516,4,0,0,,,triagem/nome-caixa-conversao 1.0.0,31,ok
178691,per178691_1910_09516,5,0,0,,,triagem/nome-caixa-conversao 1.0.0,31,ok
178691,per178691_1910_09516,6,0,0,,,triagem/nome-caixa-conversao 1.0.0,31,ok
178691,per178691_1910_09516,7,0,0,,,triagem/nome-caixa-conversao 1.0.0,31,ok
178691,per178691_1910_09516,8,0,0,,,triagem/nome-caixa-conversao 1.0.0,31,ok
178691,per178691_1910_09516,9,0,0,,,triagem/nome-caixa-conversao 1.0.0,31,ok
178691,per178691_1910_09516,10,0,0,,,triagem/nome-caixa-conversao 1.0.0,31,ok
178691,per178691_1910_09516,11,1,1,caixa de conver,16730,triagem/nome-caixa-conversao 1.0.0,31,ok
178691,per178691_1910_09516,12,0,0,,,triagem/nome-caixa-conversao 1.0.0,31,ok
178691,per178691_1910_09516,13,0,0,,,triagem/nome-caixa-conversao 1.0.0,31,ok
178691,per178691_1910_09516,14,0,0,,,triagem/nome-caixa-conversao 1.0.0,31,ok
178691,per178691_1910_09516,15,0,0,,,triagem/nome-caixa-conversao 1.0.0,31,ok
178691,per178691_1910_09516,16,0,0,,,triagem/nome-caixa-conversao 1.0.0,31,ok
178691,per178691_1910_09517,1,0,0,,,triagem/nome-caixa-conversao 1.0.0,31,ok
178691,per178691_1910_09517,2,0,0,,,triagem/nome-caixa-conversao 1.0.0,31,ok
178691,per178691_1910_09517,3,1,1,caixa de conver,29663,triagem/nome-caixa-conversao 1.0.0,31,ok
178691,per178691_1910_09517,4,1,2,caixa deconver,37728,triagem/nome-caixa-conversao 1.0.0,31,ok
178691,per178691_1910_09517,5,0,0,,,triagem/nome-caixa-conversao 1.0.0,31,ok
178691,per178691_1910_09517,6,0,0,,,triagem/nome-caixa-conversao 1.0.0,31,ok
178691,per178691_1910_09517,7,0,0,,,triagem/nome-caixa-conversao 1.0.0,31,ok
178691,per178691_1910_09517,8,0,0,,,triagem/nome-caixa-conversao 1.0.0,31,ok
178691,per178691_1910_09517,9,0,0,,,triagem/nome-caixa-conversao 1.0.0,31,ok
178691,per178691_1910_09517,10,0,0,,,triagem/nome-caixa-conversao 1.0.0,31,ok
178691,per178691_1910_09517,11,0,0,,,triagem/nome-caixa-conversao 1.0.0,31,ok
178691,per178691_1910_09517,12,0,0,,,triagem/nome-caixa-conversao 1.0.0,31,ok
178691,per178691_1910_09518,1,1,1,caixa de conver,20841,triagem/nome-caixa-conversao 1.0.0,31,ok
178691,per178691_1910_09518,2,0,0,,,triagem/nome-caixa-conversao 1.0.0,31,ok
178691,per178691_1910_09518,3,0,0,,,triagem/nome-caixa-conversao 1.0.0,31,ok
178691,per178691_1910_09518,4,0,0,,,triagem/nome-caixa-conversao 1.0.0,31,ok
178691,per178691_1910_09518,5,0,0,,,triagem/nome-caixa-conversao 1.0.0,31,ok
178691,per178691_1910_09518,6,0,0,,,triagem/nome-caixa-conversao 1.0.0,31,ok
178691,per178691_1910_09518,7,0,0,,,triagem/nome-caixa-conversao 1.0.0,31,ok
178691,per178691_1910_09518,8,0,0,,,triagem/nome-caixa-conversao 1.0.0,31,ok
178691,per178691_1910_09518,9,0,0,,,triagem/nome-caixa-conversao 1.0.0,31,ok
178691,per178691_1910_09518,10,0,0,,,triagem/nome-caixa-conversao 1.0.0,31,ok
178691,per178691_1910_09518,11,0,0,,,triagem/nome-caixa-conversao 1.0.0,31,ok
178691,per178691_1910_09518,12,0,0,,,triagem/nome-caixa-conversao 1.0.0,31,ok
178691,per178691_1910_09519,1,1,1,caixa de conver,21516,triagem/nome-caixa-conversao 1.0.0,31,ok
178691,per178691_1910_09519,2,1,1,caixa de conver,28049,triagem/nome-caixa-conversao 1.0.0,31,ok
178691,per178691_1910_09519,3,0,0,,,triagem/nome-caixa-conversao 1.0.0,31,ok
178691,per178691_1910_09519,4,0,0,,,triagem/nome-caixa-conversao 1.0.0,31,ok
178691,per178691_1910_09519,5,0,0,,,triagem/nome-caixa-conversao 1.0.0,31,ok
178691,per178691_1910_09519,6,0,0,,,triagem/nome-caixa-conversao 1.0.0,31,ok
178691,per178691_1910_09519,7,0,0,,,triagem/nome-caixa-conversao 1.0.0,31,ok
178691,per178691_1910_09519,8,0,0,,,triagem/nome-caixa-conversao 1.0.0,31,ok
178691,per178691_1910_09519,9,0,0,,,triagem/nome-caixa-conversao 1.0.0,31,ok
178691,per178691_1910_09519,10,0,0,,,triagem/nome-caixa-conversao 1.0.0,31,ok
178691,per178691_1910_09519,11,0,0,,,triagem/nome-caixa-conversao 1.0.0,31,ok
178691,per178691_1910_09519,12,0,0,,,triagem/nome-caixa-conversao 1.0.0,31,ok
178691,per178691_1910_09520,1,0,0,,,triagem/nome-caixa-conversao 1.0.0,31,ok
178691,per178691_1910_09520,2,1,1,caixa da conver,15990,triagem/nome-caixa-conversao 1.0.0,31,ok
178691,per178691_1910_09520,3,0,0,,,triagem/nome-caixa-conversao 1.0.0,31,ok
178691,per178691_1910_09520,4,0,0,,,triagem/nome-caixa-conversao 1.0.0,31,ok
178691,per178691_1910_09520,5,0,0,,,triagem/nome-caixa-conversao 1.0.0,31,ok
178691,per178691_1910_09520,6,0,0,,,triagem/nome-caixa-conversao 1.0.0,31,ok
178691,per178691_1910_09520,7,0,0,,,triagem/nome-caixa-conversao 1.0.0,31,ok
178691,per178691_1910_09520,8,0,0,,,triagem/nome-caixa-conversao 1.0.0,31,ok
178691,per178691_1910_09520,9,0,0,,,triagem/nome-caixa-conversao 1.0.0,31,ok
178691,per178691_1910_09520,10,0,0,,,triagem/nome-caixa-conversao 1.0.0,31,ok
178691,per178691_1910_09520,11,0,0,,,triagem/nome-caixa-conversao 1.0.0,31,ok
178691,per178691_1910_09520,12,0,0,,,triagem/nome-caixa-conversao 1.0.0,31,ok
178691,per178691_1910_09521,1,1,2,caixa de conver,31658,triagem/nome-caixa-conversao 1.0.0,31,ok
178691,per178691_1910_09521,2,1,1,caixa deconver,1131,triagem/nome-caixa-conversao 1.0.0,31,ok
178691,per178691_1910_09521,3,0,0,,,triagem/nome-caixa-conversao 1.0.0,31,ok
178691,per178691_1910_09521,4,0,0,,,triagem/nome-caixa-conversao 1.0.0,31,ok
178691,per178691_1910_09521,5,0,0,,,triagem/nome-caixa-conversao 1.0.0,31,ok
178691,per178691_1910_09521,6,0,0,,,triagem/nome-caixa-conversao 1.0.0,31,ok
178691,per178691_1910_09521,7,1,1,caixa de conver,5237,triagem/nome-caixa-conversao 1.0.0,31,ok
178691,per178691_1910_09521,8,0,0,,,triagem/nome-caixa-conversao 1.0.0,31,ok
178691,per178691_1910_09521,9,0,0,,,triagem/nome-caixa-conversao 1.0.0,31,ok
178691,per178691_1910_09521,10,0,0,,,triagem/nome-caixa-conversao 1.0.0,31,ok
178691,per178691_1910_09521,11,0,0,,,triagem/nome-caixa-conversao 1.0.0,31,ok
178691,per178691_1910_09521,12,0,0,,,triagem/nome-caixa-conversao 1.0.0,31,ok
178691,per178691_1910_09521,13,0,0,,,triagem/nome-caixa-conversao 1.0.0,31,ok
178691,per178691_1910_09521,14,0,0,,,triagem/nome-caixa-conversao 1.0.0,31,ok
178691,per178691_1910_09521,15,0,0,,,triagem/nome-caixa-conversao 1.0.0,31,ok
178691,per178691_1910_09521,16,0,0,,,triagem/nome-caixa-conversao 1.0.0,31,ok
178691,per178691_1910_09522,1,1,2,caixa de conver,28055,triagem/nome-caixa-conversao 1.0.0,31,ok
178691,per178691_1910_09522,2,1,4,caixa deconver,1425,triagem/nome-caixa-conversao 1.0.0,31,ok
178691,per178691_1910_09522,3,0,0,,,triagem/nome-caixa-conversao 1.0.0,31,ok
178691,per178691_1910_09522,4,0,0,,,triagem/nome-caixa-conversao 1.0.0,31,ok
178691,per178691_1910_09522,5,0,0,,,triagem/nome-caixa-conversao 1.0.0,31,ok
178691,per178691_1910_09522,6,0,0,,,triagem/nome-caixa-conversao 1.0.0,31,ok
178691,per178691_1910_09522,7,0,0,,,triagem/nome-caixa-conversao 1.0.0,31,ok
178691,per178691_1910_09522,8,0,0,,,triagem/nome-caixa-conversao 1.0.0,31,ok
178691,per178691_1910_09522,9,0,0,,,triagem/nome-caixa-conversao 1.0.0,31,ok
178691,per178691_1910_09522,10,0,0,,,triagem/nome-caixa-conversao 1.0.0,31,ok
178691,per178691_1910_09522,11,0,0,,,triagem/nome-caixa-conversao 1.0.0,31,ok
178691,per178691_1910_09522,12,0,0,,,triagem/nome-caixa-conversao 1.0.0,31,ok
178691,per178691_1910_09523,1,0,0,,,triagem/nome-caixa-conversao 1.0.0,31,ok
178691,per178691_1910_09523,2,0,0,,,triagem/nome-caixa-conversao 1.0.0,31,ok
178691,per178691_1910_09523,3,0,0,,,triagem/nome-caixa-conversao 1.0.0,31,ok
178691,per178691_1910_09523,4,0,0,,,triagem/nome-caixa-conversao 1.0.0,31,ok
178691,per178691_1910_09523,5,0,0,,,triagem/nome-caixa-conversao 1.0.0,31,ok
178691,per178691_1910_09523,6,0,0,,,triagem/nome-caixa-conversao 1.0.0,31,ok
178691,per178691_1910_09523,7,0,0,,,triagem/nome-caixa-conversao 1.0.0,31,ok
178691,per178691_1910_09523,8,0,0,,,triagem/nome-caixa-conversao 1.0.0,31,ok
178691,per178691_1910_09523,9,0,0,,,triagem/nome-caixa-conversao 1.0.0,31,ok
178691,per178691_1910_09523,10,0,0,,,triagem/nome-caixa-conversao 1.0.0,31,ok
178691,per178691_1910_09523,11,0,0,,,triagem/nome-caixa-conversao 1.0.0,31,ok
178691,per178691_1910_09523,12,0,0,,,triagem/nome-caixa-conversao 1.0.0,31,ok
178691,per178691_1910_09523,13,1,1,caixa de conver,9875,triagem/nome-caixa-conversao 1.0.0,31,ok
178691,per178691_1910_09523,14,0,0,,,triagem/nome-caixa-conversao 1.0.0,31,ok
178691,per178691_1910_09523,15,0,0,,,triagem/nome-caixa-conversao 1.0.0,31,ok
178691,per178691_1910_09523,16,0,0,,,triagem/nome-caixa-conversao 1.0.0,31,ok
178691,per178691_1910_09524,1,1,4,caixa de conver,9480,triagem/nome-caixa-conversao 1.0.0,31,ok
178691,per178691_1910_09524,2,0,0,,,triagem/nome-caixa-conversao 1.0.0,31,ok
178691,per178691_1910_09524,3,0,0,,,triagem/nome-caixa-conversao 1.0.0,31,ok
178691,per178691_1910_09524,4,1,1,caixa de conver,13057,triagem/nome-caixa-conversao 1.0.0,31,ok
178691,per178691_1910_09524,5,0,0,,,triagem/nome-caixa-conversao 1.0.0,31,ok
178691,per178691_1910_09524,6,0,0,,,triagem/nome-caixa-conversao 1.0.0,31,ok
178691,per178691_1910_09524,7,0,0,,,triagem/nome-caixa-conversao 1.0.0,31,ok
178691,per178691_1910_09524,8,1,1,caixa dc conver,46682,triagem/nome-caixa-conversao 1.0.0,31,ok
178691,per178691_1910_09524,9,0,0,,,triagem/nome-caixa-conversao 1.0.0,31,ok
178691,per178691_1910_09524,10,0,0,,,triagem/nome-caixa-conversao 1.0.0,31,ok
178691,per178691_1910_09524,11,0,0,,,triagem/nome-caixa-conversao 1.0.0,31,ok
178691,per178691_1910_09524,12,0,0,,,triagem/nome-caixa-conversao 1.0.0,31,ok
178691,per178691_1910_09525,1,0,0,,,triagem/nome-caixa-conversao 1.0.0,31,ok
178691,per178691_1910_09525,2,0,0,,,triagem/nome-caixa-conversao 1.0.0,31,ok
178691,per178691_1910_09525,3,0,0,,,triagem/nome-caixa-conversao 1.0.0,31,ok
178691,per178691_1910_09525,4,0,0,,,triagem/nome-caixa-conversao 1.0.0,31,ok
178691,per178691_1910_09525,5,0,0,,,triagem/nome-caixa-conversao 1.0.0,31,ok
178691,per178691_1910_09525,6,0,0,,,triagem/nome-caixa-conversao 1.0.0,31,ok
178691,per178691_1910_09525,7,0,0,,,triagem/nome-caixa-conversao 1.0.0,31,ok
178691,per178691_1910_09525,8,0,0,,,triagem/nome-caixa-conversao 1.0.0,31,ok
178691,per178691_1910_09525,9,0,0,,,triagem/nome-caixa-conversao 1.0.0,31,ok
178691,per178691_1910_09525,10,0,0,,,triagem/nome-caixa-conversao 1.0.0,31,ok
178691,per178691_1910_09526,1,0,0,,,triagem/nome-caixa-conversao 1.0.0,31,ok
178691,per178691_1910_09526,2,0,0,,,triagem/nome-caixa-conversao 1.0.0,31,ok
178691,per178691_1910_09526,3,0,0,,,triagem/nome-caixa-conversao 1.0.0,31,ok
178691,per178691_1910_09526,4,0,0,,,triagem/nome-caixa-conversao 1.0.0,31,ok
178691,per178691_1910_09526,5,0,0,,,triagem/nome-caixa-conversao 1.0.0,31,ok
178691,per178691_1910_09526,6,0,0,,,triagem/nome-caixa-conversao 1.0.0,31,ok
178691,per178691_1910_09526,7,0,0,,,triagem/nome-caixa-conversao 1.0.0,31,ok
178691,per178691_1910_09526,8,0,0,,,triagem/nome-caixa-conversao 1.0.0,31,ok
178691,per178691_1910_09526,9,0,0,,,triagem/nome-caixa-conversao 1.0.0,31,ok
178691,per178691_1910_09526,10,1,1,caixa de conver,15838,triagem/nome-caixa-conversao 1.0.0,31,ok
178691,per178691_1910_09526,11,0,0,,,triagem/nome-caixa-conversao 1.0.0,31,ok
178691,per178691_1910_09526,12,0,0,,,triagem/nome-caixa-conversao 1.0.0,31,ok
178691,per178691_1910_09526,13,0,0,,,triagem/nome-caixa-conversao 1.0.0,31,ok
178691,per178691_1910_09526,14,0,0,,,triagem/nome-caixa-conversao 1.0.0,31,ok
178691,per178691_1910_09526,15,0,0,,,triagem/nome-caixa-conversao 1.0.0,31,ok
178691,per178691_1910_09526,16,0,0,,,triagem/nome-caixa-conversao 1.0.0,31,ok
178691,per178691_1910_09527,1,0,0,,,triagem/nome-caixa-conversao 1.0.0,31,ok
178691,per178691_1910_09527,2,1,1,caixa de conver,40618,triagem/nome-caixa-conversao 1.0.0,31,ok
178691,per178691_1910_09527,3,0,0,,,triagem/nome-caixa-conversao 1.0.0,31,ok
178691,per178691_1910_09527,4,0,0,,,triagem/nome-caixa-conversao 1.0.0,31,ok
178691,per178691_1910_09527,5,0,0,,,triagem/nome-caixa-conversao 1.0.0,31,ok
178691,per178691_1910_09527,6,0,0,,,triagem/nome-caixa-conversao 1.0.0,31,ok
178691,per178691_1910_09527,7,0,0,,,triagem/nome-caixa-conversao 1.0.0,31,ok
178691,per178691_1910_09527,8,0,0,,,triagem/nome-caixa-conversao 1.0.0,31,ok
178691,per178691_1910_09527,9,0,0,,,triagem/nome-caixa-conversao 1.0.0,31,ok
178691,per178691_1910_09527,10,0,0,,,triagem/nome-caixa-conversao 1.0.0,31,ok
178691,per178691_1910_09527,11,0,0,,,triagem/nome-caixa-conversao 1.0.0,31,ok
178691,per178691_1910_09527,12,0,0,,,triagem/nome-caixa-conversao 1.0.0,31,ok
178691,per178691_1910_09527,13,0,0,,,triagem/nome-caixa-conversao 1.0.0,31,ok
178691,per178691_1910_09527,14,0,0,,,triagem/nome-caixa-conversao 1.0.0,31,ok
178691,per178691_1910_09527,15,0,0,,,triagem/nome-caixa-conversao 1.0.0,31,ok
178691,per178691_1910_09527,16,0,0,,,triagem/nome-caixa-conversao 1.0.0,31,ok
178691,per178691_1910_09528,1,0,0,,,triagem/nome-caixa-conversao 1.0.0,31,ok
178691,per178691_1910_09528,2,0,0,,,triagem/nome-caixa-conversao 1.0.0,31,ok
178691,per178691_1910_09528,3,0,0,,,triagem/nome-caixa-conversao 1.0.0,31,ok
178691,per178691_1910_09528,4,0,0,,,triagem/nome-caixa-conversao 1.0.0,31,ok
178691,per178691_1910_09528,5,0,0,,,triagem/nome-caixa-conversao 1.0.0,31,ok
178691,per178691_1910_09528,6,1,1,caixa de conver,19712,triagem/nome-caixa-conversao 1.0.0,31,ok
178691,per178691_1910_09528,7,0,0,,,triagem/nome-caixa-conversao 1.0.0,31,ok
178691,per178691_1910_09528,8,0,0,,,triagem/nome-caixa-conversao 1.0.0,31,ok
178691,per178691_1910_09528,9,0,0,,,triagem/nome-caixa-conversao 1.0.0,31,ok
178691,per178691_1910_09528,10,0,0,,,triagem/nome-caixa-conversao 1.0.0,31,ok
178691,per178691_1910_09528,11,0,0,,,triagem/nome-caixa-conversao 1.0.0,31,ok
178691,per178691_1910_09528,12,0,0,,,triagem/nome-caixa-conversao 1.0.0,31,ok
178691,per178691_1910_09528,13,0,0,,,triagem/nome-caixa-conversao 1.0.0,31,ok
178691,per178691_1910_09528,14,0,0,,,triagem/nome-caixa-conversao 1.0.0,31,ok
178691,per178691_1910_09528,15,0,0,,,triagem/nome-caixa-conversao 1.0.0,31,ok
178691,per178691_1910_09528,16,0,0,,,triagem/nome-caixa-conversao 1.0.0,31,ok
178691,per178691_1910_09529,1,0,0,,,triagem/nome-caixa-conversao 1.0.0,31,ok
178691,per178691_1910_09529,2,0,0,,,triagem/nome-caixa-conversao 1.0.0,31,ok
178691,per178691_1910_09529,3,0,0,,,triagem/nome-caixa-conversao 1.0.0,31,ok
178691,per178691_1910_09529,4,0,0,,,triagem/nome-caixa-conversao 1.0.0,31,ok
178691,per178691_1910_09529,5,1,1,caixa de conver,28307,triagem/nome-caixa-conversao 1.0.0,31,ok
178691,per178691_1910_09529,6,0,0,,,triagem/nome-caixa-conversao 1.0.0,31,ok
178691,per178691_1910_09529,7,0,0,,,triagem/nome-caixa-conversao 1.0.0,31,ok
178691,per178691_1910_09529,8,0,0,,,triagem/nome-caixa-conversao 1.0.0,31,ok
178691,per178691_1910_09529,9,0,0,,,triagem/nome-caixa-conversao 1.0.0,31,ok
178691,per178691_1910_09529,10,0,0,,,triagem/nome-caixa-conversao 1.0.0,31,ok
178691,per178691_1910_09530,1,1,1,caixa de conver,14662,triagem/nome-caixa-conversao 1.0.0,31,ok
178691,per178691_1910_09530,2,0,0,,,triagem/nome-caixa-conversao 1.0.0,31,ok
178691,per178691_1910_09530,3,0,0,,,triagem/nome-caixa-conversao 1.0.0,31,ok
178691,per178691_1910_09530,4,0,0,,,triagem/nome-caixa-conversao 1.0.0,31,ok
178691,per178691_1910_09530,5,1,1,caixa de conver,20029,triagem/nome-caixa-conversao 1.0.0,31,ok
178691,per178691_1910_09530,6,1,3,caixa de conver,14509,triagem/nome-caixa-conversao 1.0.0,31,ok
178691,per178691_1910_09530,7,0,0,,,triagem/nome-caixa-conversao 1.0.0,31,ok
178691,per178691_1910_09530,8,1,1,caixa de conver,427,triagem/nome-caixa-conversao 1.0.0,31,ok
178691,per178691_1910_09530,9,0,0,,,triagem/nome-caixa-conversao 1.0.0,31,ok
178691,per178691_1910_09530,10,0,0,,,triagem/nome-caixa-conversao 1.0.0,31,ok
178691,per178691_1910_09530,11,0,0,,,triagem/nome-caixa-conversao 1.0.0,31,ok
178691,per178691_1910_09530,12,0,0,,,triagem/nome-caixa-conversao 1.0.0,31,ok
178691,per178691_1910_09531,1,0,0,,,triagem/nome-caixa-conversao 1.0.0,31,ok
178691,per178691_1910_09531,2,1,1,caixa de conver,27883,triagem/nome-caixa-conversao 1.0.0,31,ok
178691,per178691_1910_09531,3,1,1,caixa de conver,17951,triagem/nome-caixa-conversao 1.0.0,31,ok
178691,per178691_1910_09531,4,0,0,,,triagem/nome-caixa-conversao 1.0.0,31,ok
178691,per178691_1910_09531,5,0,0,,,triagem/nome-caixa-conversao 1.0.0,31,ok
178691,per178691_1910_09531,6,0,0,,,triagem/nome-caixa-conversao 1.0.0,31,ok
178691,per178691_1910_09531,7,0,0,,,triagem/nome-caixa-conversao 1.0.0,31,ok
178691,per178691_1910_09531,8,0,0,,,triagem/nome-caixa-conversao 1.0.0,31,ok
178691,per178691_1910_09531,9,0,0,,,triagem/nome-caixa-conversao 1.0.0,31,ok
178691,per178691_1910_09531,10,0,0,,,triagem/nome-caixa-conversao 1.0.0,31,ok
178691,per178691_1910_09531,11,0,0,,,triagem/nome-caixa-conversao 1.0.0,31,ok
178691,per178691_1910_09531,12,0,0,,,triagem/nome-caixa-conversao 1.0.0,31,ok
178691,per178691_1910_09532,1,0,0,,,triagem/nome-caixa-conversao 1.0.0,31,ok
178691,per178691_1910_09532,2,0,0,,,triagem/nome-caixa-conversao 1.0.0,31,ok
178691,per178691_1910_09532,3,0,0,,,triagem/nome-caixa-conversao 1.0.0,31,ok
178691,per178691_1910_09532,4,0,0,,,triagem/nome-caixa-conversao 1.0.0,31,ok
178691,per178691_1910_09532,5,0,0,,,triagem/nome-caixa-conversao 1.0.0,31,ok
178691,per178691_1910_09532,6,1,1,caixaconver,33515,triagem/nome-caixa-conversao 1.0.0,31,ok
178691,per178691_1910_09532,7,0,0,,,triagem/nome-caixa-conversao 1.0.0,31,ok
178691,per178691_1910_09532,8,0,0,,,triagem/nome-caixa-conversao 1.0.0,31,ok
178691,per178691_1910_09532,9,0,0,,,triagem/nome-caixa-conversao 1.0.0,31,ok
178691,per178691_1910_09532,10,0,0,,,triagem/nome-caixa-conversao 1.0.0,31,ok
178691,per178691_1910_09532,11,0,0,,,triagem/nome-caixa-conversao 1.0.0,31,ok
178691,per178691_1910_09532,12,0,0,,,triagem/nome-caixa-conversao 1.0.0,31,ok
178691,per178691_1910_09533,1,0,0,,,triagem/nome-caixa-conversao 1.0.0,31,ok
178691,per178691_1910_09533,2,0,0,,,triagem/nome-caixa-conversao 1.0.0,31,ok
178691,per178691_1910_09533,3,0,0,,,triagem/nome-caixa-conversao 1.0.0,31,ok
178691,per178691_1910_09533,4,0,0,,,triagem/nome-caixa-conversao 1.0.0,31,ok
178691,per178691_1910_09533,5,0,0,,,triagem/nome-caixa-conversao 1.0.0,31,ok
178691,per178691_1910_09533,6,0,0,,,triagem/nome-caixa-conversao 1.0.0,31,ok
178691,per178691_1910_09533,7,0,0,,,triagem/nome-caixa-conversao 1.0.0,31,ok
178691,per178691_1910_09533,8,0,0,,,triagem/nome-caixa-conversao 1.0.0,31,ok
178691,per178691_1910_09533,9,0,0,,,triagem/nome-caixa-conversao 1.0.0,31,ok
178691,per178691_1910_09533,10,0,0,,,triagem/nome-caixa-conversao 1.0.0,31,ok
178691,per178691_1910_09533,11,0,0,,,triagem/nome-caixa-conversao 1.0.0,31,ok
178691,per178691_1910_09533,12,0,0,,,triagem/nome-caixa-conversao 1.0.0,31,ok
178691,per178691_1910_09533,13,0,0,,,triagem/nome-caixa-conversao 1.0.0,31,ok
178691,per178691_1910_09533,14,0,0,,,triagem/nome-caixa-conversao 1.0.0,31,ok
178691,per178691_1910_09533,15,0,0,,,triagem/nome-caixa-conversao 1.0.0,31,ok
178691,per178691_1910_09533,16,0,0,,,triagem/nome-caixa-conversao 1.0.0,31,ok
178691,per178691_1910_09534,1,0,0,,,triagem/nome-caixa-conversao 1.0.0,31,ok
178691,per178691_1910_09534,2,0,0,,,triagem/nome-caixa-conversao 1.0.0,31,ok
178691,per178691_1910_09534,3,0,0,,,triagem/nome-caixa-conversao 1.0.0,31,ok
178691,per178691_1910_09534,4,0,0,,,triagem/nome-caixa-conversao 1.0.0,31,ok
178691,per178691_1910_09534,5,0,0,,,triagem/nome-caixa-conversao 1.0.0,31,ok
178691,per178691_1910_09534,6,0,0,,,triagem/nome-caixa-conversao 1.0.0,31,ok
178691,per178691_1910_09534,7,0,0,,,triagem/nome-caixa-conversao 1.0.0,31,ok
178691,per178691_1910_09534,8,0,0,,,triagem/nome-caixa-conversao 1.0.0,31,ok
178691,per178691_1910_09534,9,0,0,,,triagem/nome-caixa-conversao 1.0.0,31,ok
178691,per178691_1910_09534,10,0,0,,,triagem/nome-caixa-conversao 1.0.0,31,ok
178691,per178691_1910_09534,11,0,0,,,triagem/nome-caixa-conversao 1.0.0,31,ok
178691,per178691_1910_09534,12,0,0,,,triagem/nome-caixa-conversao 1.0.0,31,ok
178691,per178691_1910_09534,13,0,0,,,triagem/nome-caixa-conversao 1.0.0,31,ok
178691,per178691_1910_09534,14,0,0,,,triagem/nome-caixa-conversao 1.0.0,31,ok
178691,per178691_1910_09534,15,0,0,,,triagem/nome-caixa-conversao 1.0.0,31,ok
178691,per178691_1910_09534,16,0,0,,,triagem/nome-caixa-conversao 1.0.0,31,ok
178691,per178691_1910_09535,1,0,0,,,triagem/nome-caixa-conversao 1.0.0,31,ok
178691,per178691_1910_09535,2,0,0,,,triagem/nome-caixa-conversao 1.0.0,31,ok
178691,per178691_1910_09535,3,1,2,caixa de conver,39254,triagem/nome-caixa-conversao 1.0.0,31,ok
178691,per178691_1910_09535,4,0,0,,,triagem/nome-caixa-conversao 1.0.0,31,ok
178691,per178691_1910_09535,5,0,0,,,triagem/nome-caixa-conversao 1.0.0,31,ok
178691,per178691_1910_09535,6,0,0,,,triagem/nome-caixa-conversao 1.0.0,31,ok
178691,per178691_1910_09535,7,0,0,,,triagem/nome-caixa-conversao 1.0.0,31,ok
178691,per178691_1910_09535,8,0,0,,,triagem/nome-caixa-conversao 1.0.0,31,ok
178691,per178691_1910_09535,9,0,0,,,triagem/nome-caixa-conversao 1.0.0,31,ok
178691,per178691_1910_09535,10,0,0,,,triagem/nome-caixa-conversao 1.0.0,31,ok
178691,per178691_1910_09535,11,0,0,,,triagem/nome-caixa-conversao 1.0.0,31,ok
178691,per178691_1910_09535,12,0,0,,,triagem/nome-caixa-conversao 1.0.0,31,ok
178691,per178691_1910_09535,13,0,0,,,triagem/nome-caixa-conversao 1.0.0,31,ok
178691,per178691_1910_09535,14,0,0,,,triagem/nome-caixa-conversao 1.0.0,31,ok
178691,per178691_1910_09535,15,0,0,,,triagem/nome-caixa-conversao 1.0.0,31,ok
178691,per178691_1910_09535,16,0,0,,,triagem/nome-caixa-conversao 1.0.0,31,ok
178691,per178691_1910_09536,1,0,0,,,triagem/nome-caixa-conversao 1.0.0,31,ok
178691,per178691_1910_09536,2,1,1,caixa de conver,24613,triagem/nome-caixa-conversao 1.0.0,31,ok
178691,per178691_1910_09536,3,0,0,,,triagem/nome-caixa-conversao 1.0.0,31,ok
178691,per178691_1910_09536,4,1,1,caixa dc conver,21342,triagem/nome-caixa-conversao 1.0.0,31,ok
178691,per178691_1910_09536,5,1,1,caixa de conver,47224,triagem/nome-caixa-conversao 1.0.0,31,ok
178691,per178691_1910_09536,6,0,0,,,triagem/nome-caixa-conversao 1.0.0,31,ok
178691,per178691_1910_09536,7,0,0,,,triagem/nome-caixa-conversao 1.0.0,31,ok
178691,per178691_1910_09536,8,0,0,,,triagem/nome-caixa-conversao 1.0.0,31,ok
178691,per178691_1910_09536,9,0,0,,,triagem/nome-caixa-conversao 1.0.0,31,ok
178691,per178691_1910_09536,10,0,0,,,triagem/nome-caixa-conversao 1.0.0,31,ok
178691,per178691_1910_09536,11,0,0,,,triagem/nome-caixa-conversao 1.0.0,31,ok
178691,per178691_1910_09536,12,0,0,,,triagem/nome-caixa-conversao 1.0.0,31,ok
178691,per178691_1910_09536,13,1,1,caixa de conver,1762,triagem/nome-caixa-conversao 1.0.0,31,ok
178691,per178691_1910_09536,14,0,0,,,triagem/nome-caixa-conversao 1.0.0,31,ok
178691,per178691_1910_09536,15,0,0,,,triagem/nome-caixa-conversao 1.0.0,31,ok
178691,per178691_1910_09536,16,0,0,,,triagem/nome-caixa-conversao 1.0.0,31,ok
178691,per178691_1910_09537,1,0,0,,,triagem/nome-caixa-conversao 1.0.0,31,ok
178691,per178691_1910_09537,2,0,0,,,triagem/nome-caixa-conversao 1.0.0,31,ok
178691,per178691_1910_09537,3,0,0,,,triagem/nome-caixa-conversao 1.0.0,31,ok
178691,per178691_1910_09537,4,0,0,,,triagem/nome-caixa-conversao 1.0.0,31,ok
178691,per178691_1910_09537,5,0,0,,,triagem/nome-caixa-conversao 1.0.0,31,ok
178691,per178691_1910_09537,6,0,0,,,triagem/nome-caixa-conversao 1.0.0,31,ok
178691,per178691_1910_09537,7,0,0,,,triagem/nome-caixa-conversao 1.0.0,31,ok
178691,per178691_1910_09537,8,0,0,,,triagem/nome-caixa-conversao 1.0.0,31,ok
178691,per178691_1910_09537,9,0,0,,,triagem/nome-caixa-conversao 1.0.0,31,ok
178691,per178691_1910_09537,10,0,0,,,triagem/nome-caixa-conversao 1.0.0,31,ok
178691,per178691_1910_09537,11,0,0,,,triagem/nome-caixa-conversao 1.0.0,31,ok
178691,per178691_1910_09537,12,0,0,,,triagem/nome-caixa-conversao 1.0.0,31,ok
178691,per178691_1910_09537,13,0,0,,,triagem/nome-caixa-conversao 1.0.0,31,ok
178691,per178691_1910_09537,14,1,1,caixa dc conver,35273,triagem/nome-caixa-conversao 1.0.0,31,ok
178691,per178691_1910_09537,15,0,0,,,triagem/nome-caixa-conversao 1.0.0,31,ok
178691,per178691_1910_09537,16,0,0,,,triagem/nome-caixa-conversao 1.0.0,31,ok
178691,per178691_1910_09537,17,0,0,,,triagem/nome-caixa-conversao 1.0.0,31,ok
178691,per178691_1910_09537,18,0,0,,,triagem/nome-caixa-conversao 1.0.0,31,ok
178691,per178691_1910_09537,19,0,0,,,triagem/nome-caixa-conversao 1.0.0,31,ok
178691,per178691_1910_09537,20,0,0,,,triagem/nome-caixa-conversao 1.0.0,31,ok
178691,per178691_1910_09537,21,0,0,,,triagem/nome-caixa-conversao 1.0.0,31,ok
178691,per178691_1910_09537,22,0,0,,,triagem/nome-caixa-conversao 1.0.0,31,ok
178691,per178691_1910_09537,23,0,0,,,triagem/nome-caixa-conversao 1.0.0,31,ok
178691,per178691_1910_09537,24,0,0,,,triagem/nome-caixa-conversao 1.0.0,31,ok
178691,per178691_1910_09538,1,1,1,caixa de conver,16662,triagem/nome-caixa-conversao 1.0.0,31,ok
178691,per178691_1910_09538,2,0,0,,,triagem/nome-caixa-conversao 1.0.0,31,ok
178691,per178691_1910_09538,3,1,1,caixa deconver,23032,triagem/nome-caixa-conversao 1.0.0,31,ok
178691,per178691_1910_09538,4,0,0,,,triagem/nome-caixa-conversao 1.0.0,31,ok
178691,per178691_1910_09538,5,1,1,caixa de conver,27189,triagem/nome-caixa-conversao 1.0.0,31,ok
178691,per178691_1910_09538,6,0,0,,,triagem/nome-caixa-conversao 1.0.0,31,ok
178691,per178691_1910_09538,7,0,0,,,triagem/nome-caixa-conversao 1.0.0,31,ok
178691,per178691_1910_09538,8,0,0,,,triagem/nome-caixa-conversao 1.0.0,31,ok
178691,per178691_1910_09538,9,0,0,,,triagem/nome-caixa-conversao 1.0.0,31,ok
178691,per178691_1910_09538,10,0,0,,,triagem/nome-caixa-conversao 1.0.0,31,ok
178691,per178691_1910_09539,1,1,1,caixa de conver,14576,triagem/nome-caixa-conversao 1.0.0,31,ok
178691,per178691_1910_09539,2,0,0,,,triagem/nome-caixa-conversao 1.0.0,31,ok
178691,per178691_1910_09539,3,0,0,,,triagem/nome-caixa-conversao 1.0.0,31,ok
178691,per178691_1910_09539,4,0,0,,,triagem/nome-caixa-conversao 1.0.0,31,ok
178691,per178691_1910_09539,5,0,0,,,triagem/nome-caixa-conversao 1.0.0,31,ok
178691,per178691_1910_09539,6,0,0,,,triagem/nome-caixa-conversao 1.0.0,31,ok
178691,per178691_1910_09539,7,0,0,,,triagem/nome-caixa-conversao 1.0.0,31,ok
178691,per178691_1910_09539,8,0,0,,,triagem/nome-caixa-conversao 1.0.0,31,ok
178691,per178691_1910_09539,9,0,0,,,triagem/nome-caixa-conversao 1.0.0,31,ok
178691,per178691_1910_09539,10,1,1,caixa de conver,13126,triagem/nome-caixa-conversao 1.0.0,31,ok
178691,per178691_1910_09539,11,0,0,,,triagem/nome-caixa-conversao 1.0.0,31,ok
178691,per178691_1910_09539,12,0,0,,,triagem/nome-caixa-conversao 1.0.0,31,ok
178691,per178691_1910_09539,13,0,0,,,triagem/nome-caixa-conversao 1.0.0,31,ok
178691,per178691_1910_09539,14,0,0,,,triagem/nome-caixa-conversao 1.0.0,31,ok
178691,per178691_1910_09539,15,0,0,,,triagem/nome-caixa-conversao 1.0.0,31,ok
178691,per178691_1910_09539,16,0,0,,,triagem/nome-caixa-conversao 1.0.0,31,ok
178691,per178691_1910_09540,1,0,0,,,triagem/nome-caixa-conversao 1.0.0,31,ok
178691,per178691_1910_09540,2,1,1,caixade conver,2511,triagem/nome-caixa-conversao 1.0.0,31,ok
178691,per178691_1910_09540,3,0,0,,,triagem/nome-caixa-conversao 1.0.0,31,ok
178691,per178691_1910_09540,4,0,0,,,triagem/nome-caixa-conversao 1.0.0,31,ok
178691,per178691_1910_09540,5,0,0,,,triagem/nome-caixa-conversao 1.0.0,31,ok
178691,per178691_1910_09540,6,0,0,,,triagem/nome-caixa-conversao 1.0.0,31,ok
178691,per178691_1910_09540,7,0,0,,,triagem/nome-caixa-conversao 1.0.0,31,ok
178691,per178691_1910_09540,8,0,0,,,triagem/nome-caixa-conversao 1.0.0,31,ok
178691,per178691_1910_09540,9,0,0,,,triagem/nome-caixa-conversao 1.0.0,31,ok
178691,per178691_1910_09540,10,1,1,caixade conver,40859,triagem/nome-caixa-conversao 1.0.0,31,ok
178691,per178691_1910_09540,11,0,0,,,triagem/nome-caixa-conversao 1.0.0,31,ok
178691,per178691_1910_09540,12,0,0,,,triagem/nome-caixa-conversao 1.0.0,31,ok
178691,per178691_1910_09540,13,0,0,,,triagem/nome-caixa-conversao 1.0.0,31,ok
178691,per178691_1910_09540,14,0,0,,,triagem/nome-caixa-conversao 1.0.0,31,ok
178691,per178691_1910_09540,15,0,0,,,triagem/nome-caixa-conversao 1.0.0,31,ok
178691,per178691_1910_09540,16,0,0,,,triagem/nome-caixa-conversao 1.0.0,31,ok
178691,per178691_1910_09541,1,1,1,caixa de conver,33476,triagem/nome-caixa-conversao 1.0.0,31,ok
178691,per178691_1910_09541,2,1,4,caixa de conver,1971,triagem/nome-caixa-conversao 1.0.0,31,ok
178691,per178691_1910_09541,3,1,1,caixa de conver,33291,triagem/nome-caixa-conversao 1.0.0,31,ok
178691,per178691_1910_09541,4,0,0,,,triagem/nome-caixa-conversao 1.0.0,31,ok
178691,per178691_1910_09541,5,0,0,,,triagem/nome-caixa-conversao 1.0.0,31,ok
178691,per178691_1910_09541,6,0,0,,,triagem/nome-caixa-conversao 1.0.0,31,ok
178691,per178691_1910_09541,7,0,0,,,triagem/nome-caixa-conversao 1.0.0,31,ok
178691,per178691_1910_09541,8,0,0,,,triagem/nome-caixa-conversao 1.0.0,31,ok
178691,per178691_1910_09541,9,0,0,,,triagem/nome-caixa-conversao 1.0.0,31,ok
178691,per178691_1910_09541,10,0,0,,,triagem/nome-caixa-conversao 1.0.0,31,ok
178691,per178691_1910_09541,11,0,0,,,triagem/nome-caixa-conversao 1.0.0,31,ok
178691,per178691_1910_09541,12,0,0,,,triagem/nome-caixa-conversao 1.0.0,31,ok
178691,per178691_1910_09541,13,0,0,,,triagem/nome-caixa-conversao 1.0.0,31,ok
178691,per178691_1910_09541,14,0,0,,,triagem/nome-caixa-conversao 1.0.0,31,ok
178691,per178691_1910_09541,15,0,0,,,triagem/nome-caixa-conversao 1.0.0,31,ok
178691,per178691_1910_09541,16,0,0,,,triagem/nome-caixa-conversao 1.0.0,31,ok
178691,per178691_1910_09542,1,1,1,caixa de conver,18584,triagem/nome-caixa-conversao 1.0.0,31,ok
178691,per178691_1910_09542,2,1,2,caixa do conver,11436,triagem/nome-caixa-conversao 1.0.0,31,ok
178691,per178691_1910_09542,3,0,0,,,triagem/nome-caixa-conversao 1.0.0,31,ok
178691,per178691_1910_09542,4,0,0,,,triagem/nome-caixa-conversao 1.0.0,31,ok
178691,per178691_1910_09542,5,0,0,,,triagem/nome-caixa-conversao 1.0.0,31,ok
178691,per178691_1910_09542,6,0,0,,,triagem/nome-caixa-conversao 1.0.0,31,ok
178691,per178691_1910_09542,7,0,0,,,triagem/nome-caixa-conversao 1.0.0,31,ok
178691,per178691_1910_09542,8,1,1,caixa da conver,15275,triagem/nome-caixa-conversao 1.0.0,31,ok
178691,per178691_1910_09542,9,0,0,,,triagem/nome-caixa-conversao 1.0.0,31,ok
178691,per178691_1910_09542,10,0,0,,,triagem/nome-caixa-conversao 1.0.0,31,ok
178691,per178691_1910_09542,11,0,0,,,triagem/nome-caixa-conversao 1.0.0,31,ok
178691,per178691_1910_09542,12,0,0,,,triagem/nome-caixa-conversao 1.0.0,31,ok
178691,per178691_1910_09542,13,0,0,,,triagem/nome-caixa-conversao 1.0.0,31,ok
178691,per178691_1910_09542,14,0,0,,,triagem/nome-caixa-conversao 1.0.0,31,ok
178691,per178691_1910_09542,15,0,0,,,triagem/nome-caixa-conversao 1.0.0,31,ok
178691,per178691_1910_09542,16,0,0,,,triagem/nome-caixa-conversao 1.0.0,31,ok
178691,per178691_1910_09543,1,0,0,,,triagem/nome-caixa-conversao 1.0.0,31,ok
178691,per178691_1910_09543,2,0,0,,,triagem/nome-caixa-conversao 1.0.0,31,ok
178691,per178691_1910_09543,3,0,0,,,triagem/nome-caixa-conversao 1.0.0,31,ok
178691,per178691_1910_09543,4,0,0,,,triagem/nome-caixa-conversao 1.0.0,31,ok
178691,per178691_1910_09543,5,0,0,,,triagem/nome-caixa-conversao 1.0.0,31,ok
178691,per178691_1910_09543,6,1,1,caixa de conver,12960,triagem/nome-caixa-conversao 1.0.0,31,ok
178691,per178691_1910_09543,7,0,0,,,triagem/nome-caixa-conversao 1.0.0,31,ok
178691,per178691_1910_09543,8,0,0,,,triagem/nome-caixa-conversao 1.0.0,31,ok
178691,per178691_1910_09543,9,0,0,,,triagem/nome-caixa-conversao 1.0.0,31,ok
178691,per178691_1910_09543,10,0,0,,,triagem/nome-caixa-conversao 1.0.0,31,ok
178691,per178691_1910_09544,1,1,1,caixa dc conver,25768,triagem/nome-caixa-conversao 1.0.0,31,ok
178691,per178691_1910_09544,2,1,2,caixa de conver,31172,triagem/nome-caixa-conversao 1.0.0,31,ok
178691,per178691_1910_09544,3,1,2,caixa dc conver,398,triagem/nome-caixa-conversao 1.0.0,31,ok
178691,per178691_1910_09544,4,0,0,,,triagem/nome-caixa-conversao 1.0.0,31,ok
178691,per178691_1910_09544,5,0,0,,,triagem/nome-caixa-conversao 1.0.0,31,ok
178691,per178691_1910_09544,6,0,0,,,triagem/nome-caixa-conversao 1.0.0,31,ok
178691,per178691_1910_09544,7,0,0,,,triagem/nome-caixa-conversao 1.0.0,31,ok
178691,per178691_1910_09544,8,0,0,,,triagem/nome-caixa-conversao 1.0.0,31,ok
178691,per178691_1910_09544,9,0,0,,,triagem/nome-caixa-conversao 1.0.0,31,ok
178691,per178691_1910_09544,10,0,0,,,triagem/nome-caixa-conversao 1.0.0,31,ok
178691,per178691_1910_09544,11,0,0,,,triagem/nome-caixa-conversao 1.0.0,31,ok
178691,per178691_1910_09544,12,1,1,caixade conver,18804,triagem/nome-caixa-conversao 1.0.0,31,ok
178691,per178691_1910_09544,13,0,0,,,triagem/nome-caixa-conversao 1.0.0,31,ok
178691,per178691_1910_09544,14,0,0,,,triagem/nome-caixa-conversao 1.0.0,31,ok
178691,per178691_1910_09544,15,0,0,,,triagem/nome-caixa-conversao 1.0.0,31,ok
178691,per178691_1910_09544,16,0,0,,,triagem/nome-caixa-conversao 1.0.0,31,ok
178691,per178691_1910_09545,1,0,0,,,triagem/nome-caixa-conversao 1.0.0,31,ok
178691,per178691_1910_09545,2,1,3,caixa deconver,19336,triagem/nome-caixa-conversao 1.0.0,31,ok
178691,per178691_1910_09545,3,0,0,,,triagem/nome-caixa-conversao 1.0.0,31,ok
178691,per178691_1910_09545,4,0,0,,,triagem/nome-caixa-conversao 1.0.0,31,ok
178691,per178691_1910_09545,5,0,0,,,triagem/nome-caixa-conversao 1.0.0,31,ok
178691,per178691_1910_09545,6,0,0,,,triagem/nome-caixa-conversao 1.0.0,31,ok
178691,per178691_1910_09545,7,0,0,,,triagem/nome-caixa-conversao 1.0.0,31,ok
178691,per178691_1910_09545,8,0,0,,,triagem/nome-caixa-conversao 1.0.0,31,ok
178691,per178691_1910_09545,9,0,0,,,triagem/nome-caixa-conversao 1.0.0,31,ok
178691,per178691_1910_09545,10,0,0,,,triagem/nome-caixa-conversao 1.0.0,31,ok
178691,per178691_1910_09545,11,0,0,,,triagem/nome-caixa-conversao 1.0.0,31,ok
178691,per178691_1910_09545,12,0,0,,,triagem/nome-caixa-conversao 1.0.0,31,ok
178691,per178691_1910_09545,13,0,0,,,triagem/nome-caixa-conversao 1.0.0,31,ok
178691,per178691_1910_09545,14,0,0,,,triagem/nome-caixa-conversao 1.0.0,31,ok
178691,per178691_1910_09545,15,0,0,,,triagem/nome-caixa-conversao 1.0.0,31,ok
178691,per178691_1910_09545,16,0,0,,,triagem/nome-caixa-conversao 1.0.0,31,ok
178691,per178691_1910_09546,1,0,0,,,triagem/nome-caixa-conversao 1.0.0,31,ok
178691,per178691_1910_09546,2,0,0,,,triagem/nome-caixa-conversao 1.0.0,31,ok
178691,per178691_1910_09546,3,0,0,,,triagem/nome-caixa-conversao 1.0.0,31,ok
178691,per178691_1910_09546,4,1,1,caixa dcconver,18675,triagem/nome-caixa-conversao 1.0.0,31,ok
178691,per178691_1910_09546,5,0,0,,,triagem/nome-caixa-conversao 1.0.0,31,ok
178691,per178691_1910_09546,6,0,0,,,triagem/nome-caixa-conversao 1.0.0,31,ok
178691,per178691_1910_09546,7,0,0,,,triagem/nome-caixa-conversao 1.0.0,31,ok
178691,per178691_1910_09546,8,0,0,,,triagem/nome-caixa-conversao 1.0.0,31,ok
178691,per178691_1910_09546,9,0,0,,,triagem/nome-caixa-conversao 1.0.0,31,ok
178691,per178691_1910_09546,10,0,0,,,triagem/nome-caixa-conversao 1.0.0,31,ok
178691,per178691_1910_09546,11,0,0,,,triagem/nome-caixa-conversao 1.0.0,31,ok
178691,per178691_1910_09546,12,0,0,,,triagem/nome-caixa-conversao 1.0.0,31,ok
178691,per178691_1910_09547,1,0,0,,,triagem/nome-caixa-conversao 1.0.0,31,ok
178691,per178691_1910_09547,2,0,0,,,triagem/nome-caixa-conversao 1.0.0,31,ok
178691,per178691_1910_09547,3,0,0,,,triagem/nome-caixa-conversao 1.0.0,31,ok
178691,per178691_1910_09547,4,0,0,,,triagem/nome-caixa-conversao 1.0.0,31,ok
178691,per178691_1910_09547,5,0,0,,,triagem/nome-caixa-conversao 1.0.0,31,ok
178691,per178691_1910_09547,6,0,0,,,triagem/nome-caixa-conversao 1.0.0,31,ok
178691,per178691_1910_09547,7,0,0,,,triagem/nome-caixa-conversao 1.0.0,31,ok
178691,per178691_1910_09547,8,0,0,,,triagem/nome-caixa-conversao 1.0.0,31,ok
178691,per178691_1910_09547,9,0,0,,,triagem/nome-caixa-conversao 1.0.0,31,ok
178691,per178691_1910_09547,10,0,0,,,triagem/nome-caixa-conversao 1.0.0,31,ok
178691,per178691_1910_09547,11,0,0,,,triagem/nome-caixa-conversao 1.0.0,31,ok
178691,per178691_1910_09547,12,0,0,,,triagem/nome-caixa-conversao 1.0.0,31,ok
178691,per178691_1910_09548,1,0,0,,,triagem/nome-caixa-conversao 1.0.0,31,ok
178691,per178691_1910_09548,2,0,0,,,triagem/nome-caixa-conversao 1.0.0,31,ok
178691,per178691_1910_09548,3,0,0,,,triagem/nome-caixa-conversao 1.0.0,31,ok
178691,per178691_1910_09548,4,0,0,,,triagem/nome-caixa-conversao 1.0.0,31,ok
178691,per178691_1910_09548,5,0,0,,,triagem/nome-caixa-conversao 1.0.0,31,ok
178691,per178691_1910_09548,6,0,0,,,triagem/nome-caixa-conversao 1.0.0,31,ok
178691,per178691_1910_09548,7,0,0,,,triagem/nome-caixa-conversao 1.0.0,31,ok
178691,per178691_1910_09548,8,0,0,,,triagem/nome-caixa-conversao 1.0.0,31,ok
178691,per178691_1910_09548,9,0,0,,,triagem/nome-caixa-conversao 1.0.0,31,ok
178691,per178691_1910_09548,10,0,0,,,triagem/nome-caixa-conversao 1.0.0,31,ok
178691,per178691_1910_09549,1,0,0,,,triagem/nome-caixa-conversao 1.0.0,31,ok
178691,per178691_1910_09549,2,0,0,,,triagem/nome-caixa-conversao 1.0.0,31,ok
178691,per178691_1910_09549,3,0,0,,,triagem/nome-caixa-conversao 1.0.0,31,ok
178691,per178691_1910_09549,4,0,0,,,triagem/nome-caixa-conversao 1.0.0,31,ok
178691,per178691_1910_09549,5,1,1,caixa de conver,17187,triagem/nome-caixa-conversao 1.0.0,31,ok
178691,per178691_1910_09549,6,0,0,,,triagem/nome-caixa-conversao 1.0.0,31,ok
178691,per178691_1910_09549,7,0,0,,,triagem/nome-caixa-conversao 1.0.0,31,ok
178691,per178691_1910_09549,8,0,0,,,triagem/nome-caixa-conversao 1.0.0,31,ok
178691,per178691_1910_09549,9,0,0,,,triagem/nome-caixa-conversao 1.0.0,31,ok
178691,per178691_1910_09549,10,0,0,,,triagem/nome-caixa-conversao 1.0.0,31,ok
178691,per178691_1910_09549,11,0,0,,,triagem/nome-caixa-conversao 1.0.0,31,ok
178691,per178691_1910_09549,12,0,0,,,triagem/nome-caixa-conversao 1.0.0,31,ok
178691,per178691_1910_09549,13,0,0,,,triagem/nome-caixa-conversao 1.0.0,31,ok
178691,per178691_1910_09549,14,0,0,,,triagem/nome-caixa-conversao 1.0.0,31,ok
178691,per178691_1910_09549,15,0,0,,,triagem/nome-caixa-conversao 1.0.0,31,ok
178691,per178691_1910_09549,16,0,0,,,triagem/nome-caixa-conversao 1.0.0,31,ok
178691,per178691_1910_09550,1,0,0,,,triagem/nome-caixa-conversao 1.0.0,31,ok
178691,per178691_1910_09550,2,0,0,,,triagem/nome-caixa-conversao 1.0.0,31,ok
178691,per178691_1910_09550,3,0,0,,,triagem/nome-caixa-conversao 1.0.0,31,ok
178691,per178691_1910_09550,4,0,0,,,triagem/nome-caixa-conversao 1.0.0,31,ok
178691,per178691_1910_09550,5,0,0,,,triagem/nome-caixa-conversao 1.0.0,31,ok
178691,per178691_1910_09550,6,0,0,,,triagem/nome-caixa-conversao 1.0.0,31,ok
178691,per178691_1910_09550,7,0,0,,,triagem/nome-caixa-conversao 1.0.0,31,ok
178691,per178691_1910_09550,8,0,0,,,triagem/nome-caixa-conversao 1.0.0,31,ok
178691,per178691_1910_09550,9,0,0,,,triagem/nome-caixa-conversao 1.0.0,31,ok
178691,per178691_1910_09550,10,0,0,,,triagem/nome-caixa-conversao 1.0.0,31,ok
178691,per178691_1910_09551,1,0,0,,,triagem/nome-caixa-conversao 1.0.0,31,ok
178691,per178691_1910_09551,2,1,1,caixa deconver,13343,triagem/nome-caixa-conversao 1.0.0,31,ok
178691,per178691_1910_09551,3,0,0,,,triagem/nome-caixa-conversao 1.0.0,31,ok
178691,per178691_1910_09551,4,0,0,,,triagem/nome-caixa-conversao 1.0.0,31,ok
178691,per178691_1910_09551,5,0,0,,,triagem/nome-caixa-conversao 1.0.0,31,ok
178691,per178691_1910_09551,6,0,0,,,triagem/nome-caixa-conversao 1.0.0,31,ok
178691,per178691_1910_09551,7,1,1,caixa de conver,35373,triagem/nome-caixa-conversao 1.0.0,31,ok
178691,per178691_1910_09551,8,0,0,,,triagem/nome-caixa-conversao 1.0.0,31,ok
178691,per178691_1910_09551,9,0,0,,,triagem/nome-caixa-conversao 1.0.0,31,ok
178691,per178691_1910_09551,10,0,0,,,triagem/nome-caixa-conversao 1.0.0,31,ok
178691,per178691_1910_09551,11,0,0,,,triagem/nome-caixa-conversao 1.0.0,31,ok
178691,per178691_1910_09551,12,0,0,,,triagem/nome-caixa-conversao 1.0.0,31,ok
178691,per178691_1910_09552,1,1,2,caixa de conver,21519,triagem/nome-caixa-conversao 1.0.0,31,ok
178691,per178691_1910_09552,2,1,2,caixa de conver,42574,triagem/nome-caixa-conversao 1.0.0,31,ok
178691,per178691_1910_09552,3,0,0,,,triagem/nome-caixa-conversao 1.0.0,31,ok
178691,per178691_1910_09552,4,0,0,,,triagem/nome-caixa-conversao 1.0.0,31,ok
178691,per178691_1910_09552,5,0,0,,,triagem/nome-caixa-conversao 1.0.0,31,ok
178691,per178691_1910_09552,6,0,0,,,triagem/nome-caixa-conversao 1.0.0,31,ok
178691,per178691_1910_09552,7,0,0,,,triagem/nome-caixa-conversao 1.0.0,31,ok
178691,per178691_1910_09552,8,0,0,,,triagem/nome-caixa-conversao 1.0.0,31,ok
178691,per178691_1910_09552,9,0,0,,,triagem/nome-caixa-conversao 1.0.0,31,ok
178691,per178691_1910_09552,10,0,0,,,triagem/nome-caixa-conversao 1.0.0,31,ok
178691,per178691_1910_09552,11,0,0,,,triagem/nome-caixa-conversao 1.0.0,31,ok
178691,per178691_1910_09552,12,0,0,,,triagem/nome-caixa-conversao 1.0.0,31,ok
178691,per178691_1910_09552,13,0,0,,,triagem/nome-caixa-conversao 1.0.0,31,ok
178691,per178691_1910_09552,14,0,0,,,triagem/nome-caixa-conversao 1.0.0,31,ok
178691,per178691_1910_09552,15,0,0,,,triagem/nome-caixa-conversao 1.0.0,31,ok
178691,per178691_1910_09552,16,0,0,,,triagem/nome-caixa-conversao 1.0.0,31,ok
178691,per178691_1910_09553,1,1,1,caixa deconver,18659,triagem/nome-caixa-conversao 1.0.0,31,ok
178691,per178691_1910_09553,2,1,2,caixa dc conver,8386,triagem/nome-caixa-conversao 1.0.0,31,ok
178691,per178691_1910_09553,3,0,0,,,triagem/nome-caixa-conversao 1.0.0,31,ok
178691,per178691_1910_09553,4,0,0,,,triagem/nome-caixa-conversao 1.0.0,31,ok
178691,per178691_1910_09553,5,0,0,,,triagem/nome-caixa-conversao 1.0.0,31,ok
178691,per178691_1910_09553,6,0,0,,,triagem/nome-caixa-conversao 1.0.0,31,ok
178691,per178691_1910_09553,7,1,1,caixa deconver,10044,triagem/nome-caixa-conversao 1.0.0,31,ok
178691,per178691_1910_09553,8,0,0,,,triagem/nome-caixa-conversao 1.0.0,31,ok
178691,per178691_1910_09553,9,1,1,caixa de conver,13633,triagem/nome-caixa-conversao 1.0.0,31,ok
178691,per178691_1910_09553,10,0,0,,,triagem/nome-caixa-conversao 1.0.0,31,ok
178691,per178691_1910_09553,11,0,0,,,triagem/nome-caixa-conversao 1.0.0,31,ok
178691,per178691_1910_09553,12,0,0,,,triagem/nome-caixa-conversao 1.0.0,31,ok
178691,per178691_1910_09553,13,0,0,,,triagem/nome-caixa-conversao 1.0.0,31,ok
178691,per178691_1910_09553,14,0,0,,,triagem/nome-caixa-conversao 1.0.0,31,ok
178691,per178691_1910_09553,15,0,0,,,triagem/nome-caixa-conversao 1.0.0,31,ok
178691,per178691_1910_09553,16,0,0,,,triagem/nome-caixa-conversao 1.0.0,31,ok
178691,per178691_1910_09554,1,1,2,caixa de conver,471,triagem/nome-caixa-conversao 1.0.0,31,ok
178691,per178691_1910_09554,2,0,0,,,triagem/nome-caixa-conversao 1.0.0,31,ok
178691,per178691_1910_09554,3,0,0,,,triagem/nome-caixa-conversao 1.0.0,31,ok
178691,per178691_1910_09554,4,0,0,,,triagem/nome-caixa-conversao 1.0.0,31,ok
178691,per178691_1910_09554,5,0,0,,,triagem/nome-caixa-conversao 1.0.0,31,ok
178691,per178691_1910_09554,6,0,0,,,triagem/nome-caixa-conversao 1.0.0,31,ok
178691,per178691_1910_09554,7,0,0,,,triagem/nome-caixa-conversao 1.0.0,31,ok
178691,per178691_1910_09554,8,0,0,,,triagem/nome-caixa-conversao 1.0.0,31,ok
178691,per178691_1910_09554,9,0,0,,,triagem/nome-caixa-conversao 1.0.0,31,ok
178691,per178691_1910_09554,10,0,0,,,triagem/nome-caixa-conversao 1.0.0,31,ok
178691,per178691_1910_09554,11,0,0,,,triagem/nome-caixa-conversao 1.0.0,31,ok
178691,per178691_1910_09554,12,0,0,,,triagem/nome-caixa-conversao 1.0.0,31,ok
178691,per178691_1910_09555,1,1,6,caixa dcconver,6344,triagem/nome-caixa-conversao 1.0.0,31,ok
178691,per178691_1910_09555,2,1,7,caixa de conver,5357,triagem/nome-caixa-conversao 1.0.0,31,ok
178691,per178691_1910_09555,3,1,3,caixa de conver,17068,triagem/nome-caixa-conversao 1.0.0,31,ok
178691,per178691_1910_09555,4,0,0,,,triagem/nome-caixa-conversao 1.0.0,31,ok
178691,per178691_1910_09555,5,1,1,caixa de conver,13371,triagem/nome-caixa-conversao 1.0.0,31,ok
178691,per178691_1910_09555,6,0,0,,,triagem/nome-caixa-conversao 1.0.0,31,ok
178691,per178691_1910_09555,7,0,0,,,triagem/nome-caixa-conversao 1.0.0,31,ok
178691,per178691_1910_09555,8,0,0,,,triagem/nome-caixa-conversao 1.0.0,31,ok
178691,per178691_1910_09555,9,1,1,caixa de conver,5950,triagem/nome-caixa-conversao 1.0.0,31,ok
178691,per178691_1910_09555,10,0,0,,,triagem/nome-caixa-conversao 1.0.0,31,ok
178691,per178691_1910_09555,11,0,0,,,triagem/nome-caixa-conversao 1.0.0,31,ok
178691,per178691_1910_09555,12,0,0,,,triagem/nome-caixa-conversao 1.0.0,31,ok
178691,per178691_1910_09555,13,0,0,,,triagem/nome-caixa-conversao 1.0.0,31,ok
178691,per178691_1910_09555,14,0,0,,,triagem/nome-caixa-conversao 1.0.0,31,ok
178691,per178691_1910_09555,15,0,0,,,triagem/nome-caixa-conversao 1.0.0,31,ok
178691,per178691_1910_09555,16,0,0,,,triagem/nome-caixa-conversao 1.0.0,31,ok
178691,per178691_1910_09556,1,0,0,,,triagem/nome-caixa-conversao 1.0.0,31,ok
178691,per178691_1910_09556,2,0,0,,,triagem/nome-caixa-conversao 1.0.0,31,ok
178691,per178691_1910_09556,3,0,0,,,triagem/nome-caixa-conversao 1.0.0,31,ok
178691,per178691_1910_09556,4,0,0,,,triagem/nome-caixa-conversao 1.0.0,31,ok
178691,per178691_1910_09556,5,0,0,,,triagem/nome-caixa-conversao 1.0.0,31,ok
178691,per178691_1910_09556,6,0,0,,,triagem/nome-caixa-conversao 1.0.0,31,ok
178691,per178691_1910_09556,7,1,1,caixa de conver,32442,triagem/nome-caixa-conversao 1.0.0,31,ok
178691,per178691_1910_09556,8,0,0,,,triagem/nome-caixa-conversao 1.0.0,31,ok
178691,per178691_1910_09556,9,0,0,,,triagem/nome-caixa-conversao 1.0.0,31,ok
178691,per178691_1910_09556,10,0,0,,,triagem/nome-caixa-conversao 1.0.0,31,ok
178691,per178691_1910_09556,11,0,0,,,triagem/nome-caixa-conversao 1.0.0,31,ok
178691,per178691_1910_09556,12,0,0,,,triagem/nome-caixa-conversao 1.0.0,31,ok
178691,per178691_1910_09556,13,0,0,,,triagem/nome-caixa-conversao 1.0.0,31,ok
178691,per178691_1910_09556,14,0,0,,,triagem/nome-caixa-conversao 1.0.0,31,ok
178691,per178691_1910_09556,15,0,0,,,triagem/nome-caixa-conversao 1.0.0,31,ok
178691,per178691_1910_09556,16,0,0,,,triagem/nome-caixa-conversao 1.0.0,31,ok
178691,per178691_1910_09557,1,1,1,caixa de conver,12386,triagem/nome-caixa-conversao 1.0.0,31,ok
178691,per178691_1910_09557,2,0,0,,,triagem/nome-caixa-conversao 1.0.0,31,ok
178691,per178691_1910_09557,3,0,0,,,triagem/nome-caixa-conversao 1.0.0,31,ok
178691,per178691_1910_09557,4,0,0,,,triagem/nome-caixa-conversao 1.0.0,31,ok
178691,per178691_1910_09557,5,0,0,,,triagem/nome-caixa-conversao 1.0.0,31,ok
178691,per178691_1910_09557,6,0,0,,,triagem/nome-caixa-conversao 1.0.0,31,ok
178691,per178691_1910_09557,7,0,0,,,triagem/nome-caixa-conversao 1.0.0,31,ok
178691,per178691_1910_09557,8,0,0,,,triagem/nome-caixa-conversao 1.0.0,31,ok
178691,per178691_1910_09558,1,1,3,caixa de conver,28031,triagem/nome-caixa-conversao 1.0.0,31,ok
178691,per178691_1910_09558,2,0,0,,,triagem/nome-caixa-conversao 1.0.0,31,ok
178691,per178691_1910_09558,3,0,0,,,triagem/nome-caixa-conversao 1.0.0,31,ok
178691,per178691_1910_09558,4,0,0,,,triagem/nome-caixa-conversao 1.0.0,31,ok
178691,per178691_1910_09558,5,0,0,,,triagem/nome-caixa-conversao 1.0.0,31,ok
178691,per178691_1910_09558,6,0,0,,,triagem/nome-caixa-conversao 1.0.0,31,ok
178691,per178691_1910_09558,7,0,0,,,triagem/nome-caixa-conversao 1.0.0,31,ok
178691,per178691_1910_09558,8,0,0,,,triagem/nome-caixa-conversao 1.0.0,31,ok
178691,per178691_1910_09558,9,0,0,,,triagem/nome-caixa-conversao 1.0.0,31,ok
178691,per178691_1910_09558,10,0,0,,,triagem/nome-caixa-conversao 1.0.0,31,ok
178691,per178691_1910_09558,11,0,0,,,triagem/nome-caixa-conversao 1.0.0,31,ok
178691,per178691_1910_09558,12,0,0,,,triagem/nome-caixa-conversao 1.0.0,31,ok
178691,per178691_1910_09559,1,0,0,,,triagem/nome-caixa-conversao 1.0.0,31,ok
178691,per178691_1910_09559,2,1,1,caixa de conver,7404,triagem/nome-caixa-conversao 1.0.0,31,ok
178691,per178691_1910_09559,3,0,0,,,triagem/nome-caixa-conversao 1.0.0,31,ok
178691,per178691_1910_09559,4,0,0,,,triagem/nome-caixa-conversao 1.0.0,31,ok
178691,per178691_1910_09559,5,0,0,,,triagem/nome-caixa-conversao 1.0.0,31,ok
178691,per178691_1910_09559,6,0,0,,,triagem/nome-caixa-conversao 1.0.0,31,ok
178691,per178691_1910_09559,7,0,0,,,triagem/nome-caixa-conversao 1.0.0,31,ok
178691,per178691_1910_09559,8,0,0,,,triagem/nome-caixa-conversao 1.0.0,31,ok
178691,per178691_1910_09559,9,0,0,,,triagem/nome-caixa-conversao 1.0.0,31,ok
178691,per178691_1910_09559,10,0,0,,,triagem/nome-caixa-conversao 1.0.0,31,ok
178691,per178691_1910_09559,11,0,0,,,triagem/nome-caixa-conversao 1.0.0,31,ok
178691,per178691_1910_09559,12,0,0,,,triagem/nome-caixa-conversao 1.0.0,31,ok
178691,per178691_1910_09560,1,0,0,,,triagem/nome-caixa-conversao 1.0.0,31,ok
178691,per178691_1910_09560,2,1,2,caixa de conver,12756,triagem/nome-caixa-conversao 1.0.0,31,ok
178691,per178691_1910_09560,3,0,0,,,triagem/nome-caixa-conversao 1.0.0,31,ok
178691,per178691_1910_09560,4,0,0,,,triagem/nome-caixa-conversao 1.0.0,31,ok
178691,per178691_1910_09560,5,0,0,,,triagem/nome-caixa-conversao 1.0.0,31,ok
178691,per178691_1910_09560,6,0,0,,,triagem/nome-caixa-conversao 1.0.0,31,ok
178691,per178691_1910_09560,7,0,0,,,triagem/nome-caixa-conversao 1.0.0,31,ok
178691,per178691_1910_09560,8,0,0,,,triagem/nome-caixa-conversao 1.0.0,31,ok
178691,per178691_1910_09560,9,0,0,,,triagem/nome-caixa-conversao 1.0.0,31,ok
178691,per178691_1910_09560,10,0,0,,,triagem/nome-caixa-conversao 1.0.0,31,ok
178691,per178691_1910_09560,11,0,0,,,triagem/nome-caixa-conversao 1.0.0,31,ok
178691,per178691_1910_09560,12,0,0,,,triagem/nome-caixa-conversao 1.0.0,31,ok
178691,per178691_1910_09561,1,0,0,,,triagem/nome-caixa-conversao 1.0.0,31,ok
178691,per178691_1910_09561,2,0,0,,,triagem/nome-caixa-conversao 1.0.0,31,ok
178691,per178691_1910_09561,3,0,0,,,triagem/nome-caixa-conversao 1.0.0,31,ok
178691,per178691_1910_09561,4,1,1,caixa de conver,12266,triagem/nome-caixa-conversao 1.0.0,31,ok
178691,per178691_1910_09561,5,0,0,,,triagem/nome-caixa-conversao 1.0.0,31,ok
178691,per178691_1910_09561,6,0,0,,,triagem/nome-caixa-conversao 1.0.0,31,ok
178691,per178691_1910_09561,7,0,0,,,triagem/nome-caixa-conversao 1.0.0,31,ok
178691,per178691_1910_09561,8,0,0,,,triagem/nome-caixa-conversao 1.0.0,31,ok
178691,per178691_1910_09561,9,0,0,,,triagem/nome-caixa-conversao 1.0.0,31,ok
178691,per178691_1910_09561,10,0,0,,,triagem/nome-caixa-conversao 1.0.0,31,ok
178691,per178691_1910_09561,11,0,0,,,triagem/nome-caixa-conversao 1.0.0,31,ok
178691,per178691_1910_09561,12,0,0,,,triagem/nome-caixa-conversao 1.0.0,31,ok
178691,per178691_1910_09562,1,1,2,caixa de conver,18645,triagem/nome-caixa-conversao 1.0.0,31,ok
178691,per178691_1910_09562,2,0,0,,,triagem/nome-caixa-conversao 1.0.0,31,ok
178691,per178691_1910_09562,3,0,0,,,triagem/nome-caixa-conversao 1.0.0,31,ok
178691,per178691_1910_09562,4,0,0,,,triagem/nome-caixa-conversao 1.0.0,31,ok
178691,per178691_1910_09562,5,0,0,,,triagem/nome-caixa-conversao 1.0.0,31,ok
178691,per178691_1910_09562,6,0,0,,,triagem/nome-caixa-conversao 1.0.0,31,ok
178691,per178691_1910_09562,7,0,0,,,triagem/nome-caixa-conversao 1.0.0,31,ok
178691,per178691_1910_09562,8,0,0,,,triagem/nome-caixa-conversao 1.0.0,31,ok
178691,per178691_1910_09562,9,0,0,,,triagem/nome-caixa-conversao 1.0.0,31,ok
178691,per178691_1910_09562,10,0,0,,,triagem/nome-caixa-conversao 1.0.0,31,ok
178691,per178691_1910_09562,11,0,0,,,triagem/nome-caixa-conversao 1.0.0,31,ok
178691,per178691_1910_09562,12,0,0,,,triagem/nome-caixa-conversao 1.0.0,31,ok
178691,per178691_1910_09563,1,0,0,,,triagem/nome-caixa-conversao 1.0.0,31,ok
178691,per178691_1910_09563,2,0,0,,,triagem/nome-caixa-conversao 1.0.0,31,ok
178691,per178691_1910_09563,3,0,0,,,triagem/nome-caixa-conversao 1.0.0,31,ok
178691,per178691_1910_09563,4,0,0,,,triagem/nome-caixa-conversao 1.0.0,31,ok
178691,per178691_1910_09563,5,0,0,,,triagem/nome-caixa-conversao 1.0.0,31,ok
178691,per178691_1910_09563,6,0,0,,,triagem/nome-caixa-conversao 1.0.0,31,ok
178691,per178691_1910_09563,7,0,0,,,triagem/nome-caixa-conversao 1.0.0,31,ok
178691,per178691_1910_09563,8,0,0,,,triagem/nome-caixa-conversao 1.0.0,31,ok
178691,per178691_1910_09563,9,0,0,,,triagem/nome-caixa-conversao 1.0.0,31,ok
178691,per178691_1910_09563,10,0,0,,,triagem/nome-caixa-conversao 1.0.0,31,ok
178691,per178691_1910_09563,11,0,0,,,triagem/nome-caixa-conversao 1.0.0,31,ok
178691,per178691_1910_09563,12,0,0,,,triagem/nome-caixa-conversao 1.0.0,31,ok
178691,per178691_1910_09563,13,0,0,,,triagem/nome-caixa-conversao 1.0.0,31,ok
178691,per178691_1910_09563,14,0,0,,,triagem/nome-caixa-conversao 1.0.0,31,ok
178691,per178691_1910_09563,15,0,0,,,triagem/nome-caixa-conversao 1.0.0,31,ok
178691,per178691_1910_09563,16,0,0,,,triagem/nome-caixa-conversao 1.0.0,31,ok
178691,per178691_1910_09564,1,0,0,,,triagem/nome-caixa-conversao 1.0.0,31,ok
178691,per178691_1910_09564,2,0,0,,,triagem/nome-caixa-conversao 1.0.0,31,ok
178691,per178691_1910_09564,3,1,2,caixa dc conver,10639,triagem/nome-caixa-conversao 1.0.0,31,ok
178691,per178691_1910_09564,4,0,0,,,triagem/nome-caixa-conversao 1.0.0,31,ok
178691,per178691_1910_09564,5,0,0,,,triagem/nome-caixa-conversao 1.0.0,31,ok
178691,per178691_1910_09564,6,0,0,,,triagem/nome-caixa-conversao 1.0.0,31,ok
178691,per178691_1910_09564,7,0,0,,,triagem/nome-caixa-conversao 1.0.0,31,ok
178691,per178691_1910_09564,8,0,0,,,triagem/nome-caixa-conversao 1.0.0,31,ok
178691,per178691_1910_09564,9,0,0,,,triagem/nome-caixa-conversao 1.0.0,31,ok
178691,per178691_1910_09564,10,0,0,,,triagem/nome-caixa-conversao 1.0.0,31,ok
178691,per178691_1910_09565,1,0,0,,,triagem/nome-caixa-conversao 1.0.0,31,ok
178691,per178691_1910_09565,2,0,0,,,triagem/nome-caixa-conversao 1.0.0,31,ok
178691,per178691_1910_09565,3,1,1,caixa de conver,10807,triagem/nome-caixa-conversao 1.0.0,31,ok
178691,per178691_1910_09565,4,0,0,,,triagem/nome-caixa-conversao 1.0.0,31,ok
178691,per178691_1910_09565,5,0,0,,,triagem/nome-caixa-conversao 1.0.0,31,ok
178691,per178691_1910_09565,6,0,0,,,triagem/nome-caixa-conversao 1.0.0,31,ok
178691,per178691_1910_09565,7,0,0,,,triagem/nome-caixa-conversao 1.0.0,31,ok
178691,per178691_1910_09565,8,0,0,,,triagem/nome-caixa-conversao 1.0.0,31,ok
178691,per178691_1910_09565,9,0,0,,,triagem/nome-caixa-conversao 1.0.0,31,ok
178691,per178691_1910_09565,10,0,0,,,triagem/nome-caixa-conversao 1.0.0,31,ok
178691,per178691_1910_09565,11,0,0,,,triagem/nome-caixa-conversao 1.0.0,31,ok
178691,per178691_1910_09565,12,0,0,,,triagem/nome-caixa-conversao 1.0.0,31,ok
178691,per178691_1910_09566,1,0,0,,,triagem/nome-caixa-conversao 1.0.0,31,ok
178691,per178691_1910_09566,2,0,0,,,triagem/nome-caixa-conversao 1.0.0,31,ok
178691,per178691_1910_09566,3,0,0,,,triagem/nome-caixa-conversao 1.0.0,31,ok
178691,per178691_1910_09566,4,0,0,,,triagem/nome-caixa-conversao 1.0.0,31,ok
178691,per178691_1910_09566,5,1,1,caixa de conver,34169,triagem/nome-caixa-conversao 1.0.0,31,ok
178691,per178691_1910_09566,6,0,0,,,triagem/nome-caixa-conversao 1.0.0,31,ok
178691,per178691_1910_09566,7,0,0,,,triagem/nome-caixa-conversao 1.0.0,31,ok
178691,per178691_1910_09566,8,0,0,,,triagem/nome-caixa-conversao 1.0.0,31,ok
178691,per178691_1910_09566,9,0,0,,,triagem/nome-caixa-conversao 1.0.0,31,ok
178691,per178691_1910_09566,10,0,0,,,triagem/nome-caixa-conversao 1.0.0,31,ok
178691,per178691_1910_09566,11,0,0,,,triagem/nome-caixa-conversao 1.0.0,31,ok
178691,per178691_1910_09566,12,0,0,,,triagem/nome-caixa-conversao 1.0.0,31,ok
178691,per178691_1910_09567,1,0,0,,,triagem/nome-caixa-conversao 1.0.0,31,ok
178691,per178691_1910_09567,2,1,1,caixa de conver,30984,triagem/nome-caixa-conversao 1.0.0,31,ok
178691,per178691_1910_09567,3,0,0,,,triagem/nome-caixa-conversao 1.0.0,31,ok
178691,per178691_1910_09567,4,0,0,,,triagem/nome-caixa-conversao 1.0.0,31,ok
178691,per178691_1910_09567,5,1,3,caixa de conver,11456,triagem/nome-caixa-conversao 1.0.0,31,ok
178691,per178691_1910_09567,6,0,0,,,triagem/nome-caixa-conversao 1.0.0,31,ok
178691,per178691_1910_09567,7,0,0,,,triagem/nome-caixa-conversao 1.0.0,31,ok
178691,per178691_1910_09567,8,0,0,,,triagem/nome-caixa-conversao 1.0.0,31,ok
178691,per178691_1910_09567,9,0,0,,,triagem/nome-caixa-conversao 1.0.0,31,ok
178691,per178691_1910_09567,10,0,0,,,triagem/nome-caixa-conversao 1.0.0,31,ok
178691,per178691_1910_09567,11,0,0,,,triagem/nome-caixa-conversao 1.0.0,31,ok
178691,per178691_1910_09567,12,0,0,,,triagem/nome-caixa-conversao 1.0.0,31,ok
178691,per178691_1910_09568,1,1,1,caixa de conver,6507,triagem/nome-caixa-conversao 1.0.0,31,ok
178691,per178691_1910_09568,2,0,0,,,triagem/nome-caixa-conversao 1.0.0,31,ok
178691,per178691_1910_09568,3,0,0,,,triagem/nome-caixa-conversao 1.0.0,31,ok
178691,per178691_1910_09568,4,0,0,,,triagem/nome-caixa-conversao 1.0.0,31,ok
178691,per178691_1910_09568,5,0,0,,,triagem/nome-caixa-conversao 1.0.0,31,ok
178691,per178691_1910_09568,6,0,0,,,triagem/nome-caixa-conversao 1.0.0,31,ok
178691,per178691_1910_09568,7,0,0,,,triagem/nome-caixa-conversao 1.0.0,31,ok
178691,per178691_1910_09568,8,0,0,,,triagem/nome-caixa-conversao 1.0.0,31,ok
178691,per178691_1910_09568,9,0,0,,,triagem/nome-caixa-conversao 1.0.0,31,ok
178691,per178691_1910_09568,10,0,0,,,triagem/nome-caixa-conversao 1.0.0,31,ok
178691,per178691_1910_09568,11,0,0,,,triagem/nome-caixa-conversao 1.0.0,31,ok
178691,per178691_1910_09568,12,0,0,,,triagem/nome-caixa-conversao 1.0.0,31,ok
178691,per178691_1910_09568,13,0,0,,,triagem/nome-caixa-conversao 1.0.0,31,ok
178691,per178691_1910_09568,14,0,0,,,triagem/nome-caixa-conversao 1.0.0,31,ok
178691,per178691_1910_09568,15,0,0,,,triagem/nome-caixa-conversao 1.0.0,31,ok
178691,per178691_1910_09568,16,0,0,,,triagem/nome-caixa-conversao 1.0.0,31,ok
178691,per178691_1910_09569,1,1,3,caixa de conver,846,triagem/nome-caixa-conversao 1.0.0,31,ok
178691,per178691_1910_09569,2,0,0,,,triagem/nome-caixa-conversao 1.0.0,31,ok
178691,per178691_1910_09569,3,0,0,,,triagem/nome-caixa-conversao 1.0.0,31,ok
178691,per178691_1910_09569,4,1,1,caixa de conver,15174,triagem/nome-caixa-conversao 1.0.0,31,ok
178691,per178691_1910_09569,5,0,0,,,triagem/nome-caixa-conversao 1.0.0,31,ok
178691,per178691_1910_09569,6,0,0,,,triagem/nome-caixa-conversao 1.0.0,31,ok
178691,per178691_1910_09569,7,0,0,,,triagem/nome-caixa-conversao 1.0.0,31,ok
178691,per178691_1910_09569,8,0,0,,,triagem/nome-caixa-conversao 1.0.0,31,ok
178691,per178691_1910_09569,9,0,0,,,triagem/nome-caixa-conversao 1.0.0,31,ok
178691,per178691_1910_09569,10,0,0,,,triagem/nome-caixa-conversao 1.0.0,31,ok
178691,per178691_1910_09569,11,0,0,,,triagem/nome-caixa-conversao 1.0.0,31,ok
178691,per178691_1910_09569,12,0,0,,,triagem/nome-caixa-conversao 1.0.0,31,ok
178691,per178691_1910_09570,1,1,1,caixade conver,19559,triagem/nome-caixa-conversao 1.0.0,31,ok
178691,per178691_1910_09570,2,1,2,caixade conver,10897,triagem/nome-caixa-conversao 1.0.0,31,ok
178691,per178691_1910_09570,3,0,0,,,triagem/nome-caixa-conversao 1.0.0,31,ok
178691,per178691_1910_09570,4,0,0,,,triagem/nome-caixa-conversao 1.0.0,31,ok
178691,per178691_1910_09570,5,0,0,,,triagem/nome-caixa-conversao 1.0.0,31,ok
178691,per178691_1910_09570,6,1,1,caixa de conver,5892,triagem/nome-caixa-conversao 1.0.0,31,ok
178691,per178691_1910_09570,7,0,0,,,triagem/nome-caixa-conversao 1.0.0,31,ok
178691,per178691_1910_09570,8,0,0,,,triagem/nome-caixa-conversao 1.0.0,31,ok
178691,per178691_1910_09570,9,0,0,,,triagem/nome-caixa-conversao 1.0.0,31,ok
178691,per178691_1910_09570,10,0,0,,,triagem/nome-caixa-conversao 1.0.0,31,ok
178691,per178691_1910_09570,11,0,0,,,triagem/nome-caixa-conversao 1.0.0,31,ok
178691,per178691_1910_09570,12,0,0,,,triagem/nome-caixa-conversao 1.0.0,31,ok
178691,per178691_1910_09570,13,0,0,,,triagem/nome-caixa-conversao 1.0.0,31,ok
178691,per178691_1910_09570,14,0,0,,,triagem/nome-caixa-conversao 1.0.0,31,ok
178691,per178691_1910_09570,15,0,0,,,triagem/nome-caixa-conversao 1.0.0,31,ok
178691,per178691_1910_09570,16,0,0,,,triagem/nome-caixa-conversao 1.0.0,31,ok
178691,per178691_1910_09571,1,0,0,,,triagem/nome-caixa-conversao 1.0.0,31,ok
178691,per178691_1910_09571,2,1,1,caixa de conver,32351,triagem/nome-caixa-conversao 1.0.0,31,ok
178691,per178691_1910_09571,3,0,0,,,triagem/nome-caixa-conversao 1.0.0,31,ok
178691,per178691_1910_09571,4,0,0,,,triagem/nome-caixa-conversao 1.0.0,31,ok
178691,per178691_1910_09571,5,0,0,,,triagem/nome-caixa-conversao 1.0.0,31,ok
178691,per178691_1910_09571,6,0,0,,,triagem/nome-caixa-conversao 1.0.0,31,ok
178691,per178691_1910_09571,7,0,0,,,triagem/nome-caixa-conversao 1.0.0,31,ok
178691,per178691_1910_09571,8,1,1,caixa de conver,23971,triagem/nome-caixa-conversao 1.0.0,31,ok
178691,per178691_1910_09571,9,0,0,,,triagem/nome-caixa-conversao 1.0.0,31,ok
178691,per178691_1910_09571,10,0,0,,,triagem/nome-caixa-conversao 1.0.0,31,ok
178691,per178691_1910_09571,11,0,0,,,triagem/nome-caixa-conversao 1.0.0,31,ok
178691,per178691_1910_09571,12,0,0,,,triagem/nome-caixa-conversao 1.0.0,31,ok
178691,per178691_1910_09572,1,0,0,,,triagem/nome-caixa-conversao 1.0.0,31,ok
178691,per178691_1910_09572,2,0,0,,,triagem/nome-caixa-conversao 1.0.0,31,ok
178691,per178691_1910_09572,3,0,0,,,triagem/nome-caixa-conversao 1.0.0,31,ok
178691,per178691_1910_09572,4,0,0,,,triagem/nome-caixa-conversao 1.0.0,31,ok
178691,per178691_1910_09572,5,0,0,,,triagem/nome-caixa-conversao 1.0.0,31,ok
178691,per178691_1910_09572,6,0,0,,,triagem/nome-caixa-conversao 1.0.0,31,ok
178691,per178691_1910_09572,7,0,0,,,triagem/nome-caixa-conversao 1.0.0,31,ok
178691,per178691_1910_09572,8,0,0,,,triagem/nome-caixa-conversao 1.0.0,31,ok
178691,per178691_1910_09572,9,0,0,,,triagem/nome-caixa-conversao 1.0.0,31,ok
178691,per178691_1910_09572,10,0,0,,,triagem/nome-caixa-conversao 1.0.0,31,ok
178691,per178691_1910_09572,11,0,0,,,triagem/nome-caixa-conversao 1.0.0,31,ok
178691,per178691_1910_09572,12,0,0,,,triagem/nome-caixa-conversao 1.0.0,31,ok
178691,per178691_1910_09572,13,0,0,,,triagem/nome-caixa-conversao 1.0.0,31,ok
178691,per178691_1910_09572,14,0,0,,,triagem/nome-caixa-conversao 1.0.0,31,ok
178691,per178691_1910_09572,15,0,0,,,triagem/nome-caixa-conversao 1.0.0,31,ok
178691,per178691_1910_09572,16,0,0,,,triagem/nome-caixa-conversao 1.0.0,31,ok
178691,per178691_1910_09573,1,0,0,,,triagem/nome-caixa-conversao 1.0.0,31,ok
178691,per178691_1910_09573,2,0,0,,,triagem/nome-caixa-conversao 1.0.0,31,ok
178691,per178691_1910_09573,3,0,0,,,triagem/nome-caixa-conversao 1.0.0,31,ok
178691,per178691_1910_09573,4,0,0,,,triagem/nome-caixa-conversao 1.0.0,31,ok
178691,per178691_1910_09573,5,1,1,caixa doconver,43807,triagem/nome-caixa-conversao 1.0.0,31,ok
178691,per178691_1910_09573,6,0,0,,,triagem/nome-caixa-conversao 1.0.0,31,ok
178691,per178691_1910_09573,7,0,0,,,triagem/nome-caixa-conversao 1.0.0,31,ok
178691,per178691_1910_09573,8,1,2,caixa de conver,5777,triagem/nome-caixa-conversao 1.0.0,31,ok
178691,per178691_1910_09573,9,1,4,caixade conver,940,triagem/nome-caixa-conversao 1.0.0,31,ok
178691,per178691_1910_09573,10,1,1,caixa deconver,19344,triagem/nome-caixa-conversao 1.0.0,31,ok
178691,per178691_1910_09573,11,1,5,caixa de conver,18866,triagem/nome-caixa-conversao 1.0.0,31,ok
178691,per178691_1910_09573,12,0,0,,,triagem/nome-caixa-conversao 1.0.0,31,ok
178691,per178691_1910_09573,13,0,0,,,triagem/nome-caixa-conversao 1.0.0,31,ok
178691,per178691_1910_09573,14,0,0,,,triagem/nome-caixa-conversao 1.0.0,31,ok
178691,per178691_1910_09573,15,0,0,,,triagem/nome-caixa-conversao 1.0.0,31,ok
178691,per178691_1910_09573,16,0,0,,,triagem/nome-caixa-conversao 1.0.0,31,ok
178691,per178691_1910_09574,1,0,0,,,triagem/nome-caixa-conversao 1.0.0,31,ok
178691,per178691_1910_09574,2,0,0,,,triagem/nome-caixa-conversao 1.0.0,31,ok
178691,per178691_1910_09574,3,0,0,,,triagem/nome-caixa-conversao 1.0.0,31,ok
178691,per178691_1910_09574,4,0,0,,,triagem/nome-caixa-conversao 1.0.0,31,ok
178691,per178691_1910_09574,5,0,0,,,triagem/nome-caixa-conversao 1.0.0,31,ok
178691,per178691_1910_09574,6,0,0,,,triagem/nome-caixa-conversao 1.0.0,31,ok
178691,per178691_1910_09574,7,0,0,,,triagem/nome-caixa-conversao 1.0.0,31,ok
178691,per178691_1910_09574,8,0,0,,,triagem/nome-caixa-conversao 1.0.0,31,ok
178691,per178691_1910_09574,9,1,12,caixa de conver,4793,triagem/nome-caixa-conversao 1.0.0,31,ok
178691,per178691_1910_09574,10,1,4,caixa de conver,3388,triagem/nome-caixa-conversao 1.0.0,31,ok
178691,per178691_1910_09574,11,0,0,,,triagem/nome-caixa-conversao 1.0.0,31,ok
178691,per178691_1910_09574,12,0,0,,,triagem/nome-caixa-conversao 1.0.0,31,ok
178691,per178691_1910_09574,13,0,0,,,triagem/nome-caixa-conversao 1.0.0,31,ok
178691,per178691_1910_09574,14,0,0,,,triagem/nome-caixa-conversao 1.0.0,31,ok
178691,per178691_1910_09574,15,0,0,,,triagem/nome-caixa-conversao 1.0.0,31,ok
178691,per178691_1910_09574,16,0,0,,,triagem/nome-caixa-conversao 1.0.0,31,ok
178691,per178691_1910_09575,1,0,0,,,triagem/nome-caixa-conversao 1.0.0,31,ok
178691,per178691_1910_09575,2,0,0,,,triagem/nome-caixa-conversao 1.0.0,31,ok
178691,per178691_1910_09575,3,0,0,,,triagem/nome-caixa-conversao 1.0.0,31,ok
178691,per178691_1910_09575,4,0,0,,,triagem/nome-caixa-conversao 1.0.0,31,ok
178691,per178691_1910_09575,5,0,0,,,triagem/nome-caixa-conversao 1.0.0,31,ok
178691,per178691_1910_09575,6,0,0,,,triagem/nome-caixa-conversao 1.0.0,31,ok
178691,per178691_1910_09575,7,0,0,,,triagem/nome-caixa-conversao 1.0.0,31,ok
178691,per178691_1910_09575,8,0,0,,,triagem/nome-caixa-conversao 1.0.0,31,ok
178691,per178691_1910_09575,9,0,0,,,triagem/nome-caixa-conversao 1.0.0,31,ok
178691,per178691_1910_09575,10,0,0,,,triagem/nome-caixa-conversao 1.0.0,31,ok
178691,per178691_1910_09575,11,0,0,,,triagem/nome-caixa-conversao 1.0.0,31,ok
178691,per178691_1910_09575,12,0,0,,,triagem/nome-caixa-conversao 1.0.0,31,ok
178691,per178691_1910_09575,13,0,0,,,triagem/nome-caixa-conversao 1.0.0,31,ok
178691,per178691_1910_09575,14,0,0,,,triagem/nome-caixa-conversao 1.0.0,31,ok
178691,per178691_1910_09575,15,0,0,,,triagem/nome-caixa-conversao 1.0.0,31,ok
178691,per178691_1910_09575,16,0,0,,,triagem/nome-caixa-conversao 1.0.0,31,ok
178691,per178691_1910_09576,1,0,0,,,triagem/nome-caixa-conversao 1.0.0,31,ok
178691,per178691_1910_09576,2,0,0,,,triagem/nome-caixa-conversao 1.0.0,31,ok
178691,per178691_1910_09576,3,0,0,,,triagem/nome-caixa-conversao 1.0.0,31,ok
178691,per178691_1910_09576,4,0,0,,,triagem/nome-caixa-conversao 1.0.0,31,ok
178691,per178691_1910_09576,5,1,7,caixa de conver,806,triagem/nome-caixa-conversao 1.0.0,31,ok
178691,per178691_1910_09576,6,0,0,,,triagem/nome-caixa-conversao 1.0.0,31,ok
178691,per178691_1910_09576,7,0,0,,,triagem/nome-caixa-conversao 1.0.0,31,ok
178691,per178691_1910_09576,8,0,0,,,triagem/nome-caixa-conversao 1.0.0,31,ok
178691,per178691_1910_09576,9,0,0,,,triagem/nome-caixa-conversao 1.0.0,31,ok
178691,per178691_1910_09576,10,0,0,,,triagem/nome-caixa-conversao 1.0.0,31,ok
178691,per178691_1910_09576,11,0,0,,,triagem/nome-caixa-conversao 1.0.0,31,ok
178691,per178691_1910_09576,12,0,0,,,triagem/nome-caixa-conversao 1.0.0,31,ok
178691,per178691_1910_09577,1,0,0,,,triagem/nome-caixa-conversao 1.0.0,31,ok
178691,per178691_1910_09577,2,0,0,,,triagem/nome-caixa-conversao 1.0.0,31,ok
178691,per178691_1910_09577,3,0,0,,,triagem/nome-caixa-conversao 1.0.0,31,ok
178691,per178691_1910_09577,4,1,1,caixa de conver,9122,triagem/nome-caixa-conversao 1.0.0,31,ok
178691,per178691_1910_09577,5,0,0,,,triagem/nome-caixa-conversao 1.0.0,31,ok
178691,per178691_1910_09577,6,0,0,,,triagem/nome-caixa-conversao 1.0.0,31,ok
178691,per178691_1910_09577,7,1,1,caixa do conver,30068,triagem/nome-caixa-conversao 1.0.0,31,ok
178691,per178691_1910_09577,8,0,0,,,triagem/nome-caixa-conversao 1.0.0,31,ok
178691,per178691_1910_09577,9,0,0,,,triagem/nome-caixa-conversao 1.0.0,31,ok
178691,per178691_1910_09577,10,0,0,,,triagem/nome-caixa-conversao 1.0.0,31,ok
178691,per178691_1910_09577,11,0,0,,,triagem/nome-caixa-conversao 1.0.0,31,ok
178691,per178691_1910_09577,12,1,2,caixa de conver,2627,triagem/nome-caixa-conversao 1.0.0,31,ok
178691,per178691_1910_09577,13,0,0,,,triagem/nome-caixa-conversao 1.0.0,31,ok
178691,per178691_1910_09577,14,0,0,,,triagem/nome-caixa-conversao 1.0.0,31,ok
178691,per178691_1910_09577,15,0,0,,,triagem/nome-caixa-conversao 1.0.0,31,ok
178691,per178691_1910_09577,16,0,0,,,triagem/nome-caixa-conversao 1.0.0,31,ok
178691,per178691_1910_09577,17,0,0,,,triagem/nome-caixa-conversao 1.0.0,31,ok
178691,per178691_1910_09577,18,0,0,,,triagem/nome-caixa-conversao 1.0.0,31,ok
178691,per178691_1910_09577,19,0,0,,,triagem/nome-caixa-conversao 1.0.0,31,ok
178691,per178691_1910_09577,20,0,0,,,triagem/nome-caixa-conversao 1.0.0,31,ok
178691,per178691_1910_09578,1,0,0,,,triagem/nome-caixa-conversao 1.0.0,31,ok
178691,per178691_1910_09578,2,0,0,,,triagem/nome-caixa-conversao 1.0.0,31,ok
178691,per178691_1910_09578,3,0,0,,,triagem/nome-caixa-conversao 1.0.0,31,ok
178691,per178691_1910_09578,4,0,0,,,triagem/nome-caixa-conversao 1.0.0,31,ok
178691,per178691_1910_09578,5,0,0,,,triagem/nome-caixa-conversao 1.0.0,31,ok
178691,per178691_1910_09578,6,0,0,,,triagem/nome-caixa-conversao 1.0.0,31,ok
178691,per178691_1910_09578,7,0,0,,,triagem/nome-caixa-conversao 1.0.0,31,ok
178691,per178691_1910_09578,8,0,0,,,triagem/nome-caixa-conversao 1.0.0,31,ok
178691,per178691_1910_09578,9,0,0,,,triagem/nome-caixa-conversao 1.0.0,31,ok
178691,per178691_1910_09578,10,0,0,,,triagem/nome-caixa-conversao 1.0.0,31,ok
178691,per178691_1910_09579,1,0,0,,,triagem/nome-caixa-conversao 1.0.0,31,ok
178691,per178691_1910_09579,2,1,2,caixa de conver,30114,triagem/nome-caixa-conversao 1.0.0,31,ok
178691,per178691_1910_09579,3,0,0,,,triagem/nome-caixa-conversao 1.0.0,31,ok
178691,per178691_1910_09579,4,0,0,,,triagem/nome-caixa-conversao 1.0.0,31,ok
178691,per178691_1910_09579,5,0,0,,,triagem/nome-caixa-conversao 1.0.0,31,ok
178691,per178691_1910_09579,6,0,0,,,triagem/nome-caixa-conversao 1.0.0,31,ok
178691,per178691_1910_09579,7,0,0,,,triagem/nome-caixa-conversao 1.0.0,31,ok
178691,per178691_1910_09579,8,0,0,,,triagem/nome-caixa-conversao 1.0.0,31,ok
178691,per178691_1910_09579,9,0,0,,,triagem/nome-caixa-conversao 1.0.0,31,ok
178691,per178691_1910_09579,10,0,0,,,triagem/nome-caixa-conversao 1.0.0,31,ok
178691,per178691_1910_09579,11,0,0,,,triagem/nome-caixa-conversao 1.0.0,31,ok
178691,per178691_1910_09579,12,0,0,,,triagem/nome-caixa-conversao 1.0.0,31,ok
178691,per178691_1910_09579,13,0,0,,,triagem/nome-caixa-conversao 1.0.0,31,ok
178691,per178691_1910_09579,14,0,0,,,triagem/nome-caixa-conversao 1.0.0,31,ok
178691,per178691_1910_09579,15,0,0,,,triagem/nome-caixa-conversao 1.0.0,31,ok
178691,per178691_1910_09579,16,0,0,,,triagem/nome-caixa-conversao 1.0.0,31,ok
178691,per178691_1910_09580,1,1,1,caixa de conver,24216,triagem/nome-caixa-conversao 1.0.0,31,ok
178691,per178691_1910_09580,2,1,7,caixa deconver,436,triagem/nome-caixa-conversao 1.0.0,31,ok
178691,per178691_1910_09580,3,0,0,,,triagem/nome-caixa-conversao 1.0.0,31,ok
178691,per178691_1910_09580,4,0,0,,,triagem/nome-caixa-conversao 1.0.0,31,ok
178691,per178691_1910_09580,5,1,1,caixa de conver,1017,triagem/nome-caixa-conversao 1.0.0,31,ok
178691,per178691_1910_09580,6,0,0,,,triagem/nome-caixa-conversao 1.0.0,31,ok
178691,per178691_1910_09580,7,0,0,,,triagem/nome-caixa-conversao 1.0.0,31,ok
178691,per178691_1910_09580,8,1,1,caixa de conver,489,triagem/nome-caixa-conversao 1.0.0,31,ok
178691,per178691_1910_09580,9,0,0,,,triagem/nome-caixa-conversao 1.0.0,31,ok
178691,per178691_1910_09580,10,0,0,,,triagem/nome-caixa-conversao 1.0.0,31,ok
178691,per178691_1910_09580,11,0,0,,,triagem/nome-caixa-conversao 1.0.0,31,ok
178691,per178691_1910_09580,12,0,0,,,triagem/nome-caixa-conversao 1.0.0,31,ok
178691,per178691_1910_09581,1,0,0,,,triagem/nome-caixa-conversao 1.0.0,31,ok
178691,per178691_1910_09581,2,0,0,,,triagem/nome-caixa-conversao 1.0.0,31,ok
178691,per178691_1910_09581,3,0,0,,,triagem/nome-caixa-conversao 1.0.0,31,ok
178691,per178691_1910_09581,4,1,1,caixa de conver,23905,triagem/nome-caixa-conversao 1.0.0,31,ok
178691,per178691_1910_09581,5,0,0,,,triagem/nome-caixa-conversao 1.0.0,31,ok
178691,per178691_1910_09581,6,0,0,,,triagem/nome-caixa-conversao 1.0.0,31,ok
178691,per178691_1910_09581,7,1,1,caixa dc conver,40325,triagem/nome-caixa-conversao 1.0.0,31,ok
178691,per178691_1910_09581,8,0,0,,,triagem/nome-caixa-conversao 1.0.0,31,ok
178691,per178691_1910_09581,9,0,0,,,triagem/nome-caixa-conversao 1.0.0,31,ok
178691,per178691_1910_09581,10,0,0,,,triagem/nome-caixa-conversao 1.0.0,31,ok
178691,per178691_1910_09581,11,1,20,caixa de conver,39,triagem/nome-caixa-conversao 1.0.0,31,ok
178691,per178691_1910_09581,12,0,0,,,triagem/nome-caixa-conversao 1.0.0,31,ok
178691,per178691_1910_09581,13,0,0,,,triagem/nome-caixa-conversao 1.0.0,31,ok
178691,per178691_1910_09581,14,0,0,,,triagem/nome-caixa-conversao 1.0.0,31,ok
178691,per178691_1910_09581,15,0,0,,,triagem/nome-caixa-conversao 1.0.0,31,ok
178691,per178691_1910_09581,16,0,0,,,triagem/nome-caixa-conversao 1.0.0,31,ok
178691,per178691_1910_09582,1,1,2,caixa de conver,26930,triagem/nome-caixa-conversao 1.0.0,31,ok
178691,per178691_1910_09582,2,0,0,,,triagem/nome-caixa-conversao 1.0.0,31,ok
178691,per178691_1910_09582,3,0,0,,,triagem/nome-caixa-conversao 1.0.0,31,ok
178691,per178691_1910_09582,4,0,0,,,triagem/nome-caixa-conversao 1.0.0,31,ok
178691,per178691_1910_09582,5,0,0,,,triagem/nome-caixa-conversao 1.0.0,31,ok
178691,per178691_1910_09582,6,0,0,,,triagem/nome-caixa-conversao 1.0.0,31,ok
178691,per178691_1910_09582,7,0,0,,,triagem/nome-caixa-conversao 1.0.0,31,ok
178691,per178691_1910_09582,8,0,0,,,triagem/nome-caixa-conversao 1.0.0,31,ok
178691,per178691_1910_09582,9,0,0,,,triagem/nome-caixa-conversao 1.0.0,31,ok
178691,per178691_1910_09582,10,0,0,,,triagem/nome-caixa-conversao 1.0.0,31,ok
178691,per178691_1910_09582,11,0,0,,,triagem/nome-caixa-conversao 1.0.0,31,ok
178691,per178691_1910_09582,12,0,0,,,triagem/nome-caixa-conversao 1.0.0,31,ok
178691,per178691_1910_09583,1,1,1,caixa de conver,25571,triagem/nome-caixa-conversao 1.0.0,31,ok
178691,per178691_1910_09583,2,1,3,caixa deconver,14992,triagem/nome-caixa-conversao 1.0.0,31,ok
178691,per178691_1910_09583,3,1,1,caixa de conver,31826,triagem/nome-caixa-conversao 1.0.0,31,ok
178691,per178691_1910_09583,4,0,0,,,triagem/nome-caixa-conversao 1.0.0,31,ok
178691,per178691_1910_09583,5,1,1,caixa de conver,26625,triagem/nome-caixa-conversao 1.0.0,31,ok
178691,per178691_1910_09583,6,1,1,caixa de conver,37934,triagem/nome-caixa-conversao 1.0.0,31,ok
178691,per178691_1910_09583,7,0,0,,,triagem/nome-caixa-conversao 1.0.0,31,ok
178691,per178691_1910_09583,8,0,0,,,triagem/nome-caixa-conversao 1.0.0,31,ok
178691,per178691_1910_09583,9,0,0,,,triagem/nome-caixa-conversao 1.0.0,31,ok
178691,per178691_1910_09583,10,0,0,,,triagem/nome-caixa-conversao 1.0.0,31,ok
