bib,source_identifier,page_number,hit,n_matches,primeiro_span_texto,primeiro_span_offset,regra_versao,extraction_run_id,result_status
089842,per089842_1914_05450,1,0,0,,,triagem/nome-caixa-conversao 1.0.0,10,ok
089842,per089842_1914_05450,2,0,0,,,triagem/nome-caixa-conversao 1.0.0,10,ok
089842,per089842_1914_05450,3,0,0,,,triagem/nome-caixa-conversao 1.0.0,10,ok
089842,per089842_1914_05450,4,0,0,,,triagem/nome-caixa-conversao 1.0.0,10,ok
089842,per089842_1914_05450,5,0,0,,,triagem/nome-caixa-conversao 1.0.0,10,ok
089842,per089842_1914_05450,6,0,0,,,triagem/nome-caixa-conversao 1.0.0,10,ok
089842,per089842_1914_05450,7,0,0,,,triagem/nome-caixa-conversao 1.0.0,10,ok
089842,per089842_1914_05450,8,0,0,,,triagem/nome-caixa-conversao 1.0.0,10,ok
089842,per089842_1914_05450,9,0,0,,,triagem/nome-caixa-conversao 1.0.0,10,ok
089842,per089842_1914_05450,10,0,0,,,triagem/nome-caixa-conversao 1.0.0,10,ok
089842,per089842_1914_05450,11,0,0,,,triagem/nome-caixa-conversao 1.0.0,10,ok
089842,per089842_1914_05450,12,0,0,,,triagem/nome-caixa-conversao 1.0.0,10,ok
089842,per089842_1914_05450,13,0,0,,,triagem/nome-caixa-conversao 1.0.0,10,ok
089842,per089842_1914_05450,14,1,2,caixa de conver,28137,triagem/nome-caixa-conversao 1.0.0,10,ok
089842,per089842_1914_05450,15,0,0,,,triagem/nome-caixa-conversao 1.0.0,10,ok
089842,per089842_1914_05450,16,0,0,,,triagem/nome-caixa-conversao 1.0.0,10,ok
089842,per089842_1914_05450,17,0,0,,,triagem/nome-caixa-conversao 1.0.0,10,ok
089842,per089842_1914_05450,18,0,0,,,triagem/nome-caixa-conversao 1.0.0,10,ok
089842,per089842_1914_05450,19,0,0,,,triagem/nome-caixa-conversao 1.0.0,10,ok
089842,per089842_1914_05450,20,0,0,,,triagem/nome-caixa-conversao 1.0.0,10,ok
089842,per089842_1914_05450,21,0,0,,,triagem/nome-caixa-conversao 1.0.0,10,ok
089842,per089842_1914_05450,22,0,0,,,triagem/nome-caixa-conversao 1.0.0,10,ok
089842,per089842_1914_05450,23,0,0,,,triagem/nome-caixa-conversao 1.0.0,10,ok
089842,per089842_1914_05450,24,0,0,,,triagem/nome-caixa-conversao 1.0.0,10,ok
089842,per089842_1914_05450,25,0,0,,,triagem/nome-caixa-conversao 1.0.0,10,ok
089842,per089842_1914_05450,26,0,0,,,triagem/nome-caixa-conversao 1.0.0,10,ok
089842,per089842_1914_05450,27,0,0,,,triagem/nome-caixa-conversao 1.0.0,10,ok
089842,per089842_1914_05450,28,0,0,,,triagem/nome-caixa-conversao 1.0.0,10,ok
089842,per089842_1914_05450,29,0,0,,,triagem/nome-caixa-conversao 1.0.0,10,ok
089842,per089842_1914_05450,30,0,0,,,triagem/nome-caixa-conversao 1.0.0,10,ok
089842,per089842_1914_05450,31,0,0,,,triagem/nome-caixa-conversao 1.0.0,10,ok
089842,per089842_1914_05450,32,0,0,,,triagem/nome-caixa-conversao 1.0.0,10,ok
089842,per089842_1914_05451,1,1,1,caixa de conver,34182,triagem/nome-caixa-conversao 1.0.0,10,ok
089842,per089842_1914_05451,2,0,0,,,triagem/nome-caixa-conversao 1.0.0,10,ok
089842,per089842_1914_05451,3,0,0,,,triagem/nome-caixa-conversao 1.0.0,10,ok
089842,per089842_1914_05451,4,0,0,,,triagem/nome-caixa-conversao 1.0.0,10,ok
089842,per089842_1914_05451,5,0,0,,,triagem/nome-caixa-conversao 1.0.0,10,ok
089842,per089842_1914_05451,6,0,0,,,triagem/nome-caixa-conversao 1.0.0,10,ok
089842,per089842_1914_05451,7,0,0,,,triagem/nome-caixa-conversao 1.0.0,10,ok
089842,per089842_1914_05451,8,0,0,,,triagem/nome-caixa-conversao 1.0.0,10,ok
089842,per089842_1914_05451,9,0,0,,,triagem/nome-caixa-conversao 1.0.0,10,ok
089842,per089842_1914_05451,10,0,0,,,triagem/nome-caixa-conversao 1.0.0,10,ok
089842,per089842_1914_05452,1,0,0,,,triagem/nome-caixa-conversao 1.0.0,10,ok
089842,per089842_1914_05452,2,0,0,,,triagem/nome-caixa-conversao 1.0.0,10,ok
089842,per089842_1914_05452,3,0,0,,,triagem/nome-caixa-conversao 1.0.0,10,ok
089842,per089842_1914_05452,4,0,0,,,triagem/nome-caixa-conversao 1.0.0,10,ok
089842,per089842_1914_05452,5,0,0,,,triagem/nome-caixa-conversao 1.0.0,10,ok
089842,per089842_1914_05452,6,0,0,,,triagem/nome-caixa-conversao 1.0.0,10,ok
089842,per089842_1914_05452,7,0,0,,,triagem/nome-caixa-conversao 1.0.0,10,ok
089842,per089842_1914_05452,8,0,0,,,triagem/nome-caixa-conversao 1.0.0,10,ok
089842,per089842_1914_05452,9,0,0,,,triagem/nome-caixa-conversao 1.0.0,10,ok
089842,per089842_1914_05452,10,0,0,,,triagem/nome-caixa-conversao 1.0.0,10,ok
089842,per089842_1914_05452,11,0,0,,,triagem/nome-caixa-conversao 1.0.0,10,ok
089842,per089842_1914_05452,12,0,0,,,triagem/nome-caixa-conversao 1.0.0,10,ok
089842,per089842_1914_05453,1,0,0,,,triagem/nome-caixa-conversao 1.0.0,10,ok
089842,per089842_1914_05453,2,0,0,,,triagem/nome-caixa-conversao 1.0.0,10,ok
089842,per089842_1914_05453,3,0,0,,,triagem/nome-caixa-conversao 1.0.0,10,ok
089842,per089842_1914_05453,4,0,0,,,triagem/nome-caixa-conversao 1.0.0,10,ok
089842,per089842_1914_05453,5,0,0,,,triagem/nome-caixa-conversao 1.0.0,10,ok
089842,per089842_1914_05453,6,0,0,,,triagem/nome-caixa-conversao 1.0.0,10,ok
089842,per089842_1914_05453,7,0,0,,,triagem/nome-caixa-conversao 1.0.0,10,ok
089842,per089842_1914_05453,8,0,0,,,triagem/nome-caixa-conversao 1.0.0,10,ok
089842,per089842_1914_05453,9,0,0,,,triagem/nome-caixa-conversao 1.0.0,10,ok
089842,per089842_1914_05453,10,0,0,,,triagem/nome-caixa-conversao 1.0.0,10,ok
089842,per089842_1914_05453,11,0,0,,,triagem/nome-caixa-conversao 1.0.0,10,ok
089842,per089842_1914_05453,12,0,0,,,triagem/nome-caixa-conversao 1.0.0,10,ok
089842,per089842_1914_05453,13,0,0,,,triagem/nome-caixa-conversao 1.0.0,10,ok
089842,per089842_1914_05453,14,0,0,,,triagem/nome-caixa-conversao 1.0.0,10,ok
089842,per089842_1914_05453,15,0,0,,,triagem/nome-caixa-conversao 1.0.0,10,ok
089842,per089842_1914_05453,16,0,0,,,triagem/nome-caixa-conversao 1.0.0,10,ok
089842,per089842_1914_05454,1,0,0,,,triagem/nome-caixa-conversao 1.0.0,10,ok
089842,per089842_1914_05454,2,0,0,,,triagem/nome-caixa-conversao 1.0.0,10,ok
089842,per089842_1914_05454,3,0,0,,,triagem/nome-caixa-conversao 1.0.0,10,ok
089842,per089842_1914_05454,4,0,0,,,triagem/nome-caixa-conversao 1.0.0,10,ok
089842,per089842_1914_05454,5,0,0,,,triagem/nome-caixa-conversao 1.0.0,10,ok
089842,per089842_1914_05454,6,0,0,,,triagem/nome-caixa-conversao 1.0.0,10,ok
089842,per089842_1914_05454,7,0,0,,,triagem/nome-caixa-conversao 1.0.0,10,ok
089842,per089842_1914_05454,8,0,0,,,triagem/nome-caixa-conversao 1.0.0,10,ok
089842,per089842_1914_05454,9,0,0,,,triagem/nome-caixa-conversao 1.0.0,10,ok
089842,per089842_1914_05454,10,0,0,,,triagem/nome-caixa-conversao 1.0.0,10,ok
089842,per089842_1914_05454,11,0,0,,,triagem/nome-caixa-conversao 1.0.0,10,ok
089842,per089842_1914_05454,12,0,0,,,triagem/nome-caixa-conversao 1.0.0,10,ok
089842,per089842_1914_05455,1,0,0,,,triagem/nome-caixa-conversao 1.0.0,10,ok
089842,per089842_1914_05455,2,0,0,,,triagem/nome-caixa-conversao 1.0.0,10,ok
089842,per089842_1914_05455,3,0,0,,,triagem/nome-caixa-conversao 1.0.0,10,ok
089842,per089842_1914_05455,4,0,0,,,triagem/nome-caixa-conversao 1.0.0,10,ok
089842,per089842_1914_05455,5,0,0,,,triagem/nome-caixa-conversao 1.0.0,10,ok
089842,per089842_1914_05455,6,0,0,,,triagem/nome-caixa-conversao 1.0.0,10,ok
089842,per089842_1914_05455,7,0,0,,,triagem/nome-caixa-conversao 1.0.0,10,ok
089842,per089842_1914_05455,8,0,0,,,triagem/nome-caixa-conversao 1.0.0,10,ok
089842,per089842_1914_05455,9,0,0,,,triagem/nome-caixa-conversao 1.0.0,10,ok
089842,per089842_1914_05455,10,0,0,,,triagem/nome-caixa-conversao 1.0.0,10,ok
089842,per089842_1914_05455,11,0,0,,,triagem/nome-caixa-conversao 1.0.0,10,ok
089842,per089842_1914_05455,12,0,0,,,triagem/nome-caixa-conversao 1.0.0,10,ok
089842,per089842_1914_05456,1,1,1,caixa de conver,27278,triagem/nome-caixa-conversao 1.0.0,10,ok
089842,per089842_1914_05456,2,0,0,,,triagem/nome-caixa-conversao 1.0.0,10,ok
089842,per089842_1914_05456,3,0,0,,,triagem/nome-caixa-conversao 1.0.0,10,ok
089842,per089842_1914_05456,4,0,0,,,triagem/nome-caixa-conversao 1.0.0,10,ok
089842,per089842_1914_05456,5,0,0,,,triagem/nome-caixa-conversao 1.0.0,10,ok
089842,per089842_1914_05456,6,0,0,,,triagem/nome-caixa-conversao 1.0.0,10,ok
089842,per089842_1914_05456,7,0,0,,,triagem/nome-caixa-conversao 1.0.0,10,ok
089842,per089842_1914_05456,8,0,0,,,triagem/nome-caixa-conversao 1.0.0,10,ok
089842,per089842_1914_05456,9,0,0,,,triagem/nome-caixa-conversao 1.0.0,10,ok
089842,per089842_1914_05456,10,0,0,,,triagem/nome-caixa-conversao 1.0.0,10,ok
089842,per089842_1914_05456,11,0,0,,,triagem/nome-caixa-conversao 1.0.0,10,ok
089842,per089842_1914_05456,12,0,0,,,triagem/nome-caixa-conversao 1.0.0,10,ok
089842,per089842_1914_05457,1,1,4,caixade conver,8190,triagem/nome-caixa-conversao 1.0.0,10,ok
089842,per089842_1914_05457,2,0,0,,,triagem/nome-caixa-conversao 1.0.0,10,ok
089842,per089842_1914_05457,3,0,0,,,triagem/nome-caixa-conversao 1.0.0,10,ok
089842,per089842_1914_05457,4,0,0,,,triagem/nome-caixa-conversao 1.0.0,10,ok
089842,per089842_1914_05457,5,0,0,,,triagem/nome-caixa-conversao 1.0.0,10,ok
089842,per089842_1914_05457,6,0,0,,,triagem/nome-caixa-conversao 1.0.0,10,ok
089842,per089842_1914_05457,7,0,0,,,triagem/nome-caixa-conversao 1.0.0,10,ok
089842,per089842_1914_05457,8,0,0,,,triagem/nome-caixa-conversao 1.0.0,10,ok
089842,per089842_1914_05457,9,0,0,,,triagem/nome-caixa-conversao 1.0.0,10,ok
089842,per089842_1914_05457,10,0,0,,,triagem/nome-caixa-conversao 1.0.0,10,ok
089842,per089842_1914_05457,11,0,0,,,triagem/nome-caixa-conversao 1.0.0,10,ok
089842,per089842_1914_05457,12,0,0,,,triagem/nome-caixa-conversao 1.0.0,10,ok
089842,per089842_1914_05457,13,0,0,,,triagem/nome-caixa-conversao 1.0.0,10,ok
089842,per089842_1914_05457,14,0,0,,,triagem/nome-caixa-conversao 1.0.0,10,ok
089842,per089842_1914_05458,1,1,1,caixade conver,8868,triagem/nome-caixa-conversao 1.0.0,10,ok
089842,per089842_1914_05458,2,0,0,,,triagem/nome-caixa-conversao 1.0.0,10,ok
089842,per089842_1914_05458,3,0,0,,,triagem/nome-caixa-conversao 1.0.0,10,ok
089842,per089842_1914_05458,4,0,0,,,triagem/nome-caixa-conversao 1.0.0,10,ok
089842,per089842_1914_05458,5,0,0,,,triagem/nome-caixa-conversao 1.0.0,10,ok
089842,per089842_1914_05458,6,0,0,,,triagem/nome-caixa-conversao 1.0.0,10,ok
089842,per089842_1914_05458,7,0,0,,,triagem/nome-caixa-conversao 1.0.0,10,ok
089842,per089842_1914_05458,8,0,0,,,triagem/nome-caixa-conversao 1.0.0,10,ok
089842,per089842_1914_05458,9,0,0,,,triagem/nome-caixa-conversao 1.0.0,10,ok
089842,per089842_1914_05458,10,0,0,,,triagem/nome-caixa-conversao 1.0.0,10,ok
089842,per089842_1914_05458,11,0,0,,,triagem/nome-caixa-conversao 1.0.0,10,ok
089842,per089842_1914_05458,12,0,0,,,triagem/nome-caixa-conversao 1.0.0,10,ok
089842,per089842_1914_05459,1,0,0,,,triagem/nome-caixa-conversao 1.0.0,10,ok
089842,per089842_1914_05459,2,0,0,,,triagem/nome-caixa-conversao 1.0.0,10,ok
089842,per089842_1914_05459,3,0,0,,,triagem/nome-caixa-conversao 1.0.0,10,ok
089842,per089842_1914_05459,4,0,0,,,triagem/nome-caixa-conversao 1.0.0,10,ok
089842,per089842_1914_05459,5,0,0,,,triagem/nome-caixa-conversao 1.0.0,10,ok
089842,per089842_1914_05459,6,0,0,,,triagem/nome-caixa-conversao 1.0.0,10,ok
089842,per089842_1914_05459,7,0,0,,,triagem/nome-caixa-conversao 1.0.0,10,ok
089842,per089842_1914_05459,8,0,0,,,triagem/nome-caixa-conversao 1.0.0,10,ok
089842,per089842_1914_05459,9,0,0,,,triagem/nome-caixa-conversao 1.0.0,10,ok
089842,per089842_1914_05459,10,0,0,,,triagem/nome-caixa-conversao 1.0.0,10,ok
089842,per089842_1914_05459,11,0,0,,,triagem/nome-caixa-conversao 1.0.0,10,ok
089842,per089842_1914_05459,12,0,0,,,triagem/nome-caixa-conversao 1.0.0,10,ok
089842,per089842_1914_05459,13,0,0,,,triagem/nome-caixa-conversao 1.0.0,10,ok
089842,per089842_1914_05459,14,0,0,,,triagem/nome-caixa-conversao 1.0.0,10,ok
089842,per089842_1914_05460,1,0,0,,,triagem/nome-caixa-conversao 1.0.0,10,ok
089842,per089842_1914_05460,2,0,0,,,triagem/nome-caixa-conversao 1.0.0,10,ok
089842,per089842_1914_05460,3,0,0,,,triagem/nome-caixa-conversao 1.0.0,10,ok
089842,per089842_1914_05460,4,0,0,,,triagem/nome-caixa-conversao 1.0.0,10,ok
089842,per089842_1914_05460,5,0,0,,,triagem/nome-caixa-conversao 1.0.0,10,ok
089842,per089842_1914_05460,6,0,0,,,triagem/nome-caixa-conversao 1.0.0,10,ok
089842,per089842_1914_05460,7,0,0,,,triagem/nome-caixa-conversao 1.0.0,10,ok
089842,per089842_1914_05460,8,0,0,,,triagem/nome-caixa-conversao 1.0.0,10,ok
089842,per089842_1914_05460,9,0,0,,,triagem/nome-caixa-conversao 1.0.0,10,ok
089842,per089842_1914_05460,10,0,0,,,triagem/nome-caixa-conversao 1.0.0,10,ok
089842,per089842_1914_05460,11,0,0,,,triagem/nome-caixa-conversao 1.0.0,10,ok
089842,per089842_1914_05460,12,0,0,,,triagem/nome-caixa-conversao 1.0.0,10,ok
089842,per089842_1914_05460,13,0,0,,,triagem/nome-caixa-conversao 1.0.0,10,ok
089842,per089842_1914_05460,14,0,0,,,triagem/nome-caixa-conversao 1.0.0,10,ok
089842,per089842_1914_05460,15,0,0,,,triagem/nome-caixa-conversao 1.0.0,10,ok
089842,per089842_1914_05460,16,0,0,,,triagem/nome-caixa-conversao 1.0.0,10,ok
089842,per089842_1914_05461,1,1,1,caixa deconver,40473,triagem/nome-caixa-conversao 1.0.0,10,ok
089842,per089842_1914_05461,2,0,0,,,triagem/nome-caixa-conversao 1.0.0,10,ok
089842,per089842_1914_05461,3,0,0,,,triagem/nome-caixa-conversao 1.0.0,10,ok
089842,per089842_1914_05461,4,1,1,caixa de conver,10284,triagem/nome-caixa-conversao 1.0.0,10,ok
089842,per089842_1914_05461,5,0,0,,,triagem/nome-caixa-conversao 1.0.0,10,ok
089842,per089842_1914_05461,6,0,0,,,triagem/nome-caixa-conversao 1.0.0,10,ok
089842,per089842_1914_05461,7,0,0,,,triagem/nome-caixa-conversao 1.0.0,10,ok
089842,per089842_1914_05461,8,0,0,,,triagem/nome-caixa-conversao 1.0.0,10,ok
089842,per089842_1914_05461,9,0,0,,,triagem/nome-caixa-conversao 1.0.0,10,ok
089842,per089842_1914_05461,10,0,0,,,triagem/nome-caixa-conversao 1.0.0,10,ok
089842,per089842_1914_05461,11,0,0,,,triagem/nome-caixa-conversao 1.0.0,10,ok
089842,per089842_1914_05461,12,0,0,,,triagem/nome-caixa-conversao 1.0.0,10,ok
089842,per089842_1914_05462,1,0,0,,,triagem/nome-caixa-conversao 1.0.0,10,ok
089842,per089842_1914_05462,2,0,0,,,triagem/nome-caixa-conversao 1.0.0,10,ok
089842,per089842_1914_05462,3,0,0,,,triagem/nome-caixa-conversao 1.0.0,10,ok
089842,per089842_1914_05462,4,0,0,,,triagem/nome-caixa-conversao 1.0.0,10,ok
089842,per089842_1914_05462,5,0,0,,,triagem/nome-caixa-conversao 1.0.0,10,ok
089842,per089842_1914_05462,6,0,0,,,triagem/nome-caixa-conversao 1.0.0,10,ok
089842,per089842_1914_05462,7,0,0,,,triagem/nome-caixa-conversao 1.0.0,10,ok
089842,per089842_1914_05462,8,0,0,,,triagem/nome-caixa-conversao 1.0.0,10,ok
089842,per089842_1914_05462,9,0,0,,,triagem/nome-caixa-conversao 1.0.0,10,ok
089842,per089842_1914_05462,10,0,0,,,triagem/nome-caixa-conversao 1.0.0,10,ok
089842,per089842_1914_05462,11,0,0,,,triagem/nome-caixa-conversao 1.0.0,10,ok
089842,per089842_1914_05462,12,0,0,,,triagem/nome-caixa-conversao 1.0.0,10,ok
089842,per089842_1914_05463,1,1,1,caixa de conver,6870,triagem/nome-caixa-conversao 1.0.0,10,ok
089842,per089842_1914_05463,2,0,0,,,triagem/nome-caixa-conversao 1.0.0,10,ok
089842,per089842_1914_05463,3,0,0,,,triagem/nome-caixa-conversao 1.0.0,10,ok
089842,per089842_1914_05463,4,0,0,,,triagem/nome-caixa-conversao 1.0.0,10,ok
089842,per089842_1914_05463,5,0,0,,,triagem/nome-caixa-conversao 1.0.0,10,ok
089842,per089842_1914_05463,6,0,0,,,triagem/nome-caixa-conversao 1.0.0,10,ok
089842,per089842_1914_05463,7,0,0,,,triagem/nome-caixa-conversao 1.0.0,10,ok
089842,per089842_1914_05463,8,0,0,,,triagem/nome-caixa-conversao 1.0.0,10,ok
089842,per089842_1914_05463,9,0,0,,,triagem/nome-caixa-conversao 1.0.0,10,ok
089842,per089842_1914_05463,10,0,0,,,triagem/nome-caixa-conversao 1.0.0,10,ok
089842,per089842_1914_05463,11,0,0,,,triagem/nome-caixa-conversao 1.0.0,10,ok
089842,per089842_1914_05463,12,0,0,,,triagem/nome-caixa-conversao 1.0.0,10,ok
089842,per089842_1914_05464,1,0,0,,,triagem/nome-caixa-conversao 1.0.0,10,ok
089842,per089842_1914_05464,2,0,0,,,triagem/nome-caixa-conversao 1.0.0,10,ok
089842,per089842_1914_05464,3,0,0,,,triagem/nome-caixa-conversao 1.0.0,10,ok
089842,per089842_1914_05464,4,0,0,,,triagem/nome-caixa-conversao 1.0.0,10,ok
089842,per089842_1914_05464,5,0,0,,,triagem/nome-caixa-conversao 1.0.0,10,ok
089842,per089842_1914_05464,6,0,0,,,triagem/nome-caixa-conversao 1.0.0,10,ok
089842,per089842_1914_05464,7,0,0,,,triagem/nome-caixa-conversao 1.0.0,10,ok
089842,per089842_1914_05464,8,0,0,,,triagem/nome-caixa-conversao 1.0.0,10,ok
089842,per089842_1914_05464,9,0,0,,,triagem/nome-caixa-conversao 1.0.0,10,ok
089842,per089842_1914_05464,10,0,0,,,triagem/nome-caixa-conversao 1.0.0,10,ok
089842,per089842_1914_05464,11,0,0,,,triagem/nome-caixa-conversao 1.0.0,10,ok
089842,per089842_1914_05464,12,0,0,,,triagem/nome-caixa-conversao 1.0.0,10,ok
089842,per089842_1914_05464,13,0,0,,,triagem/nome-caixa-conversao 1.0.0,10,ok
089842,per089842_1914_05464,14,0,0,,,triagem/nome-caixa-conversao 1.0.0,10,ok
089842,per089842_1914_05465,1,0,0,,,triagem/nome-caixa-conversao 1.0.0,10,ok
089842,per089842_1914_05465,2,0,0,,,triagem/nome-caixa-conversao 1.0.0,10,ok
089842,per089842_1914_05465,3,0,0,,,triagem/nome-caixa-conversao 1.0.0,10,ok
089842,per089842_1914_05465,4,0,0,,,triagem/nome-caixa-conversao 1.0.0,10,ok
089842,per089842_1914_05465,5,0,0,,,triagem/nome-caixa-conversao 1.0.0,10,ok
089842,per089842_1914_05465,6,0,0,,,triagem/nome-caixa-conversao 1.0.0,10,ok
089842,per089842_1914_05465,7,0,0,,,triagem/nome-caixa-conversao 1.0.0,10,ok
089842,per089842_1914_05465,8,0,0,,,triagem/nome-caixa-conversao 1.0.0,10,ok
089842,per089842_1914_05465,9,0,0,,,triagem/nome-caixa-conversao 1.0.0,10,ok
089842,per089842_1914_05465,10,0,0,,,triagem/nome-caixa-conversao 1.0.0,10,ok
089842,per089842_1914_05465,11,0,0,,,triagem/nome-caixa-conversao 1.0.0,10,ok
089842,per089842_1914_05465,12,0,0,,,triagem/nome-caixa-conversao 1.0.0,10,ok
089842,per089842_1914_05466,1,0,0,,,triagem/nome-caixa-conversao 1.0.0,10,ok
089842,per089842_1914_05466,2,0,0,,,triagem/nome-caixa-conversao 1.0.0,10,ok
089842,per089842_1914_05466,3,0,0,,,triagem/nome-caixa-conversao 1.0.0,10,ok
089842,per089842_1914_05466,4,0,0,,,triagem/nome-caixa-conversao 1.0.0,10,ok
089842,per089842_1914_05466,5,0,0,,,triagem/nome-caixa-conversao 1.0.0,10,ok
089842,per089842_1914_05466,6,0,0,,,triagem/nome-caixa-conversao 1.0.0,10,ok
089842,per089842_1914_05466,7,0,0,,,triagem/nome-caixa-conversao 1.0.0,10,ok
089842,per089842_1914_05466,8,0,0,,,triagem/nome-caixa-conversao 1.0.0,10,ok
089842,per089842_1914_05466,9,0,0,,,triagem/nome-caixa-conversao 1.0.0,10,ok
089842,per089842_1914_05466,10,0,0,,,triagem/nome-caixa-conversao 1.0.0,10,ok
089842,per089842_1914_05466,11,0,0,,,triagem/nome-caixa-conversao 1.0.0,10,ok
089842,per089842_1914_05466,12,0,0,,,triagem/nome-caixa-conversao 1.0.0,10,ok
089842,per089842_1914_05466,13,0,0,,,triagem/nome-caixa-conversao 1.0.0,10,ok
089842,per089842_1914_05466,14,0,0,,,triagem/nome-caixa-conversao 1.0.0,10,ok
089842,per089842_1914_05467,1,0,0,,,triagem/nome-caixa-conversao 1.0.0,10,ok
089842,per089842_1914_05467,2,0,0,,,triagem/nome-caixa-conversao 1.0.0,10,ok
089842,per089842_1914_05467,3,0,0,,,triagem/nome-caixa-conversao 1.0.0,10,ok
089842,per089842_1914_05467,4,0,0,,,triagem/nome-caixa-conversao 1.0.0,10,ok
089842,per089842_1914_05467,5,0,0,,,triagem/nome-caixa-conversao 1.0.0,10,ok
089842,per089842_1914_05467,6,0,0,,,triagem/nome-caixa-conversao 1.0.0,10,ok
089842,per089842_1914_05467,7,0,0,,,triagem/nome-caixa-conversao 1.0.0,10,ok
089842,per089842_1914_05467,8,0,0,,,triagem/nome-caixa-conversao 1.0.0,10,ok
089842,per089842_1914_05467,9,0,0,,,triagem/nome-caixa-conversao 1.0.0,10,ok
089842,per089842_1914_05467,10,0,0,,,triagem/nome-caixa-conversao 1.0.0,10,ok
089842,per089842_1914_05467,11,0,0,,,triagem/nome-caixa-conversao 1.0.0,10,ok
089842,per089842_1914_05467,12,0,0,,,triagem/nome-caixa-conversao 1.0.0,10,ok
089842,per089842_1914_05467,13,0,0,,,triagem/nome-caixa-conversao 1.0.0,10,ok
089842,per089842_1914_05467,14,0,0,,,triagem/nome-caixa-conversao 1.0.0,10,ok
089842,per089842_1914_05467,15,0,0,,,triagem/nome-caixa-conversao 1.0.0,10,ok
089842,per089842_1914_05467,16,0,0,,,triagem/nome-caixa-conversao 1.0.0,10,ok
089842,per089842_1914_05468,1,0,0,,,triagem/nome-caixa-conversao 1.0.0,10,ok
089842,per089842_1914_05468,2,0,0,,,triagem/nome-caixa-conversao 1.0.0,10,ok
089842,per089842_1914_05468,3,0,0,,,triagem/nome-caixa-conversao 1.0.0,10,ok
089842,per089842_1914_05468,4,0,0,,,triagem/nome-caixa-conversao 1.0.0,10,ok
089842,per089842_1914_05468,5,0,0,,,triagem/nome-caixa-conversao 1.0.0,10,ok
089842,per089842_1914_05468,6,0,0,,,triagem/nome-caixa-conversao 1.0.0,10,ok
089842,per089842_1914_05468,7,0,0,,,triagem/nome-caixa-conversao 1.0.0,10,ok
089842,per089842_1914_05468,8,0,0,,,triagem/nome-caixa-conversao 1.0.0,10,ok
089842,per089842_1914_05468,9,0,0,,,triagem/nome-caixa-conversao 1.0.0,10,ok
089842,per089842_1914_05468,10,0,0,,,triagem/nome-caixa-conversao 1.0.0,10,ok
089842,per089842_1914_05468,11,0,0,,,triagem/nome-caixa-conversao 1.0.0,10,ok
089842,per089842_1914_05468,12,0,0,,,triagem/nome-caixa-conversao 1.0.0,10,ok
089842,per089842_1914_05469,1,1,2,caixa de conver,18393,triagem/nome-caixa-conversao 1.0.0,10,ok
089842,per089842_1914_05469,2,0,0,,,triagem/nome-caixa-conversao 1.0.0,10,ok
089842,per089842_1914_05469,3,0,0,,,triagem/nome-caixa-conversao 1.0.0,10,ok
089842,per089842_1914_05469,4,0,0,,,triagem/nome-caixa-conversao 1.0.0,10,ok
089842,per089842_1914_05469,5,0,0,,,triagem/nome-caixa-conversao 1.0.0,10,ok
089842,per089842_1914_05469,6,0,0,,,triagem/nome-caixa-conversao 1.0.0,10,ok
089842,per089842_1914_05469,7,0,0,,,triagem/nome-caixa-conversao 1.0.0,10,ok
089842,per089842_1914_05469,8,0,0,,,triagem/nome-caixa-conversao 1.0.0,10,ok
089842,per089842_1914_05469,9,0,0,,,triagem/nome-caixa-conversao 1.0.0,10,ok
089842,per089842_1914_05469,10,0,0,,,triagem/nome-caixa-conversao 1.0.0,10,ok
089842,per089842_1914_05469,11,0,0,,,triagem/nome-caixa-conversao 1.0.0,10,ok
089842,per089842_1914_05469,12,0,0,,,triagem/nome-caixa-conversao 1.0.0,10,ok
089842,per089842_1914_05470,1,0,0,,,triagem/nome-caixa-conversao 1.0.0,10,ok
089842,per089842_1914_05470,2,1,2,caixa de conver,31560,triagem/nome-caixa-conversao 1.0.0,10,ok
089842,per089842_1914_05470,3,0,0,,,triagem/nome-caixa-conversao 1.0.0,10,ok
089842,per089842_1914_05470,4,0,0,,,triagem/nome-caixa-conversao 1.0.0,10,ok
089842,per089842_1914_05470,5,0,0,,,triagem/nome-caixa-conversao 1.0.0,10,ok
089842,per089842_1914_05470,6,0,0,,,triagem/nome-caixa-conversao 1.0.0,10,ok
089842,per089842_1914_05470,7,0,0,,,triagem/nome-caixa-conversao 1.0.0,10,ok
089842,per089842_1914_05470,8,0,0,,,triagem/nome-caixa-conversao 1.0.0,10,ok
089842,per089842_1914_05470,9,0,0,,,triagem/nome-caixa-conversao 1.0.0,10,ok
089842,per089842_1914_05470,10,0,0,,,triagem/nome-caixa-conversao 1.0.0,10,ok
089842,per089842_1914_05470,11,0,0,,,triagem/nome-caixa-conversao 1.0.0,10,ok
089842,per089842_1914_05470,12,0,0,,,triagem/nome-caixa-conversao 1.0.0,10,ok
089842,per089842_1914_05471,1,1,2,caixa dc conver,39082,triagem/nome-caixa-conversao 1.0.0,10,ok
089842,per089842_1914_05471,2,0,0,,,triagem/nome-caixa-conversao 1.0.0,10,ok
089842,per089842_1914_05471,3,0,0,,,triagem/nome-caixa-conversao 1.0.0,10,ok
089842,per089842_1914_05471,4,0,0,,,triagem/nome-caixa-conversao 1.0.0,10,ok
089842,per089842_1914_05471,5,0,0,,,triagem/nome-caixa-conversao 1.0.0,10,ok
089842,per089842_1914_05471,6,0,0,,,triagem/nome-caixa-conversao 1.0.0,10,ok
089842,per089842_1914_05471,7,0,0,,,triagem/nome-caixa-conversao 1.0.0,10,ok
089842,per089842_1914_05471,8,0,0,,,triagem/nome-caixa-conversao 1.0.0,10,ok
089842,per089842_1914_05471,9,0,0,,,triagem/nome-caixa-conversao 1.0.0,10,ok
089842,per089842_1914_05471,10,0,0,,,triagem/nome-caixa-conversao 1.0.0,10,ok
089842,per089842_1914_05471,11,0,0,,,triagem/nome-caixa-conversao 1.0.0,10,ok
089842,per089842_1914_05471,12,0,0,,,triagem/nome-caixa-conversao 1.0.0,10,ok
089842,per089842_1914_05471,13,0,0,,,triagem/nome-caixa-conversao 1.0.0,10,ok
089842,per089842_1914_05471,14,0,0,,,triagem/nome-caixa-conversao 1.0.0,10,ok
089842,per089842_1914_05472,1,0,0,,,triagem/nome-caixa-conversao 1.0.0,10,ok
089842,per089842_1914_05472,2,1,1,caixa de conver,2516,triagem/nome-caixa-conversao 1.0.0,10,ok
089842,per089842_1914_05472,3,0,0,,,triagem/nome-caixa-conversao 1.0.0,10,ok
089842,per089842_1914_05472,4,0,0,,,triagem/nome-caixa-conversao 1.0.0,10,ok
089842,per089842_1914_05472,5,0,0,,,triagem/nome-caixa-conversao 1.0.0,10,ok
089842,per089842_1914_05472,6,0,0,,,triagem/nome-caixa-conversao 1.0.0,10,ok
089842,per089842_1914_05472,7,0,0,,,triagem/nome-caixa-conversao 1.0.0,10,ok
089842,per089842_1914_05472,8,0,0,,,triagem/nome-caixa-conversao 1.0.0,10,ok
089842,per089842_1914_05472,9,0,0,,,triagem/nome-caixa-conversao 1.0.0,10,ok
089842,per089842_1914_05472,10,0,0,,,triagem/nome-caixa-conversao 1.0.0,10,ok
089842,per089842_1914_05472,11,0,0,,,triagem/nome-caixa-conversao 1.0.0,10,ok
089842,per089842_1914_05472,12,0,0,,,triagem/nome-caixa-conversao 1.0.0,10,ok
089842,per089842_1914_05472,13,0,0,,,triagem/nome-caixa-conversao 1.0.0,10,ok
089842,per089842_1914_05472,14,0,0,,,triagem/nome-caixa-conversao 1.0.0,10,ok
089842,per089842_1914_05473,1,0,0,,,triagem/nome-caixa-conversao 1.0.0,10,ok
089842,per089842_1914_05473,2,1,1,caixa de conver,37666,triagem/nome-caixa-conversao 1.0.0,10,ok
089842,per089842_1914_05473,3,0,0,,,triagem/nome-caixa-conversao 1.0.0,10,ok
089842,per089842_1914_05473,4,0,0,,,triagem/nome-caixa-conversao 1.0.0,10,ok
089842,per089842_1914_05473,5,0,0,,,triagem/nome-caixa-conversao 1.0.0,10,ok
089842,per089842_1914_05473,6,0,0,,,triagem/nome-caixa-conversao 1.0.0,10,ok
089842,per089842_1914_05473,7,0,0,,,triagem/nome-caixa-conversao 1.0.0,10,ok
089842,per089842_1914_05473,8,0,0,,,triagem/nome-caixa-conversao 1.0.0,10,ok
089842,per089842_1914_05473,9,0,0,,,triagem/nome-caixa-conversao 1.0.0,10,ok
089842,per089842_1914_05473,10,0,0,,,triagem/nome-caixa-conversao 1.0.0,10,ok
089842,per089842_1914_05473,11,0,0,,,triagem/nome-caixa-conversao 1.0.0,10,ok
089842,per089842_1914_05473,12,0,0,,,triagem/nome-caixa-conversao 1.0.0,10,ok
089842,per089842_1914_05473,13,0,0,,,triagem/nome-caixa-conversao 1.0.0,10,ok
089842,per089842_1914_05473,14,0,0,,,triagem/nome-caixa-conversao 1.0.0,10,ok
089842,per089842_1914_05474,1,0,0,,,triagem/nome-caixa-conversao 1.0.0,10,ok
089842,per089842_1914_05474,2,0,0,,,triagem/nome-caixa-conversao 1.0.0,10,ok
089842,per089842_1914_05474,3,0,0,,,triagem/nome-caixa-conversao 1.0.0,10,ok
089842,per089842_1914_05474,4,0,0,,,triagem/nome-caixa-conversao 1.0.0,10,ok
089842,per089842_1914_05474,5,0,0,,,triagem/nome-caixa-conversao 1.0.0,10,ok
089842,per089842_1914_05474,6,0,0,,,triagem/nome-caixa-conversao 1.0.0,10,ok
089842,per089842_1914_05474,7,0,0,,,triagem/nome-caixa-conversao 1.0.0,10,ok
089842,per089842_1914_05474,8,0,0,,,triagem/nome-caixa-conversao 1.0.0,10,ok
089842,per089842_1914_05474,9,0,0,,,triagem/nome-caixa-conversao 1.0.0,10,ok
089842,per089842_1914_05474,10,0,0,,,triagem/nome-caixa-conversao 1.0.0,10,ok
089842,per089842_1914_05474,11,0,0,,,triagem/nome-caixa-conversao 1.0.0,10,ok
089842,per089842_1914_05474,12,0,0,,,triagem/nome-caixa-conversao 1.0.0,10,ok
089842,per089842_1914_05474,13,0,0,,,triagem/nome-caixa-conversao 1.0.0,10,ok
089842,per089842_1914_05474,14,0,0,,,triagem/nome-caixa-conversao 1.0.0,10,ok
089842,per089842_1914_05474,15,0,0,,,triagem/nome-caixa-conversao 1.0.0,10,ok
089842,per089842_1914_05474,16,0,0,,,triagem/nome-caixa-conversao 1.0.0,10,ok
089842,per089842_1914_05475,1,0,0,,,triagem/nome-caixa-conversao 1.0.0,10,ok
089842,per089842_1914_05475,2,0,0,,,triagem/nome-caixa-conversao 1.0.0,10,ok
089842,per089842_1914_05475,3,0,0,,,triagem/nome-caixa-conversao 1.0.0,10,ok
089842,per089842_1914_05475,4,0,0,,,triagem/nome-caixa-conversao 1.0.0,10,ok
089842,per089842_1914_05475,5,0,0,,,triagem/nome-caixa-conversao 1.0.0,10,ok
089842,per089842_1914_05475,6,0,0,,,triagem/nome-caixa-conversao 1.0.0,10,ok
089842,per089842_1914_05475,7,0,0,,,triagem/nome-caixa-conversao 1.0.0,10,ok
089842,per089842_1914_05475,8,0,0,,,triagem/nome-caixa-conversao 1.0.0,10,ok
089842,per089842_1914_05475,9,0,0,,,triagem/nome-caixa-conversao 1.0.0,10,ok
089842,per089842_1914_05475,10,0,0,,,triagem/nome-caixa-conversao 1.0.0,10,ok
089842,per089842_1914_05475,11,0,0,,,triagem/nome-caixa-conversao 1.0.0,10,ok
089842,per089842_1914_05475,12,0,0,,,triagem/nome-caixa-conversao 1.0.0,10,ok
089842,per089842_1914_05476,1,0,0,,,triagem/nome-caixa-conversao 1.0.0,10,ok
089842,per089842_1914_05476,2,0,0,,,triagem/nome-caixa-conversao 1.0.0,10,ok
089842,per089842_1914_05476,3,0,0,,,triagem/nome-caixa-conversao 1.0.0,10,ok
089842,per089842_1914_05476,4,0,0,,,triagem/nome-caixa-conversao 1.0.0,10,ok
089842,per089842_1914_05476,5,0,0,,,triagem/nome-caixa-conversao 1.0.0,10,ok
089842,per089842_1914_05476,6,0,0,,,triagem/nome-caixa-conversao 1.0.0,10,ok
089842,per089842_1914_05476,7,0,0,,,triagem/nome-caixa-conversao 1.0.0,10,ok
089842,per089842_1914_05476,8,0,0,,,triagem/nome-caixa-conversao 1.0.0,10,ok
089842,per089842_1914_05476,9,0,0,,,triagem/nome-caixa-conversao 1.0.0,10,ok
089842,per089842_1914_05476,10,0,0,,,triagem/nome-caixa-conversao 1.0.0,10,ok
089842,per089842_1914_05476,11,0,0,,,triagem/nome-caixa-conversao 1.0.0,10,ok
089842,per089842_1914_05476,12,0,0,,,triagem/nome-caixa-conversao 1.0.0,10,ok
089842,per089842_1914_05477,1,0,0,,,triagem/nome-caixa-conversao 1.0.0,10,ok
089842,per089842_1914_05477,2,0,0,,,triagem/nome-caixa-conversao 1.0.0,10,ok
089842,per089842_1914_05477,3,0,0,,,triagem/nome-caixa-conversao 1.0.0,10,ok
089842,per089842_1914_05477,4,0,0,,,triagem/nome-caixa-conversao 1.0.0,10,ok
089842,per089842_1914_05477,5,0,0,,,triagem/nome-caixa-conversao 1.0.0,10,ok
089842,per089842_1914_05477,6,0,0,,,triagem/nome-caixa-conversao 1.0.0,10,ok
089842,per089842_1914_05477,7,0,0,,,triagem/nome-caixa-conversao 1.0.0,10,ok
089842,per089842_1914_05477,8,0,0,,,triagem/nome-caixa-conversao 1.0.0,10,ok
089842,per089842_1914_05477,9,0,0,,,triagem/nome-caixa-conversao 1.0.0,10,ok
089842,per089842_1914_05477,10,0,0,,,triagem/nome-caixa-conversao 1.0.0,10,ok
089842,per089842_1914_05477,11,0,0,,,triagem/nome-caixa-conversao 1.0.0,10,ok
089842,per089842_1914_05477,12,0,0,,,triagem/nome-caixa-conversao 1.0.0,10,ok
089842,per089842_1914_05478,1,0,0,,,triagem/nome-caixa-conversao 1.0.0,10,ok
089842,per089842_1914_05478,2,0,0,,,triagem/nome-caixa-conversao 1.0.0,10,ok
089842,per089842_1914_05478,3,0,0,,,triagem/nome-caixa-conversao 1.0.0,10,ok
089842,per089842_1914_05478,4,0,0,,,triagem/nome-caixa-conversao 1.0.0,10,ok
089842,per089842_1914_05478,5,0,0,,,triagem/nome-caixa-conversao 1.0.0,10,ok
089842,per089842_1914_05478,6,0,0,,,triagem/nome-caixa-conversao 1.0.0,10,ok
089842,per089842_1914_05478,7,0,0,,,triagem/nome-caixa-conversao 1.0.0,10,ok
089842,per089842_1914_05478,8,0,0,,,triagem/nome-caixa-conversao 1.0.0,10,ok
089842,per089842_1914_05478,9,0,0,,,triagem/nome-caixa-conversao 1.0.0,10,ok
089842,per089842_1914_05478,10,0,0,,,triagem/nome-caixa-conversao 1.0.0,10,ok
089842,per089842_1914_05478,11,0,0,,,triagem/nome-caixa-conversao 1.0.0,10,ok
089842,per089842_1914_05478,12,0,0,,,triagem/nome-caixa-conversao 1.0.0,10,ok
089842,per089842_1914_05478,13,0,0,,,triagem/nome-caixa-conversao 1.0.0,10,ok
089842,per089842_1914_05478,14,0,0,,,triagem/nome-caixa-conversao 1.0.0,10,ok
089842,per089842_1914_05479,1,0,0,,,triagem/nome-caixa-conversao 1.0.0,10,ok
089842,per089842_1914_05479,2,0,0,,,triagem/nome-caixa-conversao 1.0.0,10,ok
089842,per089842_1914_05479,3,0,0,,,triagem/nome-caixa-conversao 1.0.0,10,ok
089842,per089842_1914_05479,4,0,0,,,triagem/nome-caixa-conversao 1.0.0,10,ok
089842,per089842_1914_05479,5,0,0,,,triagem/nome-caixa-conversao 1.0.0,10,ok
089842,per089842_1914_05479,6,0,0,,,triagem/nome-caixa-conversao 1.0.0,10,ok
089842,per089842_1914_05479,7,0,0,,,triagem/nome-caixa-conversao 1.0.0,10,ok
089842,per089842_1914_05479,8,0,0,,,triagem/nome-caixa-conversao 1.0.0,10,ok
089842,per089842_1914_05479,9,0,0,,,triagem/nome-caixa-conversao 1.0.0,10,ok
089842,per089842_1914_05479,10,0,0,,,triagem/nome-caixa-conversao 1.0.0,10,ok
089842,per089842_1914_05479,11,0,0,,,triagem/nome-caixa-conversao 1.0.0,10,ok
089842,per089842_1914_05479,12,0,0,,,triagem/nome-caixa-conversao 1.0.0,10,ok
089842,per089842_1914_05480,1,0,0,,,triagem/nome-caixa-conversao 1.0.0,10,ok
089842,per089842_1914_05480,2,0,0,,,triagem/nome-caixa-conversao 1.0.0,10,ok
089842,per089842_1914_05480,3,0,0,,,triagem/nome-caixa-conversao 1.0.0,10,ok
089842,per089842_1914_05480,4,0,0,,,triagem/nome-caixa-conversao 1.0.0,10,ok
089842,per089842_1914_05480,5,0,0,,,triagem/nome-caixa-conversao 1.0.0,10,ok
089842,per089842_1914_05480,6,0,0,,,triagem/nome-caixa-conversao 1.0.0,10,ok
089842,per089842_1914_05480,7,0,0,,,triagem/nome-caixa-conversao 1.0.0,10,ok
089842,per089842_1914_05480,8,0,0,,,triagem/nome-caixa-conversao 1.0.0,10,ok
089842,per089842_1914_05480,9,0,0,,,triagem/nome-caixa-conversao 1.0.0,10,ok
089842,per089842_1914_05480,10,0,0,,,triagem/nome-caixa-conversao 1.0.0,10,ok
089842,per089842_1914_05480,11,0,0,,,triagem/nome-caixa-conversao 1.0.0,10,ok
089842,per089842_1914_05480,12,0,0,,,triagem/nome-caixa-conversao 1.0.0,10,ok
089842,per089842_1914_05480,13,0,0,,,triagem/nome-caixa-conversao 1.0.0,10,ok
089842,per089842_1914_05480,14,0,0,,,triagem/nome-caixa-conversao 1.0.0,10,ok
089842,per089842_1914_05481,1,0,0,,,triagem/nome-caixa-conversao 1.0.0,10,ok
089842,per089842_1914_05481,2,0,0,,,triagem/nome-caixa-conversao 1.0.0,10,ok
089842,per089842_1914_05481,3,1,2,caixa de conver,15649,triagem/nome-caixa-conversao 1.0.0,10,ok
089842,per089842_1914_05481,4,0,0,,,triagem/nome-caixa-conversao 1.0.0,10,ok
089842,per089842_1914_05481,5,0,0,,,triagem/nome-caixa-conversao 1.0.0,10,ok
089842,per089842_1914_05481,6,0,0,,,triagem/nome-caixa-conversao 1.0.0,10,ok
089842,per089842_1914_05481,7,0,0,,,triagem/nome-caixa-conversao 1.0.0,10,ok
089842,per089842_1914_05481,8,0,0,,,triagem/nome-caixa-conversao 1.0.0,10,ok
089842,per089842_1914_05481,9,0,0,,,triagem/nome-caixa-conversao 1.0.0,10,ok
089842,per089842_1914_05481,10,0,0,,,triagem/nome-caixa-conversao 1.0.0,10,ok
089842,per089842_1914_05481,11,0,0,,,triagem/nome-caixa-conversao 1.0.0,10,ok
089842,per089842_1914_05481,12,0,0,,,triagem/nome-caixa-conversao 1.0.0,10,ok
089842,per089842_1914_05481,13,0,0,,,triagem/nome-caixa-conversao 1.0.0,10,ok
089842,per089842_1914_05481,14,0,0,,,triagem/nome-caixa-conversao 1.0.0,10,ok
089842,per089842_1914_05481,15,0,0,,,triagem/nome-caixa-conversao 1.0.0,10,ok
089842,per089842_1914_05481,16,0,0,,,triagem/nome-caixa-conversao 1.0.0,10,ok
089842,per089842_1914_05482,1,0,0,,,triagem/nome-caixa-conversao 1.0.0,10,ok
089842,per089842_1914_05482,2,0,0,,,triagem/nome-caixa-conversao 1.0.0,10,ok
089842,per089842_1914_05482,3,0,0,,,triagem/nome-caixa-conversao 1.0.0,10,ok
089842,per089842_1914_05482,4,1,1,caixa de conver,4160,triagem/nome-caixa-conversao 1.0.0,10,ok
089842,per089842_1914_05482,5,0,0,,,triagem/nome-caixa-conversao 1.0.0,10,ok
089842,per089842_1914_05482,6,0,0,,,triagem/nome-caixa-conversao 1.0.0,10,ok
089842,per089842_1914_05482,7,0,0,,,triagem/nome-caixa-conversao 1.0.0,10,ok
089842,per089842_1914_05482,8,0,0,,,triagem/nome-caixa-conversao 1.0.0,10,ok
089842,per089842_1914_05482,9,0,0,,,triagem/nome-caixa-conversao 1.0.0,10,ok
089842,per089842_1914_05482,10,0,0,,,triagem/nome-caixa-conversao 1.0.0,10,ok
089842,per089842_1914_05482,11,0,0,,,triagem/nome-caixa-conversao 1.0.0,10,ok
089842,per089842_1914_05482,12,0,0,,,triagem/nome-caixa-conversao 1.0.0,10,ok
089842,per089842_1914_05482,13,0,0,,,triagem/nome-caixa-conversao 1.0.0,10,ok
089842,per089842_1914_05482,14,0,0,,,triagem/nome-caixa-conversao 1.0.0,10,ok
089842,per089842_1914_05483,1,1,1,caixa de conver,42274,triagem/nome-caixa-conversao 1.0.0,10,ok
089842,per089842_1914_05483,2,0,0,,,triagem/nome-caixa-conversao 1.0.0,10,ok
089842,per089842_1914_05483,3,0,0,,,triagem/nome-caixa-conversao 1.0.0,10,ok
089842,per089842_1914_05483,4,0,0,,,triagem/nome-caixa-conversao 1.0.0,10,ok
089842,per089842_1914_05483,5,0,0,,,triagem/nome-caixa-conversao 1.0.0,10,ok
089842,per089842_1914_05483,6,0,0,,,triagem/nome-caixa-conversao 1.0.0,10,ok
089842,per089842_1914_05483,7,0,0,,,triagem/nome-caixa-conversao 1.0.0,10,ok
089842,per089842_1914_05483,8,0,0,,,triagem/nome-caixa-conversao 1.0.0,10,ok
089842,per089842_1914_05483,9,0,0,,,triagem/nome-caixa-conversao 1.0.0,10,ok
089842,per089842_1914_05483,10,0,0,,,triagem/nome-caixa-conversao 1.0.0,10,ok
089842,per089842_1914_05483,11,0,0,,,triagem/nome-caixa-conversao 1.0.0,10,ok
089842,per089842_1914_05483,12,0,0,,,triagem/nome-caixa-conversao 1.0.0,10,ok
089842,per089842_1914_05483,13,0,0,,,triagem/nome-caixa-conversao 1.0.0,10,ok
089842,per089842_1914_05483,14,0,0,,,triagem/nome-caixa-conversao 1.0.0,10,ok
089842,per089842_1914_05484,1,0,0,,,triagem/nome-caixa-conversao 1.0.0,10,ok
089842,per089842_1914_05484,2,0,0,,,triagem/nome-caixa-conversao 1.0.0,10,ok
089842,per089842_1914_05484,3,0,0,,,triagem/nome-caixa-conversao 1.0.0,10,ok
089842,per089842_1914_05484,4,0,0,,,triagem/nome-caixa-conversao 1.0.0,10,ok
089842,per089842_1914_05484,5,0,0,,,triagem/nome-caixa-conversao 1.0.0,10,ok
089842,per089842_1914_05484,6,0,0,,,triagem/nome-caixa-conversao 1.0.0,10,ok
089842,per089842_1914_05484,7,0,0,,,triagem/nome-caixa-conversao 1.0.0,10,ok
089842,per089842_1914_05484,8,0,0,,,triagem/nome-caixa-conversao 1.0.0,10,ok
089842,per089842_1914_05484,9,0,0,,,triagem/nome-caixa-conversao 1.0.0,10,ok
089842,per089842_1914_05484,10,0,0,,,triagem/nome-caixa-conversao 1.0.0,10,ok
089842,per089842_1914_05484,11,0,0,,,triagem/nome-caixa-conversao 1.0.0,10,ok
089842,per089842_1914_05484,12,0,0,,,triagem/nome-caixa-conversao 1.0.0,10,ok
089842,per089842_1914_05485,1,0,0,,,triagem/nome-caixa-conversao 1.0.0,10,ok
089842,per089842_1914_05485,2,0,0,,,triagem/nome-caixa-conversao 1.0.0,10,ok
089842,per089842_1914_05485,3,0,0,,,triagem/nome-caixa-conversao 1.0.0,10,ok
089842,per089842_1914_05485,4,0,0,,,triagem/nome-caixa-conversao 1.0.0,10,ok
089842,per089842_1914_05485,5,0,0,,,triagem/nome-caixa-conversao 1.0.0,10,ok
089842,per089842_1914_05485,6,0,0,,,triagem/nome-caixa-conversao 1.0.0,10,ok
089842,per089842_1914_05485,7,0,0,,,triagem/nome-caixa-conversao 1.0.0,10,ok
089842,per089842_1914_05485,8,0,0,,,triagem/nome-caixa-conversao 1.0.0,10,ok
089842,per089842_1914_05485,9,0,0,,,triagem/nome-caixa-conversao 1.0.0,10,ok
089842,per089842_1914_05485,10,0,0,,,triagem/nome-caixa-conversao 1.0.0,10,ok
089842,per089842_1914_05485,11,0,0,,,triagem/nome-caixa-conversao 1.0.0,10,ok
089842,per089842_1914_05485,12,0,0,,,triagem/nome-caixa-conversao 1.0.0,10,ok
089842,per089842_1914_05485,13,0,0,,,triagem/nome-caixa-conversao 1.0.0,10,ok
089842,per089842_1914_05485,14,0,0,,,triagem/nome-caixa-conversao 1.0.0,10,ok
089842,per089842_1914_05485,15,0,0,,,triagem/nome-caixa-conversao 1.0.0,10,ok
089842,per089842_1914_05485,16,0,0,,,triagem/nome-caixa-conversao 1.0.0,10,ok
089842,per089842_1914_05486,1,0,0,,,triagem/nome-caixa-conversao 1.0.0,10,ok
089842,per089842_1914_05486,2,0,0,,,triagem/nome-caixa-conversao 1.0.0,10,ok
089842,per089842_1914_05486,3,0,0,,,triagem/nome-caixa-conversao 1.0.0,10,ok
089842,per089842_1914_05486,4,0,0,,,triagem/nome-caixa-conversao 1.0.0,10,ok
089842,per089842_1914_05486,5,0,0,,,triagem/nome-caixa-conversao 1.0.0,10,ok
089842,per089842_1914_05486,6,0,0,,,triagem/nome-caixa-conversao 1.0.0,10,ok
089842,per089842_1914_05486,7,0,0,,,triagem/nome-caixa-conversao 1.0.0,10,ok
089842,per089842_1914_05486,8,0,0,,,triagem/nome-caixa-conversao 1.0.0,10,ok
089842,per089842_1914_05486,9,0,0,,,triagem/nome-caixa-conversao 1.0.0,10,ok
089842,per089842_1914_05486,10,0,0,,,triagem/nome-caixa-conversao 1.0.0,10,ok
089842,per089842_1914_05486,11,0,0,,,triagem/nome-caixa-conversao 1.0.0,10,ok
089842,per089842_1914_05486,12,0,0,,,triagem/nome-caixa-conversao 1.0.0,10,ok
089842,per089842_1914_05487,1,1,1,caixa deconver,13680,triagem/nome-caixa-conversao 1.0.0,10,ok
089842,per089842_1914_05487,2,0,0,,,triagem/nome-caixa-conversao 1.0.0,10,ok
089842,per089842_1914_05487,3,0,0,,,triagem/nome-caixa-conversao 1.0.0,10,ok
089842,per089842_1914_05487,4,0,0,,,triagem/nome-caixa-conversao 1.0.0,10,ok
089842,per089842_1914_05487,5,0,0,,,triagem/nome-caixa-conversao 1.0.0,10,ok
089842,per089842_1914_05487,6,0,0,,,triagem/nome-caixa-conversao 1.0.0,10,ok
089842,per089842_1914_05487,7,0,0,,,triagem/nome-caixa-conversao 1.0.0,10,ok
089842,per089842_1914_05487,8,0,0,,,triagem/nome-caixa-conversao 1.0.0,10,ok
089842,per089842_1914_05487,9,0,0,,,triagem/nome-caixa-conversao 1.0.0,10,ok
089842,per089842_1914_05487,10,0,0,,,triagem/nome-caixa-conversao 1.0.0,10,ok
089842,per089842_1914_05487,11,0,0,,,triagem/nome-caixa-conversao 1.0.0,10,ok
089842,per089842_1914_05487,12,0,0,,,triagem/nome-caixa-conversao 1.0.0,10,ok
089842,per089842_1914_05487,13,0,0,,,triagem/nome-caixa-conversao 1.0.0,10,ok
089842,per089842_1914_05487,14,0,0,,,triagem/nome-caixa-conversao 1.0.0,10,ok
089842,per089842_1914_05488,1,0,0,,,triagem/nome-caixa-conversao 1.0.0,10,ok
089842,per089842_1914_05488,2,0,0,,,triagem/nome-caixa-conversao 1.0.0,10,ok
089842,per089842_1914_05488,3,0,0,,,triagem/nome-caixa-conversao 1.0.0,10,ok
089842,per089842_1914_05488,4,0,0,,,triagem/nome-caixa-conversao 1.0.0,10,ok
089842,per089842_1914_05488,5,0,0,,,triagem/nome-caixa-conversao 1.0.0,10,ok
089842,per089842_1914_05488,6,0,0,,,triagem/nome-caixa-conversao 1.0.0,10,ok
089842,per089842_1914_05488,7,0,0,,,triagem/nome-caixa-conversao 1.0.0,10,ok
089842,per089842_1914_05488,8,0,0,,,triagem/nome-caixa-conversao 1.0.0,10,ok
089842,per089842_1914_05488,9,0,0,,,triagem/nome-caixa-conversao 1.0.0,10,ok
089842,per089842_1914_05488,10,0,0,,,triagem/nome-caixa-conversao 1.0.0,10,ok
089842,per089842_1914_05488,11,0,0,,,triagem/nome-caixa-conversao 1.0.0,10,ok
089842,per089842_1914_05488,12,0,0,,,triagem/nome-caixa-conversao 1.0.0,10,ok
089842,per089842_1914_05488,13,0,0,,,triagem/nome-caixa-conversao 1.0.0,10,ok
089842,per089842_1914_05488,14,0,0,,,triagem/nome-caixa-conversao 1.0.0,10,ok
089842,per089842_1914_05488,15,0,0,,,triagem/nome-caixa-conversao 1.0.0,10,ok
089842,per089842_1914_05488,16,0,0,,,triagem/nome-caixa-conversao 1.0.0,10,ok
089842,per089842_1914_05489,1,0,0,,,triagem/nome-caixa-conversao 1.0.0,10,ok
089842,per089842_1914_05489,2,0,0,,,triagem/nome-caixa-conversao 1.0.0,10,ok
089842,per089842_1914_05489,3,0,0,,,triagem/nome-caixa-conversao 1.0.0,10,ok
089842,per089842_1914_05489,4,0,0,,,triagem/nome-caixa-conversao 1.0.0,10,ok
089842,per089842_1914_05489,5,0,0,,,triagem/nome-caixa-conversao 1.0.0,10,ok
089842,per089842_1914_05489,6,0,0,,,triagem/nome-caixa-conversao 1.0.0,10,ok
089842,per089842_1914_05489,7,0,0,,,triagem/nome-caixa-conversao 1.0.0,10,ok
089842,per089842_1914_05489,8,0,0,,,triagem/nome-caixa-conversao 1.0.0,10,ok
089842,per089842_1914_05489,9,0,0,,,triagem/nome-caixa-conversao 1.0.0,10,ok
089842,per089842_1914_05489,10,0,0,,,triagem/nome-caixa-conversao 1.0.0,10,ok
089842,per089842_1914_05489,11,0,0,,,triagem/nome-caixa-conversao 1.0.0,10,ok
089842,per089842_1914_05489,12,0,0,,,triagem/nome-caixa-conversao 1.0.0,10,ok
089842,per089842_1914_05490,1,0,0,,,triagem/nome-caixa-conversao 1.0.0,10,ok
089842,per089842_1914_05490,2,0,0,,,triagem/nome-caixa-conversao 1.0.0,10,ok
089842,per089842_1914_05490,3,0,0,,,triagem/nome-caixa-conversao 1.0.0,10,ok
089842,per089842_1914_05490,4,0,0,,,triagem/nome-caixa-conversao 1.0.0,10,ok
089842,per089842_1914_05490,5,0,0,,,triagem/nome-caixa-conversao 1.0.0,10,ok
089842,per089842_1914_05490,6,0,0,,,triagem/nome-caixa-conversao 1.0.0,10,ok
089842,per089842_1914_05490,7,0,0,,,triagem/nome-caixa-conversao 1.0.0,10,ok
089842,per089842_1914_05490,8,0,0,,,triagem/nome-caixa-conversao 1.0.0,10,ok
089842,per089842_1914_05490,9,0,0,,,triagem/nome-caixa-conversao 1.0.0,10,ok
089842,per089842_1914_05490,10,0,0,,,triagem/nome-caixa-conversao 1.0.0,10,ok
089842,per089842_1914_05490,11,0,0,,,triagem/nome-caixa-conversao 1.0.0,10,ok
089842,per089842_1914_05490,12,0,0,,,triagem/nome-caixa-conversao 1.0.0,10,ok
089842,per089842_1914_05490,13,0,0,,,triagem/nome-caixa-conversao 1.0.0,10,ok
089842,per089842_1914_05490,14,0,0,,,triagem/nome-caixa-conversao 1.0.0,10,ok
089842,per089842_1914_05491,1,0,0,,,triagem/nome-caixa-conversao 1.0.0,10,ok
089842,per089842_1914_05491,2,0,0,,,triagem/nome-caixa-conversao 1.0.0,10,ok
089842,per089842_1914_05491,3,0,0,,,triagem/nome-caixa-conversao 1.0.0,10,ok
089842,per089842_1914_05491,4,0,0,,,triagem/nome-caixa-conversao 1.0.0,10,ok
089842,per089842_1914_05491,5,0,0,,,triagem/nome-caixa-conversao 1.0.0,10,ok
089842,per089842_1914_05491,6,0,0,,,triagem/nome-caixa-conversao 1.0.0,10,ok
089842,per089842_1914_05491,7,0,0,,,triagem/nome-caixa-conversao 1.0.0,10,ok
089842,per089842_1914_05491,8,0,0,,,triagem/nome-caixa-conversao 1.0.0,10,ok
089842,per089842_1914_05491,9,0,0,,,triagem/nome-caixa-conversao 1.0.0,10,ok
089842,per089842_1914_05491,10,0,0,,,triagem/nome-caixa-conversao 1.0.0,10,ok
089842,per089842_1914_05491,11,0,0,,,triagem/nome-caixa-conversao 1.0.0,10,ok
089842,per089842_1914_05491,12,0,0,,,triagem/nome-caixa-conversao 1.0.0,10,ok
089842,per089842_1914_05492,1,0,0,,,triagem/nome-caixa-conversao 1.0.0,10,ok
089842,per089842_1914_05492,2,0,0,,,triagem/nome-caixa-conversao 1.0.0,10,ok
089842,per089842_1914_05492,3,0,0,,,triagem/nome-caixa-conversao 1.0.0,10,ok
089842,per089842_1914_05492,4,0,0,,,triagem/nome-caixa-conversao 1.0.0,10,ok
089842,per089842_1914_05492,5,0,0,,,triagem/nome-caixa-conversao 1.0.0,10,ok
089842,per089842_1914_05492,6,0,0,,,triagem/nome-caixa-conversao 1.0.0,10,ok
089842,per089842_1914_05492,7,0,0,,,triagem/nome-caixa-conversao 1.0.0,10,ok
089842,per089842_1914_05492,8,0,0,,,triagem/nome-caixa-conversao 1.0.0,10,ok
089842,per089842_1914_05492,9,0,0,,,triagem/nome-caixa-conversao 1.0.0,10,ok
089842,per089842_1914_05492,10,0,0,,,triagem/nome-caixa-conversao 1.0.0,10,ok
089842,per089842_1914_05492,11,0,0,,,triagem/nome-caixa-conversao 1.0.0,10,ok
089842,per089842_1914_05492,12,0,0,,,triagem/nome-caixa-conversao 1.0.0,10,ok
089842,per089842_1914_05492,13,0,0,,,triagem/nome-caixa-conversao 1.0.0,10,ok
089842,per089842_1914_05492,14,0,0,,,triagem/nome-caixa-conversao 1.0.0,10,ok
089842,per089842_1914_05492,15,0,0,,,triagem/nome-caixa-conversao 1.0.0,10,ok
089842,per089842_1914_05492,16,0,0,,,triagem/nome-caixa-conversao 1.0.0,10,ok
089842,per089842_1914_05493,1,0,0,,,triagem/nome-caixa-conversao 1.0.0,10,ok
089842,per089842_1914_05493,2,0,0,,,triagem/nome-caixa-conversao 1.0.0,10,ok
089842,per089842_1914_05493,3,0,0,,,triagem/nome-caixa-conversao 1.0.0,10,ok
089842,per089842_1914_05493,4,0,0,,,triagem/nome-caixa-conversao 1.0.0,10,ok
089842,per089842_1914_05493,5,0,0,,,triagem/nome-caixa-conversao 1.0.0,10,ok
089842,per089842_1914_05493,6,0,0,,,triagem/nome-caixa-conversao 1.0.0,10,ok
089842,per089842_1914_05493,7,0,0,,,triagem/nome-caixa-conversao 1.0.0,10,ok
089842,per089842_1914_05493,8,0,0,,,triagem/nome-caixa-conversao 1.0.0,10,ok
089842,per089842_1914_05493,9,0,0,,,triagem/nome-caixa-conversao 1.0.0,10,ok
089842,per089842_1914_05493,10,0,0,,,triagem/nome-caixa-conversao 1.0.0,10,ok
089842,per089842_1914_05493,11,0,0,,,triagem/nome-caixa-conversao 1.0.0,10,ok
089842,per089842_1914_05493,12,0,0,,,triagem/nome-caixa-conversao 1.0.0,10,ok
089842,per089842_1914_05493,13,0,0,,,triagem/nome-caixa-conversao 1.0.0,10,ok
089842,per089842_1914_05493,14,0,0,,,triagem/nome-caixa-conversao 1.0.0,10,ok
089842,per089842_1914_05494,1,1,1,caixa de conver,904,triagem/nome-caixa-conversao 1.0.0,10,ok
089842,per089842_1914_05494,2,0,0,,,triagem/nome-caixa-conversao 1.0.0,10,ok
089842,per089842_1914_05494,3,0,0,,,triagem/nome-caixa-conversao 1.0.0,10,ok
089842,per089842_1914_05494,4,0,0,,,triagem/nome-caixa-conversao 1.0.0,10,ok
089842,per089842_1914_05494,5,0,0,,,triagem/nome-caixa-conversao 1.0.0,10,ok
089842,per089842_1914_05494,6,0,0,,,triagem/nome-caixa-conversao 1.0.0,10,ok
089842,per089842_1914_05494,7,0,0,,,triagem/nome-caixa-conversao 1.0.0,10,ok
089842,per089842_1914_05494,8,0,0,,,triagem/nome-caixa-conversao 1.0.0,10,ok
089842,per089842_1914_05494,9,0,0,,,triagem/nome-caixa-conversao 1.0.0,10,ok
089842,per089842_1914_05494,10,0,0,,,triagem/nome-caixa-conversao 1.0.0,10,ok
089842,per089842_1914_05494,11,0,0,,,triagem/nome-caixa-conversao 1.0.0,10,ok
089842,per089842_1914_05494,12,0,0,,,triagem/nome-caixa-conversao 1.0.0,10,ok
089842,per089842_1914_05494,13,0,0,,,triagem/nome-caixa-conversao 1.0.0,10,ok
089842,per089842_1914_05494,14,0,0,,,triagem/nome-caixa-conversao 1.0.0,10,ok
089842,per089842_1914_05495,1,0,0,,,triagem/nome-caixa-conversao 1.0.0,10,ok
089842,per089842_1914_05495,2,0,0,,,triagem/nome-caixa-conversao 1.0.0,10,ok
089842,per089842_1914_05495,3,0,0,,,triagem/nome-caixa-conversao 1.0.0,10,ok
089842,per089842_1914_05495,4,0,0,,,triagem/nome-caixa-conversao 1.0.0,10,ok
089842,per089842_1914_05495,5,0,0,,,triagem/nome-caixa-conversao 1.0.0,10,ok
089842,per089842_1914_05495,6,0,0,,,triagem/nome-caixa-conversao 1.0.0,10,ok
089842,per089842_1914_05495,7,0,0,,,triagem/nome-caixa-conversao 1.0.0,10,ok
089842,per089842_1914_05495,8,0,0,,,triagem/nome-caixa-conversao 1.0.0,10,ok
089842,per089842_1914_05495,9,0,0,,,triagem/nome-caixa-conversao 1.0.0,10,ok
089842,per089842_1914_05495,10,0,0,,,triagem/nome-caixa-conversao 1.0.0,10,ok
089842,per089842_1914_05495,11,0,0,,,triagem/nome-caixa-conversao 1.0.0,10,ok
089842,per089842_1914_05495,12,0,0,,,triagem/nome-caixa-conversao 1.0.0,10,ok
089842,per089842_1914_05495,13,0,0,,,triagem/nome-caixa-conversao 1.0.0,10,ok
089842,per089842_1914_05495,14,0,0,,,triagem/nome-caixa-conversao 1.0.0,10,ok
089842,per089842_1914_05495,15,0,0,,,triagem/nome-caixa-conversao 1.0.0,10,ok
089842,per089842_1914_05495,16,0,0,,,triagem/nome-caixa-conversao 1.0.0,10,ok
089842,per089842_1914_05496,1,0,0,,,triagem/nome-caixa-conversao 1.0.0,10,ok
089842,per089842_1914_05496,2,0,0,,,triagem/nome-caixa-conversao 1.0.0,10,ok
089842,per089842_1914_05496,3,0,0,,,triagem/nome-caixa-conversao 1.0.0,10,ok
089842,per089842_1914_05496,4,0,0,,,triagem/nome-caixa-conversao 1.0.0,10,ok
089842,per089842_1914_05496,5,0,0,,,triagem/nome-caixa-conversao 1.0.0,10,ok
089842,per089842_1914_05496,6,0,0,,,triagem/nome-caixa-conversao 1.0.0,10,ok
089842,per089842_1914_05496,7,0,0,,,triagem/nome-caixa-conversao 1.0.0,10,ok
089842,per089842_1914_05496,8,0,0,,,triagem/nome-caixa-conversao 1.0.0,10,ok
089842,per089842_1914_05496,9,0,0,,,triagem/nome-caixa-conversao 1.0.0,10,ok
089842,per089842_1914_05496,10,0,0,,,triagem/nome-caixa-conversao 1.0.0,10,ok
089842,per089842_1914_05496,11,0,0,,,triagem/nome-caixa-conversao 1.0.0,10,ok
089842,per089842_1914_05496,12,0,0,,,triagem/nome-caixa-conversao 1.0.0,10,ok
089842,per089842_1914_05496,13,0,0,,,triagem/nome-caixa-conversao 1.0.0,10,ok
089842,per089842_1914_05496,14,0,0,,,triagem/nome-caixa-conversao 1.0.0,10,ok
089842,per089842_1914_05497,1,0,0,,,triagem/nome-caixa-conversao 1.0.0,10,ok
089842,per089842_1914_05497,2,0,0,,,triagem/nome-caixa-conversao 1.0.0,10,ok
089842,per089842_1914_05497,3,0,0,,,triagem/nome-caixa-conversao 1.0.0,10,ok
089842,per089842_1914_05497,4,0,0,,,triagem/nome-caixa-conversao 1.0.0,10,ok
089842,per089842_1914_05497,5,0,0,,,triagem/nome-caixa-conversao 1.0.0,10,ok
089842,per089842_1914_05497,6,0,0,,,triagem/nome-caixa-conversao 1.0.0,10,ok
089842,per089842_1914_05497,7,0,0,,,triagem/nome-caixa-conversao 1.0.0,10,ok
089842,per089842_1914_05497,8,0,0,,,triagem/nome-caixa-conversao 1.0.0,10,ok
089842,per089842_1914_05497,9,0,0,,,triagem/nome-caixa-conversao 1.0.0,10,ok
089842,per089842_1914_05497,10,0,0,,,triagem/nome-caixa-conversao 1.0.0,10,ok
089842,per089842_1914_05497,11,0,0,,,triagem/nome-caixa-conversao 1.0.0,10,ok
089842,per089842_1914_05497,12,0,0,,,triagem/nome-caixa-conversao 1.0.0,10,ok
089842,per089842_1914_05497,13,0,0,,,triagem/nome-caixa-conversao 1.0.0,10,ok
089842,per089842_1914_05497,14,0,0,,,triagem/nome-caixa-conversao 1.0.0,10,ok
089842,per089842_1914_05498,1,0,0,,,triagem/nome-caixa-conversao 1.0.0,10,ok
089842,per089842_1914_05498,2,0,0,,,triagem/nome-caixa-conversao 1.0.0,10,ok
089842,per089842_1914_05498,3,0,0,,,triagem/nome-caixa-conversao 1.0.0,10,ok
089842,per089842_1914_05498,4,0,0,,,triagem/nome-caixa-conversao 1.0.0,10,ok
089842,per089842_1914_05498,5,0,0,,,triagem/nome-caixa-conversao 1.0.0,10,ok
089842,per089842_1914_05498,6,0,0,,,triagem/nome-caixa-conversao 1.0.0,10,ok
089842,per089842_1914_05498,7,0,0,,,triagem/nome-caixa-conversao 1.0.0,10,ok
089842,per089842_1914_05498,8,0,0,,,triagem/nome-caixa-conversao 1.0.0,10,ok
089842,per089842_1914_05498,9,0,0,,,triagem/nome-caixa-conversao 1.0.0,10,ok
089842,per089842_1914_05498,10,0,0,,,triagem/nome-caixa-conversao 1.0.0,10,ok
089842,per089842_1914_05498,11,0,0,,,triagem/nome-caixa-conversao 1.0.0,10,ok
089842,per089842_1914_05498,12,0,0,,,triagem/nome-caixa-conversao 1.0.0,10,ok
089842,per089842_1914_05499,1,0,0,,,triagem/nome-caixa-conversao 1.0.0,10,ok
089842,per089842_1914_05499,2,0,0,,,triagem/nome-caixa-conversao 1.0.0,10,ok
089842,per089842_1914_05499,3,0,0,,,triagem/nome-caixa-conversao 1.0.0,10,ok
089842,per089842_1914_05499,4,0,0,,,triagem/nome-caixa-conversao 1.0.0,10,ok
089842,per089842_1914_05499,5,0,0,,,triagem/nome-caixa-conversao 1.0.0,10,ok
089842,per089842_1914_05499,6,0,0,,,triagem/nome-caixa-conversao 1.0.0,10,ok
089842,per089842_1914_05499,7,0,0,,,triagem/nome-caixa-conversao 1.0.0,10,ok
089842,per089842_1914_05499,8,0,0,,,triagem/nome-caixa-conversao 1.0.0,10,ok
089842,per089842_1914_05499,9,0,0,,,triagem/nome-caixa-conversao 1.0.0,10,ok
089842,per089842_1914_05499,10,0,0,,,triagem/nome-caixa-conversao 1.0.0,10,ok
089842,per089842_1914_05499,11,0,0,,,triagem/nome-caixa-conversao 1.0.0,10,ok
089842,per089842_1914_05499,12,0,0,,,triagem/nome-caixa-conversao 1.0.0,10,ok
089842,per089842_1914_05499,13,0,0,,,triagem/nome-caixa-conversao 1.0.0,10,ok
089842,per089842_1914_05499,14,0,0,,,triagem/nome-caixa-conversao 1.0.0,10,ok
089842,per089842_1914_05500,1,0,0,,,triagem/nome-caixa-conversao 1.0.0,10,ok
089842,per089842_1914_05500,2,0,0,,,triagem/nome-caixa-conversao 1.0.0,10,ok
089842,per089842_1914_05500,3,0,0,,,triagem/nome-caixa-conversao 1.0.0,10,ok
089842,per089842_1914_05500,4,0,0,,,triagem/nome-caixa-conversao 1.0.0,10,ok
089842,per089842_1914_05500,5,0,0,,,triagem/nome-caixa-conversao 1.0.0,10,ok
089842,per089842_1914_05500,6,0,0,,,triagem/nome-caixa-conversao 1.0.0,10,ok
089842,per089842_1914_05500,7,0,0,,,triagem/nome-caixa-conversao 1.0.0,10,ok
089842,per089842_1914_05500,8,0,0,,,triagem/nome-caixa-conversao 1.0.0,10,ok
089842,per089842_1914_05500,9,0,0,,,triagem/nome-caixa-conversao 1.0.0,10,ok
089842,per089842_1914_05500,10,0,0,,,triagem/nome-caixa-conversao 1.0.0,10,ok
089842,per089842_1914_05500,11,0,0,,,triagem/nome-caixa-conversao 1.0.0,10,ok
089842,per089842_1914_05500,12,0,0,,,triagem/nome-caixa-conversao 1.0.0,10,ok
089842,per089842_1914_05500,13,0,0,,,triagem/nome-caixa-conversao 1.0.0,10,ok
089842,per089842_1914_05500,14,0,0,,,triagem/nome-caixa-conversao 1.0.0,10,ok
089842,per089842_1914_05501,1,1,1,caixa de conver,29829,triagem/nome-caixa-conversao 1.0.0,10,ok
089842,per089842_1914_05501,2,0,0,,,triagem/nome-caixa-conversao 1.0.0,10,ok
089842,per089842_1914_05501,3,0,0,,,triagem/nome-caixa-conversao 1.0.0,10,ok
089842,per089842_1914_05501,4,0,0,,,triagem/nome-caixa-conversao 1.0.0,10,ok
089842,per089842_1914_05501,5,0,0,,,triagem/nome-caixa-conversao 1.0.0,10,ok
089842,per089842_1914_05501,6,1,1,caixa dc conver,5367,triagem/nome-caixa-conversao 1.0.0,10,ok
089842,per089842_1914_05501,7,0,0,,,triagem/nome-caixa-conversao 1.0.0,10,ok
089842,per089842_1914_05501,8,0,0,,,triagem/nome-caixa-conversao 1.0.0,10,ok
089842,per089842_1914_05501,9,0,0,,,triagem/nome-caixa-conversao 1.0.0,10,ok
089842,per089842_1914_05501,10,0,0,,,triagem/nome-caixa-conversao 1.0.0,10,ok
089842,per089842_1914_05501,11,0,0,,,triagem/nome-caixa-conversao 1.0.0,10,ok
089842,per089842_1914_05501,12,0,0,,,triagem/nome-caixa-conversao 1.0.0,10,ok
089842,per089842_1914_05501,13,0,0,,,triagem/nome-caixa-conversao 1.0.0,10,ok
089842,per089842_1914_05501,14,0,0,,,triagem/nome-caixa-conversao 1.0.0,10,ok
089842,per089842_1914_05502,1,0,0,,,triagem/nome-caixa-conversao 1.0.0,10,ok
089842,per089842_1914_05502,2,0,0,,,triagem/nome-caixa-conversao 1.0.0,10,ok
089842,per089842_1914_05502,3,0,0,,,triagem/nome-caixa-conversao 1.0.0,10,ok
089842,per089842_1914_05502,4,0,0,,,triagem/nome-caixa-conversao 1.0.0,10,ok
089842,per089842_1914_05502,5,0,0,,,triagem/nome-caixa-conversao 1.0.0,10,ok
089842,per089842_1914_05502,6,0,0,,,triagem/nome-caixa-conversao 1.0.0,10,ok
089842,per089842_1914_05502,7,0,0,,,triagem/nome-caixa-conversao 1.0.0,10,ok
089842,per089842_1914_05502,8,0,0,,,triagem/nome-caixa-conversao 1.0.0,10,ok
089842,per089842_1914_05502,9,0,0,,,triagem/nome-caixa-conversao 1.0.0,10,ok
089842,per089842_1914_05502,10,0,0,,,triagem/nome-caixa-conversao 1.0.0,10,ok
089842,per089842_1914_05502,11,0,0,,,triagem/nome-caixa-conversao 1.0.0,10,ok
089842,per089842_1914_05502,12,0,0,,,triagem/nome-caixa-conversao 1.0.0,10,ok
089842,per089842_1914_05502,13,0,0,,,triagem/nome-caixa-conversao 1.0.0,10,ok
089842,per089842_1914_05502,14,0,0,,,triagem/nome-caixa-conversao 1.0.0,10,ok
089842,per089842_1914_05503,1,0,0,,,triagem/nome-caixa-conversao 1.0.0,10,ok
089842,per089842_1914_05503,2,0,0,,,triagem/nome-caixa-conversao 1.0.0,10,ok
089842,per089842_1914_05503,3,0,0,,,triagem/nome-caixa-conversao 1.0.0,10,ok
089842,per089842_1914_05503,4,0,0,,,triagem/nome-caixa-conversao 1.0.0,10,ok
089842,per089842_1914_05503,5,0,0,,,triagem/nome-caixa-conversao 1.0.0,10,ok
089842,per089842_1914_05503,6,1,1,caixa de conver,4523,triagem/nome-caixa-conversao 1.0.0,10,ok
089842,per089842_1914_05503,7,0,0,,,triagem/nome-caixa-conversao 1.0.0,10,ok
089842,per089842_1914_05503,8,0,0,,,triagem/nome-caixa-conversao 1.0.0,10,ok
089842,per089842_1914_05503,9,0,0,,,triagem/nome-caixa-conversao 1.0.0,10,ok
089842,per089842_1914_05503,10,0,0,,,triagem/nome-caixa-conversao 1.0.0,10,ok
089842,per089842_1914_05503,11,0,0,,,triagem/nome-caixa-conversao 1.0.0,10,ok
089842,per089842_1914_05503,12,0,0,,,triagem/nome-caixa-conversao 1.0.0,10,ok
089842,per089842_1914_05504,1,0,0,,,triagem/nome-caixa-conversao 1.0.0,10,ok
089842,per089842_1914_05504,2,0,0,,,triagem/nome-caixa-conversao 1.0.0,10,ok
089842,per089842_1914_05504,3,0,0,,,triagem/nome-caixa-conversao 1.0.0,10,ok
089842,per089842_1914_05504,4,0,0,,,triagem/nome-caixa-conversao 1.0.0,10,ok
089842,per089842_1914_05504,5,0,0,,,triagem/nome-caixa-conversao 1.0.0,10,ok
089842,per089842_1914_05504,6,0,0,,,triagem/nome-caixa-conversao 1.0.0,10,ok
089842,per089842_1914_05504,7,0,0,,,triagem/nome-caixa-conversao 1.0.0,10,ok
089842,per089842_1914_05504,8,0,0,,,triagem/nome-caixa-conversao 1.0.0,10,ok
089842,per089842_1914_05504,9,0,0,,,triagem/nome-caixa-conversao 1.0.0,10,ok
089842,per089842_1914_05504,10,0,0,,,triagem/nome-caixa-conversao 1.0.0,10,ok
089842,per089842_1914_05504,11,0,0,,,triagem/nome-caixa-conversao 1.0.0,10,ok
089842,per089842_1914_05504,12,0,0,,,triagem/nome-caixa-conversao 1.0.0,10,ok
089842,per089842_1914_05505,1,0,0,,,triagem/nome-caixa-conversao 1.0.0,10,ok
089842,per089842_1914_05505,2,0,0,,,triagem/nome-caixa-conversao 1.0.0,10,ok
089842,per089842_1914_05505,3,0,0,,,triagem/nome-caixa-conversao 1.0.0,10,ok
089842,per089842_1914_05505,4,0,0,,,triagem/nome-caixa-conversao 1.0.0,10,ok
089842,per089842_1914_05505,5,1,1,caixa dc conver,4730,triagem/nome-caixa-conversao 1.0.0,10,ok
089842,per089842_1914_05505,6,0,0,,,triagem/nome-caixa-conversao 1.0.0,10,ok
089842,per089842_1914_05505,7,0,0,,,triagem/nome-caixa-conversao 1.0.0,10,ok
089842,per089842_1914_05505,8,0,0,,,triagem/nome-caixa-conversao 1.0.0,10,ok
089842,per089842_1914_05505,9,0,0,,,triagem/nome-caixa-conversao 1.0.0,10,ok
089842,per089842_1914_05505,10,0,0,,,triagem/nome-caixa-conversao 1.0.0,10,ok
089842,per089842_1914_05506,1,0,0,,,triagem/nome-caixa-conversao 1.0.0,10,ok
089842,per089842_1914_05506,2,0,0,,,triagem/nome-caixa-conversao 1.0.0,10,ok
089842,per089842_1914_05506,3,0,0,,,triagem/nome-caixa-conversao 1.0.0,10,ok
089842,per089842_1914_05506,4,0,0,,,triagem/nome-caixa-conversao 1.0.0,10,ok
089842,per089842_1914_05506,5,0,0,,,triagem/nome-caixa-conversao 1.0.0,10,ok
089842,per089842_1914_05506,6,0,0,,,triagem/nome-caixa-conversao 1.0.0,10,ok
089842,per089842_1914_05506,7,0,0,,,triagem/nome-caixa-conversao 1.0.0,10,ok
089842,per089842_1914_05506,8,0,0,,,triagem/nome-caixa-conversao 1.0.0,10,ok
089842,per089842_1914_05506,9,0,0,,,triagem/nome-caixa-conversao 1.0.0,10,ok
089842,per089842_1914_05506,10,0,0,,,triagem/nome-caixa-conversao 1.0.0,10,ok
089842,per089842_1914_05506,11,0,0,,,triagem/nome-caixa-conversao 1.0.0,10,ok
089842,per089842_1914_05506,12,0,0,,,triagem/nome-caixa-conversao 1.0.0,10,ok
089842,per089842_1914_05506,13,0,0,,,triagem/nome-caixa-conversao 1.0.0,10,ok
089842,per089842_1914_05506,14,0,0,,,triagem/nome-caixa-conversao 1.0.0,10,ok
089842,per089842_1914_05507,1,0,0,,,triagem/nome-caixa-conversao 1.0.0,10,ok
089842,per089842_1914_05507,2,0,0,,,triagem/nome-caixa-conversao 1.0.0,10,ok
089842,per089842_1914_05507,3,0,0,,,triagem/nome-caixa-conversao 1.0.0,10,ok
089842,per089842_1914_05507,4,0,0,,,triagem/nome-caixa-conversao 1.0.0,10,ok
089842,per089842_1914_05507,5,0,0,,,triagem/nome-caixa-conversao 1.0.0,10,ok
089842,per089842_1914_05507,6,0,0,,,triagem/nome-caixa-conversao 1.0.0,10,ok
089842,per089842_1914_05507,7,0,0,,,triagem/nome-caixa-conversao 1.0.0,10,ok
089842,per089842_1914_05507,8,0,0,,,triagem/nome-caixa-conversao 1.0.0,10,ok
089842,per089842_1914_05507,9,0,0,,,triagem/nome-caixa-conversao 1.0.0,10,ok
089842,per089842_1914_05507,10,0,0,,,triagem/nome-caixa-conversao 1.0.0,10,ok
089842,per089842_1914_05507,11,0,0,,,triagem/nome-caixa-conversao 1.0.0,10,ok
089842,per089842_1914_05507,12,0,0,,,triagem/nome-caixa-conversao 1.0.0,10,ok
089842,per089842_1914_05507,13,0,0,,,triagem/nome-caixa-conversao 1.0.0,10,ok
089842,per089842_1914_05507,14,0,0,,,triagem/nome-caixa-conversao 1.0.0,10,ok
089842,per089842_1914_05508,1,0,0,,,triagem/nome-caixa-conversao 1.0.0,10,ok
089842,per089842_1914_05508,2,0,0,,,triagem/nome-caixa-conversao 1.0.0,10,ok
089842,per089842_1914_05508,3,0,0,,,triagem/nome-caixa-conversao 1.0.0,10,ok
089842,per089842_1914_05508,4,0,0,,,triagem/nome-caixa-conversao 1.0.0,10,ok
089842,per089842_1914_05508,5,0,0,,,triagem/nome-caixa-conversao 1.0.0,10,ok
089842,per089842_1914_05508,6,0,0,,,triagem/nome-caixa-conversao 1.0.0,10,ok
089842,per089842_1914_05508,7,0,0,,,triagem/nome-caixa-conversao 1.0.0,10,ok
089842,per089842_1914_05508,8,0,0,,,triagem/nome-caixa-conversao 1.0.0,10,ok
089842,per089842_1914_05508,9,0,0,,,triagem/nome-caixa-conversao 1.0.0,10,ok
089842,per089842_1914_05508,10,0,0,,,triagem/nome-caixa-conversao 1.0.0,10,ok
089842,per089842_1914_05508,11,0,0,,,triagem/nome-caixa-conversao 1.0.0,10,ok
089842,per089842_1914_05508,12,0,0,,,triagem/nome-caixa-conversao 1.0.0,10,ok
089842,per089842_1914_05508,13,0,0,,,triagem/nome-caixa-conversao 1.0.0,10,ok
089842,per089842_1914_05508,14,0,0,,,triagem/nome-caixa-conversao 1.0.0,10,ok
089842,per089842_1914_05509,1,0,0,,,triagem/nome-caixa-conversao 1.0.0,10,ok
089842,per089842_1914_05509,2,0,0,,,triagem/nome-caixa-conversao 1.0.0,10,ok
089842,per089842_1914_05509,3,1,2,caixa de conver,2585,triagem/nome-caixa-conversao 1.0.0,10,ok
089842,per089842_1914_05509,4,0,0,,,triagem/nome-caixa-conversao 1.0.0,10,ok
089842,per089842_1914_05509,5,0,0,,,triagem/nome-caixa-conversao 1.0.0,10,ok
089842,per089842_1914_05509,6,0,0,,,triagem/nome-caixa-conversao 1.0.0,10,ok
089842,per089842_1914_05509,7,0,0,,,triagem/nome-caixa-conversao 1.0.0,10,ok
089842,per089842_1914_05509,8,0,0,,,triagem/nome-caixa-conversao 1.0.0,10,ok
089842,per089842_1914_05509,9,0,0,,,triagem/nome-caixa-conversao 1.0.0,10,ok
089842,per089842_1914_05509,10,0,0,,,triagem/nome-caixa-conversao 1.0.0,10,ok
089842,per089842_1914_05509,11,0,0,,,triagem/nome-caixa-conversao 1.0.0,10,ok
089842,per089842_1914_05509,12,0,0,,,triagem/nome-caixa-conversao 1.0.0,10,ok
089842,per089842_1914_05509,13,0,0,,,triagem/nome-caixa-conversao 1.0.0,10,ok
089842,per089842_1914_05509,14,0,0,,,triagem/nome-caixa-conversao 1.0.0,10,ok
089842,per089842_1914_05509,15,0,0,,,triagem/nome-caixa-conversao 1.0.0,10,ok
089842,per089842_1914_05509,16,0,0,,,triagem/nome-caixa-conversao 1.0.0,10,ok
089842,per089842_1914_05510,1,0,0,,,triagem/nome-caixa-conversao 1.0.0,10,ok
089842,per089842_1914_05510,2,0,0,,,triagem/nome-caixa-conversao 1.0.0,10,ok
089842,per089842_1914_05510,3,1,1,caixa de conver,30826,triagem/nome-caixa-conversao 1.0.0,10,ok
089842,per089842_1914_05510,4,0,0,,,triagem/nome-caixa-conversao 1.0.0,10,ok
089842,per089842_1914_05510,5,0,0,,,triagem/nome-caixa-conversao 1.0.0,10,ok
089842,per089842_1914_05510,6,0,0,,,triagem/nome-caixa-conversao 1.0.0,10,ok
089842,per089842_1914_05510,7,0,0,,,triagem/nome-caixa-conversao 1.0.0,10,ok
089842,per089842_1914_05510,8,0,0,,,triagem/nome-caixa-conversao 1.0.0,10,ok
089842,per089842_1914_05510,9,0,0,,,triagem/nome-caixa-conversao 1.0.0,10,ok
089842,per089842_1914_05510,10,0,0,,,triagem/nome-caixa-conversao 1.0.0,10,ok
089842,per089842_1914_05510,11,0,0,,,triagem/nome-caixa-conversao 1.0.0,10,ok
089842,per089842_1914_05510,12,0,0,,,triagem/nome-caixa-conversao 1.0.0,10,ok
089842,per089842_1914_05511,1,1,1,caixa dc conver,3918,triagem/nome-caixa-conversao 1.0.0,10,ok
089842,per089842_1914_05511,2,0,0,,,triagem/nome-caixa-conversao 1.0.0,10,ok
089842,per089842_1914_05511,3,0,0,,,triagem/nome-caixa-conversao 1.0.0,10,ok
089842,per089842_1914_05511,4,0,0,,,triagem/nome-caixa-conversao 1.0.0,10,ok
089842,per089842_1914_05511,5,0,0,,,triagem/nome-caixa-conversao 1.0.0,10,ok
089842,per089842_1914_05511,6,0,0,,,triagem/nome-caixa-conversao 1.0.0,10,ok
089842,per089842_1914_05511,7,0,0,,,triagem/nome-caixa-conversao 1.0.0,10,ok
089842,per089842_1914_05511,8,0,0,,,triagem/nome-caixa-conversao 1.0.0,10,ok
089842,per089842_1914_05511,9,0,0,,,triagem/nome-caixa-conversao 1.0.0,10,ok
089842,per089842_1914_05511,10,0,0,,,triagem/nome-caixa-conversao 1.0.0,10,ok
089842,per089842_1914_05511,11,0,0,,,triagem/nome-caixa-conversao 1.0.0,10,ok
089842,per089842_1914_05511,12,0,0,,,triagem/nome-caixa-conversao 1.0.0,10,ok
089842,per089842_1914_05511,13,0,0,,,triagem/nome-caixa-conversao 1.0.0,10,ok
089842,per089842_1914_05511,14,0,0,,,triagem/nome-caixa-conversao 1.0.0,10,ok
089842,per089842_1914_05512,1,0,0,,,triagem/nome-caixa-conversao 1.0.0,10,ok
089842,per089842_1914_05512,2,0,0,,,triagem/nome-caixa-conversao 1.0.0,10,ok
089842,per089842_1914_05512,3,0,0,,,triagem/nome-caixa-conversao 1.0.0,10,ok
089842,per089842_1914_05512,4,0,0,,,triagem/nome-caixa-conversao 1.0.0,10,ok
089842,per089842_1914_05512,5,0,0,,,triagem/nome-caixa-conversao 1.0.0,10,ok
089842,per089842_1914_05512,6,0,0,,,triagem/nome-caixa-conversao 1.0.0,10,ok
089842,per089842_1914_05512,7,0,0,,,triagem/nome-caixa-conversao 1.0.0,10,ok
089842,per089842_1914_05512,8,0,0,,,triagem/nome-caixa-conversao 1.0.0,10,ok
089842,per089842_1914_05512,9,0,0,,,triagem/nome-caixa-conversao 1.0.0,10,ok
089842,per089842_1914_05512,10,0,0,,,triagem/nome-caixa-conversao 1.0.0,10,ok
089842,per089842_1914_05512,11,0,0,,,triagem/nome-caixa-conversao 1.0.0,10,ok
089842,per089842_1914_05512,12,0,0,,,triagem/nome-caixa-conversao 1.0.0,10,ok
089842,per089842_1914_05513,1,0,0,,,triagem/nome-caixa-conversao 1.0.0,10,ok
089842,per089842_1914_05513,2,0,0,,,triagem/nome-caixa-conversao 1.0.0,10,ok
089842,per089842_1914_05513,3,0,0,,,triagem/nome-caixa-conversao 1.0.0,10,ok
089842,per089842_1914_05513,4,0,0,,,triagem/nome-caixa-conversao 1.0.0,10,ok
089842,per089842_1914_05513,5,0,0,,,triagem/nome-caixa-conversao 1.0.0,10,ok
089842,per089842_1914_05513,6,0,0,,,triagem/nome-caixa-conversao 1.0.0,10,ok
089842,per089842_1914_05513,7,0,0,,,triagem/nome-caixa-conversao 1.0.0,10,ok
089842,per089842_1914_05513,8,0,0,,,triagem/nome-caixa-conversao 1.0.0,10,ok
089842,per089842_1914_05513,9,0,0,,,triagem/nome-caixa-conversao 1.0.0,10,ok
089842,per089842_1914_05513,10,0,0,,,triagem/nome-caixa-conversao 1.0.0,10,ok
089842,per089842_1914_05513,11,0,0,,,triagem/nome-caixa-conversao 1.0.0,10,ok
089842,per089842_1914_05513,12,0,0,,,triagem/nome-caixa-conversao 1.0.0,10,ok
089842,per089842_1914_05513,13,0,0,,,triagem/nome-caixa-conversao 1.0.0,10,ok
089842,per089842_1914_05513,14,0,0,,,triagem/nome-caixa-conversao 1.0.0,10,ok
089842,per089842_1914_05514,1,0,0,,,triagem/nome-caixa-conversao 1.0.0,10,ok
089842,per089842_1914_05514,2,0,0,,,triagem/nome-caixa-conversao 1.0.0,10,ok
089842,per089842_1914_05514,3,0,0,,,triagem/nome-caixa-conversao 1.0.0,10,ok
089842,per089842_1914_05514,4,0,0,,,triagem/nome-caixa-conversao 1.0.0,10,ok
089842,per089842_1914_05514,5,0,0,,,triagem/nome-caixa-conversao 1.0.0,10,ok
089842,per089842_1914_05514,6,0,0,,,triagem/nome-caixa-conversao 1.0.0,10,ok
089842,per089842_1914_05514,7,1,1,caixa do conver,15969,triagem/nome-caixa-conversao 1.0.0,10,ok
089842,per089842_1914_05514,8,0,0,,,triagem/nome-caixa-conversao 1.0.0,10,ok
089842,per089842_1914_05514,9,0,0,,,triagem/nome-caixa-conversao 1.0.0,10,ok
089842,per089842_1914_05514,10,0,0,,,triagem/nome-caixa-conversao 1.0.0,10,ok
089842,per089842_1914_05514,11,0,0,,,triagem/nome-caixa-conversao 1.0.0,10,ok
089842,per089842_1914_05514,12,0,0,,,triagem/nome-caixa-conversao 1.0.0,10,ok
089842,per089842_1914_05515,1,1,1,caixa de conver,43268,triagem/nome-caixa-conversao 1.0.0,10,ok
089842,per089842_1914_05515,2,0,0,,,triagem/nome-caixa-conversao 1.0.0,10,ok
089842,per089842_1914_05515,3,0,0,,,triagem/nome-caixa-conversao 1.0.0,10,ok
089842,per089842_1914_05515,4,0,0,,,triagem/nome-caixa-conversao 1.0.0,10,ok
089842,per089842_1914_05515,5,0,0,,,triagem/nome-caixa-conversao 1.0.0,10,ok
089842,per089842_1914_05515,6,0,0,,,triagem/nome-caixa-conversao 1.0.0,10,ok
089842,per089842_1914_05515,7,0,0,,,triagem/nome-caixa-conversao 1.0.0,10,ok
089842,per089842_1914_05515,8,0,0,,,triagem/nome-caixa-conversao 1.0.0,10,ok
089842,per089842_1914_05515,9,0,0,,,triagem/nome-caixa-conversao 1.0.0,10,ok
089842,per089842_1914_05515,10,0,0,,,triagem/nome-caixa-conversao 1.0.0,10,ok
089842,per089842_1914_05515,11,0,0,,,triagem/nome-caixa-conversao 1.0.0,10,ok
089842,per089842_1914_05515,12,0,0,,,triagem/nome-caixa-conversao 1.0.0,10,ok
089842,per089842_1914_05515,13,0,0,,,triagem/nome-caixa-conversao 1.0.0,10,ok
089842,per089842_1914_05515,14,0,0,,,triagem/nome-caixa-conversao 1.0.0,10,ok
089842,per089842_1914_05515,15,0,0,,,triagem/nome-caixa-conversao 1.0.0,10,ok
089842,per089842_1914_05515,16,0,0,,,triagem/nome-caixa-conversao 1.0.0,10,ok
089842,per089842_1914_05516,1,0,0,,,triagem/nome-caixa-conversao 1.0.0,10,ok
089842,per089842_1914_05516,2,0,0,,,triagem/nome-caixa-conversao 1.0.0,10,ok
089842,per089842_1914_05516,3,0,0,,,triagem/nome-caixa-conversao 1.0.0,10,ok
089842,per089842_1914_05516,4,0,0,,,triagem/nome-caixa-conversao 1.0.0,10,ok
089842,per089842_1914_05516,5,0,0,,,triagem/nome-caixa-conversao 1.0.0,10,ok
089842,per089842_1914_05516,6,0,0,,,triagem/nome-caixa-conversao 1.0.0,10,ok
089842,per089842_1914_05516,7,0,0,,,triagem/nome-caixa-conversao 1.0.0,10,ok
089842,per089842_1914_05516,8,0,0,,,triagem/nome-caixa-conversao 1.0.0,10,ok
089842,per089842_1914_05516,9,0,0,,,triagem/nome-caixa-conversao 1.0.0,10,ok
089842,per089842_1914_05516,10,0,0,,,triagem/nome-caixa-conversao 1.0.0,10,ok
089842,per089842_1914_05516,11,0,0,,,triagem/nome-caixa-conversao 1.0.0,10,ok
089842,per089842_1914_05516,12,0,0,,,triagem/nome-caixa-conversao 1.0.0,10,ok
089842,per089842_1914_05517,1,0,0,,,triagem/nome-caixa-conversao 1.0.0,10,ok
089842,per089842_1914_05517,2,0,0,,,triagem/nome-caixa-conversao 1.0.0,10,ok
089842,per089842_1914_05517,3,0,0,,,triagem/nome-caixa-conversao 1.0.0,10,ok
089842,per089842_1914_05517,4,0,0,,,triagem/nome-caixa-conversao 1.0.0,10,ok
089842,per089842_1914_05517,5,0,0,,,triagem/nome-caixa-conversao 1.0.0,10,ok
089842,per089842_1914_05517,6,0,0,,,triagem/nome-caixa-conversao 1.0.0,10,ok
089842,per089842_1914_05517,7,0,0,,,triagem/nome-caixa-conversao 1.0.0,10,ok
089842,per089842_1914_05517,8,0,0,,,triagem/nome-caixa-conversao 1.0.0,10,ok
089842,per089842_1914_05517,9,0,0,,,triagem/nome-caixa-conversao 1.0.0,10,ok
089842,per089842_1914_05517,10,0,0,,,triagem/nome-caixa-conversao 1.0.0,10,ok
089842,per089842_1914_05517,11,0,0,,,triagem/nome-caixa-conversao 1.0.0,10,ok
089842,per089842_1914_05517,12,0,0,,,triagem/nome-caixa-conversao 1.0.0,10,ok
089842,per089842_1914_05517,13,0,0,,,triagem/nome-caixa-conversao 1.0.0,10,ok
089842,per089842_1914_05517,14,0,0,,,triagem/nome-caixa-conversao 1.0.0,10,ok
089842,per089842_1914_05518,1,0,0,,,triagem/nome-caixa-conversao 1.0.0,10,ok
089842,per089842_1914_05518,2,0,0,,,triagem/nome-caixa-conversao 1.0.0,10,ok
089842,per089842_1914_05518,3,0,0,,,triagem/nome-caixa-conversao 1.0.0,10,ok
089842,per089842_1914_05518,4,0,0,,,triagem/nome-caixa-conversao 1.0.0,10,ok
089842,per089842_1914_05518,5,0,0,,,triagem/nome-caixa-conversao 1.0.0,10,ok
089842,per089842_1914_05518,6,0,0,,,triagem/nome-caixa-conversao 1.0.0,10,ok
089842,per089842_1914_05518,7,0,0,,,triagem/nome-caixa-conversao 1.0.0,10,ok
089842,per089842_1914_05518,8,0,0,,,triagem/nome-caixa-conversao 1.0.0,10,ok
089842,per089842_1914_05518,9,0,0,,,triagem/nome-caixa-conversao 1.0.0,10,ok
089842,per089842_1914_05518,10,0,0,,,triagem/nome-caixa-conversao 1.0.0,10,ok
089842,per089842_1914_05518,11,0,0,,,triagem/nome-caixa-conversao 1.0.0,10,ok
089842,per089842_1914_05518,12,0,0,,,triagem/nome-caixa-conversao 1.0.0,10,ok
089842,per089842_1914_05519,1,0,0,,,triagem/nome-caixa-conversao 1.0.0,10,ok
089842,per089842_1914_05519,2,0,0,,,triagem/nome-caixa-conversao 1.0.0,10,ok
089842,per089842_1914_05519,3,0,0,,,triagem/nome-caixa-conversao 1.0.0,10,ok
089842,per089842_1914_05519,4,0,0,,,triagem/nome-caixa-conversao 1.0.0,10,ok
089842,per089842_1914_05519,5,0,0,,,triagem/nome-caixa-conversao 1.0.0,10,ok
089842,per089842_1914_05519,6,0,0,,,triagem/nome-caixa-conversao 1.0.0,10,ok
089842,per089842_1914_05519,7,0,0,,,triagem/nome-caixa-conversao 1.0.0,10,ok
089842,per089842_1914_05519,8,0,0,,,triagem/nome-caixa-conversao 1.0.0,10,ok
089842,per089842_1914_05519,9,0,0,,,triagem/nome-caixa-conversao 1.0.0,10,ok
089842,per089842_1914_05519,10,0,0,,,triagem/nome-caixa-conversao 1.0.0,10,ok
089842,per089842_1914_05519,11,0,0,,,triagem/nome-caixa-conversao 1.0.0,10,ok
089842,per089842_1914_05519,12,0,0,,,triagem/nome-caixa-conversao 1.0.0,10,ok
089842,per089842_1914_05519,13,0,0,,,triagem/nome-caixa-conversao 1.0.0,10,ok
089842,per089842_1914_05519,14,0,0,,,triagem/nome-caixa-conversao 1.0.0,10,ok
089842,per089842_1914_05519,15,0,0,,,triagem/nome-caixa-conversao 1.0.0,10,ok
089842,per089842_1914_05519,16,0,0,,,triagem/nome-caixa-conversao 1.0.0,10,ok
089842,per089842_1914_05520,1,0,0,,,triagem/nome-caixa-conversao 1.0.0,10,ok
089842,per089842_1914_05520,2,0,0,,,triagem/nome-caixa-conversao 1.0.0,10,ok
089842,per089842_1914_05520,3,0,0,,,triagem/nome-caixa-conversao 1.0.0,10,ok
089842,per089842_1914_05520,4,0,0,,,triagem/nome-caixa-conversao 1.0.0,10,ok
089842,per089842_1914_05520,5,0,0,,,triagem/nome-caixa-conversao 1.0.0,10,ok
089842,per089842_1914_05520,6,0,0,,,triagem/nome-caixa-conversao 1.0.0,10,ok
089842,per089842_1914_05520,7,0,0,,,triagem/nome-caixa-conversao 1.0.0,10,ok
089842,per089842_1914_05520,8,0,0,,,triagem/nome-caixa-conversao 1.0.0,10,ok
089842,per089842_1914_05520,9,0,0,,,triagem/nome-caixa-conversao 1.0.0,10,ok
089842,per089842_1914_05520,10,0,0,,,triagem/nome-caixa-conversao 1.0.0,10,ok
089842,per089842_1914_05520,11,0,0,,,triagem/nome-caixa-conversao 1.0.0,10,ok
089842,per089842_1914_05520,12,0,0,,,triagem/nome-caixa-conversao 1.0.0,10,ok
089842,per089842_1914_05520,13,0,0,,,triagem/nome-caixa-conversao 1.0.0,10,ok
089842,per089842_1914_05520,14,0,0,,,triagem/nome-caixa-conversao 1.0.0,10,ok
089842,per089842_1914_05521,1,0,0,,,triagem/nome-caixa-conversao 1.0.0,10,ok
089842,per089842_1914_05521,2,0,0,,,triagem/nome-caixa-conversao 1.0.0,10,ok
089842,per089842_1914_05521,3,0,0,,,triagem/nome-caixa-conversao 1.0.0,10,ok
089842,per089842_1914_05521,4,0,0,,,triagem/nome-caixa-conversao 1.0.0,10,ok
089842,per089842_1914_05521,5,0,0,,,triagem/nome-caixa-conversao 1.0.0,10,ok
089842,per089842_1914_05521,6,0,0,,,triagem/nome-caixa-conversao 1.0.0,10,ok
089842,per089842_1914_05521,7,0,0,,,triagem/nome-caixa-conversao 1.0.0,10,ok
089842,per089842_1914_05521,8,0,0,,,triagem/nome-caixa-conversao 1.0.0,10,ok
089842,per089842_1914_05521,9,0,0,,,triagem/nome-caixa-conversao 1.0.0,10,ok
089842,per089842_1914_05521,10,0,0,,,triagem/nome-caixa-conversao 1.0.0,10,ok
089842,per089842_1914_05521,11,0,0,,,triagem/nome-caixa-conversao 1.0.0,10,ok
089842,per089842_1914_05521,12,0,0,,,triagem/nome-caixa-conversao 1.0.0,10,ok
089842,per089842_1914_05522,1,0,0,,,triagem/nome-caixa-conversao 1.0.0,10,ok
089842,per089842_1914_05522,2,0,0,,,triagem/nome-caixa-conversao 1.0.0,10,ok
089842,per089842_1914_05522,3,0,0,,,triagem/nome-caixa-conversao 1.0.0,10,ok
089842,per089842_1914_05522,4,0,0,,,triagem/nome-caixa-conversao 1.0.0,10,ok
089842,per089842_1914_05522,5,0,0,,,triagem/nome-caixa-conversao 1.0.0,10,ok
089842,per089842_1914_05522,6,0,0,,,triagem/nome-caixa-conversao 1.0.0,10,ok
089842,per089842_1914_05522,7,0,0,,,triagem/nome-caixa-conversao 1.0.0,10,ok
089842,per089842_1914_05522,8,0,0,,,triagem/nome-caixa-conversao 1.0.0,10,ok
089842,per089842_1914_05522,9,0,0,,,triagem/nome-caixa-conversao 1.0.0,10,ok
089842,per089842_1914_05522,10,0,0,,,triagem/nome-caixa-conversao 1.0.0,10,ok
089842,per089842_1914_05523,1,0,0,,,triagem/nome-caixa-conversao 1.0.0,10,ok
089842,per089842_1914_05523,2,0,0,,,triagem/nome-caixa-conversao 1.0.0,10,ok
089842,per089842_1914_05523,3,0,0,,,triagem/nome-caixa-conversao 1.0.0,10,ok
089842,per089842_1914_05523,4,0,0,,,triagem/nome-caixa-conversao 1.0.0,10,ok
089842,per089842_1914_05523,5,0,0,,,triagem/nome-caixa-conversao 1.0.0,10,ok
089842,per089842_1914_05523,6,0,0,,,triagem/nome-caixa-conversao 1.0.0,10,ok
089842,per089842_1914_05523,7,0,0,,,triagem/nome-caixa-conversao 1.0.0,10,ok
089842,per089842_1914_05523,8,0,0,,,triagem/nome-caixa-conversao 1.0.0,10,ok
089842,per089842_1914_05523,9,0,0,,,triagem/nome-caixa-conversao 1.0.0,10,ok
089842,per089842_1914_05523,10,0,0,,,triagem/nome-caixa-conversao 1.0.0,10,ok
089842,per089842_1914_05523,11,0,0,,,triagem/nome-caixa-conversao 1.0.0,10,ok
089842,per089842_1914_05523,12,0,0,,,triagem/nome-caixa-conversao 1.0.0,10,ok
089842,per089842_1914_05523,13,0,0,,,triagem/nome-caixa-conversao 1.0.0,10,ok
089842,per089842_1914_05523,14,0,0,,,triagem/nome-caixa-conversao 1.0.0,10,ok
089842,per089842_1914_05524,1,0,0,,,triagem/nome-caixa-conversao 1.0.0,10,ok
089842,per089842_1914_05524,2,0,0,,,triagem/nome-caixa-conversao 1.0.0,10,ok
089842,per089842_1914_05524,3,0,0,,,triagem/nome-caixa-conversao 1.0.0,10,ok
089842,per089842_1914_05524,4,0,0,,,triagem/nome-caixa-conversao 1.0.0,10,ok
089842,per089842_1914_05524,5,0,0,,,triagem/nome-caixa-conversao 1.0.0,10,ok
089842,per089842_1914_05524,6,0,0,,,triagem/nome-caixa-conversao 1.0.0,10,ok
089842,per089842_1914_05524,7,0,0,,,triagem/nome-caixa-conversao 1.0.0,10,ok
089842,per089842_1914_05524,8,0,0,,,triagem/nome-caixa-conversao 1.0.0,10,ok
089842,per089842_1914_05524,9,0,0,,,triagem/nome-caixa-conversao 1.0.0,10,ok
089842,per089842_1914_05524,10,0,0,,,triagem/nome-caixa-conversao 1.0.0,10,ok
089842,per089842_1914_05525,1,0,0,,,triagem/nome-caixa-conversao 1.0.0,10,ok
089842,per089842_1914_05525,2,0,0,,,triagem/nome-caixa-conversao 1.0.0,10,ok
089842,per089842_1914_05525,3,0,0,,,triagem/nome-caixa-conversao 1.0.0,10,ok
089842,per089842_1914_05525,4,0,0,,,triagem/nome-caixa-conversao 1.0.0,10,ok
089842,per089842_1914_05525,5,0,0,,,triagem/nome-caixa-conversao 1.0.0,10,ok
089842,per089842_1914_05525,6,0,0,,,triagem/nome-caixa-conversao 1.0.0,10,ok
089842,per089842_1914_05525,7,0,0,,,triagem/nome-caixa-conversao 1.0.0,10,ok
089842,per089842_1914_05525,8,0,0,,,triagem/nome-caixa-conversao 1.0.0,10,ok
089842,per089842_1914_05525,9,0,0,,,triagem/nome-caixa-conversao 1.0.0,10,ok
089842,per089842_1914_05525,10,0,0,,,triagem/nome-caixa-conversao 1.0.0,10,ok
089842,per089842_1914_05525,11,0,0,,,triagem/nome-caixa-conversao 1.0.0,10,ok
089842,per089842_1914_05525,12,0,0,,,triagem/nome-caixa-conversao 1.0.0,10,ok
089842,per089842_1914_05526,1,0,0,,,triagem/nome-caixa-conversao 1.0.0,10,ok
089842,per089842_1914_05526,2,0,0,,,triagem/nome-caixa-conversao 1.0.0,10,ok
089842,per089842_1914_05526,3,0,0,,,triagem/nome-caixa-conversao 1.0.0,10,ok
089842,per089842_1914_05526,4,0,0,,,triagem/nome-caixa-conversao 1.0.0,10,ok
089842,per089842_1914_05526,5,1,1,caixa dc conver,34818,triagem/nome-caixa-conversao 1.0.0,10,ok
089842,per089842_1914_05526,6,0,0,,,triagem/nome-caixa-conversao 1.0.0,10,ok
089842,per089842_1914_05526,7,0,0,,,triagem/nome-caixa-conversao 1.0.0,10,ok
089842,per089842_1914_05526,8,0,0,,,triagem/nome-caixa-conversao 1.0.0,10,ok
089842,per089842_1914_05526,9,0,0,,,triagem/nome-caixa-conversao 1.0.0,10,ok
089842,per089842_1914_05526,10,0,0,,,triagem/nome-caixa-conversao 1.0.0,10,ok
089842,per089842_1914_05526,11,0,0,,,triagem/nome-caixa-conversao 1.0.0,10,ok
089842,per089842_1914_05526,12,0,0,,,triagem/nome-caixa-conversao 1.0.0,10,ok
089842,per089842_1914_05526,13,0,0,,,triagem/nome-caixa-conversao 1.0.0,10,ok
089842,per089842_1914_05526,14,0,0,,,triagem/nome-caixa-conversao 1.0.0,10,ok
089842,per089842_1914_05527,1,0,0,,,triagem/nome-caixa-conversao 1.0.0,10,ok
089842,per089842_1914_05527,2,0,0,,,triagem/nome-caixa-conversao 1.0.0,10,ok
089842,per089842_1914_05527,3,0,0,,,triagem/nome-caixa-conversao 1.0.0,10,ok
089842,per089842_1914_05527,4,0,0,,,triagem/nome-caixa-conversao 1.0.0,10,ok
089842,per089842_1914_05527,5,0,0,,,triagem/nome-caixa-conversao 1.0.0,10,ok
089842,per089842_1914_05527,6,0,0,,,triagem/nome-caixa-conversao 1.0.0,10,ok
089842,per089842_1914_05527,7,0,0,,,triagem/nome-caixa-conversao 1.0.0,10,ok
089842,per089842_1914_05527,8,0,0,,,triagem/nome-caixa-conversao 1.0.0,10,ok
089842,per089842_1914_05527,9,0,0,,,triagem/nome-caixa-conversao 1.0.0,10,ok
089842,per089842_1914_05527,10,0,0,,,triagem/nome-caixa-conversao 1.0.0,10,ok
089842,per089842_1914_05528,1,0,0,,,triagem/nome-caixa-conversao 1.0.0,10,ok
089842,per089842_1914_05528,2,0,0,,,triagem/nome-caixa-conversao 1.0.0,10,ok
089842,per089842_1914_05528,3,0,0,,,triagem/nome-caixa-conversao 1.0.0,10,ok
089842,per089842_1914_05528,4,1,1,caixa dc conver,13885,triagem/nome-caixa-conversao 1.0.0,10,ok
089842,per089842_1914_05528,5,0,0,,,triagem/nome-caixa-conversao 1.0.0,10,ok
089842,per089842_1914_05528,6,0,0,,,triagem/nome-caixa-conversao 1.0.0,10,ok
089842,per089842_1914_05528,7,0,0,,,triagem/nome-caixa-conversao 1.0.0,10,ok
089842,per089842_1914_05528,8,0,0,,,triagem/nome-caixa-conversao 1.0.0,10,ok
089842,per089842_1914_05528,9,0,0,,,triagem/nome-caixa-conversao 1.0.0,10,ok
089842,per089842_1914_05528,10,0,0,,,triagem/nome-caixa-conversao 1.0.0,10,ok
089842,per089842_1914_05528,11,0,0,,,triagem/nome-caixa-conversao 1.0.0,10,ok
089842,per089842_1914_05528,12,0,0,,,triagem/nome-caixa-conversao 1.0.0,10,ok
089842,per089842_1914_05529,1,1,1,caixa dc conver,35624,triagem/nome-caixa-conversao 1.0.0,10,ok
089842,per089842_1914_05529,2,0,0,,,triagem/nome-caixa-conversao 1.0.0,10,ok
089842,per089842_1914_05529,3,0,0,,,triagem/nome-caixa-conversao 1.0.0,10,ok
089842,per089842_1914_05529,4,0,0,,,triagem/nome-caixa-conversao 1.0.0,10,ok
089842,per089842_1914_05529,5,0,0,,,triagem/nome-caixa-conversao 1.0.0,10,ok
089842,per089842_1914_05529,6,0,0,,,triagem/nome-caixa-conversao 1.0.0,10,ok
089842,per089842_1914_05529,7,0,0,,,triagem/nome-caixa-conversao 1.0.0,10,ok
089842,per089842_1914_05529,8,0,0,,,triagem/nome-caixa-conversao 1.0.0,10,ok
089842,per089842_1914_05529,9,0,0,,,triagem/nome-caixa-conversao 1.0.0,10,ok
089842,per089842_1914_05529,10,0,0,,,triagem/nome-caixa-conversao 1.0.0,10,ok
089842,per089842_1914_05529,11,0,0,,,triagem/nome-caixa-conversao 1.0.0,10,ok
089842,per089842_1914_05529,12,0,0,,,triagem/nome-caixa-conversao 1.0.0,10,ok
089842,per089842_1914_05530,1,0,0,,,triagem/nome-caixa-conversao 1.0.0,10,ok
089842,per089842_1914_05530,2,0,0,,,triagem/nome-caixa-conversao 1.0.0,10,ok
089842,per089842_1914_05530,3,0,0,,,triagem/nome-caixa-conversao 1.0.0,10,ok
089842,per089842_1914_05530,4,0,0,,,triagem/nome-caixa-conversao 1.0.0,10,ok
089842,per089842_1914_05530,5,0,0,,,triagem/nome-caixa-conversao 1.0.0,10,ok
089842,per089842_1914_05530,6,0,0,,,triagem/nome-caixa-conversao 1.0.0,10,ok
089842,per089842_1914_05530,7,0,0,,,triagem/nome-caixa-conversao 1.0.0,10,ok
089842,per089842_1914_05530,8,0,0,,,triagem/nome-caixa-conversao 1.0.0,10,ok
089842,per089842_1914_05530,9,0,0,,,triagem/nome-caixa-conversao 1.0.0,10,ok
089842,per089842_1914_05530,10,0,0,,,triagem/nome-caixa-conversao 1.0.0,10,ok
089842,per089842_1914_05530,11,0,0,,,triagem/nome-caixa-conversao 1.0.0,10,ok
089842,per089842_1914_05530,12,0,0,,,triagem/nome-caixa-conversao 1.0.0,10,ok
089842,per089842_1914_05530,13,0,0,,,triagem/nome-caixa-conversao 1.0.0,10,ok
089842,per089842_1914_05530,14,0,0,,,triagem/nome-caixa-conversao 1.0.0,10,ok
089842,per089842_1914_05531,1,0,0,,,triagem/nome-caixa-conversao 1.0.0,10,ok
089842,per089842_1914_05531,2,0,0,,,triagem/nome-caixa-conversao 1.0.0,10,ok
089842,per089842_1914_05531,3,0,0,,,triagem/nome-caixa-conversao 1.0.0,10,ok
089842,per089842_1914_05531,4,0,0,,,triagem/nome-caixa-conversao 1.0.0,10,ok
089842,per089842_1914_05531,5,0,0,,,triagem/nome-caixa-conversao 1.0.0,10,ok
089842,per089842_1914_05531,6,0,0,,,triagem/nome-caixa-conversao 1.0.0,10,ok
089842,per089842_1914_05531,7,0,0,,,triagem/nome-caixa-conversao 1.0.0,10,ok
089842,per089842_1914_05531,8,0,0,,,triagem/nome-caixa-conversao 1.0.0,10,ok
089842,per089842_1914_05531,9,0,0,,,triagem/nome-caixa-conversao 1.0.0,10,ok
089842,per089842_1914_05531,10,0,0,,,triagem/nome-caixa-conversao 1.0.0,10,ok
089842,per089842_1914_05531,11,0,0,,,triagem/nome-caixa-conversao 1.0.0,10,ok
089842,per089842_1914_05531,12,0,0,,,triagem/nome-caixa-conversao 1.0.0,10,ok
089842,per089842_1914_05532,1,0,0,,,triagem/nome-caixa-conversao 1.0.0,10,ok
089842,per089842_1914_05532,2,0,0,,,triagem/nome-caixa-conversao 1.0.0,10,ok
089842,per089842_1914_05532,3,0,0,,,triagem/nome-caixa-conversao 1.0.0,10,ok
089842,per089842_1914_05532,4,0,0,,,triagem/nome-caixa-conversao 1.0.0,10,ok
089842,per089842_1914_05532,5,0,0,,,triagem/nome-caixa-conversao 1.0.0,10,ok
089842,per089842_1914_05532,6,0,0,,,triagem/nome-caixa-conversao 1.0.0,10,ok
089842,per089842_1914_05532,7,0,0,,,triagem/nome-caixa-conversao 1.0.0,10,ok
089842,per089842_1914_05532,8,0,0,,,triagem/nome-caixa-conversao 1.0.0,10,ok
089842,per089842_1914_05532,9,0,0,,,triagem/nome-caixa-conversao 1.0.0,10,ok
089842,per089842_1914_05532,10,0,0,,,triagem/nome-caixa-conversao 1.0.0,10,ok
089842,per089842_1914_05532,11,0,0,,,triagem/nome-caixa-conversao 1.0.0,10,ok
089842,per089842_1914_05532,12,0,0,,,triagem/nome-caixa-conversao 1.0.0,10,ok
089842,per089842_1914_05533,1,0,0,,,triagem/nome-caixa-conversao 1.0.0,10,ok
089842,per089842_1914_05533,2,0,0,,,triagem/nome-caixa-conversao 1.0.0,10,ok
089842,per089842_1914_05533,3,0,0,,,triagem/nome-caixa-conversao 1.0.0,10,ok
089842,per089842_1914_05533,4,0,0,,,triagem/nome-caixa-conversao 1.0.0,10,ok
089842,per089842_1914_05533,5,0,0,,,triagem/nome-caixa-conversao 1.0.0,10,ok
089842,per089842_1914_05533,6,0,0,,,triagem/nome-caixa-conversao 1.0.0,10,ok
089842,per089842_1914_05533,7,0,0,,,triagem/nome-caixa-conversao 1.0.0,10,ok
089842,per089842_1914_05533,8,0,0,,,triagem/nome-caixa-conversao 1.0.0,10,ok
089842,per089842_1914_05533,9,0,0,,,triagem/nome-caixa-conversao 1.0.0,10,ok
089842,per089842_1914_05533,10,0,0,,,triagem/nome-caixa-conversao 1.0.0,10,ok
089842,per089842_1914_05533,11,0,0,,,triagem/nome-caixa-conversao 1.0.0,10,ok
089842,per089842_1914_05533,12,0,0,,,triagem/nome-caixa-conversao 1.0.0,10,ok
089842,per089842_1914_05533,13,0,0,,,triagem/nome-caixa-conversao 1.0.0,10,ok
089842,per089842_1914_05533,14,0,0,,,triagem/nome-caixa-conversao 1.0.0,10,ok
089842,per089842_1914_05534,1,0,0,,,triagem/nome-caixa-conversao 1.0.0,10,ok
089842,per089842_1914_05534,2,0,0,,,triagem/nome-caixa-conversao 1.0.0,10,ok
089842,per089842_1914_05534,3,0,0,,,triagem/nome-caixa-conversao 1.0.0,10,ok
089842,per089842_1914_05534,4,0,0,,,triagem/nome-caixa-conversao 1.0.0,10,ok
089842,per089842_1914_05534,5,0,0,,,triagem/nome-caixa-conversao 1.0.0,10,ok
089842,per089842_1914_05534,6,0,0,,,triagem/nome-caixa-conversao 1.0.0,10,ok
089842,per089842_1914_05534,7,0,0,,,triagem/nome-caixa-conversao 1.0.0,10,ok
089842,per089842_1914_05534,8,0,0,,,triagem/nome-caixa-conversao 1.0.0,10,ok
089842,per089842_1914_05534,9,0,0,,,triagem/nome-caixa-conversao 1.0.0,10,ok
089842,per089842_1914_05534,10,0,0,,,triagem/nome-caixa-conversao 1.0.0,10,ok
089842,per089842_1914_05534,11,0,0,,,triagem/nome-caixa-conversao 1.0.0,10,ok
089842,per089842_1914_05534,12,0,0,,,triagem/nome-caixa-conversao 1.0.0,10,ok
089842,per089842_1914_05535,1,1,1,caixa de conver,8516,triagem/nome-caixa-conversao 1.0.0,10,ok
089842,per089842_1914_05535,2,0,0,,,triagem/nome-caixa-conversao 1.0.0,10,ok
089842,per089842_1914_05535,3,0,0,,,triagem/nome-caixa-conversao 1.0.0,10,ok
089842,per089842_1914_05535,4,0,0,,,triagem/nome-caixa-conversao 1.0.0,10,ok
089842,per089842_1914_05535,5,0,0,,,triagem/nome-caixa-conversao 1.0.0,10,ok
089842,per089842_1914_05535,6,0,0,,,triagem/nome-caixa-conversao 1.0.0,10,ok
089842,per089842_1914_05535,7,0,0,,,triagem/nome-caixa-conversao 1.0.0,10,ok
089842,per089842_1914_05535,8,0,0,,,triagem/nome-caixa-conversao 1.0.0,10,ok
089842,per089842_1914_05535,9,0,0,,,triagem/nome-caixa-conversao 1.0.0,10,ok
089842,per089842_1914_05535,10,0,0,,,triagem/nome-caixa-conversao 1.0.0,10,ok
089842,per089842_1914_05535,11,0,0,,,triagem/nome-caixa-conversao 1.0.0,10,ok
089842,per089842_1914_05535,12,0,0,,,triagem/nome-caixa-conversao 1.0.0,10,ok
089842,per089842_1914_05535,13,0,0,,,triagem/nome-caixa-conversao 1.0.0,10,ok
089842,per089842_1914_05535,14,0,0,,,triagem/nome-caixa-conversao 1.0.0,10,ok
089842,per089842_1914_05536,1,0,0,,,triagem/nome-caixa-conversao 1.0.0,10,ok
089842,per089842_1914_05536,2,0,0,,,triagem/nome-caixa-conversao 1.0.0,10,ok
089842,per089842_1914_05536,3,0,0,,,triagem/nome-caixa-conversao 1.0.0,10,ok
089842,per089842_1914_05536,4,0,0,,,triagem/nome-caixa-conversao 1.0.0,10,ok
089842,per089842_1914_05536,5,0,0,,,triagem/nome-caixa-conversao 1.0.0,10,ok
089842,per089842_1914_05536,6,0,0,,,triagem/nome-caixa-conversao 1.0.0,10,ok
089842,per089842_1914_05536,7,0,0,,,triagem/nome-caixa-conversao 1.0.0,10,ok
089842,per089842_1914_05536,8,0,0,,,triagem/nome-caixa-conversao 1.0.0,10,ok
089842,per089842_1914_05536,9,0,0,,,triagem/nome-caixa-conversao 1.0.0,10,ok
089842,per089842_1914_05536,10,0,0,,,triagem/nome-caixa-conversao 1.0.0,10,ok
089842,per089842_1914_05536,11,0,0,,,triagem/nome-caixa-conversao 1.0.0,10,ok
089842,per089842_1914_05536,12,0,0,,,triagem/nome-caixa-conversao 1.0.0,10,ok
089842,per089842_1914_05537,1,0,0,,,triagem/nome-caixa-conversao 1.0.0,10,ok
089842,per089842_1914_05537,2,0,0,,,triagem/nome-caixa-conversao 1.0.0,10,ok
089842,per089842_1914_05537,3,0,0,,,triagem/nome-caixa-conversao 1.0.0,10,ok
089842,per089842_1914_05537,4,0,0,,,triagem/nome-caixa-conversao 1.0.0,10,ok
089842,per089842_1914_05537,5,0,0,,,triagem/nome-caixa-conversao 1.0.0,10,ok
089842,per089842_1914_05537,6,0,0,,,triagem/nome-caixa-conversao 1.0.0,10,ok
089842,per089842_1914_05537,7,0,0,,,triagem/nome-caixa-conversao 1.0.0,10,ok
089842,per089842_1914_05537,8,0,0,,,triagem/nome-caixa-conversao 1.0.0,10,ok
089842,per089842_1914_05537,9,0,0,,,triagem/nome-caixa-conversao 1.0.0,10,ok
089842,per089842_1914_05537,10,0,0,,,triagem/nome-caixa-conversao 1.0.0,10,ok
089842,per089842_1914_05537,11,0,0,,,triagem/nome-caixa-conversao 1.0.0,10,ok
089842,per089842_1914_05537,12,0,0,,,triagem/nome-caixa-conversao 1.0.0,10,ok
089842,per089842_1914_05537,13,0,0,,,triagem/nome-caixa-conversao 1.0.0,10,ok
089842,per089842_1914_05537,14,0,0,,,triagem/nome-caixa-conversao 1.0.0,10,ok
089842,per089842_1914_05538,1,0,0,,,triagem/nome-caixa-conversao 1.0.0,10,ok
089842,per089842_1914_05538,2,0,0,,,triagem/nome-caixa-conversao 1.0.0,10,ok
089842,per089842_1914_05538,3,0,0,,,triagem/nome-caixa-conversao 1.0.0,10,ok
089842,per089842_1914_05538,4,0,0,,,triagem/nome-caixa-conversao 1.0.0,10,ok
089842,per089842_1914_05538,5,0,0,,,triagem/nome-caixa-conversao 1.0.0,10,ok
089842,per089842_1914_05538,6,0,0,,,triagem/nome-caixa-conversao 1.0.0,10,ok
089842,per089842_1914_05538,7,0,0,,,triagem/nome-caixa-conversao 1.0.0,10,ok
089842,per089842_1914_05538,8,0,0,,,triagem/nome-caixa-conversao 1.0.0,10,ok
089842,per089842_1914_05538,9,0,0,,,triagem/nome-caixa-conversao 1.0.0,10,ok
089842,per089842_1914_05538,10,0,0,,,triagem/nome-caixa-conversao 1.0.0,10,ok
089842,per089842_1914_05538,11,0,0,,,triagem/nome-caixa-conversao 1.0.0,10,ok
089842,per089842_1914_05538,12,0,0,,,triagem/nome-caixa-conversao 1.0.0,10,ok
089842,per089842_1914_05539,1,0,0,,,triagem/nome-caixa-conversao 1.0.0,10,ok
089842,per089842_1914_05539,2,0,0,,,triagem/nome-caixa-conversao 1.0.0,10,ok
089842,per089842_1914_05539,3,0,0,,,triagem/nome-caixa-conversao 1.0.0,10,ok
089842,per089842_1914_05539,4,0,0,,,triagem/nome-caixa-conversao 1.0.0,10,ok
089842,per089842_1914_05539,5,0,0,,,triagem/nome-caixa-conversao 1.0.0,10,ok
089842,per089842_1914_05539,6,0,0,,,triagem/nome-caixa-conversao 1.0.0,10,ok
089842,per089842_1914_05539,7,0,0,,,triagem/nome-caixa-conversao 1.0.0,10,ok
089842,per089842_1914_05539,8,0,0,,,triagem/nome-caixa-conversao 1.0.0,10,ok
089842,per089842_1914_05539,9,0,0,,,triagem/nome-caixa-conversao 1.0.0,10,ok
089842,per089842_1914_05539,10,0,0,,,triagem/nome-caixa-conversao 1.0.0,10,ok
089842,per089842_1914_05539,11,0,0,,,triagem/nome-caixa-conversao 1.0.0,10,ok
089842,per089842_1914_05539,12,0,0,,,triagem/nome-caixa-conversao 1.0.0,10,ok
089842,per089842_1914_05540,1,0,0,,,triagem/nome-caixa-conversao 1.0.0,10,ok
089842,per089842_1914_05540,2,0,0,,,triagem/nome-caixa-conversao 1.0.0,10,ok
089842,per089842_1914_05540,3,0,0,,,triagem/nome-caixa-conversao 1.0.0,10,ok
089842,per089842_1914_05540,4,0,0,,,triagem/nome-caixa-conversao 1.0.0,10,ok
089842,per089842_1914_05540,5,0,0,,,triagem/nome-caixa-conversao 1.0.0,10,ok
089842,per089842_1914_05540,6,0,0,,,triagem/nome-caixa-conversao 1.0.0,10,ok
089842,per089842_1914_05540,7,0,0,,,triagem/nome-caixa-conversao 1.0.0,10,ok
089842,per089842_1914_05540,8,0,0,,,triagem/nome-caixa-conversao 1.0.0,10,ok
089842,per089842_1914_05540,9,0,0,,,triagem/nome-caixa-conversao 1.0.0,10,ok
089842,per089842_1914_05540,10,0,0,,,triagem/nome-caixa-conversao 1.0.0,10,ok
089842,per089842_1914_05540,11,0,0,,,triagem/nome-caixa-conversao 1.0.0,10,ok
089842,per089842_1914_05540,12,0,0,,,triagem/nome-caixa-conversao 1.0.0,10,ok
089842,per089842_1914_05540,13,0,0,,,triagem/nome-caixa-conversao 1.0.0,10,ok
089842,per089842_1914_05540,14,0,0,,,triagem/nome-caixa-conversao 1.0.0,10,ok
089842,per089842_1914_05540,15,0,0,,,triagem/nome-caixa-conversao 1.0.0,10,ok
089842,per089842_1914_05540,16,0,0,,,triagem/nome-caixa-conversao 1.0.0,10,ok
089842,per089842_1914_05541,1,0,0,,,triagem/nome-caixa-conversao 1.0.0,10,ok
089842,per089842_1914_05541,2,0,0,,,triagem/nome-caixa-conversao 1.0.0,10,ok
089842,per089842_1914_05541,3,0,0,,,triagem/nome-caixa-conversao 1.0.0,10,ok
089842,per089842_1914_05541,4,0,0,,,triagem/nome-caixa-conversao 1.0.0,10,ok
089842,per089842_1914_05541,5,0,0,,,triagem/nome-caixa-conversao 1.0.0,10,ok
089842,per089842_1914_05541,6,0,0,,,triagem/nome-caixa-conversao 1.0.0,10,ok
089842,per089842_1914_05541,7,0,0,,,triagem/nome-caixa-conversao 1.0.0,10,ok
089842,per089842_1914_05541,8,0,0,,,triagem/nome-caixa-conversao 1.0.0,10,ok
089842,per089842_1914_05541,9,0,0,,,triagem/nome-caixa-conversao 1.0.0,10,ok
089842,per089842_1914_05541,10,0,0,,,triagem/nome-caixa-conversao 1.0.0,10,ok
089842,per089842_1914_05541,11,0,0,,,triagem/nome-caixa-conversao 1.0.0,10,ok
089842,per089842_1914_05541,12,0,0,,,triagem/nome-caixa-conversao 1.0.0,10,ok
089842,per089842_1914_05542,1,0,0,,,triagem/nome-caixa-conversao 1.0.0,10,ok
089842,per089842_1914_05542,2,1,1,caixa dc conver,15304,triagem/nome-caixa-conversao 1.0.0,10,ok
089842,per089842_1914_05542,3,0,0,,,triagem/nome-caixa-conversao 1.0.0,10,ok
089842,per089842_1914_05542,4,0,0,,,triagem/nome-caixa-conversao 1.0.0,10,ok
089842,per089842_1914_05542,5,0,0,,,triagem/nome-caixa-conversao 1.0.0,10,ok
089842,per089842_1914_05542,6,0,0,,,triagem/nome-caixa-conversao 1.0.0,10,ok
089842,per089842_1914_05542,7,0,0,,,triagem/nome-caixa-conversao 1.0.0,10,ok
089842,per089842_1914_05542,8,0,0,,,triagem/nome-caixa-conversao 1.0.0,10,ok
089842,per089842_1914_05542,9,0,0,,,triagem/nome-caixa-conversao 1.0.0,10,ok
089842,per089842_1914_05542,10,1,1,caixa de conver,53989,triagem/nome-caixa-conversao 1.0.0,10,ok
089842,per089842_1914_05543,1,0,0,,,triagem/nome-caixa-conversao 1.0.0,10,ok
089842,per089842_1914_05543,2,0,0,,,triagem/nome-caixa-conversao 1.0.0,10,ok
089842,per089842_1914_05543,3,0,0,,,triagem/nome-caixa-conversao 1.0.0,10,ok
089842,per089842_1914_05543,4,0,0,,,triagem/nome-caixa-conversao 1.0.0,10,ok
089842,per089842_1914_05543,5,0,0,,,triagem/nome-caixa-conversao 1.0.0,10,ok
089842,per089842_1914_05543,6,0,0,,,triagem/nome-caixa-conversao 1.0.0,10,ok
089842,per089842_1914_05543,7,0,0,,,triagem/nome-caixa-conversao 1.0.0,10,ok
089842,per089842_1914_05543,8,0,0,,,triagem/nome-caixa-conversao 1.0.0,10,ok
089842,per089842_1914_05543,9,0,0,,,triagem/nome-caixa-conversao 1.0.0,10,ok
089842,per089842_1914_05543,10,0,0,,,triagem/nome-caixa-conversao 1.0.0,10,ok
089842,per089842_1914_05543,11,0,0,,,triagem/nome-caixa-conversao 1.0.0,10,ok
089842,per089842_1914_05543,12,1,1,caixa de conver,29298,triagem/nome-caixa-conversao 1.0.0,10,ok
089842,per089842_1914_05543,13,0,0,,,triagem/nome-caixa-conversao 1.0.0,10,ok
089842,per089842_1914_05543,14,0,0,,,triagem/nome-caixa-conversao 1.0.0,10,ok
089842,per089842_1914_05544,1,0,0,,,triagem/nome-caixa-conversao 1.0.0,10,ok
089842,per089842_1914_05544,2,0,0,,,triagem/nome-caixa-conversao 1.0.0,10,ok
089842,per089842_1914_05544,3,0,0,,,triagem/nome-caixa-conversao 1.0.0,10,ok
089842,per089842_1914_05544,4,0,0,,,triagem/nome-caixa-conversao 1.0.0,10,ok
089842,per089842_1914_05544,5,0,0,,,triagem/nome-caixa-conversao 1.0.0,10,ok
089842,per089842_1914_05544,6,0,0,,,triagem/nome-caixa-conversao 1.0.0,10,ok
089842,per089842_1914_05544,7,0,0,,,triagem/nome-caixa-conversao 1.0.0,10,ok
089842,per089842_1914_05544,8,0,0,,,triagem/nome-caixa-conversao 1.0.0,10,ok
089842,per089842_1914_05544,9,0,0,,,triagem/nome-caixa-conversao 1.0.0,10,ok
089842,per089842_1914_05544,10,0,0,,,triagem/nome-caixa-conversao 1.0.0,10,ok
089842,per089842_1914_05544,11,0,0,,,triagem/nome-caixa-conversao 1.0.0,10,ok
089842,per089842_1914_05544,12,0,0,,,triagem/nome-caixa-conversao 1.0.0,10,ok
089842,per089842_1914_05544,13,0,0,,,triagem/nome-caixa-conversao 1.0.0,10,ok
089842,per089842_1914_05544,14,0,0,,,triagem/nome-caixa-conversao 1.0.0,10,ok
089842,per089842_1914_05544,15,0,0,,,triagem/nome-caixa-conversao 1.0.0,10,ok
089842,per089842_1914_05544,16,0,0,,,triagem/nome-caixa-conversao 1.0.0,10,ok
089842,per089842_1914_05545,1,0,0,,,triagem/nome-caixa-conversao 1.0.0,10,ok
089842,per089842_1914_05545,2,0,0,,,triagem/nome-caixa-conversao 1.0.0,10,ok
089842,per089842_1914_05545,3,0,0,,,triagem/nome-caixa-conversao 1.0.0,10,ok
089842,per089842_1914_05545,4,0,0,,,triagem/nome-caixa-conversao 1.0.0,10,ok
089842,per089842_1914_05545,5,0,0,,,triagem/nome-caixa-conversao 1.0.0,10,ok
089842,per089842_1914_05545,6,0,0,,,triagem/nome-caixa-conversao 1.0.0,10,ok
089842,per089842_1914_05545,7,0,0,,,triagem/nome-caixa-conversao 1.0.0,10,ok
089842,per089842_1914_05545,8,0,0,,,triagem/nome-caixa-conversao 1.0.0,10,ok
089842,per089842_1914_05545,9,0,0,,,triagem/nome-caixa-conversao 1.0.0,10,ok
089842,per089842_1914_05545,10,0,0,,,triagem/nome-caixa-conversao 1.0.0,10,ok
089842,per089842_1914_05545,11,0,0,,,triagem/nome-caixa-conversao 1.0.0,10,ok
089842,per089842_1914_05545,12,0,0,,,triagem/nome-caixa-conversao 1.0.0,10,ok
089842,per089842_1914_05545,13,0,0,,,triagem/nome-caixa-conversao 1.0.0,10,ok
089842,per089842_1914_05545,14,0,0,,,triagem/nome-caixa-conversao 1.0.0,10,ok
089842,per089842_1914_05546,1,0,0,,,triagem/nome-caixa-conversao 1.0.0,10,ok
089842,per089842_1914_05546,2,0,0,,,triagem/nome-caixa-conversao 1.0.0,10,ok
089842,per089842_1914_05546,3,0,0,,,triagem/nome-caixa-conversao 1.0.0,10,ok
089842,per089842_1914_05546,4,0,0,,,triagem/nome-caixa-conversao 1.0.0,10,ok
089842,per089842_1914_05546,5,0,0,,,triagem/nome-caixa-conversao 1.0.0,10,ok
089842,per089842_1914_05546,6,0,0,,,triagem/nome-caixa-conversao 1.0.0,10,ok
089842,per089842_1914_05546,7,0,0,,,triagem/nome-caixa-conversao 1.0.0,10,ok
089842,per089842_1914_05546,8,0,0,,,triagem/nome-caixa-conversao 1.0.0,10,ok
089842,per089842_1914_05546,9,0,0,,,triagem/nome-caixa-conversao 1.0.0,10,ok
089842,per089842_1914_05546,10,0,0,,,triagem/nome-caixa-conversao 1.0.0,10,ok
089842,per089842_1914_05546,11,0,0,,,triagem/nome-caixa-conversao 1.0.0,10,ok
089842,per089842_1914_05546,12,0,0,,,triagem/nome-caixa-conversao 1.0.0,10,ok
089842,per089842_1914_05547,1,0,0,,,triagem/nome-caixa-conversao 1.0.0,10,ok
089842,per089842_1914_05547,2,0,0,,,triagem/nome-caixa-conversao 1.0.0,10,ok
089842,per089842_1914_05547,3,0,0,,,triagem/nome-caixa-conversao 1.0.0,10,ok
089842,per089842_1914_05547,4,0,0,,,triagem/nome-caixa-conversao 1.0.0,10,ok
089842,per089842_1914_05547,5,0,0,,,triagem/nome-caixa-conversao 1.0.0,10,ok
089842,per089842_1914_05547,6,0,0,,,triagem/nome-caixa-conversao 1.0.0,10,ok
089842,per089842_1914_05547,7,0,0,,,triagem/nome-caixa-conversao 1.0.0,10,ok
089842,per089842_1914_05547,8,0,0,,,triagem/nome-caixa-conversao 1.0.0,10,ok
089842,per089842_1914_05547,9,0,0,,,triagem/nome-caixa-conversao 1.0.0,10,ok
089842,per089842_1914_05547,10,0,0,,,triagem/nome-caixa-conversao 1.0.0,10,ok
089842,per089842_1914_05547,11,0,0,,,triagem/nome-caixa-conversao 1.0.0,10,ok
089842,per089842_1914_05547,12,0,0,,,triagem/nome-caixa-conversao 1.0.0,10,ok
089842,per089842_1914_05547,13,0,0,,,triagem/nome-caixa-conversao 1.0.0,10,ok
089842,per089842_1914_05547,14,0,0,,,triagem/nome-caixa-conversao 1.0.0,10,ok
089842,per089842_1914_05547,15,0,0,,,triagem/nome-caixa-conversao 1.0.0,10,ok
089842,per089842_1914_05547,16,0,0,,,triagem/nome-caixa-conversao 1.0.0,10,ok
089842,per089842_1914_05548,1,0,0,,,triagem/nome-caixa-conversao 1.0.0,10,ok
089842,per089842_1914_05548,2,0,0,,,triagem/nome-caixa-conversao 1.0.0,10,ok
089842,per089842_1914_05548,3,0,0,,,triagem/nome-caixa-conversao 1.0.0,10,ok
089842,per089842_1914_05548,4,0,0,,,triagem/nome-caixa-conversao 1.0.0,10,ok
089842,per089842_1914_05548,5,0,0,,,triagem/nome-caixa-conversao 1.0.0,10,ok
089842,per089842_1914_05548,6,0,0,,,triagem/nome-caixa-conversao 1.0.0,10,ok
089842,per089842_1914_05548,7,0,0,,,triagem/nome-caixa-conversao 1.0.0,10,ok
089842,per089842_1914_05548,8,1,1,caixa de conver,48475,triagem/nome-caixa-conversao 1.0.0,10,ok
089842,per089842_1914_05548,9,0,0,,,triagem/nome-caixa-conversao 1.0.0,10,ok
089842,per089842_1914_05548,10,0,0,,,triagem/nome-caixa-conversao 1.0.0,10,ok
089842,per089842_1914_05548,11,0,0,,,triagem/nome-caixa-conversao 1.0.0,10,ok
089842,per089842_1914_05548,12,0,0,,,triagem/nome-caixa-conversao 1.0.0,10,ok
089842,per089842_1914_05548,13,0,0,,,triagem/nome-caixa-conversao 1.0.0,10,ok
089842,per089842_1914_05548,14,0,0,,,triagem/nome-caixa-conversao 1.0.0,10,ok
089842,per089842_1914_05548,15,0,0,,,triagem/nome-caixa-conversao 1.0.0,10,ok
089842,per089842_1914_05548,16,0,0,,,triagem/nome-caixa-conversao 1.0.0,10,ok
089842,per089842_1914_05549,1,0,0,,,triagem/nome-caixa-conversao 1.0.0,10,ok
089842,per089842_1914_05549,2,0,0,,,triagem/nome-caixa-conversao 1.0.0,10,ok
089842,per089842_1914_05549,3,0,0,,,triagem/nome-caixa-conversao 1.0.0,10,ok
089842,per089842_1914_05549,4,0,0,,,triagem/nome-caixa-conversao 1.0.0,10,ok
089842,per089842_1914_05549,5,0,0,,,triagem/nome-caixa-conversao 1.0.0,10,ok
089842,per089842_1914_05549,6,0,0,,,triagem/nome-caixa-conversao 1.0.0,10,ok
089842,per089842_1914_05549,7,0,0,,,triagem/nome-caixa-conversao 1.0.0,10,ok
089842,per089842_1914_05549,8,0,0,,,triagem/nome-caixa-conversao 1.0.0,10,ok
089842,per089842_1914_05549,9,0,0,,,triagem/nome-caixa-conversao 1.0.0,10,ok
089842,per089842_1914_05549,10,0,0,,,triagem/nome-caixa-conversao 1.0.0,10,ok
089842,per089842_1914_05549,11,0,0,,,triagem/nome-caixa-conversao 1.0.0,10,ok
089842,per089842_1914_05549,12,0,0,,,triagem/nome-caixa-conversao 1.0.0,10,ok
089842,per089842_1914_05550,1,0,0,,,triagem/nome-caixa-conversao 1.0.0,10,ok
089842,per089842_1914_05550,2,0,0,,,triagem/nome-caixa-conversao 1.0.0,10,ok
089842,per089842_1914_05550,3,0,0,,,triagem/nome-caixa-conversao 1.0.0,10,ok
089842,per089842_1914_05550,4,0,0,,,triagem/nome-caixa-conversao 1.0.0,10,ok
089842,per089842_1914_05550,5,0,0,,,triagem/nome-caixa-conversao 1.0.0,10,ok
089842,per089842_1914_05550,6,0,0,,,triagem/nome-caixa-conversao 1.0.0,10,ok
089842,per089842_1914_05550,7,0,0,,,triagem/nome-caixa-conversao 1.0.0,10,ok
089842,per089842_1914_05550,8,0,0,,,triagem/nome-caixa-conversao 1.0.0,10,ok
089842,per089842_1914_05550,9,0,0,,,triagem/nome-caixa-conversao 1.0.0,10,ok
089842,per089842_1914_05550,10,0,0,,,triagem/nome-caixa-conversao 1.0.0,10,ok
089842,per089842_1914_05550,11,0,0,,,triagem/nome-caixa-conversao 1.0.0,10,ok
089842,per089842_1914_05550,12,0,0,,,triagem/nome-caixa-conversao 1.0.0,10,ok
089842,per089842_1914_05550,13,0,0,,,triagem/nome-caixa-conversao 1.0.0,10,ok
089842,per089842_1914_05550,14,0,0,,,triagem/nome-caixa-conversao 1.0.0,10,ok
089842,per089842_1914_05551,1,1,1,caixadu conver,9735,triagem/nome-caixa-conversao 1.0.0,10,ok
089842,per089842_1914_05551,2,0,0,,,triagem/nome-caixa-conversao 1.0.0,10,ok
089842,per089842_1914_05551,3,0,0,,,triagem/nome-caixa-conversao 1.0.0,10,ok
089842,per089842_1914_05551,4,0,0,,,triagem/nome-caixa-conversao 1.0.0,10,ok
089842,per089842_1914_05551,5,0,0,,,triagem/nome-caixa-conversao 1.0.0,10,ok
089842,per089842_1914_05551,6,0,0,,,triagem/nome-caixa-conversao 1.0.0,10,ok
089842,per089842_1914_05551,7,0,0,,,triagem/nome-caixa-conversao 1.0.0,10,ok
089842,per089842_1914_05551,8,0,0,,,triagem/nome-caixa-conversao 1.0.0,10,ok
089842,per089842_1914_05551,9,0,0,,,triagem/nome-caixa-conversao 1.0.0,10,ok
089842,per089842_1914_05551,10,0,0,,,triagem/nome-caixa-conversao 1.0.0,10,ok
089842,per089842_1914_05551,11,0,0,,,triagem/nome-caixa-conversao 1.0.0,10,ok
089842,per089842_1914_05551,12,0,0,,,triagem/nome-caixa-conversao 1.0.0,10,ok
089842,per089842_1914_05551,13,0,0,,,triagem/nome-caixa-conversao 1.0.0,10,ok
089842,per089842_1914_05551,14,0,0,,,triagem/nome-caixa-conversao 1.0.0,10,ok
089842,per089842_1914_05552,1,1,1,caixa de conver,36422,triagem/nome-caixa-conversao 1.0.0,10,ok
089842,per089842_1914_05552,2,0,0,,,triagem/nome-caixa-conversao 1.0.0,10,ok
089842,per089842_1914_05552,3,0,0,,,triagem/nome-caixa-conversao 1.0.0,10,ok
089842,per089842_1914_05552,4,0,0,,,triagem/nome-caixa-conversao 1.0.0,10,ok
089842,per089842_1914_05552,5,0,0,,,triagem/nome-caixa-conversao 1.0.0,10,ok
089842,per089842_1914_05552,6,0,0,,,triagem/nome-caixa-conversao 1.0.0,10,ok
089842,per089842_1914_05552,7,0,0,,,triagem/nome-caixa-conversao 1.0.0,10,ok
089842,per089842_1914_05552,8,0,0,,,triagem/nome-caixa-conversao 1.0.0,10,ok
089842,per089842_1914_05552,9,0,0,,,triagem/nome-caixa-conversao 1.0.0,10,ok
089842,per089842_1914_05552,10,0,0,,,triagem/nome-caixa-conversao 1.0.0,10,ok
089842,per089842_1914_05552,11,0,0,,,triagem/nome-caixa-conversao 1.0.0,10,ok
089842,per089842_1914_05552,12,0,0,,,triagem/nome-caixa-conversao 1.0.0,10,ok
089842,per089842_1914_05553,1,0,0,,,triagem/nome-caixa-conversao 1.0.0,10,ok
089842,per089842_1914_05553,2,1,1,caixa de conver,43829,triagem/nome-caixa-conversao 1.0.0,10,ok
089842,per089842_1914_05553,3,0,0,,,triagem/nome-caixa-conversao 1.0.0,10,ok
089842,per089842_1914_05553,4,0,0,,,triagem/nome-caixa-conversao 1.0.0,10,ok
089842,per089842_1914_05553,5,0,0,,,triagem/nome-caixa-conversao 1.0.0,10,ok
089842,per089842_1914_05553,6,0,0,,,triagem/nome-caixa-conversao 1.0.0,10,ok
089842,per089842_1914_05553,7,0,0,,,triagem/nome-caixa-conversao 1.0.0,10,ok
089842,per089842_1914_05553,8,0,0,,,triagem/nome-caixa-conversao 1.0.0,10,ok
089842,per089842_1914_05553,9,0,0,,,triagem/nome-caixa-conversao 1.0.0,10,ok
089842,per089842_1914_05553,10,0,0,,,triagem/nome-caixa-conversao 1.0.0,10,ok
089842,per089842_1914_05553,11,0,0,,,triagem/nome-caixa-conversao 1.0.0,10,ok
089842,per089842_1914_05553,12,0,0,,,triagem/nome-caixa-conversao 1.0.0,10,ok
089842,per089842_1914_05553,13,0,0,,,triagem/nome-caixa-conversao 1.0.0,10,ok
089842,per089842_1914_05553,14,0,0,,,triagem/nome-caixa-conversao 1.0.0,10,ok
089842,per089842_1914_05554,1,1,1,caixa de conver,5305,triagem/nome-caixa-conversao 1.0.0,10,ok
089842,per089842_1914_05554,2,0,0,,,triagem/nome-caixa-conversao 1.0.0,10,ok
089842,per089842_1914_05554,3,0,0,,,triagem/nome-caixa-conversao 1.0.0,10,ok
089842,per089842_1914_05554,4,0,0,,,triagem/nome-caixa-conversao 1.0.0,10,ok
089842,per089842_1914_05554,5,0,0,,,triagem/nome-caixa-conversao 1.0.0,10,ok
089842,per089842_1914_05554,6,0,0,,,triagem/nome-caixa-conversao 1.0.0,10,ok
089842,per089842_1914_05554,7,0,0,,,triagem/nome-caixa-conversao 1.0.0,10,ok
089842,per089842_1914_05554,8,0,0,,,triagem/nome-caixa-conversao 1.0.0,10,ok
089842,per089842_1914_05554,9,0,0,,,triagem/nome-caixa-conversao 1.0.0,10,ok
089842,per089842_1914_05554,10,0,0,,,triagem/nome-caixa-conversao 1.0.0,10,ok
089842,per089842_1914_05554,11,0,0,,,triagem/nome-caixa-conversao 1.0.0,10,ok
089842,per089842_1914_05554,12,0,0,,,triagem/nome-caixa-conversao 1.0.0,10,ok
089842,per089842_1914_05554,13,0,0,,,triagem/nome-caixa-conversao 1.0.0,10,ok
089842,per089842_1914_05554,14,0,0,,,triagem/nome-caixa-conversao 1.0.0,10,ok
089842,per089842_1914_05554,15,0,0,,,triagem/nome-caixa-conversao 1.0.0,10,ok
089842,per089842_1914_05554,16,0,0,,,triagem/nome-caixa-conversao 1.0.0,10,ok
089842,per089842_1914_05555,1,0,0,,,triagem/nome-caixa-conversao 1.0.0,10,ok
089842,per089842_1914_05555,2,0,0,,,triagem/nome-caixa-conversao 1.0.0,10,ok
089842,per089842_1914_05555,3,0,0,,,triagem/nome-caixa-conversao 1.0.0,10,ok
089842,per089842_1914_05555,4,0,0,,,triagem/nome-caixa-conversao 1.0.0,10,ok
089842,per089842_1914_05555,5,0,0,,,triagem/nome-caixa-conversao 1.0.0,10,ok
089842,per089842_1914_05555,6,0,0,,,triagem/nome-caixa-conversao 1.0.0,10,ok
089842,per089842_1914_05555,7,0,0,,,triagem/nome-caixa-conversao 1.0.0,10,ok
089842,per089842_1914_05555,8,0,0,,,triagem/nome-caixa-conversao 1.0.0,10,ok
089842,per089842_1914_05555,9,0,0,,,triagem/nome-caixa-conversao 1.0.0,10,ok
089842,per089842_1914_05555,10,0,0,,,triagem/nome-caixa-conversao 1.0.0,10,ok
089842,per089842_1914_05555,11,0,0,,,triagem/nome-caixa-conversao 1.0.0,10,ok
089842,per089842_1914_05555,12,0,0,,,triagem/nome-caixa-conversao 1.0.0,10,ok
089842,per089842_1914_05555,13,0,0,,,triagem/nome-caixa-conversao 1.0.0,10,ok
089842,per089842_1914_05555,14,0,0,,,triagem/nome-caixa-conversao 1.0.0,10,ok
089842,per089842_1914_05556,1,0,0,,,triagem/nome-caixa-conversao 1.0.0,10,ok
089842,per089842_1914_05556,2,0,0,,,triagem/nome-caixa-conversao 1.0.0,10,ok
089842,per089842_1914_05556,3,0,0,,,triagem/nome-caixa-conversao 1.0.0,10,ok
089842,per089842_1914_05556,4,1,1,caixa deconver,31105,triagem/nome-caixa-conversao 1.0.0,10,ok
089842,per089842_1914_05556,5,0,0,,,triagem/nome-caixa-conversao 1.0.0,10,ok
089842,per089842_1914_05556,6,0,0,,,triagem/nome-caixa-conversao 1.0.0,10,ok
089842,per089842_1914_05556,7,0,0,,,triagem/nome-caixa-conversao 1.0.0,10,ok
089842,per089842_1914_05556,8,0,0,,,triagem/nome-caixa-conversao 1.0.0,10,ok
089842,per089842_1914_05556,9,0,0,,,triagem/nome-caixa-conversao 1.0.0,10,ok
089842,per089842_1914_05556,10,0,0,,,triagem/nome-caixa-conversao 1.0.0,10,ok
089842,per089842_1914_05556,11,0,0,,,triagem/nome-caixa-conversao 1.0.0,10,ok
089842,per089842_1914_05556,12,0,0,,,triagem/nome-caixa-conversao 1.0.0,10,ok
089842,per089842_1914_05556,13,0,0,,,triagem/nome-caixa-conversao 1.0.0,10,ok
089842,per089842_1914_05556,14,0,0,,,triagem/nome-caixa-conversao 1.0.0,10,ok
089842,per089842_1914_05557,1,0,0,,,triagem/nome-caixa-conversao 1.0.0,10,ok
089842,per089842_1914_05557,2,1,1,caixadc conver,8160,triagem/nome-caixa-conversao 1.0.0,10,ok
089842,per089842_1914_05557,3,0,0,,,triagem/nome-caixa-conversao 1.0.0,10,ok
089842,per089842_1914_05557,4,0,0,,,triagem/nome-caixa-conversao 1.0.0,10,ok
089842,per089842_1914_05557,5,0,0,,,triagem/nome-caixa-conversao 1.0.0,10,ok
089842,per089842_1914_05557,6,0,0,,,triagem/nome-caixa-conversao 1.0.0,10,ok
089842,per089842_1914_05557,7,0,0,,,triagem/nome-caixa-conversao 1.0.0,10,ok
089842,per089842_1914_05557,8,0,0,,,triagem/nome-caixa-conversao 1.0.0,10,ok
089842,per089842_1914_05557,9,0,0,,,triagem/nome-caixa-conversao 1.0.0,10,ok
089842,per089842_1914_05557,10,0,0,,,triagem/nome-caixa-conversao 1.0.0,10,ok
089842,per089842_1914_05557,11,0,0,,,triagem/nome-caixa-conversao 1.0.0,10,ok
089842,per089842_1914_05557,12,0,0,,,triagem/nome-caixa-conversao 1.0.0,10,ok
089842,per089842_1914_05557,13,0,0,,,triagem/nome-caixa-conversao 1.0.0,10,ok
089842,per089842_1914_05557,14,0,0,,,triagem/nome-caixa-conversao 1.0.0,10,ok
089842,per089842_1914_05558,1,0,0,,,triagem/nome-caixa-conversao 1.0.0,10,ok
089842,per089842_1914_05558,2,0,0,,,triagem/nome-caixa-conversao 1.0.0,10,ok
089842,per089842_1914_05558,3,0,0,,,triagem/nome-caixa-conversao 1.0.0,10,ok
089842,per089842_1914_05558,4,0,0,,,triagem/nome-caixa-conversao 1.0.0,10,ok
089842,per089842_1914_05558,5,0,0,,,triagem/nome-caixa-conversao 1.0.0,10,ok
089842,per089842_1914_05558,6,0,0,,,triagem/nome-caixa-conversao 1.0.0,10,ok
089842,per089842_1914_05558,7,0,0,,,triagem/nome-caixa-conversao 1.0.0,10,ok
089842,per089842_1914_05558,8,0,0,,,triagem/nome-caixa-conversao 1.0.0,10,ok
089842,per089842_1914_05558,9,0,0,,,triagem/nome-caixa-conversao 1.0.0,10,ok
089842,per089842_1914_05558,10,0,0,,,triagem/nome-caixa-conversao 1.0.0,10,ok
089842,per089842_1914_05558,11,0,0,,,triagem/nome-caixa-conversao 1.0.0,10,ok
089842,per089842_1914_05558,12,0,0,,,triagem/nome-caixa-conversao 1.0.0,10,ok
089842,per089842_1914_05558,13,0,0,,,triagem/nome-caixa-conversao 1.0.0,10,ok
089842,per089842_1914_05558,14,0,0,,,triagem/nome-caixa-conversao 1.0.0,10,ok
089842,per089842_1914_05559,1,0,0,,,triagem/nome-caixa-conversao 1.0.0,10,ok
089842,per089842_1914_05559,2,0,0,,,triagem/nome-caixa-conversao 1.0.0,10,ok
089842,per089842_1914_05559,3,0,0,,,triagem/nome-caixa-conversao 1.0.0,10,ok
089842,per089842_1914_05559,4,0,0,,,triagem/nome-caixa-conversao 1.0.0,10,ok
089842,per089842_1914_05559,5,0,0,,,triagem/nome-caixa-conversao 1.0.0,10,ok
089842,per089842_1914_05559,6,0,0,,,triagem/nome-caixa-conversao 1.0.0,10,ok
089842,per089842_1914_05559,7,0,0,,,triagem/nome-caixa-conversao 1.0.0,10,ok
089842,per089842_1914_05559,8,0,0,,,triagem/nome-caixa-conversao 1.0.0,10,ok
089842,per089842_1914_05559,9,0,0,,,triagem/nome-caixa-conversao 1.0.0,10,ok
089842,per089842_1914_05559,10,0,0,,,triagem/nome-caixa-conversao 1.0.0,10,ok
089842,per089842_1914_05559,11,0,0,,,triagem/nome-caixa-conversao 1.0.0,10,ok
089842,per089842_1914_05559,12,0,0,,,triagem/nome-caixa-conversao 1.0.0,10,ok
089842,per089842_1914_05560,1,0,0,,,triagem/nome-caixa-conversao 1.0.0,10,ok
089842,per089842_1914_05560,2,0,0,,,triagem/nome-caixa-conversao 1.0.0,10,ok
089842,per089842_1914_05560,3,1,2,caixade conver,19885,triagem/nome-caixa-conversao 1.0.0,10,ok
089842,per089842_1914_05560,4,0,0,,,triagem/nome-caixa-conversao 1.0.0,10,ok
089842,per089842_1914_05560,5,0,0,,,triagem/nome-caixa-conversao 1.0.0,10,ok
089842,per089842_1914_05560,6,0,0,,,triagem/nome-caixa-conversao 1.0.0,10,ok
089842,per089842_1914_05560,7,0,0,,,triagem/nome-caixa-conversao 1.0.0,10,ok
089842,per089842_1914_05560,8,0,0,,,triagem/nome-caixa-conversao 1.0.0,10,ok
089842,per089842_1914_05560,9,0,0,,,triagem/nome-caixa-conversao 1.0.0,10,ok
089842,per089842_1914_05560,10,0,0,,,triagem/nome-caixa-conversao 1.0.0,10,ok
089842,per089842_1914_05560,11,1,1,caixa dc conver,20008,triagem/nome-caixa-conversao 1.0.0,10,ok
089842,per089842_1914_05560,12,0,0,,,triagem/nome-caixa-conversao 1.0.0,10,ok
089842,per089842_1914_05561,1,0,0,,,triagem/nome-caixa-conversao 1.0.0,10,ok
089842,per089842_1914_05561,2,0,0,,,triagem/nome-caixa-conversao 1.0.0,10,ok
089842,per089842_1914_05561,3,0,0,,,triagem/nome-caixa-conversao 1.0.0,10,ok
089842,per089842_1914_05561,4,0,0,,,triagem/nome-caixa-conversao 1.0.0,10,ok
089842,per089842_1914_05561,5,0,0,,,triagem/nome-caixa-conversao 1.0.0,10,ok
089842,per089842_1914_05561,6,0,0,,,triagem/nome-caixa-conversao 1.0.0,10,ok
089842,per089842_1914_05561,7,0,0,,,triagem/nome-caixa-conversao 1.0.0,10,ok
089842,per089842_1914_05561,8,0,0,,,triagem/nome-caixa-conversao 1.0.0,10,ok
089842,per089842_1914_05561,9,0,0,,,triagem/nome-caixa-conversao 1.0.0,10,ok
089842,per089842_1914_05561,10,0,0,,,triagem/nome-caixa-conversao 1.0.0,10,ok
089842,per089842_1914_05561,11,0,0,,,triagem/nome-caixa-conversao 1.0.0,10,ok
089842,per089842_1914_05561,12,0,0,,,triagem/nome-caixa-conversao 1.0.0,10,ok
089842,per089842_1914_05561,13,0,0,,,triagem/nome-caixa-conversao 1.0.0,10,ok
089842,per089842_1914_05561,14,0,0,,,triagem/nome-caixa-conversao 1.0.0,10,ok
089842,per089842_1914_05561,15,1,1,caixa de conver,6936,triagem/nome-caixa-conversao 1.0.0,10,ok
089842,per089842_1914_05561,16,0,0,,,triagem/nome-caixa-conversao 1.0.0,10,ok
089842,per089842_1914_05562,1,1,2,caixa de conver,29041,triagem/nome-caixa-conversao 1.0.0,10,ok
089842,per089842_1914_05562,2,0,0,,,triagem/nome-caixa-conversao 1.0.0,10,ok
089842,per089842_1914_05562,3,0,0,,,triagem/nome-caixa-conversao 1.0.0,10,ok
089842,per089842_1914_05562,4,0,0,,,triagem/nome-caixa-conversao 1.0.0,10,ok
089842,per089842_1914_05562,5,0,0,,,triagem/nome-caixa-conversao 1.0.0,10,ok
089842,per089842_1914_05562,6,1,1,caixa dc conver,36672,triagem/nome-caixa-conversao 1.0.0,10,ok
089842,per089842_1914_05562,7,0,0,,,triagem/nome-caixa-conversao 1.0.0,10,ok
089842,per089842_1914_05562,8,0,0,,,triagem/nome-caixa-conversao 1.0.0,10,ok
089842,per089842_1914_05562,9,0,0,,,triagem/nome-caixa-conversao 1.0.0,10,ok
089842,per089842_1914_05562,10,0,0,,,triagem/nome-caixa-conversao 1.0.0,10,ok
089842,per089842_1914_05562,11,0,0,,,triagem/nome-caixa-conversao 1.0.0,10,ok
089842,per089842_1914_05562,12,0,0,,,triagem/nome-caixa-conversao 1.0.0,10,ok
089842,per089842_1914_05562,13,0,0,,,triagem/nome-caixa-conversao 1.0.0,10,ok
089842,per089842_1914_05562,14,0,0,,,triagem/nome-caixa-conversao 1.0.0,10,ok
089842,per089842_1914_05563,1,1,1,caixa de conver,17811,triagem/nome-caixa-conversao 1.0.0,10,ok
089842,per089842_1914_05563,2,0,0,,,triagem/nome-caixa-conversao 1.0.0,10,ok
089842,per089842_1914_05563,3,0,0,,,triagem/nome-caixa-conversao 1.0.0,10,ok
089842,per089842_1914_05563,4,0,0,,,triagem/nome-caixa-conversao 1.0.0,10,ok
089842,per089842_1914_05563,5,0,0,,,triagem/nome-caixa-conversao 1.0.0,10,ok
089842,per089842_1914_05563,6,0,0,,,triagem/nome-caixa-conversao 1.0.0,10,ok
089842,per089842_1914_05563,7,0,0,,,triagem/nome-caixa-conversao 1.0.0,10,ok
089842,per089842_1914_05563,8,0,0,,,triagem/nome-caixa-conversao 1.0.0,10,ok
089842,per089842_1914_05563,9,0,0,,,triagem/nome-caixa-conversao 1.0.0,10,ok
089842,per089842_1914_05563,10,0,0,,,triagem/nome-caixa-conversao 1.0.0,10,ok
089842,per089842_1914_05563,11,0,0,,,triagem/nome-caixa-conversao 1.0.0,10,ok
089842,per089842_1914_05563,12,0,0,,,triagem/nome-caixa-conversao 1.0.0,10,ok
089842,per089842_1914_05563,13,0,0,,,triagem/nome-caixa-conversao 1.0.0,10,ok
089842,per089842_1914_05563,14,0,0,,,triagem/nome-caixa-conversao 1.0.0,10,ok
089842,per089842_1914_05564,1,0,0,,,triagem/nome-caixa-conversao 1.0.0,10,ok
089842,per089842_1914_05564,2,0,0,,,triagem/nome-caixa-conversao 1.0.0,10,ok
089842,per089842_1914_05564,3,0,0,,,triagem/nome-caixa-conversao 1.0.0,10,ok
089842,per089842_1914_05564,4,0,0,,,triagem/nome-caixa-conversao 1.0.0,10,ok
089842,per089842_1914_05564,5,0,0,,,triagem/nome-caixa-conversao 1.0.0,10,ok
089842,per089842_1914_05564,6,0,0,,,triagem/nome-caixa-conversao 1.0.0,10,ok
089842,per089842_1914_05564,7,0,0,,,triagem/nome-caixa-conversao 1.0.0,10,ok
089842,per089842_1914_05564,8,0,0,,,triagem/nome-caixa-conversao 1.0.0,10,ok
089842,per089842_1914_05564,9,0,0,,,triagem/nome-caixa-conversao 1.0.0,10,ok
089842,per089842_1914_05564,10,0,0,,,triagem/nome-caixa-conversao 1.0.0,10,ok
089842,per089842_1914_05564,11,0,0,,,triagem/nome-caixa-conversao 1.0.0,10,ok
089842,per089842_1914_05564,12,0,0,,,triagem/nome-caixa-conversao 1.0.0,10,ok
089842,per089842_1914_05565,1,0,0,,,triagem/nome-caixa-conversao 1.0.0,10,ok
089842,per089842_1914_05565,2,0,0,,,triagem/nome-caixa-conversao 1.0.0,10,ok
089842,per089842_1914_05565,3,0,0,,,triagem/nome-caixa-conversao 1.0.0,10,ok
089842,per089842_1914_05565,4,0,0,,,triagem/nome-caixa-conversao 1.0.0,10,ok
089842,per089842_1914_05565,5,0,0,,,triagem/nome-caixa-conversao 1.0.0,10,ok
089842,per089842_1914_05565,6,0,0,,,triagem/nome-caixa-conversao 1.0.0,10,ok
089842,per089842_1914_05565,7,0,0,,,triagem/nome-caixa-conversao 1.0.0,10,ok
089842,per089842_1914_05565,8,0,0,,,triagem/nome-caixa-conversao 1.0.0,10,ok
089842,per089842_1914_05565,9,0,0,,,triagem/nome-caixa-conversao 1.0.0,10,ok
089842,per089842_1914_05565,10,0,0,,,triagem/nome-caixa-conversao 1.0.0,10,ok
089842,per089842_1914_05565,11,0,0,,,triagem/nome-caixa-conversao 1.0.0,10,ok
089842,per089842_1914_05565,12,0,0,,,triagem/nome-caixa-conversao 1.0.0,10,ok
089842,per089842_1914_05566,1,0,0,,,triagem/nome-caixa-conversao 1.0.0,10,ok
089842,per089842_1914_05566,2,0,0,,,triagem/nome-caixa-conversao 1.0.0,10,ok
089842,per089842_1914_05566,3,0,0,,,triagem/nome-caixa-conversao 1.0.0,10,ok
089842,per089842_1914_05566,4,0,0,,,triagem/nome-caixa-conversao 1.0.0,10,ok
089842,per089842_1914_05566,5,0,0,,,triagem/nome-caixa-conversao 1.0.0,10,ok
089842,per089842_1914_05566,6,0,0,,,triagem/nome-caixa-conversao 1.0.0,10,ok
089842,per089842_1914_05566,7,0,0,,,triagem/nome-caixa-conversao 1.0.0,10,ok
089842,per089842_1914_05566,8,0,0,,,triagem/nome-caixa-conversao 1.0.0,10,ok
089842,per089842_1914_05566,9,0,0,,,triagem/nome-caixa-conversao 1.0.0,10,ok
089842,per089842_1914_05566,10,0,0,,,triagem/nome-caixa-conversao 1.0.0,10,ok
089842,per089842_1914_05566,11,0,0,,,triagem/nome-caixa-conversao 1.0.0,10,ok
089842,per089842_1914_05566,12,0,0,,,triagem/nome-caixa-conversao 1.0.0,10,ok
089842,per089842_1914_05567,1,0,0,,,triagem/nome-caixa-conversao 1.0.0,10,ok
089842,per089842_1914_05567,2,0,0,,,triagem/nome-caixa-conversao 1.0.0,10,ok
089842,per089842_1914_05567,3,0,0,,,triagem/nome-caixa-conversao 1.0.0,10,ok
089842,per089842_1914_05567,4,0,0,,,triagem/nome-caixa-conversao 1.0.0,10,ok
089842,per089842_1914_05567,5,0,0,,,triagem/nome-caixa-conversao 1.0.0,10,ok
089842,per089842_1914_05567,6,0,0,,,triagem/nome-caixa-conversao 1.0.0,10,ok
089842,per089842_1914_05567,7,0,0,,,triagem/nome-caixa-conversao 1.0.0,10,ok
089842,per089842_1914_05567,8,0,0,,,triagem/nome-caixa-conversao 1.0.0,10,ok
089842,per089842_1914_05567,9,0,0,,,triagem/nome-caixa-conversao 1.0.0,10,ok
089842,per089842_1914_05567,10,0,0,,,triagem/nome-caixa-conversao 1.0.0,10,ok
089842,per089842_1914_05567,11,0,0,,,triagem/nome-caixa-conversao 1.0.0,10,ok
089842,per089842_1914_05567,12,0,0,,,triagem/nome-caixa-conversao 1.0.0,10,ok
089842,per089842_1914_05568,1,0,0,,,triagem/nome-caixa-conversao 1.0.0,10,ok
089842,per089842_1914_05568,2,0,0,,,triagem/nome-caixa-conversao 1.0.0,10,ok
089842,per089842_1914_05568,3,0,0,,,triagem/nome-caixa-conversao 1.0.0,10,ok
089842,per089842_1914_05568,4,0,0,,,triagem/nome-caixa-conversao 1.0.0,10,ok
089842,per089842_1914_05568,5,0,0,,,triagem/nome-caixa-conversao 1.0.0,10,ok
089842,per089842_1914_05568,6,0,0,,,triagem/nome-caixa-conversao 1.0.0,10,ok
089842,per089842_1914_05568,7,0,0,,,triagem/nome-caixa-conversao 1.0.0,10,ok
089842,per089842_1914_05568,8,0,0,,,triagem/nome-caixa-conversao 1.0.0,10,ok
089842,per089842_1914_05568,9,0,0,,,triagem/nome-caixa-conversao 1.0.0,10,ok
089842,per089842_1914_05568,10,0,0,,,triagem/nome-caixa-conversao 1.0.0,10,ok
089842,per089842_1914_05568,11,0,0,,,triagem/nome-caixa-conversao 1.0.0,10,ok
089842,per089842_1914_05568,12,0,0,,,triagem/nome-caixa-conversao 1.0.0,10,ok
089842,per089842_1914_05568,13,0,0,,,triagem/nome-caixa-conversao 1.0.0,10,ok
089842,per089842_1914_05568,14,0,0,,,triagem/nome-caixa-conversao 1.0.0,10,ok
089842,per089842_1914_05569,1,1,1,caixa dc conver,23905,triagem/nome-caixa-conversao 1.0.0,10,ok
089842,per089842_1914_05569,2,0,0,,,triagem/nome-caixa-conversao 1.0.0,10,ok
089842,per089842_1914_05569,3,0,0,,,triagem/nome-caixa-conversao 1.0.0,10,ok
089842,per089842_1914_05569,4,0,0,,,triagem/nome-caixa-conversao 1.0.0,10,ok
089842,per089842_1914_05569,5,0,0,,,triagem/nome-caixa-conversao 1.0.0,10,ok
089842,per089842_1914_05569,6,0,0,,,triagem/nome-caixa-conversao 1.0.0,10,ok
089842,per089842_1914_05569,7,0,0,,,triagem/nome-caixa-conversao 1.0.0,10,ok
089842,per089842_1914_05569,8,0,0,,,triagem/nome-caixa-conversao 1.0.0,10,ok
089842,per089842_1914_05569,9,0,0,,,triagem/nome-caixa-conversao 1.0.0,10,ok
089842,per089842_1914_05569,10,0,0,,,triagem/nome-caixa-conversao 1.0.0,10,ok
089842,per089842_1914_05570,1,0,0,,,triagem/nome-caixa-conversao 1.0.0,10,ok
089842,per089842_1914_05570,2,0,0,,,triagem/nome-caixa-conversao 1.0.0,10,ok
089842,per089842_1914_05570,3,0,0,,,triagem/nome-caixa-conversao 1.0.0,10,ok
089842,per089842_1914_05570,4,0,0,,,triagem/nome-caixa-conversao 1.0.0,10,ok
089842,per089842_1914_05570,5,0,0,,,triagem/nome-caixa-conversao 1.0.0,10,ok
089842,per089842_1914_05570,6,0,0,,,triagem/nome-caixa-conversao 1.0.0,10,ok
089842,per089842_1914_05570,7,0,0,,,triagem/nome-caixa-conversao 1.0.0,10,ok
089842,per089842_1914_05570,8,0,0,,,triagem/nome-caixa-conversao 1.0.0,10,ok
089842,per089842_1914_05570,9,0,0,,,triagem/nome-caixa-conversao 1.0.0,10,ok
089842,per089842_1914_05570,10,0,0,,,triagem/nome-caixa-conversao 1.0.0,10,ok
089842,per089842_1914_05570,11,0,0,,,triagem/nome-caixa-conversao 1.0.0,10,ok
089842,per089842_1914_05570,12,0,0,,,triagem/nome-caixa-conversao 1.0.0,10,ok
089842,per089842_1914_05571,1,0,0,,,triagem/nome-caixa-conversao 1.0.0,10,ok
089842,per089842_1914_05571,2,0,0,,,triagem/nome-caixa-conversao 1.0.0,10,ok
089842,per089842_1914_05571,3,0,0,,,triagem/nome-caixa-conversao 1.0.0,10,ok
089842,per089842_1914_05571,4,0,0,,,triagem/nome-caixa-conversao 1.0.0,10,ok
089842,per089842_1914_05571,5,0,0,,,triagem/nome-caixa-conversao 1.0.0,10,ok
089842,per089842_1914_05571,6,0,0,,,triagem/nome-caixa-conversao 1.0.0,10,ok
089842,per089842_1914_05571,7,0,0,,,triagem/nome-caixa-conversao 1.0.0,10,ok
089842,per089842_1914_05571,8,0,0,,,triagem/nome-caixa-conversao 1.0.0,10,ok
089842,per089842_1914_05571,9,0,0,,,triagem/nome-caixa-conversao 1.0.0,10,ok
089842,per089842_1914_05571,10,0,0,,,triagem/nome-caixa-conversao 1.0.0,10,ok
089842,per089842_1914_05571,11,0,0,,,triagem/nome-caixa-conversao 1.0.0,10,ok
089842,per089842_1914_05571,12,0,0,,,triagem/nome-caixa-conversao 1.0.0,10,ok
089842,per089842_1914_05572,1,0,0,,,triagem/nome-caixa-conversao 1.0.0,10,ok
089842,per089842_1914_05572,2,0,0,,,triagem/nome-caixa-conversao 1.0.0,10,ok
089842,per089842_1914_05572,3,0,0,,,triagem/nome-caixa-conversao 1.0.0,10,ok
089842,per089842_1914_05572,4,0,0,,,triagem/nome-caixa-conversao 1.0.0,10,ok
089842,per089842_1914_05572,5,0,0,,,triagem/nome-caixa-conversao 1.0.0,10,ok
089842,per089842_1914_05572,6,0,0,,,triagem/nome-caixa-conversao 1.0.0,10,ok
089842,per089842_1914_05572,7,0,0,,,triagem/nome-caixa-conversao 1.0.0,10,ok
089842,per089842_1914_05572,8,0,0,,,triagem/nome-caixa-conversao 1.0.0,10,ok
089842,per089842_1914_05572,9,0,0,,,triagem/nome-caixa-conversao 1.0.0,10,ok
089842,per089842_1914_05572,10,0,0,,,triagem/nome-caixa-conversao 1.0.0,10,ok
089842,per089842_1914_05572,11,0,0,,,triagem/nome-caixa-conversao 1.0.0,10,ok
089842,per089842_1914_05572,12,0,0,,,triagem/nome-caixa-conversao 1.0.0,10,ok
089842,per089842_1914_05572,13,0,0,,,triagem/nome-caixa-conversao 1.0.0,10,ok
089842,per089842_1914_05572,14,0,0,,,triagem/nome-caixa-conversao 1.0.0,10,ok
089842,per089842_1914_05572,15,0,0,,,triagem/nome-caixa-conversao 1.0.0,10,ok
089842,per089842_1914_05572,16,0,0,,,triagem/nome-caixa-conversao 1.0.0,10,ok
089842,per089842_1914_05573,1,1,1,caixa de conver,4420,triagem/nome-caixa-conversao 1.0.0,10,ok
089842,per089842_1914_05573,2,0,0,,,triagem/nome-caixa-conversao 1.0.0,10,ok
089842,per089842_1914_05573,3,1,1,caixa de conver,6645,triagem/nome-caixa-conversao 1.0.0,10,ok
089842,per089842_1914_05573,4,0,0,,,triagem/nome-caixa-conversao 1.0.0,10,ok
089842,per089842_1914_05573,5,0,0,,,triagem/nome-caixa-conversao 1.0.0,10,ok
089842,per089842_1914_05573,6,0,0,,,triagem/nome-caixa-conversao 1.0.0,10,ok
089842,per089842_1914_05573,7,0,0,,,triagem/nome-caixa-conversao 1.0.0,10,ok
089842,per089842_1914_05573,8,0,0,,,triagem/nome-caixa-conversao 1.0.0,10,ok
089842,per089842_1914_05573,9,0,0,,,triagem/nome-caixa-conversao 1.0.0,10,ok
089842,per089842_1914_05573,10,0,0,,,triagem/nome-caixa-conversao 1.0.0,10,ok
089842,per089842_1914_05573,11,0,0,,,triagem/nome-caixa-conversao 1.0.0,10,ok
089842,per089842_1914_05573,12,0,0,,,triagem/nome-caixa-conversao 1.0.0,10,ok
089842,per089842_1914_05574,1,0,0,,,triagem/nome-caixa-conversao 1.0.0,10,ok
089842,per089842_1914_05574,2,0,0,,,triagem/nome-caixa-conversao 1.0.0,10,ok
089842,per089842_1914_05574,3,0,0,,,triagem/nome-caixa-conversao 1.0.0,10,ok
089842,per089842_1914_05574,4,0,0,,,triagem/nome-caixa-conversao 1.0.0,10,ok
089842,per089842_1914_05574,5,0,0,,,triagem/nome-caixa-conversao 1.0.0,10,ok
089842,per089842_1914_05574,6,0,0,,,triagem/nome-caixa-conversao 1.0.0,10,ok
089842,per089842_1914_05574,7,0,0,,,triagem/nome-caixa-conversao 1.0.0,10,ok
089842,per089842_1914_05574,8,0,0,,,triagem/nome-caixa-conversao 1.0.0,10,ok
089842,per089842_1914_05574,9,0,0,,,triagem/nome-caixa-conversao 1.0.0,10,ok
089842,per089842_1914_05574,10,0,0,,,triagem/nome-caixa-conversao 1.0.0,10,ok
089842,per089842_1914_05574,11,0,0,,,triagem/nome-caixa-conversao 1.0.0,10,ok
089842,per089842_1914_05574,12,0,0,,,triagem/nome-caixa-conversao 1.0.0,10,ok
089842,per089842_1914_05574,13,0,0,,,triagem/nome-caixa-conversao 1.0.0,10,ok
089842,per089842_1914_05574,14,0,0,,,triagem/nome-caixa-conversao 1.0.0,10,ok
089842,per089842_1914_05575,1,0,0,,,triagem/nome-caixa-conversao 1.0.0,10,ok
089842,per089842_1914_05575,2,0,0,,,triagem/nome-caixa-conversao 1.0.0,10,ok
089842,per089842_1914_05575,3,0,0,,,triagem/nome-caixa-conversao 1.0.0,10,ok
089842,per089842_1914_05575,4,0,0,,,triagem/nome-caixa-conversao 1.0.0,10,ok
089842,per089842_1914_05575,5,0,0,,,triagem/nome-caixa-conversao 1.0.0,10,ok
089842,per089842_1914_05575,6,0,0,,,triagem/nome-caixa-conversao 1.0.0,10,ok
089842,per089842_1914_05575,7,0,0,,,triagem/nome-caixa-conversao 1.0.0,10,ok
089842,per089842_1914_05575,8,0,0,,,triagem/nome-caixa-conversao 1.0.0,10,ok
089842,per089842_1914_05575,9,0,0,,,triagem/nome-caixa-conversao 1.0.0,10,ok
089842,per089842_1914_05575,10,0,0,,,triagem/nome-caixa-conversao 1.0.0,10,ok
089842,per089842_1914_05575,11,0,0,,,triagem/nome-caixa-conversao 1.0.0,10,ok
089842,per089842_1914_05575,12,0,0,,,triagem/nome-caixa-conversao 1.0.0,10,ok
089842,per089842_1914_05575,13,0,0,,,triagem/nome-caixa-conversao 1.0.0,10,ok
089842,per089842_1914_05575,14,0,0,,,triagem/nome-caixa-conversao 1.0.0,10,ok
089842,per089842_1914_05575,15,0,0,,,triagem/nome-caixa-conversao 1.0.0,10,ok
089842,per089842_1914_05575,16,0,0,,,triagem/nome-caixa-conversao 1.0.0,10,ok
089842,per089842_1914_05576,1,0,0,,,triagem/nome-caixa-conversao 1.0.0,10,ok
089842,per089842_1914_05576,2,0,0,,,triagem/nome-caixa-conversao 1.0.0,10,ok
089842,per089842_1914_05576,3,0,0,,,triagem/nome-caixa-conversao 1.0.0,10,ok
089842,per089842_1914_05576,4,1,1,caixa de conver,43266,triagem/nome-caixa-conversao 1.0.0,10,ok
089842,per089842_1914_05576,5,0,0,,,triagem/nome-caixa-conversao 1.0.0,10,ok
089842,per089842_1914_05576,6,0,0,,,triagem/nome-caixa-conversao 1.0.0,10,ok
089842,per089842_1914_05576,7,0,0,,,triagem/nome-caixa-conversao 1.0.0,10,ok
089842,per089842_1914_05576,8,0,0,,,triagem/nome-caixa-conversao 1.0.0,10,ok
089842,per089842_1914_05576,9,0,0,,,triagem/nome-caixa-conversao 1.0.0,10,ok
089842,per089842_1914_05576,10,0,0,,,triagem/nome-caixa-conversao 1.0.0,10,ok
089842,per089842_1914_05576,11,0,0,,,triagem/nome-caixa-conversao 1.0.0,10,ok
089842,per089842_1914_05576,12,0,0,,,triagem/nome-caixa-conversao 1.0.0,10,ok
089842,per089842_1914_05576,13,0,0,,,triagem/nome-caixa-conversao 1.0.0,10,ok
089842,per089842_1914_05576,14,0,0,,,triagem/nome-caixa-conversao 1.0.0,10,ok
089842,per089842_1914_05576,15,0,0,,,triagem/nome-caixa-conversao 1.0.0,10,ok
089842,per089842_1914_05576,16,0,0,,,triagem/nome-caixa-conversao 1.0.0,10,ok
089842,per089842_1914_05577,1,1,1,caixa de conver,19331,triagem/nome-caixa-conversao 1.0.0,10,ok
089842,per089842_1914_05577,2,0,0,,,triagem/nome-caixa-conversao 1.0.0,10,ok
089842,per089842_1914_05577,3,0,0,,,triagem/nome-caixa-conversao 1.0.0,10,ok
089842,per089842_1914_05577,4,0,0,,,triagem/nome-caixa-conversao 1.0.0,10,ok
089842,per089842_1914_05577,5,0,0,,,triagem/nome-caixa-conversao 1.0.0,10,ok
089842,per089842_1914_05577,6,0,0,,,triagem/nome-caixa-conversao 1.0.0,10,ok
089842,per089842_1914_05577,7,0,0,,,triagem/nome-caixa-conversao 1.0.0,10,ok
089842,per089842_1914_05577,8,0,0,,,triagem/nome-caixa-conversao 1.0.0,10,ok
089842,per089842_1914_05578,1,1,1,caixa de conver,36361,triagem/nome-caixa-conversao 1.0.0,10,ok
089842,per089842_1914_05578,2,0,0,,,triagem/nome-caixa-conversao 1.0.0,10,ok
089842,per089842_1914_05578,3,0,0,,,triagem/nome-caixa-conversao 1.0.0,10,ok
089842,per089842_1914_05578,4,0,0,,,triagem/nome-caixa-conversao 1.0.0,10,ok
089842,per089842_1914_05578,5,0,0,,,triagem/nome-caixa-conversao 1.0.0,10,ok
089842,per089842_1914_05578,6,0,0,,,triagem/nome-caixa-conversao 1.0.0,10,ok
089842,per089842_1914_05578,7,0,0,,,triagem/nome-caixa-conversao 1.0.0,10,ok
089842,per089842_1914_05578,8,0,0,,,triagem/nome-caixa-conversao 1.0.0,10,ok
089842,per089842_1914_05578,9,0,0,,,triagem/nome-caixa-conversao 1.0.0,10,ok
089842,per089842_1914_05578,10,0,0,,,triagem/nome-caixa-conversao 1.0.0,10,ok
089842,per089842_1914_05578,11,0,0,,,triagem/nome-caixa-conversao 1.0.0,10,ok
089842,per089842_1914_05578,12,0,0,,,triagem/nome-caixa-conversao 1.0.0,10,ok
089842,per089842_1914_05579,1,0,0,,,triagem/nome-caixa-conversao 1.0.0,10,ok
089842,per089842_1914_05579,2,0,0,,,triagem/nome-caixa-conversao 1.0.0,10,ok
089842,per089842_1914_05579,3,0,0,,,triagem/nome-caixa-conversao 1.0.0,10,ok
089842,per089842_1914_05579,4,0,0,,,triagem/nome-caixa-conversao 1.0.0,10,ok
089842,per089842_1914_05579,5,0,0,,,triagem/nome-caixa-conversao 1.0.0,10,ok
089842,per089842_1914_05579,6,0,0,,,triagem/nome-caixa-conversao 1.0.0,10,ok
089842,per089842_1914_05579,7,0,0,,,triagem/nome-caixa-conversao 1.0.0,10,ok
089842,per089842_1914_05579,8,0,0,,,triagem/nome-caixa-conversao 1.0.0,10,ok
089842,per089842_1914_05579,9,0,0,,,triagem/nome-caixa-conversao 1.0.0,10,ok
089842,per089842_1914_05579,10,0,0,,,triagem/nome-caixa-conversao 1.0.0,10,ok
089842,per089842_1914_05579,11,0,0,,,triagem/nome-caixa-conversao 1.0.0,10,ok
089842,per089842_1914_05579,12,0,0,,,triagem/nome-caixa-conversao 1.0.0,10,ok
089842,per089842_1914_05579,13,0,0,,,triagem/nome-caixa-conversao 1.0.0,10,ok
089842,per089842_1914_05579,14,0,0,,,triagem/nome-caixa-conversao 1.0.0,10,ok
089842,per089842_1914_05580,1,0,0,,,triagem/nome-caixa-conversao 1.0.0,10,ok
089842,per089842_1914_05580,2,0,0,,,triagem/nome-caixa-conversao 1.0.0,10,ok
089842,per089842_1914_05580,3,0,0,,,triagem/nome-caixa-conversao 1.0.0,10,ok
089842,per089842_1914_05580,4,0,0,,,triagem/nome-caixa-conversao 1.0.0,10,ok
089842,per089842_1914_05580,5,0,0,,,triagem/nome-caixa-conversao 1.0.0,10,ok
089842,per089842_1914_05580,6,0,0,,,triagem/nome-caixa-conversao 1.0.0,10,ok
089842,per089842_1914_05580,7,0,0,,,triagem/nome-caixa-conversao 1.0.0,10,ok
089842,per089842_1914_05580,8,0,0,,,triagem/nome-caixa-conversao 1.0.0,10,ok
089842,per089842_1914_05580,9,0,0,,,triagem/nome-caixa-conversao 1.0.0,10,ok
089842,per089842_1914_05580,10,0,0,,,triagem/nome-caixa-conversao 1.0.0,10,ok
089842,per089842_1914_05580,11,0,0,,,triagem/nome-caixa-conversao 1.0.0,10,ok
089842,per089842_1914_05580,12,0,0,,,triagem/nome-caixa-conversao 1.0.0,10,ok
089842,per089842_1914_05580,13,0,0,,,triagem/nome-caixa-conversao 1.0.0,10,ok
089842,per089842_1914_05580,14,0,0,,,triagem/nome-caixa-conversao 1.0.0,10,ok
089842,per089842_1914_05581,1,0,0,,,triagem/nome-caixa-conversao 1.0.0,10,ok
089842,per089842_1914_05581,2,0,0,,,triagem/nome-caixa-conversao 1.0.0,10,ok
089842,per089842_1914_05581,3,0,0,,,triagem/nome-caixa-conversao 1.0.0,10,ok
089842,per089842_1914_05581,4,0,0,,,triagem/nome-caixa-conversao 1.0.0,10,ok
089842,per089842_1914_05581,5,0,0,,,triagem/nome-caixa-conversao 1.0.0,10,ok
089842,per089842_1914_05581,6,0,0,,,triagem/nome-caixa-conversao 1.0.0,10,ok
089842,per089842_1914_05581,7,0,0,,,triagem/nome-caixa-conversao 1.0.0,10,ok
089842,per089842_1914_05581,8,0,0,,,triagem/nome-caixa-conversao 1.0.0,10,ok
089842,per089842_1914_05581,9,0,0,,,triagem/nome-caixa-conversao 1.0.0,10,ok
089842,per089842_1914_05581,10,0,0,,,triagem/nome-caixa-conversao 1.0.0,10,ok
089842,per089842_1914_05581,11,0,0,,,triagem/nome-caixa-conversao 1.0.0,10,ok
089842,per089842_1914_05581,12,0,0,,,triagem/nome-caixa-conversao 1.0.0,10,ok
089842,per089842_1914_05581,13,0,0,,,triagem/nome-caixa-conversao 1.0.0,10,ok
089842,per089842_1914_05581,14,0,0,,,triagem/nome-caixa-conversao 1.0.0,10,ok
089842,per089842_1914_05582,1,1,1,caixa do conver,11025,triagem/nome-caixa-conversao 1.0.0,10,ok
089842,per089842_1914_05582,2,0,0,,,triagem/nome-caixa-conversao 1.0.0,10,ok
089842,per089842_1914_05582,3,0,0,,,triagem/nome-caixa-conversao 1.0.0,10,ok
089842,per089842_1914_05582,4,1,1,caixa de conver,21356,triagem/nome-caixa-conversao 1.0.0,10,ok
089842,per089842_1914_05582,5,0,0,,,triagem/nome-caixa-conversao 1.0.0,10,ok
089842,per089842_1914_05582,6,0,0,,,triagem/nome-caixa-conversao 1.0.0,10,ok
089842,per089842_1914_05582,7,0,0,,,triagem/nome-caixa-conversao 1.0.0,10,ok
089842,per089842_1914_05582,8,0,0,,,triagem/nome-caixa-conversao 1.0.0,10,ok
089842,per089842_1914_05582,9,0,0,,,triagem/nome-caixa-conversao 1.0.0,10,ok
089842,per089842_1914_05582,10,0,0,,,triagem/nome-caixa-conversao 1.0.0,10,ok
089842,per089842_1914_05582,11,0,0,,,triagem/nome-caixa-conversao 1.0.0,10,ok
089842,per089842_1914_05582,12,0,0,,,triagem/nome-caixa-conversao 1.0.0,10,ok
089842,per089842_1914_05582,13,0,0,,,triagem/nome-caixa-conversao 1.0.0,10,ok
089842,per089842_1914_05582,14,0,0,,,triagem/nome-caixa-conversao 1.0.0,10,ok
089842,per089842_1914_05582,15,0,0,,,triagem/nome-caixa-conversao 1.0.0,10,ok
089842,per089842_1914_05582,16,0,0,,,triagem/nome-caixa-conversao 1.0.0,10,ok
089842,per089842_1914_05583,1,0,0,,,triagem/nome-caixa-conversao 1.0.0,10,ok
089842,per089842_1914_05583,2,0,0,,,triagem/nome-caixa-conversao 1.0.0,10,ok
089842,per089842_1914_05583,3,0,0,,,triagem/nome-caixa-conversao 1.0.0,10,ok
089842,per089842_1914_05583,4,0,0,,,triagem/nome-caixa-conversao 1.0.0,10,ok
089842,per089842_1914_05583,5,0,0,,,triagem/nome-caixa-conversao 1.0.0,10,ok
089842,per089842_1914_05583,6,0,0,,,triagem/nome-caixa-conversao 1.0.0,10,ok
089842,per089842_1914_05583,7,0,0,,,triagem/nome-caixa-conversao 1.0.0,10,ok
089842,per089842_1914_05583,8,0,0,,,triagem/nome-caixa-conversao 1.0.0,10,ok
089842,per089842_1914_05583,9,0,0,,,triagem/nome-caixa-conversao 1.0.0,10,ok
089842,per089842_1914_05583,10,0,0,,,triagem/nome-caixa-conversao 1.0.0,10,ok
089842,per089842_1914_05583,11,0,0,,,triagem/nome-caixa-conversao 1.0.0,10,ok
089842,per089842_1914_05583,12,0,0,,,triagem/nome-caixa-conversao 1.0.0,10,ok
089842,per089842_1914_05583,13,0,0,,,triagem/nome-caixa-conversao 1.0.0,10,ok
089842,per089842_1914_05583,14,0,0,,,triagem/nome-caixa-conversao 1.0.0,10,ok
089842,per089842_1914_05584,1,1,3,caixa dc conver,25680,triagem/nome-caixa-conversao 1.0.0,10,ok
089842,per089842_1914_05584,2,0,0,,,triagem/nome-caixa-conversao 1.0.0,10,ok
089842,per089842_1914_05584,3,0,0,,,triagem/nome-caixa-conversao 1.0.0,10,ok
089842,per089842_1914_05584,4,0,0,,,triagem/nome-caixa-conversao 1.0.0,10,ok
089842,per089842_1914_05584,5,0,0,,,triagem/nome-caixa-conversao 1.0.0,10,ok
089842,per089842_1914_05584,6,0,0,,,triagem/nome-caixa-conversao 1.0.0,10,ok
089842,per089842_1914_05584,7,0,0,,,triagem/nome-caixa-conversao 1.0.0,10,ok
089842,per089842_1914_05584,8,0,0,,,triagem/nome-caixa-conversao 1.0.0,10,ok
089842,per089842_1914_05584,9,0,0,,,triagem/nome-caixa-conversao 1.0.0,10,ok
089842,per089842_1914_05584,10,0,0,,,triagem/nome-caixa-conversao 1.0.0,10,ok
089842,per089842_1914_05584,11,0,0,,,triagem/nome-caixa-conversao 1.0.0,10,ok
089842,per089842_1914_05584,12,0,0,,,triagem/nome-caixa-conversao 1.0.0,10,ok
089842,per089842_1914_05584,13,0,0,,,triagem/nome-caixa-conversao 1.0.0,10,ok
089842,per089842_1914_05584,14,0,0,,,triagem/nome-caixa-conversao 1.0.0,10,ok
089842,per089842_1914_05585,1,0,0,,,triagem/nome-caixa-conversao 1.0.0,10,ok
089842,per089842_1914_05585,2,0,0,,,triagem/nome-caixa-conversao 1.0.0,10,ok
089842,per089842_1914_05585,3,0,0,,,triagem/nome-caixa-conversao 1.0.0,10,ok
089842,per089842_1914_05585,4,0,0,,,triagem/nome-caixa-conversao 1.0.0,10,ok
089842,per089842_1914_05585,5,0,0,,,triagem/nome-caixa-conversao 1.0.0,10,ok
089842,per089842_1914_05585,6,0,0,,,triagem/nome-caixa-conversao 1.0.0,10,ok
089842,per089842_1914_05585,7,0,0,,,triagem/nome-caixa-conversao 1.0.0,10,ok
089842,per089842_1914_05585,8,0,0,,,triagem/nome-caixa-conversao 1.0.0,10,ok
089842,per089842_1914_05585,9,0,0,,,triagem/nome-caixa-conversao 1.0.0,10,ok
089842,per089842_1914_05585,10,0,0,,,triagem/nome-caixa-conversao 1.0.0,10,ok
089842,per089842_1914_05585,11,0,0,,,triagem/nome-caixa-conversao 1.0.0,10,ok
089842,per089842_1914_05585,12,0,0,,,triagem/nome-caixa-conversao 1.0.0,10,ok
089842,per089842_1914_05585,13,0,0,,,triagem/nome-caixa-conversao 1.0.0,10,ok
089842,per089842_1914_05585,14,0,0,,,triagem/nome-caixa-conversao 1.0.0,10,ok
089842,per089842_1914_05586,1,1,1,caixa de conver,40332,triagem/nome-caixa-conversao 1.0.0,10,ok
089842,per089842_1914_05586,2,0,0,,,triagem/nome-caixa-conversao 1.0.0,10,ok
089842,per089842_1914_05586,3,1,2,caixa de conver,15126,triagem/nome-caixa-conversao 1.0.0,10,ok
089842,per089842_1914_05586,4,0,0,,,triagem/nome-caixa-conversao 1.0.0,10,ok
089842,per089842_1914_05586,5,0,0,,,triagem/nome-caixa-conversao 1.0.0,10,ok
089842,per089842_1914_05586,6,0,0,,,triagem/nome-caixa-conversao 1.0.0,10,ok
089842,per089842_1914_05586,7,0,0,,,triagem/nome-caixa-conversao 1.0.0,10,ok
089842,per089842_1914_05586,8,0,0,,,triagem/nome-caixa-conversao 1.0.0,10,ok
089842,per089842_1914_05586,9,0,0,,,triagem/nome-caixa-conversao 1.0.0,10,ok
089842,per089842_1914_05586,10,0,0,,,triagem/nome-caixa-conversao 1.0.0,10,ok
089842,per089842_1914_05586,11,0,0,,,triagem/nome-caixa-conversao 1.0.0,10,ok
089842,per089842_1914_05586,12,0,0,,,triagem/nome-caixa-conversao 1.0.0,10,ok
089842,per089842_1914_05586,13,0,0,,,triagem/nome-caixa-conversao 1.0.0,10,ok
089842,per089842_1914_05586,14,0,0,,,triagem/nome-caixa-conversao 1.0.0,10,ok
089842,per089842_1914_05587,1,0,0,,,triagem/nome-caixa-conversao 1.0.0,10,ok
089842,per089842_1914_05587,2,0,0,,,triagem/nome-caixa-conversao 1.0.0,10,ok
089842,per089842_1914_05587,3,0,0,,,triagem/nome-caixa-conversao 1.0.0,10,ok
089842,per089842_1914_05587,4,0,0,,,triagem/nome-caixa-conversao 1.0.0,10,ok
089842,per089842_1914_05587,5,0,0,,,triagem/nome-caixa-conversao 1.0.0,10,ok
089842,per089842_1914_05587,6,0,0,,,triagem/nome-caixa-conversao 1.0.0,10,ok
089842,per089842_1914_05587,7,0,0,,,triagem/nome-caixa-conversao 1.0.0,10,ok
089842,per089842_1914_05587,8,0,0,,,triagem/nome-caixa-conversao 1.0.0,10,ok
089842,per089842_1914_05587,9,0,0,,,triagem/nome-caixa-conversao 1.0.0,10,ok
089842,per089842_1914_05587,10,0,0,,,triagem/nome-caixa-conversao 1.0.0,10,ok
089842,per089842_1914_05587,11,0,0,,,triagem/nome-caixa-conversao 1.0.0,10,ok
089842,per089842_1914_05587,12,0,0,,,triagem/nome-caixa-conversao 1.0.0,10,ok
089842,per089842_1914_05587,13,0,0,,,triagem/nome-caixa-conversao 1.0.0,10,ok
089842,per089842_1914_05587,14,0,0,,,triagem/nome-caixa-conversao 1.0.0,10,ok
089842,per089842_1914_05588,1,0,0,,,triagem/nome-caixa-conversao 1.0.0,10,ok
089842,per089842_1914_05588,2,0,0,,,triagem/nome-caixa-conversao 1.0.0,10,ok
089842,per089842_1914_05588,3,0,0,,,triagem/nome-caixa-conversao 1.0.0,10,ok
089842,per089842_1914_05588,4,0,0,,,triagem/nome-caixa-conversao 1.0.0,10,ok
089842,per089842_1914_05588,5,0,0,,,triagem/nome-caixa-conversao 1.0.0,10,ok
089842,per089842_1914_05588,6,0,0,,,triagem/nome-caixa-conversao 1.0.0,10,ok
089842,per089842_1914_05588,7,0,0,,,triagem/nome-caixa-conversao 1.0.0,10,ok
089842,per089842_1914_05588,8,0,0,,,triagem/nome-caixa-conversao 1.0.0,10,ok
089842,per089842_1914_05588,9,0,0,,,triagem/nome-caixa-conversao 1.0.0,10,ok
089842,per089842_1914_05588,10,0,0,,,triagem/nome-caixa-conversao 1.0.0,10,ok
089842,per089842_1914_05588,11,0,0,,,triagem/nome-caixa-conversao 1.0.0,10,ok
089842,per089842_1914_05588,12,0,0,,,triagem/nome-caixa-conversao 1.0.0,10,ok
089842,per089842_1914_05588,13,0,0,,,triagem/nome-caixa-conversao 1.0.0,10,ok
089842,per089842_1914_05588,14,0,0,,,triagem/nome-caixa-conversao 1.0.0,10,ok
089842,per089842_1914_05589,1,0,0,,,triagem/nome-caixa-conversao 1.0.0,10,ok
089842,per089842_1914_05589,2,0,0,,,triagem/nome-caixa-conversao 1.0.0,10,ok
089842,per089842_1914_05589,3,0,0,,,triagem/nome-caixa-conversao 1.0.0,10,ok
089842,per089842_1914_05589,4,1,1,caixa de conver,31000,triagem/nome-caixa-conversao 1.0.0,10,ok
089842,per089842_1914_05589,5,0,0,,,triagem/nome-caixa-conversao 1.0.0,10,ok
089842,per089842_1914_05589,6,0,0,,,triagem/nome-caixa-conversao 1.0.0,10,ok
089842,per089842_1914_05589,7,0,0,,,triagem/nome-caixa-conversao 1.0.0,10,ok
089842,per089842_1914_05589,8,0,0,,,triagem/nome-caixa-conversao 1.0.0,10,ok
089842,per089842_1914_05589,9,0,0,,,triagem/nome-caixa-conversao 1.0.0,10,ok
089842,per089842_1914_05589,10,0,0,,,triagem/nome-caixa-conversao 1.0.0,10,ok
089842,per089842_1914_05589,11,0,0,,,triagem/nome-caixa-conversao 1.0.0,10,ok
089842,per089842_1914_05589,12,0,0,,,triagem/nome-caixa-conversao 1.0.0,10,ok
089842,per089842_1914_05589,13,0,0,,,triagem/nome-caixa-conversao 1.0.0,10,ok
089842,per089842_1914_05589,14,0,0,,,triagem/nome-caixa-conversao 1.0.0,10,ok
089842,per089842_1914_05589,15,0,0,,,triagem/nome-caixa-conversao 1.0.0,10,ok
089842,per089842_1914_05589,16,0,0,,,triagem/nome-caixa-conversao 1.0.0,10,ok
089842,per089842_1914_05590,1,0,0,,,triagem/nome-caixa-conversao 1.0.0,10,ok
089842,per089842_1914_05590,2,0,0,,,triagem/nome-caixa-conversao 1.0.0,10,ok
089842,per089842_1914_05590,3,0,0,,,triagem/nome-caixa-conversao 1.0.0,10,ok
089842,per089842_1914_05590,4,0,0,,,triagem/nome-caixa-conversao 1.0.0,10,ok
089842,per089842_1914_05590,5,0,0,,,triagem/nome-caixa-conversao 1.0.0,10,ok
089842,per089842_1914_05590,6,0,0,,,triagem/nome-caixa-conversao 1.0.0,10,ok
089842,per089842_1914_05590,7,0,0,,,triagem/nome-caixa-conversao 1.0.0,10,ok
089842,per089842_1914_05590,8,0,0,,,triagem/nome-caixa-conversao 1.0.0,10,ok
089842,per089842_1914_05590,9,0,0,,,triagem/nome-caixa-conversao 1.0.0,10,ok
089842,per089842_1914_05590,10,0,0,,,triagem/nome-caixa-conversao 1.0.0,10,ok
089842,per089842_1914_05590,11,0,0,,,triagem/nome-caixa-conversao 1.0.0,10,ok
089842,per089842_1914_05590,12,0,0,,,triagem/nome-caixa-conversao 1.0.0,10,ok
089842,per089842_1914_05590,13,0,0,,,triagem/nome-caixa-conversao 1.0.0,10,ok
089842,per089842_1914_05590,14,0,0,,,triagem/nome-caixa-conversao 1.0.0,10,ok
089842,per089842_1914_05590,15,0,0,,,triagem/nome-caixa-conversao 1.0.0,10,ok
089842,per089842_1914_05590,16,0,0,,,triagem/nome-caixa-conversao 1.0.0,10,ok
089842,per089842_1914_05590,17,0,0,,,triagem/nome-caixa-conversao 1.0.0,10,ok
089842,per089842_1914_05590,18,0,0,,,triagem/nome-caixa-conversao 1.0.0,10,ok
089842,per089842_1914_05590,19,0,0,,,triagem/nome-caixa-conversao 1.0.0,10,ok
089842,per089842_1914_05590,20,0,0,,,triagem/nome-caixa-conversao 1.0.0,10,ok
089842,per089842_1914_05590,21,0,0,,,triagem/nome-caixa-conversao 1.0.0,10,ok
089842,per089842_1914_05590,22,0,0,,,triagem/nome-caixa-conversao 1.0.0,10,ok
089842,per089842_1914_05590,23,0,0,,,triagem/nome-caixa-conversao 1.0.0,10,ok
089842,per089842_1914_05590,24,0,0,,,triagem/nome-caixa-conversao 1.0.0,10,ok
089842,per089842_1914_05590,25,0,0,,,triagem/nome-caixa-conversao 1.0.0,10,ok
089842,per089842_1914_05590,26,0,0,,,triagem/nome-caixa-conversao 1.0.0,10,ok
089842,per089842_1914_05590,27,0,0,,,triagem/nome-caixa-conversao 1.0.0,10,ok
089842,per089842_1914_05590,28,0,0,,,triagem/nome-caixa-conversao 1.0.0,10,ok
089842,per089842_1914_05590,29,0,0,,,triagem/nome-caixa-conversao 1.0.0,10,ok
089842,per089842_1914_05590,30,0,0,,,triagem/nome-caixa-conversao 1.0.0,10,ok
089842,per089842_1914_05590,31,0,0,,,triagem/nome-caixa-conversao 1.0.0,10,ok
089842,per089842_1914_05590,32,0,0,,,triagem/nome-caixa-conversao 1.0.0,10,ok
089842,per089842_1914_05590,33,0,0,,,triagem/nome-caixa-conversao 1.0.0,10,ok
089842,per089842_1914_05590,34,0,0,,,triagem/nome-caixa-conversao 1.0.0,10,ok
089842,per089842_1914_05590,35,0,0,,,triagem/nome-caixa-conversao 1.0.0,10,ok
089842,per089842_1914_05590,36,0,0,,,triagem/nome-caixa-conversao 1.0.0,10,ok
089842,per089842_1914_05590,37,0,0,,,triagem/nome-caixa-conversao 1.0.0,10,ok
089842,per089842_1914_05590,38,0,0,,,triagem/nome-caixa-conversao 1.0.0,10,ok
089842,per089842_1914_05590,39,0,0,,,triagem/nome-caixa-conversao 1.0.0,10,ok
089842,per089842_1914_05590,40,0,0,,,triagem/nome-caixa-conversao 1.0.0,10,ok
089842,per089842_1914_05590,41,0,0,,,triagem/nome-caixa-conversao 1.0.0,10,ok
089842,per089842_1914_05590,42,0,0,,,triagem/nome-caixa-conversao 1.0.0,10,ok
089842,per089842_1914_05590,43,0,0,,,triagem/nome-caixa-conversao 1.0.0,10,ok
089842,per089842_1914_05590,44,0,0,,,triagem/nome-caixa-conversao 1.0.0,10,ok
089842,per089842_1914_05590,45,0,0,,,triagem/nome-caixa-conversao 1.0.0,10,ok
089842,per089842_1914_05590,46,0,0,,,triagem/nome-caixa-conversao 1.0.0,10,ok
089842,per089842_1914_05591,1,0,0,,,triagem/nome-caixa-conversao 1.0.0,10,ok
089842,per089842_1914_05591,2,1,1,caixa do conver,14877,triagem/nome-caixa-conversao 1.0.0,10,ok
089842,per089842_1914_05591,3,0,0,,,triagem/nome-caixa-conversao 1.0.0,10,ok
089842,per089842_1914_05591,4,0,0,,,triagem/nome-caixa-conversao 1.0.0,10,ok
089842,per089842_1914_05591,5,0,0,,,triagem/nome-caixa-conversao 1.0.0,10,ok
089842,per089842_1914_05591,6,0,0,,,triagem/nome-caixa-conversao 1.0.0,10,ok
089842,per089842_1914_05591,7,0,0,,,triagem/nome-caixa-conversao 1.0.0,10,ok
089842,per089842_1914_05591,8,0,0,,,triagem/nome-caixa-conversao 1.0.0,10,ok
089842,per089842_1914_05591,9,0,0,,,triagem/nome-caixa-conversao 1.0.0,10,ok
089842,per089842_1914_05591,10,0,0,,,triagem/nome-caixa-conversao 1.0.0,10,ok
089842,per089842_1914_05591,11,0,0,,,triagem/nome-caixa-conversao 1.0.0,10,ok
089842,per089842_1914_05591,12,0,0,,,triagem/nome-caixa-conversao 1.0.0,10,ok
089842,per089842_1914_05591,13,0,0,,,triagem/nome-caixa-conversao 1.0.0,10,ok
089842,per089842_1914_05591,14,0,0,,,triagem/nome-caixa-conversao 1.0.0,10,ok
089842,per089842_1914_05592,1,0,0,,,triagem/nome-caixa-conversao 1.0.0,10,ok
089842,per089842_1914_05592,2,0,0,,,triagem/nome-caixa-conversao 1.0.0,10,ok
089842,per089842_1914_05592,3,0,0,,,triagem/nome-caixa-conversao 1.0.0,10,ok
089842,per089842_1914_05592,4,0,0,,,triagem/nome-caixa-conversao 1.0.0,10,ok
089842,per089842_1914_05592,5,0,0,,,triagem/nome-caixa-conversao 1.0.0,10,ok
089842,per089842_1914_05592,6,0,0,,,triagem/nome-caixa-conversao 1.0.0,10,ok
089842,per089842_1914_05592,7,0,0,,,triagem/nome-caixa-conversao 1.0.0,10,ok
089842,per089842_1914_05592,8,0,0,,,triagem/nome-caixa-conversao 1.0.0,10,ok
089842,per089842_1914_05592,9,0,0,,,triagem/nome-caixa-conversao 1.0.0,10,ok
089842,per089842_1914_05592,10,0,0,,,triagem/nome-caixa-conversao 1.0.0,10,ok
089842,per089842_1914_05592,11,0,0,,,triagem/nome-caixa-conversao 1.0.0,10,ok
089842,per089842_1914_05592,12,0,0,,,triagem/nome-caixa-conversao 1.0.0,10,ok
089842,per089842_1914_05593,1,0,0,,,triagem/nome-caixa-conversao 1.0.0,10,ok
089842,per089842_1914_05593,2,0,0,,,triagem/nome-caixa-conversao 1.0.0,10,ok
089842,per089842_1914_05593,3,0,0,,,triagem/nome-caixa-conversao 1.0.0,10,ok
089842,per089842_1914_05593,4,0,0,,,triagem/nome-caixa-conversao 1.0.0,10,ok
089842,per089842_1914_05593,5,0,0,,,triagem/nome-caixa-conversao 1.0.0,10,ok
089842,per089842_1914_05593,6,0,0,,,triagem/nome-caixa-conversao 1.0.0,10,ok
089842,per089842_1914_05593,7,0,0,,,triagem/nome-caixa-conversao 1.0.0,10,ok
089842,per089842_1914_05593,8,0,0,,,triagem/nome-caixa-conversao 1.0.0,10,ok
089842,per089842_1914_05593,9,0,0,,,triagem/nome-caixa-conversao 1.0.0,10,ok
089842,per089842_1914_05593,10,0,0,,,triagem/nome-caixa-conversao 1.0.0,10,ok
089842,per089842_1914_05593,11,0,0,,,triagem/nome-caixa-conversao 1.0.0,10,ok
089842,per089842_1914_05593,12,0,0,,,triagem/nome-caixa-conversao 1.0.0,10,ok
089842,per089842_1914_05593,13,0,0,,,triagem/nome-caixa-conversao 1.0.0,10,ok
089842,per089842_1914_05593,14,0,0,,,triagem/nome-caixa-conversao 1.0.0,10,ok
089842,per089842_1914_05594,1,0,0,,,triagem/nome-caixa-conversao 1.0.0,10,ok
089842,per089842_1914_05594,2,0,0,,,triagem/nome-caixa-conversao 1.0.0,10,ok
089842,per089842_1914_05594,3,1,2,caixa dc conver,24953,triagem/nome-caixa-conversao 1.0.0,10,ok
089842,per089842_1914_05594,4,0,0,,,triagem/nome-caixa-conversao 1.0.0,10,ok
089842,per089842_1914_05594,5,0,0,,,triagem/nome-caixa-conversao 1.0.0,10,ok
089842,per089842_1914_05594,6,0,0,,,triagem/nome-caixa-conversao 1.0.0,10,ok
089842,per089842_1914_05594,7,0,0,,,triagem/nome-caixa-conversao 1.0.0,10,ok
089842,per089842_1914_05594,8,0,0,,,triagem/nome-caixa-conversao 1.0.0,10,ok
089842,per089842_1914_05594,9,0,0,,,triagem/nome-caixa-conversao 1.0.0,10,ok
089842,per089842_1914_05594,10,0,0,,,triagem/nome-caixa-conversao 1.0.0,10,ok
089842,per089842_1914_05594,11,0,0,,,triagem/nome-caixa-conversao 1.0.0,10,ok
089842,per089842_1914_05594,12,0,0,,,triagem/nome-caixa-conversao 1.0.0,10,ok
089842,per089842_1914_05594,13,0,0,,,triagem/nome-caixa-conversao 1.0.0,10,ok
089842,per089842_1914_05594,14,0,0,,,triagem/nome-caixa-conversao 1.0.0,10,ok
089842,per089842_1914_05595,1,0,0,,,triagem/nome-caixa-conversao 1.0.0,10,ok
089842,per089842_1914_05595,2,0,0,,,triagem/nome-caixa-conversao 1.0.0,10,ok
089842,per089842_1914_05595,3,0,0,,,triagem/nome-caixa-conversao 1.0.0,10,ok
089842,per089842_1914_05595,4,0,0,,,triagem/nome-caixa-conversao 1.0.0,10,ok
089842,per089842_1914_05595,5,0,0,,,triagem/nome-caixa-conversao 1.0.0,10,ok
089842,per089842_1914_05595,6,0,0,,,triagem/nome-caixa-conversao 1.0.0,10,ok
089842,per089842_1914_05595,7,0,0,,,triagem/nome-caixa-conversao 1.0.0,10,ok
089842,per089842_1914_05595,8,0,0,,,triagem/nome-caixa-conversao 1.0.0,10,ok
089842,per089842_1914_05595,9,0,0,,,triagem/nome-caixa-conversao 1.0.0,10,ok
089842,per089842_1914_05595,10,0,0,,,triagem/nome-caixa-conversao 1.0.0,10,ok
089842,per089842_1914_05595,11,0,0,,,triagem/nome-caixa-conversao 1.0.0,10,ok
089842,per089842_1914_05595,12,0,0,,,triagem/nome-caixa-conversao 1.0.0,10,ok
089842,per089842_1914_05595,13,0,0,,,triagem/nome-caixa-conversao 1.0.0,10,ok
089842,per089842_1914_05595,14,0,0,,,triagem/nome-caixa-conversao 1.0.0,10,ok
089842,per089842_1914_05596,1,0,0,,,triagem/nome-caixa-conversao 1.0.0,10,ok
089842,per089842_1914_05596,2,1,1,caixa de conver,8461,triagem/nome-caixa-conversao 1.0.0,10,ok
089842,per089842_1914_05596,3,0,0,,,triagem/nome-caixa-conversao 1.0.0,10,ok
089842,per089842_1914_05596,4,0,0,,,triagem/nome-caixa-conversao 1.0.0,10,ok
089842,per089842_1914_05596,5,0,0,,,triagem/nome-caixa-conversao 1.0.0,10,ok
089842,per089842_1914_05596,6,0,0,,,triagem/nome-caixa-conversao 1.0.0,10,ok
089842,per089842_1914_05596,7,0,0,,,triagem/nome-caixa-conversao 1.0.0,10,ok
089842,per089842_1914_05596,8,0,0,,,triagem/nome-caixa-conversao 1.0.0,10,ok
089842,per089842_1914_05596,9,0,0,,,triagem/nome-caixa-conversao 1.0.0,10,ok
089842,per089842_1914_05596,10,0,0,,,triagem/nome-caixa-conversao 1.0.0,10,ok
089842,per089842_1914_05596,11,0,0,,,triagem/nome-caixa-conversao 1.0.0,10,ok
089842,per089842_1914_05596,12,0,0,,,triagem/nome-caixa-conversao 1.0.0,10,ok
089842,per089842_1914_05596,13,0,0,,,triagem/nome-caixa-conversao 1.0.0,10,ok
089842,per089842_1914_05596,14,0,0,,,triagem/nome-caixa-conversao 1.0.0,10,ok
089842,per089842_1914_05596,15,0,0,,,triagem/nome-caixa-conversao 1.0.0,10,ok
089842,per089842_1914_05596,16,0,0,,,triagem/nome-caixa-conversao 1.0.0,10,ok
089842,per089842_1914_05597,1,0,0,,,triagem/nome-caixa-conversao 1.0.0,10,ok
089842,per089842_1914_05597,2,0,0,,,triagem/nome-caixa-conversao 1.0.0,10,ok
089842,per089842_1914_05597,3,0,0,,,triagem/nome-caixa-conversao 1.0.0,10,ok
089842,per089842_1914_05597,4,0,0,,,triagem/nome-caixa-conversao 1.0.0,10,ok
089842,per089842_1914_05597,5,0,0,,,triagem/nome-caixa-conversao 1.0.0,10,ok
089842,per089842_1914_05597,6,0,0,,,triagem/nome-caixa-conversao 1.0.0,10,ok
089842,per089842_1914_05597,7,0,0,,,triagem/nome-caixa-conversao 1.0.0,10,ok
089842,per089842_1914_05597,8,0,0,,,triagem/nome-caixa-conversao 1.0.0,10,ok
089842,per089842_1914_05597,9,0,0,,,triagem/nome-caixa-conversao 1.0.0,10,ok
089842,per089842_1914_05597,10,0,0,,,triagem/nome-caixa-conversao 1.0.0,10,ok
089842,per089842_1914_05597,11,0,0,,,triagem/nome-caixa-conversao 1.0.0,10,ok
089842,per089842_1914_05597,12,0,0,,,triagem/nome-caixa-conversao 1.0.0,10,ok
089842,per089842_1914_05598,1,0,0,,,triagem/nome-caixa-conversao 1.0.0,10,ok
089842,per089842_1914_05598,2,0,0,,,triagem/nome-caixa-conversao 1.0.0,10,ok
089842,per089842_1914_05598,3,0,0,,,triagem/nome-caixa-conversao 1.0.0,10,ok
089842,per089842_1914_05598,4,0,0,,,triagem/nome-caixa-conversao 1.0.0,10,ok
089842,per089842_1914_05598,5,0,0,,,triagem/nome-caixa-conversao 1.0.0,10,ok
089842,per089842_1914_05598,6,0,0,,,triagem/nome-caixa-conversao 1.0.0,10,ok
089842,per089842_1914_05598,7,0,0,,,triagem/nome-caixa-conversao 1.0.0,10,ok
089842,per089842_1914_05598,8,0,0,,,triagem/nome-caixa-conversao 1.0.0,10,ok
089842,per089842_1914_05598,9,0,0,,,triagem/nome-caixa-conversao 1.0.0,10,ok
089842,per089842_1914_05598,10,0,0,,,triagem/nome-caixa-conversao 1.0.0,10,ok
089842,per089842_1914_05598,11,0,0,,,triagem/nome-caixa-conversao 1.0.0,10,ok
089842,per089842_1914_05598,12,0,0,,,triagem/nome-caixa-conversao 1.0.0,10,ok
089842,per089842_1914_05599,1,0,0,,,triagem/nome-caixa-conversao 1.0.0,10,ok
089842,per089842_1914_05599,2,0,0,,,triagem/nome-caixa-conversao 1.0.0,10,ok
089842,per089842_1914_05599,3,0,0,,,triagem/nome-caixa-conversao 1.0.0,10,ok
089842,per089842_1914_05599,4,0,0,,,triagem/nome-caixa-conversao 1.0.0,10,ok
089842,per089842_1914_05599,5,0,0,,,triagem/nome-caixa-conversao 1.0.0,10,ok
089842,per089842_1914_05599,6,0,0,,,triagem/nome-caixa-conversao 1.0.0,10,ok
089842,per089842_1914_05599,7,0,0,,,triagem/nome-caixa-conversao 1.0.0,10,ok
089842,per089842_1914_05599,8,0,0,,,triagem/nome-caixa-conversao 1.0.0,10,ok
089842,per089842_1914_05599,9,0,0,,,triagem/nome-caixa-conversao 1.0.0,10,ok
089842,per089842_1914_05599,10,0,0,,,triagem/nome-caixa-conversao 1.0.0,10,ok
089842,per089842_1914_05599,11,0,0,,,triagem/nome-caixa-conversao 1.0.0,10,ok
089842,per089842_1914_05599,12,0,0,,,triagem/nome-caixa-conversao 1.0.0,10,ok
089842,per089842_1914_05599,13,0,0,,,triagem/nome-caixa-conversao 1.0.0,10,ok
089842,per089842_1914_05599,14,0,0,,,triagem/nome-caixa-conversao 1.0.0,10,ok
089842,per089842_1914_05600,1,0,0,,,triagem/nome-caixa-conversao 1.0.0,10,ok
089842,per089842_1914_05600,2,0,0,,,triagem/nome-caixa-conversao 1.0.0,10,ok
089842,per089842_1914_05600,3,0,0,,,triagem/nome-caixa-conversao 1.0.0,10,ok
089842,per089842_1914_05600,4,0,0,,,triagem/nome-caixa-conversao 1.0.0,10,ok
089842,per089842_1914_05600,5,0,0,,,triagem/nome-caixa-conversao 1.0.0,10,ok
089842,per089842_1914_05600,6,0,0,,,triagem/nome-caixa-conversao 1.0.0,10,ok
089842,per089842_1914_05600,7,0,0,,,triagem/nome-caixa-conversao 1.0.0,10,ok
089842,per089842_1914_05600,8,0,0,,,triagem/nome-caixa-conversao 1.0.0,10,ok
089842,per089842_1914_05600,9,0,0,,,triagem/nome-caixa-conversao 1.0.0,10,ok
089842,per089842_1914_05600,10,0,0,,,triagem/nome-caixa-conversao 1.0.0,10,ok
089842,per089842_1914_05600,11,0,0,,,triagem/nome-caixa-conversao 1.0.0,10,ok
089842,per089842_1914_05600,12,0,0,,,triagem/nome-caixa-conversao 1.0.0,10,ok
089842,per089842_1914_05600,13,0,0,,,triagem/nome-caixa-conversao 1.0.0,10,ok
089842,per089842_1914_05600,14,0,0,,,triagem/nome-caixa-conversao 1.0.0,10,ok
089842,per089842_1914_05600,15,0,0,,,triagem/nome-caixa-conversao 1.0.0,10,ok
089842,per089842_1914_05600,16,0,0,,,triagem/nome-caixa-conversao 1.0.0,10,ok
089842,per089842_1914_05601,1,0,0,,,triagem/nome-caixa-conversao 1.0.0,10,ok
089842,per089842_1914_05601,2,0,0,,,triagem/nome-caixa-conversao 1.0.0,10,ok
089842,per089842_1914_05601,3,0,0,,,triagem/nome-caixa-conversao 1.0.0,10,ok
089842,per089842_1914_05601,4,0,0,,,triagem/nome-caixa-conversao 1.0.0,10,ok
089842,per089842_1914_05601,5,0,0,,,triagem/nome-caixa-conversao 1.0.0,10,ok
089842,per089842_1914_05601,6,0,0,,,triagem/nome-caixa-conversao 1.0.0,10,ok
089842,per089842_1914_05601,7,0,0,,,triagem/nome-caixa-conversao 1.0.0,10,ok
089842,per089842_1914_05601,8,0,0,,,triagem/nome-caixa-conversao 1.0.0,10,ok
089842,per089842_1914_05601,9,0,0,,,triagem/nome-caixa-conversao 1.0.0,10,ok
089842,per089842_1914_05601,10,0,0,,,triagem/nome-caixa-conversao 1.0.0,10,ok
089842,per089842_1914_05601,11,0,0,,,triagem/nome-caixa-conversao 1.0.0,10,ok
089842,per089842_1914_05601,12,0,0,,,triagem/nome-caixa-conversao 1.0.0,10,ok
089842,per089842_1914_05602,1,0,0,,,triagem/nome-caixa-conversao 1.0.0,10,ok
089842,per089842_1914_05602,2,0,0,,,triagem/nome-caixa-conversao 1.0.0,10,ok
089842,per089842_1914_05602,3,0,0,,,triagem/nome-caixa-conversao 1.0.0,10,ok
089842,per089842_1914_05602,4,0,0,,,triagem/nome-caixa-conversao 1.0.0,10,ok
089842,per089842_1914_05602,5,0,0,,,triagem/nome-caixa-conversao 1.0.0,10,ok
089842,per089842_1914_05602,6,0,0,,,triagem/nome-caixa-conversao 1.0.0,10,ok
089842,per089842_1914_05602,7,0,0,,,triagem/nome-caixa-conversao 1.0.0,10,ok
089842,per089842_1914_05602,8,0,0,,,triagem/nome-caixa-conversao 1.0.0,10,ok
089842,per089842_1914_05602,9,0,0,,,triagem/nome-caixa-conversao 1.0.0,10,ok
089842,per089842_1914_05602,10,0,0,,,triagem/nome-caixa-conversao 1.0.0,10,ok
089842,per089842_1914_05602,11,0,0,,,triagem/nome-caixa-conversao 1.0.0,10,ok
089842,per089842_1914_05602,12,0,0,,,triagem/nome-caixa-conversao 1.0.0,10,ok
089842,per089842_1914_05602,13,0,0,,,triagem/nome-caixa-conversao 1.0.0,10,ok
089842,per089842_1914_05602,14,0,0,,,triagem/nome-caixa-conversao 1.0.0,10,ok
089842,per089842_1914_05603,1,0,0,,,triagem/nome-caixa-conversao 1.0.0,10,ok
089842,per089842_1914_05603,2,0,0,,,triagem/nome-caixa-conversao 1.0.0,10,ok
089842,per089842_1914_05603,3,0,0,,,triagem/nome-caixa-conversao 1.0.0,10,ok
089842,per089842_1914_05603,4,0,0,,,triagem/nome-caixa-conversao 1.0.0,10,ok
089842,per089842_1914_05603,5,0,0,,,triagem/nome-caixa-conversao 1.0.0,10,ok
089842,per089842_1914_05603,6,0,0,,,triagem/nome-caixa-conversao 1.0.0,10,ok
089842,per089842_1914_05603,7,0,0,,,triagem/nome-caixa-conversao 1.0.0,10,ok
089842,per089842_1914_05603,8,0,0,,,triagem/nome-caixa-conversao 1.0.0,10,ok
089842,per089842_1914_05603,9,0,0,,,triagem/nome-caixa-conversao 1.0.0,10,ok
089842,per089842_1914_05603,10,0,0,,,triagem/nome-caixa-conversao 1.0.0,10,ok
089842,per089842_1914_05603,11,0,0,,,triagem/nome-caixa-conversao 1.0.0,10,ok
089842,per089842_1914_05603,12,0,0,,,triagem/nome-caixa-conversao 1.0.0,10,ok
089842,per089842_1914_05603,13,0,0,,,triagem/nome-caixa-conversao 1.0.0,10,ok
089842,per089842_1914_05603,14,0,0,,,triagem/nome-caixa-conversao 1.0.0,10,ok
089842,per089842_1914_05603,15,0,0,,,triagem/nome-caixa-conversao 1.0.0,10,ok
089842,per089842_1914_05603,16,0,0,,,triagem/nome-caixa-conversao 1.0.0,10,ok
089842,per089842_1914_05604,1,0,0,,,triagem/nome-caixa-conversao 1.0.0,10,ok
089842,per089842_1914_05604,2,0,0,,,triagem/nome-caixa-conversao 1.0.0,10,ok
089842,per089842_1914_05604,3,0,0,,,triagem/nome-caixa-conversao 1.0.0,10,ok
089842,per089842_1914_05604,4,0,0,,,triagem/nome-caixa-conversao 1.0.0,10,ok
089842,per089842_1914_05604,5,0,0,,,triagem/nome-caixa-conversao 1.0.0,10,ok
089842,per089842_1914_05604,6,0,0,,,triagem/nome-caixa-conversao 1.0.0,10,ok
089842,per089842_1914_05604,7,0,0,,,triagem/nome-caixa-conversao 1.0.0,10,ok
089842,per089842_1914_05604,8,0,0,,,triagem/nome-caixa-conversao 1.0.0,10,ok
089842,per089842_1914_05604,9,0,0,,,triagem/nome-caixa-conversao 1.0.0,10,ok
089842,per089842_1914_05604,10,0,0,,,triagem/nome-caixa-conversao 1.0.0,10,ok
089842,per089842_1914_05604,11,0,0,,,triagem/nome-caixa-conversao 1.0.0,10,ok
089842,per089842_1914_05604,12,0,0,,,triagem/nome-caixa-conversao 1.0.0,10,ok
089842,per089842_1914_05605,1,0,0,,,triagem/nome-caixa-conversao 1.0.0,10,ok
089842,per089842_1914_05605,2,0,0,,,triagem/nome-caixa-conversao 1.0.0,10,ok
089842,per089842_1914_05605,3,0,0,,,triagem/nome-caixa-conversao 1.0.0,10,ok
089842,per089842_1914_05605,4,0,0,,,triagem/nome-caixa-conversao 1.0.0,10,ok
089842,per089842_1914_05605,5,0,0,,,triagem/nome-caixa-conversao 1.0.0,10,ok
089842,per089842_1914_05605,6,0,0,,,triagem/nome-caixa-conversao 1.0.0,10,ok
089842,per089842_1914_05605,7,0,0,,,triagem/nome-caixa-conversao 1.0.0,10,ok
089842,per089842_1914_05605,8,0,0,,,triagem/nome-caixa-conversao 1.0.0,10,ok
089842,per089842_1914_05605,9,0,0,,,triagem/nome-caixa-conversao 1.0.0,10,ok
089842,per089842_1914_05605,10,0,0,,,triagem/nome-caixa-conversao 1.0.0,10,ok
089842,per089842_1914_05605,11,0,0,,,triagem/nome-caixa-conversao 1.0.0,10,ok
089842,per089842_1914_05605,12,0,0,,,triagem/nome-caixa-conversao 1.0.0,10,ok
089842,per089842_1914_05606,1,1,1,caixaconver,21536,triagem/nome-caixa-conversao 1.0.0,10,ok
089842,per089842_1914_05606,2,0,0,,,triagem/nome-caixa-conversao 1.0.0,10,ok
089842,per089842_1914_05606,3,0,0,,,triagem/nome-caixa-conversao 1.0.0,10,ok
089842,per089842_1914_05606,4,0,0,,,triagem/nome-caixa-conversao 1.0.0,10,ok
089842,per089842_1914_05606,5,0,0,,,triagem/nome-caixa-conversao 1.0.0,10,ok
089842,per089842_1914_05606,6,0,0,,,triagem/nome-caixa-conversao 1.0.0,10,ok
089842,per089842_1914_05606,7,0,0,,,triagem/nome-caixa-conversao 1.0.0,10,ok
089842,per089842_1914_05606,8,0,0,,,triagem/nome-caixa-conversao 1.0.0,10,ok
089842,per089842_1914_05606,9,0,0,,,triagem/nome-caixa-conversao 1.0.0,10,ok
089842,per089842_1914_05606,10,0,0,,,triagem/nome-caixa-conversao 1.0.0,10,ok
089842,per089842_1914_05606,11,0,0,,,triagem/nome-caixa-conversao 1.0.0,10,ok
089842,per089842_1914_05606,12,0,0,,,triagem/nome-caixa-conversao 1.0.0,10,ok
089842,per089842_1914_05606,13,0,0,,,triagem/nome-caixa-conversao 1.0.0,10,ok
089842,per089842_1914_05606,14,0,0,,,triagem/nome-caixa-conversao 1.0.0,10,ok
089842,per089842_1914_05607,1,0,0,,,triagem/nome-caixa-conversao 1.0.0,10,ok
089842,per089842_1914_05607,2,0,0,,,triagem/nome-caixa-conversao 1.0.0,10,ok
089842,per089842_1914_05607,3,0,0,,,triagem/nome-caixa-conversao 1.0.0,10,ok
089842,per089842_1914_05607,4,0,0,,,triagem/nome-caixa-conversao 1.0.0,10,ok
089842,per089842_1914_05607,5,0,0,,,triagem/nome-caixa-conversao 1.0.0,10,ok
089842,per089842_1914_05607,6,0,0,,,triagem/nome-caixa-conversao 1.0.0,10,ok
089842,per089842_1914_05607,7,0,0,,,triagem/nome-caixa-conversao 1.0.0,10,ok
089842,per089842_1914_05607,8,0,0,,,triagem/nome-caixa-conversao 1.0.0,10,ok
089842,per089842_1914_05607,9,0,0,,,triagem/nome-caixa-conversao 1.0.0,10,ok
089842,per089842_1914_05607,10,0,0,,,triagem/nome-caixa-conversao 1.0.0,10,ok
089842,per089842_1914_05607,11,0,0,,,triagem/nome-caixa-conversao 1.0.0,10,ok
089842,per089842_1914_05607,12,0,0,,,triagem/nome-caixa-conversao 1.0.0,10,ok
089842,per089842_1914_05607,13,0,0,,,triagem/nome-caixa-conversao 1.0.0,10,ok
089842,per089842_1914_05607,14,0,0,,,triagem/nome-caixa-conversao 1.0.0,10,ok
089842,per089842_1914_05608,1,0,0,,,triagem/nome-caixa-conversao 1.0.0,10,ok
089842,per089842_1914_05608,2,1,1,caixa de conver,26367,triagem/nome-caixa-conversao 1.0.0,10,ok
089842,per089842_1914_05608,3,0,0,,,triagem/nome-caixa-conversao 1.0.0,10,ok
089842,per089842_1914_05608,4,0,0,,,triagem/nome-caixa-conversao 1.0.0,10,ok
089842,per089842_1914_05608,5,0,0,,,triagem/nome-caixa-conversao 1.0.0,10,ok
089842,per089842_1914_05608,6,0,0,,,triagem/nome-caixa-conversao 1.0.0,10,ok
089842,per089842_1914_05608,7,0,0,,,triagem/nome-caixa-conversao 1.0.0,10,ok
089842,per089842_1914_05608,8,0,0,,,triagem/nome-caixa-conversao 1.0.0,10,ok
089842,per089842_1914_05608,9,0,0,,,triagem/nome-caixa-conversao 1.0.0,10,ok
089842,per089842_1914_05608,10,0,0,,,triagem/nome-caixa-conversao 1.0.0,10,ok
089842,per089842_1914_05608,11,0,0,,,triagem/nome-caixa-conversao 1.0.0,10,ok
089842,per089842_1914_05608,12,0,0,,,triagem/nome-caixa-conversao 1.0.0,10,ok
089842,per089842_1914_05609,1,1,2,caixa de conver,19035,triagem/nome-caixa-conversao 1.0.0,10,ok
089842,per089842_1914_05609,2,0,0,,,triagem/nome-caixa-conversao 1.0.0,10,ok
089842,per089842_1914_05609,3,0,0,,,triagem/nome-caixa-conversao 1.0.0,10,ok
089842,per089842_1914_05609,4,0,0,,,triagem/nome-caixa-conversao 1.0.0,10,ok
089842,per089842_1914_05609,5,0,0,,,triagem/nome-caixa-conversao 1.0.0,10,ok
089842,per089842_1914_05609,6,0,0,,,triagem/nome-caixa-conversao 1.0.0,10,ok
089842,per089842_1914_05609,7,0,0,,,triagem/nome-caixa-conversao 1.0.0,10,ok
089842,per089842_1914_05609,8,0,0,,,triagem/nome-caixa-conversao 1.0.0,10,ok
089842,per089842_1914_05609,9,0,0,,,triagem/nome-caixa-conversao 1.0.0,10,ok
089842,per089842_1914_05609,10,0,0,,,triagem/nome-caixa-conversao 1.0.0,10,ok
089842,per089842_1914_05609,11,0,0,,,triagem/nome-caixa-conversao 1.0.0,10,ok
089842,per089842_1914_05609,12,0,0,,,triagem/nome-caixa-conversao 1.0.0,10,ok
089842,per089842_1914_05609,13,0,0,,,triagem/nome-caixa-conversao 1.0.0,10,ok
089842,per089842_1914_05609,14,0,0,,,triagem/nome-caixa-conversao 1.0.0,10,ok
089842,per089842_1914_05610,1,0,0,,,triagem/nome-caixa-conversao 1.0.0,10,ok
089842,per089842_1914_05610,2,0,0,,,triagem/nome-caixa-conversao 1.0.0,10,ok
089842,per089842_1914_05610,3,0,0,,,triagem/nome-caixa-conversao 1.0.0,10,ok
089842,per089842_1914_05610,4,0,0,,,triagem/nome-caixa-conversao 1.0.0,10,ok
089842,per089842_1914_05610,5,0,0,,,triagem/nome-caixa-conversao 1.0.0,10,ok
089842,per089842_1914_05610,6,0,0,,,triagem/nome-caixa-conversao 1.0.0,10,ok
089842,per089842_1914_05610,7,0,0,,,triagem/nome-caixa-conversao 1.0.0,10,ok
089842,per089842_1914_05610,8,0,0,,,triagem/nome-caixa-conversao 1.0.0,10,ok
089842,per089842_1914_05610,9,0,0,,,triagem/nome-caixa-conversao 1.0.0,10,ok
089842,per089842_1914_05610,10,0,0,,,triagem/nome-caixa-conversao 1.0.0,10,ok
089842,per089842_1914_05610,11,0,0,,,triagem/nome-caixa-conversao 1.0.0,10,ok
089842,per089842_1914_05610,12,0,0,,,triagem/nome-caixa-conversao 1.0.0,10,ok
089842,per089842_1914_05610,13,0,0,,,triagem/nome-caixa-conversao 1.0.0,10,ok
089842,per089842_1914_05610,14,0,0,,,triagem/nome-caixa-conversao 1.0.0,10,ok
089842,per089842_1914_05610,15,0,0,,,triagem/nome-caixa-conversao 1.0.0,10,ok
089842,per089842_1914_05610,16,0,0,,,triagem/nome-caixa-conversao 1.0.0,10,ok
089842,per089842_1914_05611,1,0,0,,,triagem/nome-caixa-conversao 1.0.0,10,ok
089842,per089842_1914_05611,2,0,0,,,triagem/nome-caixa-conversao 1.0.0,10,ok
089842,per089842_1914_05611,3,0,0,,,triagem/nome-caixa-conversao 1.0.0,10,ok
089842,per089842_1914_05611,4,0,0,,,triagem/nome-caixa-conversao 1.0.0,10,ok
089842,per089842_1914_05611,5,0,0,,,triagem/nome-caixa-conversao 1.0.0,10,ok
089842,per089842_1914_05611,6,0,0,,,triagem/nome-caixa-conversao 1.0.0,10,ok
089842,per089842_1914_05611,7,0,0,,,triagem/nome-caixa-conversao 1.0.0,10,ok
089842,per089842_1914_05611,8,0,0,,,triagem/nome-caixa-conversao 1.0.0,10,ok
089842,per089842_1914_05611,9,0,0,,,triagem/nome-caixa-conversao 1.0.0,10,ok
089842,per089842_1914_05611,10,0,0,,,triagem/nome-caixa-conversao 1.0.0,10,ok
089842,per089842_1914_05611,11,0,0,,,triagem/nome-caixa-conversao 1.0.0,10,ok
089842,per089842_1914_05611,12,0,0,,,triagem/nome-caixa-conversao 1.0.0,10,ok
089842,per089842_1914_05611,13,0,0,,,triagem/nome-caixa-conversao 1.0.0,10,ok
089842,per089842_1914_05611,14,0,0,,,triagem/nome-caixa-conversao 1.0.0,10,ok
089842,per089842_1914_05612,1,0,0,,,triagem/nome-caixa-conversao 1.0.0,10,ok
089842,per089842_1914_05612,2,0,0,,,triagem/nome-caixa-conversao 1.0.0,10,ok
089842,per089842_1914_05612,3,0,0,,,triagem/nome-caixa-conversao 1.0.0,10,ok
089842,per089842_1914_05612,4,0,0,,,triagem/nome-caixa-conversao 1.0.0,10,ok
089842,per089842_1914_05612,5,0,0,,,triagem/nome-caixa-conversao 1.0.0,10,ok
089842,per089842_1914_05612,6,0,0,,,triagem/nome-caixa-conversao 1.0.0,10,ok
089842,per089842_1914_05612,7,0,0,,,triagem/nome-caixa-conversao 1.0.0,10,ok
089842,per089842_1914_05612,8,0,0,,,triagem/nome-caixa-conversao 1.0.0,10,ok
089842,per089842_1914_05612,9,0,0,,,triagem/nome-caixa-conversao 1.0.0,10,ok
089842,per089842_1914_05612,10,0,0,,,triagem/nome-caixa-conversao 1.0.0,10,ok
089842,per089842_1914_05612,11,0,0,,,triagem/nome-caixa-conversao 1.0.0,10,ok
089842,per089842_1914_05612,12,0,0,,,triagem/nome-caixa-conversao 1.0.0,10,ok
089842,per089842_1914_05612,13,0,0,,,triagem/nome-caixa-conversao 1.0.0,10,ok
089842,per089842_1914_05612,14,0,0,,,triagem/nome-caixa-conversao 1.0.0,10,ok
089842,per089842_1914_05612,15,0,0,,,triagem/nome-caixa-conversao 1.0.0,10,ok
089842,per089842_1914_05612,16,0,0,,,triagem/nome-caixa-conversao 1.0.0,10,ok
089842,per089842_1914_05613,1,0,0,,,triagem/nome-caixa-conversao 1.0.0,10,ok
089842,per089842_1914_05613,2,0,0,,,triagem/nome-caixa-conversao 1.0.0,10,ok
089842,per089842_1914_05613,3,0,0,,,triagem/nome-caixa-conversao 1.0.0,10,ok
089842,per089842_1914_05613,4,0,0,,,triagem/nome-caixa-conversao 1.0.0,10,ok
089842,per089842_1914_05613,5,0,0,,,triagem/nome-caixa-conversao 1.0.0,10,ok
089842,per089842_1914_05613,6,0,0,,,triagem/nome-caixa-conversao 1.0.0,10,ok
089842,per089842_1914_05613,7,0,0,,,triagem/nome-caixa-conversao 1.0.0,10,ok
089842,per089842_1914_05613,8,0,0,,,triagem/nome-caixa-conversao 1.0.0,10,ok
089842,per089842_1914_05613,9,0,0,,,triagem/nome-caixa-conversao 1.0.0,10,ok
089842,per089842_1914_05613,10,0,0,,,triagem/nome-caixa-conversao 1.0.0,10,ok
089842,per089842_1914_05613,11,0,0,,,triagem/nome-caixa-conversao 1.0.0,10,ok
089842,per089842_1914_05613,12,0,0,,,triagem/nome-caixa-conversao 1.0.0,10,ok
089842,per089842_1914_05614,1,0,0,,,triagem/nome-caixa-conversao 1.0.0,10,ok
089842,per089842_1914_05614,2,0,0,,,triagem/nome-caixa-conversao 1.0.0,10,ok
089842,per089842_1914_05614,3,0,0,,,triagem/nome-caixa-conversao 1.0.0,10,ok
089842,per089842_1914_05614,4,0,0,,,triagem/nome-caixa-conversao 1.0.0,10,ok
089842,per089842_1914_05614,5,0,0,,,triagem/nome-caixa-conversao 1.0.0,10,ok
089842,per089842_1914_05614,6,0,0,,,triagem/nome-caixa-conversao 1.0.0,10,ok
089842,per089842_1914_05614,7,0,0,,,triagem/nome-caixa-conversao 1.0.0,10,ok
089842,per089842_1914_05614,8,0,0,,,triagem/nome-caixa-conversao 1.0.0,10,ok
089842,per089842_1914_05614,9,0,0,,,triagem/nome-caixa-conversao 1.0.0,10,ok
089842,per089842_1914_05614,10,0,0,,,triagem/nome-caixa-conversao 1.0.0,10,ok
089842,per089842_1914_05614,11,0,0,,,triagem/nome-caixa-conversao 1.0.0,10,ok
089842,per089842_1914_05614,12,0,0,,,triagem/nome-caixa-conversao 1.0.0,10,ok
089842,per089842_1914_05614,13,0,0,,,triagem/nome-caixa-conversao 1.0.0,10,ok
089842,per089842_1914_05614,14,0,0,,,triagem/nome-caixa-conversao 1.0.0,10,ok
089842,per089842_1914_05615,1,0,0,,,triagem/nome-caixa-conversao 1.0.0,10,ok
089842,per089842_1914_05615,2,0,0,,,triagem/nome-caixa-conversao 1.0.0,10,ok
089842,per089842_1914_05615,3,0,0,,,triagem/nome-caixa-conversao 1.0.0,10,ok
089842,per089842_1914_05615,4,0,0,,,triagem/nome-caixa-conversao 1.0.0,10,ok
089842,per089842_1914_05615,5,0,0,,,triagem/nome-caixa-conversao 1.0.0,10,ok
089842,per089842_1914_05615,6,0,0,,,triagem/nome-caixa-conversao 1.0.0,10,ok
089842,per089842_1914_05615,7,0,0,,,triagem/nome-caixa-conversao 1.0.0,10,ok
089842,per089842_1914_05615,8,0,0,,,triagem/nome-caixa-conversao 1.0.0,10,ok
089842,per089842_1914_05615,9,0,0,,,triagem/nome-caixa-conversao 1.0.0,10,ok
089842,per089842_1914_05615,10,0,0,,,triagem/nome-caixa-conversao 1.0.0,10,ok
089842,per089842_1914_05615,11,0,0,,,triagem/nome-caixa-conversao 1.0.0,10,ok
089842,per089842_1914_05615,12,0,0,,,triagem/nome-caixa-conversao 1.0.0,10,ok
089842,per089842_1914_05615,13,0,0,,,triagem/nome-caixa-conversao 1.0.0,10,ok
089842,per089842_1914_05615,14,0,0,,,triagem/nome-caixa-conversao 1.0.0,10,ok
089842,per089842_1914_05616,1,0,0,,,triagem/nome-caixa-conversao 1.0.0,10,ok
089842,per089842_1914_05616,2,0,0,,,triagem/nome-caixa-conversao 1.0.0,10,ok
089842,per089842_1914_05616,3,0,0,,,triagem/nome-caixa-conversao 1.0.0,10,ok
089842,per089842_1914_05616,4,0,0,,,triagem/nome-caixa-conversao 1.0.0,10,ok
089842,per089842_1914_05616,5,0,0,,,triagem/nome-caixa-conversao 1.0.0,10,ok
089842,per089842_1914_05616,6,0,0,,,triagem/nome-caixa-conversao 1.0.0,10,ok
089842,per089842_1914_05616,7,0,0,,,triagem/nome-caixa-conversao 1.0.0,10,ok
089842,per089842_1914_05616,8,0,0,,,triagem/nome-caixa-conversao 1.0.0,10,ok
089842,per089842_1914_05616,9,0,0,,,triagem/nome-caixa-conversao 1.0.0,10,ok
089842,per089842_1914_05616,10,0,0,,,triagem/nome-caixa-conversao 1.0.0,10,ok
089842,per089842_1914_05616,11,0,0,,,triagem/nome-caixa-conversao 1.0.0,10,ok
089842,per089842_1914_05616,12,0,0,,,triagem/nome-caixa-conversao 1.0.0,10,ok
089842,per089842_1914_05616,13,0,0,,,triagem/nome-caixa-conversao 1.0.0,10,ok
089842,per089842_1914_05616,14,0,0,,,triagem/nome-caixa-conversao 1.0.0,10,ok
089842,per089842_1914_05616,15,0,0,,,triagem/nome-caixa-conversao 1.0.0,10,ok
089842,per089842_1914_05616,16,0,0,,,triagem/nome-caixa-conversao 1.0.0,10,ok
089842,per089842_1914_05617,1,0,0,,,triagem/nome-caixa-conversao 1.0.0,10,ok
089842,per089842_1914_05617,2,0,0,,,triagem/nome-caixa-conversao 1.0.0,10,ok
089842,per089842_1914_05617,3,0,0,,,triagem/nome-caixa-conversao 1.0.0,10,ok
089842,per089842_1914_05617,4,0,0,,,triagem/nome-caixa-conversao 1.0.0,10,ok
089842,per089842_1914_05617,5,0,0,,,triagem/nome-caixa-conversao 1.0.0,10,ok
089842,per089842_1914_05617,6,0,0,,,triagem/nome-caixa-conversao 1.0.0,10,ok
089842,per089842_1914_05617,7,0,0,,,triagem/nome-caixa-conversao 1.0.0,10,ok
089842,per089842_1914_05617,8,0,0,,,triagem/nome-caixa-conversao 1.0.0,10,ok
089842,per089842_1914_05617,9,0,0,,,triagem/nome-caixa-conversao 1.0.0,10,ok
089842,per089842_1914_05617,10,0,0,,,triagem/nome-caixa-conversao 1.0.0,10,ok
089842,per089842_1914_05617,11,0,0,,,triagem/nome-caixa-conversao 1.0.0,10,ok
089842,per089842_1914_05617,12,0,0,,,triagem/nome-caixa-conversao 1.0.0,10,ok
089842,per089842_1914_05617,13,0,0,,,triagem/nome-caixa-conversao 1.0.0,10,ok
089842,per089842_1914_05617,14,0,0,,,triagem/nome-caixa-conversao 1.0.0,10,ok
089842,per089842_1914_05617,15,0,0,,,triagem/nome-caixa-conversao 1.0.0,10,ok
089842,per089842_1914_05617,16,0,0,,,triagem/nome-caixa-conversao 1.0.0,10,ok
089842,per089842_1914_05618,1,0,0,,,triagem/nome-caixa-conversao 1.0.0,10,ok
089842,per089842_1914_05618,2,0,0,,,triagem/nome-caixa-conversao 1.0.0,10,ok
089842,per089842_1914_05618,3,0,0,,,triagem/nome-caixa-conversao 1.0.0,10,ok
089842,per089842_1914_05618,4,0,0,,,triagem/nome-caixa-conversao 1.0.0,10,ok
089842,per089842_1914_05618,5,0,0,,,triagem/nome-caixa-conversao 1.0.0,10,ok
089842,per089842_1914_05618,6,0,0,,,triagem/nome-caixa-conversao 1.0.0,10,ok
089842,per089842_1914_05618,7,0,0,,,triagem/nome-caixa-conversao 1.0.0,10,ok
089842,per089842_1914_05618,8,0,0,,,triagem/nome-caixa-conversao 1.0.0,10,ok
089842,per089842_1914_05618,9,0,0,,,triagem/nome-caixa-conversao 1.0.0,10,ok
089842,per089842_1914_05618,10,0,0,,,triagem/nome-caixa-conversao 1.0.0,10,ok
089842,per089842_1914_05618,11,0,0,,,triagem/nome-caixa-conversao 1.0.0,10,ok
089842,per089842_1914_05618,12,0,0,,,triagem/nome-caixa-conversao 1.0.0,10,ok
089842,per089842_1914_05618,13,0,0,,,triagem/nome-caixa-conversao 1.0.0,10,ok
089842,per089842_1914_05618,14,0,0,,,triagem/nome-caixa-conversao 1.0.0,10,ok
089842,per089842_1914_05619,1,0,0,,,triagem/nome-caixa-conversao 1.0.0,10,ok
089842,per089842_1914_05619,2,0,0,,,triagem/nome-caixa-conversao 1.0.0,10,ok
089842,per089842_1914_05619,3,0,0,,,triagem/nome-caixa-conversao 1.0.0,10,ok
089842,per089842_1914_05619,4,0,0,,,triagem/nome-caixa-conversao 1.0.0,10,ok
089842,per089842_1914_05619,5,0,0,,,triagem/nome-caixa-conversao 1.0.0,10,ok
089842,per089842_1914_05619,6,0,0,,,triagem/nome-caixa-conversao 1.0.0,10,ok
089842,per089842_1914_05619,7,0,0,,,triagem/nome-caixa-conversao 1.0.0,10,ok
089842,per089842_1914_05619,8,0,0,,,triagem/nome-caixa-conversao 1.0.0,10,ok
089842,per089842_1914_05619,9,0,0,,,triagem/nome-caixa-conversao 1.0.0,10,ok
089842,per089842_1914_05619,10,0,0,,,triagem/nome-caixa-conversao 1.0.0,10,ok
089842,per089842_1914_05619,11,0,0,,,triagem/nome-caixa-conversao 1.0.0,10,ok
089842,per089842_1914_05619,12,0,0,,,triagem/nome-caixa-conversao 1.0.0,10,ok
089842,per089842_1914_05619,13,0,0,,,triagem/nome-caixa-conversao 1.0.0,10,ok
089842,per089842_1914_05619,14,0,0,,,triagem/nome-caixa-conversao 1.0.0,10,ok
089842,per089842_1914_05620,1,0,0,,,triagem/nome-caixa-conversao 1.0.0,10,ok
089842,per089842_1914_05620,2,0,0,,,triagem/nome-caixa-conversao 1.0.0,10,ok
089842,per089842_1914_05620,3,0,0,,,triagem/nome-caixa-conversao 1.0.0,10,ok
089842,per089842_1914_05620,4,0,0,,,triagem/nome-caixa-conversao 1.0.0,10,ok
089842,per089842_1914_05620,5,0,0,,,triagem/nome-caixa-conversao 1.0.0,10,ok
089842,per089842_1914_05620,6,1,1,caixa da conver,9185,triagem/nome-caixa-conversao 1.0.0,10,ok
089842,per089842_1914_05620,7,0,0,,,triagem/nome-caixa-conversao 1.0.0,10,ok
089842,per089842_1914_05620,8,0,0,,,triagem/nome-caixa-conversao 1.0.0,10,ok
089842,per089842_1914_05620,9,0,0,,,triagem/nome-caixa-conversao 1.0.0,10,ok
089842,per089842_1914_05620,10,0,0,,,triagem/nome-caixa-conversao 1.0.0,10,ok
089842,per089842_1914_05620,11,0,0,,,triagem/nome-caixa-conversao 1.0.0,10,ok
089842,per089842_1914_05620,12,0,0,,,triagem/nome-caixa-conversao 1.0.0,10,ok
089842,per089842_1914_05620,13,1,1,caixa de conver,29734,triagem/nome-caixa-conversao 1.0.0,10,ok
089842,per089842_1914_05620,14,0,0,,,triagem/nome-caixa-conversao 1.0.0,10,ok
089842,per089842_1914_05621,1,0,0,,,triagem/nome-caixa-conversao 1.0.0,10,ok
089842,per089842_1914_05621,2,0,0,,,triagem/nome-caixa-conversao 1.0.0,10,ok
089842,per089842_1914_05621,3,0,0,,,triagem/nome-caixa-conversao 1.0.0,10,ok
089842,per089842_1914_05621,4,0,0,,,triagem/nome-caixa-conversao 1.0.0,10,ok
089842,per089842_1914_05621,5,0,0,,,triagem/nome-caixa-conversao 1.0.0,10,ok
089842,per089842_1914_05621,6,0,0,,,triagem/nome-caixa-conversao 1.0.0,10,ok
089842,per089842_1914_05621,7,0,0,,,triagem/nome-caixa-conversao 1.0.0,10,ok
089842,per089842_1914_05621,8,0,0,,,triagem/nome-caixa-conversao 1.0.0,10,ok
089842,per089842_1914_05621,9,0,0,,,triagem/nome-caixa-conversao 1.0.0,10,ok
089842,per089842_1914_05621,10,0,0,,,triagem/nome-caixa-conversao 1.0.0,10,ok
089842,per089842_1914_05621,11,0,0,,,triagem/nome-caixa-conversao 1.0.0,10,ok
089842,per089842_1914_05621,12,0,0,,,triagem/nome-caixa-conversao 1.0.0,10,ok
089842,per089842_1914_05621,13,0,0,,,triagem/nome-caixa-conversao 1.0.0,10,ok
089842,per089842_1914_05621,14,0,0,,,triagem/nome-caixa-conversao 1.0.0,10,ok
089842,per089842_1914_05622,1,1,1,caixa de conver,8171,triagem/nome-caixa-conversao 1.0.0,10,ok
089842,per089842_1914_05622,2,0,0,,,triagem/nome-caixa-conversao 1.0.0,10,ok
089842,per089842_1914_05622,3,0,0,,,triagem/nome-caixa-conversao 1.0.0,10,ok
089842,per089842_1914_05622,4,0,0,,,triagem/nome-caixa-conversao 1.0.0,10,ok
089842,per089842_1914_05622,5,0,0,,,triagem/nome-caixa-conversao 1.0.0,10,ok
089842,per089842_1914_05622,6,0,0,,,triagem/nome-caixa-conversao 1.0.0,10,ok
089842,per089842_1914_05622,7,0,0,,,triagem/nome-caixa-conversao 1.0.0,10,ok
089842,per089842_1914_05622,8,0,0,,,triagem/nome-caixa-conversao 1.0.0,10,ok
089842,per089842_1914_05622,9,0,0,,,triagem/nome-caixa-conversao 1.0.0,10,ok
089842,per089842_1914_05622,10,0,0,,,triagem/nome-caixa-conversao 1.0.0,10,ok
089842,per089842_1914_05622,11,0,0,,,triagem/nome-caixa-conversao 1.0.0,10,ok
089842,per089842_1914_05622,12,0,0,,,triagem/nome-caixa-conversao 1.0.0,10,ok
089842,per089842_1914_05622,13,0,0,,,triagem/nome-caixa-conversao 1.0.0,10,ok
089842,per089842_1914_05622,14,0,0,,,triagem/nome-caixa-conversao 1.0.0,10,ok
089842,per089842_1914_05623,1,0,0,,,triagem/nome-caixa-conversao 1.0.0,10,ok
089842,per089842_1914_05623,2,0,0,,,triagem/nome-caixa-conversao 1.0.0,10,ok
089842,per089842_1914_05623,3,0,0,,,triagem/nome-caixa-conversao 1.0.0,10,ok
089842,per089842_1914_05623,4,0,0,,,triagem/nome-caixa-conversao 1.0.0,10,ok
089842,per089842_1914_05623,5,0,0,,,triagem/nome-caixa-conversao 1.0.0,10,ok
089842,per089842_1914_05623,6,0,0,,,triagem/nome-caixa-conversao 1.0.0,10,ok
089842,per089842_1914_05623,7,0,0,,,triagem/nome-caixa-conversao 1.0.0,10,ok
089842,per089842_1914_05623,8,0,0,,,triagem/nome-caixa-conversao 1.0.0,10,ok
089842,per089842_1914_05623,9,0,0,,,triagem/nome-caixa-conversao 1.0.0,10,ok
089842,per089842_1914_05623,10,0,0,,,triagem/nome-caixa-conversao 1.0.0,10,ok
089842,per089842_1914_05623,11,0,0,,,triagem/nome-caixa-conversao 1.0.0,10,ok
089842,per089842_1914_05623,12,0,0,,,triagem/nome-caixa-conversao 1.0.0,10,ok
089842,per089842_1914_05623,13,0,0,,,triagem/nome-caixa-conversao 1.0.0,10,ok
089842,per089842_1914_05623,14,0,0,,,triagem/nome-caixa-conversao 1.0.0,10,ok
089842,per089842_1914_05624,1,1,1,caixa dc conver,21968,triagem/nome-caixa-conversao 1.0.0,10,ok
089842,per089842_1914_05624,2,0,0,,,triagem/nome-caixa-conversao 1.0.0,10,ok
089842,per089842_1914_05624,3,0,0,,,triagem/nome-caixa-conversao 1.0.0,10,ok
089842,per089842_1914_05624,4,0,0,,,triagem/nome-caixa-conversao 1.0.0,10,ok
089842,per089842_1914_05624,5,0,0,,,triagem/nome-caixa-conversao 1.0.0,10,ok
089842,per089842_1914_05624,6,0,0,,,triagem/nome-caixa-conversao 1.0.0,10,ok
089842,per089842_1914_05624,7,0,0,,,triagem/nome-caixa-conversao 1.0.0,10,ok
089842,per089842_1914_05624,8,0,0,,,triagem/nome-caixa-conversao 1.0.0,10,ok
089842,per089842_1914_05624,9,0,0,,,triagem/nome-caixa-conversao 1.0.0,10,ok
089842,per089842_1914_05624,10,0,0,,,triagem/nome-caixa-conversao 1.0.0,10,ok
089842,per089842_1914_05624,11,0,0,,,triagem/nome-caixa-conversao 1.0.0,10,ok
089842,per089842_1914_05624,12,0,0,,,triagem/nome-caixa-conversao 1.0.0,10,ok
089842,per089842_1914_05624,13,0,0,,,triagem/nome-caixa-conversao 1.0.0,10,ok
089842,per089842_1914_05624,14,0,0,,,triagem/nome-caixa-conversao 1.0.0,10,ok
089842,per089842_1914_05624,15,0,0,,,triagem/nome-caixa-conversao 1.0.0,10,ok
089842,per089842_1914_05624,16,0,0,,,triagem/nome-caixa-conversao 1.0.0,10,ok
089842,per089842_1914_05625,1,0,0,,,triagem/nome-caixa-conversao 1.0.0,10,ok
089842,per089842_1914_05625,2,0,0,,,triagem/nome-caixa-conversao 1.0.0,10,ok
089842,per089842_1914_05625,3,0,0,,,triagem/nome-caixa-conversao 1.0.0,10,ok
089842,per089842_1914_05625,4,0,0,,,triagem/nome-caixa-conversao 1.0.0,10,ok
089842,per089842_1914_05625,5,0,0,,,triagem/nome-caixa-conversao 1.0.0,10,ok
089842,per089842_1914_05625,6,0,0,,,triagem/nome-caixa-conversao 1.0.0,10,ok
089842,per089842_1914_05625,7,0,0,,,triagem/nome-caixa-conversao 1.0.0,10,ok
089842,per089842_1914_05625,8,0,0,,,triagem/nome-caixa-conversao 1.0.0,10,ok
089842,per089842_1914_05625,9,0,0,,,triagem/nome-caixa-conversao 1.0.0,10,ok
089842,per089842_1914_05625,10,0,0,,,triagem/nome-caixa-conversao 1.0.0,10,ok
089842,per089842_1914_05625,11,0,0,,,triagem/nome-caixa-conversao 1.0.0,10,ok
089842,per089842_1914_05625,12,0,0,,,triagem/nome-caixa-conversao 1.0.0,10,ok
089842,per089842_1914_05626,1,0,0,,,triagem/nome-caixa-conversao 1.0.0,10,ok
089842,per089842_1914_05626,2,0,0,,,triagem/nome-caixa-conversao 1.0.0,10,ok
089842,per089842_1914_05626,3,0,0,,,triagem/nome-caixa-conversao 1.0.0,10,ok
089842,per089842_1914_05626,4,0,0,,,triagem/nome-caixa-conversao 1.0.0,10,ok
089842,per089842_1914_05626,5,0,0,,,triagem/nome-caixa-conversao 1.0.0,10,ok
089842,per089842_1914_05626,6,0,0,,,triagem/nome-caixa-conversao 1.0.0,10,ok
089842,per089842_1914_05626,7,0,0,,,triagem/nome-caixa-conversao 1.0.0,10,ok
089842,per089842_1914_05626,8,0,0,,,triagem/nome-caixa-conversao 1.0.0,10,ok
089842,per089842_1914_05626,9,0,0,,,triagem/nome-caixa-conversao 1.0.0,10,ok
089842,per089842_1914_05626,10,0,0,,,triagem/nome-caixa-conversao 1.0.0,10,ok
089842,per089842_1914_05626,11,0,0,,,triagem/nome-caixa-conversao 1.0.0,10,ok
089842,per089842_1914_05626,12,0,0,,,triagem/nome-caixa-conversao 1.0.0,10,ok
089842,per089842_1914_05626,13,0,0,,,triagem/nome-caixa-conversao 1.0.0,10,ok
089842,per089842_1914_05627,1,0,0,,,triagem/nome-caixa-conversao 1.0.0,10,ok
089842,per089842_1914_05627,2,0,0,,,triagem/nome-caixa-conversao 1.0.0,10,ok
089842,per089842_1914_05627,3,0,0,,,triagem/nome-caixa-conversao 1.0.0,10,ok
089842,per089842_1914_05627,4,0,0,,,triagem/nome-caixa-conversao 1.0.0,10,ok
089842,per089842_1914_05627,5,0,0,,,triagem/nome-caixa-conversao 1.0.0,10,ok
089842,per089842_1914_05627,6,0,0,,,triagem/nome-caixa-conversao 1.0.0,10,ok
089842,per089842_1914_05627,7,0,0,,,triagem/nome-caixa-conversao 1.0.0,10,ok
089842,per089842_1914_05627,8,0,0,,,triagem/nome-caixa-conversao 1.0.0,10,ok
089842,per089842_1914_05627,9,0,0,,,triagem/nome-caixa-conversao 1.0.0,10,ok
089842,per089842_1914_05627,10,0,0,,,triagem/nome-caixa-conversao 1.0.0,10,ok
089842,per089842_1914_05627,11,0,0,,,triagem/nome-caixa-conversao 1.0.0,10,ok
089842,per089842_1914_05627,12,0,0,,,triagem/nome-caixa-conversao 1.0.0,10,ok
089842,per089842_1914_05628,1,0,0,,,triagem/nome-caixa-conversao 1.0.0,10,ok
089842,per089842_1914_05628,2,0,0,,,triagem/nome-caixa-conversao 1.0.0,10,ok
089842,per089842_1914_05628,3,0,0,,,triagem/nome-caixa-conversao 1.0.0,10,ok
089842,per089842_1914_05628,4,0,0,,,triagem/nome-caixa-conversao 1.0.0,10,ok
089842,per089842_1914_05628,5,0,0,,,triagem/nome-caixa-conversao 1.0.0,10,ok
089842,per089842_1914_05628,6,0,0,,,triagem/nome-caixa-conversao 1.0.0,10,ok
089842,per089842_1914_05628,7,0,0,,,triagem/nome-caixa-conversao 1.0.0,10,ok
089842,per089842_1914_05628,8,0,0,,,triagem/nome-caixa-conversao 1.0.0,10,ok
089842,per089842_1914_05628,9,0,0,,,triagem/nome-caixa-conversao 1.0.0,10,ok
089842,per089842_1914_05628,10,0,0,,,triagem/nome-caixa-conversao 1.0.0,10,ok
089842,per089842_1914_05628,11,0,0,,,triagem/nome-caixa-conversao 1.0.0,10,ok
089842,per089842_1914_05628,12,0,0,,,triagem/nome-caixa-conversao 1.0.0,10,ok
089842,per089842_1914_05628,13,0,0,,,triagem/nome-caixa-conversao 1.0.0,10,ok
089842,per089842_1914_05628,14,0,0,,,triagem/nome-caixa-conversao 1.0.0,10,ok
089842,per089842_1914_05629,1,0,0,,,triagem/nome-caixa-conversao 1.0.0,10,ok
089842,per089842_1914_05629,2,0,0,,,triagem/nome-caixa-conversao 1.0.0,10,ok
089842,per089842_1914_05629,3,0,0,,,triagem/nome-caixa-conversao 1.0.0,10,ok
089842,per089842_1914_05629,4,0,0,,,triagem/nome-caixa-conversao 1.0.0,10,ok
089842,per089842_1914_05629,5,0,0,,,triagem/nome-caixa-conversao 1.0.0,10,ok
089842,per089842_1914_05629,6,0,0,,,triagem/nome-caixa-conversao 1.0.0,10,ok
089842,per089842_1914_05629,7,0,0,,,triagem/nome-caixa-conversao 1.0.0,10,ok
089842,per089842_1914_05629,8,0,0,,,triagem/nome-caixa-conversao 1.0.0,10,ok
089842,per089842_1914_05629,9,0,0,,,triagem/nome-caixa-conversao 1.0.0,10,ok
089842,per089842_1914_05629,10,0,0,,,triagem/nome-caixa-conversao 1.0.0,10,ok
089842,per089842_1914_05629,11,0,0,,,triagem/nome-caixa-conversao 1.0.0,10,ok
089842,per089842_1914_05629,12,0,0,,,triagem/nome-caixa-conversao 1.0.0,10,ok
089842,per089842_1914_05630,1,0,0,,,triagem/nome-caixa-conversao 1.0.0,10,ok
089842,per089842_1914_05630,2,0,0,,,triagem/nome-caixa-conversao 1.0.0,10,ok
089842,per089842_1914_05630,3,0,0,,,triagem/nome-caixa-conversao 1.0.0,10,ok
089842,per089842_1914_05630,4,0,0,,,triagem/nome-caixa-conversao 1.0.0,10,ok
089842,per089842_1914_05630,5,0,0,,,triagem/nome-caixa-conversao 1.0.0,10,ok
089842,per089842_1914_05630,6,0,0,,,triagem/nome-caixa-conversao 1.0.0,10,ok
089842,per089842_1914_05630,7,0,0,,,triagem/nome-caixa-conversao 1.0.0,10,ok
089842,per089842_1914_05630,8,0,0,,,triagem/nome-caixa-conversao 1.0.0,10,ok
089842,per089842_1914_05630,9,0,0,,,triagem/nome-caixa-conversao 1.0.0,10,ok
089842,per089842_1914_05630,10,0,0,,,triagem/nome-caixa-conversao 1.0.0,10,ok
089842,per089842_1914_05630,11,0,0,,,triagem/nome-caixa-conversao 1.0.0,10,ok
089842,per089842_1914_05630,12,0,0,,,triagem/nome-caixa-conversao 1.0.0,10,ok
089842,per089842_1914_05630,13,0,0,,,triagem/nome-caixa-conversao 1.0.0,10,ok
089842,per089842_1914_05630,14,0,0,,,triagem/nome-caixa-conversao 1.0.0,10,ok
089842,per089842_1914_05631,1,0,0,,,triagem/nome-caixa-conversao 1.0.0,10,ok
089842,per089842_1914_05631,2,0,0,,,triagem/nome-caixa-conversao 1.0.0,10,ok
089842,per089842_1914_05631,3,0,0,,,triagem/nome-caixa-conversao 1.0.0,10,ok
089842,per089842_1914_05631,4,0,0,,,triagem/nome-caixa-conversao 1.0.0,10,ok
089842,per089842_1914_05631,5,0,0,,,triagem/nome-caixa-conversao 1.0.0,10,ok
089842,per089842_1914_05631,6,0,0,,,triagem/nome-caixa-conversao 1.0.0,10,ok
089842,per089842_1914_05631,7,0,0,,,triagem/nome-caixa-conversao 1.0.0,10,ok
089842,per089842_1914_05631,8,0,0,,,triagem/nome-caixa-conversao 1.0.0,10,ok
089842,per089842_1914_05631,9,0,0,,,triagem/nome-caixa-conversao 1.0.0,10,ok
089842,per089842_1914_05631,10,0,0,,,triagem/nome-caixa-conversao 1.0.0,10,ok
089842,per089842_1914_05631,11,0,0,,,triagem/nome-caixa-conversao 1.0.0,10,ok
089842,per089842_1914_05631,12,0,0,,,triagem/nome-caixa-conversao 1.0.0,10,ok
089842,per089842_1914_05631,13,0,0,,,triagem/nome-caixa-conversao 1.0.0,10,ok
089842,per089842_1914_05631,14,0,0,,,triagem/nome-caixa-conversao 1.0.0,10,ok
089842,per089842_1914_05631,15,0,0,,,triagem/nome-caixa-conversao 1.0.0,10,ok
089842,per089842_1914_05631,16,0,0,,,triagem/nome-caixa-conversao 1.0.0,10,ok
089842,per089842_1914_05632,1,0,0,,,triagem/nome-caixa-conversao 1.0.0,10,ok
089842,per089842_1914_05632,2,0,0,,,triagem/nome-caixa-conversao 1.0.0,10,ok
089842,per089842_1914_05632,3,0,0,,,triagem/nome-caixa-conversao 1.0.0,10,ok
089842,per089842_1914_05632,4,0,0,,,triagem/nome-caixa-conversao 1.0.0,10,ok
089842,per089842_1914_05632,5,0,0,,,triagem/nome-caixa-conversao 1.0.0,10,ok
089842,per089842_1914_05632,6,0,0,,,triagem/nome-caixa-conversao 1.0.0,10,ok
089842,per089842_1914_05632,7,0,0,,,triagem/nome-caixa-conversao 1.0.0,10,ok
089842,per089842_1914_05632,8,0,0,,,triagem/nome-caixa-conversao 1.0.0,10,ok
089842,per089842_1914_05632,9,0,0,,,triagem/nome-caixa-conversao 1.0.0,10,ok
089842,per089842_1914_05632,10,0,0,,,triagem/nome-caixa-conversao 1.0.0,10,ok
089842,per089842_1914_05632,11,0,0,,,triagem/nome-caixa-conversao 1.0.0,10,ok
089842,per089842_1914_05632,12,0,0,,,triagem/nome-caixa-conversao 1.0.0,10,ok
089842,per089842_1914_05633,1,1,1,caixa dc conver,7662,triagem/nome-caixa-conversao 1.0.0,10,ok
089842,per089842_1914_05633,2,0,0,,,triagem/nome-caixa-conversao 1.0.0,10,ok
089842,per089842_1914_05633,3,0,0,,,triagem/nome-caixa-conversao 1.0.0,10,ok
089842,per089842_1914_05633,4,0,0,,,triagem/nome-caixa-conversao 1.0.0,10,ok
089842,per089842_1914_05633,5,0,0,,,triagem/nome-caixa-conversao 1.0.0,10,ok
089842,per089842_1914_05633,6,0,0,,,triagem/nome-caixa-conversao 1.0.0,10,ok
089842,per089842_1914_05633,7,0,0,,,triagem/nome-caixa-conversao 1.0.0,10,ok
089842,per089842_1914_05633,8,0,0,,,triagem/nome-caixa-conversao 1.0.0,10,ok
089842,per089842_1914_05633,9,0,0,,,triagem/nome-caixa-conversao 1.0.0,10,ok
089842,per089842_1914_05633,10,0,0,,,triagem/nome-caixa-conversao 1.0.0,10,ok
089842,per089842_1914_05633,11,1,1,caixa de conver,31080,triagem/nome-caixa-conversao 1.0.0,10,ok
089842,per089842_1914_05633,12,0,0,,,triagem/nome-caixa-conversao 1.0.0,10,ok
089842,per089842_1914_05634,1,0,0,,,triagem/nome-caixa-conversao 1.0.0,10,ok
089842,per089842_1914_05634,2,1,1,caixa dc conver,8576,triagem/nome-caixa-conversao 1.0.0,10,ok
089842,per089842_1914_05634,3,0,0,,,triagem/nome-caixa-conversao 1.0.0,10,ok
089842,per089842_1914_05634,4,0,0,,,triagem/nome-caixa-conversao 1.0.0,10,ok
089842,per089842_1914_05634,5,0,0,,,triagem/nome-caixa-conversao 1.0.0,10,ok
089842,per089842_1914_05634,6,0,0,,,triagem/nome-caixa-conversao 1.0.0,10,ok
089842,per089842_1914_05634,7,0,0,,,triagem/nome-caixa-conversao 1.0.0,10,ok
089842,per089842_1914_05634,8,0,0,,,triagem/nome-caixa-conversao 1.0.0,10,ok
089842,per089842_1914_05634,9,0,0,,,triagem/nome-caixa-conversao 1.0.0,10,ok
089842,per089842_1914_05634,10,0,0,,,triagem/nome-caixa-conversao 1.0.0,10,ok
089842,per089842_1914_05634,11,0,0,,,triagem/nome-caixa-conversao 1.0.0,10,ok
089842,per089842_1914_05634,12,0,0,,,triagem/nome-caixa-conversao 1.0.0,10,ok
089842,per089842_1914_05635,1,1,2,caixa de conver,15548,triagem/nome-caixa-conversao 1.0.0,10,ok
089842,per089842_1914_05635,2,1,1,caixa de conver,9758,triagem/nome-caixa-conversao 1.0.0,10,ok
089842,per089842_1914_05635,3,0,0,,,triagem/nome-caixa-conversao 1.0.0,10,ok
089842,per089842_1914_05635,4,0,0,,,triagem/nome-caixa-conversao 1.0.0,10,ok
089842,per089842_1914_05635,5,0,0,,,triagem/nome-caixa-conversao 1.0.0,10,ok
089842,per089842_1914_05635,6,0,0,,,triagem/nome-caixa-conversao 1.0.0,10,ok
089842,per089842_1914_05635,7,1,1,caixa de conver,23624,triagem/nome-caixa-conversao 1.0.0,10,ok
089842,per089842_1914_05635,8,0,0,,,triagem/nome-caixa-conversao 1.0.0,10,ok
089842,per089842_1914_05635,9,0,0,,,triagem/nome-caixa-conversao 1.0.0,10,ok
089842,per089842_1914_05635,10,0,0,,,triagem/nome-caixa-conversao 1.0.0,10,ok
089842,per089842_1914_05635,11,0,0,,,triagem/nome-caixa-conversao 1.0.0,10,ok
089842,per089842_1914_05635,12,0,0,,,triagem/nome-caixa-conversao 1.0.0,10,ok
089842,per089842_1914_05635,13,0,0,,,triagem/nome-caixa-conversao 1.0.0,10,ok
089842,per089842_1914_05635,14,0,0,,,triagem/nome-caixa-conversao 1.0.0,10,ok
089842,per089842_1914_05636,1,1,3,caixa dc conver,13925,triagem/nome-caixa-conversao 1.0.0,10,ok
089842,per089842_1914_05636,2,0,0,,,triagem/nome-caixa-conversao 1.0.0,10,ok
089842,per089842_1914_05636,3,0,0,,,triagem/nome-caixa-conversao 1.0.0,10,ok
089842,per089842_1914_05636,4,0,0,,,triagem/nome-caixa-conversao 1.0.0,10,ok
089842,per089842_1914_05636,5,0,0,,,triagem/nome-caixa-conversao 1.0.0,10,ok
089842,per089842_1914_05636,6,1,1,caixa de conver,12632,triagem/nome-caixa-conversao 1.0.0,10,ok
089842,per089842_1914_05636,7,0,0,,,triagem/nome-caixa-conversao 1.0.0,10,ok
089842,per089842_1914_05636,8,0,0,,,triagem/nome-caixa-conversao 1.0.0,10,ok
089842,per089842_1914_05636,9,0,0,,,triagem/nome-caixa-conversao 1.0.0,10,ok
089842,per089842_1914_05636,10,0,0,,,triagem/nome-caixa-conversao 1.0.0,10,ok
089842,per089842_1914_05636,11,0,0,,,triagem/nome-caixa-conversao 1.0.0,10,ok
089842,per089842_1914_05636,12,0,0,,,triagem/nome-caixa-conversao 1.0.0,10,ok
089842,per089842_1914_05637,1,0,0,,,triagem/nome-caixa-conversao 1.0.0,10,ok
089842,per089842_1914_05637,2,0,0,,,triagem/nome-caixa-conversao 1.0.0,10,ok
089842,per089842_1914_05637,3,0,0,,,triagem/nome-caixa-conversao 1.0.0,10,ok
089842,per089842_1914_05637,4,0,0,,,triagem/nome-caixa-conversao 1.0.0,10,ok
089842,per089842_1914_05637,5,0,0,,,triagem/nome-caixa-conversao 1.0.0,10,ok
089842,per089842_1914_05637,6,0,0,,,triagem/nome-caixa-conversao 1.0.0,10,ok
089842,per089842_1914_05637,7,0,0,,,triagem/nome-caixa-conversao 1.0.0,10,ok
089842,per089842_1914_05637,8,0,0,,,triagem/nome-caixa-conversao 1.0.0,10,ok
089842,per089842_1914_05637,9,0,0,,,triagem/nome-caixa-conversao 1.0.0,10,ok
089842,per089842_1914_05637,10,0,0,,,triagem/nome-caixa-conversao 1.0.0,10,ok
089842,per089842_1914_05637,11,0,0,,,triagem/nome-caixa-conversao 1.0.0,10,ok
089842,per089842_1914_05637,12,0,0,,,triagem/nome-caixa-conversao 1.0.0,10,ok
089842,per089842_1914_05638,1,0,0,,,triagem/nome-caixa-conversao 1.0.0,10,ok
089842,per089842_1914_05638,2,0,0,,,triagem/nome-caixa-conversao 1.0.0,10,ok
089842,per089842_1914_05638,3,1,1,caixa de conver,2881,triagem/nome-caixa-conversao 1.0.0,10,ok
089842,per089842_1914_05638,4,0,0,,,triagem/nome-caixa-conversao 1.0.0,10,ok
089842,per089842_1914_05638,5,1,1,caixa dc conver,5450,triagem/nome-caixa-conversao 1.0.0,10,ok
089842,per089842_1914_05638,6,0,0,,,triagem/nome-caixa-conversao 1.0.0,10,ok
089842,per089842_1914_05638,7,0,0,,,triagem/nome-caixa-conversao 1.0.0,10,ok
089842,per089842_1914_05638,8,0,0,,,triagem/nome-caixa-conversao 1.0.0,10,ok
089842,per089842_1914_05638,9,0,0,,,triagem/nome-caixa-conversao 1.0.0,10,ok
089842,per089842_1914_05638,10,0,0,,,triagem/nome-caixa-conversao 1.0.0,10,ok
089842,per089842_1914_05638,11,0,0,,,triagem/nome-caixa-conversao 1.0.0,10,ok
089842,per089842_1914_05638,12,0,0,,,triagem/nome-caixa-conversao 1.0.0,10,ok
089842,per089842_1914_05638,13,0,0,,,triagem/nome-caixa-conversao 1.0.0,10,ok
089842,per089842_1914_05638,14,0,0,,,triagem/nome-caixa-conversao 1.0.0,10,ok
089842,per089842_1914_05639,1,0,0,,,triagem/nome-caixa-conversao 1.0.0,10,ok
089842,per089842_1914_05639,2,0,0,,,triagem/nome-caixa-conversao 1.0.0,10,ok
089842,per089842_1914_05639,3,0,0,,,triagem/nome-caixa-conversao 1.0.0,10,ok
089842,per089842_1914_05639,4,0,0,,,triagem/nome-caixa-conversao 1.0.0,10,ok
089842,per089842_1914_05639,5,0,0,,,triagem/nome-caixa-conversao 1.0.0,10,ok
089842,per089842_1914_05639,6,0,0,,,triagem/nome-caixa-conversao 1.0.0,10,ok
089842,per089842_1914_05639,7,0,0,,,triagem/nome-caixa-conversao 1.0.0,10,ok
089842,per089842_1914_05639,8,0,0,,,triagem/nome-caixa-conversao 1.0.0,10,ok
089842,per089842_1914_05639,9,0,0,,,triagem/nome-caixa-conversao 1.0.0,10,ok
089842,per089842_1914_05639,10,0,0,,,triagem/nome-caixa-conversao 1.0.0,10,ok
089842,per089842_1914_05639,11,0,0,,,triagem/nome-caixa-conversao 1.0.0,10,ok
089842,per089842_1914_05639,12,0,0,,,triagem/nome-caixa-conversao 1.0.0,10,ok
089842,per089842_1914_05640,1,0,0,,,triagem/nome-caixa-conversao 1.0.0,10,ok
089842,per089842_1914_05640,2,1,3,caixa dc conver,6645,triagem/nome-caixa-conversao 1.0.0,10,ok
089842,per089842_1914_05640,3,1,2,caixa de conver,4162,triagem/nome-caixa-conversao 1.0.0,10,ok
089842,per089842_1914_05640,4,1,1,caixa de conver,2636,triagem/nome-caixa-conversao 1.0.0,10,ok
089842,per089842_1914_05640,5,0,0,,,triagem/nome-caixa-conversao 1.0.0,10,ok
089842,per089842_1914_05640,6,0,0,,,triagem/nome-caixa-conversao 1.0.0,10,ok
089842,per089842_1914_05640,7,0,0,,,triagem/nome-caixa-conversao 1.0.0,10,ok
089842,per089842_1914_05640,8,0,0,,,triagem/nome-caixa-conversao 1.0.0,10,ok
089842,per089842_1914_05640,9,0,0,,,triagem/nome-caixa-conversao 1.0.0,10,ok
089842,per089842_1914_05640,10,0,0,,,triagem/nome-caixa-conversao 1.0.0,10,ok
089842,per089842_1914_05640,11,0,0,,,triagem/nome-caixa-conversao 1.0.0,10,ok
089842,per089842_1914_05640,12,0,0,,,triagem/nome-caixa-conversao 1.0.0,10,ok
089842,per089842_1914_05641,1,0,0,,,triagem/nome-caixa-conversao 1.0.0,10,ok
089842,per089842_1914_05641,2,1,3,caixa de conver,16384,triagem/nome-caixa-conversao 1.0.0,10,ok
089842,per089842_1914_05641,3,0,0,,,triagem/nome-caixa-conversao 1.0.0,10,ok
089842,per089842_1914_05641,4,0,0,,,triagem/nome-caixa-conversao 1.0.0,10,ok
089842,per089842_1914_05641,5,0,0,,,triagem/nome-caixa-conversao 1.0.0,10,ok
089842,per089842_1914_05641,6,0,0,,,triagem/nome-caixa-conversao 1.0.0,10,ok
089842,per089842_1914_05641,7,0,0,,,triagem/nome-caixa-conversao 1.0.0,10,ok
089842,per089842_1914_05641,8,0,0,,,triagem/nome-caixa-conversao 1.0.0,10,ok
089842,per089842_1914_05641,9,0,0,,,triagem/nome-caixa-conversao 1.0.0,10,ok
089842,per089842_1914_05641,10,0,0,,,triagem/nome-caixa-conversao 1.0.0,10,ok
089842,per089842_1914_05642,1,0,0,,,triagem/nome-caixa-conversao 1.0.0,10,ok
089842,per089842_1914_05642,2,1,4,caixa de conver,15208,triagem/nome-caixa-conversao 1.0.0,10,ok
089842,per089842_1914_05642,3,0,0,,,triagem/nome-caixa-conversao 1.0.0,10,ok
089842,per089842_1914_05642,4,0,0,,,triagem/nome-caixa-conversao 1.0.0,10,ok
089842,per089842_1914_05642,5,0,0,,,triagem/nome-caixa-conversao 1.0.0,10,ok
089842,per089842_1914_05642,6,0,0,,,triagem/nome-caixa-conversao 1.0.0,10,ok
089842,per089842_1914_05642,7,0,0,,,triagem/nome-caixa-conversao 1.0.0,10,ok
089842,per089842_1914_05642,8,0,0,,,triagem/nome-caixa-conversao 1.0.0,10,ok
089842,per089842_1914_05642,9,0,0,,,triagem/nome-caixa-conversao 1.0.0,10,ok
089842,per089842_1914_05642,10,0,0,,,triagem/nome-caixa-conversao 1.0.0,10,ok
089842,per089842_1914_05642,11,0,0,,,triagem/nome-caixa-conversao 1.0.0,10,ok
089842,per089842_1914_05642,12,0,0,,,triagem/nome-caixa-conversao 1.0.0,10,ok
089842,per089842_1914_05643,1,0,0,,,triagem/nome-caixa-conversao 1.0.0,10,ok
089842,per089842_1914_05643,2,1,2,caixa do conver,2864,triagem/nome-caixa-conversao 1.0.0,10,ok
089842,per089842_1914_05643,3,0,0,,,triagem/nome-caixa-conversao 1.0.0,10,ok
089842,per089842_1914_05643,4,0,0,,,triagem/nome-caixa-conversao 1.0.0,10,ok
089842,per089842_1914_05643,5,0,0,,,triagem/nome-caixa-conversao 1.0.0,10,ok
089842,per089842_1914_05643,6,0,0,,,triagem/nome-caixa-conversao 1.0.0,10,ok
089842,per089842_1914_05643,7,0,0,,,triagem/nome-caixa-conversao 1.0.0,10,ok
089842,per089842_1914_05643,8,0,0,,,triagem/nome-caixa-conversao 1.0.0,10,ok
089842,per089842_1914_05644,1,0,0,,,triagem/nome-caixa-conversao 1.0.0,10,ok
089842,per089842_1914_05644,2,1,3,caixa de conver,14126,triagem/nome-caixa-conversao 1.0.0,10,ok
089842,per089842_1914_05644,3,0,0,,,triagem/nome-caixa-conversao 1.0.0,10,ok
089842,per089842_1914_05644,4,0,0,,,triagem/nome-caixa-conversao 1.0.0,10,ok
089842,per089842_1914_05644,5,0,0,,,triagem/nome-caixa-conversao 1.0.0,10,ok
089842,per089842_1914_05644,6,0,0,,,triagem/nome-caixa-conversao 1.0.0,10,ok
089842,per089842_1914_05644,7,0,0,,,triagem/nome-caixa-conversao 1.0.0,10,ok
089842,per089842_1914_05644,8,0,0,,,triagem/nome-caixa-conversao 1.0.0,10,ok
089842,per089842_1914_05644,9,0,0,,,triagem/nome-caixa-conversao 1.0.0,10,ok
089842,per089842_1914_05644,10,0,0,,,triagem/nome-caixa-conversao 1.0.0,10,ok
089842,per089842_1914_05645,1,0,0,,,triagem/nome-caixa-conversao 1.0.0,10,ok
089842,per089842_1914_05645,2,1,1,caixa dc conver,536,triagem/nome-caixa-conversao 1.0.0,10,ok
089842,per089842_1914_05645,3,0,0,,,triagem/nome-caixa-conversao 1.0.0,10,ok
089842,per089842_1914_05645,4,0,0,,,triagem/nome-caixa-conversao 1.0.0,10,ok
089842,per089842_1914_05645,5,0,0,,,triagem/nome-caixa-conversao 1.0.0,10,ok
089842,per089842_1914_05645,6,0,0,,,triagem/nome-caixa-conversao 1.0.0,10,ok
089842,per089842_1914_05645,7,0,0,,,triagem/nome-caixa-conversao 1.0.0,10,ok
089842,per089842_1914_05645,8,0,0,,,triagem/nome-caixa-conversao 1.0.0,10,ok
089842,per089842_1914_05645,9,0,0,,,triagem/nome-caixa-conversao 1.0.0,10,ok
089842,per089842_1914_05645,10,0,0,,,triagem/nome-caixa-conversao 1.0.0,10,ok
089842,per089842_1914_05646,1,0,0,,,triagem/nome-caixa-conversao 1.0.0,10,ok
089842,per089842_1914_05646,2,0,0,,,triagem/nome-caixa-conversao 1.0.0,10,ok
089842,per089842_1914_05646,3,0,0,,,triagem/nome-caixa-conversao 1.0.0,10,ok
089842,per089842_1914_05646,4,0,0,,,triagem/nome-caixa-conversao 1.0.0,10,ok
089842,per089842_1914_05646,5,0,0,,,triagem/nome-caixa-conversao 1.0.0,10,ok
089842,per089842_1914_05646,6,0,0,,,triagem/nome-caixa-conversao 1.0.0,10,ok
089842,per089842_1914_05646,7,0,0,,,triagem/nome-caixa-conversao 1.0.0,10,ok
089842,per089842_1914_05646,8,0,0,,,triagem/nome-caixa-conversao 1.0.0,10,ok
089842,per089842_1914_05646,9,0,0,,,triagem/nome-caixa-conversao 1.0.0,10,ok
089842,per089842_1914_05646,10,0,0,,,triagem/nome-caixa-conversao 1.0.0,10,ok
089842,per089842_1914_05647,1,0,0,,,triagem/nome-caixa-conversao 1.0.0,10,ok
089842,per089842_1914_05647,2,1,2,caixa de conver,19017,triagem/nome-caixa-conversao 1.0.0,10,ok
089842,per089842_1914_05647,3,0,0,,,triagem/nome-caixa-conversao 1.0.0,10,ok
089842,per089842_1914_05647,4,0,0,,,triagem/nome-caixa-conversao 1.0.0,10,ok
089842,per089842_1914_05647,5,0,0,,,triagem/nome-caixa-conversao 1.0.0,10,ok
089842,per089842_1914_05647,6,0,0,,,triagem/nome-caixa-conversao 1.0.0,10,ok
089842,per089842_1914_05647,7,0,0,,,triagem/nome-caixa-conversao 1.0.0,10,ok
089842,per089842_1914_05647,8,0,0,,,triagem/nome-caixa-conversao 1.0.0,10,ok
089842,per089842_1914_05648,1,0,0,,,triagem/nome-caixa-conversao 1.0.0,10,ok
089842,per089842_1914_05648,2,1,2,caixa de conver,34262,triagem/nome-caixa-conversao 1.0.0,10,ok
089842,per089842_1914_05648,3,0,0,,,triagem/nome-caixa-conversao 1.0.0,10,ok
089842,per089842_1914_05648,4,0,0,,,triagem/nome-caixa-conversao 1.0.0,10,ok
089842,per089842_1914_05648,5,0,0,,,triagem/nome-caixa-conversao 1.0.0,10,ok
089842,per089842_1914_05648,6,0,0,,,triagem/nome-caixa-conversao 1.0.0,10,ok
089842,per089842_1914_05648,7,0,0,,,triagem/nome-caixa-conversao 1.0.0,10,ok
089842,per089842_1914_05648,8,0,0,,,triagem/nome-caixa-conversao 1.0.0,10,ok
089842,per089842_1914_05649,1,0,0,,,triagem/nome-caixa-conversao 1.0.0,10,ok
089842,per089842_1914_05649,2,0,0,,,triagem/nome-caixa-conversao 1.0.0,10,ok
089842,per089842_1914_05649,3,0,0,,,triagem/nome-caixa-conversao 1.0.0,10,ok
089842,per089842_1914_05649,4,0,0,,,triagem/nome-caixa-conversao 1.0.0,10,ok
089842,per089842_1914_05649,5,0,0,,,triagem/nome-caixa-conversao 1.0.0,10,ok
089842,per089842_1914_05649,6,0,0,,,triagem/nome-caixa-conversao 1.0.0,10,ok
089842,per089842_1914_05649,7,0,0,,,triagem/nome-caixa-conversao 1.0.0,10,ok
089842,per089842_1914_05649,8,0,0,,,triagem/nome-caixa-conversao 1.0.0,10,ok
089842,per089842_1914_05649,9,0,0,,,triagem/nome-caixa-conversao 1.0.0,10,ok
089842,per089842_1914_05649,10,0,0,,,triagem/nome-caixa-conversao 1.0.0,10,ok
089842,per089842_1914_05650,1,0,0,,,triagem/nome-caixa-conversao 1.0.0,10,ok
089842,per089842_1914_05650,2,0,0,,,triagem/nome-caixa-conversao 1.0.0,10,ok
089842,per089842_1914_05650,3,0,0,,,triagem/nome-caixa-conversao 1.0.0,10,ok
089842,per089842_1914_05650,4,0,0,,,triagem/nome-caixa-conversao 1.0.0,10,ok
089842,per089842_1914_05650,5,0,0,,,triagem/nome-caixa-conversao 1.0.0,10,ok
089842,per089842_1914_05650,6,0,0,,,triagem/nome-caixa-conversao 1.0.0,10,ok
089842,per089842_1914_05650,7,0,0,,,triagem/nome-caixa-conversao 1.0.0,10,ok
089842,per089842_1914_05650,8,0,0,,,triagem/nome-caixa-conversao 1.0.0,10,ok
089842,per089842_1914_05651,1,0,0,,,triagem/nome-caixa-conversao 1.0.0,10,ok
089842,per089842_1914_05651,2,0,0,,,triagem/nome-caixa-conversao 1.0.0,10,ok
089842,per089842_1914_05651,3,0,0,,,triagem/nome-caixa-conversao 1.0.0,10,ok
089842,per089842_1914_05651,4,0,0,,,triagem/nome-caixa-conversao 1.0.0,10,ok
089842,per089842_1914_05651,5,0,0,,,triagem/nome-caixa-conversao 1.0.0,10,ok
089842,per089842_1914_05651,6,0,0,,,triagem/nome-caixa-conversao 1.0.0,10,ok
089842,per089842_1914_05651,7,0,0,,,triagem/nome-caixa-conversao 1.0.0,10,ok
089842,per089842_1914_05651,8,0,0,,,triagem/nome-caixa-conversao 1.0.0,10,ok
089842,per089842_1914_05651,9,0,0,,,triagem/nome-caixa-conversao 1.0.0,10,ok
089842,per089842_1914_05651,10,0,0,,,triagem/nome-caixa-conversao 1.0.0,10,ok
089842,per089842_1914_05652,1,0,0,,,triagem/nome-caixa-conversao 1.0.0,10,ok
089842,per089842_1914_05652,2,1,1,caixadc conver,17990,triagem/nome-caixa-conversao 1.0.0,10,ok
089842,per089842_1914_05652,3,0,0,,,triagem/nome-caixa-conversao 1.0.0,10,ok
089842,per089842_1914_05652,4,1,1,caixa dc conver,23280,triagem/nome-caixa-conversao 1.0.0,10,ok
089842,per089842_1914_05652,5,0,0,,,triagem/nome-caixa-conversao 1.0.0,10,ok
089842,per089842_1914_05652,6,0,0,,,triagem/nome-caixa-conversao 1.0.0,10,ok
089842,per089842_1914_05652,7,0,0,,,triagem/nome-caixa-conversao 1.0.0,10,ok
089842,per089842_1914_05652,8,0,0,,,triagem/nome-caixa-conversao 1.0.0,10,ok
089842,per089842_1914_05652,9,0,0,,,triagem/nome-caixa-conversao 1.0.0,10,ok
089842,per089842_1914_05652,10,0,0,,,triagem/nome-caixa-conversao 1.0.0,10,ok
089842,per089842_1914_05652,11,0,0,,,triagem/nome-caixa-conversao 1.0.0,10,ok
089842,per089842_1914_05652,12,0,0,,,triagem/nome-caixa-conversao 1.0.0,10,ok
089842,per089842_1914_05653,1,0,0,,,triagem/nome-caixa-conversao 1.0.0,10,ok
089842,per089842_1914_05653,2,0,0,,,triagem/nome-caixa-conversao 1.0.0,10,ok
089842,per089842_1914_05653,3,0,0,,,triagem/nome-caixa-conversao 1.0.0,10,ok
089842,per089842_1914_05653,4,0,0,,,triagem/nome-caixa-conversao 1.0.0,10,ok
089842,per089842_1914_05653,5,0,0,,,triagem/nome-caixa-conversao 1.0.0,10,ok
089842,per089842_1914_05653,6,0,0,,,triagem/nome-caixa-conversao 1.0.0,10,ok
089842,per089842_1914_05653,7,0,0,,,triagem/nome-caixa-conversao 1.0.0,10,ok
089842,per089842_1914_05653,8,0,0,,,triagem/nome-caixa-conversao 1.0.0,10,ok
089842,per089842_1914_05653,9,0,0,,,triagem/nome-caixa-conversao 1.0.0,10,ok
089842,per089842_1914_05653,10,0,0,,,triagem/nome-caixa-conversao 1.0.0,10,ok
089842,per089842_1914_05654,1,0,0,,,triagem/nome-caixa-conversao 1.0.0,10,ok
089842,per089842_1914_05654,2,1,2,caixade conver,4495,triagem/nome-caixa-conversao 1.0.0,10,ok
089842,per089842_1914_05654,3,0,0,,,triagem/nome-caixa-conversao 1.0.0,10,ok
089842,per089842_1914_05654,4,0,0,,,triagem/nome-caixa-conversao 1.0.0,10,ok
089842,per089842_1914_05654,5,0,0,,,triagem/nome-caixa-conversao 1.0.0,10,ok
089842,per089842_1914_05654,6,0,0,,,triagem/nome-caixa-conversao 1.0.0,10,ok
089842,per089842_1914_05654,7,0,0,,,triagem/nome-caixa-conversao 1.0.0,10,ok
089842,per089842_1914_05654,8,0,0,,,triagem/nome-caixa-conversao 1.0.0,10,ok
089842,per089842_1914_05655,1,0,0,,,triagem/nome-caixa-conversao 1.0.0,10,ok
089842,per089842_1914_05655,2,1,2,caixa de conver,10043,triagem/nome-caixa-conversao 1.0.0,10,ok
089842,per089842_1914_05655,3,0,0,,,triagem/nome-caixa-conversao 1.0.0,10,ok
089842,per089842_1914_05655,4,1,1,caixa dc conver,49900,triagem/nome-caixa-conversao 1.0.0,10,ok
089842,per089842_1914_05655,5,0,0,,,triagem/nome-caixa-conversao 1.0.0,10,ok
089842,per089842_1914_05655,6,0,0,,,triagem/nome-caixa-conversao 1.0.0,10,ok
089842,per089842_1914_05655,7,0,0,,,triagem/nome-caixa-conversao 1.0.0,10,ok
089842,per089842_1914_05655,8,0,0,,,triagem/nome-caixa-conversao 1.0.0,10,ok
089842,per089842_1914_05655,9,0,0,,,triagem/nome-caixa-conversao 1.0.0,10,ok
089842,per089842_1914_05655,10,0,0,,,triagem/nome-caixa-conversao 1.0.0,10,ok
089842,per089842_1914_05656,1,0,0,,,triagem/nome-caixa-conversao 1.0.0,10,ok
089842,per089842_1914_05656,2,0,0,,,triagem/nome-caixa-conversao 1.0.0,10,ok
089842,per089842_1914_05656,3,1,1,caixa dc conver,39823,triagem/nome-caixa-conversao 1.0.0,10,ok
089842,per089842_1914_05656,4,0,0,,,triagem/nome-caixa-conversao 1.0.0,10,ok
089842,per089842_1914_05656,5,0,0,,,triagem/nome-caixa-conversao 1.0.0,10,ok
089842,per089842_1914_05656,6,0,0,,,triagem/nome-caixa-conversao 1.0.0,10,ok
089842,per089842_1914_05656,7,0,0,,,triagem/nome-caixa-conversao 1.0.0,10,ok
089842,per089842_1914_05656,8,0,0,,,triagem/nome-caixa-conversao 1.0.0,10,ok
089842,per089842_1914_05656,9,0,0,,,triagem/nome-caixa-conversao 1.0.0,10,ok
089842,per089842_1914_05656,10,0,0,,,triagem/nome-caixa-conversao 1.0.0,10,ok
089842,per089842_1914_05657,1,0,0,,,triagem/nome-caixa-conversao 1.0.0,10,ok
089842,per089842_1914_05657,2,1,1,caixa de conver,51085,triagem/nome-caixa-conversao 1.0.0,10,ok
089842,per089842_1914_05657,3,0,0,,,triagem/nome-caixa-conversao 1.0.0,10,ok
089842,per089842_1914_05657,4,0,0,,,triagem/nome-caixa-conversao 1.0.0,10,ok
089842,per089842_1914_05657,5,0,0,,,triagem/nome-caixa-conversao 1.0.0,10,ok
089842,per089842_1914_05657,6,0,0,,,triagem/nome-caixa-conversao 1.0.0,10,ok
089842,per089842_1914_05657,7,0,0,,,triagem/nome-caixa-conversao 1.0.0,10,ok
089842,per089842_1914_05657,8,0,0,,,triagem/nome-caixa-conversao 1.0.0,10,ok
089842,per089842_1914_05658,1,0,0,,,triagem/nome-caixa-conversao 1.0.0,10,ok
089842,per089842_1914_05658,2,0,0,,,triagem/nome-caixa-conversao 1.0.0,10,ok
089842,per089842_1914_05658,3,0,0,,,triagem/nome-caixa-conversao 1.0.0,10,ok
089842,per089842_1914_05658,4,0,0,,,triagem/nome-caixa-conversao 1.0.0,10,ok
089842,per089842_1914_05658,5,0,0,,,triagem/nome-caixa-conversao 1.0.0,10,ok
089842,per089842_1914_05658,6,0,0,,,triagem/nome-caixa-conversao 1.0.0,10,ok
089842,per089842_1914_05658,7,0,0,,,triagem/nome-caixa-conversao 1.0.0,10,ok
089842,per089842_1914_05658,8,0,0,,,triagem/nome-caixa-conversao 1.0.0,10,ok
089842,per089842_1914_05658,9,0,0,,,triagem/nome-caixa-conversao 1.0.0,10,ok
089842,per089842_1914_05658,10,0,0,,,triagem/nome-caixa-conversao 1.0.0,10,ok
089842,per089842_1914_05659,1,0,0,,,triagem/nome-caixa-conversao 1.0.0,10,ok
089842,per089842_1914_05659,2,0,0,,,triagem/nome-caixa-conversao 1.0.0,10,ok
089842,per089842_1914_05659,3,0,0,,,triagem/nome-caixa-conversao 1.0.0,10,ok
089842,per089842_1914_05659,4,0,0,,,triagem/nome-caixa-conversao 1.0.0,10,ok
089842,per089842_1914_05659,5,0,0,,,triagem/nome-caixa-conversao 1.0.0,10,ok
089842,per089842_1914_05659,6,0,0,,,triagem/nome-caixa-conversao 1.0.0,10,ok
089842,per089842_1914_05659,7,0,0,,,triagem/nome-caixa-conversao 1.0.0,10,ok
089842,per089842_1914_05659,8,0,0,,,triagem/nome-caixa-conversao 1.0.0,10,ok
089842,per089842_1914_05659,9,0,0,,,triagem/nome-caixa-conversao 1.0.0,10,ok
089842,per089842_1914_05659,10,0,0,,,triagem/nome-caixa-conversao 1.0.0,10,ok
089842,per089842_1914_05659,11,0,0,,,triagem/nome-caixa-conversao 1.0.0,10,ok
089842,per089842_1914_05659,12,0,0,,,triagem/nome-caixa-conversao 1.0.0,10,ok
089842,per089842_1914_05660,1,0,0,,,triagem/nome-caixa-conversao 1.0.0,10,ok
089842,per089842_1914_05660,2,0,0,,,triagem/nome-caixa-conversao 1.0.0,10,ok
089842,per089842_1914_05660,3,0,0,,,triagem/nome-caixa-conversao 1.0.0,10,ok
089842,per089842_1914_05660,4,0,0,,,triagem/nome-caixa-conversao 1.0.0,10,ok
089842,per089842_1914_05660,5,0,0,,,triagem/nome-caixa-conversao 1.0.0,10,ok
089842,per089842_1914_05660,6,0,0,,,triagem/nome-caixa-conversao 1.0.0,10,ok
089842,per089842_1914_05660,7,0,0,,,triagem/nome-caixa-conversao 1.0.0,10,ok
089842,per089842_1914_05660,8,0,0,,,triagem/nome-caixa-conversao 1.0.0,10,ok
089842,per089842_1914_05660,9,0,0,,,triagem/nome-caixa-conversao 1.0.0,10,ok
089842,per089842_1914_05660,10,0,0,,,triagem/nome-caixa-conversao 1.0.0,10,ok
089842,per089842_1914_05661,1,0,0,,,triagem/nome-caixa-conversao 1.0.0,10,ok
089842,per089842_1914_05661,2,0,0,,,triagem/nome-caixa-conversao 1.0.0,10,ok
089842,per089842_1914_05661,3,0,0,,,triagem/nome-caixa-conversao 1.0.0,10,ok
089842,per089842_1914_05661,4,0,0,,,triagem/nome-caixa-conversao 1.0.0,10,ok
089842,per089842_1914_05661,5,0,0,,,triagem/nome-caixa-conversao 1.0.0,10,ok
089842,per089842_1914_05661,6,0,0,,,triagem/nome-caixa-conversao 1.0.0,10,ok
089842,per089842_1914_05661,7,0,0,,,triagem/nome-caixa-conversao 1.0.0,10,ok
089842,per089842_1914_05661,8,0,0,,,triagem/nome-caixa-conversao 1.0.0,10,ok
089842,per089842_1914_05661,9,0,0,,,triagem/nome-caixa-conversao 1.0.0,10,ok
089842,per089842_1914_05661,10,0,0,,,triagem/nome-caixa-conversao 1.0.0,10,ok
089842,per089842_1914_05662,1,0,0,,,triagem/nome-caixa-conversao 1.0.0,10,ok
089842,per089842_1914_05662,2,0,0,,,triagem/nome-caixa-conversao 1.0.0,10,ok
089842,per089842_1914_05662,3,0,0,,,triagem/nome-caixa-conversao 1.0.0,10,ok
089842,per089842_1914_05662,4,0,0,,,triagem/nome-caixa-conversao 1.0.0,10,ok
089842,per089842_1914_05662,5,1,1,caixa de conver,24746,triagem/nome-caixa-conversao 1.0.0,10,ok
089842,per089842_1914_05662,6,0,0,,,triagem/nome-caixa-conversao 1.0.0,10,ok
089842,per089842_1914_05662,7,0,0,,,triagem/nome-caixa-conversao 1.0.0,10,ok
089842,per089842_1914_05662,8,0,0,,,triagem/nome-caixa-conversao 1.0.0,10,ok
089842,per089842_1914_05662,9,0,0,,,triagem/nome-caixa-conversao 1.0.0,10,ok
089842,per089842_1914_05662,10,0,0,,,triagem/nome-caixa-conversao 1.0.0,10,ok
089842,per089842_1914_05663,1,0,0,,,triagem/nome-caixa-conversao 1.0.0,10,ok
089842,per089842_1914_05663,2,0,0,,,triagem/nome-caixa-conversao 1.0.0,10,ok
089842,per089842_1914_05663,3,0,0,,,triagem/nome-caixa-conversao 1.0.0,10,ok
089842,per089842_1914_05663,4,0,0,,,triagem/nome-caixa-conversao 1.0.0,10,ok
089842,per089842_1914_05663,5,1,1,caixa de conver,15559,triagem/nome-caixa-conversao 1.0.0,10,ok
089842,per089842_1914_05663,6,0,0,,,triagem/nome-caixa-conversao 1.0.0,10,ok
089842,per089842_1914_05663,7,0,0,,,triagem/nome-caixa-conversao 1.0.0,10,ok
089842,per089842_1914_05663,8,0,0,,,triagem/nome-caixa-conversao 1.0.0,10,ok
089842,per089842_1914_05663,9,0,0,,,triagem/nome-caixa-conversao 1.0.0,10,ok
089842,per089842_1914_05663,10,0,0,,,triagem/nome-caixa-conversao 1.0.0,10,ok
089842,per089842_1914_05664,1,0,0,,,triagem/nome-caixa-conversao 1.0.0,10,ok
089842,per089842_1914_05664,2,0,0,,,triagem/nome-caixa-conversao 1.0.0,10,ok
089842,per089842_1914_05664,3,0,0,,,triagem/nome-caixa-conversao 1.0.0,10,ok
089842,per089842_1914_05664,4,0,0,,,triagem/nome-caixa-conversao 1.0.0,10,ok
089842,per089842_1914_05664,5,0,0,,,triagem/nome-caixa-conversao 1.0.0,10,ok
089842,per089842_1914_05664,6,1,1,caixa de conver,23911,triagem/nome-caixa-conversao 1.0.0,10,ok
089842,per089842_1914_05664,7,0,0,,,triagem/nome-caixa-conversao 1.0.0,10,ok
089842,per089842_1914_05664,8,0,0,,,triagem/nome-caixa-conversao 1.0.0,10,ok
089842,per089842_1914_05664,9,0,0,,,triagem/nome-caixa-conversao 1.0.0,10,ok
089842,per089842_1914_05664,10,0,0,,,triagem/nome-caixa-conversao 1.0.0,10,ok
089842,per089842_1914_05665,1,0,0,,,triagem/nome-caixa-conversao 1.0.0,10,ok
089842,per089842_1914_05665,2,0,0,,,triagem/nome-caixa-conversao 1.0.0,10,ok
089842,per089842_1914_05665,3,0,0,,,triagem/nome-caixa-conversao 1.0.0,10,ok
089842,per089842_1914_05665,4,0,0,,,triagem/nome-caixa-conversao 1.0.0,10,ok
089842,per089842_1914_05665,5,0,0,,,triagem/nome-caixa-conversao 1.0.0,10,ok
089842,per089842_1914_05665,6,0,0,,,triagem/nome-caixa-conversao 1.0.0,10,ok
089842,per089842_1914_05665,7,0,0,,,triagem/nome-caixa-conversao 1.0.0,10,ok
089842,per089842_1914_05665,8,0,0,,,triagem/nome-caixa-conversao 1.0.0,10,ok
089842,per089842_1914_05665,9,0,0,,,triagem/nome-caixa-conversao 1.0.0,10,ok
089842,per089842_1914_05665,10,0,0,,,triagem/nome-caixa-conversao 1.0.0,10,ok
089842,per089842_1914_05666,1,0,0,,,triagem/nome-caixa-conversao 1.0.0,10,ok
089842,per089842_1914_05666,2,0,0,,,triagem/nome-caixa-conversao 1.0.0,10,ok
089842,per089842_1914_05666,3,0,0,,,triagem/nome-caixa-conversao 1.0.0,10,ok
089842,per089842_1914_05666,4,0,0,,,triagem/nome-caixa-conversao 1.0.0,10,ok
089842,per089842_1914_05666,5,0,0,,,triagem/nome-caixa-conversao 1.0.0,10,ok
089842,per089842_1914_05666,6,0,0,,,triagem/nome-caixa-conversao 1.0.0,10,ok
089842,per089842_1914_05666,7,0,0,,,triagem/nome-caixa-conversao 1.0.0,10,ok
089842,per089842_1914_05666,8,0,0,,,triagem/nome-caixa-conversao 1.0.0,10,ok
089842,per089842_1914_05666,9,0,0,,,triagem/nome-caixa-conversao 1.0.0,10,ok
089842,per089842_1914_05666,10,0,0,,,triagem/nome-caixa-conversao 1.0.0,10,ok
089842,per089842_1914_05666,11,0,0,,,triagem/nome-caixa-conversao 1.0.0,10,ok
089842,per089842_1914_05666,12,0,0,,,triagem/nome-caixa-conversao 1.0.0,10,ok
089842,per089842_1914_05667,1,0,0,,,triagem/nome-caixa-conversao 1.0.0,10,ok
089842,per089842_1914_05667,2,0,0,,,triagem/nome-caixa-conversao 1.0.0,10,ok
089842,per089842_1914_05667,3,0,0,,,triagem/nome-caixa-conversao 1.0.0,10,ok
089842,per089842_1914_05667,4,0,0,,,triagem/nome-caixa-conversao 1.0.0,10,ok
089842,per089842_1914_05667,5,0,0,,,triagem/nome-caixa-conversao 1.0.0,10,ok
089842,per089842_1914_05667,6,0,0,,,triagem/nome-caixa-conversao 1.0.0,10,ok
089842,per089842_1914_05667,7,0,0,,,triagem/nome-caixa-conversao 1.0.0,10,ok
089842,per089842_1914_05667,8,1,1,caixa de conver,39771,triagem/nome-caixa-conversao 1.0.0,10,ok
089842,per089842_1914_05667,9,0,0,,,triagem/nome-caixa-conversao 1.0.0,10,ok
089842,per089842_1914_05667,10,0,0,,,triagem/nome-caixa-conversao 1.0.0,10,ok
089842,per089842_1914_05668,1,0,0,,,triagem/nome-caixa-conversao 1.0.0,10,ok
089842,per089842_1914_05668,2,1,1,caixa dc conver,7805,triagem/nome-caixa-conversao 1.0.0,10,ok
089842,per089842_1914_05668,3,0,0,,,triagem/nome-caixa-conversao 1.0.0,10,ok
089842,per089842_1914_05668,4,0,0,,,triagem/nome-caixa-conversao 1.0.0,10,ok
089842,per089842_1914_05668,5,1,1,caixa de conver,2967,triagem/nome-caixa-conversao 1.0.0,10,ok
089842,per089842_1914_05668,6,0,0,,,triagem/nome-caixa-conversao 1.0.0,10,ok
089842,per089842_1914_05668,7,0,0,,,triagem/nome-caixa-conversao 1.0.0,10,ok
089842,per089842_1914_05668,8,0,0,,,triagem/nome-caixa-conversao 1.0.0,10,ok
089842,per089842_1914_05668,9,0,0,,,triagem/nome-caixa-conversao 1.0.0,10,ok
089842,per089842_1914_05668,10,0,0,,,triagem/nome-caixa-conversao 1.0.0,10,ok
089842,per089842_1914_05669,1,0,0,,,triagem/nome-caixa-conversao 1.0.0,10,ok
089842,per089842_1914_05669,2,0,0,,,triagem/nome-caixa-conversao 1.0.0,10,ok
089842,per089842_1914_05669,3,0,0,,,triagem/nome-caixa-conversao 1.0.0,10,ok
089842,per089842_1914_05669,4,0,0,,,triagem/nome-caixa-conversao 1.0.0,10,ok
089842,per089842_1914_05669,5,0,0,,,triagem/nome-caixa-conversao 1.0.0,10,ok
089842,per089842_1914_05669,6,1,2,caixa de conver,18180,triagem/nome-caixa-conversao 1.0.0,10,ok
089842,per089842_1914_05669,7,0,0,,,triagem/nome-caixa-conversao 1.0.0,10,ok
089842,per089842_1914_05669,8,0,0,,,triagem/nome-caixa-conversao 1.0.0,10,ok
089842,per089842_1914_05669,9,0,0,,,triagem/nome-caixa-conversao 1.0.0,10,ok
089842,per089842_1914_05669,10,0,0,,,triagem/nome-caixa-conversao 1.0.0,10,ok
089842,per089842_1914_05670,1,0,0,,,triagem/nome-caixa-conversao 1.0.0,10,ok
089842,per089842_1914_05670,2,0,0,,,triagem/nome-caixa-conversao 1.0.0,10,ok
089842,per089842_1914_05670,3,1,1,caixa do conver,29073,triagem/nome-caixa-conversao 1.0.0,10,ok
089842,per089842_1914_05670,4,0,0,,,triagem/nome-caixa-conversao 1.0.0,10,ok
089842,per089842_1914_05670,5,0,0,,,triagem/nome-caixa-conversao 1.0.0,10,ok
089842,per089842_1914_05670,6,1,1,caixa de conver,10432,triagem/nome-caixa-conversao 1.0.0,10,ok
089842,per089842_1914_05670,7,0,0,,,triagem/nome-caixa-conversao 1.0.0,10,ok
089842,per089842_1914_05670,8,0,0,,,triagem/nome-caixa-conversao 1.0.0,10,ok
089842,per089842_1914_05670,9,0,0,,,triagem/nome-caixa-conversao 1.0.0,10,ok
089842,per089842_1914_05670,10,0,0,,,triagem/nome-caixa-conversao 1.0.0,10,ok
089842,per089842_1914_05670,11,0,0,,,triagem/nome-caixa-conversao 1.0.0,10,ok
089842,per089842_1914_05670,12,0,0,,,triagem/nome-caixa-conversao 1.0.0,10,ok
089842,per089842_1914_05671,1,0,0,,,triagem/nome-caixa-conversao 1.0.0,10,ok
089842,per089842_1914_05671,2,0,0,,,triagem/nome-caixa-conversao 1.0.0,10,ok
089842,per089842_1914_05671,3,0,0,,,triagem/nome-caixa-conversao 1.0.0,10,ok
089842,per089842_1914_05671,4,1,1,caixa de conver,12355,triagem/nome-caixa-conversao 1.0.0,10,ok
089842,per089842_1914_05671,5,0,0,,,triagem/nome-caixa-conversao 1.0.0,10,ok
089842,per089842_1914_05671,6,0,0,,,triagem/nome-caixa-conversao 1.0.0,10,ok
089842,per089842_1914_05671,7,0,0,,,triagem/nome-caixa-conversao 1.0.0,10,ok
089842,per089842_1914_05671,8,0,0,,,triagem/nome-caixa-conversao 1.0.0,10,ok
089842,per089842_1914_05671,9,1,1,caixa de conver,23853,triagem/nome-caixa-conversao 1.0.0,10,ok
089842,per089842_1914_05671,10,0,0,,,triagem/nome-caixa-conversao 1.0.0,10,ok
089842,per089842_1914_05672,1,0,0,,,triagem/nome-caixa-conversao 1.0.0,10,ok
089842,per089842_1914_05672,2,0,0,,,triagem/nome-caixa-conversao 1.0.0,10,ok
089842,per089842_1914_05672,3,0,0,,,triagem/nome-caixa-conversao 1.0.0,10,ok
089842,per089842_1914_05672,4,0,0,,,triagem/nome-caixa-conversao 1.0.0,10,ok
089842,per089842_1914_05672,5,0,0,,,triagem/nome-caixa-conversao 1.0.0,10,ok
089842,per089842_1914_05672,6,0,0,,,triagem/nome-caixa-conversao 1.0.0,10,ok
089842,per089842_1914_05672,7,0,0,,,triagem/nome-caixa-conversao 1.0.0,10,ok
089842,per089842_1914_05672,8,0,0,,,triagem/nome-caixa-conversao 1.0.0,10,ok
089842,per089842_1914_05672,9,0,0,,,triagem/nome-caixa-conversao 1.0.0,10,ok
089842,per089842_1914_05672,10,0,0,,,triagem/nome-caixa-conversao 1.0.0,10,ok
089842,per089842_1914_05673,1,0,0,,,triagem/nome-caixa-conversao 1.0.0,10,ok
089842,per089842_1914_05673,2,0,0,,,triagem/nome-caixa-conversao 1.0.0,10,ok
089842,per089842_1914_05673,3,0,0,,,triagem/nome-caixa-conversao 1.0.0,10,ok
089842,per089842_1914_05673,4,0,0,,,triagem/nome-caixa-conversao 1.0.0,10,ok
089842,per089842_1914_05673,5,0,0,,,triagem/nome-caixa-conversao 1.0.0,10,ok
089842,per089842_1914_05673,6,0,0,,,triagem/nome-caixa-conversao 1.0.0,10,ok
089842,per089842_1914_05673,7,0,0,,,triagem/nome-caixa-conversao 1.0.0,10,ok
089842,per089842_1914_05673,8,0,0,,,triagem/nome-caixa-conversao 1.0.0,10,ok
089842,per089842_1914_05673,9,0,0,,,triagem/nome-caixa-conversao 1.0.0,10,ok
089842,per089842_1914_05673,10,0,0,,,triagem/nome-caixa-conversao 1.0.0,10,ok
089842,per089842_1914_05673,11,0,0,,,triagem/nome-caixa-conversao 1.0.0,10,ok
089842,per089842_1914_05673,12,0,0,,,triagem/nome-caixa-conversao 1.0.0,10,ok
089842,per089842_1914_05674,1,0,0,,,triagem/nome-caixa-conversao 1.0.0,10,ok
089842,per089842_1914_05674,2,0,0,,,triagem/nome-caixa-conversao 1.0.0,10,ok
089842,per089842_1914_05674,3,0,0,,,triagem/nome-caixa-conversao 1.0.0,10,ok
089842,per089842_1914_05674,4,0,0,,,triagem/nome-caixa-conversao 1.0.0,10,ok
089842,per089842_1914_05674,5,0,0,,,triagem/nome-caixa-conversao 1.0.0,10,ok
089842,per089842_1914_05674,6,0,0,,,triagem/nome-caixa-conversao 1.0.0,10,ok
089842,per089842_1914_05674,7,0,0,,,triagem/nome-caixa-conversao 1.0.0,10,ok
089842,per089842_1914_05674,8,0,0,,,triagem/nome-caixa-conversao 1.0.0,10,ok
089842,per089842_1914_05674,9,0,0,,,triagem/nome-caixa-conversao 1.0.0,10,ok
089842,per089842_1914_05674,10,0,0,,,triagem/nome-caixa-conversao 1.0.0,10,ok
089842,per089842_1914_05675,1,0,0,,,triagem/nome-caixa-conversao 1.0.0,10,ok
089842,per089842_1914_05675,2,0,0,,,triagem/nome-caixa-conversao 1.0.0,10,ok
089842,per089842_1914_05675,3,0,0,,,triagem/nome-caixa-conversao 1.0.0,10,ok
089842,per089842_1914_05675,4,0,0,,,triagem/nome-caixa-conversao 1.0.0,10,ok
089842,per089842_1914_05675,5,0,0,,,triagem/nome-caixa-conversao 1.0.0,10,ok
089842,per089842_1914_05675,6,0,0,,,triagem/nome-caixa-conversao 1.0.0,10,ok
089842,per089842_1914_05675,7,0,0,,,triagem/nome-caixa-conversao 1.0.0,10,ok
089842,per089842_1914_05675,8,0,0,,,triagem/nome-caixa-conversao 1.0.0,10,ok
089842,per089842_1914_05675,9,0,0,,,triagem/nome-caixa-conversao 1.0.0,10,ok
089842,per089842_1914_05675,10,1,1,caixa ds conver,8930,triagem/nome-caixa-conversao 1.0.0,10,ok
089842,per089842_1914_05676,1,0,0,,,triagem/nome-caixa-conversao 1.0.0,10,ok
089842,per089842_1914_05676,2,0,0,,,triagem/nome-caixa-conversao 1.0.0,10,ok
089842,per089842_1914_05676,3,0,0,,,triagem/nome-caixa-conversao 1.0.0,10,ok
089842,per089842_1914_05676,4,0,0,,,triagem/nome-caixa-conversao 1.0.0,10,ok
089842,per089842_1914_05676,5,0,0,,,triagem/nome-caixa-conversao 1.0.0,10,ok
089842,per089842_1914_05676,6,0,0,,,triagem/nome-caixa-conversao 1.0.0,10,ok
089842,per089842_1914_05676,7,0,0,,,triagem/nome-caixa-conversao 1.0.0,10,ok
089842,per089842_1914_05676,8,0,0,,,triagem/nome-caixa-conversao 1.0.0,10,ok
089842,per089842_1914_05677,1,0,0,,,triagem/nome-caixa-conversao 1.0.0,10,ok
089842,per089842_1914_05677,2,0,0,,,triagem/nome-caixa-conversao 1.0.0,10,ok
089842,per089842_1914_05677,3,0,0,,,triagem/nome-caixa-conversao 1.0.0,10,ok
089842,per089842_1914_05677,4,0,0,,,triagem/nome-caixa-conversao 1.0.0,10,ok
089842,per089842_1914_05677,5,0,0,,,triagem/nome-caixa-conversao 1.0.0,10,ok
089842,per089842_1914_05677,6,0,0,,,triagem/nome-caixa-conversao 1.0.0,10,ok
089842,per089842_1914_05677,7,0,0,,,triagem/nome-caixa-conversao 1.0.0,10,ok
089842,per089842_1914_05677,8,0,0,,,triagem/nome-caixa-conversao 1.0.0,10,ok
089842,per089842_1914_05677,9,0,0,,,triagem/nome-caixa-conversao 1.0.0,10,ok
089842,per089842_1914_05677,10,1,1,caixa de conver,32534,triagem/nome-caixa-conversao 1.0.0,10,ok
089842,per089842_1914_05677,11,0,0,,,triagem/nome-caixa-conversao 1.0.0,10,ok
089842,per089842_1914_05677,12,0,0,,,triagem/nome-caixa-conversao 1.0.0,10,ok
089842,per089842_1914_05678,1,0,0,,,triagem/nome-caixa-conversao 1.0.0,10,ok
089842,per089842_1914_05678,2,0,0,,,triagem/nome-caixa-conversao 1.0.0,10,ok
089842,per089842_1914_05678,3,0,0,,,triagem/nome-caixa-conversao 1.0.0,10,ok
089842,per089842_1914_05678,4,0,0,,,triagem/nome-caixa-conversao 1.0.0,10,ok
089842,per089842_1914_05678,5,1,1,caixa de conver,24162,triagem/nome-caixa-conversao 1.0.0,10,ok
089842,per089842_1914_05678,6,0,0,,,triagem/nome-caixa-conversao 1.0.0,10,ok
089842,per089842_1914_05678,7,0,0,,,triagem/nome-caixa-conversao 1.0.0,10,ok
089842,per089842_1914_05678,8,0,0,,,triagem/nome-caixa-conversao 1.0.0,10,ok
089842,per089842_1914_05678,9,0,0,,,triagem/nome-caixa-conversao 1.0.0,10,ok
089842,per089842_1914_05678,10,0,0,,,triagem/nome-caixa-conversao 1.0.0,10,ok
089842,per089842_1914_05679,1,0,0,,,triagem/nome-caixa-conversao 1.0.0,10,ok
089842,per089842_1914_05679,2,1,1,caixa de conver,14354,triagem/nome-caixa-conversao 1.0.0,10,ok
089842,per089842_1914_05679,3,0,0,,,triagem/nome-caixa-conversao 1.0.0,10,ok
089842,per089842_1914_05679,4,0,0,,,triagem/nome-caixa-conversao 1.0.0,10,ok
089842,per089842_1914_05679,5,0,0,,,triagem/nome-caixa-conversao 1.0.0,10,ok
089842,per089842_1914_05679,6,0,0,,,triagem/nome-caixa-conversao 1.0.0,10,ok
089842,per089842_1914_05679,7,0,0,,,triagem/nome-caixa-conversao 1.0.0,10,ok
089842,per089842_1914_05679,8,0,0,,,triagem/nome-caixa-conversao 1.0.0,10,ok
089842,per089842_1914_05679,9,1,2,caixa de conver,32712,triagem/nome-caixa-conversao 1.0.0,10,ok
089842,per089842_1914_05679,10,0,0,,,triagem/nome-caixa-conversao 1.0.0,10,ok
089842,per089842_1914_05680,1,0,0,,,triagem/nome-caixa-conversao 1.0.0,10,ok
089842,per089842_1914_05680,2,0,0,,,triagem/nome-caixa-conversao 1.0.0,10,ok
089842,per089842_1914_05680,3,0,0,,,triagem/nome-caixa-conversao 1.0.0,10,ok
089842,per089842_1914_05680,4,0,0,,,triagem/nome-caixa-conversao 1.0.0,10,ok
089842,per089842_1914_05680,5,0,0,,,triagem/nome-caixa-conversao 1.0.0,10,ok
089842,per089842_1914_05680,6,0,0,,,triagem/nome-caixa-conversao 1.0.0,10,ok
089842,per089842_1914_05680,7,0,0,,,triagem/nome-caixa-conversao 1.0.0,10,ok
089842,per089842_1914_05680,8,0,0,,,triagem/nome-caixa-conversao 1.0.0,10,ok
089842,per089842_1914_05680,9,0,0,,,triagem/nome-caixa-conversao 1.0.0,10,ok
089842,per089842_1914_05680,10,0,0,,,triagem/nome-caixa-conversao 1.0.0,10,ok
089842,per089842_1914_05680,11,1,1,caixa de conver,2492,triagem/nome-caixa-conversao 1.0.0,10,ok
089842,per089842_1914_05680,12,0,0,,,triagem/nome-caixa-conversao 1.0.0,10,ok
089842,per089842_1914_05681,1,0,0,,,triagem/nome-caixa-conversao 1.0.0,10,ok
089842,per089842_1914_05681,2,0,0,,,triagem/nome-caixa-conversao 1.0.0,10,ok
089842,per089842_1914_05681,3,0,0,,,triagem/nome-caixa-conversao 1.0.0,10,ok
089842,per089842_1914_05681,4,0,0,,,triagem/nome-caixa-conversao 1.0.0,10,ok
089842,per089842_1914_05681,5,0,0,,,triagem/nome-caixa-conversao 1.0.0,10,ok
089842,per089842_1914_05681,6,0,0,,,triagem/nome-caixa-conversao 1.0.0,10,ok
089842,per089842_1914_05681,7,0,0,,,triagem/nome-caixa-conversao 1.0.0,10,ok
089842,per089842_1914_05681,8,0,0,,,triagem/nome-caixa-conversao 1.0.0,10,ok
089842,per089842_1914_05681,9,0,0,,,triagem/nome-caixa-conversao 1.0.0,10,ok
089842,per089842_1914_05681,10,0,0,,,triagem/nome-caixa-conversao 1.0.0,10,ok
089842,per089842_1914_05682,1,0,0,,,triagem/nome-caixa-conversao 1.0.0,10,ok
089842,per089842_1914_05682,2,0,0,,,triagem/nome-caixa-conversao 1.0.0,10,ok
089842,per089842_1914_05682,3,0,0,,,triagem/nome-caixa-conversao 1.0.0,10,ok
089842,per089842_1914_05682,4,0,0,,,triagem/nome-caixa-conversao 1.0.0,10,ok
089842,per089842_1914_05682,5,0,0,,,triagem/nome-caixa-conversao 1.0.0,10,ok
089842,per089842_1914_05682,6,1,1,caixa de conver,33058,triagem/nome-caixa-conversao 1.0.0,10,ok
089842,per089842_1914_05682,7,0,0,,,triagem/nome-caixa-conversao 1.0.0,10,ok
089842,per089842_1914_05682,8,0,0,,,triagem/nome-caixa-conversao 1.0.0,10,ok
089842,per089842_1914_05682,9,0,0,,,triagem/nome-caixa-conversao 1.0.0,10,ok
089842,per089842_1914_05682,10,0,0,,,triagem/nome-caixa-conversao 1.0.0,10,ok
089842,per089842_1914_05683,1,0,0,,,triagem/nome-caixa-conversao 1.0.0,10,ok
089842,per089842_1914_05683,2,0,0,,,triagem/nome-caixa-conversao 1.0.0,10,ok
089842,per089842_1914_05683,3,0,0,,,triagem/nome-caixa-conversao 1.0.0,10,ok
089842,per089842_1914_05683,4,0,0,,,triagem/nome-caixa-conversao 1.0.0,10,ok
089842,per089842_1914_05683,5,0,0,,,triagem/nome-caixa-conversao 1.0.0,10,ok
089842,per089842_1914_05683,6,0,0,,,triagem/nome-caixa-conversao 1.0.0,10,ok
089842,per089842_1914_05683,7,0,0,,,triagem/nome-caixa-conversao 1.0.0,10,ok
089842,per089842_1914_05683,8,0,0,,,triagem/nome-caixa-conversao 1.0.0,10,ok
089842,per089842_1914_05683,9,1,1,caixa de conver,14257,triagem/nome-caixa-conversao 1.0.0,10,ok
089842,per089842_1914_05683,10,0,0,,,triagem/nome-caixa-conversao 1.0.0,10,ok
089842,per089842_1914_05684,1,0,0,,,triagem/nome-caixa-conversao 1.0.0,10,ok
089842,per089842_1914_05684,2,0,0,,,triagem/nome-caixa-conversao 1.0.0,10,ok
089842,per089842_1914_05684,3,1,1,caixade conver,40377,triagem/nome-caixa-conversao 1.0.0,10,ok
089842,per089842_1914_05684,4,0,0,,,triagem/nome-caixa-conversao 1.0.0,10,ok
089842,per089842_1914_05684,5,1,1,caixa de conver,35105,triagem/nome-caixa-conversao 1.0.0,10,ok
089842,per089842_1914_05684,6,0,0,,,triagem/nome-caixa-conversao 1.0.0,10,ok
089842,per089842_1914_05684,7,0,0,,,triagem/nome-caixa-conversao 1.0.0,10,ok
089842,per089842_1914_05684,8,0,0,,,triagem/nome-caixa-conversao 1.0.0,10,ok
089842,per089842_1914_05684,9,0,0,,,triagem/nome-caixa-conversao 1.0.0,10,ok
089842,per089842_1914_05684,10,0,0,,,triagem/nome-caixa-conversao 1.0.0,10,ok
089842,per089842_1914_05685,1,0,0,,,triagem/nome-caixa-conversao 1.0.0,10,ok
089842,per089842_1914_05685,2,0,0,,,triagem/nome-caixa-conversao 1.0.0,10,ok
089842,per089842_1914_05685,3,0,0,,,triagem/nome-caixa-conversao 1.0.0,10,ok
089842,per089842_1914_05685,4,0,0,,,triagem/nome-caixa-conversao 1.0.0,10,ok
089842,per089842_1914_05685,5,0,0,,,triagem/nome-caixa-conversao 1.0.0,10,ok
089842,per089842_1914_05685,6,0,0,,,triagem/nome-caixa-conversao 1.0.0,10,ok
089842,per089842_1914_05685,7,0,0,,,triagem/nome-caixa-conversao 1.0.0,10,ok
089842,per089842_1914_05685,8,0,0,,,triagem/nome-caixa-conversao 1.0.0,10,ok
089842,per089842_1914_05685,9,1,1,caixa de conver,36792,triagem/nome-caixa-conversao 1.0.0,10,ok
089842,per089842_1914_05685,10,0,0,,,triagem/nome-caixa-conversao 1.0.0,10,ok
089842,per089842_1914_05686,1,0,0,,,triagem/nome-caixa-conversao 1.0.0,10,ok
089842,per089842_1914_05686,2,0,0,,,triagem/nome-caixa-conversao 1.0.0,10,ok
089842,per089842_1914_05686,3,0,0,,,triagem/nome-caixa-conversao 1.0.0,10,ok
089842,per089842_1914_05686,4,0,0,,,triagem/nome-caixa-conversao 1.0.0,10,ok
089842,per089842_1914_05686,5,1,1,caixa de conver,37547,triagem/nome-caixa-conversao 1.0.0,10,ok
089842,per089842_1914_05686,6,0,0,,,triagem/nome-caixa-conversao 1.0.0,10,ok
089842,per089842_1914_05686,7,0,0,,,triagem/nome-caixa-conversao 1.0.0,10,ok
089842,per089842_1914_05686,8,0,0,,,triagem/nome-caixa-conversao 1.0.0,10,ok
089842,per089842_1914_05686,9,0,0,,,triagem/nome-caixa-conversao 1.0.0,10,ok
089842,per089842_1914_05686,10,0,0,,,triagem/nome-caixa-conversao 1.0.0,10,ok
089842,per089842_1914_05687,1,0,0,,,triagem/nome-caixa-conversao 1.0.0,10,ok
089842,per089842_1914_05687,2,0,0,,,triagem/nome-caixa-conversao 1.0.0,10,ok
089842,per089842_1914_05687,3,0,0,,,triagem/nome-caixa-conversao 1.0.0,10,ok
089842,per089842_1914_05687,4,0,0,,,triagem/nome-caixa-conversao 1.0.0,10,ok
089842,per089842_1914_05687,5,0,0,,,triagem/nome-caixa-conversao 1.0.0,10,ok
089842,per089842_1914_05687,6,0,0,,,triagem/nome-caixa-conversao 1.0.0,10,ok
089842,per089842_1914_05687,7,0,0,,,triagem/nome-caixa-conversao 1.0.0,10,ok
089842,per089842_1914_05687,8,0,0,,,triagem/nome-caixa-conversao 1.0.0,10,ok
089842,per089842_1914_05687,9,0,0,,,triagem/nome-caixa-conversao 1.0.0,10,ok
089842,per089842_1914_05687,10,0,0,,,triagem/nome-caixa-conversao 1.0.0,10,ok
089842,per089842_1914_05687,11,0,0,,,triagem/nome-caixa-conversao 1.0.0,10,ok
089842,per089842_1914_05687,12,0,0,,,triagem/nome-caixa-conversao 1.0.0,10,ok
089842,per089842_1914_05687,13,0,0,,,triagem/nome-caixa-conversao 1.0.0,10,ok
089842,per089842_1914_05687,14,0,0,,,triagem/nome-caixa-conversao 1.0.0,10,ok
089842,per089842_1914_05688,1,0,0,,,triagem/nome-caixa-conversao 1.0.0,10,ok
089842,per089842_1914_05688,2,0,0,,,triagem/nome-caixa-conversao 1.0.0,10,ok
089842,per089842_1914_05688,3,0,0,,,triagem/nome-caixa-conversao 1.0.0,10,ok
089842,per089842_1914_05688,4,0,0,,,triagem/nome-caixa-conversao 1.0.0,10,ok
089842,per089842_1914_05688,5,1,1,caixa de conver,22968,triagem/nome-caixa-conversao 1.0.0,10,ok
089842,per089842_1914_05688,6,0,0,,,triagem/nome-caixa-conversao 1.0.0,10,ok
089842,per089842_1914_05688,7,0,0,,,triagem/nome-caixa-conversao 1.0.0,10,ok
089842,per089842_1914_05688,8,0,0,,,triagem/nome-caixa-conversao 1.0.0,10,ok
089842,per089842_1914_05688,9,0,0,,,triagem/nome-caixa-conversao 1.0.0,10,ok
089842,per089842_1914_05688,10,0,0,,,triagem/nome-caixa-conversao 1.0.0,10,ok
089842,per089842_1914_05689,1,0,0,,,triagem/nome-caixa-conversao 1.0.0,10,ok
089842,per089842_1914_05689,2,1,1,caixa de conver,45398,triagem/nome-caixa-conversao 1.0.0,10,ok
089842,per089842_1914_05689,3,0,0,,,triagem/nome-caixa-conversao 1.0.0,10,ok
089842,per089842_1914_05689,4,0,0,,,triagem/nome-caixa-conversao 1.0.0,10,ok
089842,per089842_1914_05689,5,1,1,caixa de conver,23572,triagem/nome-caixa-conversao 1.0.0,10,ok
089842,per089842_1914_05689,6,0,0,,,triagem/nome-caixa-conversao 1.0.0,10,ok
089842,per089842_1914_05689,7,0,0,,,triagem/nome-caixa-conversao 1.0.0,10,ok
089842,per089842_1914_05689,8,0,0,,,triagem/nome-caixa-conversao 1.0.0,10,ok
089842,per089842_1914_05689,9,0,0,,,triagem/nome-caixa-conversao 1.0.0,10,ok
089842,per089842_1914_05689,10,0,0,,,triagem/nome-caixa-conversao 1.0.0,10,ok
089842,per089842_1914_05690,1,0,0,,,triagem/nome-caixa-conversao 1.0.0,10,ok
089842,per089842_1914_05690,2,0,0,,,triagem/nome-caixa-conversao 1.0.0,10,ok
089842,per089842_1914_05690,3,0,0,,,triagem/nome-caixa-conversao 1.0.0,10,ok
089842,per089842_1914_05690,4,0,0,,,triagem/nome-caixa-conversao 1.0.0,10,ok
089842,per089842_1914_05690,5,1,2,caixa de conver,20810,triagem/nome-caixa-conversao 1.0.0,10,ok
089842,per089842_1914_05690,6,0,0,,,triagem/nome-caixa-conversao 1.0.0,10,ok
089842,per089842_1914_05690,7,0,0,,,triagem/nome-caixa-conversao 1.0.0,10,ok
089842,per089842_1914_05690,8,0,0,,,triagem/nome-caixa-conversao 1.0.0,10,ok
089842,per089842_1914_05690,9,0,0,,,triagem/nome-caixa-conversao 1.0.0,10,ok
089842,per089842_1914_05690,10,0,0,,,triagem/nome-caixa-conversao 1.0.0,10,ok
089842,per089842_1914_05691,1,0,0,,,triagem/nome-caixa-conversao 1.0.0,10,ok
089842,per089842_1914_05691,2,0,0,,,triagem/nome-caixa-conversao 1.0.0,10,ok
089842,per089842_1914_05691,3,0,0,,,triagem/nome-caixa-conversao 1.0.0,10,ok
089842,per089842_1914_05691,4,0,0,,,triagem/nome-caixa-conversao 1.0.0,10,ok
089842,per089842_1914_05691,5,0,0,,,triagem/nome-caixa-conversao 1.0.0,10,ok
089842,per089842_1914_05691,6,0,0,,,triagem/nome-caixa-conversao 1.0.0,10,ok
089842,per089842_1914_05691,7,0,0,,,triagem/nome-caixa-conversao 1.0.0,10,ok
089842,per089842_1914_05691,8,0,0,,,triagem/nome-caixa-conversao 1.0.0,10,ok
089842,per089842_1914_05691,9,0,0,,,triagem/nome-caixa-conversao 1.0.0,10,ok
089842,per089842_1914_05691,10,1,1,caixa de conver,37714,triagem/nome-caixa-conversao 1.0.0,10,ok
089842,per089842_1914_05691,11,0,0,,,triagem/nome-caixa-conversao 1.0.0,10,ok
089842,per089842_1914_05691,12,0,0,,,triagem/nome-caixa-conversao 1.0.0,10,ok
089842,per089842_1914_05692,1,0,0,,,triagem/nome-caixa-conversao 1.0.0,10,ok
089842,per089842_1914_05692,2,0,0,,,triagem/nome-caixa-conversao 1.0.0,10,ok
089842,per089842_1914_05692,3,0,0,,,triagem/nome-caixa-conversao 1.0.0,10,ok
089842,per089842_1914_05692,4,0,0,,,triagem/nome-caixa-conversao 1.0.0,10,ok
089842,per089842_1914_05692,5,0,0,,,triagem/nome-caixa-conversao 1.0.0,10,ok
089842,per089842_1914_05692,6,0,0,,,triagem/nome-caixa-conversao 1.0.0,10,ok
089842,per089842_1914_05692,7,0,0,,,triagem/nome-caixa-conversao 1.0.0,10,ok
089842,per089842_1914_05692,8,0,0,,,triagem/nome-caixa-conversao 1.0.0,10,ok
089842,per089842_1914_05692,9,1,1,caixa de conver,23632,triagem/nome-caixa-conversao 1.0.0,10,ok
089842,per089842_1914_05692,10,0,0,,,triagem/nome-caixa-conversao 1.0.0,10,ok
089842,per089842_1914_05693,1,0,0,,,triagem/nome-caixa-conversao 1.0.0,10,ok
089842,per089842_1914_05693,2,0,0,,,triagem/nome-caixa-conversao 1.0.0,10,ok
089842,per089842_1914_05693,3,0,0,,,triagem/nome-caixa-conversao 1.0.0,10,ok
089842,per089842_1914_05693,4,0,0,,,triagem/nome-caixa-conversao 1.0.0,10,ok
089842,per089842_1914_05693,5,0,0,,,triagem/nome-caixa-conversao 1.0.0,10,ok
089842,per089842_1914_05693,6,0,0,,,triagem/nome-caixa-conversao 1.0.0,10,ok
089842,per089842_1914_05693,7,0,0,,,triagem/nome-caixa-conversao 1.0.0,10,ok
089842,per089842_1914_05693,8,0,0,,,triagem/nome-caixa-conversao 1.0.0,10,ok
089842,per089842_1914_05693,9,0,0,,,triagem/nome-caixa-conversao 1.0.0,10,ok
089842,per089842_1914_05693,10,0,0,,,triagem/nome-caixa-conversao 1.0.0,10,ok
089842,per089842_1914_05694,1,0,0,,,triagem/nome-caixa-conversao 1.0.0,10,ok
089842,per089842_1914_05694,2,0,0,,,triagem/nome-caixa-conversao 1.0.0,10,ok
089842,per089842_1914_05694,3,0,0,,,triagem/nome-caixa-conversao 1.0.0,10,ok
089842,per089842_1914_05694,4,0,0,,,triagem/nome-caixa-conversao 1.0.0,10,ok
089842,per089842_1914_05694,5,0,0,,,triagem/nome-caixa-conversao 1.0.0,10,ok
089842,per089842_1914_05694,6,1,2,caixa de conver,29959,triagem/nome-caixa-conversao 1.0.0,10,ok
089842,per089842_1914_05694,7,0,0,,,triagem/nome-caixa-conversao 1.0.0,10,ok
089842,per089842_1914_05694,8,0,0,,,triagem/nome-caixa-conversao 1.0.0,10,ok
089842,per089842_1914_05694,9,0,0,,,triagem/nome-caixa-conversao 1.0.0,10,ok
089842,per089842_1914_05694,10,0,0,,,triagem/nome-caixa-conversao 1.0.0,10,ok
089842,per089842_1914_05694,11,0,0,,,triagem/nome-caixa-conversao 1.0.0,10,ok
089842,per089842_1914_05694,12,0,0,,,triagem/nome-caixa-conversao 1.0.0,10,ok
089842,per089842_1914_05695,1,0,0,,,triagem/nome-caixa-conversao 1.0.0,10,ok
089842,per089842_1914_05695,2,0,0,,,triagem/nome-caixa-conversao 1.0.0,10,ok
089842,per089842_1914_05695,3,0,0,,,triagem/nome-caixa-conversao 1.0.0,10,ok
089842,per089842_1914_05695,4,1,3,caixa de conver,17407,triagem/nome-caixa-conversao 1.0.0,10,ok
089842,per089842_1914_05695,5,0,0,,,triagem/nome-caixa-conversao 1.0.0,10,ok
089842,per089842_1914_05695,6,0,0,,,triagem/nome-caixa-conversao 1.0.0,10,ok
089842,per089842_1914_05695,7,0,0,,,triagem/nome-caixa-conversao 1.0.0,10,ok
089842,per089842_1914_05695,8,0,0,,,triagem/nome-caixa-conversao 1.0.0,10,ok
089842,per089842_1914_05695,9,0,0,,,triagem/nome-caixa-conversao 1.0.0,10,ok
089842,per089842_1914_05695,10,0,0,,,triagem/nome-caixa-conversao 1.0.0,10,ok
089842,per089842_1914_05696,1,0,0,,,triagem/nome-caixa-conversao 1.0.0,10,ok
089842,per089842_1914_05696,2,0,0,,,triagem/nome-caixa-conversao 1.0.0,10,ok
089842,per089842_1914_05696,3,0,0,,,triagem/nome-caixa-conversao 1.0.0,10,ok
089842,per089842_1914_05696,4,0,0,,,triagem/nome-caixa-conversao 1.0.0,10,ok
089842,per089842_1914_05696,5,0,0,,,triagem/nome-caixa-conversao 1.0.0,10,ok
089842,per089842_1914_05696,6,0,0,,,triagem/nome-caixa-conversao 1.0.0,10,ok
089842,per089842_1914_05696,7,0,0,,,triagem/nome-caixa-conversao 1.0.0,10,ok
089842,per089842_1914_05696,8,0,0,,,triagem/nome-caixa-conversao 1.0.0,10,ok
089842,per089842_1914_05696,9,1,1,caixa de conver,20535,triagem/nome-caixa-conversao 1.0.0,10,ok
089842,per089842_1914_05696,10,0,0,,,triagem/nome-caixa-conversao 1.0.0,10,ok
089842,per089842_1914_05697,1,0,0,,,triagem/nome-caixa-conversao 1.0.0,10,ok
089842,per089842_1914_05697,2,0,0,,,triagem/nome-caixa-conversao 1.0.0,10,ok
089842,per089842_1914_05697,3,0,0,,,triagem/nome-caixa-conversao 1.0.0,10,ok
089842,per089842_1914_05697,4,0,0,,,triagem/nome-caixa-conversao 1.0.0,10,ok
089842,per089842_1914_05697,5,0,0,,,triagem/nome-caixa-conversao 1.0.0,10,ok
089842,per089842_1914_05697,6,0,0,,,triagem/nome-caixa-conversao 1.0.0,10,ok
089842,per089842_1914_05697,7,0,0,,,triagem/nome-caixa-conversao 1.0.0,10,ok
089842,per089842_1914_05697,8,0,0,,,triagem/nome-caixa-conversao 1.0.0,10,ok
089842,per089842_1914_05697,9,0,0,,,triagem/nome-caixa-conversao 1.0.0,10,ok
089842,per089842_1914_05697,10,0,0,,,triagem/nome-caixa-conversao 1.0.0,10,ok
089842,per089842_1914_05698,1,0,0,,,triagem/nome-caixa-conversao 1.0.0,10,ok
089842,per089842_1914_05698,2,0,0,,,triagem/nome-caixa-conversao 1.0.0,10,ok
089842,per089842_1914_05698,3,0,0,,,triagem/nome-caixa-conversao 1.0.0,10,ok
089842,per089842_1914_05698,4,0,0,,,triagem/nome-caixa-conversao 1.0.0,10,ok
089842,per089842_1914_05698,5,0,0,,,triagem/nome-caixa-conversao 1.0.0,10,ok
089842,per089842_1914_05698,6,0,0,,,triagem/nome-caixa-conversao 1.0.0,10,ok
089842,per089842_1914_05698,7,0,0,,,triagem/nome-caixa-conversao 1.0.0,10,ok
089842,per089842_1914_05698,8,0,0,,,triagem/nome-caixa-conversao 1.0.0,10,ok
089842,per089842_1914_05698,9,0,0,,,triagem/nome-caixa-conversao 1.0.0,10,ok
089842,per089842_1914_05698,10,0,0,,,triagem/nome-caixa-conversao 1.0.0,10,ok
089842,per089842_1914_05698,11,1,1,caixa de conver,10087,triagem/nome-caixa-conversao 1.0.0,10,ok
089842,per089842_1914_05698,12,0,0,,,triagem/nome-caixa-conversao 1.0.0,10,ok
089842,per089842_1914_05699,1,0,0,,,triagem/nome-caixa-conversao 1.0.0,10,ok
089842,per089842_1914_05699,2,0,0,,,triagem/nome-caixa-conversao 1.0.0,10,ok
089842,per089842_1914_05699,3,0,0,,,triagem/nome-caixa-conversao 1.0.0,10,ok
089842,per089842_1914_05699,4,0,0,,,triagem/nome-caixa-conversao 1.0.0,10,ok
089842,per089842_1914_05699,5,0,0,,,triagem/nome-caixa-conversao 1.0.0,10,ok
089842,per089842_1914_05699,6,0,0,,,triagem/nome-caixa-conversao 1.0.0,10,ok
089842,per089842_1914_05699,7,0,0,,,triagem/nome-caixa-conversao 1.0.0,10,ok
089842,per089842_1914_05699,8,0,0,,,triagem/nome-caixa-conversao 1.0.0,10,ok
089842,per089842_1914_05699,9,1,1,caixa de conver,35512,triagem/nome-caixa-conversao 1.0.0,10,ok
089842,per089842_1914_05699,10,0,0,,,triagem/nome-caixa-conversao 1.0.0,10,ok
089842,per089842_1914_05700,1,1,1,caixa dc conver,9718,triagem/nome-caixa-conversao 1.0.0,10,ok
089842,per089842_1914_05700,2,0,0,,,triagem/nome-caixa-conversao 1.0.0,10,ok
089842,per089842_1914_05700,3,1,1,caixa de conver,22839,triagem/nome-caixa-conversao 1.0.0,10,ok
089842,per089842_1914_05700,4,0,0,,,triagem/nome-caixa-conversao 1.0.0,10,ok
089842,per089842_1914_05700,5,1,2,caixa de conver,30124,triagem/nome-caixa-conversao 1.0.0,10,ok
089842,per089842_1914_05700,6,0,0,,,triagem/nome-caixa-conversao 1.0.0,10,ok
089842,per089842_1914_05700,7,0,0,,,triagem/nome-caixa-conversao 1.0.0,10,ok
089842,per089842_1914_05700,8,0,0,,,triagem/nome-caixa-conversao 1.0.0,10,ok
089842,per089842_1914_05700,9,0,0,,,triagem/nome-caixa-conversao 1.0.0,10,ok
089842,per089842_1914_05700,10,0,0,,,triagem/nome-caixa-conversao 1.0.0,10,ok
089842,per089842_1914_05701,1,0,0,,,triagem/nome-caixa-conversao 1.0.0,10,ok
089842,per089842_1914_05701,2,0,0,,,triagem/nome-caixa-conversao 1.0.0,10,ok
089842,per089842_1914_05701,3,0,0,,,triagem/nome-caixa-conversao 1.0.0,10,ok
089842,per089842_1914_05701,4,0,0,,,triagem/nome-caixa-conversao 1.0.0,10,ok
089842,per089842_1914_05701,5,0,0,,,triagem/nome-caixa-conversao 1.0.0,10,ok
089842,per089842_1914_05701,6,1,2,caixa de conver,32147,triagem/nome-caixa-conversao 1.0.0,10,ok
089842,per089842_1914_05701,7,0,0,,,triagem/nome-caixa-conversao 1.0.0,10,ok
089842,per089842_1914_05701,8,0,0,,,triagem/nome-caixa-conversao 1.0.0,10,ok
089842,per089842_1914_05701,9,0,0,,,triagem/nome-caixa-conversao 1.0.0,10,ok
089842,per089842_1914_05701,10,0,0,,,triagem/nome-caixa-conversao 1.0.0,10,ok
089842,per089842_1914_05701,11,0,0,,,triagem/nome-caixa-conversao 1.0.0,10,ok
089842,per089842_1914_05701,12,0,0,,,triagem/nome-caixa-conversao 1.0.0,10,ok
089842,per089842_1914_05701,13,0,0,,,triagem/nome-caixa-conversao 1.0.0,10,ok
089842,per089842_1914_05701,14,0,0,,,triagem/nome-caixa-conversao 1.0.0,10,ok
089842,per089842_1914_05702,1,0,0,,,triagem/nome-caixa-conversao 1.0.0,10,ok
089842,per089842_1914_05702,2,1,2,caixa de conver,11678,triagem/nome-caixa-conversao 1.0.0,10,ok
089842,per089842_1914_05702,3,0,0,,,triagem/nome-caixa-conversao 1.0.0,10,ok
089842,per089842_1914_05702,4,0,0,,,triagem/nome-caixa-conversao 1.0.0,10,ok
089842,per089842_1914_05702,5,0,0,,,triagem/nome-caixa-conversao 1.0.0,10,ok
089842,per089842_1914_05702,6,1,2,caixa de conver,20430,triagem/nome-caixa-conversao 1.0.0,10,ok
089842,per089842_1914_05702,7,0,0,,,triagem/nome-caixa-conversao 1.0.0,10,ok
089842,per089842_1914_05702,8,0,0,,,triagem/nome-caixa-conversao 1.0.0,10,ok
089842,per089842_1914_05702,9,0,0,,,triagem/nome-caixa-conversao 1.0.0,10,ok
089842,per089842_1914_05702,10,0,0,,,triagem/nome-caixa-conversao 1.0.0,10,ok
089842,per089842_1914_05702,11,0,0,,,triagem/nome-caixa-conversao 1.0.0,10,ok
089842,per089842_1914_05702,12,0,0,,,triagem/nome-caixa-conversao 1.0.0,10,ok
089842,per089842_1914_05703,1,0,0,,,triagem/nome-caixa-conversao 1.0.0,10,ok
089842,per089842_1914_05703,2,0,0,,,triagem/nome-caixa-conversao 1.0.0,10,ok
089842,per089842_1914_05703,3,0,0,,,triagem/nome-caixa-conversao 1.0.0,10,ok
089842,per089842_1914_05703,4,0,0,,,triagem/nome-caixa-conversao 1.0.0,10,ok
089842,per089842_1914_05703,5,1,1,caixa de conver,41028,triagem/nome-caixa-conversao 1.0.0,10,ok
089842,per089842_1914_05703,6,1,2,caixa de conver,3904,triagem/nome-caixa-conversao 1.0.0,10,ok
089842,per089842_1914_05703,7,0,0,,,triagem/nome-caixa-conversao 1.0.0,10,ok
089842,per089842_1914_05703,8,0,0,,,triagem/nome-caixa-conversao 1.0.0,10,ok
089842,per089842_1914_05703,9,0,0,,,triagem/nome-caixa-conversao 1.0.0,10,ok
089842,per089842_1914_05703,10,0,0,,,triagem/nome-caixa-conversao 1.0.0,10,ok
089842,per089842_1914_05703,11,0,0,,,triagem/nome-caixa-conversao 1.0.0,10,ok
089842,per089842_1914_05703,12,0,0,,,triagem/nome-caixa-conversao 1.0.0,10,ok
089842,per089842_1914_05704,1,0,0,,,triagem/nome-caixa-conversao 1.0.0,10,ok
089842,per089842_1914_05704,2,0,0,,,triagem/nome-caixa-conversao 1.0.0,10,ok
089842,per089842_1914_05704,3,0,0,,,triagem/nome-caixa-conversao 1.0.0,10,ok
089842,per089842_1914_05704,4,1,1,caixa deconver,9981,triagem/nome-caixa-conversao 1.0.0,10,ok
089842,per089842_1914_05704,5,0,0,,,triagem/nome-caixa-conversao 1.0.0,10,ok
089842,per089842_1914_05704,6,0,0,,,triagem/nome-caixa-conversao 1.0.0,10,ok
089842,per089842_1914_05704,7,0,0,,,triagem/nome-caixa-conversao 1.0.0,10,ok
089842,per089842_1914_05704,8,0,0,,,triagem/nome-caixa-conversao 1.0.0,10,ok
089842,per089842_1914_05704,9,1,2,caixa deconver,31900,triagem/nome-caixa-conversao 1.0.0,10,ok
089842,per089842_1914_05704,10,0,0,,,triagem/nome-caixa-conversao 1.0.0,10,ok
089842,per089842_1914_05704,11,1,2,caixa de conver,8198,triagem/nome-caixa-conversao 1.0.0,10,ok
089842,per089842_1914_05704,12,0,0,,,triagem/nome-caixa-conversao 1.0.0,10,ok
089842,per089842_1914_05705,1,0,0,,,triagem/nome-caixa-conversao 1.0.0,10,ok
089842,per089842_1914_05705,2,1,3,caixa deconver,19891,triagem/nome-caixa-conversao 1.0.0,10,ok
089842,per089842_1914_05705,3,0,0,,,triagem/nome-caixa-conversao 1.0.0,10,ok
089842,per089842_1914_05705,4,0,0,,,triagem/nome-caixa-conversao 1.0.0,10,ok
089842,per089842_1914_05705,5,1,1,caixa de conver,36313,triagem/nome-caixa-conversao 1.0.0,10,ok
089842,per089842_1914_05705,6,0,0,,,triagem/nome-caixa-conversao 1.0.0,10,ok
089842,per089842_1914_05705,7,0,0,,,triagem/nome-caixa-conversao 1.0.0,10,ok
089842,per089842_1914_05705,8,0,0,,,triagem/nome-caixa-conversao 1.0.0,10,ok
089842,per089842_1914_05705,9,0,0,,,triagem/nome-caixa-conversao 1.0.0,10,ok
089842,per089842_1914_05705,10,1,1,caixa deconver,10091,triagem/nome-caixa-conversao 1.0.0,10,ok
089842,per089842_1914_05705,11,0,0,,,triagem/nome-caixa-conversao 1.0.0,10,ok
089842,per089842_1914_05705,12,0,0,,,triagem/nome-caixa-conversao 1.0.0,10,ok
089842,per089842_1914_05705,13,0,0,,,triagem/nome-caixa-conversao 1.0.0,10,ok
089842,per089842_1914_05705,14,0,0,,,triagem/nome-caixa-conversao 1.0.0,10,ok
089842,per089842_1914_05706,1,0,0,,,triagem/nome-caixa-conversao 1.0.0,10,ok
089842,per089842_1914_05706,2,0,0,,,triagem/nome-caixa-conversao 1.0.0,10,ok
089842,per089842_1914_05706,3,0,0,,,triagem/nome-caixa-conversao 1.0.0,10,ok
089842,per089842_1914_05706,4,0,0,,,triagem/nome-caixa-conversao 1.0.0,10,ok
089842,per089842_1914_05706,5,1,1,caixa de conver,24439,triagem/nome-caixa-conversao 1.0.0,10,ok
089842,per089842_1914_05706,6,0,0,,,triagem/nome-caixa-conversao 1.0.0,10,ok
089842,per089842_1914_05706,7,0,0,,,triagem/nome-caixa-conversao 1.0.0,10,ok
089842,per089842_1914_05706,8,0,0,,,triagem/nome-caixa-conversao 1.0.0,10,ok
089842,per089842_1914_05706,9,0,0,,,triagem/nome-caixa-conversao 1.0.0,10,ok
089842,per089842_1914_05706,10,0,0,,,triagem/nome-caixa-conversao 1.0.0,10,ok
089842,per089842_1914_05706,11,1,1,caixa de conver,13006,triagem/nome-caixa-conversao 1.0.0,10,ok
089842,per089842_1914_05706,12,0,0,,,triagem/nome-caixa-conversao 1.0.0,10,ok
089842,per089842_1914_05707,1,0,0,,,triagem/nome-caixa-conversao 1.0.0,10,ok
089842,per089842_1914_05707,2,1,2,caixade conver,11824,triagem/nome-caixa-conversao 1.0.0,10,ok
089842,per089842_1914_05707,3,1,1,caixa de conver,2237,triagem/nome-caixa-conversao 1.0.0,10,ok
089842,per089842_1914_05707,4,0,0,,,triagem/nome-caixa-conversao 1.0.0,10,ok
089842,per089842_1914_05707,5,1,1,caixa de conver,14778,triagem/nome-caixa-conversao 1.0.0,10,ok
089842,per089842_1914_05707,6,0,0,,,triagem/nome-caixa-conversao 1.0.0,10,ok
089842,per089842_1914_05707,7,1,2,caixa de conver,14298,triagem/nome-caixa-conversao 1.0.0,10,ok
089842,per089842_1914_05707,8,0,0,,,triagem/nome-caixa-conversao 1.0.0,10,ok
089842,per089842_1914_05707,9,0,0,,,triagem/nome-caixa-conversao 1.0.0,10,ok
089842,per089842_1914_05707,10,0,0,,,triagem/nome-caixa-conversao 1.0.0,10,ok
089842,per089842_1914_05707,11,1,1,caixa deconver,7396,triagem/nome-caixa-conversao 1.0.0,10,ok
089842,per089842_1914_05707,12,0,0,,,triagem/nome-caixa-conversao 1.0.0,10,ok
089842,per089842_1914_05707,13,1,1,caixa de conver,13420,triagem/nome-caixa-conversao 1.0.0,10,ok
089842,per089842_1914_05707,14,0,0,,,triagem/nome-caixa-conversao 1.0.0,10,ok
089842,per089842_1914_05708,1,0,0,,,triagem/nome-caixa-conversao 1.0.0,10,ok
089842,per089842_1914_05708,2,0,0,,,triagem/nome-caixa-conversao 1.0.0,10,ok
089842,per089842_1914_05708,3,0,0,,,triagem/nome-caixa-conversao 1.0.0,10,ok
089842,per089842_1914_05708,4,0,0,,,triagem/nome-caixa-conversao 1.0.0,10,ok
089842,per089842_1914_05708,5,1,1,caixa de conver,24413,triagem/nome-caixa-conversao 1.0.0,10,ok
089842,per089842_1914_05708,6,0,0,,,triagem/nome-caixa-conversao 1.0.0,10,ok
089842,per089842_1914_05708,7,0,0,,,triagem/nome-caixa-conversao 1.0.0,10,ok
089842,per089842_1914_05708,8,0,0,,,triagem/nome-caixa-conversao 1.0.0,10,ok
089842,per089842_1914_05708,9,0,0,,,triagem/nome-caixa-conversao 1.0.0,10,ok
089842,per089842_1914_05708,10,0,0,,,triagem/nome-caixa-conversao 1.0.0,10,ok
089842,per089842_1914_05708,11,0,0,,,triagem/nome-caixa-conversao 1.0.0,10,ok
089842,per089842_1914_05708,12,0,0,,,triagem/nome-caixa-conversao 1.0.0,10,ok
089842,per089842_1914_05709,1,0,0,,,triagem/nome-caixa-conversao 1.0.0,10,ok
089842,per089842_1914_05709,2,1,1,caixa de conver,26057,triagem/nome-caixa-conversao 1.0.0,10,ok
089842,per089842_1914_05709,3,0,0,,,triagem/nome-caixa-conversao 1.0.0,10,ok
089842,per089842_1914_05709,4,0,0,,,triagem/nome-caixa-conversao 1.0.0,10,ok
089842,per089842_1914_05709,5,1,1,caixa de conver,6925,triagem/nome-caixa-conversao 1.0.0,10,ok
089842,per089842_1914_05709,6,0,0,,,triagem/nome-caixa-conversao 1.0.0,10,ok
089842,per089842_1914_05709,7,0,0,,,triagem/nome-caixa-conversao 1.0.0,10,ok
089842,per089842_1914_05709,8,0,0,,,triagem/nome-caixa-conversao 1.0.0,10,ok
089842,per089842_1914_05709,9,1,1,caixa de conver,8562,triagem/nome-caixa-conversao 1.0.0,10,ok
089842,per089842_1914_05709,10,0,0,,,triagem/nome-caixa-conversao 1.0.0,10,ok
089842,per089842_1914_05710,1,0,0,,,triagem/nome-caixa-conversao 1.0.0,10,ok
089842,per089842_1914_05710,2,0,0,,,triagem/nome-caixa-conversao 1.0.0,10,ok
089842,per089842_1914_05710,3,0,0,,,triagem/nome-caixa-conversao 1.0.0,10,ok
089842,per089842_1914_05710,4,0,0,,,triagem/nome-caixa-conversao 1.0.0,10,ok
089842,per089842_1914_05710,5,1,3,caixa de conver,11352,triagem/nome-caixa-conversao 1.0.0,10,ok
089842,per089842_1914_05710,6,0,0,,,triagem/nome-caixa-conversao 1.0.0,10,ok
089842,per089842_1914_05710,7,0,0,,,triagem/nome-caixa-conversao 1.0.0,10,ok
089842,per089842_1914_05710,8,0,0,,,triagem/nome-caixa-conversao 1.0.0,10,ok
089842,per089842_1914_05710,9,0,0,,,triagem/nome-caixa-conversao 1.0.0,10,ok
089842,per089842_1914_05710,10,0,0,,,triagem/nome-caixa-conversao 1.0.0,10,ok
089842,per089842_1914_05711,1,0,0,,,triagem/nome-caixa-conversao 1.0.0,10,ok
089842,per089842_1914_05711,2,0,0,,,triagem/nome-caixa-conversao 1.0.0,10,ok
089842,per089842_1914_05711,3,0,0,,,triagem/nome-caixa-conversao 1.0.0,10,ok
089842,per089842_1914_05711,4,0,0,,,triagem/nome-caixa-conversao 1.0.0,10,ok
089842,per089842_1914_05711,5,1,2,caixa de conver,31526,triagem/nome-caixa-conversao 1.0.0,10,ok
089842,per089842_1914_05711,6,0,0,,,triagem/nome-caixa-conversao 1.0.0,10,ok
089842,per089842_1914_05711,7,0,0,,,triagem/nome-caixa-conversao 1.0.0,10,ok
089842,per089842_1914_05711,8,1,1,caixa de conver,36495,triagem/nome-caixa-conversao 1.0.0,10,ok
089842,per089842_1914_05711,9,0,0,,,triagem/nome-caixa-conversao 1.0.0,10,ok
089842,per089842_1914_05711,10,0,0,,,triagem/nome-caixa-conversao 1.0.0,10,ok
089842,per089842_1914_05712,1,0,0,,,triagem/nome-caixa-conversao 1.0.0,10,ok
089842,per089842_1914_05712,2,1,1,caixa deconver,7294,triagem/nome-caixa-conversao 1.0.0,10,ok
089842,per089842_1914_05712,3,0,0,,,triagem/nome-caixa-conversao 1.0.0,10,ok
089842,per089842_1914_05712,4,0,0,,,triagem/nome-caixa-conversao 1.0.0,10,ok
089842,per089842_1914_05712,5,0,0,,,triagem/nome-caixa-conversao 1.0.0,10,ok
089842,per089842_1914_05712,6,1,2,caixa de conver,35112,triagem/nome-caixa-conversao 1.0.0,10,ok
089842,per089842_1914_05712,7,0,0,,,triagem/nome-caixa-conversao 1.0.0,10,ok
089842,per089842_1914_05712,8,0,0,,,triagem/nome-caixa-conversao 1.0.0,10,ok
089842,per089842_1914_05712,9,0,0,,,triagem/nome-caixa-conversao 1.0.0,10,ok
089842,per089842_1914_05712,10,1,1,caixa de conver,38514,triagem/nome-caixa-conversao 1.0.0,10,ok
089842,per089842_1914_05712,11,1,1,caixa de conver,13543,triagem/nome-caixa-conversao 1.0.0,10,ok
089842,per089842_1914_05712,12,0,0,,,triagem/nome-caixa-conversao 1.0.0,10,ok
089842,per089842_1914_05713,1,0,0,,,triagem/nome-caixa-conversao 1.0.0,10,ok
089842,per089842_1914_05713,2,0,0,,,triagem/nome-caixa-conversao 1.0.0,10,ok
089842,per089842_1914_05713,3,0,0,,,triagem/nome-caixa-conversao 1.0.0,10,ok
089842,per089842_1914_05713,4,1,1,caixa de conver,37851,triagem/nome-caixa-conversao 1.0.0,10,ok
089842,per089842_1914_05713,5,1,3,caixa de conver,19826,triagem/nome-caixa-conversao 1.0.0,10,ok
089842,per089842_1914_05713,6,0,0,,,triagem/nome-caixa-conversao 1.0.0,10,ok
089842,per089842_1914_05713,7,0,0,,,triagem/nome-caixa-conversao 1.0.0,10,ok
089842,per089842_1914_05713,8,0,0,,,triagem/nome-caixa-conversao 1.0.0,10,ok
089842,per089842_1914_05713,9,1,1,caixa de conver,29796,triagem/nome-caixa-conversao 1.0.0,10,ok
089842,per089842_1914_05713,10,0,0,,,triagem/nome-caixa-conversao 1.0.0,10,ok
089842,per089842_1914_05714,1,0,0,,,triagem/nome-caixa-conversao 1.0.0,10,ok
089842,per089842_1914_05714,2,0,0,,,triagem/nome-caixa-conversao 1.0.0,10,ok
089842,per089842_1914_05714,3,0,0,,,triagem/nome-caixa-conversao 1.0.0,10,ok
089842,per089842_1914_05714,4,0,0,,,triagem/nome-caixa-conversao 1.0.0,10,ok
089842,per089842_1914_05714,5,1,1,caixa de conver,44181,triagem/nome-caixa-conversao 1.0.0,10,ok
089842,per089842_1914_05714,6,0,0,,,triagem/nome-caixa-conversao 1.0.0,10,ok
089842,per089842_1914_05714,7,0,0,,,triagem/nome-caixa-conversao 1.0.0,10,ok
089842,per089842_1914_05714,8,0,0,,,triagem/nome-caixa-conversao 1.0.0,10,ok
089842,per089842_1914_05714,9,1,2,caixa de conver,20798,triagem/nome-caixa-conversao 1.0.0,10,ok
089842,per089842_1914_05714,10,0,0,,,triagem/nome-caixa-conversao 1.0.0,10,ok
089842,per089842_1914_05715,1,0,0,,,triagem/nome-caixa-conversao 1.0.0,10,ok
089842,per089842_1914_05715,2,0,0,,,triagem/nome-caixa-conversao 1.0.0,10,ok
089842,per089842_1914_05715,3,0,0,,,triagem/nome-caixa-conversao 1.0.0,10,ok
089842,per089842_1914_05715,4,0,0,,,triagem/nome-caixa-conversao 1.0.0,10,ok
089842,per089842_1914_05715,5,0,0,,,triagem/nome-caixa-conversao 1.0.0,10,ok
089842,per089842_1914_05715,6,1,1,caixa de conver,27115,triagem/nome-caixa-conversao 1.0.0,10,ok
089842,per089842_1914_05715,7,0,0,,,triagem/nome-caixa-conversao 1.0.0,10,ok
089842,per089842_1914_05715,8,0,0,,,triagem/nome-caixa-conversao 1.0.0,10,ok
089842,per089842_1914_05715,9,0,0,,,triagem/nome-caixa-conversao 1.0.0,10,ok
089842,per089842_1914_05715,10,0,0,,,triagem/nome-caixa-conversao 1.0.0,10,ok
089842,per089842_1914_05715,11,0,0,,,triagem/nome-caixa-conversao 1.0.0,10,ok
089842,per089842_1914_05715,12,0,0,,,triagem/nome-caixa-conversao 1.0.0,10,ok
089842,per089842_1914_05715,13,1,1,caixa de conver,10641,triagem/nome-caixa-conversao 1.0.0,10,ok
089842,per089842_1914_05715,14,0,0,,,triagem/nome-caixa-conversao 1.0.0,10,ok
089842,per089842_1914_05716,1,0,0,,,triagem/nome-caixa-conversao 1.0.0,10,ok
089842,per089842_1914_05716,2,0,0,,,triagem/nome-caixa-conversao 1.0.0,10,ok
089842,per089842_1914_05716,3,0,0,,,triagem/nome-caixa-conversao 1.0.0,10,ok
089842,per089842_1914_05716,4,0,0,,,triagem/nome-caixa-conversao 1.0.0,10,ok
089842,per089842_1914_05716,5,1,2,caixa de conver,32174,triagem/nome-caixa-conversao 1.0.0,10,ok
089842,per089842_1914_05716,6,0,0,,,triagem/nome-caixa-conversao 1.0.0,10,ok
089842,per089842_1914_05716,7,0,0,,,triagem/nome-caixa-conversao 1.0.0,10,ok
089842,per089842_1914_05716,8,0,0,,,triagem/nome-caixa-conversao 1.0.0,10,ok
089842,per089842_1914_05716,9,0,0,,,triagem/nome-caixa-conversao 1.0.0,10,ok
089842,per089842_1914_05716,10,0,0,,,triagem/nome-caixa-conversao 1.0.0,10,ok
089842,per089842_1914_05717,1,0,0,,,triagem/nome-caixa-conversao 1.0.0,10,ok
089842,per089842_1914_05717,2,1,1,caixa deconver,49263,triagem/nome-caixa-conversao 1.0.0,10,ok
089842,per089842_1914_05717,3,0,0,,,triagem/nome-caixa-conversao 1.0.0,10,ok
089842,per089842_1914_05717,4,0,0,,,triagem/nome-caixa-conversao 1.0.0,10,ok
089842,per089842_1914_05717,5,1,1,caixa de conver,48259,triagem/nome-caixa-conversao 1.0.0,10,ok
089842,per089842_1914_05717,6,0,0,,,triagem/nome-caixa-conversao 1.0.0,10,ok
089842,per089842_1914_05717,7,0,0,,,triagem/nome-caixa-conversao 1.0.0,10,ok
089842,per089842_1914_05717,8,0,0,,,triagem/nome-caixa-conversao 1.0.0,10,ok
089842,per089842_1914_05717,9,1,1,caixa de conver,37684,triagem/nome-caixa-conversao 1.0.0,10,ok
089842,per089842_1914_05717,10,0,0,,,triagem/nome-caixa-conversao 1.0.0,10,ok
089842,per089842_1914_05718,1,0,0,,,triagem/nome-caixa-conversao 1.0.0,10,ok
089842,per089842_1914_05718,2,0,0,,,triagem/nome-caixa-conversao 1.0.0,10,ok
089842,per089842_1914_05718,3,0,0,,,triagem/nome-caixa-conversao 1.0.0,10,ok
089842,per089842_1914_05718,4,0,0,,,triagem/nome-caixa-conversao 1.0.0,10,ok
089842,per089842_1914_05718,5,0,0,,,triagem/nome-caixa-conversao 1.0.0,10,ok
089842,per089842_1914_05718,6,0,0,,,triagem/nome-caixa-conversao 1.0.0,10,ok
089842,per089842_1914_05718,7,1,1,caixa de conver,10535,triagem/nome-caixa-conversao 1.0.0,10,ok
089842,per089842_1914_05718,8,0,0,,,triagem/nome-caixa-conversao 1.0.0,10,ok
089842,per089842_1914_05718,9,0,0,,,triagem/nome-caixa-conversao 1.0.0,10,ok
089842,per089842_1914_05718,10,0,0,,,triagem/nome-caixa-conversao 1.0.0,10,ok
089842,per089842_1914_05718,11,1,1,caixa de conver,18880,triagem/nome-caixa-conversao 1.0.0,10,ok
089842,per089842_1914_05718,12,0,0,,,triagem/nome-caixa-conversao 1.0.0,10,ok
089842,per089842_1914_05719,1,0,0,,,triagem/nome-caixa-conversao 1.0.0,10,ok
089842,per089842_1914_05719,2,0,0,,,triagem/nome-caixa-conversao 1.0.0,10,ok
089842,per089842_1914_05719,3,0,0,,,triagem/nome-caixa-conversao 1.0.0,10,ok
089842,per089842_1914_05719,4,0,0,,,triagem/nome-caixa-conversao 1.0.0,10,ok
089842,per089842_1914_05719,5,0,0,,,triagem/nome-caixa-conversao 1.0.0,10,ok
089842,per089842_1914_05719,6,1,1,caixa de conver,40682,triagem/nome-caixa-conversao 1.0.0,10,ok
089842,per089842_1914_05719,7,0,0,,,triagem/nome-caixa-conversao 1.0.0,10,ok
089842,per089842_1914_05719,8,0,0,,,triagem/nome-caixa-conversao 1.0.0,10,ok
089842,per089842_1914_05719,9,0,0,,,triagem/nome-caixa-conversao 1.0.0,10,ok
089842,per089842_1914_05719,10,0,0,,,triagem/nome-caixa-conversao 1.0.0,10,ok
089842,per089842_1914_05719,11,1,1,caixa de conver,5378,triagem/nome-caixa-conversao 1.0.0,10,ok
089842,per089842_1914_05719,12,0,0,,,triagem/nome-caixa-conversao 1.0.0,10,ok
089842,per089842_1914_05720,1,0,0,,,triagem/nome-caixa-conversao 1.0.0,10,ok
089842,per089842_1914_05720,2,0,0,,,triagem/nome-caixa-conversao 1.0.0,10,ok
089842,per089842_1914_05720,3,0,0,,,triagem/nome-caixa-conversao 1.0.0,10,ok
089842,per089842_1914_05720,4,0,0,,,triagem/nome-caixa-conversao 1.0.0,10,ok
089842,per089842_1914_05720,5,0,0,,,triagem/nome-caixa-conversao 1.0.0,10,ok
089842,per089842_1914_05720,6,1,2,caixa de conver,14193,triagem/nome-caixa-conversao 1.0.0,10,ok
089842,per089842_1914_05720,7,0,0,,,triagem/nome-caixa-conversao 1.0.0,10,ok
089842,per089842_1914_05720,8,0,0,,,triagem/nome-caixa-conversao 1.0.0,10,ok
089842,per089842_1914_05720,9,0,0,,,triagem/nome-caixa-conversao 1.0.0,10,ok
089842,per089842_1914_05720,10,0,0,,,triagem/nome-caixa-conversao 1.0.0,10,ok
089842,per089842_1914_05721,1,0,0,,,triagem/nome-caixa-conversao 1.0.0,10,ok
089842,per089842_1914_05721,2,0,0,,,triagem/nome-caixa-conversao 1.0.0,10,ok
089842,per089842_1914_05721,3,0,0,,,triagem/nome-caixa-conversao 1.0.0,10,ok
089842,per089842_1914_05721,4,0,0,,,triagem/nome-caixa-conversao 1.0.0,10,ok
089842,per089842_1914_05721,5,0,0,,,triagem/nome-caixa-conversao 1.0.0,10,ok
089842,per089842_1914_05721,6,1,3,caixa de conver,23076,triagem/nome-caixa-conversao 1.0.0,10,ok
089842,per089842_1914_05721,7,0,0,,,triagem/nome-caixa-conversao 1.0.0,10,ok
089842,per089842_1914_05721,8,0,0,,,triagem/nome-caixa-conversao 1.0.0,10,ok
089842,per089842_1914_05721,9,0,0,,,triagem/nome-caixa-conversao 1.0.0,10,ok
089842,per089842_1914_05721,10,0,0,,,triagem/nome-caixa-conversao 1.0.0,10,ok
089842,per089842_1914_05722,1,0,0,,,triagem/nome-caixa-conversao 1.0.0,10,ok
089842,per089842_1914_05722,2,1,3,caixa du conver,5222,triagem/nome-caixa-conversao 1.0.0,10,ok
089842,per089842_1914_05722,3,0,0,,,triagem/nome-caixa-conversao 1.0.0,10,ok
089842,per089842_1914_05722,4,0,0,,,triagem/nome-caixa-conversao 1.0.0,10,ok
089842,per089842_1914_05722,5,1,1,caixa de conver,29784,triagem/nome-caixa-conversao 1.0.0,10,ok
089842,per089842_1914_05722,6,0,0,,,triagem/nome-caixa-conversao 1.0.0,10,ok
089842,per089842_1914_05722,7,0,0,,,triagem/nome-caixa-conversao 1.0.0,10,ok
089842,per089842_1914_05722,8,0,0,,,triagem/nome-caixa-conversao 1.0.0,10,ok
089842,per089842_1914_05722,9,1,1,caixa de conver,52698,triagem/nome-caixa-conversao 1.0.0,10,ok
089842,per089842_1914_05722,10,0,0,,,triagem/nome-caixa-conversao 1.0.0,10,ok
089842,per089842_1914_05722,11,0,0,,,triagem/nome-caixa-conversao 1.0.0,10,ok
089842,per089842_1914_05722,12,0,0,,,triagem/nome-caixa-conversao 1.0.0,10,ok
089842,per089842_1914_05723,1,0,0,,,triagem/nome-caixa-conversao 1.0.0,10,ok
089842,per089842_1914_05723,2,0,0,,,triagem/nome-caixa-conversao 1.0.0,10,ok
089842,per089842_1914_05723,3,0,0,,,triagem/nome-caixa-conversao 1.0.0,10,ok
089842,per089842_1914_05723,4,0,0,,,triagem/nome-caixa-conversao 1.0.0,10,ok
089842,per089842_1914_05723,5,1,1,caixa de conver,39480,triagem/nome-caixa-conversao 1.0.0,10,ok
089842,per089842_1914_05723,6,0,0,,,triagem/nome-caixa-conversao 1.0.0,10,ok
089842,per089842_1914_05723,7,0,0,,,triagem/nome-caixa-conversao 1.0.0,10,ok
089842,per089842_1914_05723,8,1,1,caixa de conver,29083,triagem/nome-caixa-conversao 1.0.0,10,ok
089842,per089842_1914_05723,9,1,1,caixa de conver,16001,triagem/nome-caixa-conversao 1.0.0,10,ok
089842,per089842_1914_05723,10,0,0,,,triagem/nome-caixa-conversao 1.0.0,10,ok
089842,per089842_1914_05724,1,0,0,,,triagem/nome-caixa-conversao 1.0.0,10,ok
089842,per089842_1914_05724,2,1,1,caixa dc conver,28288,triagem/nome-caixa-conversao 1.0.0,10,ok
089842,per089842_1914_05724,3,0,0,,,triagem/nome-caixa-conversao 1.0.0,10,ok
089842,per089842_1914_05724,4,0,0,,,triagem/nome-caixa-conversao 1.0.0,10,ok
089842,per089842_1914_05724,5,0,0,,,triagem/nome-caixa-conversao 1.0.0,10,ok
089842,per089842_1914_05724,6,1,5,caixa de conver,5540,triagem/nome-caixa-conversao 1.0.0,10,ok
089842,per089842_1914_05724,7,0,0,,,triagem/nome-caixa-conversao 1.0.0,10,ok
089842,per089842_1914_05724,8,0,0,,,triagem/nome-caixa-conversao 1.0.0,10,ok
089842,per089842_1914_05724,9,0,0,,,triagem/nome-caixa-conversao 1.0.0,10,ok
089842,per089842_1914_05724,10,1,1,caixa de conver,9476,triagem/nome-caixa-conversao 1.0.0,10,ok
089842,per089842_1914_05725,1,0,0,,,triagem/nome-caixa-conversao 1.0.0,10,ok
089842,per089842_1914_05725,2,0,0,,,triagem/nome-caixa-conversao 1.0.0,10,ok
089842,per089842_1914_05725,3,1,1,caixa de conver,27569,triagem/nome-caixa-conversao 1.0.0,10,ok
089842,per089842_1914_05725,4,1,1,caixa dc conver,44413,triagem/nome-caixa-conversao 1.0.0,10,ok
089842,per089842_1914_05725,5,1,1,caixa de conver,26756,triagem/nome-caixa-conversao 1.0.0,10,ok
089842,per089842_1914_05725,6,0,0,,,triagem/nome-caixa-conversao 1.0.0,10,ok
089842,per089842_1914_05725,7,0,0,,,triagem/nome-caixa-conversao 1.0.0,10,ok
089842,per089842_1914_05725,8,1,2,caixa de conver,44776,triagem/nome-caixa-conversao 1.0.0,10,ok
089842,per089842_1914_05725,9,1,2,caixa de conver,24226,triagem/nome-caixa-conversao 1.0.0,10,ok
089842,per089842_1914_05725,10,0,0,,,triagem/nome-caixa-conversao 1.0.0,10,ok
089842,per089842_1914_05726,1,0,0,,,triagem/nome-caixa-conversao 1.0.0,10,ok
089842,per089842_1914_05726,2,0,0,,,triagem/nome-caixa-conversao 1.0.0,10,ok
089842,per089842_1914_05726,3,0,0,,,triagem/nome-caixa-conversao 1.0.0,10,ok
089842,per089842_1914_05726,4,0,0,,,triagem/nome-caixa-conversao 1.0.0,10,ok
089842,per089842_1914_05726,5,0,0,,,triagem/nome-caixa-conversao 1.0.0,10,ok
089842,per089842_1914_05726,6,0,0,,,triagem/nome-caixa-conversao 1.0.0,10,ok
089842,per089842_1914_05726,7,1,3,caixa de conver,23419,triagem/nome-caixa-conversao 1.0.0,10,ok
089842,per089842_1914_05726,8,0,0,,,triagem/nome-caixa-conversao 1.0.0,10,ok
089842,per089842_1914_05726,9,0,0,,,triagem/nome-caixa-conversao 1.0.0,10,ok
089842,per089842_1914_05726,10,0,0,,,triagem/nome-caixa-conversao 1.0.0,10,ok
089842,per089842_1914_05726,11,0,0,,,triagem/nome-caixa-conversao 1.0.0,10,ok
089842,per089842_1914_05726,12,0,0,,,triagem/nome-caixa-conversao 1.0.0,10,ok
089842,per089842_1914_05727,1,0,0,,,triagem/nome-caixa-conversao 1.0.0,10,ok
089842,per089842_1914_05727,2,0,0,,,triagem/nome-caixa-conversao 1.0.0,10,ok
089842,per089842_1914_05727,3,0,0,,,triagem/nome-caixa-conversao 1.0.0,10,ok
089842,per089842_1914_05727,4,0,0,,,triagem/nome-caixa-conversao 1.0.0,10,ok
089842,per089842_1914_05727,5,0,0,,,triagem/nome-caixa-conversao 1.0.0,10,ok
089842,per089842_1914_05727,6,1,4,caixa de conver,9328,triagem/nome-caixa-conversao 1.0.0,10,ok
089842,per089842_1914_05727,7,0,0,,,triagem/nome-caixa-conversao 1.0.0,10,ok
089842,per089842_1914_05727,8,0,0,,,triagem/nome-caixa-conversao 1.0.0,10,ok
089842,per089842_1914_05727,9,0,0,,,triagem/nome-caixa-conversao 1.0.0,10,ok
089842,per089842_1914_05727,10,0,0,,,triagem/nome-caixa-conversao 1.0.0,10,ok
089842,per089842_1914_05728,1,0,0,,,triagem/nome-caixa-conversao 1.0.0,10,ok
089842,per089842_1914_05728,2,0,0,,,triagem/nome-caixa-conversao 1.0.0,10,ok
089842,per089842_1914_05728,3,0,0,,,triagem/nome-caixa-conversao 1.0.0,10,ok
089842,per089842_1914_05728,4,0,0,,,triagem/nome-caixa-conversao 1.0.0,10,ok
089842,per089842_1914_05728,5,0,0,,,triagem/nome-caixa-conversao 1.0.0,10,ok
089842,per089842_1914_05728,6,0,0,,,triagem/nome-caixa-conversao 1.0.0,10,ok
089842,per089842_1914_05728,7,0,0,,,triagem/nome-caixa-conversao 1.0.0,10,ok
089842,per089842_1914_05728,8,0,0,,,triagem/nome-caixa-conversao 1.0.0,10,ok
089842,per089842_1914_05728,9,0,0,,,triagem/nome-caixa-conversao 1.0.0,10,ok
089842,per089842_1914_05728,10,0,0,,,triagem/nome-caixa-conversao 1.0.0,10,ok
089842,per089842_1914_05728,11,1,3,caixa de conver,6215,triagem/nome-caixa-conversao 1.0.0,10,ok
089842,per089842_1914_05728,12,0,0,,,triagem/nome-caixa-conversao 1.0.0,10,ok
089842,per089842_1914_05729,1,0,0,,,triagem/nome-caixa-conversao 1.0.0,10,ok
089842,per089842_1914_05729,2,1,3,caixa daconver,13457,triagem/nome-caixa-conversao 1.0.0,10,ok
089842,per089842_1914_05729,3,0,0,,,triagem/nome-caixa-conversao 1.0.0,10,ok
089842,per089842_1914_05729,4,0,0,,,triagem/nome-caixa-conversao 1.0.0,10,ok
089842,per089842_1914_05729,5,0,0,,,triagem/nome-caixa-conversao 1.0.0,10,ok
089842,per089842_1914_05729,6,0,0,,,triagem/nome-caixa-conversao 1.0.0,10,ok
089842,per089842_1914_05729,7,0,0,,,triagem/nome-caixa-conversao 1.0.0,10,ok
089842,per089842_1914_05729,8,0,0,,,triagem/nome-caixa-conversao 1.0.0,10,ok
089842,per089842_1914_05729,9,0,0,,,triagem/nome-caixa-conversao 1.0.0,10,ok
089842,per089842_1914_05729,10,1,1,caixa de conver,28651,triagem/nome-caixa-conversao 1.0.0,10,ok
089842,per089842_1914_05729,11,1,1,caixa de conver,25085,triagem/nome-caixa-conversao 1.0.0,10,ok
089842,per089842_1914_05729,12,0,0,,,triagem/nome-caixa-conversao 1.0.0,10,ok
089842,per089842_1914_05730,1,0,0,,,triagem/nome-caixa-conversao 1.0.0,10,ok
089842,per089842_1914_05730,2,0,0,,,triagem/nome-caixa-conversao 1.0.0,10,ok
089842,per089842_1914_05730,3,0,0,,,triagem/nome-caixa-conversao 1.0.0,10,ok
089842,per089842_1914_05730,4,0,0,,,triagem/nome-caixa-conversao 1.0.0,10,ok
089842,per089842_1914_05730,5,1,3,caixa de conver,13388,triagem/nome-caixa-conversao 1.0.0,10,ok
089842,per089842_1914_05730,6,0,0,,,triagem/nome-caixa-conversao 1.0.0,10,ok
089842,per089842_1914_05730,7,0,0,,,triagem/nome-caixa-conversao 1.0.0,10,ok
089842,per089842_1914_05730,8,0,0,,,triagem/nome-caixa-conversao 1.0.0,10,ok
089842,per089842_1914_05730,9,0,0,,,triagem/nome-caixa-conversao 1.0.0,10,ok
089842,per089842_1914_05730,10,0,0,,,triagem/nome-caixa-conversao 1.0.0,10,ok
089842,per089842_1914_05731,1,0,0,,,triagem/nome-caixa-conversao 1.0.0,10,ok
089842,per089842_1914_05731,2,0,0,,,triagem/nome-caixa-conversao 1.0.0,10,ok
089842,per089842_1914_05731,3,0,0,,,triagem/nome-caixa-conversao 1.0.0,10,ok
089842,per089842_1914_05731,4,0,0,,,triagem/nome-caixa-conversao 1.0.0,10,ok
089842,per089842_1914_05731,5,0,0,,,triagem/nome-caixa-conversao 1.0.0,10,ok
089842,per089842_1914_05731,6,1,3,caixa de conver,21806,triagem/nome-caixa-conversao 1.0.0,10,ok
089842,per089842_1914_05731,7,0,0,,,triagem/nome-caixa-conversao 1.0.0,10,ok
089842,per089842_1914_05731,8,0,0,,,triagem/nome-caixa-conversao 1.0.0,10,ok
089842,per089842_1914_05731,9,0,0,,,triagem/nome-caixa-conversao 1.0.0,10,ok
089842,per089842_1914_05731,10,1,1,caixa de conver,46839,triagem/nome-caixa-conversao 1.0.0,10,ok
089842,per089842_1914_05731,11,0,0,,,triagem/nome-caixa-conversao 1.0.0,10,ok
089842,per089842_1914_05731,12,0,0,,,triagem/nome-caixa-conversao 1.0.0,10,ok
089842,per089842_1914_05732,1,0,0,,,triagem/nome-caixa-conversao 1.0.0,10,ok
089842,per089842_1914_05732,2,0,0,,,triagem/nome-caixa-conversao 1.0.0,10,ok
089842,per089842_1914_05732,3,0,0,,,triagem/nome-caixa-conversao 1.0.0,10,ok
089842,per089842_1914_05732,4,0,0,,,triagem/nome-caixa-conversao 1.0.0,10,ok
089842,per089842_1914_05732,5,0,0,,,triagem/nome-caixa-conversao 1.0.0,10,ok
089842,per089842_1914_05732,6,0,0,,,triagem/nome-caixa-conversao 1.0.0,10,ok
089842,per089842_1914_05732,7,0,0,,,triagem/nome-caixa-conversao 1.0.0,10,ok
089842,per089842_1914_05732,8,0,0,,,triagem/nome-caixa-conversao 1.0.0,10,ok
089842,per089842_1914_05732,9,0,0,,,triagem/nome-caixa-conversao 1.0.0,10,ok
089842,per089842_1914_05732,10,1,3,caixa de conver,5793,triagem/nome-caixa-conversao 1.0.0,10,ok
089842,per089842_1914_05733,1,1,1,caixa dc conver,21318,triagem/nome-caixa-conversao 1.0.0,10,ok
089842,per089842_1914_05733,2,0,0,,,triagem/nome-caixa-conversao 1.0.0,10,ok
089842,per089842_1914_05733,3,0,0,,,triagem/nome-caixa-conversao 1.0.0,10,ok
089842,per089842_1914_05733,4,0,0,,,triagem/nome-caixa-conversao 1.0.0,10,ok
089842,per089842_1914_05733,5,0,0,,,triagem/nome-caixa-conversao 1.0.0,10,ok
089842,per089842_1914_05733,6,0,0,,,triagem/nome-caixa-conversao 1.0.0,10,ok
089842,per089842_1914_05733,7,1,3,caixa de conver,17401,triagem/nome-caixa-conversao 1.0.0,10,ok
089842,per089842_1914_05733,8,0,0,,,triagem/nome-caixa-conversao 1.0.0,10,ok
089842,per089842_1914_05733,9,0,0,,,triagem/nome-caixa-conversao 1.0.0,10,ok
089842,per089842_1914_05733,10,0,0,,,triagem/nome-caixa-conversao 1.0.0,10,ok
089842,per089842_1914_05733,11,0,0,,,triagem/nome-caixa-conversao 1.0.0,10,ok
089842,per089842_1914_05733,12,0,0,,,triagem/nome-caixa-conversao 1.0.0,10,ok
089842,per089842_1914_05734,1,0,0,,,triagem/nome-caixa-conversao 1.0.0,10,ok
089842,per089842_1914_05734,2,0,0,,,triagem/nome-caixa-conversao 1.0.0,10,ok
089842,per089842_1914_05734,3,0,0,,,triagem/nome-caixa-conversao 1.0.0,10,ok
089842,per089842_1914_05734,4,0,0,,,triagem/nome-caixa-conversao 1.0.0,10,ok
089842,per089842_1914_05734,5,0,0,,,triagem/nome-caixa-conversao 1.0.0,10,ok
089842,per089842_1914_05734,6,1,2,caixa de conver,30871,triagem/nome-caixa-conversao 1.0.0,10,ok
089842,per089842_1914_05734,7,0,0,,,triagem/nome-caixa-conversao 1.0.0,10,ok
089842,per089842_1914_05734,8,0,0,,,triagem/nome-caixa-conversao 1.0.0,10,ok
089842,per089842_1914_05734,9,0,0,,,triagem/nome-caixa-conversao 1.0.0,10,ok
089842,per089842_1914_05734,10,0,0,,,triagem/nome-caixa-conversao 1.0.0,10,ok
089842,per089842_1914_05734,11,0,0,,,triagem/nome-caixa-conversao 1.0.0,10,ok
089842,per089842_1914_05734,12,0,0,,,triagem/nome-caixa-conversao 1.0.0,10,ok
089842,per089842_1914_05735,1,0,0,,,triagem/nome-caixa-conversao 1.0.0,10,ok
089842,per089842_1914_05735,2,0,0,,,triagem/nome-caixa-conversao 1.0.0,10,ok
089842,per089842_1914_05735,3,0,0,,,triagem/nome-caixa-conversao 1.0.0,10,ok
089842,per089842_1914_05735,4,0,0,,,triagem/nome-caixa-conversao 1.0.0,10,ok
089842,per089842_1914_05735,5,0,0,,,triagem/nome-caixa-conversao 1.0.0,10,ok
089842,per089842_1914_05735,6,0,0,,,triagem/nome-caixa-conversao 1.0.0,10,ok
089842,per089842_1914_05735,7,0,0,,,triagem/nome-caixa-conversao 1.0.0,10,ok
089842,per089842_1914_05735,8,0,0,,,triagem/nome-caixa-conversao 1.0.0,10,ok
089842,per089842_1914_05735,9,0,0,,,triagem/nome-caixa-conversao 1.0.0,10,ok
089842,per089842_1914_05735,10,0,0,,,triagem/nome-caixa-conversao 1.0.0,10,ok
089842,per089842_1914_05735,11,1,2,caixa de conver,22041,triagem/nome-caixa-conversao 1.0.0,10,ok
089842,per089842_1914_05735,12,0,0,,,triagem/nome-caixa-conversao 1.0.0,10,ok
089842,per089842_1914_05736,1,0,0,,,triagem/nome-caixa-conversao 1.0.0,10,ok
089842,per089842_1914_05736,2,1,5,caixa de conver,12831,triagem/nome-caixa-conversao 1.0.0,10,ok
089842,per089842_1914_05736,3,0,0,,,triagem/nome-caixa-conversao 1.0.0,10,ok
089842,per089842_1914_05736,4,0,0,,,triagem/nome-caixa-conversao 1.0.0,10,ok
089842,per089842_1914_05736,5,0,0,,,triagem/nome-caixa-conversao 1.0.0,10,ok
089842,per089842_1914_05736,6,0,0,,,triagem/nome-caixa-conversao 1.0.0,10,ok
089842,per089842_1914_05736,7,0,0,,,triagem/nome-caixa-conversao 1.0.0,10,ok
089842,per089842_1914_05736,8,0,0,,,triagem/nome-caixa-conversao 1.0.0,10,ok
089842,per089842_1914_05736,9,0,0,,,triagem/nome-caixa-conversao 1.0.0,10,ok
089842,per089842_1914_05736,10,0,0,,,triagem/nome-caixa-conversao 1.0.0,10,ok
089842,per089842_1914_05736,11,0,0,,,triagem/nome-caixa-conversao 1.0.0,10,ok
089842,per089842_1914_05736,12,0,0,,,triagem/nome-caixa-conversao 1.0.0,10,ok
089842,per089842_1914_05736,13,0,0,,,triagem/nome-caixa-conversao 1.0.0,10,ok
089842,per089842_1914_05736,14,0,0,,,triagem/nome-caixa-conversao 1.0.0,10,ok
089842,per089842_1914_05737,1,0,0,,,triagem/nome-caixa-conversao 1.0.0,10,ok
089842,per089842_1914_05737,2,0,0,,,triagem/nome-caixa-conversao 1.0.0,10,ok
089842,per089842_1914_05737,3,0,0,,,triagem/nome-caixa-conversao 1.0.0,10,ok
089842,per089842_1914_05737,4,0,0,,,triagem/nome-caixa-conversao 1.0.0,10,ok
089842,per089842_1914_05737,5,0,0,,,triagem/nome-caixa-conversao 1.0.0,10,ok
089842,per089842_1914_05737,6,0,0,,,triagem/nome-caixa-conversao 1.0.0,10,ok
089842,per089842_1914_05737,7,0,0,,,triagem/nome-caixa-conversao 1.0.0,10,ok
089842,per089842_1914_05737,8,1,1,caixa de conver,32301,triagem/nome-caixa-conversao 1.0.0,10,ok
089842,per089842_1914_05737,9,0,0,,,triagem/nome-caixa-conversao 1.0.0,10,ok
089842,per089842_1914_05737,10,0,0,,,triagem/nome-caixa-conversao 1.0.0,10,ok
089842,per089842_1914_05738,1,0,0,,,triagem/nome-caixa-conversao 1.0.0,10,ok
089842,per089842_1914_05738,2,0,0,,,triagem/nome-caixa-conversao 1.0.0,10,ok
089842,per089842_1914_05738,3,0,0,,,triagem/nome-caixa-conversao 1.0.0,10,ok
089842,per089842_1914_05738,4,0,0,,,triagem/nome-caixa-conversao 1.0.0,10,ok
089842,per089842_1914_05738,5,0,0,,,triagem/nome-caixa-conversao 1.0.0,10,ok
089842,per089842_1914_05738,6,0,0,,,triagem/nome-caixa-conversao 1.0.0,10,ok
089842,per089842_1914_05738,7,0,0,,,triagem/nome-caixa-conversao 1.0.0,10,ok
089842,per089842_1914_05738,8,0,0,,,triagem/nome-caixa-conversao 1.0.0,10,ok
089842,per089842_1914_05738,9,1,1,caixa de conver,4739,triagem/nome-caixa-conversao 1.0.0,10,ok
089842,per089842_1914_05738,10,0,0,,,triagem/nome-caixa-conversao 1.0.0,10,ok
089842,per089842_1914_05739,1,0,0,,,triagem/nome-caixa-conversao 1.0.0,10,ok
089842,per089842_1914_05739,2,0,0,,,triagem/nome-caixa-conversao 1.0.0,10,ok
089842,per089842_1914_05739,3,0,0,,,triagem/nome-caixa-conversao 1.0.0,10,ok
089842,per089842_1914_05739,4,0,0,,,triagem/nome-caixa-conversao 1.0.0,10,ok
089842,per089842_1914_05739,5,1,1,caixa de conver,17734,triagem/nome-caixa-conversao 1.0.0,10,ok
089842,per089842_1914_05739,6,0,0,,,triagem/nome-caixa-conversao 1.0.0,10,ok
089842,per089842_1914_05739,7,0,0,,,triagem/nome-caixa-conversao 1.0.0,10,ok
089842,per089842_1914_05739,8,0,0,,,triagem/nome-caixa-conversao 1.0.0,10,ok
089842,per089842_1914_05739,9,0,0,,,triagem/nome-caixa-conversao 1.0.0,10,ok
089842,per089842_1914_05739,10,0,0,,,triagem/nome-caixa-conversao 1.0.0,10,ok
089842,per089842_1914_05740,1,0,0,,,triagem/nome-caixa-conversao 1.0.0,10,ok
089842,per089842_1914_05740,2,0,0,,,triagem/nome-caixa-conversao 1.0.0,10,ok
089842,per089842_1914_05740,3,0,0,,,triagem/nome-caixa-conversao 1.0.0,10,ok
089842,per089842_1914_05740,4,0,0,,,triagem/nome-caixa-conversao 1.0.0,10,ok
089842,per089842_1914_05740,5,0,0,,,triagem/nome-caixa-conversao 1.0.0,10,ok
089842,per089842_1914_05740,6,0,0,,,triagem/nome-caixa-conversao 1.0.0,10,ok
089842,per089842_1914_05740,7,0,0,,,triagem/nome-caixa-conversao 1.0.0,10,ok
089842,per089842_1914_05740,8,0,0,,,triagem/nome-caixa-conversao 1.0.0,10,ok
089842,per089842_1914_05740,9,0,0,,,triagem/nome-caixa-conversao 1.0.0,10,ok
089842,per089842_1914_05740,10,1,1,caixa de conver,32878,triagem/nome-caixa-conversao 1.0.0,10,ok
089842,per089842_1914_05740,11,0,0,,,triagem/nome-caixa-conversao 1.0.0,10,ok
089842,per089842_1914_05740,12,0,0,,,triagem/nome-caixa-conversao 1.0.0,10,ok
089842,per089842_1914_05741,1,0,0,,,triagem/nome-caixa-conversao 1.0.0,10,ok
089842,per089842_1914_05741,2,0,0,,,triagem/nome-caixa-conversao 1.0.0,10,ok
089842,per089842_1914_05741,3,0,0,,,triagem/nome-caixa-conversao 1.0.0,10,ok
089842,per089842_1914_05741,4,0,0,,,triagem/nome-caixa-conversao 1.0.0,10,ok
089842,per089842_1914_05741,5,0,0,,,triagem/nome-caixa-conversao 1.0.0,10,ok
089842,per089842_1914_05741,6,1,1,caixa de conver,25628,triagem/nome-caixa-conversao 1.0.0,10,ok
089842,per089842_1914_05741,7,0,0,,,triagem/nome-caixa-conversao 1.0.0,10,ok
089842,per089842_1914_05741,8,0,0,,,triagem/nome-caixa-conversao 1.0.0,10,ok
089842,per089842_1914_05741,9,0,0,,,triagem/nome-caixa-conversao 1.0.0,10,ok
089842,per089842_1914_05741,10,0,0,,,triagem/nome-caixa-conversao 1.0.0,10,ok
089842,per089842_1914_05742,1,0,0,,,triagem/nome-caixa-conversao 1.0.0,10,ok
089842,per089842_1914_05742,2,1,4,caixa dc conver,18190,triagem/nome-caixa-conversao 1.0.0,10,ok
089842,per089842_1914_05742,3,0,0,,,triagem/nome-caixa-conversao 1.0.0,10,ok
089842,per089842_1914_05742,4,0,0,,,triagem/nome-caixa-conversao 1.0.0,10,ok
089842,per089842_1914_05742,5,0,0,,,triagem/nome-caixa-conversao 1.0.0,10,ok
089842,per089842_1914_05742,6,0,0,,,triagem/nome-caixa-conversao 1.0.0,10,ok
089842,per089842_1914_05742,7,0,0,,,triagem/nome-caixa-conversao 1.0.0,10,ok
089842,per089842_1914_05742,8,0,0,,,triagem/nome-caixa-conversao 1.0.0,10,ok
089842,per089842_1914_05742,9,0,0,,,triagem/nome-caixa-conversao 1.0.0,10,ok
089842,per089842_1914_05742,10,0,0,,,triagem/nome-caixa-conversao 1.0.0,10,ok
089842,per089842_1914_05742,11,0,0,,,triagem/nome-caixa-conversao 1.0.0,10,ok
089842,per089842_1914_05742,12,0,0,,,triagem/nome-caixa-conversao 1.0.0,10,ok
089842,per089842_1914_05743,1,0,0,,,triagem/nome-caixa-conversao 1.0.0,10,ok
089842,per089842_1914_05743,2,0,0,,,triagem/nome-caixa-conversao 1.0.0,10,ok
089842,per089842_1914_05743,3,0,0,,,triagem/nome-caixa-conversao 1.0.0,10,ok
089842,per089842_1914_05743,4,0,0,,,triagem/nome-caixa-conversao 1.0.0,10,ok
089842,per089842_1914_05743,5,0,0,,,triagem/nome-caixa-conversao 1.0.0,10,ok
089842,per089842_1914_05743,6,0,0,,,triagem/nome-caixa-conversao 1.0.0,10,ok
089842,per089842_1914_05743,7,0,0,,,triagem/nome-caixa-conversao 1.0.0,10,ok
089842,per089842_1914_05743,8,0,0,,,triagem/nome-caixa-conversao 1.0.0,10,ok
089842,per089842_1914_05743,9,0,0,,,triagem/nome-caixa-conversao 1.0.0,10,ok
089842,per089842_1914_05743,10,0,0,,,triagem/nome-caixa-conversao 1.0.0,10,ok
089842,per089842_1914_05743,11,0,0,,,triagem/nome-caixa-conversao 1.0.0,10,ok
089842,per089842_1914_05743,12,0,0,,,triagem/nome-caixa-conversao 1.0.0,10,ok
089842,per089842_1914_05743,13,0,0,,,triagem/nome-caixa-conversao 1.0.0,10,ok
089842,per089842_1914_05743,14,0,0,,,triagem/nome-caixa-conversao 1.0.0,10,ok
089842,per089842_1914_05744,1,0,0,,,triagem/nome-caixa-conversao 1.0.0,10,ok
089842,per089842_1914_05744,2,0,0,,,triagem/nome-caixa-conversao 1.0.0,10,ok
089842,per089842_1914_05744,3,0,0,,,triagem/nome-caixa-conversao 1.0.0,10,ok
089842,per089842_1914_05744,4,0,0,,,triagem/nome-caixa-conversao 1.0.0,10,ok
089842,per089842_1914_05744,5,0,0,,,triagem/nome-caixa-conversao 1.0.0,10,ok
089842,per089842_1914_05744,6,0,0,,,triagem/nome-caixa-conversao 1.0.0,10,ok
089842,per089842_1914_05744,7,0,0,,,triagem/nome-caixa-conversao 1.0.0,10,ok
089842,per089842_1914_05744,8,0,0,,,triagem/nome-caixa-conversao 1.0.0,10,ok
089842,per089842_1914_05744,9,0,0,,,triagem/nome-caixa-conversao 1.0.0,10,ok
089842,per089842_1914_05744,10,0,0,,,triagem/nome-caixa-conversao 1.0.0,10,ok
089842,per089842_1914_05745,1,0,0,,,triagem/nome-caixa-conversao 1.0.0,10,ok
089842,per089842_1914_05745,2,0,0,,,triagem/nome-caixa-conversao 1.0.0,10,ok
089842,per089842_1914_05745,3,0,0,,,triagem/nome-caixa-conversao 1.0.0,10,ok
089842,per089842_1914_05745,4,0,0,,,triagem/nome-caixa-conversao 1.0.0,10,ok
089842,per089842_1914_05745,5,0,0,,,triagem/nome-caixa-conversao 1.0.0,10,ok
089842,per089842_1914_05745,6,0,0,,,triagem/nome-caixa-conversao 1.0.0,10,ok
089842,per089842_1914_05745,7,0,0,,,triagem/nome-caixa-conversao 1.0.0,10,ok
089842,per089842_1914_05745,8,0,0,,,triagem/nome-caixa-conversao 1.0.0,10,ok
089842,per089842_1914_05745,9,0,0,,,triagem/nome-caixa-conversao 1.0.0,10,ok
089842,per089842_1914_05745,10,0,0,,,triagem/nome-caixa-conversao 1.0.0,10,ok
089842,per089842_1914_05746,1,1,1,caixa dc conver,32074,triagem/nome-caixa-conversao 1.0.0,10,ok
089842,per089842_1914_05746,2,0,0,,,triagem/nome-caixa-conversao 1.0.0,10,ok
089842,per089842_1914_05746,3,0,0,,,triagem/nome-caixa-conversao 1.0.0,10,ok
089842,per089842_1914_05746,4,0,0,,,triagem/nome-caixa-conversao 1.0.0,10,ok
089842,per089842_1914_05746,5,0,0,,,triagem/nome-caixa-conversao 1.0.0,10,ok
089842,per089842_1914_05746,6,0,0,,,triagem/nome-caixa-conversao 1.0.0,10,ok
089842,per089842_1914_05746,7,0,0,,,triagem/nome-caixa-conversao 1.0.0,10,ok
089842,per089842_1914_05746,8,0,0,,,triagem/nome-caixa-conversao 1.0.0,10,ok
089842,per089842_1914_05746,9,0,0,,,triagem/nome-caixa-conversao 1.0.0,10,ok
089842,per089842_1914_05746,10,0,0,,,triagem/nome-caixa-conversao 1.0.0,10,ok
089842,per089842_1914_05747,1,0,0,,,triagem/nome-caixa-conversao 1.0.0,10,ok
089842,per089842_1914_05747,2,0,0,,,triagem/nome-caixa-conversao 1.0.0,10,ok
089842,per089842_1914_05747,3,0,0,,,triagem/nome-caixa-conversao 1.0.0,10,ok
089842,per089842_1914_05747,4,0,0,,,triagem/nome-caixa-conversao 1.0.0,10,ok
089842,per089842_1914_05747,5,0,0,,,triagem/nome-caixa-conversao 1.0.0,10,ok
089842,per089842_1914_05747,6,0,0,,,triagem/nome-caixa-conversao 1.0.0,10,ok
089842,per089842_1914_05747,7,0,0,,,triagem/nome-caixa-conversao 1.0.0,10,ok
089842,per089842_1914_05747,8,0,0,,,triagem/nome-caixa-conversao 1.0.0,10,ok
089842,per089842_1914_05747,9,0,0,,,triagem/nome-caixa-conversao 1.0.0,10,ok
089842,per089842_1914_05747,10,0,0,,,triagem/nome-caixa-conversao 1.0.0,10,ok
089842,per089842_1914_05747,11,0,0,,,triagem/nome-caixa-conversao 1.0.0,10,ok
089842,per089842_1914_05747,12,0,0,,,triagem/nome-caixa-conversao 1.0.0,10,ok
089842,per089842_1914_05748,1,0,0,,,triagem/nome-caixa-conversao 1.0.0,10,ok
089842,per089842_1914_05748,2,0,0,,,triagem/nome-caixa-conversao 1.0.0,10,ok
089842,per089842_1914_05748,3,0,0,,,triagem/nome-caixa-conversao 1.0.0,10,ok
089842,per089842_1914_05748,4,0,0,,,triagem/nome-caixa-conversao 1.0.0,10,ok
089842,per089842_1914_05748,5,0,0,,,triagem/nome-caixa-conversao 1.0.0,10,ok
089842,per089842_1914_05748,6,0,0,,,triagem/nome-caixa-conversao 1.0.0,10,ok
089842,per089842_1914_05748,7,0,0,,,triagem/nome-caixa-conversao 1.0.0,10,ok
089842,per089842_1914_05748,8,0,0,,,triagem/nome-caixa-conversao 1.0.0,10,ok
089842,per089842_1914_05748,9,0,0,,,triagem/nome-caixa-conversao 1.0.0,10,ok
089842,per089842_1914_05748,10,0,0,,,triagem/nome-caixa-conversao 1.0.0,10,ok
089842,per089842_1914_05749,1,0,0,,,triagem/nome-caixa-conversao 1.0.0,10,ok
089842,per089842_1914_05749,2,0,0,,,triagem/nome-caixa-conversao 1.0.0,10,ok
089842,per089842_1914_05749,3,1,2,caixa de conver,15869,triagem/nome-caixa-conversao 1.0.0,10,ok
089842,per089842_1914_05749,4,0,0,,,triagem/nome-caixa-conversao 1.0.0,10,ok
089842,per089842_1914_05749,5,0,0,,,triagem/nome-caixa-conversao 1.0.0,10,ok
089842,per089842_1914_05749,6,0,0,,,triagem/nome-caixa-conversao 1.0.0,10,ok
089842,per089842_1914_05749,7,0,0,,,triagem/nome-caixa-conversao 1.0.0,10,ok
089842,per089842_1914_05749,8,0,0,,,triagem/nome-caixa-conversao 1.0.0,10,ok
089842,per089842_1914_05749,9,0,0,,,triagem/nome-caixa-conversao 1.0.0,10,ok
089842,per089842_1914_05749,10,0,0,,,triagem/nome-caixa-conversao 1.0.0,10,ok
089842,per089842_1914_05750,1,0,0,,,triagem/nome-caixa-conversao 1.0.0,10,ok
089842,per089842_1914_05750,2,1,1,caixa de conver,20007,triagem/nome-caixa-conversao 1.0.0,10,ok
089842,per089842_1914_05750,3,1,4,caixa deconver,14240,triagem/nome-caixa-conversao 1.0.0,10,ok
089842,per089842_1914_05750,4,0,0,,,triagem/nome-caixa-conversao 1.0.0,10,ok
089842,per089842_1914_05750,5,0,0,,,triagem/nome-caixa-conversao 1.0.0,10,ok
089842,per089842_1914_05750,6,0,0,,,triagem/nome-caixa-conversao 1.0.0,10,ok
089842,per089842_1914_05750,7,0,0,,,triagem/nome-caixa-conversao 1.0.0,10,ok
089842,per089842_1914_05750,8,0,0,,,triagem/nome-caixa-conversao 1.0.0,10,ok
089842,per089842_1914_05750,9,0,0,,,triagem/nome-caixa-conversao 1.0.0,10,ok
089842,per089842_1914_05750,10,0,0,,,triagem/nome-caixa-conversao 1.0.0,10,ok
089842,per089842_1914_05750,11,0,0,,,triagem/nome-caixa-conversao 1.0.0,10,ok
089842,per089842_1914_05750,12,0,0,,,triagem/nome-caixa-conversao 1.0.0,10,ok
089842,per089842_1914_05750,13,0,0,,,triagem/nome-caixa-conversao 1.0.0,10,ok
089842,per089842_1914_05750,14,0,0,,,triagem/nome-caixa-conversao 1.0.0,10,ok
089842,per089842_1914_05751,1,0,0,,,triagem/nome-caixa-conversao 1.0.0,10,ok
089842,per089842_1914_05751,2,0,0,,,triagem/nome-caixa-conversao 1.0.0,10,ok
089842,per089842_1914_05751,3,0,0,,,triagem/nome-caixa-conversao 1.0.0,10,ok
089842,per089842_1914_05751,4,0,0,,,triagem/nome-caixa-conversao 1.0.0,10,ok
089842,per089842_1914_05751,5,0,0,,,triagem/nome-caixa-conversao 1.0.0,10,ok
089842,per089842_1914_05751,6,0,0,,,triagem/nome-caixa-conversao 1.0.0,10,ok
089842,per089842_1914_05751,7,0,0,,,triagem/nome-caixa-conversao 1.0.0,10,ok
089842,per089842_1914_05751,8,0,0,,,triagem/nome-caixa-conversao 1.0.0,10,ok
089842,per089842_1914_05751,9,0,0,,,triagem/nome-caixa-conversao 1.0.0,10,ok
089842,per089842_1914_05752,1,0,0,,,triagem/nome-caixa-conversao 1.0.0,10,ok
089842,per089842_1914_05752,2,0,0,,,triagem/nome-caixa-conversao 1.0.0,10,ok
089842,per089842_1914_05752,3,0,0,,,triagem/nome-caixa-conversao 1.0.0,10,ok
089842,per089842_1914_05752,4,0,0,,,triagem/nome-caixa-conversao 1.0.0,10,ok
089842,per089842_1914_05752,5,0,0,,,triagem/nome-caixa-conversao 1.0.0,10,ok
089842,per089842_1914_05752,6,0,0,,,triagem/nome-caixa-conversao 1.0.0,10,ok
089842,per089842_1914_05752,7,0,0,,,triagem/nome-caixa-conversao 1.0.0,10,ok
089842,per089842_1914_05752,8,0,0,,,triagem/nome-caixa-conversao 1.0.0,10,ok
089842,per089842_1914_05752,9,0,0,,,triagem/nome-caixa-conversao 1.0.0,10,ok
089842,per089842_1914_05752,10,0,0,,,triagem/nome-caixa-conversao 1.0.0,10,ok
089842,per089842_1914_05752,11,0,0,,,triagem/nome-caixa-conversao 1.0.0,10,ok
089842,per089842_1914_05752,12,0,0,,,triagem/nome-caixa-conversao 1.0.0,10,ok
089842,per089842_1914_05753,1,0,0,,,triagem/nome-caixa-conversao 1.0.0,10,ok
089842,per089842_1914_05753,2,1,1,caixa de conver,10782,triagem/nome-caixa-conversao 1.0.0,10,ok
089842,per089842_1914_05753,3,0,0,,,triagem/nome-caixa-conversao 1.0.0,10,ok
089842,per089842_1914_05753,4,0,0,,,triagem/nome-caixa-conversao 1.0.0,10,ok
089842,per089842_1914_05753,5,0,0,,,triagem/nome-caixa-conversao 1.0.0,10,ok
089842,per089842_1914_05753,6,1,1,caixa de conver,9144,triagem/nome-caixa-conversao 1.0.0,10,ok
089842,per089842_1914_05753,7,0,0,,,triagem/nome-caixa-conversao 1.0.0,10,ok
089842,per089842_1914_05753,8,0,0,,,triagem/nome-caixa-conversao 1.0.0,10,ok
089842,per089842_1914_05753,9,0,0,,,triagem/nome-caixa-conversao 1.0.0,10,ok
089842,per089842_1914_05753,10,0,0,,,triagem/nome-caixa-conversao 1.0.0,10,ok
089842,per089842_1914_05754,1,0,0,,,triagem/nome-caixa-conversao 1.0.0,10,ok
089842,per089842_1914_05754,2,0,0,,,triagem/nome-caixa-conversao 1.0.0,10,ok
089842,per089842_1914_05754,3,0,0,,,triagem/nome-caixa-conversao 1.0.0,10,ok
089842,per089842_1914_05754,4,0,0,,,triagem/nome-caixa-conversao 1.0.0,10,ok
089842,per089842_1914_05754,5,0,0,,,triagem/nome-caixa-conversao 1.0.0,10,ok
089842,per089842_1914_05754,6,0,0,,,triagem/nome-caixa-conversao 1.0.0,10,ok
089842,per089842_1914_05754,7,0,0,,,triagem/nome-caixa-conversao 1.0.0,10,ok
089842,per089842_1914_05754,8,0,0,,,triagem/nome-caixa-conversao 1.0.0,10,ok
089842,per089842_1914_05754,9,1,1,caixa de conver,6945,triagem/nome-caixa-conversao 1.0.0,10,ok
089842,per089842_1914_05754,10,0,0,,,triagem/nome-caixa-conversao 1.0.0,10,ok
089842,per089842_1914_05755,1,0,0,,,triagem/nome-caixa-conversao 1.0.0,10,ok
089842,per089842_1914_05755,2,1,3,caixa dc conver,25865,triagem/nome-caixa-conversao 1.0.0,10,ok
089842,per089842_1914_05755,3,0,0,,,triagem/nome-caixa-conversao 1.0.0,10,ok
089842,per089842_1914_05755,4,0,0,,,triagem/nome-caixa-conversao 1.0.0,10,ok
089842,per089842_1914_05755,5,0,0,,,triagem/nome-caixa-conversao 1.0.0,10,ok
089842,per089842_1914_05755,6,0,0,,,triagem/nome-caixa-conversao 1.0.0,10,ok
089842,per089842_1914_05755,7,0,0,,,triagem/nome-caixa-conversao 1.0.0,10,ok
089842,per089842_1914_05755,8,0,0,,,triagem/nome-caixa-conversao 1.0.0,10,ok
089842,per089842_1914_05755,9,0,0,,,triagem/nome-caixa-conversao 1.0.0,10,ok
089842,per089842_1914_05755,10,0,0,,,triagem/nome-caixa-conversao 1.0.0,10,ok
089842,per089842_1914_05756,1,0,0,,,triagem/nome-caixa-conversao 1.0.0,10,ok
089842,per089842_1914_05756,2,1,1,caixa deconver,727,triagem/nome-caixa-conversao 1.0.0,10,ok
089842,per089842_1914_05756,3,1,4,caixa de conver,15370,triagem/nome-caixa-conversao 1.0.0,10,ok
089842,per089842_1914_05756,4,0,0,,,triagem/nome-caixa-conversao 1.0.0,10,ok
089842,per089842_1914_05756,5,0,0,,,triagem/nome-caixa-conversao 1.0.0,10,ok
089842,per089842_1914_05756,6,0,0,,,triagem/nome-caixa-conversao 1.0.0,10,ok
089842,per089842_1914_05756,7,1,1,caixa de conver,19147,triagem/nome-caixa-conversao 1.0.0,10,ok
089842,per089842_1914_05756,8,0,0,,,triagem/nome-caixa-conversao 1.0.0,10,ok
089842,per089842_1914_05756,9,0,0,,,triagem/nome-caixa-conversao 1.0.0,10,ok
089842,per089842_1914_05756,10,0,0,,,triagem/nome-caixa-conversao 1.0.0,10,ok
089842,per089842_1914_05756,11,0,0,,,triagem/nome-caixa-conversao 1.0.0,10,ok
089842,per089842_1914_05756,12,0,0,,,triagem/nome-caixa-conversao 1.0.0,10,ok
089842,per089842_1914_05757,1,0,0,,,triagem/nome-caixa-conversao 1.0.0,10,ok
089842,per089842_1914_05757,2,1,1,caixa de conver,21570,triagem/nome-caixa-conversao 1.0.0,10,ok
089842,per089842_1914_05757,3,0,0,,,triagem/nome-caixa-conversao 1.0.0,10,ok
089842,per089842_1914_05757,4,0,0,,,triagem/nome-caixa-conversao 1.0.0,10,ok
089842,per089842_1914_05757,5,0,0,,,triagem/nome-caixa-conversao 1.0.0,10,ok
089842,per089842_1914_05757,6,0,0,,,triagem/nome-caixa-conversao 1.0.0,10,ok
089842,per089842_1914_05757,7,0,0,,,triagem/nome-caixa-conversao 1.0.0,10,ok
089842,per089842_1914_05757,8,0,0,,,triagem/nome-caixa-conversao 1.0.0,10,ok
089842,per089842_1914_05757,9,0,0,,,triagem/nome-caixa-conversao 1.0.0,10,ok
089842,per089842_1914_05757,10,0,0,,,triagem/nome-caixa-conversao 1.0.0,10,ok
089842,per089842_1914_05757,11,1,1,caixa de conver,4730,triagem/nome-caixa-conversao 1.0.0,10,ok
089842,per089842_1914_05757,12,0,0,,,triagem/nome-caixa-conversao 1.0.0,10,ok
089842,per089842_1914_05758,1,0,0,,,triagem/nome-caixa-conversao 1.0.0,10,ok
089842,per089842_1914_05758,2,1,1,caixa dcconver,17407,triagem/nome-caixa-conversao 1.0.0,10,ok
089842,per089842_1914_05758,3,0,0,,,triagem/nome-caixa-conversao 1.0.0,10,ok
089842,per089842_1914_05758,4,0,0,,,triagem/nome-caixa-conversao 1.0.0,10,ok
089842,per089842_1914_05758,5,0,0,,,triagem/nome-caixa-conversao 1.0.0,10,ok
089842,per089842_1914_05758,6,0,0,,,triagem/nome-caixa-conversao 1.0.0,10,ok
089842,per089842_1914_05758,7,0,0,,,triagem/nome-caixa-conversao 1.0.0,10,ok
089842,per089842_1914_05758,8,0,0,,,triagem/nome-caixa-conversao 1.0.0,10,ok
089842,per089842_1914_05758,9,0,0,,,triagem/nome-caixa-conversao 1.0.0,10,ok
089842,per089842_1914_05758,10,0,0,,,triagem/nome-caixa-conversao 1.0.0,10,ok
089842,per089842_1914_05759,1,0,0,,,triagem/nome-caixa-conversao 1.0.0,10,ok
089842,per089842_1914_05759,2,0,0,,,triagem/nome-caixa-conversao 1.0.0,10,ok
089842,per089842_1914_05759,3,0,0,,,triagem/nome-caixa-conversao 1.0.0,10,ok
089842,per089842_1914_05759,4,0,0,,,triagem/nome-caixa-conversao 1.0.0,10,ok
089842,per089842_1914_05759,5,0,0,,,triagem/nome-caixa-conversao 1.0.0,10,ok
089842,per089842_1914_05759,6,0,0,,,triagem/nome-caixa-conversao 1.0.0,10,ok
089842,per089842_1914_05759,7,0,0,,,triagem/nome-caixa-conversao 1.0.0,10,ok
089842,per089842_1914_05759,8,0,0,,,triagem/nome-caixa-conversao 1.0.0,10,ok
089842,per089842_1914_05759,9,0,0,,,triagem/nome-caixa-conversao 1.0.0,10,ok
089842,per089842_1914_05759,10,0,0,,,triagem/nome-caixa-conversao 1.0.0,10,ok
089842,per089842_1914_05759,11,0,0,,,triagem/nome-caixa-conversao 1.0.0,10,ok
089842,per089842_1914_05759,12,0,0,,,triagem/nome-caixa-conversao 1.0.0,10,ok
089842,per089842_1914_05760,1,0,0,,,triagem/nome-caixa-conversao 1.0.0,10,ok
089842,per089842_1914_05760,2,0,0,,,triagem/nome-caixa-conversao 1.0.0,10,ok
089842,per089842_1914_05760,3,0,0,,,triagem/nome-caixa-conversao 1.0.0,10,ok
089842,per089842_1914_05760,4,0,0,,,triagem/nome-caixa-conversao 1.0.0,10,ok
089842,per089842_1914_05760,5,0,0,,,triagem/nome-caixa-conversao 1.0.0,10,ok
089842,per089842_1914_05760,6,0,0,,,triagem/nome-caixa-conversao 1.0.0,10,ok
089842,per089842_1914_05760,7,0,0,,,triagem/nome-caixa-conversao 1.0.0,10,ok
089842,per089842_1914_05760,8,0,0,,,triagem/nome-caixa-conversao 1.0.0,10,ok
089842,per089842_1914_05760,9,0,0,,,triagem/nome-caixa-conversao 1.0.0,10,ok
089842,per089842_1914_05760,10,0,0,,,triagem/nome-caixa-conversao 1.0.0,10,ok
089842,per089842_1914_05761,1,0,0,,,triagem/nome-caixa-conversao 1.0.0,10,ok
089842,per089842_1914_05761,2,0,0,,,triagem/nome-caixa-conversao 1.0.0,10,ok
089842,per089842_1914_05761,3,1,1,caixadc conver,29508,triagem/nome-caixa-conversao 1.0.0,10,ok
089842,per089842_1914_05761,4,0,0,,,triagem/nome-caixa-conversao 1.0.0,10,ok
089842,per089842_1914_05761,5,0,0,,,triagem/nome-caixa-conversao 1.0.0,10,ok
089842,per089842_1914_05761,6,0,0,,,triagem/nome-caixa-conversao 1.0.0,10,ok
089842,per089842_1914_05761,7,0,0,,,triagem/nome-caixa-conversao 1.0.0,10,ok
089842,per089842_1914_05761,8,0,0,,,triagem/nome-caixa-conversao 1.0.0,10,ok
089842,per089842_1914_05761,9,0,0,,,triagem/nome-caixa-conversao 1.0.0,10,ok
089842,per089842_1914_05761,10,0,0,,,triagem/nome-caixa-conversao 1.0.0,10,ok
089842,per089842_1914_05761,11,0,0,,,triagem/nome-caixa-conversao 1.0.0,10,ok
089842,per089842_1914_05761,12,0,0,,,triagem/nome-caixa-conversao 1.0.0,10,ok
089842,per089842_1914_05762,1,0,0,,,triagem/nome-caixa-conversao 1.0.0,10,ok
089842,per089842_1914_05762,2,0,0,,,triagem/nome-caixa-conversao 1.0.0,10,ok
089842,per089842_1914_05762,3,0,0,,,triagem/nome-caixa-conversao 1.0.0,10,ok
089842,per089842_1914_05762,4,1,1,caixade conver,35442,triagem/nome-caixa-conversao 1.0.0,10,ok
089842,per089842_1914_05762,5,0,0,,,triagem/nome-caixa-conversao 1.0.0,10,ok
089842,per089842_1914_05762,6,0,0,,,triagem/nome-caixa-conversao 1.0.0,10,ok
089842,per089842_1914_05762,7,0,0,,,triagem/nome-caixa-conversao 1.0.0,10,ok
089842,per089842_1914_05762,8,0,0,,,triagem/nome-caixa-conversao 1.0.0,10,ok
089842,per089842_1914_05762,9,0,0,,,triagem/nome-caixa-conversao 1.0.0,10,ok
089842,per089842_1914_05762,10,0,0,,,triagem/nome-caixa-conversao 1.0.0,10,ok
089842,per089842_1914_05762,11,0,0,,,triagem/nome-caixa-conversao 1.0.0,10,ok
089842,per089842_1914_05762,12,0,0,,,triagem/nome-caixa-conversao 1.0.0,10,ok
089842,per089842_1914_05763,1,0,0,,,triagem/nome-caixa-conversao 1.0.0,10,ok
089842,per089842_1914_05763,2,0,0,,,triagem/nome-caixa-conversao 1.0.0,10,ok
089842,per089842_1914_05763,3,0,0,,,triagem/nome-caixa-conversao 1.0.0,10,ok
089842,per089842_1914_05763,4,0,0,,,triagem/nome-caixa-conversao 1.0.0,10,ok
089842,per089842_1914_05763,5,0,0,,,triagem/nome-caixa-conversao 1.0.0,10,ok
089842,per089842_1914_05763,6,0,0,,,triagem/nome-caixa-conversao 1.0.0,10,ok
089842,per089842_1914_05763,7,0,0,,,triagem/nome-caixa-conversao 1.0.0,10,ok
089842,per089842_1914_05763,8,0,0,,,triagem/nome-caixa-conversao 1.0.0,10,ok
089842,per089842_1914_05763,9,0,0,,,triagem/nome-caixa-conversao 1.0.0,10,ok
089842,per089842_1914_05763,10,0,0,,,triagem/nome-caixa-conversao 1.0.0,10,ok
089842,per089842_1914_05763,11,0,0,,,triagem/nome-caixa-conversao 1.0.0,10,ok
089842,per089842_1914_05763,12,0,0,,,triagem/nome-caixa-conversao 1.0.0,10,ok
089842,per089842_1914_05764,1,0,0,,,triagem/nome-caixa-conversao 1.0.0,10,ok
089842,per089842_1914_05764,2,0,0,,,triagem/nome-caixa-conversao 1.0.0,10,ok
089842,per089842_1914_05764,3,0,0,,,triagem/nome-caixa-conversao 1.0.0,10,ok
089842,per089842_1914_05764,4,0,0,,,triagem/nome-caixa-conversao 1.0.0,10,ok
089842,per089842_1914_05764,5,0,0,,,triagem/nome-caixa-conversao 1.0.0,10,ok
089842,per089842_1914_05764,6,0,0,,,triagem/nome-caixa-conversao 1.0.0,10,ok
089842,per089842_1914_05764,7,0,0,,,triagem/nome-caixa-conversao 1.0.0,10,ok
089842,per089842_1914_05764,8,0,0,,,triagem/nome-caixa-conversao 1.0.0,10,ok
089842,per089842_1914_05764,9,0,0,,,triagem/nome-caixa-conversao 1.0.0,10,ok
089842,per089842_1914_05764,10,0,0,,,triagem/nome-caixa-conversao 1.0.0,10,ok
089842,per089842_1914_05764,11,0,0,,,triagem/nome-caixa-conversao 1.0.0,10,ok
089842,per089842_1914_05764,12,0,0,,,triagem/nome-caixa-conversao 1.0.0,10,ok
089842,per089842_1914_05764,13,0,0,,,triagem/nome-caixa-conversao 1.0.0,10,ok
089842,per089842_1914_05764,14,0,0,,,triagem/nome-caixa-conversao 1.0.0,10,ok
089842,per089842_1914_05765,1,0,0,,,triagem/nome-caixa-conversao 1.0.0,10,ok
089842,per089842_1914_05765,2,0,0,,,triagem/nome-caixa-conversao 1.0.0,10,ok
089842,per089842_1914_05765,3,0,0,,,triagem/nome-caixa-conversao 1.0.0,10,ok
089842,per089842_1914_05765,4,0,0,,,triagem/nome-caixa-conversao 1.0.0,10,ok
089842,per089842_1914_05765,5,0,0,,,triagem/nome-caixa-conversao 1.0.0,10,ok
089842,per089842_1914_05765,6,0,0,,,triagem/nome-caixa-conversao 1.0.0,10,ok
089842,per089842_1914_05765,7,0,0,,,triagem/nome-caixa-conversao 1.0.0,10,ok
089842,per089842_1914_05765,8,0,0,,,triagem/nome-caixa-conversao 1.0.0,10,ok
089842,per089842_1914_05765,9,0,0,,,triagem/nome-caixa-conversao 1.0.0,10,ok
089842,per089842_1914_05765,10,0,0,,,triagem/nome-caixa-conversao 1.0.0,10,ok
089842,per089842_1914_05765,11,0,0,,,triagem/nome-caixa-conversao 1.0.0,10,ok
089842,per089842_1914_05765,12,0,0,,,triagem/nome-caixa-conversao 1.0.0,10,ok
089842,per089842_1914_05766,1,0,0,,,triagem/nome-caixa-conversao 1.0.0,10,ok
089842,per089842_1914_05766,2,0,0,,,triagem/nome-caixa-conversao 1.0.0,10,ok
089842,per089842_1914_05766,3,0,0,,,triagem/nome-caixa-conversao 1.0.0,10,ok
089842,per089842_1914_05766,4,0,0,,,triagem/nome-caixa-conversao 1.0.0,10,ok
089842,per089842_1914_05766,5,0,0,,,triagem/nome-caixa-conversao 1.0.0,10,ok
089842,per089842_1914_05766,6,0,0,,,triagem/nome-caixa-conversao 1.0.0,10,ok
089842,per089842_1914_05766,7,0,0,,,triagem/nome-caixa-conversao 1.0.0,10,ok
089842,per089842_1914_05766,8,0,0,,,triagem/nome-caixa-conversao 1.0.0,10,ok
089842,per089842_1914_05766,9,0,0,,,triagem/nome-caixa-conversao 1.0.0,10,ok
089842,per089842_1914_05766,10,0,0,,,triagem/nome-caixa-conversao 1.0.0,10,ok
089842,per089842_1914_05766,11,0,0,,,triagem/nome-caixa-conversao 1.0.0,10,ok
089842,per089842_1914_05766,12,0,0,,,triagem/nome-caixa-conversao 1.0.0,10,ok
089842,per089842_1914_05767,1,0,0,,,triagem/nome-caixa-conversao 1.0.0,10,ok
089842,per089842_1914_05767,2,0,0,,,triagem/nome-caixa-conversao 1.0.0,10,ok
089842,per089842_1914_05767,3,0,0,,,triagem/nome-caixa-conversao 1.0.0,10,ok
089842,per089842_1914_05767,4,0,0,,,triagem/nome-caixa-conversao 1.0.0,10,ok
089842,per089842_1914_05767,5,0,0,,,triagem/nome-caixa-conversao 1.0.0,10,ok
089842,per089842_1914_05767,6,0,0,,,triagem/nome-caixa-conversao 1.0.0,10,ok
089842,per089842_1914_05767,7,0,0,,,triagem/nome-caixa-conversao 1.0.0,10,ok
089842,per089842_1914_05767,8,0,0,,,triagem/nome-caixa-conversao 1.0.0,10,ok
089842,per089842_1914_05767,9,0,0,,,triagem/nome-caixa-conversao 1.0.0,10,ok
089842,per089842_1914_05767,10,0,0,,,triagem/nome-caixa-conversao 1.0.0,10,ok
089842,per089842_1914_05768,1,0,0,,,triagem/nome-caixa-conversao 1.0.0,10,ok
089842,per089842_1914_05768,2,0,0,,,triagem/nome-caixa-conversao 1.0.0,10,ok
089842,per089842_1914_05768,3,0,0,,,triagem/nome-caixa-conversao 1.0.0,10,ok
089842,per089842_1914_05768,4,0,0,,,triagem/nome-caixa-conversao 1.0.0,10,ok
089842,per089842_1914_05768,5,0,0,,,triagem/nome-caixa-conversao 1.0.0,10,ok
089842,per089842_1914_05768,6,0,0,,,triagem/nome-caixa-conversao 1.0.0,10,ok
089842,per089842_1914_05768,7,0,0,,,triagem/nome-caixa-conversao 1.0.0,10,ok
089842,per089842_1914_05768,8,0,0,,,triagem/nome-caixa-conversao 1.0.0,10,ok
089842,per089842_1914_05768,9,0,0,,,triagem/nome-caixa-conversao 1.0.0,10,ok
089842,per089842_1914_05768,10,0,0,,,triagem/nome-caixa-conversao 1.0.0,10,ok
089842,per089842_1914_05769,1,1,1,caixa deconver,31723,triagem/nome-caixa-conversao 1.0.0,10,ok
089842,per089842_1914_05769,2,0,0,,,triagem/nome-caixa-conversao 1.0.0,10,ok
089842,per089842_1914_05769,3,0,0,,,triagem/nome-caixa-conversao 1.0.0,10,ok
089842,per089842_1914_05769,4,0,0,,,triagem/nome-caixa-conversao 1.0.0,10,ok
089842,per089842_1914_05769,5,0,0,,,triagem/nome-caixa-conversao 1.0.0,10,ok
089842,per089842_1914_05769,6,0,0,,,triagem/nome-caixa-conversao 1.0.0,10,ok
089842,per089842_1914_05769,7,0,0,,,triagem/nome-caixa-conversao 1.0.0,10,ok
089842,per089842_1914_05769,8,0,0,,,triagem/nome-caixa-conversao 1.0.0,10,ok
089842,per089842_1914_05769,9,0,0,,,triagem/nome-caixa-conversao 1.0.0,10,ok
089842,per089842_1914_05769,10,0,0,,,triagem/nome-caixa-conversao 1.0.0,10,ok
089842,per089842_1914_05770,1,1,1,caixa de conver,17615,triagem/nome-caixa-conversao 1.0.0,10,ok
089842,per089842_1914_05770,2,1,2,caixa de conver,43529,triagem/nome-caixa-conversao 1.0.0,10,ok
089842,per089842_1914_05770,3,0,0,,,triagem/nome-caixa-conversao 1.0.0,10,ok
089842,per089842_1914_05770,4,0,0,,,triagem/nome-caixa-conversao 1.0.0,10,ok
089842,per089842_1914_05770,5,0,0,,,triagem/nome-caixa-conversao 1.0.0,10,ok
089842,per089842_1914_05770,6,0,0,,,triagem/nome-caixa-conversao 1.0.0,10,ok
089842,per089842_1914_05770,7,0,0,,,triagem/nome-caixa-conversao 1.0.0,10,ok
089842,per089842_1914_05770,8,0,0,,,triagem/nome-caixa-conversao 1.0.0,10,ok
089842,per089842_1914_05770,9,0,0,,,triagem/nome-caixa-conversao 1.0.0,10,ok
089842,per089842_1914_05770,10,0,0,,,triagem/nome-caixa-conversao 1.0.0,10,ok
089842,per089842_1914_05770,11,0,0,,,triagem/nome-caixa-conversao 1.0.0,10,ok
089842,per089842_1914_05770,12,0,0,,,triagem/nome-caixa-conversao 1.0.0,10,ok
089842,per089842_1914_05771,1,1,1,caixa de conver,20746,triagem/nome-caixa-conversao 1.0.0,10,ok
089842,per089842_1914_05771,2,1,1,caixa de conver,3956,triagem/nome-caixa-conversao 1.0.0,10,ok
089842,per089842_1914_05771,3,0,0,,,triagem/nome-caixa-conversao 1.0.0,10,ok
089842,per089842_1914_05771,4,0,0,,,triagem/nome-caixa-conversao 1.0.0,10,ok
089842,per089842_1914_05771,5,0,0,,,triagem/nome-caixa-conversao 1.0.0,10,ok
089842,per089842_1914_05771,6,0,0,,,triagem/nome-caixa-conversao 1.0.0,10,ok
089842,per089842_1914_05771,7,0,0,,,triagem/nome-caixa-conversao 1.0.0,10,ok
089842,per089842_1914_05771,8,0,0,,,triagem/nome-caixa-conversao 1.0.0,10,ok
089842,per089842_1914_05771,9,0,0,,,triagem/nome-caixa-conversao 1.0.0,10,ok
089842,per089842_1914_05771,10,0,0,,,triagem/nome-caixa-conversao 1.0.0,10,ok
089842,per089842_1914_05771,11,0,0,,,triagem/nome-caixa-conversao 1.0.0,10,ok
089842,per089842_1914_05771,12,0,0,,,triagem/nome-caixa-conversao 1.0.0,10,ok
089842,per089842_1914_05771,13,0,0,,,triagem/nome-caixa-conversao 1.0.0,10,ok
089842,per089842_1914_05771,14,0,0,,,triagem/nome-caixa-conversao 1.0.0,10,ok
089842,per089842_1914_05772,1,0,0,,,triagem/nome-caixa-conversao 1.0.0,10,ok
089842,per089842_1914_05772,2,0,0,,,triagem/nome-caixa-conversao 1.0.0,10,ok
089842,per089842_1914_05772,3,0,0,,,triagem/nome-caixa-conversao 1.0.0,10,ok
089842,per089842_1914_05772,4,0,0,,,triagem/nome-caixa-conversao 1.0.0,10,ok
089842,per089842_1914_05772,5,1,1,caixa de conver,38234,triagem/nome-caixa-conversao 1.0.0,10,ok
089842,per089842_1914_05772,6,0,0,,,triagem/nome-caixa-conversao 1.0.0,10,ok
089842,per089842_1914_05772,7,0,0,,,triagem/nome-caixa-conversao 1.0.0,10,ok
089842,per089842_1914_05772,8,0,0,,,triagem/nome-caixa-conversao 1.0.0,10,ok
089842,per089842_1914_05772,9,0,0,,,triagem/nome-caixa-conversao 1.0.0,10,ok
089842,per089842_1914_05772,10,0,0,,,triagem/nome-caixa-conversao 1.0.0,10,ok
089842,per089842_1914_05772,11,0,0,,,triagem/nome-caixa-conversao 1.0.0,10,ok
089842,per089842_1914_05772,12,0,0,,,triagem/nome-caixa-conversao 1.0.0,10,ok
089842,per089842_1914_05773,1,0,0,,,triagem/nome-caixa-conversao 1.0.0,10,ok
089842,per089842_1914_05773,2,0,0,,,triagem/nome-caixa-conversao 1.0.0,10,ok
089842,per089842_1914_05773,3,0,0,,,triagem/nome-caixa-conversao 1.0.0,10,ok
089842,per089842_1914_05773,4,0,0,,,triagem/nome-caixa-conversao 1.0.0,10,ok
089842,per089842_1914_05773,5,0,0,,,triagem/nome-caixa-conversao 1.0.0,10,ok
089842,per089842_1914_05773,6,0,0,,,triagem/nome-caixa-conversao 1.0.0,10,ok
089842,per089842_1914_05773,7,0,0,,,triagem/nome-caixa-conversao 1.0.0,10,ok
089842,per089842_1914_05773,8,0,0,,,triagem/nome-caixa-conversao 1.0.0,10,ok
089842,per089842_1914_05773,9,0,0,,,triagem/nome-caixa-conversao 1.0.0,10,ok
089842,per089842_1914_05773,10,0,0,,,triagem/nome-caixa-conversao 1.0.0,10,ok
089842,per089842_1914_05773,11,0,0,,,triagem/nome-caixa-conversao 1.0.0,10,ok
089842,per089842_1914_05773,12,0,0,,,triagem/nome-caixa-conversao 1.0.0,10,ok
089842,per089842_1914_05774,1,0,0,,,triagem/nome-caixa-conversao 1.0.0,10,ok
089842,per089842_1914_05774,2,0,0,,,triagem/nome-caixa-conversao 1.0.0,10,ok
089842,per089842_1914_05774,3,1,1,caixa de conver,16292,triagem/nome-caixa-conversao 1.0.0,10,ok
089842,per089842_1914_05774,4,0,0,,,triagem/nome-caixa-conversao 1.0.0,10,ok
089842,per089842_1914_05774,5,0,0,,,triagem/nome-caixa-conversao 1.0.0,10,ok
089842,per089842_1914_05774,6,0,0,,,triagem/nome-caixa-conversao 1.0.0,10,ok
089842,per089842_1914_05774,7,0,0,,,triagem/nome-caixa-conversao 1.0.0,10,ok
089842,per089842_1914_05774,8,0,0,,,triagem/nome-caixa-conversao 1.0.0,10,ok
089842,per089842_1914_05774,9,0,0,,,triagem/nome-caixa-conversao 1.0.0,10,ok
089842,per089842_1914_05774,10,0,0,,,triagem/nome-caixa-conversao 1.0.0,10,ok
089842,per089842_1914_05774,11,0,0,,,triagem/nome-caixa-conversao 1.0.0,10,ok
089842,per089842_1914_05774,12,0,0,,,triagem/nome-caixa-conversao 1.0.0,10,ok
089842,per089842_1914_05774,13,0,0,,,triagem/nome-caixa-conversao 1.0.0,10,ok
089842,per089842_1914_05774,14,0,0,,,triagem/nome-caixa-conversao 1.0.0,10,ok
089842,per089842_1914_05774,15,0,0,,,triagem/nome-caixa-conversao 1.0.0,10,ok
089842,per089842_1914_05774,16,0,0,,,triagem/nome-caixa-conversao 1.0.0,10,ok
089842,per089842_1914_05775,1,0,0,,,triagem/nome-caixa-conversao 1.0.0,10,ok
089842,per089842_1914_05775,2,1,1,caixa dc conver,37734,triagem/nome-caixa-conversao 1.0.0,10,ok
089842,per089842_1914_05775,3,0,0,,,triagem/nome-caixa-conversao 1.0.0,10,ok
089842,per089842_1914_05775,4,0,0,,,triagem/nome-caixa-conversao 1.0.0,10,ok
089842,per089842_1914_05775,5,0,0,,,triagem/nome-caixa-conversao 1.0.0,10,ok
089842,per089842_1914_05775,6,0,0,,,triagem/nome-caixa-conversao 1.0.0,10,ok
089842,per089842_1914_05775,7,0,0,,,triagem/nome-caixa-conversao 1.0.0,10,ok
089842,per089842_1914_05775,8,0,0,,,triagem/nome-caixa-conversao 1.0.0,10,ok
089842,per089842_1914_05775,9,0,0,,,triagem/nome-caixa-conversao 1.0.0,10,ok
089842,per089842_1914_05775,10,0,0,,,triagem/nome-caixa-conversao 1.0.0,10,ok
089842,per089842_1914_05775,11,0,0,,,triagem/nome-caixa-conversao 1.0.0,10,ok
089842,per089842_1914_05775,12,0,0,,,triagem/nome-caixa-conversao 1.0.0,10,ok
089842,per089842_1914_05776,1,1,1,caixa dc conver,19441,triagem/nome-caixa-conversao 1.0.0,10,ok
089842,per089842_1914_05776,2,0,0,,,triagem/nome-caixa-conversao 1.0.0,10,ok
089842,per089842_1914_05776,3,0,0,,,triagem/nome-caixa-conversao 1.0.0,10,ok
089842,per089842_1914_05776,4,0,0,,,triagem/nome-caixa-conversao 1.0.0,10,ok
089842,per089842_1914_05776,5,0,0,,,triagem/nome-caixa-conversao 1.0.0,10,ok
089842,per089842_1914_05776,6,0,0,,,triagem/nome-caixa-conversao 1.0.0,10,ok
089842,per089842_1914_05776,7,1,1,caixa de conver,12758,triagem/nome-caixa-conversao 1.0.0,10,ok
089842,per089842_1914_05776,8,0,0,,,triagem/nome-caixa-conversao 1.0.0,10,ok
089842,per089842_1914_05776,9,0,0,,,triagem/nome-caixa-conversao 1.0.0,10,ok
089842,per089842_1914_05776,10,0,0,,,triagem/nome-caixa-conversao 1.0.0,10,ok
089842,per089842_1914_05776,11,0,0,,,triagem/nome-caixa-conversao 1.0.0,10,ok
089842,per089842_1914_05776,12,0,0,,,triagem/nome-caixa-conversao 1.0.0,10,ok
089842,per089842_1914_05777,1,0,0,,,triagem/nome-caixa-conversao 1.0.0,10,ok
089842,per089842_1914_05777,2,1,1,caixa de conver,54154,triagem/nome-caixa-conversao 1.0.0,10,ok
089842,per089842_1914_05777,3,0,0,,,triagem/nome-caixa-conversao 1.0.0,10,ok
089842,per089842_1914_05777,4,0,0,,,triagem/nome-caixa-conversao 1.0.0,10,ok
089842,per089842_1914_05777,5,0,0,,,triagem/nome-caixa-conversao 1.0.0,10,ok
089842,per089842_1914_05777,6,0,0,,,triagem/nome-caixa-conversao 1.0.0,10,ok
089842,per089842_1914_05777,7,0,0,,,triagem/nome-caixa-conversao 1.0.0,10,ok
089842,per089842_1914_05777,8,0,0,,,triagem/nome-caixa-conversao 1.0.0,10,ok
089842,per089842_1914_05777,9,0,0,,,triagem/nome-caixa-conversao 1.0.0,10,ok
089842,per089842_1914_05777,10,0,0,,,triagem/nome-caixa-conversao 1.0.0,10,ok
089842,per089842_1914_05777,11,0,0,,,triagem/nome-caixa-conversao 1.0.0,10,ok
089842,per089842_1914_05777,12,0,0,,,triagem/nome-caixa-conversao 1.0.0,10,ok
089842,per089842_1914_05778,1,1,2,caixa dc conver,31292,triagem/nome-caixa-conversao 1.0.0,10,ok
089842,per089842_1914_05778,2,0,0,,,triagem/nome-caixa-conversao 1.0.0,10,ok
089842,per089842_1914_05778,3,0,0,,,triagem/nome-caixa-conversao 1.0.0,10,ok
089842,per089842_1914_05778,4,0,0,,,triagem/nome-caixa-conversao 1.0.0,10,ok
089842,per089842_1914_05778,5,0,0,,,triagem/nome-caixa-conversao 1.0.0,10,ok
089842,per089842_1914_05778,6,1,1,caixa de conver,25458,triagem/nome-caixa-conversao 1.0.0,10,ok
089842,per089842_1914_05778,7,0,0,,,triagem/nome-caixa-conversao 1.0.0,10,ok
089842,per089842_1914_05778,8,0,0,,,triagem/nome-caixa-conversao 1.0.0,10,ok
089842,per089842_1914_05778,9,0,0,,,triagem/nome-caixa-conversao 1.0.0,10,ok
089842,per089842_1914_05778,10,0,0,,,triagem/nome-caixa-conversao 1.0.0,10,ok
089842,per089842_1914_05778,11,0,0,,,triagem/nome-caixa-conversao 1.0.0,10,ok
089842,per089842_1914_05778,12,0,0,,,triagem/nome-caixa-conversao 1.0.0,10,ok
089842,per089842_1914_05778,13,0,0,,,triagem/nome-caixa-conversao 1.0.0,10,ok
089842,per089842_1914_05778,14,0,0,,,triagem/nome-caixa-conversao 1.0.0,10,ok
089842,per089842_1914_05779,1,0,0,,,triagem/nome-caixa-conversao 1.0.0,10,ok
089842,per089842_1914_05779,2,0,0,,,triagem/nome-caixa-conversao 1.0.0,10,ok
089842,per089842_1914_05779,3,0,0,,,triagem/nome-caixa-conversao 1.0.0,10,ok
089842,per089842_1914_05779,4,0,0,,,triagem/nome-caixa-conversao 1.0.0,10,ok
089842,per089842_1914_05779,5,0,0,,,triagem/nome-caixa-conversao 1.0.0,10,ok
089842,per089842_1914_05779,6,0,0,,,triagem/nome-caixa-conversao 1.0.0,10,ok
089842,per089842_1914_05779,7,0,0,,,triagem/nome-caixa-conversao 1.0.0,10,ok
089842,per089842_1914_05779,8,0,0,,,triagem/nome-caixa-conversao 1.0.0,10,ok
089842,per089842_1914_05779,9,0,0,,,triagem/nome-caixa-conversao 1.0.0,10,ok
089842,per089842_1914_05779,10,0,0,,,triagem/nome-caixa-conversao 1.0.0,10,ok
089842,per089842_1914_05780,1,0,0,,,triagem/nome-caixa-conversao 1.0.0,10,ok
089842,per089842_1914_05780,2,0,0,,,triagem/nome-caixa-conversao 1.0.0,10,ok
089842,per089842_1914_05780,3,0,0,,,triagem/nome-caixa-conversao 1.0.0,10,ok
089842,per089842_1914_05780,4,0,0,,,triagem/nome-caixa-conversao 1.0.0,10,ok
089842,per089842_1914_05780,5,0,0,,,triagem/nome-caixa-conversao 1.0.0,10,ok
089842,per089842_1914_05780,6,0,0,,,triagem/nome-caixa-conversao 1.0.0,10,ok
089842,per089842_1914_05780,7,0,0,,,triagem/nome-caixa-conversao 1.0.0,10,ok
089842,per089842_1914_05780,8,0,0,,,triagem/nome-caixa-conversao 1.0.0,10,ok
089842,per089842_1914_05780,9,0,0,,,triagem/nome-caixa-conversao 1.0.0,10,ok
089842,per089842_1914_05780,10,0,0,,,triagem/nome-caixa-conversao 1.0.0,10,ok
089842,per089842_1914_05780,11,0,0,,,triagem/nome-caixa-conversao 1.0.0,10,ok
089842,per089842_1914_05780,12,0,0,,,triagem/nome-caixa-conversao 1.0.0,10,ok
089842,per089842_1914_05781,1,1,1,caixa de conver,11713,triagem/nome-caixa-conversao 1.0.0,10,ok
089842,per089842_1914_05781,2,0,0,,,triagem/nome-caixa-conversao 1.0.0,10,ok
089842,per089842_1914_05781,3,0,0,,,triagem/nome-caixa-conversao 1.0.0,10,ok
089842,per089842_1914_05781,4,0,0,,,triagem/nome-caixa-conversao 1.0.0,10,ok
089842,per089842_1914_05781,5,0,0,,,triagem/nome-caixa-conversao 1.0.0,10,ok
089842,per089842_1914_05781,6,0,0,,,triagem/nome-caixa-conversao 1.0.0,10,ok
089842,per089842_1914_05781,7,0,0,,,triagem/nome-caixa-conversao 1.0.0,10,ok
089842,per089842_1914_05781,8,0,0,,,triagem/nome-caixa-conversao 1.0.0,10,ok
089842,per089842_1914_05781,9,0,0,,,triagem/nome-caixa-conversao 1.0.0,10,ok
089842,per089842_1914_05781,10,0,0,,,triagem/nome-caixa-conversao 1.0.0,10,ok
089842,per089842_1914_05781,11,1,1,caixa de conver,14320,triagem/nome-caixa-conversao 1.0.0,10,ok
089842,per089842_1914_05781,12,0,0,,,triagem/nome-caixa-conversao 1.0.0,10,ok
089842,per089842_1914_05782,1,0,0,,,triagem/nome-caixa-conversao 1.0.0,10,ok
089842,per089842_1914_05782,2,1,1,caixa dc conver,44222,triagem/nome-caixa-conversao 1.0.0,10,ok
089842,per089842_1914_05782,3,0,0,,,triagem/nome-caixa-conversao 1.0.0,10,ok
089842,per089842_1914_05782,4,0,0,,,triagem/nome-caixa-conversao 1.0.0,10,ok
089842,per089842_1914_05782,5,0,0,,,triagem/nome-caixa-conversao 1.0.0,10,ok
089842,per089842_1914_05782,6,0,0,,,triagem/nome-caixa-conversao 1.0.0,10,ok
089842,per089842_1914_05782,7,0,0,,,triagem/nome-caixa-conversao 1.0.0,10,ok
089842,per089842_1914_05782,8,0,0,,,triagem/nome-caixa-conversao 1.0.0,10,ok
089842,per089842_1914_05782,9,0,0,,,triagem/nome-caixa-conversao 1.0.0,10,ok
089842,per089842_1914_05782,10,0,0,,,triagem/nome-caixa-conversao 1.0.0,10,ok
089842,per089842_1914_05782,11,0,0,,,triagem/nome-caixa-conversao 1.0.0,10,ok
089842,per089842_1914_05782,12,0,0,,,triagem/nome-caixa-conversao 1.0.0,10,ok
089842,per089842_1914_05783,1,0,0,,,triagem/nome-caixa-conversao 1.0.0,10,ok
089842,per089842_1914_05783,2,1,1,caixa de conver,13941,triagem/nome-caixa-conversao 1.0.0,10,ok
089842,per089842_1914_05783,3,0,0,,,triagem/nome-caixa-conversao 1.0.0,10,ok
089842,per089842_1914_05783,4,1,1,caixa da conver,13618,triagem/nome-caixa-conversao 1.0.0,10,ok
089842,per089842_1914_05783,5,0,0,,,triagem/nome-caixa-conversao 1.0.0,10,ok
089842,per089842_1914_05783,6,0,0,,,triagem/nome-caixa-conversao 1.0.0,10,ok
089842,per089842_1914_05783,7,0,0,,,triagem/nome-caixa-conversao 1.0.0,10,ok
089842,per089842_1914_05783,8,0,0,,,triagem/nome-caixa-conversao 1.0.0,10,ok
089842,per089842_1914_05783,9,0,0,,,triagem/nome-caixa-conversao 1.0.0,10,ok
089842,per089842_1914_05783,10,0,0,,,triagem/nome-caixa-conversao 1.0.0,10,ok
089842,per089842_1914_05783,11,0,0,,,triagem/nome-caixa-conversao 1.0.0,10,ok
089842,per089842_1914_05783,12,0,0,,,triagem/nome-caixa-conversao 1.0.0,10,ok
089842,per089842_1914_05784,1,0,0,,,triagem/nome-caixa-conversao 1.0.0,10,ok
089842,per089842_1914_05784,2,0,0,,,triagem/nome-caixa-conversao 1.0.0,10,ok
089842,per089842_1914_05784,3,1,1,caixa de conver,34445,triagem/nome-caixa-conversao 1.0.0,10,ok
089842,per089842_1914_05784,4,0,0,,,triagem/nome-caixa-conversao 1.0.0,10,ok
089842,per089842_1914_05784,5,0,0,,,triagem/nome-caixa-conversao 1.0.0,10,ok
089842,per089842_1914_05784,6,0,0,,,triagem/nome-caixa-conversao 1.0.0,10,ok
089842,per089842_1914_05784,7,0,0,,,triagem/nome-caixa-conversao 1.0.0,10,ok
089842,per089842_1914_05784,8,0,0,,,triagem/nome-caixa-conversao 1.0.0,10,ok
089842,per089842_1914_05784,9,0,0,,,triagem/nome-caixa-conversao 1.0.0,10,ok
089842,per089842_1914_05784,10,0,0,,,triagem/nome-caixa-conversao 1.0.0,10,ok
089842,per089842_1914_05784,11,0,0,,,triagem/nome-caixa-conversao 1.0.0,10,ok
089842,per089842_1914_05784,12,0,0,,,triagem/nome-caixa-conversao 1.0.0,10,ok
089842,per089842_1914_05785,1,0,0,,,triagem/nome-caixa-conversao 1.0.0,10,ok
089842,per089842_1914_05785,2,0,0,,,triagem/nome-caixa-conversao 1.0.0,10,ok
089842,per089842_1914_05785,3,0,0,,,triagem/nome-caixa-conversao 1.0.0,10,ok
089842,per089842_1914_05785,4,0,0,,,triagem/nome-caixa-conversao 1.0.0,10,ok
089842,per089842_1914_05785,5,0,0,,,triagem/nome-caixa-conversao 1.0.0,10,ok
089842,per089842_1914_05785,6,0,0,,,triagem/nome-caixa-conversao 1.0.0,10,ok
089842,per089842_1914_05785,7,0,0,,,triagem/nome-caixa-conversao 1.0.0,10,ok
089842,per089842_1914_05785,8,0,0,,,triagem/nome-caixa-conversao 1.0.0,10,ok
089842,per089842_1914_05785,9,0,0,,,triagem/nome-caixa-conversao 1.0.0,10,ok
089842,per089842_1914_05785,10,0,0,,,triagem/nome-caixa-conversao 1.0.0,10,ok
089842,per089842_1914_05785,11,0,0,,,triagem/nome-caixa-conversao 1.0.0,10,ok
089842,per089842_1914_05785,12,0,0,,,triagem/nome-caixa-conversao 1.0.0,10,ok
089842,per089842_1914_05785,13,0,0,,,triagem/nome-caixa-conversao 1.0.0,10,ok
089842,per089842_1914_05785,14,0,0,,,triagem/nome-caixa-conversao 1.0.0,10,ok
089842,per089842_1914_05786,1,0,0,,,triagem/nome-caixa-conversao 1.0.0,10,ok
089842,per089842_1914_05786,2,0,0,,,triagem/nome-caixa-conversao 1.0.0,10,ok
089842,per089842_1914_05786,3,0,0,,,triagem/nome-caixa-conversao 1.0.0,10,ok
089842,per089842_1914_05786,4,0,0,,,triagem/nome-caixa-conversao 1.0.0,10,ok
089842,per089842_1914_05786,5,0,0,,,triagem/nome-caixa-conversao 1.0.0,10,ok
089842,per089842_1914_05786,6,0,0,,,triagem/nome-caixa-conversao 1.0.0,10,ok
089842,per089842_1914_05786,7,0,0,,,triagem/nome-caixa-conversao 1.0.0,10,ok
089842,per089842_1914_05786,8,0,0,,,triagem/nome-caixa-conversao 1.0.0,10,ok
089842,per089842_1914_05786,9,0,0,,,triagem/nome-caixa-conversao 1.0.0,10,ok
089842,per089842_1914_05786,10,0,0,,,triagem/nome-caixa-conversao 1.0.0,10,ok
089842,per089842_1914_05787,1,0,0,,,triagem/nome-caixa-conversao 1.0.0,10,ok
089842,per089842_1914_05787,2,0,0,,,triagem/nome-caixa-conversao 1.0.0,10,ok
089842,per089842_1914_05787,3,0,0,,,triagem/nome-caixa-conversao 1.0.0,10,ok
089842,per089842_1914_05787,4,1,1,caixa de conver,15949,triagem/nome-caixa-conversao 1.0.0,10,ok
089842,per089842_1914_05787,5,0,0,,,triagem/nome-caixa-conversao 1.0.0,10,ok
089842,per089842_1914_05787,6,0,0,,,triagem/nome-caixa-conversao 1.0.0,10,ok
089842,per089842_1914_05787,7,0,0,,,triagem/nome-caixa-conversao 1.0.0,10,ok
089842,per089842_1914_05787,8,0,0,,,triagem/nome-caixa-conversao 1.0.0,10,ok
089842,per089842_1914_05787,9,0,0,,,triagem/nome-caixa-conversao 1.0.0,10,ok
089842,per089842_1914_05787,10,0,0,,,triagem/nome-caixa-conversao 1.0.0,10,ok
089842,per089842_1914_05788,1,0,0,,,triagem/nome-caixa-conversao 1.0.0,10,ok
089842,per089842_1914_05788,2,0,0,,,triagem/nome-caixa-conversao 1.0.0,10,ok
089842,per089842_1914_05788,3,0,0,,,triagem/nome-caixa-conversao 1.0.0,10,ok
089842,per089842_1914_05788,4,0,0,,,triagem/nome-caixa-conversao 1.0.0,10,ok
089842,per089842_1914_05788,5,0,0,,,triagem/nome-caixa-conversao 1.0.0,10,ok
089842,per089842_1914_05788,6,0,0,,,triagem/nome-caixa-conversao 1.0.0,10,ok
089842,per089842_1914_05788,7,0,0,,,triagem/nome-caixa-conversao 1.0.0,10,ok
089842,per089842_1914_05788,8,0,0,,,triagem/nome-caixa-conversao 1.0.0,10,ok
089842,per089842_1914_05788,9,0,0,,,triagem/nome-caixa-conversao 1.0.0,10,ok
089842,per089842_1914_05788,10,0,0,,,triagem/nome-caixa-conversao 1.0.0,10,ok
089842,per089842_1914_05788,11,0,0,,,triagem/nome-caixa-conversao 1.0.0,10,ok
089842,per089842_1914_05788,12,0,0,,,triagem/nome-caixa-conversao 1.0.0,10,ok
089842,per089842_1914_05789,1,0,0,,,triagem/nome-caixa-conversao 1.0.0,10,ok
089842,per089842_1914_05789,2,1,1,caixa de conver,16419,triagem/nome-caixa-conversao 1.0.0,10,ok
089842,per089842_1914_05789,3,0,0,,,triagem/nome-caixa-conversao 1.0.0,10,ok
089842,per089842_1914_05789,4,0,0,,,triagem/nome-caixa-conversao 1.0.0,10,ok
089842,per089842_1914_05789,5,0,0,,,triagem/nome-caixa-conversao 1.0.0,10,ok
089842,per089842_1914_05789,6,0,0,,,triagem/nome-caixa-conversao 1.0.0,10,ok
089842,per089842_1914_05789,7,0,0,,,triagem/nome-caixa-conversao 1.0.0,10,ok
089842,per089842_1914_05789,8,0,0,,,triagem/nome-caixa-conversao 1.0.0,10,ok
089842,per089842_1914_05789,9,0,0,,,triagem/nome-caixa-conversao 1.0.0,10,ok
089842,per089842_1914_05789,10,0,0,,,triagem/nome-caixa-conversao 1.0.0,10,ok
089842,per089842_1914_05789,11,0,0,,,triagem/nome-caixa-conversao 1.0.0,10,ok
089842,per089842_1914_05789,12,0,0,,,triagem/nome-caixa-conversao 1.0.0,10,ok
089842,per089842_1914_05789,13,0,0,,,triagem/nome-caixa-conversao 1.0.0,10,ok
089842,per089842_1914_05789,14,0,0,,,triagem/nome-caixa-conversao 1.0.0,10,ok
