source_pdf,source_pdf_sha256,volume,pdf_page,result_status,quality_flag,char_count,alnum_count,line_count,text_sha256,error_class,error_message
caixa_conversao_v1.pdf,349042a4b03cf84bc8adfb66c472c320a62987c9b37435b0525f1816529b2712,1,1,empty,empty,0,0,0,e3b0c44298fc1c149afbf4c8996fb92427ae41e4649b934ca495991b7852b855,,
caixa_conversao_v1.pdf,349042a4b03cf84bc8adfb66c472c320a62987c9b37435b0525f1816529b2712,1,2,empty,empty,0,0,0,e3b0c44298fc1c149afbf4c8996fb92427ae41e4649b934ca495991b7852b855,,
caixa_conversao_v1.pdf,349042a4b03cf84bc8adfb66c472c320a62987c9b37435b0525f1816529b2712,1,3,empty,empty,0,0,0,e3b0c44298fc1c149afbf4c8996fb92427ae41e4649b934ca495991b7852b855,,
caixa_conversao_v1.pdf,349042a4b03cf84bc8adfb66c472c320a62987c9b37435b0525f1816529b2712,1,4,empty,empty,0,0,0,e3b0c44298fc1c149afbf4c8996fb92427ae41e4649b934ca495991b7852b855,,
caixa_conversao_v1.pdf,349042a4b03cf84bc8adfb66c472c320a62987c9b37435b0525f1816529b2712,1,5,ok,textual,654,113,41,711242b954e5499fd9067da3f09e9c3a30c116f9e8f45511f8000b77088473b2,,
caixa_conversao_v1.pdf,349042a4b03cf84bc8adfb66c472c320a62987c9b37435b0525f1816529b2712,1,6,empty,empty,0,0,0,e3b0c44298fc1c149afbf4c8996fb92427ae41e4649b934ca495991b7852b855,,
caixa_conversao_v1.pdf,349042a4b03cf84bc8adfb66c472c320a62987c9b37435b0525f1816529b2712,1,7,ok,sparse,31,20,4,0733b29e34c04f697b596cdef2545036a5f1b22346cdf3379dd9ea59b07f81d9,,
caixa_conversao_v1.pdf,349042a4b03cf84bc8adfb66c472c320a62987c9b37435b0525f1816529b2712,1,8,ok,textual,886,629,26,432cfff69c987788ae15bb962283e9c8a0450e0d50dd340b72580b533986de63,,
caixa_conversao_v1.pdf,349042a4b03cf84bc8adfb66c472c320a62987c9b37435b0525f1816529b2712,1,9,ok,textual,160,111,11,602bcd2c1c3801fdcbb85805720674c4f12bf3c04c1fa6d06a1edb6d5f73698d,,
caixa_conversao_v1.pdf,349042a4b03cf84bc8adfb66c472c320a62987c9b37435b0525f1816529b2712,1,10,ok,sparse,7,3,2,5cea1fbaba2d634dc61c3f2e614e917622c56dac43d38dfec01255b8a2fd3959,,
caixa_conversao_v1.pdf,349042a4b03cf84bc8adfb66c472c320a62987c9b37435b0525f1816529b2712,1,11,ok,sparse,11,5,3,f4e5be21d528d214ca0054de96439c49337c7085e85094fe53b8fed0d15f63ea,,
caixa_conversao_v1.pdf,349042a4b03cf84bc8adfb66c472c320a62987c9b37435b0525f1816529b2712,1,12,empty,empty,0,0,0,e3b0c44298fc1c149afbf4c8996fb92427ae41e4649b934ca495991b7852b855,,
caixa_conversao_v1.pdf,349042a4b03cf84bc8adfb66c472c320a62987c9b37435b0525f1816529b2712,1,13,ok,textual,2320,1697,36,07955532d1dea7b482d245bfdd170047f329bdf1f82c0770b630e810667e03fa,,
caixa_conversao_v1.pdf,349042a4b03cf84bc8adfb66c472c320a62987c9b37435b0525f1816529b2712,1,14,empty,empty,0,0,0,e3b0c44298fc1c149afbf4c8996fb92427ae41e4649b934ca495991b7852b855,,
caixa_conversao_v1.pdf,349042a4b03cf84bc8adfb66c472c320a62987c9b37435b0525f1816529b2712,1,15,ok,textual,2025,1596,34,b17c389807615b1604c95f8523204f6b1ffa24dc7dafe88c4dac2d3b63e92e0e,,
caixa_conversao_v1.pdf,349042a4b03cf84bc8adfb66c472c320a62987c9b37435b0525f1816529b2712,1,16,ok,textual,2261,1774,38,136c0ae630c494d7ece15ba697df5b8256071de8b95688b7acf2fc2c3a49de85,,
caixa_conversao_v1.pdf,349042a4b03cf84bc8adfb66c472c320a62987c9b37435b0525f1816529b2712,1,17,ok,textual,2439,1812,43,908b0d6b66125433e6e9beed1c48d4e3a7cf4129d01ca4bfa44d84d2f7666c68,,
caixa_conversao_v1.pdf,349042a4b03cf84bc8adfb66c472c320a62987c9b37435b0525f1816529b2712,1,18,ok,textual,3191,2445,50,b40d4b7d44e3763e8e88e1ec16f3baebce4f771d71393d783b6101f30904f28f,,
caixa_conversao_v1.pdf,349042a4b03cf84bc8adfb66c472c320a62987c9b37435b0525f1816529b2712,1,19,ok,textual,3085,2405,48,c5479f2778c473d3860c06b000742ba2b41449cda267e145c6b4e62af0d63ae8,,
caixa_conversao_v1.pdf,349042a4b03cf84bc8adfb66c472c320a62987c9b37435b0525f1816529b2712,1,20,ok,textual,3235,2549,48,db05babfa426b1b64bf2abc1547d6e80c5c071bbe984fc604ce1c24aa1cfca49,,
caixa_conversao_v1.pdf,349042a4b03cf84bc8adfb66c472c320a62987c9b37435b0525f1816529b2712,1,21,ok,textual,2933,2228,49,a9325ff5ea41c7d6bd784ae86d6d9495f6040fb2ef2fa5cd500135fd0155a44c,,
caixa_conversao_v1.pdf,349042a4b03cf84bc8adfb66c472c320a62987c9b37435b0525f1816529b2712,1,22,ok,textual,2853,2177,46,e118882f7791e741072671cb22913de70f586dc3eb77f3322c8517a582e1f840,,
caixa_conversao_v1.pdf,349042a4b03cf84bc8adfb66c472c320a62987c9b37435b0525f1816529b2712,1,23,ok,textual,2049,1556,39,a0e860827fe1718e3967e67fc328b34a3c52a860d3bd934cc3e0f92c3416ccc0,,
caixa_conversao_v1.pdf,349042a4b03cf84bc8adfb66c472c320a62987c9b37435b0525f1816529b2712,1,24,ok,textual,2273,1773,43,9a03e9de844bd53cca87d7f1508087a6601da2d7876396491595bb590e35e50c,,
caixa_conversao_v1.pdf,349042a4b03cf84bc8adfb66c472c320a62987c9b37435b0525f1816529b2712,1,25,ok,textual,2883,2187,47,58ec6af12d9afc7700593ca4b8c5fe67d06b640bed38bed6c8ecdaa492d201f4,,
caixa_conversao_v1.pdf,349042a4b03cf84bc8adfb66c472c320a62987c9b37435b0525f1816529b2712,1,26,ok,textual,2795,2174,47,700f72556a3ef92e863c41642db7ae615c9c00f53cf47cdc9c344827b325c1ab,,
caixa_conversao_v1.pdf,349042a4b03cf84bc8adfb66c472c320a62987c9b37435b0525f1816529b2712,1,27,ok,textual,2669,2049,45,b5af557da32e33f89e11ac7d472cfdad92aaee32fa6b68d0e00c2d0bb4def6b9,,
caixa_conversao_v1.pdf,349042a4b03cf84bc8adfb66c472c320a62987c9b37435b0525f1816529b2712,1,28,ok,textual,2752,2130,47,38154565cd3a472b55f8ac72855d4620beb179827eac1f55253f79156c9c3ec1,,
caixa_conversao_v1.pdf,349042a4b03cf84bc8adfb66c472c320a62987c9b37435b0525f1816529b2712,1,29,ok,textual,2504,1892,45,5f1443825c333634ea1730f359024d800971986530014505c5274176dfd66eda,,
caixa_conversao_v1.pdf,349042a4b03cf84bc8adfb66c472c320a62987c9b37435b0525f1816529b2712,1,30,ok,textual,2753,2140,47,03d14f3d1c35c424c7f22a0ea095993c6ddca56c08fac677a3472c23f8db9c4a,,
caixa_conversao_v1.pdf,349042a4b03cf84bc8adfb66c472c320a62987c9b37435b0525f1816529b2712,1,31,ok,textual,2789,2144,51,33674de548df1612f47db826cbb6491e45ba4d467c82095bd503fa65b19ce942,,
caixa_conversao_v1.pdf,349042a4b03cf84bc8adfb66c472c320a62987c9b37435b0525f1816529b2712,1,32,ok,textual,2797,2141,46,4a9c4945a2dd2f0e84b3d3f4cc6285d4d12fc7d8f101893ed0d0d04eff10fcec,,
caixa_conversao_v1.pdf,349042a4b03cf84bc8adfb66c472c320a62987c9b37435b0525f1816529b2712,1,33,ok,textual,2576,1967,44,60a32c01aa10f28946dc2b5d52e50f6d1ed5cdf8ac1c764c10bab1725cb48956,,
caixa_conversao_v1.pdf,349042a4b03cf84bc8adfb66c472c320a62987c9b37435b0525f1816529b2712,1,34,ok,textual,2641,2050,47,b7d8cfa4e28a42f998a42ffce9207496cb899a327ced4c8273f2318c9f9e3c00,,
caixa_conversao_v1.pdf,349042a4b03cf84bc8adfb66c472c320a62987c9b37435b0525f1816529b2712,1,35,ok,textual,2445,1873,45,52e63f8320f086bfb5439daf3e04fc3dd8d797732eb9e2f10a5494fa9d322502,,
caixa_conversao_v1.pdf,349042a4b03cf84bc8adfb66c472c320a62987c9b37435b0525f1816529b2712,1,36,ok,textual,2652,2034,46,822f1f387a38226b74eacea7913450231e6cfacf2e31fefb024f61083513b205,,
caixa_conversao_v1.pdf,349042a4b03cf84bc8adfb66c472c320a62987c9b37435b0525f1816529b2712,1,37,ok,textual,2801,2139,46,ecf2648261399184d3e1d0dd5aeddb4e4a40665da22a6e51c988ed2dd9742afb,,
caixa_conversao_v1.pdf,349042a4b03cf84bc8adfb66c472c320a62987c9b37435b0525f1816529b2712,1,38,ok,textual,2745,2122,46,5cde2fddb8eb5fa5421f85fbe7b7637e01a25ced1e8c0d16a76d792077fcd5e1,,
caixa_conversao_v1.pdf,349042a4b03cf84bc8adfb66c472c320a62987c9b37435b0525f1816529b2712,1,39,ok,textual,2848,2077,49,f591ea7d263c6a90ef9ea526dd58d231391d0ee7300e6c790579cd584351b6fc,,
caixa_conversao_v1.pdf,349042a4b03cf84bc8adfb66c472c320a62987c9b37435b0525f1816529b2712,1,40,ok,textual,2840,2187,46,065fd5a709abaa8bc22f68b6804a341454d945ee3ae49dcd25d9530d6e9fa28a,,
caixa_conversao_v1.pdf,349042a4b03cf84bc8adfb66c472c320a62987c9b37435b0525f1816529b2712,1,41,ok,textual,2697,1983,46,7d96d9632c0f58fd52b9bd4860d214bc25393f4fc8a5d7968710610cc60ee8a5,,
caixa_conversao_v1.pdf,349042a4b03cf84bc8adfb66c472c320a62987c9b37435b0525f1816529b2712,1,42,ok,textual,2588,1931,47,4a85146a2791cd6c51cebbdd44cb34b8f927bc79acc5a593b72576fc600fa918,,
caixa_conversao_v1.pdf,349042a4b03cf84bc8adfb66c472c320a62987c9b37435b0525f1816529b2712,1,43,ok,textual,3056,2158,53,a072ba9f98550f472f20786cb096fff8287816fc869cbc6b8a63437e504f0d23,,
caixa_conversao_v1.pdf,349042a4b03cf84bc8adfb66c472c320a62987c9b37435b0525f1816529b2712,1,44,ok,textual,2747,2085,47,be425b92c1238f68c3b4526b038d911e2bf23fdd2eba7f8ab271cbbfdd850b41,,
caixa_conversao_v1.pdf,349042a4b03cf84bc8adfb66c472c320a62987c9b37435b0525f1816529b2712,1,45,ok,textual,2625,1904,45,a485f60221024b4c94dcb5b7667148e1c09d2c791b3575eddba04d42b63f06b0,,
caixa_conversao_v1.pdf,349042a4b03cf84bc8adfb66c472c320a62987c9b37435b0525f1816529b2712,1,46,ok,textual,2973,2298,49,17f90a5540f65b711de7a8b82a05a3bc3abf2601e937ae8bbcca30e54b456778,,
caixa_conversao_v1.pdf,349042a4b03cf84bc8adfb66c472c320a62987c9b37435b0525f1816529b2712,1,47,ok,textual,2834,2091,47,e7f2d999ddb9f6169ec37f435b16b52293024951516ee71fa612ea43403437da,,
caixa_conversao_v1.pdf,349042a4b03cf84bc8adfb66c472c320a62987c9b37435b0525f1816529b2712,1,48,ok,textual,2689,2018,47,84e1c34537d97b7ee2eeb4a824f26b1d9b9399e7cd96d271834597a666316ec1,,
caixa_conversao_v1.pdf,349042a4b03cf84bc8adfb66c472c320a62987c9b37435b0525f1816529b2712,1,49,ok,textual,2980,2301,52,f4206201f6ada745817e08344296066abc1faf2d8f2088d01464e5417f755f0f,,
caixa_conversao_v1.pdf,349042a4b03cf84bc8adfb66c472c320a62987c9b37435b0525f1816529b2712,1,50,ok,textual,2896,2291,47,e06254980951855da8cb9681f9cc2df0f5f7b6fe2b0465e28a7e9523552a1525,,
caixa_conversao_v1.pdf,349042a4b03cf84bc8adfb66c472c320a62987c9b37435b0525f1816529b2712,1,51,ok,textual,2602,1890,47,d0fd45807ccda201daa165e28dcaa193faedd8e21cde6a667f2d6390cba8fd79,,
caixa_conversao_v1.pdf,349042a4b03cf84bc8adfb66c472c320a62987c9b37435b0525f1816529b2712,1,52,ok,textual,2749,2041,48,b6e8d516f161c1892c1e36e7a72bd78c4cde44cec7b94a7ceb6fbe1e826af755,,
caixa_conversao_v1.pdf,349042a4b03cf84bc8adfb66c472c320a62987c9b37435b0525f1816529b2712,1,53,ok,textual,2792,2106,46,bbd64c05caa2e9bd1b4860893b9c0d0ab16d4efe7fbb2456a38e1e6cecbfe6e9,,
caixa_conversao_v1.pdf,349042a4b03cf84bc8adfb66c472c320a62987c9b37435b0525f1816529b2712,1,54,ok,textual,2885,2197,48,0c3001ee5ad0fa1e3c991524486ff2c0ae03dfc387c610bc54839b6db1d977a0,,
caixa_conversao_v1.pdf,349042a4b03cf84bc8adfb66c472c320a62987c9b37435b0525f1816529b2712,1,55,ok,textual,2961,2123,51,5d95d58d8eb9ac6fdf802a6ace1f62318e2174ce1474531a18c6f389e2fba410,,
caixa_conversao_v1.pdf,349042a4b03cf84bc8adfb66c472c320a62987c9b37435b0525f1816529b2712,1,56,ok,textual,3135,2348,48,59c6ee7c48388ad03eb58f08d9805d90afe80de4f95e498262f172bafcc9022e,,
caixa_conversao_v1.pdf,349042a4b03cf84bc8adfb66c472c320a62987c9b37435b0525f1816529b2712,1,57,ok,textual,3117,2356,49,ead0a232c898582f4e25e946f27a931f73ce97cad38fbb88261552fe46ef86d3,,
caixa_conversao_v1.pdf,349042a4b03cf84bc8adfb66c472c320a62987c9b37435b0525f1816529b2712,1,58,ok,textual,3084,2424,51,687797d0fa0a5deb114a8ebde467635004cf0c0b5275db60e6fb91502df1d9f2,,
caixa_conversao_v1.pdf,349042a4b03cf84bc8adfb66c472c320a62987c9b37435b0525f1816529b2712,1,59,ok,textual,3154,2387,53,7dcb9209b17c382f0aeee35e5a0e89a46eb1d60a868ce30d6dfa4f5730bab8ea,,
caixa_conversao_v1.pdf,349042a4b03cf84bc8adfb66c472c320a62987c9b37435b0525f1816529b2712,1,60,ok,textual,3214,2471,47,bd8470d43c2b6f8637209c2de037d28391d79be65905bfbebadb243c62fcfe0c,,
caixa_conversao_v1.pdf,349042a4b03cf84bc8adfb66c472c320a62987c9b37435b0525f1816529b2712,1,61,ok,textual,3265,2414,48,76b7360eedc8e2a768eeac06356145d2972c44f239f679da98c5ffc185086666,,
caixa_conversao_v1.pdf,349042a4b03cf84bc8adfb66c472c320a62987c9b37435b0525f1816529b2712,1,62,ok,textual,2903,2299,53,bcab2dbb59556b3043cf45c34c4e0586d505859cab081248b1d2555b13c05d7a,,
caixa_conversao_v1.pdf,349042a4b03cf84bc8adfb66c472c320a62987c9b37435b0525f1816529b2712,1,63,ok,textual,2190,1528,44,955b812f6d0448808dc9c732ff9ec9e1dcb1442b2f47894147f5358e803650d4,,
caixa_conversao_v1.pdf,349042a4b03cf84bc8adfb66c472c320a62987c9b37435b0525f1816529b2712,1,64,ok,textual,2680,2009,46,46160c31c1fb146a96d2314fa6a982d1a9021f3df948575ba071b2181ce27757,,
caixa_conversao_v1.pdf,349042a4b03cf84bc8adfb66c472c320a62987c9b37435b0525f1816529b2712,1,65,ok,textual,2824,2129,47,7c3dd20eb94ee6468ecbe8a47c4f4bd6b60ba259a6197e0e603c00ffd5e56ec3,,
caixa_conversao_v1.pdf,349042a4b03cf84bc8adfb66c472c320a62987c9b37435b0525f1816529b2712,1,66,ok,textual,2821,2235,47,6b8fe6b7111b4492971e3991f51e8c3c665ea36a3f69b03b074d33f3be9cd49a,,
caixa_conversao_v1.pdf,349042a4b03cf84bc8adfb66c472c320a62987c9b37435b0525f1816529b2712,1,67,ok,textual,2965,2259,47,195723889c85bc0e6eaf1d73790f54f258bb7dc1c368c5f094d9b168f7b90bb7,,
caixa_conversao_v1.pdf,349042a4b03cf84bc8adfb66c472c320a62987c9b37435b0525f1816529b2712,1,68,ok,textual,3072,2392,48,cfe32c2e16eafd479c145e2cd2e9048d894f3d06613b27a329883103ea501d13,,
caixa_conversao_v1.pdf,349042a4b03cf84bc8adfb66c472c320a62987c9b37435b0525f1816529b2712,1,69,ok,textual,3136,2323,50,1b694f97e93555f301cd0ab6d051cfb168c0cb31376a1a58a4f441e6748bb3f7,,
caixa_conversao_v1.pdf,349042a4b03cf84bc8adfb66c472c320a62987c9b37435b0525f1816529b2712,1,70,ok,textual,3055,2390,51,fd28d785c58a66676d7b500b2eadaa5b7f0e9d1c548fc1f634396593f8adad48,,
caixa_conversao_v1.pdf,349042a4b03cf84bc8adfb66c472c320a62987c9b37435b0525f1816529b2712,1,71,ok,textual,2925,2208,50,3d5c81c5511689e459ef8d268d7fc154471c9c675f531dace23a8dab0a417660,,
caixa_conversao_v1.pdf,349042a4b03cf84bc8adfb66c472c320a62987c9b37435b0525f1816529b2712,1,72,ok,textual,2100,1486,45,80e901179210fe13b59d52b9c9b9d83517bdd683443810943763b38f58ba521e,,
caixa_conversao_v1.pdf,349042a4b03cf84bc8adfb66c472c320a62987c9b37435b0525f1816529b2712,1,73,ok,textual,2877,2232,49,f76cd9b6747ddd10629329bec452816eab7ed38eaf30adfd77705e30cc6b3ab0,,
caixa_conversao_v1.pdf,349042a4b03cf84bc8adfb66c472c320a62987c9b37435b0525f1816529b2712,1,74,ok,textual,2965,2335,50,11b0ca0397f1f3464ebd3e73335aacb55957f8b4dba08b4a5c77cef6525f6425,,
caixa_conversao_v1.pdf,349042a4b03cf84bc8adfb66c472c320a62987c9b37435b0525f1816529b2712,1,75,ok,textual,2557,1915,47,6f4af39fe97d4b94fab67de4bcba4ec0446e67c135f45be1e4b8d7187d839620,,
caixa_conversao_v1.pdf,349042a4b03cf84bc8adfb66c472c320a62987c9b37435b0525f1816529b2712,1,76,ok,textual,2604,2062,43,56587ea5d1b9f7ae514d5dbffc929a7773779f2538bff7fdc79a572a19ff9e4a,,
caixa_conversao_v1.pdf,349042a4b03cf84bc8adfb66c472c320a62987c9b37435b0525f1816529b2712,1,77,ok,textual,2460,1891,43,f33dd91b4b40b872be9aad42fdf0b29087315f3dbdbcf454d234e2e66acf1c6c,,
caixa_conversao_v1.pdf,349042a4b03cf84bc8adfb66c472c320a62987c9b37435b0525f1816529b2712,1,78,ok,textual,2820,2148,47,d8de17d4d9727f978422f28f593d85e00b3ec175235d9d2bd6b20f0698b7f984,,
caixa_conversao_v1.pdf,349042a4b03cf84bc8adfb66c472c320a62987c9b37435b0525f1816529b2712,1,79,ok,textual,3386,2498,58,8950e95af68f5b1a9d8613905317a9f43c8aeb541ff1af54b1e47c7e480a1814,,
caixa_conversao_v1.pdf,349042a4b03cf84bc8adfb66c472c320a62987c9b37435b0525f1816529b2712,1,80,ok,textual,3090,2393,49,fa3194cdd6c8f725b09fc601746573d99e3310394ff41a41f2f6e7d8901ef34f,,
caixa_conversao_v1.pdf,349042a4b03cf84bc8adfb66c472c320a62987c9b37435b0525f1816529b2712,1,81,ok,textual,3250,2528,48,01cd19575afb2caea4c49369b12449daf8a904f0701eec52c201810ad774fd99,,
caixa_conversao_v1.pdf,349042a4b03cf84bc8adfb66c472c320a62987c9b37435b0525f1816529b2712,1,82,ok,textual,2917,2313,47,210a50b8677b30c085e159eebcdfaf6d1534187782605e2986b7ad3171d452b0,,
caixa_conversao_v1.pdf,349042a4b03cf84bc8adfb66c472c320a62987c9b37435b0525f1816529b2712,1,83,ok,textual,3312,2526,51,ee5a9c0c96f3428fdb50e01108a64fe18803b87d48bfb995cc6a8f6eec2fd491,,
caixa_conversao_v1.pdf,349042a4b03cf84bc8adfb66c472c320a62987c9b37435b0525f1816529b2712,1,84,ok,textual,2885,2261,47,13c70a23617d75e6a1f6f0b55e19f5959b2c79ac949b0b6c04bd05ba8f4241a4,,
caixa_conversao_v1.pdf,349042a4b03cf84bc8adfb66c472c320a62987c9b37435b0525f1816529b2712,1,85,ok,textual,2863,2218,47,2089500590222cc58b39c1d421e97b3489cf1bad6ba03698cc4e744309158e6d,,
caixa_conversao_v1.pdf,349042a4b03cf84bc8adfb66c472c320a62987c9b37435b0525f1816529b2712,1,86,ok,textual,2829,2168,46,172a6287ea878d2748cd715774740e8718a90f6464b08bdfa779dea637c95088,,
caixa_conversao_v1.pdf,349042a4b03cf84bc8adfb66c472c320a62987c9b37435b0525f1816529b2712,1,87,ok,textual,3142,2339,55,137c35e2eb783c8cea6d191038eb5b785e25d52fabc6a1a6645190a11a8a50be,,
caixa_conversao_v1.pdf,349042a4b03cf84bc8adfb66c472c320a62987c9b37435b0525f1816529b2712,1,88,ok,textual,2922,2293,50,998a1808604dabe3c2c90e4433f1a8f201cbdf82d71ebd2fcb2c524cd6e1926c,,
caixa_conversao_v1.pdf,349042a4b03cf84bc8adfb66c472c320a62987c9b37435b0525f1816529b2712,1,89,ok,textual,2755,2061,48,683db47d871ef4912a038d0c5d711a7b1a8c7fb6489f1e23688f7915ecb78114,,
caixa_conversao_v1.pdf,349042a4b03cf84bc8adfb66c472c320a62987c9b37435b0525f1816529b2712,1,90,ok,textual,3147,2419,48,da8882cc1cbeb0ec1697115c822e4eaf1647e0249275effb0b0f469daa2f22da,,
caixa_conversao_v1.pdf,349042a4b03cf84bc8adfb66c472c320a62987c9b37435b0525f1816529b2712,1,91,ok,textual,2403,1002,51,cbdd42b50383715e078e351f266d675c75d06a255f199b92cecec04bb9ba9944,,
caixa_conversao_v1.pdf,349042a4b03cf84bc8adfb66c472c320a62987c9b37435b0525f1816529b2712,1,92,ok,textual,1882,809,65,a0fab6953395a3ad8ec16bbdc6021154922d9605b8388e5622e5e6a40a65457b,,
caixa_conversao_v1.pdf,349042a4b03cf84bc8adfb66c472c320a62987c9b37435b0525f1816529b2712,1,93,ok,textual,1768,1200,46,8aba7164c804b5e5b17c9d8e26613cd16830bb1bfff37e010262dc2d6758e68b,,
caixa_conversao_v1.pdf,349042a4b03cf84bc8adfb66c472c320a62987c9b37435b0525f1816529b2712,1,94,ok,textual,3200,2473,48,979dc4faf77f1c5b4867db9e188a9736e9f109327d9c44af5f25307d3b6da1fb,,
caixa_conversao_v1.pdf,349042a4b03cf84bc8adfb66c472c320a62987c9b37435b0525f1816529b2712,1,95,ok,textual,2831,2173,52,2502bdd48a37386405de620a336b6fbe1a3d4625da906d583bee287089aa6a65,,
caixa_conversao_v1.pdf,349042a4b03cf84bc8adfb66c472c320a62987c9b37435b0525f1816529b2712,1,96,ok,textual,2974,2314,49,adaf5a3faf29f60779a0b98cca28ce65506ac9a3a6afd6b5fc4088291b4e0577,,
caixa_conversao_v1.pdf,349042a4b03cf84bc8adfb66c472c320a62987c9b37435b0525f1816529b2712,1,97,ok,textual,2940,2286,48,6ec21919ce8eb082167243bef14850206e6405b57ce157062be0401c9c95ef85,,
caixa_conversao_v1.pdf,349042a4b03cf84bc8adfb66c472c320a62987c9b37435b0525f1816529b2712,1,98,ok,textual,2384,1650,53,8a258843688b1e7f895c604504686f9a2fd3294323c2fb7d641dd8d83602805f,,
caixa_conversao_v1.pdf,349042a4b03cf84bc8adfb66c472c320a62987c9b37435b0525f1816529b2712,1,99,ok,textual,2695,2062,48,d4983ba65d70048aa89ef57a41d8bc6d3227ed698d23856f69d9239c774b316b,,
caixa_conversao_v1.pdf,349042a4b03cf84bc8adfb66c472c320a62987c9b37435b0525f1816529b2712,1,100,ok,textual,2460,1666,73,ca7a227ca7bbe3ed24098df493a0175de30f6e04ed4a8290e7e65a7f040a0b87,,
caixa_conversao_v1.pdf,349042a4b03cf84bc8adfb66c472c320a62987c9b37435b0525f1816529b2712,1,101,ok,textual,2282,1304,66,b92994a85a57ea6da1d81ca75184fc90f10eb6ebb5f726ca4024265886032696,,
caixa_conversao_v1.pdf,349042a4b03cf84bc8adfb66c472c320a62987c9b37435b0525f1816529b2712,1,102,ok,textual,2478,1781,45,0d56790e32169f6e4d424dc54f9ef37b5a5dbe44df647aa705921ba80d772797,,
caixa_conversao_v1.pdf,349042a4b03cf84bc8adfb66c472c320a62987c9b37435b0525f1816529b2712,1,103,ok,textual,3116,2415,51,38448e549eb2e13676d31d03e4240c94b7c45960c2be19d82b010ecaea04e0f1,,
caixa_conversao_v1.pdf,349042a4b03cf84bc8adfb66c472c320a62987c9b37435b0525f1816529b2712,1,104,ok,textual,3398,2361,47,a2921faff038ce2308ba147eaa20919986949c98b49e8f458244172ff2b6d81f,,
caixa_conversao_v1.pdf,349042a4b03cf84bc8adfb66c472c320a62987c9b37435b0525f1816529b2712,1,105,ok,textual,2202,1691,35,49a25f67ac63b347d6954ca0ff0186d5c20f227250a76b7a121995e01905755a,,
caixa_conversao_v1.pdf,349042a4b03cf84bc8adfb66c472c320a62987c9b37435b0525f1816529b2712,1,106,ok,textual,2300,1741,44,b45ced7ce5b1d59720e3428f4f84529ca92ce03413848f92ebdaa31baf40e94f,,
caixa_conversao_v1.pdf,349042a4b03cf84bc8adfb66c472c320a62987c9b37435b0525f1816529b2712,1,107,ok,textual,2664,1985,45,1d48a2d3d03977667c075615463b657a14de05a01f7aaddc71e191d7d535a2b0,,
caixa_conversao_v1.pdf,349042a4b03cf84bc8adfb66c472c320a62987c9b37435b0525f1816529b2712,1,108,ok,textual,2945,2192,47,36f69d550aa310a0b553f7ee2da4746d7842c7be5d229c55d2175bf2fe3340a0,,
caixa_conversao_v1.pdf,349042a4b03cf84bc8adfb66c472c320a62987c9b37435b0525f1816529b2712,1,109,ok,textual,3245,2154,47,c8e0382347dc6f630e3806e768782aa428d57ebf67487b1e59df1e47a83c0319,,
caixa_conversao_v1.pdf,349042a4b03cf84bc8adfb66c472c320a62987c9b37435b0525f1816529b2712,1,110,ok,textual,2845,2213,47,4f678e7f947c7a6ff87c17a52f067c20fbe074561f76f7b0c99280dafbc79584,,
caixa_conversao_v1.pdf,349042a4b03cf84bc8adfb66c472c320a62987c9b37435b0525f1816529b2712,1,111,ok,textual,2689,2064,47,ff7d4e968930604968b8e65e234e8977bbd17cd3361b5157e7694c0fcd14af5c,,
caixa_conversao_v1.pdf,349042a4b03cf84bc8adfb66c472c320a62987c9b37435b0525f1816529b2712,1,112,ok,textual,3195,2220,47,2cacfc577657c738a67537f0b787b05c0bb5f9c11f2f19c45161357f30529682,,
caixa_conversao_v1.pdf,349042a4b03cf84bc8adfb66c472c320a62987c9b37435b0525f1816529b2712,1,113,ok,textual,3197,2272,49,1dd03b5efbf84b3ee4fabc6b5f4da963809972f6c51a0681c477be0fdc0caea5,,
caixa_conversao_v1.pdf,349042a4b03cf84bc8adfb66c472c320a62987c9b37435b0525f1816529b2712,1,114,ok,textual,2884,2261,52,4393208457271de1e16f25614ddf51fdeb713ffc822d776176ea2fdc1e663cda,,
caixa_conversao_v1.pdf,349042a4b03cf84bc8adfb66c472c320a62987c9b37435b0525f1816529b2712,1,115,ok,textual,2619,1990,45,9fe89546d0e841e7424fd2c0fdb93b5d309cc8b3a6f7ef9b3c5c72a5ca9bf9de,,
caixa_conversao_v1.pdf,349042a4b03cf84bc8adfb66c472c320a62987c9b37435b0525f1816529b2712,1,116,ok,textual,3051,2285,51,04dd30e2995770e8126ec737bdcd779b1b6690450e79b1c0801b28d33ae4fa46,,
caixa_conversao_v1.pdf,349042a4b03cf84bc8adfb66c472c320a62987c9b37435b0525f1816529b2712,1,117,ok,textual,3349,2361,48,e0f08ad18db8721fac281adf9c7a6ae9bbb549ad429f2c4ad62d7f151f6274d8,,
caixa_conversao_v1.pdf,349042a4b03cf84bc8adfb66c472c320a62987c9b37435b0525f1816529b2712,1,118,ok,textual,2996,2330,50,a9d1db7c89f0c930b07739a0f90f04360abd2bcfeece3284c5b2289023e86101,,
caixa_conversao_v1.pdf,349042a4b03cf84bc8adfb66c472c320a62987c9b37435b0525f1816529b2712,1,119,ok,textual,3038,2315,50,0c1a6b86ab063b9b9373d15d633f7e7c7f9c0bdeb343142775cc865cdd08f2f5,,
caixa_conversao_v1.pdf,349042a4b03cf84bc8adfb66c472c320a62987c9b37435b0525f1816529b2712,1,120,ok,textual,2587,1967,43,aaaade4e08c73e4d59fc3720614d61f64c32cc87a5645a63682f732fb0d539be,,
caixa_conversao_v1.pdf,349042a4b03cf84bc8adfb66c472c320a62987c9b37435b0525f1816529b2712,1,121,ok,textual,3342,2472,49,5023e993618378443c43fbaac35d3b99264c38b8e775b5472dcc3e35fcf83251,,
caixa_conversao_v1.pdf,349042a4b03cf84bc8adfb66c472c320a62987c9b37435b0525f1816529b2712,1,122,ok,textual,2939,2247,49,28eb257ea2702e025db152bbc1a7ff2b875ec5d17a254f7bd3018faaec934a1c,,
caixa_conversao_v1.pdf,349042a4b03cf84bc8adfb66c472c320a62987c9b37435b0525f1816529b2712,1,123,ok,textual,3018,2359,47,5f9d869b67427201721b8ba307879ff74739256a236402bcb7860863a0eb91b8,,
caixa_conversao_v1.pdf,349042a4b03cf84bc8adfb66c472c320a62987c9b37435b0525f1816529b2712,1,124,ok,textual,3167,2378,48,7b9e0813cb10dcdb58530cf015848a44b45f106eebf9f47360a5ad33137ee906,,
caixa_conversao_v1.pdf,349042a4b03cf84bc8adfb66c472c320a62987c9b37435b0525f1816529b2712,1,125,ok,textual,3412,2425,47,d1a0f124ab703732a01ffff417e1668adc0de2e9cf335938ab89a73f92f48588,,
caixa_conversao_v1.pdf,349042a4b03cf84bc8adfb66c472c320a62987c9b37435b0525f1816529b2712,1,126,ok,textual,2982,2294,46,b1161f5c5fade682edbe2f7f42f3be707c36b9dd04b12e36ab5047403024c9a9,,
caixa_conversao_v1.pdf,349042a4b03cf84bc8adfb66c472c320a62987c9b37435b0525f1816529b2712,1,127,ok,textual,2811,2144,46,104917b66f43c73f2b93ee9eb5ebd1a125ef28dca8561da37c0c61fe873110ef,,
caixa_conversao_v1.pdf,349042a4b03cf84bc8adfb66c472c320a62987c9b37435b0525f1816529b2712,1,128,ok,textual,2755,2034,45,3ee6c26c5b7935c0294914012bd1124fa0740b8bc092b6a2542b67f33e0d48ad,,
caixa_conversao_v1.pdf,349042a4b03cf84bc8adfb66c472c320a62987c9b37435b0525f1816529b2712,1,129,ok,textual,2999,2201,48,3d82801774efd39e4bc6a7a0557a6f0622232700be1b67d1a2809df638df113e,,
caixa_conversao_v1.pdf,349042a4b03cf84bc8adfb66c472c320a62987c9b37435b0525f1816529b2712,1,130,ok,textual,2752,2001,47,5d4cf8b80e67b9dad1ac3afa65e63f0507300b4bfd73eb2fed242e86010ca0aa,,
caixa_conversao_v1.pdf,349042a4b03cf84bc8adfb66c472c320a62987c9b37435b0525f1816529b2712,1,131,ok,textual,2717,2111,49,4c9bfc89dc169140544c4c16c4714a3141a0f4bab6c332fcb2c1ba8de4c7f51d,,
caixa_conversao_v1.pdf,349042a4b03cf84bc8adfb66c472c320a62987c9b37435b0525f1816529b2712,1,132,ok,textual,2659,1979,45,f25ae9088ed4e07eeb335f7fba833cb41ad179b43d25667ae11e8db1f5621ced,,
caixa_conversao_v1.pdf,349042a4b03cf84bc8adfb66c472c320a62987c9b37435b0525f1816529b2712,1,133,ok,textual,2760,2054,48,e9cdcd49d66a5beaa4d023b31a62f33597dc70cae1f07a7c91665d1d7db43898,,
caixa_conversao_v1.pdf,349042a4b03cf84bc8adfb66c472c320a62987c9b37435b0525f1816529b2712,1,134,ok,textual,2755,2084,49,2249d2557a5d23263f29c60c977b48a47bdcbd8de8df2d7cc79e0e3edd4a0e1a,,
caixa_conversao_v1.pdf,349042a4b03cf84bc8adfb66c472c320a62987c9b37435b0525f1816529b2712,1,135,ok,textual,2937,2143,55,ea44a60371f0f4a6a888a2ade4df946783fe161de61d6c1b0bccda40a96121ba,,
caixa_conversao_v1.pdf,349042a4b03cf84bc8adfb66c472c320a62987c9b37435b0525f1816529b2712,1,136,ok,textual,3264,2364,49,9a0229d3cd164f0b0fbd6b22c305e71e5a8d17133a6bd06f3dedf07ad835050d,,
caixa_conversao_v1.pdf,349042a4b03cf84bc8adfb66c472c320a62987c9b37435b0525f1816529b2712,1,137,ok,textual,3016,2197,45,64c1c13c31c635cd14afd4b23dfc07eb15394933a40aea3db334bc5e587e94f9,,
caixa_conversao_v1.pdf,349042a4b03cf84bc8adfb66c472c320a62987c9b37435b0525f1816529b2712,1,138,ok,textual,2728,2120,45,d2286bfc2a564c1c154fde4bb6cb99097007082b5bea20d81da19ce932d58bae,,
caixa_conversao_v1.pdf,349042a4b03cf84bc8adfb66c472c320a62987c9b37435b0525f1816529b2712,1,139,ok,textual,3149,2402,50,fe7d4e2af2dd36084ef9f077af169687ea68d375f938286f032b717a2cf84d73,,
caixa_conversao_v1.pdf,349042a4b03cf84bc8adfb66c472c320a62987c9b37435b0525f1816529b2712,1,140,ok,textual,3133,2356,48,d53daf6c0df4d78aae401644510397417608938ecb0b790629621d43e5d7f94e,,
caixa_conversao_v1.pdf,349042a4b03cf84bc8adfb66c472c320a62987c9b37435b0525f1816529b2712,1,141,ok,textual,3295,2485,48,320512e18d830afcc4abeceff574d33f0c2ab22e9a8fbb6e955f1dbc0f0b2222,,
caixa_conversao_v1.pdf,349042a4b03cf84bc8adfb66c472c320a62987c9b37435b0525f1816529b2712,1,142,ok,textual,2145,1565,44,26e6b7651cef81c3ec5bc11eae25f5226b80f5297f36980dfbd6289140c47d38,,
caixa_conversao_v1.pdf,349042a4b03cf84bc8adfb66c472c320a62987c9b37435b0525f1816529b2712,1,143,ok,textual,2917,2179,49,a28f236dbdd85275edfb56dc1c6c452e3587f1431f206a45364a1370ef2d8570,,
caixa_conversao_v1.pdf,349042a4b03cf84bc8adfb66c472c320a62987c9b37435b0525f1816529b2712,1,144,ok,sparse,7,3,2,9d56fddf3f176916a43a0ca0de1a0fd5fd0c40fc3beaadc5e649aab7d11dcee0,,
caixa_conversao_v1.pdf,349042a4b03cf84bc8adfb66c472c320a62987c9b37435b0525f1816529b2712,1,145,ok,textual,3134,2345,49,ab621626f9e8c34e10d12d50b9722a86439f85687e24133404049070917e1b13,,
caixa_conversao_v1.pdf,349042a4b03cf84bc8adfb66c472c320a62987c9b37435b0525f1816529b2712,1,146,ok,textual,2742,2092,49,b16b42d746875a4412e088b5ae65aa79b870fc87c89f45141c4c30b13547775f,,
caixa_conversao_v1.pdf,349042a4b03cf84bc8adfb66c472c320a62987c9b37435b0525f1816529b2712,1,147,ok,textual,2260,1572,46,d55f3c3ffbed94ab23dade01ab72dcc78c9204bf183e458326875fc1c32f8576,,
caixa_conversao_v1.pdf,349042a4b03cf84bc8adfb66c472c320a62987c9b37435b0525f1816529b2712,1,148,ok,textual,2962,2172,48,9baf52ffe913fe3838dd74d398841010036995a31b89afae697ab7dc35f56445,,
caixa_conversao_v1.pdf,349042a4b03cf84bc8adfb66c472c320a62987c9b37435b0525f1816529b2712,1,149,ok,textual,1914,1047,41,53d92f04b61f78b2decd7703cb1763f22b8895519d112e61d3dd3b7ef1d3fa7f,,
caixa_conversao_v1.pdf,349042a4b03cf84bc8adfb66c472c320a62987c9b37435b0525f1816529b2712,1,150,ok,textual,2804,2147,52,409064248109c67874b0ba063e7235b3b94b6564c1dbbacf7d045f70bcc1c42f,,
caixa_conversao_v1.pdf,349042a4b03cf84bc8adfb66c472c320a62987c9b37435b0525f1816529b2712,1,151,ok,textual,2802,1990,54,2fa8024c18b6c784a181e95d0be22159b732b60a9ffa47ee0641e423638b1823,,
caixa_conversao_v1.pdf,349042a4b03cf84bc8adfb66c472c320a62987c9b37435b0525f1816529b2712,1,152,ok,textual,2673,2041,45,015e342a2bb782cea1042817ab8871094ab7c3df5ec3a158708d0536397da394,,
caixa_conversao_v1.pdf,349042a4b03cf84bc8adfb66c472c320a62987c9b37435b0525f1816529b2712,1,153,ok,textual,2041,1500,44,331d0dd4dbb49b938c0422f5048a9f812b35a25950f216b953ed4d901feb8d4f,,
caixa_conversao_v1.pdf,349042a4b03cf84bc8adfb66c472c320a62987c9b37435b0525f1816529b2712,1,154,ok,textual,2357,1755,43,b01dde59c5a53148752156ed1c68edb7feb0488a0492d4ad654f4b64ee7b8c22,,
caixa_conversao_v1.pdf,349042a4b03cf84bc8adfb66c472c320a62987c9b37435b0525f1816529b2712,1,155,ok,textual,2961,2268,53,fcd523c149ce03411bb5f479a3e8b0712ed6e99fad460848e36a1e6a8833a9b2,,
caixa_conversao_v1.pdf,349042a4b03cf84bc8adfb66c472c320a62987c9b37435b0525f1816529b2712,1,156,ok,textual,2949,2310,47,5cd8263a394e4e92d74e62548d18f0c33cc9716ffee84999231c9cbba8471c55,,
caixa_conversao_v1.pdf,349042a4b03cf84bc8adfb66c472c320a62987c9b37435b0525f1816529b2712,1,157,ok,textual,3135,2468,48,2196f6ba9af6a002d0b1b08e67a854ebefeaa694f2823150dd543814859afc7c,,
caixa_conversao_v1.pdf,349042a4b03cf84bc8adfb66c472c320a62987c9b37435b0525f1816529b2712,1,158,ok,textual,3107,2467,50,f2dea5d7a5a70a2ef32151a0314d0d980912ef258ac162e984507a5f1e6dfe6e,,
caixa_conversao_v1.pdf,349042a4b03cf84bc8adfb66c472c320a62987c9b37435b0525f1816529b2712,1,159,ok,textual,2650,2013,42,c633dd8fcaaca1b0f7275c0848dc119660628839b55af0ab8aac6e0e51829e7e,,
caixa_conversao_v1.pdf,349042a4b03cf84bc8adfb66c472c320a62987c9b37435b0525f1816529b2712,1,160,ok,textual,3082,2411,51,efd4638932f22719019b34b9af1c47510e2a347fc37bc7c64d11c9bcbb068518,,
caixa_conversao_v1.pdf,349042a4b03cf84bc8adfb66c472c320a62987c9b37435b0525f1816529b2712,1,161,ok,textual,2921,2295,50,a6c11e53325330233a7a01fc9ab897d020d1c37578da7b817eae964e42554736,,
caixa_conversao_v1.pdf,349042a4b03cf84bc8adfb66c472c320a62987c9b37435b0525f1816529b2712,1,162,ok,textual,2694,2049,46,5e2ce0cc6d0d3069a34b45276306df191696243b140c86a64b00bce8c3c7c16d,,
caixa_conversao_v1.pdf,349042a4b03cf84bc8adfb66c472c320a62987c9b37435b0525f1816529b2712,1,163,ok,textual,2859,2108,53,eae3357b4e26af4f40a2758526befb6c6ec6d29c93ee7c898c508364ea3ee3bf,,
caixa_conversao_v1.pdf,349042a4b03cf84bc8adfb66c472c320a62987c9b37435b0525f1816529b2712,1,164,ok,textual,2809,2110,49,8af9663563293d248369286484263095f468a72ddcd18e5f45796a89e4506218,,
caixa_conversao_v1.pdf,349042a4b03cf84bc8adfb66c472c320a62987c9b37435b0525f1816529b2712,1,165,ok,textual,3120,2453,48,fa2d31215c3ec65c951eac0bc550ce39fece601eff5f3819edfaf2529624aabb,,
caixa_conversao_v1.pdf,349042a4b03cf84bc8adfb66c472c320a62987c9b37435b0525f1816529b2712,1,166,ok,textual,2619,1972,46,45e00d037d540f5ff0ddf9b8fecc97022468d928bb13908400d61cbdc9f1b981,,
caixa_conversao_v1.pdf,349042a4b03cf84bc8adfb66c472c320a62987c9b37435b0525f1816529b2712,1,167,ok,textual,2718,2017,49,f64e065ae1bce53cda3842cd03d95194f4df60d5acf156a69cff92079fe7f470,,
caixa_conversao_v1.pdf,349042a4b03cf84bc8adfb66c472c320a62987c9b37435b0525f1816529b2712,1,168,ok,textual,2555,1679,49,f8d6998299afb032b80c9bc410cd43e55dc37f1e9086f538300b8e8c71dbf57d,,
caixa_conversao_v1.pdf,349042a4b03cf84bc8adfb66c472c320a62987c9b37435b0525f1816529b2712,1,169,ok,textual,3457,2380,48,092207481bbbb4c0b7d8f10b07b69d5c676b20709759cd93605df377fe339ea8,,
caixa_conversao_v1.pdf,349042a4b03cf84bc8adfb66c472c320a62987c9b37435b0525f1816529b2712,1,170,ok,textual,3147,2437,52,6a8108be7600417877138a677ddcb58e90c059298d0e0eef2663678869e0de9f,,
caixa_conversao_v1.pdf,349042a4b03cf84bc8adfb66c472c320a62987c9b37435b0525f1816529b2712,1,171,ok,textual,2811,2073,50,68c775eb69452c12eb21ce953ea62acace8ba9b05b6dac5b8501edd28409a3ee,,
caixa_conversao_v1.pdf,349042a4b03cf84bc8adfb66c472c320a62987c9b37435b0525f1816529b2712,1,172,ok,textual,2956,2166,46,8a23115e3d410ec06adf26f9ea3286040832002d4aa46b68cf4d28ebdc4c4121,,
caixa_conversao_v1.pdf,349042a4b03cf84bc8adfb66c472c320a62987c9b37435b0525f1816529b2712,1,173,ok,textual,3052,2150,46,add319370916f2a43adfc242682379461c6e27f37a298a9d8b2cb554855989b0,,
caixa_conversao_v1.pdf,349042a4b03cf84bc8adfb66c472c320a62987c9b37435b0525f1816529b2712,1,174,ok,textual,2835,2188,52,a2d68ce381c910d2c3f444ac2f79d58e95f916c135b300a5a38c7ad21f7c4e6c,,
caixa_conversao_v1.pdf,349042a4b03cf84bc8adfb66c472c320a62987c9b37435b0525f1816529b2712,1,175,ok,textual,2674,1991,49,5f9b2c5c660cdb6471ca051afb158782e807617874174f6842d4b097eae3810c,,
caixa_conversao_v1.pdf,349042a4b03cf84bc8adfb66c472c320a62987c9b37435b0525f1816529b2712,1,176,ok,textual,3169,2339,47,4d4ed6a8f5d5d09fbb2b992c79c1bb50f7f5daa110bcffec3b081743671a1128,,
caixa_conversao_v1.pdf,349042a4b03cf84bc8adfb66c472c320a62987c9b37435b0525f1816529b2712,1,177,ok,textual,3547,2434,50,f586ef658c38e08c9ddcee923fedaf434f3424b2a7841dd7d03a7fb60b9f87d6,,
caixa_conversao_v1.pdf,349042a4b03cf84bc8adfb66c472c320a62987c9b37435b0525f1816529b2712,1,178,ok,textual,2975,2255,53,067ee128350d5d72fbc9d50a8fcbd9b9e3111bdcd66fc74826aa09e99dac1e51,,
caixa_conversao_v1.pdf,349042a4b03cf84bc8adfb66c472c320a62987c9b37435b0525f1816529b2712,1,179,ok,textual,3114,2390,54,73c69e12273b8393b041c3f7f7242bb9f5f699f16278167f580656fd0bffb702,,
caixa_conversao_v1.pdf,349042a4b03cf84bc8adfb66c472c320a62987c9b37435b0525f1816529b2712,1,180,ok,textual,2904,2173,47,a52a9dd91ddd3b423e5da9e615771d8090892df3966527dec821a80f3a7e4bc6,,
caixa_conversao_v1.pdf,349042a4b03cf84bc8adfb66c472c320a62987c9b37435b0525f1816529b2712,1,181,ok,textual,2945,2157,47,342a212bfdd159110e7b06ce7664a97c6ce36e22302fa54db1bcada81740b468,,
caixa_conversao_v1.pdf,349042a4b03cf84bc8adfb66c472c320a62987c9b37435b0525f1816529b2712,1,182,ok,textual,2842,2198,50,51a1d1ba69eaaece2ed450d0690dd98d0db7f9c89c74499b55d412d27c6de531,,
caixa_conversao_v1.pdf,349042a4b03cf84bc8adfb66c472c320a62987c9b37435b0525f1816529b2712,1,183,ok,textual,3038,2270,50,4bf53d4e7da9932cfa517c2698434207c3ffedfaa59582809b580042cd797b07,,
caixa_conversao_v1.pdf,349042a4b03cf84bc8adfb66c472c320a62987c9b37435b0525f1816529b2712,1,184,ok,textual,2835,2206,49,d90f8831c454f6389bc7dcb3439c3745e5e5923575293d2d5424f463428e5cb5,,
caixa_conversao_v1.pdf,349042a4b03cf84bc8adfb66c472c320a62987c9b37435b0525f1816529b2712,1,185,ok,textual,3052,2327,47,aa8c144b79b44368f87a3861688fcb3f3ffac3411574ffe6dd871b86c6983621,,
caixa_conversao_v1.pdf,349042a4b03cf84bc8adfb66c472c320a62987c9b37435b0525f1816529b2712,1,186,ok,textual,2967,2248,46,3651aa13c0a93b9c30597fffbcf5d9001c91edf56fef04971e0a1c52fcf21357,,
caixa_conversao_v1.pdf,349042a4b03cf84bc8adfb66c472c320a62987c9b37435b0525f1816529b2712,1,187,ok,textual,2897,2219,46,367d73b357de36edc5a575763cdf9ef31a551c0c59f363dc57461c2a41344b6e,,
caixa_conversao_v1.pdf,349042a4b03cf84bc8adfb66c472c320a62987c9b37435b0525f1816529b2712,1,188,ok,textual,2542,1895,45,a114e8d97f8658973c90fec3d0758489e173ae8f6ce1972899bcb61f2469bd28,,
caixa_conversao_v1.pdf,349042a4b03cf84bc8adfb66c472c320a62987c9b37435b0525f1816529b2712,1,189,ok,textual,2839,2191,47,c9a79d2737287d9b8c04796ba4138c2d9de90f198b188ba44771ea2fe6ecea9e,,
caixa_conversao_v1.pdf,349042a4b03cf84bc8adfb66c472c320a62987c9b37435b0525f1816529b2712,1,190,ok,textual,2442,1939,41,17d335f5627089acd4ea77d063ec3ad97622f7997fa80a2cde06866ca0e452ba,,
caixa_conversao_v1.pdf,349042a4b03cf84bc8adfb66c472c320a62987c9b37435b0525f1816529b2712,1,191,ok,textual,3347,2624,48,1eb947646a094b400ce811c56f132bafcd26b6dc89258693cf36d6da16c7af38,,
caixa_conversao_v1.pdf,349042a4b03cf84bc8adfb66c472c320a62987c9b37435b0525f1816529b2712,1,192,ok,textual,3186,2430,50,d9aee8679282db96ff836c01b3c8a0e17388fe4235083fdb4d05f025a40e2727,,
caixa_conversao_v1.pdf,349042a4b03cf84bc8adfb66c472c320a62987c9b37435b0525f1816529b2712,1,193,ok,textual,3106,2365,49,e98e7cad14caf359a8b8d162ce41840721f1cb4ced97b6ae61f8a80df21fb237,,
caixa_conversao_v1.pdf,349042a4b03cf84bc8adfb66c472c320a62987c9b37435b0525f1816529b2712,1,194,ok,textual,2930,2236,47,3bdb3875fea23bb30b052819ba7bd72aabdc2743130c349c9e4d37a23c4abf66,,
caixa_conversao_v1.pdf,349042a4b03cf84bc8adfb66c472c320a62987c9b37435b0525f1816529b2712,1,195,ok,textual,3132,2362,53,b3df1c90f9f4f74cd30ff9d7c6272c18f7db5c24a53efc91825c3b26e6c5d11c,,
caixa_conversao_v1.pdf,349042a4b03cf84bc8adfb66c472c320a62987c9b37435b0525f1816529b2712,1,196,ok,textual,2441,1838,51,7b4a15d4e047c6456e5ef3ae4c588a0abd21d5ca40bdab7f727f2e4648a9cdce,,
caixa_conversao_v1.pdf,349042a4b03cf84bc8adfb66c472c320a62987c9b37435b0525f1816529b2712,1,197,ok,textual,3141,2452,49,acfe88af1628bbccbbda22efc96c0d6b093047ffd2d1ac1731a4e8964fbbc3b7,,
caixa_conversao_v1.pdf,349042a4b03cf84bc8adfb66c472c320a62987c9b37435b0525f1816529b2712,1,198,ok,textual,2818,1840,59,503c2aaad589410ab0b0fe66039237d2c0c8855730b039562d68a13b1a4d253c,,
caixa_conversao_v1.pdf,349042a4b03cf84bc8adfb66c472c320a62987c9b37435b0525f1816529b2712,1,199,ok,textual,3213,2435,51,744a1c4820f9ecec6335cbd23270de4676451c4a99e82798ae159eace8be0004,,
caixa_conversao_v1.pdf,349042a4b03cf84bc8adfb66c472c320a62987c9b37435b0525f1816529b2712,1,200,ok,textual,3278,2550,48,49063b6f9563201d58edb88e86cbcef109cabf18688e3fa8ea949f1ce3e2dfe1,,
caixa_conversao_v1.pdf,349042a4b03cf84bc8adfb66c472c320a62987c9b37435b0525f1816529b2712,1,201,ok,textual,3280,2450,50,35b648add82be990f88629b8a6903f1f2211f451055ccd28cde26a5cb69405b9,,
caixa_conversao_v1.pdf,349042a4b03cf84bc8adfb66c472c320a62987c9b37435b0525f1816529b2712,1,202,ok,textual,3102,2414,49,f5cbc7c50999a684fd78d4b0d8ec1a5d680668380c844bf1b5cb2fad501c9edb,,
caixa_conversao_v1.pdf,349042a4b03cf84bc8adfb66c472c320a62987c9b37435b0525f1816529b2712,1,203,ok,textual,2832,2085,45,8e81500755d49f0b8c54a25ac85b05ecea5485b785456fe7a9eb5e5dc3d44b13,,
caixa_conversao_v1.pdf,349042a4b03cf84bc8adfb66c472c320a62987c9b37435b0525f1816529b2712,1,204,ok,textual,2221,1541,45,76b6294659eb7f047d91b952a6593122337ea396cc0af65a62dc1e60b6b1a85a,,
caixa_conversao_v1.pdf,349042a4b03cf84bc8adfb66c472c320a62987c9b37435b0525f1816529b2712,1,205,ok,textual,3187,2331,57,36aeec354feb66c555062ff883269357135f2ba26945a6a751ef134912b00413,,
caixa_conversao_v1.pdf,349042a4b03cf84bc8adfb66c472c320a62987c9b37435b0525f1816529b2712,1,206,ok,textual,3100,2406,50,5995e52d9cd1fc5e7a0c1d8ab7687b79cc22fdff80a558f7e6862f8705b4e799,,
caixa_conversao_v1.pdf,349042a4b03cf84bc8adfb66c472c320a62987c9b37435b0525f1816529b2712,1,207,ok,textual,2930,2212,49,d07807ab7cb691e471ff47d964d75271d499deb2b5ee12669463318ad87d7c8e,,
caixa_conversao_v1.pdf,349042a4b03cf84bc8adfb66c472c320a62987c9b37435b0525f1816529b2712,1,208,ok,textual,3007,2301,49,03187c6849b2c95b3048c51f2ff7777a56aae758144723521e5c3e3158a8ba64,,
caixa_conversao_v1.pdf,349042a4b03cf84bc8adfb66c472c320a62987c9b37435b0525f1816529b2712,1,209,ok,textual,3044,2295,58,e2d164ccdd02ab1bcf551e0d4b70f91ff59557f76a01a093767999b44e7483fc,,
caixa_conversao_v1.pdf,349042a4b03cf84bc8adfb66c472c320a62987c9b37435b0525f1816529b2712,1,210,ok,textual,2794,2180,48,c5fb5843c63a24e73825a81884a3c0384f0eb59c84bfafa39eae05c4c1e930d5,,
caixa_conversao_v1.pdf,349042a4b03cf84bc8adfb66c472c320a62987c9b37435b0525f1816529b2712,1,211,ok,textual,2972,2270,50,335b822f8d50255579964bacb417aca4160faf82802970b628a341700b26de3e,,
caixa_conversao_v1.pdf,349042a4b03cf84bc8adfb66c472c320a62987c9b37435b0525f1816529b2712,1,212,ok,textual,3157,2475,51,e2e0f060e1acb9942818228a3d4b0bf25097272b9ca7b428e07263c5b80fcccf,,
caixa_conversao_v1.pdf,349042a4b03cf84bc8adfb66c472c320a62987c9b37435b0525f1816529b2712,1,213,ok,textual,3098,2293,49,5cc5c9a76a4e8eb18d0bf563ee34bfe92c7371fadae39b799ec245f881f5426e,,
caixa_conversao_v1.pdf,349042a4b03cf84bc8adfb66c472c320a62987c9b37435b0525f1816529b2712,1,214,ok,textual,3106,2372,49,4a1e837763944f0223a47a78b8713bed2ebadac96a4c75e7498b774d9245ff1a,,
caixa_conversao_v1.pdf,349042a4b03cf84bc8adfb66c472c320a62987c9b37435b0525f1816529b2712,1,215,ok,textual,3304,2465,49,ed05fc88750590b6593e5151d84f17a9c274cf5f6f402eac23ee6d7f91d05778,,
caixa_conversao_v1.pdf,349042a4b03cf84bc8adfb66c472c320a62987c9b37435b0525f1816529b2712,1,216,ok,textual,3167,2447,49,f70fbcc99e1de4b145f2b8668db6c9748ebfb8c5104d265293e822f68a3f2c7d,,
caixa_conversao_v1.pdf,349042a4b03cf84bc8adfb66c472c320a62987c9b37435b0525f1816529b2712,1,217,ok,textual,2354,1804,39,c2ead4d98c2ccd6ba4c88b1eb00777c0506ba1b48fbf8bba741a2e1f9498de52,,
caixa_conversao_v1.pdf,349042a4b03cf84bc8adfb66c472c320a62987c9b37435b0525f1816529b2712,1,218,ok,textual,2859,2223,44,65fb747c28a948dd39c94c7dc5c17fe19ff0663a2cb185b5e623753537ef8ec6,,
caixa_conversao_v1.pdf,349042a4b03cf84bc8adfb66c472c320a62987c9b37435b0525f1816529b2712,1,219,ok,textual,3297,2471,51,e5dc78f589d642d5aa269c988171cd51c601f5bd83d09a050f9c9daf2c3c54bf,,
caixa_conversao_v1.pdf,349042a4b03cf84bc8adfb66c472c320a62987c9b37435b0525f1816529b2712,1,220,ok,textual,3182,2474,48,2dece78f82018fe4e1c71d8bbc0d9e3eeef9b657a12615fd178d3b47c0e9c6ef,,
caixa_conversao_v1.pdf,349042a4b03cf84bc8adfb66c472c320a62987c9b37435b0525f1816529b2712,1,221,ok,textual,3109,2371,51,1a13c1605aacec599b2715273f7058611f6e42e47d7ea47aca6344f142d6aaa8,,
caixa_conversao_v1.pdf,349042a4b03cf84bc8adfb66c472c320a62987c9b37435b0525f1816529b2712,1,222,ok,textual,3155,2420,51,9afd81909b8ea1322fbf5983a447d1bc0ce5494a4e01a15c393064301e7a3ae4,,
caixa_conversao_v1.pdf,349042a4b03cf84bc8adfb66c472c320a62987c9b37435b0525f1816529b2712,1,223,ok,textual,3034,2316,47,4dac859f40b966322c16cf78207e6da68e5f3880f2226b463be4fa558b346c66,,
caixa_conversao_v1.pdf,349042a4b03cf84bc8adfb66c472c320a62987c9b37435b0525f1816529b2712,1,224,ok,textual,3235,2537,49,0994357e3b4ac5d100866b27567fc9eaf32eb5db75fe769ea6ef4c664da2de0b,,
caixa_conversao_v1.pdf,349042a4b03cf84bc8adfb66c472c320a62987c9b37435b0525f1816529b2712,1,225,ok,textual,3007,2313,49,19d87f1f1641a6b3237c5bb42e4b71316ec670de01e60bf05cb44638d4aa3e61,,
caixa_conversao_v1.pdf,349042a4b03cf84bc8adfb66c472c320a62987c9b37435b0525f1816529b2712,1,226,ok,textual,3072,2415,50,7275eddcd0368198f6c65e1071c42edac914e930cb98fe5e8691b40fc5e52f6f,,
caixa_conversao_v1.pdf,349042a4b03cf84bc8adfb66c472c320a62987c9b37435b0525f1816529b2712,1,227,ok,textual,2930,2231,50,21ef4f2f066620bebeb1ac5391437e59ab2e8484f1f0d9efe4aef79a76de68ff,,
caixa_conversao_v1.pdf,349042a4b03cf84bc8adfb66c472c320a62987c9b37435b0525f1816529b2712,1,228,ok,textual,3181,2453,48,51aa132f2334fc5c234b4e1803a36f5ce6d4c1a4d4618117a391f08175e7be03,,
caixa_conversao_v1.pdf,349042a4b03cf84bc8adfb66c472c320a62987c9b37435b0525f1816529b2712,1,229,ok,textual,3092,2354,49,60227782a285dd5376128d95ed3bf26fafdc12a7509bddf4f9f0e0b905f5b9d5,,
caixa_conversao_v1.pdf,349042a4b03cf84bc8adfb66c472c320a62987c9b37435b0525f1816529b2712,1,230,ok,textual,3199,2505,49,f2e05cab6430d4554b10751cf0ea437bf5d827a86c553c503ad0fb6acc855058,,
caixa_conversao_v1.pdf,349042a4b03cf84bc8adfb66c472c320a62987c9b37435b0525f1816529b2712,1,231,ok,textual,3202,2480,51,7cfbae7cdea2a8483d35f84541852049d2574c1419ed13b6f052e711695053fe,,
caixa_conversao_v1.pdf,349042a4b03cf84bc8adfb66c472c320a62987c9b37435b0525f1816529b2712,1,232,ok,textual,3610,2570,48,8ee8bff1fd64fb2b6703e9198bcbcfa3eca438a4ed79d027806a2cb3557698af,,
caixa_conversao_v1.pdf,349042a4b03cf84bc8adfb66c472c320a62987c9b37435b0525f1816529b2712,1,233,ok,textual,2959,2105,42,9811c23959b1f6deae4377d65fbca2e4489cedb5b42b7487c2e66ace82d9df3c,,
caixa_conversao_v1.pdf,349042a4b03cf84bc8adfb66c472c320a62987c9b37435b0525f1816529b2712,1,234,ok,textual,2860,2206,51,10328039f3ebe941dcec24e66712128a521e1d41893307874970ebd1a850799f,,
caixa_conversao_v1.pdf,349042a4b03cf84bc8adfb66c472c320a62987c9b37435b0525f1816529b2712,1,235,ok,textual,2949,2251,53,1e722a316a9932ade6d2e042c62d1fb904fa82423410513c4a9ed460202c31d3,,
caixa_conversao_v1.pdf,349042a4b03cf84bc8adfb66c472c320a62987c9b37435b0525f1816529b2712,1,236,ok,textual,3389,2428,50,c9fdeafa0e27b45bda85e08d10f9622dd464a3d80294b2a32eeeac076d7155b9,,
caixa_conversao_v1.pdf,349042a4b03cf84bc8adfb66c472c320a62987c9b37435b0525f1816529b2712,1,237,ok,textual,3556,2502,47,9ede36d58c0270e648b4bebd8e4a76dd220a11e2d080e53ea86633e1e7a39932,,
caixa_conversao_v1.pdf,349042a4b03cf84bc8adfb66c472c320a62987c9b37435b0525f1816529b2712,1,238,ok,textual,2849,2229,47,3db38a9086349c6bea23b2b08be66c655d94e75c695e3fae0dd1c459b2f2b442,,
caixa_conversao_v1.pdf,349042a4b03cf84bc8adfb66c472c320a62987c9b37435b0525f1816529b2712,1,239,ok,textual,2317,1759,45,e955cfcc123d049c5408561718d0b82ae0545cb502e9765dda2a5e825600ac3f,,
caixa_conversao_v1.pdf,349042a4b03cf84bc8adfb66c472c320a62987c9b37435b0525f1816529b2712,1,240,ok,textual,2958,2213,50,8a3aeb2e1c6f98ecbc35d69b4f549920219f4228ac9373bb5370fed7c686ab70,,
caixa_conversao_v1.pdf,349042a4b03cf84bc8adfb66c472c320a62987c9b37435b0525f1816529b2712,1,241,ok,textual,3025,2200,48,a35a88d778f122403062fa527fa529aced503cc63c73bb233451c1feb6779f78,,
caixa_conversao_v1.pdf,349042a4b03cf84bc8adfb66c472c320a62987c9b37435b0525f1816529b2712,1,242,ok,textual,2837,2186,51,422ce3dc9342c5e15d087b34fe9e89537dbaf487a2624fb769d99eac3a62aff2,,
caixa_conversao_v1.pdf,349042a4b03cf84bc8adfb66c472c320a62987c9b37435b0525f1816529b2712,1,243,ok,textual,2992,2238,53,3c64029464b47254b4542c5193f84edb1b71d95de44c94b6e7e6d3ddbabe31a5,,
caixa_conversao_v1.pdf,349042a4b03cf84bc8adfb66c472c320a62987c9b37435b0525f1816529b2712,1,244,ok,textual,3055,2280,50,70848c408780a4bcb6fbad9101b4b76f772833fa1a6e71063e6004f7805155d0,,
caixa_conversao_v1.pdf,349042a4b03cf84bc8adfb66c472c320a62987c9b37435b0525f1816529b2712,1,245,ok,textual,2954,2132,47,41caa2413706525303c49749462b7111a106211b410413e020d541dc23cdc5c2,,
caixa_conversao_v1.pdf,349042a4b03cf84bc8adfb66c472c320a62987c9b37435b0525f1816529b2712,1,246,ok,textual,2842,2227,50,86bc5c3c53cb8cc91fcceb7e54b88c5b457771a480c220ba1bd39f2f25a76f8f,,
caixa_conversao_v1.pdf,349042a4b03cf84bc8adfb66c472c320a62987c9b37435b0525f1816529b2712,1,247,ok,textual,2863,2175,50,8c58cbb6557bca05e8d0ae541c3b4cf52cb69891f360f2c4f251a39dab19a2dd,,
caixa_conversao_v1.pdf,349042a4b03cf84bc8adfb66c472c320a62987c9b37435b0525f1816529b2712,1,248,ok,textual,3058,2269,49,3c48cdfa69c6265248c075102033883ddd49ed8e83669cb633b5e744efb991d4,,
caixa_conversao_v1.pdf,349042a4b03cf84bc8adfb66c472c320a62987c9b37435b0525f1816529b2712,1,249,ok,textual,3389,2179,50,4e10216215c0da9ecfb8a6483e572c8598878f587f8b24bd564388bfc8bc2459,,
caixa_conversao_v1.pdf,349042a4b03cf84bc8adfb66c472c320a62987c9b37435b0525f1816529b2712,1,250,ok,textual,2810,2127,48,d19e50ed7cf3a58144fee55d494b66201af55a6faa4d1d82d7e8f256cd7ad016,,
caixa_conversao_v1.pdf,349042a4b03cf84bc8adfb66c472c320a62987c9b37435b0525f1816529b2712,1,251,ok,textual,2980,2287,50,ba329046b9dfa07f03e89aeae84a3fe36972d8234dcea0d7825e0b7a14f52c22,,
caixa_conversao_v1.pdf,349042a4b03cf84bc8adfb66c472c320a62987c9b37435b0525f1816529b2712,1,252,ok,textual,2843,1845,43,ebd5c0e06d58fb70cd167ec9d2def4616d41315e100dcd95695afd5fe6d08340,,
caixa_conversao_v1.pdf,349042a4b03cf84bc8adfb66c472c320a62987c9b37435b0525f1816529b2712,1,253,ok,textual,3018,1904,68,087a38a511eacbd84cabb5b9fd8e2636d24cec842c724fa3b5fded5337143fe3,,
caixa_conversao_v1.pdf,349042a4b03cf84bc8adfb66c472c320a62987c9b37435b0525f1816529b2712,1,254,ok,textual,2951,2295,47,9d1816c712ce092693956d29f7577f65011eb4f4a10f27709e37c0ddc6f80a5b,,
caixa_conversao_v1.pdf,349042a4b03cf84bc8adfb66c472c320a62987c9b37435b0525f1816529b2712,1,255,ok,textual,2994,2340,52,ce79f3a256df7bca18acd30a18c61aaa63b1afacb4a1e348acb9d22421ab7d40,,
caixa_conversao_v1.pdf,349042a4b03cf84bc8adfb66c472c320a62987c9b37435b0525f1816529b2712,1,256,ok,textual,2993,2207,47,3bb89fab6da2ee4c72ca6819bb7bc77458015775357aa7d2770a18cce3781089,,
caixa_conversao_v1.pdf,349042a4b03cf84bc8adfb66c472c320a62987c9b37435b0525f1816529b2712,1,257,ok,textual,3180,2305,50,772b2683c29c4b67256f2a1a77297204eaa27d406df1f21a2d3045409217c1a2,,
caixa_conversao_v1.pdf,349042a4b03cf84bc8adfb66c472c320a62987c9b37435b0525f1816529b2712,1,258,ok,textual,2538,1974,47,d64cab1557265020b8c4b11cb0793acf20e6cc802c0be4dd1dd6215126808fa9,,
caixa_conversao_v1.pdf,349042a4b03cf84bc8adfb66c472c320a62987c9b37435b0525f1816529b2712,1,259,ok,textual,2909,2232,51,151100264c6439efe51eb01c6463af524ab7b1782de56af18a59d6638afb4ce2,,
caixa_conversao_v1.pdf,349042a4b03cf84bc8adfb66c472c320a62987c9b37435b0525f1816529b2712,1,260,ok,textual,3262,2354,48,56673c593c7838cd688c66806686db30134d736f8007bc87e7047c98876cab65,,
caixa_conversao_v1.pdf,349042a4b03cf84bc8adfb66c472c320a62987c9b37435b0525f1816529b2712,1,261,ok,textual,2854,2031,50,a11c1001f484828435b35d1ff4ff31a8f0d085a22e3450e8ef7dbb30793a6fda,,
caixa_conversao_v1.pdf,349042a4b03cf84bc8adfb66c472c320a62987c9b37435b0525f1816529b2712,1,262,ok,textual,2890,2196,50,e699cb79ecdf5a42c377d5f3d9571284b0d3242cd13821fac97aba1267d5497e,,
caixa_conversao_v1.pdf,349042a4b03cf84bc8adfb66c472c320a62987c9b37435b0525f1816529b2712,1,263,ok,textual,2910,2159,51,2ed48891b90b9ba05e8d11155f522f9e571cd044f8ae0820643479aed14f69f4,,
caixa_conversao_v1.pdf,349042a4b03cf84bc8adfb66c472c320a62987c9b37435b0525f1816529b2712,1,264,ok,textual,2812,2185,48,fe01501e568ac8e447df0184187f05fa35d3f6c19e5c7bf8dc384d9694a4cfeb,,
caixa_conversao_v1.pdf,349042a4b03cf84bc8adfb66c472c320a62987c9b37435b0525f1816529b2712,1,265,ok,textual,2817,2160,48,d83dd93b9cef4dfcd67fcdf0c6bec9df9da97d7d115c9accd4adaf015baa96b8,,
caixa_conversao_v1.pdf,349042a4b03cf84bc8adfb66c472c320a62987c9b37435b0525f1816529b2712,1,266,ok,textual,2831,2181,47,a6e3edf26ae191e84b70767c50a65ff3c421926b81c4c2c133022fe20535d04e,,
caixa_conversao_v1.pdf,349042a4b03cf84bc8adfb66c472c320a62987c9b37435b0525f1816529b2712,1,267,ok,textual,2835,2044,54,5b333ce15531ae807c6e8ae0cbe2d6afeabbde466372464475980b9457fcb79b,,
caixa_conversao_v1.pdf,349042a4b03cf84bc8adfb66c472c320a62987c9b37435b0525f1816529b2712,1,268,ok,textual,2625,2003,48,7cbe14a371b9e32cce892227965e130b72ff265a4860776091783bd1e00cd489,,
caixa_conversao_v1.pdf,349042a4b03cf84bc8adfb66c472c320a62987c9b37435b0525f1816529b2712,1,269,ok,textual,2833,2104,47,11eced865ea155fa2fbbcad57251ff6b2a89cbae2688dc24a26151f99305ba1e,,
caixa_conversao_v1.pdf,349042a4b03cf84bc8adfb66c472c320a62987c9b37435b0525f1816529b2712,1,270,ok,textual,2711,2127,47,53b371da11cd62f8510dd5b75a116f3f8853a795e15b6a112e6581ff73705ad7,,
caixa_conversao_v1.pdf,349042a4b03cf84bc8adfb66c472c320a62987c9b37435b0525f1816529b2712,1,271,ok,textual,2748,2077,48,fa588e8456f7b9ec099ad1f647bc8ef84a41c3e41674a5ad8d42ac991ee8a40a,,
caixa_conversao_v1.pdf,349042a4b03cf84bc8adfb66c472c320a62987c9b37435b0525f1816529b2712,1,272,ok,textual,2805,2147,50,9e0d162e5b4d92460e9dc4acfdd0de9d3a684e127afeaff1a10b6c87c8d77f4b,,
caixa_conversao_v1.pdf,349042a4b03cf84bc8adfb66c472c320a62987c9b37435b0525f1816529b2712,1,273,ok,textual,2765,2136,50,75c32d8bf88f1af6b0c42c413859be02ab69d5232e7a9168788728bd27dfd1ee,,
caixa_conversao_v1.pdf,349042a4b03cf84bc8adfb66c472c320a62987c9b37435b0525f1816529b2712,1,274,ok,textual,2810,2164,48,7b9cf3c57a3ee04eb1f5f8ba85463093880055fb5d6f83d6e06b2b5a8dd973b5,,
caixa_conversao_v1.pdf,349042a4b03cf84bc8adfb66c472c320a62987c9b37435b0525f1816529b2712,1,275,ok,textual,2746,2090,46,a0db71b75e9815cd9104bb8dee3131412c1feddbbd2bdd6df5dc4237bceef0be,,
caixa_conversao_v1.pdf,349042a4b03cf84bc8adfb66c472c320a62987c9b37435b0525f1816529b2712,1,276,ok,textual,2097,1583,37,7b234f076d87258b11698013b3bd6c12b66942eb2fd5b85f652f043be9b34059,,
caixa_conversao_v1.pdf,349042a4b03cf84bc8adfb66c472c320a62987c9b37435b0525f1816529b2712,1,277,ok,textual,3361,2594,49,0560cfc0f0d4b11032b66a21fa111d757f0b3e3af91617add22c2369e770716c,,
caixa_conversao_v1.pdf,349042a4b03cf84bc8adfb66c472c320a62987c9b37435b0525f1816529b2712,1,278,ok,textual,3045,2349,49,26dee24a950c6d9f706e10c733bcbeefe2778b83639338ad74f73cf3acc8203a,,
caixa_conversao_v1.pdf,349042a4b03cf84bc8adfb66c472c320a62987c9b37435b0525f1816529b2712,1,279,ok,textual,3342,2484,52,8bbe9c4f376ed5d4cac9ac9c6bffb15e4745dcdfe27d1ee08107d7abd87baadb,,
caixa_conversao_v1.pdf,349042a4b03cf84bc8adfb66c472c320a62987c9b37435b0525f1816529b2712,1,280,ok,textual,2938,2235,47,b13d7f9a3531c8916c7a6b61f3f9fab9082909895cb24fe63482526a54b977a3,,
caixa_conversao_v1.pdf,349042a4b03cf84bc8adfb66c472c320a62987c9b37435b0525f1816529b2712,1,281,ok,textual,3300,2538,47,a4386a2438c454c485369639e3568bd6c0d0999927c550162509373920a87f47,,
caixa_conversao_v1.pdf,349042a4b03cf84bc8adfb66c472c320a62987c9b37435b0525f1816529b2712,1,282,ok,textual,2744,2073,45,83c25576d9e69a9177898de14d230b7e9c56d4ce1cc9889245c7b7b80da7f13d,,
caixa_conversao_v1.pdf,349042a4b03cf84bc8adfb66c472c320a62987c9b37435b0525f1816529b2712,1,283,ok,textual,3361,2560,50,0e6bc094a124b1d74bf4c32707374c28e92c248aaceae2dece14701f4ca7eda5,,
caixa_conversao_v1.pdf,349042a4b03cf84bc8adfb66c472c320a62987c9b37435b0525f1816529b2712,1,284,ok,textual,3228,2395,48,f2bfa5d12516182b5d17b2931f08a480364e62cfa0c00983cdb23a908f586dd7,,
caixa_conversao_v1.pdf,349042a4b03cf84bc8adfb66c472c320a62987c9b37435b0525f1816529b2712,1,285,ok,textual,3350,2481,52,65fda90796a9caf669ac3440fe526b30c6c08977f5d46b7c075fc4157976526a,,
caixa_conversao_v1.pdf,349042a4b03cf84bc8adfb66c472c320a62987c9b37435b0525f1816529b2712,1,286,ok,textual,3256,2546,49,62a333687e3507b459d65e4e0d239f183927f61715ea3b7b5a67772dda5af350,,
caixa_conversao_v1.pdf,349042a4b03cf84bc8adfb66c472c320a62987c9b37435b0525f1816529b2712,1,287,ok,textual,3088,2315,54,57ffcedda47e823bc8377171121a90cdeaef9b39e4703ec687f1828fa4698605,,
caixa_conversao_v1.pdf,349042a4b03cf84bc8adfb66c472c320a62987c9b37435b0525f1816529b2712,1,288,ok,textual,3124,2379,48,55f48d6198c4c5e56755cc02c4746c134c27d83238852ec35d66bf09cf1bdc01,,
caixa_conversao_v1.pdf,349042a4b03cf84bc8adfb66c472c320a62987c9b37435b0525f1816529b2712,1,289,ok,textual,3253,2469,49,7e63633f8ba3fc82e6a0204accc6cde029568feeb21b847cdfa1382ab34a64ca,,
caixa_conversao_v1.pdf,349042a4b03cf84bc8adfb66c472c320a62987c9b37435b0525f1816529b2712,1,290,ok,textual,3109,2437,48,d271df8809a48928637923dcefe6d2636f29eefb6c2db980be74c6e28836af5c,,
caixa_conversao_v1.pdf,349042a4b03cf84bc8adfb66c472c320a62987c9b37435b0525f1816529b2712,1,291,ok,textual,3272,2535,53,05727895a02f8386b3eb8e66779afe080413330124dae6acea3a627fcf718d73,,
caixa_conversao_v1.pdf,349042a4b03cf84bc8adfb66c472c320a62987c9b37435b0525f1816529b2712,1,292,ok,textual,3182,2431,48,f9d51ae60f34b50672c25b7ca63f50d2045f5d6ce55bcccb4e312cedc9955552,,
caixa_conversao_v1.pdf,349042a4b03cf84bc8adfb66c472c320a62987c9b37435b0525f1816529b2712,1,293,ok,textual,3133,2367,47,9bc9f7eb01920b3ab333270e2e858cc94d680bbf5480a6cb376bed0b1c7b7ef9,,
caixa_conversao_v1.pdf,349042a4b03cf84bc8adfb66c472c320a62987c9b37435b0525f1816529b2712,1,294,ok,textual,3034,2350,47,fd7506dcf82efbff8573ff5d8f0676e58e76cadd68006fa82617d06d01fcf9e3,,
caixa_conversao_v1.pdf,349042a4b03cf84bc8adfb66c472c320a62987c9b37435b0525f1816529b2712,1,295,ok,textual,3203,2437,53,60b9bc1ac3f180d0e561dba5f65e07749f176f4adf098a2b220f2db594bce546,,
caixa_conversao_v1.pdf,349042a4b03cf84bc8adfb66c472c320a62987c9b37435b0525f1816529b2712,1,296,ok,textual,3135,2452,48,4982d0d5d87e294a6f85f797f7d565b58e20b275515af7a3429626a09938e1c2,,
caixa_conversao_v1.pdf,349042a4b03cf84bc8adfb66c472c320a62987c9b37435b0525f1816529b2712,1,297,ok,textual,2954,2306,48,80180bdfdaa36a53687461824851033b98e0cb90b9c328dd9789768bb2511d88,,
caixa_conversao_v1.pdf,349042a4b03cf84bc8adfb66c472c320a62987c9b37435b0525f1816529b2712,1,298,ok,textual,2959,2302,47,5938710033688eb3e997b8ed5bd435115280834cb914f5a3a1fcab1a8f2e5d28,,
caixa_conversao_v1.pdf,349042a4b03cf84bc8adfb66c472c320a62987c9b37435b0525f1816529b2712,1,299,ok,textual,2711,2082,49,c0a0efbb456339b2e76b3f88260f8a968a61be7fe536c0c50131dc7a13dd3e06,,
caixa_conversao_v1.pdf,349042a4b03cf84bc8adfb66c472c320a62987c9b37435b0525f1816529b2712,1,300,ok,textual,2963,2286,51,b6b0bc04074fdef063dd42860a61d05192b64efc0449116caff9f132fc05c880,,
caixa_conversao_v1.pdf,349042a4b03cf84bc8adfb66c472c320a62987c9b37435b0525f1816529b2712,1,301,ok,textual,2232,1521,45,9e95b844aa9355449d1e53510a2f88667c435f42c849c8f0af5b4cc32f5345e6,,
caixa_conversao_v1.pdf,349042a4b03cf84bc8adfb66c472c320a62987c9b37435b0525f1816529b2712,1,302,ok,textual,2604,1963,46,e54b48843abeb6d9a2371ce1eef0d99d5ccd12628956baf7139e9245cdb20129,,
caixa_conversao_v1.pdf,349042a4b03cf84bc8adfb66c472c320a62987c9b37435b0525f1816529b2712,1,303,ok,textual,1834,1262,45,7ab8469a0568f16dbe1f82f671ca446b63f156fdc0fea1b0d9035258963be069,,
caixa_conversao_v1.pdf,349042a4b03cf84bc8adfb66c472c320a62987c9b37435b0525f1816529b2712,1,304,ok,textual,1991,1353,39,9b9b9923bcefee16b51b53bc92e83c47856874ef3a4935d6e53c45145f37b2b9,,
caixa_conversao_v1.pdf,349042a4b03cf84bc8adfb66c472c320a62987c9b37435b0525f1816529b2712,1,305,ok,textual,2749,2084,47,e94bc3a69b8e6250962458403647765733ff6dbd9a990392232c238db79453b5,,
caixa_conversao_v1.pdf,349042a4b03cf84bc8adfb66c472c320a62987c9b37435b0525f1816529b2712,1,306,ok,textual,2307,1360,70,13bca7c644da1c5321df8a38b609fa466fd50dea3156d5e8c3fe271ce9f70b68,,
caixa_conversao_v1.pdf,349042a4b03cf84bc8adfb66c472c320a62987c9b37435b0525f1816529b2712,1,307,ok,textual,2496,1943,50,60e7815518a4845a0632e89f28a8d766006b8cedb371a14576354e8f096042d2,,
caixa_conversao_v1.pdf,349042a4b03cf84bc8adfb66c472c320a62987c9b37435b0525f1816529b2712,1,308,ok,textual,3045,2410,48,4d13b8d43d5ac223d50fa8aede2a7e902f2e2b2a2484a2d1da8328b143727cce,,
caixa_conversao_v1.pdf,349042a4b03cf84bc8adfb66c472c320a62987c9b37435b0525f1816529b2712,1,309,ok,textual,2953,2287,48,e24cf239857a8c6f86210e93dfe03cb4f02a3081a433679af918a86871097f34,,
caixa_conversao_v1.pdf,349042a4b03cf84bc8adfb66c472c320a62987c9b37435b0525f1816529b2712,1,310,ok,textual,2735,2134,45,4d3c544549682e84f369897a284d251713563f4903204476881e0bc30213fca0,,
caixa_conversao_v1.pdf,349042a4b03cf84bc8adfb66c472c320a62987c9b37435b0525f1816529b2712,1,311,ok,textual,2204,1608,45,6323b853b0a6422b9ccc8126392102af2f21d885435009b9be44de59ce32189f,,
caixa_conversao_v1.pdf,349042a4b03cf84bc8adfb66c472c320a62987c9b37435b0525f1816529b2712,1,312,ok,textual,2299,1745,43,26dddaab16520ae3256f421c68dbccc4b4e511f5a6559bbbd1657c79dc10d598,,
caixa_conversao_v1.pdf,349042a4b03cf84bc8adfb66c472c320a62987c9b37435b0525f1816529b2712,1,313,ok,textual,2361,1800,41,7d94e08000554266b2cbae030eeeee5c57816c3e62cd6ddaff3461bc0855f1ea,,
caixa_conversao_v1.pdf,349042a4b03cf84bc8adfb66c472c320a62987c9b37435b0525f1816529b2712,1,314,ok,textual,2498,1888,45,a2a8a865d9dfeb123b29c5b01aa1d362132c16bcf6a2883a36ec0a94a80169e8,,
caixa_conversao_v1.pdf,349042a4b03cf84bc8adfb66c472c320a62987c9b37435b0525f1816529b2712,1,315,ok,textual,2369,1742,51,228c1dcabc8f1628b2608eda8432cd3101c741739c1b4dfcc590ee4170993ef8,,
caixa_conversao_v1.pdf,349042a4b03cf84bc8adfb66c472c320a62987c9b37435b0525f1816529b2712,1,316,ok,textual,2775,2143,46,0bc680c12573428891fb2c614ea25e919f779b8e88e4eedf9b2affc3875af840,,
caixa_conversao_v1.pdf,349042a4b03cf84bc8adfb66c472c320a62987c9b37435b0525f1816529b2712,1,317,ok,textual,3118,2377,50,f7b3033c9f1beb2776f1e3e39d236cf3fe2347e5a9f802f7f4e79c0b48ed6c90,,
caixa_conversao_v1.pdf,349042a4b03cf84bc8adfb66c472c320a62987c9b37435b0525f1816529b2712,1,318,ok,textual,3267,2475,51,aec439090ea33dc975ec31f7db3ce9bd43c2800baa3b13db3af717cc7bbc41c2,,
caixa_conversao_v1.pdf,349042a4b03cf84bc8adfb66c472c320a62987c9b37435b0525f1816529b2712,1,319,ok,textual,3105,2333,48,92ac5a61f0750be239bba98d6dee778f0d2c260f1ede49ac7d38ddc0f6ce67ef,,
caixa_conversao_v1.pdf,349042a4b03cf84bc8adfb66c472c320a62987c9b37435b0525f1816529b2712,1,320,ok,textual,3100,2409,49,1b363e3f7f3900282ed285e42598d19fefb7231e2b75bfe60909df641dfc88dc,,
caixa_conversao_v1.pdf,349042a4b03cf84bc8adfb66c472c320a62987c9b37435b0525f1816529b2712,1,321,ok,textual,2906,2202,49,5f337b09acdf4032bb44bf15427f6c07c178a562498626a7dd5abfe5bc0789a2,,
caixa_conversao_v1.pdf,349042a4b03cf84bc8adfb66c472c320a62987c9b37435b0525f1816529b2712,1,322,ok,textual,3032,2302,47,e05be5a5b796cf524a10b6b87ebfc179f422e91bc13d3e17bd95ded6b2588d78,,
caixa_conversao_v1.pdf,349042a4b03cf84bc8adfb66c472c320a62987c9b37435b0525f1816529b2712,1,323,ok,textual,2952,2167,52,4dc034364716c9db518bb26012960db08c30b676772156dfd9518cb7223600a0,,
caixa_conversao_v1.pdf,349042a4b03cf84bc8adfb66c472c320a62987c9b37435b0525f1816529b2712,1,324,ok,textual,3050,2363,48,2c8f98ec5665f2c3ba562e71a243b2faae5491f756e92ffca771aef4c29f288e,,
caixa_conversao_v1.pdf,349042a4b03cf84bc8adfb66c472c320a62987c9b37435b0525f1816529b2712,1,325,ok,textual,3151,2447,48,590f2c2026d1642648af0ff618e8948d2c5db491f7fe7e9ab9ee7c2bec57974b,,
caixa_conversao_v1.pdf,349042a4b03cf84bc8adfb66c472c320a62987c9b37435b0525f1816529b2712,1,326,ok,textual,2862,2163,47,912eeb236816faddedf009074b11585274d9f0063c0d725db8c9fd58e8c23d07,,
caixa_conversao_v1.pdf,349042a4b03cf84bc8adfb66c472c320a62987c9b37435b0525f1816529b2712,1,327,ok,textual,3388,2580,54,a342228bcb9ad3250a85fff7d7f8b6b8a4f5c753673c9db45b3a5add637a2309,,
caixa_conversao_v1.pdf,349042a4b03cf84bc8adfb66c472c320a62987c9b37435b0525f1816529b2712,1,328,ok,textual,3274,2307,49,13e7a1d482c5647530da9a3b1fcbf536538f34be52ead1768116a840ad6722ae,,
caixa_conversao_v1.pdf,349042a4b03cf84bc8adfb66c472c320a62987c9b37435b0525f1816529b2712,1,329,ok,textual,2956,2216,47,e897890e4f80c74e8634c5d6b84f0cfdad0f5acfea8f6ae5726fd75d5583244a,,
caixa_conversao_v1.pdf,349042a4b03cf84bc8adfb66c472c320a62987c9b37435b0525f1816529b2712,1,330,ok,textual,2886,2286,51,f18b052b69badc70957b56125cfc0b750986fe702c06fbd38a59a2e4068bd14d,,
caixa_conversao_v1.pdf,349042a4b03cf84bc8adfb66c472c320a62987c9b37435b0525f1816529b2712,1,331,ok,textual,2946,2186,50,c964851ee250f25a147238235dc99f0c53aba2082c4530669ad0249be2903726,,
caixa_conversao_v1.pdf,349042a4b03cf84bc8adfb66c472c320a62987c9b37435b0525f1816529b2712,1,332,ok,textual,2929,2209,48,fa96565f911d538a88491fba1ed84aecc09382d6d1f2edd0114a36f9d41b2661,,
caixa_conversao_v1.pdf,349042a4b03cf84bc8adfb66c472c320a62987c9b37435b0525f1816529b2712,1,333,ok,textual,2930,1930,47,c2b7ff8042d2765bd2aefbfd25dabc752c91ba4e8fef25817f01c80b043344e4,,
caixa_conversao_v1.pdf,349042a4b03cf84bc8adfb66c472c320a62987c9b37435b0525f1816529b2712,1,334,ok,textual,2727,2133,48,29982500c10fbffdafbe59ce4bbfe89d7ac7052be4952cfb47a09f643a60bc79,,
caixa_conversao_v1.pdf,349042a4b03cf84bc8adfb66c472c320a62987c9b37435b0525f1816529b2712,1,335,ok,textual,2779,2066,49,b6620398d4c17e780896554614a35d9d48e38369d1c8bce87ce32bbb49fc12bd,,
caixa_conversao_v1.pdf,349042a4b03cf84bc8adfb66c472c320a62987c9b37435b0525f1816529b2712,1,336,ok,textual,2978,2218,50,59e72ca4c6ca33467c1a39c6fe504417eff95a664db50d9b9b9bf8e0a6b200b5,,
caixa_conversao_v1.pdf,349042a4b03cf84bc8adfb66c472c320a62987c9b37435b0525f1816529b2712,1,337,ok,textual,2573,1916,47,0e8a0ff754a678bc966ba83a86e2c3a6ec1e04f64100c5330981d4cb9c4f8e1b,,
caixa_conversao_v1.pdf,349042a4b03cf84bc8adfb66c472c320a62987c9b37435b0525f1816529b2712,1,338,ok,textual,2708,2094,50,5660eaa87a3c0546c8e49215bc531157cd33b98acef7a46e1ce07c69b14412c5,,
caixa_conversao_v1.pdf,349042a4b03cf84bc8adfb66c472c320a62987c9b37435b0525f1816529b2712,1,339,ok,textual,2424,1727,52,bb484db59a14e46deeae56b2ad7ea4da2d81868049fc0f5b3c5c41596009d342,,
caixa_conversao_v1.pdf,349042a4b03cf84bc8adfb66c472c320a62987c9b37435b0525f1816529b2712,1,340,ok,textual,2629,2014,47,8b7a14daeb71c9d261f204f095023e49194c0875535a9905b2df59a840b602fc,,
caixa_conversao_v1.pdf,349042a4b03cf84bc8adfb66c472c320a62987c9b37435b0525f1816529b2712,1,341,ok,textual,2953,2136,49,720b3b72f8f9242974c55ef53e1a370476004d45d765b985804bc795f775e8ec,,
caixa_conversao_v1.pdf,349042a4b03cf84bc8adfb66c472c320a62987c9b37435b0525f1816529b2712,1,342,ok,textual,2809,2206,48,32ec4966443dfa049adf1791a9260d5b4a14cdd31968fb1452918ebf2f9b742b,,
caixa_conversao_v1.pdf,349042a4b03cf84bc8adfb66c472c320a62987c9b37435b0525f1816529b2712,1,343,ok,textual,3080,2307,56,9aaefe699e12d3f817884d587d734f9f5de9d16b4fa73a82e9fe38f7cfc79052,,
caixa_conversao_v1.pdf,349042a4b03cf84bc8adfb66c472c320a62987c9b37435b0525f1816529b2712,1,344,ok,textual,2769,2136,48,97054b7904428439e7a0236c674e2341b44cdc73b0f0940cb5f3bd0a1d889ecd,,
caixa_conversao_v1.pdf,349042a4b03cf84bc8adfb66c472c320a62987c9b37435b0525f1816529b2712,1,345,ok,textual,3020,2357,51,83497968dc86c8346dbf8423bfebf9baeb95efb9d4ae83bf9161ecf6d7e73ca3,,
caixa_conversao_v1.pdf,349042a4b03cf84bc8adfb66c472c320a62987c9b37435b0525f1816529b2712,1,346,ok,textual,2685,2104,49,4e0680839bd7677e1337e36fdc38e3e2d687fa692f80d7ebcd2c01b4acb4bda0,,
caixa_conversao_v1.pdf,349042a4b03cf84bc8adfb66c472c320a62987c9b37435b0525f1816529b2712,1,347,ok,textual,2737,2056,52,ccbc1518f8fb9db32fce9eb69ab18ee290473ea1fca226d01be60cc7348c20ed,,
caixa_conversao_v1.pdf,349042a4b03cf84bc8adfb66c472c320a62987c9b37435b0525f1816529b2712,1,348,ok,textual,2675,2039,46,f5561436dfef11f9c9d7d5650ebfd23d4968eefa9569943071d1a1911530593f,,
caixa_conversao_v1.pdf,349042a4b03cf84bc8adfb66c472c320a62987c9b37435b0525f1816529b2712,1,349,ok,textual,2688,2053,48,c73b1cab37b901a81420f4a329bcf0f592139d2f7d0a18ed747a2a5fc982dbd6,,
caixa_conversao_v1.pdf,349042a4b03cf84bc8adfb66c472c320a62987c9b37435b0525f1816529b2712,1,350,ok,textual,1991,1451,40,7c9738e017bc04ec512ed4e41344218c6652b7544640b016f4470f665c981506,,
caixa_conversao_v1.pdf,349042a4b03cf84bc8adfb66c472c320a62987c9b37435b0525f1816529b2712,1,351,ok,textual,2943,2127,51,05663b2ff3bc44222c314c8715087990347b555e779ad518a2074f419640e541,,
caixa_conversao_v1.pdf,349042a4b03cf84bc8adfb66c472c320a62987c9b37435b0525f1816529b2712,1,352,ok,textual,2393,1748,48,670ad38281e458d78c860508a06c6d1519d85957561a36a77ce15f859534e5f7,,
caixa_conversao_v1.pdf,349042a4b03cf84bc8adfb66c472c320a62987c9b37435b0525f1816529b2712,1,353,ok,textual,2233,1617,41,53547c79e8e5ef8c769b94bc721065b7c7bf00a27f988185c9081490a27e02a0,,
caixa_conversao_v1.pdf,349042a4b03cf84bc8adfb66c472c320a62987c9b37435b0525f1816529b2712,1,354,ok,textual,2141,1642,41,cbed406b0f8a097e6f9f3708c4be03191d99c5f20bb2e7453e52dacf2c57ba2b,,
caixa_conversao_v1.pdf,349042a4b03cf84bc8adfb66c472c320a62987c9b37435b0525f1816529b2712,1,355,ok,textual,2753,2065,50,75e95dec17423bd45d2921155f7f4bb78f3045319957c70cc5ea88515f451e37,,
caixa_conversao_v1.pdf,349042a4b03cf84bc8adfb66c472c320a62987c9b37435b0525f1816529b2712,1,356,ok,textual,2544,1963,43,2553c54a4de07a4a7c43c18251236d64cc76c407ab064941bbbc6c30841cefce,,
caixa_conversao_v1.pdf,349042a4b03cf84bc8adfb66c472c320a62987c9b37435b0525f1816529b2712,1,357,ok,textual,2795,2151,45,4773a7150cdd9f7c443216e626d11926f030b80076bad562555c06ab5d6752d9,,
caixa_conversao_v1.pdf,349042a4b03cf84bc8adfb66c472c320a62987c9b37435b0525f1816529b2712,1,358,ok,textual,3153,2450,50,54475da36d4d2c5c12c01aead115ccbaea9b47b7e3dc296f90e624ecf41e173d,,
caixa_conversao_v1.pdf,349042a4b03cf84bc8adfb66c472c320a62987c9b37435b0525f1816529b2712,1,359,ok,textual,2461,1734,50,df8d5ad4ba745d3c19362c9bfe9c7b13173d0f62e80e7cd712c265f401d287e9,,
caixa_conversao_v1.pdf,349042a4b03cf84bc8adfb66c472c320a62987c9b37435b0525f1816529b2712,1,360,ok,textual,2673,1694,49,18d976e2a4872a04c93cc06020308b94c8f2f4d3b6d979d358d63c1b40b4925b,,
caixa_conversao_v1.pdf,349042a4b03cf84bc8adfb66c472c320a62987c9b37435b0525f1816529b2712,1,361,ok,textual,3196,2151,46,08673e234d5d02ac4b14134ea9a73b346b8f51355a96c150a03feb573bdaea71,,
caixa_conversao_v1.pdf,349042a4b03cf84bc8adfb66c472c320a62987c9b37435b0525f1816529b2712,1,362,ok,textual,3188,2450,50,18ec183c4a8d7048c40c5246a9670cdb8059a7f5b0966436f566e5013bc12e74,,
caixa_conversao_v1.pdf,349042a4b03cf84bc8adfb66c472c320a62987c9b37435b0525f1816529b2712,1,363,ok,textual,2884,2173,49,6ec7bd7c6f6be5210e3d8f835cf1dcc212be3adb619237c1b4af197f8b2c4c7d,,
caixa_conversao_v1.pdf,349042a4b03cf84bc8adfb66c472c320a62987c9b37435b0525f1816529b2712,1,364,ok,textual,3574,2504,48,4eed10c38a815a9a1aa5a769a06816b4da2ee516274eb40b2d25bc0194808812,,
caixa_conversao_v1.pdf,349042a4b03cf84bc8adfb66c472c320a62987c9b37435b0525f1816529b2712,1,365,ok,textual,2949,2024,53,aa07c2777dc99715a93dfd9121233f26bd5218815f20db2d117763b77756d776,,
caixa_conversao_v1.pdf,349042a4b03cf84bc8adfb66c472c320a62987c9b37435b0525f1816529b2712,1,366,ok,textual,1948,1153,50,a69c3de5d049e5304430e99e58041bf2184a3eee00611a2aa91ab2cfdf80250b,,
caixa_conversao_v1.pdf,349042a4b03cf84bc8adfb66c472c320a62987c9b37435b0525f1816529b2712,1,367,ok,textual,2305,1490,42,0db1c2ca83ecbe4ebd0a6d7ed26e22b525e4965667ff668095f4bb6f325407f4,,
caixa_conversao_v1.pdf,349042a4b03cf84bc8adfb66c472c320a62987c9b37435b0525f1816529b2712,1,368,ok,textual,3165,2406,47,6c82d51ef5f1f19d5a61437e8d951584b6fdc984717d91ad574a39955a3ff9de,,
caixa_conversao_v1.pdf,349042a4b03cf84bc8adfb66c472c320a62987c9b37435b0525f1816529b2712,1,369,ok,textual,2950,2191,49,beeabbf04616c8c48f1eca9c9c2f785c90a3be6d83df3899b5d85ecf02866f98,,
caixa_conversao_v1.pdf,349042a4b03cf84bc8adfb66c472c320a62987c9b37435b0525f1816529b2712,1,370,ok,textual,2564,1727,49,f2cc857d6c9b90cd58b84f13a214c22865e373f27e7a2492a48b3cbf5efaf6c2,,
caixa_conversao_v1.pdf,349042a4b03cf84bc8adfb66c472c320a62987c9b37435b0525f1816529b2712,1,371,ok,textual,3192,2473,48,06c0698839b8b67d3ce02c3453b322d76e991c81f491896ea9af446eba619175,,
caixa_conversao_v1.pdf,349042a4b03cf84bc8adfb66c472c320a62987c9b37435b0525f1816529b2712,1,372,ok,textual,3367,2398,49,6d7995c6d037d77f192eb481541f39e539bf61526f7d780be86f706566c27179,,
caixa_conversao_v1.pdf,349042a4b03cf84bc8adfb66c472c320a62987c9b37435b0525f1816529b2712,1,373,ok,textual,3390,2400,47,74a83a00b4e0cb67da2670dba7737ba2f8ffdfc92ab3755733bffc91c846faeb,,
caixa_conversao_v1.pdf,349042a4b03cf84bc8adfb66c472c320a62987c9b37435b0525f1816529b2712,1,374,ok,textual,2316,1386,60,25d5f21c62f4c9f51bf850ed3598c3c64efc099252e7495e6cc6a050bde0940a,,
caixa_conversao_v1.pdf,349042a4b03cf84bc8adfb66c472c320a62987c9b37435b0525f1816529b2712,1,375,ok,textual,2684,1965,52,bbaf7e96a1050b166aaf711816c9f572e32428d6d961da8937305defffc0258e,,
caixa_conversao_v1.pdf,349042a4b03cf84bc8adfb66c472c320a62987c9b37435b0525f1816529b2712,1,376,ok,textual,3128,2152,50,30d485140e5f8aa79450cac5a32ea5b0a83076c2060187fbac80599dea2c32de,,
caixa_conversao_v1.pdf,349042a4b03cf84bc8adfb66c472c320a62987c9b37435b0525f1816529b2712,1,377,ok,textual,2481,1820,40,a015b616e95d7994276ef5df02accd61082f932749248dab5dd8eca384baa874,,
caixa_conversao_v1.pdf,349042a4b03cf84bc8adfb66c472c320a62987c9b37435b0525f1816529b2712,1,378,ok,textual,2899,2247,48,0e43f8fdd97351ca5f7d728f2d1b2c1dfc3a3b68e9fbb61689ee69af9a5fefa8,,
caixa_conversao_v1.pdf,349042a4b03cf84bc8adfb66c472c320a62987c9b37435b0525f1816529b2712,1,379,ok,textual,3155,2371,51,157ec1a2fa2efbd0b7f750efa2f7e91e65a79eb9fe11880bf7784585cc461ca4,,
caixa_conversao_v1.pdf,349042a4b03cf84bc8adfb66c472c320a62987c9b37435b0525f1816529b2712,1,380,ok,textual,3038,2286,48,a950f5bfaf7464669d66b1a62b85b3ab8b71bbefec6a13828250c2e53a1e6058,,
caixa_conversao_v1.pdf,349042a4b03cf84bc8adfb66c472c320a62987c9b37435b0525f1816529b2712,1,381,ok,textual,3173,2314,51,0d030651ff81f122370a9113b98d949717cf98837f45483dae42d81bcad472ce,,
caixa_conversao_v1.pdf,349042a4b03cf84bc8adfb66c472c320a62987c9b37435b0525f1816529b2712,1,382,ok,textual,2972,2195,48,0e42daa3aa7264452db8b84f27ff12b434c42c5ad19f9776c3603607f778575c,,
caixa_conversao_v1.pdf,349042a4b03cf84bc8adfb66c472c320a62987c9b37435b0525f1816529b2712,1,383,ok,textual,2933,2121,50,ca018be69369160c2a7656acd7de24266f116e498a540030834afec09de17eb3,,
caixa_conversao_v1.pdf,349042a4b03cf84bc8adfb66c472c320a62987c9b37435b0525f1816529b2712,1,384,ok,textual,2868,2124,48,d78acb1e9fa6adf4339ca1581ea5f46a715a94c68ba67d8a1f370f93d9c7970d,,
caixa_conversao_v1.pdf,349042a4b03cf84bc8adfb66c472c320a62987c9b37435b0525f1816529b2712,1,385,ok,textual,2770,2017,50,388c818d05ea50d1a75e692624da728395bf88f1df48ed9a99927d9cf2025954,,
caixa_conversao_v1.pdf,349042a4b03cf84bc8adfb66c472c320a62987c9b37435b0525f1816529b2712,1,386,ok,textual,2702,2032,47,32708b4ad5e3cf35ebf2c8354234b1926004aac5eebffa55ea893c4d9c761408,,
caixa_conversao_v1.pdf,349042a4b03cf84bc8adfb66c472c320a62987c9b37435b0525f1816529b2712,1,387,ok,textual,2441,1562,55,a05d976f41cec41c0bcaf11886653ab08af43b158f4291ac52bd4b178732ba93,,
caixa_conversao_v1.pdf,349042a4b03cf84bc8adfb66c472c320a62987c9b37435b0525f1816529b2712,1,388,ok,textual,2985,2268,49,d2e7a3fbb780c21861fb678cbed98a137d18e8362e7458f4bc34773fd44fa727,,
caixa_conversao_v1.pdf,349042a4b03cf84bc8adfb66c472c320a62987c9b37435b0525f1816529b2712,1,389,ok,textual,3091,2135,47,db6361cf6854c7f94f407d71b66ca99f8f199426925467b783f5cc1ed97b14bb,,
caixa_conversao_v1.pdf,349042a4b03cf84bc8adfb66c472c320a62987c9b37435b0525f1816529b2712,1,390,ok,textual,2798,2149,48,7c9dbdc81bbfad5627bd1ed54f8a71ced80eaffb6c1e59c99c5f9d20384e8f73,,
caixa_conversao_v1.pdf,349042a4b03cf84bc8adfb66c472c320a62987c9b37435b0525f1816529b2712,1,391,ok,textual,2812,2115,51,243dcc1685a0dcb8473dc2eb5e0d92f51cf6d01cbb263f4d4c30f47dc03c8282,,
caixa_conversao_v1.pdf,349042a4b03cf84bc8adfb66c472c320a62987c9b37435b0525f1816529b2712,1,392,ok,textual,2595,1990,47,e5ad493816c4a5da2fe34497ac341200038a1d56d2b360c6a70ea53f0b0492ec,,
caixa_conversao_v1.pdf,349042a4b03cf84bc8adfb66c472c320a62987c9b37435b0525f1816529b2712,1,393,ok,textual,2511,1904,47,c205417dda63cf51f75767457076731e30ad098651d61c361eff5345d8f29f7f,,
caixa_conversao_v1.pdf,349042a4b03cf84bc8adfb66c472c320a62987c9b37435b0525f1816529b2712,1,394,ok,textual,2634,2063,43,0f70b8ca1ef396cc111d956c99fca728d9927deea632a15ed73567aae031cfcc,,
caixa_conversao_v1.pdf,349042a4b03cf84bc8adfb66c472c320a62987c9b37435b0525f1816529b2712,1,395,ok,textual,3170,2477,48,d53717919cd2df08f0b6d065fb1e13278718676f67fd99138fef9996ba88a4ef,,
caixa_conversao_v1.pdf,349042a4b03cf84bc8adfb66c472c320a62987c9b37435b0525f1816529b2712,1,396,ok,textual,3237,2501,51,f3dd1e0ee3ee05a2d73a37a43d62dab59fb653e272c45e44a46986a8198fd6c2,,
caixa_conversao_v1.pdf,349042a4b03cf84bc8adfb66c472c320a62987c9b37435b0525f1816529b2712,1,397,ok,textual,3341,2573,49,ef8b0a610e80499cf41aa9dd59a30ac0a79b8638bc284ae0bbccafb4cd975c35,,
caixa_conversao_v1.pdf,349042a4b03cf84bc8adfb66c472c320a62987c9b37435b0525f1816529b2712,1,398,ok,textual,2970,2376,48,e3f0e66f32f6205fa01b9c1f5678eb835614dc2d73a70408ef66588aa30472cd,,
caixa_conversao_v1.pdf,349042a4b03cf84bc8adfb66c472c320a62987c9b37435b0525f1816529b2712,1,399,ok,textual,3260,2541,51,01e892c3953bfb3420840139f540023caba131926d0eba9e905119a5b496b042,,
caixa_conversao_v1.pdf,349042a4b03cf84bc8adfb66c472c320a62987c9b37435b0525f1816529b2712,1,400,ok,textual,3136,2474,48,832dfcd114600f53caa8a78d044fecc717cdd4d6dbf75ebf7d974fd85462a056,,
caixa_conversao_v1.pdf,349042a4b03cf84bc8adfb66c472c320a62987c9b37435b0525f1816529b2712,1,401,ok,textual,3038,2367,50,b71d7b75331004d5fb774fd74916caba29172db45f44fb4b04671cbe07edfaff,,
caixa_conversao_v1.pdf,349042a4b03cf84bc8adfb66c472c320a62987c9b37435b0525f1816529b2712,1,402,ok,textual,2997,2358,48,1464070f86327ae1045abb569409cf888c04f5008734ca1fbc9dd71c5ee91d8f,,
caixa_conversao_v1.pdf,349042a4b03cf84bc8adfb66c472c320a62987c9b37435b0525f1816529b2712,1,403,ok,textual,3205,2507,50,f0da77e469b99452932277d3cc2b14ee6d918bb0715fca8d8c2826c6f9b5f26f,,
caixa_conversao_v1.pdf,349042a4b03cf84bc8adfb66c472c320a62987c9b37435b0525f1816529b2712,1,404,ok,textual,2860,2240,49,b46b6758e010dbc0777670c52169319123277f1b94c57a758996f56613736835,,
caixa_conversao_v1.pdf,349042a4b03cf84bc8adfb66c472c320a62987c9b37435b0525f1816529b2712,1,405,ok,textual,2971,2336,51,9f52814bca7ab900c17a86450cba824c05fd5a7e75666b1a29dc7e8d7f4d344f,,
caixa_conversao_v1.pdf,349042a4b03cf84bc8adfb66c472c320a62987c9b37435b0525f1816529b2712,1,406,ok,textual,2897,2300,46,ea8ef3c87cd26d0e063fa138d1b480292f99b6cde1cf8a718a541944d55993a1,,
caixa_conversao_v1.pdf,349042a4b03cf84bc8adfb66c472c320a62987c9b37435b0525f1816529b2712,1,407,ok,textual,1944,1480,48,34c4ead4788a30bb2cdce031fe5e637844a13c80ae035de57d42bc7f569be9c3,,
caixa_conversao_v1.pdf,349042a4b03cf84bc8adfb66c472c320a62987c9b37435b0525f1816529b2712,1,408,ok,textual,2118,1649,44,b2e49ef20e7f802147e73a7179dbe57d12735307dd1376175a65095088817603,,
caixa_conversao_v1.pdf,349042a4b03cf84bc8adfb66c472c320a62987c9b37435b0525f1816529b2712,1,409,ok,textual,2539,1880,46,a68ed2de933fd8838bf84d5f7e0adbd2a8d7a98f3169268582f4db8ac4afd0bf,,
caixa_conversao_v1.pdf,349042a4b03cf84bc8adfb66c472c320a62987c9b37435b0525f1816529b2712,1,410,ok,textual,2871,2229,46,6ac6fcea2892c4d7bac14d8e6aaf93611ecce9aad498cc4291e016e4dd932978,,
caixa_conversao_v1.pdf,349042a4b03cf84bc8adfb66c472c320a62987c9b37435b0525f1816529b2712,1,411,ok,textual,2880,2231,46,746ff985e0c0e198d5228025c1662c1a2f09124665d508a654f4bbdf8fee72ce,,
caixa_conversao_v1.pdf,349042a4b03cf84bc8adfb66c472c320a62987c9b37435b0525f1816529b2712,1,412,ok,textual,2669,2081,45,d3a78995d4431b8d0dc7b4aef1236e761d622a7d9a43d530e79d7296ab61ad4f,,
caixa_conversao_v1.pdf,349042a4b03cf84bc8adfb66c472c320a62987c9b37435b0525f1816529b2712,1,413,ok,textual,2836,2162,44,aae548202ca365d3b91bc65e976f9198a027e7bc599fecca65d471cbc42fab43,,
caixa_conversao_v1.pdf,349042a4b03cf84bc8adfb66c472c320a62987c9b37435b0525f1816529b2712,1,414,ok,textual,3051,2382,50,4206b784b37dcdadc7641aebb2daced8dca19540e3aeeb817787591de885bef2,,
caixa_conversao_v1.pdf,349042a4b03cf84bc8adfb66c472c320a62987c9b37435b0525f1816529b2712,1,415,ok,textual,2811,2180,46,af6211604cf27afd50444b7d5ea70ccb820c320c9d52896b67e7496d13b19edf,,
caixa_conversao_v1.pdf,349042a4b03cf84bc8adfb66c472c320a62987c9b37435b0525f1816529b2712,1,416,ok,textual,2855,2187,45,8fff5218c062fca86f43630265d5af4168999b6aed47304f9482fc8ceef61c88,,
caixa_conversao_v1.pdf,349042a4b03cf84bc8adfb66c472c320a62987c9b37435b0525f1816529b2712,1,417,ok,textual,2997,2328,52,67538d70bd4168cd49d77695e727d4d6e2ef31060e15ce6d6d820c4a32ece527,,
caixa_conversao_v1.pdf,349042a4b03cf84bc8adfb66c472c320a62987c9b37435b0525f1816529b2712,1,418,ok,textual,2974,2310,48,dd13470fbbf317d0d4e1dfc497f6ca08e2ec68b1b25719e6d1aea8825c1b7a72,,
caixa_conversao_v1.pdf,349042a4b03cf84bc8adfb66c472c320a62987c9b37435b0525f1816529b2712,1,419,ok,textual,3021,2361,48,5935341d1414bebf6bf299d68878f435c0f46be15c8b3ff0b22875c601b196e6,,
caixa_conversao_v1.pdf,349042a4b03cf84bc8adfb66c472c320a62987c9b37435b0525f1816529b2712,1,420,ok,textual,2897,2192,44,d7ef2136c6450028ef057f145b9154ad24b9735be13a38a275c0a2353a5d9b30,,
caixa_conversao_v1.pdf,349042a4b03cf84bc8adfb66c472c320a62987c9b37435b0525f1816529b2712,1,421,ok,textual,2935,2222,47,9a12086ce3909f1265f798e9a05d0a3aba88290b846066a6c4073284c9897183,,
caixa_conversao_v1.pdf,349042a4b03cf84bc8adfb66c472c320a62987c9b37435b0525f1816529b2712,1,422,ok,textual,3014,2326,49,68431930b566eb9e244a913f53ad217ca4c177df43ed7f8b60ab8ca49bd4f273,,
caixa_conversao_v1.pdf,349042a4b03cf84bc8adfb66c472c320a62987c9b37435b0525f1816529b2712,1,423,ok,textual,2172,1619,43,c05c1555b6b6a01cae53fbf292756db4dc01c5cd6aeabe71087ad3ab207134c8,,
caixa_conversao_v1.pdf,349042a4b03cf84bc8adfb66c472c320a62987c9b37435b0525f1816529b2712,1,424,ok,textual,2640,2033,43,bd43f13ca22c0817b7d048375adc0328fcd238e82a70f21344ab9d772f62f4d0,,
caixa_conversao_v1.pdf,349042a4b03cf84bc8adfb66c472c320a62987c9b37435b0525f1816529b2712,1,425,ok,textual,2968,2278,47,d9c386b4fc80b2fa519aa467c0dd6ad139e5f21c40b1387db8b3ba820893ba45,,
caixa_conversao_v1.pdf,349042a4b03cf84bc8adfb66c472c320a62987c9b37435b0525f1816529b2712,1,426,ok,textual,2983,2310,52,849472046fdc6e3c98c6fb5d65187835ab7a9d3998379a5263bdc61ba31ddfda,,
caixa_conversao_v1.pdf,349042a4b03cf84bc8adfb66c472c320a62987c9b37435b0525f1816529b2712,1,427,ok,textual,2813,2098,52,19604c8e39df2ae499a390014b2014b84045e781e23c54bc42a3fc638b2e9c2c,,
caixa_conversao_v1.pdf,349042a4b03cf84bc8adfb66c472c320a62987c9b37435b0525f1816529b2712,1,428,ok,textual,2669,2057,46,8b0cd70db7add22562f31addb833754f086c0bb0bd0614294afd24509bb26c7a,,
caixa_conversao_v1.pdf,349042a4b03cf84bc8adfb66c472c320a62987c9b37435b0525f1816529b2712,1,429,ok,textual,2674,1939,46,104d250e300b43dd80b7c07f234b7bf5c42a177877b91470a43da9f4f6fed0d7,,
caixa_conversao_v1.pdf,349042a4b03cf84bc8adfb66c472c320a62987c9b37435b0525f1816529b2712,1,430,ok,textual,2919,2232,52,261e8a8576c58ffd6652d8be9d544779fc2e91c1f127bfeabcb92f9c9200e49f,,
caixa_conversao_v1.pdf,349042a4b03cf84bc8adfb66c472c320a62987c9b37435b0525f1816529b2712,1,431,ok,textual,3095,2259,55,9ba2fcc6db881a128e4d9b52430aea2931427b266b5b365e31f84d8d2ec90dfd,,
caixa_conversao_v1.pdf,349042a4b03cf84bc8adfb66c472c320a62987c9b37435b0525f1816529b2712,1,432,ok,textual,3110,2423,48,d40b835eaec06ba39c52d7f615fee2e07c996d6c1a996a527a3c09a0bb3d41e2,,
caixa_conversao_v1.pdf,349042a4b03cf84bc8adfb66c472c320a62987c9b37435b0525f1816529b2712,1,433,ok,textual,3141,2424,50,d135091d42d840249dcc8be17b0297baa2749779780395b8dab4bc4cc9fd2176,,
caixa_conversao_v1.pdf,349042a4b03cf84bc8adfb66c472c320a62987c9b37435b0525f1816529b2712,1,434,ok,textual,2612,1962,47,fb4010bf54689fc46974bdf9d429f2b4403d9f0fe5be4af8e6867b62bce571a7,,
caixa_conversao_v1.pdf,349042a4b03cf84bc8adfb66c472c320a62987c9b37435b0525f1816529b2712,1,435,ok,textual,2890,2166,53,81139e435282621556fd56987c10258b3727943978d608f07f0a9119f72a0ed7,,
caixa_conversao_v1.pdf,349042a4b03cf84bc8adfb66c472c320a62987c9b37435b0525f1816529b2712,1,436,ok,textual,2872,2142,51,eea847b3606172c9f8fece4aa83574bb496b2f96263d5e81e45720d5cfae856e,,
caixa_conversao_v1.pdf,349042a4b03cf84bc8adfb66c472c320a62987c9b37435b0525f1816529b2712,1,437,ok,textual,3121,2286,50,edd5e152b7f28cbb8246ed09f9cd1c2e455e6adba50a0637fff37e2efac52af6,,
caixa_conversao_v1.pdf,349042a4b03cf84bc8adfb66c472c320a62987c9b37435b0525f1816529b2712,1,438,ok,textual,2913,2245,50,6272ede61dff3f85c348f373f645442c3a67f665d9c7a6d5df2944c90d4f447a,,
caixa_conversao_v1.pdf,349042a4b03cf84bc8adfb66c472c320a62987c9b37435b0525f1816529b2712,1,439,ok,textual,2981,2195,58,807d63677199b5b31da5d368f5a8fe19fdca2cc53869af8b6ec7f24f72de9a99,,
caixa_conversao_v1.pdf,349042a4b03cf84bc8adfb66c472c320a62987c9b37435b0525f1816529b2712,1,440,ok,textual,3362,2303,52,1e8f98f214c54a14fd4eac7ffdc17513b06a3fce8071f3797f7719d2a6fed1c0,,
caixa_conversao_v1.pdf,349042a4b03cf84bc8adfb66c472c320a62987c9b37435b0525f1816529b2712,1,441,ok,textual,2290,1746,39,3d9c9f66fe4abf11105b1083b78d5447be13d10477d613cdf8dbbfcec24ebefe,,
caixa_conversao_v1.pdf,349042a4b03cf84bc8adfb66c472c320a62987c9b37435b0525f1816529b2712,1,442,ok,textual,2463,1915,44,5237441c57c36e20f6321b58878281367ee4cecde4f5ce0e8425c0c2905689be,,
caixa_conversao_v1.pdf,349042a4b03cf84bc8adfb66c472c320a62987c9b37435b0525f1816529b2712,1,443,ok,textual,2893,2152,52,012d6f77ef171e8a0732a47aeaa2d06c50e87169a23d6dc510290452b1e97552,,
caixa_conversao_v1.pdf,349042a4b03cf84bc8adfb66c472c320a62987c9b37435b0525f1816529b2712,1,444,ok,textual,3097,2409,48,efba234fc173423d8d96e371c7068dee1ce570b4613c6957787bc44fe720c1e0,,
caixa_conversao_v1.pdf,349042a4b03cf84bc8adfb66c472c320a62987c9b37435b0525f1816529b2712,1,445,ok,textual,3363,2392,48,7dc8c668a71df53f44737a9402b3d5b53c9736ab45495e2bd1d8a5c258010227,,
caixa_conversao_v1.pdf,349042a4b03cf84bc8adfb66c472c320a62987c9b37435b0525f1816529b2712,1,446,ok,textual,2886,2219,47,09b6e6623c2ac0f54c8139aa03409be22b9e2a31f327c659c0d731ab8983b768,,
caixa_conversao_v1.pdf,349042a4b03cf84bc8adfb66c472c320a62987c9b37435b0525f1816529b2712,1,447,ok,textual,3193,2461,51,ad9d1244d4142057948d30ec21d745b5b5ff4b5908f7a82cbf91a2d472e58783,,
caixa_conversao_v1.pdf,349042a4b03cf84bc8adfb66c472c320a62987c9b37435b0525f1816529b2712,1,448,ok,textual,3256,2500,48,b2b8c70845455103ec587b13b66934387caf7054c29cea04e655c5c6b4b414f9,,
caixa_conversao_v1.pdf,349042a4b03cf84bc8adfb66c472c320a62987c9b37435b0525f1816529b2712,1,449,ok,textual,3134,2413,48,a775255bfa85fb89c2c5a29503fcfbc38f2f21c8c43148a3748d010a76791da3,,
caixa_conversao_v1.pdf,349042a4b03cf84bc8adfb66c472c320a62987c9b37435b0525f1816529b2712,1,450,ok,textual,3033,2300,53,315d6219c151c093aecc7fa628beb22e13603d7df9235093ce3c7f40124f780f,,
caixa_conversao_v1.pdf,349042a4b03cf84bc8adfb66c472c320a62987c9b37435b0525f1816529b2712,1,451,ok,textual,3329,2566,48,71ae7b12f8f880a4deeb24f42d07075fc3a2e45a3ccc580c7ee44eddb4e516c2,,
caixa_conversao_v1.pdf,349042a4b03cf84bc8adfb66c472c320a62987c9b37435b0525f1816529b2712,1,452,ok,textual,3295,2564,48,d91f951bbb94205c5593ca935322d8240193c720605b620b6ca1f3dbe8751c36,,
caixa_conversao_v1.pdf,349042a4b03cf84bc8adfb66c472c320a62987c9b37435b0525f1816529b2712,1,453,ok,textual,2337,1652,35,fdee50c0a4e8382695ff99849b40bad6bfe429997f75eceb1a15487becb25eaf,,
caixa_conversao_v1.pdf,349042a4b03cf84bc8adfb66c472c320a62987c9b37435b0525f1816529b2712,1,454,ok,textual,2710,2092,43,52b7e488ccedeaf4fdf6450e936f4de17d7277d0ababd12f9ec3260d0a210773,,
caixa_conversao_v1.pdf,349042a4b03cf84bc8adfb66c472c320a62987c9b37435b0525f1816529b2712,1,455,ok,textual,2971,2229,49,38cc5a95367f665acb8e47243ea3c937c12e036b0468bdf9f8a97ceb7016c9d5,,
caixa_conversao_v1.pdf,349042a4b03cf84bc8adfb66c472c320a62987c9b37435b0525f1816529b2712,1,456,ok,textual,3208,2507,49,7286e86db0c1630000d32ba2002c653ad3004a4d2b6a885ffe3d0bd5d2859ec6,,
caixa_conversao_v1.pdf,349042a4b03cf84bc8adfb66c472c320a62987c9b37435b0525f1816529b2712,1,457,ok,textual,3278,2492,56,eff15eb005996d3064cfb0a380b6f6cf0b77d378a4b9b1aa2e1bd92a45291214,,
caixa_conversao_v1.pdf,349042a4b03cf84bc8adfb66c472c320a62987c9b37435b0525f1816529b2712,1,458,ok,textual,3160,2444,48,21c09f58ee91af796e7dc761174027e8e56ee2eb86d050bb0ecda4e7eec555d6,,
caixa_conversao_v1.pdf,349042a4b03cf84bc8adfb66c472c320a62987c9b37435b0525f1816529b2712,1,459,ok,textual,3321,2495,50,ffc842ca42fdb60dd28f618ff238b873720f8078ca4268a3a9295c186f83fab0,,
caixa_conversao_v1.pdf,349042a4b03cf84bc8adfb66c472c320a62987c9b37435b0525f1816529b2712,1,460,ok,textual,3198,2436,51,76c4a51af69705d6747295421f96a78226385c80170ba851197c3b7133108ba4,,
caixa_conversao_v1.pdf,349042a4b03cf84bc8adfb66c472c320a62987c9b37435b0525f1816529b2712,1,461,ok,textual,2988,2293,46,431bb3c896d8be9a7cadbfb34611f398c8f91d15526fbacd9d068327ad27af06,,
caixa_conversao_v1.pdf,349042a4b03cf84bc8adfb66c472c320a62987c9b37435b0525f1816529b2712,1,462,ok,textual,3084,2404,49,e52beaefaf8ff9091a282060ec5756cd7d713103c540957398a7ac89119c7f96,,
caixa_conversao_v1.pdf,349042a4b03cf84bc8adfb66c472c320a62987c9b37435b0525f1816529b2712,1,463,ok,textual,3073,2371,51,5c150b258570344fae5e6a2a74ff0cb587fe58dd3b754d7ef3118e54c73d7b27,,
caixa_conversao_v1.pdf,349042a4b03cf84bc8adfb66c472c320a62987c9b37435b0525f1816529b2712,1,464,ok,textual,2813,2121,49,54ab27abbe87fd42681b7888855db0f440c47d9e21d9885f9d7a078e88088fb7,,
caixa_conversao_v1.pdf,349042a4b03cf84bc8adfb66c472c320a62987c9b37435b0525f1816529b2712,1,465,ok,textual,2988,2280,48,a5442d59a34ea2633bb7406de4195a95cdf8fd9ccb2e306517666e7281aa26a6,,
caixa_conversao_v1.pdf,349042a4b03cf84bc8adfb66c472c320a62987c9b37435b0525f1816529b2712,1,466,ok,textual,2991,2323,50,2db78c1de2e72992443a1f2d701f9306254b43a820af40575bf2eff69a188994,,
caixa_conversao_v1.pdf,349042a4b03cf84bc8adfb66c472c320a62987c9b37435b0525f1816529b2712,1,467,ok,textual,3237,2466,57,c742d6f32100fd71e6554b50a68a06f695ac1592895bd2703d86d81bfa91e2f4,,
caixa_conversao_v1.pdf,349042a4b03cf84bc8adfb66c472c320a62987c9b37435b0525f1816529b2712,1,468,ok,textual,2967,2235,47,129f616e7c45329ccfdfbb116d48e2efc7f5db787411917db76d2c2d56c69711,,
caixa_conversao_v1.pdf,349042a4b03cf84bc8adfb66c472c320a62987c9b37435b0525f1816529b2712,1,469,ok,textual,2739,1985,46,2d9f3ad5e62dbb658e4ed91a3c788c328b3c4567aaa9be9f27602fd04fe79aeb,,
caixa_conversao_v1.pdf,349042a4b03cf84bc8adfb66c472c320a62987c9b37435b0525f1816529b2712,1,470,ok,textual,3117,2419,48,b21896ca4b1309b397e7d1b74343bac29b263c26cb4516d150d9ea32b3ed1598,,
caixa_conversao_v1.pdf,349042a4b03cf84bc8adfb66c472c320a62987c9b37435b0525f1816529b2712,1,471,ok,textual,3564,2531,57,c0f7e1693c95ed1a082521d3594f11b65e815c4322c1aa5d2c6f5a173e86e8b8,,
caixa_conversao_v1.pdf,349042a4b03cf84bc8adfb66c472c320a62987c9b37435b0525f1816529b2712,1,472,ok,textual,2845,2218,48,27c8dddbbba1bd6a688674c1133ce40f6e9ceefa64641eb186402af6d1620d83,,
caixa_conversao_v1.pdf,349042a4b03cf84bc8adfb66c472c320a62987c9b37435b0525f1816529b2712,1,473,ok,textual,2738,2091,50,2403907b3b9eebfa0e2646f9f92adcb092cba18f156582e489cf0eb4ef09365a,,
caixa_conversao_v1.pdf,349042a4b03cf84bc8adfb66c472c320a62987c9b37435b0525f1816529b2712,1,474,ok,textual,2142,1617,44,4fc0eb728ce475e06e5dd983f3623cabaec92df058385fcec3bdd1d4b87f7c5a,,
caixa_conversao_v1.pdf,349042a4b03cf84bc8adfb66c472c320a62987c9b37435b0525f1816529b2712,1,475,ok,textual,2675,1951,47,eb35c6eea394e49bb003b6d7c780463f4dee6ef63ed07cb17fe592629dfa1837,,
caixa_conversao_v1.pdf,349042a4b03cf84bc8adfb66c472c320a62987c9b37435b0525f1816529b2712,1,476,ok,textual,2272,1730,43,55f166c1f67f06dd42f7e00f690129c431fe0523f320e9dd2bd1dc57e6bce9c7,,
caixa_conversao_v1.pdf,349042a4b03cf84bc8adfb66c472c320a62987c9b37435b0525f1816529b2712,1,477,ok,textual,2729,2099,47,d1adee822d3e7c26ffdba47e8b2bc42813b3dd350060308e7fbc463103e21d3c,,
caixa_conversao_v1.pdf,349042a4b03cf84bc8adfb66c472c320a62987c9b37435b0525f1816529b2712,1,478,ok,textual,2330,1776,40,075a6614488b6738a1e6231c19a1b9f236b4f6aed024476cceb7a1d940ca64d6,,
caixa_conversao_v1.pdf,349042a4b03cf84bc8adfb66c472c320a62987c9b37435b0525f1816529b2712,1,479,ok,textual,3095,2369,52,da5a62f12a3ab78ff40d73e804f34e5602c8bae59e5a14be190cf92fcc9f3aff,,
caixa_conversao_v1.pdf,349042a4b03cf84bc8adfb66c472c320a62987c9b37435b0525f1816529b2712,1,480,ok,textual,2814,2176,48,95f46ba98a758497a26e7b1eb3fdb746128d6018485157502ad9739fac9e1829,,
caixa_conversao_v1.pdf,349042a4b03cf84bc8adfb66c472c320a62987c9b37435b0525f1816529b2712,1,481,ok,textual,3152,2483,48,f0323f4dc4d4d8703d55dd0702b1c2331b1304d0141b2a12956f4f3dfea52a23,,
caixa_conversao_v1.pdf,349042a4b03cf84bc8adfb66c472c320a62987c9b37435b0525f1816529b2712,1,482,ok,textual,3038,2376,49,09cb2796efc5da5582a279d04f3261acba15b7dbc416fb695eb50e1c196d73e5,,
caixa_conversao_v1.pdf,349042a4b03cf84bc8adfb66c472c320a62987c9b37435b0525f1816529b2712,1,483,ok,textual,2882,2134,58,f6394c349aace92f8824e75a93e052c3acc747a12a83a6df11f739ac958ce748,,
caixa_conversao_v1.pdf,349042a4b03cf84bc8adfb66c472c320a62987c9b37435b0525f1816529b2712,1,484,ok,textual,3161,2509,48,f81aaf7a28c0c6c4d489fb01359527d5f1fa3ab07b07ee66e2d238f80873c7c2,,
caixa_conversao_v1.pdf,349042a4b03cf84bc8adfb66c472c320a62987c9b37435b0525f1816529b2712,1,485,ok,textual,3033,2403,48,721c31bc138c0d89ec7a180a6c7c5dfd01d69ea2734e2dedeab8bbb36081529d,,
caixa_conversao_v1.pdf,349042a4b03cf84bc8adfb66c472c320a62987c9b37435b0525f1816529b2712,1,486,ok,textual,2996,2351,48,0d070051e1c9a9c938b1da2cb1fc6c133252707e46d6278e963e5cbc0e547a68,,
caixa_conversao_v1.pdf,349042a4b03cf84bc8adfb66c472c320a62987c9b37435b0525f1816529b2712,1,487,ok,textual,2978,2218,58,c1f8abf78b2185797706893df79ed2b8a7265a02d190972963a5f95fb84ca13a,,
caixa_conversao_v1.pdf,349042a4b03cf84bc8adfb66c472c320a62987c9b37435b0525f1816529b2712,1,488,ok,textual,3072,2386,48,393eccb4aac8777fee394b857dd1b731af3ef584a401ba665e7aa2ea7f85e4a1,,
caixa_conversao_v1.pdf,349042a4b03cf84bc8adfb66c472c320a62987c9b37435b0525f1816529b2712,1,489,ok,textual,2914,2286,50,17117f4e2c7031cb20024b49ba13e221ab6ba00f75c2f814dc5dbcbdde9e091f,,
caixa_conversao_v1.pdf,349042a4b03cf84bc8adfb66c472c320a62987c9b37435b0525f1816529b2712,1,490,ok,textual,2491,1924,46,c869b7d02a49c3af777d742de256e557263157116cdfaebc6f0e2a6f8e60f885,,
caixa_conversao_v1.pdf,349042a4b03cf84bc8adfb66c472c320a62987c9b37435b0525f1816529b2712,1,491,ok,textual,2867,2139,49,697ae67b80db96b85959a1ba78ae8e9154681176709267ccebb24a7a73e75f41,,
caixa_conversao_v1.pdf,349042a4b03cf84bc8adfb66c472c320a62987c9b37435b0525f1816529b2712,1,492,ok,textual,3156,2471,49,538d325492e4759d5001a52053eacc1e23a7f3ef18a9d8ac99dd6a639855740d,,
caixa_conversao_v1.pdf,349042a4b03cf84bc8adfb66c472c320a62987c9b37435b0525f1816529b2712,1,493,ok,textual,3193,2487,49,2f248d2bc4a7eefed65096c69552f98d97da906d33e03e60ac1630a672684196,,
caixa_conversao_v1.pdf,349042a4b03cf84bc8adfb66c472c320a62987c9b37435b0525f1816529b2712,1,494,ok,textual,3133,2438,50,9b213017814abade22495ad822ce622fe93ce7b21e60b89940358350241b943a,,
caixa_conversao_v1.pdf,349042a4b03cf84bc8adfb66c472c320a62987c9b37435b0525f1816529b2712,1,495,ok,textual,3165,2345,54,693f10a8a684dc8db341dfdedf21472f5279c922b9ceaa050b2cf9bb12abd544,,
caixa_conversao_v1.pdf,349042a4b03cf84bc8adfb66c472c320a62987c9b37435b0525f1816529b2712,1,496,ok,textual,3101,2423,51,06624df0a2d3c315502f499084119d73f9d07691c48fd6909cdfb7f0901a3c07,,
caixa_conversao_v1.pdf,349042a4b03cf84bc8adfb66c472c320a62987c9b37435b0525f1816529b2712,1,497,ok,textual,3098,2395,48,60e0168023614ce24baf0d6418aa8adbc9b939ce96b4883883fe96c8c09d9145,,
caixa_conversao_v1.pdf,349042a4b03cf84bc8adfb66c472c320a62987c9b37435b0525f1816529b2712,1,498,ok,textual,3291,2565,48,4e78c718bdb93a3c34fb05931e9b761aa9af0ff8a459ac2d9fc87560cd8992fe,,
caixa_conversao_v1.pdf,349042a4b03cf84bc8adfb66c472c320a62987c9b37435b0525f1816529b2712,1,499,ok,textual,3260,2466,52,f86cc56132761bf72cd4580f743981576d84064b6391a1f43792b1b6adfd13cf,,
caixa_conversao_v1.pdf,349042a4b03cf84bc8adfb66c472c320a62987c9b37435b0525f1816529b2712,1,500,ok,textual,3044,2364,50,2cdca1c336e9fc4f46ea000be357823be299ed362f966d773baa4f5ee186c50a,,
caixa_conversao_v1.pdf,349042a4b03cf84bc8adfb66c472c320a62987c9b37435b0525f1816529b2712,1,501,ok,textual,3115,2437,52,03e0e574cb545069c19f92fd324cde6c6fb375b75799083c3345f6b6eb638be2,,
caixa_conversao_v1.pdf,349042a4b03cf84bc8adfb66c472c320a62987c9b37435b0525f1816529b2712,1,502,ok,textual,2905,2217,49,cf501b46db609d1d4a2d0043c52369b5a5458d481cbb14f2e71849766cc364cf,,
caixa_conversao_v1.pdf,349042a4b03cf84bc8adfb66c472c320a62987c9b37435b0525f1816529b2712,1,503,ok,textual,3218,2348,53,08fc1cb2ec1fc76623d4bb100b1cb66a1a57751a83405bd7dfca51985b6b3ed8,,
caixa_conversao_v1.pdf,349042a4b03cf84bc8adfb66c472c320a62987c9b37435b0525f1816529b2712,1,504,ok,textual,3631,2565,50,6c885857199a4cde591d804d26e3c233636c1301394be8aeafde91ec48e965f1,,
caixa_conversao_v1.pdf,349042a4b03cf84bc8adfb66c472c320a62987c9b37435b0525f1816529b2712,1,505,ok,textual,2361,1742,42,4e6902275c81f97ba7d74953cc6865558cd225c007b87786a9534dab1777d3b3,,
caixa_conversao_v1.pdf,349042a4b03cf84bc8adfb66c472c320a62987c9b37435b0525f1816529b2712,1,506,ok,textual,2676,1991,51,b005c5d89aa17d019d76a785c5a71e159021128e549d8d263731b522fe874b50,,
caixa_conversao_v1.pdf,349042a4b03cf84bc8adfb66c472c320a62987c9b37435b0525f1816529b2712,1,507,ok,textual,2809,1932,53,cc01e279156f05fca3d7c5529febd24017a04efbfe11fec505e578707de9a3c9,,
caixa_conversao_v1.pdf,349042a4b03cf84bc8adfb66c472c320a62987c9b37435b0525f1816529b2712,1,508,ok,textual,2793,1899,46,e32ace04dd6943d1f4c541d9e65027d0551adca46d7d02e68702eba6505905cb,,
caixa_conversao_v1.pdf,349042a4b03cf84bc8adfb66c472c320a62987c9b37435b0525f1816529b2712,1,509,ok,textual,2753,1604,56,64bc48cbf579f62f8d56e1da2a87db9fd557494bcca540089bcf2dda4af59b9f,,
caixa_conversao_v1.pdf,349042a4b03cf84bc8adfb66c472c320a62987c9b37435b0525f1816529b2712,1,510,ok,textual,2177,1073,64,0984b154abcc43f40d0726c54339a74f1ac948e21fc8c1fa56394a2edc87dbb8,,
caixa_conversao_v1.pdf,349042a4b03cf84bc8adfb66c472c320a62987c9b37435b0525f1816529b2712,1,511,ok,textual,2575,1737,57,f14c505c6e057befea3d628630f08d1ad2c546a935d80bfe2bf56041f860e397,,
caixa_conversao_v1.pdf,349042a4b03cf84bc8adfb66c472c320a62987c9b37435b0525f1816529b2712,1,512,ok,textual,2823,2065,49,2fa6940cbeed8f1b27be3ec9e7efbd1b223d39ff4005144333f15e433797f6fa,,
caixa_conversao_v1.pdf,349042a4b03cf84bc8adfb66c472c320a62987c9b37435b0525f1816529b2712,1,513,ok,textual,2381,1636,47,d5698a3567b9aa161b84c21746eb32978304ffed28d361b869f4ebf28cc159c4,,
caixa_conversao_v1.pdf,349042a4b03cf84bc8adfb66c472c320a62987c9b37435b0525f1816529b2712,1,514,ok,textual,2378,1791,46,673358bb1e054ef61ace56972a520ec5beb6d034cf6b2c2da2fc050989314ef2,,
caixa_conversao_v1.pdf,349042a4b03cf84bc8adfb66c472c320a62987c9b37435b0525f1816529b2712,1,515,ok,textual,2564,1780,61,94bb67aabff708efff1e5c91a85370eca720a3b2f31692e9eccac4d02bd1d5e7,,
caixa_conversao_v1.pdf,349042a4b03cf84bc8adfb66c472c320a62987c9b37435b0525f1816529b2712,1,516,ok,textual,2716,1957,47,a979c2fe9d1c41df0e8d4dab534efba3d0e2ec751184b3fd2c55f3078d33e819,,
caixa_conversao_v1.pdf,349042a4b03cf84bc8adfb66c472c320a62987c9b37435b0525f1816529b2712,1,517,ok,textual,3765,2496,51,e5d851789e3e2f32589c5d012487722639ed707eae93cf980ea0238986833542,,
caixa_conversao_v1.pdf,349042a4b03cf84bc8adfb66c472c320a62987c9b37435b0525f1816529b2712,1,518,ok,textual,2875,2215,53,d80cb88f59f5a42a312ee948c167a95684a5ad84dfaeb515ce59243de6d967eb,,
caixa_conversao_v1.pdf,349042a4b03cf84bc8adfb66c472c320a62987c9b37435b0525f1816529b2712,1,519,ok,textual,2891,2261,47,7acb583060ecce76c98a6f7dd80f77f52eef5bed989efe5511027a02f78700d9,,
caixa_conversao_v1.pdf,349042a4b03cf84bc8adfb66c472c320a62987c9b37435b0525f1816529b2712,1,520,ok,textual,2931,2299,49,6bf30fd1f0057124120fafb768e9e8bf995247b25e37eb0b5c23bca9fe2ea5fe,,
caixa_conversao_v1.pdf,349042a4b03cf84bc8adfb66c472c320a62987c9b37435b0525f1816529b2712,1,521,ok,textual,2891,2134,54,36a4f728e6f0d14426e20d3be2bc62776d3703e8641d6f154c402eb63858f10e,,
caixa_conversao_v1.pdf,349042a4b03cf84bc8adfb66c472c320a62987c9b37435b0525f1816529b2712,1,522,ok,textual,2804,2182,49,b559ea66d7c34ab2dc0d468dbdaad58c2339ae4b49f6243f63f2c469ed82d786,,
caixa_conversao_v1.pdf,349042a4b03cf84bc8adfb66c472c320a62987c9b37435b0525f1816529b2712,1,523,ok,textual,2992,2337,56,522d0eb6f87e36abd1d4eb501e832dac4edceb740c8c17832c17cadaa0f475fe,,
caixa_conversao_v1.pdf,349042a4b03cf84bc8adfb66c472c320a62987c9b37435b0525f1816529b2712,1,524,ok,textual,2582,2002,47,5e3eac18a253aaed0c453007def3d1ef60fd36bd7c9ce9b93686c6b2f003f72b,,
caixa_conversao_v1.pdf,349042a4b03cf84bc8adfb66c472c320a62987c9b37435b0525f1816529b2712,1,525,ok,textual,2796,2015,48,579f920d16a22b8d43f53ee0aa140c0ff950bc950ed2f3879b5687f37c35f2b5,,
caixa_conversao_v1.pdf,349042a4b03cf84bc8adfb66c472c320a62987c9b37435b0525f1816529b2712,1,526,ok,textual,2747,2134,47,2ab4377291aced88450f27e530b9889334ef77456438835fa30e4594c8bc64f7,,
caixa_conversao_v1.pdf,349042a4b03cf84bc8adfb66c472c320a62987c9b37435b0525f1816529b2712,1,527,ok,textual,2338,1764,47,f93e9a5b8078402f7f4c1c811c817f4389cd17065d617d6558ca036b3e248ec3,,
caixa_conversao_v1.pdf,349042a4b03cf84bc8adfb66c472c320a62987c9b37435b0525f1816529b2712,1,528,ok,textual,2738,2109,46,b99b4c822335d2aab9a10fec7b5f500816a12f887273fa3a020117e68ad496aa,,
caixa_conversao_v1.pdf,349042a4b03cf84bc8adfb66c472c320a62987c9b37435b0525f1816529b2712,1,529,ok,textual,2822,2116,50,0565c84cbceeae23a177abbb0c4d1eb1d46be716cfa49e3e92bc488fba157e78,,
caixa_conversao_v1.pdf,349042a4b03cf84bc8adfb66c472c320a62987c9b37435b0525f1816529b2712,1,530,ok,textual,2846,2207,51,70ad3ad70f343e39621644a561909673bcad4fa66dc650ede54a5e06ddc9d26e,,
caixa_conversao_v1.pdf,349042a4b03cf84bc8adfb66c472c320a62987c9b37435b0525f1816529b2712,1,531,ok,textual,2624,2027,47,e17950b61b6073b8e1bf47c4f7b8123e40cdec16e47aca68f944fb2bc621b95f,,
caixa_conversao_v1.pdf,349042a4b03cf84bc8adfb66c472c320a62987c9b37435b0525f1816529b2712,1,532,ok,textual,2551,1930,46,892b0de6e9f56447ad8f53fff3be775670191baa71941221262e3e1b358e0855,,
caixa_conversao_v1.pdf,349042a4b03cf84bc8adfb66c472c320a62987c9b37435b0525f1816529b2712,1,533,ok,textual,3081,2338,48,9c13873b331746d4ae9d31bf418a89cd2352b6c13c033ab48125e0ab3b63c2c9,,
caixa_conversao_v1.pdf,349042a4b03cf84bc8adfb66c472c320a62987c9b37435b0525f1816529b2712,1,534,ok,textual,2584,1964,48,69a7551b4ca8300b1aa26149c8330dca48a3abaa594fb9c7e129473dd39f0105,,
caixa_conversao_v1.pdf,349042a4b03cf84bc8adfb66c472c320a62987c9b37435b0525f1816529b2712,1,535,ok,textual,2845,2093,50,c61af8f0a3d4d6ac6b7203d32cd9b0a5979a7d7970bd6f6cd26c815bced6cf47,,
caixa_conversao_v1.pdf,349042a4b03cf84bc8adfb66c472c320a62987c9b37435b0525f1816529b2712,1,536,ok,textual,2697,2080,50,753eeefeb76c930c0e7dc51a577ad0a8cb4c8c08d88247a0ed9a854e19ba290f,,
caixa_conversao_v1.pdf,349042a4b03cf84bc8adfb66c472c320a62987c9b37435b0525f1816529b2712,1,537,ok,textual,2710,2105,48,6132c0fd9085d8e17291b9b88b2b859ad939814b607dfffdf583193c667bb1d8,,
caixa_conversao_v1.pdf,349042a4b03cf84bc8adfb66c472c320a62987c9b37435b0525f1816529b2712,1,538,ok,textual,2600,1873,45,803073b76ce34877411f81a00cd91840265d6ba9cf5c5f416eb93e50f679600e,,
caixa_conversao_v1.pdf,349042a4b03cf84bc8adfb66c472c320a62987c9b37435b0525f1816529b2712,1,539,ok,textual,3279,2467,56,b9da151165b28b05168eaf0ab3553bc6f863a82a5e4924007654d62670af6ea4,,
caixa_conversao_v1.pdf,349042a4b03cf84bc8adfb66c472c320a62987c9b37435b0525f1816529b2712,1,540,ok,textual,2949,2255,47,697fa4d8366ce987d8e2c194b4b2ed6e6b7de5e8831201c72e511a9baa562feb,,
caixa_conversao_v1.pdf,349042a4b03cf84bc8adfb66c472c320a62987c9b37435b0525f1816529b2712,1,541,ok,textual,2512,1820,47,202a3d7ed758167b49fe059a49660d6e697fb0f4aafb706fa9215c4b3ff1a3ae,,
caixa_conversao_v1.pdf,349042a4b03cf84bc8adfb66c472c320a62987c9b37435b0525f1816529b2712,1,542,ok,textual,2446,1827,47,a798fc0239047c9f3c1d9965af613dbcff0dfa5fd6b2366b3455c0ba9643a40e,,
caixa_conversao_v1.pdf,349042a4b03cf84bc8adfb66c472c320a62987c9b37435b0525f1816529b2712,1,543,ok,textual,2854,2113,52,b1919ecaf5c5f2c20bf86179e69ee0212e4d1be9c95b929edbe6855d776f2fec,,
caixa_conversao_v1.pdf,349042a4b03cf84bc8adfb66c472c320a62987c9b37435b0525f1816529b2712,1,544,ok,textual,2841,2199,48,d22a1416178ade8512fb248ac7e0f40b40187b754fef8fced2ca5ee725545fbb,,
caixa_conversao_v1.pdf,349042a4b03cf84bc8adfb66c472c320a62987c9b37435b0525f1816529b2712,1,545,ok,textual,2856,2219,50,237b6c4ac3d823d3c9868a3d331dafead722f8787f540d28dd531affdd5d6647,,
caixa_conversao_v1.pdf,349042a4b03cf84bc8adfb66c472c320a62987c9b37435b0525f1816529b2712,1,546,ok,textual,2723,2094,52,bfdde9dc65e1c28288ee79548538b4635d5da9551b6291138d99a6d065388666,,
caixa_conversao_v1.pdf,349042a4b03cf84bc8adfb66c472c320a62987c9b37435b0525f1816529b2712,1,547,ok,textual,1778,1315,38,0941bc6ef0a6ade49370b08dd77b4f8a6e676a35a7257c3b17b18d058b056d56,,
caixa_conversao_v1.pdf,349042a4b03cf84bc8adfb66c472c320a62987c9b37435b0525f1816529b2712,1,548,ok,textual,2005,1466,38,7d7d8451e0aaff81b0c40ebdccdf09e993e7dbb05e01458666d954ee67bd1535,,
caixa_conversao_v1.pdf,349042a4b03cf84bc8adfb66c472c320a62987c9b37435b0525f1816529b2712,1,549,ok,textual,2852,2179,46,5094bcfd49482f9e9ceb00544b9d5dcaab203a70dacf5ac8e53935a3b5a7a2a3,,
caixa_conversao_v1.pdf,349042a4b03cf84bc8adfb66c472c320a62987c9b37435b0525f1816529b2712,1,550,ok,textual,1803,1311,40,7eeb88453c214fa3c83612a1dd4745f026f3a3b4da16f1564bdd85981fba0a88,,
caixa_conversao_v1.pdf,349042a4b03cf84bc8adfb66c472c320a62987c9b37435b0525f1816529b2712,1,551,ok,textual,2894,2084,50,e615c97676661b29bd23946b1f0591b21f56699cafc3e4768c0df37e36e65fe1,,
caixa_conversao_v1.pdf,349042a4b03cf84bc8adfb66c472c320a62987c9b37435b0525f1816529b2712,1,552,ok,textual,2013,1527,37,14b8a4cb134b373ab696678e25e3995e66d1339031790aa57b5b65c84655ded7,,
caixa_conversao_v1.pdf,349042a4b03cf84bc8adfb66c472c320a62987c9b37435b0525f1816529b2712,1,553,ok,sparse,22,5,6,d2a02e1d1d39842438100cab4ff1ab47a6604cab7dbe79677c6ddcb569a8845e,,
caixa_conversao_v1.pdf,349042a4b03cf84bc8adfb66c472c320a62987c9b37435b0525f1816529b2712,1,554,empty,empty,0,0,0,e3b0c44298fc1c149afbf4c8996fb92427ae41e4649b934ca495991b7852b855,,
caixa_conversao_v1.pdf,349042a4b03cf84bc8adfb66c472c320a62987c9b37435b0525f1816529b2712,1,555,ok,textual,1015,707,24,3025e98a89689403fc276c410a04cfc0da6800167660ad9b661b36327700a950,,
caixa_conversao_v1.pdf,349042a4b03cf84bc8adfb66c472c320a62987c9b37435b0525f1816529b2712,1,556,empty,empty,0,0,0,e3b0c44298fc1c149afbf4c8996fb92427ae41e4649b934ca495991b7852b855,,
caixa_conversao_v1.pdf,349042a4b03cf84bc8adfb66c472c320a62987c9b37435b0525f1816529b2712,1,557,ok,textual,2214,1733,39,47452d73373b23dc8f541a152bd5a25b67a45115b808fc31314c1ce61408afb9,,
caixa_conversao_v1.pdf,349042a4b03cf84bc8adfb66c472c320a62987c9b37435b0525f1816529b2712,1,558,ok,textual,3040,2363,47,9c5d7994c026f6ce837df3be0bac641a6795a1e0083f6506b82150334848e861,,
caixa_conversao_v1.pdf,349042a4b03cf84bc8adfb66c472c320a62987c9b37435b0525f1816529b2712,1,559,ok,textual,3208,2463,55,c8867c00d13726631b3d5330ee3440ff4c934970efb50da54df8140eb051aa70,,
caixa_conversao_v1.pdf,349042a4b03cf84bc8adfb66c472c320a62987c9b37435b0525f1816529b2712,1,560,ok,textual,3108,2432,48,261749b4e010d08fee473e2a5f82c2cdd7eb30eb2c741036ed08e9f2bb9b3313,,
caixa_conversao_v1.pdf,349042a4b03cf84bc8adfb66c472c320a62987c9b37435b0525f1816529b2712,1,561,ok,textual,3186,2525,48,40d00c8184f29e8c7b96cfc468a2c0dc2c4b27e70757391fab315b98ae8b1ef9,,
caixa_conversao_v1.pdf,349042a4b03cf84bc8adfb66c472c320a62987c9b37435b0525f1816529b2712,1,562,ok,textual,3142,2430,48,3d2e33af533c7f230892ce6a0fd7772387609b22c985e6a810902d4c010ef44f,,
caixa_conversao_v1.pdf,349042a4b03cf84bc8adfb66c472c320a62987c9b37435b0525f1816529b2712,1,563,ok,textual,3208,2468,49,3a8b66de2683267b779d613f33c12c37c7f883b8d712dbbb38ae60a77036d530,,
caixa_conversao_v1.pdf,349042a4b03cf84bc8adfb66c472c320a62987c9b37435b0525f1816529b2712,1,564,ok,textual,2871,2261,46,44332dfdf2c6d1b55462ffd731d1651118b0be16ef2b719eb458bbbb3acb0c50,,
caixa_conversao_v1.pdf,349042a4b03cf84bc8adfb66c472c320a62987c9b37435b0525f1816529b2712,1,565,ok,textual,3170,2483,48,d4add2bc5bfb9a75c990db3f0c95fc85068c4f0713c2d58f331e387d3aa0a1b6,,
caixa_conversao_v1.pdf,349042a4b03cf84bc8adfb66c472c320a62987c9b37435b0525f1816529b2712,1,566,ok,textual,3063,2395,48,0c6cbe92ef6ad3414ddbf376d6041c4f9d8ee34d453c76d5f4be558422addae6,,
caixa_conversao_v1.pdf,349042a4b03cf84bc8adfb66c472c320a62987c9b37435b0525f1816529b2712,1,567,ok,textual,3179,2427,52,a57afb98bacabbd8e2ee70fb17d0b42e0cbe90c4b0ed5a3e6ec4974bd0fdbadf,,
caixa_conversao_v1.pdf,349042a4b03cf84bc8adfb66c472c320a62987c9b37435b0525f1816529b2712,1,568,ok,textual,3438,2483,48,4c7bce70441d3a46212328a1c52bc44779921b659eb5bc0ea823149d2fb16c9a,,
caixa_conversao_v1.pdf,349042a4b03cf84bc8adfb66c472c320a62987c9b37435b0525f1816529b2712,1,569,ok,textual,3138,2340,52,d2f693ee9806c439847ff68260cd513821b8dc2e76db1f70602402d51c3e8529,,
caixa_conversao_v1.pdf,349042a4b03cf84bc8adfb66c472c320a62987c9b37435b0525f1816529b2712,1,570,ok,textual,2490,1869,43,55f01e47838997cf1fdfc4bca88fa6645d17e5b5733c2cdfdedc387703e25a9a,,
caixa_conversao_v1.pdf,349042a4b03cf84bc8adfb66c472c320a62987c9b37435b0525f1816529b2712,1,571,ok,textual,3336,2517,50,656ce12bdf1990fa1dfff79c9387170ba2828a903224e272aadf841eac2fca74,,
caixa_conversao_v1.pdf,349042a4b03cf84bc8adfb66c472c320a62987c9b37435b0525f1816529b2712,1,572,ok,textual,3267,2536,48,0243ed402558137c54daa95398a20c2198e0437fefa8d6ff44598b85456c6c2b,,
caixa_conversao_v1.pdf,349042a4b03cf84bc8adfb66c472c320a62987c9b37435b0525f1816529b2712,1,573,ok,textual,3355,2486,48,dc85340d345b403b11bcc5d217a643e324ca211317fb825538fa52e773ab3064,,
caixa_conversao_v1.pdf,349042a4b03cf84bc8adfb66c472c320a62987c9b37435b0525f1816529b2712,1,574,ok,textual,1952,1517,31,e68d031f2dabe683cb6a2537522127e653015b2eb58053f05d4e2229017e2dbd,,
caixa_conversao_v1.pdf,349042a4b03cf84bc8adfb66c472c320a62987c9b37435b0525f1816529b2712,1,575,ok,textual,2424,1823,46,75c847398eea7ae72a520d4eac38ea122aebaf09f25dd87ac012d7620c1c8248,,
caixa_conversao_v1.pdf,349042a4b03cf84bc8adfb66c472c320a62987c9b37435b0525f1816529b2712,1,576,ok,textual,3229,2548,48,610d28d24a872f7a248803e811ed4be58ab4e8600bf1b18b66fbcc2442091db6,,
caixa_conversao_v1.pdf,349042a4b03cf84bc8adfb66c472c320a62987c9b37435b0525f1816529b2712,1,577,ok,textual,3068,2405,48,62a5ed449d5ea1c1211f388f25faaf86d46231f8b2c66079119e41e42d9ef39c,,
caixa_conversao_v1.pdf,349042a4b03cf84bc8adfb66c472c320a62987c9b37435b0525f1816529b2712,1,578,ok,textual,3025,2349,49,735028e280cbbfde4ca6be20883caf2e56b98d44ecc148a2717ea2bd267df307,,
caixa_conversao_v1.pdf,349042a4b03cf84bc8adfb66c472c320a62987c9b37435b0525f1816529b2712,1,579,ok,textual,3032,2349,49,8ae95b5f7b9e30b8545f4284fde38cf9a96b6914d4201a2e7e5a9ca742ac2132,,
caixa_conversao_v1.pdf,349042a4b03cf84bc8adfb66c472c320a62987c9b37435b0525f1816529b2712,1,580,ok,textual,3153,2465,51,076168ab2fe41847b8e755757a5d5874f1c4636bac04fddc596a9c9f70068549,,
caixa_conversao_v1.pdf,349042a4b03cf84bc8adfb66c472c320a62987c9b37435b0525f1816529b2712,1,581,ok,textual,3366,2489,48,d0ee3d7fe8e8f457b1b728e09f27308cb56313b3d3159bff38b45dc6cbd4ed46,,
caixa_conversao_v1.pdf,349042a4b03cf84bc8adfb66c472c320a62987c9b37435b0525f1816529b2712,1,582,ok,textual,3088,2423,48,281a432582063ad390fab8d3a7f748b7528cc46e886726f3e39d6748899524f7,,
caixa_conversao_v1.pdf,349042a4b03cf84bc8adfb66c472c320a62987c9b37435b0525f1816529b2712,1,583,ok,textual,3016,2307,53,b901126e9bb2dc4118b8a4ba8ea33ab723e248c84cfa7b144ade65eb9f39a6dc,,
caixa_conversao_v1.pdf,349042a4b03cf84bc8adfb66c472c320a62987c9b37435b0525f1816529b2712,1,584,ok,textual,2959,2301,48,d1a0addc2a7114dae742b1bed3a3d5e64469988b7115150870354deb16fb0d0c,,
caixa_conversao_v1.pdf,349042a4b03cf84bc8adfb66c472c320a62987c9b37435b0525f1816529b2712,1,585,ok,textual,2950,2237,47,fd10aed532c80db2617c207c9aa20ef06c81e567f9d93de4f53aa9958c03ec17,,
caixa_conversao_v1.pdf,349042a4b03cf84bc8adfb66c472c320a62987c9b37435b0525f1816529b2712,1,586,ok,textual,3152,2442,48,11f59fa370c01773c2b24a721c9b4dede160d58328db73b593a1db2eaf73f040,,
caixa_conversao_v1.pdf,349042a4b03cf84bc8adfb66c472c320a62987c9b37435b0525f1816529b2712,1,587,ok,textual,3042,2278,56,ef047e6c6b4236fa422cd57b16a588facc9345480c3b647ea8f1809883f2293c,,
caixa_conversao_v1.pdf,349042a4b03cf84bc8adfb66c472c320a62987c9b37435b0525f1816529b2712,1,588,ok,textual,3049,2396,47,856e0274b85049ba528b879ee1d7bc3e400d5cce1109297e4bfca334344d3773,,
caixa_conversao_v1.pdf,349042a4b03cf84bc8adfb66c472c320a62987c9b37435b0525f1816529b2712,1,589,ok,textual,3177,2421,52,2f7e6a2ea0ce062f98ff2cb4d0149cae5e21bd3cb048d80bce5996bd31bc0d23,,
caixa_conversao_v1.pdf,349042a4b03cf84bc8adfb66c472c320a62987c9b37435b0525f1816529b2712,1,590,ok,textual,2985,2306,47,dc84095c920751190c8df3c35b2595013492b0af386a19687bda93f940afdcba,,
caixa_conversao_v1.pdf,349042a4b03cf84bc8adfb66c472c320a62987c9b37435b0525f1816529b2712,1,591,ok,textual,3129,2373,49,a007703b6d40842937af524a57b57be38a0bbfa69ea4900ec503e57160d93006,,
caixa_conversao_v1.pdf,349042a4b03cf84bc8adfb66c472c320a62987c9b37435b0525f1816529b2712,1,592,ok,textual,2927,2258,47,129ca5c4e62ebd5c2dc5174ee0f3e98c1b8c702b8578c9c8630cde66199cae2e,,
caixa_conversao_v1.pdf,349042a4b03cf84bc8adfb66c472c320a62987c9b37435b0525f1816529b2712,1,593,ok,textual,2884,2227,44,0ae25a881e3d6eb35fa25921f247be7ac3e0d6a1789bd7f64690c31eed80bc38,,
caixa_conversao_v1.pdf,349042a4b03cf84bc8adfb66c472c320a62987c9b37435b0525f1816529b2712,1,594,ok,textual,2455,1900,47,a603cb59df69d80f644c1198090cc5793ad7074d4a28bedf56fcc4e5716a3354,,
caixa_conversao_v1.pdf,349042a4b03cf84bc8adfb66c472c320a62987c9b37435b0525f1816529b2712,1,595,ok,textual,3022,2297,50,ee9f94d2fbbac399cdbee371c7311521eb2f9f919c1d93cb0799ad97f31d44d3,,
caixa_conversao_v1.pdf,349042a4b03cf84bc8adfb66c472c320a62987c9b37435b0525f1816529b2712,1,596,ok,textual,2877,2244,49,a99f3a1267812c1a02656a25aa937f30f3bb037e0548ecf6cbff757621f0295f,,
caixa_conversao_v1.pdf,349042a4b03cf84bc8adfb66c472c320a62987c9b37435b0525f1816529b2712,1,597,ok,textual,2429,1824,43,c162f9e827ab41e3fa6d7b0ac7cd30c8cf3285c327bfa5e2997ff1fe31d660d9,,
caixa_conversao_v1.pdf,349042a4b03cf84bc8adfb66c472c320a62987c9b37435b0525f1816529b2712,1,598,ok,textual,2282,1736,43,e81c3646c34d47f962a76f3b458773d628bfc9233a03bbf50058d84b2cb53567,,
caixa_conversao_v1.pdf,349042a4b03cf84bc8adfb66c472c320a62987c9b37435b0525f1816529b2712,1,599,ok,textual,2720,2108,48,488efdc984ed43bf46f3c746d86f40d4c36b14b2848c9cc031f9ce6a9f0711b8,,
caixa_conversao_v1.pdf,349042a4b03cf84bc8adfb66c472c320a62987c9b37435b0525f1816529b2712,1,600,ok,textual,2527,1881,44,2c5f47fa486fd5d68db6d235721fd9bf313620caae3f1dc2427e0befdb94d51c,,
caixa_conversao_v1.pdf,349042a4b03cf84bc8adfb66c472c320a62987c9b37435b0525f1816529b2712,1,601,ok,textual,2021,1477,38,30f3f50423ad08c3aa90a9f0806a2830a4ac453e753c870dc5c24559b8b035ab,,
caixa_conversao_v1.pdf,349042a4b03cf84bc8adfb66c472c320a62987c9b37435b0525f1816529b2712,1,602,ok,textual,2667,2061,43,6041fd6ce3c0ce43daf7f86fca91d4d4f82173531ac4f4c783315bbf2f692014,,
caixa_conversao_v1.pdf,349042a4b03cf84bc8adfb66c472c320a62987c9b37435b0525f1816529b2712,1,603,ok,textual,3128,2439,49,5afb9f82c5e3949900cd92ccb41437417f63ca5c7d1d5ea5c2c275a44d234387,,
caixa_conversao_v1.pdf,349042a4b03cf84bc8adfb66c472c320a62987c9b37435b0525f1816529b2712,1,604,ok,textual,3064,2276,48,85d7df8f7ae424a85c65a626c69982bd27a5c454e348b13ea1f85cc306740545,,
caixa_conversao_v1.pdf,349042a4b03cf84bc8adfb66c472c320a62987c9b37435b0525f1816529b2712,1,605,ok,textual,3009,2300,49,0333c3fd038f443de49c9af84e87be05e1efddc757d3e16cb70ee07f6867cca0,,
caixa_conversao_v1.pdf,349042a4b03cf84bc8adfb66c472c320a62987c9b37435b0525f1816529b2712,1,606,ok,textual,2671,2065,47,a11a4c831812b4acee567bcdceb3a68c17e35c2316d19358ab630f49b5a4a90c,,
caixa_conversao_v1.pdf,349042a4b03cf84bc8adfb66c472c320a62987c9b37435b0525f1816529b2712,1,607,ok,textual,2054,1524,40,73d94ace98755d6c4c0f8baa6d81f95f204c91924d544d5c5f221ee377a1c88c,,
caixa_conversao_v1.pdf,349042a4b03cf84bc8adfb66c472c320a62987c9b37435b0525f1816529b2712,1,608,ok,textual,2090,1518,37,c25d1c4d960a0cdfd88fb424cb5028d98250d3fbd5bce53b654e80d3e941b41f,,
caixa_conversao_v1.pdf,349042a4b03cf84bc8adfb66c472c320a62987c9b37435b0525f1816529b2712,1,609,ok,textual,1645,1279,29,91e797275bc81fd6438bf59f3c087477569abb2ae5ec2a70ac6dd88791233f90,,
caixa_conversao_v1.pdf,349042a4b03cf84bc8adfb66c472c320a62987c9b37435b0525f1816529b2712,1,610,empty,empty,0,0,0,e3b0c44298fc1c149afbf4c8996fb92427ae41e4649b934ca495991b7852b855,,
caixa_conversao_v1.pdf,349042a4b03cf84bc8adfb66c472c320a62987c9b37435b0525f1816529b2712,1,611,ok,sparse,10,4,3,5c2d2bdcee59ac39bc049358df271e0c7d61e2ea36e1d161bfa7c6e6c00dbc8e,,
caixa_conversao_v1.pdf,349042a4b03cf84bc8adfb66c472c320a62987c9b37435b0525f1816529b2712,1,612,empty,empty,0,0,0,e3b0c44298fc1c149afbf4c8996fb92427ae41e4649b934ca495991b7852b855,,
caixa_conversao_v1.pdf,349042a4b03cf84bc8adfb66c472c320a62987c9b37435b0525f1816529b2712,1,613,ok,textual,585,448,12,6a54998afcf084b2efc65a13fbf747d7804a46b42752b620f77da55184832147,,
caixa_conversao_v1.pdf,349042a4b03cf84bc8adfb66c472c320a62987c9b37435b0525f1816529b2712,1,614,empty,empty,0,0,0,e3b0c44298fc1c149afbf4c8996fb92427ae41e4649b934ca495991b7852b855,,
caixa_conversao_v1.pdf,349042a4b03cf84bc8adfb66c472c320a62987c9b37435b0525f1816529b2712,1,615,ok,textual,2189,1563,42,d74b5da0e2a16020da43cc78ecc2de021f00ed00deea326a7475c040cb51ca0c,,
caixa_conversao_v1.pdf,349042a4b03cf84bc8adfb66c472c320a62987c9b37435b0525f1816529b2712,1,616,ok,textual,2343,1546,70,1c2b3a814aa8c8a2aa9bc7c019304ce986920f310b4972b3da4d5222d67a4f91,,
caixa_conversao_v1.pdf,349042a4b03cf84bc8adfb66c472c320a62987c9b37435b0525f1816529b2712,1,617,ok,textual,3029,2334,50,b776553f41ce1221f6b5204b233406873e3ee15d2e551a5464d35f77ac374e92,,
caixa_conversao_v1.pdf,349042a4b03cf84bc8adfb66c472c320a62987c9b37435b0525f1816529b2712,1,618,ok,textual,1011,794,18,2ceff05366bd34f4751057c7610ad3c162dcedede0013add56c860e6e47da228,,
caixa_conversao_v1.pdf,349042a4b03cf84bc8adfb66c472c320a62987c9b37435b0525f1816529b2712,1,619,ok,textual,2344,1767,68,b8ab52887637ff774b80599c3cdf0fe5273684ec33fc6e251e5dfd1c42c4ea24,,
caixa_conversao_v1.pdf,349042a4b03cf84bc8adfb66c472c320a62987c9b37435b0525f1816529b2712,1,620,ok,textual,2527,1884,75,1db8ac5afc4e8c544e55784f12ddc4aab99e778d2b4c98cbdded63052bef721b,,
caixa_conversao_v1.pdf,349042a4b03cf84bc8adfb66c472c320a62987c9b37435b0525f1816529b2712,1,621,ok,textual,2543,1922,75,93d4039ef14c19634cbc5671562f602add5f9cc803ef74189371222e7ac3bd72,,
caixa_conversao_v1.pdf,349042a4b03cf84bc8adfb66c472c320a62987c9b37435b0525f1816529b2712,1,622,ok,textual,2796,2117,83,acfd9c18fb789c751135993de46de090d940243f46571d771e4dcd0bf645ddcd,,
caixa_conversao_v1.pdf,349042a4b03cf84bc8adfb66c472c320a62987c9b37435b0525f1816529b2712,1,623,ok,textual,1421,1036,48,b39142160b887190ffc52e21a61f8388eff3d958bce3f45a4c647c639ad8ffe6,,
caixa_conversao_v1.pdf,349042a4b03cf84bc8adfb66c472c320a62987c9b37435b0525f1816529b2712,1,624,ok,textual,2041,1507,38,2ddb24838e2fdced453638b22bef0a5f34c699fe32a5232c7ab1ee3ab2c34a8c,,
caixa_conversao_v1.pdf,349042a4b03cf84bc8adfb66c472c320a62987c9b37435b0525f1816529b2712,1,625,ok,textual,2050,1562,37,0a98be43b5111220aa387237998d96fee3f68a949a3005c09b5ba8b78374aa80,,
caixa_conversao_v1.pdf,349042a4b03cf84bc8adfb66c472c320a62987c9b37435b0525f1816529b2712,1,626,ok,textual,2425,1875,42,ef860dae592717ba26d2dadcdc317df71a720adbe2ccbeb79f5801cd0d0404f9,,
caixa_conversao_v1.pdf,349042a4b03cf84bc8adfb66c472c320a62987c9b37435b0525f1816529b2712,1,627,ok,textual,2771,2040,52,4b58c7fee265ab20926499412e070259f630035525435b33102fc7a413ed154c,,
caixa_conversao_v1.pdf,349042a4b03cf84bc8adfb66c472c320a62987c9b37435b0525f1816529b2712,1,628,ok,textual,1426,1088,30,a2ff9e12ea98aa07797f2d8a67be91dcd4477cf641fce1f42280e6cf33f27a5d,,
caixa_conversao_v1.pdf,349042a4b03cf84bc8adfb66c472c320a62987c9b37435b0525f1816529b2712,1,629,ok,sparse,11,6,2,c62a1452e4865085f7728356a02c1f4d716accee891f164e90b75fd2041fe5cd,,
caixa_conversao_v1.pdf,349042a4b03cf84bc8adfb66c472c320a62987c9b37435b0525f1816529b2712,1,630,ok,sparse,19,2,6,fc6d3ac15ff6785dc07d8689b7f3a3e5946b5323a01ba42faa1d00a991d0f66e,,
caixa_conversao_v1.pdf,349042a4b03cf84bc8adfb66c472c320a62987c9b37435b0525f1816529b2712,1,631,ok,textual,1815,1350,40,eb380c3d35627afc44b2c5060a709f9c291c925987b42860323475bc410d1b51,,
caixa_conversao_v1.pdf,349042a4b03cf84bc8adfb66c472c320a62987c9b37435b0525f1816529b2712,1,632,ok,textual,2309,1789,44,af136300953772e804779e1fa0e8c0e37f0c78d2c0b869cfadb78c713b2dd382,,
caixa_conversao_v1.pdf,349042a4b03cf84bc8adfb66c472c320a62987c9b37435b0525f1816529b2712,1,633,ok,textual,2626,2062,48,92498e9aee0ea64810c86490c9e8fb225b3da89f29f7c2a60195b4b4e0d16863,,
caixa_conversao_v1.pdf,349042a4b03cf84bc8adfb66c472c320a62987c9b37435b0525f1816529b2712,1,634,ok,textual,2543,1958,47,c9351f431f1f0939a9827650d010e7efdaa9a962995198abe466150ecf0a1588,,
caixa_conversao_v1.pdf,349042a4b03cf84bc8adfb66c472c320a62987c9b37435b0525f1816529b2712,1,635,ok,textual,2642,1956,58,4ce58ce3b09c7620e9757b3e5c77d85215f16f16eed0fa22bd8d872b539fa74f,,
caixa_conversao_v1.pdf,349042a4b03cf84bc8adfb66c472c320a62987c9b37435b0525f1816529b2712,1,636,ok,textual,2596,2021,48,e8e9a04c2ad2828d21c1f32585f1d48ed3b6560691658d24b5c507c2d92d7d28,,
caixa_conversao_v1.pdf,349042a4b03cf84bc8adfb66c472c320a62987c9b37435b0525f1816529b2712,1,637,ok,textual,2514,1952,48,9b5699c97a0d878542b1df2180398918cfd9b7a8768d21ed1228271ab64a215f,,
caixa_conversao_v1.pdf,349042a4b03cf84bc8adfb66c472c320a62987c9b37435b0525f1816529b2712,1,638,ok,textual,2702,2099,53,24a77e9e3409f1fda944c46e6e1c9277327d08ce53fa094d2f7215f48b79c6f5,,
caixa_conversao_v1.pdf,349042a4b03cf84bc8adfb66c472c320a62987c9b37435b0525f1816529b2712,1,639,ok,textual,2603,1959,54,8984b70058e37b12788cfd78e55a19415060fe96c70c80aea43240cf6bb16195,,
caixa_conversao_v1.pdf,349042a4b03cf84bc8adfb66c472c320a62987c9b37435b0525f1816529b2712,1,640,ok,textual,2545,1990,50,b2cec565b7d6ad7b80045a4ed2d2e2bc8089286c9edb9a29991c91b6b42477a8,,
caixa_conversao_v1.pdf,349042a4b03cf84bc8adfb66c472c320a62987c9b37435b0525f1816529b2712,1,641,ok,textual,2732,2144,50,022673519dcdd75a71fc2ed29f86babaa8e60f3ae6bd1b678b0128a566868152,,
caixa_conversao_v1.pdf,349042a4b03cf84bc8adfb66c472c320a62987c9b37435b0525f1816529b2712,1,642,ok,textual,2544,1925,50,829a28f4b76d32c7b9159bc04e0c38ecb876a5549e97ad876e29bfb952ac4b47,,
caixa_conversao_v1.pdf,349042a4b03cf84bc8adfb66c472c320a62987c9b37435b0525f1816529b2712,1,643,ok,textual,2239,1501,51,73e8a5ffef174fcde3f4daa973faee42727a5f6932a798d5e5ebac665e36bf8c,,
caixa_conversao_v1.pdf,349042a4b03cf84bc8adfb66c472c320a62987c9b37435b0525f1816529b2712,1,644,ok,textual,2443,1915,48,6d46fa12a0ce44308bce80f9c98b1d18b499eae740b99ad3f1ee9bb871f0121e,,
caixa_conversao_v1.pdf,349042a4b03cf84bc8adfb66c472c320a62987c9b37435b0525f1816529b2712,1,645,ok,textual,2669,2074,53,c10cfe5bc27b718088e546f1cbe87dad96b86bda5c70e0e583a9452d84e71196,,
caixa_conversao_v1.pdf,349042a4b03cf84bc8adfb66c472c320a62987c9b37435b0525f1816529b2712,1,646,ok,textual,2272,1752,44,2bbcc86b1d022201d9f7ce85f5526cdbc02ac20612bddcb939518202336e208e,,
caixa_conversao_v1.pdf,349042a4b03cf84bc8adfb66c472c320a62987c9b37435b0525f1816529b2712,1,647,ok,textual,2596,1908,50,0127f0d3e941e3cdd346e0b46ff83f1f45047d2994da5d7764043eeccbbb2e77,,
caixa_conversao_v1.pdf,349042a4b03cf84bc8adfb66c472c320a62987c9b37435b0525f1816529b2712,1,648,ok,textual,2702,2010,45,7068b2e0c39ca456fb60c96c6747f98799abfdbad3eea1c63f1c4116c768b1dd,,
caixa_conversao_v1.pdf,349042a4b03cf84bc8adfb66c472c320a62987c9b37435b0525f1816529b2712,1,649,ok,textual,2453,1643,42,65d7c3851d995630c792ca59b7c92e4a14c4300e4fbcc6492dafbc6003d05dde,,
caixa_conversao_v1.pdf,349042a4b03cf84bc8adfb66c472c320a62987c9b37435b0525f1816529b2712,1,650,ok,textual,2376,1829,46,08bebe402defba6584b710c5060c88de613cf4b2ea78f7b033d0bf6e3282cd55,,
caixa_conversao_v1.pdf,349042a4b03cf84bc8adfb66c472c320a62987c9b37435b0525f1816529b2712,1,651,ok,textual,1158,819,29,31cd3a6d57801b133dc7e2691b5b67ad248883ad1cc232d8ed7b896b7a5e418a,,
caixa_conversao_v1.pdf,349042a4b03cf84bc8adfb66c472c320a62987c9b37435b0525f1816529b2712,1,652,ok,textual,1505,869,27,7b9c1b25a51ca9ed409308104dd4650bf0b91acb466a03b96b47e54332cf8da9,,
caixa_conversao_v1.pdf,349042a4b03cf84bc8adfb66c472c320a62987c9b37435b0525f1816529b2712,1,653,ok,textual,2218,1407,49,82c03a15f500e7a8e0499f7c4ece51b9e0fc47065ca9b311a8f887e20b8d2852,,
caixa_conversao_v1.pdf,349042a4b03cf84bc8adfb66c472c320a62987c9b37435b0525f1816529b2712,1,654,ok,textual,2505,1931,53,ff92e1de56a19487399034505d4d467ced89f2b5336469ff7c7883a8dff8eabd,,
caixa_conversao_v1.pdf,349042a4b03cf84bc8adfb66c472c320a62987c9b37435b0525f1816529b2712,1,655,ok,textual,2308,1730,39,ed100b1faa92d02a40d720e81a839aa9e5b9ded75d9b62d13a3364de76d63606,,
caixa_conversao_v1.pdf,349042a4b03cf84bc8adfb66c472c320a62987c9b37435b0525f1816529b2712,1,656,ok,textual,2249,1262,66,fb7c99e5981789bd0b7cec35403471ff3de4e4b76cc7971af77617115dcec838,,
caixa_conversao_v1.pdf,349042a4b03cf84bc8adfb66c472c320a62987c9b37435b0525f1816529b2712,1,657,ok,textual,2102,1346,36,11cf7c08191782d1596c14b56333432fcbcf419cebd2aa41ae0d2c2e3e6b1f33,,
caixa_conversao_v1.pdf,349042a4b03cf84bc8adfb66c472c320a62987c9b37435b0525f1816529b2712,1,658,ok,textual,2091,1367,47,c091254f74c5c7b48249f4540603505530e75921aadcac256c0b8b13dae42f5d,,
caixa_conversao_v1.pdf,349042a4b03cf84bc8adfb66c472c320a62987c9b37435b0525f1816529b2712,1,659,ok,textual,1786,1029,55,c543ab3aaf206ce23e54e265c34cfacf377d8877f991f3057fad7934750ca94f,,
caixa_conversao_v1.pdf,349042a4b03cf84bc8adfb66c472c320a62987c9b37435b0525f1816529b2712,1,660,ok,textual,2649,1906,50,54d6bc262d6b86f3b0bb5a593eede57d3c470ac20624e375a83d926914635150,,
caixa_conversao_v1.pdf,349042a4b03cf84bc8adfb66c472c320a62987c9b37435b0525f1816529b2712,1,661,ok,textual,1948,1292,44,25e01fd40f1de8e0857683834b05422a10791e2fad267403c590e2c214df9c3e,,
caixa_conversao_v1.pdf,349042a4b03cf84bc8adfb66c472c320a62987c9b37435b0525f1816529b2712,1,662,ok,textual,1569,1033,48,d94a2d8974a23366f448eab922ae7e91d1caceb48438d695b4980eec069ffc1a,,
caixa_conversao_v1.pdf,349042a4b03cf84bc8adfb66c472c320a62987c9b37435b0525f1816529b2712,1,663,ok,textual,2359,1378,63,ebc00a8a3b2785a496c9fe8d62f71fbf2dc444ee44f7882bb2f4c62f44b1b9ec,,
caixa_conversao_v1.pdf,349042a4b03cf84bc8adfb66c472c320a62987c9b37435b0525f1816529b2712,1,664,ok,textual,1470,912,59,52100039717eb0bef22407b486ec7df3165f1923b7d2216b2b5274e6a66d1f8b,,
caixa_conversao_v1.pdf,349042a4b03cf84bc8adfb66c472c320a62987c9b37435b0525f1816529b2712,1,665,ok,textual,1718,1104,52,81fd99eecca7d97e9e21c8bb02002459c29dadc4aacf7dadebcdb240ba8ba468,,
caixa_conversao_v1.pdf,349042a4b03cf84bc8adfb66c472c320a62987c9b37435b0525f1816529b2712,1,666,ok,textual,1837,1048,60,8d4b0bc63840502977aa9c4393f527e54d141b0fcf4e5843e15b7267b9b6503b,,
caixa_conversao_v1.pdf,349042a4b03cf84bc8adfb66c472c320a62987c9b37435b0525f1816529b2712,1,667,ok,textual,2073,1138,66,1c1a3bbd01acf2e60f3bc000a6b671857dc51ba84e193341deef43bdef770ee6,,
caixa_conversao_v1.pdf,349042a4b03cf84bc8adfb66c472c320a62987c9b37435b0525f1816529b2712,1,668,ok,textual,1762,1178,36,010963b25a436b53cf1db3897860b864bdc356675d9f205ee7c24aa7344b426c,,
caixa_conversao_v1.pdf,349042a4b03cf84bc8adfb66c472c320a62987c9b37435b0525f1816529b2712,1,669,ok,textual,2541,1340,25,425e632dcabf59b601e1327a7fd634f934ed5f965680c80b385d57c96f744615,,
caixa_conversao_v1.pdf,349042a4b03cf84bc8adfb66c472c320a62987c9b37435b0525f1816529b2712,1,670,ok,textual,2326,1284,97,adc6adf06b4cd29c6522577965eb398c154d62123e699349bf2300afbd7617a1,,
caixa_conversao_v1.pdf,349042a4b03cf84bc8adfb66c472c320a62987c9b37435b0525f1816529b2712,1,671,ok,textual,1597,617,55,d46ac21b361dcb5749d1c65d5faf55c6e5b1d1db577494177016884361281b38,,
caixa_conversao_v1.pdf,349042a4b03cf84bc8adfb66c472c320a62987c9b37435b0525f1816529b2712,1,672,ok,textual,1734,1063,42,7120a0be2fe86c1758be0ba481aa45d0401ebb05ee45b0308670f512a46b5894,,
caixa_conversao_v1.pdf,349042a4b03cf84bc8adfb66c472c320a62987c9b37435b0525f1816529b2712,1,673,ok,textual,2356,1749,44,776722c5f69a0b21b81c03477ac1898686abf3db6556eb97e161f818b514940a,,
caixa_conversao_v1.pdf,349042a4b03cf84bc8adfb66c472c320a62987c9b37435b0525f1816529b2712,1,674,ok,textual,2253,1664,43,45ef51d46fd3b8cf937f24e36846189d9a33def89f14f921e27ce65ad94f5c92,,
caixa_conversao_v1.pdf,349042a4b03cf84bc8adfb66c472c320a62987c9b37435b0525f1816529b2712,1,675,ok,textual,2253,1450,53,1aa932dac1c94ee7f136a98d633f154c9eb462423e0fefa8fff59ea963b5b414,,
caixa_conversao_v1.pdf,349042a4b03cf84bc8adfb66c472c320a62987c9b37435b0525f1816529b2712,1,676,ok,textual,2129,1395,48,668fcd5b173b5d0620fe9d79b474da9a7e176c643211de4fac78e63592d33d0d,,
caixa_conversao_v1.pdf,349042a4b03cf84bc8adfb66c472c320a62987c9b37435b0525f1816529b2712,1,677,ok,textual,2197,1496,45,3ec6eeaa45433634cc1b89f07f577150cb86166f4a2add87c6578aef6fc17fa9,,
caixa_conversao_v1.pdf,349042a4b03cf84bc8adfb66c472c320a62987c9b37435b0525f1816529b2712,1,678,ok,textual,2240,1649,48,91186af41d5751b4b795e9912c3a34078ea50e6fea8f701d3e08a43850228e92,,
caixa_conversao_v1.pdf,349042a4b03cf84bc8adfb66c472c320a62987c9b37435b0525f1816529b2712,1,679,ok,textual,2095,1326,59,74ffabb3fbd63e7ec02d1e26504739677fc32c9c89921e682561cf5a8f530013,,
caixa_conversao_v1.pdf,349042a4b03cf84bc8adfb66c472c320a62987c9b37435b0525f1816529b2712,1,680,ok,textual,1944,1283,60,4d5cb027861cb691b36a4db8af7837b9850e0470eda8accc4289931d555e9c4c,,
caixa_conversao_v1.pdf,349042a4b03cf84bc8adfb66c472c320a62987c9b37435b0525f1816529b2712,1,681,ok,textual,2017,1226,80,70e716b4f4158a0624670f5ba40b2319436991920b3b0d8282d30f4bf81f1683,,
caixa_conversao_v1.pdf,349042a4b03cf84bc8adfb66c472c320a62987c9b37435b0525f1816529b2712,1,682,ok,textual,1222,770,28,0aecbcc196c3794705e67dc78f0c52b1f34b7b07e2d30db3397bd0f2cd081e0f,,
caixa_conversao_v1.pdf,349042a4b03cf84bc8adfb66c472c320a62987c9b37435b0525f1816529b2712,1,683,ok,textual,1823,921,38,3c03ff1aec359cf4b997ebc2d0f8fff0c68265f92c2517c04de720c1e9fb34ad,,
caixa_conversao_v1.pdf,349042a4b03cf84bc8adfb66c472c320a62987c9b37435b0525f1816529b2712,1,684,ok,textual,2127,1349,56,fa81321e1bc3c5f4c5f7bb034b53c7b1c083c6687796836def2bcc555474d19d,,
caixa_conversao_v1.pdf,349042a4b03cf84bc8adfb66c472c320a62987c9b37435b0525f1816529b2712,1,685,ok,textual,1685,924,51,b988a66726a90f4064e52e25552073155ce91b5da20f6618d7f8b0411abe4088,,
caixa_conversao_v1.pdf,349042a4b03cf84bc8adfb66c472c320a62987c9b37435b0525f1816529b2712,1,686,ok,textual,1397,641,45,21b386b1444dda3e0cd8c6eb0374a05938d4ea1a735f93e329bbb0a5892bf52d,,
caixa_conversao_v1.pdf,349042a4b03cf84bc8adfb66c472c320a62987c9b37435b0525f1816529b2712,1,687,ok,textual,1565,618,48,898dafe5314129866a53ae838d719d98095d2522bfb27fcf1d7ea3a3ca17c71f,,
caixa_conversao_v1.pdf,349042a4b03cf84bc8adfb66c472c320a62987c9b37435b0525f1816529b2712,1,688,ok,textual,1808,795,54,6fc44fde564b228dc136ee9ffc6c4951ac1e2afbe95034d01c955e26692617ca,,
caixa_conversao_v1.pdf,349042a4b03cf84bc8adfb66c472c320a62987c9b37435b0525f1816529b2712,1,689,ok,textual,2037,1309,54,8db3fe2ae8532c1707df169d1fa7c38b5b1427659d633a52135a0f7176658ec7,,
caixa_conversao_v1.pdf,349042a4b03cf84bc8adfb66c472c320a62987c9b37435b0525f1816529b2712,1,690,ok,textual,1343,713,42,06997df1dcef0585b1e8bab4610c2c02e47458e335b937a70e9af3d1cc4b9afd,,
caixa_conversao_v1.pdf,349042a4b03cf84bc8adfb66c472c320a62987c9b37435b0525f1816529b2712,1,691,ok,textual,1824,1185,43,cd95fc4646c9a6ae86e59febe408a8e5524fb455c168bac84edeaf21567bdce5,,
caixa_conversao_v1.pdf,349042a4b03cf84bc8adfb66c472c320a62987c9b37435b0525f1816529b2712,1,692,ok,textual,1912,1175,64,cd86787b0f128898023ee3cdc90f31f05a9548ea803908a01f949b0148b899db,,
caixa_conversao_v1.pdf,349042a4b03cf84bc8adfb66c472c320a62987c9b37435b0525f1816529b2712,1,693,ok,textual,1623,924,82,454ac3fe8177c924f6101048ce1363748a8f7c40f7ba5636af155c47b7abed36,,
caixa_conversao_v1.pdf,349042a4b03cf84bc8adfb66c472c320a62987c9b37435b0525f1816529b2712,1,694,ok,textual,1525,891,65,e978a1a3b2ed70b46ecdc03269cd7b6b130e433d35edc1092e8f50dc1c123d3e,,
caixa_conversao_v1.pdf,349042a4b03cf84bc8adfb66c472c320a62987c9b37435b0525f1816529b2712,1,695,ok,sparse,7,1,3,b2c11e2d8bee3e6f3993fffd0e9857cc6e17f6e3822b1bb42f121138aab022bd,,
caixa_conversao_v1.pdf,349042a4b03cf84bc8adfb66c472c320a62987c9b37435b0525f1816529b2712,1,696,empty,empty,0,0,0,e3b0c44298fc1c149afbf4c8996fb92427ae41e4649b934ca495991b7852b855,,
caixa_conversao_v1.pdf,349042a4b03cf84bc8adfb66c472c320a62987c9b37435b0525f1816529b2712,1,697,empty,empty,0,0,0,e3b0c44298fc1c149afbf4c8996fb92427ae41e4649b934ca495991b7852b855,,
caixa_conversao_v1.pdf,349042a4b03cf84bc8adfb66c472c320a62987c9b37435b0525f1816529b2712,1,698,empty,empty,0,0,0,e3b0c44298fc1c149afbf4c8996fb92427ae41e4649b934ca495991b7852b855,,
caixa_conversao_v2.pdf,949468aff4d52dc73aa7f6142a010fcde58515fea95b0b6cae8a3843289cf5bd,2,1,empty,empty,0,0,0,e3b0c44298fc1c149afbf4c8996fb92427ae41e4649b934ca495991b7852b855,,
caixa_conversao_v2.pdf,949468aff4d52dc73aa7f6142a010fcde58515fea95b0b6cae8a3843289cf5bd,2,2,empty,empty,0,0,0,e3b0c44298fc1c149afbf4c8996fb92427ae41e4649b934ca495991b7852b855,,
caixa_conversao_v2.pdf,949468aff4d52dc73aa7f6142a010fcde58515fea95b0b6cae8a3843289cf5bd,2,3,empty,empty,0,0,0,e3b0c44298fc1c149afbf4c8996fb92427ae41e4649b934ca495991b7852b855,,
caixa_conversao_v2.pdf,949468aff4d52dc73aa7f6142a010fcde58515fea95b0b6cae8a3843289cf5bd,2,4,ok,sparse,22,1,6,3c03248b8deb9af9fa37f53808a75fa991b86c7bb87391d1d2ccd88118d7090d,,
caixa_conversao_v2.pdf,949468aff4d52dc73aa7f6142a010fcde58515fea95b0b6cae8a3843289cf5bd,2,5,ok,textual,327,118,32,ad3c1b6d10d000cc1d72fff3dc918168ed1addac3b360a9260ff2c0379c4a35e,,
caixa_conversao_v2.pdf,949468aff4d52dc73aa7f6142a010fcde58515fea95b0b6cae8a3843289cf5bd,2,6,ok,sparse,8,1,3,2ef395822c4a5d2d9b1c164c4267f3bbece0d368f358c81e477a06cca448e267,,
caixa_conversao_v2.pdf,949468aff4d52dc73aa7f6142a010fcde58515fea95b0b6cae8a3843289cf5bd,2,7,ok,sparse,41,21,6,11d00b7a23c577612f25f9603b7e981840b29008a28c057fab8546ed3098cbe7,,
caixa_conversao_v2.pdf,949468aff4d52dc73aa7f6142a010fcde58515fea95b0b6cae8a3843289cf5bd,2,8,ok,textual,876,663,27,56b938cf57245846367ed2fdc682a0e06834ebee5f3a814d45ebdd4ff76f5274,,
caixa_conversao_v2.pdf,949468aff4d52dc73aa7f6142a010fcde58515fea95b0b6cae8a3843289cf5bd,2,9,ok,textual,155,114,10,b67bc03b3c2b4568dac1ed303148af935e52e526db8bfcc4775f7f0aee249b2f,,
caixa_conversao_v2.pdf,949468aff4d52dc73aa7f6142a010fcde58515fea95b0b6cae8a3843289cf5bd,2,10,ok,sparse,37,7,7,68a5309adc5ddd85d0dccbdc75607317a39434dbda014d5fcf79037bf0387749,,
caixa_conversao_v2.pdf,949468aff4d52dc73aa7f6142a010fcde58515fea95b0b6cae8a3843289cf5bd,2,11,ok,sparse,10,4,3,b8ec9937ce553f0bf7b7173ec416aaf968023385cfb33cf9dd024746fec57920,,
caixa_conversao_v2.pdf,949468aff4d52dc73aa7f6142a010fcde58515fea95b0b6cae8a3843289cf5bd,2,12,ok,sparse,4,1,2,3ed7cb618f39f558cdfb81e720f5dc74b5668c84888b8c0986be1a625b2ea1b2,,
caixa_conversao_v2.pdf,949468aff4d52dc73aa7f6142a010fcde58515fea95b0b6cae8a3843289cf5bd,2,13,ok,textual,1886,1323,33,c7e82b7ceaf96e5f176a7294cd0e1df880f4d856f711cc764e85ab1d37d67b0e,,
caixa_conversao_v2.pdf,949468aff4d52dc73aa7f6142a010fcde58515fea95b0b6cae8a3843289cf5bd,2,14,ok,sparse,3,0,2,5924988951015ea83a4cf5228160fb7e805218675de77bf175ad5a2903c9c955,,
caixa_conversao_v2.pdf,949468aff4d52dc73aa7f6142a010fcde58515fea95b0b6cae8a3843289cf5bd,2,15,ok,textual,1802,1327,34,2574d29130cbda2a66a93cb207c75c3560478c21d447910a6decf3197b899b24,,
caixa_conversao_v2.pdf,949468aff4d52dc73aa7f6142a010fcde58515fea95b0b6cae8a3843289cf5bd,2,16,ok,textual,3048,2357,49,4580352979c9995156980a8f45286214f46c71403542f3493bbb21f360fb452b,,
caixa_conversao_v2.pdf,949468aff4d52dc73aa7f6142a010fcde58515fea95b0b6cae8a3843289cf5bd,2,17,ok,textual,3080,2262,49,f28fe2c973d5b63ef0a2bd01f7603bf546b7bcbdf4ee501467666397351e51f8,,
caixa_conversao_v2.pdf,949468aff4d52dc73aa7f6142a010fcde58515fea95b0b6cae8a3843289cf5bd,2,18,ok,textual,2988,2223,46,44d5e4e7fd1fc35ee781093606f7a79e54d95b451ccc30c2400d3926dcbd6c77,,
caixa_conversao_v2.pdf,949468aff4d52dc73aa7f6142a010fcde58515fea95b0b6cae8a3843289cf5bd,2,19,ok,textual,3062,2236,49,6f5abd3a53299e7189632b3c0e2e3ee40035f51a24c1306c0eea8f14b1615c85,,
caixa_conversao_v2.pdf,949468aff4d52dc73aa7f6142a010fcde58515fea95b0b6cae8a3843289cf5bd,2,20,ok,textual,3001,2315,46,959cc0b222c834e1fb5c5d8db27d023f3d7a3982da174218197f7a2d695b9ab8,,
caixa_conversao_v2.pdf,949468aff4d52dc73aa7f6142a010fcde58515fea95b0b6cae8a3843289cf5bd,2,21,ok,textual,2466,1781,42,6d9dd13d8193330d10ccbc57d92b5fb18e52ed0b39485821a7bfea0c6a05c273,,
caixa_conversao_v2.pdf,949468aff4d52dc73aa7f6142a010fcde58515fea95b0b6cae8a3843289cf5bd,2,22,ok,textual,3100,2376,48,55123114796477cde987f626dd7b566b000f74b7dc5e8ed48650c7757477ebbb,,
caixa_conversao_v2.pdf,949468aff4d52dc73aa7f6142a010fcde58515fea95b0b6cae8a3843289cf5bd,2,23,ok,textual,3003,2331,48,b40232c13c6378a9cdfb653d47e48459641f832229b84b444ca3a366667f519c,,
caixa_conversao_v2.pdf,949468aff4d52dc73aa7f6142a010fcde58515fea95b0b6cae8a3843289cf5bd,2,24,ok,textual,3177,2450,48,e6af8184d259e3939ecfecc4c533b69133ea44b2e579c054bac8f5a1ffb3abf6,,
caixa_conversao_v2.pdf,949468aff4d52dc73aa7f6142a010fcde58515fea95b0b6cae8a3843289cf5bd,2,25,ok,textual,3241,2423,50,c02acb22ea64b4cc50ad4f9ef493777dd9c7ad02cf4ac0877fc74a8bec790cd2,,
caixa_conversao_v2.pdf,949468aff4d52dc73aa7f6142a010fcde58515fea95b0b6cae8a3843289cf5bd,2,26,ok,textual,2680,2064,43,8b7e641da1cc54d8d3336fc144f149984755dddbca078e58f78a5b81748da071,,
caixa_conversao_v2.pdf,949468aff4d52dc73aa7f6142a010fcde58515fea95b0b6cae8a3843289cf5bd,2,27,ok,textual,2732,2120,47,974779efbd4458b712a0339f75848195263d446c21df5da75a7a5dd93f78c1c2,,
caixa_conversao_v2.pdf,949468aff4d52dc73aa7f6142a010fcde58515fea95b0b6cae8a3843289cf5bd,2,28,ok,textual,2090,1513,42,c1f2f0be2409b5973c185bdced547003b8f0deb52ee64d87ccf0db1b9b2b66ed,,
caixa_conversao_v2.pdf,949468aff4d52dc73aa7f6142a010fcde58515fea95b0b6cae8a3843289cf5bd,2,29,ok,textual,2800,2132,48,82d606f8a710222d3c8a9f77a9eab87ca718c1a253f4303082aa1beb0ce21f4b,,
caixa_conversao_v2.pdf,949468aff4d52dc73aa7f6142a010fcde58515fea95b0b6cae8a3843289cf5bd,2,30,ok,textual,2787,2216,46,c085a379e00f8f3c947e489aa482ed76fce58dc65597ad2ffb2e7c793b267482,,
caixa_conversao_v2.pdf,949468aff4d52dc73aa7f6142a010fcde58515fea95b0b6cae8a3843289cf5bd,2,31,ok,textual,3135,2455,50,e4d84a97a127b0dd7223450a0e961d597721d6a6e0e69606e82043d11a2cb674,,
caixa_conversao_v2.pdf,949468aff4d52dc73aa7f6142a010fcde58515fea95b0b6cae8a3843289cf5bd,2,32,ok,textual,2791,2183,45,15868b9bac8d99c78b883a43db45af2d43b54f561a5200e5349549678c19fda1,,
caixa_conversao_v2.pdf,949468aff4d52dc73aa7f6142a010fcde58515fea95b0b6cae8a3843289cf5bd,2,33,ok,textual,2991,2303,46,e0dbfe570edba7d1663258e22efb4d6d4f4e95c603e6b2f65d47b3d00da5a78e,,
caixa_conversao_v2.pdf,949468aff4d52dc73aa7f6142a010fcde58515fea95b0b6cae8a3843289cf5bd,2,34,ok,textual,2800,2165,46,6da9b581c40319b0dcef8105991f2308d09fd312ba05ae7c713e6d88e5f07128,,
caixa_conversao_v2.pdf,949468aff4d52dc73aa7f6142a010fcde58515fea95b0b6cae8a3843289cf5bd,2,35,ok,textual,3087,2406,51,cac54da5c33ea50f8ae768ac70968de0595391fa0db830a7b41424c3447827b5,,
caixa_conversao_v2.pdf,949468aff4d52dc73aa7f6142a010fcde58515fea95b0b6cae8a3843289cf5bd,2,36,ok,textual,3011,2319,46,90b42f4c8c3857374fe43e33089d94e47333bfecf1347a54e3265a2ae8c239f4,,
caixa_conversao_v2.pdf,949468aff4d52dc73aa7f6142a010fcde58515fea95b0b6cae8a3843289cf5bd,2,37,ok,textual,2808,2068,49,180b92268f7863d0abedc8d796fa2256eb28eb14b8f83f1adbe1a4d551695c49,,
caixa_conversao_v2.pdf,949468aff4d52dc73aa7f6142a010fcde58515fea95b0b6cae8a3843289cf5bd,2,38,ok,textual,2795,2188,48,05e10f3d3913400f0dfaa126a7ebc0398a86cb866f15891ebccf56316ba32fe2,,
caixa_conversao_v2.pdf,949468aff4d52dc73aa7f6142a010fcde58515fea95b0b6cae8a3843289cf5bd,2,39,ok,textual,2649,1925,46,7c31d63bbd5da4954f39f6e44c77918ab82930a5006cb2187534794393cf91d5,,
caixa_conversao_v2.pdf,949468aff4d52dc73aa7f6142a010fcde58515fea95b0b6cae8a3843289cf5bd,2,40,ok,textual,2457,1814,43,062abd368256cdfe554e1885a8d13c2a4523ab8605fbbb769f3a516f9eb876ad,,
caixa_conversao_v2.pdf,949468aff4d52dc73aa7f6142a010fcde58515fea95b0b6cae8a3843289cf5bd,2,41,ok,textual,2510,1840,47,9be71d700c957097b64b6e53a0077b235d2b08000e5b52cb4b0bfa4745a16135,,
caixa_conversao_v2.pdf,949468aff4d52dc73aa7f6142a010fcde58515fea95b0b6cae8a3843289cf5bd,2,42,ok,textual,2809,2137,47,beba297ba1402c69e39f75bb51abcbc0e2b44a8c66123ef6338d50c2ceaf8730,,
caixa_conversao_v2.pdf,949468aff4d52dc73aa7f6142a010fcde58515fea95b0b6cae8a3843289cf5bd,2,43,ok,textual,2740,2049,50,322f43e916bce39fa109b564b1cb797e993ff06f398aad819b669d2382b394e0,,
caixa_conversao_v2.pdf,949468aff4d52dc73aa7f6142a010fcde58515fea95b0b6cae8a3843289cf5bd,2,44,ok,textual,2911,2250,47,0a089bf8e681ce94a869442adf74c19807c87e07c18c2b50b5bcf2f11857b3c9,,
caixa_conversao_v2.pdf,949468aff4d52dc73aa7f6142a010fcde58515fea95b0b6cae8a3843289cf5bd,2,45,ok,textual,2657,2024,45,333e1c4e6f5c89f699fab04640f2aec45ea8773e06bd74f2f38320a54634e2ca,,
caixa_conversao_v2.pdf,949468aff4d52dc73aa7f6142a010fcde58515fea95b0b6cae8a3843289cf5bd,2,46,ok,textual,2645,1936,48,d34e66bd2a8e5a081e475760a33b6a971779feaf6586ab00565d16066e679141,,
caixa_conversao_v2.pdf,949468aff4d52dc73aa7f6142a010fcde58515fea95b0b6cae8a3843289cf5bd,2,47,ok,textual,2578,1840,53,3b17051bc97a17668058a1bcf3215b13b6cc60b152acd1fba3a1b90809a2cd17,,
caixa_conversao_v2.pdf,949468aff4d52dc73aa7f6142a010fcde58515fea95b0b6cae8a3843289cf5bd,2,48,ok,textual,2568,1942,46,0528d07937d30fcf3efee449d724f5b9945ea891d34d737cc75185a0620724b1,,
caixa_conversao_v2.pdf,949468aff4d52dc73aa7f6142a010fcde58515fea95b0b6cae8a3843289cf5bd,2,49,ok,textual,2763,2117,49,c94860f6e774a2b47367bacc050ead0b38c7918deca5faeeb6df473fb56e483d,,
caixa_conversao_v2.pdf,949468aff4d52dc73aa7f6142a010fcde58515fea95b0b6cae8a3843289cf5bd,2,50,ok,textual,2172,1621,41,c43b0ae05121521b5553cd32500b320758bbe35393dd2f96cb0fc230369e7b46,,
caixa_conversao_v2.pdf,949468aff4d52dc73aa7f6142a010fcde58515fea95b0b6cae8a3843289cf5bd,2,51,ok,textual,2913,2165,50,3eda7a96727b0da5df6b988e976db20abaec3181d5c8d527edf6ca186602c3f1,,
caixa_conversao_v2.pdf,949468aff4d52dc73aa7f6142a010fcde58515fea95b0b6cae8a3843289cf5bd,2,52,ok,textual,2608,1929,46,719eb39cb131a8811dde2724eb1a85231267d82404ab07cab29ac0941e154e80,,
caixa_conversao_v2.pdf,949468aff4d52dc73aa7f6142a010fcde58515fea95b0b6cae8a3843289cf5bd,2,53,ok,textual,2543,1951,47,48bc2b1891409ae583b20300d24d81da734b811d37e04d7b39cb5b13ba350b13,,
caixa_conversao_v2.pdf,949468aff4d52dc73aa7f6142a010fcde58515fea95b0b6cae8a3843289cf5bd,2,54,ok,textual,2857,2266,47,d5f2b41be047d23aa661deeae585b555639354d7944646a0d12ed1cd3595b16a,,
caixa_conversao_v2.pdf,949468aff4d52dc73aa7f6142a010fcde58515fea95b0b6cae8a3843289cf5bd,2,55,ok,textual,3194,2435,51,d36170def71cbd47a8192b925ce23891b5c7b27b37021f8a79ef59072247755f,,
caixa_conversao_v2.pdf,949468aff4d52dc73aa7f6142a010fcde58515fea95b0b6cae8a3843289cf5bd,2,56,ok,textual,2748,2147,45,c4f2e04cdcecb9127256e70ae8eebaafd6368c9e5db29c3183e7dbaf8df840ec,,
caixa_conversao_v2.pdf,949468aff4d52dc73aa7f6142a010fcde58515fea95b0b6cae8a3843289cf5bd,2,57,ok,textual,3048,2411,48,34953a30e8bc14c0b5f4894917e354e776fee756ab664c97784b2eeaf6479442,,
caixa_conversao_v2.pdf,949468aff4d52dc73aa7f6142a010fcde58515fea95b0b6cae8a3843289cf5bd,2,58,ok,textual,2810,2224,47,155d9653c4db9c60a3fcef1ba4a07e5bab08740b653e924c85c80568a66d69d1,,
caixa_conversao_v2.pdf,949468aff4d52dc73aa7f6142a010fcde58515fea95b0b6cae8a3843289cf5bd,2,59,ok,textual,3166,2430,57,3b36d244b066df60e402a8afb7691aff920b0ad085c339db24af24e773c32779,,
caixa_conversao_v2.pdf,949468aff4d52dc73aa7f6142a010fcde58515fea95b0b6cae8a3843289cf5bd,2,60,ok,textual,3148,2413,50,0c29923a9258bd41b68f8e8500e77fed77100e1a6952725129198a37f3c61284,,
caixa_conversao_v2.pdf,949468aff4d52dc73aa7f6142a010fcde58515fea95b0b6cae8a3843289cf5bd,2,61,ok,textual,2356,1287,72,03dbdc801ac34bc7064fb3e74e2ce56e2d2193676b34e2ec312f6d0c598d8268,,
caixa_conversao_v2.pdf,949468aff4d52dc73aa7f6142a010fcde58515fea95b0b6cae8a3843289cf5bd,2,62,ok,textual,2788,2116,50,ae137cea1c2fedbd886c55320924dd30d4da08f5cf96a86fa40f6f19f832a380,,
caixa_conversao_v2.pdf,949468aff4d52dc73aa7f6142a010fcde58515fea95b0b6cae8a3843289cf5bd,2,63,ok,textual,2620,1948,49,f7779d6a0be47627c1e4273f8cb79c4a14b4574003bba838077e75ad3801327f,,
caixa_conversao_v2.pdf,949468aff4d52dc73aa7f6142a010fcde58515fea95b0b6cae8a3843289cf5bd,2,64,ok,textual,2377,1815,43,31bdfbd7371f7b1edaf273ce0b202ba4b018be16b53abeb1a7f3db02f3d6cdfd,,
caixa_conversao_v2.pdf,949468aff4d52dc73aa7f6142a010fcde58515fea95b0b6cae8a3843289cf5bd,2,65,ok,textual,2499,1822,41,0f5be82613c38df67bdba5051d3f0d3464b875e5d06359bda2f49e1a1602d836,,
caixa_conversao_v2.pdf,949468aff4d52dc73aa7f6142a010fcde58515fea95b0b6cae8a3843289cf5bd,2,66,ok,textual,2592,1989,49,dfd0c2eb6bbed0fab2cd4d388b9f8dbf4362fa30d2265206033d8fcebd31dd78,,
caixa_conversao_v2.pdf,949468aff4d52dc73aa7f6142a010fcde58515fea95b0b6cae8a3843289cf5bd,2,67,ok,textual,2680,1977,50,e91f06cc64e8d8b4226c1a23716102048dcb8bc548b668820cd76102851527ee,,
caixa_conversao_v2.pdf,949468aff4d52dc73aa7f6142a010fcde58515fea95b0b6cae8a3843289cf5bd,2,68,ok,textual,2226,1707,41,f04dcb4bfd567ddf124407f9cd6d4fffed39ebe7afa819583c4d9254c2b14344,,
caixa_conversao_v2.pdf,949468aff4d52dc73aa7f6142a010fcde58515fea95b0b6cae8a3843289cf5bd,2,69,ok,textual,3100,2415,50,6ec5c15cd509be885ca4171e465c107755dbde34b96bfb9763e76d1cf138c799,,
caixa_conversao_v2.pdf,949468aff4d52dc73aa7f6142a010fcde58515fea95b0b6cae8a3843289cf5bd,2,70,ok,textual,3025,2349,48,ff969fe6ec522f5ff4bb3e7537a52554402221375497a350754919a0f43a0351,,
caixa_conversao_v2.pdf,949468aff4d52dc73aa7f6142a010fcde58515fea95b0b6cae8a3843289cf5bd,2,71,ok,textual,3351,2502,55,63b1bec87e3b80976202deff623d4823733e3adacf653a59a710f383dbad51b5,,
caixa_conversao_v2.pdf,949468aff4d52dc73aa7f6142a010fcde58515fea95b0b6cae8a3843289cf5bd,2,72,ok,textual,2897,2249,48,adfc2b7b703d85156f12bda836e4a8cdc18a31f2f89635eb941f5c5fc91beccc,,
caixa_conversao_v2.pdf,949468aff4d52dc73aa7f6142a010fcde58515fea95b0b6cae8a3843289cf5bd,2,73,ok,textual,2368,1693,65,6e2dc8ab944fc36870b9807823b2068558bd3b6f88a00af3b9b28171c657f186,,
caixa_conversao_v2.pdf,949468aff4d52dc73aa7f6142a010fcde58515fea95b0b6cae8a3843289cf5bd,2,74,ok,textual,2265,1586,56,898fc486ff805e38eb63bda7cdbc1ddcda52129a2ea6f1807b8f02dbd098a9f6,,
caixa_conversao_v2.pdf,949468aff4d52dc73aa7f6142a010fcde58515fea95b0b6cae8a3843289cf5bd,2,75,ok,textual,3131,2369,50,824b941072fc348572e5d59822c3f4e4bb07d0c88c5dc4f382082a050168984e,,
caixa_conversao_v2.pdf,949468aff4d52dc73aa7f6142a010fcde58515fea95b0b6cae8a3843289cf5bd,2,76,ok,textual,1878,1349,42,f86775fc43abd6b9005ca2eded8ddb29431802d1d866972d6240fd7a1621748a,,
caixa_conversao_v2.pdf,949468aff4d52dc73aa7f6142a010fcde58515fea95b0b6cae8a3843289cf5bd,2,77,ok,sparse,22,3,7,2d866e8730d8290805547b1f4021fed3a4a9b46ede64f1ad26324bb4aaa54b2e,,
caixa_conversao_v2.pdf,949468aff4d52dc73aa7f6142a010fcde58515fea95b0b6cae8a3843289cf5bd,2,78,ok,textual,833,462,33,61f6a0eb8864666a0cfd816e31a06b0e4e7dec8cff886d57b5dfb6d462c0a36d,,
caixa_conversao_v2.pdf,949468aff4d52dc73aa7f6142a010fcde58515fea95b0b6cae8a3843289cf5bd,2,79,ok,textual,1089,627,34,563f15f86aa8fcbc4b65362529ab821a03ec9314bc2db45dcd9fb70bdf5fa250,,
caixa_conversao_v2.pdf,949468aff4d52dc73aa7f6142a010fcde58515fea95b0b6cae8a3843289cf5bd,2,80,ok,textual,1944,1439,40,19ec462d8a6f04d6e1cad7551f044bdebb90f88d17b0e4a97c1db53cfab6c76a,,
caixa_conversao_v2.pdf,949468aff4d52dc73aa7f6142a010fcde58515fea95b0b6cae8a3843289cf5bd,2,81,ok,textual,2607,2020,43,7ff2333b672d022ea9cddbe5d6e8507b0cbe0fafe6a075a15ff216c42f3d9897,,
caixa_conversao_v2.pdf,949468aff4d52dc73aa7f6142a010fcde58515fea95b0b6cae8a3843289cf5bd,2,82,ok,textual,3089,2376,50,68146b3fde89c65bdbe4a6057b7fa95ce52d2b13eeec8c4eff20658fe4dc7962,,
caixa_conversao_v2.pdf,949468aff4d52dc73aa7f6142a010fcde58515fea95b0b6cae8a3843289cf5bd,2,83,ok,textual,3136,2351,58,384e789e40f2fb6dd54ed48c8f65f54d33f5a03925694450900ae05e2b2452cc,,
caixa_conversao_v2.pdf,949468aff4d52dc73aa7f6142a010fcde58515fea95b0b6cae8a3843289cf5bd,2,84,ok,textual,3012,2307,49,79f58465c6d8c39f128697d54a01607105e9a4a7989ea782af4a2503bef813c9,,
caixa_conversao_v2.pdf,949468aff4d52dc73aa7f6142a010fcde58515fea95b0b6cae8a3843289cf5bd,2,85,ok,textual,2864,2181,46,b7f4c0c30a471cd067c8fcde01434f94c9f7943b785c5630894dc78b530d3263,,
caixa_conversao_v2.pdf,949468aff4d52dc73aa7f6142a010fcde58515fea95b0b6cae8a3843289cf5bd,2,86,ok,textual,2662,2047,48,1eff9f9ce36019508c6044c3eb0e06f7b45bfaad20f690189bb0232797ad32a3,,
caixa_conversao_v2.pdf,949468aff4d52dc73aa7f6142a010fcde58515fea95b0b6cae8a3843289cf5bd,2,87,ok,textual,2851,2161,56,d608c24a86bb17aa94aed142449ebfa091f0800c422635f07a913edc5e2d38ca,,
caixa_conversao_v2.pdf,949468aff4d52dc73aa7f6142a010fcde58515fea95b0b6cae8a3843289cf5bd,2,88,ok,textual,2637,1966,47,af5b8a1324c95bc3404d8efc7475cbb91951234563b8b90369f1f9e665b6210c,,
caixa_conversao_v2.pdf,949468aff4d52dc73aa7f6142a010fcde58515fea95b0b6cae8a3843289cf5bd,2,89,ok,textual,2982,2247,50,e60279be64c3985c6a65773ebc91e1f77664364f7bd0052e800c1f98ecccd43c,,
caixa_conversao_v2.pdf,949468aff4d52dc73aa7f6142a010fcde58515fea95b0b6cae8a3843289cf5bd,2,90,ok,textual,1443,1100,30,39eee30972d1aa7b7cebaca2965a060a7ab28830ee81d697fce7c02cfc2a50af,,
caixa_conversao_v2.pdf,949468aff4d52dc73aa7f6142a010fcde58515fea95b0b6cae8a3843289cf5bd,2,91,ok,textual,1497,739,39,d34902caf945af4997dc274a7737f9ed877e766cc29f4cd968c75b320943f98d,,
caixa_conversao_v2.pdf,949468aff4d52dc73aa7f6142a010fcde58515fea95b0b6cae8a3843289cf5bd,2,92,ok,textual,3067,2324,49,1b1b580d0983437b39f1176e0d54d22429036eba195b7d4a78ca333b909f1dd0,,
caixa_conversao_v2.pdf,949468aff4d52dc73aa7f6142a010fcde58515fea95b0b6cae8a3843289cf5bd,2,93,ok,textual,2678,2050,49,e79f7a77269783c59f978edc3f5d556f735a47ab7c1599057f6974e6ced44e6c,,
caixa_conversao_v2.pdf,949468aff4d52dc73aa7f6142a010fcde58515fea95b0b6cae8a3843289cf5bd,2,94,ok,textual,2317,1596,43,8e754b203373f47e724089f96f48edcdce391d5e161348fb45aa2e218710e302,,
caixa_conversao_v2.pdf,949468aff4d52dc73aa7f6142a010fcde58515fea95b0b6cae8a3843289cf5bd,2,95,ok,textual,2497,1847,47,4e743d3d563eaa247407a87fcf038a1503fa0c4e774e2d00fb5502c2d22ff266,,
caixa_conversao_v2.pdf,949468aff4d52dc73aa7f6142a010fcde58515fea95b0b6cae8a3843289cf5bd,2,96,ok,textual,2528,1947,46,d0679e0a8dada58c6a6bbf78e79e9a1687ff8711cf7b597d07af40e654e8ebd8,,
caixa_conversao_v2.pdf,949468aff4d52dc73aa7f6142a010fcde58515fea95b0b6cae8a3843289cf5bd,2,97,ok,textual,2471,1858,47,7418e6290c0c21b370d4de024c9ef6747217c298779fb2829c9650c37e1db688,,
caixa_conversao_v2.pdf,949468aff4d52dc73aa7f6142a010fcde58515fea95b0b6cae8a3843289cf5bd,2,98,ok,textual,2893,2199,47,302d4e91a36af485e787cb74a8b8ddeb3d25cc3d27e2574e41a47528a69af659,,
caixa_conversao_v2.pdf,949468aff4d52dc73aa7f6142a010fcde58515fea95b0b6cae8a3843289cf5bd,2,99,ok,textual,2735,2045,50,7463f1af632f868048b3466f4fa74227f6786a2a0ddc89d25327dc19867b39cf,,
caixa_conversao_v2.pdf,949468aff4d52dc73aa7f6142a010fcde58515fea95b0b6cae8a3843289cf5bd,2,100,ok,textual,2895,2212,48,1b314676939f095cdd0f28dec5597bbac712617b23a4936f9b8f0f27cdd3919f,,
caixa_conversao_v2.pdf,949468aff4d52dc73aa7f6142a010fcde58515fea95b0b6cae8a3843289cf5bd,2,101,ok,textual,2962,2251,48,237dec9a875db8f8bac34dfc1e667853f7aa3081dde8a9726d22dd3bf528c2a8,,
caixa_conversao_v2.pdf,949468aff4d52dc73aa7f6142a010fcde58515fea95b0b6cae8a3843289cf5bd,2,102,ok,textual,2400,1737,44,77e25d12c5b8f0c1305d26511c875e8ef22a3786e807e2fcd1adaedd0efe4bb9,,
caixa_conversao_v2.pdf,949468aff4d52dc73aa7f6142a010fcde58515fea95b0b6cae8a3843289cf5bd,2,103,ok,textual,2061,1253,57,fe9e737e3a2903bd0aa3c0989cf72ac83f17cb7d84782740aa8448c97027b92b,,
caixa_conversao_v2.pdf,949468aff4d52dc73aa7f6142a010fcde58515fea95b0b6cae8a3843289cf5bd,2,104,ok,textual,1908,1349,44,d18cf56dc44a88edfc2971ca32f26106b2ade95231cfa7a4cf9471c417c05cc0,,
caixa_conversao_v2.pdf,949468aff4d52dc73aa7f6142a010fcde58515fea95b0b6cae8a3843289cf5bd,2,105,ok,textual,2617,1971,45,627881bc4ee95334bddcfe802f46f3b27a04eca32f04afac85415764e3247440,,
caixa_conversao_v2.pdf,949468aff4d52dc73aa7f6142a010fcde58515fea95b0b6cae8a3843289cf5bd,2,106,ok,textual,2753,2071,46,bc2c5de9e5c90f75b907acac9c9e1f20d36f37587538bad984b944160e611265,,
caixa_conversao_v2.pdf,949468aff4d52dc73aa7f6142a010fcde58515fea95b0b6cae8a3843289cf5bd,2,107,ok,textual,2921,2117,54,e0a1d85268b849365aa823a881545990f933a0ba9605f9c0652ff7f84a520bc6,,
caixa_conversao_v2.pdf,949468aff4d52dc73aa7f6142a010fcde58515fea95b0b6cae8a3843289cf5bd,2,108,ok,textual,2835,2171,48,c0cfee71e2f7b37451130847fbe2f786da36e6198fad18cd2355c90c6b3196ff,,
caixa_conversao_v2.pdf,949468aff4d52dc73aa7f6142a010fcde58515fea95b0b6cae8a3843289cf5bd,2,109,ok,textual,2333,1724,46,275f980f43535804b8cebfa221c67bbe5cbd1fa40b695550b7044a0d335df7f6,,
caixa_conversao_v2.pdf,949468aff4d52dc73aa7f6142a010fcde58515fea95b0b6cae8a3843289cf5bd,2,110,ok,textual,2550,1950,46,c44486cdbd436353fe1e5b19a4d9ef65d70ea72334e765cb535658cd66c1181c,,
caixa_conversao_v2.pdf,949468aff4d52dc73aa7f6142a010fcde58515fea95b0b6cae8a3843289cf5bd,2,111,ok,textual,2974,2269,47,af22e3308b2ee10d5b5d7089288e72f12583b5acb531ceb5583df295df6c24e9,,
caixa_conversao_v2.pdf,949468aff4d52dc73aa7f6142a010fcde58515fea95b0b6cae8a3843289cf5bd,2,112,ok,textual,2667,2071,45,7e3ef976da1ef8013ac9b0b513f4f943dda181304a3bf8d99ddbf6f04ec59339,,
caixa_conversao_v2.pdf,949468aff4d52dc73aa7f6142a010fcde58515fea95b0b6cae8a3843289cf5bd,2,113,ok,textual,2899,2241,48,eb4cbc3afc47fb5d4b6ae0a36e0a287cb1d036c2324056e7948aeae515df9474,,
caixa_conversao_v2.pdf,949468aff4d52dc73aa7f6142a010fcde58515fea95b0b6cae8a3843289cf5bd,2,114,ok,textual,2823,2171,49,f9a624ef1bf916e62f792939e8040356c057b707eeb7b5e28f0294407d285b1a,,
caixa_conversao_v2.pdf,949468aff4d52dc73aa7f6142a010fcde58515fea95b0b6cae8a3843289cf5bd,2,115,ok,textual,2398,1624,52,20bf4a76678ab63aab0206c943878081d1fafadbdbb80122291df3cb9b7e9967,,
caixa_conversao_v2.pdf,949468aff4d52dc73aa7f6142a010fcde58515fea95b0b6cae8a3843289cf5bd,2,116,ok,textual,2723,2049,47,dfbed58524f7696da467b72a6f62d29fd611dd31e9ab4bd24cae61ee9286e643,,
caixa_conversao_v2.pdf,949468aff4d52dc73aa7f6142a010fcde58515fea95b0b6cae8a3843289cf5bd,2,117,ok,textual,2480,1855,45,5676f5fadfbb1d8d669ba687e848aca6224b9cb63cc068e3dc6f8bd64c3d2ca7,,
caixa_conversao_v2.pdf,949468aff4d52dc73aa7f6142a010fcde58515fea95b0b6cae8a3843289cf5bd,2,118,ok,textual,2925,2255,47,ed89c0b40fe98aa7334bdd705c0e01242bf43031556cf9d9ff4920eb9384ff9b,,
caixa_conversao_v2.pdf,949468aff4d52dc73aa7f6142a010fcde58515fea95b0b6cae8a3843289cf5bd,2,119,ok,textual,2761,2088,51,7ee3df81702ef58c5abf009cbb926ca135eb95c69dfa44cfa75f36cffeeae655,,
caixa_conversao_v2.pdf,949468aff4d52dc73aa7f6142a010fcde58515fea95b0b6cae8a3843289cf5bd,2,120,ok,textual,3297,2302,46,518a213516d5407c87a48b83b274328899d57fabf502cee9d7aeee382f4e40d6,,
caixa_conversao_v2.pdf,949468aff4d52dc73aa7f6142a010fcde58515fea95b0b6cae8a3843289cf5bd,2,121,ok,textual,3402,2460,47,91886dc848553119f0080c0e550490fe50561b5750baa1236bee1adfe8e8f2d3,,
caixa_conversao_v2.pdf,949468aff4d52dc73aa7f6142a010fcde58515fea95b0b6cae8a3843289cf5bd,2,122,ok,textual,2913,1610,51,0bc5a58c5b5014b877ea9603fd96e189b957836a23f2b6b2c236f6f5894532a0,,
caixa_conversao_v2.pdf,949468aff4d52dc73aa7f6142a010fcde58515fea95b0b6cae8a3843289cf5bd,2,123,ok,textual,2923,2207,49,8ca7770c5ec38d32481c59d7aeea41917596fee894d888969aa016d09bba211c,,
caixa_conversao_v2.pdf,949468aff4d52dc73aa7f6142a010fcde58515fea95b0b6cae8a3843289cf5bd,2,124,ok,textual,3512,2477,47,c5d1e5b10581f5dd87a5e02d60df842334df94537976da22b9ec82087da3e9db,,
caixa_conversao_v2.pdf,949468aff4d52dc73aa7f6142a010fcde58515fea95b0b6cae8a3843289cf5bd,2,125,ok,textual,4118,2610,50,2d32d08a875209af3d17f01237c87dd7e73a02f07932ce6a90e4d72857b7cac9,,
caixa_conversao_v2.pdf,949468aff4d52dc73aa7f6142a010fcde58515fea95b0b6cae8a3843289cf5bd,2,126,ok,textual,3008,2335,47,9f81e1218bb915707c0c9b624599f6480008ef8eeec9cf4d6d2925d312805628,,
caixa_conversao_v2.pdf,949468aff4d52dc73aa7f6142a010fcde58515fea95b0b6cae8a3843289cf5bd,2,127,ok,textual,2949,2230,51,b8096c9b734971c987a7c865db3e369d95707f4739093643640976ae860fe7a1,,
caixa_conversao_v2.pdf,949468aff4d52dc73aa7f6142a010fcde58515fea95b0b6cae8a3843289cf5bd,2,128,ok,textual,2712,1939,43,c63f9d299d17e9ff09707a99351caa4dabeaf99527c08804a2843a6ca72ac013,,
caixa_conversao_v2.pdf,949468aff4d52dc73aa7f6142a010fcde58515fea95b0b6cae8a3843289cf5bd,2,129,ok,textual,3012,2012,45,bf8a2434d6a8c2f40fd8c8a643604839381e5940d8f945e6f52ec4ace4fcc56c,,
caixa_conversao_v2.pdf,949468aff4d52dc73aa7f6142a010fcde58515fea95b0b6cae8a3843289cf5bd,2,130,ok,textual,2291,1782,40,f338eb01d86067539a56ba2a0b703ca8a64bddc50dc5cf9723cb40ffefa99e5f,,
caixa_conversao_v2.pdf,949468aff4d52dc73aa7f6142a010fcde58515fea95b0b6cae8a3843289cf5bd,2,131,ok,textual,2636,1984,48,d972cf61f5d321bc375737234e45e68a6126dedcc1d1d02ab67bdff002500237,,
caixa_conversao_v2.pdf,949468aff4d52dc73aa7f6142a010fcde58515fea95b0b6cae8a3843289cf5bd,2,132,ok,textual,3023,2091,46,5d39cb622785ff76e49506eeb3cb20a6670efe3292212f492659e4a7f92b0cf1,,
caixa_conversao_v2.pdf,949468aff4d52dc73aa7f6142a010fcde58515fea95b0b6cae8a3843289cf5bd,2,133,ok,textual,2669,1899,45,8cf9f7bf5aae650dd13c82d5a098737d6d11e67b99764017035dd23a1c87533c,,
caixa_conversao_v2.pdf,949468aff4d52dc73aa7f6142a010fcde58515fea95b0b6cae8a3843289cf5bd,2,134,ok,textual,2396,1782,46,1f68d29070a37dd6bb4c7d571d9c240888d8baedda14bee4bc1091463ff8fd92,,
caixa_conversao_v2.pdf,949468aff4d52dc73aa7f6142a010fcde58515fea95b0b6cae8a3843289cf5bd,2,135,ok,textual,2677,1894,49,9778f31948228c0dd5ffeddc51d536ede20b2adbbee9fe3ad82897698a08459d,,
caixa_conversao_v2.pdf,949468aff4d52dc73aa7f6142a010fcde58515fea95b0b6cae8a3843289cf5bd,2,136,ok,textual,2385,1733,45,6e37a05c1fe67f137ea217a3ce57f465f0a37552223fed8866e702815ed6ab0a,,
caixa_conversao_v2.pdf,949468aff4d52dc73aa7f6142a010fcde58515fea95b0b6cae8a3843289cf5bd,2,137,ok,textual,2512,1741,44,962422fa0506b15b7f9c3e2042e052ab7a2a852815a6d07fbb01feb1fee0c3a6,,
caixa_conversao_v2.pdf,949468aff4d52dc73aa7f6142a010fcde58515fea95b0b6cae8a3843289cf5bd,2,138,ok,textual,2245,1640,47,f63fdde6e58193879040981ccc4fecc9a2a36653c2d404e79ce7bb10141ade1c,,
caixa_conversao_v2.pdf,949468aff4d52dc73aa7f6142a010fcde58515fea95b0b6cae8a3843289cf5bd,2,139,ok,textual,2603,1909,49,9db9f1b9b841a82b03806ddfd81e3cac0f4b4d9c9265e81f619953b4ca2c6bef,,
caixa_conversao_v2.pdf,949468aff4d52dc73aa7f6142a010fcde58515fea95b0b6cae8a3843289cf5bd,2,140,ok,textual,2517,1839,46,ecd8e4c9395624f77856de1441b74b46bc1121f0dc33775d52dcc1180f4979bd,,
caixa_conversao_v2.pdf,949468aff4d52dc73aa7f6142a010fcde58515fea95b0b6cae8a3843289cf5bd,2,141,ok,textual,2467,1857,46,12762f4c1f4fb65fc19e881a0592d3fd28652f57aa5d0fae52bec4086bc8eaf2,,
caixa_conversao_v2.pdf,949468aff4d52dc73aa7f6142a010fcde58515fea95b0b6cae8a3843289cf5bd,2,142,ok,textual,2541,1927,47,21e0fcd0fad9a7236c10df2f71045868310521ba7a8730953f9480cb4cd42e15,,
caixa_conversao_v2.pdf,949468aff4d52dc73aa7f6142a010fcde58515fea95b0b6cae8a3843289cf5bd,2,143,ok,textual,2761,2072,48,9c42a8eab702eac82b25014ec59f40acb808761fe5dc1deb22d999ba56f1b646,,
caixa_conversao_v2.pdf,949468aff4d52dc73aa7f6142a010fcde58515fea95b0b6cae8a3843289cf5bd,2,144,ok,textual,2403,1822,40,3120e6c3b1e5043f68e8673869c1d4c1c2922fd34c93cb6efdc4e8bfc80d44a7,,
caixa_conversao_v2.pdf,949468aff4d52dc73aa7f6142a010fcde58515fea95b0b6cae8a3843289cf5bd,2,145,ok,textual,2913,2217,48,84ad428118f0e4c8d9c4e9ef369b0b417db1697146a0c97b90bde4b699b0e498,,
caixa_conversao_v2.pdf,949468aff4d52dc73aa7f6142a010fcde58515fea95b0b6cae8a3843289cf5bd,2,146,ok,textual,2966,2273,49,043007fcc0f1b3e30a9ecf6a3ce15eadd60db532bc3e27add917cec6d0ced435,,
caixa_conversao_v2.pdf,949468aff4d52dc73aa7f6142a010fcde58515fea95b0b6cae8a3843289cf5bd,2,147,ok,textual,2748,2065,52,b427d6bfb7504667c255e3ced13809b2a9d9c9c0f34489e48109effd8657037c,,
caixa_conversao_v2.pdf,949468aff4d52dc73aa7f6142a010fcde58515fea95b0b6cae8a3843289cf5bd,2,148,ok,textual,3090,2375,48,cb4562b8c7e06fe487fff509124ec516eaed4fdfcbbc09469ce5198f7f82e33c,,
caixa_conversao_v2.pdf,949468aff4d52dc73aa7f6142a010fcde58515fea95b0b6cae8a3843289cf5bd,2,149,ok,textual,2742,2077,47,764b49e1a77a4ebc23e6584ca1d72fdf45673155e58478f94c4838c0a3141ee0,,
caixa_conversao_v2.pdf,949468aff4d52dc73aa7f6142a010fcde58515fea95b0b6cae8a3843289cf5bd,2,150,ok,textual,2667,2064,47,e64e9562070cc330665013072f72883c82dabadd6790a40e846ba1b46b4860a8,,
caixa_conversao_v2.pdf,949468aff4d52dc73aa7f6142a010fcde58515fea95b0b6cae8a3843289cf5bd,2,151,ok,textual,2780,2060,51,7b75645eea045516e1d50d3e7197eb772f098f3851f7b22aabd82bfd4a16495a,,
caixa_conversao_v2.pdf,949468aff4d52dc73aa7f6142a010fcde58515fea95b0b6cae8a3843289cf5bd,2,152,ok,textual,2940,2249,51,7864772f67e2d33eee32ec3408fec8e2478d5e3395e2295c03ae1fce8c0858e9,,
caixa_conversao_v2.pdf,949468aff4d52dc73aa7f6142a010fcde58515fea95b0b6cae8a3843289cf5bd,2,153,ok,textual,2135,1605,37,a7dc30580618c719e3f76fad0df7421006a451dfbf2e0c4676944c1f200c308d,,
caixa_conversao_v2.pdf,949468aff4d52dc73aa7f6142a010fcde58515fea95b0b6cae8a3843289cf5bd,2,154,ok,textual,2362,1859,41,90f39956ab8a1b2040861d14e5a2dfd3e32064885b95599d0273d9f204c9e08a,,
caixa_conversao_v2.pdf,949468aff4d52dc73aa7f6142a010fcde58515fea95b0b6cae8a3843289cf5bd,2,155,ok,textual,2671,1984,46,8db88a605414cd510238257d0db44af0d7171abf4a146686717877cee07c12dd,,
caixa_conversao_v2.pdf,949468aff4d52dc73aa7f6142a010fcde58515fea95b0b6cae8a3843289cf5bd,2,156,ok,textual,2757,2074,47,175cb16160cb7ca8abdfb2a489fb6cee123de27f67cfacca974f13715ab35d66,,
caixa_conversao_v2.pdf,949468aff4d52dc73aa7f6142a010fcde58515fea95b0b6cae8a3843289cf5bd,2,157,ok,textual,2613,1999,47,c1ff873b266fc7dca0178a8f835f0fa27c1b2263dc29e53a27a7ed2bfa7ee8e2,,
caixa_conversao_v2.pdf,949468aff4d52dc73aa7f6142a010fcde58515fea95b0b6cae8a3843289cf5bd,2,158,ok,textual,2134,1369,52,51a8c9422f4916cfb96254846da8109d8724ff365df57cad331e63f32e975534,,
caixa_conversao_v2.pdf,949468aff4d52dc73aa7f6142a010fcde58515fea95b0b6cae8a3843289cf5bd,2,159,ok,textual,2657,2024,49,b586120357e7c28c2d3531e4214f3190a310db0c93e7fa5969d1ac6cd691e653,,
caixa_conversao_v2.pdf,949468aff4d52dc73aa7f6142a010fcde58515fea95b0b6cae8a3843289cf5bd,2,160,ok,textual,2594,1997,45,1d2ef8cc5b78122cf43e0ae73f10194afef495948aed025c8b16bbda0c76134a,,
caixa_conversao_v2.pdf,949468aff4d52dc73aa7f6142a010fcde58515fea95b0b6cae8a3843289cf5bd,2,161,ok,textual,2446,1904,47,2a346fd75d2e3f4819470793addba2ea8be2cedfe0170cd3df782b88da2033ba,,
caixa_conversao_v2.pdf,949468aff4d52dc73aa7f6142a010fcde58515fea95b0b6cae8a3843289cf5bd,2,162,ok,textual,2543,1867,48,48709cf4b6e7fe32b8df50b6e3c23b82ffe77209745ead449716041371da5d05,,
caixa_conversao_v2.pdf,949468aff4d52dc73aa7f6142a010fcde58515fea95b0b6cae8a3843289cf5bd,2,163,ok,textual,2601,2024,48,cd8d2b4d85520854663310f6a59f9099b9ea8022bd8fb78306a54b3ed509ffb5,,
caixa_conversao_v2.pdf,949468aff4d52dc73aa7f6142a010fcde58515fea95b0b6cae8a3843289cf5bd,2,164,ok,textual,2380,1843,45,56b68ee03b4485dc5e943f42d702efc9fe9b0e098c4567b076e571ebc22d479d,,
caixa_conversao_v2.pdf,949468aff4d52dc73aa7f6142a010fcde58515fea95b0b6cae8a3843289cf5bd,2,165,ok,textual,2597,1984,47,06080ebf25e7310acfc6e8fa5702827cd9e4a376bfe8cd900871439a51944a11,,
caixa_conversao_v2.pdf,949468aff4d52dc73aa7f6142a010fcde58515fea95b0b6cae8a3843289cf5bd,2,166,ok,textual,2275,1345,104,e29609d0d56d6d91be8758efa67f544e1c27e70e4a5712aa54f4f61fcf7888c8,,
caixa_conversao_v2.pdf,949468aff4d52dc73aa7f6142a010fcde58515fea95b0b6cae8a3843289cf5bd,2,167,ok,textual,2359,1690,46,c5357a4fa7df2fb42b09ae43514df7fbe67f0a425c4fc494115425b0e19d481c,,
caixa_conversao_v2.pdf,949468aff4d52dc73aa7f6142a010fcde58515fea95b0b6cae8a3843289cf5bd,2,168,ok,textual,2686,2057,50,4a5173934cb9cc5fe67a42193bd22a29937466a2799bd04394056e5ea51f63cd,,
caixa_conversao_v2.pdf,949468aff4d52dc73aa7f6142a010fcde58515fea95b0b6cae8a3843289cf5bd,2,169,ok,textual,2523,1866,49,0c014bee0d6d8aa8fab99c4276b56bb5df885b815e27638b5a601ea3fca8d946,,
caixa_conversao_v2.pdf,949468aff4d52dc73aa7f6142a010fcde58515fea95b0b6cae8a3843289cf5bd,2,170,ok,textual,2367,1803,49,34af931474d2aa52e5ad8709e72a1381069c15f6293b3e910e5457afa7852faa,,
caixa_conversao_v2.pdf,949468aff4d52dc73aa7f6142a010fcde58515fea95b0b6cae8a3843289cf5bd,2,171,ok,textual,2482,1851,48,121f05f66d909ffc4792aae710bd6e56e5a95aedd41f811f0eaae394c9cbf99c,,
caixa_conversao_v2.pdf,949468aff4d52dc73aa7f6142a010fcde58515fea95b0b6cae8a3843289cf5bd,2,172,ok,textual,2762,2106,47,330492f5a352c20d18387bb0c593ab8d1efd8d357c21a3c5dba32ea84a9cb799,,
caixa_conversao_v2.pdf,949468aff4d52dc73aa7f6142a010fcde58515fea95b0b6cae8a3843289cf5bd,2,173,ok,textual,2805,2040,46,eaa87fb6344678cc86f23ad31ce609d789d41bafe8babb38e1957eb9295cb640,,
caixa_conversao_v2.pdf,949468aff4d52dc73aa7f6142a010fcde58515fea95b0b6cae8a3843289cf5bd,2,174,ok,textual,3000,2336,48,1878dd3c711dec87db9beeabb2cc8a93b1d273e51824a62c96b82bacc6f8e24c,,
caixa_conversao_v2.pdf,949468aff4d52dc73aa7f6142a010fcde58515fea95b0b6cae8a3843289cf5bd,2,175,ok,textual,2887,2174,54,da03c3068e41e8816e0f42cddda77e6e4fee6c93a546b22e7243c515985bb486,,
caixa_conversao_v2.pdf,949468aff4d52dc73aa7f6142a010fcde58515fea95b0b6cae8a3843289cf5bd,2,176,ok,textual,2343,1735,42,4dd33bfb8eed32ad32745db20b12b14725116bf230bd9164deb9acfadbb4dd91,,
caixa_conversao_v2.pdf,949468aff4d52dc73aa7f6142a010fcde58515fea95b0b6cae8a3843289cf5bd,2,177,ok,textual,2765,2129,50,f7adb6ae4147a13457fc1fe36d636f3ca391ab1fc2ae5129742c31a348a84a17,,
caixa_conversao_v2.pdf,949468aff4d52dc73aa7f6142a010fcde58515fea95b0b6cae8a3843289cf5bd,2,178,ok,textual,2684,2100,47,48ec866311ea4b5786e76634442749b6c78b050708b9953e581949f3cae91c13,,
caixa_conversao_v2.pdf,949468aff4d52dc73aa7f6142a010fcde58515fea95b0b6cae8a3843289cf5bd,2,179,ok,textual,2864,2098,54,c4242ae8c4dfb0d5042db9781880b69bf44c0b6caa9627593efb3b566a72949b,,
caixa_conversao_v2.pdf,949468aff4d52dc73aa7f6142a010fcde58515fea95b0b6cae8a3843289cf5bd,2,180,ok,textual,2919,2171,47,a9c1457f082ff9715f9a093035fd56e46516440d7b18fad7f3aacbda4f647aea,,
caixa_conversao_v2.pdf,949468aff4d52dc73aa7f6142a010fcde58515fea95b0b6cae8a3843289cf5bd,2,181,ok,textual,1863,930,53,eb27e82fe7eb1247320314571ae11a74c24b727d3add71681d6f2cdc56459d3a,,
caixa_conversao_v2.pdf,949468aff4d52dc73aa7f6142a010fcde58515fea95b0b6cae8a3843289cf5bd,2,182,ok,textual,1704,1206,40,5a607024c54f86849083b596941f4cecfccfeae22b71a7c87567b26b827340f8,,
caixa_conversao_v2.pdf,949468aff4d52dc73aa7f6142a010fcde58515fea95b0b6cae8a3843289cf5bd,2,183,ok,textual,2867,2028,48,1ca4e44fc9453fe43913cc2d6e91cce3b86156da93b26b93f8faa2e51b99770c,,
caixa_conversao_v2.pdf,949468aff4d52dc73aa7f6142a010fcde58515fea95b0b6cae8a3843289cf5bd,2,184,ok,textual,2957,2122,49,660401a4c5ca2a4112bc9bcb977b3e53d833f5b09afbfb93b076a87b3bbe6bd9,,
caixa_conversao_v2.pdf,949468aff4d52dc73aa7f6142a010fcde58515fea95b0b6cae8a3843289cf5bd,2,185,ok,textual,2462,1535,96,d80178348639339c51237c808536fbbd737c10a62081af095874ee9d81b8c10e,,
caixa_conversao_v2.pdf,949468aff4d52dc73aa7f6142a010fcde58515fea95b0b6cae8a3843289cf5bd,2,186,ok,textual,2473,1627,54,27559f1638f56adb9a5a5fb22d03e92751a9875a24101a120343f2bf41aa5775,,
caixa_conversao_v2.pdf,949468aff4d52dc73aa7f6142a010fcde58515fea95b0b6cae8a3843289cf5bd,2,187,ok,textual,2639,1720,53,0a5a509fbd30d177ffbe5c82c9e9894c9ab0d678c1605e8ae18e40f37d8602cc,,
caixa_conversao_v2.pdf,949468aff4d52dc73aa7f6142a010fcde58515fea95b0b6cae8a3843289cf5bd,2,188,ok,textual,2489,1575,53,19265c2f761ab6cbaee6b4adc2eff184c61738541742dd0bfdec6786a229dfb0,,
caixa_conversao_v2.pdf,949468aff4d52dc73aa7f6142a010fcde58515fea95b0b6cae8a3843289cf5bd,2,189,ok,textual,2955,1993,48,d759aab1b968674a54d150f6d2fd3c8733cdcec7ef6ec5aba6655d253e568447,,
caixa_conversao_v2.pdf,949468aff4d52dc73aa7f6142a010fcde58515fea95b0b6cae8a3843289cf5bd,2,190,ok,textual,2442,1804,51,189e1a22da2f05803f3f66f86dea33bc566b44a15d2695922fa9916d302ed613,,
caixa_conversao_v2.pdf,949468aff4d52dc73aa7f6142a010fcde58515fea95b0b6cae8a3843289cf5bd,2,191,ok,textual,2440,1762,48,ea071af021bc22d4462fc7835ea6636db1076f8d767e5948fe84455556f08ca7,,
caixa_conversao_v2.pdf,949468aff4d52dc73aa7f6142a010fcde58515fea95b0b6cae8a3843289cf5bd,2,192,ok,textual,2379,1799,46,4976d05b966da73592eee28a6aeb29b33e19405d5daf569a7ad5d748da3642ff,,
caixa_conversao_v2.pdf,949468aff4d52dc73aa7f6142a010fcde58515fea95b0b6cae8a3843289cf5bd,2,193,ok,textual,2813,2159,48,75e4f828982fd999db3ba8614c5ec30224e56e9ac05a4ca162a08bb4a85c44e2,,
caixa_conversao_v2.pdf,949468aff4d52dc73aa7f6142a010fcde58515fea95b0b6cae8a3843289cf5bd,2,194,ok,textual,3083,2403,50,c1f715193c3201819735a82e90a81c3019cecf85b0f28b47d7f0052b3dc5b248,,
caixa_conversao_v2.pdf,949468aff4d52dc73aa7f6142a010fcde58515fea95b0b6cae8a3843289cf5bd,2,195,ok,textual,2890,2252,50,d003a1ae0af501d38485fb0ff5621777a7544e07f9dd68e21527d61e8c551b2d,,
caixa_conversao_v2.pdf,949468aff4d52dc73aa7f6142a010fcde58515fea95b0b6cae8a3843289cf5bd,2,196,ok,textual,2986,2307,48,7f115951da39ba695b6dd3cea98a4fe5362d19b3a20e7695b4ffd2ff93e033ba,,
caixa_conversao_v2.pdf,949468aff4d52dc73aa7f6142a010fcde58515fea95b0b6cae8a3843289cf5bd,2,197,ok,textual,2740,2021,50,d3e56b35a0db55ccec4f6646dac15a8b03a629ed01527c9c08c8daa9074bee94,,
caixa_conversao_v2.pdf,949468aff4d52dc73aa7f6142a010fcde58515fea95b0b6cae8a3843289cf5bd,2,198,ok,textual,2588,1943,47,16a7d8e8125a665b8dd50f74d600bf8e17b538406da8d9b233a89f17053e0cdd,,
caixa_conversao_v2.pdf,949468aff4d52dc73aa7f6142a010fcde58515fea95b0b6cae8a3843289cf5bd,2,199,ok,textual,2812,2165,48,39ce07ce3fe64a2503b3573cfb6eee5212461f2651e53bc47dd0755a8dbfa242,,
caixa_conversao_v2.pdf,949468aff4d52dc73aa7f6142a010fcde58515fea95b0b6cae8a3843289cf5bd,2,200,ok,textual,3023,2297,48,f9414aeff02d980f8ca216ddc8216a9afcbf38efa1ca1a1171059ce10781a218,,
caixa_conversao_v2.pdf,949468aff4d52dc73aa7f6142a010fcde58515fea95b0b6cae8a3843289cf5bd,2,201,ok,textual,3122,2407,48,9a5937c7a71baddba8c4b27fbaf8fb8dc86df0ddbc6125230946f8c871bab3ce,,
caixa_conversao_v2.pdf,949468aff4d52dc73aa7f6142a010fcde58515fea95b0b6cae8a3843289cf5bd,2,202,ok,textual,2750,2139,46,9b66ee972176c28b636f74e01dc73c5aba861afdd1be6f5bc127876280e4f10b,,
caixa_conversao_v2.pdf,949468aff4d52dc73aa7f6142a010fcde58515fea95b0b6cae8a3843289cf5bd,2,203,ok,textual,2646,1761,71,1a8124b26608c5cbcb8fdd6364adcbe3352aa3032c77ba2882fe74645b4b1e68,,
caixa_conversao_v2.pdf,949468aff4d52dc73aa7f6142a010fcde58515fea95b0b6cae8a3843289cf5bd,2,204,ok,textual,2367,1761,45,bcf248b1828efedf3a444f6b3e94320f28a80e3339b02392696a097844f8e3b5,,
caixa_conversao_v2.pdf,949468aff4d52dc73aa7f6142a010fcde58515fea95b0b6cae8a3843289cf5bd,2,205,ok,textual,2716,2043,46,9b658f837f6045e7fc1df89df610687f55d64719bbbea484a506853ee3cd2c68,,
caixa_conversao_v2.pdf,949468aff4d52dc73aa7f6142a010fcde58515fea95b0b6cae8a3843289cf5bd,2,206,ok,textual,2531,1926,46,bddb47f262f414b7acd58e6b0c0dc83caaa9a72cb102b31766902be0bd0d97f3,,
caixa_conversao_v2.pdf,949468aff4d52dc73aa7f6142a010fcde58515fea95b0b6cae8a3843289cf5bd,2,207,ok,textual,2727,2068,49,5d1be551702ebd5ab049916aebcafea1883890694a3179374064882e8360d7bd,,
caixa_conversao_v2.pdf,949468aff4d52dc73aa7f6142a010fcde58515fea95b0b6cae8a3843289cf5bd,2,208,ok,textual,2512,1890,45,3bfe28166dac5c222412d58a7b7daca6b5b570146492cd7ae99d68a5fb56f2df,,
caixa_conversao_v2.pdf,949468aff4d52dc73aa7f6142a010fcde58515fea95b0b6cae8a3843289cf5bd,2,209,ok,textual,2324,1745,45,d64b681acf652d0933661a827451ccc60ff9b12ec4c9627304ea3c63378f5671,,
caixa_conversao_v2.pdf,949468aff4d52dc73aa7f6142a010fcde58515fea95b0b6cae8a3843289cf5bd,2,210,ok,textual,2523,1883,46,a0cd7c8574820f0444a2b2d0818e8681c14bd0dc25be4131b5ee2ae4349b3449,,
caixa_conversao_v2.pdf,949468aff4d52dc73aa7f6142a010fcde58515fea95b0b6cae8a3843289cf5bd,2,211,ok,textual,2164,1614,40,b0bcdda0e2bd54f664147fd82de983d2d9f7b3b75b3d9ee77b0e6a61c387a287,,
caixa_conversao_v2.pdf,949468aff4d52dc73aa7f6142a010fcde58515fea95b0b6cae8a3843289cf5bd,2,212,ok,textual,2182,1680,41,461176172d6e2118d6e111130dc56a15d672a82a7f71e1dabae55ad43b8787ff,,
caixa_conversao_v2.pdf,949468aff4d52dc73aa7f6142a010fcde58515fea95b0b6cae8a3843289cf5bd,2,213,ok,textual,2931,2296,47,cffa9fadc98a3fc1667a7af8d81a45da975716d19fb55f1e22309ab93f906918,,
caixa_conversao_v2.pdf,949468aff4d52dc73aa7f6142a010fcde58515fea95b0b6cae8a3843289cf5bd,2,214,ok,textual,2982,2329,48,0f510e0d14f60d188bb5fa4196a69a941833d342f47ab51577f8f65438fe5437,,
caixa_conversao_v2.pdf,949468aff4d52dc73aa7f6142a010fcde58515fea95b0b6cae8a3843289cf5bd,2,215,ok,textual,2772,2156,50,a31dc031f83e72cbb555ad7ae85d2903c8006279d366c1a9c752b3763ba929b1,,
caixa_conversao_v2.pdf,949468aff4d52dc73aa7f6142a010fcde58515fea95b0b6cae8a3843289cf5bd,2,216,ok,textual,2469,1887,47,31cd7af7e45229e9b5066c6808ca0acdeb0917af1137865f8c01c65a1711be77,,
caixa_conversao_v2.pdf,949468aff4d52dc73aa7f6142a010fcde58515fea95b0b6cae8a3843289cf5bd,2,217,ok,textual,2744,2068,46,1c239a50833341abe8b16aeeecaa1e3eebcd71363258224120c68f9eaa7a6833,,
caixa_conversao_v2.pdf,949468aff4d52dc73aa7f6142a010fcde58515fea95b0b6cae8a3843289cf5bd,2,218,ok,textual,2670,2041,46,d3d003d496a2a95489e3227ccac6ac84eb1a9c16a768f7eb8a8aea35d6aaa564,,
caixa_conversao_v2.pdf,949468aff4d52dc73aa7f6142a010fcde58515fea95b0b6cae8a3843289cf5bd,2,219,ok,textual,2675,2031,46,77f5a918d7824106015e37344fac97df020714df05172071dc4f056b4ddd5670,,
caixa_conversao_v2.pdf,949468aff4d52dc73aa7f6142a010fcde58515fea95b0b6cae8a3843289cf5bd,2,220,ok,textual,2406,1798,47,b08dc8e32f21065ab04305ae42055c56ceae44044a8fb67ae003d4092c4c12b2,,
caixa_conversao_v2.pdf,949468aff4d52dc73aa7f6142a010fcde58515fea95b0b6cae8a3843289cf5bd,2,221,ok,textual,2422,1824,47,46e1a07024e64a18467cc52ca0719987b7a0ffb4556601962cea9f121223d373,,
caixa_conversao_v2.pdf,949468aff4d52dc73aa7f6142a010fcde58515fea95b0b6cae8a3843289cf5bd,2,222,ok,textual,2758,2116,45,ee98814de25d4e8447fdb0d870c8e4cdbb2c4f1e57912a6520880276cb89e8b1,,
caixa_conversao_v2.pdf,949468aff4d52dc73aa7f6142a010fcde58515fea95b0b6cae8a3843289cf5bd,2,223,ok,textual,2151,1577,43,40bb81a0c817f27054395f94c106dc9eaa6c1d0248ea0a22e2f40a1032e69e0c,,
caixa_conversao_v2.pdf,949468aff4d52dc73aa7f6142a010fcde58515fea95b0b6cae8a3843289cf5bd,2,224,ok,textual,2532,1658,57,ffcd6866376a80c489f6af54f6490d6e96d476889c2ac6801d55564cde9e4e5a,,
caixa_conversao_v2.pdf,949468aff4d52dc73aa7f6142a010fcde58515fea95b0b6cae8a3843289cf5bd,2,225,ok,textual,2667,2065,47,13c3fe09ce4b060aaca91dbb801c4d8281f4bc7fcf1ad12523174cd46f0de769,,
caixa_conversao_v2.pdf,949468aff4d52dc73aa7f6142a010fcde58515fea95b0b6cae8a3843289cf5bd,2,226,ok,textual,2658,2058,47,0d0a0801beadbf4bfa62de07b6f592253ef6ca347defe186fee35398d557b6ae,,
caixa_conversao_v2.pdf,949468aff4d52dc73aa7f6142a010fcde58515fea95b0b6cae8a3843289cf5bd,2,227,ok,textual,2761,2127,46,44c5cf483ed41d5822debbb496fa669841d8c74bec1b43a23262be997d2c9916,,
caixa_conversao_v2.pdf,949468aff4d52dc73aa7f6142a010fcde58515fea95b0b6cae8a3843289cf5bd,2,228,ok,textual,2013,1249,54,6f0916147c0b2d40a7a42edde20093b1ad59875311d7732dc08dfb7d6b103c72,,
caixa_conversao_v2.pdf,949468aff4d52dc73aa7f6142a010fcde58515fea95b0b6cae8a3843289cf5bd,2,229,ok,textual,1551,406,106,e1bf0b07d415176d8c064b52f0eb7b2f79a398ae74dfbcfad567084401c0aa72,,
caixa_conversao_v2.pdf,949468aff4d52dc73aa7f6142a010fcde58515fea95b0b6cae8a3843289cf5bd,2,230,ok,textual,1682,498,106,7d0472eab33e1db86b4f6457448b79267ae30537c107bd6e0ddde3a3799cb3c0,,
caixa_conversao_v2.pdf,949468aff4d52dc73aa7f6142a010fcde58515fea95b0b6cae8a3843289cf5bd,2,231,ok,textual,1724,526,78,d226a0eef41101f5f50789355835a84336ca9888eefca1002b28f92f586812ab,,
caixa_conversao_v2.pdf,949468aff4d52dc73aa7f6142a010fcde58515fea95b0b6cae8a3843289cf5bd,2,232,ok,textual,1654,458,25,35c5e2a006c14a38bf30ef2682ac4d3f857209c48b41424395b495f5ab6e25d5,,
caixa_conversao_v2.pdf,949468aff4d52dc73aa7f6142a010fcde58515fea95b0b6cae8a3843289cf5bd,2,233,ok,textual,1884,1272,54,9fcb6214b4b9567b498159e748676d7fb9503476667af3c1d150d7f096233fb1,,
caixa_conversao_v2.pdf,949468aff4d52dc73aa7f6142a010fcde58515fea95b0b6cae8a3843289cf5bd,2,234,ok,textual,2879,2257,48,6e7136035209200004eb200846e6ee1f3f36b1d508224632eabcdb63aa39380b,,
caixa_conversao_v2.pdf,949468aff4d52dc73aa7f6142a010fcde58515fea95b0b6cae8a3843289cf5bd,2,235,ok,textual,2823,2188,48,4dd5210aa34442ee0400ab7f4d5ea85e10ba795b8a8503d3e0f6676a652ee1bf,,
caixa_conversao_v2.pdf,949468aff4d52dc73aa7f6142a010fcde58515fea95b0b6cae8a3843289cf5bd,2,236,ok,textual,2764,2098,46,9f53f84fc1d170624747896667628dc287b015a0fc4f02a51b3fae33010574e5,,
caixa_conversao_v2.pdf,949468aff4d52dc73aa7f6142a010fcde58515fea95b0b6cae8a3843289cf5bd,2,237,ok,textual,2772,2076,46,aebdb9d727cb67ddaec28b1d6bae71a6c73f31186358d9c58a8e6c4b27108e4d,,
caixa_conversao_v2.pdf,949468aff4d52dc73aa7f6142a010fcde58515fea95b0b6cae8a3843289cf5bd,2,238,ok,textual,2710,2068,46,41bd018220f460a1e38a4e552d4be4665684557030b65ec123f24a4d724b6e61,,
caixa_conversao_v2.pdf,949468aff4d52dc73aa7f6142a010fcde58515fea95b0b6cae8a3843289cf5bd,2,239,ok,textual,2559,1941,50,f4c7b9ac7c899e979ca5a64db9fd9083f1ca68a881000ebbc23ee129c59369d0,,
caixa_conversao_v2.pdf,949468aff4d52dc73aa7f6142a010fcde58515fea95b0b6cae8a3843289cf5bd,2,240,ok,textual,2616,1997,47,73b6ea3f3dd48cbc0207e50a8263d766709cc26a810d26fb341ef9886002787a,,
caixa_conversao_v2.pdf,949468aff4d52dc73aa7f6142a010fcde58515fea95b0b6cae8a3843289cf5bd,2,241,ok,textual,2523,1911,47,cf7459937e4b56cc3789c98087dd9fc677e92ca0bde716040c0f20a023edc7e4,,
caixa_conversao_v2.pdf,949468aff4d52dc73aa7f6142a010fcde58515fea95b0b6cae8a3843289cf5bd,2,242,ok,textual,2590,1981,48,a207bbfc7653d7069fa627969d32b1b096ce01e1b3eb216c9a1bc613d95dbf70,,
caixa_conversao_v2.pdf,949468aff4d52dc73aa7f6142a010fcde58515fea95b0b6cae8a3843289cf5bd,2,243,ok,textual,2545,1898,46,7f046b40abdad55d0665a45698100fa8657651e4fd00b098c4655f7c861c2355,,
caixa_conversao_v2.pdf,949468aff4d52dc73aa7f6142a010fcde58515fea95b0b6cae8a3843289cf5bd,2,244,ok,textual,2657,2014,46,8c1d52176153c6729be54a3201fe3023bc8827057e121044278221678fcacf7f,,
caixa_conversao_v2.pdf,949468aff4d52dc73aa7f6142a010fcde58515fea95b0b6cae8a3843289cf5bd,2,245,ok,textual,2610,1936,46,ccaeec90173c7c90327dc806dfda3076adc127423c0716ee68ed64c4d799f511,,
caixa_conversao_v2.pdf,949468aff4d52dc73aa7f6142a010fcde58515fea95b0b6cae8a3843289cf5bd,2,246,ok,textual,2777,2112,47,cdc56b9d5bc657b679177e1061378c529427df4963dedf87fd760af1927fe702,,
caixa_conversao_v2.pdf,949468aff4d52dc73aa7f6142a010fcde58515fea95b0b6cae8a3843289cf5bd,2,247,ok,textual,2889,2187,49,82ebbb37e4d7dd837fb1c82f955ec7866b52f162884a913aaed285409049978e,,
caixa_conversao_v2.pdf,949468aff4d52dc73aa7f6142a010fcde58515fea95b0b6cae8a3843289cf5bd,2,248,ok,textual,2453,1812,46,842ed37d2b62122536c210aaf2dee1dd9e54af9c911a96b8f0ea750f5e370974,,
caixa_conversao_v2.pdf,949468aff4d52dc73aa7f6142a010fcde58515fea95b0b6cae8a3843289cf5bd,2,249,ok,textual,2457,1704,45,b6eae9f14908533e02b65950cc4539bcb843b371423ce147a6064ce9b1595ebb,,
caixa_conversao_v2.pdf,949468aff4d52dc73aa7f6142a010fcde58515fea95b0b6cae8a3843289cf5bd,2,250,ok,textual,2760,2121,48,d23d3fe33235ad77b35249f98c9bb0bab1362684eba848177ce84d06885d8578,,
caixa_conversao_v2.pdf,949468aff4d52dc73aa7f6142a010fcde58515fea95b0b6cae8a3843289cf5bd,2,251,ok,textual,2909,2244,48,cd7c8b934cba6d47182fb228d68d26cb84ff7532ae60d1bbaebad54132ce2cf3,,
caixa_conversao_v2.pdf,949468aff4d52dc73aa7f6142a010fcde58515fea95b0b6cae8a3843289cf5bd,2,252,ok,textual,2579,1846,43,b4ec067ce89f850bafd2577d71cbfd2f3cf8fbf2f1a1571732c793835782aa81,,
caixa_conversao_v2.pdf,949468aff4d52dc73aa7f6142a010fcde58515fea95b0b6cae8a3843289cf5bd,2,253,ok,textual,2254,1764,40,7e689f6478e7bb7ed99b1fc7b058ca27479874817763a15f02da7bd4a2fedf08,,
caixa_conversao_v2.pdf,949468aff4d52dc73aa7f6142a010fcde58515fea95b0b6cae8a3843289cf5bd,2,254,ok,textual,3074,2383,48,487cd04371ad0d1d20937d91d58b64a09b73da2530e617b3f97a01cbfbb44884,,
caixa_conversao_v2.pdf,949468aff4d52dc73aa7f6142a010fcde58515fea95b0b6cae8a3843289cf5bd,2,255,ok,textual,3099,2437,48,e123f5486cdb1be79ffcce6a353f5870bebf01e3235a10b7c2264bb1cabdb90f,,
caixa_conversao_v2.pdf,949468aff4d52dc73aa7f6142a010fcde58515fea95b0b6cae8a3843289cf5bd,2,256,ok,textual,2695,2084,45,728609db8c3102ca71bdf1d33405d556d45dd21ecf823f599f70728f5dc629b3,,
caixa_conversao_v2.pdf,949468aff4d52dc73aa7f6142a010fcde58515fea95b0b6cae8a3843289cf5bd,2,257,ok,textual,3229,2433,48,329f47d07ba29a9030615268e80762b0237133e36075cde7ce04d065c5e44a93,,
caixa_conversao_v2.pdf,949468aff4d52dc73aa7f6142a010fcde58515fea95b0b6cae8a3843289cf5bd,2,258,ok,textual,2972,2322,50,07aa4740aebd292a868d9095eaec52b9c8470177655b15547b695a8bc7c3aaa5,,
caixa_conversao_v2.pdf,949468aff4d52dc73aa7f6142a010fcde58515fea95b0b6cae8a3843289cf5bd,2,259,ok,textual,2799,2221,46,57fd9abda2ea283c15436c78dff4c4a9d178ce46592cb80bd30b317796978f2f,,
caixa_conversao_v2.pdf,949468aff4d52dc73aa7f6142a010fcde58515fea95b0b6cae8a3843289cf5bd,2,260,ok,textual,3037,2382,49,881f380cbe143231b71f49f61ae496f0bfe234053e1ae31d9979fd19803bbbbe,,
caixa_conversao_v2.pdf,949468aff4d52dc73aa7f6142a010fcde58515fea95b0b6cae8a3843289cf5bd,2,261,ok,textual,2286,1803,40,b54daa54c04b38635f9dadf96171a89adb552607eb0363774fdc71177b2ef040,,
caixa_conversao_v2.pdf,949468aff4d52dc73aa7f6142a010fcde58515fea95b0b6cae8a3843289cf5bd,2,262,ok,textual,2912,2275,48,d901e33350116e1cad5a204304e73a31f0619b44a36c03b167e610c2e7f5d3d3,,
caixa_conversao_v2.pdf,949468aff4d52dc73aa7f6142a010fcde58515fea95b0b6cae8a3843289cf5bd,2,263,ok,textual,2092,1338,73,aea345d1b17047e3a2c234906552491d9289370faece3c0c97a6767fbc94f62d,,
caixa_conversao_v2.pdf,949468aff4d52dc73aa7f6142a010fcde58515fea95b0b6cae8a3843289cf5bd,2,264,ok,textual,2422,1412,57,0cd981f394a64ec4a7186b88bf1dfdd4e74771ac5ab94c609d1948f7c017585c,,
caixa_conversao_v2.pdf,949468aff4d52dc73aa7f6142a010fcde58515fea95b0b6cae8a3843289cf5bd,2,265,ok,textual,2453,1840,46,bfe72fd291f366370403d8499375b7d57e0c682c92f00a0311c8de172bc3725e,,
caixa_conversao_v2.pdf,949468aff4d52dc73aa7f6142a010fcde58515fea95b0b6cae8a3843289cf5bd,2,266,ok,textual,2291,1566,61,4aaeb609da6c38d8706534fd73ac0d7d6b8e8f0baa110ea850323f67646e37ef,,
caixa_conversao_v2.pdf,949468aff4d52dc73aa7f6142a010fcde58515fea95b0b6cae8a3843289cf5bd,2,267,ok,textual,2939,2171,48,f52f2163d64e12d9909644ed149e1d094c146f664b9ba9fee88033d17a2355a0,,
caixa_conversao_v2.pdf,949468aff4d52dc73aa7f6142a010fcde58515fea95b0b6cae8a3843289cf5bd,2,268,ok,textual,2921,2234,45,2394fa3ea121ce9e6b71297024728976345884be2da7fbaf6dccdfae4be813ac,,
caixa_conversao_v2.pdf,949468aff4d52dc73aa7f6142a010fcde58515fea95b0b6cae8a3843289cf5bd,2,269,ok,textual,3026,2376,51,236b4918eff7461251b196c5d3aca64173b30a598823c410141b53ff24f0fd40,,
caixa_conversao_v2.pdf,949468aff4d52dc73aa7f6142a010fcde58515fea95b0b6cae8a3843289cf5bd,2,270,ok,textual,2857,2261,47,756ef78c2e553d875ad19dd0ee983c557c25b654b0c0acd61220cc750cdba597,,
caixa_conversao_v2.pdf,949468aff4d52dc73aa7f6142a010fcde58515fea95b0b6cae8a3843289cf5bd,2,271,ok,textual,2625,2068,44,153fc3098b01bc8bad4006924c4202d9aec7e9b15d6b6df65fa04b58c551546e,,
caixa_conversao_v2.pdf,949468aff4d52dc73aa7f6142a010fcde58515fea95b0b6cae8a3843289cf5bd,2,272,ok,textual,2380,1250,40,ebcd0e1b48aed4343e6c374b69aa5c1e10ada986f384ba03b47a99e654b68ca5,,
caixa_conversao_v2.pdf,949468aff4d52dc73aa7f6142a010fcde58515fea95b0b6cae8a3843289cf5bd,2,273,ok,textual,2166,688,68,2e99aed73a57cc1fdfee4cb6afea01a45dde22d71d12d42255a8b5de04cf0827,,
caixa_conversao_v2.pdf,949468aff4d52dc73aa7f6142a010fcde58515fea95b0b6cae8a3843289cf5bd,2,274,ok,textual,2041,613,49,e574cd62b8cb1b43ac47f1e749ce6deccf24eb2fea384dddc503dd0415b9d512,,
caixa_conversao_v2.pdf,949468aff4d52dc73aa7f6142a010fcde58515fea95b0b6cae8a3843289cf5bd,2,275,ok,textual,2175,645,52,9634b93b254bcd05c17dfd314b734ab7fa733e5cf9d94f09eb69358911e9ed07,,
caixa_conversao_v2.pdf,949468aff4d52dc73aa7f6142a010fcde58515fea95b0b6cae8a3843289cf5bd,2,276,ok,textual,2641,1531,59,04e3aa40520ae8e07a3b92599b3050c8c181182c9a07dd854702260ee57f8095,,
caixa_conversao_v2.pdf,949468aff4d52dc73aa7f6142a010fcde58515fea95b0b6cae8a3843289cf5bd,2,277,ok,textual,2782,2009,50,f775b8e58329f7d80f7470d80a677a68dd3c1a9da9d3dd540fc70e2479fcb680,,
caixa_conversao_v2.pdf,949468aff4d52dc73aa7f6142a010fcde58515fea95b0b6cae8a3843289cf5bd,2,278,ok,textual,2673,1732,55,87ab1395abfe1c2210dc6432e54b5f5a3d93e5403a4420188ae75bbe8ecc9e90,,
caixa_conversao_v2.pdf,949468aff4d52dc73aa7f6142a010fcde58515fea95b0b6cae8a3843289cf5bd,2,279,ok,textual,2557,2041,43,c3a7ab6c2425e490ed108d997f5ffc412dc067f9320026a39a30e324cef019c5,,
caixa_conversao_v2.pdf,949468aff4d52dc73aa7f6142a010fcde58515fea95b0b6cae8a3843289cf5bd,2,280,ok,textual,2046,823,63,03c69af40c4450d91cc9eeeff08f3852946599d21fe3878eff98a8b1d29a48b1,,
caixa_conversao_v2.pdf,949468aff4d52dc73aa7f6142a010fcde58515fea95b0b6cae8a3843289cf5bd,2,281,ok,textual,2731,1752,54,8cb506341020761ac48d9d9ac127782122dd549afba15442d1048ac96eec5bfc,,
caixa_conversao_v2.pdf,949468aff4d52dc73aa7f6142a010fcde58515fea95b0b6cae8a3843289cf5bd,2,282,ok,textual,2328,1520,69,a5ea509aaa216de74f7252b4d17dbc866720b1bbeb00c8bae63906c4512001eb,,
caixa_conversao_v2.pdf,949468aff4d52dc73aa7f6142a010fcde58515fea95b0b6cae8a3843289cf5bd,2,283,ok,textual,2166,1446,44,d488995fba21cf169649ff0e9a91e1a0cb56eb7c80b0002bf4cc1bcbb27cf061,,
caixa_conversao_v2.pdf,949468aff4d52dc73aa7f6142a010fcde58515fea95b0b6cae8a3843289cf5bd,2,284,ok,textual,1692,1123,50,ff90ac086bb320d124e06426a9c96fc693f761f8bafa9035aec31f1cedf3c50c,,
caixa_conversao_v2.pdf,949468aff4d52dc73aa7f6142a010fcde58515fea95b0b6cae8a3843289cf5bd,2,285,ok,textual,2314,1763,44,057e2911fb29dcc866d91b1a2844c6e90412bd0ae32e3479c4af12aa3a9b35a4,,
caixa_conversao_v2.pdf,949468aff4d52dc73aa7f6142a010fcde58515fea95b0b6cae8a3843289cf5bd,2,286,ok,textual,2178,1665,51,c031a1f819c1e0e27f6704771def6ef6eda8b17502cf9689787f6f6ecb1373a9,,
caixa_conversao_v2.pdf,949468aff4d52dc73aa7f6142a010fcde58515fea95b0b6cae8a3843289cf5bd,2,287,ok,textual,1697,998,34,2bc5596996e3c881c0a5c89e23b81945e41f116a8c3f8dd9642c0a41b2325494,,
caixa_conversao_v2.pdf,949468aff4d52dc73aa7f6142a010fcde58515fea95b0b6cae8a3843289cf5bd,2,288,ok,textual,2103,1446,45,9e226e0ba6bfab78efb6c9b11d1619b36969cbb92a59858bf823f11846fb1322,,
caixa_conversao_v2.pdf,949468aff4d52dc73aa7f6142a010fcde58515fea95b0b6cae8a3843289cf5bd,2,289,ok,textual,2696,1785,77,f8ba10a477a2691c7def294aa7037961e8ec1772568542fd2956a62cbd8d046c,,
caixa_conversao_v2.pdf,949468aff4d52dc73aa7f6142a010fcde58515fea95b0b6cae8a3843289cf5bd,2,290,ok,textual,2127,1511,54,e1e5f50511bb360b2d7b96bb61855e7160f548f0d9d100ee51d87fde29071ae3,,
caixa_conversao_v2.pdf,949468aff4d52dc73aa7f6142a010fcde58515fea95b0b6cae8a3843289cf5bd,2,291,ok,textual,2129,967,77,718bd76659c41c4c73c3e4e88a67bf7a2de231db4e1e8d12ef60cea3a2476759,,
caixa_conversao_v2.pdf,949468aff4d52dc73aa7f6142a010fcde58515fea95b0b6cae8a3843289cf5bd,2,292,ok,textual,2421,1623,70,41156fd0fd1a76ff5e822631673d9593c389dc7cdf19db6d007f8c94a18b2583,,
caixa_conversao_v2.pdf,949468aff4d52dc73aa7f6142a010fcde58515fea95b0b6cae8a3843289cf5bd,2,293,ok,textual,2767,2191,45,be4c22c28369d019272389b724aed4780296a5f769ff51bfbe98ebb0a07002e9,,
caixa_conversao_v2.pdf,949468aff4d52dc73aa7f6142a010fcde58515fea95b0b6cae8a3843289cf5bd,2,294,ok,textual,3141,2447,49,b01f819abbe1f2f17ace400fadf0c980b35dd723d866478dfd884479a9086c26,,
caixa_conversao_v2.pdf,949468aff4d52dc73aa7f6142a010fcde58515fea95b0b6cae8a3843289cf5bd,2,295,ok,textual,2792,2188,45,9bab581cec33d0faf5edc6632aa9550d41a5fa254a9f2eb5b3091372bc7eea6e,,
caixa_conversao_v2.pdf,949468aff4d52dc73aa7f6142a010fcde58515fea95b0b6cae8a3843289cf5bd,2,296,ok,textual,3078,2380,48,f3482c9dfdce988ce5f4215a3b041ad585f7a7bca56873f6ae1ffa61130f4e10,,
caixa_conversao_v2.pdf,949468aff4d52dc73aa7f6142a010fcde58515fea95b0b6cae8a3843289cf5bd,2,297,ok,textual,2593,1686,87,3d346ba204000279ab98bfc84f9299c3cfe8b6128f8136b7469b77bc2e576589,,
caixa_conversao_v2.pdf,949468aff4d52dc73aa7f6142a010fcde58515fea95b0b6cae8a3843289cf5bd,2,298,ok,textual,2640,2026,45,8b04c9cd223f2888a4aa8f6a0345806dbeb76ea45c5a3a760c2e15bd8d8a734e,,
caixa_conversao_v2.pdf,949468aff4d52dc73aa7f6142a010fcde58515fea95b0b6cae8a3843289cf5bd,2,299,ok,textual,2501,1764,52,e54df200cda614a24e126edca66cc1b78e6c0b8f275f2af1df7f8308f60ad24d,,
caixa_conversao_v2.pdf,949468aff4d52dc73aa7f6142a010fcde58515fea95b0b6cae8a3843289cf5bd,2,300,ok,textual,2968,2269,47,ef72d04df5f56b03d76db6bd43761d4f03854c34ccabb11ad4f20a94243cee6b,,
caixa_conversao_v2.pdf,949468aff4d52dc73aa7f6142a010fcde58515fea95b0b6cae8a3843289cf5bd,2,301,ok,textual,2811,1970,51,9f0e2ebc4c7e84c717a4284f93a134848f1c78f3a86dd114eb5dbc8bc8910e87,,
caixa_conversao_v2.pdf,949468aff4d52dc73aa7f6142a010fcde58515fea95b0b6cae8a3843289cf5bd,2,302,ok,textual,2976,2344,49,41b84e21e5e9466bfc6402c09cb62399aa44f8b6cd0c817f4132170ca8b67583,,
caixa_conversao_v2.pdf,949468aff4d52dc73aa7f6142a010fcde58515fea95b0b6cae8a3843289cf5bd,2,303,ok,textual,2588,2033,41,2b5523f80bfe29cb448888e9f8f7ca2e6f4804a92988722efe5ddd6db012156f,,
caixa_conversao_v2.pdf,949468aff4d52dc73aa7f6142a010fcde58515fea95b0b6cae8a3843289cf5bd,2,304,ok,textual,2188,1550,41,c4e7b626f79de1b8cbb8ed3c79a129654d92bfd757c1e83b6504bdfb1dc2f146,,
caixa_conversao_v2.pdf,949468aff4d52dc73aa7f6142a010fcde58515fea95b0b6cae8a3843289cf5bd,2,305,ok,textual,2666,2099,45,5fe7f5e20c29514e1775aee8b0b068f5cc43987d1f1da18506fd826dd73a6d80,,
caixa_conversao_v2.pdf,949468aff4d52dc73aa7f6142a010fcde58515fea95b0b6cae8a3843289cf5bd,2,306,ok,textual,3165,2471,48,371256780e878556275dc2008124ea5bea576a33da6d33d8f655fb0f797ade17,,
caixa_conversao_v2.pdf,949468aff4d52dc73aa7f6142a010fcde58515fea95b0b6cae8a3843289cf5bd,2,307,ok,textual,3008,2370,49,fae15391209cf175255f690ed8b443a796359f21b8dc67e4070553840986da6c,,
caixa_conversao_v2.pdf,949468aff4d52dc73aa7f6142a010fcde58515fea95b0b6cae8a3843289cf5bd,2,308,ok,textual,2920,2316,46,45defc30a3e5138729de5d365085d4b76b7f38ca8552deae0440abef11a2bf29,,
caixa_conversao_v2.pdf,949468aff4d52dc73aa7f6142a010fcde58515fea95b0b6cae8a3843289cf5bd,2,309,ok,textual,3047,2391,48,08841478429ee37832b57fe1059e5cb564f4dd54d4c924186fb699ef2032a694,,
caixa_conversao_v2.pdf,949468aff4d52dc73aa7f6142a010fcde58515fea95b0b6cae8a3843289cf5bd,2,310,ok,textual,2931,2293,48,96c3508bb80ee8743cde72b0c6b05f3fd60b385fac501d59cdf3fbc870147e46,,
caixa_conversao_v2.pdf,949468aff4d52dc73aa7f6142a010fcde58515fea95b0b6cae8a3843289cf5bd,2,311,ok,textual,2685,2059,46,05dd0270e4ea80ae4dba368f420112f2ca7ecfa9115872e45e37cd4dc69420b1,,
caixa_conversao_v2.pdf,949468aff4d52dc73aa7f6142a010fcde58515fea95b0b6cae8a3843289cf5bd,2,312,ok,textual,2727,2092,48,e9154cac054aa4ffb0778503335d89dd3c0e5487de14e1e89103309019bb0a7f,,
caixa_conversao_v2.pdf,949468aff4d52dc73aa7f6142a010fcde58515fea95b0b6cae8a3843289cf5bd,2,313,ok,textual,3071,2383,48,3a008b56886004da3b3df00d376b8520a66baeec7d628322597382418ce10fbb,,
caixa_conversao_v2.pdf,949468aff4d52dc73aa7f6142a010fcde58515fea95b0b6cae8a3843289cf5bd,2,314,ok,textual,2489,1463,57,c7813f1bd3270d454d0df8e1f6bad08d1b32dca54cdd80c421cf3abc83bef628,,
caixa_conversao_v2.pdf,949468aff4d52dc73aa7f6142a010fcde58515fea95b0b6cae8a3843289cf5bd,2,315,ok,textual,2283,1520,54,0435d23be60c9c8e451d68e6631d48298e1a4c334554d6ec8e93fdf0f672d36c,,
caixa_conversao_v2.pdf,949468aff4d52dc73aa7f6142a010fcde58515fea95b0b6cae8a3843289cf5bd,2,316,ok,textual,2085,1394,42,1cc2ecd0c4fa0a49236953a27cb3ecc32ecb4da08c17022f9a4056be9e4ebbac,,
caixa_conversao_v2.pdf,949468aff4d52dc73aa7f6142a010fcde58515fea95b0b6cae8a3843289cf5bd,2,317,ok,textual,2625,2091,45,9c65e7850ae9aa944472defb397e818026fe3b6120fce015580b0a6c46a876d3,,
caixa_conversao_v2.pdf,949468aff4d52dc73aa7f6142a010fcde58515fea95b0b6cae8a3843289cf5bd,2,318,ok,textual,2924,2282,48,34a894aac10a198f4ac16f6e7fcdd1237573a42ed1bc405623c1e997a8421a84,,
caixa_conversao_v2.pdf,949468aff4d52dc73aa7f6142a010fcde58515fea95b0b6cae8a3843289cf5bd,2,319,ok,textual,3021,2342,48,bdcbf797b30046bb73db4e7f2ec1dc37d562d748a309c800db827cf3a6a52c7d,,
caixa_conversao_v2.pdf,949468aff4d52dc73aa7f6142a010fcde58515fea95b0b6cae8a3843289cf5bd,2,320,ok,textual,2627,879,70,d383b48713c489d3487117b60dac933c48bfcc6eb00e0b93ae4360dbce025b22,,
caixa_conversao_v2.pdf,949468aff4d52dc73aa7f6142a010fcde58515fea95b0b6cae8a3843289cf5bd,2,321,ok,textual,3061,2353,48,8c255280230124ef13c7028c63b28d41f005b4a6e0db5445f5aa8287ab28c90f,,
caixa_conversao_v2.pdf,949468aff4d52dc73aa7f6142a010fcde58515fea95b0b6cae8a3843289cf5bd,2,322,ok,textual,3142,2411,50,47d5b25a7b9b23b80096cacbbc241493a24edb40d40957fa16d3517b94534e0f,,
caixa_conversao_v2.pdf,949468aff4d52dc73aa7f6142a010fcde58515fea95b0b6cae8a3843289cf5bd,2,323,ok,textual,3017,2368,50,2bfb79757ce6ca526e9dd5c5d9717e943e43fec17f7e7ef6329e7500e947e339,,
caixa_conversao_v2.pdf,949468aff4d52dc73aa7f6142a010fcde58515fea95b0b6cae8a3843289cf5bd,2,324,ok,textual,2746,2144,47,fef78623168de332f8c098d63467cc77011592d5a0b2b13c3ae290b5a4f4f7fa,,
caixa_conversao_v2.pdf,949468aff4d52dc73aa7f6142a010fcde58515fea95b0b6cae8a3843289cf5bd,2,325,ok,textual,3186,2460,49,4cd01004a366f1c822bd4ed01ad117435c0c7f224084c15d95aba67b5d3b7a65,,
caixa_conversao_v2.pdf,949468aff4d52dc73aa7f6142a010fcde58515fea95b0b6cae8a3843289cf5bd,2,326,ok,textual,3231,2492,50,585a17596fe957c0298e3fe7e3729d22de7b56892af3f065dcc7b21f950af853,,
caixa_conversao_v2.pdf,949468aff4d52dc73aa7f6142a010fcde58515fea95b0b6cae8a3843289cf5bd,2,327,ok,textual,2261,1793,39,fb0ddd274b29e9cf291eea591aea010230a8387b64ef3621fae648d91e5f528e,,
caixa_conversao_v2.pdf,949468aff4d52dc73aa7f6142a010fcde58515fea95b0b6cae8a3843289cf5bd,2,328,ok,textual,2483,1959,42,eb52f4288088bdcbff4fc59bd17329bb76a391b4c78fdc68349bb80f7b9f6a9d,,
caixa_conversao_v2.pdf,949468aff4d52dc73aa7f6142a010fcde58515fea95b0b6cae8a3843289cf5bd,2,329,ok,textual,2365,1793,41,37b77a0d3e77921a72d824d7f29575e8a0f266378f2c8ed90cc6271bece9b725,,
caixa_conversao_v2.pdf,949468aff4d52dc73aa7f6142a010fcde58515fea95b0b6cae8a3843289cf5bd,2,330,ok,textual,2744,2144,46,b7abf093f6a55cd678534a196f2ec673deca104f48b8ee3a1b2a99133aa6b1dd,,
caixa_conversao_v2.pdf,949468aff4d52dc73aa7f6142a010fcde58515fea95b0b6cae8a3843289cf5bd,2,331,ok,textual,2979,2335,50,58e0fb29dbf109612a79c7b196802b893bfda31cb0e08adcf4a2fa768f69938d,,
caixa_conversao_v2.pdf,949468aff4d52dc73aa7f6142a010fcde58515fea95b0b6cae8a3843289cf5bd,2,332,ok,textual,2885,2244,47,ebf537ef432d7c0a0bcb0558e8991b0e5a10bcd540e841ef1862bf7b61ddd7e0,,
caixa_conversao_v2.pdf,949468aff4d52dc73aa7f6142a010fcde58515fea95b0b6cae8a3843289cf5bd,2,333,ok,textual,3073,2376,48,6875f0a198859d95d41e81be2097d131d0092f1b135a3dbe3165b354e68f827b,,
caixa_conversao_v2.pdf,949468aff4d52dc73aa7f6142a010fcde58515fea95b0b6cae8a3843289cf5bd,2,334,ok,textual,2848,2214,47,1dd95a8adb9e76e6af5c0acaa5b7c891915e45470a8f017970dfa01b132a9b26,,
caixa_conversao_v2.pdf,949468aff4d52dc73aa7f6142a010fcde58515fea95b0b6cae8a3843289cf5bd,2,335,ok,textual,1894,1388,42,470032ff5bd354dfe817ea72556c7eeef570c84dd7fd2f5267cf176aee3eb300,,
caixa_conversao_v2.pdf,949468aff4d52dc73aa7f6142a010fcde58515fea95b0b6cae8a3843289cf5bd,2,336,ok,textual,3022,2346,48,535b603203ae851c8eaffa948c01d492398c18a666c5234176516e04f061f465,,
caixa_conversao_v2.pdf,949468aff4d52dc73aa7f6142a010fcde58515fea95b0b6cae8a3843289cf5bd,2,337,ok,textual,2959,2283,48,46e420a47996b5dbd4cf485f4168e73778fce5654d91b971c004a97a76678f83,,
caixa_conversao_v2.pdf,949468aff4d52dc73aa7f6142a010fcde58515fea95b0b6cae8a3843289cf5bd,2,338,ok,textual,1751,740,64,b5c63b93d9ba399549f743dcb3dc0294187b67e32b73b6d546baf525d737397e,,
caixa_conversao_v2.pdf,949468aff4d52dc73aa7f6142a010fcde58515fea95b0b6cae8a3843289cf5bd,2,339,ok,textual,1666,445,112,338033b46b7d3a443e5f6b2c6c5e8bcd535b1d3c9f69ece8cd0c0e2ded70fe98,,
caixa_conversao_v2.pdf,949468aff4d52dc73aa7f6142a010fcde58515fea95b0b6cae8a3843289cf5bd,2,340,ok,textual,1814,519,119,79e404193e7dc0f6db07970676f968b1a020b04d52638fc8dbd54b65c7925d1a,,
caixa_conversao_v2.pdf,949468aff4d52dc73aa7f6142a010fcde58515fea95b0b6cae8a3843289cf5bd,2,341,ok,textual,1702,475,115,a10560dd4ee42602e800714656d9a9f89e833f9230985b555a76e81d07789b12,,
caixa_conversao_v2.pdf,949468aff4d52dc73aa7f6142a010fcde58515fea95b0b6cae8a3843289cf5bd,2,342,ok,textual,1884,847,46,6caaea1176735a9ac23dffb76e69b4ac7138d0a50b15dc4e06878f29dbfd523e,,
caixa_conversao_v2.pdf,949468aff4d52dc73aa7f6142a010fcde58515fea95b0b6cae8a3843289cf5bd,2,343,ok,textual,2881,2232,47,4274418ea32de715fceda9630581127cdf37b3b46bad340cd72c350e9794c2fd,,
caixa_conversao_v2.pdf,949468aff4d52dc73aa7f6142a010fcde58515fea95b0b6cae8a3843289cf5bd,2,344,ok,textual,2824,2189,46,e9ad48b63c32b53f936307bd84b0211524e37830e614e0d4dd595313b23c3f3a,,
caixa_conversao_v2.pdf,949468aff4d52dc73aa7f6142a010fcde58515fea95b0b6cae8a3843289cf5bd,2,345,ok,textual,2930,2320,46,a2da3a7b5a24b7bae2029a1a2805ea8ed63dfd05e770c64311a8357564ad055b,,
caixa_conversao_v2.pdf,949468aff4d52dc73aa7f6142a010fcde58515fea95b0b6cae8a3843289cf5bd,2,346,ok,textual,2789,2152,47,89fc8d23270c604357fb8318f367d010f757a1149f1a440d163f4827b8d9be94,,
caixa_conversao_v2.pdf,949468aff4d52dc73aa7f6142a010fcde58515fea95b0b6cae8a3843289cf5bd,2,347,ok,textual,2879,2186,47,43ce99a741783620a03cf65b3de82b0470ce7e68192f2326dde8086683b92f5f,,
caixa_conversao_v2.pdf,949468aff4d52dc73aa7f6142a010fcde58515fea95b0b6cae8a3843289cf5bd,2,348,ok,textual,2942,2278,48,987212db35d82cee2fb5fe54d9b46da0aa54c46e285899f3b5c4ab30372e7c09,,
caixa_conversao_v2.pdf,949468aff4d52dc73aa7f6142a010fcde58515fea95b0b6cae8a3843289cf5bd,2,349,ok,textual,2901,2265,48,8b4cac6b20b3a8c9123b6351487b0305c90df229c9fc1c51fa23eb313d6efc02,,
caixa_conversao_v2.pdf,949468aff4d52dc73aa7f6142a010fcde58515fea95b0b6cae8a3843289cf5bd,2,350,ok,textual,2867,2275,48,7ec7798eab7636c91883d723415858ba20205a9aa0053705769cb54512dde6ad,,
caixa_conversao_v2.pdf,949468aff4d52dc73aa7f6142a010fcde58515fea95b0b6cae8a3843289cf5bd,2,351,ok,textual,2663,2010,49,595901209116a2ce3238f8c99bcadcd87b841c3743f586c544922bc3592b61dc,,
caixa_conversao_v2.pdf,949468aff4d52dc73aa7f6142a010fcde58515fea95b0b6cae8a3843289cf5bd,2,352,ok,textual,2581,1836,43,f81a5f0a02abbf47e2df9498e49f14a68b0c89c576feddfe778e271d844b0f6b,,
caixa_conversao_v2.pdf,949468aff4d52dc73aa7f6142a010fcde58515fea95b0b6cae8a3843289cf5bd,2,353,ok,textual,2544,1927,46,5b486a36ff98fbadc8a8890d6557f27db22ab4067988dbef2d766cd1586a8822,,
caixa_conversao_v2.pdf,949468aff4d52dc73aa7f6142a010fcde58515fea95b0b6cae8a3843289cf5bd,2,354,ok,textual,1898,1462,33,d97f5b8c0fddf5400e28db31792e21631daaa2f8f6d8b50bf57b857a35f98050,,
caixa_conversao_v2.pdf,949468aff4d52dc73aa7f6142a010fcde58515fea95b0b6cae8a3843289cf5bd,2,355,ok,textual,1120,744,33,5df3a04f40c84e6f6616a61abf3d7e30538c9563a355992875b9281cfe4e26f4,,
caixa_conversao_v2.pdf,949468aff4d52dc73aa7f6142a010fcde58515fea95b0b6cae8a3843289cf5bd,2,356,ok,textual,2376,1806,46,1c175f76500c69fb03f049ec57412263dd8b67d4907e93fe8715b020312374bb,,
caixa_conversao_v2.pdf,949468aff4d52dc73aa7f6142a010fcde58515fea95b0b6cae8a3843289cf5bd,2,357,ok,textual,2425,1915,44,311ab2aee5a488fd1a558235736150a67a1ab2512866b499d5e95ca7a496898b,,
caixa_conversao_v2.pdf,949468aff4d52dc73aa7f6142a010fcde58515fea95b0b6cae8a3843289cf5bd,2,358,ok,textual,2434,1875,47,2cd5667795452311f0a48713fed1a17d4796baa97a0062cbaa3840866d59aa0f,,
caixa_conversao_v2.pdf,949468aff4d52dc73aa7f6142a010fcde58515fea95b0b6cae8a3843289cf5bd,2,359,ok,textual,2800,2140,50,01cc1210de6f64857582c27bba47fa9160744531275b74af37cde2c97a74fee9,,
caixa_conversao_v2.pdf,949468aff4d52dc73aa7f6142a010fcde58515fea95b0b6cae8a3843289cf5bd,2,360,ok,textual,2482,1912,45,9cec6eed0d756b1d4e5146b1c11fd8181150fde9e0472b4d61e9ac588655f6d4,,
caixa_conversao_v2.pdf,949468aff4d52dc73aa7f6142a010fcde58515fea95b0b6cae8a3843289cf5bd,2,361,ok,textual,2819,2196,48,d171ed6665a46f7d0a7a636bbdbd3b8b249f21626285b2ef26f3d39fc7f3a018,,
caixa_conversao_v2.pdf,949468aff4d52dc73aa7f6142a010fcde58515fea95b0b6cae8a3843289cf5bd,2,362,ok,textual,2663,2080,46,2033011639a22fe6ebe341b4264eeab136bef2c72691a6f9b3ca935acd49b95b,,
caixa_conversao_v2.pdf,949468aff4d52dc73aa7f6142a010fcde58515fea95b0b6cae8a3843289cf5bd,2,363,ok,textual,2820,2181,47,f6e61cafcb3ee76b7ccdfd459afd1b7985a9c8360b0aef4c4a1db9b93f7fd95d,,
caixa_conversao_v2.pdf,949468aff4d52dc73aa7f6142a010fcde58515fea95b0b6cae8a3843289cf5bd,2,364,ok,textual,2745,2128,48,bb38001d44188674c1b8b2763cddb0318a63a44878efc2d2e3bdb42959584d84,,
caixa_conversao_v2.pdf,949468aff4d52dc73aa7f6142a010fcde58515fea95b0b6cae8a3843289cf5bd,2,365,ok,textual,2829,2165,47,09bcebbed6587d14285166dd40940c494b99c435da64dc7d3c564e7865de1ed0,,
caixa_conversao_v2.pdf,949468aff4d52dc73aa7f6142a010fcde58515fea95b0b6cae8a3843289cf5bd,2,366,ok,textual,2706,2104,46,3d7df6215ae3a777426ca43af06c163cb20370368fde395d2d35b5229474be48,,
caixa_conversao_v2.pdf,949468aff4d52dc73aa7f6142a010fcde58515fea95b0b6cae8a3843289cf5bd,2,367,ok,textual,2508,1936,46,8bbc67eefd66029fdf69e69cf17eff11f036cbce15296ce5e00dc28c94b829d9,,
caixa_conversao_v2.pdf,949468aff4d52dc73aa7f6142a010fcde58515fea95b0b6cae8a3843289cf5bd,2,368,ok,textual,2706,2081,47,8071cf8f75a8ade2c2e2020070bf8ac90a69972128abe8c63591244a98c45da9,,
caixa_conversao_v2.pdf,949468aff4d52dc73aa7f6142a010fcde58515fea95b0b6cae8a3843289cf5bd,2,369,ok,textual,2686,2065,45,1c17187621336b3268a93af5bf45c551c16ced4c35d829b8e907c8195ea1bbd4,,
caixa_conversao_v2.pdf,949468aff4d52dc73aa7f6142a010fcde58515fea95b0b6cae8a3843289cf5bd,2,370,ok,textual,2693,2089,47,26d485e5827a34566d0de9d478654480f132ee82a09b10df45beba1b4398aa2c,,
caixa_conversao_v2.pdf,949468aff4d52dc73aa7f6142a010fcde58515fea95b0b6cae8a3843289cf5bd,2,371,ok,textual,2467,1889,45,188e6e2cd8e11981434bb3964691722d8728679dcf269d28a719093c2de945c8,,
caixa_conversao_v2.pdf,949468aff4d52dc73aa7f6142a010fcde58515fea95b0b6cae8a3843289cf5bd,2,372,ok,textual,2823,2129,46,1820059bc8ebecca9e033ef5f09bf7242d5a08308c7d76173e5c068206b2753e,,
caixa_conversao_v2.pdf,949468aff4d52dc73aa7f6142a010fcde58515fea95b0b6cae8a3843289cf5bd,2,373,ok,textual,2674,2062,46,789b4a54890727f1d3dc2b89415a8c38b37608a28ecdbd654cbc6b47bd6d7709,,
caixa_conversao_v2.pdf,949468aff4d52dc73aa7f6142a010fcde58515fea95b0b6cae8a3843289cf5bd,2,374,ok,textual,2780,2182,47,633093f7544fc6b6e0fa63af09b6d8458d8c4d3cec6fc8c40356d3e070fcb38a,,
caixa_conversao_v2.pdf,949468aff4d52dc73aa7f6142a010fcde58515fea95b0b6cae8a3843289cf5bd,2,375,ok,textual,2845,2231,49,fd4a9e125923895de38cf50e6960d26ac0b84dc816df7aa226905fbc53e6dc72,,
caixa_conversao_v2.pdf,949468aff4d52dc73aa7f6142a010fcde58515fea95b0b6cae8a3843289cf5bd,2,376,ok,textual,2319,1788,41,646da631bf63ecae67d8776f84e88417dad4dce7278384062d15e7f1f140fff7,,
caixa_conversao_v2.pdf,949468aff4d52dc73aa7f6142a010fcde58515fea95b0b6cae8a3843289cf5bd,2,377,ok,textual,2683,2067,45,7c5b770a80b2ae395a8f081cd758a912c4f9489f8b6e62f76c2d35df749f7edf,,
caixa_conversao_v2.pdf,949468aff4d52dc73aa7f6142a010fcde58515fea95b0b6cae8a3843289cf5bd,2,378,ok,textual,2496,1878,47,db3a63718d823cbc248979cc3125cd17ecb2e10e9dff290230d0fe054a72346a,,
caixa_conversao_v2.pdf,949468aff4d52dc73aa7f6142a010fcde58515fea95b0b6cae8a3843289cf5bd,2,379,ok,textual,2467,1877,43,972980da8e6118234e1f8e0ddc943f9243d96ab4cdb53437a9ecd90e3f7600fa,,
caixa_conversao_v2.pdf,949468aff4d52dc73aa7f6142a010fcde58515fea95b0b6cae8a3843289cf5bd,2,380,ok,textual,2412,1792,45,5b9673cb1b4674e39f4223b63c0f31194246e93019a212659fedb7bba18e7aa8,,
caixa_conversao_v2.pdf,949468aff4d52dc73aa7f6142a010fcde58515fea95b0b6cae8a3843289cf5bd,2,381,ok,textual,2587,1953,46,265529dfb281c1eb34ddc26167adf32dc0bf299ca107a4e9a6c879dc3d470045,,
caixa_conversao_v2.pdf,949468aff4d52dc73aa7f6142a010fcde58515fea95b0b6cae8a3843289cf5bd,2,382,ok,textual,2088,1536,41,7ffb19199d4cf0f3a4bd4b4ec51eeb2299b0d8f63479e2d40ddd5a6a061cd0ae,,
caixa_conversao_v2.pdf,949468aff4d52dc73aa7f6142a010fcde58515fea95b0b6cae8a3843289cf5bd,2,383,ok,textual,2269,1724,43,09cd350d9fdbb343588abd2402edf2afcb668dceb6794a7bac143e3bced076c9,,
caixa_conversao_v2.pdf,949468aff4d52dc73aa7f6142a010fcde58515fea95b0b6cae8a3843289cf5bd,2,384,ok,textual,2984,2340,48,2f677e6aee4da4d42b17c5fe5a7d2778d26c0a4941fc13d698a12de91ecb0877,,
caixa_conversao_v2.pdf,949468aff4d52dc73aa7f6142a010fcde58515fea95b0b6cae8a3843289cf5bd,2,385,ok,textual,2693,2103,47,98d2c44c3acb177e376c7c26ec9ca779dbde8ea8e254a08ba07f2ca269410c06,,
caixa_conversao_v2.pdf,949468aff4d52dc73aa7f6142a010fcde58515fea95b0b6cae8a3843289cf5bd,2,386,ok,textual,2100,1565,40,5000bf3f4d5fa8561a9d45cdcc85f66f6a96160c69b0c84dac98fb96917882ca,,
caixa_conversao_v2.pdf,949468aff4d52dc73aa7f6142a010fcde58515fea95b0b6cae8a3843289cf5bd,2,387,ok,textual,2705,2053,45,fe74640818046ab9a39e9c9deadf0413f60f994e20b100a820e79411e9b31dc8,,
caixa_conversao_v2.pdf,949468aff4d52dc73aa7f6142a010fcde58515fea95b0b6cae8a3843289cf5bd,2,388,ok,textual,2287,1704,40,c5bb6dff619e0674880b12b0d62b3a3c117d4285d07fd6f060f2f2cb616eb9fe,,
caixa_conversao_v2.pdf,949468aff4d52dc73aa7f6142a010fcde58515fea95b0b6cae8a3843289cf5bd,2,389,ok,textual,2070,1581,40,1d91e3c0680b6d0fbbd27a285f64eba507471e8d68e71e6e107406cd8f660b94,,
caixa_conversao_v2.pdf,949468aff4d52dc73aa7f6142a010fcde58515fea95b0b6cae8a3843289cf5bd,2,390,ok,textual,2171,1583,38,b8a6450f82fd2a650f4125a91c78a595ea6e22b7b5b5b5bea9016705928f3e44,,
caixa_conversao_v2.pdf,949468aff4d52dc73aa7f6142a010fcde58515fea95b0b6cae8a3843289cf5bd,2,391,ok,textual,52,30,4,d22238f9af4c5fa90ee8ca32eac17d43d7c720ce05f5238fc95f511223d9e7a1,,
caixa_conversao_v2.pdf,949468aff4d52dc73aa7f6142a010fcde58515fea95b0b6cae8a3843289cf5bd,2,392,empty,empty,0,0,0,e3b0c44298fc1c149afbf4c8996fb92427ae41e4649b934ca495991b7852b855,,
caixa_conversao_v2.pdf,949468aff4d52dc73aa7f6142a010fcde58515fea95b0b6cae8a3843289cf5bd,2,393,ok,textual,651,477,13,072c6b097423452033e91362c99e0e698ed638c89dd0c50cc5ae67cb23ad77b7,,
caixa_conversao_v2.pdf,949468aff4d52dc73aa7f6142a010fcde58515fea95b0b6cae8a3843289cf5bd,2,394,empty,empty,0,0,0,e3b0c44298fc1c149afbf4c8996fb92427ae41e4649b934ca495991b7852b855,,
caixa_conversao_v2.pdf,949468aff4d52dc73aa7f6142a010fcde58515fea95b0b6cae8a3843289cf5bd,2,395,ok,textual,2078,1632,40,2373f7a15320b32dda91dceda4731a933cd843b5076cffebebbc8d64cca9296a,,
caixa_conversao_v2.pdf,949468aff4d52dc73aa7f6142a010fcde58515fea95b0b6cae8a3843289cf5bd,2,396,ok,textual,2731,2106,46,583ef99a9c29e5ea5b145338017643fbae299626bd3e361ca94ad7b55d1ea9fb,,
caixa_conversao_v2.pdf,949468aff4d52dc73aa7f6142a010fcde58515fea95b0b6cae8a3843289cf5bd,2,397,ok,textual,3018,2391,49,bc2957b59dc2a5d9dc26e5fa57d4c26e553aba231dc98a1db739c7be7066abae,,
caixa_conversao_v2.pdf,949468aff4d52dc73aa7f6142a010fcde58515fea95b0b6cae8a3843289cf5bd,2,398,ok,textual,2629,2051,49,79e5cda5a7942c72d7cf5118f183c24da01ec456e53133fc4d212290fc22d18a,,
caixa_conversao_v2.pdf,949468aff4d52dc73aa7f6142a010fcde58515fea95b0b6cae8a3843289cf5bd,2,399,ok,textual,2921,2324,48,3909b90af6cfd86f78c6382575789c7d1331c203a86abdeec1c97c4931185daa,,
caixa_conversao_v2.pdf,949468aff4d52dc73aa7f6142a010fcde58515fea95b0b6cae8a3843289cf5bd,2,400,ok,textual,2167,1680,34,0bb02995bbafde39f0cb2877d9e97b8859b1996e71993f2c8cd015b4891992cf,,
caixa_conversao_v2.pdf,949468aff4d52dc73aa7f6142a010fcde58515fea95b0b6cae8a3843289cf5bd,2,401,ok,textual,2586,2015,42,d382b5b623b175c36a41b6a73772ec0df0d202e6ff6d741345b0d3d823c6dae6,,
caixa_conversao_v2.pdf,949468aff4d52dc73aa7f6142a010fcde58515fea95b0b6cae8a3843289cf5bd,2,402,ok,textual,2953,2309,49,02641c21418fdefec51baa8b75a271e85c54161f1e6c4fc28ec2c9d2c4778359,,
caixa_conversao_v2.pdf,949468aff4d52dc73aa7f6142a010fcde58515fea95b0b6cae8a3843289cf5bd,2,403,ok,textual,3012,2328,49,34c5cf66f4ba476d0786b1d6cb83e3b1bfc92fe39fcfe5b7a3da1cb7fa54216b,,
caixa_conversao_v2.pdf,949468aff4d52dc73aa7f6142a010fcde58515fea95b0b6cae8a3843289cf5bd,2,404,ok,textual,2952,2350,48,9fa17a7790ad89a92d87971daaa011cd2efef840059e9ff056d99f1a9a45957e,,
caixa_conversao_v2.pdf,949468aff4d52dc73aa7f6142a010fcde58515fea95b0b6cae8a3843289cf5bd,2,405,ok,textual,2858,2227,48,b3b7ae0575ec0ca06ee457e2c31b7b9f6756f3d8d3924057ca58bceb25f0cb78,,
caixa_conversao_v2.pdf,949468aff4d52dc73aa7f6142a010fcde58515fea95b0b6cae8a3843289cf5bd,2,406,ok,textual,2978,2360,50,1374066419add6119b03f42411f6b4a6d4bda71b149ae5c62690af957fffae58,,
caixa_conversao_v2.pdf,949468aff4d52dc73aa7f6142a010fcde58515fea95b0b6cae8a3843289cf5bd,2,407,ok,textual,2410,1852,46,6e01883c62dfa085842f574beded7e4e2f60a3913744a14d2e8440e2352ac1f4,,
caixa_conversao_v2.pdf,949468aff4d52dc73aa7f6142a010fcde58515fea95b0b6cae8a3843289cf5bd,2,408,ok,textual,2907,2294,48,b8a870ec6d23d073ab39ec38800c9b8886428254cff30a74969a4c16c06981a4,,
caixa_conversao_v2.pdf,949468aff4d52dc73aa7f6142a010fcde58515fea95b0b6cae8a3843289cf5bd,2,409,ok,textual,2873,2200,48,84164e9b3ffd271fae5d52c67131b6d46044d21c9f2aad100c84d9f57ada0313,,
caixa_conversao_v2.pdf,949468aff4d52dc73aa7f6142a010fcde58515fea95b0b6cae8a3843289cf5bd,2,410,ok,textual,2610,1971,49,7f91c3476feac652081b460f62a9df2784e7914a7cfda83a171b4257929b065e,,
caixa_conversao_v2.pdf,949468aff4d52dc73aa7f6142a010fcde58515fea95b0b6cae8a3843289cf5bd,2,411,ok,textual,2580,1920,45,46ac5ce50a3dd80f5ecfa554e112169acb8aa879c3f224fa9cbeaad85591a1d4,,
caixa_conversao_v2.pdf,949468aff4d52dc73aa7f6142a010fcde58515fea95b0b6cae8a3843289cf5bd,2,412,ok,textual,2898,2219,47,203ede66fa5b8919becef921c72648fabddb3d7379c34a8c9f43b2cfe6ddd6bf,,
caixa_conversao_v2.pdf,949468aff4d52dc73aa7f6142a010fcde58515fea95b0b6cae8a3843289cf5bd,2,413,ok,textual,2276,1720,45,5570dbc2aa85b8f75b9acda69cf8d3678fdd8e238ce6c992269edf245eecd619,,
caixa_conversao_v2.pdf,949468aff4d52dc73aa7f6142a010fcde58515fea95b0b6cae8a3843289cf5bd,2,414,ok,textual,2543,1949,46,fb0bc671371562b90f0dc4d426c4f4108e7ab0f2a70f96c99327243410b0fb05,,
caixa_conversao_v2.pdf,949468aff4d52dc73aa7f6142a010fcde58515fea95b0b6cae8a3843289cf5bd,2,415,ok,textual,2701,2087,47,763a79133a1c9c5ca00d89a824988594d4804650dbdd37b47ebbf6254c8b8b19,,
caixa_conversao_v2.pdf,949468aff4d52dc73aa7f6142a010fcde58515fea95b0b6cae8a3843289cf5bd,2,416,ok,textual,2967,2354,47,8d30b9a2c1de177730e809573dd0e7bd9631b80a59a30ce86d0e47ed353dbe99,,
caixa_conversao_v2.pdf,949468aff4d52dc73aa7f6142a010fcde58515fea95b0b6cae8a3843289cf5bd,2,417,ok,textual,3113,2471,48,bc63fdd817398bbb05288326f8fd3effe2552e90891a6840d532eb115eab0541,,
caixa_conversao_v2.pdf,949468aff4d52dc73aa7f6142a010fcde58515fea95b0b6cae8a3843289cf5bd,2,418,ok,textual,3042,2430,48,965ea089bd0dd62b0bb804c80673c2499c835b22c12ab3cde6130204e212b305,,
caixa_conversao_v2.pdf,949468aff4d52dc73aa7f6142a010fcde58515fea95b0b6cae8a3843289cf5bd,2,419,ok,textual,3068,2425,47,bdd0717b8d89dde3ec227aeb26bc92a9112f1312c138b39bad7e50cf6e14c506,,
caixa_conversao_v2.pdf,949468aff4d52dc73aa7f6142a010fcde58515fea95b0b6cae8a3843289cf5bd,2,420,ok,textual,2720,2094,45,3f4b0e258a4a60d9719012103c4bb420988562fd691bf8b546989409d5b1224b,,
caixa_conversao_v2.pdf,949468aff4d52dc73aa7f6142a010fcde58515fea95b0b6cae8a3843289cf5bd,2,421,ok,textual,2945,2348,46,0efba6ddc6174e62487c825f9a91621916ae7b512f8295a30881376a26dacbbf,,
caixa_conversao_v2.pdf,949468aff4d52dc73aa7f6142a010fcde58515fea95b0b6cae8a3843289cf5bd,2,422,ok,textual,1201,729,20,e6342a233405dfef96ce101d961797c2e77802d1dd000eae6abbf83da419a7bd,,
caixa_conversao_v2.pdf,949468aff4d52dc73aa7f6142a010fcde58515fea95b0b6cae8a3843289cf5bd,2,423,ok,textual,2340,1105,122,cdd5bc2043b18abf99eb7b5bd62a8ee70b431184f5896db3af886ccb9df9df3a,,
caixa_conversao_v2.pdf,949468aff4d52dc73aa7f6142a010fcde58515fea95b0b6cae8a3843289cf5bd,2,424,ok,textual,3163,2435,51,10fa9f18c49b9d49e7377daec94416169e22ba287ef1cb3f89f3a25925e12e17,,
caixa_conversao_v2.pdf,949468aff4d52dc73aa7f6142a010fcde58515fea95b0b6cae8a3843289cf5bd,2,425,ok,textual,3232,2449,48,ec449df9092c63f78d790496228103283ae939d95e1790d98caf1b787f5e8174,,
caixa_conversao_v2.pdf,949468aff4d52dc73aa7f6142a010fcde58515fea95b0b6cae8a3843289cf5bd,2,426,ok,textual,2783,2202,46,39ae5cb6bdc1e2d19442f75ab7893c16ee8bfb4c5c8dc3b6d3864ec0bd957c6b,,
caixa_conversao_v2.pdf,949468aff4d52dc73aa7f6142a010fcde58515fea95b0b6cae8a3843289cf5bd,2,427,ok,textual,2829,2168,47,6ee7e51395bf0bd4790330413e44a7795b23a163ffc133539d6f8f6c559f9025,,
caixa_conversao_v2.pdf,949468aff4d52dc73aa7f6142a010fcde58515fea95b0b6cae8a3843289cf5bd,2,428,ok,textual,2816,2058,48,756d08d884a843aca7bec944dbb7e4549bb7810637f6a311a74cc1bb161fe850,,
caixa_conversao_v2.pdf,949468aff4d52dc73aa7f6142a010fcde58515fea95b0b6cae8a3843289cf5bd,2,429,ok,textual,2863,2129,47,f9c93c72714d27faff3ef80642f2b622fdd05a4fb9dc6540bfc92768743529bf,,
caixa_conversao_v2.pdf,949468aff4d52dc73aa7f6142a010fcde58515fea95b0b6cae8a3843289cf5bd,2,430,ok,textual,2815,2213,46,601381b32686786575231296fe189b19e3c538fb5d6f51db3a032afefe35ecce,,
caixa_conversao_v2.pdf,949468aff4d52dc73aa7f6142a010fcde58515fea95b0b6cae8a3843289cf5bd,2,431,ok,textual,3156,2507,49,0b67b7ed7b96d6059bc5bba10f90d4728b5f0698edb9b4bc11076025611055a7,,
caixa_conversao_v2.pdf,949468aff4d52dc73aa7f6142a010fcde58515fea95b0b6cae8a3843289cf5bd,2,432,ok,textual,3245,2486,47,8f0a9c30c57e88780dcb186a6270ab71cb99134427ab36a0fbd980847af10744,,
caixa_conversao_v2.pdf,949468aff4d52dc73aa7f6142a010fcde58515fea95b0b6cae8a3843289cf5bd,2,433,ok,textual,3227,2556,48,9dbf8b32a4707bd61979575e6e2452b95820c38e3951d4a074bd7c9e8457f138,,
caixa_conversao_v2.pdf,949468aff4d52dc73aa7f6142a010fcde58515fea95b0b6cae8a3843289cf5bd,2,434,ok,textual,2977,2130,50,2762a73c0542dc81a84cd5cf6de7c9e941e7c118d17dad390b81fa03442ca931,,
caixa_conversao_v2.pdf,949468aff4d52dc73aa7f6142a010fcde58515fea95b0b6cae8a3843289cf5bd,2,435,ok,textual,2498,1813,55,3086d8ed61ce6bc0b34de6f60907bbdb2fa906f8cf81c660c2774e161459193c,,
caixa_conversao_v2.pdf,949468aff4d52dc73aa7f6142a010fcde58515fea95b0b6cae8a3843289cf5bd,2,436,ok,textual,3074,2351,48,7ba7faee7d0d99e546e22926fba021977b27cc9f7cd466ae37c06bde4f22e800,,
caixa_conversao_v2.pdf,949468aff4d52dc73aa7f6142a010fcde58515fea95b0b6cae8a3843289cf5bd,2,437,ok,textual,2901,2182,46,bf8d06dba259db80f18c666a022d0358cfa2285a85af860f537aeefeb3da4000,,
caixa_conversao_v2.pdf,949468aff4d52dc73aa7f6142a010fcde58515fea95b0b6cae8a3843289cf5bd,2,438,ok,textual,2592,1928,49,22a02167543f975095c5c1e81d1fa8fabd786fcb34a29f44f02838daf276fd70,,
caixa_conversao_v2.pdf,949468aff4d52dc73aa7f6142a010fcde58515fea95b0b6cae8a3843289cf5bd,2,439,ok,textual,3158,2486,49,3097c6dfd352663d5bee7ff254001b3739cea09297a981567bb9e9180f5e506f,,
caixa_conversao_v2.pdf,949468aff4d52dc73aa7f6142a010fcde58515fea95b0b6cae8a3843289cf5bd,2,440,ok,textual,2973,2338,46,dca77dd7119ea4c00a9ae531f6489c5f74a8f47d492de14b8d271425f4c98f52,,
caixa_conversao_v2.pdf,949468aff4d52dc73aa7f6142a010fcde58515fea95b0b6cae8a3843289cf5bd,2,441,ok,textual,2785,2219,45,b34fb80e6834cf123abf17e820e0ae7fd1cd13128dfac7f0cc06cac7c60b736d,,
caixa_conversao_v2.pdf,949468aff4d52dc73aa7f6142a010fcde58515fea95b0b6cae8a3843289cf5bd,2,442,ok,textual,2191,1673,40,2c9fdc2bc9111705366b6a4f88eba91ea004a79342dbbfae4a4555e7c4844028,,
caixa_conversao_v2.pdf,949468aff4d52dc73aa7f6142a010fcde58515fea95b0b6cae8a3843289cf5bd,2,443,ok,textual,2880,2236,49,c555958a05594ad4da9b62a7d4dabcf00c0aebff4afe072c495d022cc187d456,,
caixa_conversao_v2.pdf,949468aff4d52dc73aa7f6142a010fcde58515fea95b0b6cae8a3843289cf5bd,2,444,ok,textual,3042,2387,48,dc0ff58541334af43d615df20acab6d0a59bc92363672b7337b6c1489ecff333,,
caixa_conversao_v2.pdf,949468aff4d52dc73aa7f6142a010fcde58515fea95b0b6cae8a3843289cf5bd,2,445,ok,textual,2842,2159,48,d4c40eae8539f222f81bfc1c8191f0fb545a7066006a40dddb1c83507972d87d,,
caixa_conversao_v2.pdf,949468aff4d52dc73aa7f6142a010fcde58515fea95b0b6cae8a3843289cf5bd,2,446,ok,textual,1292,991,25,7285641bd68c879ad835363d3a1319b13b1856ac352767b1a23457f26b604f06,,
caixa_conversao_v2.pdf,949468aff4d52dc73aa7f6142a010fcde58515fea95b0b6cae8a3843289cf5bd,2,447,ok,textual,1516,884,83,9ea556a2dcdda42a0d84465763ca6c896555cacabc394cd33f5a23c82486e742,,
caixa_conversao_v2.pdf,949468aff4d52dc73aa7f6142a010fcde58515fea95b0b6cae8a3843289cf5bd,2,448,ok,textual,545,332,31,07a918f89e36f3b0df16a88a5e8c020ba930e9dccde41c756574a81b3f670265,,
caixa_conversao_v2.pdf,949468aff4d52dc73aa7f6142a010fcde58515fea95b0b6cae8a3843289cf5bd,2,449,ok,sparse,33,1,7,69689f64f45528305e6a7acbb8ce4bd9bb938bb5ddea5329c20371a799e4f218,,
caixa_conversao_v2.pdf,949468aff4d52dc73aa7f6142a010fcde58515fea95b0b6cae8a3843289cf5bd,2,450,ok,sparse,9,1,3,1720cd1e0d8affce582ed09287a56d7c47851f16f1c11fbdc28e99167dbb0e1c,,
caixa_conversao_v2.pdf,949468aff4d52dc73aa7f6142a010fcde58515fea95b0b6cae8a3843289cf5bd,2,451,ok,sparse,6,1,3,ac764e0217dcf199935206d4ba35d48bae776abd0f015450153501c5c006c508,,
caixa_conversao_v2.pdf,949468aff4d52dc73aa7f6142a010fcde58515fea95b0b6cae8a3843289cf5bd,2,452,empty,empty,0,0,0,e3b0c44298fc1c149afbf4c8996fb92427ae41e4649b934ca495991b7852b855,,
caixa_conversao_v2.pdf,949468aff4d52dc73aa7f6142a010fcde58515fea95b0b6cae8a3843289cf5bd,2,453,ok,textual,223,27,27,c9bf74c2953074ba51f7fd3a7894d8ab463965c8677d1be70010c4f37c025b5e,,
caixa_conversao_v2.pdf,949468aff4d52dc73aa7f6142a010fcde58515fea95b0b6cae8a3843289cf5bd,2,454,empty,empty,0,0,0,e3b0c44298fc1c149afbf4c8996fb92427ae41e4649b934ca495991b7852b855,,
